timestamp,open,high,low,close,volume
2025-11-19 09:30:00-05:00,230.26,230.295,227.86,228.74,1031606
2025-11-19 09:35:00-05:00,228.6266,230.29,227.96,229.1,666359
2025-11-19 09:40:00-05:00,229.0556,229.93,228.11,228.29,694636
2025-11-19 09:45:00-05:00,228.3602,229.6697,227.53,229.43,587502
2025-11-19 09:50:00-05:00,229.42,230.94,228.52,230.73,782044
2025-11-19 09:55:00-05:00,230.72,231.5999,230.01,231.36,718560
2025-11-19 10:00:00-05:00,231.365,232.28,230.95,231.64,710429
2025-11-19 10:05:00-05:00,231.64,232.34,231,232.25,586955
2025-11-19 10:10:00-05:00,232.25,233.5599,231.5501,233.455,789876
2025-11-19 10:15:00-05:00,233.5,234.8599,233.4787,234.015,860010
2025-11-19 10:20:00-05:00,234.01,234.89,233.35,234.06,723490
2025-11-19 10:25:00-05:00,234.06,235.2799,233.7577,234.58,559869
2025-11-19 10:30:00-05:00,234.71,235.21,234.13,234.43,491599
2025-11-19 10:35:00-05:00,234.48,234.9651,233.81,234.125,423448
2025-11-19 10:40:00-05:00,234.145,234.8,233.51,234.29,451989
2025-11-19 10:45:00-05:00,234.29,234.29,232.72,232.7918,447778
2025-11-19 10:50:00-05:00,232.79,232.79,231.26,231.65,607233
2025-11-19 10:55:00-05:00,231.63,231.7005,230.22,231.1299,488940
2025-11-19 11:00:00-05:00,230.99,231.62,230.14,230.7027,502198
2025-11-19 11:05:00-05:00,230.66,231.05,229.81,229.9969,494592
2025-11-19 11:10:00-05:00,229.94,229.955,229,229.23,443825
2025-11-19 11:15:00-05:00,229.23,229.88,228.55,228.95,419337
2025-11-19 11:20:00-05:00,228.95,229.6,227.59,227.6516,548214
2025-11-19 11:25:00-05:00,227.65,228.15,226.8901,228,586718
2025-11-19 11:30:00-05:00,228,228.43,227.03,227.14,487727
2025-11-19 11:35:00-05:00,227.15,227.15,226.21,226.56,580712
2025-11-19 11:40:00-05:00,226.5,227.35,226.15,226.679,512140
2025-11-19 11:45:00-05:00,226.61,227.6399,226.4,226.87,433436
2025-11-19 11:50:00-05:00,226.845,227.8699,226.65,227.231,413951
2025-11-19 11:55:00-05:00,227.33,227.709,226.7,227.6296,388987
2025-11-19 12:00:00-05:00,227.5,227.65,225,225.1,651626
2025-11-19 12:05:00-05:00,225.0716,226.29,224.75,225.58,572023
2025-11-19 12:10:00-05:00,225.63,225.6899,224.21,224.2733,586343
2025-11-19 12:15:00-05:00,224.285,224.58,223.5,223.75,847690
2025-11-19 12:20:00-05:00,223.8,224.7499,223.7,224.045,427403
2025-11-19 12:25:00-05:00,224.0898,224.45,223.25,224.01,464455
2025-11-19 12:30:00-05:00,223.95,224.02,221.94,222.2,667387
2025-11-19 12:35:00-05:00,222.17,222.61,221.72,222.0408,615677
2025-11-19 12:40:00-05:00,222.02,223.7,221.88,222.88,709015
2025-11-19 12:45:00-05:00,222.84,223.0799,221.79,222.1923,530854
2025-11-19 12:50:00-05:00,222.06,223.25,222.03,222.86,410367
2025-11-19 12:55:00-05:00,222.87,223.49,222.77,222.8,386938
2025-11-19 13:00:00-05:00,222.8,223.0599,222.34,222.46,475936
2025-11-19 13:05:00-05:00,222.4855,222.64,220.91,222.4368,792719
2025-11-19 13:10:00-05:00,222.48,222.64,221.66,222.0425,565639
2025-11-19 13:15:00-05:00,222.07,222.22,221.15,221.6387,393484
2025-11-19 13:20:00-05:00,221.61,222.56,221.61,222.1999,413789
2025-11-19 13:25:00-05:00,222.2,222.45,220.5,220.86,542208
2025-11-19 13:30:00-05:00,220.81,221.38,220.62,221.35,398530
2025-11-19 13:35:00-05:00,221.31,222.7,221.18,222.4,566536
2025-11-19 13:40:00-05:00,222.4,222.54,221.3,221.79,510420
2025-11-19 13:45:00-05:00,221.77,222.4499,221.41,221.62,422518
2025-11-19 13:50:00-05:00,221.69,222.47,221.66,222.22,312965
2025-11-19 13:55:00-05:00,222.2251,222.5606,221.7101,221.91,400602
2025-11-19 14:00:00-05:00,221.96,222.23,220.54,221.15,509271
2025-11-19 14:05:00-05:00,221.21,221.21,220.02,220.6299,597693
2025-11-19 14:10:00-05:00,220.63,221.37,220.2901,221.194,396139
2025-11-19 14:15:00-05:00,221.16,221.82,220.7501,221.625,471173
2025-11-19 14:20:00-05:00,221.625,222,221.18,221.33,306771
2025-11-19 14:25:00-05:00,221.295,221.3,220.17,220.325,506384
2025-11-19 14:30:00-05:00,220.36,220.74,219.7101,219.98,963692
2025-11-19 14:35:00-05:00,219.98,220.4876,219.91,219.9127,624287
2025-11-19 14:40:00-05:00,219.9999,220.7,219.81,220.625,409592
2025-11-19 14:45:00-05:00,220.64,221.1959,220.5,221.075,339369
2025-11-19 14:50:00-05:00,221.04,222.25,220.98,221.935,485402
2025-11-19 14:55:00-05:00,221.9333,222.16,220.71,221.07,468853
2025-11-19 15:00:00-05:00,220.99,221.41,220.06,221.295,621816
2025-11-19 15:05:00-05:00,221.28,221.4,220.65,220.8205,387519
2025-11-19 15:10:00-05:00,220.825,222.01,220.78,221.87,432203
2025-11-19 15:15:00-05:00,221.9,222.77,221.63,222.6,572655
2025-11-19 15:20:00-05:00,222.59,222.92,221.79,222.055,483717
2025-11-19 15:25:00-05:00,222.03,223.74,221.8501,223.39,1218181
2025-11-19 15:30:00-05:00,223.37,223.68,222.78,223.14,712840
2025-11-19 15:35:00-05:00,223.17,224.07,223.02,223.6,594050
2025-11-19 15:40:00-05:00,223.64,223.7544,222.98,223.44,468686
2025-11-19 15:45:00-05:00,223.435,223.515,222.13,222.3802,571463
2025-11-19 15:50:00-05:00,222.36,223.7,222.15,223.4542,743495
2025-11-19 15:55:00-05:00,223.5,225.81,223.39,223.54,1933094
2025-11-20 09:30:00-05:00,232.7,234.25,230.685,231.9985,2254759
2025-11-20 09:35:00-05:00,231.955,232.65,230.51,231.8488,1117863
2025-11-20 09:40:00-05:00,231.9,232.13,229.88,230.325,1115555
2025-11-20 09:45:00-05:00,230.3,230.97,229.07,229.26,1168366
2025-11-20 09:50:00-05:00,229.32,230.3471,229.26,229.94,781834
2025-11-20 09:55:00-05:00,229.98,231.32,229.24,229.595,944860
2025-11-20 10:00:00-05:00,229.65,230.86,229.03,230.69,836871
2025-11-20 10:05:00-05:00,230.6095,230.7493,228.02,228.25,900356
2025-11-20 10:10:00-05:00,228.28,229.1775,227.92,228.515,653431
2025-11-20 10:15:00-05:00,228.49,229.49,227.62,228.79,627226
2025-11-20 10:20:00-05:00,228.8542,228.9999,227.53,228.47,532729
2025-11-20 10:25:00-05:00,228.4,228.55,227.6,228.18,493074
2025-11-20 10:30:00-05:00,228.27,229.09,228.27,228.715,450339
2025-11-20 10:35:00-05:00,228.75,229.8,228.75,229.28,540122
2025-11-20 10:40:00-05:00,229.2301,229.5,228.65,229.07,256352
2025-11-20 10:45:00-05:00,229.145,229.15,227.41,227.5,479548
2025-11-20 10:50:00-05:00,227.53,227.7,227.01,227.088,536969
2025-11-20 10:55:00-05:00,227.03,227.19,225.73,225.92,595607
2025-11-20 11:00:00-05:00,225.95,225.99,224.75,224.7626,674101
2025-11-20 11:05:00-05:00,224.8,225.35,224.28,224.6331,574932
2025-11-20 11:10:00-05:00,224.615,224.81,223.77,224.29,604337
2025-11-20 11:15:00-05:00,224.285,224.44,222.3,222.75,957570
2025-11-20 11:20:00-05:00,222.7029,223.81,221.82,221.961,910530
2025-11-20 11:25:00-05:00,222.06,223.6469,221.55,222.12,816347
2025-11-20 11:30:00-05:00,222.11,222.72,221.08,221.43,573312
2025-11-20 11:35:00-05:00,221.34,221.42,218.93,219.81,1043056
2025-11-20 11:40:00-05:00,219.81,219.81,218,218.25,1098289
2025-11-20 11:45:00-05:00,218.23,219.71,217.6001,219,809520
2025-11-20 11:50:00-05:00,219.045,219.65,216.34,216.58,737353
2025-11-20 11:55:00-05:00,216.66,216.87,214.02,214.8446,1392052
2025-11-20 12:00:00-05:00,214.82,216.95,214.42,215.8873,1195627
2025-11-20 12:05:00-05:00,215.935,216.2031,212.89,214.1841,1077987
2025-11-20 12:10:00-05:00,214.25,214.3,211.52,212.69,1139744
2025-11-20 12:15:00-05:00,212.6,212.68,210.93,211.1961,1026962
2025-11-20 12:20:00-05:00,211.16,212.94,209.38,211.695,1124856
2025-11-20 12:25:00-05:00,211.59,213.13,211,212.34,759448
2025-11-20 12:30:00-05:00,212.27,213.25,211.79,211.9579,651959
2025-11-20 12:35:00-05:00,212.01,212.36,209.92,212.29,951049
2025-11-20 12:40:00-05:00,212.28,212.84,211.24,211.4443,558591
2025-11-20 12:45:00-05:00,211.36,211.64,210.2375,210.8854,592730
2025-11-20 12:50:00-05:00,210.835,211.805,209.44,209.84,943540
2025-11-20 12:55:00-05:00,209.84,212.3166,209.75,211.4956,610422
2025-11-20 13:00:00-05:00,211.5,212.68,211.03,212.33,595503
2025-11-20 13:05:00-05:00,212.28,213.72,212.1,213.61,727405
2025-11-20 13:10:00-05:00,213.6699,214.62,213.05,214.58,1138484
2025-11-20 13:15:00-05:00,214.62,214.73,212.7201,213.4,736830
2025-11-20 13:20:00-05:00,213.4,214.0706,212.7,212.77,557106
2025-11-20 13:25:00-05:00,212.77,213.4799,212.58,213.02,385635
2025-11-20 13:30:00-05:00,212.955,213.32,211.5,212.41,491408
2025-11-20 13:35:00-05:00,212.39,212.52,210.04,210.33,537705
2025-11-20 13:40:00-05:00,210.29,210.67,209.92,210.065,535368
2025-11-20 13:45:00-05:00,210.05,210.4699,209.51,210.0383,432546
2025-11-20 13:50:00-05:00,210.01,210.07,208.68,209.03,612835
2025-11-20 13:55:00-05:00,209.02,210.46,208.8,210.06,547997
2025-11-20 14:00:00-05:00,210.055,210.7699,209.4,209.69,1001519
2025-11-20 14:05:00-05:00,209.65,210.2628,209.4,210.095,436077
2025-11-20 14:10:00-05:00,210.04,210.6536,208.92,209.8635,562566
2025-11-20 14:15:00-05:00,209.74,210.73,209.1101,210.0182,517473
2025-11-20 14:20:00-05:00,209.98,210.5736,209.44,209.56,326372
2025-11-20 14:25:00-05:00,209.6,211.4469,209.5,211.05,463770
2025-11-20 14:30:00-05:00,211,211.02,209.5696,209.93,362639
2025-11-20 14:35:00-05:00,209.97,210.565,209.72,209.85,279316
2025-11-20 14:40:00-05:00,209.865,210.9,209.5001,210.88,298689
2025-11-20 14:45:00-05:00,210.84,211.05,209.62,209.87,308557
2025-11-20 14:50:00-05:00,209.88,211,209.83,210.875,411046
2025-11-20 14:55:00-05:00,210.82,212.14,210.6101,212.065,507068
2025-11-20 15:00:00-05:00,212.02,212.12,209.99,210.24,541513
2025-11-20 15:05:00-05:00,210.19,211.1199,209.85,209.9026,400311
2025-11-20 15:10:00-05:00,209.96,210.14,209.06,209.47,569026
2025-11-20 15:15:00-05:00,209.395,210,209,209.727,446192
2025-11-20 15:20:00-05:00,209.69,210.46,209.06,209.14,412671
2025-11-20 15:25:00-05:00,209.14,209.88,208.88,209.735,424654
2025-11-20 15:30:00-05:00,209.78,210,208.74,208.745,490628
2025-11-20 15:35:00-05:00,208.76,209.16,207.16,207.315,846526
2025-11-20 15:40:00-05:00,207.315,207.86,206.44,206.85,795926
2025-11-20 15:45:00-05:00,206.79,207.226,205.93,206.0028,837815
2025-11-20 15:50:00-05:00,206.03,207.1,205.2,205.32,1054203
2025-11-20 15:55:00-05:00,205.29,206.45,204.53,206.06,2855299
2025-11-21 09:30:00-05:00,208.805,208.83,204.69,205.335,2243683
2025-11-21 09:35:00-05:00,205.41,206.1399,202.67,203.175,1370457
2025-11-21 09:40:00-05:00,203.12,205.2199,202.05,202.545,1652750
2025-11-21 09:45:00-05:00,202.62,203.13,200.19,201.8701,2023655
2025-11-21 09:50:00-05:00,201.87,204.53,201.79,204.255,1270797
2025-11-21 09:55:00-05:00,204.23,204.42,201.6203,202,1009473
2025-11-21 10:00:00-05:00,202.01,203.13,200.04,201.6,1254053
2025-11-21 10:05:00-05:00,201.605,203,200.69,201.63,1049252
2025-11-21 10:10:00-05:00,201.51,201.51,199.8,200.11,1435508
2025-11-21 10:15:00-05:00,200,200.68,198,200.135,1747230
2025-11-21 10:20:00-05:00,200.08,200.23,197.8,199.6101,1548339
2025-11-21 10:25:00-05:00,199.75,200.29,197.3,197.47,1276617
2025-11-21 10:30:00-05:00,197.42,198.79,196.9115,197.44,1116067
2025-11-21 10:35:00-05:00,197.45,197.4925,195.88,195.98,1153728
2025-11-21 10:40:00-05:00,195.98,198.41,195,197.835,1429409
2025-11-21 10:45:00-05:00,197.88,199.295,196.82,198.74,1256084
2025-11-21 10:50:00-05:00,198.69,199.2,196.14,197.985,1007886
2025-11-21 10:55:00-05:00,197.94,198.1,196.6,197.09,575753
2025-11-21 11:00:00-05:00,197.01,197.64,196.04,196.42,623978
2025-11-21 11:05:00-05:00,196.41,197.98,195.5,197.9659,824501
2025-11-21 11:10:00-05:00,197.98,199.72,197.82,199.1585,834744
2025-11-21 11:15:00-05:00,199.18,200.05,197.3001,197.4931,766221
2025-11-21 11:20:00-05:00,197.5,199.7633,197.35,199.71,727113
2025-11-21 11:25:00-05:00,199.68,200.28,199.3301,200.2143,706799
2025-11-21 11:30:00-05:00,200.23,201.52,200.1218,200.7442,1024071
2025-11-21 11:35:00-05:00,200.805,201.88,200.6521,201.1254,642499
2025-11-21 11:40:00-05:00,201.1,201.782,200.72,200.94,512208
2025-11-21 11:45:00-05:00,200.92,201.43,200.13,200.96,627081
2025-11-21 11:50:00-05:00,201.01,203.57,200.67,202.5282,1013914
2025-11-21 11:55:00-05:00,202.63,204.17,202.61,204.15,757453
2025-11-21 12:00:00-05:00,204.2,204.5,202.91,204.35,768686
2025-11-21 12:05:00-05:00,204.36,204.61,203.49,204.258,597732
2025-11-21 12:10:00-05:00,204.3,204.4274,203.24,203.53,508645
2025-11-21 12:15:00-05:00,203.52,203.76,202.54,202.61,516242
2025-11-21 12:20:00-05:00,202.6,204.3199,202.1,204.1364,527832
2025-11-21 12:25:00-05:00,204.16,204.78,203.4531,204.455,545875
2025-11-21 12:30:00-05:00,204.44,205.95,204.35,205.21,778118
2025-11-21 12:35:00-05:00,205.13,205.4299,204.1801,204.6001,420366
2025-11-21 12:40:00-05:00,204.6,204.8041,203.68,204.31,376943
2025-11-21 12:45:00-05:00,204.295,204.6618,203.55,204.11,325824
2025-11-21 12:50:00-05:00,204.1,204.17,202.55,203.5726,439175
2025-11-21 12:55:00-05:00,203.63,204.13,203.05,203.55,301350
2025-11-21 13:00:00-05:00,203.58,203.85,201.94,201.99,444047
2025-11-21 13:05:00-05:00,202.04,202.4068,201.33,201.78,530646
2025-11-21 13:10:00-05:00,201.9,202.1412,201.33,201.505,332220
2025-11-21 13:15:00-05:00,201.4619,201.8999,200.85,201.6698,374535
2025-11-21 13:20:00-05:00,201.645,202.63,201.26,201.4039,380680
2025-11-21 13:25:00-05:00,201.4463,202.22,201.02,201.5218,421165
2025-11-21 13:30:00-05:00,201.46,203.17,201.16,202.765,471564
2025-11-21 13:35:00-05:00,202.785,203.55,202.5,203.53,381691
2025-11-21 13:40:00-05:00,203.5,204.25,203.04,204.165,336502
2025-11-21 13:45:00-05:00,204.2,207.31,203.75,206.461,971001
2025-11-21 13:50:00-05:00,206.46,207.3,204.7,204.93,950609
2025-11-21 13:55:00-05:00,204.87,206.06,204.55,205.5,671879
2025-11-21 14:00:00-05:00,205.47,206.54,205.21,206.37,713166
2025-11-21 14:05:00-05:00,206.35,206.47,205.55,205.98,565819
2025-11-21 14:10:00-05:00,205.91,206.265,205.3,205.86,460575
2025-11-21 14:15:00-05:00,205.9,206.67,205.6,206.39,489171
2025-11-21 14:20:00-05:00,206.39,207.2599,206.07,207.025,607820
2025-11-21 14:25:00-05:00,207.07,207.41,206.7501,207.235,447507
2025-11-21 14:30:00-05:00,207.2691,207.55,205.85,205.943,660449
2025-11-21 14:35:00-05:00,206.07,207.55,206.0143,207.12,461009
2025-11-21 14:40:00-05:00,207.17,207.39,205.76,206.125,437909
2025-11-21 14:45:00-05:00,206.16,206.19,205.1687,205.54,663020
2025-11-21 14:50:00-05:00,205.58,206.269,204.77,205.41,412953
2025-11-21 14:55:00-05:00,205.45,205.9,205.03,205.7811,317588
2025-11-21 15:00:00-05:00,205.73,206.3,205.55,205.74,363741
2025-11-21 15:05:00-05:00,205.695,206.37,205.45,206.1141,358208
2025-11-21 15:10:00-05:00,206.2,206.4499,205.765,206.29,275806
2025-11-21 15:15:00-05:00,206.28,206.55,205.9,206.115,417827
2025-11-21 15:20:00-05:00,206.08,206.4,205.55,205.89,377899
2025-11-21 15:25:00-05:00,205.8101,206.275,205.085,205.085,460375
2025-11-21 15:30:00-05:00,205.06,205.25,204.31,205.135,628024
2025-11-21 15:35:00-05:00,205.14,206.22,205.01,205.145,573613
2025-11-21 15:40:00-05:00,205.145,205.2,204.44,204.59,460666
2025-11-21 15:45:00-05:00,204.5523,205.5,204.44,204.85,546994
2025-11-21 15:50:00-05:00,204.82,204.89,203.85,204.085,957764
2025-11-21 15:55:00-05:00,204.12,204.31,200,203.75,1954130
2025-11-24 09:30:00-05:00,207.16,210.1899,205.85,209.5639,1756452
2025-11-24 09:35:00-05:00,209.6,210.64,209.25,210.51,1160760
2025-11-24 09:40:00-05:00,210.52,212,209.51,209.91,1727745
2025-11-24 09:45:00-05:00,209.84,212.94,209.685,211.365,1200707
2025-11-24 09:50:00-05:00,211.28,211.85,210.25,210.7551,896930
2025-11-24 09:55:00-05:00,210.66,211.71,210.0212,211.7,601770
2025-11-24 10:00:00-05:00,211.73,212.93,211.54,212.73,800536
2025-11-24 10:05:00-05:00,212.73,213.68,211.59,211.895,944741
2025-11-24 10:10:00-05:00,211.85,212.58,211.06,211.86,724267
2025-11-24 10:15:00-05:00,211.84,212.49,211.17,211.38,424926
2025-11-24 10:20:00-05:00,211.39,212.58,210.97,211.31,514816
2025-11-24 10:25:00-05:00,211.24,212.0519,210.5,211.74,486129
2025-11-24 10:30:00-05:00,211.8,212.1899,211.01,211.7409,332614
2025-11-24 10:35:00-05:00,211.81,211.8599,210.61,211.42,498758
2025-11-24 10:40:00-05:00,211.43,212.19,211.1,211.65,405775
2025-11-24 10:45:00-05:00,211.64,212.4072,211.4,211.94,371305
2025-11-24 10:50:00-05:00,211.965,212.49,211.75,211.88,397997
2025-11-24 10:55:00-05:00,211.83,211.88,210.88,211.47,455399
2025-11-24 11:00:00-05:00,211.55,212.67,211.43,212.585,433747
2025-11-24 11:05:00-05:00,212.53,213.12,212.12,213.0715,399218
2025-11-24 11:10:00-05:00,213.06,213.3,212.57,213.15,387407
2025-11-24 11:15:00-05:00,213.1685,213.1855,212.63,212.745,353004
2025-11-24 11:20:00-05:00,212.78,213.315,212.41,213.275,327986
2025-11-24 11:25:00-05:00,213.275,214,213.0685,213.915,692476
2025-11-24 11:30:00-05:00,213.86,213.95,212.99,213.45,326600
2025-11-24 11:35:00-05:00,213.51,213.75,213.12,213.4539,295861
2025-11-24 11:40:00-05:00,213.48,214.26,213.36,214.08,346180
2025-11-24 11:45:00-05:00,214.0501,214.5,214.01,214.19,326750
2025-11-24 11:50:00-05:00,214.19,214.48,213.87,214.15,283505
2025-11-24 11:55:00-05:00,214.06,214.1,213.24,213.565,849619
2025-11-24 12:00:00-05:00,213.5,213.89,213.4101,213.645,211121
2025-11-24 12:05:00-05:00,213.65,214.04,213.37,213.579,300687
2025-11-24 12:10:00-05:00,213.52,213.9799,213.2955,213.94,181251
2025-11-24 12:15:00-05:00,213.91,214.65,213.7401,214.2701,283308
2025-11-24 12:20:00-05:00,214.27,214.7636,214.19,214.53,268404
2025-11-24 12:25:00-05:00,214.4889,214.65,214.21,214.55,179607
2025-11-24 12:30:00-05:00,214.5799,214.93,214.5201,214.58,256708
2025-11-24 12:35:00-05:00,214.67,215.2,214.38,215.18,350903
2025-11-24 12:40:00-05:00,215.15,215.5,215.075,215.39,330466
2025-11-24 12:45:00-05:00,215.3301,215.78,215.25,215.6399,459283
2025-11-24 12:50:00-05:00,215.57,215.8,215.22,215.32,234253
2025-11-24 12:55:00-05:00,215.23,215.39,214.9,215.315,275093
2025-11-24 13:00:00-05:00,215.31,215.47,215.16,215.3409,230147
2025-11-24 13:05:00-05:00,215.2981,215.68,215.1301,215.335,218285
2025-11-24 13:10:00-05:00,215.33,215.87,215.21,215.8054,246030
2025-11-24 13:15:00-05:00,215.775,215.9,215.04,215.37,317852
2025-11-24 13:20:00-05:00,215.395,215.5999,214.94,215.4,254332
2025-11-24 13:25:00-05:00,215.36,215.37,214.9,215.135,215518
2025-11-24 13:30:00-05:00,215.135,215.48,214.8501,215.37,223460
2025-11-24 13:35:00-05:00,215.37,215.8,215.2,215.47,211521
2025-11-24 13:40:00-05:00,215.48,215.48,214.95,215.3,202350
2025-11-24 13:45:00-05:00,215.2325,215.68,215.1201,215.15,218424
2025-11-24 13:50:00-05:00,215.16,215.48,214.85,215.4599,205425
2025-11-24 13:55:00-05:00,215.45,215.58,215.17,215.32,151882
2025-11-24 14:00:00-05:00,215.25,215.56,215.19,215.41,151812
2025-11-24 14:05:00-05:00,215.39,215.97,215.36,215.84,237947
2025-11-24 14:10:00-05:00,215.8799,216.23,215.67,216.18,295142
2025-11-24 14:15:00-05:00,216.165,216.18,215.57,216.105,249389
2025-11-24 14:20:00-05:00,216.1175,216.37,215.84,216.1174,315685
2025-11-24 14:25:00-05:00,216.1,216.103,215.71,215.9101,266365
2025-11-24 14:30:00-05:00,215.9035,215.97,215.03,215.2658,312704
2025-11-24 14:35:00-05:00,215.25,215.48,214.88,215.4369,313371
2025-11-24 14:40:00-05:00,215.44,215.6,215.13,215.3,190139
2025-11-24 14:45:00-05:00,215.27,215.3889,214.7601,214.81,291542
2025-11-24 14:50:00-05:00,214.84,215.04,214.4,214.78,317740
2025-11-24 14:55:00-05:00,214.7956,215.03,214.51,214.815,247196
2025-11-24 15:00:00-05:00,214.86,215.86,214.86,215.7316,373305
2025-11-24 15:05:00-05:00,215.775,215.86,215.4,215.51,228904
2025-11-24 15:10:00-05:00,215.44,215.8,215.16,215.67,309158
2025-11-24 15:15:00-05:00,215.66,216.39,215.62,215.96,421731
2025-11-24 15:20:00-05:00,215.98,216.1899,215.63,216.05,262660
2025-11-24 15:25:00-05:00,216.03,216.23,215.81,216.08,288043
2025-11-24 15:30:00-05:00,216.06,216.16,215.6,215.745,272266
2025-11-24 15:35:00-05:00,215.75,216.2781,215.725,216.03,279932
2025-11-24 15:40:00-05:00,216.02,216.41,215.82,216.13,359820
2025-11-24 15:45:00-05:00,216.11,216.46,215.87,216.185,454296
2025-11-24 15:50:00-05:00,216.21,217.13,215.55,216.545,931794
2025-11-24 15:55:00-05:00,216.57,216.64,213.69,214.93,1843155
2025-11-25 09:30:00-05:00,201.475,203.3,197.33,198.07,4150674
2025-11-25 09:35:00-05:00,198.06,199.91,197.73,198.0775,2297583
2025-11-25 09:40:00-05:00,198.1175,198.38,197.06,198.07,1931479
2025-11-25 09:45:00-05:00,198.03,198.11,194.275,194.75,2590637
2025-11-25 09:50:00-05:00,194.78,198.09,194.5,197.466,2304785
2025-11-25 09:55:00-05:00,197.43,198.91,196.7287,198.56,1686541
2025-11-25 10:00:00-05:00,198.4,198.455,195.44,195.92,1513579
2025-11-25 10:05:00-05:00,195.945,197.51,195.21,196.49,1164246
2025-11-25 10:10:00-05:00,196.545,197,194.8,195.54,1239570
2025-11-25 10:15:00-05:00,195.57,196.63,195.01,196.2313,1054053
2025-11-25 10:20:00-05:00,196.14,196.65,195.02,195.13,866409
2025-11-25 10:25:00-05:00,195.1,196.75,195.05,196.7,969926
2025-11-25 10:30:00-05:00,196.65,197.55,196.55,197.4063,982551
2025-11-25 10:35:00-05:00,197.32,197.97,196.7605,197.425,920552
2025-11-25 10:40:00-05:00,197.43,198.517,197.01,198.505,1023402
2025-11-25 10:45:00-05:00,198.53,199.48,198.08,198.425,1196044
2025-11-25 10:50:00-05:00,198.35,198.56,197.4,198.1,835980
2025-11-25 10:55:00-05:00,198.16,199.81,197.87,199.17,921074
2025-11-25 11:00:00-05:00,199.165,199.37,197.63,199.04,705094
2025-11-25 11:05:00-05:00,199.12,199.16,197.88,198.215,534846
2025-11-25 11:10:00-05:00,198.215,199,197.9,198.325,585748
2025-11-25 11:15:00-05:00,198.25,199.4991,198.0635,199.09,531186
2025-11-25 11:20:00-05:00,199.11,200.02,199.04,199.235,855131
2025-11-25 11:25:00-05:00,199.2,200.04,199.13,199.605,562213
2025-11-25 11:30:00-05:00,199.66,200.25,199.6,199.995,785388
2025-11-25 11:35:00-05:00,199.995,200.11,199.13,199.42,519209
2025-11-25 11:40:00-05:00,199.52,199.6318,199.15,199.21,359176
2025-11-25 11:45:00-05:00,199.21,199.44,198.58,198.65,506369
2025-11-25 11:50:00-05:00,198.66,199.16,198.625,198.8,354806
2025-11-25 11:55:00-05:00,198.78,199.11,198.5,198.53,363821
2025-11-25 12:00:00-05:00,198.5,199.1899,198.46,199.172,430477
2025-11-25 12:05:00-05:00,199.19,199.49,199.09,199.44,397689
2025-11-25 12:10:00-05:00,199.4485,199.97,199.26,199.6699,391026
2025-11-25 12:15:00-05:00,199.6119,199.86,199.11,199.86,336166
2025-11-25 12:20:00-05:00,199.8201,200.66,199.74,200.63,745328
2025-11-25 12:25:00-05:00,200.625,200.84,200.0001,200.16,466650
2025-11-25 12:30:00-05:00,200.2,201.92,200.08,201.855,725647
2025-11-25 12:35:00-05:00,201.88,202.3201,201.44,201.6064,910729
2025-11-25 12:40:00-05:00,201.58,202.02,200.9201,201.54,608791
2025-11-25 12:45:00-05:00,201.5276,201.88,201.1,201.435,353131
2025-11-25 12:50:00-05:00,201.47,201.47,200.6001,200.9199,411483
2025-11-25 12:55:00-05:00,200.93,201.02,199.4301,199.46,632924
2025-11-25 13:00:00-05:00,199.485,199.9,198.86,199.8849,743336
2025-11-25 13:05:00-05:00,199.8528,200.17,199.7453,200.155,413945
2025-11-25 13:10:00-05:00,200.1899,200.44,199.89,200.225,453604
2025-11-25 13:15:00-05:00,200.23,200.4,199.62,200.1454,469263
2025-11-25 13:20:00-05:00,200.17,200.25,199.77,200.21,318156
2025-11-25 13:25:00-05:00,200.25,200.5399,199.85,200.1577,284328
2025-11-25 13:30:00-05:00,200.18,200.4483,200.06,200.28,284386
2025-11-25 13:35:00-05:00,200.26,200.3299,199.71,199.903,497124
2025-11-25 13:40:00-05:00,199.9,201,199.65,200.405,433217
2025-11-25 13:45:00-05:00,200.37,201.28,200.3604,200.9515,425791
2025-11-25 13:50:00-05:00,200.9515,200.98,200.53,200.5601,250425
2025-11-25 13:55:00-05:00,200.595,200.62,200.1001,200.31,275511
2025-11-25 14:00:00-05:00,200.31,201.04,200.28,200.73,470670
2025-11-25 14:05:00-05:00,200.7,200.78,200.11,200.19,290080
2025-11-25 14:10:00-05:00,200.19,200.3006,199.91,200.12,369110
2025-11-25 14:15:00-05:00,200.12,200.17,199.11,199.2655,494273
2025-11-25 14:20:00-05:00,199.29,199.97,198.935,199.7975,399028
2025-11-25 14:25:00-05:00,199.8447,199.97,199.55,199.88,305391
2025-11-25 14:30:00-05:00,199.83,199.98,199.63,199.83,292604
2025-11-25 14:35:00-05:00,199.8332,199.9075,199.15,199.38,253090
2025-11-25 14:40:00-05:00,199.36,199.55,198.9014,199.53,361679
2025-11-25 14:45:00-05:00,199.49,199.66,199.1701,199.405,202593
2025-11-25 14:50:00-05:00,199.37,200.04,199.35,199.955,334978
2025-11-25 14:55:00-05:00,199.99,200.6,199.86,200.58,423240
2025-11-25 15:00:00-05:00,200.5407,200.95,200.5407,200.81,481480
2025-11-25 15:05:00-05:00,200.81,201.15,200.4601,201.1101,429352
2025-11-25 15:10:00-05:00,201.11,201.86,200.93,201.83,602836
2025-11-25 15:15:00-05:00,201.83,202.2,201.53,202.1,516737
2025-11-25 15:20:00-05:00,202.1226,203,202.1001,202.8783,750426
2025-11-25 15:25:00-05:00,202.8625,204.24,202.6808,204.1087,1264278
2025-11-25 15:30:00-05:00,204.07,205.36,204.0001,204.99,1717329
2025-11-25 15:35:00-05:00,205.03,205.44,204.5401,205.055,977526
2025-11-25 15:40:00-05:00,205.0465,205.7336,204.67,205.71,997876
2025-11-25 15:45:00-05:00,205.72,206.12,205.4201,205.78,944458
2025-11-25 15:50:00-05:00,205.8,206.58,205.8,206.12,1242414
2025-11-25 15:55:00-05:00,206.1,206.4762,205.87,206.13,1833849
2025-11-26 09:30:00-05:00,210.05,210.9691,209.061,210.5,2245908
2025-11-26 09:35:00-05:00,210.5,212.84,208.72,208.986,1947618
2025-11-26 09:40:00-05:00,209.0072,209.75,208.23,209.389,1116770
2025-11-26 09:45:00-05:00,209.42,209.99,208,208.62,970937
2025-11-26 09:50:00-05:00,208.61,211,208.15,209.495,1122893
2025-11-26 09:55:00-05:00,209.495,209.5171,207,208.12,945544
2025-11-26 10:00:00-05:00,208.11,209.46,207.41,209.1615,891385
2025-11-26 10:05:00-05:00,209.12,211.29,208.75,210.96,892612
2025-11-26 10:10:00-05:00,210.895,211.2,209.99,210.7423,680327
2025-11-26 10:15:00-05:00,210.73,211.55,210.03,211.25,747508
2025-11-26 10:20:00-05:00,211.33,211.62,210.6601,210.935,608864
2025-11-26 10:25:00-05:00,210.88,212.21,210.65,211.665,664495
2025-11-26 10:30:00-05:00,211.73,212.7,211.72,212.43,530156
2025-11-26 10:35:00-05:00,212.42,212.77,211.75,212.17,558660
2025-11-26 10:40:00-05:00,212.21,212.32,211.11,211.7321,523499
2025-11-26 10:45:00-05:00,211.69,211.8,210.88,211.59,410775
2025-11-26 10:50:00-05:00,211.54,212.14,211.2001,211.91,411588
2025-11-26 10:55:00-05:00,211.875,212.24,211.23,212.13,436750
2025-11-26 11:00:00-05:00,212.13,212.75,212.12,212.72,519065
2025-11-26 11:05:00-05:00,212.75,212.78,212.2,212.36,451990
2025-11-26 11:10:00-05:00,212.39,212.39,211.8501,212.005,417113
2025-11-26 11:15:00-05:00,211.9751,212.46,211.9201,212.355,395306
2025-11-26 11:20:00-05:00,212.35,213.72,212.35,213.6658,1013166
2025-11-26 11:25:00-05:00,213.6691,214.36,213.32,214.23,823767
2025-11-26 11:30:00-05:00,214.27,214.34,213.36,213.775,556686
2025-11-26 11:35:00-05:00,213.775,214,213.05,213.05,414927
2025-11-26 11:40:00-05:00,213.0579,213.8299,212.98,213.4324,422888
2025-11-26 11:45:00-05:00,213.45,213.5,212.77,212.88,318912
2025-11-26 11:50:00-05:00,212.8915,213.63,212.75,213.0272,374254
2025-11-26 11:55:00-05:00,213.0408,213.15,212.81,212.9673,325414
2025-11-26 12:00:00-05:00,212.97,213.44,212.68,212.92,327145
2025-11-26 12:05:00-05:00,212.93,213.1,211.8,212.2,430827
2025-11-26 12:10:00-05:00,212.24,212.46,212.02,212.29,228245
2025-11-26 12:15:00-05:00,212.31,212.6,211.9617,212.4083,290251
2025-11-26 12:20:00-05:00,212.41,212.98,212.28,212.865,321624
2025-11-26 12:25:00-05:00,212.865,213.12,212.74,213.12,251382
2025-11-26 12:30:00-05:00,213.12,213.49,213.03,213.41,264028
2025-11-26 12:35:00-05:00,213.4355,213.48,212.98,213.26,230262
2025-11-26 12:40:00-05:00,213.2366,213.73,213.21,213.72,317846
2025-11-26 12:45:00-05:00,213.72,213.77,213.2601,213.51,264033
2025-11-26 12:50:00-05:00,213.51,213.5199,213.05,213.23,207666
2025-11-26 12:55:00-05:00,213.2,213.5738,213.08,213.4072,201290
2025-11-26 13:00:00-05:00,213.4199,213.96,213.3,213.8936,239001
2025-11-26 13:05:00-05:00,213.85,213.95,212.34,213.0842,407210
2025-11-26 13:10:00-05:00,213.09,213.85,212.95,213.665,281306
2025-11-26 13:15:00-05:00,213.7,213.87,213.11,213.2725,187999
2025-11-26 13:20:00-05:00,213.28,213.82,213.03,213.55,230360
2025-11-26 13:25:00-05:00,213.49,213.84,213.35,213.41,165583
2025-11-26 13:30:00-05:00,213.45,213.55,212.822,212.8585,263478
2025-11-26 13:35:00-05:00,212.8528,213.4799,212.8,213.35,257523
2025-11-26 13:40:00-05:00,213.36,213.38,212.82,212.82,200297
2025-11-26 13:45:00-05:00,212.82,213.48,212.82,213.25,210979
2025-11-26 13:50:00-05:00,213.305,213.5999,213.1801,213.46,194812
2025-11-26 13:55:00-05:00,213.46,213.8299,213.19,213.62,187236
2025-11-26 14:00:00-05:00,213.59,213.9,213.34,213.365,181416
2025-11-26 14:05:00-05:00,213.3545,213.84,213.28,213.75,176885
2025-11-26 14:10:00-05:00,213.705,214.8,213.5001,214.7444,508196
2025-11-26 14:15:00-05:00,214.715,214.9299,214.43,214.8135,383931
2025-11-26 14:20:00-05:00,214.8,214.98,214.6101,214.78,303367
2025-11-26 14:25:00-05:00,214.7752,214.91,214.49,214.6567,211234
2025-11-26 14:30:00-05:00,214.645,214.99,214.6,214.65,890057
2025-11-26 14:35:00-05:00,214.6,214.6707,214.19,214.475,259072
2025-11-26 14:40:00-05:00,214.4766,215,214.37,214.62,261065
2025-11-26 14:45:00-05:00,214.6515,214.94,214.31,214.34,208586
2025-11-26 14:50:00-05:00,214.355,214.57,214.2,214.4695,187323
2025-11-26 14:55:00-05:00,214.45,215.095,214.22,215.0391,328437
2025-11-26 15:00:00-05:00,215.05,215.4,214.83,215.24,415879
2025-11-26 15:05:00-05:00,215.2375,215.3899,214.87,215.25,291600
2025-11-26 15:10:00-05:00,215.23,215.45,215,215.29,278179
2025-11-26 15:15:00-05:00,215.3,215.44,215.12,215.15,289452
2025-11-26 15:20:00-05:00,215.18,215.58,215.15,215.2648,237466
2025-11-26 15:25:00-05:00,215.295,215.5899,215.2,215.2585,250329
2025-11-26 15:30:00-05:00,215.27,215.38,214.815,214.93,341350
2025-11-26 15:35:00-05:00,214.9295,215.049,214.63,214.695,292975
2025-11-26 15:40:00-05:00,214.72,214.755,214.21,214.3016,345121
2025-11-26 15:45:00-05:00,214.29,214.5,214.0538,214.29,402190
2025-11-26 15:50:00-05:00,214.27,215,213.93,214.65,654618
2025-11-26 15:55:00-05:00,214.79,215,214.11,214.11,1359945
2025-11-28 09:30:00-05:00,216.135,216.99,214.02,216.645,1171250
2025-11-28 09:35:00-05:00,216.69,216.7381,214.94,215.04,773403
2025-11-28 09:40:00-05:00,215,216.35,214.1101,215.6,808639
2025-11-28 09:45:00-05:00,215.59,217.95,215.475,217.73,771523
2025-11-28 09:50:00-05:00,217.76,218.2499,216.66,218.19,614783
2025-11-28 09:55:00-05:00,218.2,218.3,216.25,216.51,544955
2025-11-28 10:00:00-05:00,216.53,217.47,216.18,217.125,474533
2025-11-28 10:05:00-05:00,217.12,217.54,216.71,216.95,378762
2025-11-28 10:10:00-05:00,216.95,217.382,216.31,217.11,338491
2025-11-28 10:15:00-05:00,217.145,217.69,216.69,216.7731,387057
2025-11-28 10:20:00-05:00,216.75,217.18,216.38,216.838,371442
2025-11-28 10:25:00-05:00,216.87,217.0899,216.44,216.8217,274666
2025-11-28 10:30:00-05:00,216.87,216.98,216.3311,216.68,350375
2025-11-28 10:35:00-05:00,216.65,216.84,215.7,216.22,380524
2025-11-28 10:40:00-05:00,216.23,216.6,216.05,216.276,269542
2025-11-28 10:45:00-05:00,216.2501,216.44,215.71,216.44,260264
2025-11-28 10:50:00-05:00,216.45,216.97,216.36,216.7611,320029
2025-11-28 10:55:00-05:00,216.74,216.7812,216.16,216.36,229326
2025-11-28 11:00:00-05:00,216.41,216.53,215.91,216.1692,231010
2025-11-28 11:05:00-05:00,216.16,216.525,215.85,216.525,217873
2025-11-28 11:10:00-05:00,216.55,217.07,216.49,216.755,296706
2025-11-28 11:15:00-05:00,216.755,217.22,216.5875,216.9,245651
2025-11-28 11:20:00-05:00,216.9,216.9,215.971,216.17,297546
2025-11-28 11:25:00-05:00,216.1725,216.25,215.55,216.07,348410
2025-11-28 11:30:00-05:00,216.07,216.102,215.65,215.91,169265
2025-11-28 11:35:00-05:00,215.91,216.2,215.78,216.08,187857
2025-11-28 11:40:00-05:00,216.08,216.23,215.55,216.17,215071
2025-11-28 11:45:00-05:00,216.1142,216.35,216.08,216.2373,201653
2025-11-28 11:50:00-05:00,216.24,217.19,216.1793,217.11,368173
2025-11-28 11:55:00-05:00,217.085,217.1599,216.71,216.9998,214409
2025-11-28 12:00:00-05:00,216.92,217.07,216.42,216.72,226549
2025-11-28 12:05:00-05:00,216.72,217.05,216.6836,216.9735,147995
2025-11-28 12:10:00-05:00,216.975,217.0824,216.37,216.48,315604
2025-11-28 12:15:00-05:00,216.48,216.56,216.22,216.265,310450
2025-11-28 12:20:00-05:00,216.265,216.54,216.22,216.445,243240
2025-11-28 12:25:00-05:00,216.46,216.8599,216.44,216.7655,223297
2025-11-28 12:30:00-05:00,216.73,216.85,216.32,216.53,222990
2025-11-28 12:35:00-05:00,216.555,216.73,216.3882,216.405,220078
2025-11-28 12:40:00-05:00,216.405,216.705,216.22,216.26,204575
2025-11-28 12:45:00-05:00,216.22,216.45,216,216.08,301967
2025-11-28 12:50:00-05:00,216.08,216.88,216.055,216.47,503440
2025-11-28 12:55:00-05:00,216.455,217.63,216.455,217.54,1116480
2025-11-28 13:00:00-05:00,217.53,217.53,217.42,217.43,1538625
2025-12-01 09:30:00-05:00,213.875,215.84,213.5,215.715,1540571
2025-12-01 09:35:00-05:00,215.692,216.7199,215.14,215.6,774743
2025-12-01 09:40:00-05:00,215.59,216.55,214.8901,216.55,698941
2025-12-01 09:45:00-05:00,216.6,219.47,216.3401,219.47,1433093
2025-12-01 09:50:00-05:00,219.435,219.7099,217.86,219.2469,993775
2025-12-01 09:55:00-05:00,219.22,219.93,218.665,219.54,881836
2025-12-01 10:00:00-05:00,219.6,219.89,217.73,218.2799,858137
2025-12-01 10:05:00-05:00,218.28,219.4,217.53,217.7944,731319
2025-12-01 10:10:00-05:00,217.6631,217.9275,216.56,216.63,801031
2025-12-01 10:15:00-05:00,216.66,217.9799,216.17,217.3913,582300
2025-12-01 10:20:00-05:00,217.38,217.46,216.561,216.97,351832
2025-12-01 10:25:00-05:00,216.9699,218,216.75,217.1944,517057
2025-12-01 10:30:00-05:00,217.18,217.88,216.46,216.62,362152
2025-12-01 10:35:00-05:00,216.65,218.05,216.25,217.96,478387
2025-12-01 10:40:00-05:00,217.96,218.36,216.9,217.29,414189
2025-12-01 10:45:00-05:00,217.2488,217.58,216.73,217.3,278476
2025-12-01 10:50:00-05:00,217.31,218.7,217.1701,218.5166,432015
2025-12-01 10:55:00-05:00,218.56,218.6,218.02,218.12,257659
2025-12-01 11:00:00-05:00,218.18,218.21,217.58,217.63,201131
2025-12-01 11:05:00-05:00,217.645,217.686,217.06,217.48,290891
2025-12-01 11:10:00-05:00,217.48,217.6194,216.79,217.0722,257767
2025-12-01 11:15:00-05:00,217.06,217.57,216.63,217.29,258522
2025-12-01 11:20:00-05:00,217.33,217.98,217.21,217.6,268684
2025-12-01 11:25:00-05:00,217.67,218.23,217.565,218.115,249440
2025-12-01 11:30:00-05:00,218.18,218.54,218.1401,218.43,321065
2025-12-01 11:35:00-05:00,218.4269,218.87,218.29,218.705,261770
2025-12-01 11:40:00-05:00,218.7,219.09,218.56,218.7859,311043
2025-12-01 11:45:00-05:00,218.764,219.2694,218.7114,219.1,240961
2025-12-01 11:50:00-05:00,219.08,219.19,218.4,218.49,257410
2025-12-01 11:55:00-05:00,218.4768,218.851,218.34,218.6683,187063
2025-12-01 12:00:00-05:00,218.735,219.1,218.6101,219.04,184392
2025-12-01 12:05:00-05:00,219.1,219.29,218.7,218.84,182126
2025-12-01 12:10:00-05:00,218.8,218.9982,218.51,218.65,188363
2025-12-01 12:15:00-05:00,218.625,218.6399,218.06,218.26,178083
2025-12-01 12:20:00-05:00,218.305,218.68,218.13,218.5,140423
2025-12-01 12:25:00-05:00,218.46,218.59,218.25,218.465,100741
2025-12-01 12:30:00-05:00,218.4101,218.57,218.0897,218.57,112557
2025-12-01 12:35:00-05:00,218.57,219,218.51,218.83,163674
2025-12-01 12:40:00-05:00,218.81,219.32,218.7413,219.295,162990
2025-12-01 12:45:00-05:00,219.316,220.13,219.2397,219.81,533622
2025-12-01 12:50:00-05:00,219.81,219.94,219.43,219.8401,248011
2025-12-01 12:55:00-05:00,219.9,219.91,219.11,219.14,193316
2025-12-01 13:00:00-05:00,219.145,219.84,219.06,219.54,212638
2025-12-01 13:05:00-05:00,219.54,219.76,219.33,219.67,140883
2025-12-01 13:10:00-05:00,219.615,219.89,219.45,219.8485,124336
2025-12-01 13:15:00-05:00,219.82,219.87,219.5,219.6432,123418
2025-12-01 13:20:00-05:00,219.635,219.8,219.24,219.7579,167692
2025-12-01 13:25:00-05:00,219.79,219.89,219.5201,219.57,118567
2025-12-01 13:30:00-05:00,219.62,219.81,219.52,219.74,863929
2025-12-01 13:35:00-05:00,219.74,220.17,219.7,219.905,315634
2025-12-01 13:40:00-05:00,219.8875,220.3,219.76,220.0785,253997
2025-12-01 13:45:00-05:00,220.07,220.52,219.97,220.2738,266876
2025-12-01 13:50:00-05:00,220.31,220.8,220.3,220.7,254830
2025-12-01 13:55:00-05:00,220.67,220.98,220.62,220.7011,258810
2025-12-01 14:00:00-05:00,220.68,220.79,220.18,220.2,227012
2025-12-01 14:05:00-05:00,220.22,220.23,219.67,219.82,282613
2025-12-01 14:10:00-05:00,219.87,220.1599,219.7,220.03,187385
2025-12-01 14:15:00-05:00,220.053,220.18,219.54,219.7973,196982
2025-12-01 14:20:00-05:00,219.77,220,219.21,219.53,257097
2025-12-01 14:25:00-05:00,219.56,219.72,219.32,219.58,143709
2025-12-01 14:30:00-05:00,219.54,219.56,218.92,219.51,195758
2025-12-01 14:35:00-05:00,219.56,219.9699,219.45,219.775,202475
2025-12-01 14:40:00-05:00,219.84,219.84,219.2327,219.28,162893
2025-12-01 14:45:00-05:00,219.33,219.37,218.87,219.125,166318
2025-12-01 14:50:00-05:00,219.135,219.5499,219.03,219.395,146562
2025-12-01 14:55:00-05:00,219.43,219.45,219.09,219.23,126569
2025-12-01 15:00:00-05:00,219.15,219.54,219.12,219.2,111837
2025-12-01 15:05:00-05:00,219.19,219.6,219.18,219.51,409032
2025-12-01 15:10:00-05:00,219.47,220,219.47,219.811,164129
2025-12-01 15:15:00-05:00,219.8,219.83,219.33,219.45,166782
2025-12-01 15:20:00-05:00,219.4,219.74,219.34,219.515,132502
2025-12-01 15:25:00-05:00,219.51,219.73,219.42,219.5314,140089
2025-12-01 15:30:00-05:00,219.61,219.74,219.26,219.44,192719
2025-12-01 15:35:00-05:00,219.46,220.139,219.46,220.0699,275253
2025-12-01 15:40:00-05:00,220.1,220.35,219.86,220.22,299182
2025-12-01 15:45:00-05:00,220.22,220.43,219.91,220.08,229805
2025-12-01 15:50:00-05:00,220.09,220.29,219.57,220.04,454768
2025-12-01 15:55:00-05:00,220,220.07,217.52,219.76,902853
2025-12-02 09:30:00-05:00,221.79,223.79,219.8,223.48,1762176
2025-12-02 09:35:00-05:00,223.49,224.55,223.2501,224.31,1087410
2025-12-02 09:40:00-05:00,224.31,225.71,223.875,225.6645,1131234
2025-12-02 09:45:00-05:00,225.69,225.98,224.35,225.07,898599
2025-12-02 09:50:00-05:00,225.085,225.82,223.5301,223.82,908751
2025-12-02 09:55:00-05:00,223.8525,224.8,223.34,224.35,666048
2025-12-02 10:00:00-05:00,224.4,225.58,224.2812,224.5928,826808
2025-12-02 10:05:00-05:00,224.63,224.8,223.22,223.3314,592537
2025-12-02 10:10:00-05:00,223.2603,223.3131,222.0926,222.84,666968
2025-12-02 10:15:00-05:00,222.84,223.27,222.26,222.615,399355
2025-12-02 10:20:00-05:00,222.61,223.235,222.23,222.97,400896
2025-12-02 10:25:00-05:00,222.95,223.35,222.1769,222.42,565430
2025-12-02 10:30:00-05:00,222.37,222.45,221.52,221.985,453111
2025-12-02 10:35:00-05:00,221.8975,222.34,221.57,221.74,339243
2025-12-02 10:40:00-05:00,221.82,223.45,221.7208,223.27,503973
2025-12-02 10:45:00-05:00,223.3,223.6799,222.7225,223.66,346325
2025-12-02 10:50:00-05:00,223.65,223.91,223.11,223.33,385407
2025-12-02 10:55:00-05:00,223.38,223.4215,222.27,222.31,327590
2025-12-02 11:00:00-05:00,222.4,222.4,218.41,218.775,1267228
2025-12-02 11:05:00-05:00,218.635,219.77,217.53,219,1417350
2025-12-02 11:10:00-05:00,219.04,219.33,217.86,218.08,867130
2025-12-02 11:15:00-05:00,218,218.5799,217.2271,218.0952,795792
2025-12-02 11:20:00-05:00,218.105,218.3519,216.15,216.365,901491
2025-12-02 11:25:00-05:00,216.31,217.12,216.25,216.875,537201
2025-12-02 11:30:00-05:00,216.85,217.57,216.13,216.615,531783
2025-12-02 11:35:00-05:00,216.61,218.0297,216.4,217.985,597232
2025-12-02 11:40:00-05:00,218.02,218.63,217.24,217.24,517501
2025-12-02 11:45:00-05:00,217.26,217.72,216.8017,217.15,433388
2025-12-02 11:50:00-05:00,217.2,218.32,217.08,218.25,474256
2025-12-02 11:55:00-05:00,218.245,218.5289,217.26,217.6725,383962
2025-12-02 12:00:00-05:00,217.6,218.29,217.4135,217.79,324744
2025-12-02 12:05:00-05:00,217.76,217.9696,217.19,217.395,306525
2025-12-02 12:10:00-05:00,217.385,218.1173,217.3018,218.0554,191647
2025-12-02 12:15:00-05:00,218.0554,218.66,217.88,218.45,380731
2025-12-02 12:20:00-05:00,218.465,218.6,217.88,218.0121,270892
2025-12-02 12:25:00-05:00,218.01,218.4399,217.85,218.165,204293
2025-12-02 12:30:00-05:00,218.15,218.515,218.1,218.4226,152825
2025-12-02 12:35:00-05:00,218.47,218.55,218.01,218.285,275485
2025-12-02 12:40:00-05:00,218.4,218.47,218.07,218.1199,180154
2025-12-02 12:45:00-05:00,218.085,218.27,217.71,217.931,224986
2025-12-02 12:50:00-05:00,217.94,218.1,217.35,217.62,241582
2025-12-02 12:55:00-05:00,217.6417,217.6417,216.76,216.76,308198
2025-12-02 13:00:00-05:00,216.75,217.4599,216.5901,217.11,285641
2025-12-02 13:05:00-05:00,217.1483,217.64,217,217.19,253659
2025-12-02 13:10:00-05:00,217.14,217.28,216.27,216.38,435369
2025-12-02 13:15:00-05:00,216.3501,216.4,216.03,216.115,472694
2025-12-02 13:20:00-05:00,216.06,216.75,215.95,216.6139,385980
2025-12-02 13:25:00-05:00,216.6175,216.83,216.1878,216.57,247007
2025-12-02 13:30:00-05:00,216.57,216.7201,216,216.08,263727
2025-12-02 13:35:00-05:00,216.06,216.13,215.26,215.4,478921
2025-12-02 13:40:00-05:00,215.38,215.89,215.26,215.81,327148
2025-12-02 13:45:00-05:00,215.77,215.95,215.46,215.52,249456
2025-12-02 13:50:00-05:00,215.54,215.59,215.25,215.45,254746
2025-12-02 13:55:00-05:00,215.4552,215.46,214.39,215.1571,646448
2025-12-02 14:00:00-05:00,215.175,215.39,214.6513,215.235,341033
2025-12-02 14:05:00-05:00,215.23,215.64,215.21,215.44,309666
2025-12-02 14:10:00-05:00,215.475,215.99,215.3301,215.81,321791
2025-12-02 14:15:00-05:00,215.8299,216.0695,215.63,215.73,286526
2025-12-02 14:20:00-05:00,215.75,215.7999,214.75,214.8701,385299
2025-12-02 14:25:00-05:00,214.88,215.2,214.71,215.15,326916
2025-12-02 14:30:00-05:00,215.15,215.6599,215.1,215.615,218164
2025-12-02 14:35:00-05:00,215.58,215.83,215.43,215.5,223031
2025-12-02 14:40:00-05:00,215.47,215.53,214.8272,214.985,284305
2025-12-02 14:45:00-05:00,215.02,215.43,214.9,215.12,219100
2025-12-02 14:50:00-05:00,215.2,215.67,215.1028,215.505,319297
2025-12-02 14:55:00-05:00,215.5,215.88,215.42,215.68,277894
2025-12-02 15:00:00-05:00,215.73,215.8031,215.22,215.477,209905
2025-12-02 15:05:00-05:00,215.42,215.77,215.35,215.71,180088
2025-12-02 15:10:00-05:00,215.74,215.88,215.27,215.69,242798
2025-12-02 15:15:00-05:00,215.71,215.81,215.55,215.7425,250735
2025-12-02 15:20:00-05:00,215.745,216.14,215.71,215.79,360542
2025-12-02 15:25:00-05:00,215.7955,216.1,215.72,216,303413
2025-12-02 15:30:00-05:00,215.97,216.2,215.6135,215.63,349519
2025-12-02 15:35:00-05:00,215.66,215.66,214.62,214.9652,562885
2025-12-02 15:40:00-05:00,214.94,215.1,214.76,214.91,340532
2025-12-02 15:45:00-05:00,214.91,215.09,214.81,214.85,404589
2025-12-02 15:50:00-05:00,214.81,215.32,214.68,214.7,637010
2025-12-02 15:55:00-05:00,214.78,215.28,214.6,215.18,1093179
2025-12-03 09:30:00-05:00,216.26,216.88,213.86,214.635,1116787
2025-12-03 09:35:00-05:00,214.63,214.845,211.7686,212.135,1091031
2025-12-03 09:40:00-05:00,212.08,213.91,212.0728,213.4164,758663
2025-12-03 09:45:00-05:00,213.43,214.27,213.1017,214.03,496095
2025-12-03 09:50:00-05:00,213.925,214.73,213.22,214.46,544443
2025-12-03 09:55:00-05:00,214.45,214.99,213.86,214.735,380459
2025-12-03 10:00:00-05:00,214.83,216.6,214.64,216.6,1176056
2025-12-03 10:05:00-05:00,216.59,216.75,215.64,216.26,541858
2025-12-03 10:10:00-05:00,216.17,216.8499,215.9101,216.2011,488971
2025-12-03 10:15:00-05:00,216.3,217.28,216.06,216.2354,682607
2025-12-03 10:20:00-05:00,216.21,216.4299,215.38,216.18,577999
2025-12-03 10:25:00-05:00,216.25,217,215.8001,216.7,503283
2025-12-03 10:30:00-05:00,216.68,217.08,215.4501,217,614270
2025-12-03 10:35:00-05:00,217.01,217.49,216.45,217.23,650796
2025-12-03 10:40:00-05:00,217.225,218.2,217.1615,218.0875,477667
2025-12-03 10:45:00-05:00,218.09,218.16,217.51,217.8242,360207
2025-12-03 10:50:00-05:00,217.815,217.95,216.95,217.26,312688
2025-12-03 10:55:00-05:00,217.23,217.8578,217.1013,217.29,302411
2025-12-03 11:00:00-05:00,217.28,217.69,216.82,217.28,287270
2025-12-03 11:05:00-05:00,217.26,217.28,215.53,215.68,385049
2025-12-03 11:10:00-05:00,215.62,215.6575,214.7019,214.8,539509
2025-12-03 11:15:00-05:00,214.85,215.32,214.42,215.2401,456641
2025-12-03 11:20:00-05:00,215.29,215.5886,214.59,214.83,367351
2025-12-03 11:25:00-05:00,214.81,215.1499,214.71,215.07,211269
2025-12-03 11:30:00-05:00,215.13,216.15,215.02,216.08,372477
2025-12-03 11:35:00-05:00,216.07,216.12,215.43,215.66,239540
2025-12-03 11:40:00-05:00,215.6225,216.06,215.45,215.8599,224803
2025-12-03 11:45:00-05:00,215.81,216.155,215.5236,215.565,188699
2025-12-03 11:50:00-05:00,215.5201,215.5201,214.68,214.69,234804
2025-12-03 11:55:00-05:00,214.69,214.73,214.13,214.6369,298433
2025-12-03 12:00:00-05:00,214.63,215.23,214.48,215.17,193884
2025-12-03 12:05:00-05:00,215.17,215.2099,214.5523,214.88,150467
2025-12-03 12:10:00-05:00,214.89,215.6,214.6401,215.55,212266
2025-12-03 12:15:00-05:00,215.53,215.95,215.48,215.9,242445
2025-12-03 12:20:00-05:00,215.9,216.3142,215.84,216.205,255114
2025-12-03 12:25:00-05:00,216.2,216.2404,215.5,215.62,157497
2025-12-03 12:30:00-05:00,215.7073,215.84,215.4401,215.628,183182
2025-12-03 12:35:00-05:00,215.64,215.75,215.3783,215.69,168866
2025-12-03 12:40:00-05:00,215.67,215.84,215.52,215.7534,107336
2025-12-03 12:45:00-05:00,215.74,216,215.6101,215.88,140279
2025-12-03 12:50:00-05:00,215.9,215.92,215.4686,215.822,151772
2025-12-03 12:55:00-05:00,215.82,216.14,215.7,215.7967,160008
2025-12-03 13:00:00-05:00,215.85,216.44,215.78,216.315,203165
2025-12-03 13:05:00-05:00,216.38,216.49,216.06,216.145,155133
2025-12-03 13:10:00-05:00,216.1439,216.45,216.08,216.4,107273
2025-12-03 13:15:00-05:00,216.41,216.41,215.8887,215.91,127832
2025-12-03 13:20:00-05:00,215.88,216.25,215.62,216.05,168196
2025-12-03 13:25:00-05:00,216.03,216.4399,215.98,216.325,100804
2025-12-03 13:30:00-05:00,216.4,216.65,216.23,216.63,248285
2025-12-03 13:35:00-05:00,216.64,216.79,216.557,216.69,113982
2025-12-03 13:40:00-05:00,216.72,217.1796,216.61,217.0063,213836
2025-12-03 13:45:00-05:00,217,217.01,216.6058,216.66,108612
2025-12-03 13:50:00-05:00,216.6,216.7197,215.92,216.12,217314
2025-12-03 13:55:00-05:00,216.12,216.1216,215.66,215.845,144674
2025-12-03 14:00:00-05:00,215.81,216.4,215.785,216.27,184948
2025-12-03 14:05:00-05:00,216.27,216.4,216.03,216.03,122208
2025-12-03 14:10:00-05:00,216.0651,216.171,215.8,216.15,98718
2025-12-03 14:15:00-05:00,216.155,216.36,216.04,216.165,109399
2025-12-03 14:20:00-05:00,216.1265,216.3,215.9,216.24,133826
2025-12-03 14:25:00-05:00,216.27,216.4,216.1,216.2875,135461
2025-12-03 14:30:00-05:00,216.315,216.89,216.2964,216.8355,232986
2025-12-03 14:35:00-05:00,216.79,216.8938,216.41,216.68,151653
2025-12-03 14:40:00-05:00,216.67,217.08,216.67,217,195368
2025-12-03 14:45:00-05:00,216.99,217.0499,216.745,216.8302,105322
2025-12-03 14:50:00-05:00,216.7955,217.02,216.7955,216.935,110237
2025-12-03 14:55:00-05:00,216.9273,217.13,216.61,216.6705,199859
2025-12-03 15:00:00-05:00,216.66,216.9099,216.46,216.555,367116
2025-12-03 15:05:00-05:00,216.555,216.84,216.32,216.55,120322
2025-12-03 15:10:00-05:00,216.52,216.99,216.52,216.94,162342
2025-12-03 15:15:00-05:00,216.94,217.08,216.85,216.91,147451
2025-12-03 15:20:00-05:00,216.9,217.05,216.745,216.9336,116734
2025-12-03 15:25:00-05:00,216.93,217.0383,216.78,216.97,314101
2025-12-03 15:30:00-05:00,216.98,217.13,216.79,216.95,165202
2025-12-03 15:35:00-05:00,216.97,217.13,216.66,216.77,194118
2025-12-03 15:40:00-05:00,216.7513,217.07,216.71,216.93,215396
2025-12-03 15:45:00-05:00,216.88,217.15,216.88,216.96,261052
2025-12-03 15:50:00-05:00,216.93,217.88,216.84,217.53,560669
2025-12-03 15:55:00-05:00,217.54,217.95,217.23,217.59,1091341
2025-12-04 09:30:00-05:00,216.875,217.37,215.77,215.87,688458
2025-12-04 09:35:00-05:00,215.935,217.5665,215.7,216.8342,566500
2025-12-04 09:40:00-05:00,216.81,217.4799,216.2201,217.19,556588
2025-12-04 09:45:00-05:00,217.16,218.48,216.34,216.37,680184
2025-12-04 09:50:00-05:00,216.36,216.67,214.9403,215.345,777975
2025-12-04 09:55:00-05:00,215.31,215.7699,214.5729,215.335,513031
2025-12-04 10:00:00-05:00,215.31,215.6298,215.01,215.56,379194
2025-12-04 10:05:00-05:00,215.5,215.98,215.25,215.8799,334493
2025-12-04 10:10:00-05:00,215.76,215.83,215.02,215.3044,370056
2025-12-04 10:15:00-05:00,215.33,215.98,215.0975,215.5444,378081
2025-12-04 10:20:00-05:00,215.5,216.895,215.49,216.61,460183
2025-12-04 10:25:00-05:00,216.58,217.55,215.8901,217.3707,441165
2025-12-04 10:30:00-05:00,217.41,217.56,216.86,217.41,305451
2025-12-04 10:35:00-05:00,217.395,218.1,217.25,217.725,336218
2025-12-04 10:40:00-05:00,217.7799,217.7799,217.1,217.42,312194
2025-12-04 10:45:00-05:00,217.42,217.8,216.97,217.28,306432
2025-12-04 10:50:00-05:00,217.2772,217.48,216.75,217.1842,217204
2025-12-04 10:55:00-05:00,217.16,217.255,216.55,216.61,225850
2025-12-04 11:00:00-05:00,216.61,216.75,215.85,216.0369,312360
2025-12-04 11:05:00-05:00,216,216.54,215.6705,216.51,221561
2025-12-04 11:10:00-05:00,216.555,216.64,215.9,216.4895,212948
2025-12-04 11:15:00-05:00,216.47,217.1,216.25,217.0783,211987
2025-12-04 11:20:00-05:00,217,217.68,216.91,217.585,224708
2025-12-04 11:25:00-05:00,217.58,217.5897,216.83,217.1631,234980
2025-12-04 11:30:00-05:00,217.15,218,216.96,217.6904,294259
2025-12-04 11:35:00-05:00,217.7575,218.07,217.6573,217.9983,212881
2025-12-04 11:40:00-05:00,217.99,218.34,217.7,217.96,234535
2025-12-04 11:45:00-05:00,218,218.92,217.8401,218.915,329525
2025-12-04 11:50:00-05:00,218.918,219.12,218.56,218.685,264729
2025-12-04 11:55:00-05:00,218.6617,219.07,218.35,218.95,447124
2025-12-04 12:00:00-05:00,218.93,219.06,218.5601,218.575,182132
2025-12-04 12:05:00-05:00,218.575,218.58,218.1,218.34,197991
2025-12-04 12:10:00-05:00,218.45,218.95,218.19,218.86,205706
2025-12-04 12:15:00-05:00,218.84,218.84,218.34,218.38,160933
2025-12-04 12:20:00-05:00,218.435,218.435,217.86,217.95,166195
2025-12-04 12:25:00-05:00,217.9695,218.35,217.7,217.78,421189
2025-12-04 12:30:00-05:00,217.79,217.99,217.55,217.94,200949
2025-12-04 12:35:00-05:00,217.94,218.25,217.79,217.79,153695
2025-12-04 12:40:00-05:00,217.84,217.96,217.67,217.81,99779
2025-12-04 12:45:00-05:00,217.8,217.87,217.03,217.085,218655
2025-12-04 12:50:00-05:00,217.11,217.3516,217.05,217.245,139330
2025-12-04 12:55:00-05:00,217.3,217.47,216.94,217.1444,205422
2025-12-04 13:00:00-05:00,217.1301,217.18,216.8405,216.975,129486
2025-12-04 13:05:00-05:00,216.96,216.98,216.42,216.92,232298
2025-12-04 13:10:00-05:00,216.9,217.06,216.5101,216.5968,242827
2025-12-04 13:15:00-05:00,216.61,216.9299,216.514,216.575,126951
2025-12-04 13:20:00-05:00,216.62,216.93,216.595,216.92,117533
2025-12-04 13:25:00-05:00,216.91,216.9299,216.33,216.63,185067
2025-12-04 13:30:00-05:00,216.6,216.81,216.4,216.445,129634
2025-12-04 13:35:00-05:00,216.4288,216.57,216.3,216.41,151629
2025-12-04 13:40:00-05:00,216.41,216.4515,215.93,215.93,211720
2025-12-04 13:45:00-05:00,215.9317,216.04,215.7,215.835,190565
2025-12-04 13:50:00-05:00,215.83,216.08,215.735,215.9695,198765
2025-12-04 13:55:00-05:00,215.96,215.96,215.77,215.92,143038
2025-12-04 14:00:00-05:00,215.87,216.25,215.86,216.25,222847
2025-12-04 14:05:00-05:00,216.23,216.53,216.11,216.43,204609
2025-12-04 14:10:00-05:00,216.4,216.5,215.92,216.11,155500
2025-12-04 14:15:00-05:00,216.1,216.1,215.08,215.0801,296077
2025-12-04 14:20:00-05:00,215.08,215.19,214.14,214.51,495317
2025-12-04 14:25:00-05:00,214.515,215.43,214.47,215.19,315700
2025-12-04 14:30:00-05:00,215.16,215.7299,215.0601,215.685,226493
2025-12-04 14:35:00-05:00,215.69,215.9183,215.571,215.6115,191101
2025-12-04 14:40:00-05:00,215.56,215.97,215.51,215.88,165086
2025-12-04 14:45:00-05:00,215.88,216,215.7001,215.87,109749
2025-12-04 14:50:00-05:00,215.9,215.93,215.51,215.64,144834
2025-12-04 14:55:00-05:00,215.6,215.79,215.395,215.662,182366
2025-12-04 15:00:00-05:00,215.62,215.6992,215.277,215.31,137492
2025-12-04 15:05:00-05:00,215.2701,215.4699,214.82,215.2598,253290
2025-12-04 15:10:00-05:00,215.27,215.55,215.1,215.4525,176916
2025-12-04 15:15:00-05:00,215.465,215.49,214.83,215.09,189677
2025-12-04 15:20:00-05:00,215.1,215.11,214.3073,214.34,339780
2025-12-04 15:25:00-05:00,214.34,214.94,214.28,214.555,276493
2025-12-04 15:30:00-05:00,214.53,215,214.49,214.86,208420
2025-12-04 15:35:00-05:00,214.86,215.01,214.72,214.945,161310
2025-12-04 15:40:00-05:00,214.92,215.04,214.6,215.04,258245
2025-12-04 15:45:00-05:00,215.05,215.5,215.01,215.3005,337461
2025-12-04 15:50:00-05:00,215.33,215.99,215.3,215.71,487054
2025-12-04 15:55:00-05:00,215.73,216.11,215.63,215.98,824916
2025-12-05 09:30:00-05:00,217.165,221.9399,217,221.555,1976209
2025-12-05 09:35:00-05:00,221.555,221.77,218,218.07,1361334
2025-12-05 09:40:00-05:00,218.04,218.87,216.3801,217.95,1200955
2025-12-05 09:45:00-05:00,218.05,219.645,218,219.23,936847
2025-12-05 09:50:00-05:00,219.245,220.05,218.52,219.58,789651
2025-12-05 09:55:00-05:00,219.61,219.8,218.98,219.78,465582
2025-12-05 10:00:00-05:00,219.78,221.66,218.97,221.55,968184
2025-12-05 10:05:00-05:00,221.53,222.75,221.53,222.4248,1094091
2025-12-05 10:10:00-05:00,222.4204,223.1,222.3,223.0054,699610
2025-12-05 10:15:00-05:00,222.99,223.642,222.3,222.51,714820
2025-12-05 10:20:00-05:00,222.49,222.88,221.65,221.835,607159
2025-12-05 10:25:00-05:00,221.835,222.3899,221.1,221.1732,513606
2025-12-05 10:30:00-05:00,221.18,221.4101,220.53,220.925,579388
2025-12-05 10:35:00-05:00,220.9438,221.2,220.045,220.31,438549
2025-12-05 10:40:00-05:00,220.315,220.49,219.75,219.94,394764
2025-12-05 10:45:00-05:00,219.977,219.977,219.17,219.7,551769
2025-12-05 10:50:00-05:00,219.65,219.71,218.59,218.92,671977
2025-12-05 10:55:00-05:00,218.92,219.0386,218.11,218.45,504095
2025-12-05 11:00:00-05:00,218.41,218.87,218.04,218.0919,379019
2025-12-05 11:05:00-05:00,218.095,218.286,217.5734,217.68,462594
2025-12-05 11:10:00-05:00,217.73,218.55,217.56,218.0192,484599
2025-12-05 11:15:00-05:00,217.97,218.242,217.36,217.7501,535581
2025-12-05 11:20:00-05:00,217.73,218.66,217.5,218.0605,504184
2025-12-05 11:25:00-05:00,218.075,218.6499,217.112,217.1142,487203
2025-12-05 11:30:00-05:00,217.11,217.1276,216.24,216.965,624772
2025-12-05 11:35:00-05:00,216.965,217.6399,216.8505,217.4,573412
2025-12-05 11:40:00-05:00,217.38,217.8499,217.11,217.61,258390
2025-12-05 11:45:00-05:00,217.6,217.9599,217.41,217.89,279039
2025-12-05 11:50:00-05:00,217.92,218.38,217.5988,218.3528,306664
2025-12-05 11:55:00-05:00,218.31,218.7,217.87,217.87,453727
2025-12-05 12:00:00-05:00,217.89,218.29,217.72,218,270888
2025-12-05 12:05:00-05:00,217.99,218.3447,217.9,218.13,228033
2025-12-05 12:10:00-05:00,218.13,218.2,217.64,217.95,206936
2025-12-05 12:15:00-05:00,217.92,218.25,217.83,217.94,170591
2025-12-05 12:20:00-05:00,217.94,218.33,217.82,218.27,143218
2025-12-05 12:25:00-05:00,218.26,218.36,218.09,218.13,166282
2025-12-05 12:30:00-05:00,218.13,218.2376,217.99,218.01,118189
2025-12-05 12:35:00-05:00,218,218.13,217.74,218.13,165356
2025-12-05 12:40:00-05:00,218.11,218.17,217.83,218.03,121456
2025-12-05 12:45:00-05:00,218.0335,218.7,217.91,218.52,222093
2025-12-05 12:50:00-05:00,218.52,219.03,218.4553,218.87,337639
2025-12-05 12:55:00-05:00,218.892,218.93,218.4806,218.9,190461
2025-12-05 13:00:00-05:00,218.87,219.25,218.78,219.1127,241429
2025-12-05 13:05:00-05:00,219.15,219.54,219.15,219.495,253716
2025-12-05 13:10:00-05:00,219.46,219.48,218.8,218.85,247028
2025-12-05 13:15:00-05:00,218.86,218.9421,218.63,218.84,183057
2025-12-05 13:20:00-05:00,218.83,218.8699,218.5,218.67,137967
2025-12-05 13:25:00-05:00,218.67,219.37,218.5476,219.34,208399
2025-12-05 13:30:00-05:00,219.33,219.44,219.07,219.3718,163742
2025-12-05 13:35:00-05:00,219.38,219.4,219.1545,219.325,109403
2025-12-05 13:40:00-05:00,219.325,219.325,218.783,218.94,153017
2025-12-05 13:45:00-05:00,218.96,219.09,218.78,219.05,100806
2025-12-05 13:50:00-05:00,219.06,219.08,218.64,218.9334,164593
2025-12-05 13:55:00-05:00,218.925,218.9655,218.8,218.893,100992
2025-12-05 14:00:00-05:00,218.92,218.92,218.52,218.58,129254
2025-12-05 14:05:00-05:00,218.59,218.6913,218.38,218.6057,148407
2025-12-05 14:10:00-05:00,218.6162,218.93,218.52,218.8975,193323
2025-12-05 14:15:00-05:00,218.87,218.91,218.4201,218.6479,163658
2025-12-05 14:20:00-05:00,218.62,218.75,218.35,218.41,152997
2025-12-05 14:25:00-05:00,218.38,218.8212,218.35,218.67,132493
2025-12-05 14:30:00-05:00,218.66,218.765,218.41,218.6,299924
2025-12-05 14:35:00-05:00,218.595,218.6607,218.1315,218.26,157456
2025-12-05 14:40:00-05:00,218.275,218.3,217.5201,217.618,270947
2025-12-05 14:45:00-05:00,217.62,218.05,217.42,218.04,243391
2025-12-05 14:50:00-05:00,218.0415,218.24,217.91,218.025,698137
2025-12-05 14:55:00-05:00,218.02,218.42,217.88,218.335,161426
2025-12-05 15:00:00-05:00,218.31,218.3988,217.97,218.23,143567
2025-12-05 15:05:00-05:00,218.2201,218.3799,217.96,217.98,181098
2025-12-05 15:10:00-05:00,218.015,218.16,217.8201,218.14,163337
2025-12-05 15:15:00-05:00,218.155,218.2499,217.96,218.2201,141909
2025-12-05 15:20:00-05:00,218.2108,218.22,217.92,218.045,128361
2025-12-05 15:25:00-05:00,218.05,218.09,217.87,218.07,183485
2025-12-05 15:30:00-05:00,218.06,218.07,217.58,217.76,250195
2025-12-05 15:35:00-05:00,217.7756,217.83,217.51,217.53,185547
2025-12-05 15:40:00-05:00,217.54,217.72,217.36,217.64,254255
2025-12-05 15:45:00-05:00,217.64,217.66,217,217.3,340370
2025-12-05 15:50:00-05:00,217.29,218.04,217.21,217.84,491048
2025-12-05 15:55:00-05:00,217.91,218.1,217.67,217.91,1062793
2025-12-08 09:30:00-05:00,219.085,221.8399,218.85,221.0954,1186191
2025-12-08 09:35:00-05:00,221.05,222.1,220.57,221.6,744579
2025-12-08 09:40:00-05:00,221.66,222.7,220.87,222.395,1034173
2025-12-08 09:45:00-05:00,222.44,223.06,220.29,221.22,917748
2025-12-08 09:50:00-05:00,221.225,222.53,221.02,222.065,570805
2025-12-08 09:55:00-05:00,222.0385,222.0737,220.3801,220.9799,457521
2025-12-08 10:00:00-05:00,220.99,221.84,220.9,221.55,400964
2025-12-08 10:05:00-05:00,221.64,221.64,220.53,220.81,401055
2025-12-08 10:10:00-05:00,220.76,220.95,219.88,220.825,394412
2025-12-08 10:15:00-05:00,220.85,221.31,220.4001,220.715,332019
2025-12-08 10:20:00-05:00,220.715,221.1697,219.92,220.0565,393240
2025-12-08 10:25:00-05:00,220.1199,220.1199,218.55,219.26,613479
2025-12-08 10:30:00-05:00,219.23,220.1599,218.75,219.98,464810
2025-12-08 10:35:00-05:00,219.99,220.27,219.6877,220.097,241703
2025-12-08 10:40:00-05:00,220.085,220.3,219.86,220.0647,276027
2025-12-08 10:45:00-05:00,220.0999,220.7,220.04,220.24,287017
2025-12-08 10:50:00-05:00,220.24,220.4,219.75,219.9395,261984
2025-12-08 10:55:00-05:00,219.93,220.0699,219.38,219.52,259237
2025-12-08 11:00:00-05:00,219.51,219.56,218.4,218.58,380921
2025-12-08 11:05:00-05:00,218.6,219.09,218.36,218.916,273456
2025-12-08 11:10:00-05:00,218.92,219.26,218.79,218.985,320496
2025-12-08 11:15:00-05:00,218.985,219.04,218.52,218.87,179473
2025-12-08 11:20:00-05:00,218.87,219.8,218.85,219.78,261992
2025-12-08 11:25:00-05:00,219.78,220.4,219.53,220.34,379407
2025-12-08 11:30:00-05:00,220.34,220.59,219.92,219.99,283469
2025-12-08 11:35:00-05:00,219.96,220.11,219.66,219.705,172227
2025-12-08 11:40:00-05:00,219.75,219.88,218.87,219.1259,278580
2025-12-08 11:45:00-05:00,219.18,219.5,219.02,219.2,221356
2025-12-08 11:50:00-05:00,219.195,219.7098,218.96,219.5415,194701
2025-12-08 11:55:00-05:00,219.55,219.746,219.31,219.5615,157724
2025-12-08 12:00:00-05:00,219.52,219.52,218.6,218.8,313695
2025-12-08 12:05:00-05:00,218.75,219.5499,218.61,219.4153,186089
2025-12-08 12:10:00-05:00,219.45,219.55,219.11,219.3844,140793
2025-12-08 12:15:00-05:00,219.3729,219.77,219.27,219.3834,187766
2025-12-08 12:20:00-05:00,219.405,219.73,219.25,219.7,135037
2025-12-08 12:25:00-05:00,219.7226,219.74,219.1,219.475,135928
2025-12-08 12:30:00-05:00,219.475,219.83,219.415,219.68,151821
2025-12-08 12:35:00-05:00,219.66,219.95,219.5,219.8367,151920
2025-12-08 12:40:00-05:00,219.8,220.34,219.67,219.67,297952
2025-12-08 12:45:00-05:00,219.66,219.66,219.2301,219.6,141665
2025-12-08 12:50:00-05:00,219.54,219.8199,219.375,219.645,113791
2025-12-08 12:55:00-05:00,219.64,222.08,219.26,220.82,1044856
2025-12-08 13:00:00-05:00,220.887,223.14,220.75,223.035,1166828
2025-12-08 13:05:00-05:00,223.0415,223.57,222.18,223.56,693775
2025-12-08 13:10:00-05:00,223.51,223.71,222.4,222.455,511479
2025-12-08 13:15:00-05:00,222.41,222.94,222.09,222.31,431614
2025-12-08 13:20:00-05:00,222.3501,222.97,222.2,222.675,315190
2025-12-08 13:25:00-05:00,222.685,222.685,221.36,221.405,301425
2025-12-08 13:30:00-05:00,221.35,221.47,220.4,220.55,332515
2025-12-08 13:35:00-05:00,220.51,221.25,220.4487,221.15,238428
2025-12-08 13:40:00-05:00,221.1628,221.2,220.6401,221.07,216964
2025-12-08 13:45:00-05:00,221.04,221.37,220.73,220.81,224738
2025-12-08 13:50:00-05:00,220.81,220.8899,220.37,220.755,174648
2025-12-08 13:55:00-05:00,220.765,220.7821,219.38,219.89,364963
2025-12-08 14:00:00-05:00,219.81,219.88,219.35,219.6,245606
2025-12-08 14:05:00-05:00,219.62,219.8899,219.33,219.8392,255228
2025-12-08 14:10:00-05:00,219.855,220,219.5532,219.92,188191
2025-12-08 14:15:00-05:00,219.93,220.39,219.915,220.37,226868
2025-12-08 14:20:00-05:00,220.4,220.6,220,220.0899,185262
2025-12-08 14:25:00-05:00,220.0505,220.26,219.834,220.0823,146738
2025-12-08 14:30:00-05:00,220.08,220.2681,219.94,220.2271,132916
2025-12-08 14:35:00-05:00,220.2184,220.41,220.08,220.1225,182721
2025-12-08 14:40:00-05:00,220.1,220.22,219.8101,219.88,151182
2025-12-08 14:45:00-05:00,219.88,220.27,219.6339,220.2493,219290
2025-12-08 14:50:00-05:00,220.27,220.79,220.23,220.27,238023
2025-12-08 14:55:00-05:00,220.27,220.3859,219.76,219.85,159750
2025-12-08 15:00:00-05:00,219.88,220.1099,219.77,219.8838,142075
2025-12-08 15:05:00-05:00,219.84,220.4499,219.65,220.405,177862
2025-12-08 15:10:00-05:00,220.405,220.6299,220.26,220.48,171662
2025-12-08 15:15:00-05:00,220.529,220.53,220.155,220.43,149469
2025-12-08 15:20:00-05:00,220.4,220.61,220.27,220.325,167419
2025-12-08 15:25:00-05:00,220.31,220.79,220.2,220.74,172955
2025-12-08 15:30:00-05:00,220.75,220.79,220.3873,220.41,291107
2025-12-08 15:35:00-05:00,220.42,220.5076,220.115,220.3313,248097
2025-12-08 15:40:00-05:00,220.33,220.635,220.15,220.4572,196820
2025-12-08 15:45:00-05:00,220.478,220.65,220.21,220.26,235875
2025-12-08 15:50:00-05:00,220.27,220.661,220.27,220.57,349964
2025-12-08 15:55:00-05:00,220.58,221.21,220.38,221.11,840951
2025-12-09 09:30:00-05:00,221.04,221.04,217.907,219.13,1338310
2025-12-09 09:35:00-05:00,219.1061,220.2099,218.99,219.95,617243
2025-12-09 09:40:00-05:00,220.02,220.06,218.5,219.61,526261
2025-12-09 09:45:00-05:00,219.62,220.44,219.44,220.2499,615453
2025-12-09 09:50:00-05:00,220.175,220.26,218.7,218.9265,504085
2025-12-09 09:55:00-05:00,218.92,219.61,218.6301,219.375,487622
2025-12-09 10:00:00-05:00,219.395,221.77,219.27,221.71,774674
2025-12-09 10:05:00-05:00,221.72,222.66,221.695,222.2831,848416
2025-12-09 10:10:00-05:00,222.2849,222.66,222.05,222.11,475593
2025-12-09 10:15:00-05:00,222.1,222.58,221.48,222.1675,488185
2025-12-09 10:20:00-05:00,222.12,222.66,221.9,222.46,417283
2025-12-09 10:25:00-05:00,222.41,223.59,221.87,223.45,725519
2025-12-09 10:30:00-05:00,223.445,224.7078,223.22,224.361,940456
2025-12-09 10:35:00-05:00,224.35,224.84,223.66,224.18,754139
2025-12-09 10:40:00-05:00,224.21,224.3,223.67,223.81,366721
2025-12-09 10:45:00-05:00,223.83,223.91,218.92,223.1373,443877
2025-12-09 10:50:00-05:00,223.1206,223.69,223.1,223.18,318825
2025-12-09 10:55:00-05:00,223.12,223.32,222.5388,222.68,273896
2025-12-09 11:00:00-05:00,222.68,223.1,222.56,222.65,265903
2025-12-09 11:05:00-05:00,222.712,223.06,222.11,222.4,283798
2025-12-09 11:10:00-05:00,222.405,222.98,222.1016,222.81,357992
2025-12-09 11:15:00-05:00,222.8,223.25,222.57,222.7108,322458
2025-12-09 11:20:00-05:00,222.75,222.8631,222.2791,222.5951,252819
2025-12-09 11:25:00-05:00,222.6,222.7373,222.25,222.3276,147082
2025-12-09 11:30:00-05:00,222.35,222.45,221.73,222.1507,262605
2025-12-09 11:35:00-05:00,222.11,222.2078,221.8,221.865,177757
2025-12-09 11:40:00-05:00,221.88,221.94,220.8,221.125,358304
2025-12-09 11:45:00-05:00,221.146,221.8,221.09,221.7287,256572
2025-12-09 11:50:00-05:00,221.72,222.15,221.67,222.0142,231956
2025-12-09 11:55:00-05:00,222.1,222.18,221.8,222.0633,170582
2025-12-09 12:00:00-05:00,222.0422,222.6499,221.78,222.6,267684
2025-12-09 12:05:00-05:00,222.63,222.646,222.43,222.52,163363
2025-12-09 12:10:00-05:00,222.5393,222.6275,222.3,222.4372,141305
2025-12-09 12:15:00-05:00,222.4437,222.4776,222.22,222.31,123904
2025-12-09 12:20:00-05:00,222.3083,222.57,222.13,222.57,167780
2025-12-09 12:25:00-05:00,222.59,222.85,222.44,222.7224,177608
2025-12-09 12:30:00-05:00,222.75,223.11,222.74,222.9062,414705
2025-12-09 12:35:00-05:00,222.86,222.97,222.51,222.9069,132403
2025-12-09 12:40:00-05:00,222.925,223,222.37,222.6,159312
2025-12-09 12:45:00-05:00,222.57,222.67,222.11,222.19,145957
2025-12-09 12:50:00-05:00,222.18,222.63,222.03,222.575,188093
2025-12-09 12:55:00-05:00,222.575,223.1899,222.3101,223.0972,278157
2025-12-09 13:00:00-05:00,223.14,223.15,222.64,222.69,125871
2025-12-09 13:05:00-05:00,222.69,222.75,222.43,222.6299,120376
2025-12-09 13:10:00-05:00,222.61,222.79,222.311,222.64,119719
2025-12-09 13:15:00-05:00,222.635,222.7999,222.32,222.3576,97619
2025-12-09 13:20:00-05:00,222.395,222.45,222.03,222.15,114305
2025-12-09 13:25:00-05:00,222.18,222.2126,221.85,221.8899,117589
2025-12-09 13:30:00-05:00,221.895,222.0288,221.4,221.41,158422
2025-12-09 13:35:00-05:00,221.44,221.45,220.67,220.8061,264335
2025-12-09 13:40:00-05:00,220.815,221.07,220.65,221.02,188689
2025-12-09 13:45:00-05:00,221.0828,221.54,220.94,221.3912,234989
2025-12-09 13:50:00-05:00,221.41,221.63,221.17,221.565,170550
2025-12-09 13:55:00-05:00,221.53,221.61,221.2592,221.27,126609
2025-12-09 14:00:00-05:00,221.26,221.37,220.9,221.15,156844
2025-12-09 14:05:00-05:00,221.133,221.2599,220.72,221.2285,160255
2025-12-09 14:10:00-05:00,221.21,221.37,221.01,221.06,95616
2025-12-09 14:15:00-05:00,221.06,221.29,220.94,221.23,117645
2025-12-09 14:20:00-05:00,221.22,221.28,221.03,221.105,103176
2025-12-09 14:25:00-05:00,221.085,221.27,221.02,221.07,97764
2025-12-09 14:30:00-05:00,221.07,221.32,221,221.16,116321
2025-12-09 14:35:00-05:00,221.12,221.39,221.05,221.12,120225
2025-12-09 14:40:00-05:00,221.135,221.35,220.84,220.99,143479
2025-12-09 14:45:00-05:00,220.94,221.205,220.75,221.0608,119868
2025-12-09 14:50:00-05:00,221.03,221.27,221.01,221.225,141151
2025-12-09 14:55:00-05:00,221.25,221.3399,220.9,221.033,131429
2025-12-09 15:00:00-05:00,221.02,221.09,220.8,220.9,112502
2025-12-09 15:05:00-05:00,220.9,221.36,220.77,221.35,186421
2025-12-09 15:10:00-05:00,221.33,221.36,221.04,221.07,140384
2025-12-09 15:15:00-05:00,221.0401,221.2,220.97,221.11,108873
2025-12-09 15:20:00-05:00,221.13,221.26,220.85,220.895,147485
2025-12-09 15:25:00-05:00,220.8888,221.03,220.76,220.845,187801
2025-12-09 15:30:00-05:00,220.84,221.23,220.82,220.9,184846
2025-12-09 15:35:00-05:00,220.87,221.22,220.86,221.135,195448
2025-12-09 15:40:00-05:00,221.11,221.3,220.96,221.25,208965
2025-12-09 15:45:00-05:00,221.25,221.52,221.25,221.425,265299
2025-12-09 15:50:00-05:00,221.43,221.97,221.43,221.84,396368
2025-12-09 15:55:00-05:00,221.87,221.98,221.4,221.56,664492
2025-12-10 09:30:00-05:00,222,222,219.7,219.84,865930
2025-12-10 09:35:00-05:00,219.9199,221.32,219.28,220.2602,661700
2025-12-10 09:40:00-05:00,220.2425,221.4799,220.0101,221.3,515067
2025-12-10 09:45:00-05:00,221.3,221.48,219.85,219.8711,437721
2025-12-10 09:50:00-05:00,219.9,220.77,219.87,220.48,360627
2025-12-10 09:55:00-05:00,220.48,220.67,219.89,220.445,254161
2025-12-10 10:00:00-05:00,220.435,220.55,219.85,220.1364,253755
2025-12-10 10:05:00-05:00,220.1814,220.62,219.631,219.6389,314025
2025-12-10 10:10:00-05:00,219.63,220.0899,219.3467,219.93,323976
2025-12-10 10:15:00-05:00,219.9028,220.3,219.7001,220.2199,206823
2025-12-10 10:20:00-05:00,220.16,220.4,219.75,219.8,227247
2025-12-10 10:25:00-05:00,219.85,220.2,219.53,220.09,161274
2025-12-10 10:30:00-05:00,220.15,220.3899,219.95,220.07,213672
2025-12-10 10:35:00-05:00,220.03,220.0538,218.92,219.16,430697
2025-12-10 10:40:00-05:00,219.2,219.75,218.67,219.4877,315414
2025-12-10 10:45:00-05:00,219.472,220.1,219.3301,219.93,191905
2025-12-10 10:50:00-05:00,219.975,220.27,219.43,219.56,222016
2025-12-10 10:55:00-05:00,219.55,220.04,219.2,219.69,177075
2025-12-10 11:00:00-05:00,219.72,219.72,218.9801,219.295,196090
2025-12-10 11:05:00-05:00,219.33,219.68,219.2,219.48,180507
2025-12-10 11:10:00-05:00,219.47,219.53,219.22,219.48,143127
2025-12-10 11:15:00-05:00,219.4925,220,219.4,219.858,190040
2025-12-10 11:20:00-05:00,219.8201,219.94,219.5,219.6,164650
2025-12-10 11:25:00-05:00,219.6635,219.9399,219.4,219.81,151006
2025-12-10 11:30:00-05:00,219.78,220.2288,219.62,220.18,174153
2025-12-10 11:35:00-05:00,220.135,220.56,220.01,220.55,214775
2025-12-10 11:40:00-05:00,220.56,220.56,220.03,220.2268,148666
2025-12-10 11:45:00-05:00,220.2207,220.44,219.9,220.395,168264
2025-12-10 11:50:00-05:00,220.395,220.65,220.3,220.65,191005
2025-12-10 11:55:00-05:00,220.66,220.7,220.265,220.655,158025
2025-12-10 12:00:00-05:00,220.63,220.81,220.3,220.44,182980
2025-12-10 12:05:00-05:00,220.41,220.55,220.23,220.3192,103983
2025-12-10 12:10:00-05:00,220.324,220.39,220.0514,220.2215,108047
2025-12-10 12:15:00-05:00,220.15,220.2699,219.62,219.81,167992
2025-12-10 12:20:00-05:00,219.77,219.96,219.63,219.89,117454
2025-12-10 12:25:00-05:00,219.89,220.0499,219.75,219.87,92978
2025-12-10 12:30:00-05:00,219.79,220.271,219.6701,220.065,191813
2025-12-10 12:35:00-05:00,220.1,220.53,219.95,220.2778,161814
2025-12-10 12:40:00-05:00,220.27,220.3799,220.0481,220.15,127354
2025-12-10 12:45:00-05:00,220.14,220.33,220.0106,220.08,117545
2025-12-10 12:50:00-05:00,220.08,220.33,220.01,220.2501,191265
2025-12-10 12:55:00-05:00,220.2814,220.39,220.01,220.16,98253
2025-12-10 13:00:00-05:00,220.14,220.17,219.8001,219.8078,126319
2025-12-10 13:05:00-05:00,219.8,220.005,219.66,219.83,100482
2025-12-10 13:10:00-05:00,219.83,219.83,219.353,219.39,109275
2025-12-10 13:15:00-05:00,219.43,219.4991,219,219.43,213583
2025-12-10 13:20:00-05:00,219.455,219.53,219.23,219.44,191303
2025-12-10 13:25:00-05:00,219.39,219.46,219.13,219.315,127892
2025-12-10 13:30:00-05:00,219.33,219.5,219.1301,219.25,117413
2025-12-10 13:35:00-05:00,219.2483,219.5,219.15,219.49,124320
2025-12-10 13:40:00-05:00,219.4648,219.4648,219.14,219.2128,128200
2025-12-10 13:45:00-05:00,219.19,219.54,219.17,219.3955,148971
2025-12-10 13:50:00-05:00,219.36,219.37,218.94,218.965,158858
2025-12-10 13:55:00-05:00,218.965,219.35,218.86,219.15,158763
2025-12-10 14:00:00-05:00,219.22,221.27,219.1,219.6,624936
2025-12-10 14:05:00-05:00,219.6175,221.45,219.6,221.215,537571
2025-12-10 14:10:00-05:00,221.2999,221.62,220.68,220.792,316584
2025-12-10 14:15:00-05:00,220.85,221.56,220.6701,220.905,226578
2025-12-10 14:20:00-05:00,220.86,220.8905,219.84,220,176865
2025-12-10 14:25:00-05:00,220.04,220.47,219.63,220.47,213163
2025-12-10 14:30:00-05:00,220.417,221.65,220.16,221.43,384627
2025-12-10 14:35:00-05:00,221.49,222.22,220.5801,220.9697,487484
2025-12-10 14:40:00-05:00,221.0891,221.1121,219.49,220.38,409038
2025-12-10 14:45:00-05:00,220.33,221.36,220.25,220.75,220008
2025-12-10 14:50:00-05:00,220.7,221.99,220.41,221.765,333936
2025-12-10 14:55:00-05:00,221.7454,222.53,221.58,222.24,383221
2025-12-10 15:00:00-05:00,222.25,222.54,221.2,222.0412,307848
2025-12-10 15:05:00-05:00,222.03,222.38,221.5515,222.31,222306
2025-12-10 15:10:00-05:00,222.27,222.605,222.04,222.46,377853
2025-12-10 15:15:00-05:00,222.46,222.485,221.9544,222.0881,204755
2025-12-10 15:20:00-05:00,222.08,222.34,221.75,222.14,246972
2025-12-10 15:25:00-05:00,222.11,222.5499,221.95,222.1466,217337
2025-12-10 15:30:00-05:00,222.18,222.33,221.9,221.9165,232648
2025-12-10 15:35:00-05:00,221.9195,222.29,221.85,222.22,230083
2025-12-10 15:40:00-05:00,222.2,222.34,221.9001,221.97,232896
2025-12-10 15:45:00-05:00,221.965,222.275,221.965,222.23,223617
2025-12-10 15:50:00-05:00,222.23,222.3,221.59,221.8914,437400
2025-12-10 15:55:00-05:00,221.92,222.15,221.34,221.42,842702
2025-12-11 09:30:00-05:00,217.81,217.81,213.33,213.4194,1586029
2025-12-11 09:35:00-05:00,213.46,215.37,213.31,214.395,868213
2025-12-11 09:40:00-05:00,214.3,215.1,213.91,214.29,710915
2025-12-11 09:45:00-05:00,214.22,214.98,212.92,212.95,803599
2025-12-11 09:50:00-05:00,212.95,213.16,211.6427,211.67,1037965
2025-12-11 09:55:00-05:00,211.75,212.38,210.8,210.91,870745
2025-12-11 10:00:00-05:00,210.91,211.845,210.1901,211.7,844230
2025-12-11 10:05:00-05:00,211.7,213.1,211.44,212.75,721939
2025-12-11 10:10:00-05:00,212.76,213.42,212.0801,212.96,519553
2025-12-11 10:15:00-05:00,212.92,213.7799,212.8001,213.75,422820
2025-12-11 10:20:00-05:00,213.76,214.95,213.61,214.7592,548056
2025-12-11 10:25:00-05:00,214.74,214.78,213.71,213.895,502888
2025-12-11 10:30:00-05:00,213.94,214.488,213.86,213.86,250269
2025-12-11 10:35:00-05:00,213.86,213.88,213.24,213.69,344690
2025-12-11 10:40:00-05:00,213.55,213.63,212.94,213.1001,320324
2025-12-11 10:45:00-05:00,213.12,213.7899,212.67,212.69,339221
2025-12-11 10:50:00-05:00,212.69,212.94,211.98,212.84,488034
2025-12-11 10:55:00-05:00,212.83,213.57,212.83,213.445,337404
2025-12-11 11:00:00-05:00,213.44,213.95,213.1,213.77,303949
2025-12-11 11:05:00-05:00,213.79,213.8,212.9005,212.97,256462
2025-12-11 11:10:00-05:00,212.965,213.27,212.8524,213.12,208897
2025-12-11 11:15:00-05:00,213.075,213.21,212.85,212.94,191821
2025-12-11 11:20:00-05:00,213.01,213.66,212.73,213.64,242246
2025-12-11 11:25:00-05:00,213.68,213.7,212.7374,212.835,212951
2025-12-11 11:30:00-05:00,212.81,213.49,212.81,213.18,337486
2025-12-11 11:35:00-05:00,213.19,214.2799,213.18,214.155,242599
2025-12-11 11:40:00-05:00,214.11,215.18,214.01,215.02,406841
2025-12-11 11:45:00-05:00,215.06,215.6882,214.89,215.035,319119
2025-12-11 11:50:00-05:00,215.02,215.06,214.43,214.6276,203900
2025-12-11 11:55:00-05:00,214.705,214.73,214.31,214.67,174858
2025-12-11 12:00:00-05:00,214.62,214.94,214.42,214.77,208755
2025-12-11 12:05:00-05:00,214.8,214.88,214.5,214.685,139958
2025-12-11 12:10:00-05:00,214.71,215.26,214.54,215.1029,174940
2025-12-11 12:15:00-05:00,215.125,215.4399,214.96,215.3316,162753
2025-12-11 12:20:00-05:00,215.35,215.91,215.25,215.85,293879
2025-12-11 12:25:00-05:00,215.85,216.01,215.55,215.7887,239002
2025-12-11 12:30:00-05:00,215.785,216.5,215.73,216.5,270813
2025-12-11 12:35:00-05:00,216.48,216.75,216.28,216.52,244598
2025-12-11 12:40:00-05:00,216.53,216.7948,216.32,216.48,184538
2025-12-11 12:45:00-05:00,216.4508,216.68,216.3,216.445,190757
2025-12-11 12:50:00-05:00,216.4295,216.58,216.07,216.21,207982
2025-12-11 12:55:00-05:00,216.2002,216.23,215.71,216.13,180016
2025-12-11 13:00:00-05:00,216.13,216.43,216,216.284,134822
2025-12-11 13:05:00-05:00,216.28,216.4311,216.17,216.3001,122258
2025-12-11 13:10:00-05:00,216.3,216.9299,216.3,216.75,259190
2025-12-11 13:15:00-05:00,216.7858,216.7858,216.43,216.6901,143221
2025-12-11 13:20:00-05:00,216.6601,217.07,216.59,217.07,284892
2025-12-11 13:25:00-05:00,217.04,217.95,216.98,217.43,614584
2025-12-11 13:30:00-05:00,217.38,217.71,217.12,217.67,246130
2025-12-11 13:35:00-05:00,217.69,218.62,217.62,218.53,434071
2025-12-11 13:40:00-05:00,218.516,218.95,218.5,218.71,300414
2025-12-11 13:45:00-05:00,218.78,219.02,218.52,218.91,331918
2025-12-11 13:50:00-05:00,218.93,219.019,218.67,218.795,216353
2025-12-11 13:55:00-05:00,218.83,219.045,218.62,218.7511,177430
2025-12-11 14:00:00-05:00,218.752,219.6999,218.7504,219.68,351745
2025-12-11 14:05:00-05:00,219.66,219.84,219.4,219.82,288812
2025-12-11 14:10:00-05:00,219.84,220.29,219.75,220.13,383809
2025-12-11 14:15:00-05:00,220.14,220.32,220,220.16,278835
2025-12-11 14:20:00-05:00,220.2,220.38,219.82,220.335,288778
2025-12-11 14:25:00-05:00,220.34,220.4,220.06,220.326,205082
2025-12-11 14:30:00-05:00,220.37,220.78,220.33,220.73,280925
2025-12-11 14:35:00-05:00,220.7,221.21,220.7,220.8768,362174
2025-12-11 14:40:00-05:00,220.9,220.9,220.4101,220.507,320488
2025-12-11 14:45:00-05:00,220.52,220.68,220.33,220.48,216432
2025-12-11 14:50:00-05:00,220.47,220.62,220.1219,220.155,228447
2025-12-11 14:55:00-05:00,220.155,220.5,220.155,220.3,187266
2025-12-11 15:00:00-05:00,220.33,220.98,220.24,220.88,246941
2025-12-11 15:05:00-05:00,220.895,221.1,220.74,220.955,300964
2025-12-11 15:10:00-05:00,220.94,221.2097,220.585,220.6775,254112
2025-12-11 15:15:00-05:00,220.67,220.87,220.45,220.45,228004
2025-12-11 15:20:00-05:00,220.4601,220.71,220.25,220.39,219248
2025-12-11 15:25:00-05:00,220.41,220.41,219.7665,219.8502,251645
2025-12-11 15:30:00-05:00,219.865,220.42,219.79,220.3101,264431
2025-12-11 15:35:00-05:00,220.31,220.81,220.3,220.81,243649
2025-12-11 15:40:00-05:00,220.8,221.14,220.8,220.86,260830
2025-12-11 15:45:00-05:00,220.81,220.9423,220.68,220.89,237708
2025-12-11 15:50:00-05:00,220.9,221.4989,220.9,221.12,553583
2025-12-11 15:55:00-05:00,221.07,221.48,220.96,221.44,872484
2025-12-12 09:30:00-05:00,218.37,220.73,218.05,220.475,966716
2025-12-12 09:35:00-05:00,220.4,222.49,220.27,221.4116,874853
2025-12-12 09:40:00-05:00,221.39,221.53,218.6601,219.03,688874
2025-12-12 09:45:00-05:00,218.98,219.2999,217.95,218.46,586713
2025-12-12 09:50:00-05:00,218.385,219.7837,218.2501,219.42,438012
2025-12-12 09:55:00-05:00,219.395,219.66,218.72,219.26,300169
2025-12-12 10:00:00-05:00,219.27,219.28,217.05,217.105,570843
2025-12-12 10:05:00-05:00,217.16,217.6999,215.73,216.09,717006
2025-12-12 10:10:00-05:00,216.07,217.56,216.03,217.01,562653
2025-12-12 10:15:00-05:00,217.04,217.29,216.42,216.89,311604
2025-12-12 10:20:00-05:00,216.83,216.9706,215.45,215.74,396146
2025-12-12 10:25:00-05:00,215.68,215.83,214.285,214.37,627466
2025-12-12 10:30:00-05:00,214.35,214.83,213.45,214.11,770069
2025-12-12 10:35:00-05:00,214.14,214.64,213.63,214.25,409553
2025-12-12 10:40:00-05:00,214.225,214.67,213.75,214.6,367332
2025-12-12 10:45:00-05:00,214.63,215.2499,214.38,214.79,485031
2025-12-12 10:50:00-05:00,214.82,215.047,214.325,214.4,201553
2025-12-12 10:55:00-05:00,214.38,214.6936,212.555,212.68,616828
2025-12-12 11:00:00-05:00,212.67,213.77,210.67,210.721,919381
2025-12-12 11:05:00-05:00,210.67,212.14,210.65,211.162,623689
2025-12-12 11:10:00-05:00,211.155,211.9,210.35,211.3899,685473
2025-12-12 11:15:00-05:00,211.3,211.9,210.9505,211.08,381984
2025-12-12 11:20:00-05:00,211.16,211.46,210.1,210.6799,745064
2025-12-12 11:25:00-05:00,210.64,211.22,210.27,210.9,540836
2025-12-12 11:30:00-05:00,210.92,210.92,209.45,209.72,708375
2025-12-12 11:35:00-05:00,209.7206,210.01,209.06,209.45,470459
2025-12-12 11:40:00-05:00,209.505,210.48,209.06,210.407,459172
2025-12-12 11:45:00-05:00,210.34,210.43,209.67,210.29,344761
2025-12-12 11:50:00-05:00,210.265,210.7299,209.81,210.3981,466646
2025-12-12 11:55:00-05:00,210.32,210.953,210.08,210.54,317397
2025-12-12 12:00:00-05:00,210.53,211.66,210.295,211.3701,469971
2025-12-12 12:05:00-05:00,211.38,212.48,211.3,211.95,393200
2025-12-12 12:10:00-05:00,211.95,212.51,211.8101,211.97,323012
2025-12-12 12:15:00-05:00,211.94,213.0799,211.93,213.0569,349948
2025-12-12 12:20:00-05:00,213.09,213.23,212.56,212.86,356263
2025-12-12 12:25:00-05:00,212.83,212.83,211.94,212.16,321173
2025-12-12 12:30:00-05:00,212.165,212.39,211.5958,212.2,237441
2025-12-12 12:35:00-05:00,212.21,213.04,211.9,213,236597
2025-12-12 12:40:00-05:00,212.9878,213.17,212.73,212.9,180377
2025-12-12 12:45:00-05:00,212.9,213.8483,212.85,213.825,308954
2025-12-12 12:50:00-05:00,213.85,213.88,213.22,213.305,180919
2025-12-12 12:55:00-05:00,213.3,213.525,212.98,213.1095,157661
2025-12-12 13:00:00-05:00,213.15,213.4542,212.85,213.33,133217
2025-12-12 13:05:00-05:00,213.375,213.68,213.33,213.4992,193899
2025-12-12 13:10:00-05:00,213.51,214.94,213.401,214.37,409797
2025-12-12 13:15:00-05:00,214.375,215.05,214.36,214.5695,280409
2025-12-12 13:20:00-05:00,214.55,214.67,213.9,213.965,203537
2025-12-12 13:25:00-05:00,214.06,214.31,213.9,214.25,149504
2025-12-12 13:30:00-05:00,214.23,214.3599,214,214.25,148218
2025-12-12 13:35:00-05:00,214.3099,214.3099,213.72,214.15,161648
2025-12-12 13:40:00-05:00,214.13,214.19,213.2022,213.3,227788
2025-12-12 13:45:00-05:00,213.35,213.7513,213.18,213.67,172238
2025-12-12 13:50:00-05:00,213.665,213.86,213.32,213.362,130848
2025-12-12 13:55:00-05:00,213.37,213.47,212.36,212.451,292835
2025-12-12 14:00:00-05:00,212.475,212.82,212.232,212.74,231780
2025-12-12 14:05:00-05:00,212.74,212.81,212.01,212.11,196177
2025-12-12 14:10:00-05:00,212.11,212.344,211.43,211.5875,233740
2025-12-12 14:15:00-05:00,211.534,211.9,211.23,211.265,261938
2025-12-12 14:20:00-05:00,211.25,211.5925,210.81,211.11,383176
2025-12-12 14:25:00-05:00,211.15,211.1999,210.8,211.01,190848
2025-12-12 14:30:00-05:00,211.02,211.5893,210.95,211.2618,234174
2025-12-12 14:35:00-05:00,211.2027,211.44,211.15,211.2701,138316
2025-12-12 14:40:00-05:00,211.39,212.3,211.36,212.12,391048
2025-12-12 14:45:00-05:00,212.0841,212.2,211.74,211.7894,191118
2025-12-12 14:50:00-05:00,211.78,212.01,211.6936,211.89,147949
2025-12-12 14:55:00-05:00,211.89,212.13,211.75,211.94,142674
2025-12-12 15:00:00-05:00,211.93,212.19,211.81,212.15,151479
2025-12-12 15:05:00-05:00,212.13,212.4,211.98,212.115,169239
2025-12-12 15:10:00-05:00,212.12,212.2,210.94,210.94,821318
2025-12-12 15:15:00-05:00,210.98,211.31,210.83,211.18,226357
2025-12-12 15:20:00-05:00,211.195,211.8,211.03,211.7,259013
2025-12-12 15:25:00-05:00,211.7597,211.7597,210.97,210.99,274574
2025-12-12 15:30:00-05:00,211.01,211.1999,210.46,211.13,399821
2025-12-12 15:35:00-05:00,211.1144,211.18,209.82,210.045,450387
2025-12-12 15:40:00-05:00,210.03,210.54,209.995,210.2718,377670
2025-12-12 15:45:00-05:00,210.25,210.93,210.19,210.46,344766
2025-12-12 15:50:00-05:00,210.48,210.86,210.1601,210.72,601384
2025-12-12 15:55:00-05:00,210.7,210.87,210.32,210.8,1201209
2025-12-15 09:30:00-05:00,212.28,214.01,212.1457,212.775,954766
2025-12-15 09:35:00-05:00,212.76,213.6799,212.4,212.421,697319
2025-12-15 09:40:00-05:00,212.44,213.8591,212.2001,213.33,670567
2025-12-15 09:45:00-05:00,213.31,215.15,213.04,215.04,818850
2025-12-15 09:50:00-05:00,215.11,215.36,212.85,213.375,660549
2025-12-15 09:55:00-05:00,213.38,213.58,212.08,212.62,486583
2025-12-15 10:00:00-05:00,212.56,212.75,211.7501,212.07,449595
2025-12-15 10:05:00-05:00,212.01,213.12,211.64,211.6601,513950
2025-12-15 10:10:00-05:00,211.66,212.16,211.07,211.7899,436224
2025-12-15 10:15:00-05:00,211.836,211.88,210.11,210.2,628536
2025-12-15 10:20:00-05:00,210.2799,211.16,209.63,209.665,587837
2025-12-15 10:25:00-05:00,209.61,210.1099,209.06,209.655,442888
2025-12-15 10:30:00-05:00,209.6,215.155,209.33,210.58,413848
2025-12-15 10:35:00-05:00,210.51,210.99,209.8101,210.3069,348809
2025-12-15 10:40:00-05:00,210.39,211.54,209.96,211.5,280423
2025-12-15 10:45:00-05:00,211.54,212.3808,211.5,212.29,413427
2025-12-15 10:50:00-05:00,212.33,212.46,210.93,211.295,357145
2025-12-15 10:55:00-05:00,211.25,211.59,210.68,211.435,234979
2025-12-15 11:00:00-05:00,211.435,212,211.23,211.94,244063
2025-12-15 11:05:00-05:00,211.94,212.95,211.9375,212.675,395847
2025-12-15 11:10:00-05:00,212.67,212.8,211.72,212.16,228436
2025-12-15 11:15:00-05:00,212.12,213.15,212.04,212.93,293291
2025-12-15 11:20:00-05:00,212.98,213.12,212.34,212.566,188771
2025-12-15 11:25:00-05:00,212.554,212.93,212.3301,212.38,256678
2025-12-15 11:30:00-05:00,212.41,212.4205,211.0801,211.17,257055
2025-12-15 11:35:00-05:00,211.16,211.5799,210.6963,211,262922
2025-12-15 11:40:00-05:00,211.0051,211.496,210.75,211.065,187232
2025-12-15 11:45:00-05:00,211.06,211.119,210.67,211.05,127304
2025-12-15 11:50:00-05:00,211.03,211.9284,211.02,211.82,210424
2025-12-15 11:55:00-05:00,211.82,211.95,211.32,211.72,165160
2025-12-15 12:00:00-05:00,211.68,211.94,211.1233,211.4,144664
2025-12-15 12:05:00-05:00,211.42,211.65,211.18,211.28,108877
2025-12-15 12:10:00-05:00,211.29,211.5499,210.97,211.02,189831
2025-12-15 12:15:00-05:00,211.045,211.1999,210.7,210.94,164758
2025-12-15 12:20:00-05:00,210.985,211.39,210.9614,211.08,130625
2025-12-15 12:25:00-05:00,211.08,211.54,211.03,211.42,145294
2025-12-15 12:30:00-05:00,211.42,211.66,211.14,211.38,143104
2025-12-15 12:35:00-05:00,211.37,211.9,211.31,211.8564,147730
2025-12-15 12:40:00-05:00,211.86,212.3,211.66,212.1501,217290
2025-12-15 12:45:00-05:00,212.19,212.3499,211.4101,211.59,201901
2025-12-15 12:50:00-05:00,211.595,211.6,210.6,210.67,241572
2025-12-15 12:55:00-05:00,210.68,210.98,210.6101,210.98,134737
2025-12-15 13:00:00-05:00,210.95,210.99,210.1,210.52,252925
2025-12-15 13:05:00-05:00,210.62,211.09,210.45,210.63,441108
2025-12-15 13:10:00-05:00,210.68,210.99,210.5419,210.845,137265
2025-12-15 13:15:00-05:00,210.82,211.02,210.4,210.535,141813
2025-12-15 13:20:00-05:00,210.5,210.7,210.2201,210.41,94403
2025-12-15 13:25:00-05:00,210.38,210.46,209.99,210.36,201716
2025-12-15 13:30:00-05:00,210.28,210.5982,210.01,210.42,99765
2025-12-15 13:35:00-05:00,210.378,210.78,210.1775,210.71,154663
2025-12-15 13:40:00-05:00,210.64,211.1451,210.58,210.9601,135684
2025-12-15 13:45:00-05:00,211.11,211.38,211.033,211.18,148663
2025-12-15 13:50:00-05:00,211.16,211.67,211.02,211.515,191606
2025-12-15 13:55:00-05:00,211.5599,211.99,211.4,211.63,159362
2025-12-15 14:00:00-05:00,211.61,212.22,211.43,212.057,236288
2025-12-15 14:05:00-05:00,212.015,212.05,211.3201,211.35,176687
2025-12-15 14:10:00-05:00,211.33,211.44,211.0181,211.03,153119
2025-12-15 14:15:00-05:00,211.03,211.13,210.69,211.0171,157493
2025-12-15 14:20:00-05:00,211.0569,211.1158,210.61,210.8006,120839
2025-12-15 14:25:00-05:00,210.76,210.97,210.61,210.625,100828
2025-12-15 14:30:00-05:00,210.625,210.7,210.1814,210.41,175376
2025-12-15 14:35:00-05:00,210.42,210.47,210.1,210.21,210545
2025-12-15 14:40:00-05:00,210.22,210.235,209.8,209.88,169428
2025-12-15 14:45:00-05:00,209.875,209.99,209.66,209.99,218817
2025-12-15 14:50:00-05:00,209.94,210.13,209.7352,209.87,231520
2025-12-15 14:55:00-05:00,209.84,210.25,209.8201,210.131,200201
2025-12-15 15:00:00-05:00,210.11,210.11,209.21,209.27,294127
2025-12-15 15:05:00-05:00,209.2501,209.65,209.211,209.63,189899
2025-12-15 15:10:00-05:00,209.6348,209.84,209.1518,209.1793,195861
2025-12-15 15:15:00-05:00,209.175,209.42,209.05,209.11,242691
2025-12-15 15:20:00-05:00,209.14,209.14,207.8404,208.15,575171
2025-12-15 15:25:00-05:00,208.17,208.39,207.87,207.96,321422
2025-12-15 15:30:00-05:00,207.955,208.038,207.14,207.51,448050
2025-12-15 15:35:00-05:00,207.55,207.58,207.15,207.475,332648
2025-12-15 15:40:00-05:00,207.475,207.53,206.94,207.0689,328771
2025-12-15 15:45:00-05:00,207.03,207.2,206.86,206.95,348368
2025-12-15 15:50:00-05:00,206.93,207.53,206.58,206.98,714845
2025-12-15 15:55:00-05:00,207,209.72,206.82,207.58,1090092
2025-12-16 09:30:00-05:00,206.92,208.5799,205.8,208.2332,927213
2025-12-16 09:35:00-05:00,208.36,209.1,207.61,207.91,535135
2025-12-16 09:40:00-05:00,207.88,208.41,206.4,207.44,508805
2025-12-16 09:45:00-05:00,207.39,208.49,206.24,208.145,573050
2025-12-16 09:50:00-05:00,208.165,209.25,207.75,208.1,549474
2025-12-16 09:55:00-05:00,208.14,208.805,207.9501,208.6796,291572
2025-12-16 10:00:00-05:00,208.67,209.25,208.33,208.723,471100
2025-12-16 10:05:00-05:00,208.77,208.9499,207.7,207.8,380806
2025-12-16 10:10:00-05:00,207.7,208.456,207.6299,208.05,320810
2025-12-16 10:15:00-05:00,207.97,208.085,206.89,207.24,384869
2025-12-16 10:20:00-05:00,207.3,207.37,206.05,206.21,439600
2025-12-16 10:25:00-05:00,206.1737,206.5399,205.11,206.47,657264
2025-12-16 10:30:00-05:00,206.47,207.88,206.38,207.6375,424838
2025-12-16 10:35:00-05:00,207.64,207.86,206.0778,206.6951,388346
2025-12-16 10:40:00-05:00,206.685,206.8989,205.89,206.83,339541
2025-12-16 10:45:00-05:00,206.86,207.78,206.755,207.545,229031
2025-12-16 10:50:00-05:00,207.58,208.38,206.8588,208.175,305179
2025-12-16 10:55:00-05:00,208.15,208.82,207.94,208.13,307322
2025-12-16 11:00:00-05:00,208.23,208.5,207.66,207.79,168511
2025-12-16 11:05:00-05:00,207.73,208.02,207.0801,207.18,212834
2025-12-16 11:10:00-05:00,207.18,207.24,206.411,206.75,218369
2025-12-16 11:15:00-05:00,206.71,207,206.08,206.6538,223151
2025-12-16 11:20:00-05:00,206.63,206.94,206.3501,206.53,182510
2025-12-16 11:25:00-05:00,206.46,206.725,206.19,206.45,179581
2025-12-16 11:30:00-05:00,206.455,206.84,206.201,206.78,187288
2025-12-16 11:35:00-05:00,206.79,207,206.2,206.7199,239388
2025-12-16 11:40:00-05:00,206.59,206.9899,206.25,206.9,176207
2025-12-16 11:45:00-05:00,206.85,207.678,206.7601,207.62,246922
2025-12-16 11:50:00-05:00,207.62,207.75,206.9423,207.12,202383
2025-12-16 11:55:00-05:00,207.01,207.82,206.88,207.81,188394
2025-12-16 12:00:00-05:00,207.82,208.05,207.53,207.88,233764
2025-12-16 12:05:00-05:00,207.875,208.07,207.455,207.515,137999
2025-12-16 12:10:00-05:00,207.48,208.02,207.25,207.95,158020
2025-12-16 12:15:00-05:00,208,208.2022,207.82,207.86,116263
2025-12-16 12:20:00-05:00,207.86,208.0275,207.37,207.44,104178
2025-12-16 12:25:00-05:00,207.43,207.47,206.83,207.1119,147185
2025-12-16 12:30:00-05:00,207.08,207.75,207.02,207.7306,140680
2025-12-16 12:35:00-05:00,207.7351,207.9799,207.23,207.44,171353
2025-12-16 12:40:00-05:00,207.47,207.49,207.15,207.38,107417
2025-12-16 12:45:00-05:00,207.385,207.8685,207.385,207.61,135828
2025-12-16 12:50:00-05:00,207.55,207.69,207.36,207.62,119243
2025-12-16 12:55:00-05:00,207.64,207.77,206.92,207.1217,167912
2025-12-16 13:00:00-05:00,207.08,207.2899,206.66,207.23,358383
2025-12-16 13:05:00-05:00,207.24,207.2799,206.6,207,142134
2025-12-16 13:10:00-05:00,207.0012,207.58,206.85,207.58,165029
2025-12-16 13:15:00-05:00,207.56,207.77,207.1737,207.4,131629
2025-12-16 13:20:00-05:00,207.4,207.69,207.1801,207.6573,127186
2025-12-16 13:25:00-05:00,207.66,207.795,207.266,207.4269,112842
2025-12-16 13:30:00-05:00,207.42,208.14,207.38,208.105,208417
2025-12-16 13:35:00-05:00,208.11,208.601,208.04,208.57,215274
2025-12-16 13:40:00-05:00,208.58,209.07,208.52,208.74,237472
2025-12-16 13:45:00-05:00,208.85,209.25,208.8,209.07,222481
2025-12-16 13:50:00-05:00,209.0775,209.15,208.7,208.8,209942
2025-12-16 13:55:00-05:00,208.83,208.9263,208.5604,208.6894,153192
2025-12-16 14:00:00-05:00,208.6925,208.86,207.7001,207.748,239856
2025-12-16 14:05:00-05:00,207.75,208.05,207.6853,207.9635,181797
2025-12-16 14:10:00-05:00,207.995,208.13,207.53,207.6502,163854
2025-12-16 14:15:00-05:00,207.69,207.94,207.45,207.49,154898
2025-12-16 14:20:00-05:00,207.46,208.1699,207.46,207.9,271355
2025-12-16 14:25:00-05:00,207.86,208.33,207.62,207.9646,173309
2025-12-16 14:30:00-05:00,207.93,208.15,207.69,207.86,139241
2025-12-16 14:35:00-05:00,207.83,208.19,207.65,207.76,122244
2025-12-16 14:40:00-05:00,207.795,208.105,207.555,207.93,122015
2025-12-16 14:45:00-05:00,207.911,208.0999,207.51,207.8652,158646
2025-12-16 14:50:00-05:00,207.87,208.35,207.79,208.12,163831
2025-12-16 14:55:00-05:00,208.1,208.22,207.92,207.995,169758
2025-12-16 15:00:00-05:00,207.98,208.64,207.91,208.375,188456
2025-12-16 15:05:00-05:00,208.3998,209.0199,208.1908,208.75,179799
2025-12-16 15:10:00-05:00,208.7699,208.94,208.49,208.5,155709
2025-12-16 15:15:00-05:00,208.54,208.78,208.27,208.77,172850
2025-12-16 15:20:00-05:00,208.76,208.81,208.29,208.6652,162453
2025-12-16 15:25:00-05:00,208.69,208.8,208.46,208.765,153864
2025-12-16 15:30:00-05:00,208.75,209.34,208.74,209.18,215642
2025-12-16 15:35:00-05:00,209.1705,209.82,209.1347,209.64,287521
2025-12-16 15:40:00-05:00,209.6583,209.7437,209.31,209.415,213157
2025-12-16 15:45:00-05:00,209.3901,209.56,209.17,209.54,196215
2025-12-16 15:50:00-05:00,209.52,210.22,209.49,209.76,510010
2025-12-16 15:55:00-05:00,209.74,209.89,209.04,209.04,890857
2025-12-17 09:30:00-05:00,210.035,211.5,208.8803,209.27,872464
2025-12-17 09:35:00-05:00,209.29,209.4892,208.045,208.3911,562261
2025-12-17 09:40:00-05:00,208.3,208.9147,206.5301,207.21,558936
2025-12-17 09:45:00-05:00,207.235,207.95,205.97,207.22,683110
2025-12-17 09:50:00-05:00,207.2385,208.0799,206.86,207.17,381919
2025-12-17 09:55:00-05:00,207.1,208.25,206.5,208.02,392924
2025-12-17 10:00:00-05:00,208.05,208.11,206.66,207.32,501126
2025-12-17 10:05:00-05:00,207.35,208,206.71,206.755,306872
2025-12-17 10:10:00-05:00,206.755,207.32,206.11,206.77,429296
2025-12-17 10:15:00-05:00,206.76,207.0699,205.2701,205.605,413658
2025-12-17 10:20:00-05:00,205.605,206.6055,205.12,206.03,357564
2025-12-17 10:25:00-05:00,206.02,206.405,205.2,206.36,303591
2025-12-17 10:30:00-05:00,206.36,206.75,206.16,206.17,295704
2025-12-17 10:35:00-05:00,206.16,206.45,204.55,204.74,626759
2025-12-17 10:40:00-05:00,204.69,205.45,203.57,203.76,546196
2025-12-17 10:45:00-05:00,203.71,203.74,202.75,202.8,793025
2025-12-17 10:50:00-05:00,202.77,203.1,201.6497,202.105,617953
2025-12-17 10:55:00-05:00,202.05,202.48,201.195,201.525,606096
2025-12-17 11:00:00-05:00,201.51,201.92,200.88,201.39,512846
2025-12-17 11:05:00-05:00,201.51,202.17,201.32,201.89,472723
2025-12-17 11:10:00-05:00,201.915,202.15,199.83,199.87,868376
2025-12-17 11:15:00-05:00,199.87,200.71,199.42,200.365,908407
2025-12-17 11:20:00-05:00,200.36,200.67,199.78,200.4,492064
2025-12-17 11:25:00-05:00,200.4,201.3883,200.355,200.72,380687
2025-12-17 11:30:00-05:00,200.72,200.8299,199.9101,200.18,286550
2025-12-17 11:35:00-05:00,200.17,200.8514,199.8,200.23,281365
2025-12-17 11:40:00-05:00,200.27,201.07,200.05,200.875,268921
2025-12-17 11:45:00-05:00,200.83,201.2699,200.1501,200.3734,245620
2025-12-17 11:50:00-05:00,200.35,200.84,199.85,200.7562,258954
2025-12-17 11:55:00-05:00,200.735,201.115,200.115,201.09,198482
2025-12-17 12:00:00-05:00,201.085,201.3599,200.4101,200.6,279466
2025-12-17 12:05:00-05:00,200.58,201.0399,200.48,200.61,191665
2025-12-17 12:10:00-05:00,200.55,201.15,200.25,200.6848,204875
2025-12-17 12:15:00-05:00,200.65,201.41,200.2837,201.2607,215730
2025-12-17 12:20:00-05:00,201.28,201.6899,201.07,201.605,240458
2025-12-17 12:25:00-05:00,201.585,201.67,200.8,200.9599,217956
2025-12-17 12:30:00-05:00,200.91,201.39,200.73,201,196221
2025-12-17 12:35:00-05:00,201,201.37,200.7601,200.89,167381
2025-12-17 12:40:00-05:00,200.84,200.9887,200.47,200.58,170635
2025-12-17 12:45:00-05:00,200.6,200.82,200.25,200.6048,181059
2025-12-17 12:50:00-05:00,200.57,201.1222,200.57,200.67,175733
2025-12-17 12:55:00-05:00,200.69,200.9806,200.5501,200.65,118011
2025-12-17 13:00:00-05:00,200.6486,201.28,200.6486,201.14,152689
2025-12-17 13:05:00-05:00,201.17,201.5,200.93,200.9692,186318
2025-12-17 13:10:00-05:00,200.93,200.94,200.32,200.3785,168697
2025-12-17 13:15:00-05:00,200.33,200.73,200.27,200.585,172866
2025-12-17 13:20:00-05:00,200.59,200.785,200.36,200.61,120524
2025-12-17 13:25:00-05:00,200.6,200.76,200.48,200.48,106063
2025-12-17 13:30:00-05:00,200.46,200.5999,200.11,200.39,140775
2025-12-17 13:35:00-05:00,200.41,200.45,199.83,199.93,314622
2025-12-17 13:40:00-05:00,199.89,199.94,198.8401,198.98,407731
2025-12-17 13:45:00-05:00,198.93,199.24,198.76,198.92,291041
2025-12-17 13:50:00-05:00,198.9322,199.175,198.61,198.91,256472
2025-12-17 13:55:00-05:00,198.86,199.11,198.65,199.06,185909
2025-12-17 14:00:00-05:00,199.05,199.2001,198.76,198.9475,191378
2025-12-17 14:05:00-05:00,198.975,199.462,198.88,199.43,220627
2025-12-17 14:10:00-05:00,199.4525,199.5599,199.05,199.0501,194675
2025-12-17 14:15:00-05:00,199.085,199.14,198.64,198.64,181613
2025-12-17 14:20:00-05:00,198.66,198.93,198.4,198.87,255044
2025-12-17 14:25:00-05:00,198.8401,199,198.51,198.7127,255013
2025-12-17 14:30:00-05:00,198.68,199,198.13,198.175,235178
2025-12-17 14:35:00-05:00,198.15,198.5,198.04,198.41,206474
2025-12-17 14:40:00-05:00,198.44,198.44,198.03,198.21,176478
2025-12-17 14:45:00-05:00,198.18,198.5,198.05,198.2,200477
2025-12-17 14:50:00-05:00,198.22,198.66,198.12,198.66,171637
2025-12-17 14:55:00-05:00,198.652,198.88,198.42,198.77,248998
2025-12-17 15:00:00-05:00,198.76,198.94,198.21,198.29,215540
2025-12-17 15:05:00-05:00,198.28,198.49,197.91,198.1,301631
2025-12-17 15:10:00-05:00,198.11,198.2599,197.94,198.0575,241329
2025-12-17 15:15:00-05:00,198.045,198.69,198.03,198.431,279404
2025-12-17 15:20:00-05:00,198.46,198.51,198.22,198.35,174432
2025-12-17 15:25:00-05:00,198.3696,198.3696,197.69,198.22,400976
2025-12-17 15:30:00-05:00,198.23,198.47,198.09,198.3828,240763
2025-12-17 15:35:00-05:00,198.385,198.385,197.96,198.1101,247419
2025-12-17 15:40:00-05:00,198.125,198.555,198.06,198.08,328249
2025-12-17 15:45:00-05:00,198.075,198.4,197.87,198.35,392571
2025-12-17 15:50:00-05:00,198.33,198.35,197.54,197.71,572035
2025-12-17 15:55:00-05:00,197.66,198.26,197.53,198.12,1223349
2025-12-18 09:30:00-05:00,203.815,205.99,203.72,205.5402,1651433
2025-12-18 09:35:00-05:00,205.46,206.13,203.97,204.77,1045418
2025-12-18 09:40:00-05:00,204.86,205.1,203.8801,204.78,579050
2025-12-18 09:45:00-05:00,204.73,205.2573,203.01,204.045,623043
2025-12-18 09:50:00-05:00,204.11,205.49,204.0301,205.3,654472
2025-12-18 09:55:00-05:00,205.31,205.68,204.9,205.355,591861
2025-12-18 10:00:00-05:00,205.41,205.615,204.63,204.655,412689
2025-12-18 10:05:00-05:00,204.6595,205.0056,203.73,204.18,435730
2025-12-18 10:10:00-05:00,204.18,204.315,203.27,203.76,493196
2025-12-18 10:15:00-05:00,203.755,204.22,203.2401,203.58,465178
2025-12-18 10:20:00-05:00,203.57,204.95,203.24,204.89,476719
2025-12-18 10:25:00-05:00,204.83,206.36,204.56,205.9118,550313
2025-12-18 10:30:00-05:00,205.9,206.105,204.96,205.16,429039
2025-12-18 10:35:00-05:00,205.215,205.91,204.8,205.6901,327997
2025-12-18 10:40:00-05:00,205.82,206.1,204.79,204.83,350315
2025-12-18 10:45:00-05:00,204.87,204.965,204.08,204.3932,435673
2025-12-18 10:50:00-05:00,204.39,204.78,203.92,204.6898,525993
2025-12-18 10:55:00-05:00,204.7715,204.78,203.72,203.85,283481
2025-12-18 11:00:00-05:00,203.912,203.98,202.91,203.2252,313849
2025-12-18 11:05:00-05:00,203.18,203.4,203.07,203.2801,201421
2025-12-18 11:10:00-05:00,203.295,203.42,202.73,202.86,279293
2025-12-18 11:15:00-05:00,202.86,203.26,202.5,203.09,346716
2025-12-18 11:20:00-05:00,203.09,203.48,203.02,203.29,296422
2025-12-18 11:25:00-05:00,203.2675,203.39,202.65,202.745,316832
2025-12-18 11:30:00-05:00,202.66,203.35,202.6401,203.35,177342
2025-12-18 11:35:00-05:00,203.32,203.83,203.22,203.71,263115
2025-12-18 11:40:00-05:00,203.67,204.15,203.64,203.8745,223074
2025-12-18 11:45:00-05:00,203.85,204.1,203.7,203.9999,172927
2025-12-18 11:50:00-05:00,203.91,204.3,203.74,204.18,220574
2025-12-18 11:55:00-05:00,204.16,204.1999,203.5984,203.69,175688
2025-12-18 12:00:00-05:00,203.65,203.65,203.189,203.21,159709
2025-12-18 12:05:00-05:00,203.2222,203.25,201.7201,201.745,318593
2025-12-18 12:10:00-05:00,201.71,202.01,200.94,201.31,357502
2025-12-18 12:15:00-05:00,201.26,201.36,200.5001,201.22,357913
2025-12-18 12:20:00-05:00,201.24,201.71,200.8,201.0783,374579
2025-12-18 12:25:00-05:00,201.13,201.52,200.57,201.285,307797
2025-12-18 12:30:00-05:00,201.275,201.84,201.04,201.825,262145
2025-12-18 12:35:00-05:00,201.8358,202,201.32,201.775,258953
2025-12-18 12:40:00-05:00,201.83,202.57,201.76,202.55,276054
2025-12-18 12:45:00-05:00,202.58,202.87,202.28,202.405,231997
2025-12-18 12:50:00-05:00,202.36,202.6,201.96,202.48,186084
2025-12-18 12:55:00-05:00,202.43,203.0799,202.31,203.0278,212987
2025-12-18 13:00:00-05:00,202.9701,203.07,202.36,202.4114,137622
2025-12-18 13:05:00-05:00,202.405,202.98,202.39,202.9,209733
2025-12-18 13:10:00-05:00,202.91,202.95,202.58,202.66,150993
2025-12-18 13:15:00-05:00,202.73,203.0799,202.7,202.975,121568
2025-12-18 13:20:00-05:00,202.97,203.05,202.715,202.99,140324
2025-12-18 13:25:00-05:00,202.9608,202.9999,202.52,202.6,110807
2025-12-18 13:30:00-05:00,202.57,202.779,202.2,202.2,162444
2025-12-18 13:35:00-05:00,202.2,202.91,202.1706,202.8,146180
2025-12-18 13:40:00-05:00,202.82,202.85,202.4501,202.49,119470
2025-12-18 13:45:00-05:00,202.47,202.57,202.22,202.33,127346
2025-12-18 13:50:00-05:00,202.305,202.71,202.25,202.515,244099
2025-12-18 13:55:00-05:00,202.515,202.75,202.235,202.64,149214
2025-12-18 14:00:00-05:00,202.64,202.68,201.92,201.96,188854
2025-12-18 14:05:00-05:00,201.91,202.579,201.75,202.53,196413
2025-12-18 14:10:00-05:00,202.53,202.94,202.0485,202.155,271903
2025-12-18 14:15:00-05:00,202.2,202.27,201.82,202.1275,185728
2025-12-18 14:20:00-05:00,202.11,202.445,201.98,202.215,121283
2025-12-18 14:25:00-05:00,202.215,202.4,201.75,201.98,154921
2025-12-18 14:30:00-05:00,201.975,202.07,201.4,201.4,126249
2025-12-18 14:35:00-05:00,201.4,201.85,201.34,201.77,134405
2025-12-18 14:40:00-05:00,201.77,201.86,201.3417,201.42,149369
2025-12-18 14:45:00-05:00,201.435,201.89,201.28,201.87,93423
2025-12-18 14:50:00-05:00,201.85,202.04,201.25,201.36,114295
2025-12-18 14:55:00-05:00,201.36,201.36,200.7,201.13,247492
2025-12-18 15:00:00-05:00,201.14,201.57,200.8,201.51,144949
2025-12-18 15:05:00-05:00,201.54,202.0799,201.51,201.81,186304
2025-12-18 15:10:00-05:00,201.85,202.45,201.78,202.44,178792
2025-12-18 15:15:00-05:00,202.41,202.59,202.17,202.3454,203883
2025-12-18 15:20:00-05:00,202.3881,202.6999,202.16,202.655,178825
2025-12-18 15:25:00-05:00,202.68,202.8681,202.45,202.75,177693
2025-12-18 15:30:00-05:00,202.71,202.8499,202.24,202.41,164260
2025-12-18 15:35:00-05:00,202.45,202.5882,201.9301,202.05,203384
2025-12-18 15:40:00-05:00,202.04,202.155,201.83,202.05,183941
2025-12-18 15:45:00-05:00,202.06,202.18,201.67,201.98,238608
2025-12-18 15:50:00-05:00,201.98,202.02,201.3613,201.475,359356
2025-12-18 15:55:00-05:00,201.46,201.51,200.89,200.98,1043592
2025-12-19 09:30:00-05:00,204.6,207.23,204.2001,206.2245,3701593
2025-12-19 09:35:00-05:00,206.3,207.67,205.13,207.57,840665
2025-12-19 09:40:00-05:00,207.57,209.46,206.76,209.2896,1118368
2025-12-19 09:45:00-05:00,209.2501,211,209.2,210.42,1468539
2025-12-19 09:50:00-05:00,210.41,210.49,209.4,210.04,770009
2025-12-19 09:55:00-05:00,210.04,211.7399,209.9257,211.705,726007
2025-12-19 10:00:00-05:00,211.74,212.37,211.11,211.7543,909377
2025-12-19 10:05:00-05:00,211.7,212.04,210.9001,211.69,625527
2025-12-19 10:10:00-05:00,211.6901,211.82,210.68,210.818,549983
2025-12-19 10:15:00-05:00,210.85,211.43,210.4201,211.405,495604
2025-12-19 10:20:00-05:00,211.37,211.45,210.57,211.0101,492348
2025-12-19 10:25:00-05:00,211.01,211.2,210.22,210.625,502422
2025-12-19 10:30:00-05:00,210.58,210.8,210.09,210.56,357766
2025-12-19 10:35:00-05:00,210.6,211.24,210.13,210.19,399596
2025-12-19 10:40:00-05:00,210.2121,210.6499,210,210.3,449336
2025-12-19 10:45:00-05:00,210.35,210.41,209.53,209.58,454639
2025-12-19 10:50:00-05:00,209.565,210.01,209.52,209.99,237817
2025-12-19 10:55:00-05:00,210,210.635,209.8948,210.415,357539
2025-12-19 11:00:00-05:00,210.37,210.77,209.94,210.66,267888
2025-12-19 11:05:00-05:00,210.68,211.27,210.52,210.9799,395416
2025-12-19 11:10:00-05:00,210.97,211.4404,210.9492,211.25,278550
2025-12-19 11:15:00-05:00,211.29,211.62,211.15,211.365,280176
2025-12-19 11:20:00-05:00,211.3615,211.75,211.07,211.6,791421
2025-12-19 11:25:00-05:00,211.63,211.75,211.3,211.5687,301191
2025-12-19 11:30:00-05:00,211.6,211.95,211.48,211.775,392375
2025-12-19 11:35:00-05:00,211.76,211.82,211.37,211.58,293301
2025-12-19 11:40:00-05:00,211.62,211.94,211.3705,211.9,263232
2025-12-19 11:45:00-05:00,211.87,212.1199,211.23,211.34,466310
2025-12-19 11:50:00-05:00,211.3293,211.74,211.1001,211.3464,252375
2025-12-19 11:55:00-05:00,211.3813,211.59,211.25,211.395,119807
2025-12-19 12:00:00-05:00,211.42,211.88,211.4,211.85,1022621
2025-12-19 12:05:00-05:00,211.81,211.969,211.641,211.8,155367
2025-12-19 12:10:00-05:00,211.8399,212.18,211.75,212.135,206434
2025-12-19 12:15:00-05:00,212.13,212.7,211.99,212.2301,334949
2025-12-19 12:20:00-05:00,212.26,212.45,212.1101,212.355,195857
2025-12-19 12:25:00-05:00,212.3694,212.5799,212.3001,212.45,202622
2025-12-19 12:30:00-05:00,212.46,212.8885,212.43,212.845,273113
2025-12-19 12:35:00-05:00,212.81,213.34,212.6201,213.03,420830
2025-12-19 12:40:00-05:00,213.03,213.375,212.8,212.9643,331410
2025-12-19 12:45:00-05:00,212.9352,213.3599,212.6501,213.13,330352
2025-12-19 12:50:00-05:00,213.1313,213.65,213.11,213.54,285753
2025-12-19 12:55:00-05:00,213.54,213.5791,212.94,213,257166
2025-12-19 13:00:00-05:00,213.01,213.25,212.91,213.13,191071
2025-12-19 13:05:00-05:00,213.12,213.81,213.11,213.6,329664
2025-12-19 13:10:00-05:00,213.595,213.95,213.19,213.405,327606
2025-12-19 13:15:00-05:00,213.405,213.54,213.11,213.5,260654
2025-12-19 13:20:00-05:00,213.475,213.67,213.36,213.54,250980
2025-12-19 13:25:00-05:00,213.555,213.64,213.45,213.6,294301
2025-12-19 13:30:00-05:00,213.59,214.07,213.44,213.83,325998
2025-12-19 13:35:00-05:00,213.8195,213.96,213.66,213.946,222744
2025-12-19 13:40:00-05:00,213.92,213.95,213.36,213.39,234334
2025-12-19 13:45:00-05:00,213.385,213.5799,213.1,213.4199,215068
2025-12-19 13:50:00-05:00,213.341,213.96,213.341,213.855,276147
2025-12-19 13:55:00-05:00,213.855,213.855,213.22,213.77,264249
2025-12-19 14:00:00-05:00,213.795,214.1,213.635,213.772,258355
2025-12-19 14:05:00-05:00,213.74,214.05,213.555,213.9055,161512
2025-12-19 14:10:00-05:00,213.93,214.12,213.73,213.88,205533
2025-12-19 14:15:00-05:00,213.888,214.02,213.73,213.932,372437
2025-12-19 14:20:00-05:00,213.91,215.18,213.875,214.71,711478
2025-12-19 14:25:00-05:00,214.74,214.745,214.2793,214.5516,263219
2025-12-19 14:30:00-05:00,214.55,214.6499,214.26,214.47,268063
2025-12-19 14:35:00-05:00,214.44,214.81,214.42,214.54,192607
2025-12-19 14:40:00-05:00,214.56,215.08,214.39,214.7804,398812
2025-12-19 14:45:00-05:00,214.7575,214.96,214.65,214.79,185473
2025-12-19 14:50:00-05:00,214.79,214.82,214.4701,214.58,396399
2025-12-19 14:55:00-05:00,214.58,214.6848,214.41,214.505,202633
2025-12-19 15:00:00-05:00,214.53,215.08,214.53,214.775,361495
2025-12-19 15:05:00-05:00,214.766,214.96,214.47,214.5,159378
2025-12-19 15:10:00-05:00,214.495,214.64,214.46,214.5302,175758
2025-12-19 15:15:00-05:00,214.53,214.8,214.39,214.6399,233416
2025-12-19 15:20:00-05:00,214.63,214.9,214.53,214.731,244774
2025-12-19 15:25:00-05:00,214.75,214.8,214.58,214.685,453181
2025-12-19 15:30:00-05:00,214.67,215.08,214.55,214.84,370551
2025-12-19 15:35:00-05:00,214.85,214.93,214.58,214.675,289734
2025-12-19 15:40:00-05:00,214.69,215,214.47,214.7,283738
2025-12-19 15:45:00-05:00,214.67,214.92,214.32,214.865,489917
2025-12-19 15:50:00-05:00,214.85,215.08,213.9,213.92,913257
2025-12-19 15:55:00-05:00,213.94,214.16,213.35,213.51,1594096
2025-12-22 09:30:00-05:00,220,220.17,215.44,215.875,1779625
2025-12-22 09:35:00-05:00,215.87,216.25,214.59,215.01,930814
2025-12-22 09:40:00-05:00,215.0148,215.7422,214.52,214.9001,658306
2025-12-22 09:45:00-05:00,214.9,215.44,214.25,214.6,662404
2025-12-22 09:50:00-05:00,214.69,215.99,214.3,215.8325,689658
2025-12-22 09:55:00-05:00,215.8,216.02,214.61,214.7,712254
2025-12-22 10:00:00-05:00,214.7091,214.88,213.5,213.9301,716784
2025-12-22 10:05:00-05:00,213.93,214.3499,213.8,213.95,384059
2025-12-22 10:10:00-05:00,213.95,214.26,213.31,213.71,449695
2025-12-22 10:15:00-05:00,213.76,214.5397,213.6267,214.42,379657
2025-12-22 10:20:00-05:00,214.415,214.8,214.1,214.3821,367623
2025-12-22 10:25:00-05:00,214.375,214.6799,214,214.2217,236330
2025-12-22 10:30:00-05:00,214.21,214.525,213.9,214.3,235289
2025-12-22 10:35:00-05:00,214.3,214.3,213.5201,213.9018,289705
2025-12-22 10:40:00-05:00,213.92,214.41,213.67,214.2699,228347
2025-12-22 10:45:00-05:00,214.225,214.3599,213.79,214.08,188516
2025-12-22 10:50:00-05:00,214.0584,214.14,213.57,214.065,228466
2025-12-22 10:55:00-05:00,214.06,214.38,213.81,214.0148,242224
2025-12-22 11:00:00-05:00,214.04,214.2499,213.44,213.455,1140189
2025-12-22 11:05:00-05:00,213.44,213.961,213.36,213.7504,226487
2025-12-22 11:10:00-05:00,213.75,214.31,213.73,214.165,257649
2025-12-22 11:15:00-05:00,214.17,214.94,214.03,214.8895,299065
2025-12-22 11:20:00-05:00,214.875,214.9183,214.51,214.66,223798
2025-12-22 11:25:00-05:00,214.65,214.8,214.43,214.5689,169840
2025-12-22 11:30:00-05:00,214.53,214.56,214.17,214.31,199736
2025-12-22 11:35:00-05:00,214.31,214.51,214.2,214.4171,228207
2025-12-22 11:40:00-05:00,214.38,214.7199,214.3627,214.66,131876
2025-12-22 11:45:00-05:00,214.62,214.825,214.48,214.52,239476
2025-12-22 11:50:00-05:00,214.52,215.14,214.52,214.75,254403
2025-12-22 11:55:00-05:00,214.75,214.8,214.2841,214.7,184691
2025-12-22 12:00:00-05:00,214.72,214.96,214.64,214.95,193868
2025-12-22 12:05:00-05:00,214.93,214.98,214.6,214.68,129071
2025-12-22 12:10:00-05:00,214.68,214.85,214.62,214.73,90915
2025-12-22 12:15:00-05:00,214.72,214.95,214.71,214.8696,98965
2025-12-22 12:20:00-05:00,214.9,214.9499,214.57,214.68,131438
2025-12-22 12:25:00-05:00,214.67,214.73,214.41,214.47,117292
2025-12-22 12:30:00-05:00,214.4724,214.7,214.37,214.6692,132868
2025-12-22 12:35:00-05:00,214.63,215.0499,214.63,214.8934,179808
2025-12-22 12:40:00-05:00,214.88,214.88,214.23,214.23,126357
2025-12-22 12:45:00-05:00,214.25,214.4199,214.0401,214.3816,143340
2025-12-22 12:50:00-05:00,214.39,214.65,214.31,214.6099,139690
2025-12-22 12:55:00-05:00,214.575,214.82,214.54,214.7998,262816
2025-12-22 13:00:00-05:00,214.77,214.91,214.65,214.715,116328
2025-12-22 13:05:00-05:00,214.725,214.77,214.36,214.5,95622
2025-12-22 13:10:00-05:00,214.54,214.54,214.23,214.3,90574
2025-12-22 13:15:00-05:00,214.325,214.4399,214.12,214.36,119361
2025-12-22 13:20:00-05:00,214.34,214.4399,214.11,214.26,99635
2025-12-22 13:25:00-05:00,214.235,214.7,214.1301,214.6999,153597
2025-12-22 13:30:00-05:00,214.69,214.75,214.47,214.53,116492
2025-12-22 13:35:00-05:00,214.51,214.56,214.36,214.46,73193
2025-12-22 13:40:00-05:00,214.46,214.5699,214.3,214.5,572185
2025-12-22 13:45:00-05:00,214.5,214.91,214.4401,214.53,569421
2025-12-22 13:50:00-05:00,214.52,214.52,214.02,214.3401,138571
2025-12-22 13:55:00-05:00,214.34,214.71,214.34,214.52,98084
2025-12-22 14:00:00-05:00,214.5699,214.5699,214.15,214.39,126357
2025-12-22 14:05:00-05:00,214.33,214.62,214.25,214.5,120107
2025-12-22 14:10:00-05:00,214.5,214.605,213.95,214.28,169621
2025-12-22 14:15:00-05:00,214.28,214.4,214.08,214.37,77569
2025-12-22 14:20:00-05:00,214.37,214.3999,214.2,214.23,117373
2025-12-22 14:25:00-05:00,214.21,214.4,214.2,214.36,64946
2025-12-22 14:30:00-05:00,214.38,214.7,214.36,214.5101,142625
2025-12-22 14:35:00-05:00,214.5,214.5548,214.25,214.295,121433
2025-12-22 14:40:00-05:00,214.3,214.48,214.2001,214.37,103652
2025-12-22 14:45:00-05:00,214.38,214.42,214.24,214.355,76798
2025-12-22 14:50:00-05:00,214.37,214.48,214.29,214.3859,97984
2025-12-22 14:55:00-05:00,214.395,214.4399,214.2807,214.32,80029
2025-12-22 15:00:00-05:00,214.35,214.568,214.3203,214.47,506476
2025-12-22 15:05:00-05:00,214.45,214.55,214.2522,214.28,153107
2025-12-22 15:10:00-05:00,214.285,214.63,214.19,214.515,201344
2025-12-22 15:15:00-05:00,214.5,214.688,214.45,214.615,116190
2025-12-22 15:20:00-05:00,214.62,214.96,214.54,214.93,251774
2025-12-22 15:25:00-05:00,214.93,215,214.62,214.894,146307
2025-12-22 15:30:00-05:00,214.8301,214.94,214.59,214.835,163555
2025-12-22 15:35:00-05:00,214.835,214.93,214.71,214.785,96771
2025-12-22 15:40:00-05:00,214.8,215,214.64,214.75,194488
2025-12-22 15:45:00-05:00,214.735,214.85,214.61,214.85,147313
2025-12-22 15:50:00-05:00,214.79,214.835,214.18,214.62,406819
2025-12-22 15:55:00-05:00,214.67,215,214.58,214.95,732432
2025-12-23 09:30:00-05:00,212.855,216.0199,212.28,215.8024,1175459
2025-12-23 09:35:00-05:00,215.8,216.26,215.11,215.595,681053
2025-12-23 09:40:00-05:00,215.66,215.66,214.05,214.555,471017
2025-12-23 09:45:00-05:00,214.55,214.9099,213.77,214.2901,463546
2025-12-23 09:50:00-05:00,214.41,214.499,213.59,213.61,291547
2025-12-23 09:55:00-05:00,213.621,213.7,212.94,213.07,350156
2025-12-23 10:00:00-05:00,213.06,213.34,212.33,212.37,358590
2025-12-23 10:05:00-05:00,212.3784,212.9,212.35,212.7,258029
2025-12-23 10:10:00-05:00,212.7,213.47,212.42,212.8852,373026
2025-12-23 10:15:00-05:00,212.8941,213.95,212.86,213.69,363942
2025-12-23 10:20:00-05:00,213.71,214.5999,213.65,214.59,297362
2025-12-23 10:25:00-05:00,214.5625,214.63,213.5684,213.7024,392426
2025-12-23 10:30:00-05:00,213.7432,214.1999,213.7027,213.9914,192791
2025-12-23 10:35:00-05:00,214.005,214.48,213.86,214.48,206685
2025-12-23 10:40:00-05:00,214.455,214.81,214.43,214.755,252198
2025-12-23 10:45:00-05:00,214.755,214.86,214.3601,214.71,216896
2025-12-23 10:50:00-05:00,214.73,214.95,214.3208,214.475,218256
2025-12-23 10:55:00-05:00,214.485,214.7699,214.42,214.435,160118
2025-12-23 11:00:00-05:00,214.4,215.31,214.36,214.865,333638
2025-12-23 11:05:00-05:00,214.89,215.35,214.74,214.77,231526
2025-12-23 11:10:00-05:00,214.7564,214.8308,214.4101,214.67,176039
2025-12-23 11:15:00-05:00,214.72,215.12,214.64,215.05,150381
2025-12-23 11:20:00-05:00,215.01,215.625,215.01,215.59,230357
2025-12-23 11:25:00-05:00,215.565,215.71,215.3001,215.4302,213491
2025-12-23 11:30:00-05:00,215.47,215.47,215.15,215.28,153916
2025-12-23 11:35:00-05:00,215.265,215.35,214.91,215.0077,139618
2025-12-23 11:40:00-05:00,214.995,215.56,214.995,215.43,219608
2025-12-23 11:45:00-05:00,215.44,215.6,215.28,215.44,111598
2025-12-23 11:50:00-05:00,215.4516,215.97,215.4516,215.84,189363
2025-12-23 11:55:00-05:00,215.85,215.97,215.65,215.75,145076
2025-12-23 12:00:00-05:00,215.76,215.95,215.54,215.73,138236
2025-12-23 12:05:00-05:00,215.79,215.87,215.6661,215.85,111899
2025-12-23 12:10:00-05:00,215.87,216.09,215.5601,215.5618,217914
2025-12-23 12:15:00-05:00,215.56,215.61,215.36,215.57,116766
2025-12-23 12:20:00-05:00,215.5744,215.7399,215.26,215.29,132406
2025-12-23 12:25:00-05:00,215.315,215.37,215.1,215.18,129645
2025-12-23 12:30:00-05:00,215.2,215.4499,215.05,215.115,93872
2025-12-23 12:35:00-05:00,215.11,215.17,214.68,214.68,209396
2025-12-23 12:40:00-05:00,214.71,214.88,214.56,214.66,125307
2025-12-23 12:45:00-05:00,214.66,215.05,214.66,214.9,138181
2025-12-23 12:50:00-05:00,214.88,215.07,214.68,214.77,106730
2025-12-23 12:55:00-05:00,214.77,214.7825,214.545,214.545,89138
2025-12-23 13:00:00-05:00,214.56,214.6264,214.26,214.3301,119711
2025-12-23 13:05:00-05:00,214.3376,214.6,214.33,214.5,126050
2025-12-23 13:10:00-05:00,214.52,214.76,214.47,214.635,104012
2025-12-23 13:15:00-05:00,214.648,214.9399,214.57,214.875,115336
2025-12-23 13:20:00-05:00,214.87,215,214.768,214.825,135389
2025-12-23 13:25:00-05:00,214.825,214.9,214.6,214.625,84580
2025-12-23 13:30:00-05:00,214.63,214.773,214.55,214.6,69373
2025-12-23 13:35:00-05:00,214.604,214.6256,214.3,214.31,105359
2025-12-23 13:40:00-05:00,214.281,214.342,214.13,214.2501,144042
2025-12-23 13:45:00-05:00,214.32,214.62,214.3,214.5,118955
2025-12-23 13:50:00-05:00,214.52,214.52,214.3256,214.3575,58336
2025-12-23 13:55:00-05:00,214.3501,214.67,214.31,214.67,94639
2025-12-23 14:00:00-05:00,214.6786,214.9496,214.5,214.84,121088
2025-12-23 14:05:00-05:00,214.81,214.9,214.66,214.71,87979
2025-12-23 14:10:00-05:00,214.68,214.9388,214.62,214.68,91995
2025-12-23 14:15:00-05:00,214.66,214.76,214.65,214.66,60889
2025-12-23 14:20:00-05:00,214.65,214.73,214.59,214.625,75221
2025-12-23 14:25:00-05:00,214.6292,214.73,214.48,214.52,79703
2025-12-23 14:30:00-05:00,214.52,214.6799,214.47,214.625,70265
2025-12-23 14:35:00-05:00,214.61,214.7699,214.5311,214.63,78591
2025-12-23 14:40:00-05:00,214.665,214.6761,214.52,214.54,58396
2025-12-23 14:45:00-05:00,214.54,214.87,214.49,214.8,162533
2025-12-23 14:50:00-05:00,214.775,214.8,214.55,214.67,87133
2025-12-23 14:55:00-05:00,214.6676,215.1,214.64,214.76,240190
2025-12-23 15:00:00-05:00,214.7493,214.835,214.67,214.72,104805
2025-12-23 15:05:00-05:00,214.752,214.9,214.73,214.8,109546
2025-12-23 15:10:00-05:00,214.8,214.83,214.6,214.64,125555
2025-12-23 15:15:00-05:00,214.67,214.75,214.47,214.5126,132368
2025-12-23 15:20:00-05:00,214.53,214.53,214,214.27,246484
2025-12-23 15:25:00-05:00,214.265,214.41,214.1,214.135,168957
2025-12-23 15:30:00-05:00,214.11,214.64,214.095,214.11,203497
2025-12-23 15:35:00-05:00,214.12,214.2,213.97,214.0799,191689
2025-12-23 15:40:00-05:00,214.06,214.13,213.975,214.055,171948
2025-12-23 15:45:00-05:00,214.055,214.381,214.02,214.26,230019
2025-12-23 15:50:00-05:00,214.32,214.6,214.24,214.5,367023
2025-12-23 15:55:00-05:00,214.49,217.03,214.48,214.87,1086513
2025-12-24 09:30:00-05:00,214.98,216.4799,214.4,216.03,658986
2025-12-24 09:35:00-05:00,216.13,216.54,215.15,215.195,449202
2025-12-24 09:40:00-05:00,215.15,215.6498,214.74,215.235,373148
2025-12-24 09:45:00-05:00,215.3,215.76,214.51,214.81,266895
2025-12-24 09:50:00-05:00,214.89,215.1299,214.435,214.865,292881
2025-12-24 09:55:00-05:00,214.93,215.6,214.7895,215.2406,220265
2025-12-24 10:00:00-05:00,215.28,215.3104,214.6501,215.07,155561
2025-12-24 10:05:00-05:00,215.0484,215.3148,214.78,214.81,138350
2025-12-24 10:10:00-05:00,214.7701,215.6,214.7498,215.2318,180369
2025-12-24 10:15:00-05:00,215.2269,215.7,215.102,215.1301,191793
2025-12-24 10:20:00-05:00,215.1001,215.19,214,214.0301,268089
2025-12-24 10:25:00-05:00,214.09,214.57,213.97,214.51,158181
2025-12-24 10:30:00-05:00,214.43,214.82,214.4201,214.74,125723
2025-12-24 10:35:00-05:00,214.76,215.03,214.68,214.78,102947
2025-12-24 10:40:00-05:00,214.745,214.91,214.5786,214.72,141414
2025-12-24 10:45:00-05:00,214.78,215.0456,214.71,214.96,93827
2025-12-24 10:50:00-05:00,214.96,215,214.75,214.8,103705
2025-12-24 10:55:00-05:00,214.82,214.97,214.7,214.9,86074
2025-12-24 11:00:00-05:00,214.87,215.1299,214.835,214.9601,94279
2025-12-24 11:05:00-05:00,215.02,215.22,214.8,215.2,114833
2025-12-24 11:10:00-05:00,215.23,215.39,215.07,215.34,152537
2025-12-24 11:15:00-05:00,215.35,215.42,215.0627,215.13,117710
2025-12-24 11:20:00-05:00,215.16,215.3,214.95,215.03,76700
2025-12-24 11:25:00-05:00,214.985,215.09,214.81,214.813,77203
2025-12-24 11:30:00-05:00,214.8507,215.12,214.66,215.035,102285
2025-12-24 11:35:00-05:00,215.035,215.33,215.0201,215.16,100337
2025-12-24 11:40:00-05:00,215.18,215.24,215.05,215.15,80228
2025-12-24 11:45:00-05:00,215.12,215.2,214.94,215.16,75978
2025-12-24 11:50:00-05:00,215.1699,215.2,214.81,214.885,72158
2025-12-24 11:55:00-05:00,214.84,215.08,214.79,215.04,58009
2025-12-24 12:00:00-05:00,215.04,215.08,214.87,214.98,59866
2025-12-24 12:05:00-05:00,214.97,215,214.77,214.89,79763
2025-12-24 12:10:00-05:00,214.83,215.17,214.7759,215.095,115394
2025-12-24 12:15:00-05:00,215.0896,215.34,215.05,215.135,130681
2025-12-24 12:20:00-05:00,215.16,215.48,215.04,215.36,109369
2025-12-24 12:25:00-05:00,215.26,215.55,215.16,215.3,119970
2025-12-24 12:30:00-05:00,215.3001,215.58,215.09,215.2401,126453
2025-12-24 12:35:00-05:00,215.2551,215.29,214.97,215.045,91190
2025-12-24 12:40:00-05:00,215.03,215.12,214.8988,214.9442,96559
2025-12-24 12:45:00-05:00,214.92,215.3,214.9,215.15,111936
2025-12-24 12:50:00-05:00,215.1,215.4,214.94,214.94,229538
2025-12-24 12:55:00-05:00,214.94,215.2,214.71,215.11,356624
2025-12-24 13:00:00-05:00,215.04,215.04,215.04,215.04,377235
2025-12-26 09:30:00-05:00,215.43,216.4299,213.98,216.215,874679
2025-12-26 09:35:00-05:00,216.13,216.38,214.13,214.35,565912
2025-12-26 09:40:00-05:00,214.3,215.22,213.41,214.12,487554
2025-12-26 09:45:00-05:00,214.1,214.64,213.76,214.06,296525
2025-12-26 09:50:00-05:00,214.05,214.06,213.07,213.2375,331531
2025-12-26 09:55:00-05:00,213.26,213.5765,213.03,213.3,211278
2025-12-26 10:00:00-05:00,213.3,213.73,213.04,213.65,272723
2025-12-26 10:05:00-05:00,213.66,214.0688,213.43,214.03,227911
2025-12-26 10:10:00-05:00,213.98,214.282,213.46,214.002,343195
2025-12-26 10:15:00-05:00,214.01,214.47,213.8305,214.47,243999
2025-12-26 10:20:00-05:00,214.47,215.4,214.34,215.31,411792
2025-12-26 10:25:00-05:00,215.29,215.41,214.87,215.24,256708
2025-12-26 10:30:00-05:00,215.27,216.15,215.2,216.14,409768
2025-12-26 10:35:00-05:00,216.1412,216.83,215.97,216.38,654188
2025-12-26 10:40:00-05:00,216.45,216.64,215.62,215.7299,335272
2025-12-26 10:45:00-05:00,215.695,216.0099,215.45,215.9075,234231
2025-12-26 10:50:00-05:00,215.9209,215.98,215.32,215.68,232144
2025-12-26 10:55:00-05:00,215.702,215.74,215.3521,215.46,193703
2025-12-26 11:00:00-05:00,215.44,215.755,215.1,215.58,183797
2025-12-26 11:05:00-05:00,215.565,215.745,215.47,215.57,109785
2025-12-26 11:10:00-05:00,215.65,215.8299,215.15,215.178,173623
2025-12-26 11:15:00-05:00,215.18,215.48,215.17,215.33,125267
2025-12-26 11:20:00-05:00,215.26,215.99,215.2476,215.895,196150
2025-12-26 11:25:00-05:00,215.89,215.9297,215.24,215.255,167762
2025-12-26 11:30:00-05:00,215.2511,215.73,215.17,215.64,135853
2025-12-26 11:35:00-05:00,215.64,216.02,215.55,215.5617,203006
2025-12-26 11:40:00-05:00,215.56,215.85,215.47,215.6,100139
2025-12-26 11:45:00-05:00,215.6,215.7999,215.5317,215.595,105071
2025-12-26 11:50:00-05:00,215.62,215.9,215.53,215.585,89636
2025-12-26 11:55:00-05:00,215.61,215.6999,215.4,215.5,71622
2025-12-26 12:00:00-05:00,215.52,215.75,215.45,215.6701,82371
2025-12-26 12:05:00-05:00,215.7434,215.7434,215.26,215.275,113259
2025-12-26 12:10:00-05:00,215.27,215.5,215.22,215.26,94395
2025-12-26 12:15:00-05:00,215.27,215.45,215.21,215.28,107470
2025-12-26 12:20:00-05:00,215.23,215.28,215.11,215.21,93865
2025-12-26 12:25:00-05:00,215.215,215.5,215.1501,215.5,82229
2025-12-26 12:30:00-05:00,215.48,215.68,215.42,215.66,128200
2025-12-26 12:35:00-05:00,215.6599,215.68,215.3109,215.3152,90657
2025-12-26 12:40:00-05:00,215.31,215.39,215.2,215.235,105116
2025-12-26 12:45:00-05:00,215.2415,215.3,215.11,215.2,73909
2025-12-26 12:50:00-05:00,215.22,215.74,215.17,215.4601,191745
2025-12-26 12:55:00-05:00,215.49,215.5094,215.2,215.2,76943
2025-12-26 13:00:00-05:00,215.2261,215.3399,214.8436,215.0456,131710
2025-12-26 13:05:00-05:00,215.0494,215.5,215.02,215.38,105628
2025-12-26 13:10:00-05:00,215.38,215.6,215.3521,215.385,93648
2025-12-26 13:15:00-05:00,215.37,215.43,215.14,215.29,108192
2025-12-26 13:20:00-05:00,215.265,215.355,214.98,215.17,124297
2025-12-26 13:25:00-05:00,215.17,215.22,215.0106,215.0418,72843
2025-12-26 13:30:00-05:00,215.04,215.15,214.79,214.8,138792
2025-12-26 13:35:00-05:00,214.82,215.1072,214.77,215.06,88369
2025-12-26 13:40:00-05:00,215.03,215.0799,214.91,215.0186,90332
2025-12-26 13:45:00-05:00,215.01,215.25,214.93,215.18,94443
2025-12-26 13:50:00-05:00,215.23,215.33,215.09,215.175,94073
2025-12-26 13:55:00-05:00,215.175,215.22,214.98,215.22,90023
2025-12-26 14:00:00-05:00,215.24,215.37,215.08,215.155,132589
2025-12-26 14:05:00-05:00,215.21,215.25,215.09,215.18,64484
2025-12-26 14:10:00-05:00,215.15,215.25,215.09,215.15,66220
2025-12-26 14:15:00-05:00,215.15,215.21,215,215.135,89787
2025-12-26 14:20:00-05:00,215.1117,215.25,215.01,215.0687,77121
2025-12-26 14:25:00-05:00,215.08,215.09,214.84,215.005,94733
2025-12-26 14:30:00-05:00,215.005,215.1299,214.87,214.92,107866
2025-12-26 14:35:00-05:00,214.9387,215.05,214.75,214.82,91649
2025-12-26 14:40:00-05:00,214.817,214.8649,214.61,214.82,124699
2025-12-26 14:45:00-05:00,214.8,214.95,214.68,214.885,85125
2025-12-26 14:50:00-05:00,214.87,215.1,214.83,214.84,243918
2025-12-26 14:55:00-05:00,214.8545,214.92,214.775,214.815,84679
2025-12-26 15:00:00-05:00,214.82,214.8499,214.6301,214.655,81325
2025-12-26 15:05:00-05:00,214.66,214.71,214.42,214.54,122614
2025-12-26 15:10:00-05:00,214.57,214.75,214.49,214.7275,98136
2025-12-26 15:15:00-05:00,214.75,214.8625,214.63,214.84,90644
2025-12-26 15:20:00-05:00,214.841,214.99,214.7601,214.93,111140
2025-12-26 15:25:00-05:00,214.9313,214.9556,214.7975,214.83,64133
2025-12-26 15:30:00-05:00,214.845,215.2114,214.83,215.0999,187294
2025-12-26 15:35:00-05:00,215.0575,215.1,214.82,214.88,150747
2025-12-26 15:40:00-05:00,214.888,215,214.8,214.97,128155
2025-12-26 15:45:00-05:00,214.99,214.99,214.8,214.9,94976
2025-12-26 15:50:00-05:00,214.94,215.2,214.61,215.15,410780
2025-12-26 15:55:00-05:00,215.19,215.21,214.87,214.9,671865
2025-12-29 09:30:00-05:00,211.575,211.66,209.24,211.523,1217016
2025-12-29 09:35:00-05:00,211.51,214.52,211.01,214.355,902167
2025-12-29 09:40:00-05:00,214.26,215.4799,213.9555,215.175,800098
2025-12-29 09:45:00-05:00,215.175,215.3,212.6117,212.88,764255
2025-12-29 09:50:00-05:00,212.8,213.0388,211.58,212.2499,600196
2025-12-29 09:55:00-05:00,212.1416,212.87,211.79,211.985,364611
2025-12-29 10:00:00-05:00,212.01,212.32,211.75,212.16,245951
2025-12-29 10:05:00-05:00,212.155,212.715,211.5,211.6001,405623
2025-12-29 10:10:00-05:00,211.66,211.7,211.21,211.49,309337
2025-12-29 10:15:00-05:00,211.45,212.64,211.45,212.445,307621
2025-12-29 10:20:00-05:00,212.42,213.31,212.41,213.26,301113
2025-12-29 10:25:00-05:00,213.29,213.68,213.16,213.6232,271864
2025-12-29 10:30:00-05:00,213.62,213.99,213.56,213.96,246106
2025-12-29 10:35:00-05:00,213.96,214.3899,213.79,213.965,293301
2025-12-29 10:40:00-05:00,213.965,214.13,213.71,214.095,196615
2025-12-29 10:45:00-05:00,214.06,214.2518,213.53,213.6,212774
2025-12-29 10:50:00-05:00,213.62,213.68,212.86,213.2775,249744
2025-12-29 10:55:00-05:00,213.22,213.81,213.0555,213.395,195140
2025-12-29 11:00:00-05:00,213.4,213.798,212.75,212.82,190755
2025-12-29 11:05:00-05:00,212.83,213.25,212.81,213.16,157579
2025-12-29 11:10:00-05:00,213.165,213.84,213.13,213.75,201939
2025-12-29 11:15:00-05:00,213.73,213.9,213.4601,213.855,172803
2025-12-29 11:20:00-05:00,213.82,214.08,213.6325,213.995,181154
2025-12-29 11:25:00-05:00,213.97,214.04,213.62,213.89,144261
2025-12-29 11:30:00-05:00,213.85,214.76,213.79,214.43,257971
2025-12-29 11:35:00-05:00,214.41,214.55,214.2,214.2,152061
2025-12-29 11:40:00-05:00,214.225,214.26,213.96,214.16,118845
2025-12-29 11:45:00-05:00,214.17,214.45,214.11,214.181,144890
2025-12-29 11:50:00-05:00,214.26,214.34,214.085,214.23,112184
2025-12-29 11:55:00-05:00,214.265,214.2811,213.97,214.133,132466
2025-12-29 12:00:00-05:00,214.15,214.48,214.0645,214.29,125476
2025-12-29 12:05:00-05:00,214.29,214.37,213.93,213.965,110205
2025-12-29 12:10:00-05:00,213.9734,213.9776,213.67,213.885,147465
2025-12-29 12:15:00-05:00,213.885,214.35,213.77,214.05,139740
2025-12-29 12:20:00-05:00,214.04,214.18,213.8201,213.87,97405
2025-12-29 12:25:00-05:00,213.855,213.8689,213.34,213.555,155521
2025-12-29 12:30:00-05:00,213.6099,213.88,213.43,213.85,116482
2025-12-29 12:35:00-05:00,213.875,214.09,213.81,213.8116,89393
2025-12-29 12:40:00-05:00,213.838,214.06,213.69,213.82,153093
2025-12-29 12:45:00-05:00,213.82,214.2315,213.78,214.15,127608
2025-12-29 12:50:00-05:00,214.14,214.53,214.14,214.43,143254
2025-12-29 12:55:00-05:00,214.42,214.675,214.42,214.4801,133402
2025-12-29 13:00:00-05:00,214.48,214.48,214.17,214.32,96432
2025-12-29 13:05:00-05:00,214.3,214.37,214.15,214.1684,81623
2025-12-29 13:10:00-05:00,214.165,214.185,213.88,213.9399,121848
2025-12-29 13:15:00-05:00,213.94,214.2999,213.87,214.175,107159
2025-12-29 13:20:00-05:00,214.14,214.77,214.08,214.77,190172
2025-12-29 13:25:00-05:00,214.76,214.765,214.37,214.4,125401
2025-12-29 13:30:00-05:00,214.4053,214.69,214.38,214.625,112684
2025-12-29 13:35:00-05:00,214.63,214.84,214.61,214.67,129251
2025-12-29 13:40:00-05:00,214.6725,214.7847,214.53,214.7,98860
2025-12-29 13:45:00-05:00,214.65,214.7,214.44,214.505,90708
2025-12-29 13:50:00-05:00,214.5051,214.63,214.41,214.61,81873
2025-12-29 13:55:00-05:00,214.61,214.69,214.37,214.69,166291
2025-12-29 14:00:00-05:00,214.6769,214.87,214.57,214.8,131210
2025-12-29 14:05:00-05:00,214.81,214.89,214.6,214.616,126888
2025-12-29 14:10:00-05:00,214.58,214.77,214.52,214.72,112879
2025-12-29 14:15:00-05:00,214.76,214.97,214.7101,214.78,96255
2025-12-29 14:20:00-05:00,214.79,215.64,214.7832,215.35,355610
2025-12-29 14:25:00-05:00,215.3625,215.41,215.0601,215.1629,118226
2025-12-29 14:30:00-05:00,215.19,215.46,215.11,215.27,126146
2025-12-29 14:35:00-05:00,215.275,215.48,215.15,215.4689,101186
2025-12-29 14:40:00-05:00,215.445,215.53,215.34,215.405,122038
2025-12-29 14:45:00-05:00,215.43,215.8,215.3,215.75,155680
2025-12-29 14:50:00-05:00,215.7274,215.99,215.7274,215.895,202872
2025-12-29 14:55:00-05:00,215.91,216.047,215.7204,215.78,183957
2025-12-29 15:00:00-05:00,215.75,215.81,215.5884,215.7301,112620
2025-12-29 15:05:00-05:00,215.75,215.8,215.6,215.635,82073
2025-12-29 15:10:00-05:00,215.67,215.74,215.5,215.6606,120299
2025-12-29 15:15:00-05:00,215.675,215.84,215.62,215.6624,128570
2025-12-29 15:20:00-05:00,215.66,215.79,215.6,215.77,128672
2025-12-29 15:25:00-05:00,215.75,215.78,215.5,215.52,127725
2025-12-29 15:30:00-05:00,215.55,215.7899,215.52,215.6201,126199
2025-12-29 15:35:00-05:00,215.62,215.68,215.48,215.52,120215
2025-12-29 15:40:00-05:00,215.5,215.6,215.31,215.4701,197899
2025-12-29 15:45:00-05:00,215.46,215.643,215.4,215.6199,145115
2025-12-29 15:50:00-05:00,215.63,215.89,215.2,215.28,322732
2025-12-29 15:55:00-05:00,215.36,215.65,215.13,215.65,736660
2025-12-30 09:30:00-05:00,215.865,216.64,215,215.91,659466
2025-12-30 09:35:00-05:00,215.9,216.34,214.77,215.25,423556
2025-12-30 09:40:00-05:00,215.27,215.5899,214.6701,214.9,280535
2025-12-30 09:45:00-05:00,214.915,215.85,214.84,215.838,342692
2025-12-30 09:50:00-05:00,215.815,216.25,215.77,215.96,413075
2025-12-30 09:55:00-05:00,215.96,216.3199,215.16,215.18,384762
2025-12-30 10:00:00-05:00,215.18,215.3094,214.8,215.04,361156
2025-12-30 10:05:00-05:00,215.0608,215.23,214.7501,214.8728,290274
2025-12-30 10:10:00-05:00,214.94,214.95,214.46,214.63,280517
2025-12-30 10:15:00-05:00,214.6499,215.1899,214.56,215.1624,279239
2025-12-30 10:20:00-05:00,215.16,215.33,215.01,215.08,255446
2025-12-30 10:25:00-05:00,215.06,215.25,214.89,215.01,156802
2025-12-30 10:30:00-05:00,215.06,215.149,214.91,214.988,109621
2025-12-30 10:35:00-05:00,214.975,215.15,214.91,214.96,149869
2025-12-30 10:40:00-05:00,214.955,215.24,214.785,215.0796,169148
2025-12-30 10:45:00-05:00,215.09,215.25,214.945,215.19,134189
2025-12-30 10:50:00-05:00,215.18,215.54,215.135,215.255,248903
2025-12-30 10:55:00-05:00,215.255,215.92,215.255,215.752,225603
2025-12-30 11:00:00-05:00,215.76,215.95,215.55,215.9431,193109
2025-12-30 11:05:00-05:00,215.9236,216.12,215.685,215.77,246226
2025-12-30 11:10:00-05:00,215.782,215.86,215.59,215.71,168975
2025-12-30 11:15:00-05:00,215.68,215.88,215.63,215.85,129827
2025-12-30 11:20:00-05:00,215.89,216.82,215.88,216.605,409914
2025-12-30 11:25:00-05:00,216.624,216.8,216.39,216.46,256711
2025-12-30 11:30:00-05:00,216.4,216.49,215.83,215.96,251670
2025-12-30 11:35:00-05:00,215.9673,216.0399,215.32,215.3999,226061
2025-12-30 11:40:00-05:00,215.36,215.47,215.15,215.295,180646
2025-12-30 11:45:00-05:00,215.2875,215.34,215.015,215.1099,183258
2025-12-30 11:50:00-05:00,215.0939,215.26,215.0201,215.2285,143277
2025-12-30 11:55:00-05:00,215.25,215.3286,215,215.15,170459
2025-12-30 12:00:00-05:00,215.15,215.19,214.94,214.99,141313
2025-12-30 12:05:00-05:00,215.01,215.24,215,215.08,111862
2025-12-30 12:10:00-05:00,215.09,215.218,215.05,215.08,73483
2025-12-30 12:15:00-05:00,215.06,215.2,214.98,215.15,140987
2025-12-30 12:20:00-05:00,215.15,215.2099,214.9,215.07,124887
2025-12-30 12:25:00-05:00,215.0564,215.07,214.86,214.98,177962
2025-12-30 12:30:00-05:00,215.0012,215.14,214.92,215.075,140456
2025-12-30 12:35:00-05:00,215.08,215.14,214.97,215.082,109765
2025-12-30 12:40:00-05:00,215.1,215.12,214.92,214.9253,90368
2025-12-30 12:45:00-05:00,214.9385,215.18,214.83,215.1422,146740
2025-12-30 12:50:00-05:00,215.16,215.2332,215.1,215.21,83958
2025-12-30 12:55:00-05:00,215.21,215.32,215.09,215.1577,109337
2025-12-30 13:00:00-05:00,215.17,215.18,214.96,215.15,99619
2025-12-30 13:05:00-05:00,215.16,215.43,215.135,215.3,127302
2025-12-30 13:10:00-05:00,215.3,215.3194,215.02,215.122,83726
2025-12-30 13:15:00-05:00,215.115,215.225,215.1,215.15,110769
2025-12-30 13:20:00-05:00,215.17,215.2499,215.1,215.22,70714
2025-12-30 13:25:00-05:00,215.24,215.33,215.12,215.2,137651
2025-12-30 13:30:00-05:00,215.18,215.33,215.04,215.05,110527
2025-12-30 13:35:00-05:00,215.05,215.14,214.95,215.0038,116222
2025-12-30 13:40:00-05:00,215.02,215.14,214.95,215.1277,80159
2025-12-30 13:45:00-05:00,215.12,215.1799,215.055,215.1,83343
2025-12-30 13:50:00-05:00,215.09,215.14,214.95,215,81378
2025-12-30 13:55:00-05:00,215.02,215.13,214.95,215.07,76457
2025-12-30 14:00:00-05:00,215.06,215.0999,214.9,214.925,73369
2025-12-30 14:05:00-05:00,214.91,215.14,214.8201,215.01,86234
2025-12-30 14:10:00-05:00,215.02,215.07,214.9208,215.05,88760
2025-12-30 14:15:00-05:00,215.05,215.07,214.8701,214.98,148290
2025-12-30 14:20:00-05:00,214.985,215.16,214.96,215.14,85973
2025-12-30 14:25:00-05:00,215.12,215.15,214.98,215.1,68066
2025-12-30 14:30:00-05:00,215.11,215.2099,215,215.04,102722
2025-12-30 14:35:00-05:00,215.05,215.07,214.8901,215.0453,93710
2025-12-30 14:40:00-05:00,215.02,215.04,214.94,214.94,56552
2025-12-30 14:45:00-05:00,214.9515,215,214.7768,214.795,97606
2025-12-30 14:50:00-05:00,214.7992,214.85,214.53,214.6352,151014
2025-12-30 14:55:00-05:00,214.66,214.6608,214.48,214.55,130370
2025-12-30 15:00:00-05:00,214.53,214.61,214.34,214.355,128159
2025-12-30 15:05:00-05:00,214.3799,214.71,214.33,214.596,228600
2025-12-30 15:10:00-05:00,214.58,214.88,214.37,214.83,167200
2025-12-30 15:15:00-05:00,214.8324,215,214.7809,214.915,164975
2025-12-30 15:20:00-05:00,214.915,215.07,214.845,214.93,119364
2025-12-30 15:25:00-05:00,214.9347,214.99,214.75,214.83,103633
2025-12-30 15:30:00-05:00,214.8,215.06,214.7284,215.03,178818
2025-12-30 15:35:00-05:00,215.02,215.08,214.951,215.0599,144853
2025-12-30 15:40:00-05:00,215.02,215.08,214.92,215,134633
2025-12-30 15:45:00-05:00,215.02,215.06,214.8696,214.9,205101
2025-12-30 15:50:00-05:00,214.91,215.3,214.81,215.25,379116
2025-12-30 15:55:00-05:00,215.26,215.6166,215.2,215.32,1075902
2025-12-31 09:30:00-05:00,215.815,217.17,214.65,215.2874,977805
2025-12-31 09:35:00-05:00,215.41,216.3,214.53,215.45,530695
2025-12-31 09:40:00-05:00,215.46,215.78,214.95,215.775,267009
2025-12-31 09:45:00-05:00,215.79,217.05,215.5,217.035,569264
2025-12-31 09:50:00-05:00,217.07,217.64,216.35,217.21,798858
2025-12-31 09:55:00-05:00,217.26,217.53,215.38,215.66,643666
2025-12-31 10:00:00-05:00,215.68,216.5746,215.48,216.5746,314705
2025-12-31 10:05:00-05:00,216.51,217.05,216.44,216.68,370299
2025-12-31 10:10:00-05:00,216.68,216.7652,216.01,216.37,285070
2025-12-31 10:15:00-05:00,216.33,216.6741,215.65,215.93,270770
2025-12-31 10:20:00-05:00,215.8916,216.16,215.76,216.012,164416
2025-12-31 10:25:00-05:00,215.96,216.31,215.95,216.18,184494
2025-12-31 10:30:00-05:00,216.13,216.4,215.8,215.985,156470
2025-12-31 10:35:00-05:00,216.04,216.077,215.6711,215.9377,160097
2025-12-31 10:40:00-05:00,215.945,216.11,215.8,216.0525,119653
2025-12-31 10:45:00-05:00,216.055,216.06,215.75,215.955,97744
2025-12-31 10:50:00-05:00,216,216.01,215.55,215.59,168301
2025-12-31 10:55:00-05:00,215.59,215.6883,215.05,215.2,289969
2025-12-31 11:00:00-05:00,215.18,215.595,215.18,215.455,120753
2025-12-31 11:05:00-05:00,215.455,215.72,215.35,215.655,118811
2025-12-31 11:10:00-05:00,215.655,216.1,215.54,216.0165,160857
2025-12-31 11:15:00-05:00,216.05,216.55,216.0129,216.29,276994
2025-12-31 11:20:00-05:00,216.275,216.52,216.24,216.4281,185028
2025-12-31 11:25:00-05:00,216.43,216.67,216.35,216.54,171463
2025-12-31 11:30:00-05:00,216.55,216.55,216.1,216.2378,178075
2025-12-31 11:35:00-05:00,216.22,216.37,216.0758,216.0801,120065
2025-12-31 11:40:00-05:00,216.12,216.13,215.77,215.8627,133262
2025-12-31 11:45:00-05:00,215.91,215.9699,215.745,215.83,109802
2025-12-31 11:50:00-05:00,215.85,216.07,215.73,215.9,135320
2025-12-31 11:55:00-05:00,215.93,216.2199,215.93,216.195,127689
2025-12-31 12:00:00-05:00,216.17,216.2299,215.8,215.83,113669
2025-12-31 12:05:00-05:00,215.8642,215.98,215.47,215.5843,139441
2025-12-31 12:10:00-05:00,215.58,215.67,215.48,215.625,74692
2025-12-31 12:15:00-05:00,215.6,215.9,215.58,215.74,114191
2025-12-31 12:20:00-05:00,215.74,215.91,215.71,215.8601,74568
2025-12-31 12:25:00-05:00,215.83,216.23,215.6901,216.18,165192
2025-12-31 12:30:00-05:00,216.19,216.19,215.8616,215.91,87167
2025-12-31 12:35:00-05:00,215.9576,216.56,215.93,216.39,172912
2025-12-31 12:40:00-05:00,216.385,216.57,216.2802,216.45,104702
2025-12-31 12:45:00-05:00,216.45,216.57,216.3101,216.3592,96381
2025-12-31 12:50:00-05:00,216.3356,216.345,215.72,215.76,170800
2025-12-31 12:55:00-05:00,215.8,215.85,215.58,215.8192,123100
2025-12-31 13:00:00-05:00,215.8377,216,215.75,215.8399,95028
2025-12-31 13:05:00-05:00,215.84,215.95,215.62,215.9,70930
2025-12-31 13:10:00-05:00,215.885,216.4299,215.84,216.41,118068
2025-12-31 13:15:00-05:00,216.39,216.5,216.24,216.28,131201
2025-12-31 13:20:00-05:00,216.3199,216.46,216.25,216.31,74827
2025-12-31 13:25:00-05:00,216.3,216.57,216.23,216.465,126804
2025-12-31 13:30:00-05:00,216.4301,216.52,216.39,216.47,72592
2025-12-31 13:35:00-05:00,216.47,216.7,216.41,216.52,141240
2025-12-31 13:40:00-05:00,216.53,217.06,216.53,216.69,241330
2025-12-31 13:45:00-05:00,216.6829,216.97,216.6201,216.8614,106416
2025-12-31 13:50:00-05:00,216.82,216.95,216.72,216.87,99761
2025-12-31 13:55:00-05:00,216.7916,216.8799,216.53,216.625,142351
2025-12-31 14:00:00-05:00,216.61,216.95,216.56,216.78,91455
2025-12-31 14:05:00-05:00,216.7701,216.78,216.5901,216.65,76869
2025-12-31 14:10:00-05:00,216.655,216.84,216.61,216.745,58762
2025-12-31 14:15:00-05:00,216.745,216.76,216.39,216.4395,98678
2025-12-31 14:20:00-05:00,216.4418,216.4418,215.98,216.0531,147915
2025-12-31 14:25:00-05:00,216.01,216.01,215.45,215.49,191223
2025-12-31 14:30:00-05:00,215.53,215.59,214.69,214.735,225031
2025-12-31 14:35:00-05:00,214.7482,215.26,214.74,215.03,169460
2025-12-31 14:40:00-05:00,215.0594,215.4099,215.005,215.2601,151755
2025-12-31 14:45:00-05:00,215.28,215.31,215.04,215.105,102646
2025-12-31 14:50:00-05:00,215.11,215.18,214.9118,215.04,90429
2025-12-31 14:55:00-05:00,215.06,215.28,215.02,215.17,79344
2025-12-31 15:00:00-05:00,215.175,215.21,214.93,215.17,111253
2025-12-31 15:05:00-05:00,215.2,215.315,214.7,214.85,133187
2025-12-31 15:10:00-05:00,214.83,214.87,214.47,214.74,186258
2025-12-31 15:15:00-05:00,214.77,215.1799,214.74,214.93,130537
2025-12-31 15:20:00-05:00,214.91,214.91,214.4,214.57,126930
2025-12-31 15:25:00-05:00,214.57,214.73,214.43,214.48,86558
2025-12-31 15:30:00-05:00,214.48,214.885,214.38,214.809,169466
2025-12-31 15:35:00-05:00,214.7756,215.15,214.75,215.015,157427
2025-12-31 15:40:00-05:00,214.98,215.1,214.88,214.98,129760
2025-12-31 15:45:00-05:00,215.01,215.07,214.61,214.62,154589
2025-12-31 15:50:00-05:00,214.65,215.18,214.6,214.8,344757
2025-12-31 15:55:00-05:00,214.73,214.93,213.8,214.18,866897
2026-01-02 09:30:00-05:00,218.9,224.9699,218.895,224.3522,2486961
2026-01-02 09:35:00-05:00,224.42,224.49,222.68,223.07,995700
2026-01-02 09:40:00-05:00,223.07,225.47,222.6716,224.985,1527743
2026-01-02 09:45:00-05:00,224.94,226.47,224.6501,225.85,1039956
2026-01-02 09:50:00-05:00,225.9,226.54,224.86,225.36,854996
2026-01-02 09:55:00-05:00,225.372,226.25,225.16,225.875,756719
2026-01-02 10:00:00-05:00,225.9,227.15,225.8,226.4501,917491
2026-01-02 10:05:00-05:00,226.45,227.09,225.95,226.46,651954
2026-01-02 10:10:00-05:00,226.4,226.5,224.7,224.78,656210
2026-01-02 10:15:00-05:00,224.72,225.22,224.0101,224.45,609572
2026-01-02 10:20:00-05:00,224.5,224.55,221.72,222.0599,725360
2026-01-02 10:25:00-05:00,221.995,222.4199,221.6,221.935,554242
2026-01-02 10:30:00-05:00,221.84,222.97,221.48,222.76,577035
2026-01-02 10:35:00-05:00,222.68,223.26,222.38,222.61,675785
2026-01-02 10:40:00-05:00,222.67,223.45,222.55,222.96,371692
2026-01-02 10:45:00-05:00,222.9014,223.06,222.1719,222.3,306438
2026-01-02 10:50:00-05:00,222.33,222.37,221.21,221.825,392070
2026-01-02 10:55:00-05:00,221.8,222.3,220.5101,220.67,497520
2026-01-02 11:00:00-05:00,220.7,221,219.88,220.11,637689
2026-01-02 11:05:00-05:00,220.08,220.42,219.5,220.35,336962
2026-01-02 11:10:00-05:00,220.25,220.79,219.2,220.7615,408117
2026-01-02 11:15:00-05:00,220.74,221.54,220.5101,220.86,383599
2026-01-02 11:20:00-05:00,220.92,222.0077,220.55,221.5,370838
2026-01-02 11:25:00-05:00,221.51,221.96,221.15,221.61,242393
2026-01-02 11:30:00-05:00,221.54,222.56,221.3807,222.535,228742
2026-01-02 11:35:00-05:00,222.56,222.6,221.796,221.893,228338
2026-01-02 11:40:00-05:00,221.94,222.06,221.51,221.93,168047
2026-01-02 11:45:00-05:00,221.855,222.02,221.5209,221.75,121861
2026-01-02 11:50:00-05:00,221.78,221.895,220.94,221.24,224094
2026-01-02 11:55:00-05:00,221.21,221.56,220.61,221.1898,179954
2026-01-02 12:00:00-05:00,221.12,221.25,220.41,220.486,178516
2026-01-02 12:05:00-05:00,220.46,221.21,220.46,220.93,136745
2026-01-02 12:10:00-05:00,220.9145,221.59,220.7701,221.58,181237
2026-01-02 12:15:00-05:00,221.51,221.75,221.29,221.435,173682
2026-01-02 12:20:00-05:00,221.39,221.64,221.33,221.575,120877
2026-01-02 12:25:00-05:00,221.53,221.6199,221.17,221.425,96433
2026-01-02 12:30:00-05:00,221.46,221.8,221.26,221.35,161912
2026-01-02 12:35:00-05:00,221.4,221.51,220.9,221.0137,139788
2026-01-02 12:40:00-05:00,221.05,221.18,220.73,220.7851,172120
2026-01-02 12:45:00-05:00,220.76,220.84,219.7,219.8278,309878
2026-01-02 12:50:00-05:00,219.8825,220.07,219.5632,219.99,252903
2026-01-02 12:55:00-05:00,220,220.39,219.66,219.86,218069
2026-01-02 13:00:00-05:00,219.82,220.64,219.7975,220.33,218910
2026-01-02 13:05:00-05:00,220.4,220.71,220.4,220.71,136318
2026-01-02 13:10:00-05:00,220.7,220.938,220.49,220.675,158701
2026-01-02 13:15:00-05:00,220.66,221.3999,220.44,221.31,177713
2026-01-02 13:20:00-05:00,221.35,221.75,221.22,221.48,180754
2026-01-02 13:25:00-05:00,221.5,221.78,221.29,221.45,142242
2026-01-02 13:30:00-05:00,221.5,221.5,221.13,221.325,127555
2026-01-02 13:35:00-05:00,221.355,221.62,221.17,221.24,136378
2026-01-02 13:40:00-05:00,221.26,221.51,221.12,221.48,106404
2026-01-02 13:45:00-05:00,221.48,221.72,220.8688,220.94,199323
2026-01-02 13:50:00-05:00,220.935,221.2399,220.71,221.197,211570
2026-01-02 13:55:00-05:00,221.1401,221.595,221.03,221.595,144255
2026-01-02 14:00:00-05:00,221.6,221.91,221.39,221.8825,159556
2026-01-02 14:05:00-05:00,221.88,222.56,221.84,222.495,257407
2026-01-02 14:10:00-05:00,222.47,223.1499,222.46,222.82,283615
2026-01-02 14:15:00-05:00,222.8,222.9875,222.38,222.54,192650
2026-01-02 14:20:00-05:00,222.5,223.37,222.43,223.115,218485
2026-01-02 14:25:00-05:00,223.115,223.33,222.92,222.96,314919
2026-01-02 14:30:00-05:00,222.96,223.35,222.93,223.28,252971
2026-01-02 14:35:00-05:00,223.21,223.328,222.92,222.99,210278
2026-01-02 14:40:00-05:00,222.97,223.26,222.94,223.18,207302
2026-01-02 14:45:00-05:00,223.19,223.5,223.03,223.36,329170
2026-01-02 14:50:00-05:00,223.38,223.45,223,223.1731,164516
2026-01-02 14:55:00-05:00,223.15,223.3,222.76,222.94,245081
2026-01-02 15:00:00-05:00,222.95,223.2696,222.87,223.095,189952
2026-01-02 15:05:00-05:00,223.095,224.1,222.92,224.01,391520
2026-01-02 15:10:00-05:00,224.0699,224.63,223.89,224.45,359065
2026-01-02 15:15:00-05:00,224.45,225.1799,224.45,224.94,440003
2026-01-02 15:20:00-05:00,224.93,225.18,224.78,225.1392,349347
2026-01-02 15:25:00-05:00,225.145,225.36,224.8601,225.1815,314220
2026-01-02 15:30:00-05:00,225.16,225.26,224.82,224.95,296228
2026-01-02 15:35:00-05:00,224.955,225.35,224.955,225.1,315731
2026-01-02 15:40:00-05:00,225.149,225.26,224.71,224.72,365449
2026-01-02 15:45:00-05:00,224.71,224.7413,223.98,224.2,414344
2026-01-02 15:50:00-05:00,224.19,224.334,223.71,223.87,637610
2026-01-02 15:55:00-05:00,223.86,224.03,223.22,223.44,1103693
2026-01-05 09:30:00-05:00,230.245,234.02,230.12,230.65,2082572
2026-01-05 09:35:00-05:00,230.485,230.84,229.1,229.91,1004936
2026-01-05 09:40:00-05:00,229.91,230.42,227.71,228.755,1103476
2026-01-05 09:45:00-05:00,228.755,229.1799,226.22,226.74,825168
2026-01-05 09:50:00-05:00,226.74,227.06,225.18,225.8565,750118
2026-01-05 09:55:00-05:00,225.86,226.07,224.9,225.29,776768
2026-01-05 10:00:00-05:00,225.37,225.565,223.96,224.44,742133
2026-01-05 10:05:00-05:00,224.5793,225.3978,223.88,225.22,746389
2026-01-05 10:10:00-05:00,225.21,225.46,224.12,224.2689,568641
2026-01-05 10:15:00-05:00,224.41,225.1,223.87,224.73,538574
2026-01-05 10:20:00-05:00,224.785,225.3232,224.48,225.085,585130
2026-01-05 10:25:00-05:00,225.075,225.48,224.56,224.9344,444890
2026-01-05 10:30:00-05:00,224.98,225.95,224.76,225.82,556901
2026-01-05 10:35:00-05:00,225.815,225.909,224.55,225.2,449409
2026-01-05 10:40:00-05:00,225.2,225.4,224.45,224.78,267273
2026-01-05 10:45:00-05:00,224.7122,225.57,224.66,225.1362,307136
2026-01-05 10:50:00-05:00,225.14,225.43,224.72,225.1487,294972
2026-01-05 10:55:00-05:00,225.166,225.34,224.71,225.2177,333318
2026-01-05 11:00:00-05:00,225.185,225.25,224.52,224.79,398427
2026-01-05 11:05:00-05:00,224.81,225.174,224.2635,224.775,481349
2026-01-05 11:10:00-05:00,224.785,225.35,224.76,224.96,383962
2026-01-05 11:15:00-05:00,225.015,225.33,224.95,225.11,182920
2026-01-05 11:20:00-05:00,225.09,225.526,224.673,224.785,285203
2026-01-05 11:25:00-05:00,224.81,225.2199,224.62,225.0005,279713
2026-01-05 11:30:00-05:00,224.99,225.035,224.55,224.61,212986
2026-01-05 11:35:00-05:00,224.6,225.11,224.4101,224.93,191927
2026-01-05 11:40:00-05:00,224.93,224.94,223.755,224.52,451547
2026-01-05 11:45:00-05:00,224.52,225.45,224.52,225.2,309856
2026-01-05 11:50:00-05:00,225.195,225.24,224.37,224.445,244840
2026-01-05 11:55:00-05:00,224.48,224.52,223.06,223.24,483458
2026-01-05 12:00:00-05:00,223.24,223.55,222.81,223.065,542188
2026-01-05 12:05:00-05:00,223.05,223.1301,222.44,222.71,301124
2026-01-05 12:10:00-05:00,222.71,223.1,222.46,223.059,283278
2026-01-05 12:15:00-05:00,223.06,223.15,222.65,223.0299,238204
2026-01-05 12:20:00-05:00,223.03,223.24,222.76,222.9,168088
2026-01-05 12:25:00-05:00,222.89,222.99,222.59,222.9799,140038
2026-01-05 12:30:00-05:00,222.979,222.979,222.26,222.44,232507
2026-01-05 12:35:00-05:00,222.43,223.0174,222.43,222.6601,160797
2026-01-05 12:40:00-05:00,222.65,222.8008,221.95,222.068,294274
2026-01-05 12:45:00-05:00,222.04,222.4,221.72,222.205,240265
2026-01-05 12:50:00-05:00,222.2,222.31,221.87,222.22,138673
2026-01-05 12:55:00-05:00,222.245,222.31,222.07,222.205,121315
2026-01-05 13:00:00-05:00,222.2294,222.41,221.9,222.19,280241
2026-01-05 13:05:00-05:00,222.1886,222.2499,221.51,221.69,180714
2026-01-05 13:10:00-05:00,221.7039,221.8599,221.29,221.49,209227
2026-01-05 13:15:00-05:00,221.45,221.4699,220.53,220.89,307067
2026-01-05 13:20:00-05:00,220.9087,221.17,220.67,221.12,178423
2026-01-05 13:25:00-05:00,221.135,221.48,221.1,221.48,207583
2026-01-05 13:30:00-05:00,221.4736,221.8099,221.43,221.565,175522
2026-01-05 13:35:00-05:00,221.53,221.6383,221.055,221.4048,137939
2026-01-05 13:40:00-05:00,221.4,221.91,221.345,221.77,159937
2026-01-05 13:45:00-05:00,221.7779,222,221.62,221.8,140282
2026-01-05 13:50:00-05:00,221.76,221.79,221.59,221.755,114651
2026-01-05 13:55:00-05:00,221.745,221.96,221.53,221.925,151300
2026-01-05 14:00:00-05:00,221.96,221.99,221.47,221.5056,135550
2026-01-05 14:05:00-05:00,221.5,221.53,221.13,221.21,142779
2026-01-05 14:10:00-05:00,221.2313,221.2313,220.9101,221.09,148999
2026-01-05 14:15:00-05:00,221.0497,221.26,220.97,221.135,130869
2026-01-05 14:20:00-05:00,221.135,221.3,221.02,221.0201,124754
2026-01-05 14:25:00-05:00,221.09,221.49,221.05,221.115,98654
2026-01-05 14:30:00-05:00,221.15,221.31,220.95,221.16,120915
2026-01-05 14:35:00-05:00,221.15,221.23,220.71,220.8645,189308
2026-01-05 14:40:00-05:00,220.865,221.03,220.69,220.8144,100949
2026-01-05 14:45:00-05:00,220.8353,221.03,220.8,220.9,114442
2026-01-05 14:50:00-05:00,220.88,221.1255,220.65,221.0485,159491
2026-01-05 14:55:00-05:00,221.01,221.3,220.9,220.93,126551
2026-01-05 15:00:00-05:00,220.91,221.01,220.65,220.73,180036
2026-01-05 15:05:00-05:00,220.76,221.31,220.6,221.26,226770
2026-01-05 15:10:00-05:00,221.27,221.46,221.115,221.29,159817
2026-01-05 15:15:00-05:00,221.35,221.4,220.98,221.1,167404
2026-01-05 15:20:00-05:00,221.125,221.18,220.78,221.12,194385
2026-01-05 15:25:00-05:00,221.105,221.24,221.01,221.171,172146
2026-01-05 15:30:00-05:00,221.175,221.27,220.76,220.849,257181
2026-01-05 15:35:00-05:00,220.86,220.97,220.77,220.7925,172431
2026-01-05 15:40:00-05:00,220.83,221.16,220.6,221.0007,236885
2026-01-05 15:45:00-05:00,221.02,221.44,220.96,221.245,304813
2026-01-05 15:50:00-05:00,221.26,221.68,220.64,220.73,529740
2026-01-05 15:55:00-05:00,220.7,221.09,220.48,221.06,968885
2026-01-06 09:30:00-05:00,222.71,222.92,219.6,220.015,1258743
2026-01-06 09:35:00-05:00,220.055,220.25,216.9,217.34,1115034
2026-01-06 09:40:00-05:00,217.35,218.03,216.07,216.85,1004035
2026-01-06 09:45:00-05:00,216.9,218.65,216.8325,217.76,956663
2026-01-06 09:50:00-05:00,217.84,218.64,217.49,218.14,620307
2026-01-06 09:55:00-05:00,218.07,218.7,217.821,218.16,534617
2026-01-06 10:00:00-05:00,218.16,218.77,217.91,218.14,484536
2026-01-06 10:05:00-05:00,218.11,219.25,217.48,218.05,792900
2026-01-06 10:10:00-05:00,218.075,218.35,217.51,218.06,462319
2026-01-06 10:15:00-05:00,218.09,218.86,217.32,217.71,460746
2026-01-06 10:20:00-05:00,217.725,217.95,216.63,216.865,655339
2026-01-06 10:25:00-05:00,216.84,217.28,215.94,216.63,628512
2026-01-06 10:30:00-05:00,216.63,216.63,215.3401,215.5018,644376
2026-01-06 10:35:00-05:00,215.5574,215.6499,214.1,214.15,913712
2026-01-06 10:40:00-05:00,214.1403,214.3636,212.82,213.2,1132214
2026-01-06 10:45:00-05:00,213.18,213.2199,212.51,212.93,821767
2026-01-06 10:50:00-05:00,212.9,213.35,212.2616,212.34,803355
2026-01-06 10:55:00-05:00,212.34,212.72,211.93,212.195,821818
2026-01-06 11:00:00-05:00,212.15,212.2899,211.36,212.06,716985
2026-01-06 11:05:00-05:00,212.08,213.18,211.6001,213.15,683531
2026-01-06 11:10:00-05:00,213.17,213.53,212.5801,212.656,692634
2026-01-06 11:15:00-05:00,212.65,213.3,212.28,213.225,535191
2026-01-06 11:20:00-05:00,213.19,213.94,213.185,213.81,639323
2026-01-06 11:25:00-05:00,213.8,213.83,212.43,212.7,541436
2026-01-06 11:30:00-05:00,212.69,213.8399,212.64,213.6998,494671
2026-01-06 11:35:00-05:00,213.73,213.8,213.11,213.44,370535
2026-01-06 11:40:00-05:00,213.44,213.8,212.7,212.77,408214
2026-01-06 11:45:00-05:00,212.77,213.17,212.6,212.68,279890
2026-01-06 11:50:00-05:00,212.65,213.13,212.6,212.9284,208986
2026-01-06 11:55:00-05:00,212.89,212.89,212.3,212.815,236849
2026-01-06 12:00:00-05:00,212.85,213.0499,212.12,212.296,305929
2026-01-06 12:05:00-05:00,212.305,213.26,212.22,212.66,253620
2026-01-06 12:10:00-05:00,212.66,212.92,212.5,212.69,148051
2026-01-06 12:15:00-05:00,212.66,212.75,211.77,211.93,341273
2026-01-06 12:20:00-05:00,211.91,212.32,211.7,211.714,346277
2026-01-06 12:25:00-05:00,211.74,211.88,211.46,211.52,292212
2026-01-06 12:30:00-05:00,211.51,212.24,211.5,212.055,434461
2026-01-06 12:35:00-05:00,212.0273,213.25,211.82,212.4706,794619
2026-01-06 12:40:00-05:00,212.5,212.51,211.671,211.95,398681
2026-01-06 12:45:00-05:00,211.95,212.03,211.25,211.4717,455297
2026-01-06 12:50:00-05:00,211.465,212.15,211.3628,212.05,290643
2026-01-06 12:55:00-05:00,212.13,212.43,212.08,212.1807,270132
2026-01-06 13:00:00-05:00,212.17,212.2899,212,212.21,161035
2026-01-06 13:05:00-05:00,212.185,212.5899,211.98,212.51,255453
2026-01-06 13:10:00-05:00,212.5,213.2,212.349,213.19,374170
2026-01-06 13:15:00-05:00,213.165,213.4399,213.07,213.18,387301
2026-01-06 13:20:00-05:00,213.19,213.87,213.02,213.69,337225
2026-01-06 13:25:00-05:00,213.77,213.96,213.44,213.73,298461
2026-01-06 13:30:00-05:00,213.7401,213.9,213.2501,213.34,279753
2026-01-06 13:35:00-05:00,213.315,213.66,213.24,213.6205,240360
2026-01-06 13:40:00-05:00,213.628,214.21,213.51,213.91,296322
2026-01-06 13:45:00-05:00,213.95,214.22,213.7,214.1699,307237
2026-01-06 13:50:00-05:00,214.145,214.48,214.06,214.35,250146
2026-01-06 13:55:00-05:00,214.31,214.5,214.08,214.21,259821
2026-01-06 14:00:00-05:00,214.21,214.21,213.01,213.035,452146
2026-01-06 14:05:00-05:00,213.02,213.28,212.6,212.67,285899
2026-01-06 14:10:00-05:00,212.7038,213.22,212.43,213.105,307705
2026-01-06 14:15:00-05:00,213.1257,213.47,213.07,213.47,191931
2026-01-06 14:20:00-05:00,213.4844,213.7299,213.3501,213.57,218343
2026-01-06 14:25:00-05:00,213.56,213.7499,213.4,213.6976,193687
2026-01-06 14:30:00-05:00,213.6868,214.13,213.495,214.06,238392
2026-01-06 14:35:00-05:00,214.0877,214.18,213.53,213.566,286695
2026-01-06 14:40:00-05:00,213.572,213.8599,213.4306,213.7551,201666
2026-01-06 14:45:00-05:00,213.72,214.02,213.67,213.8862,204477
2026-01-06 14:50:00-05:00,213.875,214.18,213.84,214.03,198244
2026-01-06 14:55:00-05:00,214.0614,214.1,213.54,213.67,217186
2026-01-06 15:00:00-05:00,213.67,213.73,213.27,213.31,275442
2026-01-06 15:05:00-05:00,213.325,213.63,213.2,213.48,221442
2026-01-06 15:10:00-05:00,213.4882,213.8985,213.48,213.8059,224768
2026-01-06 15:15:00-05:00,213.81,213.942,213.6524,213.795,261050
2026-01-06 15:20:00-05:00,213.8,213.8999,213.31,213.878,323376
2026-01-06 15:25:00-05:00,213.875,214.35,213.85,214.135,341929
2026-01-06 15:30:00-05:00,214.11,214.2772,214.03,214.18,230959
2026-01-06 15:35:00-05:00,214.18,214.46,214.14,214.3862,287314
2026-01-06 15:40:00-05:00,214.37,214.84,214.34,214.4672,484147
2026-01-06 15:45:00-05:00,214.49,214.74,214.25,214.545,385847
2026-01-06 15:50:00-05:00,214.52,214.86,214.3,214.31,599531
2026-01-06 15:55:00-05:00,214.34,214.66,214.23,214.23,1294907
2026-01-07 09:30:00-05:00,212.125,212.125,207.3,207.9299,2262966
2026-01-07 09:35:00-05:00,207.865,208.64,207.17,208.2304,1210622
2026-01-07 09:40:00-05:00,208.2173,208.69,207.33,208.315,927869
2026-01-07 09:45:00-05:00,208.29,208.7766,207.77,208.515,798094
2026-01-07 09:50:00-05:00,208.5,209.22,208.3489,208.795,874349
2026-01-07 09:55:00-05:00,208.84,209.4867,208.6,209.1,603463
2026-01-07 10:00:00-05:00,209.1,209.57,208.11,209.56,684834
2026-01-07 10:05:00-05:00,209.5372,210.61,209.37,210.3525,755246
2026-01-07 10:10:00-05:00,210.3573,210.8,210.0299,210.23,483093
2026-01-07 10:15:00-05:00,210.1601,210.26,209.38,209.86,551574
2026-01-07 10:20:00-05:00,209.842,210.64,209.71,210.5,518707
2026-01-07 10:25:00-05:00,210.495,211.16,210.33,210.655,565749
2026-01-07 10:30:00-05:00,210.668,210.73,209.99,210.07,398812
2026-01-07 10:35:00-05:00,210.06,210.17,208.35,209.09,759037
2026-01-07 10:40:00-05:00,209.21,209.78,208.47,209.33,559594
2026-01-07 10:45:00-05:00,209.25,210.78,209.1332,210.46,484487
2026-01-07 10:50:00-05:00,210.46,210.87,210.2401,210.51,362361
2026-01-07 10:55:00-05:00,210.49,210.74,210.27,210.38,260091
2026-01-07 11:00:00-05:00,210.45,210.55,210.07,210.34,275331
2026-01-07 11:05:00-05:00,210.34,210.55,209.88,210.035,243692
2026-01-07 11:10:00-05:00,210.035,210.41,209.935,210.01,236924
2026-01-07 11:15:00-05:00,210.005,210.29,209.9,210.03,274781
2026-01-07 11:20:00-05:00,210.0001,210.015,209.56,209.62,256740
2026-01-07 11:25:00-05:00,209.62,209.6899,208.98,209.335,434756
2026-01-07 11:30:00-05:00,209.35,209.66,209.32,209.595,266559
2026-01-07 11:35:00-05:00,209.62,209.93,209.4201,209.7637,206479
2026-01-07 11:40:00-05:00,209.78,210.53,209.7054,210.4,299786
2026-01-07 11:45:00-05:00,210.395,210.49,210.26,210.325,193315
2026-01-07 11:50:00-05:00,210.315,210.65,210.27,210.3419,177341
2026-01-07 11:55:00-05:00,210.36,210.753,210.306,210.64,201639
2026-01-07 12:00:00-05:00,210.645,210.645,210.25,210.35,207051
2026-01-07 12:05:00-05:00,210.35,210.39,210.1101,210.2,153107
2026-01-07 12:10:00-05:00,210.12,210.27,209.97,210.03,179013
2026-01-07 12:15:00-05:00,210.06,210.49,209.875,210.45,200460
2026-01-07 12:20:00-05:00,210.4993,211.17,210.41,211.17,309120
2026-01-07 12:25:00-05:00,211.1696,211.17,210.8176,211.1,269585
2026-01-07 12:30:00-05:00,211.05,211.12,210.55,210.6301,227657
2026-01-07 12:35:00-05:00,210.61,210.62,210.3,210.51,235836
2026-01-07 12:40:00-05:00,210.51,210.6795,210.23,210.5998,220216
2026-01-07 12:45:00-05:00,210.605,210.63,210.03,210.18,223283
2026-01-07 12:50:00-05:00,210.18,210.26,210.1,210.185,204300
2026-01-07 12:55:00-05:00,210.165,210.34,209.94,210.11,283228
2026-01-07 13:00:00-05:00,210.09,210.24,210,210.23,183278
2026-01-07 13:05:00-05:00,210.205,210.36,210.0501,210.1196,169891
2026-01-07 13:10:00-05:00,210.115,210.28,209.96,210.23,194712
2026-01-07 13:15:00-05:00,210.22,210.24,209.72,209.88,190276
2026-01-07 13:20:00-05:00,209.88,209.9999,209.78,209.87,153440
2026-01-07 13:25:00-05:00,209.87,210,209.67,209.6801,136949
2026-01-07 13:30:00-05:00,209.705,210.057,209.66,210,117703
2026-01-07 13:35:00-05:00,209.94,210,209.71,209.7542,122886
2026-01-07 13:40:00-05:00,209.745,209.96,209.65,209.67,143849
2026-01-07 13:45:00-05:00,209.65,209.96,209.42,209.91,211752
2026-01-07 13:50:00-05:00,209.93,209.99,209.46,209.47,192656
2026-01-07 13:55:00-05:00,209.4813,209.5449,209.25,209.36,124556
2026-01-07 14:00:00-05:00,209.36,209.65,209.31,209.555,122444
2026-01-07 14:05:00-05:00,209.51,209.61,209.21,209.23,136314
2026-01-07 14:10:00-05:00,209.265,209.328,208.8,209.2237,302027
2026-01-07 14:15:00-05:00,209.22,209.559,209.04,209.5149,220234
2026-01-07 14:20:00-05:00,209.48,209.59,209.36,209.51,205869
2026-01-07 14:25:00-05:00,209.528,209.528,209.07,209.354,207498
2026-01-07 14:30:00-05:00,209.355,209.55,209.1,209.4539,214156
2026-01-07 14:35:00-05:00,209.42,209.67,209.28,209.57,186633
2026-01-07 14:40:00-05:00,209.52,210.05,209.42,209.965,251981
2026-01-07 14:45:00-05:00,209.965,210.21,209.91,210.1034,254907
2026-01-07 14:50:00-05:00,210.125,210.2,209.93,209.98,122619
2026-01-07 14:55:00-05:00,209.98,210,209.61,209.77,148551
2026-01-07 15:00:00-05:00,209.82,210.183,209.72,210.04,186816
2026-01-07 15:05:00-05:00,210.04,210.15,210.02,210.1076,123035
2026-01-07 15:10:00-05:00,210.0952,210.155,209.83,209.9999,145940
2026-01-07 15:15:00-05:00,209.965,210.25,209.75,210.07,243671
2026-01-07 15:20:00-05:00,210.068,210.1183,209.81,209.895,145850
2026-01-07 15:25:00-05:00,209.88,209.95,209.47,209.495,236556
2026-01-07 15:30:00-05:00,209.47,209.9368,209.3701,209.74,244857
2026-01-07 15:35:00-05:00,209.735,209.9,209.42,209.455,224564
2026-01-07 15:40:00-05:00,209.43,209.6,209.21,209.505,287666
2026-01-07 15:45:00-05:00,209.5,209.84,209.37,209.52,226898
2026-01-07 15:50:00-05:00,209.53,209.93,209.53,209.83,399212
2026-01-07 15:55:00-05:00,209.76,210.09,209.6,210.02,841759
2026-01-08 09:30:00-05:00,210.9,210.94,208.43,208.845,846099
2026-01-08 09:35:00-05:00,208.79,208.99,207.96,208.605,604263
2026-01-08 09:40:00-05:00,208.625,209.17,206.85,206.87,803844
2026-01-08 09:45:00-05:00,206.89,207.95,206.62,207.565,514739
2026-01-08 09:50:00-05:00,207.5,207.5,206.3,206.89,642980
2026-01-08 09:55:00-05:00,206.9,207.3,206.15,206.235,526333
2026-01-08 10:00:00-05:00,206.2,206.34,205.05,205.9,919412
2026-01-08 10:05:00-05:00,205.84,206.41,205.29,206.41,618702
2026-01-08 10:10:00-05:00,206.365,207.3499,206.2,207.29,510540
2026-01-08 10:15:00-05:00,207.32,207.52,206.75,207.2651,320962
2026-01-08 10:20:00-05:00,207.2155,207.53,206.88,207.305,241172
2026-01-08 10:25:00-05:00,207.36,207.82,207.2601,207.607,229244
2026-01-08 10:30:00-05:00,207.59,207.65,206.28,206.38,439342
2026-01-08 10:35:00-05:00,206.435,206.44,205.2,205.56,637441
2026-01-08 10:40:00-05:00,205.675,206.1,205.25,205.8475,432215
2026-01-08 10:45:00-05:00,205.8412,206,205.25,205.47,420649
2026-01-08 10:50:00-05:00,205.49,205.58,204.9,205.0117,620294
2026-01-08 10:55:00-05:00,205.01,205.7,204.8,205.605,588841
2026-01-08 11:00:00-05:00,205.62,205.6399,204.6601,204.865,431238
2026-01-08 11:05:00-05:00,204.8201,205.05,204.43,204.68,291822
2026-01-08 11:10:00-05:00,204.67,204.9999,204.15,204.19,419219
2026-01-08 11:15:00-05:00,204.17,204.43,203.87,204.4014,525268
2026-01-08 11:20:00-05:00,204.44,205.33,204.3,204.71,414282
2026-01-08 11:25:00-05:00,204.74,205.025,204.36,204.4,184867
2026-01-08 11:30:00-05:00,204.35,204.73,204.18,204.5225,193358
2026-01-08 11:35:00-05:00,204.5,204.6,204.05,204.315,402188
2026-01-08 11:40:00-05:00,204.315,204.44,204.11,204.39,228198
2026-01-08 11:45:00-05:00,204.37,204.93,204.2441,204.65,312544
2026-01-08 11:50:00-05:00,204.635,204.8,204.2764,204.5516,177618
2026-01-08 11:55:00-05:00,204.557,204.65,204.2101,204.465,166949
2026-01-08 12:00:00-05:00,204.42,204.77,204.27,204.508,320428
2026-01-08 12:05:00-05:00,204.43,204.59,204.225,204.5,163450
2026-01-08 12:10:00-05:00,204.46,204.62,204.33,204.62,155814
2026-01-08 12:15:00-05:00,204.57,205.01,204.2,204.99,224419
2026-01-08 12:20:00-05:00,204.95,204.9699,204.66,204.7,185394
2026-01-08 12:25:00-05:00,204.7,204.76,204.4,204.41,150870
2026-01-08 12:30:00-05:00,204.41,204.74,204.34,204.505,168795
2026-01-08 12:35:00-05:00,204.505,204.75,204.38,204.66,155060
2026-01-08 12:40:00-05:00,204.66,205.02,204.6018,204.9899,156306
2026-01-08 12:45:00-05:00,204.95,205.03,204.6,204.695,175404
2026-01-08 12:50:00-05:00,204.702,204.97,204.62,204.925,174018
2026-01-08 12:55:00-05:00,204.95,204.9713,204.5,204.625,172631
2026-01-08 13:00:00-05:00,204.59,204.755,204.24,204.37,169387
2026-01-08 13:05:00-05:00,204.35,204.399,204.14,204.21,202912
2026-01-08 13:10:00-05:00,204.21,204.33,204.02,204.1801,206603
2026-01-08 13:15:00-05:00,204.18,204.58,204.06,204.535,299237
2026-01-08 13:20:00-05:00,204.54,204.75,204.2,204.2872,159000
2026-01-08 13:25:00-05:00,204.25,204.53,204.25,204.4027,130026
2026-01-08 13:30:00-05:00,204.415,204.6,204.24,204.47,111610
2026-01-08 13:35:00-05:00,204.4803,204.59,204.34,204.51,107141
2026-01-08 13:40:00-05:00,204.5,204.52,204.32,204.39,107557
2026-01-08 13:45:00-05:00,204.39,204.6,204.18,204.384,137730
2026-01-08 13:50:00-05:00,204.42,204.42,204.1,204.1844,152300
2026-01-08 13:55:00-05:00,204.13,204.1399,203.97,204.1,206041
2026-01-08 14:00:00-05:00,204.08,204.1587,203.93,204.0475,168071
2026-01-08 14:05:00-05:00,204.04,204.1099,203.87,203.93,227051
2026-01-08 14:10:00-05:00,203.91,203.92,203.56,203.5899,348167
2026-01-08 14:15:00-05:00,203.59,203.88,203.33,203.81,264802
2026-01-08 14:20:00-05:00,203.8,204.09,203.58,203.6,257483
2026-01-08 14:25:00-05:00,203.57,203.76,203.43,203.715,167156
2026-01-08 14:30:00-05:00,203.705,204.18,203.63,204.115,188706
2026-01-08 14:35:00-05:00,204.15,204.16,203.96,204.08,165570
2026-01-08 14:40:00-05:00,204.06,204.14,203.97,204.105,136636
2026-01-08 14:45:00-05:00,204.1,204.33,204.0401,204.31,159811
2026-01-08 14:50:00-05:00,204.3,204.44,204.11,204.11,229217
2026-01-08 14:55:00-05:00,204.1406,204.1406,203.81,204.01,180484
2026-01-08 15:00:00-05:00,204.015,204.12,203.84,204.05,192642
2026-01-08 15:05:00-05:00,204.02,204.07,203.77,203.9659,181391
2026-01-08 15:10:00-05:00,203.9751,204.27,203.9201,204.085,226959
2026-01-08 15:15:00-05:00,204.075,204.35,204.05,204.2,177207
2026-01-08 15:20:00-05:00,204.215,204.29,203.97,204.18,150415
2026-01-08 15:25:00-05:00,204.2,204.6299,204.15,204.605,229244
2026-01-08 15:30:00-05:00,204.61,204.75,204.5,204.73,262904
2026-01-08 15:35:00-05:00,204.72,204.905,204.52,204.555,279594
2026-01-08 15:40:00-05:00,204.545,204.61,204.44,204.61,240496
2026-01-08 15:45:00-05:00,204.58,204.71,204.52,204.65,295004
2026-01-08 15:50:00-05:00,204.64,204.81,204.36,204.6002,435096
2026-01-08 15:55:00-05:00,204.6,204.94,204.55,204.7,871649
2026-01-09 09:30:00-05:00,205.72,206.19,204.85,205.55,827298
2026-01-09 09:35:00-05:00,205.58,206.81,205.58,206.11,688692
2026-01-09 09:40:00-05:00,206.18,206.54,205.44,205.78,588316
2026-01-09 09:45:00-05:00,205.86,206.07,204.64,205.33,439073
2026-01-09 09:50:00-05:00,205.4,205.92,205.07,205.85,285134
2026-01-09 09:55:00-05:00,205.83,205.88,205.21,205.3,224473
2026-01-09 10:00:00-05:00,205.305,205.63,204.4,204.445,432854
2026-01-09 10:05:00-05:00,204.445,204.6599,203.07,203.36,601257
2026-01-09 10:10:00-05:00,203.46,205.185,203.4,204.89,486602
2026-01-09 10:15:00-05:00,204.88,205.06,204.14,204.355,306610
2026-01-09 10:20:00-05:00,204.355,204.94,204.11,204.71,320001
2026-01-09 10:25:00-05:00,204.7251,206.015,204.68,205.89,488415
2026-01-09 10:30:00-05:00,205.95,206.64,205.6801,206.41,475833
2026-01-09 10:35:00-05:00,206.44,206.5,206.03,206.08,290305
2026-01-09 10:40:00-05:00,206.075,206.15,205.29,205.42,330577
2026-01-09 10:45:00-05:00,205.4,205.9699,205.2,205.645,268451
2026-01-09 10:50:00-05:00,205.61,206.15,205.5,205.575,244340
2026-01-09 10:55:00-05:00,205.565,206.25,205.4,206.225,257901
2026-01-09 11:00:00-05:00,206.21,206.87,206.06,206.56,340429
2026-01-09 11:05:00-05:00,206.56,207.26,206.42,207.255,476305
2026-01-09 11:10:00-05:00,207.25,207.3,206.46,207.0601,395411
2026-01-09 11:15:00-05:00,207.12,207.27,206.8452,207.2,171291
2026-01-09 11:20:00-05:00,207.23,207.27,206.89,207.02,193512
2026-01-09 11:25:00-05:00,207.06,207.08,206.7,206.83,141335
2026-01-09 11:30:00-05:00,206.78,207.0736,206.55,206.66,177118
2026-01-09 11:35:00-05:00,206.65,206.78,206.34,206.78,161126
2026-01-09 11:40:00-05:00,206.767,206.89,206.58,206.78,159617
2026-01-09 11:45:00-05:00,206.8,206.95,206.69,206.8401,134021
2026-01-09 11:50:00-05:00,206.85,207.055,206.81,206.91,136501
2026-01-09 11:55:00-05:00,206.92,206.98,206.73,206.77,100806
2026-01-09 12:00:00-05:00,206.77,206.8599,206.5,206.75,159627
2026-01-09 12:05:00-05:00,206.785,207.06,206.7387,206.87,127863
2026-01-09 12:10:00-05:00,206.875,206.875,206.45,206.555,83213
2026-01-09 12:15:00-05:00,206.56,206.56,206.06,206.15,124438
2026-01-09 12:20:00-05:00,206.14,206.33,206.03,206.22,145064
2026-01-09 12:25:00-05:00,206.2,206.33,206.0863,206.155,119702
2026-01-09 12:30:00-05:00,206.1699,206.24,206.05,206.205,73940
2026-01-09 12:35:00-05:00,206.2301,206.25,205.9696,206.0914,116128
2026-01-09 12:40:00-05:00,206.1073,206.28,205.96,206.28,92105
2026-01-09 12:45:00-05:00,206.275,206.4316,206.18,206.4199,120528
2026-01-09 12:50:00-05:00,206.39,206.4276,205.63,205.72,178456
2026-01-09 12:55:00-05:00,205.75,206,205.73,205.82,120924
2026-01-09 13:00:00-05:00,205.83,205.83,205.42,205.43,156507
2026-01-09 13:05:00-05:00,205.44,205.51,205.06,205.0932,168912
2026-01-09 13:10:00-05:00,205.07,205.15,204.8,204.95,213781
2026-01-09 13:15:00-05:00,204.955,205.07,204.87,204.925,163955
2026-01-09 13:20:00-05:00,204.93,204.97,204.68,204.91,183892
2026-01-09 13:25:00-05:00,204.905,205.3199,204.82,205.27,178436
2026-01-09 13:30:00-05:00,205.26,205.36,205.11,205.21,127037
2026-01-09 13:35:00-05:00,205.23,205.5,205.21,205.4899,130506
2026-01-09 13:40:00-05:00,205.49,205.62,205,205.035,157764
2026-01-09 13:45:00-05:00,205.03,205.2,204.97,205.08,126529
2026-01-09 13:50:00-05:00,205.1,205.32,204.95,205.32,110604
2026-01-09 13:55:00-05:00,205.315,205.335,205.13,205.18,106204
2026-01-09 14:00:00-05:00,205.17,205.17,204.86,204.94,151800
2026-01-09 14:05:00-05:00,204.99,205.04,204.88,204.91,109974
2026-01-09 14:10:00-05:00,204.92,204.99,204.85,204.875,124269
2026-01-09 14:15:00-05:00,204.89,204.93,204.74,204.82,138936
2026-01-09 14:20:00-05:00,204.81,204.829,204.45,204.54,555022
2026-01-09 14:25:00-05:00,204.535,204.665,204.46,204.505,171063
2026-01-09 14:30:00-05:00,204.51,204.7,204.45,204.6,162377
2026-01-09 14:35:00-05:00,204.5999,204.7999,204.48,204.655,162844
2026-01-09 14:40:00-05:00,204.685,204.85,204.6,204.8,154216
2026-01-09 14:45:00-05:00,204.8075,204.9,204.56,204.56,135149
2026-01-09 14:50:00-05:00,204.58,204.66,204.28,204.4448,255089
2026-01-09 14:55:00-05:00,204.44,204.7,204.33,204.535,172452
2026-01-09 15:00:00-05:00,204.5,204.61,204.4,204.5,176698
2026-01-09 15:05:00-05:00,204.46,204.72,204.45,204.63,187279
2026-01-09 15:10:00-05:00,204.615,204.71,204.43,204.5014,188552
2026-01-09 15:15:00-05:00,204.495,204.85,204.45,204.76,249432
2026-01-09 15:20:00-05:00,204.76,204.85,204.51,204.5101,235237
2026-01-09 15:25:00-05:00,204.56,204.62,204.12,204.155,366853
2026-01-09 15:30:00-05:00,204.14,204.2,203.91,203.96,396596
2026-01-09 15:35:00-05:00,203.96,203.97,203.52,203.635,662240
2026-01-09 15:40:00-05:00,203.65,203.845,203.56,203.635,236994
2026-01-09 15:45:00-05:00,203.66,203.91,203.6324,203.9,375800
2026-01-09 15:50:00-05:00,203.88,203.96,203.25,203.275,642738
2026-01-09 15:55:00-05:00,203.29,203.48,203.09,203.16,1044470
2026-01-12 09:30:00-05:00,201.18,203.451,199.8,203.32,1370218
2026-01-12 09:35:00-05:00,203.3,205.8242,203.29,205.71,912144
2026-01-12 09:40:00-05:00,205.75,205.89,204.8114,205.215,684917
2026-01-12 09:45:00-05:00,205.23,205.8,204.61,205.685,729312
2026-01-12 09:50:00-05:00,205.72,207.1,205.66,206.835,844646
2026-01-12 09:55:00-05:00,206.84,207.3,205.79,206.41,667089
2026-01-12 10:00:00-05:00,206.32,206.73,205.9,206.19,417227
2026-01-12 10:05:00-05:00,206.195,206.88,206.03,206.705,352065
2026-01-12 10:10:00-05:00,206.68,207.645,206.1,207.605,464344
2026-01-12 10:15:00-05:00,207.605,209.17,207.54,209.065,927835
2026-01-12 10:20:00-05:00,209.06,209.15,208.31,208.45,563226
2026-01-12 10:25:00-05:00,208.44,208.86,208.21,208.855,423154
2026-01-12 10:30:00-05:00,208.835,208.86,207.2987,207.6,583398
2026-01-12 10:35:00-05:00,207.6,207.82,207.26,207.59,286054
2026-01-12 10:40:00-05:00,207.56,207.79,207.03,207.48,471795
2026-01-12 10:45:00-05:00,207.455,207.95,206.95,207.665,289553
2026-01-12 10:50:00-05:00,207.665,207.72,207.23,207.64,234759
2026-01-12 10:55:00-05:00,207.629,207.77,207.12,207.58,302597
2026-01-12 11:00:00-05:00,207.55,207.95,207.24,207.52,209614
2026-01-12 11:05:00-05:00,207.46,207.8899,207.42,207.71,230515
2026-01-12 11:10:00-05:00,207.715,208.19,207.49,208.16,357695
2026-01-12 11:15:00-05:00,208.13,208.7,207.81,207.84,489824
2026-01-12 11:20:00-05:00,207.84,208,207.25,207.81,290484
2026-01-12 11:25:00-05:00,207.75,208.2,207.6501,208.145,242457
2026-01-12 11:30:00-05:00,208.145,208.55,208.06,208.465,326581
2026-01-12 11:35:00-05:00,208.465,208.59,208.22,208.31,189279
2026-01-12 11:40:00-05:00,208.2901,208.455,207.81,207.88,238748
2026-01-12 11:45:00-05:00,207.83,208.0894,207.69,208.0894,180763
2026-01-12 11:50:00-05:00,208.07,208.35,207.8853,208.3,331660
2026-01-12 11:55:00-05:00,208.295,208.48,208.165,208.285,134537
2026-01-12 12:00:00-05:00,208.3,208.56,208.18,208.4125,197157
2026-01-12 12:05:00-05:00,208.39,208.68,208.24,208.56,173184
2026-01-12 12:10:00-05:00,208.51,208.92,208.51,208.84,269215
2026-01-12 12:15:00-05:00,208.78,208.899,208.595,208.873,178355
2026-01-12 12:20:00-05:00,208.8899,209.08,208.495,208.71,386062
2026-01-12 12:25:00-05:00,208.7,208.98,208.3,208.95,194569
2026-01-12 12:30:00-05:00,208.93,209.52,208.8806,209.395,403722
2026-01-12 12:35:00-05:00,209.3887,209.71,209.29,209.48,286423
2026-01-12 12:40:00-05:00,209.485,209.6,209.17,209.405,193648
2026-01-12 12:45:00-05:00,209.45,209.88,209.3,209.6322,343123
2026-01-12 12:50:00-05:00,209.69,209.78,209.43,209.71,905112
2026-01-12 12:55:00-05:00,209.69,209.73,209.33,209.34,163562
2026-01-12 13:00:00-05:00,209.35,209.55,209.135,209.31,149896
2026-01-12 13:05:00-05:00,209.3,209.32,209.04,209.22,136951
2026-01-12 13:10:00-05:00,209.22,209.2899,208.91,209.1399,177591
2026-01-12 13:15:00-05:00,209.12,209.35,209.0001,209.31,135571
2026-01-12 13:20:00-05:00,209.28,209.45,208.9623,208.9623,132733
2026-01-12 13:25:00-05:00,208.98,209.04,208.75,209.0246,121279
2026-01-12 13:30:00-05:00,209.0246,209.21,208.89,209.0494,121220
2026-01-12 13:35:00-05:00,209.05,209.15,208.9224,209.0595,93624
2026-01-12 13:40:00-05:00,209.04,209.04,208.86,208.9201,97548
2026-01-12 13:45:00-05:00,208.915,208.915,208.6,208.65,117501
2026-01-12 13:50:00-05:00,208.635,208.75,208.3308,208.3401,156144
2026-01-12 13:55:00-05:00,208.3449,208.6185,208.2812,208.59,113419
2026-01-12 14:00:00-05:00,208.575,208.575,207.965,208.0416,223299
2026-01-12 14:05:00-05:00,208.04,208.45,207.81,208.4299,255041
2026-01-12 14:10:00-05:00,208.415,208.4699,208.3,208.45,131333
2026-01-12 14:15:00-05:00,208.45,208.88,208.33,208.75,231997
2026-01-12 14:20:00-05:00,208.735,208.87,208.635,208.81,147660
2026-01-12 14:25:00-05:00,208.845,208.87,208.66,208.795,112071
2026-01-12 14:30:00-05:00,208.795,209.22,208.71,209.17,179334
2026-01-12 14:35:00-05:00,209.17,209.19,208.8401,208.99,126182
2026-01-12 14:40:00-05:00,208.95,209.12,208.81,208.98,163798
2026-01-12 14:45:00-05:00,208.985,209.13,208.8401,208.94,211545
2026-01-12 14:50:00-05:00,208.925,208.94,208.65,208.7134,133082
2026-01-12 14:55:00-05:00,208.72,208.9764,208.58,208.94,138448
2026-01-12 15:00:00-05:00,208.92,209.09,208.71,208.79,167940
2026-01-12 15:05:00-05:00,208.785,208.91,208.67,208.825,123386
2026-01-12 15:10:00-05:00,208.8,208.96,208.66,208.95,123937
2026-01-12 15:15:00-05:00,208.9587,208.9587,208.7,208.7274,129645
2026-01-12 15:20:00-05:00,208.735,208.795,208.56,208.77,139778
2026-01-12 15:25:00-05:00,208.74,208.83,208.45,208.69,187858
2026-01-12 15:30:00-05:00,208.64,208.73,208.5,208.59,126368
2026-01-12 15:35:00-05:00,208.565,208.61,208.26,208.44,222027
2026-01-12 15:40:00-05:00,208.38,208.48,208.12,208.265,252437
2026-01-12 15:45:00-05:00,208.24,208.56,208.21,208.545,215592
2026-01-12 15:50:00-05:00,208.53,208.62,208.31,208.5,317047
2026-01-12 15:55:00-05:00,208.41,208.41,207.64,207.67,810016
2026-01-13 09:30:00-05:00,215.1,221.24,214.975,220.352,5137664
2026-01-13 09:35:00-05:00,220.34,220.92,218.7502,219.6,1818775
2026-01-13 09:40:00-05:00,219.6375,221.9399,219.154,221.335,2278461
2026-01-13 09:45:00-05:00,221.29,222.15,220.44,221.905,1641403
2026-01-13 09:50:00-05:00,221.87,222.23,220.5,220.98,1190457
2026-01-13 09:55:00-05:00,221.02,222.1399,220.85,221.38,1295158
2026-01-13 10:00:00-05:00,221.31,221.92,220.08,220.58,1347644
2026-01-13 10:05:00-05:00,220.56,221.62,219.56,219.62,1099244
2026-01-13 10:10:00-05:00,219.62,220.45,218.7,220.14,1229984
2026-01-13 10:15:00-05:00,220.11,220.14,218.4,218.84,931731
2026-01-13 10:20:00-05:00,218.8,218.8326,217.65,218.285,967668
2026-01-13 10:25:00-05:00,218.2501,218.56,217.59,218.215,719920
2026-01-13 10:30:00-05:00,218.18,219.0999,217.36,217.69,711356
2026-01-13 10:35:00-05:00,217.69,217.88,217.23,217.35,542523
2026-01-13 10:40:00-05:00,217.36,217.905,216.97,217.87,611643
2026-01-13 10:45:00-05:00,217.9,218.42,217.42,217.51,548368
2026-01-13 10:50:00-05:00,217.4931,218.9899,217.4472,218.9271,429894
2026-01-13 10:55:00-05:00,218.98,219.49,218.7401,219.21,552710
2026-01-13 11:00:00-05:00,219.21,219.4799,219.09,219.19,371089
2026-01-13 11:05:00-05:00,219.18,219.55,218.63,218.92,421911
2026-01-13 11:10:00-05:00,218.945,219.8499,218.8029,219.7099,430932
2026-01-13 11:15:00-05:00,219.68,219.8299,219.47,219.77,306352
2026-01-13 11:20:00-05:00,219.79,220,218.99,219.19,466018
2026-01-13 11:25:00-05:00,219.165,219.4,217.86,218.36,499844
2026-01-13 11:30:00-05:00,218.355,219.3575,218.1601,219.3575,309423
2026-01-13 11:35:00-05:00,219.32,219.9,219.04,219.8451,400221
2026-01-13 11:40:00-05:00,219.878,220.23,219.47,220.2103,397092
2026-01-13 11:45:00-05:00,220.185,221.05,220.11,220.93,550170
2026-01-13 11:50:00-05:00,220.92,221.67,220.65,221.22,565425
2026-01-13 11:55:00-05:00,221.23,222.59,221.14,222.24,887753
2026-01-13 12:00:00-05:00,222.25,222.51,221.58,222.3799,619074
2026-01-13 12:05:00-05:00,222.32,223.11,222.2,222.87,850505
2026-01-13 12:10:00-05:00,222.84,222.87,221.87,221.8886,505742
2026-01-13 12:15:00-05:00,221.875,221.875,220.8292,221.35,531106
2026-01-13 12:20:00-05:00,221.3188,221.4,221,221.2588,288487
2026-01-13 12:25:00-05:00,221.28,221.48,220.64,221.4,434547
2026-01-13 12:30:00-05:00,221.3844,221.6,220.23,221.37,432382
2026-01-13 12:35:00-05:00,221.355,221.41,220.97,221.1,244682
2026-01-13 12:40:00-05:00,221.0931,221.315,220.66,220.7599,267312
2026-01-13 12:45:00-05:00,220.67,221.35,220.63,221.185,287536
2026-01-13 12:50:00-05:00,221.21,221.35,220.06,220.31,358302
2026-01-13 12:55:00-05:00,220.34,220.35,219.58,220.13,394581
2026-01-13 13:00:00-05:00,220.11,220.6899,219.7,220.28,471560
2026-01-13 13:05:00-05:00,220.27,220.68,219.79,220.5954,443247
2026-01-13 13:10:00-05:00,220.58,220.97,220.29,220.8401,282844
2026-01-13 13:15:00-05:00,220.885,221.1899,220.8,220.895,299893
2026-01-13 13:20:00-05:00,220.9199,221.14,220.71,220.78,271767
2026-01-13 13:25:00-05:00,220.78,221.17,220.736,220.955,354830
2026-01-13 13:30:00-05:00,220.955,221.3,220.85,220.93,309522
2026-01-13 13:35:00-05:00,220.9,221.464,220.82,221.4077,267283
2026-01-13 13:40:00-05:00,221.36,221.4,220.63,220.9796,291319
2026-01-13 13:45:00-05:00,220.93,221.105,220.4,220.42,210798
2026-01-13 13:50:00-05:00,220.42,220.7,219.95,220.67,262813
2026-01-13 13:55:00-05:00,220.675,220.7395,220.256,220.63,220032
2026-01-13 14:00:00-05:00,220.65,220.95,220.55,220.929,300259
2026-01-13 14:05:00-05:00,220.95,221.33,220.71,221.18,282958
2026-01-13 14:10:00-05:00,221.14,221.45,221.07,221.3,215162
2026-01-13 14:15:00-05:00,221.29,221.85,221.24,221.77,319980
2026-01-13 14:20:00-05:00,221.76,222.16,221.58,221.63,403871
2026-01-13 14:25:00-05:00,221.64,222,221.54,221.835,283948
2026-01-13 14:30:00-05:00,221.81,222.05,221.7173,221.72,305555
2026-01-13 14:35:00-05:00,221.7108,222.02,221.65,222.01,267633
2026-01-13 14:40:00-05:00,222.03,222.1,221.89,221.9699,190356
2026-01-13 14:45:00-05:00,221.9625,221.9625,221.59,221.83,226633
2026-01-13 14:50:00-05:00,221.84,222.39,221.84,222.21,360852
2026-01-13 14:55:00-05:00,222.21,222.3777,222.06,222.17,234629
2026-01-13 15:00:00-05:00,222.18,222.21,221.46,221.91,327222
2026-01-13 15:05:00-05:00,221.9099,222.25,221.84,222.22,244640
2026-01-13 15:10:00-05:00,222.2399,222.24,221.76,222.08,319209
2026-01-13 15:15:00-05:00,222.09,222.36,221.94,222.35,286311
2026-01-13 15:20:00-05:00,222.35,222.73,221.9415,222.68,468506
2026-01-13 15:25:00-05:00,222.675,222.69,221.73,221.73,428605
2026-01-13 15:30:00-05:00,221.73,222.07,221.489,221.85,444655
2026-01-13 15:35:00-05:00,221.9,222.8144,221.65,222.8144,507894
2026-01-13 15:40:00-05:00,222.82,222.99,222.44,222.6,578330
2026-01-13 15:45:00-05:00,222.585,222.64,221.77,221.785,546842
2026-01-13 15:50:00-05:00,221.76,222.08,221.43,221.82,751023
2026-01-13 15:55:00-05:00,221.78,221.83,220.74,221.02,1595509
2026-01-14 09:30:00-05:00,217.54,218.27,215.75,217.25,1562998
2026-01-14 09:35:00-05:00,217.36,217.57,216.29,216.71,683113
2026-01-14 09:40:00-05:00,216.71,216.91,215.25,215.46,881961
2026-01-14 09:45:00-05:00,215.475,216.8526,215.11,216.71,635168
2026-01-14 09:50:00-05:00,216.7,217.6,216.1,217.215,572150
2026-01-14 09:55:00-05:00,217.15,217.46,216.3,216.44,505595
2026-01-14 10:00:00-05:00,216.46,216.7599,215.5801,216.2163,610422
2026-01-14 10:05:00-05:00,216.2,217.33,216.13,217.25,474398
2026-01-14 10:10:00-05:00,217.21,219.75,217.155,219.5968,1064290
2026-01-14 10:15:00-05:00,219.6,221.43,219.47,221.355,1038942
2026-01-14 10:20:00-05:00,221.38,223.03,221.1806,222.84,1457695
2026-01-14 10:25:00-05:00,222.86,223.91,222.08,222.225,1607948
2026-01-14 10:30:00-05:00,222.25,223.25,221.61,223.14,912190
2026-01-14 10:35:00-05:00,223.0957,223.7,222.71,223.3,783263
2026-01-14 10:40:00-05:00,223.3,223.5299,221.51,221.5901,733142
2026-01-14 10:45:00-05:00,221.58,221.8,219.8701,220.085,1171284
2026-01-14 10:50:00-05:00,220.04,220.32,219.112,219.3865,707925
2026-01-14 10:55:00-05:00,219.35,220.39,219.35,219.95,479994
2026-01-14 11:00:00-05:00,219.975,220.6,219.8,220.49,354304
2026-01-14 11:05:00-05:00,220.48,220.91,220.25,220.345,441738
2026-01-14 11:10:00-05:00,220.3391,220.52,219.76,220.075,306318
2026-01-14 11:15:00-05:00,220.13,221.3899,220.13,221.36,479041
2026-01-14 11:20:00-05:00,221.33,222.07,221.1401,221.89,595826
2026-01-14 11:25:00-05:00,221.9899,223.18,221.78,223.145,795090
2026-01-14 11:30:00-05:00,223.12,224,222.84,223.2412,1115805
2026-01-14 11:35:00-05:00,223.2,223.95,222.85,223.84,669861
2026-01-14 11:40:00-05:00,223.8268,224.09,223.13,223.535,597171
2026-01-14 11:45:00-05:00,223.52,223.669,223,223.325,421397
2026-01-14 11:50:00-05:00,223.3185,223.73,222.1,222.21,569198
2026-01-14 11:55:00-05:00,222.2131,222.379,221.62,221.93,321603
2026-01-14 12:00:00-05:00,221.96,222.23,221.43,221.465,353648
2026-01-14 12:05:00-05:00,221.44,222.37,221.32,222.24,311473
2026-01-14 12:10:00-05:00,222.2399,222.3799,220.87,221.02,300949
2026-01-14 12:15:00-05:00,221.04,221.06,220.04,220.3,289803
2026-01-14 12:20:00-05:00,220.31,221.11,220.0362,221.07,256825
2026-01-14 12:25:00-05:00,221.09,221.53,220.97,221.31,292689
2026-01-14 12:30:00-05:00,221.3,221.34,220.5116,220.55,209729
2026-01-14 12:35:00-05:00,220.56,221.07,220.5,221.01,155904
2026-01-14 12:40:00-05:00,220.97,221.73,220.84,221.66,199450
2026-01-14 12:45:00-05:00,221.68,222.17,221.28,221.35,265975
2026-01-14 12:50:00-05:00,221.375,221.4071,220.47,220.66,241834
2026-01-14 12:55:00-05:00,220.745,220.8253,220.33,220.44,144875
2026-01-14 13:00:00-05:00,220.4,221.77,220.35,221.6881,282714
2026-01-14 13:05:00-05:00,221.6653,221.95,221.1559,221.89,254437
2026-01-14 13:10:00-05:00,221.89,222.1312,221.79,222.12,255870
2026-01-14 13:15:00-05:00,222.095,222.24,221.61,221.71,195216
2026-01-14 13:20:00-05:00,221.6908,222.32,221.59,222.105,242634
2026-01-14 13:25:00-05:00,222.09,222.66,221.95,222.63,185969
2026-01-14 13:30:00-05:00,222.63,222.7508,221.27,221.6599,290748
2026-01-14 13:35:00-05:00,221.64,222.06,221.25,221.295,228341
2026-01-14 13:40:00-05:00,221.32,221.75,221.26,221.65,121920
2026-01-14 13:45:00-05:00,221.65,221.7499,221.27,221.71,200732
2026-01-14 13:50:00-05:00,221.68,222.3399,221.68,221.88,216720
2026-01-14 13:55:00-05:00,221.905,222.4199,221.755,222.275,277983
2026-01-14 14:00:00-05:00,222.265,222.37,221.41,221.5,266860
2026-01-14 14:05:00-05:00,221.495,222.16,221.4777,221.965,206387
2026-01-14 14:10:00-05:00,221.95,222.015,221.51,221.57,175135
2026-01-14 14:15:00-05:00,221.6075,221.73,221.26,221.645,155953
2026-01-14 14:20:00-05:00,221.67,221.98,221.5,221.57,209172
2026-01-14 14:25:00-05:00,221.595,221.82,221.5,221.7825,164667
2026-01-14 14:30:00-05:00,221.8,222.33,221.79,222.04,219719
2026-01-14 14:35:00-05:00,222.05,222.43,222,222.43,215934
2026-01-14 14:40:00-05:00,222.4,222.68,221.9506,222.29,235174
2026-01-14 14:45:00-05:00,222.24,222.49,221.98,222.4478,165774
2026-01-14 14:50:00-05:00,222.39,222.6,222.26,222.355,238292
2026-01-14 14:55:00-05:00,222.38,222.69,220.495,220.95,591460
2026-01-14 15:00:00-05:00,221.02,222.2,219.86,221.9,672165
2026-01-14 15:05:00-05:00,222.02,223.35,221.8,222.65,499072
2026-01-14 15:10:00-05:00,222.65,222.71,221.91,222.225,268351
2026-01-14 15:15:00-05:00,222.285,222.43,221.63,221.634,214559
2026-01-14 15:20:00-05:00,221.68,222.12,221.26,221.6299,262702
2026-01-14 15:25:00-05:00,221.568,221.69,221.1767,221.385,187777
2026-01-14 15:30:00-05:00,221.375,222.55,221.375,222.41,823922
2026-01-14 15:35:00-05:00,222.43,222.95,222.42,222.9091,313104
2026-01-14 15:40:00-05:00,222.93,223.085,222.21,222.26,359222
2026-01-14 15:45:00-05:00,222.27,222.59,222.05,222.22,301620
2026-01-14 15:50:00-05:00,222.26,222.98,222.1987,222.79,569180
2026-01-14 15:55:00-05:00,222.77,223.68,222.76,223.53,1488517
2026-01-15 09:30:00-05:00,227.9,235.45,227.36,233.79,4253390
2026-01-15 09:35:00-05:00,233.86,234.8,231.59,233.6482,1979422
2026-01-15 09:40:00-05:00,233.59,234.34,231.0201,234.2,1709947
2026-01-15 09:45:00-05:00,234.21,236.2499,233.99,236.1168,2188599
2026-01-15 09:50:00-05:00,236.1,236.592,235.14,235.635,1728327
2026-01-15 09:55:00-05:00,235.635,236.29,234.74,235.77,1286819
2026-01-15 10:00:00-05:00,235.69,237.07,235.06,236.665,1200451
2026-01-15 10:05:00-05:00,236.7199,237.62,236.6,237.105,1146015
2026-01-15 10:10:00-05:00,237.1372,237.2299,236.09,236.1,1229635
2026-01-15 10:15:00-05:00,236.1,238.1,235.55,237.51,1417930
2026-01-15 10:20:00-05:00,237.57,237.8299,236.66,236.97,786421
2026-01-15 10:25:00-05:00,236.955,237.04,235.31,235.72,987999
2026-01-15 10:30:00-05:00,235.72,237.2,235.41,236.72,822890
2026-01-15 10:35:00-05:00,236.67,237.35,236.5501,237.185,641472
2026-01-15 10:40:00-05:00,237.22,237.33,235.65,235.79,499885
2026-01-15 10:45:00-05:00,235.77,236.15,235.2,235.8899,676506
2026-01-15 10:50:00-05:00,235.86,236.62,235.22,236.03,708068
2026-01-15 10:55:00-05:00,235.995,237.14,235.7,236.95,603178
2026-01-15 11:00:00-05:00,236.93,237.25,236.55,236.64,419716
2026-01-15 11:05:00-05:00,236.66,237.43,236.4,236.99,374780
2026-01-15 11:10:00-05:00,236.99,237.62,236.71,237.29,536898
2026-01-15 11:15:00-05:00,237.2401,237.54,236.931,237.22,332419
2026-01-15 11:20:00-05:00,237.28,238.01,237.05,237.1,662365
2026-01-15 11:25:00-05:00,237.0571,237.0571,236.21,236.4,449378
2026-01-15 11:30:00-05:00,236.31,236.9,236.14,236.3215,390783
2026-01-15 11:35:00-05:00,236.36,236.61,236.04,236.4,326680
2026-01-15 11:40:00-05:00,236.425,236.49,236.03,236.4,349655
2026-01-15 11:45:00-05:00,236.41,236.65,236.2975,236.5899,260118
2026-01-15 11:50:00-05:00,236.555,236.6,235.95,236.45,406688
2026-01-15 11:55:00-05:00,236.465,236.86,236.3,236.645,330624
2026-01-15 12:00:00-05:00,236.565,237.27,236.01,236.15,522428
2026-01-15 12:05:00-05:00,236.13,236.7997,235.88,236.79,368304
2026-01-15 12:10:00-05:00,236.78,236.8,235.5575,235.62,355624
2026-01-15 12:15:00-05:00,235.65,236.22,235.44,235.99,409754
2026-01-15 12:20:00-05:00,235.96,236.51,235.82,236.2987,325488
2026-01-15 12:25:00-05:00,236.31,236.4,235.6,236.09,335863
2026-01-15 12:30:00-05:00,236.15,236.38,235.8,236.23,359495
2026-01-15 12:35:00-05:00,236.24,236.8,236.11,236.47,352556
2026-01-15 12:40:00-05:00,236.5,236.74,236.3,236.61,292952
2026-01-15 12:45:00-05:00,236.61,237.2899,236.5,236.6201,526784
2026-01-15 12:50:00-05:00,236.62,237.69,236.53,237.645,446451
2026-01-15 12:55:00-05:00,237.62,237.8099,236.85,236.9828,408375
2026-01-15 13:00:00-05:00,236.93,237.93,236.8264,237.89,312603
2026-01-15 13:05:00-05:00,237.9199,238.35,237.67,238.1353,624327
2026-01-15 13:10:00-05:00,238.15,238.19,237.26,237.66,398456
2026-01-15 13:15:00-05:00,237.63,237.69,237.2,237.21,285221
2026-01-15 13:20:00-05:00,237.23,237.6499,237.1001,237.47,289209
2026-01-15 13:25:00-05:00,237.4617,237.75,237.26,237.6525,251088
2026-01-15 13:30:00-05:00,237.63,237.87,237.46,237.58,277023
2026-01-15 13:35:00-05:00,237.59,237.85,236.58,236.64,300552
2026-01-15 13:40:00-05:00,236.65,236.67,236.12,236.26,320479
2026-01-15 13:45:00-05:00,236.27,236.39,235.89,236.12,368784
2026-01-15 13:50:00-05:00,236.15,236.18,235.6601,235.765,239384
2026-01-15 13:55:00-05:00,235.7714,235.94,235.45,235.9,325753
2026-01-15 14:00:00-05:00,235.87,235.875,234.87,235.145,636728
2026-01-15 14:05:00-05:00,235.16,235.43,234.56,235.275,459570
2026-01-15 14:10:00-05:00,235.292,235.42,234.57,234.825,326441
2026-01-15 14:15:00-05:00,234.84,235.1,234.5,234.9204,300216
2026-01-15 14:20:00-05:00,234.88,234.91,234.11,234.67,391844
2026-01-15 14:25:00-05:00,234.62,234.75,233.66,233.9,426748
2026-01-15 14:30:00-05:00,233.88,233.93,233.43,233.5799,356213
2026-01-15 14:35:00-05:00,233.5,233.74,233.0601,233.24,375870
2026-01-15 14:40:00-05:00,233.2759,233.69,233.1901,233.54,270358
2026-01-15 14:45:00-05:00,233.5195,233.68,232.91,233.1,361680
2026-01-15 14:50:00-05:00,233.105,233.3,232.82,232.9,274427
2026-01-15 14:55:00-05:00,232.9,232.98,232.3781,232.7,339007
2026-01-15 15:00:00-05:00,232.68,232.745,232,232.44,428144
2026-01-15 15:05:00-05:00,232.3601,232.415,231.7,231.88,381434
2026-01-15 15:10:00-05:00,231.82,232.3097,231.33,231.355,412446
2026-01-15 15:15:00-05:00,231.33,231.4,230.3801,230.3801,553273
2026-01-15 15:20:00-05:00,230.4599,230.69,229.76,229.81,643752
2026-01-15 15:25:00-05:00,229.82,230.1,229.42,229.93,626989
2026-01-15 15:30:00-05:00,229.91,230,229.21,229.58,550201
2026-01-15 15:35:00-05:00,229.579,229.7,228.78,228.93,569896
2026-01-15 15:40:00-05:00,228.905,229.23,228.69,228.7001,515974
2026-01-15 15:45:00-05:00,228.74,228.88,228.0001,228.12,616853
2026-01-15 15:50:00-05:00,228.13,228.45,227.6,227.935,908513
2026-01-15 15:55:00-05:00,227.89,227.98,227.22,227.91,1771422
2026-01-16 09:30:00-05:00,234.3,234.4499,229.14,229.91,2709264
2026-01-16 09:35:00-05:00,229.91,231.15,228.86,230.74,1493633
2026-01-16 09:40:00-05:00,230.74,231.55,229.8,229.866,955027
2026-01-16 09:45:00-05:00,229.8242,232.54,229.6,232.445,1158673
2026-01-16 09:50:00-05:00,232.52,233.7698,232.4,232.8,1484981
2026-01-16 09:55:00-05:00,232.795,233.0599,231.08,231.3395,694729
2026-01-16 10:00:00-05:00,231.245,231.34,230.44,231.145,841033
2026-01-16 10:05:00-05:00,231.1899,233.05,231.02,232.88,720835
2026-01-16 10:10:00-05:00,232.88,233.57,232.16,232.49,693844
2026-01-16 10:15:00-05:00,232.52,232.69,231.58,231.65,449103
2026-01-16 10:20:00-05:00,231.7,233.62,231.64,233.6,577386
2026-01-16 10:25:00-05:00,233.64,233.65,231.38,231.59,543379
2026-01-16 10:30:00-05:00,231.545,232.3,231.23,232.07,540302
2026-01-16 10:35:00-05:00,232.12,232.13,231.35,231.665,341638
2026-01-16 10:40:00-05:00,231.68,231.83,230.72,231.4157,421573
2026-01-16 10:45:00-05:00,231.35,231.44,230.4,230.8571,371812
2026-01-16 10:50:00-05:00,230.83,231.65,230.5,231.61,372673
2026-01-16 10:55:00-05:00,231.61,233.15,231.33,232.956,509942
2026-01-16 11:00:00-05:00,232.9999,233.78,232.51,232.575,607782
2026-01-16 11:05:00-05:00,232.575,233.63,232.29,233.59,437018
2026-01-16 11:10:00-05:00,233.59,233.88,232.87,233.11,401831
2026-01-16 11:15:00-05:00,233.09,233.2983,232.8501,233.23,258202
2026-01-16 11:20:00-05:00,233.23,233.53,232.73,232.745,313639
2026-01-16 11:25:00-05:00,232.8,233.1,232.24,232.97,452738
2026-01-16 11:30:00-05:00,232.975,233.1934,232.32,232.405,223964
2026-01-16 11:35:00-05:00,232.45,232.6999,232.15,232.5,175814
2026-01-16 11:40:00-05:00,232.5,232.8,232.21,232.265,160444
2026-01-16 11:45:00-05:00,232.23,232.38,231.65,232.225,285951
2026-01-16 11:50:00-05:00,232.2,232.46,232.16,232.4,172775
2026-01-16 11:55:00-05:00,232.38,232.74,231.7175,232.22,271290
2026-01-16 12:00:00-05:00,232.16,232.33,231.345,231.38,357527
2026-01-16 12:05:00-05:00,231.35,232,231.29,231.7895,291576
2026-01-16 12:10:00-05:00,231.785,232.88,231.74,232.25,330216
2026-01-16 12:15:00-05:00,232.265,232.6971,232.12,232.37,246832
2026-01-16 12:20:00-05:00,232.37,233.25,232.2,233.18,262084
2026-01-16 12:25:00-05:00,233.16,234.3675,232.971,234.3206,661805
2026-01-16 12:30:00-05:00,234.285,234.46,233.6596,234.45,466771
2026-01-16 12:35:00-05:00,234.45,234.49,233.6,233.684,351002
2026-01-16 12:40:00-05:00,233.65,233.699,233.1,233.1927,268334
2026-01-16 12:45:00-05:00,233.185,233.6699,232.4101,233.17,1407629
2026-01-16 12:50:00-05:00,233.17,233.49,232.5,232.5501,241775
2026-01-16 12:55:00-05:00,232.57,232.9,232.37,232.3805,211160
2026-01-16 13:00:00-05:00,232.38,232.9,232.2,232.5365,223878
2026-01-16 13:05:00-05:00,232.5,232.66,232.1501,232.3198,223110
2026-01-16 13:10:00-05:00,232.25,232.57,231.71,231.75,255766
2026-01-16 13:15:00-05:00,231.75,232.1,231.7101,232.0497,198762
2026-01-16 13:20:00-05:00,232.05,232.14,231.7108,231.88,242749
2026-01-16 13:25:00-05:00,231.88,232.05,231.5,231.53,159189
2026-01-16 13:30:00-05:00,231.53,231.86,231.4001,231.665,180171
2026-01-16 13:35:00-05:00,231.6,231.74,231.3,231.44,165291
2026-01-16 13:40:00-05:00,231.39,231.5499,231.11,231.42,182844
2026-01-16 13:45:00-05:00,231.39,231.39,230.56,230.78,243951
2026-01-16 13:50:00-05:00,230.78,231,230.63,231,196176
2026-01-16 13:55:00-05:00,230.93,231.03,230.72,230.98,168059
2026-01-16 14:00:00-05:00,230.89,231.12,230.69,230.9393,233049
2026-01-16 14:05:00-05:00,230.9399,231.4426,230.89,231.3199,219869
2026-01-16 14:10:00-05:00,231.32,231.375,230.92,231.14,220368
2026-01-16 14:15:00-05:00,231.1,231.68,230.97,231.55,270748
2026-01-16 14:20:00-05:00,231.56,231.88,231.46,231.74,213997
2026-01-16 14:25:00-05:00,231.75,231.7999,231.33,231.475,205984
2026-01-16 14:30:00-05:00,231.47,232.48,231.37,232.055,317832
2026-01-16 14:35:00-05:00,232.055,232.1599,231.4001,231.595,202528
2026-01-16 14:40:00-05:00,231.595,232.1,231.595,231.7,159667
2026-01-16 14:45:00-05:00,231.695,231.85,231.57,231.63,86796
2026-01-16 14:50:00-05:00,231.63,231.7317,231.47,231.69,990996
2026-01-16 14:55:00-05:00,231.71,232.32,231.58,232.095,947994
2026-01-16 15:00:00-05:00,232.11,232.61,232.03,232.54,274449
2026-01-16 15:05:00-05:00,232.5369,232.98,232.22,232.9101,487005
2026-01-16 15:10:00-05:00,232.9111,232.93,232.45,232.8001,226893
2026-01-16 15:15:00-05:00,232.825,232.825,232.32,232.6,471540
2026-01-16 15:20:00-05:00,232.58,232.625,232.3,232.46,171479
2026-01-16 15:25:00-05:00,232.43,232.65,232.18,232.18,209773
2026-01-16 15:30:00-05:00,232.17,232.32,231.8267,232.11,240580
2026-01-16 15:35:00-05:00,232.15,232.3878,231.88,232.18,283210
2026-01-16 15:40:00-05:00,232.22,232.35,232.04,232.17,296553
2026-01-16 15:45:00-05:00,232.16,232.47,231.85,232.3,313443
2026-01-16 15:50:00-05:00,232.38,232.45,231.81,232.35,803147
2026-01-16 15:55:00-05:00,232.31,232.39,231.48,231.8,1175958
2026-01-20 09:30:00-05:00,226.08,232.53,225.4105,231.99,2572631
2026-01-20 09:35:00-05:00,232.06,232.49,230.25,231.52,1490342
2026-01-20 09:40:00-05:00,231.5151,231.6532,228.77,229.49,1191841
2026-01-20 09:45:00-05:00,229.555,229.555,227.8241,228.88,775913
2026-01-20 09:50:00-05:00,228.8801,232.22,228.78,231.765,1114087
2026-01-20 09:55:00-05:00,231.73,233.9,231.51,233.27,1153859
2026-01-20 10:00:00-05:00,233.11,234.3,232.64,234.24,945012
2026-01-20 10:05:00-05:00,234.19,235.51,234.0842,234.93,1140791
2026-01-20 10:10:00-05:00,234.96,235.63,234.32,234.825,750066
2026-01-20 10:15:00-05:00,234.78,235.64,233.9,233.93,811487
2026-01-20 10:20:00-05:00,233.965,236.47,233.41,235.455,1069828
2026-01-20 10:25:00-05:00,235.45,237.58,235.45,237.22,912894
2026-01-20 10:30:00-05:00,237.22,238.1,236.6,237.95,852171
2026-01-20 10:35:00-05:00,237.9603,238.42,237.62,238.29,587780
2026-01-20 10:40:00-05:00,238.275,239.48,238.245,238.7701,948000
2026-01-20 10:45:00-05:00,238.8063,239.09,237.7,237.98,758707
2026-01-20 10:50:00-05:00,237.96,238.53,237.56,237.65,577844
2026-01-20 10:55:00-05:00,237.67,238.5,237.23,238.41,685611
2026-01-20 11:00:00-05:00,238.37,238.8399,237.99,238.35,680113
2026-01-20 11:05:00-05:00,238.28,238.7099,237.76,238.4399,427564
2026-01-20 11:10:00-05:00,238.42,238.9,237.7501,238.2,497187
2026-01-20 11:15:00-05:00,238.2175,238.44,237.63,238.235,536965
2026-01-20 11:20:00-05:00,238.29,238.56,237.7,237.8399,466900
2026-01-20 11:25:00-05:00,237.76,238.44,237.45,238.365,462167
2026-01-20 11:30:00-05:00,238.33,239,237.77,238.6,530221
2026-01-20 11:35:00-05:00,238.56,239.5,238.39,239.29,604927
2026-01-20 11:40:00-05:00,239.2823,239.43,238.09,238.33,549972
2026-01-20 11:45:00-05:00,238.37,238.949,238.04,238.42,381510
2026-01-20 11:50:00-05:00,238.43,238.81,237.71,237.81,353800
2026-01-20 11:55:00-05:00,237.76,239.13,237.67,238.7783,483401
2026-01-20 12:00:00-05:00,238.75,238.75,237.89,238.05,336736
2026-01-20 12:05:00-05:00,238,238.56,237.27,237.29,260047
2026-01-20 12:10:00-05:00,237.25,237.3499,236.5,236.695,435983
2026-01-20 12:15:00-05:00,236.695,236.84,236.12,236.215,370946
2026-01-20 12:20:00-05:00,236.19,236.76,235.96,236.6,403024
2026-01-20 12:25:00-05:00,236.57,236.7999,236.0501,236.1,268717
2026-01-20 12:30:00-05:00,236.12,236.3241,235.6201,235.72,273170
2026-01-20 12:35:00-05:00,235.72,236.195,235.41,235.6965,317978
2026-01-20 12:40:00-05:00,235.72,235.82,235.35,235.53,273156
2026-01-20 12:45:00-05:00,235.535,235.54,234.7,234.915,446878
2026-01-20 12:50:00-05:00,234.915,235.45,234.61,235.28,316622
2026-01-20 12:55:00-05:00,235.25,235.4,234.88,235.0433,261666
2026-01-20 13:00:00-05:00,235.02,235.6999,234.96,235.28,211461
2026-01-20 13:05:00-05:00,235.25,235.55,235.03,235.51,161987
2026-01-20 13:10:00-05:00,235.55,235.69,234.86,235.2899,277251
2026-01-20 13:15:00-05:00,235.225,235.29,234.56,234.85,216343
2026-01-20 13:20:00-05:00,234.85,235.09,234.12,234.19,253099
2026-01-20 13:25:00-05:00,234.19,234.34,233.495,233.5919,292852
2026-01-20 13:30:00-05:00,233.55,233.7099,232.82,233.035,309717
2026-01-20 13:35:00-05:00,233.035,233.16,232.331,232.36,349199
2026-01-20 13:40:00-05:00,232.4133,232.6299,232.15,232.17,257681
2026-01-20 13:45:00-05:00,232.16,232.32,231.75,231.81,290608
2026-01-20 13:50:00-05:00,231.8,231.8,231.31,231.44,373642
2026-01-20 13:55:00-05:00,231.44,232.34,231.42,231.95,352484
2026-01-20 14:00:00-05:00,231.905,232.41,231.8101,232.1723,262926
2026-01-20 14:05:00-05:00,232.15,232.24,231.51,231.66,217936
2026-01-20 14:10:00-05:00,231.685,231.81,231.185,231.5684,232155
2026-01-20 14:15:00-05:00,231.57,231.5799,231.16,231.47,264304
2026-01-20 14:20:00-05:00,231.44,231.64,231.11,231.38,215667
2026-01-20 14:25:00-05:00,231.39,231.62,231.1625,231.59,220841
2026-01-20 14:30:00-05:00,231.61,231.62,230.8,231.015,354430
2026-01-20 14:35:00-05:00,231.025,231.5395,230.8301,231.4209,213505
2026-01-20 14:40:00-05:00,231.44,231.82,231.0201,231.08,213532
2026-01-20 14:45:00-05:00,231.0253,231.75,230.86,231.73,218568
2026-01-20 14:50:00-05:00,231.7041,232.09,231.36,232.0134,249476
2026-01-20 14:55:00-05:00,232.04,232.0468,231.31,231.65,229702
2026-01-20 15:00:00-05:00,231.66,231.88,231.45,231.68,197066
2026-01-20 15:05:00-05:00,231.65,232.1699,231.27,231.34,247864
2026-01-20 15:10:00-05:00,231.35,231.9,231.1301,231.165,236457
2026-01-20 15:15:00-05:00,231.2,231.8799,231.0253,231.63,304594
2026-01-20 15:20:00-05:00,231.6556,231.7,231.05,231.14,251952
2026-01-20 15:25:00-05:00,231.14,231.6999,231.05,231.416,339151
2026-01-20 15:30:00-05:00,231.47,231.8293,231.47,231.665,249922
2026-01-20 15:35:00-05:00,231.64,232.0799,231.4101,231.7,314631
2026-01-20 15:40:00-05:00,231.705,232.0499,231.55,231.88,276348
2026-01-20 15:45:00-05:00,231.93,232.45,231.78,232.255,371759
2026-01-20 15:50:00-05:00,232.27,232.7,231.21,231.665,677073
2026-01-20 15:55:00-05:00,231.63,232.09,231.53,231.94,1147140
2026-01-21 09:30:00-05:00,235.99,242.15,235.78,238.65,3487613
2026-01-21 09:35:00-05:00,238.51,239.98,237,239.197,1574577
2026-01-21 09:40:00-05:00,239.28,239.91,237.92,239.705,981681
2026-01-21 09:45:00-05:00,239.7,241.38,239.43,241.2,1284676
2026-01-21 09:50:00-05:00,241.16,242.65,240.64,242.55,1410363
2026-01-21 09:55:00-05:00,242.545,245.54,242.53,245.515,1961744
2026-01-21 10:00:00-05:00,245.49,246.4999,245.05,245.22,1954984
2026-01-21 10:05:00-05:00,245.25,247.6,244.92,246.885,1627290
2026-01-21 10:10:00-05:00,246.86,247.42,245.7,245.75,1092342
2026-01-21 10:15:00-05:00,245.7,247.8799,245.68,246.905,1246776
2026-01-21 10:20:00-05:00,246.8982,247.63,246.21,247.4051,922777
2026-01-21 10:25:00-05:00,247.43,247.96,246.47,246.75,1081762
2026-01-21 10:30:00-05:00,246.81,249.76,246.79,249.44,1561869
2026-01-21 10:35:00-05:00,249.33,250.75,249.11,250.5901,1715341
2026-01-21 10:40:00-05:00,250.63,251.8799,250.2711,251.14,1243021
2026-01-21 10:45:00-05:00,251.13,252.69,250.86,252.485,1314426
2026-01-21 10:50:00-05:00,252.485,252.9,251.11,251.1793,1224603
2026-01-21 10:55:00-05:00,251.18,251.26,250.24,250.525,799889
2026-01-21 11:00:00-05:00,250.48,251.19,250.2601,250.455,572881
2026-01-21 11:05:00-05:00,250.4,251.18,250.32,250.9,544840
2026-01-21 11:10:00-05:00,250.9077,251.94,250.72,251.31,684456
2026-01-21 11:15:00-05:00,251.274,252.18,251.26,251.8,588564
2026-01-21 11:20:00-05:00,251.865,252.57,251.36,252.5285,596703
2026-01-21 11:25:00-05:00,252.4801,252.6299,251.82,252.35,596725
2026-01-21 11:30:00-05:00,252.33,252.5,251.0105,251.33,560722
2026-01-21 11:35:00-05:00,251.3232,251.3232,250.18,250.38,625109
2026-01-21 11:40:00-05:00,250.44,251.24,249.9,250.1278,701429
2026-01-21 11:45:00-05:00,250.07,250.86,249.55,250.72,696504
2026-01-21 11:50:00-05:00,250.68,250.9299,249.38,249.65,457065
2026-01-21 11:55:00-05:00,249.6,249.8,248.2001,248.42,573884
2026-01-21 12:00:00-05:00,248.43,248.6625,246.81,246.905,834993
2026-01-21 12:05:00-05:00,246.89,246.99,245.86,246.51,898585
2026-01-21 12:10:00-05:00,246.49,246.8,245.1,245.3,640849
2026-01-21 12:15:00-05:00,245.33,246.24,244.78,245.72,734629
2026-01-21 12:20:00-05:00,245.73,245.94,244.95,245.6913,575479
2026-01-21 12:25:00-05:00,245.7,246.27,245.15,245.6099,414482
2026-01-21 12:30:00-05:00,245.53,245.5547,244.6533,244.988,488123
2026-01-21 12:35:00-05:00,244.98,245.7,244.6501,245.25,318441
2026-01-21 12:40:00-05:00,245.25,245.645,244.41,244.45,353201
2026-01-21 12:45:00-05:00,244.42,245.57,244.25,245.48,457428
2026-01-21 12:50:00-05:00,245.43,246.8,245.14,246.57,501445
2026-01-21 12:55:00-05:00,246.62,247.53,246.2701,247.4401,518801
2026-01-21 13:00:00-05:00,247.42,247.72,244.6454,244.9,581089
2026-01-21 13:05:00-05:00,244.9,245.6199,244.59,245.4671,362567
2026-01-21 13:10:00-05:00,245.5,246.5,245.45,246.18,336149
2026-01-21 13:15:00-05:00,246.15,246.3,245.6,245.68,257830
2026-01-21 13:20:00-05:00,245.68,245.68,244.36,244.41,369756
2026-01-21 13:25:00-05:00,244.45,245.36,244.36,245.18,261133
2026-01-21 13:30:00-05:00,245.23,246.01,244.975,245.71,241552
2026-01-21 13:35:00-05:00,245.705,245.8999,244.84,245.42,208927
2026-01-21 13:40:00-05:00,245.49,245.69,244.9,245.06,195760
2026-01-21 13:45:00-05:00,245.09,245.89,244.65,245.76,241951
2026-01-21 13:50:00-05:00,245.76,246.05,245.38,245.3901,240570
2026-01-21 13:55:00-05:00,245.39,245.64,244.88,245.28,266574
2026-01-21 14:00:00-05:00,245.3299,245.42,244.95,245.0638,266599
2026-01-21 14:05:00-05:00,245.08,245.2,244.22,244.805,347790
2026-01-21 14:10:00-05:00,244.86,245.1599,244.67,244.7388,191292
2026-01-21 14:15:00-05:00,244.74,245.04,244.4375,244.85,210768
2026-01-21 14:20:00-05:00,244.9,245.6,244.65,245.6,240508
2026-01-21 14:25:00-05:00,245.5538,248.28,245.07,247.925,561512
2026-01-21 14:30:00-05:00,247.97,248.7899,247.155,248.345,586597
2026-01-21 14:35:00-05:00,248.38,249.36,248.08,249.255,648769
2026-01-21 14:40:00-05:00,249.255,249.96,248.85,249.8401,697740
2026-01-21 14:45:00-05:00,249.845,250.99,249.845,250.8519,858446
2026-01-21 14:50:00-05:00,250.865,251.32,249.88,251.065,647082
2026-01-21 14:55:00-05:00,251.0999,251.45,250.91,251.29,494173
2026-01-21 15:00:00-05:00,251.29,251.5499,250.5601,250.9,542408
2026-01-21 15:05:00-05:00,251,251.01,249.8629,250.59,507650
2026-01-21 15:10:00-05:00,250.5448,250.8,250.115,250.44,348287
2026-01-21 15:15:00-05:00,250.44,250.69,249.86,249.93,514817
2026-01-21 15:20:00-05:00,249.96,250.77,249.96,250.54,498834
2026-01-21 15:25:00-05:00,250.49,250.54,249.18,249.2,512477
2026-01-21 15:30:00-05:00,249.2,249.7,248.3798,249.403,555284
2026-01-21 15:35:00-05:00,249.3778,250.26,249.3778,249.68,479491
2026-01-21 15:40:00-05:00,249.69,250.08,249.19,249.57,348311
2026-01-21 15:45:00-05:00,249.55,250.03,249.34,249.8451,396569
2026-01-21 15:50:00-05:00,249.84,250.29,249.2,249.5001,679973
2026-01-21 15:55:00-05:00,249.53,249.93,249.1,249.665,1420331
2026-01-22 09:30:00-05:00,251.745,251.778,249.57,249.7503,2541403
2026-01-22 09:35:00-05:00,249.77,250.5,248.2701,249.68,1321101
2026-01-22 09:40:00-05:00,249.7899,250.27,246.632,248.04,1376634
2026-01-22 09:45:00-05:00,248.08,248.84,247.35,248.84,668577
2026-01-22 09:50:00-05:00,248.809,251.38,247.725,251.14,1123943
2026-01-22 09:55:00-05:00,251.155,251.3,250.04,250.84,894330
2026-01-22 10:00:00-05:00,250.88,252,248.5501,249.425,1098197
2026-01-22 10:05:00-05:00,249.425,250.38,249.2201,249.656,410878
2026-01-22 10:10:00-05:00,249.63,250.29,249.4034,250.23,462199
2026-01-22 10:15:00-05:00,250.23,251.49,249.21,249.7,648150
2026-01-22 10:20:00-05:00,249.8,251.4,249.58,249.97,449263
2026-01-22 10:25:00-05:00,249.97,251.2,249.74,250.2625,358337
2026-01-22 10:30:00-05:00,250.3,251.27,249.8601,251.125,352003
2026-01-22 10:35:00-05:00,251.12,252.95,250.71,252.6821,826094
2026-01-22 10:40:00-05:00,252.735,252.92,251.97,252.08,549847
2026-01-22 10:45:00-05:00,252.05,252.65,251.59,252.02,457363
2026-01-22 10:50:00-05:00,252,252.1471,251.49,252,333377
2026-01-22 10:55:00-05:00,252,252.19,251.3,251.415,245596
2026-01-22 11:00:00-05:00,251.444,252.19,251.32,251.99,260753
2026-01-22 11:05:00-05:00,252.01,252.8099,251.77,252.76,368186
2026-01-22 11:10:00-05:00,252.785,253.99,252.47,253.83,735018
2026-01-22 11:15:00-05:00,253.8,253.98,253.155,253.35,495565
2026-01-22 11:20:00-05:00,253.335,253.815,253.27,253.39,281984
2026-01-22 11:25:00-05:00,253.45,253.65,253.21,253.41,231634
2026-01-22 11:30:00-05:00,253.4738,253.95,253.25,253.5499,290990
2026-01-22 11:35:00-05:00,253.4401,253.87,253.2,253.3522,250298
2026-01-22 11:40:00-05:00,253.33,254.4388,253.3,254.085,458501
2026-01-22 11:45:00-05:00,254.1169,255.44,253.97,255.34,566087
2026-01-22 11:50:00-05:00,255.305,256.08,255.11,255.2077,975027
2026-01-22 11:55:00-05:00,255.26,255.26,254.0496,254.51,437719
2026-01-22 12:00:00-05:00,254.47,254.96,254.21,254.8997,368678
2026-01-22 12:05:00-05:00,254.88,255.4999,254.79,255.2378,336992
2026-01-22 12:10:00-05:00,255.24,255.3699,254.93,255.1175,209532
2026-01-22 12:15:00-05:00,255.06,255.15,253.9662,254.08,393972
2026-01-22 12:20:00-05:00,254.03,254.6613,254.02,254.549,327849
2026-01-22 12:25:00-05:00,254.55,255.02,254.48,255.0016,230541
2026-01-22 12:30:00-05:00,255.02,255.29,254.702,254.896,245636
2026-01-22 12:35:00-05:00,254.9499,255,254,254.467,320006
2026-01-22 12:40:00-05:00,254.4296,255.0859,254.42,254.795,206783
2026-01-22 12:45:00-05:00,254.79,255.1296,254.7,254.9112,201017
2026-01-22 12:50:00-05:00,254.8984,255.05,254.27,254.41,235236
2026-01-22 12:55:00-05:00,254.36,254.68,253.95,254.242,286875
2026-01-22 13:00:00-05:00,254.29,254.92,253.955,254.8719,227685
2026-01-22 13:05:00-05:00,254.9036,255.05,254.33,254.36,224860
2026-01-22 13:10:00-05:00,254.39,254.47,253.45,253.66,475510
2026-01-22 13:15:00-05:00,253.584,254.15,253.51,253.83,190099
2026-01-22 13:20:00-05:00,253.84,254.17,253.68,253.825,172633
2026-01-22 13:25:00-05:00,253.838,254.15,253.76,253.96,319480
2026-01-22 13:30:00-05:00,253.94,254.45,253.91,254.16,182072
2026-01-22 13:35:00-05:00,254.165,254.35,253.2,253.825,240359
2026-01-22 13:40:00-05:00,253.82,253.9,253.59,253.705,152393
2026-01-22 13:45:00-05:00,253.6859,253.9658,253.58,253.5893,90434
2026-01-22 13:50:00-05:00,253.595,253.74,252.8,253.0301,294571
2026-01-22 13:55:00-05:00,253.11,253.27,252.41,252.7551,219347
2026-01-22 14:00:00-05:00,252.76,253.3,252.7101,253.15,199766
2026-01-22 14:05:00-05:00,253.14,253.21,252.7601,253.0835,123412
2026-01-22 14:10:00-05:00,253.15,253.49,253.07,253.2681,153926
2026-01-22 14:15:00-05:00,253.25,253.86,253.03,253.67,200988
2026-01-22 14:20:00-05:00,253.7199,254.08,253.45,254.06,183299
2026-01-22 14:25:00-05:00,254.0829,254.7799,253.95,254.48,283258
2026-01-22 14:30:00-05:00,254.5,254.64,254.02,254.28,890964
2026-01-22 14:35:00-05:00,254.24,254.61,253.95,254.1999,197434
2026-01-22 14:40:00-05:00,254.2,254.48,253.6691,253.81,202761
2026-01-22 14:45:00-05:00,253.835,254.16,253.4,253.975,175590
2026-01-22 14:50:00-05:00,253.9685,254.49,253.89,254.245,181293
2026-01-22 14:55:00-05:00,254.28,254.3359,253.82,254.16,213728
2026-01-22 15:00:00-05:00,254.08,254.47,254.01,254.23,198138
2026-01-22 15:05:00-05:00,254.23,254.42,253.6,253.995,231593
2026-01-22 15:10:00-05:00,253.99,254.1,253.81,253.9692,173714
2026-01-22 15:15:00-05:00,254,254.3746,253.6,253.7,241033
2026-01-22 15:20:00-05:00,253.66,253.92,253.12,253.2606,234342
2026-01-22 15:25:00-05:00,253.27,253.57,252.93,253.02,234168
2026-01-22 15:30:00-05:00,253,253.2001,252.76,252.89,237631
2026-01-22 15:35:00-05:00,252.87,253.22,252.69,252.94,263913
2026-01-22 15:40:00-05:00,252.999,253.29,252.81,253.0032,233658
2026-01-22 15:45:00-05:00,253.01,253.27,252.86,253.215,257980
2026-01-22 15:50:00-05:00,253.25,253.7499,252.98,253.56,431154
2026-01-22 15:55:00-05:00,253.5,253.8499,253.2,253.73,1038995
2026-01-23 09:30:00-05:00,261.18,266.96,261.15,262.28,4707471
2026-01-23 09:35:00-05:00,262.28,263.1,258.06,259.085,2052723
2026-01-23 09:40:00-05:00,259.075,263,258.78,262.835,1824695
2026-01-23 09:45:00-05:00,262.84,264.33,261.82,262.31,1809086
2026-01-23 09:50:00-05:00,262.385,264.79,262.3601,262.785,1670805
2026-01-23 09:55:00-05:00,262.7851,263.79,260.39,263.79,1379118
2026-01-23 10:00:00-05:00,263.655,263.98,262.075,263.21,1024463
2026-01-23 10:05:00-05:00,263.16,265.89,262.7701,265.125,1392329
2026-01-23 10:10:00-05:00,265.13,265.13,263.2501,263.57,955987
2026-01-23 10:15:00-05:00,263.57,264.14,262.8,262.8265,728542
2026-01-23 10:20:00-05:00,262.85,264.3,262.56,263.5,718768
2026-01-23 10:25:00-05:00,263.53,264.22,262.88,264.005,573882
2026-01-23 10:30:00-05:00,264.04,264.04,262.95,262.99,484425
2026-01-23 10:35:00-05:00,263.03,263.5,262.31,262.7202,550365
2026-01-23 10:40:00-05:00,262.72,262.9,261.52,262.11,493720
2026-01-23 10:45:00-05:00,262.15,262.33,261.57,261.855,421170
2026-01-23 10:50:00-05:00,261.9196,262.84,261.3322,262.54,490841
2026-01-23 10:55:00-05:00,262.57,262.76,261.021,261.4241,349461
2026-01-23 11:00:00-05:00,261.43,262.2496,261.21,261.825,423813
2026-01-23 11:05:00-05:00,261.78,261.9,260.77,261.85,470737
2026-01-23 11:10:00-05:00,261.88,261.95,260.56,261.245,359442
2026-01-23 11:15:00-05:00,261.245,261.98,261.1,261.7651,272278
2026-01-23 11:20:00-05:00,261.74,262.15,261.25,261.575,296169
2026-01-23 11:25:00-05:00,261.53,261.7036,260.74,261.115,326402
2026-01-23 11:30:00-05:00,261.0701,261.52,260.21,260.25,333111
2026-01-23 11:35:00-05:00,260.2001,261.24,260.15,261.095,332066
2026-01-23 11:40:00-05:00,261.05,262.08,260.9648,261.41,359574
2026-01-23 11:45:00-05:00,261.34,261.95,261,261.77,297869
2026-01-23 11:50:00-05:00,261.76,261.92,260.24,260.705,898923
2026-01-23 11:55:00-05:00,260.67,260.98,259.61,259.685,440769
2026-01-23 12:00:00-05:00,259.7396,260.08,259.22,259.79,332850
2026-01-23 12:05:00-05:00,259.74,259.8,258.7,258.82,480913
2026-01-23 12:10:00-05:00,258.825,259.4,258.55,259.2,347482
2026-01-23 12:15:00-05:00,259.25,259.35,258.45,259,376892
2026-01-23 12:20:00-05:00,259,259.39,258.69,259,226652
2026-01-23 12:25:00-05:00,259.01,259.47,258.97,259.265,172923
2026-01-23 12:30:00-05:00,259.21,259.3,258.3536,258.535,272800
2026-01-23 12:35:00-05:00,258.535,258.76,258.29,258.505,192966
2026-01-23 12:40:00-05:00,258.5094,258.55,257.53,257.71,426212
2026-01-23 12:45:00-05:00,257.725,257.89,257.12,257.5,361172
2026-01-23 12:50:00-05:00,257.48,257.5063,256.9,257.1,303080
2026-01-23 12:55:00-05:00,257.13,257.4877,256.65,256.8,310160
2026-01-23 13:00:00-05:00,256.82,257.03,256.25,256.72,403908
2026-01-23 13:05:00-05:00,256.72,257.96,256.4,257.765,429616
2026-01-23 13:10:00-05:00,257.7975,258.01,257.3401,257.66,377350
2026-01-23 13:15:00-05:00,257.68,258.88,257.5601,258.7,535100
2026-01-23 13:20:00-05:00,258.6501,259.2,258.21,258.89,439038
2026-01-23 13:25:00-05:00,258.91,259.03,258.2536,258.31,290010
2026-01-23 13:30:00-05:00,258.305,258.33,257.3001,257.37,298239
2026-01-23 13:35:00-05:00,257.37,257.98,257.331,257.76,243114
2026-01-23 13:40:00-05:00,257.76,257.9,256.96,256.975,225643
2026-01-23 13:45:00-05:00,256.95,257.18,256.66,256.87,234208
2026-01-23 13:50:00-05:00,256.84,257.2,256.4,256.8399,268626
2026-01-23 13:55:00-05:00,256.8341,257.07,256.4101,256.49,272107
2026-01-23 14:00:00-05:00,256.49,256.99,256.45,256.63,266002
2026-01-23 14:05:00-05:00,256.65,257.28,256.5057,257.17,245834
2026-01-23 14:10:00-05:00,257.19,257.21,256.43,256.6087,248257
2026-01-23 14:15:00-05:00,256.67,256.78,256.2501,256.375,229936
2026-01-23 14:20:00-05:00,256.375,257.5644,256.375,257.445,286503
2026-01-23 14:25:00-05:00,257.445,257.8,257.34,257.54,220196
2026-01-23 14:30:00-05:00,257.525,257.95,257.34,257.35,182862
2026-01-23 14:35:00-05:00,257.3617,257.83,257.36,257.67,193482
2026-01-23 14:40:00-05:00,257.661,258.9178,257.65,258.76,593201
2026-01-23 14:45:00-05:00,258.8,259.15,258.7,258.76,291031
2026-01-23 14:50:00-05:00,258.78,259.29,258.58,259.14,322153
2026-01-23 14:55:00-05:00,259.15,259.7658,259.04,259.735,398139
2026-01-23 15:00:00-05:00,259.735,259.85,259.04,259.19,292381
2026-01-23 15:05:00-05:00,259.19,259.39,258.42,258.755,307954
2026-01-23 15:10:00-05:00,258.675,259.65,258.35,259.535,269437
2026-01-23 15:15:00-05:00,259.5311,259.63,259.34,259.355,191214
2026-01-23 15:20:00-05:00,259.32,259.46,258.62,258.6401,257879
2026-01-23 15:25:00-05:00,258.64,258.97,258.42,258.62,276201
2026-01-23 15:30:00-05:00,258.57,258.63,257.9201,258.07,317069
2026-01-23 15:35:00-05:00,258.1099,258.3599,257.92,258.0952,272054
2026-01-23 15:40:00-05:00,258.07,258.88,258.06,258.69,360337
2026-01-23 15:45:00-05:00,258.6853,259.35,258.68,258.96,465743
2026-01-23 15:50:00-05:00,258.96,259.25,258.66,259.01,635101
2026-01-23 15:55:00-05:00,258.97,259.7665,258.8901,259.65,1135381
2026-01-26 09:30:00-05:00,256.745,258.2899,253.35,254.3101,1696359
2026-01-26 09:35:00-05:00,254.3103,255.37,253.281,253.5773,812576
2026-01-26 09:40:00-05:00,253.6,254.54,252.65,253.8499,859910
2026-01-26 09:45:00-05:00,253.785,254.37,251.89,252.195,721167
2026-01-26 09:50:00-05:00,252.155,252.99,252.1,252.27,701459
2026-01-26 09:55:00-05:00,252.235,254.38,252.21,254.18,629824
2026-01-26 10:00:00-05:00,254.1,254.17,253.1,253.2746,458694
2026-01-26 10:05:00-05:00,253.2,253.6899,252.52,252.82,511440
2026-01-26 10:10:00-05:00,252.84,253.75,252.05,253.28,494633
2026-01-26 10:15:00-05:00,253.28,253.54,251.86,252.625,568082
2026-01-26 10:20:00-05:00,252.625,252.8899,251.68,251.79,466148
2026-01-26 10:25:00-05:00,251.82,251.84,250.77,251,714324
2026-01-26 10:30:00-05:00,251.03,251.6,250.7,251.46,480673
2026-01-26 10:35:00-05:00,251.525,251.69,250.8,251.05,462535
2026-01-26 10:40:00-05:00,251.1053,251.2,250.3,250.98,502205
2026-01-26 10:45:00-05:00,250.98,252.6599,250.92,252.45,568945
2026-01-26 10:50:00-05:00,252.48,253.37,252.35,253.2,456593
2026-01-26 10:55:00-05:00,253.25,253.93,253.25,253.8,450162
2026-01-26 11:00:00-05:00,253.77,254.1599,252.86,253.48,505922
2026-01-26 11:05:00-05:00,253.415,253.92,252.65,252.73,354866
2026-01-26 11:10:00-05:00,252.72,252.8689,252.45,252.54,265062
2026-01-26 11:15:00-05:00,252.55,252.87,252.25,252.28,306866
2026-01-26 11:20:00-05:00,252.31,252.81,252.08,252.4984,284969
2026-01-26 11:25:00-05:00,252.51,252.8699,252.4,252.48,216080
2026-01-26 11:30:00-05:00,252.4891,252.94,252.465,252.64,193239
2026-01-26 11:35:00-05:00,252.68,253.38,252.46,253,233509
2026-01-26 11:40:00-05:00,252.97,253.19,252.27,252.2701,244566
2026-01-26 11:45:00-05:00,252.33,252.473,251.97,252.445,298650
2026-01-26 11:50:00-05:00,252.47,253.193,252.41,252.8901,292916
2026-01-26 11:55:00-05:00,252.92,252.99,252.51,252.81,195667
2026-01-26 12:00:00-05:00,252.8,253.38,252.73,253.325,203682
2026-01-26 12:05:00-05:00,253.34,253.5299,252.87,252.955,251448
2026-01-26 12:10:00-05:00,253,253.82,252.9001,253.755,203615
2026-01-26 12:15:00-05:00,253.74,253.937,253.02,253.28,210183
2026-01-26 12:20:00-05:00,253.3,253.55,252.99,253.31,202433
2026-01-26 12:25:00-05:00,253.25,253.55,253.25,253.46,164852
2026-01-26 12:30:00-05:00,253.43,253.6158,253.24,253.37,170783
2026-01-26 12:35:00-05:00,253.34,253.4652,253.13,253.31,140192
2026-01-26 12:40:00-05:00,253.305,253.305,253.06,253.09,144492
2026-01-26 12:45:00-05:00,253.125,253.41,252.95,253.08,201694
2026-01-26 12:50:00-05:00,253.07,253.42,252.9,253.16,158812
2026-01-26 12:55:00-05:00,253.195,253.57,252.97,253.455,177927
2026-01-26 13:00:00-05:00,253.43,253.43,253.01,253.1564,151138
2026-01-26 13:05:00-05:00,253.15,253.34,252.96,253.03,205202
2026-01-26 13:10:00-05:00,253.06,253.2899,252.45,252.495,227318
2026-01-26 13:15:00-05:00,252.495,252.97,252.36,252.91,215818
2026-01-26 13:20:00-05:00,252.895,253.14,252.8601,253.0122,150168
2026-01-26 13:25:00-05:00,252.98,253.07,252.7301,252.91,108562
2026-01-26 13:30:00-05:00,252.945,254.14,252.945,254.0579,377129
2026-01-26 13:35:00-05:00,254.035,254.21,253.58,253.62,219990
2026-01-26 13:40:00-05:00,253.66,253.67,253.25,253.28,160856
2026-01-26 13:45:00-05:00,253.29,253.7599,253.17,253.74,231813
2026-01-26 13:50:00-05:00,253.7,253.98,252.5501,252.66,375511
2026-01-26 13:55:00-05:00,252.714,253.17,252.45,253.125,322322
2026-01-26 14:00:00-05:00,253.1,253.23,252.9025,253.13,211136
2026-01-26 14:05:00-05:00,253.2,253.4199,253.04,253.231,211310
2026-01-26 14:10:00-05:00,253.24,253.28,252.708,252.8607,144557
2026-01-26 14:15:00-05:00,252.9005,253.0999,252.7501,252.995,170974
2026-01-26 14:20:00-05:00,252.98,253.01,252.5,252.61,187689
2026-01-26 14:25:00-05:00,252.6425,252.99,252.59,252.9225,198730
2026-01-26 14:30:00-05:00,252.89,253,252.63,252.8,179851
2026-01-26 14:35:00-05:00,252.77,252.99,252.64,252.93,122853
2026-01-26 14:40:00-05:00,252.93,252.9699,252.39,252.435,201504
2026-01-26 14:45:00-05:00,252.435,252.55,252,252.055,255397
2026-01-26 14:50:00-05:00,252.0571,252.32,251.59,251.605,371981
2026-01-26 14:55:00-05:00,251.635,251.84,251.48,251.65,236034
2026-01-26 15:00:00-05:00,251.5901,251.69,251.31,251.45,224699
2026-01-26 15:05:00-05:00,251.41,251.48,251,251.14,255926
2026-01-26 15:10:00-05:00,251.16,251.1899,250.7,251.11,259329
2026-01-26 15:15:00-05:00,251.09,251.4475,251.07,251.16,325340
2026-01-26 15:20:00-05:00,251.1799,251.53,250.88,251.34,270685
2026-01-26 15:25:00-05:00,251.31,251.77,251.21,251.565,250316
2026-01-26 15:30:00-05:00,251.58,251.59,251.08,251.535,253242
2026-01-26 15:35:00-05:00,251.54,251.6899,251.16,251.41,227501
2026-01-26 15:40:00-05:00,251.3872,251.45,251.0218,251.1899,244946
2026-01-26 15:45:00-05:00,251.17,251.55,251.14,251.33,263916
2026-01-26 15:50:00-05:00,251.32,251.56,250.7,250.8,432953
2026-01-26 15:55:00-05:00,250.84,251.32,250.73,251.32,856799
2026-01-27 09:30:00-05:00,252.16,253.01,249.78,249.94,1240410
2026-01-27 09:35:00-05:00,249.9972,251.0721,247.96,249.1214,1091970
2026-01-27 09:40:00-05:00,249.0946,251.47,249,250.4536,723282
2026-01-27 09:45:00-05:00,250.47,251.7378,250.4475,251.7378,653146
2026-01-27 09:50:00-05:00,251.73,253.44,251.4,252.71,830273
2026-01-27 09:55:00-05:00,252.77,253.29,252.2519,252.885,605275
2026-01-27 10:00:00-05:00,252.98,253.92,251.9586,253.7118,565680
2026-01-27 10:05:00-05:00,253.74,255.18,253.0101,254.955,749055
2026-01-27 10:10:00-05:00,254.99,255.55,253.68,254.21,917796
2026-01-27 10:15:00-05:00,254.22,254.22,253.31,253.45,336162
2026-01-27 10:20:00-05:00,253.45,253.9,253.1,253.795,293057
2026-01-27 10:25:00-05:00,253.85,254.47,253.6,253.9996,304374
2026-01-27 10:30:00-05:00,253.97,254.07,253.41,253.88,231626
2026-01-27 10:35:00-05:00,253.85,254.04,253.38,253.56,258672
2026-01-27 10:40:00-05:00,253.5657,254.2562,253.13,254.2562,246506
2026-01-27 10:45:00-05:00,254.215,254.38,252.84,253.005,319663
2026-01-27 10:50:00-05:00,252.9999,253.25,252.66,253.25,264959
2026-01-27 10:55:00-05:00,253.195,253.5799,252.795,253.5425,228507
2026-01-27 11:00:00-05:00,253.5,253.77,253.16,253.55,171351
2026-01-27 11:05:00-05:00,253.631,253.8242,253.4401,253.69,170360
2026-01-27 11:10:00-05:00,253.62,253.79,252.72,252.81,289864
2026-01-27 11:15:00-05:00,252.8,253.06,252.7,252.978,185492
2026-01-27 11:20:00-05:00,252.9001,253,252.51,252.815,161503
2026-01-27 11:25:00-05:00,252.815,252.905,252.22,252.3448,233836
2026-01-27 11:30:00-05:00,252.34,252.6,252.17,252.4699,168585
2026-01-27 11:35:00-05:00,252.42,252.63,252.21,252.365,125334
2026-01-27 11:40:00-05:00,252.3635,252.45,252.01,252.19,170335
2026-01-27 11:45:00-05:00,252.1908,252.32,251.855,252.215,213306
2026-01-27 11:50:00-05:00,252.215,252.43,252.04,252.36,156301
2026-01-27 11:55:00-05:00,252.3751,252.69,252.15,252.55,360385
2026-01-27 12:00:00-05:00,252.5,252.68,252.44,252.55,120899
2026-01-27 12:05:00-05:00,252.555,253.1,252.39,252.6811,195719
2026-01-27 12:10:00-05:00,252.73,252.79,252.1,252.65,179871
2026-01-27 12:15:00-05:00,252.68,252.85,252.29,252.595,219946
2026-01-27 12:20:00-05:00,252.53,252.62,251.6,251.7099,233899
2026-01-27 12:25:00-05:00,251.6601,252.5611,251.63,252.54,178930
2026-01-27 12:30:00-05:00,252.545,252.63,252.38,252.43,132370
2026-01-27 12:35:00-05:00,252.405,252.48,252.09,252.48,102212
2026-01-27 12:40:00-05:00,252.47,252.63,252.23,252.36,113920
2026-01-27 12:45:00-05:00,252.36,252.4,251.82,251.85,213691
2026-01-27 12:50:00-05:00,251.885,251.93,251.57,251.58,202162
2026-01-27 12:55:00-05:00,251.615,252.06,251.615,251.97,157030
2026-01-27 13:00:00-05:00,251.99,252.13,251.66,251.87,154385
2026-01-27 13:05:00-05:00,251.83,251.9099,251.19,251.32,232171
2026-01-27 13:10:00-05:00,251.29,251.47,250.82,250.9799,678828
2026-01-27 13:15:00-05:00,250.95,251.25,250.9,250.935,148162
2026-01-27 13:20:00-05:00,250.94,251.315,250.84,250.94,205298
2026-01-27 13:25:00-05:00,250.91,250.92,250.56,250.75,327895
2026-01-27 13:30:00-05:00,250.745,251.125,250.6,251.1,146392
2026-01-27 13:35:00-05:00,251.1062,251.42,250.7302,250.9604,161826
2026-01-27 13:40:00-05:00,250.975,250.975,250.52,250.8999,155614
2026-01-27 13:45:00-05:00,250.83,250.89,250.67,250.7862,84408
2026-01-27 13:50:00-05:00,250.76,250.76,250.11,250.42,203714
2026-01-27 13:55:00-05:00,250.42,250.4991,250.02,250.0515,127862
2026-01-27 14:00:00-05:00,250.035,250.24,249.99,250.17,189247
2026-01-27 14:05:00-05:00,250.09,250.46,250.08,250.4556,155446
2026-01-27 14:10:00-05:00,250.46,250.75,250.13,250.395,259394
2026-01-27 14:15:00-05:00,250.35,250.64,249.88,249.91,272096
2026-01-27 14:20:00-05:00,249.91,250.91,249.86,250.7601,248099
2026-01-27 14:25:00-05:00,250.795,251.27,250.71,251.09,181709
2026-01-27 14:30:00-05:00,251.06,251.59,250.81,251.37,232658
2026-01-27 14:35:00-05:00,251.35,251.61,250.85,250.89,201087
2026-01-27 14:40:00-05:00,250.885,250.9278,250.4792,250.65,149487
2026-01-27 14:45:00-05:00,250.61,251.11,250.55,251.04,151404
2026-01-27 14:50:00-05:00,251.0425,251.17,250.84,250.96,122423
2026-01-27 14:55:00-05:00,250.945,251.02,250.21,250.285,234087
2026-01-27 15:00:00-05:00,250.285,250.6,250.05,250.22,261725
2026-01-27 15:05:00-05:00,250.2499,251.1,250.0921,251.1,222071
2026-01-27 15:10:00-05:00,251.06,251.8799,250.8202,251.33,352430
2026-01-27 15:15:00-05:00,251.375,251.9399,251.265,251.84,343219
2026-01-27 15:20:00-05:00,251.86,252.15,251.69,252.0752,238304
2026-01-27 15:25:00-05:00,252.09,252.1137,251.63,251.63,180422
2026-01-27 15:30:00-05:00,251.61,251.67,251.2905,251.4449,238711
2026-01-27 15:35:00-05:00,251.45,251.59,251.295,251.5,197440
2026-01-27 15:40:00-05:00,251.43,251.5399,251.27,251.51,164955
2026-01-27 15:45:00-05:00,251.5,251.87,251.35,251.81,212669
2026-01-27 15:50:00-05:00,251.78,251.78,250.92,250.97,319750
2026-01-27 15:55:00-05:00,250.99,252.13,250.99,252.04,772939
2026-01-28 09:30:00-05:00,254.125,256.48,253.8322,254.685,1301961
2026-01-28 09:35:00-05:00,254.6,256.13,253.07,255.935,850129
2026-01-28 09:40:00-05:00,255.987,257.4,254.9,256.94,1039275
2026-01-28 09:45:00-05:00,257,257.05,254.83,255.895,598698
2026-01-28 09:50:00-05:00,255.89,257.1,255.7,256.7525,683836
2026-01-28 09:55:00-05:00,256.745,256.87,254.95,255.1005,526386
2026-01-28 10:00:00-05:00,255.1,255.85,254.42,254.83,522232
2026-01-28 10:05:00-05:00,254.8424,254.9,253.63,253.915,427009
2026-01-28 10:10:00-05:00,253.89,254.5,253.5,253.86,365426
2026-01-28 10:15:00-05:00,253.8,254.56,253.71,254.205,291347
2026-01-28 10:20:00-05:00,254.1671,254.38,253.11,253.53,468129
2026-01-28 10:25:00-05:00,253.5899,253.66,252.7,252.9,464367
2026-01-28 10:30:00-05:00,252.85,253.3844,252.37,252.99,540800
2026-01-28 10:35:00-05:00,253.03,253.48,252.52,253.32,297585
2026-01-28 10:40:00-05:00,253.298,253.3283,252.73,252.88,248287
2026-01-28 10:45:00-05:00,252.875,253.0612,252.55,253.0397,219301
2026-01-28 10:50:00-05:00,253.05,253.09,252.04,252.36,342769
2026-01-28 10:55:00-05:00,252.4,252.76,252.0301,252.41,262840
2026-01-28 11:00:00-05:00,252.48,253.02,252.42,252.89,217186
2026-01-28 11:05:00-05:00,252.87,253.12,252.8,252.9795,276722
2026-01-28 11:10:00-05:00,253,253.3,252.72,253.0999,392034
2026-01-28 11:15:00-05:00,253.0817,253.58,253.015,253.185,345031
2026-01-28 11:20:00-05:00,253.2198,253.2198,252.285,253.085,305323
2026-01-28 11:25:00-05:00,253.085,253.25,252.66,253.2,257109
2026-01-28 11:30:00-05:00,253.12,253.17,252.75,252.81,195857
2026-01-28 11:35:00-05:00,252.83,252.89,252.55,252.8494,110566
2026-01-28 11:40:00-05:00,252.83,252.859,252.3,252.5999,154714
2026-01-28 11:45:00-05:00,252.6,252.68,252.2117,252.57,151013
2026-01-28 11:50:00-05:00,252.57,252.59,252.02,252.5499,207584
2026-01-28 11:55:00-05:00,252.505,253,252.5,252.705,174667
2026-01-28 12:00:00-05:00,252.6774,252.72,252.22,252.53,180875
2026-01-28 12:05:00-05:00,252.52,252.75,252.0601,252.0866,228925
2026-01-28 12:10:00-05:00,252.0701,252.3115,252.01,252.24,172924
2026-01-28 12:15:00-05:00,252.19,252.4399,252,252.235,258018
2026-01-28 12:20:00-05:00,252.23,252.23,251.45,251.6031,223808
2026-01-28 12:25:00-05:00,251.61,251.89,251.52,251.86,153679
2026-01-28 12:30:00-05:00,251.8,251.81,251.43,251.71,206047
2026-01-28 12:35:00-05:00,251.73,251.8599,251.4352,251.4812,163900
2026-01-28 12:40:00-05:00,251.43,251.6799,251.15,251.57,215126
2026-01-28 12:45:00-05:00,251.6,251.6699,251.11,251.2,196391
2026-01-28 12:50:00-05:00,251.2,251.95,251.19,251.8207,220833
2026-01-28 12:55:00-05:00,251.8438,251.99,251.3,251.325,153343
2026-01-28 13:00:00-05:00,251.32,252.1,251.16,252.085,203070
2026-01-28 13:05:00-05:00,252.1,252.2643,251.45,251.5,178428
2026-01-28 13:10:00-05:00,251.48,251.71,251.14,251.69,130025
2026-01-28 13:15:00-05:00,251.7,252.1799,251.67,252.155,169521
2026-01-28 13:20:00-05:00,252.155,252.29,251.94,252.195,179850
2026-01-28 13:25:00-05:00,252.17,252.17,251.8,251.87,199416
2026-01-28 13:30:00-05:00,251.89,251.9786,251.6568,251.89,145649
2026-01-28 13:35:00-05:00,251.925,251.9799,251.55,251.83,163118
2026-01-28 13:40:00-05:00,251.88,252.03,251.76,251.925,111647
2026-01-28 13:45:00-05:00,251.9,251.99,251.76,251.9159,113596
2026-01-28 13:50:00-05:00,251.9,252.1,251.81,251.855,155829
2026-01-28 13:55:00-05:00,251.86,252.085,251.7,251.7,269122
2026-01-28 14:00:00-05:00,251.69,252.1,251.04,251.55,238875
2026-01-28 14:05:00-05:00,251.51,251.6195,251.02,251.445,224163
2026-01-28 14:10:00-05:00,251.445,251.58,250.72,250.96,387841
2026-01-28 14:15:00-05:00,250.95,251.19,250.68,251.05,209718
2026-01-28 14:20:00-05:00,251.05,251.605,250.94,251.3569,356629
2026-01-28 14:25:00-05:00,251.37,251.99,251.08,251.245,192077
2026-01-28 14:30:00-05:00,251.2,252.689,250.21,252.14,367494
2026-01-28 14:35:00-05:00,252.24,253.3499,251.8801,251.935,577801
2026-01-28 14:40:00-05:00,251.935,252.3,251.3,251.4306,248768
2026-01-28 14:45:00-05:00,251.4,251.81,251.23,251.565,158216
2026-01-28 14:50:00-05:00,251.57,252.14,251.5,251.99,220316
2026-01-28 14:55:00-05:00,251.98,252,251.01,251.06,190480
2026-01-28 15:00:00-05:00,251.03,251.82,250.9,251.6901,163912
2026-01-28 15:05:00-05:00,251.75,252.17,251.75,252.12,210016
2026-01-28 15:10:00-05:00,252.1452,252.9,252.02,252.9,374426
2026-01-28 15:15:00-05:00,252.865,253.26,252.5601,253.075,325416
2026-01-28 15:20:00-05:00,253.05,253.15,252.73,252.7783,178377
2026-01-28 15:25:00-05:00,252.78,252.8599,252.38,252.76,198500
2026-01-28 15:30:00-05:00,252.75,252.95,252.53,252.73,141495
2026-01-28 15:35:00-05:00,252.745,253.16,252.68,252.8973,169555
2026-01-28 15:40:00-05:00,252.89,253.19,252.78,252.96,180622
2026-01-28 15:45:00-05:00,252.95,253.15,252.7231,252.74,186524
2026-01-28 15:50:00-05:00,252.7,253.16,252.58,252.62,388021
2026-01-28 15:55:00-05:00,252.63,253.09,252.5,252.74,1086074
2026-01-29 09:30:00-05:00,254.655,260.5298,254.12,259.1251,2074672
2026-01-29 09:35:00-05:00,259.09,259.19,254.13,256.2324,1019727
2026-01-29 09:40:00-05:00,256.13,256.18,253.47,254.325,708396
2026-01-29 09:45:00-05:00,254.31,256.7899,253.3,256.62,698052
2026-01-29 09:50:00-05:00,256.58,256.7,252.45,252.92,704794
2026-01-29 09:55:00-05:00,252.85,253.5892,252.69,252.8318,469889
2026-01-29 10:00:00-05:00,252.84,253,250.69,251.532,624766
2026-01-29 10:05:00-05:00,251.52,252.3799,250.02,250.285,461948
2026-01-29 10:10:00-05:00,250.37,251.04,248,248.14,734791
2026-01-29 10:15:00-05:00,248.19,249.2599,248,248.76,423963
2026-01-29 10:20:00-05:00,248.78,249.77,248.5,249.09,378885
2026-01-29 10:25:00-05:00,249.14,249.19,247.38,247.54,463559
2026-01-29 10:30:00-05:00,247.53,248.47,246.69,246.74,485570
2026-01-29 10:35:00-05:00,246.6901,246.72,245.08,245.51,659111
2026-01-29 10:40:00-05:00,245.51,245.57,244.28,244.69,605492
2026-01-29 10:45:00-05:00,244.6901,244.75,243.58,243.92,540027
2026-01-29 10:50:00-05:00,243.95,243.95,242.07,242.365,596648
2026-01-29 10:55:00-05:00,242.365,243.58,242.24,242.885,520610
2026-01-29 11:00:00-05:00,242.83,243.45,241.37,241.48,489496
2026-01-29 11:05:00-05:00,241.44,242.23,240.91,241.7866,376770
2026-01-29 11:10:00-05:00,241.67,243.87,241.2,243.775,502280
2026-01-29 11:15:00-05:00,243.85,244.52,243.42,244.41,540946
2026-01-29 11:20:00-05:00,244.41,244.85,243.94,244.43,415615
2026-01-29 11:25:00-05:00,244.435,244.78,243.66,244.27,282519
2026-01-29 11:30:00-05:00,244.2,244.67,243.82,244.2,206080
2026-01-29 11:35:00-05:00,244.2,244.5422,243.5394,244.05,230619
2026-01-29 11:40:00-05:00,243.97,245.205,243.89,244.825,298962
2026-01-29 11:45:00-05:00,244.91,245.57,244.4,244.82,324261
2026-01-29 11:50:00-05:00,244.77,245.3,244.735,244.75,178842
2026-01-29 11:55:00-05:00,244.8299,245.15,244.46,244.88,173191
2026-01-29 12:00:00-05:00,244.82,245.87,244.82,245.605,296178
2026-01-29 12:05:00-05:00,245.62,245.97,245.23,245.9,222459
2026-01-29 12:10:00-05:00,245.88,247.29,245.87,247.06,380036
2026-01-29 12:15:00-05:00,247.09,247.72,246.91,247.65,329068
2026-01-29 12:20:00-05:00,247.69,248.8,247.55,248.605,409237
2026-01-29 12:25:00-05:00,248.679,248.7,247.72,248.4735,299277
2026-01-29 12:30:00-05:00,248.45,249.1899,248.39,249.09,301277
2026-01-29 12:35:00-05:00,249.116,249.65,248.9201,249.25,260786
2026-01-29 12:40:00-05:00,249.22,249.45,248.1703,248.54,267352
2026-01-29 12:45:00-05:00,248.61,248.66,247.71,248.08,292289
2026-01-29 12:50:00-05:00,248.065,248.46,247.51,247.95,279402
2026-01-29 12:55:00-05:00,247.91,248.17,247.4915,247.63,186539
2026-01-29 13:00:00-05:00,247.6799,248.47,247.63,248.155,226099
2026-01-29 13:05:00-05:00,248.21,248.865,247.975,248.395,235977
2026-01-29 13:10:00-05:00,248.41,248.9599,248.38,248.75,212621
2026-01-29 13:15:00-05:00,248.73,248.84,247.82,248,207981
2026-01-29 13:20:00-05:00,248.03,248.17,247.49,247.885,167489
2026-01-29 13:25:00-05:00,247.85,248.08,247.7,247.83,117844
2026-01-29 13:30:00-05:00,247.81,247.855,247,247.17,224483
2026-01-29 13:35:00-05:00,247.28,247.82,247.1101,247.6894,184301
2026-01-29 13:40:00-05:00,247.695,248.2,247.13,247.41,230287
2026-01-29 13:45:00-05:00,247.33,247.76,247.08,247.7299,122053
2026-01-29 13:50:00-05:00,247.73,248.17,247.66,248.115,142672
2026-01-29 13:55:00-05:00,248.16,248.3974,247.52,247.6,168289
2026-01-29 14:00:00-05:00,247.53,247.98,247.44,247.83,135004
2026-01-29 14:05:00-05:00,247.83,248.58,247.83,248.24,223626
2026-01-29 14:10:00-05:00,248.245,248.3,247.81,248.2201,131875
2026-01-29 14:15:00-05:00,248.28,248.45,247.92,248.05,124167
2026-01-29 14:20:00-05:00,248.025,248.59,248.02,248.53,158693
2026-01-29 14:25:00-05:00,248.4721,248.85,248.33,248.725,210469
2026-01-29 14:30:00-05:00,248.73,248.8299,247.97,248.58,174443
2026-01-29 14:35:00-05:00,248.58,248.82,248.2155,248.5,115569
2026-01-29 14:40:00-05:00,248.56,248.85,248.31,248.3996,122811
2026-01-29 14:45:00-05:00,248.41,248.8,248.16,248.365,159374
2026-01-29 14:50:00-05:00,248.42,248.96,248.34,248.91,180798
2026-01-29 14:55:00-05:00,248.953,249.25,248.25,248.27,270589
2026-01-29 15:00:00-05:00,248.325,248.53,248,248.25,193446
2026-01-29 15:05:00-05:00,248.26,248.9,248.1901,248.8741,172960
2026-01-29 15:10:00-05:00,248.86,249,248.5,248.54,131621
2026-01-29 15:15:00-05:00,248.52,248.8378,248.48,248.83,173717
2026-01-29 15:20:00-05:00,248.85,248.875,248.1,248.721,215673
2026-01-29 15:25:00-05:00,248.725,249.09,248.5725,248.5725,262199
2026-01-29 15:30:00-05:00,248.58,249.08,248.39,249.045,317040
2026-01-29 15:35:00-05:00,249.045,250.09,248.71,249.84,406848
2026-01-29 15:40:00-05:00,249.84,250.68,249.6,250.505,418462
2026-01-29 15:45:00-05:00,250.48,250.585,250.08,250.11,349041
2026-01-29 15:50:00-05:00,250.22,251.02,250.22,250.74,588846
2026-01-29 15:55:00-05:00,250.68,252.25,250.52,252.09,1185414
2026-01-30 09:30:00-05:00,236.93,242.37,235.75,241.235,2893375
2026-01-30 09:35:00-05:00,241.13,244.6599,240.7,244.36,1334996
2026-01-30 09:40:00-05:00,244.395,245.03,242.76,243.2,940723
2026-01-30 09:45:00-05:00,243.3,243.56,241.8,242.925,781444
2026-01-30 09:50:00-05:00,242.925,244.3,242.7,243.89,546443
2026-01-30 09:55:00-05:00,243.9428,245.24,241.23,241.525,1008528
2026-01-30 10:00:00-05:00,241.48,242.979,240.94,241.2,700564
2026-01-30 10:05:00-05:00,241.205,243.31,241.04,242.88,463744
2026-01-30 10:10:00-05:00,242.9983,243.6999,242.16,243.16,429605
2026-01-30 10:15:00-05:00,243.1364,244.2,242.94,244.13,391848
2026-01-30 10:20:00-05:00,244.09,244.7,242.43,242.6,569084
2026-01-30 10:25:00-05:00,242.6877,243.55,241.9,242.13,445255
2026-01-30 10:30:00-05:00,242.15,242.9021,241.5,242.8,438070
2026-01-30 10:35:00-05:00,242.845,244.1,242.8,243.725,571681
2026-01-30 10:40:00-05:00,243.73,244.24,243.46,243.93,427026
2026-01-30 10:45:00-05:00,243.98,244.51,243.71,243.895,393350
2026-01-30 10:50:00-05:00,243.84,243.935,242.54,242.778,403370
2026-01-30 10:55:00-05:00,242.82,242.99,241.53,242.08,499031
2026-01-30 11:00:00-05:00,242.15,242.41,241.68,242.04,258033
2026-01-30 11:05:00-05:00,242.095,242.84,241.72,242.155,493772
2026-01-30 11:10:00-05:00,242.21,242.54,241.75,242.205,213744
2026-01-30 11:15:00-05:00,242.21,242.25,241.1,241.19,263104
2026-01-30 11:20:00-05:00,241.1404,241.4,240.22,240.37,456251
2026-01-30 11:25:00-05:00,240.34,241.15,239.96,240.75,447712
2026-01-30 11:30:00-05:00,240.67,241.5,240.57,241.265,268300
2026-01-30 11:35:00-05:00,241.21,242.26,241.15,241.695,303448
2026-01-30 11:40:00-05:00,241.6665,242.5,241.6665,241.86,320011
2026-01-30 11:45:00-05:00,241.87,241.96,240.26,240.4,292185
2026-01-30 11:50:00-05:00,240.4,241.21,239.88,240.8423,354509
2026-01-30 11:55:00-05:00,240.81,241,240.05,240.5,219699
2026-01-30 12:00:00-05:00,240.49,240.76,240.06,240.06,211728
2026-01-30 12:05:00-05:00,240.08,240.4257,239.3,239.53,422534
2026-01-30 12:10:00-05:00,239.51,240.17,239.41,239.69,303437
2026-01-30 12:15:00-05:00,239.655,239.99,239.49,239.8199,152865
2026-01-30 12:20:00-05:00,239.74,241.15,239.74,240.455,254282
2026-01-30 12:25:00-05:00,240.475,241.36,240.4163,241.05,191640
2026-01-30 12:30:00-05:00,240.96,241.24,240.17,240.315,193357
2026-01-30 12:35:00-05:00,240.29,241.08,239.81,240.46,212589
2026-01-30 12:40:00-05:00,240.44,240.6893,239.9861,240.61,166441
2026-01-30 12:45:00-05:00,240.56,241.2,240.21,240.585,199315
2026-01-30 12:50:00-05:00,240.615,241.045,240.11,240.25,160482
2026-01-30 12:55:00-05:00,240.22,240.49,239.5,239.61,189020
2026-01-30 13:00:00-05:00,239.58,239.63,239.06,239.49,225188
2026-01-30 13:05:00-05:00,239.45,239.9899,239.3,239.67,210076
2026-01-30 13:10:00-05:00,239.7,239.7,239.02,239.16,198379
2026-01-30 13:15:00-05:00,239.13,239.27,238.23,238.33,376810
2026-01-30 13:20:00-05:00,238.35,238.5429,237.54,238.12,399884
2026-01-30 13:25:00-05:00,238.12,238.73,237.98,238.39,287105
2026-01-30 13:30:00-05:00,238.36,238.56,237.31,237.42,266926
2026-01-30 13:35:00-05:00,237.4,237.9,237.35,237.48,197429
2026-01-30 13:40:00-05:00,237.5,237.7742,237.1506,237.3,191318
2026-01-30 13:45:00-05:00,237.3,238.22,237.26,238.22,230193
2026-01-30 13:50:00-05:00,238.214,238.96,238.19,238.92,330325
2026-01-30 13:55:00-05:00,238.9,239.66,238.61,239.21,269213
2026-01-30 14:00:00-05:00,239.245,239.82,239.045,239.68,207618
2026-01-30 14:05:00-05:00,239.6,240.2,239.5,239.97,256189
2026-01-30 14:10:00-05:00,239.96,240,239.13,239.615,219607
2026-01-30 14:15:00-05:00,239.56,240,239.33,239.8,180023
2026-01-30 14:20:00-05:00,239.79,240.38,239.72,240.3545,163384
2026-01-30 14:25:00-05:00,240.34,240.46,239.6701,239.6701,202831
2026-01-30 14:30:00-05:00,239.715,240.07,238.58,239.84,290603
2026-01-30 14:35:00-05:00,239.83,239.99,239.15,239.44,156765
2026-01-30 14:40:00-05:00,239.3901,239.51,238.65,238.65,240273
2026-01-30 14:45:00-05:00,238.65,238.73,237.8,237.83,295894
2026-01-30 14:50:00-05:00,237.86,238.63,237.86,238.5,230679
2026-01-30 14:55:00-05:00,238.475,238.85,237.84,237.99,274127
2026-01-30 15:00:00-05:00,238.02,238.25,237.6701,237.79,235720
2026-01-30 15:05:00-05:00,237.82,237.86,236.81,237.3,383701
2026-01-30 15:10:00-05:00,237.28,237.32,236.75,236.905,294627
2026-01-30 15:15:00-05:00,236.895,237.18,236.3501,236.47,403994
2026-01-30 15:20:00-05:00,236.48,236.635,235.4,235.9995,669952
2026-01-30 15:25:00-05:00,235.98,236.43,235.15,235.575,521590
2026-01-30 15:30:00-05:00,235.5,236.05,234.95,235.22,615207
2026-01-30 15:35:00-05:00,235.2786,235.89,234.55,235.12,527283
2026-01-30 15:40:00-05:00,235.185,235.8661,234.98,235.7931,422965
2026-01-30 15:45:00-05:00,235.8,237.07,235.8,236.95,443353
2026-01-30 15:50:00-05:00,236.93,237.45,236.22,236.815,686263
2026-01-30 15:55:00-05:00,236.76,237.07,236,236.78,1489165
2026-02-02 09:30:00,235.77,241.54,235,241.54,2266756
2026-02-02 09:30:00-05:00,235.77,241.54,235,241.54,2266756
2026-02-02 09:35:00,241.53,244.0899,239.91,244.035,1572600
2026-02-02 09:35:00-05:00,241.53,244.0899,239.91,244.035,1572600
2026-02-02 09:40:00,243.98,245,243.7443,244.6,1184983
2026-02-02 09:40:00-05:00,243.98,245,243.7443,244.6,1184983
2026-02-02 09:45:00,244.64,245.77,244.02,244.8,1087700
2026-02-02 09:45:00-05:00,244.64,245.77,244.02,244.8,1087700
2026-02-02 09:50:00,244.8,245.5745,243.6501,244.175,802111
2026-02-02 09:50:00-05:00,244.8,245.5745,243.6501,244.175,802111
2026-02-02 09:55:00,244.209,244.71,243.25,244.63,620200
2026-02-02 09:55:00-05:00,244.209,244.71,243.25,244.63,620200
2026-02-02 10:00:00,244.56,245.9199,244.5,245.9199,862985
2026-02-02 10:00:00-05:00,244.56,245.9199,244.5,245.9199,862985
2026-02-02 10:05:00,245.9,248.2,245.71,248.155,1403259
2026-02-02 10:05:00-05:00,245.9,248.2,245.71,248.155,1403259
2026-02-02 10:10:00,248.16,249.23,247.51,249.22,818474
2026-02-02 10:10:00-05:00,248.16,249.23,247.51,249.22,818474
2026-02-02 10:15:00,249.195,249.68,248.14,249.645,686774
2026-02-02 10:15:00-05:00,249.195,249.68,248.14,249.645,686774
2026-02-02 10:20:00,249.68,249.93,249.06,249.67,666547
2026-02-02 10:20:00-05:00,249.68,249.93,249.06,249.67,666547
2026-02-02 10:25:00,249.71,249.97,248.25,248.2987,707928
2026-02-02 10:25:00-05:00,249.71,249.97,248.25,248.2987,707928
2026-02-02 10:30:00,248.2876,248.77,247.82,248.31,630116
2026-02-02 10:30:00-05:00,248.2876,248.77,247.82,248.31,630116
2026-02-02 10:35:00,248.33,249.2,247.5603,249.1675,494733
2026-02-02 10:35:00-05:00,248.33,249.2,247.5603,249.1675,494733
2026-02-02 10:40:00,249.21,249.25,248.08,248.265,490504
2026-02-02 10:40:00-05:00,249.21,249.25,248.08,248.265,490504
2026-02-02 10:45:00,248.2576,248.31,246.84,246.84,575457
2026-02-02 10:45:00-05:00,248.2576,248.31,246.84,246.84,575457
2026-02-02 10:50:00,246.8521,247.8,246.79,247.1601,354938
2026-02-02 10:50:00-05:00,246.8521,247.8,246.79,247.1601,354938
2026-02-02 10:55:00,247.16,247.2199,246.13,246.8801,468455
2026-02-02 10:55:00-05:00,247.16,247.2199,246.13,246.8801,468455
2026-02-02 11:00:00,246.88,247.25,246.33,246.8,387207
2026-02-02 11:00:00-05:00,246.88,247.25,246.33,246.8,387207
2026-02-02 11:05:00,246.75,246.86,246.07,246.56,233595
2026-02-02 11:05:00-05:00,246.75,246.86,246.07,246.56,233595
2026-02-02 11:10:00,246.53,246.94,246.4,246.88,256939
2026-02-02 11:10:00-05:00,246.53,246.94,246.4,246.88,256939
2026-02-02 11:15:00,246.895,247.49,246.6239,247.41,345890
2026-02-02 11:15:00-05:00,246.895,247.49,246.6239,247.41,345890
2026-02-02 11:20:00,247.41,247.86,247.28,247.3696,312277
2026-02-02 11:20:00-05:00,247.41,247.86,247.28,247.3696,312277
2026-02-02 11:25:00,247.4,247.51,246.74,247.37,348365
2026-02-02 11:25:00-05:00,247.4,247.51,246.74,247.37,348365
2026-02-02 11:30:00,247.425,247.8399,247.1286,247.73,227243
2026-02-02 11:30:00-05:00,247.425,247.8399,247.1286,247.73,227243
2026-02-02 11:35:00,247.76,248.2,247.5218,247.91,300628
2026-02-02 11:35:00-05:00,247.76,248.2,247.5218,247.91,300628
2026-02-02 11:40:00,247.91,247.99,247.33,247.375,225005
2026-02-02 11:40:00-05:00,247.91,247.99,247.33,247.375,225005
2026-02-02 11:45:00,247.36,247.49,246.96,247.37,160254
2026-02-02 11:45:00-05:00,247.36,247.49,246.96,247.37,160254
2026-02-02 11:50:00,247.375,247.8,247.21,247.77,153991
2026-02-02 11:50:00-05:00,247.375,247.8,247.21,247.77,153991
2026-02-02 11:55:00,247.7799,248.32,247.75,248.065,330605
2026-02-02 11:55:00-05:00,247.7799,248.32,247.75,248.065,330605
2026-02-02 12:00:00,248.02,248.6,248.02,248.51,239195
2026-02-02 12:00:00-05:00,248.02,248.6,248.02,248.51,239195
2026-02-02 12:05:00,248.5,248.88,248.44,248.81,255282
2026-02-02 12:05:00-05:00,248.5,248.88,248.44,248.81,255282
2026-02-02 12:10:00,248.81,248.9399,248.09,248.1,262532
2026-02-02 12:10:00-05:00,248.81,248.9399,248.09,248.1,262532
2026-02-02 12:15:00,248.11,248.33,247.96,248.245,226084
2026-02-02 12:15:00-05:00,248.11,248.33,247.96,248.245,226084
2026-02-02 12:20:00,248.25,248.2699,247.73,248,179956
2026-02-02 12:20:00-05:00,248.25,248.2699,247.73,248,179956
2026-02-02 12:25:00,248,248.82,247.9901,248.78,272771
2026-02-02 12:25:00-05:00,248,248.82,247.9901,248.78,272771
2026-02-02 12:30:00,248.7593,248.88,248.47,248.62,281984
2026-02-02 12:30:00-05:00,248.7593,248.88,248.47,248.62,281984
2026-02-02 12:35:00,248.62,249.0899,248.54,248.735,272512
2026-02-02 12:35:00-05:00,248.62,249.0899,248.54,248.735,272512
2026-02-02 12:40:00,248.76,248.835,248.52,248.695,213021
2026-02-02 12:40:00-05:00,248.76,248.835,248.52,248.695,213021
2026-02-02 12:45:00,248.695,248.76,248.26,248.385,147818
2026-02-02 12:45:00-05:00,248.695,248.76,248.26,248.385,147818
2026-02-02 12:50:00,248.3751,248.63,248.0801,248.54,177462
2026-02-02 12:50:00-05:00,248.3751,248.63,248.0801,248.54,177462
2026-02-02 12:55:00,248.5599,248.68,248.375,248.395,188164
2026-02-02 12:55:00-05:00,248.5599,248.68,248.375,248.395,188164
2026-02-02 13:00:00,248.39,248.72,248.32,248.62,138707
2026-02-02 13:00:00-05:00,248.39,248.72,248.32,248.62,138707
2026-02-02 13:05:00,248.611,248.74,248.4,248.605,128160
2026-02-02 13:05:00-05:00,248.611,248.74,248.4,248.605,128160
2026-02-02 13:10:00,248.6,248.635,248.1,248.42,179750
2026-02-02 13:10:00-05:00,248.6,248.635,248.1,248.42,179750
2026-02-02 13:15:00,248.4,248.6799,248.2401,248.27,162828
2026-02-02 13:15:00-05:00,248.4,248.6799,248.2401,248.27,162828
2026-02-02 13:20:00,248.265,248.42,247.89,248.2411,147292
2026-02-02 13:20:00-05:00,248.265,248.42,247.89,248.2411,147292
2026-02-02 13:25:00,248.235,248.41,247.42,247.61,168005
2026-02-02 13:25:00-05:00,248.235,248.41,247.42,247.61,168005
2026-02-02 13:30:00,247.6262,247.6493,247.1616,247.4299,271950
2026-02-02 13:30:00-05:00,247.6262,247.6493,247.1616,247.4299,271950
2026-02-02 13:35:00,247.4,247.77,247.2601,247.3407,151779
2026-02-02 13:35:00-05:00,247.4,247.77,247.2601,247.3407,151779
2026-02-02 13:40:00,247.37,248.19,247.37,248.11,286659
2026-02-02 13:40:00-05:00,247.37,248.19,247.37,248.11,286659
2026-02-02 13:45:00,248.11,248.74,248.06,248.61,228902
2026-02-02 13:45:00-05:00,248.11,248.74,248.06,248.61,228902
2026-02-02 13:50:00,248.6185,249.2799,248.5,249.03,267945
2026-02-02 13:50:00-05:00,248.6185,249.2799,248.5,249.03,267945
2026-02-02 13:55:00,249,249.66,248.9861,249.625,264788
2026-02-02 13:55:00-05:00,249,249.66,248.9861,249.625,264788
2026-02-02 14:00:00,249.6077,249.89,249.5,249.81,304554
2026-02-02 14:00:00-05:00,249.6077,249.89,249.5,249.81,304554
2026-02-02 14:05:00,249.81,249.91,249.07,249.2101,249603
2026-02-02 14:05:00-05:00,249.81,249.91,249.07,249.2101,249603
2026-02-02 14:10:00,249.24,249.43,249.21,249.24,155538
2026-02-02 14:10:00-05:00,249.24,249.43,249.21,249.24,155538
2026-02-02 14:15:00,249.24,249.76,249.1,249.445,267105
2026-02-02 14:15:00-05:00,249.24,249.76,249.1,249.445,267105
2026-02-02 14:20:00,249.445,249.97,249.34,249.81,258749
2026-02-02 14:20:00-05:00,249.445,249.97,249.34,249.81,258749
2026-02-02 14:25:00,249.8299,249.905,249.64,249.6601,190869
2026-02-02 14:25:00-05:00,249.8299,249.905,249.64,249.6601,190869
2026-02-02 14:30:00,249.66,249.73,248.78,248.915,261335
2026-02-02 14:30:00-05:00,249.66,249.73,248.78,248.915,261335
2026-02-02 14:35:00,248.87,248.93,248.1,248.1558,216125
2026-02-02 14:35:00-05:00,248.87,248.93,248.1,248.1558,216125
2026-02-02 14:40:00,248.11,248.36,247.8801,248.11,203508
2026-02-02 14:40:00-05:00,248.11,248.36,247.8801,248.11,203508
2026-02-02 14:45:00,248.0983,248.23,247.87,247.98,169163
2026-02-02 14:45:00-05:00,248.0983,248.23,247.87,247.98,169163
2026-02-02 14:50:00,247.98,248.49,247.4501,247.8199,322550
2026-02-02 14:50:00-05:00,247.98,248.49,247.4501,247.8199,322550
2026-02-02 14:55:00,247.8115,248.35,246.1701,246.335,329186
2026-02-02 14:55:00-05:00,247.8115,248.35,246.1701,246.335,329186
2026-02-02 15:00:00,246.23,246.9113,245.77,246.44,379969
2026-02-02 15:00:00-05:00,246.23,246.9113,245.77,246.44,379969
2026-02-02 15:05:00,246.455,246.96,246.34,246.7901,215578
2026-02-02 15:05:00-05:00,246.455,246.96,246.34,246.7901,215578
2026-02-02 15:10:00,246.88,247.36,246.42,246.42,262673
2026-02-02 15:10:00-05:00,246.88,247.36,246.42,246.42,262673
2026-02-02 15:15:00,246.435,247.07,246.34,246.7105,250326
2026-02-02 15:15:00-05:00,246.435,247.07,246.34,246.7105,250326
2026-02-02 15:20:00,246.75,247.13,246.75,246.8599,281448
2026-02-02 15:20:00-05:00,246.75,247.13,246.75,246.8599,281448
2026-02-02 15:25:00,246.86,247.23,246.75,246.89,212999
2026-02-02 15:25:00-05:00,246.86,247.23,246.75,246.89,212999
2026-02-02 15:30:00,246.85,246.89,245.88,245.91,401044
2026-02-02 15:30:00-05:00,246.85,246.89,245.88,245.91,401044
2026-02-02 15:35:00,245.9,246.08,245.53,245.56,311805
2026-02-02 15:35:00-05:00,245.9,246.08,245.53,245.56,311805
2026-02-02 15:40:00,245.54,245.88,245.42,245.67,287908
2026-02-02 15:40:00-05:00,245.54,245.88,245.42,245.67,287908
2026-02-02 15:45:00,245.7,245.84,245.26,245.45,334307
2026-02-02 15:45:00-05:00,245.7,245.84,245.26,245.45,334307
2026-02-02 15:50:00,245.47,245.82,245.18,245.4,545053
2026-02-02 15:50:00-05:00,245.47,245.82,245.18,245.4,545053
2026-02-02 15:55:00,245.45,246.28,245.45,246.28,1106781
2026-02-02 15:55:00-05:00,245.45,246.28,245.45,246.28,1106781
2026-02-03 09:30:00,251.55,252.65,248.8,249.48,2078102
2026-02-03 09:30:00-05:00,251.55,252.65,248.8,249.48,2078102
2026-02-03 09:35:00,249.49,250.77,247.61,247.92,968009
2026-02-03 09:35:00-05:00,249.49,250.77,247.61,247.92,968009
2026-02-03 09:40:00,247.9878,248.59,245.5001,246.075,849166
2026-02-03 09:40:00-05:00,247.9878,248.59,245.5001,246.075,849166
2026-02-03 09:45:00,246.17,247.9299,245.81,247.42,834080
2026-02-03 09:45:00-05:00,246.17,247.9299,245.81,247.42,834080
2026-02-03 09:50:00,247.435,247.55,245.2,245.2,797769
2026-02-03 09:50:00-05:00,247.435,247.55,245.2,245.2,797769
2026-02-03 09:55:00,245.19,245.3527,243,243.26,962440
2026-02-03 09:55:00-05:00,245.19,245.3527,243,243.26,962440
2026-02-03 10:00:00,243.295,244.5899,242.275,243.5,926788
2026-02-03 10:00:00-05:00,243.295,244.5899,242.275,243.5,926788
2026-02-03 10:05:00,243.4453,243.99,241.744,243.17,678848
2026-02-03 10:05:00-05:00,243.4453,243.99,241.744,243.17,678848
2026-02-03 10:10:00,243.22,243.4,242.07,242.56,459702
2026-02-03 10:10:00-05:00,243.22,243.4,242.07,242.56,459702
2026-02-03 10:15:00,242.55,244.47,242.33,244.34,611917
2026-02-03 10:15:00-05:00,242.55,244.47,242.33,244.34,611917
2026-02-03 10:20:00,244.4,245.18,242.13,242.17,711460
2026-02-03 10:20:00-05:00,244.4,245.18,242.13,242.17,711460
2026-02-03 10:25:00,242.2,244.23,242.01,243.5,487678
2026-02-03 10:25:00-05:00,242.2,244.23,242.01,243.5,487678
2026-02-03 10:30:00,243.49,244.39,242.92,242.9777,437770
2026-02-03 10:30:00-05:00,243.49,244.39,242.92,242.9777,437770
2026-02-03 10:35:00,242.82,244.01,242.39,243.92,403583
2026-02-03 10:35:00-05:00,242.82,244.01,242.39,243.92,403583
2026-02-03 10:40:00,243.86,244,242.66,242.66,352531
2026-02-03 10:40:00-05:00,243.86,244,242.66,242.66,352531
2026-02-03 10:45:00,242.6,244,242.11,243.9803,467363
2026-02-03 10:45:00-05:00,242.6,244,242.11,243.9803,467363
2026-02-03 10:50:00,243.95,245.38,243.88,245.33,469431
2026-02-03 10:50:00-05:00,243.95,245.38,243.88,245.33,469431
2026-02-03 10:55:00,245.368,246,245.19,245.79,398406
2026-02-03 10:55:00-05:00,245.368,246,245.19,245.79,398406
2026-02-03 11:00:00,245.7,245.9,244.69,244.8601,284640
2026-02-03 11:00:00-05:00,245.7,245.9,244.69,244.8601,284640
2026-02-03 11:05:00,244.969,245.25,244.3654,244.47,238494
2026-02-03 11:05:00-05:00,244.969,245.25,244.3654,244.47,238494
2026-02-03 11:10:00,244.42,245.4699,244.1,244.63,344614
2026-02-03 11:10:00-05:00,244.42,245.4699,244.1,244.63,344614
2026-02-03 11:15:00,244.59,245.1399,244.44,244.58,196632
2026-02-03 11:15:00-05:00,244.59,245.1399,244.44,244.58,196632
2026-02-03 11:20:00,244.66,244.9,243.78,243.985,255124
2026-02-03 11:20:00-05:00,244.66,244.9,243.78,243.985,255124
2026-02-03 11:25:00,243.985,245.02,243.97,244.23,275135
2026-02-03 11:25:00-05:00,243.985,245.02,243.97,244.23,275135
2026-02-03 11:30:00,244.15,244.9299,243.91,244.79,235328
2026-02-03 11:30:00-05:00,244.15,244.9299,243.91,244.79,235328
2026-02-03 11:35:00,244.81,245.26,244.13,244.36,246085
2026-02-03 11:35:00-05:00,244.81,245.26,244.13,244.36,246085
2026-02-03 11:40:00,244.32,245.13,244.26,244.9458,251799
2026-02-03 11:40:00-05:00,244.32,245.13,244.26,244.9458,251799
2026-02-03 11:45:00,244.94,245.0885,244.64,244.77,216506
2026-02-03 11:45:00-05:00,244.94,245.0885,244.64,244.77,216506
2026-02-03 11:50:00,244.77,244.77,243.95,244.447,157395
2026-02-03 11:50:00-05:00,244.77,244.77,243.95,244.447,157395
2026-02-03 11:55:00,244.5,244.94,244.265,244.265,154650
2026-02-03 11:55:00-05:00,244.5,244.94,244.265,244.265,154650
2026-02-03 12:00:00,244.32,244.35,243.75,243.925,292229
2026-02-03 12:00:00-05:00,244.32,244.35,243.75,243.925,292229
2026-02-03 12:05:00,243.93,243.95,243.06,243.49,230529
2026-02-03 12:05:00-05:00,243.93,243.95,243.06,243.49,230529
2026-02-03 12:10:00,243.5,243.72,241.85,242.22,467385
2026-02-03 12:10:00-05:00,243.5,243.72,241.85,242.22,467385
2026-02-03 12:15:00,242.225,243.025,241.93,242.54,295301
2026-02-03 12:15:00-05:00,242.225,243.025,241.93,242.54,295301
2026-02-03 12:20:00,242.535,242.92,242.01,242.835,237390
2026-02-03 12:20:00-05:00,242.535,242.92,242.01,242.835,237390
2026-02-03 12:25:00,242.85,243.36,242.46,242.54,185160
2026-02-03 12:25:00-05:00,242.85,243.36,242.46,242.54,185160
2026-02-03 12:30:00,242.48,242.48,241.63,241.6901,250455
2026-02-03 12:30:00-05:00,242.48,242.48,241.63,241.6901,250455
2026-02-03 12:35:00,241.7,241.92,240.39,240.435,385377
2026-02-03 12:35:00-05:00,241.7,241.92,240.39,240.435,385377
2026-02-03 12:40:00,240.41,240.64,240.06,240.54,310191
2026-02-03 12:40:00-05:00,240.41,240.64,240.06,240.54,310191
2026-02-03 12:45:00,240.49,241.18,240.33,240.82,254255
2026-02-03 12:45:00-05:00,240.49,241.18,240.33,240.82,254255
2026-02-03 12:50:00,240.835,241.65,240.745,241.075,247539
2026-02-03 12:50:00-05:00,240.835,241.65,240.745,241.075,247539
2026-02-03 12:55:00,241.11,241.16,240.22,240.38,189249
2026-02-03 12:55:00-05:00,241.11,241.16,240.22,240.38,189249
2026-02-03 13:00:00,240.36,240.47,240.135,240.1999,166194
2026-02-03 13:00:00-05:00,240.36,240.47,240.135,240.1999,166194
2026-02-03 13:05:00,240.16,241.4399,240.04,241.1,252570
2026-02-03 13:05:00-05:00,240.16,241.4399,240.04,241.1,252570
2026-02-03 13:10:00,241.1699,241.27,239.89,240.07,344609
2026-02-03 13:10:00-05:00,241.1699,241.27,239.89,240.07,344609
2026-02-03 13:15:00,240.06,240.75,240.06,240.43,199829
2026-02-03 13:15:00-05:00,240.06,240.75,240.06,240.43,199829
2026-02-03 13:20:00,240.41,240.44,239.76,239.8068,278817
2026-02-03 13:20:00-05:00,240.41,240.44,239.76,239.8068,278817
2026-02-03 13:25:00,239.77,239.9,239.17,239.86,256900
2026-02-03 13:25:00-05:00,239.77,239.9,239.17,239.86,256900
2026-02-03 13:30:00,239.83,239.85,238.38,238.68,405204
2026-02-03 13:30:00-05:00,239.83,239.85,238.38,238.68,405204
2026-02-03 13:35:00,238.6921,239.16,238.4601,239.1599,311501
2026-02-03 13:35:00-05:00,238.6921,239.16,238.4601,239.1599,311501
2026-02-03 13:40:00,239.12,239.24,238.25,238.49,307077
2026-02-03 13:40:00-05:00,239.12,239.24,238.25,238.49,307077
2026-02-03 13:45:00,238.495,238.83,238.07,238.545,400834
2026-02-03 13:45:00-05:00,238.495,238.83,238.07,238.545,400834
2026-02-03 13:50:00,238.5,238.5,237.58,237.7,290350
2026-02-03 13:50:00-05:00,238.5,238.5,237.58,237.7,290350
2026-02-03 13:55:00,237.72,238.3933,237.47,237.4707,331826
2026-02-03 13:55:00-05:00,237.72,238.3933,237.47,237.4707,331826
2026-02-03 14:00:00,237.44,237.83,237.0376,237.34,331249
2026-02-03 14:00:00-05:00,237.44,237.83,237.0376,237.34,331249
2026-02-03 14:05:00,237.3582,237.88,237.23,237.685,231286
2026-02-03 14:05:00-05:00,237.3582,237.88,237.23,237.685,231286
2026-02-03 14:10:00,237.675,239.76,237.64,239.75,498306
2026-02-03 14:10:00-05:00,237.675,239.76,237.64,239.75,498306
2026-02-03 14:15:00,239.72,240.94,239.63,240.725,556926
2026-02-03 14:15:00-05:00,239.72,240.94,239.63,240.725,556926
2026-02-03 14:20:00,240.7,241.485,240.64,241.1199,594327
2026-02-03 14:20:00-05:00,240.7,241.485,240.64,241.1199,594327
2026-02-03 14:25:00,241.08,241.1199,240.17,240.345,466152
2026-02-03 14:25:00-05:00,241.08,241.1199,240.17,240.345,466152
2026-02-03 14:30:00,240.3118,241.36,239.3501,240.825,535233
2026-02-03 14:30:00-05:00,240.3118,241.36,239.3501,240.825,535233
2026-02-03 14:35:00,240.77,241.63,240.74,241,471690
2026-02-03 14:35:00-05:00,240.77,241.63,240.74,241,471690
2026-02-03 14:40:00,240.98,241.38,240.64,240.93,283974
2026-02-03 14:40:00-05:00,240.98,241.38,240.64,240.93,283974
2026-02-03 14:45:00,240.91,241,240.31,240.61,323280
2026-02-03 14:45:00-05:00,240.91,241,240.31,240.61,323280
2026-02-03 14:50:00,240.5601,241.435,240.32,241.194,368105
2026-02-03 14:50:00-05:00,240.5601,241.435,240.32,241.194,368105
2026-02-03 14:55:00,241.17,242.1,241.08,241.89,357490
2026-02-03 14:55:00-05:00,241.17,242.1,241.08,241.89,357490
2026-02-03 15:00:00,241.87,242.25,241.42,241.95,374936
2026-02-03 15:00:00-05:00,241.87,242.25,241.42,241.95,374936
2026-02-03 15:05:00,241.98,242.25,241.85,242.145,383855
2026-02-03 15:05:00-05:00,241.98,242.25,241.85,242.145,383855
2026-02-03 15:10:00,242.135,242.28,241.49,242.27,445382
2026-02-03 15:10:00-05:00,242.135,242.28,241.49,242.27,445382
2026-02-03 15:15:00,242.26,242.4,241.41,242.1,498074
2026-02-03 15:15:00-05:00,242.26,242.4,241.41,242.1,498074
2026-02-03 15:20:00,242.1034,242.779,241.6514,242.7291,492232
2026-02-03 15:20:00-05:00,242.1034,242.779,241.6514,242.7291,492232
2026-02-03 15:25:00,242.74,243.2499,242.53,242.915,578385
2026-02-03 15:25:00-05:00,242.74,243.2499,242.53,242.915,578385
2026-02-03 15:30:00,242.92,244.45,242.92,244.24,874058
2026-02-03 15:30:00-05:00,242.92,244.45,242.92,244.24,874058
2026-02-03 15:35:00,244.27,245.2318,244.1066,244.84,1337171
2026-02-03 15:35:00-05:00,244.27,245.2318,244.1066,244.84,1337171
2026-02-03 15:40:00,244.83,245.05,243.89,244.12,606544
2026-02-03 15:40:00-05:00,244.83,245.05,243.89,244.12,606544
2026-02-03 15:45:00,244.12,244.95,243.72,244.82,641685
2026-02-03 15:45:00-05:00,244.12,244.95,243.72,244.82,641685
2026-02-03 15:50:00,244.84,245.16,242.57,243.38,1020839
2026-02-03 15:50:00-05:00,244.84,245.16,242.57,243.38,1020839
2026-02-03 15:55:00,243.45,243.45,241.9,242.11,2024806
2026-02-03 15:55:00-05:00,243.45,243.45,241.9,242.11,2024806
2026-02-04 09:30:00,215,218.58,210.16,211.66,6913264
2026-02-04 09:30:00-05:00,215,218.58,210.16,211.66,6913264
2026-02-04 09:35:00,211.635,216.2103,209.79,215.39,4325777
2026-02-04 09:35:00-05:00,211.635,216.2103,209.79,215.39,4325777
2026-02-04 09:40:00,215.39,215.495,211.42,211.5,2434323
2026-02-04 09:40:00-05:00,215.39,215.495,211.42,211.5,2434323
2026-02-04 09:45:00,211.5,211.83,209.32,209.87,3008953
2026-02-04 09:45:00-05:00,211.5,211.83,209.32,209.87,3008953
2026-02-04 09:50:00,209.821,211.5,208.8501,209.2742,2466564
2026-02-04 09:50:00-05:00,209.821,211.5,208.8501,209.2742,2466564
2026-02-04 09:55:00,209.2275,209.51,207.01,207.395,2325342
2026-02-04 09:55:00-05:00,209.2275,209.51,207.01,207.395,2325342
2026-02-04 10:00:00,207.31,207.98,206,206.81,1969296
2026-02-04 10:00:00-05:00,207.31,207.98,206,206.81,1969296
2026-02-04 10:05:00,206.87,209.09,206.07,208.5201,2067985
2026-02-04 10:05:00-05:00,206.87,209.09,206.07,208.5201,2067985
2026-02-04 10:10:00,208.59,209.5343,207.85,209.34,1715505
2026-02-04 10:10:00-05:00,208.59,209.5343,207.85,209.34,1715505
2026-02-04 10:15:00,209.4453,209.6999,207.16,207.7,1382609
2026-02-04 10:15:00-05:00,209.4453,209.6999,207.16,207.7,1382609
2026-02-04 10:20:00,207.76,208.41,207.01,207.97,1232871
2026-02-04 10:20:00-05:00,207.76,208.41,207.01,207.97,1232871
2026-02-04 10:25:00,207.9,208.47,207.21,208.47,1221259
2026-02-04 10:25:00-05:00,207.9,208.47,207.21,208.47,1221259
2026-02-04 10:30:00,208.38,209.015,206.08,206.3215,1433498
2026-02-04 10:30:00-05:00,208.38,209.015,206.08,206.3215,1433498
2026-02-04 10:35:00,206.3,206.8999,205.2,206.67,1877467
2026-02-04 10:35:00-05:00,206.3,206.8999,205.2,206.67,1877467
2026-02-04 10:40:00,206.68,208.22,206.15,207.7015,1282321
2026-02-04 10:40:00-05:00,206.68,208.22,206.15,207.7015,1282321
2026-02-04 10:45:00,207.71,207.99,206.651,206.6825,893303
2026-02-04 10:45:00-05:00,207.71,207.99,206.651,206.6825,893303
2026-02-04 10:50:00,206.65,208.4,206.15,207.53,1140437
2026-02-04 10:50:00-05:00,206.65,208.4,206.15,207.53,1140437
2026-02-04 10:55:00,207.53,208.4199,205.72,205.88,1348357
2026-02-04 10:55:00-05:00,207.53,208.4199,205.72,205.88,1348357
2026-02-04 11:00:00,205.86,206.37,204.5,204.52,1379360
2026-02-04 11:00:00-05:00,205.86,206.37,204.5,204.52,1379360
2026-02-04 11:05:00,204.55,205.4399,204.01,205.1,1207829
2026-02-04 11:05:00-05:00,204.55,205.4399,204.01,205.1,1207829
2026-02-04 11:10:00,205.11,206.01,204.6378,205.83,956111
2026-02-04 11:10:00-05:00,205.11,206.01,204.6378,205.83,956111
2026-02-04 11:15:00,205.86,206.05,203.5,203.6301,1304927
2026-02-04 11:15:00-05:00,205.86,206.05,203.5,203.6301,1304927
2026-02-04 11:20:00,203.63,204.35,203.14,203.9495,1237841
2026-02-04 11:20:00-05:00,203.63,204.35,203.14,203.9495,1237841
2026-02-04 11:25:00,203.9736,204.6,203.755,204.19,955927
2026-02-04 11:25:00-05:00,203.9736,204.6,203.755,204.19,955927
2026-02-04 11:30:00,204.1501,204.23,203.2,203.39,825989
2026-02-04 11:30:00-05:00,204.1501,204.23,203.2,203.39,825989
2026-02-04 11:35:00,203.42,203.5,202.1201,202.18,1312475
2026-02-04 11:35:00-05:00,203.42,203.5,202.1201,202.18,1312475
2026-02-04 11:40:00,202.13,202.15,201.58,201.8,1144819
2026-02-04 11:40:00-05:00,202.13,202.15,201.58,201.8,1144819
2026-02-04 11:45:00,201.77,202.15,201.07,201.44,1249362
2026-02-04 11:45:00-05:00,201.77,202.15,201.07,201.44,1249362
2026-02-04 11:50:00,201.44,201.84,200.77,201.8399,1462385
2026-02-04 11:50:00-05:00,201.44,201.84,200.77,201.8399,1462385
2026-02-04 11:55:00,201.83,203.01,201.76,203,973309
2026-02-04 11:55:00-05:00,201.83,203.01,201.76,203,973309
2026-02-04 12:00:00,203,203.345,202.35,203.025,804612
2026-02-04 12:00:00-05:00,203,203.345,202.35,203.025,804612
2026-02-04 12:05:00,203.07,203.12,202.08,202.2101,602359
2026-02-04 12:05:00-05:00,203.07,203.12,202.08,202.2101,602359
2026-02-04 12:10:00,202.25,203.2,201.58,202.78,806961
2026-02-04 12:10:00-05:00,202.25,203.2,201.58,202.78,806961
2026-02-04 12:15:00,202.78,203.29,202.35,202.71,582783
2026-02-04 12:15:00-05:00,202.78,203.29,202.35,202.71,582783
2026-02-04 12:20:00,202.74,202.74,201.09,201.12,1075629
2026-02-04 12:20:00-05:00,202.74,202.74,201.09,201.12,1075629
2026-02-04 12:25:00,201.14,201.555,200.45,200.63,1057541
2026-02-04 12:25:00-05:00,201.14,201.555,200.45,200.63,1057541
2026-02-04 12:30:00,200.61,201.57,200.27,200.67,1056791
2026-02-04 12:30:00-05:00,200.61,201.57,200.27,200.67,1056791
2026-02-04 12:35:00,200.625,200.8199,199.73,200.1868,1372756
2026-02-04 12:35:00-05:00,200.625,200.8199,199.73,200.1868,1372756
2026-02-04 12:40:00,200.17,200.25,199.1501,200.0522,1119822
2026-02-04 12:40:00-05:00,200.17,200.25,199.1501,200.0522,1119822
2026-02-04 12:45:00,200.055,200.858,199.6,200.24,955225
2026-02-04 12:45:00-05:00,200.055,200.858,199.6,200.24,955225
2026-02-04 12:50:00,200.24,201.3799,200.01,201.3177,841912
2026-02-04 12:50:00-05:00,200.24,201.3799,200.01,201.3177,841912
2026-02-04 12:55:00,201.37,202.1,201.0801,201.871,848493
2026-02-04 12:55:00-05:00,201.37,202.1,201.0801,201.871,848493
2026-02-04 13:00:00,201.94,202.3,201.22,202.02,766311
2026-02-04 13:00:00-05:00,201.94,202.3,201.22,202.02,766311
2026-02-04 13:05:00,202,203.31,201.125,201.34,1099420
2026-02-04 13:05:00-05:00,202,203.31,201.125,201.34,1099420
2026-02-04 13:10:00,201.27,202.23,201.1993,201.64,605330
2026-02-04 13:10:00-05:00,201.27,202.23,201.1993,201.64,605330
2026-02-04 13:15:00,201.6,201.8562,200.691,200.691,595628
2026-02-04 13:15:00-05:00,201.6,201.8562,200.691,200.691,595628
2026-02-04 13:20:00,200.735,201.33,200.561,201.27,670090
2026-02-04 13:20:00-05:00,200.735,201.33,200.561,201.27,670090
2026-02-04 13:25:00,201.28,202.59,201.28,202.245,739201
2026-02-04 13:25:00-05:00,201.28,202.59,201.28,202.245,739201
2026-02-04 13:30:00,202.2618,202.28,201.01,201.67,730519
2026-02-04 13:30:00-05:00,202.2618,202.28,201.01,201.67,730519
2026-02-04 13:35:00,201.7,202.24,201.65,201.915,605147
2026-02-04 13:35:00-05:00,201.7,202.24,201.65,201.915,605147
2026-02-04 13:40:00,201.88,202.25,201.23,201.36,603459
2026-02-04 13:40:00-05:00,201.88,202.25,201.23,201.36,603459
2026-02-04 13:45:00,201.37,201.3994,200.5,200.55,640733
2026-02-04 13:45:00-05:00,201.37,201.3994,200.5,200.55,640733
2026-02-04 13:50:00,200.56,201.67,199.73,201.4108,877717
2026-02-04 13:50:00-05:00,200.56,201.67,199.73,201.4108,877717
2026-02-04 13:55:00,201.4,202.08,200.6901,200.6901,688502
2026-02-04 13:55:00-05:00,201.4,202.08,200.6901,200.6901,688502
2026-02-04 14:00:00,200.6917,201.14,200.25,200.36,585294
2026-02-04 14:00:00-05:00,200.6917,201.14,200.25,200.36,585294
2026-02-04 14:05:00,200.2601,200.7409,199.9201,200.585,620003
2026-02-04 14:05:00-05:00,200.2601,200.7409,199.9201,200.585,620003
2026-02-04 14:10:00,200.63,200.9,200.1201,200.255,546223
2026-02-04 14:10:00-05:00,200.63,200.9,200.1201,200.255,546223
2026-02-04 14:15:00,200.23,201.37,200.1601,201,581280
2026-02-04 14:15:00-05:00,200.23,201.37,200.1601,201,581280
2026-02-04 14:20:00,201.04,201.08,199.88,200.64,740806
2026-02-04 14:20:00-05:00,201.04,201.08,199.88,200.64,740806
2026-02-04 14:25:00,200.64,201.16,200.2,200.991,589040
2026-02-04 14:25:00-05:00,200.64,201.16,200.2,200.991,589040
2026-02-04 14:30:00,200.97,202.47,200.9023,202.46,754521
2026-02-04 14:30:00-05:00,200.97,202.47,200.9023,202.46,754521
2026-02-04 14:35:00,202.45,202.53,201.235,201.7275,756366
2026-02-04 14:35:00-05:00,202.45,202.53,201.235,201.7275,756366
2026-02-04 14:40:00,201.76,202.83,201.68,202.545,835155
2026-02-04 14:40:00-05:00,201.76,202.83,201.68,202.545,835155
2026-02-04 14:45:00,202.545,203.89,201.83,203.55,1085404
2026-02-04 14:45:00-05:00,202.545,203.89,201.83,203.55,1085404
2026-02-04 14:50:00,203.57,204,202.9094,202.9885,1237853
2026-02-04 14:50:00-05:00,203.57,204,202.9094,202.9885,1237853
2026-02-04 14:55:00,202.94,204.26,202.51,203.9873,822497
2026-02-04 14:55:00-05:00,202.94,204.26,202.51,203.9873,822497
2026-02-04 15:00:00,203.95,204.26,202,202.145,1007726
2026-02-04 15:00:00-05:00,203.95,204.26,202,202.145,1007726
2026-02-04 15:05:00,202.1899,202.89,201.7,202.8,841683
2026-02-04 15:05:00-05:00,202.1899,202.89,201.7,202.8,841683
2026-02-04 15:10:00,202.81,203.053,202.03,202.29,585444
2026-02-04 15:10:00-05:00,202.81,203.053,202.03,202.29,585444
2026-02-04 15:15:00,202.28,202.46,201.73,202.055,1159794
2026-02-04 15:15:00-05:00,202.28,202.46,201.73,202.055,1159794
2026-02-04 15:20:00,202.04,202.7499,201.38,202.5501,890122
2026-02-04 15:20:00-05:00,202.04,202.7499,201.38,202.5501,890122
2026-02-04 15:25:00,202.57,203.0999,201.21,201.65,882966
2026-02-04 15:25:00-05:00,202.57,203.0999,201.21,201.65,882966
2026-02-04 15:30:00,201.6,202.56,201.3901,202.045,760620
2026-02-04 15:30:00-05:00,201.6,202.56,201.3901,202.045,760620
2026-02-04 15:35:00,202.0404,203.13,201.6,203.1187,868503
2026-02-04 15:35:00-05:00,202.0404,203.13,201.6,203.1187,868503
2026-02-04 15:40:00,203.13,203.65,202.83,203.04,917318
2026-02-04 15:40:00-05:00,203.13,203.65,202.83,203.04,917318
2026-02-04 15:45:00,203.0247,203.08,202.23,202.66,818939
2026-02-04 15:45:00-05:00,203.0247,203.08,202.23,202.66,818939
2026-02-04 15:50:00,202.68,202.78,201.32,201.98,1332853
2026-02-04 15:50:00-05:00,202.68,202.78,201.32,201.98,1332853
2026-02-04 15:55:00,201.99,202.02,200.03,200.1801,2949509
2026-02-04 15:55:00-05:00,201.99,202.02,200.03,200.1801,2949509
2026-02-05 09:30:00,201.855,202,196.7,200.8,2909869
2026-02-05 09:30:00-05:00,201.855,202,196.7,200.8,2909869
2026-02-05 09:35:00,200.85,203.4,197.88,202.1439,1863506
2026-02-05 09:35:00-05:00,200.85,203.4,197.88,202.1439,1863506
2026-02-05 09:40:00,202.3,203.45,200.83,201.14,1446997
2026-02-05 09:40:00-05:00,202.3,203.45,200.83,201.14,1446997
2026-02-05 09:45:00,201.04,203.95,200.87,203.18,1303266
2026-02-05 09:45:00-05:00,201.04,203.95,200.87,203.18,1303266
2026-02-05 09:50:00,203.19,204.04,201.66,201.96,1178321
2026-02-05 09:50:00-05:00,203.19,204.04,201.66,201.96,1178321
2026-02-05 09:55:00,201.95,202.111,198.1,198.72,1459664
2026-02-05 09:55:00-05:00,201.95,202.111,198.1,198.72,1459664
2026-02-05 10:00:00,198.71,199.1,196.2,196.39,1397261
2026-02-05 10:00:00-05:00,198.71,199.1,196.2,196.39,1397261
2026-02-05 10:05:00,196.53,196.8499,194.69,196.3701,1825693
2026-02-05 10:05:00-05:00,196.53,196.8499,194.69,196.3701,1825693
2026-02-05 10:10:00,196.42,196.97,193.27,193.49,1213450
2026-02-05 10:10:00-05:00,196.42,196.97,193.27,193.49,1213450
2026-02-05 10:15:00,193.535,194.93,193.11,194.11,1278420
2026-02-05 10:15:00-05:00,193.535,194.93,193.11,194.11,1278420
2026-02-05 10:20:00,193.99,194.4711,192.81,193.95,1240467
2026-02-05 10:20:00-05:00,193.99,194.4711,192.81,193.95,1240467
2026-02-05 10:25:00,193.94,194.96,192.88,193.06,1121107
2026-02-05 10:25:00-05:00,193.94,194.96,192.88,193.06,1121107
2026-02-05 10:30:00,193.0975,194.1799,191.94,192.3,1487015
2026-02-05 10:30:00-05:00,193.0975,194.1799,191.94,192.3,1487015
2026-02-05 10:35:00,192.3578,194.37,191.544,194.32,1514707
2026-02-05 10:35:00-05:00,192.3578,194.37,191.544,194.32,1514707
2026-02-05 10:40:00,194.27,195,193.41,194.65,806796
2026-02-05 10:40:00-05:00,194.27,195,193.41,194.65,806796
2026-02-05 10:45:00,194.53,194.89,192.62,193.04,647519
2026-02-05 10:45:00-05:00,194.53,194.89,192.62,193.04,647519
2026-02-05 10:50:00,193.04,193.6243,192.53,192.99,823267
2026-02-05 10:50:00-05:00,193.04,193.6243,192.53,192.99,823267
2026-02-05 10:55:00,193.03,193.37,191.8,192.78,632971
2026-02-05 10:55:00-05:00,193.03,193.37,191.8,192.78,632971
2026-02-05 11:00:00,192.75,193.13,192.3,192.475,583392
2026-02-05 11:00:00-05:00,192.75,193.13,192.3,192.475,583392
2026-02-05 11:05:00,192.4,192.9,191.58,191.71,532636
2026-02-05 11:05:00-05:00,192.4,192.9,191.58,191.71,532636
2026-02-05 11:10:00,191.7,192.37,191.075,191.1699,588224
2026-02-05 11:10:00-05:00,191.7,192.37,191.075,191.1699,588224
2026-02-05 11:15:00,191.16,193.75,191.16,193.56,758030
2026-02-05 11:15:00-05:00,191.16,193.75,191.16,193.56,758030
2026-02-05 11:20:00,193.575,195.5,193.5,195.49,982693
2026-02-05 11:20:00-05:00,193.575,195.5,193.5,195.49,982693
2026-02-05 11:25:00,195.55,196.78,195.0101,196.28,869114
2026-02-05 11:25:00-05:00,195.55,196.78,195.0101,196.28,869114
2026-02-05 11:30:00,196.35,196.6654,195.58,196.1475,701079
2026-02-05 11:30:00-05:00,196.35,196.6654,195.58,196.1475,701079
2026-02-05 11:35:00,196.075,196.65,195.45,196.15,660793
2026-02-05 11:35:00-05:00,196.075,196.65,195.45,196.15,660793
2026-02-05 11:40:00,196.185,196.67,195.2,195.38,522371
2026-02-05 11:40:00-05:00,196.185,196.67,195.2,195.38,522371
2026-02-05 11:45:00,195.35,195.4194,193.71,194.355,786555
2026-02-05 11:45:00-05:00,195.35,195.4194,193.71,194.355,786555
2026-02-05 11:50:00,194.355,195.85,194.3,195.15,598123
2026-02-05 11:50:00-05:00,194.355,195.85,194.3,195.15,598123
2026-02-05 11:55:00,195.14,195.91,194.43,195.81,487328
2026-02-05 11:55:00-05:00,195.14,195.91,194.43,195.81,487328
2026-02-05 12:00:00,195.86,195.9,193.78,193.98,443815
2026-02-05 12:00:00-05:00,195.86,195.9,193.78,193.98,443815
2026-02-05 12:05:00,193.98,194.77,193.81,194.01,367639
2026-02-05 12:05:00-05:00,193.98,194.77,193.81,194.01,367639
2026-02-05 12:10:00,193.96,194.16,193.44,193.91,426432
2026-02-05 12:10:00-05:00,193.96,194.16,193.44,193.91,426432
2026-02-05 12:15:00,193.87,194.12,193.25,193.33,419450
2026-02-05 12:15:00-05:00,193.87,194.12,193.25,193.33,419450
2026-02-05 12:20:00,193.31,194.6,193.03,194.5728,461509
2026-02-05 12:20:00-05:00,193.31,194.6,193.03,194.5728,461509
2026-02-05 12:25:00,194.6,195.58,194.52,194.88,460881
2026-02-05 12:25:00-05:00,194.6,195.58,194.52,194.88,460881
2026-02-05 12:30:00,194.965,195.3,194.56,194.68,335899
2026-02-05 12:30:00-05:00,194.965,195.3,194.56,194.68,335899
2026-02-05 12:35:00,194.68,195.42,194.43,194.585,323105
2026-02-05 12:35:00-05:00,194.68,195.42,194.43,194.585,323105
2026-02-05 12:40:00,194.52,195.25,194.44,194.62,302030
2026-02-05 12:40:00-05:00,194.52,195.25,194.44,194.62,302030
2026-02-05 12:45:00,194.74,195.2,193.87,194.07,366961
2026-02-05 12:45:00-05:00,194.74,195.2,193.87,194.07,366961
2026-02-05 12:50:00,194,194.45,193.43,193.46,351209
2026-02-05 12:50:00-05:00,194,194.45,193.43,193.46,351209
2026-02-05 12:55:00,193.5355,194.075,193.31,193.9001,290708
2026-02-05 12:55:00-05:00,193.5355,194.075,193.31,193.9001,290708
2026-02-05 13:00:00,193.93,194.8725,193.83,194.44,396921
2026-02-05 13:00:00-05:00,193.93,194.8725,193.83,194.44,396921
2026-02-05 13:05:00,194.44,194.44,193.65,193.65,312242
2026-02-05 13:05:00-05:00,194.44,194.44,193.65,193.65,312242
2026-02-05 13:10:00,193.665,194.49,193.41,193.8851,419812
2026-02-05 13:10:00-05:00,193.665,194.49,193.41,193.8851,419812
2026-02-05 13:15:00,193.855,194.15,193.37,193.375,267687
2026-02-05 13:15:00-05:00,193.855,194.15,193.37,193.375,267687
2026-02-05 13:20:00,193.3673,193.72,192.56,192.64,518147
2026-02-05 13:20:00-05:00,193.3673,193.72,192.56,192.64,518147
2026-02-05 13:25:00,192.64,192.8186,192.3,192.4,490433
2026-02-05 13:25:00-05:00,192.64,192.8186,192.3,192.4,490433
2026-02-05 13:30:00,192.36,193.6,192.29,192.98,471948
2026-02-05 13:30:00-05:00,192.36,193.6,192.29,192.98,471948
2026-02-05 13:35:00,193,193.08,192.27,192.2873,1303468
2026-02-05 13:35:00-05:00,193,193.08,192.27,192.2873,1303468
2026-02-05 13:40:00,192.295,192.88,192.11,192.46,508282
2026-02-05 13:40:00-05:00,192.295,192.88,192.11,192.46,508282
2026-02-05 13:45:00,192.43,192.65,191.8717,192.0101,345214
2026-02-05 13:45:00-05:00,192.43,192.65,191.8717,192.0101,345214
2026-02-05 13:50:00,192.01,192.01,191.33,191.565,481492
2026-02-05 13:50:00-05:00,192.01,192.01,191.33,191.565,481492
2026-02-05 13:55:00,191.545,191.57,191.12,191.3,489876
2026-02-05 13:55:00-05:00,191.545,191.57,191.12,191.3,489876
2026-02-05 14:00:00,191.28,192.11,191.01,191.9,552675
2026-02-05 14:00:00-05:00,191.28,192.11,191.01,191.9,552675
2026-02-05 14:05:00,191.865,192.39,191.8,192.3222,352105
2026-02-05 14:05:00-05:00,191.865,192.39,191.8,192.3222,352105
2026-02-05 14:10:00,192.34,192.85,192.055,192.4655,428718
2026-02-05 14:10:00-05:00,192.34,192.85,192.055,192.4655,428718
2026-02-05 14:15:00,192.445,193.2293,192.16,193.044,490851
2026-02-05 14:15:00-05:00,192.445,193.2293,192.16,193.044,490851
2026-02-05 14:20:00,193.04,193.13,192.4201,192.7301,304254
2026-02-05 14:20:00-05:00,193.04,193.13,192.4201,192.7301,304254
2026-02-05 14:25:00,192.77,192.78,191.88,191.95,372773
2026-02-05 14:25:00-05:00,192.77,192.78,191.88,191.95,372773
2026-02-05 14:30:00,191.95,191.98,191.1,191.465,385061
2026-02-05 14:30:00-05:00,191.95,191.98,191.1,191.465,385061
2026-02-05 14:35:00,191.4501,191.9999,191.16,191.585,334597
2026-02-05 14:35:00-05:00,191.4501,191.9999,191.16,191.585,334597
2026-02-05 14:40:00,191.61,191.6526,191.09,191.2019,299344
2026-02-05 14:40:00-05:00,191.61,191.6526,191.09,191.2019,299344
2026-02-05 14:45:00,191.2,191.41,191.02,191.2699,348027
2026-02-05 14:45:00-05:00,191.2,191.41,191.02,191.2699,348027
2026-02-05 14:50:00,191.25,191.3,190.72,191.005,583370
2026-02-05 14:50:00-05:00,191.25,191.3,190.72,191.005,583370
2026-02-05 14:55:00,191.02,191.6499,190.7401,191.5705,551391
2026-02-05 14:55:00-05:00,191.02,191.6499,190.7401,191.5705,551391
2026-02-05 15:00:00,191.57,191.85,191.21,191.8293,430643
2026-02-05 15:00:00-05:00,191.57,191.85,191.21,191.8293,430643
2026-02-05 15:05:00,191.78,193.58,191.61,193.315,620866
2026-02-05 15:05:00-05:00,191.78,193.58,191.61,193.315,620866
2026-02-05 15:10:00,193.28,193.608,192.23,192.66,461976
2026-02-05 15:10:00-05:00,193.28,193.608,192.23,192.66,461976
2026-02-05 15:15:00,192.68,192.74,191.86,191.89,438765
2026-02-05 15:15:00-05:00,192.68,192.74,191.86,191.89,438765
2026-02-05 15:20:00,191.885,192.25,191.31,191.79,471442
2026-02-05 15:20:00-05:00,191.885,192.25,191.31,191.79,471442
2026-02-05 15:25:00,191.795,191.8821,190.94,191.02,457509
2026-02-05 15:25:00-05:00,191.795,191.8821,190.94,191.02,457509
2026-02-05 15:30:00,191.01,191.75,190.7801,191.47,497444
2026-02-05 15:30:00-05:00,191.01,191.75,190.7801,191.47,497444
2026-02-05 15:35:00,191.47,191.98,191.4101,191.68,446025
2026-02-05 15:35:00-05:00,191.47,191.98,191.4101,191.68,446025
2026-02-05 15:40:00,191.69,192.47,191.67,192.38,598412
2026-02-05 15:40:00-05:00,191.69,192.47,191.67,192.38,598412
2026-02-05 15:45:00,192.3523,192.61,191.8,191.87,581988
2026-02-05 15:45:00-05:00,192.3523,192.61,191.8,191.87,581988
2026-02-05 15:50:00,191.91,192.2324,191.02,192.1401,1037325
2026-02-05 15:50:00-05:00,191.91,192.2324,191.02,192.1401,1037325
2026-02-05 15:55:00,192.14,192.675,192.02,192.49,1625533
2026-02-05 15:55:00-05:00,192.14,192.675,192.02,192.49,1625533
2026-02-06 09:30:00,197.13,201.6,196.43,201.4,3234110
2026-02-06 09:30:00-05:00,197.13,201.6,196.43,201.4,3234110
2026-02-06 09:35:00,201.43,203.96,200.65,203.01,2070288
2026-02-06 09:35:00-05:00,201.43,203.96,200.65,203.01,2070288
2026-02-06 09:40:00,203.01,204.31,201.9,204.179,1942905
2026-02-06 09:40:00-05:00,203.01,204.31,201.9,204.179,1942905
2026-02-06 09:45:00,204.33,205.9399,204.2878,204.66,2153351
2026-02-06 09:45:00-05:00,204.33,205.9399,204.2878,204.66,2153351
2026-02-06 09:50:00,204.76,206.4799,204.1,205.09,1517424
2026-02-06 09:50:00-05:00,204.76,206.4799,204.1,205.09,1517424
2026-02-06 09:55:00,205.19,205.55,202.7,202.835,1145684
2026-02-06 09:55:00-05:00,205.19,205.55,202.7,202.835,1145684
2026-02-06 10:00:00,202.98,203.14,201.87,202.15,937917
2026-02-06 10:00:00-05:00,202.98,203.14,201.87,202.15,937917
2026-02-06 10:05:00,202.13,203.68,202.1203,203.5,913559
2026-02-06 10:05:00-05:00,202.13,203.68,202.1203,203.5,913559
2026-02-06 10:10:00,203.56,205,202.6,203.0673,1009923
2026-02-06 10:10:00-05:00,203.56,205,202.6,203.0673,1009923
2026-02-06 10:15:00,203.05,205.2,203.04,204.9128,1289172
2026-02-06 10:15:00-05:00,203.05,205.2,203.04,204.9128,1289172
2026-02-06 10:20:00,204.8625,206.66,204.72,205.645,1062347
2026-02-06 10:20:00-05:00,204.8625,206.66,204.72,205.645,1062347
2026-02-06 10:25:00,205.58,206.5899,204.61,204.89,1173680
2026-02-06 10:25:00-05:00,205.58,206.5899,204.61,204.89,1173680
2026-02-06 10:30:00,204.87,205.3,204.2,205.075,525425
2026-02-06 10:30:00-05:00,204.87,205.3,204.2,205.075,525425
2026-02-06 10:35:00,205.05,205.6806,204.32,204.54,692391
2026-02-06 10:35:00-05:00,205.05,205.6806,204.32,204.54,692391
2026-02-06 10:40:00,204.635,206.225,204.525,205.7979,584072
2026-02-06 10:40:00-05:00,204.635,206.225,204.525,205.7979,584072
2026-02-06 10:45:00,205.77,206.8,205.55,206.0294,601982
2026-02-06 10:45:00-05:00,205.77,206.8,205.55,206.0294,601982
2026-02-06 10:50:00,206.035,206.339,204.4779,204.525,622456
2026-02-06 10:50:00-05:00,206.035,206.339,204.4779,204.525,622456
2026-02-06 10:55:00,204.56,206.5275,204.4,205.8978,549003
2026-02-06 10:55:00-05:00,204.56,206.5275,204.4,205.8978,549003
2026-02-06 11:00:00,205.97,206.3,205.48,206.11,416637
2026-02-06 11:00:00-05:00,205.97,206.3,205.48,206.11,416637
2026-02-06 11:05:00,206.13,207.5,206,207.27,718888
2026-02-06 11:05:00-05:00,206.13,207.5,206,207.27,718888
2026-02-06 11:10:00,207.27,208.38,207.1,208.34,726585
2026-02-06 11:10:00-05:00,207.27,208.38,207.1,208.34,726585
2026-02-06 11:15:00,208.35,208.42,207.66,207.7215,657571
2026-02-06 11:15:00-05:00,208.35,208.42,207.66,207.7215,657571
2026-02-06 11:20:00,207.75,208.18,207.29,207.325,512335
2026-02-06 11:20:00-05:00,207.75,208.18,207.29,207.325,512335
2026-02-06 11:25:00,207.345,207.8,206.91,207.68,545668
2026-02-06 11:25:00-05:00,207.345,207.8,206.91,207.68,545668
2026-02-06 11:30:00,207.7,208.0878,207.51,208.01,697133
2026-02-06 11:30:00-05:00,207.7,208.0878,207.51,208.01,697133
2026-02-06 11:35:00,208.01,208.39,207.51,207.9091,421917
2026-02-06 11:35:00-05:00,208.01,208.39,207.51,207.9091,421917
2026-02-06 11:40:00,207.8101,208.13,207.03,207.4775,833662
2026-02-06 11:40:00-05:00,207.8101,208.13,207.03,207.4775,833662
2026-02-06 11:45:00,207.5268,207.92,207,207.6595,364644
2026-02-06 11:45:00-05:00,207.5268,207.92,207,207.6595,364644
2026-02-06 11:50:00,207.66,208.2,207.58,207.705,327018
2026-02-06 11:50:00-05:00,207.66,208.2,207.58,207.705,327018
2026-02-06 11:55:00,207.7224,207.7461,206.77,207.26,477311
2026-02-06 11:55:00-05:00,207.7224,207.7461,206.77,207.26,477311
2026-02-06 12:00:00,207.26,207.6099,206.68,207.56,403569
2026-02-06 12:00:00-05:00,207.26,207.6099,206.68,207.56,403569
2026-02-06 12:05:00,207.535,207.9,207.28,207.78,338391
2026-02-06 12:05:00-05:00,207.535,207.9,207.28,207.78,338391
2026-02-06 12:10:00,207.77,208.2042,207.3118,208.01,444230
2026-02-06 12:10:00-05:00,207.77,208.2042,207.3118,208.01,444230
2026-02-06 12:15:00,208.015,208.14,207.4,207.943,328148
2026-02-06 12:15:00-05:00,208.015,208.14,207.4,207.943,328148
2026-02-06 12:20:00,207.92,207.9572,207.47,207.5352,226499
2026-02-06 12:20:00-05:00,207.92,207.9572,207.47,207.5352,226499
2026-02-06 12:25:00,207.5151,208.1112,207.51,208.055,297152
2026-02-06 12:25:00-05:00,207.5151,208.1112,207.51,208.055,297152
2026-02-06 12:30:00,208.0736,208.75,208.055,208.3701,479011
2026-02-06 12:30:00-05:00,208.0736,208.75,208.055,208.3701,479011
2026-02-06 12:35:00,208.34,208.35,207.6,207.735,378198
2026-02-06 12:35:00-05:00,208.34,208.35,207.6,207.735,378198
2026-02-06 12:40:00,207.7,208.2799,207.65,207.92,308386
2026-02-06 12:40:00-05:00,207.7,208.2799,207.65,207.92,308386
2026-02-06 12:45:00,207.88,208.5,207.84,208.445,291832
2026-02-06 12:45:00-05:00,207.88,208.5,207.84,208.445,291832
2026-02-06 12:50:00,208.48,209.05,208.1506,208.185,473890
2026-02-06 12:50:00-05:00,208.48,209.05,208.1506,208.185,473890
2026-02-06 12:55:00,208.15,208.68,208.03,208.19,332060
2026-02-06 12:55:00-05:00,208.15,208.68,208.03,208.19,332060
2026-02-06 13:00:00,208.165,208.43,208.11,208.38,265347
2026-02-06 13:00:00-05:00,208.165,208.43,208.11,208.38,265347
2026-02-06 13:05:00,208.32,208.48,207.71,208.0383,320066
2026-02-06 13:05:00-05:00,208.32,208.48,207.71,208.0383,320066
2026-02-06 13:10:00,208.04,208.23,207.8,208.1913,219435
2026-02-06 13:10:00-05:00,208.04,208.23,207.8,208.1913,219435
2026-02-06 13:15:00,208.15,208.48,207.8,208.1555,247514
2026-02-06 13:15:00-05:00,208.15,208.48,207.8,208.1555,247514
2026-02-06 13:20:00,208.11,208.15,207.61,207.68,257220
2026-02-06 13:20:00-05:00,208.11,208.15,207.61,207.68,257220
2026-02-06 13:25:00,207.7,207.76,207.2,207.585,314216
2026-02-06 13:25:00-05:00,207.7,207.76,207.2,207.585,314216
2026-02-06 13:30:00,207.585,207.7299,207.15,207.18,219782
2026-02-06 13:30:00-05:00,207.585,207.7299,207.15,207.18,219782
2026-02-06 13:35:00,207.1872,207.97,207.1872,207.94,200021
2026-02-06 13:35:00-05:00,207.1872,207.97,207.1872,207.94,200021
2026-02-06 13:40:00,207.9245,207.97,207.18,207.375,217696
2026-02-06 13:40:00-05:00,207.9245,207.97,207.18,207.375,217696
2026-02-06 13:45:00,207.4,207.82,207.325,207.5,213721
2026-02-06 13:45:00-05:00,207.4,207.82,207.325,207.5,213721
2026-02-06 13:50:00,207.51,207.73,207.3,207.635,183058
2026-02-06 13:50:00-05:00,207.51,207.73,207.3,207.635,183058
2026-02-06 13:55:00,207.6582,207.79,207.51,207.575,201537
2026-02-06 13:55:00-05:00,207.6582,207.79,207.51,207.575,201537
2026-02-06 14:00:00,207.55,207.63,206.91,207.3,277319
2026-02-06 14:00:00-05:00,207.55,207.63,206.91,207.3,277319
2026-02-06 14:05:00,207.3,207.4653,206.84,207.088,248636
2026-02-06 14:05:00-05:00,207.3,207.4653,206.84,207.088,248636
2026-02-06 14:10:00,207.095,207.1799,206.44,206.5101,302773
2026-02-06 14:10:00-05:00,207.095,207.1799,206.44,206.5101,302773
2026-02-06 14:15:00,206.55,206.75,206.27,206.27,266241
2026-02-06 14:15:00-05:00,206.55,206.75,206.27,206.27,266241
2026-02-06 14:20:00,206.26,207.15,206.25,206.73,280561
2026-02-06 14:20:00-05:00,206.26,207.15,206.25,206.73,280561
2026-02-06 14:25:00,206.74,207.12,206.682,206.92,263690
2026-02-06 14:25:00-05:00,206.74,207.12,206.682,206.92,263690
2026-02-06 14:30:00,206.96,207.08,206.66,206.76,270859
2026-02-06 14:30:00-05:00,206.96,207.08,206.66,206.76,270859
2026-02-06 14:35:00,206.7865,206.82,206.52,206.62,204523
2026-02-06 14:35:00-05:00,206.7865,206.82,206.52,206.62,204523
2026-02-06 14:40:00,206.59,206.6149,206.17,206.26,286152
2026-02-06 14:40:00-05:00,206.59,206.6149,206.17,206.26,286152
2026-02-06 14:45:00,206.29,206.9,206.2406,206.75,293025
2026-02-06 14:45:00-05:00,206.29,206.9,206.2406,206.75,293025
2026-02-06 14:50:00,206.77,207.08,206.76,206.8899,228335
2026-02-06 14:50:00-05:00,206.77,207.08,206.76,206.8899,228335
2026-02-06 14:55:00,206.85,207.1999,206.25,206.2851,302820
2026-02-06 14:55:00-05:00,206.85,207.1999,206.25,206.2851,302820
2026-02-06 15:00:00,206.31,206.75,206.02,206.608,334551
2026-02-06 15:00:00-05:00,206.31,206.75,206.02,206.608,334551
2026-02-06 15:05:00,206.61,207.14,206.5801,206.96,279495
2026-02-06 15:05:00-05:00,206.61,207.14,206.5801,206.96,279495
2026-02-06 15:10:00,206.96,207.04,206.73,206.97,326087
2026-02-06 15:10:00-05:00,206.96,207.04,206.73,206.97,326087
2026-02-06 15:15:00,206.965,207.3999,206.92,207.12,423921
2026-02-06 15:15:00-05:00,206.965,207.3999,206.92,207.12,423921
2026-02-06 15:20:00,207.14,207.79,207.14,207.635,679372
2026-02-06 15:20:00-05:00,207.14,207.79,207.14,207.635,679372
2026-02-06 15:25:00,207.635,207.97,207.37,207.885,664531
2026-02-06 15:25:00-05:00,207.635,207.97,207.37,207.885,664531
2026-02-06 15:30:00,207.88,208.13,207.62,207.71,497577
2026-02-06 15:30:00-05:00,207.88,208.13,207.62,207.71,497577
2026-02-06 15:35:00,207.71,208.13,207.71,208.07,415405
2026-02-06 15:35:00-05:00,207.71,208.13,207.71,208.07,415405
2026-02-06 15:40:00,208.05,208.6,207.9201,208.475,594946
2026-02-06 15:40:00-05:00,208.05,208.6,207.9201,208.475,594946
2026-02-06 15:45:00,208.49,208.61,208.25,208.58,448577
2026-02-06 15:45:00-05:00,208.49,208.61,208.25,208.58,448577
2026-02-06 15:50:00,208.55,209.2,208.34,208.875,1006794
2026-02-06 15:50:00-05:00,208.55,209.2,208.34,208.875,1006794
2026-02-06 15:55:00,208.83,209.27,208.25,208.25,1956998
2026-02-06 15:55:00-05:00,208.83,209.27,208.25,208.25,1956998
2026-02-09 09:30:00,206.895,208.26,204.15,207.71,2240877
2026-02-09 09:30:00-05:00,206.895,208.26,204.15,207.71,2240877
2026-02-09 09:35:00,207.69,210.78,206.56,210.71,1498289
2026-02-09 09:35:00-05:00,207.69,210.78,206.56,210.71,1498289
2026-02-09 09:40:00,210.71,211.1,209.2,210.2,988862
2026-02-09 09:40:00-05:00,210.71,211.1,209.2,210.2,988862
2026-02-09 09:45:00,210.12,212.56,209.8,211.98,1258360
2026-02-09 09:45:00-05:00,210.12,212.56,209.8,211.98,1258360
2026-02-09 09:50:00,212,212.9,211.0184,212.08,1142867
2026-02-09 09:50:00-05:00,212,212.9,211.0184,212.08,1142867
2026-02-09 09:55:00,212.16,213.9199,212.02,213.27,891915
2026-02-09 09:55:00-05:00,212.16,213.9199,212.02,213.27,891915
2026-02-09 10:00:00,213.27,214.76,213.2401,214.405,917713
2026-02-09 10:00:00-05:00,213.27,214.76,213.2401,214.405,917713
2026-02-09 10:05:00,214.39,215.26,214.17,214.52,718349
2026-02-09 10:05:00-05:00,214.39,215.26,214.17,214.52,718349
2026-02-09 10:10:00,214.54,214.85,213.3818,213.91,683035
2026-02-09 10:10:00-05:00,214.54,214.85,213.3818,213.91,683035
2026-02-09 10:15:00,213.9,214.2199,213.16,213.585,520864
2026-02-09 10:15:00-05:00,213.9,214.2199,213.16,213.585,520864
2026-02-09 10:20:00,213.55,213.7699,212.3001,212.64,685966
2026-02-09 10:20:00-05:00,213.55,213.7699,212.3001,212.64,685966
2026-02-09 10:25:00,212.645,212.9,212.1,212.26,454283
2026-02-09 10:25:00-05:00,212.645,212.9,212.1,212.26,454283
2026-02-09 10:30:00,212.29,213.76,212.2301,213.46,507621
2026-02-09 10:30:00-05:00,212.29,213.76,212.2301,213.46,507621
2026-02-09 10:35:00,213.4724,214.8,213.46,214.315,564766
2026-02-09 10:35:00-05:00,213.4724,214.8,213.46,214.315,564766
2026-02-09 10:40:00,214.3,214.85,214.1201,214.79,372812
2026-02-09 10:40:00-05:00,214.3,214.85,214.1201,214.79,372812
2026-02-09 10:45:00,214.79,214.95,214.32,214.92,304220
2026-02-09 10:45:00-05:00,214.79,214.95,214.32,214.92,304220
2026-02-09 10:50:00,214.9365,215.6,214.8403,215.1557,574289
2026-02-09 10:50:00-05:00,214.9365,215.6,214.8403,215.1557,574289
2026-02-09 10:55:00,215.145,215.88,215.0929,215.4,425428
2026-02-09 10:55:00-05:00,215.145,215.88,215.0929,215.4,425428
2026-02-09 11:00:00,215.38,216.08,215.21,215.27,510568
2026-02-09 11:00:00-05:00,215.38,216.08,215.21,215.27,510568
2026-02-09 11:05:00,215.27,215.2999,214.81,214.96,387695
2026-02-09 11:05:00-05:00,215.27,215.2999,214.81,214.96,387695
2026-02-09 11:10:00,214.96,215.605,214.8501,215.57,438273
2026-02-09 11:10:00-05:00,214.96,215.605,214.8501,215.57,438273
2026-02-09 11:15:00,215.55,215.73,215.22,215.285,273920
2026-02-09 11:15:00-05:00,215.55,215.73,215.22,215.285,273920
2026-02-09 11:20:00,215.285,215.69,215.1301,215.605,251159
2026-02-09 11:20:00-05:00,215.285,215.69,215.1301,215.605,251159
2026-02-09 11:25:00,215.59,215.87,215.35,215.4499,317731
2026-02-09 11:25:00-05:00,215.59,215.87,215.35,215.4499,317731
2026-02-09 11:30:00,215.31,216.48,215.23,216.42,513597
2026-02-09 11:30:00-05:00,215.31,216.48,215.23,216.42,513597
2026-02-09 11:35:00,216.4249,216.48,215.72,216.197,369414
2026-02-09 11:35:00-05:00,216.4249,216.48,215.72,216.197,369414
2026-02-09 11:40:00,216.205,216.5699,215.9,215.985,316089
2026-02-09 11:40:00-05:00,216.205,216.5699,215.9,215.985,316089
2026-02-09 11:45:00,215.985,216.39,215.95,216.165,238528
2026-02-09 11:45:00-05:00,215.985,216.39,215.95,216.165,238528
2026-02-09 11:50:00,216.16,216.77,215.92,215.92,289861
2026-02-09 11:50:00-05:00,216.16,216.77,215.92,215.92,289861
2026-02-09 11:55:00,215.9,216.3,215.88,215.93,298546
2026-02-09 11:55:00-05:00,215.9,216.3,215.88,215.93,298546
2026-02-09 12:00:00,215.9525,216.4985,215.75,216.1401,263968
2026-02-09 12:00:00-05:00,215.9525,216.4985,215.75,216.1401,263968
2026-02-09 12:05:00,216.1729,216.5899,216.07,216.41,306407
2026-02-09 12:05:00-05:00,216.1729,216.5899,216.07,216.41,306407
2026-02-09 12:10:00,216.42,216.42,215.81,215.85,313116
2026-02-09 12:10:00-05:00,216.42,216.42,215.81,215.85,313116
2026-02-09 12:15:00,215.855,216.56,215.81,216.06,330503
2026-02-09 12:15:00-05:00,215.855,216.56,215.81,216.06,330503
2026-02-09 12:20:00,216.08,216.78,215.89,216.65,344991
2026-02-09 12:20:00-05:00,216.08,216.78,215.89,216.65,344991
2026-02-09 12:25:00,216.68,216.71,215.8,215.98,399387
2026-02-09 12:25:00-05:00,216.68,216.71,215.8,215.98,399387
2026-02-09 12:30:00,216.05,216.37,215.72,215.812,241165
2026-02-09 12:30:00-05:00,216.05,216.37,215.72,215.812,241165
2026-02-09 12:35:00,215.7712,215.89,215.5406,215.635,226299
2026-02-09 12:35:00-05:00,215.7712,215.89,215.5406,215.635,226299
2026-02-09 12:40:00,215.625,215.86,215.53,215.63,193755
2026-02-09 12:40:00-05:00,215.625,215.86,215.53,215.63,193755
2026-02-09 12:45:00,215.6336,215.7589,215.32,215.54,240578
2026-02-09 12:45:00-05:00,215.6336,215.7589,215.32,215.54,240578
2026-02-09 12:50:00,215.54,215.7,215.4,215.43,165068
2026-02-09 12:50:00-05:00,215.54,215.7,215.4,215.43,165068
2026-02-09 12:55:00,215.4,215.6696,215.27,215.575,187263
2026-02-09 12:55:00-05:00,215.4,215.6696,215.27,215.575,187263
2026-02-09 13:00:00,215.625,216.2478,215.42,215.83,300589
2026-02-09 13:00:00-05:00,215.625,216.2478,215.42,215.83,300589
2026-02-09 13:05:00,215.83,216.285,215.6585,215.87,253712
2026-02-09 13:05:00-05:00,215.83,216.285,215.6585,215.87,253712
2026-02-09 13:10:00,215.83,215.8899,215.23,215.27,443646
2026-02-09 13:10:00-05:00,215.83,215.8899,215.23,215.27,443646
2026-02-09 13:15:00,215.27,215.3899,215.06,215.225,265561
2026-02-09 13:15:00-05:00,215.27,215.3899,215.06,215.225,265561
2026-02-09 13:20:00,215.2376,215.98,214.33,215.856,592094
2026-02-09 13:20:00-05:00,215.2376,215.98,214.33,215.856,592094
2026-02-09 13:25:00,215.8739,215.8739,214.75,215.18,266371
2026-02-09 13:25:00-05:00,215.8739,215.8739,214.75,215.18,266371
2026-02-09 13:30:00,215.215,215.82,215.0115,215.62,263782
2026-02-09 13:30:00-05:00,215.215,215.82,215.0115,215.62,263782
2026-02-09 13:35:00,215.62,216.16,215.55,216.15,185016
2026-02-09 13:35:00-05:00,215.62,216.16,215.55,216.15,185016
2026-02-09 13:40:00,216.1891,216.51,216.05,216.4401,248423
2026-02-09 13:40:00-05:00,216.1891,216.51,216.05,216.4401,248423
2026-02-09 13:45:00,216.468,216.56,216.131,216.4714,219476
2026-02-09 13:45:00-05:00,216.468,216.56,216.131,216.4714,219476
2026-02-09 13:50:00,216.516,216.9,216.08,216.7872,368074
2026-02-09 13:50:00-05:00,216.516,216.9,216.08,216.7872,368074
2026-02-09 13:55:00,216.7,216.805,216.4,216.62,313898
2026-02-09 13:55:00-05:00,216.7,216.805,216.4,216.62,313898
2026-02-09 14:00:00,216.62,216.88,216.46,216.8,187707
2026-02-09 14:00:00-05:00,216.62,216.88,216.46,216.8,187707
2026-02-09 14:05:00,216.815,217.03,216.58,216.669,337435
2026-02-09 14:05:00-05:00,216.815,217.03,216.58,216.669,337435
2026-02-09 14:10:00,216.63,217.27,216.53,216.96,457953
2026-02-09 14:10:00-05:00,216.63,217.27,216.53,216.96,457953
2026-02-09 14:15:00,216.98,217.24,216.81,216.94,188607
2026-02-09 14:15:00-05:00,216.98,217.24,216.81,216.94,188607
2026-02-09 14:20:00,216.925,217.24,216.77,217.155,229244
2026-02-09 14:20:00-05:00,216.925,217.24,216.77,217.155,229244
2026-02-09 14:25:00,217.15,217.41,217.08,217.295,237051
2026-02-09 14:25:00-05:00,217.15,217.41,217.08,217.295,237051
2026-02-09 14:30:00,217.295,217.46,217.19,217.42,227161
2026-02-09 14:30:00-05:00,217.295,217.46,217.19,217.42,227161
2026-02-09 14:35:00,217.395,217.54,217.31,217.42,291556
2026-02-09 14:35:00-05:00,217.395,217.54,217.31,217.42,291556
2026-02-09 14:40:00,217.42,217.6,217.31,217.45,209606
2026-02-09 14:40:00-05:00,217.42,217.6,217.31,217.45,209606
2026-02-09 14:45:00,217.5,217.58,217.31,217.4,193873
2026-02-09 14:45:00-05:00,217.5,217.58,217.31,217.4,193873
2026-02-09 14:50:00,217.35,217.41,217.13,217.225,193980
2026-02-09 14:50:00-05:00,217.35,217.41,217.13,217.225,193980
2026-02-09 14:55:00,217.22,217.24,216.75,216.86,281060
2026-02-09 14:55:00-05:00,217.22,217.24,216.75,216.86,281060
2026-02-09 15:00:00,216.86,216.86,216.29,216.48,400478
2026-02-09 15:00:00-05:00,216.86,216.86,216.29,216.48,400478
2026-02-09 15:05:00,216.4501,216.6147,215.95,215.96,295618
2026-02-09 15:05:00-05:00,216.4501,216.6147,215.95,215.96,295618
2026-02-09 15:10:00,215.96,216.1,215.8,215.937,330768
2026-02-09 15:10:00-05:00,215.96,216.1,215.8,215.937,330768
2026-02-09 15:15:00,215.92,216.175,215.79,216.17,308308
2026-02-09 15:15:00-05:00,215.92,216.175,215.79,216.17,308308
2026-02-09 15:20:00,216.135,216.79,216.11,216.24,444412
2026-02-09 15:20:00-05:00,216.135,216.79,216.11,216.24,444412
2026-02-09 15:25:00,216.2457,216.47,216.01,216.265,273592
2026-02-09 15:25:00-05:00,216.2457,216.47,216.01,216.265,273592
2026-02-09 15:30:00,216.24,216.3,215.7712,215.91,383291
2026-02-09 15:30:00-05:00,216.24,216.3,215.7712,215.91,383291
2026-02-09 15:35:00,215.9003,216.12,215.67,216.045,339706
2026-02-09 15:35:00-05:00,215.9003,216.12,215.67,216.045,339706
2026-02-09 15:40:00,216.03,216.165,215.582,215.805,385212
2026-02-09 15:40:00-05:00,216.03,216.165,215.582,215.805,385212
2026-02-09 15:45:00,215.8,216.28,215.76,216.26,443221
2026-02-09 15:45:00-05:00,215.8,216.28,215.76,216.26,443221
2026-02-09 15:50:00,216.23,216.48,215.86,216.13,538818
2026-02-09 15:50:00-05:00,216.23,216.48,215.86,216.13,538818
2026-02-09 15:55:00,216.11,216.4,215.8,215.8,1303650
2026-02-09 15:55:00-05:00,216.11,216.4,215.8,215.8,1303650
2026-02-10 09:30:00,215.14,219.18,215.1,217.16,1682575
2026-02-10 09:30:00-05:00,215.14,219.18,215.1,217.16,1682575
2026-02-10 09:35:00,217.0761,219.39,216.42,216.57,897572
2026-02-10 09:35:00-05:00,217.0761,219.39,216.42,216.57,897572
2026-02-10 09:40:00,216.48,216.94,215.41,216.81,649219
2026-02-10 09:40:00-05:00,216.48,216.94,215.41,216.81,649219
2026-02-10 09:45:00,216.72,217.0499,214.26,214.72,783394
2026-02-10 09:45:00-05:00,216.72,217.0499,214.26,214.72,783394
2026-02-10 09:50:00,214.71,217,214.66,216.4,628434
2026-02-10 09:50:00-05:00,214.71,217,214.66,216.4,628434
2026-02-10 09:55:00,216.45,217.08,215.64,215.68,411112
2026-02-10 09:55:00-05:00,216.45,217.08,215.64,215.68,411112
2026-02-10 10:00:00,215.67,216.1,215.03,215.675,444657
2026-02-10 10:00:00-05:00,215.67,216.1,215.03,215.675,444657
2026-02-10 10:05:00,215.7,216.98,215.51,216.14,404701
2026-02-10 10:05:00-05:00,215.7,216.98,215.51,216.14,404701
2026-02-10 10:10:00,216.16,216.65,214.9,215.39,374302
2026-02-10 10:10:00-05:00,216.16,216.65,214.9,215.39,374302
2026-02-10 10:15:00,215.395,216.19,215.02,215.9901,284478
2026-02-10 10:15:00-05:00,215.395,216.19,215.02,215.9901,284478
2026-02-10 10:20:00,216.1,216.58,215.5,215.6899,321871
2026-02-10 10:20:00-05:00,216.1,216.58,215.5,215.6899,321871
2026-02-10 10:25:00,215.56,216.4,215.42,215.58,292488
2026-02-10 10:25:00-05:00,215.56,216.4,215.42,215.58,292488
2026-02-10 10:30:00,215.63,216.1325,215.3301,215.515,311251
2026-02-10 10:30:00-05:00,215.63,216.1325,215.3301,215.515,311251
2026-02-10 10:35:00,215.515,215.75,215.2,215.2372,251115
2026-02-10 10:35:00-05:00,215.515,215.75,215.2,215.2372,251115
2026-02-10 10:40:00,215.2,216.0656,215.02,215.795,377054
2026-02-10 10:40:00-05:00,215.2,216.0656,215.02,215.795,377054
2026-02-10 10:45:00,215.8625,217.18,215.65,215.84,542755
2026-02-10 10:45:00-05:00,215.8625,217.18,215.65,215.84,542755
2026-02-10 10:50:00,215.86,216.15,215.5,215.98,234831
2026-02-10 10:50:00-05:00,215.86,216.15,215.5,215.98,234831
2026-02-10 10:55:00,216,216.8799,215.8701,216.7,354009
2026-02-10 10:55:00-05:00,216,216.8799,215.8701,216.7,354009
2026-02-10 11:00:00,216.735,217.2899,216.5615,217.15,347015
2026-02-10 11:00:00-05:00,216.735,217.2899,216.5615,217.15,347015
2026-02-10 11:05:00,217.15,217.2,216.57,216.67,345251
2026-02-10 11:05:00-05:00,217.15,217.2,216.57,216.67,345251
2026-02-10 11:10:00,216.69,217.7799,216.6,217.634,417394
2026-02-10 11:10:00-05:00,216.69,217.7799,216.6,217.634,417394
2026-02-10 11:15:00,217.665,217.7,216.685,217.1,400591
2026-02-10 11:15:00-05:00,217.665,217.7,216.685,217.1,400591
2026-02-10 11:20:00,217.1,217.365,216.09,216.51,259005
2026-02-10 11:20:00-05:00,217.1,217.365,216.09,216.51,259005
2026-02-10 11:25:00,216.57,216.85,216.21,216.82,281457
2026-02-10 11:25:00-05:00,216.57,216.85,216.21,216.82,281457
2026-02-10 11:30:00,216.8,217.2,216.25,217.005,245273
2026-02-10 11:30:00-05:00,216.8,217.2,216.25,217.005,245273
2026-02-10 11:35:00,217,217.25,216.35,216.62,217523
2026-02-10 11:35:00-05:00,217,217.25,216.35,216.62,217523
2026-02-10 11:40:00,216.67,216.8,216.01,216.56,243671
2026-02-10 11:40:00-05:00,216.67,216.8,216.01,216.56,243671
2026-02-10 11:45:00,216.61,217.05,216.0301,216.71,230101
2026-02-10 11:45:00-05:00,216.61,217.05,216.0301,216.71,230101
2026-02-10 11:50:00,216.6779,216.74,216.24,216.66,198218
2026-02-10 11:50:00-05:00,216.6779,216.74,216.24,216.66,198218
2026-02-10 11:55:00,216.58,216.87,216.06,216.215,171465
2026-02-10 11:55:00-05:00,216.58,216.87,216.06,216.215,171465
2026-02-10 12:00:00,216.2131,216.3799,215.8118,216.08,185893
2026-02-10 12:00:00-05:00,216.2131,216.3799,215.8118,216.08,185893
2026-02-10 12:05:00,216.09,216.1,215.7,215.725,151271
2026-02-10 12:05:00-05:00,216.09,216.1,215.7,215.725,151271
2026-02-10 12:10:00,215.735,215.91,215.56,215.885,139601
2026-02-10 12:10:00-05:00,215.735,215.91,215.56,215.885,139601
2026-02-10 12:15:00,215.885,216.33,215.7,216.26,202877
2026-02-10 12:15:00-05:00,215.885,216.33,215.7,216.26,202877
2026-02-10 12:20:00,216.245,216.265,215.28,215.31,192723
2026-02-10 12:20:00-05:00,216.245,216.265,215.28,215.31,192723
2026-02-10 12:25:00,215.3013,215.54,215.15,215.41,160375
2026-02-10 12:25:00-05:00,215.3013,215.54,215.15,215.41,160375
2026-02-10 12:30:00,215.42,215.54,215.25,215.485,131758
2026-02-10 12:30:00-05:00,215.42,215.54,215.25,215.485,131758
2026-02-10 12:35:00,215.5,215.54,215.26,215.33,111213
2026-02-10 12:35:00-05:00,215.5,215.54,215.26,215.33,111213
2026-02-10 12:40:00,215.33,215.705,215.16,215.4634,117419
2026-02-10 12:40:00-05:00,215.33,215.705,215.16,215.4634,117419
2026-02-10 12:45:00,215.445,215.73,215.4101,215.584,150901
2026-02-10 12:45:00-05:00,215.445,215.73,215.4101,215.584,150901
2026-02-10 12:50:00,215.5703,216.18,215.4701,216.12,185106
2026-02-10 12:50:00-05:00,215.5703,216.18,215.4701,216.12,185106
2026-02-10 12:55:00,216.125,216.125,215.8002,215.97,105326
2026-02-10 12:55:00-05:00,216.125,216.125,215.8002,215.97,105326
2026-02-10 13:00:00,215.9949,216.08,215.51,215.75,151483
2026-02-10 13:00:00-05:00,215.9949,216.08,215.51,215.75,151483
2026-02-10 13:05:00,215.78,216.07,215.64,215.99,137558
2026-02-10 13:05:00-05:00,215.78,216.07,215.64,215.99,137558
2026-02-10 13:10:00,215.99,216.13,215.76,215.85,117145
2026-02-10 13:10:00-05:00,215.99,216.13,215.76,215.85,117145
2026-02-10 13:15:00,215.82,215.88,215.3015,215.645,154452
2026-02-10 13:15:00-05:00,215.82,215.88,215.3015,215.645,154452
2026-02-10 13:20:00,215.62,215.76,215.25,215.38,145973
2026-02-10 13:20:00-05:00,215.62,215.76,215.25,215.38,145973
2026-02-10 13:25:00,215.4,215.54,214.615,214.86,373737
2026-02-10 13:25:00-05:00,215.4,215.54,214.615,214.86,373737
2026-02-10 13:30:00,214.83,215.14,214.14,214.26,288284
2026-02-10 13:30:00-05:00,214.83,215.14,214.14,214.26,288284
2026-02-10 13:35:00,214.15,215.2,214.13,215.0501,301951
2026-02-10 13:35:00-05:00,214.15,215.2,214.13,215.0501,301951
2026-02-10 13:40:00,215.11,215.29,214.995,215.1,111727
2026-02-10 13:40:00-05:00,215.11,215.29,214.995,215.1,111727
2026-02-10 13:45:00,215.14,215.1505,214.7101,215.1,142585
2026-02-10 13:45:00-05:00,215.14,215.1505,214.7101,215.1,142585
2026-02-10 13:50:00,215.13,215.33,214.9316,214.975,104920
2026-02-10 13:50:00-05:00,215.13,215.33,214.9316,214.975,104920
2026-02-10 13:55:00,214.975,215.565,214.97,215.425,123787
2026-02-10 13:55:00-05:00,214.975,215.565,214.97,215.425,123787
2026-02-10 14:00:00,215.3901,215.58,215.18,215.38,87627
2026-02-10 14:00:00-05:00,215.3901,215.58,215.18,215.38,87627
2026-02-10 14:05:00,215.38,215.4164,215.11,215.2,102725
2026-02-10 14:05:00-05:00,215.38,215.4164,215.11,215.2,102725
2026-02-10 14:10:00,215.1836,215.29,214.97,215.2517,97123
2026-02-10 14:10:00-05:00,215.1836,215.29,214.97,215.2517,97123
2026-02-10 14:15:00,215.2,215.24,214.92,215,114268
2026-02-10 14:15:00-05:00,215.2,215.24,214.92,215,114268
2026-02-10 14:20:00,215,215.329,214.9692,215.13,115656
2026-02-10 14:20:00-05:00,215,215.329,214.9692,215.13,115656
2026-02-10 14:25:00,215.13,215.35,215.06,215.295,97753
2026-02-10 14:25:00-05:00,215.13,215.35,215.06,215.295,97753
2026-02-10 14:30:00,215.295,215.63,215.2,215.2523,126420
2026-02-10 14:30:00-05:00,215.295,215.63,215.2,215.2523,126420
2026-02-10 14:35:00,215.24,215.54,215.07,215.26,205607
2026-02-10 14:35:00-05:00,215.24,215.54,215.07,215.26,205607
2026-02-10 14:40:00,215.24,215.4,214.9009,215.005,104798
2026-02-10 14:40:00-05:00,215.24,215.4,214.9009,215.005,104798
2026-02-10 14:45:00,215.005,215.13,214.835,214.98,129321
2026-02-10 14:45:00-05:00,215.005,215.13,214.835,214.98,129321
2026-02-10 14:50:00,214.9901,215.04,214.75,214.905,104575
2026-02-10 14:50:00-05:00,214.9901,215.04,214.75,214.905,104575
2026-02-10 14:55:00,214.94,215.4,214.79,215.15,133293
2026-02-10 14:55:00-05:00,214.94,215.4,214.79,215.15,133293
2026-02-10 15:00:00,215.135,215.135,214.15,214.63,238220
2026-02-10 15:00:00-05:00,215.135,215.135,214.15,214.63,238220
2026-02-10 15:05:00,214.63,214.79,214.16,214.32,177652
2026-02-10 15:05:00-05:00,214.63,214.79,214.16,214.32,177652
2026-02-10 15:10:00,214.295,214.4,213.78,214.21,309495
2026-02-10 15:10:00-05:00,214.295,214.4,213.78,214.21,309495
2026-02-10 15:15:00,214.21,214.3999,213.71,214.3016,272906
2026-02-10 15:15:00-05:00,214.21,214.3999,213.71,214.3016,272906
2026-02-10 15:20:00,214.33,214.53,213.9301,213.9301,187487
2026-02-10 15:20:00-05:00,214.33,214.53,213.9301,213.9301,187487
2026-02-10 15:25:00,213.915,213.925,213.57,213.67,202455
2026-02-10 15:25:00-05:00,213.915,213.925,213.57,213.67,202455
2026-02-10 15:30:00,213.63,214.1,213.51,213.94,329927
2026-02-10 15:30:00-05:00,213.63,214.1,213.51,213.94,329927
2026-02-10 15:35:00,213.94,214.08,213.48,213.8,198689
2026-02-10 15:35:00-05:00,213.94,214.08,213.48,213.8,198689
2026-02-10 15:40:00,213.77,213.9823,213.66,213.72,151026
2026-02-10 15:40:00-05:00,213.77,213.9823,213.66,213.72,151026
2026-02-10 15:45:00,213.76,213.99,213.59,213.855,184189
2026-02-10 15:45:00-05:00,213.76,213.99,213.59,213.855,184189
2026-02-10 15:50:00,213.77,214,213.13,213.4057,429692
2026-02-10 15:50:00-05:00,213.77,214,213.13,213.4057,429692
2026-02-10 15:55:00,213.33,213.8,213.25,213.6,893599
2026-02-10 15:55:00-05:00,213.33,213.8,213.25,213.6,893599
2026-02-11 09:30:00,217.88,218.3,215.3,215.48,1239332
2026-02-11 09:30:00-05:00,217.88,218.3,215.3,215.48,1239332
2026-02-11 09:35:00,215.35,216.25,214.55,214.98,677021
2026-02-11 09:35:00-05:00,215.35,216.25,214.55,214.98,677021
2026-02-11 09:40:00,214.85,217.79,214.41,217.615,730414
2026-02-11 09:40:00-05:00,214.85,217.79,214.41,217.615,730414
2026-02-11 09:45:00,217.59,219.65,217.48,218.1464,1423237
2026-02-11 09:45:00-05:00,217.59,219.65,217.48,218.1464,1423237
2026-02-11 09:50:00,218.23,218.6082,216.51,217.09,687577
2026-02-11 09:50:00-05:00,218.23,218.6082,216.51,217.09,687577
2026-02-11 09:55:00,217,217.3099,215.36,215.66,501650
2026-02-11 09:55:00-05:00,217,217.3099,215.36,215.66,501650
2026-02-11 10:00:00,215.67,215.94,214.7101,215.2475,511804
2026-02-11 10:00:00-05:00,215.67,215.94,214.7101,215.2475,511804
2026-02-11 10:05:00,215.205,215.23,213.81,213.81,436792
2026-02-11 10:05:00-05:00,215.205,215.23,213.81,213.81,436792
2026-02-11 10:10:00,213.81,213.9798,211.43,212.61,803924
2026-02-11 10:10:00-05:00,213.81,213.9798,211.43,212.61,803924
2026-02-11 10:15:00,212.595,212.7,210.8,210.95,662627
2026-02-11 10:15:00-05:00,212.595,212.7,210.8,210.95,662627
2026-02-11 10:20:00,210.95,211.29,209.55,209.63,798464
2026-02-11 10:20:00-05:00,210.95,211.29,209.55,209.63,798464
2026-02-11 10:25:00,209.58,210.63,209.21,209.7275,719671
2026-02-11 10:25:00-05:00,209.58,210.63,209.21,209.7275,719671
2026-02-11 10:30:00,209.81,210.7499,209.61,210.04,543814
2026-02-11 10:30:00-05:00,209.81,210.7499,209.61,210.04,543814
2026-02-11 10:35:00,210.09,211.1,209.8,211.005,526317
2026-02-11 10:35:00-05:00,210.09,211.1,209.8,211.005,526317
2026-02-11 10:40:00,211.04,212.24,211,212.12,579499
2026-02-11 10:40:00-05:00,211.04,212.24,211,212.12,579499
2026-02-11 10:45:00,212.12,212.49,211.8,212.13,431914
2026-02-11 10:45:00-05:00,212.12,212.49,211.8,212.13,431914
2026-02-11 10:50:00,212.145,214.64,212.02,214.59,643124
2026-02-11 10:50:00-05:00,212.145,214.64,212.02,214.59,643124
2026-02-11 10:55:00,214.59,214.81,214.0786,214.337,565108
2026-02-11 10:55:00-05:00,214.59,214.81,214.0786,214.337,565108
2026-02-11 11:00:00,214.34,214.77,213.115,213.115,557147
2026-02-11 11:00:00-05:00,214.34,214.77,213.115,213.115,557147
2026-02-11 11:05:00,213.125,213.3,212.5454,212.69,317214
2026-02-11 11:05:00-05:00,213.125,213.3,212.5454,212.69,317214
2026-02-11 11:10:00,212.74,214.38,212.68,214.38,400379
2026-02-11 11:10:00-05:00,212.74,214.38,212.68,214.38,400379
2026-02-11 11:15:00,214.31,214.3787,213.3701,213.8984,297776
2026-02-11 11:15:00-05:00,214.31,214.3787,213.3701,213.8984,297776
2026-02-11 11:20:00,213.9899,214.43,213.6729,214.27,255060
2026-02-11 11:20:00-05:00,213.9899,214.43,213.6729,214.27,255060
2026-02-11 11:25:00,214.27,214.32,212.53,212.53,255617
2026-02-11 11:25:00-05:00,214.27,214.32,212.53,212.53,255617
2026-02-11 11:30:00,212.55,212.98,212.2,212.44,321669
2026-02-11 11:30:00-05:00,212.55,212.98,212.2,212.44,321669
2026-02-11 11:35:00,212.45,212.79,212.2,212.75,185827
2026-02-11 11:35:00-05:00,212.45,212.79,212.2,212.75,185827
2026-02-11 11:40:00,212.74,213.33,211.87,212.4938,434999
2026-02-11 11:40:00-05:00,212.74,213.33,211.87,212.4938,434999
2026-02-11 11:45:00,212.4776,212.85,211.56,211.69,280441
2026-02-11 11:45:00-05:00,212.4776,212.85,211.56,211.69,280441
2026-02-11 11:50:00,211.7299,211.91,211.5,211.61,205807
2026-02-11 11:50:00-05:00,211.7299,211.91,211.5,211.61,205807
2026-02-11 11:55:00,211.55,211.67,211.11,211.34,200670
2026-02-11 11:55:00-05:00,211.55,211.67,211.11,211.34,200670
2026-02-11 12:00:00,211.3,211.34,210.26,210.34,369812
2026-02-11 12:00:00-05:00,211.3,211.34,210.26,210.34,369812
2026-02-11 12:05:00,210.35,210.7371,210.12,210.33,469490
2026-02-11 12:05:00-05:00,210.35,210.7371,210.12,210.33,469490
2026-02-11 12:10:00,210.33,210.7699,209.76,210.38,539663
2026-02-11 12:10:00-05:00,210.33,210.7699,209.76,210.38,539663
2026-02-11 12:15:00,210.48,211.02,210.3,210.366,307207
2026-02-11 12:15:00-05:00,210.48,211.02,210.3,210.366,307207
2026-02-11 12:20:00,210.44,211.2,210.0201,211.11,255897
2026-02-11 12:20:00-05:00,210.44,211.2,210.0201,211.11,255897
2026-02-11 12:25:00,211.16,211.7576,211.09,211.36,259002
2026-02-11 12:25:00-05:00,211.16,211.7576,211.09,211.36,259002
2026-02-11 12:30:00,211.33,211.86,211.24,211.655,214833
2026-02-11 12:30:00-05:00,211.33,211.86,211.24,211.655,214833
2026-02-11 12:35:00,211.65,211.7,211.21,211.455,148879
2026-02-11 12:35:00-05:00,211.65,211.7,211.21,211.455,148879
2026-02-11 12:40:00,211.46,212.26,211.4441,212.0903,231798
2026-02-11 12:40:00-05:00,211.46,212.26,211.4441,212.0903,231798
2026-02-11 12:45:00,212.02,212.4499,211.75,212.22,208831
2026-02-11 12:45:00-05:00,212.02,212.4499,211.75,212.22,208831
2026-02-11 12:50:00,212.1992,212.5,211.94,212.14,122586
2026-02-11 12:50:00-05:00,212.1992,212.5,211.94,212.14,122586
2026-02-11 12:55:00,212.15,212.15,211.11,211.295,196795
2026-02-11 12:55:00-05:00,212.15,212.15,211.11,211.295,196795
2026-02-11 13:00:00,211.315,211.4699,211.07,211.24,146953
2026-02-11 13:00:00-05:00,211.315,211.4699,211.07,211.24,146953
2026-02-11 13:05:00,211.2899,211.2899,210.77,210.81,160862
2026-02-11 13:05:00-05:00,211.2899,211.2899,210.77,210.81,160862
2026-02-11 13:10:00,210.78,210.84,210.1569,210.41,274889
2026-02-11 13:10:00-05:00,210.78,210.84,210.1569,210.41,274889
2026-02-11 13:15:00,210.3801,211.222,210.2,210.89,267116
2026-02-11 13:15:00-05:00,210.3801,211.222,210.2,210.89,267116
2026-02-11 13:20:00,210.865,210.97,210.58,210.89,131030
2026-02-11 13:20:00-05:00,210.865,210.97,210.58,210.89,131030
2026-02-11 13:25:00,210.9399,211.37,210.5395,211.038,239567
2026-02-11 13:25:00-05:00,210.9399,211.37,210.5395,211.038,239567
2026-02-11 13:30:00,211.05,211.1923,210.56,210.67,179380
2026-02-11 13:30:00-05:00,211.05,211.1923,210.56,210.67,179380
2026-02-11 13:35:00,210.69,211.34,210.58,211.05,193821
2026-02-11 13:35:00-05:00,210.69,211.34,210.58,211.05,193821
2026-02-11 13:40:00,211.05,211.05,210.66,210.825,132202
2026-02-11 13:40:00-05:00,211.05,211.05,210.66,210.825,132202
2026-02-11 13:45:00,210.86,211.58,210.83,211.525,206653
2026-02-11 13:45:00-05:00,210.86,211.58,210.83,211.525,206653
2026-02-11 13:50:00,211.525,211.64,210.738,211.325,240726
2026-02-11 13:50:00-05:00,211.525,211.64,210.738,211.325,240726
2026-02-11 13:55:00,211.29,211.51,211.05,211.155,151431
2026-02-11 13:55:00-05:00,211.29,211.51,211.05,211.155,151431
2026-02-11 14:00:00,211.12,211.44,211,211.41,159164
2026-02-11 14:00:00-05:00,211.12,211.44,211,211.41,159164
2026-02-11 14:05:00,211.45,211.57,210.91,211.145,209670
2026-02-11 14:05:00-05:00,211.45,211.57,210.91,211.145,209670
2026-02-11 14:10:00,211.145,212.09,211.1,211.86,211150
2026-02-11 14:10:00-05:00,211.145,212.09,211.1,211.86,211150
2026-02-11 14:15:00,211.8725,212.38,211.8725,212.34,215291
2026-02-11 14:15:00-05:00,211.8725,212.38,211.8725,212.34,215291
2026-02-11 14:20:00,212.33,213.59,212.3,213.53,421704
2026-02-11 14:20:00-05:00,212.33,213.59,212.3,213.53,421704
2026-02-11 14:25:00,213.56,213.88,213.44,213.5686,404241
2026-02-11 14:25:00-05:00,213.56,213.88,213.44,213.5686,404241
2026-02-11 14:30:00,213.6,214.04,213.13,213.95,315796
2026-02-11 14:30:00-05:00,213.6,214.04,213.13,213.95,315796
2026-02-11 14:35:00,213.955,214.24,213.43,213.44,301860
2026-02-11 14:35:00-05:00,213.955,214.24,213.43,213.44,301860
2026-02-11 14:40:00,213.43,213.7769,213.3411,213.77,160911
2026-02-11 14:40:00-05:00,213.43,213.7769,213.3411,213.77,160911
2026-02-11 14:45:00,213.7996,213.89,213.07,213.63,216335
2026-02-11 14:45:00-05:00,213.7996,213.89,213.07,213.63,216335
2026-02-11 14:50:00,213.63,213.75,213.2701,213.51,160580
2026-02-11 14:50:00-05:00,213.63,213.75,213.2701,213.51,160580
2026-02-11 14:55:00,213.47,213.49,212.81,212.895,261296
2026-02-11 14:55:00-05:00,213.47,213.49,212.81,212.895,261296
2026-02-11 15:00:00,212.82,213.08,212.66,212.97,186640
2026-02-11 15:00:00-05:00,212.82,213.08,212.66,212.97,186640
2026-02-11 15:05:00,212.96,213.12,212.61,212.78,191755
2026-02-11 15:05:00-05:00,212.96,213.12,212.61,212.78,191755
2026-02-11 15:10:00,212.775,213.0599,212.66,213.025,220162
2026-02-11 15:10:00-05:00,212.775,213.0599,212.66,213.025,220162
2026-02-11 15:15:00,212.9978,213.36,212.9978,213.16,253115
2026-02-11 15:15:00-05:00,212.9978,213.36,212.9978,213.16,253115
2026-02-11 15:20:00,213.152,213.2099,212.73,212.94,222337
2026-02-11 15:20:00-05:00,213.152,213.2099,212.73,212.94,222337
2026-02-11 15:25:00,212.955,213,212.53,212.55,251568
2026-02-11 15:25:00-05:00,212.955,213,212.53,212.55,251568
2026-02-11 15:30:00,212.55,213.1331,212.48,212.9718,207582
2026-02-11 15:30:00-05:00,212.55,213.1331,212.48,212.9718,207582
2026-02-11 15:35:00,212.96,213.4599,212.91,213.31,245786
2026-02-11 15:35:00-05:00,212.96,213.4599,212.91,213.31,245786
2026-02-11 15:40:00,213.29,213.73,213.2,213.45,390430
2026-02-11 15:40:00-05:00,213.29,213.73,213.2,213.45,390430
2026-02-11 15:45:00,213.48,213.5,213.2201,213.27,249669
2026-02-11 15:45:00-05:00,213.48,213.5,213.2201,213.27,249669
2026-02-11 15:50:00,213.32,213.72,213.2392,213.5,468231
2026-02-11 15:50:00-05:00,213.32,213.72,213.2392,213.5,468231
2026-02-11 15:55:00,213.48,214.2,213.47,213.5,1333732
2026-02-11 15:55:00-05:00,213.48,214.2,213.47,213.5,1333732
2026-02-12 09:30:00,215.83,218.3,214.545,217.66,1517826
2026-02-12 09:30:00-05:00,215.83,218.3,214.545,217.66,1517826
2026-02-12 09:35:00,217.64,218.4564,215.44,215.94,771718
2026-02-12 09:35:00-05:00,217.64,218.4564,215.44,215.94,771718
2026-02-12 09:40:00,215.88,217.25,213.88,214.0524,765938
2026-02-12 09:40:00-05:00,215.88,217.25,213.88,214.0524,765938
2026-02-12 09:45:00,214,214.42,212.08,212.72,907238
2026-02-12 09:45:00-05:00,214,214.42,212.08,212.72,907238
2026-02-12 09:50:00,212.79,214.06,212.4801,213.47,600175
2026-02-12 09:50:00-05:00,212.79,214.06,212.4801,213.47,600175
2026-02-12 09:55:00,213.475,213.9,211.69,212.34,681002
2026-02-12 09:55:00-05:00,213.475,213.9,211.69,212.34,681002
2026-02-12 10:00:00,212.35,214.06,211.641,212.91,574086
2026-02-12 10:00:00-05:00,212.35,214.06,211.641,212.91,574086
2026-02-12 10:05:00,213.01,214.57,212.4201,213.5707,411316
2026-02-12 10:05:00-05:00,213.01,214.57,212.4201,213.5707,411316
2026-02-12 10:10:00,213.54,214.4654,213.0288,214.37,362825
2026-02-12 10:10:00-05:00,213.54,214.4654,213.0288,214.37,362825
2026-02-12 10:15:00,214.365,214.44,213.2,213.2834,274635
2026-02-12 10:15:00-05:00,214.365,214.44,213.2,213.2834,274635
2026-02-12 10:20:00,213.28,214.4045,213.05,214.1114,235945
2026-02-12 10:20:00-05:00,213.28,214.4045,213.05,214.1114,235945
2026-02-12 10:25:00,214.17,214.33,213.6372,214.01,214523
2026-02-12 10:25:00-05:00,214.17,214.33,213.6372,214.01,214523
2026-02-12 10:30:00,214.0265,214.15,212.93,212.96,248606
2026-02-12 10:30:00-05:00,214.0265,214.15,212.93,212.96,248606
2026-02-12 10:35:00,212.999,213.4876,212.22,212.525,277402
2026-02-12 10:35:00-05:00,212.999,213.4876,212.22,212.525,277402
2026-02-12 10:40:00,212.59,212.64,211.34,211.3899,374074
2026-02-12 10:40:00-05:00,212.59,212.64,211.34,211.3899,374074
2026-02-12 10:45:00,211.31,211.9599,211,211.5602,422394
2026-02-12 10:45:00-05:00,211.31,211.9599,211,211.5602,422394
2026-02-12 10:50:00,211.545,211.85,210.81,210.845,340635
2026-02-12 10:50:00-05:00,211.545,211.85,210.81,210.845,340635
2026-02-12 10:55:00,210.9019,210.92,210.1,210.16,493812
2026-02-12 10:55:00-05:00,210.9019,210.92,210.1,210.16,493812
2026-02-12 11:00:00,210.15,210.85,210.1,210.515,312392
2026-02-12 11:00:00-05:00,210.15,210.85,210.1,210.515,312392
2026-02-12 11:05:00,210.46,210.6,209.7,209.7738,439469
2026-02-12 11:05:00-05:00,210.46,210.6,209.7,209.7738,439469
2026-02-12 11:10:00,209.85,209.99,208.6335,208.735,584336
2026-02-12 11:10:00-05:00,209.85,209.99,208.6335,208.735,584336
2026-02-12 11:15:00,208.69,209.03,207.97,208.06,590855
2026-02-12 11:15:00-05:00,208.69,209.03,207.97,208.06,590855
2026-02-12 11:20:00,208.0934,208.34,207.51,207.9099,497351
2026-02-12 11:20:00-05:00,208.0934,208.34,207.51,207.9099,497351
2026-02-12 11:25:00,207.855,207.88,206.1514,206.24,603184
2026-02-12 11:25:00-05:00,207.855,207.88,206.1514,206.24,603184
2026-02-12 11:30:00,206.2286,206.8921,205.8373,206.5,437847
2026-02-12 11:30:00-05:00,206.2286,206.8921,205.8373,206.5,437847
2026-02-12 11:35:00,206.55,207.8287,206.4,207.63,492800
2026-02-12 11:35:00-05:00,206.55,207.8287,206.4,207.63,492800
2026-02-12 11:40:00,207.7,208.7175,207.5,208.0608,500230
2026-02-12 11:40:00-05:00,207.7,208.7175,207.5,208.0608,500230
2026-02-12 11:45:00,207.96,208.45,207.45,208.0301,318822
2026-02-12 11:45:00-05:00,207.96,208.45,207.45,208.0301,318822
2026-02-12 11:50:00,208.115,208.29,207.3,207.555,237350
2026-02-12 11:50:00-05:00,208.115,208.29,207.3,207.555,237350
2026-02-12 11:55:00,207.63,208,207.4201,207.895,198278
2026-02-12 11:55:00-05:00,207.63,208,207.4201,207.895,198278
2026-02-12 12:00:00,207.77,208.13,206.91,207.71,294141
2026-02-12 12:00:00-05:00,207.77,208.13,206.91,207.71,294141
2026-02-12 12:05:00,207.69,208.23,207.1501,208.13,195939
2026-02-12 12:05:00-05:00,207.69,208.23,207.1501,208.13,195939
2026-02-12 12:10:00,208.135,208.14,207.04,207.265,181445
2026-02-12 12:10:00-05:00,208.135,208.14,207.04,207.265,181445
2026-02-12 12:15:00,207.275,207.64,206.8,206.81,159278
2026-02-12 12:15:00-05:00,207.275,207.64,206.8,206.81,159278
2026-02-12 12:20:00,206.8799,208.2,206.8792,208.15,225260
2026-02-12 12:20:00-05:00,206.8799,208.2,206.8792,208.15,225260
2026-02-12 12:25:00,208.1,208.9537,207.4,207.52,244730
2026-02-12 12:25:00-05:00,208.1,208.9537,207.4,207.52,244730
2026-02-12 12:30:00,207.55,208.3199,207.44,208.23,164096
2026-02-12 12:30:00-05:00,207.55,208.3199,207.44,208.23,164096
2026-02-12 12:35:00,208.21,209.28,208.161,208.62,214467
2026-02-12 12:35:00-05:00,208.21,209.28,208.161,208.62,214467
2026-02-12 12:40:00,208.6705,208.85,208.13,208.405,181919
2026-02-12 12:40:00-05:00,208.6705,208.85,208.13,208.405,181919
2026-02-12 12:45:00,208.46,208.75,208.1,208.555,135239
2026-02-12 12:45:00-05:00,208.46,208.75,208.1,208.555,135239
2026-02-12 12:50:00,208.5,209.04,207.57,207.57,159520
2026-02-12 12:50:00-05:00,208.5,209.04,207.57,207.57,159520
2026-02-12 12:55:00,207.6199,207.9633,207.25,207.49,205057
2026-02-12 12:55:00-05:00,207.6199,207.9633,207.25,207.49,205057
2026-02-12 13:00:00,207.5,207.68,206.89,207.25,232222
2026-02-12 13:00:00-05:00,207.5,207.68,206.89,207.25,232222
2026-02-12 13:05:00,207.2177,208.3,207.0661,207.75,174792
2026-02-12 13:05:00-05:00,207.2177,208.3,207.0661,207.75,174792
2026-02-12 13:10:00,207.755,208.01,207.51,207.575,161145
2026-02-12 13:10:00-05:00,207.755,208.01,207.51,207.575,161145
2026-02-12 13:15:00,207.5999,207.5999,206.71,206.845,212352
2026-02-12 13:15:00-05:00,207.5999,207.5999,206.71,206.845,212352
2026-02-12 13:20:00,206.89,207.9167,206.8301,207.775,180463
2026-02-12 13:20:00-05:00,206.89,207.9167,206.8301,207.775,180463
2026-02-12 13:25:00,207.82,208.13,206.9338,207.6,175332
2026-02-12 13:25:00-05:00,207.82,208.13,206.9338,207.6,175332
2026-02-12 13:30:00,207.68,208.1,207.44,207.87,119610
2026-02-12 13:30:00-05:00,207.68,208.1,207.44,207.87,119610
2026-02-12 13:35:00,207.805,208.55,207.6001,208.31,180466
2026-02-12 13:35:00-05:00,207.805,208.55,207.6001,208.31,180466
2026-02-12 13:40:00,208.2,208.4,208.01,208.35,134945
2026-02-12 13:40:00-05:00,208.2,208.4,208.01,208.35,134945
2026-02-12 13:45:00,208.35,208.35,207.61,207.645,163862
2026-02-12 13:45:00-05:00,208.35,208.35,207.61,207.645,163862
2026-02-12 13:50:00,207.6,208.2053,207.4601,207.825,168830
2026-02-12 13:50:00-05:00,207.6,208.2053,207.4601,207.825,168830
2026-02-12 13:55:00,207.86,208.0899,207.08,207.235,260362
2026-02-12 13:55:00-05:00,207.86,208.0899,207.08,207.235,260362
2026-02-12 14:00:00,207.28,207.9099,207.28,207.54,180087
2026-02-12 14:00:00-05:00,207.28,207.9099,207.28,207.54,180087
2026-02-12 14:05:00,207.555,207.96,207.275,207.3499,124774
2026-02-12 14:05:00-05:00,207.555,207.96,207.275,207.3499,124774
2026-02-12 14:10:00,207.31,207.35,206.45,206.745,273535
2026-02-12 14:10:00-05:00,207.31,207.35,206.45,206.745,273535
2026-02-12 14:15:00,206.745,207.71,206.745,207.49,170520
2026-02-12 14:15:00-05:00,206.745,207.71,206.745,207.49,170520
2026-02-12 14:20:00,207.618,207.88,207.43,207.5501,211463
2026-02-12 14:20:00-05:00,207.618,207.88,207.43,207.5501,211463
2026-02-12 14:25:00,207.56,207.65,206.565,206.66,210973
2026-02-12 14:25:00-05:00,207.56,207.65,206.565,206.66,210973
2026-02-12 14:30:00,206.76,207.45,206.72,206.915,171782
2026-02-12 14:30:00-05:00,206.76,207.45,206.72,206.915,171782
2026-02-12 14:35:00,206.905,207.56,206.77,207.56,147864
2026-02-12 14:35:00-05:00,206.905,207.56,206.77,207.56,147864
2026-02-12 14:40:00,207.54,207.86,207.2146,207.54,164030
2026-02-12 14:40:00-05:00,207.54,207.86,207.2146,207.54,164030
2026-02-12 14:45:00,207.55,207.8652,207.3409,207.6,138560
2026-02-12 14:45:00-05:00,207.55,207.8652,207.3409,207.6,138560
2026-02-12 14:50:00,207.61,207.75,207.06,207.155,154360
2026-02-12 14:50:00-05:00,207.61,207.75,207.06,207.155,154360
2026-02-12 14:55:00,207.2,207.32,206.2,206.465,256659
2026-02-12 14:55:00-05:00,207.2,207.32,206.2,206.465,256659
2026-02-12 15:00:00,206.52,206.72,205.99,206.21,267858
2026-02-12 15:00:00-05:00,206.52,206.72,205.99,206.21,267858
2026-02-12 15:05:00,206.23,206.59,205.81,205.885,230131
2026-02-12 15:05:00-05:00,206.23,206.59,205.81,205.885,230131
2026-02-12 15:10:00,205.9,206.01,205.51,205.88,246956
2026-02-12 15:10:00-05:00,205.9,206.01,205.51,205.88,246956
2026-02-12 15:15:00,205.845,205.95,205.6202,205.6637,215456
2026-02-12 15:15:00-05:00,205.845,205.95,205.6202,205.6637,215456
2026-02-12 15:20:00,205.646,205.785,205.42,205.615,220819
2026-02-12 15:20:00-05:00,205.646,205.785,205.42,205.615,220819
2026-02-12 15:25:00,205.62,206.02,205.35,205.56,266491
2026-02-12 15:25:00-05:00,205.62,206.02,205.35,205.56,266491
2026-02-12 15:30:00,205.57,205.9999,205.14,205.93,311530
2026-02-12 15:30:00-05:00,205.57,205.9999,205.14,205.93,311530
2026-02-12 15:35:00,205.95,206.7899,205.84,206.74,310850
2026-02-12 15:35:00-05:00,205.95,206.7899,205.84,206.74,310850
2026-02-12 15:40:00,206.72,207.2199,206.65,206.66,370451
2026-02-12 15:40:00-05:00,206.72,207.2199,206.65,206.66,370451
2026-02-12 15:45:00,206.68,206.82,206.4111,206.7,329110
2026-02-12 15:45:00-05:00,206.68,206.82,206.4111,206.7,329110
2026-02-12 15:50:00,206.62,206.79,205.63,206.51,557642
2026-02-12 15:50:00-05:00,206.62,206.79,205.63,206.51,557642
2026-02-12 15:55:00,206.43,206.589,205.74,205.9,1252016
2026-02-12 15:55:00-05:00,206.43,206.589,205.74,205.9,1252016
2026-02-13 09:30:00,204.02,210,203.8801,208.05,1813654
2026-02-13 09:30:00-05:00,204.02,210,203.8801,208.05,1813654
2026-02-13 09:35:00,208.001,210.05,207.2,207.39,901858
2026-02-13 09:35:00-05:00,208.001,210.05,207.2,207.39,901858
2026-02-13 09:40:00,207.4025,208.1,205.5101,207.4401,840816
2026-02-13 09:40:00-05:00,207.4025,208.1,205.5101,207.4401,840816
2026-02-13 09:45:00,207.59,209.43,207.53,208.33,736121
2026-02-13 09:45:00-05:00,207.59,209.43,207.53,208.33,736121
2026-02-13 09:50:00,208.2,208.4099,206.087,207.2,607090
2026-02-13 09:50:00-05:00,208.2,208.4099,206.087,207.2,607090
2026-02-13 09:55:00,207.09,208.49,206.14,206.48,560130
2026-02-13 09:55:00-05:00,207.09,208.49,206.14,206.48,560130
2026-02-13 10:00:00,206.569,208.38,206.34,207.44,433569
2026-02-13 10:00:00-05:00,206.569,208.38,206.34,207.44,433569
2026-02-13 10:05:00,207.49,208.27,206.34,207.85,333308
2026-02-13 10:05:00-05:00,207.49,208.27,206.34,207.85,333308
2026-02-13 10:10:00,207.87,208.08,205.86,206.09,361582
2026-02-13 10:10:00-05:00,207.87,208.08,205.86,206.09,361582
2026-02-13 10:15:00,206.1916,207.28,205.7001,206.95,362752
2026-02-13 10:15:00-05:00,206.1916,207.28,205.7001,206.95,362752
2026-02-13 10:20:00,206.955,208.1,206.65,207.55,294780
2026-02-13 10:20:00-05:00,206.955,208.1,206.65,207.55,294780
2026-02-13 10:25:00,207.62,208.53,207.01,207.89,487956
2026-02-13 10:25:00-05:00,207.62,208.53,207.01,207.89,487956
2026-02-13 10:30:00,207.88,209.23,207.8,208.7799,412792
2026-02-13 10:30:00-05:00,207.88,209.23,207.8,208.7799,412792
2026-02-13 10:35:00,208.73,208.97,206.93,206.94,343389
2026-02-13 10:35:00-05:00,208.73,208.97,206.93,206.94,343389
2026-02-13 10:40:00,206.95,207.09,205.3001,205.45,761488
2026-02-13 10:40:00-05:00,206.95,207.09,205.3001,205.45,761488
2026-02-13 10:45:00,205.47,205.75,204.0401,204.135,483746
2026-02-13 10:45:00-05:00,205.47,205.75,204.0401,204.135,483746
2026-02-13 10:50:00,204.195,205.9,204.04,205.87,397205
2026-02-13 10:50:00-05:00,204.195,205.9,204.04,205.87,397205
2026-02-13 10:55:00,205.87,206.19,204.94,205.78,343429
2026-02-13 10:55:00-05:00,205.87,206.19,204.94,205.78,343429
2026-02-13 11:00:00,205.73,206.89,205.67,206.7699,334423
2026-02-13 11:00:00-05:00,205.73,206.89,205.67,206.7699,334423
2026-02-13 11:05:00,206.7485,207.44,206.69,207.1401,309796
2026-02-13 11:05:00-05:00,206.7485,207.44,206.69,207.1401,309796
2026-02-13 11:10:00,207.215,207.26,205.33,206.035,302177
2026-02-13 11:10:00-05:00,207.215,207.26,205.33,206.035,302177
2026-02-13 11:15:00,205.9967,206.5,205.72,206.135,256736
2026-02-13 11:15:00-05:00,205.9967,206.5,205.72,206.135,256736
2026-02-13 11:20:00,206.1621,206.39,205.58,206.18,237187
2026-02-13 11:20:00-05:00,206.1621,206.39,205.58,206.18,237187
2026-02-13 11:25:00,206.18,207.3299,206.11,207.065,220030
2026-02-13 11:25:00-05:00,206.18,207.3299,206.11,207.065,220030
2026-02-13 11:30:00,207.07,207.19,206.335,206.84,163119
2026-02-13 11:30:00-05:00,207.07,207.19,206.335,206.84,163119
2026-02-13 11:35:00,206.82,207.805,206.59,207.78,251992
2026-02-13 11:35:00-05:00,206.82,207.805,206.59,207.78,251992
2026-02-13 11:40:00,207.8,207.83,206.95,207.39,182505
2026-02-13 11:40:00-05:00,207.8,207.83,206.95,207.39,182505
2026-02-13 11:45:00,207.42,207.725,206.8901,206.91,178137
2026-02-13 11:45:00-05:00,207.42,207.725,206.8901,206.91,178137
2026-02-13 11:50:00,206.89,207.53,206.66,207.41,202921
2026-02-13 11:50:00-05:00,206.89,207.53,206.66,207.41,202921
2026-02-13 11:55:00,207.4,208.08,207.2301,207.4,213106
2026-02-13 11:55:00-05:00,207.4,208.08,207.2301,207.4,213106
2026-02-13 12:00:00,207.36,207.54,207.1,207.3723,123060
2026-02-13 12:00:00-05:00,207.36,207.54,207.1,207.3723,123060
2026-02-13 12:05:00,207.335,207.75,207.335,207.49,120831
2026-02-13 12:05:00-05:00,207.335,207.75,207.335,207.49,120831
2026-02-13 12:10:00,207.52,208.1132,207.48,208.1132,145753
2026-02-13 12:10:00-05:00,207.52,208.1132,207.48,208.1132,145753
2026-02-13 12:15:00,208.11,208.12,207.52,207.635,137764
2026-02-13 12:15:00-05:00,208.11,208.12,207.52,207.635,137764
2026-02-13 12:20:00,207.62,208.52,207.59,208.308,153882
2026-02-13 12:20:00-05:00,207.62,208.52,207.59,208.308,153882
2026-02-13 12:25:00,208.3,208.5,207.89,208.29,135749
2026-02-13 12:25:00-05:00,208.3,208.5,207.89,208.29,135749
2026-02-13 12:30:00,208.26,208.79,208.13,208.7299,157054
2026-02-13 12:30:00-05:00,208.26,208.79,208.13,208.7299,157054
2026-02-13 12:35:00,208.7126,208.86,208.5601,208.72,169937
2026-02-13 12:35:00-05:00,208.7126,208.86,208.5601,208.72,169937
2026-02-13 12:40:00,208.735,209.2,208.5668,208.72,238837
2026-02-13 12:40:00-05:00,208.735,209.2,208.5668,208.72,238837
2026-02-13 12:45:00,208.69,208.919,208.43,208.845,125111
2026-02-13 12:45:00-05:00,208.69,208.919,208.43,208.845,125111
2026-02-13 12:50:00,208.845,208.94,208.4901,208.74,116770
2026-02-13 12:50:00-05:00,208.845,208.94,208.4901,208.74,116770
2026-02-13 12:55:00,208.705,208.95,208.39,208.669,171311
2026-02-13 12:55:00-05:00,208.705,208.95,208.39,208.669,171311
2026-02-13 13:00:00,208.75,208.9499,207.97,208.15,179329
2026-02-13 13:00:00-05:00,208.75,208.9499,207.97,208.15,179329
2026-02-13 13:05:00,208.15,208.75,208.01,208.63,141313
2026-02-13 13:05:00-05:00,208.15,208.75,208.01,208.63,141313
2026-02-13 13:10:00,208.6,209.1899,208.6,208.8101,156613
2026-02-13 13:10:00-05:00,208.6,209.1899,208.6,208.8101,156613
2026-02-13 13:15:00,208.855,209,208.36,208.68,107706
2026-02-13 13:15:00-05:00,208.855,209,208.36,208.68,107706
2026-02-13 13:20:00,208.645,209.39,208.5801,208.97,167923
2026-02-13 13:20:00-05:00,208.645,209.39,208.5801,208.97,167923
2026-02-13 13:25:00,208.96,209.4,208.35,208.4989,338754
2026-02-13 13:25:00-05:00,208.96,209.4,208.35,208.4989,338754
2026-02-13 13:30:00,208.59,209.3215,208.47,209.225,130440
2026-02-13 13:30:00-05:00,208.59,209.3215,208.47,209.225,130440
2026-02-13 13:35:00,209.18,209.49,208.725,209.025,121302
2026-02-13 13:35:00-05:00,209.18,209.49,208.725,209.025,121302
2026-02-13 13:40:00,209.04,209.11,208.4701,208.565,91185
2026-02-13 13:40:00-05:00,209.04,209.11,208.4701,208.565,91185
2026-02-13 13:45:00,208.545,209.2,208.49,208.81,142167
2026-02-13 13:45:00-05:00,208.545,209.2,208.49,208.81,142167
2026-02-13 13:50:00,208.77,208.78,208.11,208.5025,143972
2026-02-13 13:50:00-05:00,208.77,208.78,208.11,208.5025,143972
2026-02-13 13:55:00,208.47,208.59,208.31,208.51,96744
2026-02-13 13:55:00-05:00,208.47,208.59,208.31,208.51,96744
2026-02-13 14:00:00,208.4238,208.5899,207.89,207.926,124993
2026-02-13 14:00:00-05:00,208.4238,208.5899,207.89,207.926,124993
2026-02-13 14:05:00,207.9999,208.41,207.945,208.35,95499
2026-02-13 14:05:00-05:00,207.9999,208.41,207.945,208.35,95499
2026-02-13 14:10:00,208.355,208.4799,207.69,208.085,103024
2026-02-13 14:10:00-05:00,208.355,208.4799,207.69,208.085,103024
2026-02-13 14:15:00,208.085,208.17,207.6801,208.11,93791
2026-02-13 14:15:00-05:00,208.085,208.17,207.6801,208.11,93791
2026-02-13 14:20:00,208.11,208.38,207.94,208.3,81725
2026-02-13 14:20:00-05:00,208.11,208.38,207.94,208.3,81725
2026-02-13 14:25:00,208.29,208.38,207.24,207.4001,129912
2026-02-13 14:25:00-05:00,208.29,208.38,207.24,207.4001,129912
2026-02-13 14:30:00,207.56,208.1383,207.45,207.97,106733
2026-02-13 14:30:00-05:00,207.56,208.1383,207.45,207.97,106733
2026-02-13 14:35:00,208,208.15,207.43,207.5872,78647
2026-02-13 14:35:00-05:00,208,208.15,207.43,207.5872,78647
2026-02-13 14:40:00,207.5751,207.73,207.06,207.251,130552
2026-02-13 14:40:00-05:00,207.5751,207.73,207.06,207.251,130552
2026-02-13 14:45:00,207.31,207.8,207.23,207.49,122644
2026-02-13 14:45:00-05:00,207.31,207.8,207.23,207.49,122644
2026-02-13 14:50:00,207.51,207.58,207.18,207.47,113029
2026-02-13 14:50:00-05:00,207.51,207.58,207.18,207.47,113029
2026-02-13 14:55:00,207.455,207.6,206.66,206.88,148652
2026-02-13 14:55:00-05:00,207.455,207.6,206.66,206.88,148652
2026-02-13 15:00:00,206.88,207.58,206.88,207.51,136264
2026-02-13 15:00:00-05:00,206.88,207.58,206.88,207.51,136264
2026-02-13 15:05:00,207.525,207.88,207.325,207.79,127277
2026-02-13 15:05:00-05:00,207.525,207.88,207.325,207.79,127277
2026-02-13 15:10:00,207.8,207.82,207.04,207.09,109228
2026-02-13 15:10:00-05:00,207.8,207.82,207.04,207.09,109228
2026-02-13 15:15:00,207.02,207.8,207,207.75,199595
2026-02-13 15:15:00-05:00,207.02,207.8,207,207.75,199595
2026-02-13 15:20:00,207.715,207.7381,207.22,207.22,181128
2026-02-13 15:20:00-05:00,207.715,207.7381,207.22,207.22,181128
2026-02-13 15:25:00,207.21,207.39,206.53,207.055,262972
2026-02-13 15:25:00-05:00,207.21,207.39,206.53,207.055,262972
2026-02-13 15:30:00,207.03,207.3,206.68,206.77,147087
2026-02-13 15:30:00-05:00,207.03,207.3,206.68,206.77,147087
2026-02-13 15:35:00,206.83,207.18,206.68,207,146755
2026-02-13 15:35:00-05:00,206.83,207.18,206.68,207,146755
2026-02-13 15:40:00,206.97,207.29,206.68,206.98,184486
2026-02-13 15:40:00-05:00,206.97,207.29,206.68,206.98,184486
2026-02-13 15:45:00,206.97,207.75,206.81,207.54,236066
2026-02-13 15:45:00-05:00,206.97,207.75,206.81,207.54,236066
2026-02-13 15:50:00,207.53,207.57,206.8167,207.0299,359120
2026-02-13 15:50:00-05:00,207.53,207.57,206.8167,207.0299,359120
2026-02-13 15:55:00,207,207.42,206.61,207.36,902654
2026-02-13 15:55:00-05:00,207,207.42,206.61,207.36,902654
2026-02-17 09:30:00,202.145,205,200.7401,204.43,1601949
2026-02-17 09:30:00-05:00,202.145,205,200.7401,204.43,1601949
2026-02-17 09:35:00,204.45,205.3,204,204.9143,625472
2026-02-17 09:35:00-05:00,204.45,205.3,204,204.9143,625472
2026-02-17 09:40:00,204.87,205.0799,201.51,201.815,614646
2026-02-17 09:40:00-05:00,204.87,205.0799,201.51,201.815,614646
2026-02-17 09:45:00,201.89,201.92,200.1,200.515,816087
2026-02-17 09:45:00-05:00,201.89,201.92,200.1,200.515,816087
2026-02-17 09:50:00,200.53,200.99,197.75,197.81,1175551
2026-02-17 09:50:00-05:00,200.53,200.99,197.75,197.81,1175551
2026-02-17 09:55:00,197.78,198.11,196.14,196.27,1159785
2026-02-17 09:55:00-05:00,197.78,198.11,196.14,196.27,1159785
2026-02-17 10:00:00,196.27,197.34,196.08,196.67,1054828
2026-02-17 10:00:00-05:00,196.27,197.34,196.08,196.67,1054828
2026-02-17 10:05:00,196.65,197.03,194.83,196.6467,1553897
2026-02-17 10:05:00-05:00,196.65,197.03,194.83,196.6467,1553897
2026-02-17 10:10:00,196.625,197.83,196.6,197.36,758409
2026-02-17 10:10:00-05:00,196.625,197.83,196.6,197.36,758409
2026-02-17 10:15:00,197.36,198.89,197.2,198.805,671167
2026-02-17 10:15:00-05:00,197.36,198.89,197.2,198.805,671167
2026-02-17 10:20:00,198.85,199.0597,197.41,197.8,629686
2026-02-17 10:20:00-05:00,198.85,199.0597,197.41,197.8,629686
2026-02-17 10:25:00,197.8,197.94,196.65,196.8301,490051
2026-02-17 10:25:00-05:00,197.8,197.94,196.65,196.8301,490051
2026-02-17 10:30:00,196.89,197.12,195.94,196.21,522790
2026-02-17 10:30:00-05:00,196.89,197.12,195.94,196.21,522790
2026-02-17 10:35:00,196.22,196.85,196.02,196.28,332166
2026-02-17 10:35:00-05:00,196.22,196.85,196.02,196.28,332166
2026-02-17 10:40:00,196.3375,197.29,196.2646,197.25,325230
2026-02-17 10:40:00-05:00,196.3375,197.29,196.2646,197.25,325230
2026-02-17 10:45:00,197.23,198.4,197.11,198.06,502998
2026-02-17 10:45:00-05:00,197.23,198.4,197.11,198.06,502998
2026-02-17 10:50:00,198.07,198.82,197.51,198.78,373911
2026-02-17 10:50:00-05:00,198.07,198.82,197.51,198.78,373911
2026-02-17 10:55:00,198.72,200.08,198.67,200.03,519582
2026-02-17 10:55:00-05:00,198.72,200.08,198.67,200.03,519582
2026-02-17 11:00:00,200.05,201.35,199.97,201.215,533714
2026-02-17 11:00:00-05:00,200.05,201.35,199.97,201.215,533714
2026-02-17 11:05:00,201.19,202.15,201.1001,202.14,499623
2026-02-17 11:05:00-05:00,201.19,202.15,201.1001,202.14,499623
2026-02-17 11:10:00,202.12,202.85,201.9,202.73,446548
2026-02-17 11:10:00-05:00,202.12,202.85,201.9,202.73,446548
2026-02-17 11:15:00,202.705,202.7399,201.93,202.42,387914
2026-02-17 11:15:00-05:00,202.705,202.7399,201.93,202.42,387914
2026-02-17 11:20:00,202.36,202.68,201.88,202.5086,316333
2026-02-17 11:20:00-05:00,202.36,202.68,201.88,202.5086,316333
2026-02-17 11:25:00,202.475,202.69,201.72,201.9995,324086
2026-02-17 11:25:00-05:00,202.475,202.69,201.72,201.9995,324086
2026-02-17 11:30:00,202.0033,202.49,201.66,202.32,417110
2026-02-17 11:30:00-05:00,202.0033,202.49,201.66,202.32,417110
2026-02-17 11:35:00,202.3695,203.38,202.21,202.98,438042
2026-02-17 11:35:00-05:00,202.3695,203.38,202.21,202.98,438042
2026-02-17 11:40:00,202.97,203.28,202.415,202.975,228627
2026-02-17 11:40:00-05:00,202.97,203.28,202.415,202.975,228627
2026-02-17 11:45:00,203,203.48,202.84,203.18,209286
2026-02-17 11:45:00-05:00,203,203.48,202.84,203.18,209286
2026-02-17 11:50:00,203.145,203.43,202.79,203.21,187384
2026-02-17 11:50:00-05:00,203.145,203.43,202.79,203.21,187384
2026-02-17 11:55:00,203.23,203.55,202.45,203.1,274039
2026-02-17 11:55:00-05:00,203.23,203.55,202.45,203.1,274039
2026-02-17 12:00:00,203.045,203.19,202.36,202.84,213836
2026-02-17 12:00:00-05:00,203.045,203.19,202.36,202.84,213836
2026-02-17 12:05:00,202.82,203.0791,202.48,202.62,163684
2026-02-17 12:05:00-05:00,202.82,203.0791,202.48,202.62,163684
2026-02-17 12:10:00,202.62,202.87,201.8,202.02,344527
2026-02-17 12:10:00-05:00,202.62,202.87,201.8,202.02,344527
2026-02-17 12:15:00,202.0899,202.45,202,202.08,191438
2026-02-17 12:15:00-05:00,202.0899,202.45,202,202.08,191438
2026-02-17 12:20:00,202.16,202.21,201.55,201.97,254817
2026-02-17 12:20:00-05:00,202.16,202.21,201.55,201.97,254817
2026-02-17 12:25:00,201.9751,202.8,201.91,202.8,186915
2026-02-17 12:25:00-05:00,201.9751,202.8,201.91,202.8,186915
2026-02-17 12:30:00,202.79,202.84,201.69,202.2701,134295
2026-02-17 12:30:00-05:00,202.79,202.84,201.69,202.2701,134295
2026-02-17 12:35:00,202.305,202.57,202.05,202.39,129655
2026-02-17 12:35:00-05:00,202.305,202.57,202.05,202.39,129655
2026-02-17 12:40:00,202.4,202.4,201.53,201.56,191791
2026-02-17 12:40:00-05:00,202.4,202.4,201.53,201.56,191791
2026-02-17 12:45:00,201.58,202.2,201.25,201.88,244392
2026-02-17 12:45:00-05:00,201.58,202.2,201.25,201.88,244392
2026-02-17 12:50:00,201.88,202.37,201.44,201.655,186207
2026-02-17 12:50:00-05:00,201.88,202.37,201.44,201.655,186207
2026-02-17 12:55:00,201.64,202.59,201.44,202.57,198506
2026-02-17 12:55:00-05:00,201.64,202.59,201.44,202.57,198506
2026-02-17 13:00:00,202.52,202.63,201.96,202.26,124164
2026-02-17 13:00:00-05:00,202.52,202.63,201.96,202.26,124164
2026-02-17 13:05:00,202.25,202.31,201.8,202.1397,121547
2026-02-17 13:05:00-05:00,202.25,202.31,201.8,202.1397,121547
2026-02-17 13:10:00,202.14,202.59,201.8296,202.16,134460
2026-02-17 13:10:00-05:00,202.14,202.59,201.8296,202.16,134460
2026-02-17 13:15:00,202.16,202.4,201.8661,202.11,105685
2026-02-17 13:15:00-05:00,202.16,202.4,201.8661,202.11,105685
2026-02-17 13:20:00,202.15,203.75,202.01,203.5,293535
2026-02-17 13:20:00-05:00,202.15,203.75,202.01,203.5,293535
2026-02-17 13:25:00,203.5407,203.58,203.03,203.4273,162684
2026-02-17 13:25:00-05:00,203.5407,203.58,203.03,203.4273,162684
2026-02-17 13:30:00,203.4,203.84,203.11,203.7,534057
2026-02-17 13:30:00-05:00,203.4,203.84,203.11,203.7,534057
2026-02-17 13:35:00,203.7,203.93,203.181,203.9299,180832
2026-02-17 13:35:00-05:00,203.7,203.93,203.181,203.9299,180832
2026-02-17 13:40:00,203.9,204.34,203.85,203.99,228504
2026-02-17 13:40:00-05:00,203.9,204.34,203.85,203.99,228504
2026-02-17 13:45:00,204.02,204.28,203.6,203.76,157724
2026-02-17 13:45:00-05:00,204.02,204.28,203.6,203.76,157724
2026-02-17 13:50:00,203.765,203.94,203.39,203.9,174251
2026-02-17 13:50:00-05:00,203.765,203.94,203.39,203.9,174251
2026-02-17 13:55:00,203.95,204.23,203.72,203.94,169788
2026-02-17 13:55:00-05:00,203.95,204.23,203.72,203.94,169788
2026-02-17 14:00:00,203.96,204.2677,203.82,204.13,130543
2026-02-17 14:00:00-05:00,203.96,204.2677,203.82,204.13,130543
2026-02-17 14:05:00,204.125,204.255,203.92,204.1,112578
2026-02-17 14:05:00-05:00,204.125,204.255,203.92,204.1,112578
2026-02-17 14:10:00,204.1,204.19,203.62,204.0899,125514
2026-02-17 14:10:00-05:00,204.1,204.19,203.62,204.0899,125514
2026-02-17 14:15:00,204.06,204.2,203.8,203.99,151574
2026-02-17 14:15:00-05:00,204.06,204.2,203.8,203.99,151574
2026-02-17 14:20:00,203.97,204.31,203.86,204.18,123034
2026-02-17 14:20:00-05:00,203.97,204.31,203.86,204.18,123034
2026-02-17 14:25:00,204.24,204.24,203.59,203.7888,121757
2026-02-17 14:25:00-05:00,204.24,204.24,203.59,203.7888,121757
2026-02-17 14:30:00,203.815,204.46,203.6424,204.46,183913
2026-02-17 14:30:00-05:00,203.815,204.46,203.6424,204.46,183913
2026-02-17 14:35:00,204.47,204.8383,204.27,204.6,229786
2026-02-17 14:35:00-05:00,204.47,204.8383,204.27,204.6,229786
2026-02-17 14:40:00,204.6,204.97,204.56,204.6338,245644
2026-02-17 14:40:00-05:00,204.6,204.97,204.56,204.6338,245644
2026-02-17 14:45:00,204.61,204.68,204.3,204.44,134244
2026-02-17 14:45:00-05:00,204.61,204.68,204.3,204.44,134244
2026-02-17 14:50:00,204.475,204.5,203.8701,204.23,183440
2026-02-17 14:50:00-05:00,204.475,204.5,203.8701,204.23,183440
2026-02-17 14:55:00,204.2,204.26,203.6001,203.75,145883
2026-02-17 14:55:00-05:00,204.2,204.26,203.6001,203.75,145883
2026-02-17 15:00:00,203.77,204.27,203.69,203.96,139795
2026-02-17 15:00:00-05:00,203.77,204.27,203.69,203.96,139795
2026-02-17 15:05:00,203.99,204.03,203.53,203.63,129346
2026-02-17 15:05:00-05:00,203.99,204.03,203.53,203.63,129346
2026-02-17 15:10:00,203.61,203.7464,203.457,203.68,151946
2026-02-17 15:10:00-05:00,203.61,203.7464,203.457,203.68,151946
2026-02-17 15:15:00,203.64,203.69,203.08,203.08,177914
2026-02-17 15:15:00-05:00,203.64,203.69,203.08,203.08,177914
2026-02-17 15:20:00,203.11,203.39,202.77,202.96,214224
2026-02-17 15:20:00-05:00,203.11,203.39,202.77,202.96,214224
2026-02-17 15:25:00,202.96,203.1125,202.5,202.54,232310
2026-02-17 15:25:00-05:00,202.96,203.1125,202.5,202.54,232310
2026-02-17 15:30:00,202.51,202.76,202.26,202.525,282742
2026-02-17 15:30:00-05:00,202.51,202.76,202.26,202.525,282742
2026-02-17 15:35:00,202.53,202.66,202,202.105,275580
2026-02-17 15:35:00-05:00,202.53,202.66,202,202.105,275580
2026-02-17 15:40:00,202.1199,202.93,202.05,202.81,280978
2026-02-17 15:40:00-05:00,202.1199,202.93,202.05,202.81,280978
2026-02-17 15:45:00,202.825,202.9,202.47,202.87,271830
2026-02-17 15:45:00-05:00,202.825,202.9,202.47,202.87,271830
2026-02-17 15:50:00,202.89,203.41,202.75,203.265,430490
2026-02-17 15:50:00-05:00,202.89,203.41,202.75,203.265,430490
2026-02-17 15:55:00,203.25,203.25,202.68,203.045,1062425
2026-02-17 15:55:00-05:00,203.25,203.25,202.68,203.045,1062425
2026-02-18 09:30:00,198.405,199.79,196.99,197,1669314
2026-02-18 09:30:00-05:00,198.405,199.79,196.99,197,1669314
2026-02-18 09:35:00,197.01,197.25,195.1,196.065,1570542
2026-02-18 09:35:00-05:00,197.01,197.25,195.1,196.065,1570542
2026-02-18 09:40:00,196.065,197.1197,195.0001,196.8,1382893
2026-02-18 09:40:00-05:00,196.065,197.1197,195.0001,196.8,1382893
2026-02-18 09:45:00,196.79,197.96,196.2601,197.03,892816
2026-02-18 09:45:00-05:00,196.79,197.96,196.2601,197.03,892816
2026-02-18 09:50:00,197.02,199.0489,196.93,198.75,988822
2026-02-18 09:50:00-05:00,197.02,199.0489,196.93,198.75,988822
2026-02-18 09:55:00,198.82,199.24,198.06,198.1913,856116
2026-02-18 09:55:00-05:00,198.82,199.24,198.06,198.1913,856116
2026-02-18 10:00:00,198.13,198.9,197.6,198.751,873091
2026-02-18 10:00:00-05:00,198.13,198.9,197.6,198.751,873091
2026-02-18 10:05:00,198.775,199.75,198.51,199.29,923844
2026-02-18 10:05:00-05:00,198.775,199.75,198.51,199.29,923844
2026-02-18 10:10:00,199.25,200.2199,198.91,200.17,608198
2026-02-18 10:10:00-05:00,199.25,200.2199,198.91,200.17,608198
2026-02-18 10:15:00,200.1983,201.33,199.9,200.12,975281
2026-02-18 10:15:00-05:00,200.1983,201.33,199.9,200.12,975281
2026-02-18 10:20:00,200.1,200.66,200.06,200.25,494344
2026-02-18 10:20:00-05:00,200.1,200.66,200.06,200.25,494344
2026-02-18 10:25:00,200.325,200.65,199.82,200.2,438914
2026-02-18 10:25:00-05:00,200.325,200.65,199.82,200.2,438914
2026-02-18 10:30:00,200.215,200.3,199.26,199.375,541130
2026-02-18 10:30:00-05:00,200.215,200.3,199.26,199.375,541130
2026-02-18 10:35:00,199.375,200.31,199.11,200.24,505606
2026-02-18 10:35:00-05:00,199.375,200.31,199.11,200.24,505606
2026-02-18 10:40:00,200.2001,200.99,200.2001,200.92,497985
2026-02-18 10:40:00-05:00,200.2001,200.99,200.2001,200.92,497985
2026-02-18 10:45:00,200.91,202.22,200.74,202.1,763763
2026-02-18 10:45:00-05:00,200.91,202.22,200.74,202.1,763763
2026-02-18 10:50:00,202.1,202.29,201.41,201.575,663801
2026-02-18 10:50:00-05:00,202.1,202.29,201.41,201.575,663801
2026-02-18 10:55:00,201.57,201.95,201.4121,201.67,316845
2026-02-18 10:55:00-05:00,201.57,201.95,201.4121,201.67,316845
2026-02-18 11:00:00,201.75,201.8,201.31,201.7999,305645
2026-02-18 11:00:00-05:00,201.75,201.8,201.31,201.7999,305645
2026-02-18 11:05:00,201.76,202.08,201.3,201.5734,286894
2026-02-18 11:05:00-05:00,201.76,202.08,201.3,201.5734,286894
2026-02-18 11:10:00,201.57,201.9,201.51,201.6286,216588
2026-02-18 11:10:00-05:00,201.57,201.9,201.51,201.6286,216588
2026-02-18 11:15:00,201.6,202.16,201.47,202.05,344693
2026-02-18 11:15:00-05:00,201.6,202.16,201.47,202.05,344693
2026-02-18 11:20:00,202.065,202.42,201.91,202.39,298200
2026-02-18 11:20:00-05:00,202.065,202.42,201.91,202.39,298200
2026-02-18 11:25:00,202.37,202.44,202.05,202.28,233703
2026-02-18 11:25:00-05:00,202.37,202.44,202.05,202.28,233703
2026-02-18 11:30:00,202.28,202.8199,202.01,202.3097,421613
2026-02-18 11:30:00-05:00,202.28,202.8199,202.01,202.3097,421613
2026-02-18 11:35:00,202.3589,202.55,202.16,202.5,233152
2026-02-18 11:35:00-05:00,202.3589,202.55,202.16,202.5,233152
2026-02-18 11:40:00,202.54,202.73,202.26,202.65,208330
2026-02-18 11:40:00-05:00,202.54,202.73,202.26,202.65,208330
2026-02-18 11:45:00,202.67,202.89,202.02,202.22,355237
2026-02-18 11:45:00-05:00,202.67,202.89,202.02,202.22,355237
2026-02-18 11:50:00,202.1665,202.2975,201.8,202.08,244927
2026-02-18 11:50:00-05:00,202.1665,202.2975,201.8,202.08,244927
2026-02-18 11:55:00,202.08,202.25,201.75,201.785,232710
2026-02-18 11:55:00-05:00,202.08,202.25,201.75,201.785,232710
2026-02-18 12:00:00,201.8101,202.2899,201.7415,202.28,268215
2026-02-18 12:00:00-05:00,201.8101,202.2899,201.7415,202.28,268215
2026-02-18 12:05:00,202.29,202.7582,202.19,202.45,205029
2026-02-18 12:05:00-05:00,202.29,202.7582,202.19,202.45,205029
2026-02-18 12:10:00,202.42,202.61,201.94,202.1206,193901
2026-02-18 12:10:00-05:00,202.42,202.61,201.94,202.1206,193901
2026-02-18 12:15:00,202.1,202.82,201.9601,202.77,223033
2026-02-18 12:15:00-05:00,202.1,202.82,201.9601,202.77,223033
2026-02-18 12:20:00,202.77,203.09,202.75,202.88,258061
2026-02-18 12:20:00-05:00,202.77,203.09,202.75,202.88,258061
2026-02-18 12:25:00,202.84,202.86,202.3101,202.4746,178201
2026-02-18 12:25:00-05:00,202.84,202.86,202.3101,202.4746,178201
2026-02-18 12:30:00,202.4428,202.55,202.24,202.37,197330
2026-02-18 12:30:00-05:00,202.4428,202.55,202.24,202.37,197330
2026-02-18 12:35:00,202.355,202.735,202.3101,202.48,165972
2026-02-18 12:35:00-05:00,202.355,202.735,202.3101,202.48,165972
2026-02-18 12:40:00,202.4378,202.55,202.23,202.42,158996
2026-02-18 12:40:00-05:00,202.4378,202.55,202.23,202.42,158996
2026-02-18 12:45:00,202.42,202.6599,202.25,202.425,137770
2026-02-18 12:45:00-05:00,202.42,202.6599,202.25,202.425,137770
2026-02-18 12:50:00,202.43,202.75,202.4001,202.66,131300
2026-02-18 12:50:00-05:00,202.43,202.75,202.4001,202.66,131300
2026-02-18 12:55:00,202.66,202.79,202.37,202.64,162459
2026-02-18 12:55:00-05:00,202.66,202.79,202.37,202.64,162459
2026-02-18 13:00:00,202.63,203.2,202.63,202.9199,260782
2026-02-18 13:00:00-05:00,202.63,203.2,202.63,202.9199,260782
2026-02-18 13:05:00,202.92,202.98,202.64,202.6999,188090
2026-02-18 13:05:00-05:00,202.92,202.98,202.64,202.6999,188090
2026-02-18 13:10:00,202.67,202.71,202.28,202.5434,195228
2026-02-18 13:10:00-05:00,202.67,202.71,202.28,202.5434,195228
2026-02-18 13:15:00,202.54,202.68,202.321,202.37,171605
2026-02-18 13:15:00-05:00,202.54,202.68,202.321,202.37,171605
2026-02-18 13:20:00,202.4,202.47,202.2,202.28,160513
2026-02-18 13:20:00-05:00,202.4,202.47,202.2,202.28,160513
2026-02-18 13:25:00,202.24,202.3773,201.89,202.17,254934
2026-02-18 13:25:00-05:00,202.24,202.3773,201.89,202.17,254934
2026-02-18 13:30:00,202.21,202.31,201.69,201.8629,203085
2026-02-18 13:30:00-05:00,202.21,202.31,201.69,201.8629,203085
2026-02-18 13:35:00,201.8472,202.01,201.72,201.8,228833
2026-02-18 13:35:00-05:00,201.8472,202.01,201.72,201.8,228833
2026-02-18 13:40:00,201.8176,201.85,201.1896,201.4801,236259
2026-02-18 13:40:00-05:00,201.8176,201.85,201.1896,201.4801,236259
2026-02-18 13:45:00,201.49,201.8,201.41,201.54,174492
2026-02-18 13:45:00-05:00,201.49,201.8,201.41,201.54,174492
2026-02-18 13:50:00,201.54,201.82,200.9701,201.71,329563
2026-02-18 13:50:00-05:00,201.54,201.82,200.9701,201.71,329563
2026-02-18 13:55:00,201.745,201.87,201.51,201.55,196377
2026-02-18 13:55:00-05:00,201.745,201.87,201.51,201.55,196377
2026-02-18 14:00:00,201.55,201.72,200.86,201.135,220054
2026-02-18 14:00:00-05:00,201.55,201.72,200.86,201.135,220054
2026-02-18 14:05:00,201.16,201.16,200.57,200.825,272383
2026-02-18 14:05:00-05:00,201.16,201.16,200.57,200.825,272383
2026-02-18 14:10:00,200.845,201.0427,200.7201,200.8,181530
2026-02-18 14:10:00-05:00,200.845,201.0427,200.7201,200.8,181530
2026-02-18 14:15:00,200.84,201,200.55,200.685,197943
2026-02-18 14:15:00-05:00,200.84,201,200.55,200.685,197943
2026-02-18 14:20:00,200.7,200.93,200.47,200.64,176846
2026-02-18 14:20:00-05:00,200.7,200.93,200.47,200.64,176846
2026-02-18 14:25:00,200.6,200.7,200.16,200.3499,221842
2026-02-18 14:25:00-05:00,200.6,200.7,200.16,200.3499,221842
2026-02-18 14:30:00,200.325,200.47,199.615,199.725,328370
2026-02-18 14:30:00-05:00,200.325,200.47,199.615,199.725,328370
2026-02-18 14:35:00,199.685,199.73,198.9469,199.2,384822
2026-02-18 14:35:00-05:00,199.685,199.73,198.9469,199.2,384822
2026-02-18 14:40:00,199.235,199.55,198.97,199.195,335052
2026-02-18 14:40:00-05:00,199.235,199.55,198.97,199.195,335052
2026-02-18 14:45:00,199.16,199.59,199.08,199.21,298464
2026-02-18 14:45:00-05:00,199.16,199.59,199.08,199.21,298464
2026-02-18 14:50:00,199.24,199.2599,198.52,198.585,296641
2026-02-18 14:50:00-05:00,199.24,199.2599,198.52,198.585,296641
2026-02-18 14:55:00,198.585,198.6699,197.57,197.89,462485
2026-02-18 14:55:00-05:00,198.585,198.6699,197.57,197.89,462485
2026-02-18 15:00:00,197.89,198.64,197.82,198.2129,398381
2026-02-18 15:00:00-05:00,197.89,198.64,197.82,198.2129,398381
2026-02-18 15:05:00,198.16,198.36,197.77,197.84,306379
2026-02-18 15:05:00-05:00,198.16,198.36,197.77,197.84,306379
2026-02-18 15:10:00,197.82,197.9127,197.42,197.65,405777
2026-02-18 15:10:00-05:00,197.82,197.9127,197.42,197.65,405777
2026-02-18 15:15:00,197.69,198.0286,197.37,197.83,303605
2026-02-18 15:15:00-05:00,197.69,198.0286,197.37,197.83,303605
2026-02-18 15:20:00,197.83,198.03,197.595,198.03,231705
2026-02-18 15:20:00-05:00,197.83,198.03,197.595,198.03,231705
2026-02-18 15:25:00,198.01,198.17,197.85,197.94,269704
2026-02-18 15:25:00-05:00,198.01,198.17,197.85,197.94,269704
2026-02-18 15:30:00,197.93,198.54,197.84,198.45,327628
2026-02-18 15:30:00-05:00,197.93,198.54,197.84,198.45,327628
2026-02-18 15:35:00,198.42,198.93,198.37,198.915,415875
2026-02-18 15:35:00-05:00,198.42,198.93,198.37,198.915,415875
2026-02-18 15:40:00,198.92,199.27,198.798,199.15,402110
2026-02-18 15:40:00-05:00,198.92,199.27,198.798,199.15,402110
2026-02-18 15:45:00,199.15,199.5,198.9512,199.47,475358
2026-02-18 15:45:00-05:00,199.15,199.5,198.9512,199.47,475358
2026-02-18 15:50:00,199.48,199.97,199.1973,199.76,665738
2026-02-18 15:50:00-05:00,199.48,199.97,199.1973,199.76,665738
2026-02-18 15:55:00,199.78,200.42,199.77,200.11,1714301
2026-02-18 15:55:00-05:00,199.78,200.42,199.77,200.11,1714301
2026-02-19 09:30:00,200.11,200.95,199.15,200.425,832881
2026-02-19 09:30:00-05:00,200.11,200.95,199.15,200.425,832881
2026-02-19 09:35:00,200.34,201.53,199.8,200.9501,640422
2026-02-19 09:35:00-05:00,200.34,201.53,199.8,200.9501,640422
2026-02-19 09:40:00,200.9581,201.06,199.0642,199.75,463141
2026-02-19 09:40:00-05:00,200.9581,201.06,199.0642,199.75,463141
2026-02-19 09:45:00,199.8,200.18,198.2939,199.975,547788
2026-02-19 09:45:00-05:00,199.8,200.18,198.2939,199.975,547788
2026-02-19 09:50:00,199.98,202.05,199.94,201.65,631035
2026-02-19 09:50:00-05:00,199.98,202.05,199.94,201.65,631035
2026-02-19 09:55:00,201.655,202.9299,201.6,201.935,568421
2026-02-19 09:55:00-05:00,201.655,202.9299,201.6,201.935,568421
2026-02-19 10:00:00,201.935,202.97,201.23,202.525,538058
2026-02-19 10:00:00-05:00,201.935,202.97,201.23,202.525,538058
2026-02-19 10:05:00,202.53,203,202.23,202.59,407934
2026-02-19 10:05:00-05:00,202.53,203,202.23,202.59,407934
2026-02-19 10:10:00,202.66,203.37,201.5,201.635,585367
2026-02-19 10:10:00-05:00,202.66,203.37,201.5,201.635,585367
2026-02-19 10:15:00,201.64,202.63,201.4298,201.96,487418
2026-02-19 10:15:00-05:00,201.64,202.63,201.4298,201.96,487418
2026-02-19 10:20:00,201.9011,202.27,201.0301,202.025,434641
2026-02-19 10:20:00-05:00,201.9011,202.27,201.0301,202.025,434641
2026-02-19 10:25:00,202.02,202.41,201.7,201.915,244430
2026-02-19 10:25:00-05:00,202.02,202.41,201.7,201.915,244430
2026-02-19 10:30:00,201.91,203.19,201.84,203.085,350284
2026-02-19 10:30:00-05:00,201.91,203.19,201.84,203.085,350284
2026-02-19 10:35:00,203.0955,203.44,202.63,203.15,332471
2026-02-19 10:35:00-05:00,203.0955,203.44,202.63,203.15,332471
2026-02-19 10:40:00,203.1,203.97,202.97,203.895,415882
2026-02-19 10:40:00-05:00,203.1,203.97,202.97,203.895,415882
2026-02-19 10:45:00,203.89,204.1,202.93,203.0401,494415
2026-02-19 10:45:00-05:00,203.89,204.1,202.93,203.0401,494415
2026-02-19 10:50:00,203.0692,203.07,201.76,202.085,398766
2026-02-19 10:50:00-05:00,203.0692,203.07,201.76,202.085,398766
2026-02-19 10:55:00,202.09,202.48,201.91,202.26,280022
2026-02-19 10:55:00-05:00,202.09,202.48,201.91,202.26,280022
2026-02-19 11:00:00,202.31,202.88,202.05,202.1501,278598
2026-02-19 11:00:00-05:00,202.31,202.88,202.05,202.1501,278598
2026-02-19 11:05:00,202.22,202.42,201.55,202.28,263177
2026-02-19 11:05:00-05:00,202.22,202.42,201.55,202.28,263177
2026-02-19 11:10:00,202.305,202.49,201.42,201.62,278848
2026-02-19 11:10:00-05:00,202.305,202.49,201.42,201.62,278848
2026-02-19 11:15:00,201.62,202.33,201.51,202.28,262633
2026-02-19 11:15:00-05:00,201.62,202.33,201.51,202.28,262633
2026-02-19 11:20:00,202.25,202.6,202.2,202.21,256752
2026-02-19 11:20:00-05:00,202.25,202.6,202.2,202.21,256752
2026-02-19 11:25:00,202.23,202.37,200.905,201.06,407220
2026-02-19 11:25:00-05:00,202.23,202.37,200.905,201.06,407220
2026-02-19 11:30:00,201.11,201.84,201.1042,201.805,1001970
2026-02-19 11:30:00-05:00,201.11,201.84,201.1042,201.805,1001970
2026-02-19 11:35:00,201.83,201.97,201.06,201.94,293282
2026-02-19 11:35:00-05:00,201.83,201.97,201.06,201.94,293282
2026-02-19 11:40:00,201.94,202.1599,201.4917,201.57,212130
2026-02-19 11:40:00-05:00,201.94,202.1599,201.4917,201.57,212130
2026-02-19 11:45:00,201.5611,201.85,201.16,201.39,189523
2026-02-19 11:45:00-05:00,201.5611,201.85,201.16,201.39,189523
2026-02-19 11:50:00,201.35,202.1,200.9,202.01,240568
2026-02-19 11:50:00-05:00,201.35,202.1,200.9,202.01,240568
2026-02-19 11:55:00,202,202.0799,201.6959,201.72,194579
2026-02-19 11:55:00-05:00,202,202.0799,201.6959,201.72,194579
2026-02-19 12:00:00,201.76,201.8399,201.15,201.3354,186401
2026-02-19 12:00:00-05:00,201.76,201.8399,201.15,201.3354,186401
2026-02-19 12:05:00,201.31,201.78,201.15,201.425,193913
2026-02-19 12:05:00-05:00,201.31,201.78,201.15,201.425,193913
2026-02-19 12:10:00,201.425,201.87,201.37,201.4818,186749
2026-02-19 12:10:00-05:00,201.425,201.87,201.37,201.4818,186749
2026-02-19 12:15:00,201.535,201.64,201.07,201.505,184955
2026-02-19 12:15:00-05:00,201.535,201.64,201.07,201.505,184955
2026-02-19 12:20:00,201.55,201.97,201.31,201.6114,185164
2026-02-19 12:20:00-05:00,201.55,201.97,201.31,201.6114,185164
2026-02-19 12:25:00,201.645,201.7,201.09,201.49,145088
2026-02-19 12:25:00-05:00,201.645,201.7,201.09,201.49,145088
2026-02-19 12:30:00,201.46,201.64,201.2,201.51,114223
2026-02-19 12:30:00-05:00,201.46,201.64,201.2,201.51,114223
2026-02-19 12:35:00,201.5,201.57,201,201.28,162675
2026-02-19 12:35:00-05:00,201.5,201.57,201,201.28,162675
2026-02-19 12:40:00,201.27,201.61,200.97,200.995,177137
2026-02-19 12:40:00-05:00,201.27,201.61,200.97,200.995,177137
2026-02-19 12:45:00,201,201.02,200.04,200.255,308795
2026-02-19 12:45:00-05:00,201,201.02,200.04,200.255,308795
2026-02-19 12:50:00,200.2306,200.48,199.97,200.32,239956
2026-02-19 12:50:00-05:00,200.2306,200.48,199.97,200.32,239956
2026-02-19 12:55:00,200.36,200.67,199.8618,200.13,245687
2026-02-19 12:55:00-05:00,200.36,200.67,199.8618,200.13,245687
2026-02-19 13:00:00,200.12,200.85,200.045,200.615,169123
2026-02-19 13:00:00-05:00,200.12,200.85,200.045,200.615,169123
2026-02-19 13:05:00,200.61,201.12,200.61,200.9,208308
2026-02-19 13:05:00-05:00,200.61,201.12,200.61,200.9,208308
2026-02-19 13:10:00,200.885,201.7999,200.84,201.7282,401931
2026-02-19 13:10:00-05:00,200.885,201.7999,200.84,201.7282,401931
2026-02-19 13:15:00,201.73,201.73,200.74,200.757,233280
2026-02-19 13:15:00-05:00,201.73,201.73,200.74,200.757,233280
2026-02-19 13:20:00,200.757,201.03,200.395,200.93,184770
2026-02-19 13:20:00-05:00,200.757,201.03,200.395,200.93,184770
2026-02-19 13:25:00,200.9151,201.14,200.55,200.78,155700
2026-02-19 13:25:00-05:00,200.9151,201.14,200.55,200.78,155700
2026-02-19 13:30:00,200.7,200.905,200.5901,200.69,125861
2026-02-19 13:30:00-05:00,200.7,200.905,200.5901,200.69,125861
2026-02-19 13:35:00,200.73,200.85,200.53,200.785,86819
2026-02-19 13:35:00-05:00,200.73,200.85,200.53,200.785,86819
2026-02-19 13:40:00,200.81,200.835,200.4788,200.735,93202
2026-02-19 13:40:00-05:00,200.81,200.835,200.4788,200.735,93202
2026-02-19 13:45:00,200.76,201.24,200.76,201.115,153200
2026-02-19 13:45:00-05:00,200.76,201.24,200.76,201.115,153200
2026-02-19 13:50:00,201.1,201.19,200.8601,201.03,131738
2026-02-19 13:50:00-05:00,201.1,201.19,200.8601,201.03,131738
2026-02-19 13:55:00,201.045,201.66,201.01,201.545,134178
2026-02-19 13:55:00-05:00,201.045,201.66,201.01,201.545,134178
2026-02-19 14:00:00,201.55,201.62,201.26,201.395,133364
2026-02-19 14:00:00-05:00,201.55,201.62,201.26,201.395,133364
2026-02-19 14:05:00,201.38,201.67,201.3215,201.54,144968
2026-02-19 14:05:00-05:00,201.38,201.67,201.3215,201.54,144968
2026-02-19 14:10:00,201.54,201.67,201.01,201.665,218322
2026-02-19 14:10:00-05:00,201.54,201.67,201.01,201.665,218322
2026-02-19 14:15:00,201.655,202.3,201.6,202.275,242666
2026-02-19 14:15:00-05:00,201.655,202.3,201.6,202.275,242666
2026-02-19 14:20:00,202.29,202.71,202.15,202.62,284353
2026-02-19 14:20:00-05:00,202.29,202.71,202.15,202.62,284353
2026-02-19 14:25:00,202.605,202.8799,202.16,202.475,404374
2026-02-19 14:25:00-05:00,202.605,202.8799,202.16,202.475,404374
2026-02-19 14:30:00,202.43,203.04,202.38,202.765,320117
2026-02-19 14:30:00-05:00,202.43,203.04,202.38,202.765,320117
2026-02-19 14:35:00,202.7632,202.83,201.92,202.02,269527
2026-02-19 14:35:00-05:00,202.7632,202.83,201.92,202.02,269527
2026-02-19 14:40:00,202,202.5399,201.91,202.36,227106
2026-02-19 14:40:00-05:00,202,202.5399,201.91,202.36,227106
2026-02-19 14:45:00,202.3237,202.39,201.79,202.225,206815
2026-02-19 14:45:00-05:00,202.3237,202.39,201.79,202.225,206815
2026-02-19 14:50:00,202.235,202.64,202.19,202.55,181251
2026-02-19 14:50:00-05:00,202.235,202.64,202.19,202.55,181251
2026-02-19 14:55:00,202.5699,202.7999,202.3501,202.3999,161009
2026-02-19 14:55:00-05:00,202.5699,202.7999,202.3501,202.3999,161009
2026-02-19 15:00:00,202.36,203.17,202.34,202.98,228363
2026-02-19 15:00:00-05:00,202.36,203.17,202.34,202.98,228363
2026-02-19 15:05:00,202.98,203.01,202.35,202.44,190580
2026-02-19 15:05:00-05:00,202.98,203.01,202.35,202.44,190580
2026-02-19 15:10:00,202.449,202.585,202.28,202.325,134801
2026-02-19 15:10:00-05:00,202.449,202.585,202.28,202.325,134801
2026-02-19 15:15:00,202.31,202.5,201.98,202.49,222824
2026-02-19 15:15:00-05:00,202.31,202.5,201.98,202.49,222824
2026-02-19 15:20:00,202.47,202.5799,202.03,202.0527,149597
2026-02-19 15:20:00-05:00,202.47,202.5799,202.03,202.0527,149597
2026-02-19 15:25:00,202.04,202.16,201.94,202.06,136060
2026-02-19 15:25:00-05:00,202.04,202.16,201.94,202.06,136060
2026-02-19 15:30:00,202,202.59,201.9,202.46,209204
2026-02-19 15:30:00-05:00,202,202.59,201.9,202.46,209204
2026-02-19 15:35:00,202.475,202.55,202.1301,202.22,149293
2026-02-19 15:35:00-05:00,202.475,202.55,202.1301,202.22,149293
2026-02-19 15:40:00,202.2208,202.3,202.06,202.2001,167538
2026-02-19 15:40:00-05:00,202.2208,202.3,202.06,202.2001,167538
2026-02-19 15:45:00,202.23,202.48,202.2,202.4175,211945
2026-02-19 15:45:00-05:00,202.23,202.48,202.2,202.4175,211945
2026-02-19 15:50:00,202.39,202.7299,202.165,202.68,386153
2026-02-19 15:50:00-05:00,202.39,202.7299,202.165,202.68,386153
2026-02-19 15:55:00,202.7,203.46,202.6668,203.41,1084405
2026-02-19 15:55:00-05:00,202.7,203.46,202.6668,203.41,1084405
2026-02-20 09:30:00,200.115,201.58,200.02,201.06,1136439
2026-02-20 09:30:00-05:00,200.115,201.58,200.02,201.06,1136439
2026-02-20 09:35:00,200.98,202.05,200.82,201.46,477296
2026-02-20 09:35:00-05:00,200.98,202.05,200.82,201.46,477296
2026-02-20 09:40:00,201.62,203.5002,201.43,202.645,628932
2026-02-20 09:40:00-05:00,201.62,203.5002,201.43,202.645,628932
2026-02-20 09:45:00,202.68,203.09,201.62,201.685,429446
2026-02-20 09:45:00-05:00,202.68,203.09,201.62,201.685,429446
2026-02-20 09:50:00,201.68,201.7027,199.67,200.19,1286458
2026-02-20 09:50:00-05:00,201.68,201.7027,199.67,200.19,1286458
2026-02-20 09:55:00,200.21,200.5,199.2,200.2802,807798
2026-02-20 09:55:00-05:00,200.21,200.5,199.2,200.2802,807798
2026-02-20 10:00:00,200.45,202.85,200.29,201.99,1009417
2026-02-20 10:00:00-05:00,200.45,202.85,200.29,201.99,1009417
2026-02-20 10:05:00,201.99,202.37,200.67,202.22,798028
2026-02-20 10:05:00-05:00,201.99,202.37,200.67,202.22,798028
2026-02-20 10:10:00,202.3399,202.97,201.75,202.015,437763
2026-02-20 10:10:00-05:00,202.3399,202.97,201.75,202.015,437763
2026-02-20 10:15:00,202.03,202.5,200.56,201.96,458959
2026-02-20 10:15:00-05:00,202.03,202.5,200.56,201.96,458959
2026-02-20 10:20:00,201.915,203.1798,201.651,202.81,416926
2026-02-20 10:20:00-05:00,201.915,203.1798,201.651,202.81,416926
2026-02-20 10:25:00,202.88,203.17,201.9319,202.3199,278620
2026-02-20 10:25:00-05:00,202.88,203.17,201.9319,202.3199,278620
2026-02-20 10:30:00,202.2475,202.43,201.1101,201.58,257194
2026-02-20 10:30:00-05:00,202.2475,202.43,201.1101,201.58,257194
2026-02-20 10:35:00,201.58,202.12,201.15,202,286556
2026-02-20 10:35:00-05:00,201.58,202.12,201.15,202,286556
2026-02-20 10:40:00,201.92,202.88,201.14,202.8151,1066528
2026-02-20 10:40:00-05:00,201.92,202.88,201.14,202.8151,1066528
2026-02-20 10:45:00,202.8,203.94,202.56,203.52,665940
2026-02-20 10:45:00-05:00,202.8,203.94,202.56,203.52,665940
2026-02-20 10:50:00,203.6,204.2893,203.25,204.03,431837
2026-02-20 10:50:00-05:00,203.6,204.2893,203.25,204.03,431837
2026-02-20 10:55:00,204.062,204.54,203.81,204.494,383934
2026-02-20 10:55:00-05:00,204.062,204.54,203.81,204.494,383934
2026-02-20 11:00:00,204.5,204.87,204.06,204.36,430787
2026-02-20 11:00:00-05:00,204.5,204.87,204.06,204.36,430787
2026-02-20 11:05:00,204.3,204.45,203.92,204,319451
2026-02-20 11:05:00-05:00,204.3,204.45,203.92,204,319451
2026-02-20 11:10:00,203.99,204.202,203.2,203.2558,314079
2026-02-20 11:10:00-05:00,203.99,204.202,203.2,203.2558,314079
2026-02-20 11:15:00,203.31,203.36,202.3219,202.61,381400
2026-02-20 11:15:00-05:00,203.31,203.36,202.3219,202.61,381400
2026-02-20 11:20:00,202.595,202.61,202.1,202.37,226615
2026-02-20 11:20:00-05:00,202.595,202.61,202.1,202.37,226615
2026-02-20 11:25:00,202.34,202.39,201.87,201.917,430144
2026-02-20 11:25:00-05:00,202.34,202.39,201.87,201.917,430144
2026-02-20 11:30:00,201.89,202.71,201.77,202.53,327619
2026-02-20 11:30:00-05:00,201.89,202.71,201.77,202.53,327619
2026-02-20 11:35:00,202.54,202.58,202.21,202.5,231863
2026-02-20 11:35:00-05:00,202.54,202.58,202.21,202.5,231863
2026-02-20 11:40:00,202.5,202.605,202.15,202.1928,221451
2026-02-20 11:40:00-05:00,202.5,202.605,202.15,202.1928,221451
2026-02-20 11:45:00,202.13,202.46,202.12,202.4,204562
2026-02-20 11:45:00-05:00,202.13,202.46,202.12,202.4,204562
2026-02-20 11:50:00,202.4,202.8,202.18,202.62,199292
2026-02-20 11:50:00-05:00,202.4,202.8,202.18,202.62,199292
2026-02-20 11:55:00,202.59,202.73,202.15,202.2446,243435
2026-02-20 11:55:00-05:00,202.59,202.73,202.15,202.2446,243435
2026-02-20 12:00:00,202.26,202.4424,201.91,202,226767
2026-02-20 12:00:00-05:00,202.26,202.4424,201.91,202,226767
2026-02-20 12:05:00,202.025,202.09,201.68,201.77,237470
2026-02-20 12:05:00-05:00,202.025,202.09,201.68,201.77,237470
2026-02-20 12:10:00,201.78,201.95,201.28,201.49,372545
2026-02-20 12:10:00-05:00,201.78,201.95,201.28,201.49,372545
2026-02-20 12:15:00,201.49,201.49,200.21,200.335,519069
2026-02-20 12:15:00-05:00,201.49,201.49,200.21,200.335,519069
2026-02-20 12:20:00,200.3,200.54,199.37,199.405,450519
2026-02-20 12:20:00-05:00,200.3,200.54,199.37,199.405,450519
2026-02-20 12:25:00,199.405,199.535,199.04,199.26,527154
2026-02-20 12:25:00-05:00,199.405,199.535,199.04,199.26,527154
2026-02-20 12:30:00,199.265,200.06,199.21,199.71,398685
2026-02-20 12:30:00-05:00,199.265,200.06,199.21,199.71,398685
2026-02-20 12:35:00,199.6979,199.99,199.0554,199.875,379283
2026-02-20 12:35:00-05:00,199.6979,199.99,199.0554,199.875,379283
2026-02-20 12:40:00,199.85,199.88,198.77,199.096,383989
2026-02-20 12:40:00-05:00,199.85,199.88,198.77,199.096,383989
2026-02-20 12:45:00,199.12,199.655,198.56,199.58,1452328
2026-02-20 12:45:00-05:00,199.12,199.655,198.56,199.58,1452328
2026-02-20 12:50:00,199.5594,199.89,199.27,199.66,352289
2026-02-20 12:50:00-05:00,199.5594,199.89,199.27,199.66,352289
2026-02-20 12:55:00,199.65,199.7,198.87,199.5494,327021
2026-02-20 12:55:00-05:00,199.65,199.7,198.87,199.5494,327021
2026-02-20 13:00:00,199.55,199.74,199.24,199.26,245028
2026-02-20 13:00:00-05:00,199.55,199.74,199.24,199.26,245028
2026-02-20 13:05:00,199.255,200.07,199.17,199.78,236157
2026-02-20 13:05:00-05:00,199.255,200.07,199.17,199.78,236157
2026-02-20 13:10:00,199.75,199.9,199.56,199.755,168157
2026-02-20 13:10:00-05:00,199.75,199.9,199.56,199.755,168157
2026-02-20 13:15:00,199.75,199.77,199.25,199.4474,180068
2026-02-20 13:15:00-05:00,199.75,199.77,199.25,199.4474,180068
2026-02-20 13:20:00,199.415,199.6,198.67,199.485,433634
2026-02-20 13:20:00-05:00,199.415,199.6,198.67,199.485,433634
2026-02-20 13:25:00,199.4912,199.55,198.77,199.14,1501814
2026-02-20 13:25:00-05:00,199.4912,199.55,198.77,199.14,1501814
2026-02-20 13:30:00,199.11,200.36,198.65,199.94,408559
2026-02-20 13:30:00-05:00,199.11,200.36,198.65,199.94,408559
2026-02-20 13:35:00,199.76,200.33,199.07,199.905,343929
2026-02-20 13:35:00-05:00,199.76,200.33,199.07,199.905,343929
2026-02-20 13:40:00,199.98,201,199.9,200.95,404849
2026-02-20 13:40:00-05:00,199.98,201,199.9,200.95,404849
2026-02-20 13:45:00,200.935,201.86,200.92,201.15,442890
2026-02-20 13:45:00-05:00,200.935,201.86,200.92,201.15,442890
2026-02-20 13:50:00,201.14,201.3,200.6,201.29,277161
2026-02-20 13:50:00-05:00,201.14,201.3,200.6,201.29,277161
2026-02-20 13:55:00,201.2689,201.6099,201.15,201.32,301972
2026-02-20 13:55:00-05:00,201.2689,201.6099,201.15,201.32,301972
2026-02-20 14:00:00,201.32,201.48,200.94,201.16,325369
2026-02-20 14:00:00-05:00,201.32,201.48,200.94,201.16,325369
2026-02-20 14:05:00,201.23,201.23,200.7501,200.91,176030
2026-02-20 14:05:00-05:00,201.23,201.23,200.7501,200.91,176030
2026-02-20 14:10:00,200.925,200.96,200.43,200.44,191281
2026-02-20 14:10:00-05:00,200.925,200.96,200.43,200.44,191281
2026-02-20 14:15:00,200.46,200.52,200.25,200.36,191280
2026-02-20 14:15:00-05:00,200.46,200.52,200.25,200.36,191280
2026-02-20 14:20:00,200.36,200.8,200.3311,200.37,208132
2026-02-20 14:20:00-05:00,200.36,200.8,200.3311,200.37,208132
2026-02-20 14:25:00,200.39,200.43,199.86,200.12,267035
2026-02-20 14:25:00-05:00,200.39,200.43,199.86,200.12,267035
2026-02-20 14:30:00,200.12,200.54,200.1,200.38,192262
2026-02-20 14:30:00-05:00,200.12,200.54,200.1,200.38,192262
2026-02-20 14:35:00,200.37,200.43,199.54,199.59,297664
2026-02-20 14:35:00-05:00,200.37,200.43,199.54,199.59,297664
2026-02-20 14:40:00,199.575,199.6362,199.15,199.36,246176
2026-02-20 14:40:00-05:00,199.575,199.6362,199.15,199.36,246176
2026-02-20 14:45:00,199.36,199.79,199.36,199.715,353249
2026-02-20 14:45:00-05:00,199.36,199.79,199.36,199.715,353249
2026-02-20 14:50:00,199.715,200.12,199.63,199.825,264613
2026-02-20 14:50:00-05:00,199.715,200.12,199.63,199.825,264613
2026-02-20 14:55:00,199.88,199.88,199.21,199.275,231647
2026-02-20 14:55:00-05:00,199.88,199.88,199.21,199.275,231647
2026-02-20 15:00:00,199.26,199.64,199.22,199.63,243314
2026-02-20 15:00:00-05:00,199.26,199.64,199.22,199.63,243314
2026-02-20 15:05:00,199.6002,199.99,199.6002,199.89,250308
2026-02-20 15:05:00-05:00,199.6002,199.99,199.6002,199.89,250308
2026-02-20 15:10:00,199.87,200.06,199.77,200,215086
2026-02-20 15:10:00-05:00,199.87,200.06,199.77,200,215086
2026-02-20 15:15:00,200,200.09,199.68,199.84,226172
2026-02-20 15:15:00-05:00,200,200.09,199.68,199.84,226172
2026-02-20 15:20:00,199.86,199.99,199.68,199.82,226621
2026-02-20 15:20:00-05:00,199.86,199.99,199.68,199.82,226621
2026-02-20 15:25:00,199.81,199.89,199.64,199.8,245255
2026-02-20 15:25:00-05:00,199.81,199.89,199.64,199.8,245255
2026-02-20 15:30:00,199.77,199.9275,199.55,199.61,257535
2026-02-20 15:30:00-05:00,199.77,199.9275,199.55,199.61,257535
2026-02-20 15:35:00,199.62,200.05,199.53,200.02,224160
2026-02-20 15:35:00-05:00,199.62,200.05,199.53,200.02,224160
2026-02-20 15:40:00,199.99,200.05,199.82,199.95,248334
2026-02-20 15:40:00-05:00,199.99,200.05,199.82,199.95,248334
2026-02-20 15:45:00,199.925,200.0799,199.6901,199.6901,299276
2026-02-20 15:45:00-05:00,199.925,200.0799,199.6901,199.6901,299276
2026-02-20 15:50:00,199.73,199.9286,199.295,199.825,494014
2026-02-20 15:50:00-05:00,199.73,199.9286,199.295,199.825,494014
2026-02-20 15:55:00,199.8,200.2,199.76,200.12,1525181
2026-02-20 15:55:00-05:00,199.8,200.2,199.76,200.12,1525181
2026-02-23 09:30:00,198.09,198.54,194.15,196.94,1779763.7746060002
2026-02-23 09:30:00-05:00,198.09,198.54,194.15,196.94,1779763.77
2026-02-23 09:35:00,196.94,198.16,196.7,197.76,750445.07833
2026-02-23 09:35:00-05:00,196.94,198.16,196.7,197.76,750445.08
2026-02-23 09:40:00,197.53,197.59,195.88,197.17,849856.4700430001
2026-02-23 09:40:00-05:00,197.53,197.59,195.88,197.17,849856.47
2026-02-23 09:45:00,197.08,199.25,196.945,198.92,743471.404278
2026-02-23 09:45:00-05:00,197.08,199.25,196.945,198.92,743471.4
2026-02-23 09:50:00,198.91,199.38,198.16,198.275,568673.528639
2026-02-23 09:50:00-05:00,198.91,199.38,198.16,198.275,568673.53
2026-02-23 09:55:00,198.24,198.28,197.52,197.99,458174.05221600004
2026-02-23 09:55:00-05:00,198.24,198.28,197.52,197.99,458174.05
2026-02-23 10:00:00,198,198.75,197.24,197.3675,451596.86482799996
2026-02-23 10:00:00-05:00,198,198.75,197.24,197.3675,451596.86
2026-02-23 10:05:00,197.38,197.65,197.0001,197.45,366042.176022
2026-02-23 10:05:00-05:00,197.38,197.65,197.0001,197.45,366042.18
2026-02-23 10:10:00,197.465,198.32,197.44,198.004,362012.10879599996
2026-02-23 10:10:00-05:00,197.465,198.32,197.44,198.004,362012.11
2026-02-23 10:15:00,198.02,198.47,197.75,198.12,289104.469132
2026-02-23 10:15:00-05:00,198.02,198.47,197.75,198.12,289104.47
2026-02-23 10:20:00,198.12,198.98,197.9,198.39,441848.854645
2026-02-23 10:20:00-05:00,198.12,198.98,197.9,198.39,441848.85
2026-02-23 10:25:00,198.33,198.65,197.9,197.96,257759.141503
2026-02-23 10:25:00-05:00,198.33,198.65,197.9,197.96,257759.14
2026-02-23 10:30:00,198.05,198.3193,197.62,197.69,273897.915058
2026-02-23 10:30:00-05:00,198.05,198.3193,197.62,197.69,273897.92
2026-02-23 10:35:00,197.69,197.77,197.11,197.275,233284.10693600003
2026-02-23 10:35:00-05:00,197.69,197.77,197.11,197.275,233284.11
2026-02-23 10:40:00,197.2753,197.38,196.68,196.865,269260.543574
2026-02-23 10:40:00-05:00,197.2753,197.38,196.68,196.865,269260.54
2026-02-23 10:45:00,196.885,197.27,196.63,197.179,267616.269002
2026-02-23 10:45:00-05:00,196.885,197.27,196.63,197.179,267616.27
2026-02-23 10:50:00,197.155,197.4,196.14,196.28,317734.471348
2026-02-23 10:50:00-05:00,197.155,197.4,196.14,196.28,317734.47
2026-02-23 10:55:00,196.3,196.309,195.382,195.5385,378599.930743
2026-02-23 10:55:00-05:00,196.3,196.309,195.382,195.5385,378599.93
2026-02-23 11:00:00,195.505,195.8199,194.96,195.22,401993.620581
2026-02-23 11:00:00-05:00,195.505,195.8199,194.96,195.22,401993.62
2026-02-23 11:05:00,195.21,195.4,194.8801,195.26,376840.47841800004
2026-02-23 11:05:00-05:00,195.21,195.4,194.8801,195.26,376840.48
2026-02-23 11:10:00,195.3,195.65,195.23,195.55,336958.079963
2026-02-23 11:10:00-05:00,195.3,195.65,195.23,195.55,336958.08
2026-02-23 11:15:00,195.55,196.42,195.2982,196.4062,327544.480396
2026-02-23 11:15:00-05:00,195.55,196.42,195.2982,196.4062,327544.48
2026-02-23 11:20:00,196.33,196.53,196.19,196.25,418698.936949
2026-02-23 11:20:00-05:00,196.33,196.53,196.19,196.25,418698.94
2026-02-23 11:25:00,196.235,196.74,196.21,196.63,334674.902838
2026-02-23 11:25:00-05:00,196.235,196.74,196.21,196.63,334674.9
2026-02-23 11:30:00,196.61,196.84,196.28,196.335,330532.6054250001
2026-02-23 11:30:00-05:00,196.61,196.84,196.28,196.335,330532.61
2026-02-23 11:35:00,196.335,196.4,195.84,195.97,352259.612964
2026-02-23 11:35:00-05:00,196.335,196.4,195.84,195.97,352259.61
2026-02-23 11:40:00,195.98,197.09,195.98,196.58,423533.227411
2026-02-23 11:40:00-05:00,195.98,197.09,195.98,196.58,423533.23
2026-02-23 11:45:00,196.5609,196.5609,195.752,195.99,271451.573608
2026-02-23 11:45:00-05:00,196.5609,196.5609,195.752,195.99,271451.57
2026-02-23 11:50:00,195.99,196.27,195.86,196.07,201942.096036
2026-02-23 11:50:00-05:00,195.99,196.27,195.86,196.07,201942.1
2026-02-23 11:55:00,196.07,196.2399,195.71,195.85,164889.431469
2026-02-23 11:55:00-05:00,196.07,196.2399,195.71,195.85,164889.43
2026-02-23 12:00:00,195.88,196.08,195.53,195.77,218598.01132700001
2026-02-23 12:00:00-05:00,195.88,196.08,195.53,195.77,218598.01
2026-02-23 12:05:00,195.73,196.2383,195.73,196.05,194977.355422
2026-02-23 12:05:00-05:00,195.73,196.2383,195.73,196.05,194977.36
2026-02-23 12:10:00,196.05,196.34,195.935,196.005,177992.503468
2026-02-23 12:10:00-05:00,196.05,196.34,195.935,196.005,177992.5
2026-02-23 12:15:00,196,196.42,195.95,196.08,158490.06710000001
2026-02-23 12:15:00-05:00,196,196.42,195.95,196.08,158490.07
2026-02-23 12:20:00,196.0718,196.56,196.07,196.46,134315.139248
2026-02-23 12:20:00-05:00,196.0718,196.56,196.07,196.46,134315.14
2026-02-23 12:25:00,196.49,196.97,196.465,196.565,221990.064572
2026-02-23 12:25:00-05:00,196.49,196.97,196.465,196.565,221990.06
2026-02-23 12:30:00,196.565,196.65,195.32,195.43,226738.57214700003
2026-02-23 12:30:00-05:00,196.565,196.65,195.32,195.43,226738.57
2026-02-23 12:35:00,195.4499,195.4499,194.65,194.826,418365.76527800004
2026-02-23 12:35:00-05:00,195.4499,195.4499,194.65,194.826,418365.77
2026-02-23 12:40:00,194.8483,195.69,194.8001,195.29,266006.99407899997
2026-02-23 12:40:00-05:00,194.8483,195.69,194.8001,195.29,266006.99
2026-02-23 12:45:00,195.34,195.56,195.09,195.1125,150339.76425
2026-02-23 12:45:00-05:00,195.34,195.56,195.09,195.1125,150339.76
2026-02-23 12:50:00,195.11,195.64,195.1,195.42,213215.339928
2026-02-23 12:50:00-05:00,195.11,195.64,195.1,195.42,213215.34
2026-02-23 12:55:00,195.43,195.82,195.39,195.602,153644.747761
2026-02-23 12:55:00-05:00,195.43,195.82,195.39,195.602,153644.75
2026-02-23 13:00:00,195.625,195.75,195.5,195.67,144774.151582
2026-02-23 13:00:00-05:00,195.625,195.75,195.5,195.67,144774.15
2026-02-23 13:05:00,195.64,195.8899,195.5,195.845,147580.098664
2026-02-23 13:05:00-05:00,195.64,195.8899,195.5,195.845,147580.1
2026-02-23 13:10:00,195.85,196.235,195.81,196.14,193064.256067
2026-02-23 13:10:00-05:00,195.85,196.235,195.81,196.14,193064.26
2026-02-23 13:15:00,196.1396,196.2999,196.08,196.17,131046.409229
2026-02-23 13:15:00-05:00,196.1396,196.2999,196.08,196.17,131046.41
2026-02-23 13:20:00,196.1825,196.67,196.08,196.63,208833.36794199998
2026-02-23 13:20:00-05:00,196.1825,196.67,196.08,196.63,208833.37
2026-02-23 13:25:00,196.62,196.84,196.35,196.635,282709.05182600004
2026-02-23 13:25:00-05:00,196.62,196.84,196.35,196.635,282709.05
2026-02-23 13:30:00,196.65,196.67,196.03,196.12,246849.11974
2026-02-23 13:30:00-05:00,196.65,196.67,196.03,196.12,246849.12
2026-02-23 13:35:00,196.0999,196.27,195.63,195.65,233183.51405399997
2026-02-23 13:35:00-05:00,196.0999,196.27,195.63,195.65,233183.51
2026-02-23 13:40:00,195.67,195.67,195.05,195.145,304843.93213599996
2026-02-23 13:40:00-05:00,195.67,195.67,195.05,195.145,304843.93
2026-02-23 13:45:00,195.17,195.69,194.96,195.5183,339821.767352
2026-02-23 13:45:00-05:00,195.17,195.69,194.96,195.5183,339821.77
2026-02-23 13:50:00,195.55,195.67,195.29,195.34,196771.316305
2026-02-23 13:50:00-05:00,195.55,195.67,195.29,195.34,196771.32
2026-02-23 13:55:00,195.305,195.325,194.9,194.98,205192.169618
2026-02-23 13:55:00-05:00,195.305,195.325,194.9,194.98,205192.17
2026-02-23 14:00:00,195.02,195.62,194.9,195.58,254795.96445099998
2026-02-23 14:00:00-05:00,195.02,195.62,194.9,195.58,254795.96
2026-02-23 14:05:00,195.57,195.84,195.4801,195.5101,234159.12935299997
2026-02-23 14:05:00-05:00,195.57,195.84,195.4801,195.5101,234159.13
2026-02-23 14:10:00,195.505,195.63,195.36,195.54,137899.18351200002
2026-02-23 14:10:00-05:00,195.505,195.63,195.36,195.54,137899.18
2026-02-23 14:15:00,195.535,195.67,195.42,195.67,106558.75073799999
2026-02-23 14:15:00-05:00,195.535,195.67,195.42,195.67,106558.75
2026-02-23 14:20:00,195.67,195.84,195.56,195.6218,134188.119403
2026-02-23 14:20:00-05:00,195.67,195.84,195.56,195.6218,134188.12
2026-02-23 14:25:00,195.65,195.65,195.12,195.2,160294.266933
2026-02-23 14:25:00-05:00,195.65,195.65,195.12,195.2,160294.27
2026-02-23 14:30:00,195.205,195.58,195.17,195.37,198762.679586
2026-02-23 14:30:00-05:00,195.205,195.58,195.17,195.37,198762.68
2026-02-23 14:35:00,195.385,195.48,195.07,195.17,184284.44632
2026-02-23 14:35:00-05:00,195.385,195.48,195.07,195.17,184284.45
2026-02-23 14:40:00,195.22,195.4,195.04,195.28,188067.411594
2026-02-23 14:40:00-05:00,195.22,195.4,195.04,195.28,188067.41
2026-02-23 14:45:00,195.26,195.47,195.1701,195.425,182651.227441
2026-02-23 14:45:00-05:00,195.26,195.47,195.1701,195.425,182651.23
2026-02-23 14:50:00,195.4499,195.5264,194.8,194.9101,402864.805492
2026-02-23 14:50:00-05:00,195.4499,195.5264,194.8,194.9101,402864.81
2026-02-23 14:55:00,194.93,195.3,194.83,194.95,260728.66006000002
2026-02-23 14:55:00-05:00,194.93,195.3,194.83,194.95,260728.66
2026-02-23 15:00:00,194.92,195.11,194.5101,194.665,258855.071064
2026-02-23 15:00:00-05:00,194.92,195.11,194.5101,194.665,258855.07
2026-02-23 15:05:00,194.68,195.03,194.66,194.87,217839.916149
2026-02-23 15:05:00-05:00,194.68,195.03,194.66,194.87,217839.92
2026-02-23 15:10:00,194.865,194.9,194.55,194.645,168343.505937
2026-02-23 15:10:00-05:00,194.865,194.9,194.55,194.645,168343.51
2026-02-23 15:15:00,194.65,194.91,194.63,194.76,185528.505625
2026-02-23 15:15:00-05:00,194.65,194.91,194.63,194.76,185528.51
2026-02-23 15:20:00,194.78,194.91,194.68,194.8939,184038.69959699997
2026-02-23 15:20:00-05:00,194.78,194.91,194.68,194.8939,184038.7
2026-02-23 15:25:00,194.8851,195.05,194.62,194.92,241216.58629900002
2026-02-23 15:25:00-05:00,194.8851,195.05,194.62,194.92,241216.59
2026-02-23 15:30:00,194.9,195.65,194.88,195.57,289846.91627499997
2026-02-23 15:30:00-05:00,194.9,195.65,194.88,195.57,289846.92
2026-02-23 15:35:00,195.55,195.55,194.93,194.975,381972.987368
2026-02-23 15:35:00-05:00,195.55,195.55,194.93,194.975,381972.99
2026-02-23 15:40:00,194.98,195.22,194.9101,195.19,240665.29244899997
2026-02-23 15:40:00-05:00,194.98,195.22,194.9101,195.19,240665.29
2026-02-23 15:45:00,195.205,195.55,195.079,195.445,318022.432833
2026-02-23 15:45:00-05:00,195.205,195.55,195.079,195.445,318022.43
2026-02-23 15:50:00,195.46,195.99,195.46,195.865,571265.2759390001
2026-02-23 15:50:00-05:00,195.46,195.99,195.46,195.865,571265.28
2026-02-23 15:55:00,195.85,196.77,195.75,196.6,1391670.384199
2026-02-23 15:55:00-05:00,195.85,196.77,195.75,196.6,1391670.38
2026-02-24 09:30:00,211.63,213.43,207.25,210.4299,6220422.702563
2026-02-24 09:30:00-05:00,211.63,213.43,207.25,210.4299,6220422.7
2026-02-24 09:35:00,210.1832,212,208.35,208.645,2516764.904153
2026-02-24 09:35:00-05:00,210.1832,212,208.35,208.645,2516764.9
2026-02-24 09:40:00,208.73,209.06,206.5,207.71,2384274.845035
2026-02-24 09:40:00-05:00,208.73,209.06,206.5,207.71,2384274.85
2026-02-24 09:45:00,207.6,209.6,207.35,208.37,2146829.252913
2026-02-24 09:45:00-05:00,207.6,209.6,207.35,208.37,2146829.25
2026-02-24 09:50:00,208.32,210.7499,206.8,210.64,2243548.136126
2026-02-24 09:50:00-05:00,208.32,210.7499,206.8,210.64,2243548.14
2026-02-24 09:55:00,210.61,211.6,209.42,211.2901,1813447.159045
2026-02-24 09:55:00-05:00,210.61,211.6,209.42,211.2901,1813447.16
2026-02-24 10:00:00,211.345,211.36,209.57,210.12,1342694.6945989998
2026-02-24 10:00:00-05:00,211.345,211.36,209.57,210.12,1342694.69
2026-02-24 10:05:00,210.145,210.98,209.4,210.325,1052607.4170819998
2026-02-24 10:05:00-05:00,210.145,210.98,209.4,210.325,1052607.42
2026-02-24 10:10:00,210.325,210.5993,208.92,210.105,1365786.5020309999
2026-02-24 10:10:00-05:00,210.325,210.5993,208.92,210.105,1365786.5
2026-02-24 10:15:00,210.03,211.68,209.48,210.08,1174233.107172
2026-02-24 10:15:00-05:00,210.03,211.68,209.48,210.08,1174233.11
2026-02-24 10:20:00,210.135,211.95,210.06,211.4401,1173272.4114080002
2026-02-24 10:20:00-05:00,210.135,211.95,210.06,211.4401,1173272.41
2026-02-24 10:25:00,211.44,212.75,211.2801,212.46,1013926.946497
2026-02-24 10:25:00-05:00,211.44,212.75,211.2801,212.46,1013926.95
2026-02-24 10:30:00,212.485,212.75,211.4,211.68,904409.4303740001
2026-02-24 10:30:00-05:00,212.485,212.75,211.4,211.68,904409.43
2026-02-24 10:35:00,211.685,212.25,210.21,210.27,837394.2217280001
2026-02-24 10:35:00-05:00,211.685,212.25,210.21,210.27,837394.22
2026-02-24 10:40:00,210.265,210.6,208.96,209.19,1026627.33189
2026-02-24 10:40:00-05:00,210.265,210.6,208.96,209.19,1026627.33
2026-02-24 10:45:00,209.2158,209.94,209.0501,209.86,701850.640442
2026-02-24 10:45:00-05:00,209.2158,209.94,209.0501,209.86,701850.64
2026-02-24 10:50:00,209.853,211.0852,209.6,210.2977,953645.710285
2026-02-24 10:50:00-05:00,209.853,211.0852,209.6,210.2977,953645.71
2026-02-24 10:55:00,210.31,210.84,209.5603,209.93,640173.8403749999
2026-02-24 10:55:00-05:00,210.31,210.84,209.5603,209.93,640173.84
2026-02-24 11:00:00,209.93,211.3623,209.77,210.5899,676747.442546
2026-02-24 11:00:00-05:00,209.93,211.3623,209.77,210.5899,676747.44
2026-02-24 11:05:00,210.58,210.81,209.8,210.55,569613.4503189999
2026-02-24 11:05:00-05:00,210.58,210.81,209.8,210.55,569613.45
2026-02-24 11:10:00,210.55,211.12,210,210.85,478430.68305899994
2026-02-24 11:10:00-05:00,210.55,211.12,210,210.85,478430.68
2026-02-24 11:15:00,210.84,211.0899,210.45,210.795,412761.119348
2026-02-24 11:15:00-05:00,210.84,211.0899,210.45,210.795,412761.12
2026-02-24 11:20:00,210.8,211.34,210.4,211.11,742664.094802
2026-02-24 11:20:00-05:00,210.8,211.34,210.4,211.11,742664.09
2026-02-24 11:25:00,211.12,211.82,210.75,211.01,686880.783156
2026-02-24 11:25:00-05:00,211.12,211.82,210.75,211.01,686880.78
2026-02-24 11:30:00,211,211.2,210.03,210.3,611020.2821470001
2026-02-24 11:30:00-05:00,211,211.2,210.03,210.3,611020.28
2026-02-24 11:35:00,210.3124,210.57,209.6201,210.5051,579396.762353
2026-02-24 11:35:00-05:00,210.3124,210.57,209.6201,210.5051,579396.76
2026-02-24 11:40:00,210.536,211.04,210.07,210.92,535186.436806
2026-02-24 11:40:00-05:00,210.536,211.04,210.07,210.92,535186.44
2026-02-24 11:45:00,210.895,211.49,210.75,211.28,585519.289104
2026-02-24 11:45:00-05:00,210.895,211.49,210.75,211.28,585519.29
2026-02-24 11:50:00,211.245,212.12,211.2206,211.99,549471.868366
2026-02-24 11:50:00-05:00,211.245,212.12,211.2206,211.99,549471.87
2026-02-24 11:55:00,212.015,212.9607,211.92,212.86,920367.2053019999
2026-02-24 11:55:00-05:00,212.015,212.9607,211.92,212.86,920367.21
2026-02-24 12:00:00,212.87,213.35,212.62,212.98,939932.5671669999
2026-02-24 12:00:00-05:00,212.87,213.35,212.62,212.98,939932.57
2026-02-24 12:05:00,212.9707,214,212.8,213.9261,961829.974444
2026-02-24 12:05:00-05:00,212.9707,214,212.8,213.9261,961829.97
2026-02-24 12:10:00,213.93,214.5599,213.85,213.88,877531.640392
2026-02-24 12:10:00-05:00,213.93,214.5599,213.85,213.88,877531.64
2026-02-24 12:15:00,213.88,214.47,213.85,213.95,597728.32073
2026-02-24 12:15:00-05:00,213.88,214.47,213.85,213.95,597728.32
2026-02-24 12:20:00,213.95,214.96,213.85,214.8815,907760.881814
2026-02-24 12:20:00-05:00,213.95,214.96,213.85,214.8815,907760.88
2026-02-24 12:25:00,214.9082,214.92,214.15,214.47,570447.149654
2026-02-24 12:25:00-05:00,214.9082,214.92,214.15,214.47,570447.15
2026-02-24 12:30:00,214.4618,215.2,214.36,215.0587,729644.1627270001
2026-02-24 12:30:00-05:00,214.4618,215.2,214.36,215.0587,729644.16
2026-02-24 12:35:00,215.055,215.42,214.9201,215.1,586640.6453559999
2026-02-24 12:35:00-05:00,215.055,215.42,214.9201,215.1,586640.65
2026-02-24 12:40:00,215.11,215.58,214.76,215.555,630670.8561770001
2026-02-24 12:40:00-05:00,215.11,215.58,214.76,215.555,630670.86
2026-02-24 12:45:00,215.54,215.8186,214.99,215.68,699290.134477
2026-02-24 12:45:00-05:00,215.54,215.8186,214.99,215.68,699290.13
2026-02-24 12:50:00,215.685,216.39,215.52,216.23,889313.811328
2026-02-24 12:50:00-05:00,215.685,216.39,215.52,216.23,889313.81
2026-02-24 12:55:00,216.23,216.23,215.71,216.089,589495.482592
2026-02-24 12:55:00-05:00,216.23,216.23,215.71,216.089,589495.48
2026-02-24 13:00:00,216.06,216.629,215.95,216.55,708626.909632
2026-02-24 13:00:00-05:00,216.06,216.629,215.95,216.55,708626.91
2026-02-24 13:05:00,216.55,216.67,216.05,216.26,642449.483427
2026-02-24 13:05:00-05:00,216.55,216.67,216.05,216.26,642449.48
2026-02-24 13:10:00,216.25,216.71,216.11,216.155,505629.311576
2026-02-24 13:10:00-05:00,216.25,216.71,216.11,216.155,505629.31
2026-02-24 13:15:00,216.14,216.38,215.54,215.67,639112.263751
2026-02-24 13:15:00-05:00,216.14,216.38,215.54,215.67,639112.26
2026-02-24 13:20:00,215.64,216.49,215.5581,216.41,743012.28544
2026-02-24 13:20:00-05:00,215.64,216.49,215.5581,216.41,743012.29
2026-02-24 13:25:00,216.38,216.415,215.94,216.21,408948.53476600006
2026-02-24 13:25:00-05:00,216.38,216.415,215.94,216.21,408948.53
2026-02-24 13:30:00,216.21,216.5,216.07,216.395,427094.624562
2026-02-24 13:30:00-05:00,216.21,216.5,216.07,216.395,427094.62
2026-02-24 13:35:00,216.38,216.4,215.99,216.03,332577.32876299997
2026-02-24 13:35:00-05:00,216.38,216.4,215.99,216.03,332577.33
2026-02-24 13:40:00,216.02,216.24,214.51,214.5112,844997.1809110001
2026-02-24 13:40:00-05:00,216.02,216.24,214.51,214.5112,844997.18
2026-02-24 13:45:00,214.55,214.98,214.41,214.6901,611748.121801
2026-02-24 13:45:00-05:00,214.55,214.98,214.41,214.6901,611748.12
2026-02-24 13:50:00,214.68,215.05,214.17,214.31,542945.090084
2026-02-24 13:50:00-05:00,214.68,215.05,214.17,214.31,542945.09
2026-02-24 13:55:00,214.34,215.44,214.19,215.305,657059.885428
2026-02-24 13:55:00-05:00,214.34,215.44,214.19,215.305,657059.89
2026-02-24 14:00:00,215.32,215.64,214.58,214.84,452051.070475
2026-02-24 14:00:00-05:00,215.32,215.64,214.58,214.84,452051.07
2026-02-24 14:05:00,214.81,214.94,214.38,214.43,352536.38605900004
2026-02-24 14:05:00-05:00,214.81,214.94,214.38,214.43,352536.39
2026-02-24 14:10:00,214.4,214.4314,213.88,214.05,504570.8491
2026-02-24 14:10:00-05:00,214.4,214.4314,213.88,214.05,504570.85
2026-02-24 14:15:00,214.09,214.34,213.8502,214.02,401908.68593100004
2026-02-24 14:15:00-05:00,214.09,214.34,213.8502,214.02,401908.69
2026-02-24 14:20:00,214.0499,214.19,213.6,213.67,336804.238945
2026-02-24 14:20:00-05:00,214.0499,214.19,213.6,213.67,336804.24
2026-02-24 14:25:00,213.675,213.91,213.38,213.46,416642.69549199997
2026-02-24 14:25:00-05:00,213.675,213.91,213.38,213.46,416642.7
2026-02-24 14:30:00,213.475,214,213.45,213.8,282949.488069
2026-02-24 14:30:00-05:00,213.475,214,213.45,213.8,282949.49
2026-02-24 14:35:00,213.82,214.08,213.6,213.67,271505.99535599997
2026-02-24 14:35:00-05:00,213.82,214.08,213.6,213.67,271506
2026-02-24 14:40:00,213.65,214.2,213.51,213.955,354918.842184
2026-02-24 14:40:00-05:00,213.65,214.2,213.51,213.955,354918.84
2026-02-24 14:45:00,213.93,214.06,213.5,213.78,384464.852877
2026-02-24 14:45:00-05:00,213.93,214.06,213.5,213.78,384464.85
2026-02-24 14:50:00,213.81,214.35,213.78,214.12,407593.887155
2026-02-24 14:50:00-05:00,213.81,214.35,213.78,214.12,407593.89
2026-02-24 14:55:00,214.11,214.89,213.99,214.8,501072.974597
2026-02-24 14:55:00-05:00,214.11,214.89,213.99,214.8,501072.97
2026-02-24 15:00:00,214.8253,215.02,214.17,214.32,559386.3503279999
2026-02-24 15:00:00-05:00,214.8253,215.02,214.17,214.32,559386.35
2026-02-24 15:05:00,214.345,214.44,213.24,213.31,564780.173711
2026-02-24 15:05:00-05:00,214.345,214.44,213.24,213.31,564780.17
2026-02-24 15:10:00,213.295,213.93,213.2,213.73,456948.891307
2026-02-24 15:10:00-05:00,213.295,213.93,213.2,213.73,456948.89
2026-02-24 15:15:00,213.73,213.87,213.5,213.8199,368117.737113
2026-02-24 15:15:00-05:00,213.73,213.87,213.5,213.8199,368117.74
2026-02-24 15:20:00,213.814,213.83,212.54,212.552,671214.689807
2026-02-24 15:20:00-05:00,213.814,213.83,212.54,212.552,671214.69
2026-02-24 15:25:00,212.5472,213.1999,212.39,213.03,529634.681627
2026-02-24 15:25:00-05:00,212.5472,213.1999,212.39,213.03,529634.68
2026-02-24 15:30:00,213.04,213.8,212.99,213.77,433051.61995
2026-02-24 15:30:00-05:00,213.04,213.8,212.99,213.77,433051.62
2026-02-24 15:35:00,213.77,214.0736,213.55,213.85,514830.158617
2026-02-24 15:35:00-05:00,213.77,214.0736,213.55,213.85,514830.16
2026-02-24 15:40:00,213.85,214.34,213.77,214.23,617006.441339
2026-02-24 15:40:00-05:00,213.85,214.34,213.77,214.23,617006.44
2026-02-24 15:45:00,214.215,214.2999,213.79,213.9185,537466.9917
2026-02-24 15:45:00-05:00,214.215,214.2999,213.79,213.9185,537466.99
2026-02-24 15:50:00,213.91,214.43,213.23,213.37,1009509.694642
2026-02-24 15:50:00-05:00,213.91,214.43,213.23,213.37,1009509.69
2026-02-24 15:55:00,213.34,214.2,213.26,213.82,2043531.186005
2026-02-24 15:55:00-05:00,213.34,214.2,213.26,213.82,2043531.19
2026-02-25 09:30:00,214.82,216.7,211.85,212.11,2253786.026692
2026-02-25 09:30:00-05:00,214.82,216.7,211.85,212.11,2253786.03
2026-02-25 09:35:00,212.04,212.3,210.61,211.34,1453841.064969
2026-02-25 09:35:00-05:00,212.04,212.3,210.61,211.34,1453841.06
2026-02-25 09:40:00,211.3,211.96,210.33,211.67,1281124.596281
2026-02-25 09:40:00-05:00,211.3,211.96,210.33,211.67,1281124.6
2026-02-25 09:45:00,211.68,212.5699,210.86,211.95,1204515.106353
2026-02-25 09:45:00-05:00,211.68,212.5699,210.86,211.95,1204515.11
2026-02-25 09:50:00,212.027,213.95,211.8,213.6498,1029820.9124060001
2026-02-25 09:50:00-05:00,212.027,213.95,211.8,213.6498,1029820.91
2026-02-25 09:55:00,213.66,213.69,212.1,212.19,780501.058096
2026-02-25 09:55:00-05:00,213.66,213.69,212.1,212.19,780501.06
2026-02-25 10:00:00,212.19,213.3,211.8501,213.23,986571.440631
2026-02-25 10:00:00-05:00,212.19,213.3,211.8501,213.23,986571.44
2026-02-25 10:05:00,213.22,213.61,212.62,213.61,595184.379913
2026-02-25 10:05:00-05:00,213.22,213.61,212.62,213.61,595184.38
2026-02-25 10:10:00,213.565,213.86,213.02,213.07,426089.173309
2026-02-25 10:10:00-05:00,213.565,213.86,213.02,213.07,426089.17
2026-02-25 10:15:00,213.0741,213.55,212.5901,213.34,498036.529475
2026-02-25 10:15:00-05:00,213.0741,213.55,212.5901,213.34,498036.53
2026-02-25 10:20:00,213.36,213.79,213.1,213.5946,543775.348307
2026-02-25 10:20:00-05:00,213.36,213.79,213.1,213.5946,543775.35
2026-02-25 10:25:00,213.615,214.04,213.32,213.713,619088.288792
2026-02-25 10:25:00-05:00,213.615,214.04,213.32,213.713,619088.29
2026-02-25 10:30:00,213.75,214.04,213.03,213.1372,432404.60675299994
2026-02-25 10:30:00-05:00,213.75,214.04,213.03,213.1372,432404.61
2026-02-25 10:35:00,213.165,213.45,212.93,213.3,390908.41878099996
2026-02-25 10:35:00-05:00,213.165,213.45,212.93,213.3,390908.42
2026-02-25 10:40:00,213.305,213.55,212.3,212.6599,563911.2471650001
2026-02-25 10:40:00-05:00,213.305,213.55,212.3,212.6599,563911.25
2026-02-25 10:45:00,212.6552,212.6552,211.71,211.925,549935.777315
2026-02-25 10:45:00-05:00,212.6552,212.6552,211.71,211.925,549935.78
2026-02-25 10:50:00,211.925,212.075,211.45,211.85,465161.19579100003
2026-02-25 10:50:00-05:00,211.925,212.075,211.45,211.85,465161.2
2026-02-25 10:55:00,211.87,211.87,210.77,211.41,575423.891827
2026-02-25 10:55:00-05:00,211.87,211.87,210.77,211.41,575423.89
2026-02-25 11:00:00,211.405,212.08,211.26,211.955,632883.1669979999
2026-02-25 11:00:00-05:00,211.405,212.08,211.26,211.955,632883.17
2026-02-25 11:05:00,211.956,211.97,211.5,211.88,389842.488686
2026-02-25 11:05:00-05:00,211.956,211.97,211.5,211.88,389842.49
2026-02-25 11:10:00,211.88,211.88,211.13,211.57,597775.038523
2026-02-25 11:10:00-05:00,211.88,211.88,211.13,211.57,597775.04
2026-02-25 11:15:00,211.54,211.98,211.3417,211.86,498514.77108499996
2026-02-25 11:15:00-05:00,211.54,211.98,211.3417,211.86,498514.77
2026-02-25 11:20:00,211.85,211.89,210.95,211.06,556456.810896
2026-02-25 11:20:00-05:00,211.85,211.89,210.95,211.06,556456.81
2026-02-25 11:25:00,211.04,212.33,211.03,212.05,723399.106759
2026-02-25 11:25:00-05:00,211.04,212.33,211.03,212.05,723399.11
2026-02-25 11:30:00,212.05,213,212.02,212.93,567082.458245
2026-02-25 11:30:00-05:00,212.05,213,212.02,212.93,567082.46
2026-02-25 11:35:00,212.93,213.57,212.51,213.41,587166.205436
2026-02-25 11:35:00-05:00,212.93,213.57,212.51,213.41,587166.21
2026-02-25 11:40:00,213.415,214,213.28,213.7385,572297.662973
2026-02-25 11:40:00-05:00,213.415,214,213.28,213.7385,572297.66
2026-02-25 11:45:00,213.76,213.9599,212.71,212.755,520903.259333
2026-02-25 11:45:00-05:00,213.76,213.9599,212.71,212.755,520903.26
2026-02-25 11:50:00,212.73,212.8,211.93,211.9699,515209.871634
2026-02-25 11:50:00-05:00,212.73,212.8,211.93,211.9699,515209.87
2026-02-25 11:55:00,211.9667,212,211.2701,211.96,640095.3210110001
2026-02-25 11:55:00-05:00,211.9667,212,211.2701,211.96,640095.32
2026-02-25 12:00:00,211.94,212.43,211.85,212.23,582701.717367
2026-02-25 12:00:00-05:00,211.94,212.43,211.85,212.23,582701.72
2026-02-25 12:05:00,212.245,212.275,211.72,212.1,263251.491219
2026-02-25 12:05:00-05:00,212.245,212.275,211.72,212.1,263251.49
2026-02-25 12:10:00,212.09,212.46,211.95,212.4012,242176.77537900003
2026-02-25 12:10:00-05:00,212.09,212.46,211.95,212.4012,242176.78
2026-02-25 12:15:00,212.4,212.65,212.14,212.38,306977.649882
2026-02-25 12:15:00-05:00,212.4,212.65,212.14,212.38,306977.65
2026-02-25 12:20:00,212.3601,212.6,212.28,212.521,211479.555271
2026-02-25 12:20:00-05:00,212.3601,212.6,212.28,212.521,211479.56
2026-02-25 12:25:00,212.51,212.8885,212.51,212.805,258535.42070599995
2026-02-25 12:25:00-05:00,212.51,212.8885,212.51,212.805,258535.42
2026-02-25 12:30:00,212.8,212.82,212.36,212.4415,530275.9776789999
2026-02-25 12:30:00-05:00,212.8,212.82,212.36,212.4415,530275.98
2026-02-25 12:35:00,212.44,212.73,212.31,212.525,181252.25322900002
2026-02-25 12:35:00-05:00,212.44,212.73,212.31,212.525,181252.25
2026-02-25 12:40:00,212.51,213.06,212.37,212.76,265158.109023
2026-02-25 12:40:00-05:00,212.51,213.06,212.37,212.76,265158.11
2026-02-25 12:45:00,212.762,212.9797,212.652,212.745,192840.729239
2026-02-25 12:45:00-05:00,212.762,212.9797,212.652,212.745,192840.73
2026-02-25 12:50:00,212.74,213.0199,212.4,212.445,343407.291861
2026-02-25 12:50:00-05:00,212.74,213.0199,212.4,212.445,343407.29
2026-02-25 12:55:00,212.4512,212.6,212.2701,212.55,229750.669288
2026-02-25 12:55:00-05:00,212.4512,212.6,212.2701,212.55,229750.67
2026-02-25 13:00:00,212.56,212.63,212.15,212.215,182494.88455299998
2026-02-25 13:00:00-05:00,212.56,212.63,212.15,212.215,182494.88
2026-02-25 13:05:00,212.2131,212.35,212.17,212.34,320555.337495
2026-02-25 13:05:00-05:00,212.2131,212.35,212.17,212.34,320555.34
2026-02-25 13:10:00,212.33,212.55,212.2514,212.42,213206.936331
2026-02-25 13:10:00-05:00,212.33,212.55,212.2514,212.42,213206.94
2026-02-25 13:15:00,212.4144,212.4261,212.07,212.19,244818.692885
2026-02-25 13:15:00-05:00,212.4144,212.4261,212.07,212.19,244818.69
2026-02-25 13:20:00,212.18,212.46,211.96,212.3848,283271.343039
2026-02-25 13:20:00-05:00,212.18,212.46,211.96,212.3848,283271.34
2026-02-25 13:25:00,212.395,212.7427,212.37,212.46,233257.787534
2026-02-25 13:25:00-05:00,212.395,212.7427,212.37,212.46,233257.79
2026-02-25 13:30:00,212.4515,212.53,212.2501,212.37,205163.04231999998
2026-02-25 13:30:00-05:00,212.4515,212.53,212.2501,212.37,205163.04
2026-02-25 13:35:00,212.37,213.14,212.3101,213.08,332632.35566500004
2026-02-25 13:35:00-05:00,212.37,213.14,212.3101,213.08,332632.36
2026-02-25 13:40:00,213.1,213.7399,213.02,213.51,488579.12670200004
2026-02-25 13:40:00-05:00,213.1,213.7399,213.02,213.51,488579.13
2026-02-25 13:45:00,213.52,213.66,213.03,213.2601,399271.510086
2026-02-25 13:45:00-05:00,213.52,213.66,213.03,213.2601,399271.51
2026-02-25 13:50:00,213.265,213.4099,213.12,213.23,261856.67997600004
2026-02-25 13:50:00-05:00,213.265,213.4099,213.12,213.23,261856.68
2026-02-25 13:55:00,213.2477,213.2477,212.58,212.61,281185.451064
2026-02-25 13:55:00-05:00,213.2477,213.2477,212.58,212.61,281185.45
2026-02-25 14:00:00,212.6,212.91,212.6,212.8685,243214.429092
2026-02-25 14:00:00-05:00,212.6,212.91,212.6,212.8685,243214.43
2026-02-25 14:05:00,212.87,213.1599,212.36,212.48,428205.11824
2026-02-25 14:05:00-05:00,212.87,213.1599,212.36,212.48,428205.12
2026-02-25 14:10:00,212.47,212.84,212.32,212.74,306656.276476
2026-02-25 14:10:00-05:00,212.47,212.84,212.32,212.74,306656.28
2026-02-25 14:15:00,212.76,213.16,212.72,212.935,263648.613729
2026-02-25 14:15:00-05:00,212.76,213.16,212.72,212.935,263648.61
2026-02-25 14:20:00,212.9301,212.99,212.37,212.65,339766.73288799997
2026-02-25 14:20:00-05:00,212.9301,212.99,212.37,212.65,339766.73
2026-02-25 14:25:00,212.64,212.73,212.06,212.12,293842.592297
2026-02-25 14:25:00-05:00,212.64,212.73,212.06,212.12,293842.59
2026-02-25 14:30:00,212.1,212.1699,211.77,211.7803,362418.15264700004
2026-02-25 14:30:00-05:00,212.1,212.1699,211.77,211.7803,362418.15
2026-02-25 14:35:00,211.78,211.85,211.5,211.7597,390622.43866600003
2026-02-25 14:35:00-05:00,211.78,211.85,211.5,211.7597,390622.44
2026-02-25 14:40:00,211.77,211.91,211.44,211.6944,368434.344895
2026-02-25 14:40:00-05:00,211.77,211.91,211.44,211.6944,368434.34
2026-02-25 14:45:00,211.7,211.74,211.34,211.4225,314634.418292
2026-02-25 14:45:00-05:00,211.7,211.74,211.34,211.4225,314634.42
2026-02-25 14:50:00,211.4213,211.53,211.24,211.35,341421.277948
2026-02-25 14:50:00-05:00,211.4213,211.53,211.24,211.35,341421.28
2026-02-25 14:55:00,211.36,211.4799,211.1468,211.23,334656.845146
2026-02-25 14:55:00-05:00,211.36,211.4799,211.1468,211.23,334656.85
2026-02-25 15:00:00,211.22,211.23,210.8,211.1207,580589.733149
2026-02-25 15:00:00-05:00,211.22,211.23,210.8,211.1207,580589.73
2026-02-25 15:05:00,211.12,211.66,211.06,211.65,465703.099971
2026-02-25 15:05:00-05:00,211.12,211.66,211.06,211.65,465703.1
2026-02-25 15:10:00,211.63,211.8,211.31,211.665,449558.83692000003
2026-02-25 15:10:00-05:00,211.63,211.8,211.31,211.665,449558.84
2026-02-25 15:15:00,211.68,211.88,211.285,211.32,962794.973043
2026-02-25 15:15:00-05:00,211.68,211.88,211.285,211.32,962794.97
2026-02-25 15:20:00,211.37,211.5152,210.95,211.37,471251.962576
2026-02-25 15:20:00-05:00,211.37,211.5152,210.95,211.37,471251.96
2026-02-25 15:25:00,211.34,211.49,211.16,211.22,297914.203784
2026-02-25 15:25:00-05:00,211.34,211.49,211.16,211.22,297914.2
2026-02-25 15:30:00,211.2,211.2,210.64,210.96,660361.9940540001
2026-02-25 15:30:00-05:00,211.2,211.2,210.64,210.96,660361.99
2026-02-25 15:35:00,210.96,211.52,210.899,211.41,363441.373972
2026-02-25 15:35:00-05:00,210.96,211.52,210.899,211.41,363441.37
2026-02-25 15:40:00,211.39,211.56,211,211.06,419179.35895599995
2026-02-25 15:40:00-05:00,211.39,211.56,211,211.06,419179.36
2026-02-25 15:45:00,211.05,211.36,211.045,211.17,349291.397665
2026-02-25 15:45:00-05:00,211.05,211.36,211.045,211.17,349291.4
2026-02-25 15:50:00,211.16,211.22,210.75,210.97,715451.800796
2026-02-25 15:50:00-05:00,211.16,211.22,210.75,210.97,715451.8
2026-02-25 15:55:00,210.95,211.25,210.5,210.86,1448938.9985250002
2026-02-25 15:55:00-05:00,210.95,211.25,210.5,210.86,1448939
2026-02-26 09:30:00,208.8,209.79,204.63,204.75,1974199.519833
2026-02-26 09:30:00-05:00,208.8,209.79,204.63,204.75,1974199.52
2026-02-26 09:35:00,204.78,206.84,204.25,206.43,1321048.128204
2026-02-26 09:35:00-05:00,204.78,206.84,204.25,206.43,1321048.13
2026-02-26 09:40:00,206.3659,207.21,205.4,205.79,1157907.193298
2026-02-26 09:40:00-05:00,206.3659,207.21,205.4,205.79,1157907.19
2026-02-26 09:45:00,205.77,206.9499,205.28,205.51,655543.314836
2026-02-26 09:45:00-05:00,205.77,206.9499,205.28,205.51,655543.31
2026-02-26 09:50:00,205.5,206.48,204.67,206.48,685582.799462
2026-02-26 09:50:00-05:00,205.5,206.48,204.67,206.48,685582.8
2026-02-26 09:55:00,206.4241,206.8,205.3,205.875,539010.8443929999
2026-02-26 09:55:00-05:00,206.4241,206.8,205.3,205.875,539010.84
2026-02-26 10:00:00,205.86,207.83,205.77,207.31,767265.361426
2026-02-26 10:00:00-05:00,205.86,207.83,205.77,207.31,767265.36
2026-02-26 10:05:00,207.36,207.4,206.357,206.5,454787.928646
2026-02-26 10:05:00-05:00,207.36,207.4,206.357,206.5,454787.93
2026-02-26 10:10:00,206.61,207.49,205.43,205.43,597686.842334
2026-02-26 10:10:00-05:00,206.61,207.49,205.43,205.43,597686.84
2026-02-26 10:15:00,205.45,205.51,202.73,202.815,1086315.906118
2026-02-26 10:15:00-05:00,205.45,205.51,202.73,202.815,1086315.91
2026-02-26 10:20:00,202.84,203.36,202.05,202.23,766510.857706
2026-02-26 10:20:00-05:00,202.84,203.36,202.05,202.23,766510.86
2026-02-26 10:25:00,202.3,203.54,201.88,202.5501,748277.054188
2026-02-26 10:25:00-05:00,202.3,203.54,201.88,202.5501,748277.05
2026-02-26 10:30:00,202.55,202.83,201.85,201.94,472680.06027
2026-02-26 10:30:00-05:00,202.55,202.83,201.85,201.94,472680.06
2026-02-26 10:35:00,201.95,204.23,201.91,204.1,519391.26016099995
2026-02-26 10:35:00-05:00,201.95,204.23,201.91,204.1,519391.26
2026-02-26 10:40:00,204.1,204.8,203.98,204.61,530929.316582
2026-02-26 10:40:00-05:00,204.1,204.8,203.98,204.61,530929.32
2026-02-26 10:45:00,204.6345,204.85,203.42,203.92,400079.799248
2026-02-26 10:45:00-05:00,204.6345,204.85,203.42,203.92,400079.8
2026-02-26 10:50:00,203.89,204.27,203.09,203.3,369804.487414
2026-02-26 10:50:00-05:00,203.89,204.27,203.09,203.3,369804.49
2026-02-26 10:55:00,203.31,203.48,202.33,202.52,523971.37580100005
2026-02-26 10:55:00-05:00,203.31,203.48,202.33,202.52,523971.38
2026-02-26 11:00:00,202.52,203.28,202.47,203.195,448041.184638
2026-02-26 11:00:00-05:00,202.52,203.28,202.47,203.195,448041.18
2026-02-26 11:05:00,203.16,203.5379,202.53,203.015,318015.51058500004
2026-02-26 11:05:00-05:00,203.16,203.5379,202.53,203.015,318015.51
2026-02-26 11:10:00,203.01,203.23,202.52,202.84,320304.55747700005
2026-02-26 11:10:00-05:00,203.01,203.23,202.52,202.84,320304.56
2026-02-26 11:15:00,202.845,203.235,202.7601,202.87,410107.95995
2026-02-26 11:15:00-05:00,202.845,203.235,202.7601,202.87,410107.96
2026-02-26 11:20:00,202.85,203.58,202.84,203.46,451836.68559600005
2026-02-26 11:20:00-05:00,202.85,203.58,202.84,203.46,451836.69
2026-02-26 11:25:00,203.47,203.9214,203.33,203.46,396181.184399
2026-02-26 11:25:00-05:00,203.47,203.9214,203.33,203.46,396181.18
2026-02-26 11:30:00,203.43,203.87,203.27,203.53,330972.828712
2026-02-26 11:30:00-05:00,203.43,203.87,203.27,203.53,330972.83
2026-02-26 11:35:00,203.53,203.73,202.72,202.98,305289.83800700004
2026-02-26 11:35:00-05:00,203.53,203.73,202.72,202.98,305289.84
2026-02-26 11:40:00,202.95,203.39,202.62,202.665,260359.63248000003
2026-02-26 11:40:00-05:00,202.95,203.39,202.62,202.665,260359.63
2026-02-26 11:45:00,202.65,203,201.9,203,530835.05366
2026-02-26 11:45:00-05:00,202.65,203,201.9,203,530835.05
2026-02-26 11:50:00,202.96,203.24,202.4502,202.475,292677.349446
2026-02-26 11:50:00-05:00,202.96,203.24,202.4502,202.475,292677.35
2026-02-26 11:55:00,202.45,202.59,202.16,202.2146,247013.241254
2026-02-26 11:55:00-05:00,202.45,202.59,202.16,202.2146,247013.24
2026-02-26 12:00:00,202.18,202.9,202.18,202.88,269771.260629
2026-02-26 12:00:00-05:00,202.18,202.9,202.18,202.88,269771.26
2026-02-26 12:05:00,202.86,202.97,202.57,202.615,257096.28703399998
2026-02-26 12:05:00-05:00,202.86,202.97,202.57,202.615,257096.29
2026-02-26 12:10:00,202.6,202.78,202.1708,202.2311,238917.66635800002
2026-02-26 12:10:00-05:00,202.6,202.78,202.1708,202.2311,238917.67
2026-02-26 12:15:00,202.25,202.69,202.22,202.49,227645.530128
2026-02-26 12:15:00-05:00,202.25,202.69,202.22,202.49,227645.53
2026-02-26 12:20:00,202.46,202.53,202.23,202.4,212121.57756200002
2026-02-26 12:20:00-05:00,202.46,202.53,202.23,202.4,212121.58
2026-02-26 12:25:00,202.41,202.61,202.2,202.42,198201.714387
2026-02-26 12:25:00-05:00,202.41,202.61,202.2,202.42,198201.71
2026-02-26 12:30:00,202.39,203.31,202.37,203.2,299938.46874599997
2026-02-26 12:30:00-05:00,202.39,203.31,202.37,203.2,299938.47
2026-02-26 12:35:00,203.19,203.2,202.43,202.455,189639.449297
2026-02-26 12:35:00-05:00,203.19,203.2,202.43,202.455,189639.45
2026-02-26 12:40:00,202.47,202.56,202.16,202.235,231843.833443
2026-02-26 12:40:00-05:00,202.47,202.56,202.16,202.235,231843.83
2026-02-26 12:45:00,202.22,202.345,201.61,201.725,361007.818877
2026-02-26 12:45:00-05:00,202.22,202.345,201.61,201.725,361007.82
2026-02-26 12:50:00,201.74,202.3,201.63,202.06,270260.011446
2026-02-26 12:50:00-05:00,201.74,202.3,201.63,202.06,270260.01
2026-02-26 12:55:00,202.03,202.11,201.7701,202,176520.604901
2026-02-26 12:55:00-05:00,202.03,202.11,201.7701,202,176520.6
2026-02-26 13:00:00,202,202.23,201.83,201.92,269487.32161
2026-02-26 13:00:00-05:00,202,202.23,201.83,201.92,269487.32
2026-02-26 13:05:00,201.93,202.05,201.46,201.73,344846.150053
2026-02-26 13:05:00-05:00,201.93,202.05,201.46,201.73,344846.15
2026-02-26 13:10:00,201.7006,201.96,201.63,201.8,209962.70035
2026-02-26 13:10:00-05:00,201.7006,201.96,201.63,201.8,209962.7
2026-02-26 13:15:00,201.79,202.118,201.47,202.07,257246.822416
2026-02-26 13:15:00-05:00,201.79,202.118,201.47,202.07,257246.82
2026-02-26 13:20:00,202.05,202.21,201.78,202.21,216791.37942600003
2026-02-26 13:20:00-05:00,202.05,202.21,201.78,202.21,216791.38
2026-02-26 13:25:00,202.19,202.54,202.16,202.33,210622.958114
2026-02-26 13:25:00-05:00,202.19,202.54,202.16,202.33,210622.96
2026-02-26 13:30:00,202.32,203.44,202.3001,203.33,317242.42990600003
2026-02-26 13:30:00-05:00,202.32,203.44,202.3001,203.33,317242.43
2026-02-26 13:35:00,203.36,203.75,203.1,203.61,291225.621729
2026-02-26 13:35:00-05:00,203.36,203.75,203.1,203.61,291225.62
2026-02-26 13:40:00,203.65,203.81,203.3801,203.46,179854.11029799999
2026-02-26 13:40:00-05:00,203.65,203.81,203.3801,203.46,179854.11
2026-02-26 13:45:00,203.46,203.82,202.85,203.14,252930.167376
2026-02-26 13:45:00-05:00,203.46,203.82,202.85,203.14,252930.17
2026-02-26 13:50:00,203.12,203.4,202.93,203.185,151535.312977
2026-02-26 13:50:00-05:00,203.12,203.4,202.93,203.185,151535.31
2026-02-26 13:55:00,203.1875,203.28,203.04,203.07,173232.673506
2026-02-26 13:55:00-05:00,203.1875,203.28,203.04,203.07,173232.67
2026-02-26 14:00:00,203.07,203.75,203,203.675,203187.700115
2026-02-26 14:00:00-05:00,203.07,203.75,203,203.675,203187.7
2026-02-26 14:05:00,203.68,203.83,203.64,203.71,170572.386388
2026-02-26 14:05:00-05:00,203.68,203.83,203.64,203.71,170572.39
2026-02-26 14:10:00,203.72,203.97,203.5,203.58,258615.233316
2026-02-26 14:10:00-05:00,203.72,203.97,203.5,203.58,258615.23
2026-02-26 14:15:00,203.61,203.86,203.57,203.61,171384.587905
2026-02-26 14:15:00-05:00,203.61,203.86,203.57,203.61,171384.59
2026-02-26 14:20:00,203.595,203.79,203.4819,203.74,155022.104309
2026-02-26 14:20:00-05:00,203.595,203.79,203.4819,203.74,155022.1
2026-02-26 14:25:00,203.72,203.905,203.02,203.12,245732.20023099997
2026-02-26 14:25:00-05:00,203.72,203.905,203.02,203.12,245732.2
2026-02-26 14:30:00,203.08,203.63,202.955,203.62,207759.68027100002
2026-02-26 14:30:00-05:00,203.08,203.63,202.955,203.62,207759.68
2026-02-26 14:35:00,203.63,203.66,203.18,203.25,153040.040946
2026-02-26 14:35:00-05:00,203.63,203.66,203.18,203.25,153040.04
2026-02-26 14:40:00,203.23,203.57,203.14,203.495,164794.875505
2026-02-26 14:40:00-05:00,203.23,203.57,203.14,203.495,164794.88
2026-02-26 14:45:00,203.51,203.98,203.475,203.72,246645.191324
2026-02-26 14:45:00-05:00,203.51,203.98,203.475,203.72,246645.19
2026-02-26 14:50:00,203.71,204.0399,203.526,203.8,196403.762969
2026-02-26 14:50:00-05:00,203.71,204.0399,203.526,203.8,196403.76
2026-02-26 14:55:00,203.82,204,203.38,203.42,198550.53984699998
2026-02-26 14:55:00-05:00,203.82,204,203.38,203.42,198550.54
2026-02-26 15:00:00,203.42,203.8332,203.299,203.785,169740.62354300002
2026-02-26 15:00:00-05:00,203.42,203.8332,203.299,203.785,169740.62
2026-02-26 15:05:00,203.765,203.9,203.15,203.1645,200689.123068
2026-02-26 15:05:00-05:00,203.765,203.9,203.15,203.1645,200689.12
2026-02-26 15:10:00,203.19,203.49,203.01,203.01,294306.649815
2026-02-26 15:10:00-05:00,203.19,203.49,203.01,203.01,294306.65
2026-02-26 15:15:00,203.015,203.1903,202.72,203.1,315661.049322
2026-02-26 15:15:00-05:00,203.015,203.1903,202.72,203.1,315661.05
2026-02-26 15:20:00,203.0989,203.22,202.61,202.715,245163.527832
2026-02-26 15:20:00-05:00,203.0989,203.22,202.61,202.715,245163.53
2026-02-26 15:25:00,202.7299,202.96,202.43,202.5,292624.715064
2026-02-26 15:25:00-05:00,202.7299,202.96,202.43,202.5,292624.72
2026-02-26 15:30:00,202.47,203.34,202.47,203.34,297531.552238
2026-02-26 15:30:00-05:00,202.47,203.34,202.47,203.34,297531.55
2026-02-26 15:35:00,203.35,203.705,203.265,203.59,322954.65292100003
2026-02-26 15:35:00-05:00,203.35,203.705,203.265,203.59,322954.65
2026-02-26 15:40:00,203.59,203.63,203.28,203.58,268658.585839
2026-02-26 15:40:00-05:00,203.59,203.63,203.28,203.58,268658.59
2026-02-26 15:45:00,203.61,203.78,203.02,203.245,342023.476458
2026-02-26 15:45:00-05:00,203.61,203.78,203.02,203.245,342023.48
2026-02-26 15:50:00,203.26,203.81,203.23,203.74,529773.2943879999
2026-02-26 15:50:00-05:00,203.26,203.81,203.23,203.74,529773.29
2026-02-26 15:55:00,203.74,203.76,203.33,203.7,1147936.7239640001
2026-02-26 15:55:00-05:00,203.74,203.76,203.33,203.7,1147936.72
2026-02-27 09:30:00,200.105,200.38,198.01,199.925,1313257.284835
2026-02-27 09:35:00,199.93,200.5199,199.1,200.455,713434.3184529999
2026-02-27 09:40:00,200.4712,200.49,198.78,199.4901,600124.836671
2026-02-27 09:45:00,199.5,201.13,199.1603,200.955,601797.510925
2026-02-27 09:50:00,200.97,201,199.26,200.045,572025.062979
2026-02-27 09:55:00,200.0415,200.29,199.71,199.8867,494536.784983
2026-02-27 10:00:00,199.84,200.899,199.5501,200.31,537910.1609210001
2026-02-27 10:05:00,200.34,201.37,200.2208,201.0375,535472.25483
2026-02-27 10:10:00,201.1199,201.89,200.8801,201.0501,632626.05571
2026-02-27 10:15:00,201.115,201.39,200.15,200.5725,443240.43535799993
2026-02-27 10:20:00,200.55,201.185,200.4,200.97,282601.857167
2026-02-27 10:25:00,200.92,201.2,200.4996,200.84,304457.589607
2026-02-27 10:30:00,200.85,200.89,199.65,199.9399,460932.67967499996
2026-02-27 10:35:00,199.9382,200.5799,199.8001,200.3043,317800.492865
2026-02-27 10:40:00,200.325,200.79,200.05,200.665,320489.31452
2026-02-27 10:45:00,200.665,201.04,200.36,200.495,306368.84899400006
2026-02-27 10:50:00,200.53,200.5441,199.8,200.02,309495.88711400004
2026-02-27 10:55:00,200.025,200.81,199.975,200.72,267545.691105
2026-02-27 11:00:00,200.7,201.14,200.53,200.985,322813.67883
2026-02-27 11:05:00,200.97,201.05,200.22,200.2301,208464.161183
2026-02-27 11:10:00,200.2551,200.49,199.93,200.38,248748.70594
2026-02-27 11:15:00,200.385,201.0099,200.38,200.51,261443.73593599998
2026-02-27 11:20:00,200.51,200.56,200.12,200.5,190141.98791499998
2026-02-27 11:25:00,200.477,200.7365,200.3456,200.37,228603.71133000002
2026-02-27 11:30:00,200.39,200.8,200.3778,200.44,187925.74009600002
2026-02-27 11:35:00,200.44,200.7,200.16,200.28,246818.76574600002
2026-02-27 11:40:00,200.2503,200.3,199.52,199.6,270439.182872
2026-02-27 11:45:00,199.61,199.8499,199.37,199.565,280923.42148499994
2026-02-27 11:50:00,199.575,200.2799,199.55,200.17,222849.04932299998
2026-02-27 11:55:00,200.18,200.45,199.95,199.97,411727.11119200004
2026-02-27 12:00:00,200,200.56,199.96,200.3901,159373.609257
2026-02-27 12:05:00,200.39,200.91,200.26,200.749,172827.04784900002
2026-02-27 12:10:00,200.76,200.77,199.534,199.58,270644.840558
2026-02-27 12:15:00,199.6,200.07,199.55,199.92,238586.35540600002
2026-02-27 12:20:00,199.9,199.92,198.9,199.235,370722.48704100004
2026-02-27 12:25:00,199.24,199.44,199.04,199.43,239981.26328900002
2026-02-27 12:30:00,199.43,199.9,199.12,199.82,303131.19931500003
2026-02-27 12:35:00,199.8,199.8204,199.24,199.275,165109.88379599998
2026-02-27 12:40:00,199.2649,199.32,198.945,199.1196,240742.05986200002
2026-02-27 12:45:00,199.125,199.22,198.85,199.1401,165773.039512
2026-02-27 12:50:00,199.145,199.36,198.917,199.195,152172.880477
2026-02-27 12:55:00,199.21,199.4399,199.185,199.35,107548.46854999999
2026-02-27 13:00:00,199.365,199.51,199.0701,199.18,160195.651346
2026-02-27 13:05:00,199.17,199.445,198.9301,199.1,126009.788081
2026-02-27 13:10:00,199.0799,199.09,198.8,198.85,187525.662739
2026-02-27 13:15:00,198.82,198.8701,198.39,198.43,281503.384024
2026-02-27 13:20:00,198.4252,198.48,198.08,198.32,275713.330375
2026-02-27 13:25:00,198.32,198.48,197.97,198.355,356273.079039
2026-02-27 13:30:00,198.3784,198.44,197.95,198.07,200739.697695
2026-02-27 13:35:00,198.08,198.24,197.99,198.09,141502.93963
2026-02-27 13:40:00,198.08,198.45,197.9383,197.96,209088.22577800002
2026-02-27 13:45:00,197.97,198.03,197.74,197.85,219929.08739300002
2026-02-27 13:50:00,197.83,198.08,197.74,198.018,179159.65430499997
2026-02-27 13:55:00,197.98,198.0852,197.82,197.9282,150195.62415
2026-02-27 14:00:00,197.91,198.45,197.88,198.37,267564.264876
2026-02-27 14:05:00,198.37,198.54,197.8701,197.94,273446.332672
2026-02-27 14:10:00,197.92,198.16,197.76,198,178963.894272
2026-02-27 14:15:00,198.015,198.258,197.99,198.185,190158.239848
2026-02-27 14:20:00,198.2,198.2373,198.04,198.13,177064.537965
2026-02-27 14:25:00,198.14,198.33,198,198.16,175810.146907
2026-02-27 14:30:00,198.15,198.4,198.04,198.295,169558.15213599996
2026-02-27 14:35:00,198.31,198.4294,198.12,198.16,180491.888538
2026-02-27 14:40:00,198.1501,198.2,197.88,198.12,191698.365442
2026-02-27 14:45:00,198.105,198.22,197.94,198.04,241875.88960599998
2026-02-27 14:50:00,198.05,198.77,198.04,198.6701,266945.27876200003
2026-02-27 14:55:00,198.69,198.9394,198.6016,198.78,217136.50922199996
2026-02-27 15:00:00,198.78,199.06,198.75,198.76,221274.61426099998
2026-02-27 15:05:00,198.75,199.11,198.61,198.95,226688.46009
2026-02-27 15:10:00,198.955,199.41,198.93,199.32,280501.520501
2026-02-27 15:15:00,199.299,199.7636,199.29,199.63,312070.61097599997
2026-02-27 15:20:00,199.63,199.91,199.59,199.835,268670.573309
2026-02-27 15:25:00,199.83,199.8888,199.43,199.4528,255478.203845
2026-02-27 15:30:00,199.45,199.81,199.4116,199.63,261906.05345199996
2026-02-27 15:35:00,199.625,199.685,199.19,199.32,282194.101513
2026-02-27 15:40:00,199.36,199.6,199.28,199.33,271456.556389
2026-02-27 15:45:00,199.34,199.829,199.3,199.73,384568.452541
2026-02-27 15:50:00,199.75,200.23,199.49,200.025,745979.3626300001
2026-02-27 15:55:00,200.02,200.62,199.985,200.195,1391880.890534
2026-03-02 09:30:00,193.845,195.0999,190,194.5115,2590263.824096
2026-03-02 09:35:00,194.49,195.4,192.75,192.97,1082772.106918
2026-03-02 09:40:00,192.9231,194.13,191.8,193.805,1421876.519642
2026-03-02 09:45:00,193.73,195.2699,193.3363,195.13,1042877.402541
2026-03-02 09:50:00,195.17,195.3,193.6012,194.07,660042.237462
2026-03-02 09:55:00,194.04,194.2299,193.12,193.6,632176.0333250001
2026-03-02 10:00:00,193.5,195.08,192.73,195.0195,708105.6116
2026-03-02 10:05:00,195.06,196,194.8,195.86,668402.74321
2026-03-02 10:10:00,195.87,196.1,195.11,195.16,551091.6355940001
2026-03-02 10:15:00,195.2,195.31,194.5,194.81,499318.72806
2026-03-02 10:20:00,194.81,195.1399,193.9,194.32,492749.641782
2026-03-02 10:25:00,194.3493,194.7282,193.32,193.7,460533.886778
2026-03-02 10:30:00,193.67,194.02,193.15,193.6,618045.984904
2026-03-02 10:35:00,193.6,194.74,193.25,194.74,603637.1147919999
2026-03-02 10:40:00,194.7469,195.25,194.42,194.885,517136.521207
2026-03-02 10:45:00,194.865,195.2,194.7301,195.02,344361.22209399997
2026-03-02 10:50:00,194.995,195.53,194.25,194.4,406386.850185
2026-03-02 10:55:00,194.425,194.98,194.38,194.61,262085.51562299998
2026-03-02 11:00:00,194.63,194.79,194.08,194.41,354725.25758
2026-03-02 11:05:00,194.445,195.26,194.2,195.016,370382.373172
2026-03-02 11:10:00,195.02,195.38,194.75,194.892,424576.263341
2026-03-02 11:15:00,194.885,195,194.25,194.6778,358273.870948
2026-03-02 11:20:00,194.6921,195.07,194.4901,194.78,284525.207849
2026-03-02 11:25:00,194.825,195.105,194.58,195.06,301325.921129
2026-03-02 11:30:00,195.06,195.65,194.87,195.55,341803.23264099995
2026-03-02 11:35:00,195.5222,196.48,195.26,196.445,390935.334298
2026-03-02 11:40:00,196.42,197.11,196.3508,197.1,405121.692303
2026-03-02 11:45:00,197.0943,197.31,196.8301,196.87,394037.164526
2026-03-02 11:50:00,196.91,197.06,196.39,196.7601,299906.949323
2026-03-02 11:55:00,196.79,197.1,196.3717,196.9313,258597.27136500002
2026-03-02 12:00:00,196.93,196.97,196.4,196.4401,303990.851042
2026-03-02 12:05:00,196.435,196.97,196.28,196.92,307134.137298
2026-03-02 12:10:00,196.91,197.33,196.5972,197.23,245665.97480100003
2026-03-02 12:15:00,197.27,197.77,197.19,197.7,259619.295905
2026-03-02 12:20:00,197.67,198.0777,197.39,197.9716,223949.61810599998
2026-03-02 12:25:00,198,198,197.585,197.715,236063.95065499996
2026-03-02 12:30:00,197.705,197.95,197.45,197.54,237035.728256
2026-03-02 12:35:00,197.58,197.83,197.34,197.435,188211.45446500002
2026-03-02 12:40:00,197.4532,197.67,197.18,197.43,170156.024059
2026-03-02 12:45:00,197.36,197.83,197.15,197.695,248611.037273
2026-03-02 12:50:00,197.67,197.887,197.49,197.53,190599.614329
2026-03-02 12:55:00,197.58,197.58,197.2101,197.28,183425.67096299998
2026-03-02 13:00:00,197.36,197.45,197,197.25,222452.679651
2026-03-02 13:05:00,197.26,197.3,196.81,196.81,186292.68909000003
2026-03-02 13:10:00,196.82,196.9,196.44,196.62,247852.060348
2026-03-02 13:15:00,196.6,197.09,196.52,196.6897,214464.067624
2026-03-02 13:20:00,196.66,196.72,196.35,196.42,181706.660828
2026-03-02 13:25:00,196.415,197.02,196.32,196.75,205265.47845300002
2026-03-02 13:30:00,196.79,196.99,196.45,196.97,205749.74312199999
2026-03-02 13:35:00,196.98,197.09,196.71,196.955,184126.465097
2026-03-02 13:40:00,196.965,197.09,196.78,197.04,143784.72740899998
2026-03-02 13:45:00,197,197,196.4,196.71,164721.37979900002
2026-03-02 13:50:00,196.755,196.8099,196.4529,196.6655,122928.12670699999
2026-03-02 13:55:00,196.63,196.7,196.3005,196.4723,172658.910611
2026-03-02 14:00:00,196.53,196.74,196.35,196.525,153779.114317
2026-03-02 14:05:00,196.5,196.74,196.06,196.7,251919.49580799998
2026-03-02 14:10:00,196.7,196.84,196.3501,196.63,228136.900982
2026-03-02 14:15:00,196.6699,197.48,196.66,197.34,294593.82365700003
2026-03-02 14:20:00,197.28,197.47,197.19,197.285,154208.11771599998
2026-03-02 14:25:00,197.31,197.44,197.06,197.225,167686.646757
2026-03-02 14:30:00,197.235,197.6079,197.19,197.55,144702.173002
2026-03-02 14:35:00,197.585,197.94,197.5101,197.755,201255.06750399998
2026-03-02 14:40:00,197.755,198.15,197.69,197.995,259109.26412200002
2026-03-02 14:45:00,198.02,198.12,197.815,198.09,209117.26498600002
2026-03-02 14:50:00,198.09,198.37,197.83,198.3,264559.444592
2026-03-02 14:55:00,198.28,198.3099,197.966,198.1025,200371.351412
2026-03-02 15:00:00,198.05,198.22,197.616,197.79,228073.234791
2026-03-02 15:05:00,197.79,197.97,197.03,197.27,305155.570115
2026-03-02 15:10:00,197.26,197.26,196.66,196.905,318170.488546
2026-03-02 15:15:00,196.89,197.58,196.5101,197.24,306615.295714
2026-03-02 15:20:00,197.29,197.43,196.99,197.12,178652.55677199998
2026-03-02 15:25:00,197.09,197.2156,196.72,196.81,204248.037762
2026-03-02 15:30:00,196.83,197.49,196.73,197.48,243977.405361
2026-03-02 15:35:00,197.44,197.75,197.08,197.69,223796.16783899997
2026-03-02 15:40:00,197.69,197.84,197.39,197.83,269544.97095
2026-03-02 15:45:00,197.82,198.18,197.72,198.065,347116.799783
2026-03-02 15:50:00,198.05,198.412,197.73,198.4,959612.2245580001
2026-03-02 15:55:00,198.38,198.74,198.27,198.61,1251400.544914
2026-03-03 09:30:00,191.46,193.64,190.88,192.595,1517917.562624
2026-03-03 09:35:00,192.59,192.91,191.39,191.725,848352.518131
2026-03-03 09:40:00,191.725,191.91,190.13,190.65,883533.071588
2026-03-03 09:45:00,190.66,191.88,190.01,190.605,737573.262377
2026-03-03 09:50:00,190.64,191.76,190.36,191.51,629866.1227490001
2026-03-03 09:55:00,191.5199,191.75,190.25,190.32,579226.60353
2026-03-03 10:00:00,190.27,191.27,189.83,190.31,1022347.106436
2026-03-03 10:05:00,190.2951,191.17,189.9301,190.935,492410.66961099993
2026-03-03 10:10:00,190.91,191.19,190.2501,190.87,344372.176679
2026-03-03 10:15:00,190.93,191.03,189.225,189.405,770462.8954990001
2026-03-03 10:20:00,189.38,189.59,188.74,188.97,683983.6742169999
2026-03-03 10:25:00,188.93,189.08,188.53,188.7351,560271.057026
2026-03-03 10:30:00,188.71,190.035,188.69,189.23,780511.706605
2026-03-03 10:35:00,189.3096,190.18,189.3096,189.71,501421.314215
2026-03-03 10:40:00,189.66,189.94,189.1761,189.38,358349.225984
2026-03-03 10:45:00,189.375,190.05,189.03,189.2404,376966.2767599999
2026-03-03 10:50:00,189.22,189.73,188.22,188.27,586926.265376
2026-03-03 10:55:00,188.29,189.3301,188.25,189.26,377474.748557
2026-03-03 11:00:00,189.27,190.585,189.18,190.3901,604424.257174
2026-03-03 11:05:00,190.39,191.25,190.29,190.535,670092.302062
2026-03-03 11:10:00,190.5,190.58,189.82,190.19,359697.868609
2026-03-03 11:15:00,190.16,191.3,190.16,190.86,388204.767555
2026-03-03 11:20:00,190.9,191.28,190.44,191.23,390137.767216
2026-03-03 11:25:00,191.17,191.3,190.8801,191.005,312373.189576
2026-03-03 11:30:00,190.995,191.0562,190.18,190.5373,388981.025765
2026-03-03 11:35:00,190.51,190.88,190.2,190.7,282962.759807
2026-03-03 11:40:00,190.7051,190.8999,190.2,190.7001,285270.724951
2026-03-03 11:45:00,190.79,191.69,190.68,191.11,434972.02164299996
2026-03-03 11:50:00,191.095,191.21,190.6,190.835,213519.433024
2026-03-03 11:55:00,190.87,191.54,190.7817,190.93,258999.892067
2026-03-03 12:00:00,190.96,191.37,190.78,191.21,232643.40156600002
2026-03-03 12:05:00,191.25,191.27,190.47,190.49,234401.92957999997
2026-03-03 12:10:00,190.525,190.88,190.3,190.82,210783.37082799996
2026-03-03 12:15:00,190.7893,191.155,190.535,191.155,185070.6362
2026-03-03 12:20:00,191.18,191.63,190.76,191.54,199651.42151400002
2026-03-03 12:25:00,191.56,191.6001,191.235,191.4,194288.612517
2026-03-03 12:30:00,191.4,191.43,190.1,190.285,293257.419548
2026-03-03 12:35:00,190.309,191.24,190.21,191.02,317656.56534
2026-03-03 12:40:00,191.05,192.0694,191.04,191.84,454382.846397
2026-03-03 12:45:00,191.8,191.85,191.19,191.4399,219229.31958
2026-03-03 12:50:00,191.4,191.44,190.68,190.7901,205855.877306
2026-03-03 12:55:00,190.78,191.07,190.64,190.9,226029.689029
2026-03-03 13:00:00,190.98,191.45,190.92,191.22,222766.531866
2026-03-03 13:05:00,191.21,191.5599,191.09,191.55,179177.056228
2026-03-03 13:10:00,191.57,191.65,191.22,191.58,222159.620292
2026-03-03 13:15:00,191.57,191.69,191.29,191.4701,160080.993461
2026-03-03 13:20:00,191.47,192.2,191.44,192.17,246117.98381200002
2026-03-03 13:25:00,192.1799,192.18,191.42,191.4304,425311.86397299997
2026-03-03 13:30:00,191.47,191.86,191.3301,191.78,276748.28562
2026-03-03 13:35:00,191.75,191.91,191.54,191.86,227067.53927100002
2026-03-03 13:40:00,191.92,192.42,191.75,191.98,274294.616345
2026-03-03 13:45:00,191.95,192.01,191.49,191.94,210332.480033
2026-03-03 13:50:00,191.96,192.3,191.83,192,224992.733366
2026-03-03 13:55:00,191.93,192.09,191.7,191.95,173428.758098
2026-03-03 14:00:00,191.98,192.19,191.72,192.05,337792.749971
2026-03-03 14:05:00,192.05,192.09,191.1,191.1308,216396.72724799998
2026-03-03 14:10:00,191.12,191.46,191.02,191.39,672551.983063
2026-03-03 14:15:00,191.41,191.7699,191.269,191.6,220648.378846
2026-03-03 14:20:00,191.61,191.98,191.59,191.81,243656.861056
2026-03-03 14:25:00,191.81,191.83,191.255,191.3,195029.278701
2026-03-03 14:30:00,191.31,191.51,190.93,191,249767.825554
2026-03-03 14:35:00,191.01,192.26,190.81,192.09,512340.975524
2026-03-03 14:40:00,192.11,192.49,191.76,191.76,404333.026666
2026-03-03 14:45:00,191.7601,192.55,191.7601,192.055,340423.776592
2026-03-03 14:50:00,192,192.12,191.25,191.52,306808.047937
2026-03-03 14:55:00,191.52,191.74,191.15,191.68,316182.65924
2026-03-03 15:00:00,191.69,192.225,191.51,191.84,267531.61280199996
2026-03-03 15:05:00,191.7802,191.805,191.3401,191.47,254814.51869499998
2026-03-03 15:10:00,191.465,191.5689,190.79,190.79,306633.434758
2026-03-03 15:15:00,190.78,191.18,190.59,190.78,350968.23130900005
2026-03-03 15:20:00,190.79,191.1994,190.78,191.105,318325.909013
2026-03-03 15:25:00,191.1,191.38,190.98,191.24,418444.84796999994
2026-03-03 15:30:00,191.23,191.51,191.13,191.22,397318.92495099996
2026-03-03 15:35:00,191.23,191.68,191.23,191.5958,452755.818598
2026-03-03 15:40:00,191.61,191.7,191.09,191.28,364732.082487
2026-03-03 15:45:00,191.3,191.39,190.91,191.0593,427516.806288
2026-03-03 15:50:00,191.06,191.28,190.65,190.745,697908.99387
2026-03-03 15:55:00,190.77,191.15,190.5,190.97,1498870.066761
2026-03-04 09:30:00,192.12,193.58,189.86,193.11,1637357.5446160003
2026-03-04 09:35:00,193.06,193.5,192.31,192.97,589239.554124
2026-03-04 09:40:00,193.05,193.66,192.12,192.705,544658.054802
2026-03-04 09:45:00,192.705,195.34,192.3586,194.33,947635.5756089999
2026-03-04 09:50:00,194.38,195.2,193.98,194.335,526932.103131
2026-03-04 09:55:00,194.34,195.2,193.7,195.18,553458.369336
2026-03-04 10:00:00,195.2,196.47,195.2,196.03,899198.125117
2026-03-04 10:05:00,196.02,196.92,195.61,196.74,677184.437793
2026-03-04 10:10:00,196.74,196.75,195.78,196.24,589798.871703
2026-03-04 10:15:00,196.255,196.68,196.2,196.295,521069.853568
2026-03-04 10:20:00,196.28,197,196.09,196.94,549336.32944
2026-03-04 10:25:00,196.98,196.99,196.17,196.28,449116.80574
2026-03-04 10:30:00,196.26,197.7,196.1501,197.21,656831.743841
2026-03-04 10:35:00,197.24,197.69,196.87,196.997,504548.837461
2026-03-04 10:40:00,196.99,197.3,196.74,196.9299,378560.11531200004
2026-03-04 10:45:00,196.93,197.2,196.4,197.11,371884.107692
2026-03-04 10:50:00,197.2,197.86,196.9,197.83,656233.131748
2026-03-04 10:55:00,197.83,198.54,197.74,198.17,626715.992978
2026-03-04 11:00:00,198.18,198.27,197.5166,197.54,386175.410954
2026-03-04 11:05:00,197.54,197.87,197.18,197.215,360281.40466600005
2026-03-04 11:10:00,197.2,197.2,196.6,197.07,396873.979633
2026-03-04 11:15:00,197.07,197.59,196.7,196.92,398097.764357
2026-03-04 11:20:00,196.915,197.24,196.57,197.1637,282354.795706
2026-03-04 11:25:00,197.15,198.35,197.04,197.85,419246.977481
2026-03-04 11:30:00,197.82,198.2355,197.6,197.875,300116.23707200005
2026-03-04 11:35:00,197.84,198.02,197.18,197.63,258210.12299499998
2026-03-04 11:40:00,197.6112,198.28,197.4,197.93,341385.878347
2026-03-04 11:45:00,197.915,198.17,197.78,198.12,213181.991814
2026-03-04 11:50:00,198.14,198.6566,197.92,198.435,364123.381571
2026-03-04 11:55:00,198.43,198.96,198.36,198.92,362393.787984
2026-03-04 12:00:00,198.95,199.44,198.86,199.415,449891.08631000004
2026-03-04 12:05:00,199.42,199.86,199.2936,199.405,513527.124694
2026-03-04 12:10:00,199.42,199.76,199.27,199.54,311131.283421
2026-03-04 12:15:00,199.55,199.84,199.41,199.81,366972.21313099994
2026-03-04 12:20:00,199.81,199.9,199.52,199.8301,294577.75121599995
2026-03-04 12:25:00,199.86,200.27,199.79,200.18,583494.6050059999
2026-03-04 12:30:00,200.18,200.22,199.45,200.13,405824.159493
2026-03-04 12:35:00,200.145,200.72,199.9701,200.15,518993.153147
2026-03-04 12:40:00,200.121,200.52,200.08,200.4,341788.84155
2026-03-04 12:45:00,200.41,200.7,200.31,200.4501,282071.298739
2026-03-04 12:50:00,200.41,201.0399,200.26,201.015,375211.462269
2026-03-04 12:55:00,201.03,201.37,200.84,201.12,412341.97611
2026-03-04 13:00:00,201.12,201.26,200.67,200.71,307325.650732
2026-03-04 13:05:00,200.715,200.93,200.48,200.68,269712.54905599996
2026-03-04 13:10:00,200.68,201.08,200.43,201.0101,307626.132408
2026-03-04 13:15:00,201.025,201.335,200.8,200.85,340103.07274999993
2026-03-04 13:20:00,200.835,201.15,200.7101,201.05,246673.35567800002
2026-03-04 13:25:00,201.05,201.5,200.94,201.29,346402.62653300003
2026-03-04 13:30:00,201.3,201.85,201.29,201.6348,357959.343915
2026-03-04 13:35:00,201.64,201.7455,201.14,201.25,298798.43130399997
2026-03-04 13:40:00,201.24,201.78,201.24,201.6589,291283.439227
2026-03-04 13:45:00,201.66,201.99,201.5,201.955,293666.027888
2026-03-04 13:50:00,201.955,202.44,201.8,201.8401,510122.1609380001
2026-03-04 13:55:00,201.87,201.9894,201.5701,201.8812,337408.67197100003
2026-03-04 14:00:00,201.9,202.05,201.66,201.8,201787.42583900003
2026-03-04 14:05:00,201.79,201.84,201.48,201.631,266913.915731
2026-03-04 14:10:00,201.65,202.0755,201.46,201.97,327298.37709200004
2026-03-04 14:15:00,201.9999,202.011,201.661,201.8,242417.90436900003
2026-03-04 14:20:00,201.78,201.82,201.37,201.475,259330.562667
2026-03-04 14:25:00,201.47,201.4967,201.05,201.12,316219.588742
2026-03-04 14:30:00,201.1,201.74,201.07,201.59,325432.635958
2026-03-04 14:35:00,201.5558,202.23,201.5558,202.1701,330852.65186899994
2026-03-04 14:40:00,202.18,202.33,202.07,202.0943,355441.275363
2026-03-04 14:45:00,202.08,202.3,201.87,202.11,479090.51474799996
2026-03-04 14:50:00,202.11,202.41,202.015,202.41,259694.074529
2026-03-04 14:55:00,202.409,202.41,201.92,201.99,329596.714345
2026-03-04 15:00:00,201.97,202.2799,201.7501,201.97,303494.88584500004
2026-03-04 15:05:00,201.99,202.06,201.55,201.86,308662.700261
2026-03-04 15:10:00,201.88,202.01,201.36,201.41,399396.472416
2026-03-04 15:15:00,201.43,201.7,201.27,201.4564,343050.864655
2026-03-04 15:20:00,201.445,201.56,201.18,201.2855,272259.993856
2026-03-04 15:25:00,201.2899,201.4999,201.17,201.25,421874.719464
2026-03-04 15:30:00,201.24,201.29,200.89,201,361516.97344
2026-03-04 15:35:00,201.01,201.41,200.97,201.165,349291.898158
2026-03-04 15:40:00,201.165,201.69,201.04,201.58,453421.390886
2026-03-04 15:45:00,201.57,201.76,201.3502,201.54,702527.673327
2026-03-04 15:50:00,201.53,201.97,200.85,201.88,784031.37263
2026-03-04 15:55:00,201.85,202.22,201.61,202.01,1651135.4799429998
2026-03-05 09:30:00,197.77,202.6999,197.39,201.943,1330754.6844389997
2026-03-05 09:35:00,201.95,202.06,200.02,200.64,940110.6663879999
2026-03-05 09:40:00,200.6436,201,199.7,200.56,657225.588847
2026-03-05 09:45:00,200.56,202.87,200.03,202.215,675015.5276779999
2026-03-05 09:50:00,202.27,203.79,202.061,202.9899,890667.108528
2026-03-05 09:55:00,202.83,203.48,201.6,201.74,686494.8238250001
2026-03-05 10:00:00,201.7,202.578,201.61,201.8625,517946.66370400006
2026-03-05 10:05:00,201.82,202.2412,201.39,202.105,367300.575411
2026-03-05 10:10:00,202.17,203.1,202.1101,202.8999,758778.9416509998
2026-03-05 10:15:00,202.825,203,202.0601,202.2201,311024.95470199996
2026-03-05 10:20:00,202.2651,202.4284,201.12,201.155,376331.815482
2026-03-05 10:25:00,201.155,201.3019,200.42,200.615,388061.000464
2026-03-05 10:30:00,200.67,200.78,199.5,200.315,603858.855446
2026-03-05 10:35:00,200.315,201.27,200.24,200.92,354963.55810200004
2026-03-05 10:40:00,200.99,201.5399,200.89,201.1912,398142.283252
2026-03-05 10:45:00,201.21,201.9399,201.04,201.61,280288.269378
2026-03-05 10:50:00,201.64,202.55,201.53,202.32,322415.750245
2026-03-05 10:55:00,202.37,202.72,202.03,202.41,259749.340022
2026-03-05 11:00:00,202.36,202.56,201.96,202.11,220582.336884
2026-03-05 11:05:00,202.1085,202.44,201.55,201.55,246788.09215
2026-03-05 11:10:00,201.5939,202.37,201.1188,201.605,454129.05965600006
2026-03-05 11:15:00,201.66,201.87,200.8,200.8601,250595.045772
2026-03-05 11:20:00,200.87,202.05,200.87,201.265,298728.405984
2026-03-05 11:25:00,201.255,201.47,200.75,200.8562,201142.743105
2026-03-05 11:30:00,200.88,201.905,200.845,201.725,207220.790693
2026-03-05 11:35:00,201.725,202.0798,201.12,202.025,190135.08917399996
2026-03-05 11:40:00,202.025,202.25,201.47,201.81,197019.472909
2026-03-05 11:45:00,201.78,202.31,201.72,201.7651,169128.547021
2026-03-05 11:50:00,201.89,201.9899,201.56,201.765,118300.764153
2026-03-05 11:55:00,201.8,201.9299,201.26,201.46,125820.726227
2026-03-05 12:00:00,201.5,202.4296,201.3,202.42,152925.979469
2026-03-05 12:05:00,202.4165,202.74,201.601,201.65,203597.15046600002
2026-03-05 12:10:00,201.625,201.625,200.88,201.2899,213119.221127
2026-03-05 12:15:00,201.245,201.26,199.88,199.97,314198.673076
2026-03-05 12:20:00,199.99,200.76,199.88,200.63,260192.08980999998
2026-03-05 12:25:00,200.61,200.7999,199.32,199.43,576043.090446
2026-03-05 12:30:00,199.51,199.63,197.6,197.75,706616.040493
2026-03-05 12:35:00,197.72,198.6,197.5,197.805,505255.22252199997
2026-03-05 12:40:00,197.82,197.91,196.77,196.97,437579.332398
2026-03-05 12:45:00,196.99,197.02,195.75,195.81,638598.474944
2026-03-05 12:50:00,195.87,195.92,194.88,195.5,1047535.613322
2026-03-05 12:55:00,195.505,195.92,195.15,195.47,380695.48423400003
2026-03-05 13:00:00,195.395,196.3,195.336,196.15,344986.886505
2026-03-05 13:05:00,196.15,196.69,195.8146,196.11,429416.95004499995
2026-03-05 13:10:00,196.09,196.53,195.802,196.205,264140.518668
2026-03-05 13:15:00,196.22,196.685,195.6201,195.6893,282393.47615
2026-03-05 13:20:00,195.76,196.21,195.48,195.86,286566.819929
2026-03-05 13:25:00,195.84,196.11,195.5501,195.7206,240591.08127
2026-03-05 13:30:00,195.72,196.25,195.47,195.805,286854.077316
2026-03-05 13:35:00,195.84,196.8,195.78,196.3594,319117.276898
2026-03-05 13:40:00,196.31,197.09,196.2,196.7677,332299.496269
2026-03-05 13:45:00,196.78,197.139,196.4,196.445,259068.56219200004
2026-03-05 13:50:00,196.45,196.64,196.1617,196.28,236116.085628
2026-03-05 13:55:00,196.28,197.15,196.28,196.925,235342.311673
2026-03-05 14:00:00,196.915,197.27,196.6876,196.835,226907.787447
2026-03-05 14:05:00,196.8263,197.29,196.52,196.6299,204882.431773
2026-03-05 14:10:00,196.54,196.73,196.31,196.6687,156222.98118300003
2026-03-05 14:15:00,196.6301,196.85,196.38,196.795,170707.546933
2026-03-05 14:20:00,196.82,197.092,196.25,196.47,166571.462883
2026-03-05 14:25:00,196.44,196.51,195.34,195.745,385277.186193
2026-03-05 14:30:00,195.73,195.735,195.09,195.18,246893.84370400003
2026-03-05 14:35:00,195.175,195.85,195,195.77,519884.85980900005
2026-03-05 14:40:00,195.77,195.93,195.525,195.66,782489.0688519999
2026-03-05 14:45:00,195.67,195.76,195.36,195.62,276878.663436
2026-03-05 14:50:00,195.655,195.9502,195.5,195.65,314418.01516199997
2026-03-05 14:55:00,195.62,196.63,195.53,196.425,405364.44936200004
2026-03-05 15:00:00,196.4,196.77,195.75,196.62,326636.629549
2026-03-05 15:05:00,196.56,196.8,195.88,196.61,292046.375299
2026-03-05 15:10:00,196.67,197.5551,196.63,197.31,414111.714146
2026-03-05 15:15:00,197.3399,197.59,196.86,197.355,320172.83273799997
2026-03-05 15:20:00,197.3303,197.71,197.03,197.645,313007.421594
2026-03-05 15:25:00,197.68,198.12,197.56,197.595,466053.04563700006
2026-03-05 15:30:00,197.57,198.59,197.4,198.39,442830.2903659999
2026-03-05 15:35:00,198.41,198.94,198.37,198.59,382719.915839
2026-03-05 15:40:00,198.62,198.64,198.13,198.47,409343.73693
2026-03-05 15:45:00,198.495,198.75,198.11,198.74,326214.355103
2026-03-05 15:50:00,198.78,199.16,198.58,198.81,1311427.393872
2026-03-05 15:55:00,198.82,199.58,198.71,199.46,1224634.164742
2026-03-06 09:30:00,195.27,198.1099,194.95,197.685,1295557.1756459998
2026-03-06 09:35:00,197.685,197.88,196,197.095,634787.7777740001
2026-03-06 09:40:00,197.1169,197.59,196.08,196.39,524847.382386
2026-03-06 09:45:00,196.4317,197.18,195.9,196.08,466349.179456
2026-03-06 09:50:00,196.1,197.43,196.0401,197.06,475617.400439
2026-03-06 09:55:00,197.0419,197.08,195.9208,196.715,393405.37800799997
2026-03-06 10:00:00,196.71,197.9,196.7,197.6851,466864.55493000004
2026-03-06 10:05:00,197.765,198.41,197.0417,197.15,382653.439261
2026-03-06 10:10:00,197.115,198.57,196.98,198.4,345936.751062
2026-03-06 10:15:00,198.4,198.88,198.22,198.34,443824.63285399997
2026-03-06 10:20:00,198.395,198.6399,197.6,198.28,351175.19361
2026-03-06 10:25:00,198.3283,198.42,197.9,198.2,186781.10600299996
2026-03-06 10:30:00,198.24,198.46,197.7001,198.03,270934.95255000005
2026-03-06 10:35:00,197.9955,198.7761,197.86,198.24,302895.207705
2026-03-06 10:40:00,198.22,198.22,197.5,197.78,274933.07962699997
2026-03-06 10:45:00,197.75,197.91,197.3483,197.585,250372.91692
2026-03-06 10:50:00,197.64,197.79,197.07,197.75,326864.434956
2026-03-06 10:55:00,197.7621,199.21,197.7,198.91,420797.721841
2026-03-06 11:00:00,198.9299,199.37,198.7,199.16,345395.905671
2026-03-06 11:05:00,199.13,199.4199,198.46,198.61,309615.101471
2026-03-06 11:10:00,198.65,198.71,197.94,198.03,237225.108362
2026-03-06 11:15:00,198,198.64,197.7001,198.3,268822.5737419999
2026-03-06 11:20:00,198.32,198.71,197.88,198.6443,188330.43814500002
2026-03-06 11:25:00,198.61,198.8199,198.36,198.71,182515.580581
2026-03-06 11:30:00,198.7,198.95,198.3101,198.5,215756.798381
2026-03-06 11:35:00,198.44,199.6,198.41,199.48,249562.437979
2026-03-06 11:40:00,199.5,199.9674,199.27,199.6863,316648.287891
2026-03-06 11:45:00,199.73,200.19,199.35,199.725,310663.77718900004
2026-03-06 11:50:00,199.725,200.08,199.34,199.3568,182475.80645799998
2026-03-06 11:55:00,199.39,200,199.17,199.8939,220206.685329
2026-03-06 12:00:00,199.89,200.24,199.67,199.93,167150.696356
2026-03-06 12:05:00,199.8562,199.9516,199.14,199.355,177888.962358
2026-03-06 12:10:00,199.36,199.51,198.9022,199.075,224951.116116
2026-03-06 12:15:00,199.085,199.2099,198.58,198.97,164885.97984699998
2026-03-06 12:20:00,198.98,199.02,198.48,198.5,171228.638317
2026-03-06 12:25:00,198.58,198.61,197.95,198.19,201130.341415
2026-03-06 12:30:00,198.26,198.3,197.84,198.099,181782.32624000002
2026-03-06 12:35:00,198.1,198.2,197.465,197.6321,182860.48143400002
2026-03-06 12:40:00,197.6689,197.73,197.2,197.52,211019.08379200002
2026-03-06 12:45:00,197.56,197.82,197.44,197.784,161804.91603199998
2026-03-06 12:50:00,197.765,198,197.365,197.54,165195.324075
2026-03-06 12:55:00,197.49,197.68,197.26,197.365,138851.142074
2026-03-06 13:00:00,197.36,197.65,197.135,197.5701,197032.895958
2026-03-06 13:05:00,197.61,198.16,197.47,197.9178,144517.804732
2026-03-06 13:10:00,197.945,198.89,197.83,198.7476,295189.212024
2026-03-06 13:15:00,198.72,199.1999,198.6601,198.82,226930.739263
2026-03-06 13:20:00,198.84,198.89,198.245,198.5,133015.234581
2026-03-06 13:25:00,198.5,198.57,197.82,197.9888,109009.03992
2026-03-06 13:30:00,197.99,198.26,197.45,197.93,188621.029251
2026-03-06 13:35:00,197.895,197.895,197.21,197.405,176507.770395
2026-03-06 13:40:00,197.405,197.81,197.31,197.62,111826.48914899999
2026-03-06 13:45:00,197.6589,197.68,197.17,197.55,133123.240707
2026-03-06 13:50:00,197.51,197.53,196.9,197.1182,594385.0225460001
2026-03-06 13:55:00,197.08,197.2354,196.5801,196.655,371306.240077
2026-03-06 14:00:00,196.6512,196.8,196.3,196.3,174782.56766399997
2026-03-06 14:05:00,196.27,196.66,196.17,196.5295,229232.54884799998
2026-03-06 14:10:00,196.5398,196.9344,196.52,196.81,179243.907626
2026-03-06 14:15:00,196.78,196.8299,196.36,196.5,196690.851935
2026-03-06 14:20:00,196.495,196.53,195.85,196,265220.756873
2026-03-06 14:25:00,195.95,196.58,195.85,196.5001,243970.753453
2026-03-06 14:30:00,196.51,196.8,196.4301,196.6,189761.06941700002
2026-03-06 14:35:00,196.6,196.665,195.92,196.18,166999.73577899998
2026-03-06 14:40:00,196.22,196.7,196.07,196.115,185507.264087
2026-03-06 14:45:00,196.085,196.1377,195.82,195.96,259181.245469
2026-03-06 14:50:00,195.945,196.2,195.74,196.0299,152928.8474
2026-03-06 14:55:00,195.995,196.19,195.8101,196.1,176085.182399
2026-03-06 15:00:00,196.1,196.5999,196.07,196.3,286329.950222
2026-03-06 15:05:00,196.295,196.31,195.31,195.32,292825.279394
2026-03-06 15:10:00,195.33,195.42,193.89,194.1,2431122.094156
2026-03-06 15:15:00,194.115,194.4,193.66,193.9452,610601.7822659999
2026-03-06 15:20:00,193.9021,193.94,192.63,192.63,608781.2015109999
2026-03-06 15:25:00,192.645,192.7285,192.01,192.1,549039.871824
2026-03-06 15:30:00,192.08,192.32,191.77,191.84,629866.989658
2026-03-06 15:35:00,191.82,191.92,191.2501,191.85,752718.7764280001
2026-03-06 15:40:00,191.85,193.53,191.44,193.26,1148261.2899699998
2026-03-06 15:45:00,193.25,193.79,193.1915,193.59,480459.243572
2026-03-06 15:50:00,193.55,193.65,192.69,192.87,728959.067385
2026-03-06 15:55:00,192.79,192.82,192,192.45,1662058.278096
2026-03-09 09:30:00,189.36,192.38,189.02,191.6544,1193254.560304
2026-03-09 09:35:00,191.62,192.0899,190.37,190.96,687228.165686
2026-03-09 09:40:00,190.84,191.25,190.2,190.71,624565.632849
2026-03-09 09:45:00,190.705,192.01,190.2901,191.22,796074.1682160001
2026-03-09 09:50:00,191.19,191.4247,189.765,190.31,517094.583958
2026-03-09 09:55:00,190.29,191.26,189.82,190.67,624145.33294
2026-03-09 10:00:00,190.67,193.32,190.5164,193.14,739506.2753450001
2026-03-09 10:05:00,193.12,193.25,191.73,191.935,510904.378965
2026-03-09 10:10:00,191.95,191.95,190.35,191.151,437248.816279
2026-03-09 10:15:00,191.1873,192.68,191.06,192.465,501628.753377
2026-03-09 10:20:00,192.47,193.38,191.54,193.195,489675.1176359999
2026-03-09 10:25:00,193.19,193.4199,191.75,192.02,451981.473727
2026-03-09 10:30:00,191.96,192.7,191.85,191.91,400790.08421799995
2026-03-09 10:35:00,191.9,193.38,191.74,192.95,463361.96950800007
2026-03-09 10:40:00,192.91,193.8899,192.59,193.8848,376441.80566199997
2026-03-09 10:45:00,193.87,194.08,193.4,193.7548,377810.93038199993
2026-03-09 10:50:00,193.765,194.1,193.21,193.515,434016.63897
2026-03-09 10:55:00,193.515,193.72,193.04,193.44,301659.95598200004
2026-03-09 11:00:00,193.48,193.9299,193.4301,193.6805,268033.96059599996
2026-03-09 11:05:00,193.69,194.53,193.48,194.25,498030.442011
2026-03-09 11:10:00,194.23,194.655,194.03,194.44,378168.43308499997
2026-03-09 11:15:00,194.46,194.8899,194.1295,194.87,451814.159584
2026-03-09 11:20:00,194.89,195.71,194.78,195.63,1022973.1679599999
2026-03-09 11:25:00,195.63,196.05,195.4272,195.67,492795.1227349999
2026-03-09 11:30:00,195.665,195.84,194.65,194.815,423819.40526
2026-03-09 11:35:00,194.815,194.9599,194.4217,194.6999,270225.83474200004
2026-03-09 11:40:00,194.63,195.14,194.4279,194.98,343720.600083
2026-03-09 11:45:00,194.975,195.19,194.7051,194.9366,255519.32470499998
2026-03-09 11:50:00,194.96,196.22,194.7366,196.14,454332.091576
2026-03-09 11:55:00,196.14,196.44,195.985,196.07,387317.018523
2026-03-09 12:00:00,196.1,196.4,195.96,196.37,303587.580114
2026-03-09 12:05:00,196.3801,196.84,196.15,196.345,470659.408939
2026-03-09 12:10:00,196.35,196.4144,195.96,196.3501,223260.144332
2026-03-09 12:15:00,196.365,196.59,196.07,196.1499,222596.551349
2026-03-09 12:20:00,196.15,196.42,195.9401,196.2656,242040.94014599998
2026-03-09 12:25:00,196.29,197.14,196.19,196.79,315896.231639
2026-03-09 12:30:00,196.78,197.13,196.41,197.055,369433.935242
2026-03-09 12:35:00,197.0427,197.54,196.94,197.4,262833.768713
2026-03-09 12:40:00,197.3912,197.85,197.36,197.765,281478.78639699996
2026-03-09 12:45:00,197.75,197.9099,197.41,197.7,313530.02054
2026-03-09 12:50:00,197.72,197.72,197.2,197.285,254579.64873
2026-03-09 12:55:00,197.26,197.29,196.99,197.13,266307.946008
2026-03-09 13:00:00,197.15,197.19,196.6301,196.83,249498.560595
2026-03-09 13:05:00,196.795,196.8,196.29,196.79,215441.786555
2026-03-09 13:10:00,196.75,196.92,196.41,196.62,214639.85812000002
2026-03-09 13:15:00,196.63,196.665,196.2223,196.405,151327.627561
2026-03-09 13:20:00,196.39,196.46,195.96,196.32,332653.219348
2026-03-09 13:25:00,196.315,196.51,196.12,196.445,234794.796726
2026-03-09 13:30:00,196.41,196.66,196.27,196.475,231214.52767600003
2026-03-09 13:35:00,196.48,196.5925,196.22,196.5085,166778.971991
2026-03-09 13:40:00,196.485,196.59,195.6601,195.86,276976.37230499997
2026-03-09 13:45:00,195.89,196.68,195.835,196.355,187955.775548
2026-03-09 13:50:00,196.35,196.66,196.07,196.6,168077.695907
2026-03-09 13:55:00,196.59,196.72,196.32,196.46,134961.155925
2026-03-09 14:00:00,196.44,196.7409,196.33,196.4674,152604.890793
2026-03-09 14:05:00,196.47,196.7498,196.32,196.6166,164836.367531
2026-03-09 14:10:00,196.605,197.37,196.58,197.1595,276068.252887
2026-03-09 14:15:00,197.19,197.715,197.069,197.365,309687.856756
2026-03-09 14:20:00,197.39,197.51,196.81,197.4356,291898.193148
2026-03-09 14:25:00,197.46,197.48,197.06,197.2,199361.853273
2026-03-09 14:30:00,197.18,197.836,197.1,197.79,232352.351719
2026-03-09 14:35:00,197.7901,198.25,197.57,197.8301,1422403.22875
2026-03-09 14:40:00,197.83,197.9011,197.395,197.435,171832.190593
2026-03-09 14:45:00,197.45,197.82,197.42,197.58,165986.49850699998
2026-03-09 14:50:00,197.58,197.89,197.4114,197.63,194965.429229
2026-03-09 14:55:00,197.62,197.64,197.03,197.225,235232.270479
2026-03-09 15:00:00,197.23,197.6,197.11,197.47,213085.44910600001
2026-03-09 15:05:00,197.38,197.73,197.16,197.6805,253649.01641799998
2026-03-09 15:10:00,197.675,197.83,197.49,197.525,308707.35894199996
2026-03-09 15:15:00,197.52,199.37,197.4501,199.23,485116.64705500007
2026-03-09 15:20:00,199.17,200.86,198.96,200.86,684890.8161139999
2026-03-09 15:25:00,200.87,202.29,200.6601,202.2,978099.2006920001
2026-03-09 15:30:00,202.1,202.89,201.23,202.685,1043765.9461320001
2026-03-09 15:35:00,202.67,202.97,202.06,202.88,670664.6662979999
2026-03-09 15:40:00,202.83,202.845,201.4,202.045,625005.637262
2026-03-09 15:45:00,202,202.5999,201.6301,202.345,593851.455331
2026-03-09 15:50:00,202.38,202.38,200.84,201.42,899129.7593100001
2026-03-09 15:55:00,201.5,202.74,201.32,202.74,1791585.78104
2026-03-10 09:30:00,202.51,205.29,202.51,204.71,1316131.33858
2026-03-10 09:35:00,204.56,205.46,203.35,204.88,755070.576499
2026-03-10 09:40:00,204.81,206.59,204.6,206.43,1000834.206901
2026-03-10 09:45:00,206.43,206.46,204,205.275,735355.871245
2026-03-10 09:50:00,205.295,205.73,204.5301,204.54,423209.562842
2026-03-10 09:55:00,204.6,204.67,203.85,204.215,444467.8368820001
2026-03-10 10:00:00,204.215,204.35,203.35,203.855,377699.336064
2026-03-10 10:05:00,203.92,204.05,202.5,202.5751,484993.575519
2026-03-10 10:10:00,202.55,203.34,202.52,202.85,334572.871996
2026-03-10 10:15:00,202.85,203.14,202.2,203.0739,369937.42010899994
2026-03-10 10:20:00,203.0899,203.4,202.63,203.31,314392.41723699996
2026-03-10 10:25:00,203.33,203.86,202.86,203.165,424222.189892
2026-03-10 10:30:00,203.1701,204.09,203.1624,204.025,351770.670727
2026-03-10 10:35:00,204.015,204.51,203.9701,204.4921,325446.45152800006
2026-03-10 10:40:00,204.47,204.57,203.94,203.975,297923.8088
2026-03-10 10:45:00,203.98,204.26,203.49,204.25,272703.014631
2026-03-10 10:50:00,204.265,204.76,204.12,204.66,392011.48862799996
2026-03-10 10:55:00,204.6,205.09,204.5,204.8375,390151.258944
2026-03-10 11:00:00,204.8,206.41,204.73,205.16,945816.9197559999
2026-03-10 11:05:00,205.16,205.58,204.84,204.92,442965.94101300003
2026-03-10 11:10:00,204.905,205.62,204.84,205.13,292409.420415
2026-03-10 11:15:00,205.13,205.26,204.83,205.06,277768.703232
2026-03-10 11:20:00,205.04,205.305,204.85,205.11,267043.994404
2026-03-10 11:25:00,205.085,205.6899,204.76,204.835,354470.693793
2026-03-10 11:30:00,204.9,204.99,204.24,204.38,335061.46039599995
2026-03-10 11:35:00,204.36,204.9399,204.25,204.5588,243225.845734
2026-03-10 11:40:00,204.535,204.96,204.1864,204.51,251094.58582
2026-03-10 11:45:00,204.5,204.83,204.3,204.395,161289.531287
2026-03-10 11:50:00,204.42,204.74,204.19,204.3851,144134.75158
2026-03-10 11:55:00,204.385,204.8845,204.385,204.715,123450.26962100001
2026-03-10 12:00:00,204.67,204.685,203.86,203.885,235517.53430899998
2026-03-10 12:05:00,203.88,204.05,203.23,203.99,505704.02853599994
2026-03-10 12:10:00,203.99,204.356,203.7802,204.13,265536.544419
2026-03-10 12:15:00,204.08,204.42,203.8201,204.1005,234079.15906600002
2026-03-10 12:20:00,204.1288,204.58,203.9,204.28,326322.30248699995
2026-03-10 12:25:00,204.28,204.79,204.05,204.1,270039.585559
2026-03-10 12:30:00,204.115,204.37,204,204.37,174635.479274
2026-03-10 12:35:00,204.35,204.65,204.21,204.55,216815.20705700002
2026-03-10 12:40:00,204.53,204.84,204.39,204.8,125878.230233
2026-03-10 12:45:00,204.8,204.8297,204.22,204.325,143834.28765399999
2026-03-10 12:50:00,204.325,204.7389,204.2001,204.64,184740.185818
2026-03-10 12:55:00,204.6634,205.1499,204.58,205.035,278030.433676
2026-03-10 13:00:00,205.01,205.38,204.9,205.1101,228397.651595
2026-03-10 13:05:00,205.15,205.36,205.02,205.175,178329.56050199998
2026-03-10 13:10:00,205.165,205.3,204.95,205.109,169407.70363200002
2026-03-10 13:15:00,205.12,205.51,205.03,205.4599,220643.25407999998
2026-03-10 13:20:00,205.44,205.64,205.32,205.6,198041.95771000002
2026-03-10 13:25:00,205.59,206.12,205.57,205.9095,286506.499884
2026-03-10 13:30:00,205.88,205.9,205.35,205.425,212002.478527
2026-03-10 13:35:00,205.3533,205.6199,204.67,205.19,316270.09891899995
2026-03-10 13:40:00,205.1266,205.4099,204.84,205.15,207820.34561000002
2026-03-10 13:45:00,205.15,205.59,204.93,205.32,140136.37135
2026-03-10 13:50:00,205.33,205.88,205.27,205.699,166785.68654099997
2026-03-10 13:55:00,205.71,205.89,205.3,205.69,140294.730434
2026-03-10 14:00:00,205.72,205.9599,205.65,205.705,129829.132963
2026-03-10 14:05:00,205.6915,205.8,205.22,205.33,180814.97701499998
2026-03-10 14:10:00,205.37,205.67,204.02,204.06,319879.87671800004
2026-03-10 14:15:00,204.01,204.7,203.67,203.93,321004.568905
2026-03-10 14:20:00,203.88,204.2999,203.2,204.04,311097.103666
2026-03-10 14:25:00,204.06,204.8399,203.98,204.105,230407.57123899998
2026-03-10 14:30:00,204.1,204.73,203.8,204.63,217055.18419499998
2026-03-10 14:35:00,204.6701,204.77,203.711,204.03,218651.95846400002
2026-03-10 14:40:00,204.0599,204.23,203.7,203.775,206195.700983
2026-03-10 14:45:00,203.75,204.3199,203.715,204.1,127628.80393700002
2026-03-10 14:50:00,204.12,204.62,203.8595,204.17,190245.56414
2026-03-10 14:55:00,204.21,204.31,203.53,203.63,183769.55133800002
2026-03-10 15:00:00,203.65,203.9582,203.3,203.63,185507.286895
2026-03-10 15:05:00,203.56,204.24,203.34,204.16,172429.360286
2026-03-10 15:10:00,204.12,204.32,203.53,204.27,218579.750408
2026-03-10 15:15:00,204.2646,204.72,204.2,204.54,277453.24170699995
2026-03-10 15:20:00,204.52,204.59,203.9,204.4,218630.88702100003
2026-03-10 15:25:00,204.37,204.38,203.6,203.665,202341.38717
2026-03-10 15:30:00,203.69,203.69,203.25,203.33,273659.156947
2026-03-10 15:35:00,203.32,203.6476,202.89,203.5191,393886.307523
2026-03-10 15:40:00,203.52,203.965,203.2,203.34,372763.999911
2026-03-10 15:45:00,203.39,203.44,202.39,202.69,355935.18452199997
2026-03-10 15:50:00,202.7,203.009,202.32,202.985,489749.30909700005
2026-03-10 15:55:00,202.95,203.365,202.84,203.24,897422.4584659999
2026-03-11 09:30:00,205.11,207.2,204.72,206.375,1166834.477906
2026-03-11 09:35:00,206.37,207.87,206.1,207.575,797595.698029
2026-03-11 09:40:00,207.565,209.21,207.51,207.835,1043213.4390090001
2026-03-11 09:45:00,207.8,208.16,206.5117,206.71,603771.157919
2026-03-11 09:50:00,206.67,207.05,205.68,206.71,630009.548128
2026-03-11 09:55:00,206.71,207.42,206.22,207.325,435231.33766900003
2026-03-11 10:00:00,207.3,208.415,206.8674,207.7475,680432.088203
2026-03-11 10:05:00,207.77,208.07,207.06,207.2899,368058.76829200005
2026-03-11 10:10:00,207.27,207.82,207.1912,207.62,424889.4797139999
2026-03-11 10:15:00,207.58,207.69,206.7,207.18,308551.005289
2026-03-11 10:20:00,207.18,207.22,205.95,206.185,363606.029436
2026-03-11 10:25:00,206.19,207.08,205.9103,207.04,361134.552628
2026-03-11 10:30:00,207,207.1499,205.551,205.755,352874.109389
2026-03-11 10:35:00,205.755,206.741,205.755,206.24,270274.315806
2026-03-11 10:40:00,206.185,206.756,206.16,206.46,231172.28541900002
2026-03-11 10:45:00,206.465,206.7899,206.11,206.495,183452.818633
2026-03-11 10:50:00,206.475,206.67,205.9,206.03,233858.30679600002
2026-03-11 10:55:00,206.065,206.4699,205.66,206.085,217411.35471
2026-03-11 11:00:00,206.12,206.6,205.5,206.215,297277.453339
2026-03-11 11:05:00,206.27,206.29,205.8,205.91,222277.356861
2026-03-11 11:10:00,205.85,206,204.99,205.9,441936.669236
2026-03-11 11:15:00,205.84,205.9199,205.34,205.64,245868.068996
2026-03-11 11:20:00,205.664,206.575,205.535,206.2601,335797.502878
2026-03-11 11:25:00,206.305,206.6,205.29,205.3166,225170.47996400003
2026-03-11 11:30:00,205.32,206.05,205.1,205.955,273588.20514499996
2026-03-11 11:35:00,205.945,206.04,205.5,205.7071,168196.783845
2026-03-11 11:40:00,205.705,205.99,205.3273,205.335,176103.660559
2026-03-11 11:45:00,205.3,205.4199,204.702,204.99,296100.851264
2026-03-11 11:50:00,205.03,205.615,204.95,205.28,206548.780838
2026-03-11 11:55:00,205.285,205.4,204.96,205.125,133253.05047299998
2026-03-11 12:00:00,205.16,205.17,204.61,204.87,201269.590454
2026-03-11 12:05:00,204.86,205.0981,204.72,204.7679,122488.736198
2026-03-11 12:10:00,204.83,205,204.38,204.89,208888.71276899998
2026-03-11 12:15:00,204.89,205.0269,204.45,204.5,149224.181503
2026-03-11 12:20:00,204.54,205.18,204.43,204.8299,164420.931017
2026-03-11 12:25:00,204.8,204.94,204.296,204.7,131378.46511000002
2026-03-11 12:30:00,204.71,205.48,204.71,205.435,194910.152091
2026-03-11 12:35:00,205.4,205.4625,204.85,205.0186,171011.436
2026-03-11 12:40:00,204.985,205.1633,204.85,204.97,100548.044866
2026-03-11 12:45:00,204.95,205.11,204.42,204.52,163340.3234
2026-03-11 12:50:00,204.5,205.1379,204.49,205.07,107687.92885
2026-03-11 12:55:00,205.075,205.185,204.8,205.1599,100404.143835
2026-03-11 13:00:00,205.11,205.445,205.07,205.25,155656.023609
2026-03-11 13:05:00,205.23,205.53,205.14,205.36,105209.78090900001
2026-03-11 13:10:00,205.34,205.45,205.1501,205.31,122276.46666300001
2026-03-11 13:15:00,205.39,205.6,204.94,205,122867.79334599999
2026-03-11 13:20:00,205.06,205.5,204.99,205.48,99655.959072
2026-03-11 13:25:00,205.5,205.6,205.125,205.425,96787.83427400001
2026-03-11 13:30:00,205.44,205.44,204.97,205.055,127894.12694399999
2026-03-11 13:35:00,205.06,205.25,203.63,204.32,361489.86081800004
2026-03-11 13:40:00,204.3,204.91,204.1351,204.805,210213.66891600002
2026-03-11 13:45:00,204.75,204.84,204.3301,204.815,119107.38845700001
2026-03-11 13:50:00,204.85,205.15,204.77,204.85,132961.25841100002
2026-03-11 13:55:00,204.76,205.06,204.4,204.8187,133552.213033
2026-03-11 14:00:00,204.855,204.99,204.67,204.7601,99920.57704299998
2026-03-11 14:05:00,204.71,204.83,204.2,204.2,154156.087641
2026-03-11 14:10:00,204.2527,204.29,203.7201,204.015,176963.531276
2026-03-11 14:15:00,204.05,204.175,203.7,203.92,107731.92352499999
2026-03-11 14:20:00,203.92,204.14,203.71,203.965,131778.025819
2026-03-11 14:25:00,203.935,204.49,203.87,204.45,184044.39311600002
2026-03-11 14:30:00,204.37,204.7799,204.33,204.7799,207333.56904799998
2026-03-11 14:35:00,204.745,204.89,204.4701,204.845,298058.730883
2026-03-11 14:40:00,204.85,204.94,204.5,204.62,154144.899712
2026-03-11 14:45:00,204.63,204.79,204.3,204.33,123740.94158200001
2026-03-11 14:50:00,204.36,204.85,204.27,204.81,215050.387815
2026-03-11 14:55:00,204.815,205.08,204.57,204.775,194030.33395899998
2026-03-11 15:00:00,204.77,204.85,203.8701,204.3117,264983.00348
2026-03-11 15:05:00,204.31,204.5499,204.2197,204.41,153235.607648
2026-03-11 15:10:00,204.45,204.555,203.6901,203.885,250864.456449
2026-03-11 15:15:00,203.885,204.69,203.72,204.6695,297455.220487
2026-03-11 15:20:00,204.65,204.73,204.045,204.2601,201811.512372
2026-03-11 15:25:00,204.34,204.51,204.13,204.22,160696.36526800002
2026-03-11 15:30:00,204.185,204.62,203.99,204.5,181560.634195
2026-03-11 15:35:00,204.54,204.81,204.36,204.74,206973.56302099998
2026-03-11 15:40:00,204.72,205.08,204.59,205.01,232122.210666
2026-03-11 15:45:00,205.04,205.08,204.75,204.98,247901.930749
2026-03-11 15:50:00,205.02,205.1,204.82,205.0788,323762.388619
2026-03-11 15:55:00,205.08,205.2,204.68,204.75,692907.9089220001
2026-03-12 09:30:00,202.825,203.32,200.5801,202.95,1026808.943825
2026-03-12 09:35:00,202.9,203.62,202.3,202.4,507940.891513
2026-03-12 09:40:00,202.395,202.395,200.63,201.1224,661364.370708
2026-03-12 09:45:00,201.11,201.11,199.5,199.97,812495.9618609999
2026-03-12 09:50:00,199.97,200.45,198.52,198.555,788074.210128
2026-03-12 09:55:00,198.53,198.86,198.08,198.66,699769.059291
2026-03-12 10:00:00,198.69,200.2799,198.69,200.13,629929.5865049999
2026-03-12 10:05:00,200.14,200.33,199.45,199.6899,499067.316234
2026-03-12 10:10:00,199.72,200.26,199.41,200.13,321619.65501900006
2026-03-12 10:15:00,200.135,200.3,199.32,199.36,282622.516567
2026-03-12 10:20:00,199.32,199.54,198.39,198.815,583478.483553
2026-03-12 10:25:00,198.8,199.02,198.31,198.38,391508.8827790001
2026-03-12 10:30:00,198.3818,198.6,198.11,198.42,277472.402178
2026-03-12 10:35:00,198.4,198.76,197.71,198.3199,476668.867333
2026-03-12 10:40:00,198.29,198.59,197.8615,198.36,348347.796267
2026-03-12 10:45:00,198.325,199.22,197.62,197.84,531514.091569
2026-03-12 10:50:00,197.8677,198.0999,197.55,197.875,342913.342043
2026-03-12 10:55:00,197.92,198.17,197.36,197.465,356486.12915
2026-03-12 11:00:00,197.465,197.8,197.28,197.655,320417.29496300005
2026-03-12 11:05:00,197.66,197.7799,197.08,197.27,281457.168372
2026-03-12 11:10:00,197.275,197.275,196.67,197.245,416743.108237
2026-03-12 11:15:00,197.25,197.27,196.9706,197.05,280322.76889300003
2026-03-12 11:20:00,197.04,197.45,196.9,197.345,269300.388787
2026-03-12 11:25:00,197.38,198.05,197.3357,197.68,460687.92975500005
2026-03-12 11:30:00,197.67,198.04,197.455,197.62,243064.549144
2026-03-12 11:35:00,197.6399,198.96,197.3,198.94,399920.0012
2026-03-12 11:40:00,198.92,198.96,198.14,198.725,500460.45648700005
2026-03-12 11:45:00,198.72,199.05,198,198.225,332248.50027099997
2026-03-12 11:50:00,198.21,198.46,197.877,198.42,284247.849405
2026-03-12 11:55:00,198.41,198.4195,197.93,198.23,222854.02766300002
2026-03-12 12:00:00,198.236,199.3699,198.12,199.32,283198.789469
2026-03-12 12:05:00,199.29,199.45,198.09,198.4,307534.092712
2026-03-12 12:10:00,198.43,199.3399,198.341,199.31,257022.694373
2026-03-12 12:15:00,199.35,199.95,199.2885,199.4,316215.51798199996
2026-03-12 12:20:00,199.41,200,199.3236,199.35,267885.739211
2026-03-12 12:25:00,199.365,199.4,198.6,198.77,232644.09987099998
2026-03-12 12:30:00,198.74,199.51,198.67,199.2827,215476.28971199997
2026-03-12 12:35:00,199.34,199.755,199.185,199.6446,196297.053656
2026-03-12 12:40:00,199.67,199.73,199.3386,199.53,159838.433428
2026-03-12 12:45:00,199.48,199.576,198.6148,199.19,341376.746153
2026-03-12 12:50:00,199.158,199.44,198.6601,198.8501,198140.68463
2026-03-12 12:55:00,198.93,199.1797,198.64,198.91,131877.02768
2026-03-12 13:00:00,198.87,199.43,198.8201,199.29,129064.658253
2026-03-12 13:05:00,199.2899,199.63,199.0511,199.145,154929.68245899997
2026-03-12 13:10:00,199.145,199.46,198.93,199.037,127563.70352
2026-03-12 13:15:00,199.03,199.2,198.46,198.5316,162208.908811
2026-03-12 13:20:00,198.5355,199,198.3,198.88,201787.350573
2026-03-12 13:25:00,198.955,199.14,198.5201,198.775,202265.517385
2026-03-12 13:30:00,198.8,199.02,198.62,198.75,112763.70585200001
2026-03-12 13:35:00,198.71,198.99,198.35,198.6,172452.886828
2026-03-12 13:40:00,198.62,198.79,198.23,198.38,131929.388453
2026-03-12 13:45:00,198.35,198.51,198,198.225,189370.479186
2026-03-12 13:50:00,198.17,198.45,198.071,198.205,100568.74697400001
2026-03-12 13:55:00,198.18,198.32,197.72,198.225,199056.129857
2026-03-12 14:00:00,198.25,198.65,198.2,198.315,127604.425146
2026-03-12 14:05:00,198.315,198.7,198.11,198.42,121023.746502
2026-03-12 14:10:00,198.43,198.61,198.21,198.58,100999.303891
2026-03-12 14:15:00,198.5227,198.7017,198.19,198.265,150891.92403599998
2026-03-12 14:20:00,198.26,198.33,197.97,198.2,183035.441223
2026-03-12 14:25:00,198.19,198.25,197.97,198.19,114702.13387100001
2026-03-12 14:30:00,198.15,198.4499,198.015,198.0895,151868.167954
2026-03-12 14:35:00,198.085,198.085,197.82,197.905,158014.050389
2026-03-12 14:40:00,197.9168,198,197.7,197.82,143908.879869
2026-03-12 14:45:00,197.79,198.01,197.7,197.735,141241.054848
2026-03-12 14:50:00,197.735,198.21,197.735,197.97,171227.489949
2026-03-12 14:55:00,197.97,198.04,197.66,197.68,213260.998595
2026-03-12 15:00:00,197.66,198.0599,197.43,197.82,380277.1409190001
2026-03-12 15:05:00,197.79,198.06,197.29,197.6,247877.950027
2026-03-12 15:10:00,197.615,197.73,197.16,197.5,172916.091784
2026-03-12 15:15:00,197.55,198.08,197.42,197.88,225836.904373
2026-03-12 15:20:00,197.88,198.4699,197.8,198.155,280455.826673
2026-03-12 15:25:00,198.165,198.3185,197.98,198.2301,189163.189142
2026-03-12 15:30:00,198.24,198.61,198.24,198.31,252815.03649200004
2026-03-12 15:35:00,198.34,198.42,197.98,198.1,258052.511546
2026-03-12 15:40:00,198.11,198.12,197.5101,197.7,277368.621516
2026-03-12 15:45:00,197.67,198,197.4,197.69,388812.738978
2026-03-12 15:50:00,197.67,197.67,197.09,197.3325,649336.9352259999
2026-03-12 15:55:00,197.39,197.86,197.29,197.8,1194494.6810909999
2026-03-13 09:30:00,198.11,199.1899,196.44,198.365,1116148.885244
2026-03-13 09:35:00,198.27,198.88,197.03,198.41,584992.355494
2026-03-13 09:40:00,198.335,199.46,197.52,199.165,554606.873037
2026-03-13 09:45:00,199.165,199.68,198.5502,198.5502,543211.569141
2026-03-13 09:50:00,198.621,199,197.9374,198.905,533644.141188
2026-03-13 09:55:00,198.895,198.895,198.01,198.23,329425.24824999995
2026-03-13 10:00:00,198.28,198.78,197.633,197.8199,384740.24783500005
2026-03-13 10:05:00,197.82,198.16,197.15,197.41,390597.900135
2026-03-13 10:10:00,197.45,197.72,197.25,197.5,272593.639003
2026-03-13 10:15:00,197.5,197.54,196.68,197.1899,356115.441398
2026-03-13 10:20:00,197.14,197.68,196.85,197.09,348635.23131500004
2026-03-13 10:25:00,197.075,197.57,196.86,197,303857.57894100004
2026-03-13 10:30:00,197.05,197.6,196.8251,197.04,312097.41277399997
2026-03-13 10:35:00,197.03,197.05,196.36,196.605,378380.009956
2026-03-13 10:40:00,196.57,196.6699,196.09,196.12,380921.901944
2026-03-13 10:45:00,196.0871,196.0871,195.14,195.36,534614.15711
2026-03-13 10:50:00,195.34,196.31,195.31,196.0466,496739.462399
2026-03-13 10:55:00,196.01,196.18,195.06,195.43,586648.192005
2026-03-13 11:00:00,195.44,195.62,194.85,195.085,540353.6966899999
2026-03-13 11:05:00,195.13,196.12,194.885,195.87,385301.246258
2026-03-13 11:10:00,195.9,196.38,195.7301,196.17,405273.674206
2026-03-13 11:15:00,196.19,196.22,195.415,195.435,252928.840796
2026-03-13 11:20:00,195.43,195.68,194.85,194.91,286303.46212700004
2026-03-13 11:25:00,194.89,194.92,194.5,194.67,313278.540655
2026-03-13 11:30:00,194.68,195.14,194.62,194.96,264760.887918
2026-03-13 11:35:00,195.01,195.08,194.33,194.74,276681.142743
2026-03-13 11:40:00,194.74,194.78,193.85,193.992,354606.695115
2026-03-13 11:45:00,193.98,194.4399,193.47,194.34,472643.126405
2026-03-13 11:50:00,194.37,194.37,193.77,194.095,224179.890183
2026-03-13 11:55:00,194.0301,194.1125,193.7,193.74,167617.604313
2026-03-13 12:00:00,193.72,194.43,193.65,194,341205.622169
2026-03-13 12:05:00,194,194.2644,193.67,194.115,205869.971078
2026-03-13 12:10:00,194.16,194.48,193.43,193.975,298041.127276
2026-03-13 12:15:00,194.01,194.11,193.53,193.835,176314.472226
2026-03-13 12:20:00,193.835,194.22,193.7501,193.955,167583.82838300001
2026-03-13 12:25:00,193.95,193.98,193.34,193.72,235468.099039
2026-03-13 12:30:00,193.72,194.18,193.65,193.84,196048.052278
2026-03-13 12:35:00,193.8,194.46,193.8,194.16,263765.940762
2026-03-13 12:40:00,194.16,194.41,193.7201,193.7627,194753.669597
2026-03-13 12:45:00,193.732,193.85,193.2395,193.85,316249.599289
2026-03-13 12:50:00,193.85,194.43,193.81,194.34,306721.799931
2026-03-13 12:55:00,194.34,194.37,193.44,193.62,351315.372347
2026-03-13 13:00:00,193.61,193.85,193.44,193.67,172172.641927
2026-03-13 13:05:00,193.6682,194.06,193.47,193.98,235007.934005
2026-03-13 13:10:00,193.98,194.08,193.4133,194.08,193403.71846200002
2026-03-13 13:15:00,194.09,194.3,193.84,194.1654,194968.02518599998
2026-03-13 13:20:00,194.17,194.39,193.765,194.2117,185711.52462199997
2026-03-13 13:25:00,194.219,194.23,193.812,194.03,150484.321432
2026-03-13 13:30:00,194.066,194.09,193.61,193.815,154192.858408
2026-03-13 13:35:00,193.82,194.05,193.6301,193.925,183915.082619
2026-03-13 13:40:00,193.94,194.04,193.6,193.9114,178922.44596900002
2026-03-13 13:45:00,193.92,193.9899,193.27,193.35,249013.760163
2026-03-13 13:50:00,193.33,193.44,192.98,193.28,368111.457446
2026-03-13 13:55:00,193.26,193.44,193,193.05,168780.591841
2026-03-13 14:00:00,193.07,193.3,192.9456,193.175,276400.17591499997
2026-03-13 14:05:00,193.18,193.245,192.93,193.15,215742.70959200003
2026-03-13 14:10:00,193.155,193.23,192.925,193.02,235507.271622
2026-03-13 14:15:00,193.02,193.34,192.98,193.135,195595.372477
2026-03-13 14:20:00,193.14,193.2,192.85,193.05,207960.986208
2026-03-13 14:25:00,193.07,193.38,192.94,193.305,187262.429452
2026-03-13 14:30:00,193.295,193.72,193.17,193.28,387023.33673
2026-03-13 14:35:00,193.305,193.36,193.04,193.245,293905.494496
2026-03-13 14:40:00,193.29,193.775,193.23,193.75,218341.154249
2026-03-13 14:45:00,193.72,193.78,193.46,193.67,167075.314772
2026-03-13 14:50:00,193.67,193.84,193.4801,193.77,151894.238642
2026-03-13 14:55:00,193.775,193.775,193.416,193.55,170996.633993
2026-03-13 15:00:00,193.52,193.54,193,193.01,204902.65775100002
2026-03-13 15:05:00,193,193.3,192.66,193.14,284975.835472
2026-03-13 15:10:00,193.15,193.2319,192.98,192.98,218423.607066
2026-03-13 15:15:00,193.01,193.35,192.8501,193.11,241863.083078
2026-03-13 15:20:00,193.09,193.09,192.27,192.65,306451.13830600004
2026-03-13 15:25:00,192.655,192.69,192.43,192.63,268652.92735500005
2026-03-13 15:30:00,192.65,192.9499,192.57,192.71,242653.878968
2026-03-13 15:35:00,192.731,192.9788,192.6956,192.795,194963.938579
2026-03-13 15:40:00,192.785,192.98,192.47,192.89,371383.899957
2026-03-13 15:45:00,192.86,193.08,192.56,192.77,382648.074519
2026-03-13 15:50:00,192.78,193.02,192.5353,192.88,401226.744136
2026-03-13 15:55:00,192.85,193.45,192.67,193.45,1203043.7045530002
2026-03-16 09:30:00,194.975,198.27,194.8,197.85,1737187.927484
2026-03-16 09:35:00,197.81,198.43,196.3401,196.735,1037351.720519
2026-03-16 09:40:00,196.76,196.76,195.38,195.6799,688215.566859
2026-03-16 09:45:00,195.63,196.87,195.63,196.8301,600463.0079109999
2026-03-16 09:50:00,196.83,197.1599,196.25,197.05,413143.013484
2026-03-16 09:55:00,197.08,197.37,196.73,197.28,354502.789199
2026-03-16 10:00:00,197.33,197.4867,196.65,196.94,364510.63201199996
2026-03-16 10:05:00,196.95,197.46,196.69,197.34,303437.127395
2026-03-16 10:10:00,197.345,197.8643,197.21,197.67,423238.01038099994
2026-03-16 10:15:00,197.685,197.9,197.4901,197.616,382629.79876499996
2026-03-16 10:20:00,197.655,198.18,197.63,198.115,478252.018328
2026-03-16 10:25:00,198.11,198.2599,197.67,197.686,360612.75499600003
2026-03-16 10:30:00,197.7199,197.925,197.32,197.3699,418630.207973
2026-03-16 10:35:00,197.415,197.9,196.75,196.87,373482.126819
2026-03-16 10:40:00,196.895,197.23,196.75,197.17,297477.939922
2026-03-16 10:45:00,197.175,197.8,197.175,197.67,345845.539958
2026-03-16 10:50:00,197.63,198.42,197.3,198.086,502618.54720000003
2026-03-16 10:55:00,198.06,198.44,197.7107,198.44,314779.881699
2026-03-16 11:00:00,198.45,198.6,197.99,198.2199,366970.51601099997
2026-03-16 11:05:00,198.21,198.36,197.85,198.36,248888.138231
2026-03-16 11:10:00,198.355,199.25,197.75,199.11,520447.920556
2026-03-16 11:15:00,199.1,199.414,198.92,199.4001,436131.825893
2026-03-16 11:20:00,199.42,200.17,199.285,200.075,677818.113408
2026-03-16 11:25:00,200.0659,200.08,199.71,199.865,395325.177537
2026-03-16 11:30:00,199.89,200.17,199.4201,199.9,468885.798457
2026-03-16 11:35:00,199.92,199.96,199.64,199.73,246607.640068
2026-03-16 11:40:00,199.72,199.899,199.48,199.79,187274.445171
2026-03-16 11:45:00,199.77,199.855,199.51,199.61,187168.633917
2026-03-16 11:50:00,199.52,199.75,199.1518,199.71,284412.90732500004
2026-03-16 11:55:00,199.7,199.9,199.42,199.49,289459.318828
2026-03-16 12:00:00,199.495,199.84,199.33,199.3799,288868.609406
2026-03-16 12:05:00,199.4,199.605,199.1,199.2699,246105.05335499998
2026-03-16 12:10:00,199.24,199.3176,198.77,198.85,233315.058365
2026-03-16 12:15:00,198.84,199.055,198.76,198.7651,226503.36800299998
2026-03-16 12:20:00,198.765,198.8368,198.18,198.23,286298.091681
2026-03-16 12:25:00,198.23,198.46,198.06,198.39,204441.92095499998
2026-03-16 12:30:00,198.4199,198.555,198.1101,198.245,221035.270654
2026-03-16 12:35:00,198.2275,198.65,198.21,198.62,202945.620708
2026-03-16 12:40:00,198.61,198.84,198.38,198.56,186889.373779
2026-03-16 12:45:00,198.5817,198.88,198.515,198.81,144234.214151
2026-03-16 12:50:00,198.795,198.8399,198.41,198.45,157449.09290299998
2026-03-16 12:55:00,198.455,198.6,198.2,198.515,166921.869762
2026-03-16 13:00:00,198.55,199.1299,198.4471,198.49,242267.987952
2026-03-16 13:05:00,198.52,198.63,198.17,198.24,153252.436336
2026-03-16 13:10:00,198.26,198.53,198.19,198.34,137356.111683
2026-03-16 13:15:00,198.33,198.86,198.12,198.74,201223.02873299998
2026-03-16 13:20:00,198.78,199.11,198.72,198.9,208297.071312
2026-03-16 13:25:00,198.91,198.945,198.51,198.52,133549.87414499998
2026-03-16 13:30:00,198.54,198.88,198.47,198.545,154965.79635000002
2026-03-16 13:35:00,198.555,198.66,198.35,198.36,147057.18583600002
2026-03-16 13:40:00,198.3006,198.4499,198.25,198.36,128613.20266199998
2026-03-16 13:45:00,198.35,198.6,198.31,198.54,112304.840643
2026-03-16 13:50:00,198.54,198.67,198.18,198.5001,200894.493221
2026-03-16 13:55:00,198.5,198.92,198.45,198.86,227674.991783
2026-03-16 14:00:00,198.85,199.14,198.84,199.085,409083.89523400005
2026-03-16 14:05:00,199.0835,199.4,199.055,199.16,301539.852092
2026-03-16 14:10:00,199.16,199.23,198.73,198.76,272576.098075
2026-03-16 14:15:00,198.765,199,198.73,198.775,215094.056977
2026-03-16 14:20:00,198.77,199.01,198.571,198.78,248656.797761
2026-03-16 14:25:00,198.76,199.14,198.64,198.9,237039.582345
2026-03-16 14:30:00,198.9,199,198.3601,198.395,267991.232057
2026-03-16 14:35:00,198.42,198.4499,198.03,198.18,258927.431442
2026-03-16 14:40:00,198.16,198.21,197.86,198.095,261307.471784
2026-03-16 14:45:00,198.11,198.32,198.05,198.1101,234595.06882299998
2026-03-16 14:50:00,198.11,198.11,197.815,197.83,249866.828125
2026-03-16 14:55:00,197.84,197.85,197.415,197.76,354011.247507
2026-03-16 15:00:00,197.77,197.87,197.445,197.573,332123.91820400005
2026-03-16 15:05:00,197.555,198.83,197.1068,198.77,472349.276337
2026-03-16 15:10:00,198.82,199.15,197.47,197.69,769764.2338919999
2026-03-16 15:15:00,197.645,198.305,197.55,198.21,441919.667056
2026-03-16 15:20:00,198.21,198.25,197.21,197.2396,291079.592424
2026-03-16 15:25:00,197.25,197.43,196.75,197.27,371677.16017499997
2026-03-16 15:30:00,197.27,197.27,196.55,196.784,326765.967464
2026-03-16 15:35:00,196.78,196.89,196.4101,196.44,322274.446365
2026-03-16 15:40:00,196.435,196.5399,196.04,196.46,449532.017213
2026-03-16 15:45:00,196.455,196.5494,196.15,196.2999,339356.69830299995
2026-03-16 15:50:00,196.3,196.69,195.71,196.36,588492.478615
2026-03-16 15:55:00,196.38,196.685,196.34,196.6,870581.943212
2026-03-17 09:30:00,196.68,198.09,195.4,197.5591,1111512.51672
2026-03-17 09:35:00,197.595,198.03,196.98,197.28,499302.93899500003
2026-03-17 09:40:00,197.28,197.7357,196.64,197.3428,557450.822179
2026-03-17 09:45:00,197.31,198.425,197.3,198.37,518222.46190899995
2026-03-17 09:50:00,198.355,198.95,198.32,198.75,453722.23371199996
2026-03-17 09:55:00,198.75,199.21,198.49,198.84,449063.73034600005
2026-03-17 10:00:00,198.95,199.19,197.95,197.99,727767.2083480001
2026-03-17 10:05:00,198.05,198.27,197.28,197.322,333627.465966
2026-03-17 10:10:00,197.28,197.4799,197.04,197.1618,357864.219957
2026-03-17 10:15:00,197.18,198.25,197.03,198.2216,479024.79089400003
2026-03-17 10:20:00,198.225,198.79,198.01,198.705,428096.79035100003
2026-03-17 10:25:00,198.75,198.8,198.12,198.265,269067.29155900003
2026-03-17 10:30:00,198.29,198.434,197.77,198.245,237917.304879
2026-03-17 10:35:00,198.21,198.56,197.61,197.61,237264.469071
2026-03-17 10:40:00,197.67,198.6,197.6,198.2601,289815.895209
2026-03-17 10:45:00,198.25,198.34,197.965,198.16,164370.246423
2026-03-17 10:50:00,198.165,198.18,197.81,198.01,158450.18890200002
2026-03-17 10:55:00,198.02,198.26,197.9,198.23,171657.594786
2026-03-17 11:00:00,198.27,198.55,197.66,197.71,200202.469282
2026-03-17 11:05:00,197.725,197.7999,197.07,197.23,297610.699592
2026-03-17 11:10:00,197.25,197.35,196.96,197.07,239394.48532200002
2026-03-17 11:15:00,197.0799,197.54,196.7,196.95,298675.70644399995
2026-03-17 11:20:00,196.965,197.0499,196.3116,196.57,276876.284369
2026-03-17 11:25:00,196.555,196.73,196.24,196.26,209363.11116799997
2026-03-17 11:30:00,196.25,196.47,195.95,196.026,279811.040642
2026-03-17 11:35:00,196.03,196.11,195.26,195.525,413120.76116700005
2026-03-17 11:40:00,195.5063,196.17,195.47,196.14,386161.077188
2026-03-17 11:45:00,196.08,196.33,196,196.15,219469.571359
2026-03-17 11:50:00,196.17,196.4,196.05,196.2501,175561.666839
2026-03-17 11:55:00,196.27,196.47,196.12,196.3,201644.733413
2026-03-17 12:00:00,196.304,196.304,195.95,196.03,177549.823617
2026-03-17 12:05:00,196.035,196.22,195.38,196,311887.061932
2026-03-17 12:10:00,196.01,196.28,195.86,195.915,224200.058459
2026-03-17 12:15:00,195.955,196.735,195.935,196.735,440570.838166
2026-03-17 12:20:00,196.73,196.73,196.12,196.43,409917.031676
2026-03-17 12:25:00,196.41,196.53,196.16,196.29,222407.329435
2026-03-17 12:30:00,196.27,196.6,196.1501,196.4401,381163.284272
2026-03-17 12:35:00,196.42,196.48,195.86,196.115,273533.432619
2026-03-17 12:40:00,196.115,196.5,196.115,196.45,273487.998639
2026-03-17 12:45:00,196.44,196.475,195.9805,196.2431,275099.168733
2026-03-17 12:50:00,196.25,196.675,196.17,196.55,257142.524059
2026-03-17 12:55:00,196.56,196.61,196.25,196.275,100938.186496
2026-03-17 13:00:00,196.265,196.52,196.24,196.35,171752.56909600002
2026-03-17 13:05:00,196.344,196.37,195.9202,195.935,155316.143869
2026-03-17 13:10:00,195.93,195.94,195.47,195.65,202360.024629
2026-03-17 13:15:00,195.625,195.95,195.59,195.93,138711.350188
2026-03-17 13:20:00,195.93,196.15,195.84,195.985,153628.571267
2026-03-17 13:25:00,195.99,196.1,195.86,196.045,115604.485228
2026-03-17 13:30:00,196.02,196.255,195.96,196.01,128927.002006
2026-03-17 13:35:00,196,196.31,195.994,196.19,215169.64253
2026-03-17 13:40:00,196.215,196.28,195.99,196.06,136312.926656
2026-03-17 13:45:00,196.045,196.126,195.81,195.915,114804.575185
2026-03-17 13:50:00,195.9,196.4599,195.79,196.3801,275575.504961
2026-03-17 13:55:00,196.38,196.48,196.242,196.27,155294.315166
2026-03-17 14:00:00,196.28,196.83,196.18,196.6774,245239.89127999998
2026-03-17 14:05:00,196.68,196.97,196.53,196.898,282074.570413
2026-03-17 14:10:00,196.88,196.9501,196.8,196.81,149876.61408
2026-03-17 14:15:00,196.8,197.09,196.73,196.95,160865.21434500001
2026-03-17 14:20:00,196.945,197.025,196.644,196.6975,133766.720193
2026-03-17 14:25:00,196.71,196.9,196.54,196.57,127414.969672
2026-03-17 14:30:00,196.53,196.79,196.5,196.675,116680.023128
2026-03-17 14:35:00,196.64,196.93,196.582,196.6299,108558.13809400001
2026-03-17 14:40:00,196.605,196.6901,196.36,196.38,90148.235479
2026-03-17 14:45:00,196.38,196.53,196.34,196.445,96448.454568
2026-03-17 14:50:00,196.445,196.76,196.33,196.74,135563.924517
2026-03-17 14:55:00,196.7351,196.7351,196.35,196.4,110424.826856
2026-03-17 15:00:00,196.41,196.58,196.31,196.43,125176.302001
2026-03-17 15:05:00,196.42,196.4699,196.1,196.3151,133956.290008
2026-03-17 15:10:00,196.3,196.3999,196.18,196.275,88048.099336
2026-03-17 15:15:00,196.275,196.48,196.24,196.33,147973.22414900002
2026-03-17 15:20:00,196.325,196.35,196.03,196.03,128758.53091400002
2026-03-17 15:25:00,196.045,196.5,196,196.275,226333.738083
2026-03-17 15:30:00,196.29,196.4,196.09,196.142,155587.772573
2026-03-17 15:35:00,196.17,196.1985,196.04,196.165,161105.981898
2026-03-17 15:40:00,196.165,196.31,196.01,196.11,172484.104562
2026-03-17 15:45:00,196.11,196.435,196.11,196.43,217635.39347799995
2026-03-17 15:50:00,196.44,196.74,196.144,196.706,349277.269105
2026-03-17 15:55:00,196.71,196.73,196.18,196.31,830966.8596600001
2026-03-18 09:30:00,196,197,195.75,196.025,692574.313919
2026-03-18 09:35:00,196.06,197.6,195.95,196.572,506470.53656700003
2026-03-18 09:40:00,196.49,198.1,196.23,197.15,661023.3470930001
2026-03-18 09:45:00,197.21,198.34,196.9601,198.1624,577323.733312
2026-03-18 09:50:00,198.2,198.88,197.82,198.835,566804.986145
2026-03-18 09:55:00,198.79,199.77,198.44,199.67,707811.2613
2026-03-18 10:00:00,199.62,199.8499,198.81,199.6,678086.4206610001
2026-03-18 10:05:00,199.63,200.63,199.3,200.6,746030.584848
2026-03-18 10:10:00,200.565,200.74,199.33,199.355,612378.2699820001
2026-03-18 10:15:00,199.3572,199.95,199.18,199.1844,392157.300611
2026-03-18 10:20:00,199.22,199.78,199.17,199.3901,304839.077112
2026-03-18 10:25:00,199.46,199.48,198.13,198.57,439112.289309
2026-03-18 10:30:00,198.46,199.2792,198.27,198.8,342263.64818899997
2026-03-18 10:35:00,198.775,198.95,198.5227,198.55,184149.191252
2026-03-18 10:40:00,198.565,198.8,198.37,198.53,517705.397121
2026-03-18 10:45:00,198.53,198.86,198.22,198.24,234633.092296
2026-03-18 10:50:00,198.25,198.97,198.25,198.59,241575.338693
2026-03-18 10:55:00,198.575,199.36,198.39,199.25,367596.00964299997
2026-03-18 11:00:00,199.275,200.17,199.1505,199.7701,494333.12129900005
2026-03-18 11:05:00,199.805,200.75,199.7852,200.08,501199.05417899997
2026-03-18 11:10:00,200,200.0289,199.17,199.205,332803.140695
2026-03-18 11:15:00,199.2,199.3634,198.42,198.645,289476.730062
2026-03-18 11:20:00,198.6232,199.19,198.55,199.02,252423.37496400002
2026-03-18 11:25:00,199.05,199.78,198.9601,199.2574,286639.287726
2026-03-18 11:30:00,199.21,199.8,199.11,199.7321,181849.212284
2026-03-18 11:35:00,199.74,200.42,199.5,200.19,267779.371315
2026-03-18 11:40:00,200.1836,200.445,200.02,200.2643,204192.51487100002
2026-03-18 11:45:00,200.23,200.4378,199.9,199.955,198734.919701
2026-03-18 11:50:00,199.9616,200.47,199.95,200.47,188656.313244
2026-03-18 11:55:00,200.4799,200.51,200.13,200.34,225397.53104799998
2026-03-18 12:00:00,200.33,200.33,199.91,200.175,301497.61466
2026-03-18 12:05:00,200.19,200.2999,199.8738,199.95,144239.672864
2026-03-18 12:10:00,199.945,200.1,199.8,199.97,139272.588319
2026-03-18 12:15:00,200,200,199.54,199.9,161252.444431
2026-03-18 12:20:00,199.9077,200.19,199.86,200.03,146079.282201
2026-03-18 12:25:00,200.07,200.25,199.7001,199.73,208400.329487
2026-03-18 12:30:00,199.73,200.29,199.67,199.795,228620.905295
2026-03-18 12:35:00,199.77,200.03,199.56,199.95,157322.99513300002
2026-03-18 12:40:00,199.99,200.01,199.49,199.69,213291.83564199996
2026-03-18 12:45:00,199.71,199.98,199.54,199.91,116957.832581
2026-03-18 12:50:00,199.94,200.0026,199.63,199.965,114178.93898499999
2026-03-18 12:55:00,199.965,200.03,199.59,199.63,113297.424918
2026-03-18 13:00:00,199.635,199.68,199.24,199.46,184007.244708
2026-03-18 13:05:00,199.48,199.5806,199.17,199.3015,106579.264687
2026-03-18 13:10:00,199.32,199.57,199.13,199.39,127025.660534
2026-03-18 13:15:00,199.42,199.76,199.385,199.4783,163989.17803
2026-03-18 13:20:00,199.47,199.63,199.335,199.62,101455.62852599999
2026-03-18 13:25:00,199.62,199.95,199.5301,199.7,128891.563727
2026-03-18 13:30:00,199.75,199.95,199.5101,199.95,116723.845556
2026-03-18 13:35:00,199.935,200.44,199.935,200.34,193159.906513
2026-03-18 13:40:00,200.32,200.4,200.1308,200.342,128776.32196300001
2026-03-18 13:45:00,200.32,200.95,200.2901,200.88,265509.32645700005
2026-03-18 13:50:00,200.84,201.55,200.83,201.38,503941.486512
2026-03-18 13:55:00,201.39,202.19,201.39,201.98,441625.06387199997
2026-03-18 14:00:00,201.96,202.85,201.96,202.71,562209.1604899999
2026-03-18 14:05:00,202.71,202.86,202.4259,202.49,505398.76983800007
2026-03-18 14:10:00,202.46,202.79,202.245,202.58,347991.83896799997
2026-03-18 14:15:00,202.5865,202.6,201.5,201.55,472776.59745999996
2026-03-18 14:20:00,201.52,201.563,201.17,201.3561,316223.05673
2026-03-18 14:25:00,201.3899,201.4399,201.15,201.31,182691.48665500002
2026-03-18 14:30:00,201.28,201.65,200.93,201.01,285522.374067
2026-03-18 14:35:00,200.985,201.8,200.95,200.9851,275780.40816
2026-03-18 14:40:00,201.01,201.305,200.7401,200.94,253191.898882
2026-03-18 14:45:00,200.9271,201,200.3,200.36,309187.446903
2026-03-18 14:50:00,200.35,200.3562,199.6606,199.94,406508.57099599997
2026-03-18 14:55:00,199.895,200.03,199.52,199.702,349856.02859400003
2026-03-18 15:00:00,199.71,200.72,199.63,200.67,384702.64930999995
2026-03-18 15:05:00,200.69,200.8799,200.33,200.3763,260960.23531900003
2026-03-18 15:10:00,200.345,200.345,199.89,199.92,178956.67956400002
2026-03-18 15:15:00,199.9536,200.0153,199.53,199.6699,263826.462708
2026-03-18 15:20:00,199.6,199.67,199.21,199.4352,233668.68481200002
2026-03-18 15:25:00,199.38,199.64,199.1,199.46,267008.714164
2026-03-18 15:30:00,199.44,199.98,199.44,199.85,317493.498645
2026-03-18 15:35:00,199.83,199.83,199.3,199.38,221487.247594
2026-03-18 15:40:00,199.38,199.63,199.26,199.505,256142.53760599997
2026-03-18 15:45:00,199.53,199.75,199.35,199.7312,238685.015741
2026-03-18 15:50:00,199.79,199.9,199.46,199.5318,482602.121557
2026-03-18 15:55:00,199.53,199.78,199.26,199.44,1114392.3097660001
2026-03-19 09:30:00,195.032,195.32,193.01,193.78,1446740.986485
2026-03-19 09:35:00,193.77,194.37,192.83,193.935,824543.7541380001
2026-03-19 09:40:00,193.88,194.9291,193.66,194.76,596028.929038
2026-03-19 09:45:00,194.64,195.155,194.03,195.125,490539.08651
2026-03-19 09:50:00,195.1,195.9,194.8,195.685,662167.005553
2026-03-19 09:55:00,195.64,196.52,195.535,196.48,747578.507148
2026-03-19 10:00:00,196.415,197.2,196.13,197.105,579580.925366
2026-03-19 10:05:00,197.12,197.75,197,197.2317,512115.244694
2026-03-19 10:10:00,197.24,198.32,196.95,197.625,609944.869169
2026-03-19 10:15:00,197.62,198.24,197.3964,198,427078.885475
2026-03-19 10:20:00,198.0383,198.42,196.9106,197.35,487986.83851000003
2026-03-19 10:25:00,197.4101,197.89,196.95,197.22,301649.66784699995
2026-03-19 10:30:00,197.15,198.68,197.12,198.655,353390.71433499997
2026-03-19 10:35:00,198.655,199.04,197.5901,197.9,400831.229248
2026-03-19 10:40:00,197.87,198.29,197.72,197.9001,207345.387478
2026-03-19 10:45:00,197.96,198.35,197.8,198.35,187224.329336
2026-03-19 10:50:00,198.33,198.875,198.0801,198.464,289990.830095
2026-03-19 10:55:00,198.41,199.1,198.12,198.7395,297145.24975
2026-03-19 11:00:00,198.72,199.35,198.67,199.26,280955.895882
2026-03-19 11:05:00,199.32,200.345,199.1,199.555,609650.124572
2026-03-19 11:10:00,199.55,200.08,199.4001,199.965,229838.463092
2026-03-19 11:15:00,199.965,200.4,199.5192,199.59,358671.459646
2026-03-19 11:20:00,199.585,199.81,199.1,199.11,287443.949111
2026-03-19 11:25:00,199.14,199.36,198.88,199.07,202158.771617
2026-03-19 11:30:00,199.01,199.044,198.32,198.345,218112.16799699998
2026-03-19 11:35:00,198.325,198.81,198.21,198.7,198228.12215599997
2026-03-19 11:40:00,198.77,199.06,198.6,198.66,235295.235877
2026-03-19 11:45:00,198.666,199.31,198.51,199.17,198428.779609
2026-03-19 11:50:00,199.21,199.35,198.8901,199.095,211025.62306100002
2026-03-19 11:55:00,199.13,199.87,199.08,199.83,240395.498484
2026-03-19 12:00:00,199.7855,201.15,199.66,200.7,481272.15707099997
2026-03-19 12:05:00,200.68,201.07,200.45,200.6901,301197.1020460001
2026-03-19 12:10:00,200.74,200.75,200.03,200.12,274124.391229
2026-03-19 12:15:00,200.09,200.3569,199.8301,200.05,195620.292877
2026-03-19 12:20:00,200.0261,200.42,199.9535,200.3,247230.58829699998
2026-03-19 12:25:00,200.3,200.99,200.24,200.9,265470.90952800005
2026-03-19 12:30:00,200.92,201.07,200.4206,200.55,297919.413928
2026-03-19 12:35:00,200.5,201.135,200.3821,201.13,277597.366123
2026-03-19 12:40:00,201.12,201.44,200.8501,201.0501,305736.96117799997
2026-03-19 12:45:00,201.07,201.16,200.46,200.595,202686.44638900002
2026-03-19 12:50:00,200.5,200.55,200.03,200.4851,206924.71016999998
2026-03-19 12:55:00,200.49,200.5999,200.31,200.48,165986.940872
2026-03-19 13:00:00,200.5,200.67,200.17,200.205,131014.53223
2026-03-19 13:05:00,200.2,200.257,199.35,199.5499,220557.462847
2026-03-19 13:10:00,199.525,199.67,199.24,199.424,186181.573987
2026-03-19 13:15:00,199.48,199.75,199.28,199.715,191047.84932
2026-03-19 13:20:00,199.69,200.1599,199.575,199.98,182745.71367700002
2026-03-19 13:25:00,200.01,200.31,199.8701,200.26,165050.702361
2026-03-19 13:30:00,200.26,200.65,200.2452,200.4,232892.21740599998
2026-03-19 13:35:00,200.35,200.48,200.15,200.17,133723.218811
2026-03-19 13:40:00,200.15,200.4299,200.03,200.3801,134924.229572
2026-03-19 13:45:00,200.41,200.6,200.33,200.59,148533.777216
2026-03-19 13:50:00,200.585,201.35,200.5039,201.345,692775.831414
2026-03-19 13:55:00,201.33,201.38,201.01,201.21,208797.80565000005
2026-03-19 14:00:00,201.205,201.42,201.171,201.35,197964.528796
2026-03-19 14:05:00,201.36,202,201.21,201.805,425458.351173
2026-03-19 14:10:00,201.81,202.93,201.72,202.8,514200.47046800004
2026-03-19 14:15:00,202.79,202.84,202.35,202.66,258705.557722
2026-03-19 14:20:00,202.655,202.8,202.401,202.56,245367.524492
2026-03-19 14:25:00,202.555,203.0993,202.5101,202.89,295414.90276900004
2026-03-19 14:30:00,202.94,202.99,202.55,202.68,190256.94089
2026-03-19 14:35:00,202.675,202.85,202.29,202.365,226697.38157799997
2026-03-19 14:40:00,202.34,202.3799,201.7601,201.86,251332.982319
2026-03-19 14:45:00,201.7775,202.05,201.62,202.02,223536.214278
2026-03-19 14:50:00,201.97,202.32,201.7701,202.205,152903.880823
2026-03-19 14:55:00,202.18,203.32,202.0801,203.14,384613.775973
2026-03-19 15:00:00,203.166,204.29,203.07,204.055,606563.05598
2026-03-19 15:05:00,204.05,205.465,204.02,204.92,858941.0443630001
2026-03-19 15:10:00,204.93,205.62,204.47,205.23,525809.322256
2026-03-19 15:15:00,205.2025,205.4,204.5705,204.96,352075.70640400006
2026-03-19 15:20:00,204.95,204.98,204.47,204.59,359891.444602
2026-03-19 15:25:00,204.585,205.0999,204.13,205.03,452771.352411
2026-03-19 15:30:00,205.05,205.15,204.56,204.71,373886.818677
2026-03-19 15:35:00,204.74,205.09,204.11,205.0601,408757.546615
2026-03-19 15:40:00,205.07,205.57,205.03,205.18,632960.450548
2026-03-19 15:45:00,205.2,205.88,205.09,205.7,646700.6778749999
2026-03-19 15:50:00,205.71,205.84,204.9,205.215,1066926.579002
2026-03-19 15:55:00,205.23,205.6,205.04,205.23,1187966.4857949999
2026-03-20 09:30:00,204.885,206.3,202.77,204.68,2140592.1352170003
2026-03-20 09:35:00,204.55,205.37,203.8,203.92,517394.787063
2026-03-20 09:40:00,203.87,205.199,203.6174,205.06,446645.33399
2026-03-20 09:45:00,205.12,205.4395,203.88,204.11,412746.588059
2026-03-20 09:50:00,204.24,204.24,202.9,203.3157,366611.412152
2026-03-20 09:55:00,203.33,203.43,201.98,202.035,380572.194769
2026-03-20 10:00:00,202.0451,202.33,201.58,202.06,504970.67290600005
2026-03-20 10:05:00,202.01,202.45,200.87,201.665,406746.09791799996
2026-03-20 10:10:00,201.695,201.77,200.75,200.945,440196.875412
2026-03-20 10:15:00,200.92,201.5999,200.86,201.2825,306749.65841800004
2026-03-20 10:20:00,201.295,201.38,200.2,200.38,453383.93980299996
2026-03-20 10:25:00,200.395,200.57,199.67,199.8,1492459.117084
2026-03-20 10:30:00,199.82,200.915,199.8,200.915,466287.297836
2026-03-20 10:35:00,200.95,201.04,200.03,200.56,507428.01644599997
2026-03-20 10:40:00,200.5401,201.2599,200.25,201.2499,338594.756642
2026-03-20 10:45:00,201.17,201.49,200.9,201.2,309596.340748
2026-03-20 10:50:00,201.19,201.3299,200.41,200.53,255441.294505
2026-03-20 10:55:00,200.535,201.62,200.535,201.45,223245.620824
2026-03-20 11:00:00,201.42,202.25,200.67,200.855,328882.408934
2026-03-20 11:05:00,200.83,201.3699,200.82,201.31,155194.365571
2026-03-20 11:10:00,201.26,202.44,201.245,202.2075,247046.099154
2026-03-20 11:15:00,202.13,202.29,201.28,201.335,563565.807558
2026-03-20 11:20:00,201.37,202.6,201.2468,201.75,257207.271419
2026-03-20 11:25:00,201.78,202.0799,201.38,201.9,178734.907133
2026-03-20 11:30:00,201.895,202.4599,201.61,202.35,187220.26445799996
2026-03-20 11:35:00,202.2902,202.48,201.91,202.04,178528.65242899998
2026-03-20 11:40:00,202.04,202.26,201.71,202,162237.85044900002
2026-03-20 11:45:00,201.99,202.23,201.7,201.915,153953.473218
2026-03-20 11:50:00,201.915,202.06,201.6328,202.06,119607.24143099999
2026-03-20 11:55:00,202,202.49,201.92,202.325,289992.95317600004
2026-03-20 12:00:00,202.365,202.9499,202.0206,202.86,183025.542604
2026-03-20 12:05:00,202.83,202.87,202.2601,202.54,464120.38760499994
2026-03-20 12:10:00,202.5151,202.7875,202.21,202.24,136445.87235299998
2026-03-20 12:15:00,202.31,202.88,202.14,202.6801,1170778.2879620001
2026-03-20 12:20:00,202.755,202.8,202.41,202.51,151118.62258700002
2026-03-20 12:25:00,202.44,202.54,201.92,202.01,139904.838968
2026-03-20 12:30:00,202.06,202.06,201.26,201.7399,197664.142507
2026-03-20 12:35:00,201.665,201.839,201.33,201.475,115333.77172
2026-03-20 12:40:00,201.5106,201.5106,201.15,201.39,88442.51213999999
2026-03-20 12:45:00,201.31,201.4399,200.98,201.245,410216.499277
2026-03-20 12:50:00,201.235,201.41,200.91,201.1401,125168.640353
2026-03-20 12:55:00,201.1598,201.6,201.09,201.22,95237.82291000002
2026-03-20 13:00:00,201.265,201.62,201.25,201.37,147368.904906
2026-03-20 13:05:00,201.3699,201.71,200.6079,201.35,294574.596895
2026-03-20 13:10:00,201.43,201.4999,200.77,200.82,191942.78048800002
2026-03-20 13:15:00,200.82,200.92,200.5,200.58,162406.44415
2026-03-20 13:20:00,200.5784,201.02,200.5701,200.79,112461.335749
2026-03-20 13:25:00,200.83,200.83,200.21,200.3499,163302.633282
2026-03-20 13:30:00,200.35,200.5,200.08,200.18,145155.10352099998
2026-03-20 13:35:00,200.18,200.32,199.44,199.67,391617.979804
2026-03-20 13:40:00,199.645,199.84,199.3501,199.49,202336.21912999998
2026-03-20 13:45:00,199.48,199.5,198.92,199.12,238732.053489
2026-03-20 13:50:00,199.1,199.75,199.05,199.71,217679.87565
2026-03-20 13:55:00,199.7,199.989,199.66,199.86,201333.302684
2026-03-20 14:00:00,199.87,200,199.67,199.7,117570.34139599999
2026-03-20 14:05:00,199.73,200.03,199.5,200.01,157125.93134299997
2026-03-20 14:10:00,200.0599,200.08,199.7,200,130996.18310000001
2026-03-20 14:15:00,200.02,200.1,199.8,199.985,139722.554645
2026-03-20 14:20:00,200.01,200.13,198.94,199.22,249755.59711899998
2026-03-20 14:25:00,199.25,199.8799,199.2401,199.57,228021.811047
2026-03-20 14:30:00,199.6,199.6694,199.07,199.195,155543.272209
2026-03-20 14:35:00,199.185,199.27,198.58,198.79,264087.558095
2026-03-20 14:40:00,198.79,199.1099,198.7001,198.96,191657.196596
2026-03-20 14:45:00,198.89,199.1,198.62,198.77,318100.099318
2026-03-20 14:50:00,198.74,199.04,198.48,198.53,191653.229176
2026-03-20 14:55:00,198.56,198.96,198.3001,198.74,293765.75814
2026-03-20 15:00:00,198.74,199.22,198.6654,198.85,247940.18248
2026-03-20 15:05:00,198.81,198.9399,198.37,198.55,236248.57856
2026-03-20 15:10:00,198.53,199,198.26,198.94,172251.978377
2026-03-20 15:15:00,198.965,199.2899,198.81,199.05,219440.07996400003
2026-03-20 15:20:00,199.045,199.43,198.52,198.64,308495.16708499996
2026-03-20 15:25:00,198.67,199.08,198.6,198.77,237534.064668
2026-03-20 15:30:00,198.8,199.18,198.73,198.87,220760.38269399997
2026-03-20 15:35:00,198.85,199.08,198.42,199.065,294134.19122100004
2026-03-20 15:40:00,199.07,199.915,199.01,199.77,373820.57094700006
2026-03-20 15:45:00,199.76,199.76,199.29,199.63,413058.906724
2026-03-20 15:50:00,199.67,200.4,199.5,200.285,638928.949126
2026-03-20 15:55:00,200.3,201.48,200.2,201.48,1808818.887737
2026-03-23 09:30:00,206.395,209.109,205.79,206.475,1726248.8154390003
2026-03-23 09:35:00,206.56,207.15,205.81,206.95,653408.22557
2026-03-23 09:40:00,206.96,207.05,206.08,206.51,572395.097922
2026-03-23 09:45:00,206.51,207.8575,206.4,207.75,742612.285573
2026-03-23 09:50:00,207.81,208.1,206.54,207.14,613203.881813
2026-03-23 09:55:00,207.17,208.23,206.78,208.185,648664.008205
2026-03-23 10:00:00,208.21,208.34,206.11,206.175,659010.982174
2026-03-23 10:05:00,206.15,206.99,206.1,206.3,544077.05052
2026-03-23 10:10:00,206.31,207.39,206.2401,206.735,459235.49236499995
2026-03-23 10:15:00,206.68,207.89,206.65,207.78,457983.67415899993
2026-03-23 10:20:00,207.81,208.17,207.5,207.985,402926.45716100006
2026-03-23 10:25:00,207.95,208.17,206.92,207.38,465488.54298500007
2026-03-23 10:30:00,207.365,207.5,206.6,206.73,370972.23207400006
2026-03-23 10:35:00,206.84,206.85,205.97,206.1,464533.535547
2026-03-23 10:40:00,206.06,206.34,205.71,206.261,505544.928422
2026-03-23 10:45:00,206.25,206.71,205.75,206.69,475174.589966
2026-03-23 10:50:00,206.67,207.24,206.11,207.15,500486.20825300005
2026-03-23 10:55:00,207.18,207.58,206.76,206.85,339088.20232000004
2026-03-23 11:00:00,206.895,207.98,206.76,207.8,527522.580111
2026-03-23 11:05:00,207.8,208.1,207.5,208.04,417658.572719
2026-03-23 11:10:00,208.0101,208.2599,207.53,207.77,318188.13440300006
2026-03-23 11:15:00,207.78,207.98,207.23,207.25,299234.22291899996
2026-03-23 11:20:00,207.25,207.35,206.55,207.18,359807.543143
2026-03-23 11:25:00,207.14,207.26,206.5,206.99,266067.517414
2026-03-23 11:30:00,207,207.7,206.76,206.9,278659.000037
2026-03-23 11:35:00,206.905,206.98,205.2,205.425,471428.893344
2026-03-23 11:40:00,205.4,205.46,204.75,205.25,410920.82943900005
2026-03-23 11:45:00,205.24,205.3201,204.4,204.45,287002.340405
2026-03-23 11:50:00,204.41,204.5899,203.41,203.53,342833.139316
2026-03-23 11:55:00,203.53,203.5503,201.76,201.98,505040.92193699995
2026-03-23 12:00:00,201.98,202.69,201.75,201.835,496071.686836
2026-03-23 12:05:00,201.8,203.335,201.71,203.1,418573.214559
2026-03-23 12:10:00,203.09,203.76,202.78,203.58,291202.91911
2026-03-23 12:15:00,203.57,203.6399,203.07,203.2701,222420.47781500002
2026-03-23 12:20:00,203.3201,203.76,202.97,203.6,259323.79254899998
2026-03-23 12:25:00,203.57,203.57,202.51,202.57,311468.823863
2026-03-23 12:30:00,202.61,203.35,202.5,203.335,253487.955931
2026-03-23 12:35:00,203.4,203.84,203.16,203.49,303813.90473999997
2026-03-23 12:40:00,203.505,203.87,203.29,203.5899,172643.577097
2026-03-23 12:45:00,203.53,204.37,203.52,203.85,306053.998247
2026-03-23 12:50:00,203.85,204.01,203.19,203.33,183210.739661
2026-03-23 12:55:00,203.38,203.63,203.05,203.52,154908.199933
2026-03-23 13:00:00,203.535,204.1399,203.53,203.9003,286020.84051899996
2026-03-23 13:05:00,203.9304,204.17,203.59,204.0767,235721.98797400002
2026-03-23 13:10:00,204.05,204.09,203.45,203.48,180977.604398
2026-03-23 13:15:00,203.4404,203.78,203.1322,203.3663,161984.804082
2026-03-23 13:20:00,203.41,203.4599,202.94,203.145,156408.21559500002
2026-03-23 13:25:00,203.12,203.71,203.11,203.545,138544.76284100002
2026-03-23 13:30:00,203.595,204.4574,203.55,204.15,233094.22967
2026-03-23 13:35:00,204.19,204.6699,204.11,204.33,224757.67844499997
2026-03-23 13:40:00,204.305,204.46,203.9401,204.08,173970.58082
2026-03-23 13:45:00,204.085,204.105,203.71,203.94,136456.357109
2026-03-23 13:50:00,203.93,204.32,203.861,204.2201,153355.747258
2026-03-23 13:55:00,204.265,204.74,204.0801,204.715,168485.346282
2026-03-23 14:00:00,204.74,205.13,204.63,205.025,234100.214606
2026-03-23 14:05:00,205.025,205.11,204.24,204.61,230448.46703800003
2026-03-23 14:10:00,204.61,205.13,204.57,204.78,140940.280212
2026-03-23 14:15:00,204.78,204.94,204.42,204.5899,175420.10081
2026-03-23 14:20:00,204.55,204.8,204.5001,204.735,128796.66196499999
2026-03-23 14:25:00,204.76,204.94,204.47,204.59,180966.780842
2026-03-23 14:30:00,204.63,205.47,204.63,205.45,252017.329033
2026-03-23 14:35:00,205.47,205.79,205.06,205.345,294459.051355
2026-03-23 14:40:00,205.32,205.72,205.2401,205.66,174873.96755200002
2026-03-23 14:45:00,205.645,205.9,205.54,205.81,161631.031781
2026-03-23 14:50:00,205.8699,205.88,204.86,205.085,303663.338598
2026-03-23 14:55:00,205.0981,205.2,204.8001,204.95,190641.63615
2026-03-23 15:00:00,204.94,204.97,204.21,204.29,242075.085401
2026-03-23 15:05:00,204.28,204.8018,204.2,204.69,225769.360919
2026-03-23 15:10:00,204.695,204.7599,204.3044,204.59,199805.21730500003
2026-03-23 15:15:00,204.58,204.7,203.9101,204.3,219106.274421
2026-03-23 15:20:00,204.315,204.46,204.2,204.395,177422.542788
2026-03-23 15:25:00,204.42,204.65,204.16,204.49,204070.73092300002
2026-03-23 15:30:00,204.455,204.66,204.42,204.46,147423.354677
2026-03-23 15:35:00,204.51,204.57,203.9838,204.06,243091.040478
2026-03-23 15:40:00,204.05,204.11,203.5545,203.66,284564.184228
2026-03-23 15:45:00,203.69,203.98,203.34,203.4,387759.164028
2026-03-23 15:50:00,203.41,203.5,202.855,203.1,605454.5246979999
2026-03-23 15:55:00,203.11,203.305,202.62,202.62,1010268.264248