timestamp,open,high,low,close,volume
2025-11-25 09:30:00-05:00,78.28,79.5,77,79.49,456774.00
2025-11-25 09:35:00-05:00,79.365,79.95,77.73,78.91,264210.00
2025-11-25 09:40:00-05:00,79,79.1,76.59,77.01,264416.00
2025-11-25 09:45:00-05:00,76.965,77.65,76.37,76.7,184789.00
2025-11-25 09:50:00-05:00,76.71,77.5,76.52,77.055,198141.00
2025-11-25 09:55:00-05:00,77.15,79.76,77.14,79.6425,400997.00
2025-11-25 10:00:00-05:00,79.69,80.3317,79.53,80.3,240929.00
2025-11-25 10:05:00-05:00,80.3,82.255,80.14,82.025,311403.00
2025-11-25 10:10:00-05:00,82.0679,82.38,81.7101,81.825,177999.00
2025-11-25 10:15:00-05:00,81.825,82.74,81.5,82.375,234291.00
2025-11-25 10:20:00-05:00,82.4978,82.89,82.05,82.795,203764.00
2025-11-25 10:25:00-05:00,82.84,84.1847,82.8,84.1,313863.00
2025-11-25 10:30:00-05:00,84.075,84.4,83.71,84.06,216999.00
2025-11-25 10:35:00-05:00,84.06,84.38,83.69,84.1822,135550.00
2025-11-25 10:40:00-05:00,84.2062,84.84,84.14,84.605,173011.00
2025-11-25 10:45:00-05:00,84.64,84.8314,84.2211,84.495,145811.00
2025-11-25 10:50:00-05:00,84.47,84.91,84.37,84.765,111814.00
2025-11-25 10:55:00-05:00,84.73,84.9,84.59,84.725,102018.00
2025-11-25 11:00:00-05:00,84.79,84.93,84.64,84.82,99268.00
2025-11-25 11:05:00-05:00,84.76,84.98,84.56,84.84,119553.00
2025-11-25 11:10:00-05:00,84.86,85.44,84.71,85.16,202324.00
2025-11-25 11:15:00-05:00,85.2,85.5,84.92,85.13,116240.00
2025-11-25 11:20:00-05:00,85.06,85.56,84.98,85.31,142632.00
2025-11-25 11:25:00-05:00,85.345,85.79,85.19,85.715,117423.00
2025-11-25 11:30:00-05:00,85.715,86.3099,85.6003,85.9205,168947.00
2025-11-25 11:35:00-05:00,85.9767,86.0099,85.7503,85.8762,94157.00
2025-11-25 11:40:00-05:00,85.825,86.2599,85.7601,86.0201,148029.00
2025-11-25 11:45:00-05:00,86.02,86.3,85.96,86.3,52767.00
2025-11-25 11:50:00-05:00,86.299,86.3,85.7001,86.21,89763.00
2025-11-25 11:55:00-05:00,86.23,86.7399,86.23,86.7101,120208.00
2025-11-25 12:00:00-05:00,86.7225,87.4,86.6401,87.24,173788.00
2025-11-25 12:05:00-05:00,87.2228,87.5,87.07,87.22,151877.00
2025-11-25 12:10:00-05:00,87.1906,87.75,87.12,87.7,125005.00
2025-11-25 12:15:00-05:00,87.75,87.92,87.31,87.375,138656.00
2025-11-25 12:20:00-05:00,87.3567,87.86,87.31,87.75,89956.00
2025-11-25 12:25:00-05:00,87.69,87.79,87.6052,87.6968,62216.00
2025-11-25 12:30:00-05:00,87.7413,88.28,87.6301,88.23,121345.00
2025-11-25 12:35:00-05:00,88.225,88.43,87.9,87.9563,129480.00
2025-11-25 12:40:00-05:00,87.9664,88.18,87.7535,88.09,100382.00
2025-11-25 12:45:00-05:00,88.09,88.2,87.94,88.11,61716.00
2025-11-25 12:50:00-05:00,88.155,88.5296,88.03,88.4937,89476.00
2025-11-25 12:55:00-05:00,88.5069,88.8699,88.24,88.46,176036.00
2025-11-25 13:00:00-05:00,88.42,88.5499,88.351,88.4575,69848.00
2025-11-25 13:05:00-05:00,88.47,88.59,88.351,88.39,62257.00
2025-11-25 13:10:00-05:00,88.4174,88.5,88.29,88.4397,66955.00
2025-11-25 13:15:00-05:00,88.4198,88.62,88.17,88.54,64204.00
2025-11-25 13:20:00-05:00,88.54,88.7,88.48,88.5594,50650.00
2025-11-25 13:25:00-05:00,88.545,88.5495,88.02,88.5,86058.00
2025-11-25 13:30:00-05:00,88.37,88.4439,88.12,88.27,46566.00
2025-11-25 13:35:00-05:00,88.23,88.3,87.87,88,72142.00
2025-11-25 13:40:00-05:00,88.0655,88.0689,87.64,87.695,137609.00
2025-11-25 13:45:00-05:00,87.7163,87.96,87.425,87.8409,103459.00
2025-11-25 13:50:00-05:00,87.85,88,87.75,87.9094,74709.00
2025-11-25 13:55:00-05:00,87.92,88.32,87.9002,88.265,114759.00
2025-11-25 14:00:00-05:00,88.21,88.5,88.07,88.43,104403.00
2025-11-25 14:05:00-05:00,88.39,88.6499,88.3113,88.57,101807.00
2025-11-25 14:10:00-05:00,88.5767,88.81,88.55,88.77,93340.00
2025-11-25 14:15:00-05:00,88.7212,89,88.67,88.725,133001.00
2025-11-25 14:20:00-05:00,88.725,89,88.36,88.49,111957.00
2025-11-25 14:25:00-05:00,88.55,88.65,88.36,88.48,101538.00
2025-11-25 14:30:00-05:00,88.505,88.65,88.3,88.5851,62701.00
2025-11-25 14:35:00-05:00,88.54,88.6994,88.54,88.6765,51739.00
2025-11-25 14:40:00-05:00,88.69,88.76,88.42,88.745,65769.00
2025-11-25 14:45:00-05:00,88.76,89,88.6501,88.985,102380.00
2025-11-25 14:50:00-05:00,88.985,89.18,88.9,89.025,89851.00
2025-11-25 14:55:00-05:00,89.05,89.15,88.7856,89.115,65786.00
2025-11-25 15:00:00-05:00,89.11,89.76,89.0684,89.7,141207.00
2025-11-25 15:05:00-05:00,89.6188,89.93,89.6,89.9,118305.00
2025-11-25 15:10:00-05:00,89.9,90.46,89.8975,90.165,183839.00
2025-11-25 15:15:00-05:00,90.165,90.29,90.07,90.175,97026.00
2025-11-25 15:20:00-05:00,90.215,90.215,89.6,89.65,148470.00
2025-11-25 15:25:00-05:00,89.66,89.9,89.52,89.8,135262.00
2025-11-25 15:30:00-05:00,89.785,90.2499,89.785,90.065,172866.00
2025-11-25 15:35:00-05:00,90.065,90.35,89.92,90.06,128482.00
2025-11-25 15:40:00-05:00,90.08,90.2309,89.98,90.02,150496.00
2025-11-25 15:45:00-05:00,90.0591,90.5,89.93,90.44,181879.00
2025-11-25 15:50:00-05:00,90.48,90.59,89.85,90.04,278713.00
2025-11-25 15:55:00-05:00,90.01,90.35,89.54,90.27,522237.00
2025-11-26 09:30:00-05:00,90.68,94.23,90.06,92.36,354172.00
2025-11-26 09:35:00-05:00,92.6,93.6299,92.22,93.3835,85963.00
2025-11-26 09:40:00-05:00,93.459,93.52,92.06,92.565,87060.00
2025-11-26 09:45:00-05:00,92.68,93,91.49,91.9,75035.00
2025-11-26 09:50:00-05:00,91.9099,92.9,91.6878,92.0573,79478.00
2025-11-26 09:55:00-05:00,92.2,92.71,91.34,91.52,66642.00
2025-11-26 10:00:00-05:00,91.52,92.15,90.63,90.99,67201.00
2025-11-26 10:05:00-05:00,91.04,91.7453,90.96,91.66,33106.00
2025-11-26 10:10:00-05:00,91.57,92.88,91.57,92.74,56674.00
2025-11-26 10:15:00-05:00,92.7336,93.82,92.7336,93.6772,76527.00
2025-11-26 10:20:00-05:00,93.82,94.3,93.28,94.12,58959.00
2025-11-26 10:25:00-05:00,94.22,94.96,94.1909,94.22,136101.00
2025-11-26 10:30:00-05:00,94.32,94.96,94.32,94.805,66151.00
2025-11-26 10:35:00-05:00,94.814,94.85,94.32,94.42,52043.00
2025-11-26 10:40:00-05:00,94.42,94.53,94.1643,94.52,38283.00
2025-11-26 10:45:00-05:00,94.4803,94.59,93.8,93.99,96592.00
2025-11-26 10:50:00-05:00,94,94.9,94,94.8013,57950.00
2025-11-26 10:55:00-05:00,94.8,95.5,94.7879,95.35,116985.00
2025-11-26 11:00:00-05:00,95.3771,95.91,95.1,95.6894,101280.00
2025-11-26 11:05:00-05:00,95.69,96.2,95.43,95.53,67072.00
2025-11-26 11:10:00-05:00,95.545,95.97,95.35,95.9,55057.00
2025-11-26 11:15:00-05:00,95.9,95.91,95.28,95.5,49613.00
2025-11-26 11:20:00-05:00,95.5001,95.5001,94.7,94.85,80259.00
2025-11-26 11:25:00-05:00,94.91,95.3,94.82,94.93,37512.00
2025-11-26 11:30:00-05:00,95.03,95.5,94.84,95.1605,34330.00
2025-11-26 11:35:00-05:00,95.16,95.45,95.16,95.36,29171.00
2025-11-26 11:40:00-05:00,95.335,95.4899,95.18,95.315,26796.00
2025-11-26 11:45:00-05:00,95.315,95.6,95.27,95.46,33250.00
2025-11-26 11:50:00-05:00,95.3818,95.55,95.3818,95.51,11218.00
2025-11-26 11:55:00-05:00,95.54,95.66,95.38,95.45,33454.00
2025-11-26 12:00:00-05:00,95.46,95.6156,95.3501,95.47,21594.00
2025-11-26 12:05:00-05:00,95.46,95.56,95.281,95.545,17570.00
2025-11-26 12:10:00-05:00,95.49,95.58,95.155,95.35,25430.00
2025-11-26 12:15:00-05:00,95.24,95.565,95.22,95.3775,40854.00
2025-11-26 12:20:00-05:00,95.35,95.99,95.35,95.92,36674.00
2025-11-26 12:25:00-05:00,95.87,96.26,95.8201,96.12,81237.00
2025-11-26 12:30:00-05:00,96.13,96.39,96.13,96.24,41266.00
2025-11-26 12:35:00-05:00,96.195,96.2912,96,96.125,33544.00
2025-11-26 12:40:00-05:00,96.135,96.295,96.075,96.27,21998.00
2025-11-26 12:45:00-05:00,96.23,96.5,96.23,96.37,43722.00
2025-11-26 12:50:00-05:00,96.365,96.64,96.34,96.37,42551.00
2025-11-26 12:55:00-05:00,96.36,96.52,95.855,95.855,65699.00
2025-11-26 13:00:00-05:00,95.855,95.92,95.7,95.815,24270.00
2025-11-26 13:05:00-05:00,95.815,95.8832,94.9,95.01,69589.00
2025-11-26 13:10:00-05:00,95.075,95.09,94.3,94.8799,76912.00
2025-11-26 13:15:00-05:00,94.6703,94.92,94.34,94.3496,40849.00
2025-11-26 13:20:00-05:00,94.35,94.79,94.23,94.275,49814.00
2025-11-26 13:25:00-05:00,94.265,94.6946,94.244,94.39,29740.00
2025-11-26 13:30:00-05:00,94.38,94.385,94.0601,94.3,37470.00
2025-11-26 13:35:00-05:00,94.3,94.695,94.2291,94.695,36131.00
2025-11-26 13:40:00-05:00,94.62,94.62,93.88,94.1,57183.00
2025-11-26 13:45:00-05:00,94.105,94.145,93.65,93.9025,37191.00
2025-11-26 13:50:00-05:00,93.956,94.41,93.89,94.365,37331.00
2025-11-26 13:55:00-05:00,94.45,94.55,94.3,94.3,24352.00
2025-11-26 14:00:00-05:00,94.2811,94.55,94.26,94.405,39131.00
2025-11-26 14:05:00-05:00,94.405,94.7468,94.362,94.74,23089.00
2025-11-26 14:10:00-05:00,94.73,95.38,94.71,95.19,49570.00
2025-11-26 14:15:00-05:00,95.19,95.25,95.08,95.15,25973.00
2025-11-26 14:20:00-05:00,95.125,95.16,94.86,94.992,27909.00
2025-11-26 14:25:00-05:00,95.0697,95.43,94.98,95.43,19430.00
2025-11-26 14:30:00-05:00,95.4,95.41,94.94,95,25120.00
2025-11-26 14:35:00-05:00,95.0017,95.04,94.93,95.0179,15777.00
2025-11-26 14:40:00-05:00,95.005,95.16,94.7,95.16,30357.00
2025-11-26 14:45:00-05:00,95.09,95.24,95.035,95.08,21325.00
2025-11-26 14:50:00-05:00,95.05,95.1774,95.02,95.095,17670.00
2025-11-26 14:55:00-05:00,95.095,95.43,95.065,95.4,31100.00
2025-11-26 15:00:00-05:00,95.395,95.92,95.38,95.7512,45925.00
2025-11-26 15:05:00-05:00,95.66,96.2,95.61,96.1999,48119.00
2025-11-26 15:10:00-05:00,96.08,96.4378,96.055,96.29,31190.00
2025-11-26 15:15:00-05:00,96.29,96.29,95.82,95.84,30764.00
2025-11-26 15:20:00-05:00,95.8965,95.98,95.81,95.81,45223.00
2025-11-26 15:25:00-05:00,95.8,96.095,95.72,96.08,26902.00
2025-11-26 15:30:00-05:00,96.075,96.3,96.07,96.22,40582.00
2025-11-26 15:35:00-05:00,96.3,96.4,96.2,96.275,36878.00
2025-11-26 15:40:00-05:00,96.275,96.37,96.16,96.2075,42282.00
2025-11-26 15:45:00-05:00,96.2227,96.23,95.8265,95.87,55731.00
2025-11-26 15:50:00-05:00,95.85,95.875,95.621,95.7,95277.00
2025-11-26 15:55:00-05:00,95.69,95.7893,95.12,95.15,351667.00
2025-11-28 09:30:00-05:00,96,97,95.089,96.2441,66203.00
2025-11-28 09:35:00-05:00,96.56,97.23,96.2601,96.8585,36618.00
2025-11-28 09:40:00-05:00,96.96,97.9398,96.8419,97.43,55655.00
2025-11-28 09:45:00-05:00,97.49,98.88,97.445,98.65,106966.00
2025-11-28 09:50:00-05:00,98.785,98.785,98.211,98.48,56331.00
2025-11-28 09:55:00-05:00,98.42,98.5,98.15,98.29,49144.00
2025-11-28 10:00:00-05:00,98.29,99.15,97.89,99.1036,74150.00
2025-11-28 10:05:00-05:00,99.137,99.18,98.56,99.035,60656.00
2025-11-28 10:10:00-05:00,99.035,99.1,98.375,98.83,65075.00
2025-11-28 10:15:00-05:00,98.76,98.82,98.2485,98.73,35919.00
2025-11-28 10:20:00-05:00,98.82,99.14,98.77,98.88,63792.00
2025-11-28 10:25:00-05:00,98.9,99.19,98.8,99.1885,23975.00
2025-11-28 10:30:00-05:00,99.135,99.7,98.99,99.6553,48100.00
2025-11-28 10:35:00-05:00,99.645,99.66,98.5062,98.72,29735.00
2025-11-28 10:40:00-05:00,98.72,99.08,98.5,98.9237,27345.00
2025-11-28 10:45:00-05:00,98.925,99.55,98.83,99.4,30594.00
2025-11-28 10:50:00-05:00,99.4,99.64,99.3,99.495,31663.00
2025-11-28 10:55:00-05:00,99.495,99.8,99.47,99.76,36684.00
2025-11-28 11:00:00-05:00,99.71,99.71,99.27,99.31,35249.00
2025-11-28 11:05:00-05:00,99.32,99.4,99.2,99.26,21301.00
2025-11-28 11:10:00-05:00,99.31,99.63,99.295,99.6053,33846.00
2025-11-28 11:15:00-05:00,99.59,99.59,99.14,99.2869,19120.00
2025-11-28 11:20:00-05:00,99.1188,99.195,98.52,98.74,37119.00
2025-11-28 11:25:00-05:00,98.78,98.78,98.3386,98.6196,41296.00
2025-11-28 11:30:00-05:00,98.64,98.93,98.6,98.73,23262.00
2025-11-28 11:35:00-05:00,98.7,98.785,98.55,98.66,20040.00
2025-11-28 11:40:00-05:00,98.77,98.77,98.27,98.465,29161.00
2025-11-28 11:45:00-05:00,98.465,98.575,98.35,98.505,19240.00
2025-11-28 11:50:00-05:00,98.5,98.62,98.2601,98.33,27585.00
2025-11-28 11:55:00-05:00,98.37,98.5789,98.33,98.34,25463.00
2025-11-28 12:00:00-05:00,98.37,98.44,98.17,98.35,18717.00
2025-11-28 12:05:00-05:00,98.355,98.4696,98.1171,98.215,28864.00
2025-11-28 12:10:00-05:00,98.2,98.395,98.15,98.3639,18917.00
2025-11-28 12:15:00-05:00,98.36,98.565,98.32,98.565,15605.00
2025-11-28 12:20:00-05:00,98.54,98.6,98.34,98.415,23598.00
2025-11-28 12:25:00-05:00,98.435,98.6978,98.33,98.6978,39514.00
2025-11-28 12:30:00-05:00,98.7,98.83,98.58,98.745,31300.00
2025-11-28 12:35:00-05:00,98.82,98.93,98.69,98.825,28947.00
2025-11-28 12:40:00-05:00,98.83,98.97,98.59,98.92,49113.00
2025-11-28 12:45:00-05:00,98.89,98.89,98.28,98.35,52592.00
2025-11-28 12:50:00-05:00,98.33,98.6,98.18,98.36,69440.00
2025-11-28 12:55:00-05:00,98.425,98.43,97.85,97.88,175507.00
2025-11-28 13:00:00-05:00,97.87,97.87,97.87,97.87,153340.00
2025-12-01 09:30:00-05:00,97.17,97.8,96.13,97.745,83798.00
2025-12-01 09:35:00-05:00,97.745,99.6,97.23,99.6,65397.00
2025-12-01 09:40:00-05:00,99.68,100.645,98.86,100.465,111165.00
2025-12-01 09:45:00-05:00,100.4773,100.49,99.39,99.77,43456.00
2025-12-01 09:50:00-05:00,99.8988,100.9875,99.8988,100.9,53731.00
2025-12-01 09:55:00-05:00,100.99,101.85,100.99,101.225,91126.00
2025-12-01 10:00:00-05:00,101.313,102.0998,100.99,101.94,107196.00
2025-12-01 10:05:00-05:00,101.94,102.25,101.57,101.705,111230.00
2025-12-01 10:10:00-05:00,101.6849,102,101.45,101.84,33891.00
2025-12-01 10:15:00-05:00,101.89,102.27,101.81,102.27,62839.00
2025-12-01 10:20:00-05:00,102.29,102.34,101.38,101.81,61063.00
2025-12-01 10:25:00-05:00,101.57,101.57,100.83,101.13,46601.00
2025-12-01 10:30:00-05:00,101,101.65,100.92,101.51,41981.00
2025-12-01 10:35:00-05:00,101.53,101.82,101.16,101.695,51919.00
2025-12-01 10:40:00-05:00,101.75,102.25,101.75,102.09,34358.00
2025-12-01 10:45:00-05:00,102.11,102.53,102.0644,102.505,36419.00
2025-12-01 10:50:00-05:00,102.5562,102.67,102.23,102.295,45301.00
2025-12-01 10:55:00-05:00,102.44,102.76,102.352,102.36,51201.00
2025-12-01 11:00:00-05:00,102.48,102.79,102.4,102.4,43760.00
2025-12-01 11:05:00-05:00,102.4,102.84,102.3201,102.395,89812.00
2025-12-01 11:10:00-05:00,102.395,102.66,102.12,102.2325,35164.00
2025-12-01 11:15:00-05:00,102.1599,102.26,101.8,101.97,49116.00
2025-12-01 11:20:00-05:00,101.985,102,101.77,101.89,21202.00
2025-12-01 11:25:00-05:00,101.89,102.02,101.7,101.795,29357.00
2025-12-01 11:30:00-05:00,101.7775,102.0356,101.69,102.005,19337.00
2025-12-01 11:35:00-05:00,102.04,102.06,101.63,101.64,21072.00
2025-12-01 11:40:00-05:00,101.61,101.85,101.57,101.8,17545.00
2025-12-01 11:45:00-05:00,101.75,101.91,101.66,101.8609,10286.00
2025-12-01 11:50:00-05:00,101.7975,101.81,101.65,101.65,25795.00
2025-12-01 11:55:00-05:00,101.64,101.77,101.63,101.705,22087.00
2025-12-01 12:00:00-05:00,101.705,101.76,101.52,101.68,20474.00
2025-12-01 12:05:00-05:00,101.67,101.67,101.5,101.5,17302.00
2025-12-01 12:10:00-05:00,101.535,101.9,101.535,101.84,30693.00
2025-12-01 12:15:00-05:00,101.88,101.89,101.73,101.8195,12804.00
2025-12-01 12:20:00-05:00,101.85,101.93,101.76,101.8675,7989.00
2025-12-01 12:25:00-05:00,101.92,102.5917,101.875,102.475,30067.00
2025-12-01 12:30:00-05:00,102.48,102.59,102.1,102.38,63462.00
2025-12-01 12:35:00-05:00,102.37,102.45,102.31,102.39,10118.00
2025-12-01 12:40:00-05:00,102.3711,102.45,102.02,102.11,21022.00
2025-12-01 12:45:00-05:00,102.18,102.29,102.0541,102.15,12444.00
2025-12-01 12:50:00-05:00,102.11,102.34,102.11,102.2,18207.00
2025-12-01 12:55:00-05:00,102.25,102.36,102.24,102.25,10001.00
2025-12-01 13:00:00-05:00,102.31,102.67,102.31,102.67,12560.00
2025-12-01 13:05:00-05:00,102.7,102.88,102.6692,102.84,19906.00
2025-12-01 13:10:00-05:00,102.84,103.08,102.76,103.005,27779.00
2025-12-01 13:15:00-05:00,103.07,103.14,102.9,102.92,35944.00
2025-12-01 13:20:00-05:00,103,103.325,102.96,103.2,36663.00
2025-12-01 13:25:00-05:00,103.25,103.4,103.17,103.31,19225.00
2025-12-01 13:30:00-05:00,103.25,103.2694,103.11,103.176,13704.00
2025-12-01 13:35:00-05:00,103.25,103.25,103.1,103.14,15207.00
2025-12-01 13:40:00-05:00,103.14,103.2323,103.14,103.19,15818.00
2025-12-01 13:45:00-05:00,103.175,103.375,103.1,103.25,16245.00
2025-12-01 13:50:00-05:00,103.27,103.69,103.27,103.52,159538.00
2025-12-01 13:55:00-05:00,103.58,103.66,103.39,103.59,33268.00
2025-12-01 14:00:00-05:00,103.51,103.9,103.28,103.635,191225.00
2025-12-01 14:05:00-05:00,103.58,103.76,103.27,103.29,47449.00
2025-12-01 14:10:00-05:00,103.3,103.455,103.22,103.43,36491.00
2025-12-01 14:15:00-05:00,103.43,103.6,103.1795,103.42,35634.00
2025-12-01 14:20:00-05:00,103.4,103.475,103.24,103.39,32065.00
2025-12-01 14:25:00-05:00,103.39,103.456,103.16,103.19,24325.00
2025-12-01 14:30:00-05:00,103.19,103.29,103.0515,103.11,21416.00
2025-12-01 14:35:00-05:00,103.0975,103.35,103.0975,103.27,38921.00
2025-12-01 14:40:00-05:00,103.25,103.38,103.12,103.14,17348.00
2025-12-01 14:45:00-05:00,103.1286,103.4599,103.1286,103.405,58037.00
2025-12-01 14:50:00-05:00,103.36,103.48,103.14,103.2,26170.00
2025-12-01 14:55:00-05:00,103.17,103.3869,103.0101,103.2,23695.00
2025-12-01 15:00:00-05:00,103.21,103.3,103.1,103.175,23266.00
2025-12-01 15:05:00-05:00,103.1101,103.25,103,103.07,22102.00
2025-12-01 15:10:00-05:00,103.04,103.06,102.89,102.97,26314.00
2025-12-01 15:15:00-05:00,102.9502,102.9502,102.74,102.815,21743.00
2025-12-01 15:20:00-05:00,102.836,103.04,102.81,103.03,20473.00
2025-12-01 15:25:00-05:00,103.045,103.15,102.9,103.04,23205.00
2025-12-01 15:30:00-05:00,103.03,103.415,102.99,103.37,39236.00
2025-12-01 15:35:00-05:00,103.345,103.36,103.09,103.09,28284.00
2025-12-01 15:40:00-05:00,103.1006,103.17,102.79,102.815,60371.00
2025-12-01 15:45:00-05:00,102.84,103.1325,102.8025,102.93,53542.00
2025-12-01 15:50:00-05:00,102.92,102.93,102.2,102.31,120217.00
2025-12-01 15:55:00-05:00,102.36,102.38,101.81,101.915,244534.00
2025-12-02 09:30:00-05:00,101.2,102.5,100.821,101.5346,64782.00
2025-12-02 09:35:00-05:00,101.53,101.86,100.66,100.9601,70353.00
2025-12-02 09:40:00-05:00,100.96,101.1536,100.01,100.83,68194.00
2025-12-02 09:45:00-05:00,100.76,101.363,100.515,101.115,42137.00
2025-12-02 09:50:00-05:00,101.2,101.5,100.88,101.31,42038.00
2025-12-02 09:55:00-05:00,101.48,101.68,101.075,101.63,26818.00
2025-12-02 10:00:00-05:00,101.44,101.735,101.04,101.04,20479.00
2025-12-02 10:05:00-05:00,101.085,101.26,100.76,101.16,25352.00
2025-12-02 10:10:00-05:00,101.24,101.24,100.66,100.745,21414.00
2025-12-02 10:15:00-05:00,100.82,101.08,100.6,100.6001,23429.00
2025-12-02 10:20:00-05:00,100.58,100.61,99.78,100.0108,36912.00
2025-12-02 10:25:00-05:00,99.96,100.03,99.3301,99.3785,47986.00
2025-12-02 10:30:00-05:00,99.55,99.62,98.8,99.1035,66910.00
2025-12-02 10:35:00-05:00,99.1,99.69,99.07,99.44,35960.00
2025-12-02 10:40:00-05:00,99.42,99.8,99.42,99.708,51442.00
2025-12-02 10:45:00-05:00,99.6975,99.9375,99.13,99.165,81683.00
2025-12-02 10:50:00-05:00,99.13,99.26,98.84,99,34427.00
2025-12-02 10:55:00-05:00,98.94,99.09,98.8601,98.925,27647.00
2025-12-02 11:00:00-05:00,98.8575,99.76,98.8575,99.465,57454.00
2025-12-02 11:05:00-05:00,99.465,99.55,99.07,99.07,17450.00
2025-12-02 11:10:00-05:00,99.13,99.27,98.8,98.9087,19371.00
2025-12-02 11:15:00-05:00,98.985,99.08,98.82,98.97,24249.00
2025-12-02 11:20:00-05:00,99.015,99.23,98.808,98.845,32254.00
2025-12-02 11:25:00-05:00,98.7801,99.065,98.73,98.785,25875.00
2025-12-02 11:30:00-05:00,98.785,98.895,98.57,98.8,22145.00
2025-12-02 11:35:00-05:00,98.81,98.95,98.8,98.915,12659.00
2025-12-02 11:40:00-05:00,98.98,99,98.595,98.68,22382.00
2025-12-02 11:45:00-05:00,98.74,98.77,98.4,98.575,32224.00
2025-12-02 11:50:00-05:00,98.656,98.94,98.6352,98.94,13568.00
2025-12-02 11:55:00-05:00,98.97,99.445,98.97,99.3109,20585.00
2025-12-02 12:00:00-05:00,99.49,99.6864,99.375,99.375,20919.00
2025-12-02 12:05:00-05:00,99.46,99.5,99.215,99.3532,7799.00
2025-12-02 12:10:00-05:00,99.36,99.49,99.34,99.37,11172.00
2025-12-02 12:15:00-05:00,99.3228,99.55,99.3228,99.53,10003.00
2025-12-02 12:20:00-05:00,99.52,99.6537,99.28,99.28,9544.00
2025-12-02 12:25:00-05:00,99.17,99.47,99.17,99.47,6856.00
2025-12-02 12:30:00-05:00,99.43,99.51,99.34,99.46,10963.00
2025-12-02 12:35:00-05:00,99.465,99.465,99.185,99.31,19434.00
2025-12-02 12:40:00-05:00,99.34,99.67,99.34,99.67,14845.00
2025-12-02 12:45:00-05:00,99.625,99.625,99.3,99.62,22627.00
2025-12-02 12:50:00-05:00,99.62,99.64,99.46,99.62,13175.00
2025-12-02 12:55:00-05:00,99.62,99.68,99.46,99.485,15193.00
2025-12-02 13:00:00-05:00,99.54,99.64,99.435,99.565,10648.00
2025-12-02 13:05:00-05:00,99.62,99.74,99.605,99.61,7180.00
2025-12-02 13:10:00-05:00,99.61,99.76,99.61,99.69,9156.00
2025-12-02 13:15:00-05:00,99.66,100.23,99.64,100.095,23248.00
2025-12-02 13:20:00-05:00,100.0975,100.29,99.87,99.87,10382.00
2025-12-02 13:25:00-05:00,99.9375,100.07,99.79,100.035,19853.00
2025-12-02 13:30:00-05:00,100.035,100.29,99.95,100.28,20612.00
2025-12-02 13:35:00-05:00,100.15,100.24,99.95,99.975,16551.00
2025-12-02 13:40:00-05:00,99.975,100.435,99.93,100.435,11349.00
2025-12-02 13:45:00-05:00,100.37,100.49,100.26,100.44,8604.00
2025-12-02 13:50:00-05:00,100.43,100.43,100.25,100.26,8415.00
2025-12-02 13:55:00-05:00,100.24,100.37,100.24,100.28,13790.00
2025-12-02 14:00:00-05:00,100.32,100.3888,100.135,100.21,28521.00
2025-12-02 14:05:00-05:00,100.215,100.33,100.14,100.16,18454.00
2025-12-02 14:10:00-05:00,100.12,100.12,99.98,99.99,9721.00
2025-12-02 14:15:00-05:00,100.01,100.095,99.949,100,23222.00
2025-12-02 14:20:00-05:00,100.005,100.14,99.98,100.08,10864.00
2025-12-02 14:25:00-05:00,100.07,100.16,100.02,100.145,12413.00
2025-12-02 14:30:00-05:00,100.145,100.21,100.08,100.17,18855.00
2025-12-02 14:35:00-05:00,100.2,100.2,100.1,100.145,11591.00
2025-12-02 14:40:00-05:00,100.08,100.14,99.93,100,16379.00
2025-12-02 14:45:00-05:00,99.975,100.37,99.835,100.23,36337.00
2025-12-02 14:50:00-05:00,100.22,100.47,100.22,100.33,11908.00
2025-12-02 14:55:00-05:00,100.33,100.695,100.33,100.695,14877.00
2025-12-02 15:00:00-05:00,100.64,100.89,100.61,100.655,10717.00
2025-12-02 15:05:00-05:00,100.66,101.12,100.66,100.985,26264.00
2025-12-02 15:10:00-05:00,100.96,100.96,100.64,100.68,22144.00
2025-12-02 15:15:00-05:00,100.75,100.79,100.64,100.645,24097.00
2025-12-02 15:20:00-05:00,100.6599,100.75,100.545,100.55,15648.00
2025-12-02 15:25:00-05:00,100.555,100.79,100.53,100.755,29494.00
2025-12-02 15:30:00-05:00,100.755,100.935,100.56,100.57,25354.00
2025-12-02 15:35:00-05:00,100.56,100.58,100.38,100.405,26426.00
2025-12-02 15:40:00-05:00,100.38,100.85,100.38,100.81,32436.00
2025-12-02 15:45:00-05:00,100.82,101.05,100.47,100.575,55932.00
2025-12-02 15:50:00-05:00,100.6,100.65,100.36,100.43,55668.00
2025-12-02 15:55:00-05:00,100.435,100.558,100.06,100.14,193369.00
2025-12-03 09:30:00-05:00,100.06,101.55,100.06,101.34,47080.00
2025-12-03 09:35:00-05:00,101.3164,101.36,100.41,100.5,41332.00
2025-12-03 09:40:00-05:00,100.47,100.47,99.97,99.97,36418.00
2025-12-03 09:45:00-05:00,100,100.0501,99.46,100.0221,25529.00
2025-12-03 09:50:00-05:00,99.9,100.2,99.85,100.13,22898.00
2025-12-03 09:55:00-05:00,100.01,100.09,99.8,100.03,10143.00
2025-12-03 10:00:00-05:00,100.035,100.36,99.6,99.6,20238.00
2025-12-03 10:05:00-05:00,99.62,99.76,99.405,99.63,16274.00
2025-12-03 10:10:00-05:00,99.7,99.78,99.475,99.64,10311.00
2025-12-03 10:15:00-05:00,99.68,99.94,99.645,99.87,5192.00
2025-12-03 10:20:00-05:00,99.94,99.94,99.51,99.755,14643.00
2025-12-03 10:25:00-05:00,99.755,99.87,99,99.11,25471.00
2025-12-03 10:30:00-05:00,99.11,99.11,98.7201,98.85,26994.00
2025-12-03 10:35:00-05:00,98.88,98.92,98.64,98.69,23225.00
2025-12-03 10:40:00-05:00,98.7,98.95,98.67,98.86,22709.00
2025-12-03 10:45:00-05:00,98.9,98.98,98.72,98.865,26422.00
2025-12-03 10:50:00-05:00,98.89,99.11,98.86,99.1,18616.00
2025-12-03 10:55:00-05:00,98.96,99.26,98.96,99.03,20756.00
2025-12-03 11:00:00-05:00,99.01,99.25,98.92,99.16,25046.00
2025-12-03 11:05:00-05:00,99.19,99.3,99.04,99.05,17510.00
2025-12-03 11:10:00-05:00,99.12,99.48,99.05,99.48,24681.00
2025-12-03 11:15:00-05:00,99.43,99.62,99.35,99.48,14154.00
2025-12-03 11:20:00-05:00,99.48,99.55,99.36,99.38,16346.00
2025-12-03 11:25:00-05:00,99.43,99.49,99.23,99.245,14512.00
2025-12-03 11:30:00-05:00,99.245,99.245,99.1,99.125,13211.00
2025-12-03 11:35:00-05:00,99.1,99.245,99.0475,99.195,18293.00
2025-12-03 11:40:00-05:00,99.13,99.64,99.13,99.64,11524.00
2025-12-03 11:45:00-05:00,99.65,99.71,99.6,99.71,6922.00
2025-12-03 11:50:00-05:00,99.715,99.83,99.62,99.69,11235.00
2025-12-03 11:55:00-05:00,99.655,99.98,99.46,99.55,27120.00
2025-12-03 12:00:00-05:00,99.5428,99.635,99.51,99.57,7762.00
2025-12-03 12:05:00-05:00,99.54,99.69,99.4,99.69,16994.00
2025-12-03 12:10:00-05:00,99.71,100.2,99.7,100.18,15384.00
2025-12-03 12:15:00-05:00,100.13,100.42,100.05,100.3751,37914.00
2025-12-03 12:20:00-05:00,100.39,100.54,100.24,100.24,17466.00
2025-12-03 12:25:00-05:00,100.305,100.38,100.2,100.38,7723.00
2025-12-03 12:30:00-05:00,100.355,100.355,99.99,100.05,14000.00
2025-12-03 12:35:00-05:00,100,100.115,99.9005,100.115,9416.00
2025-12-03 12:40:00-05:00,100.1,100.13,100.01,100.09,5896.00
2025-12-03 12:45:00-05:00,100.09,100.1,99.75,100.05,13250.00
2025-12-03 12:50:00-05:00,99.99,100.01,99.94,99.94,3605.00
2025-12-03 12:55:00-05:00,99.96,100.06,99.93,99.94,7243.00
2025-12-03 13:00:00-05:00,99.97,100.22,99.72,99.788,18564.00
2025-12-03 13:05:00-05:00,99.71,99.785,99.71,99.785,3490.00
2025-12-03 13:10:00-05:00,99.78,99.8,99.71,99.8,6813.00
2025-12-03 13:15:00-05:00,99.74,99.915,99.68,99.87,13517.00
2025-12-03 13:20:00-05:00,99.84,99.84,99.76,99.81,8998.00
2025-12-03 13:25:00-05:00,99.8,99.97,99.8,99.9,8687.00
2025-12-03 13:30:00-05:00,99.92,100.11,99.92,100.08,8857.00
2025-12-03 13:35:00-05:00,100.105,100.105,99.84,99.965,9228.00
2025-12-03 13:40:00-05:00,99.94,99.94,99.82,99.82,5519.00
2025-12-03 13:45:00-05:00,99.82,99.975,99.7,99.975,11255.00
2025-12-03 13:50:00-05:00,99.945,99.945,99.69,99.69,8470.00
2025-12-03 13:55:00-05:00,99.72,99.86,99.56,99.86,11925.00
2025-12-03 14:00:00-05:00,99.895,99.91,99.79,99.83,6933.00
2025-12-03 14:05:00-05:00,99.8,99.82,99.695,99.74,7338.00
2025-12-03 14:10:00-05:00,99.725,99.85,99.725,99.84,6314.00
2025-12-03 14:15:00-05:00,99.9,99.96,99.3,99.465,29415.00
2025-12-03 14:20:00-05:00,99.54,99.61,99.45,99.55,12738.00
2025-12-03 14:25:00-05:00,99.55,99.56,99.42,99.42,10738.00
2025-12-03 14:30:00-05:00,99.46,99.49,99.35,99.37,8237.00
2025-12-03 14:35:00-05:00,99.425,99.425,99.24,99.35,11070.00
2025-12-03 14:40:00-05:00,99.38,99.44,99.1,99.21,30135.00
2025-12-03 14:45:00-05:00,99.23,99.29,99.05,99.05,14017.00
2025-12-03 14:50:00-05:00,98.99,99.34,98.94,99.23,19738.00
2025-12-03 14:55:00-05:00,99.275,99.275,99.21,99.255,4783.00
2025-12-03 15:00:00-05:00,99.21,99.33,99.21,99.285,16867.00
2025-12-03 15:05:00-05:00,99.34,99.34,99.2,99.23,12292.00
2025-12-03 15:10:00-05:00,99.22,99.27,99.13,99.19,19441.00
2025-12-03 15:15:00-05:00,99.15,99.17,99.015,99.17,26567.00
2025-12-03 15:20:00-05:00,99.17,99.5855,99.17,99.5855,15166.00
2025-12-03 15:25:00-05:00,99.55,99.6,99.42,99.545,18139.00
2025-12-03 15:30:00-05:00,99.52,99.795,99.48,99.795,18159.00
2025-12-03 15:35:00-05:00,99.75,99.75,99.43,99.43,19840.00
2025-12-03 15:40:00-05:00,99.475,99.79,99.43,99.79,43409.00
2025-12-03 15:45:00-05:00,99.82,99.85,99.47,99.51,49231.00
2025-12-03 15:50:00-05:00,99.53,99.655,99.39,99.47,57086.00
2025-12-03 15:55:00-05:00,99.47,99.71,99.42,99.61,173500.00
2025-12-04 09:30:00-05:00,99.4,99.6,99.055,99.4,31471.00
2025-12-04 09:35:00-05:00,99.48,99.48,98.7,98.78,11927.00
2025-12-04 09:40:00-05:00,98.785,99.15,98.26,98.26,21113.00
2025-12-04 09:45:00-05:00,98.24,98.6133,97.31,97.84,41400.00
2025-12-04 09:50:00-05:00,97.8559,98.33,97.68,97.97,25549.00
2025-12-04 09:55:00-05:00,98.06,98.2,97.91,98.18,10015.00
2025-12-04 10:00:00-05:00,97.99,98.065,97.345,97.505,32881.00
2025-12-04 10:05:00-05:00,97.505,97.52,96.42,96.85,46051.00
2025-12-04 10:10:00-05:00,96.85,97.609,96.77,97.4,16467.00
2025-12-04 10:15:00-05:00,97.37,97.41,96.71,96.8,17013.00
2025-12-04 10:20:00-05:00,96.85,96.9813,96.62,96.735,14148.00
2025-12-04 10:25:00-05:00,96.68,96.91,96.47,96.74,55731.00
2025-12-04 10:30:00-05:00,96.62,96.78,96.33,96.68,20464.00
2025-12-04 10:35:00-05:00,96.77,96.81,96.269,96.63,26956.00
2025-12-04 10:40:00-05:00,96.625,96.7,96.52,96.64,22956.00
2025-12-04 10:45:00-05:00,96.68,96.68,96.41,96.65,13340.00
2025-12-04 10:50:00-05:00,96.59,96.81,96.51,96.81,16573.00
2025-12-04 10:55:00-05:00,96.7101,96.95,96.7101,96.9,14057.00
2025-12-04 11:00:00-05:00,96.95,97.325,96.95,97.275,12482.00
2025-12-04 11:05:00-05:00,97.2,97.53,97.09,97.48,15010.00
2025-12-04 11:10:00-05:00,97.42,97.78,97.37,97.37,25724.00
2025-12-04 11:15:00-05:00,97.35,97.38,97.16,97.16,10419.00
2025-12-04 11:20:00-05:00,97.13,97.13,96.44,96.44,28382.00
2025-12-04 11:25:00-05:00,96.43,96.43,96,96.325,32464.00
2025-12-04 11:30:00-05:00,96.24,96.61,96.24,96.61,13849.00
2025-12-04 11:35:00-05:00,96.5488,96.61,96.36,96.435,29893.00
2025-12-04 11:40:00-05:00,96.43,96.48,96.13,96.15,30500.00
2025-12-04 11:45:00-05:00,96.1,96.25,96.05,96.09,28011.00
2025-12-04 11:50:00-05:00,96.09,96.23,96.02,96.1875,16050.00
2025-12-04 11:55:00-05:00,96.22,96.23,95.91,95.92,43467.00
2025-12-04 12:00:00-05:00,95.87,95.94,95.49,95.65,67193.00
2025-12-04 12:05:00-05:00,95.645,95.73,95.32,95.41,22557.00
2025-12-04 12:10:00-05:00,95.41,95.72,95.32,95.66,64322.00
2025-12-04 12:15:00-05:00,95.68,95.725,95.34,95.48,26957.00
2025-12-04 12:20:00-05:00,95.475,95.605,95.45,95.605,20817.00
2025-12-04 12:25:00-05:00,95.605,95.6125,95.355,95.39,28413.00
2025-12-04 12:30:00-05:00,95.38,95.81,95.37,95.76,23170.00
2025-12-04 12:35:00-05:00,95.76,95.82,95.3717,95.38,43764.00
2025-12-04 12:40:00-05:00,95.37,95.88,95.31,95.8,45986.00
2025-12-04 12:45:00-05:00,95.805,96.015,95.634,95.75,21845.00
2025-12-04 12:50:00-05:00,95.78,95.79,95.42,95.555,12358.00
2025-12-04 12:55:00-05:00,95.41,95.45,95.3,95.324,18118.00
2025-12-04 13:00:00-05:00,95.3,95.615,95.28,95.45,11945.00
2025-12-04 13:05:00-05:00,95.45,95.5099,95.36,95.5099,9956.00
2025-12-04 13:10:00-05:00,95.45,95.7399,95.39,95.65,22086.00
2025-12-04 13:15:00-05:00,95.66,95.75,95.61,95.61,8114.00
2025-12-04 13:20:00-05:00,95.61,95.65,95.45,95.45,7058.00
2025-12-04 13:25:00-05:00,95.425,95.83,95.42,95.735,9802.00
2025-12-04 13:30:00-05:00,95.83,96.18,95.74,95.99,17053.00
2025-12-04 13:35:00-05:00,95.98,96,95.81,95.81,10875.00
2025-12-04 13:40:00-05:00,95.81,95.93,95.73,95.93,13840.00
2025-12-04 13:45:00-05:00,95.94,95.955,95.81,95.9,5317.00
2025-12-04 13:50:00-05:00,95.815,95.855,95.72,95.76,10476.00
2025-12-04 13:55:00-05:00,95.77,95.8537,95.65,95.65,11797.00
2025-12-04 14:00:00-05:00,95.6,95.67,95.47,95.48,9244.00
2025-12-04 14:05:00-05:00,95.53,95.72,95.505,95.645,13532.00
2025-12-04 14:10:00-05:00,95.645,95.81,95.605,95.775,9405.00
2025-12-04 14:15:00-05:00,95.775,95.79,95.68,95.68,22737.00
2025-12-04 14:20:00-05:00,95.67,96.009,95.53,95.785,17468.00
2025-12-04 14:25:00-05:00,95.87,96.05,95.86,95.91,11151.00
2025-12-04 14:30:00-05:00,95.905,96.035,95.86,95.86,11921.00
2025-12-04 14:35:00-05:00,95.88,95.96,95.7,95.73,15821.00
2025-12-04 14:40:00-05:00,95.73,95.825,95.665,95.825,10551.00
2025-12-04 14:45:00-05:00,95.83,95.93,95.75,95.85,11920.00
2025-12-04 14:50:00-05:00,95.85,95.8525,95.66,95.73,12391.00
2025-12-04 14:55:00-05:00,95.725,95.73,95.63,95.65,11424.00
2025-12-04 15:00:00-05:00,95.648,95.65,95.55,95.6,17130.00
2025-12-04 15:05:00-05:00,95.6,95.73,95.54,95.73,10371.00
2025-12-04 15:10:00-05:00,95.735,95.84,95.7,95.84,9379.00
2025-12-04 15:15:00-05:00,95.8588,96.235,95.835,95.94,57907.00
2025-12-04 15:20:00-05:00,95.84,95.93,95.72,95.8111,18352.00
2025-12-04 15:25:00-05:00,95.78,95.86,95.6,95.84,19807.00
2025-12-04 15:30:00-05:00,95.835,95.9,95.77,95.89,17915.00
2025-12-04 15:35:00-05:00,95.86,96.15,95.86,96.145,30275.00
2025-12-04 15:40:00-05:00,96.17,96.37,96,96.31,61115.00
2025-12-04 15:45:00-05:00,96.3,96.41,96.04,96.09,55059.00
2025-12-04 15:50:00-05:00,96.1,96.2,95.92,95.92,80927.00
2025-12-04 15:55:00-05:00,95.94,95.94,95.53,95.65,234940.00
2025-12-05 09:30:00-05:00,95.88,96.0595,95.08,95.3596,28004.00
2025-12-05 09:35:00-05:00,95.5,96.22,95.37,95.91,16322.00
2025-12-05 09:40:00-05:00,96.01,96.64,96,96.59,20394.00
2025-12-05 09:45:00-05:00,96.54,96.68,96.45,96.65,32809.00
2025-12-05 09:50:00-05:00,96.645,97.06,96.51,97.06,22213.00
2025-12-05 09:55:00-05:00,97.06,97.38,96.93,97.3675,18720.00
2025-12-05 10:00:00-05:00,97.385,97.865,97.2944,97.865,29396.00
2025-12-05 10:05:00-05:00,97.8331,98.9999,97.8331,98.85,43714.00
2025-12-05 10:10:00-05:00,98.86,98.88,98.57,98.585,17331.00
2025-12-05 10:15:00-05:00,98.6867,98.6867,97.89,98.2,21025.00
2025-12-05 10:20:00-05:00,98.19,98.365,97.95,98.095,15836.00
2025-12-05 10:25:00-05:00,98.105,98.12,97.735,98.0675,30257.00
2025-12-05 10:30:00-05:00,98.1041,98.1041,97.42,97.48,27389.00
2025-12-05 10:35:00-05:00,97.4601,97.9,97.38,97.49,15004.00
2025-12-05 10:40:00-05:00,97.47,97.605,97.32,97.33,14413.00
2025-12-05 10:45:00-05:00,97.2,97.45,96.87,97.45,10666.00
2025-12-05 10:50:00-05:00,97.51,97.6325,97.16,97.23,16469.00
2025-12-05 10:55:00-05:00,97.2,97.305,97.04,97.2,13862.00
2025-12-05 11:00:00-05:00,97.23,97.47,96.82,96.91,20178.00
2025-12-05 11:05:00-05:00,96.91,97.0537,96.815,96.815,20125.00
2025-12-05 11:10:00-05:00,96.81,97.05,96.7,96.7693,15260.00
2025-12-05 11:15:00-05:00,96.765,96.9999,96.765,96.93,8445.00
2025-12-05 11:20:00-05:00,96.84,97.11,96.8,97.01,25292.00
2025-12-05 11:25:00-05:00,97.015,97.355,97.0001,97.25,24713.00
2025-12-05 11:30:00-05:00,97.29,97.4933,97.19,97.425,13202.00
2025-12-05 11:35:00-05:00,97.39,97.8699,97.39,97.8022,18306.00
2025-12-05 11:40:00-05:00,97.71,97.71,97,97.09,9918.00
2025-12-05 11:45:00-05:00,97.17,97.36,97.16,97.275,6797.00
2025-12-05 11:50:00-05:00,97.29,97.29,96.88,96.9356,8560.00
2025-12-05 11:55:00-05:00,96.83,96.98,96.78,96.98,9631.00
2025-12-05 12:00:00-05:00,96.855,96.86,96.585,96.654,9724.00
2025-12-05 12:05:00-05:00,96.63,96.64,96.2925,96.315,9867.00
2025-12-05 12:10:00-05:00,96.38,96.455,96.35,96.41,10634.00
2025-12-05 12:15:00-05:00,96.35,96.69,96.35,96.52,13722.00
2025-12-05 12:20:00-05:00,96.52,96.64,96.52,96.6202,6047.00
2025-12-05 12:25:00-05:00,96.52,96.635,96.42,96.5124,7372.00
2025-12-05 12:30:00-05:00,96.58,96.6502,96.44,96.44,11111.00
2025-12-05 12:35:00-05:00,96.44,96.52,96.33,96.465,12583.00
2025-12-05 12:40:00-05:00,96.39,96.43,96.29,96.385,9991.00
2025-12-05 12:45:00-05:00,96.37,96.41,96.215,96.41,13991.00
2025-12-05 12:50:00-05:00,96.61,96.85,96.47,96.47,6629.00
2025-12-05 12:55:00-05:00,96.42,96.585,96.4,96.4,6837.00
2025-12-05 13:00:00-05:00,96.4,96.5367,96.39,96.465,3831.00
2025-12-05 13:05:00-05:00,96.4,96.4,96.2,96.33,17243.00
2025-12-05 13:10:00-05:00,96.26,96.26,96,96,5511.00
2025-12-05 13:15:00-05:00,96.07,96.13,95.96,95.96,6727.00
2025-12-05 13:20:00-05:00,96.04,96.25,95.955,96.175,16479.00
2025-12-05 13:25:00-05:00,96.13,96.25,96.1,96.24,5577.00
2025-12-05 13:30:00-05:00,96.255,96.31,96.13,96.145,6864.00
2025-12-05 13:35:00-05:00,96.07,96.07,95.9,96.03,13100.00
2025-12-05 13:40:00-05:00,96.03,96.125,95.91,95.955,6743.00
2025-12-05 13:45:00-05:00,96,96.05,95.91,95.97,6025.00
2025-12-05 13:50:00-05:00,95.98,95.98,95.81,95.81,6794.00
2025-12-05 13:55:00-05:00,95.76,95.82,95.75,95.795,9006.00
2025-12-05 14:00:00-05:00,95.76,95.795,95.4,95.4,18029.00
2025-12-05 14:05:00-05:00,95.38,95.415,95.2752,95.415,12046.00
2025-12-05 14:10:00-05:00,95.4,95.43,95.32,95.4,14461.00
2025-12-05 14:15:00-05:00,95.35,95.52,95.35,95.51,27366.00
2025-12-05 14:20:00-05:00,95.49,95.49,95.385,95.455,11581.00
2025-12-05 14:25:00-05:00,95.455,95.46,95.38,95.405,12912.00
2025-12-05 14:30:00-05:00,95.44,95.49,95.38,95.4842,7884.00
2025-12-05 14:35:00-05:00,95.4488,95.5,95.31,95.41,13606.00
2025-12-05 14:40:00-05:00,95.41,95.46,95.22,95.28,13745.00
2025-12-05 14:45:00-05:00,95.2596,95.2596,95.08,95.17,11876.00
2025-12-05 14:50:00-05:00,95.18,95.27,95.1,95.205,8984.00
2025-12-05 14:55:00-05:00,95.2,95.3038,95.04,95.24,13946.00
2025-12-05 15:00:00-05:00,95.23,95.23,95.07,95.16,8902.00
2025-12-05 15:05:00-05:00,95.16,95.23,95.02,95.02,12364.00
2025-12-05 15:10:00-05:00,95.03,95.21,95.01,95.21,23070.00
2025-12-05 15:15:00-05:00,95.15,95.26,95.125,95.215,10455.00
2025-12-05 15:20:00-05:00,95.25,95.4,95.25,95.35,14971.00
2025-12-05 15:25:00-05:00,95.37,95.37,95.07,95.095,47283.00
2025-12-05 15:30:00-05:00,95.06,95.1,94.84,94.895,40003.00
2025-12-05 15:35:00-05:00,94.88,95.0173,94.8,94.86,27455.00
2025-12-05 15:40:00-05:00,94.89,95.01,94.81,94.995,37556.00
2025-12-05 15:45:00-05:00,95,95.03,94.873,94.95,49306.00
2025-12-05 15:50:00-05:00,95.02,95.04,94.78,94.94,74533.00
2025-12-05 15:55:00-05:00,94.94,95.21,94.76,94.87,302840.00
2025-12-08 09:30:00-05:00,95.07,96.285,94.58,96.235,24942.00
2025-12-08 09:35:00-05:00,96.27,96.8228,95.56,95.56,30115.00
2025-12-08 09:40:00-05:00,95.56,95.56,94.05,94.375,36384.00
2025-12-08 09:45:00-05:00,94.01,94.07,93.51,93.755,36119.00
2025-12-08 09:50:00-05:00,93.53,93.73,93.2701,93.2701,17272.00
2025-12-08 09:55:00-05:00,93.57,94.22,93.5208,94.215,10253.00
2025-12-08 10:00:00-05:00,94.06,94.06,93.31,93.68,46061.00
2025-12-08 10:05:00-05:00,93.67,93.67,92.97,93.205,15375.00
2025-12-08 10:10:00-05:00,93.205,93.395,93.02,93.395,7383.00
2025-12-08 10:15:00-05:00,93.13,93.795,93.0101,93.25,17142.00
2025-12-08 10:20:00-05:00,93.45,93.585,93.42,93.45,6425.00
2025-12-08 10:25:00-05:00,93.44,93.85,93.43,93.74,11312.00
2025-12-08 10:30:00-05:00,93.75,93.9,93.63,93.65,6674.00
2025-12-08 10:35:00-05:00,93.775,93.775,93.15,93.585,20327.00
2025-12-08 10:40:00-05:00,93.585,93.65,93.21,93.345,7114.00
2025-12-08 10:45:00-05:00,93.51,93.6,93.305,93.305,6362.00
2025-12-08 10:50:00-05:00,93.2,93.7,93.125,93.475,12686.00
2025-12-08 10:55:00-05:00,93.6,93.81,93.6,93.78,10742.00
2025-12-08 11:00:00-05:00,93.72,93.77,93.42,93.77,7895.00
2025-12-08 11:05:00-05:00,93.87,94.21,93.81,94.2,12283.00
2025-12-08 11:10:00-05:00,94.22,94.595,94.14,94.5,13925.00
2025-12-08 11:15:00-05:00,94.54,94.65,94.5,94.5,6954.00
2025-12-08 11:20:00-05:00,94.51,95.22,94.51,95.11,26985.00
2025-12-08 11:25:00-05:00,95.1,95.4682,95.1,95.42,16583.00
2025-12-08 11:30:00-05:00,95.49,95.49,95.23,95.23,12441.00
2025-12-08 11:35:00-05:00,95.2,95.51,95.185,95.43,16845.00
2025-12-08 11:40:00-05:00,95.47,95.82,95.47,95.67,10479.00
2025-12-08 11:45:00-05:00,95.8,96.155,95.66,96.155,14053.00
2025-12-08 11:50:00-05:00,96.15,96.335,95.835,95.855,14298.00
2025-12-08 11:55:00-05:00,95.86,95.95,95.74,95.845,9761.00
2025-12-08 12:00:00-05:00,95.75,95.85,95.47,95.815,17625.00
2025-12-08 12:05:00-05:00,95.97,96.22,95.84,96.21,9083.00
2025-12-08 12:10:00-05:00,96.38,96.68,96.22,96.39,26701.00
2025-12-08 12:15:00-05:00,96.425,96.47,96.22,96.39,15977.00
2025-12-08 12:20:00-05:00,96.4217,96.5,96.165,96.17,12006.00
2025-12-08 12:25:00-05:00,96.18,96.4099,96.055,96.135,15069.00
2025-12-08 12:30:00-05:00,96.0716,96.0716,95.91,95.95,2817.00
2025-12-08 12:35:00-05:00,95.905,96.015,95.67,95.67,21468.00
2025-12-08 12:40:00-05:00,95.655,95.8457,95.63,95.8457,26218.00
2025-12-08 12:45:00-05:00,95.89,95.925,95.61,95.865,15579.00
2025-12-08 12:50:00-05:00,95.72,96,95.67,95.92,12988.00
2025-12-08 12:55:00-05:00,95.91,96.055,95.84,95.96,22397.00
2025-12-08 13:00:00-05:00,96.09,96.26,96.005,96.06,11280.00
2025-12-08 13:05:00-05:00,96.05,96.34,96.05,96.34,7917.00
2025-12-08 13:10:00-05:00,96.32,96.32,96.085,96.2,14498.00
2025-12-08 13:15:00-05:00,96.2545,96.34,96.2,96.22,14565.00
2025-12-08 13:20:00-05:00,96.22,96.22,96.05,96.13,18166.00
2025-12-08 13:25:00-05:00,96.13,96.13,95.795,95.88,13390.00
2025-12-08 13:30:00-05:00,95.85,95.96,95.775,95.8,6720.00
2025-12-08 13:35:00-05:00,95.73,95.975,95.72,95.885,7422.00
2025-12-08 13:40:00-05:00,95.885,96,95.7229,95.945,13314.00
2025-12-08 13:45:00-05:00,95.9348,96.015,95.86,96.015,7665.00
2025-12-08 13:50:00-05:00,96.015,96.04,95.8501,95.92,9163.00
2025-12-08 13:55:00-05:00,95.94,96.02,95.87,96,11089.00
2025-12-08 14:00:00-05:00,95.975,96.21,95.94,96.21,17263.00
2025-12-08 14:05:00-05:00,96.25,96.28,96.195,96.195,13023.00
2025-12-08 14:10:00-05:00,96.27,96.54,96.17,96.54,38506.00
2025-12-08 14:15:00-05:00,96.62,96.8199,96.62,96.78,19435.00
2025-12-08 14:20:00-05:00,96.79,96.84,96.58,96.6,13582.00
2025-12-08 14:25:00-05:00,96.6,96.67,96.32,96.405,17418.00
2025-12-08 14:30:00-05:00,96.405,96.44,96.27,96.2825,22247.00
2025-12-08 14:35:00-05:00,96.2874,96.42,96.22,96.325,10570.00
2025-12-08 14:40:00-05:00,96.38,96.545,96.3,96.545,13593.00
2025-12-08 14:45:00-05:00,96.5,96.5,96.325,96.4,12793.00
2025-12-08 14:50:00-05:00,96.37,96.46,96.365,96.42,10071.00
2025-12-08 14:55:00-05:00,96.4,96.4,96.31,96.37,13043.00
2025-12-08 15:00:00-05:00,96.39,96.43,96.325,96.34,15214.00
2025-12-08 15:05:00-05:00,96.34,96.34,96.145,96.17,13475.00
2025-12-08 15:10:00-05:00,96.19,96.333,96.145,96.305,9414.00
2025-12-08 15:15:00-05:00,96.305,96.34,96.25,96.295,8962.00
2025-12-08 15:20:00-05:00,96.295,96.35,96.07,96.0875,13851.00
2025-12-08 15:25:00-05:00,96.075,96.085,95.96,96.085,11098.00
2025-12-08 15:30:00-05:00,96.04,96.1,95.935,96.02,21155.00
2025-12-08 15:35:00-05:00,96.06,96.12,96.02,96.11,34000.00
2025-12-08 15:40:00-05:00,96.11,96.35,96.105,96.35,31654.00
2025-12-08 15:45:00-05:00,96.31,96.33,96.105,96.19,32107.00
2025-12-08 15:50:00-05:00,96.21,96.36,95.93,96.13,51528.00
2025-12-08 15:55:00-05:00,96.13,96.16,95.96,96.01,171861.00
2025-12-09 09:30:00-05:00,94.07,95.635,94,95.635,45475.00
2025-12-09 09:35:00-05:00,95.37,96.66,95.28,96.47,27664.00
2025-12-09 09:40:00-05:00,96.75,96.8,96.41,96.46,15720.00
2025-12-09 09:45:00-05:00,96.59,98.1,96.59,98.1,38446.00
2025-12-09 09:50:00-05:00,97.98,98.82,97.72,98.7025,22577.00
2025-12-09 09:55:00-05:00,98.745,99.78,98.6,99.76,65479.00
2025-12-09 10:00:00-05:00,99.67,99.7,99.02,99.19,33215.00
2025-12-09 10:05:00-05:00,99.24,99.89,99.155,99.89,17100.00
2025-12-09 10:10:00-05:00,99.89,100.5,99.3148,99.6,43351.00
2025-12-09 10:15:00-05:00,99.62,100.45,99.6,100.35,24645.00
2025-12-09 10:20:00-05:00,100.4516,101.635,100.44,101.109,62763.00
2025-12-09 10:25:00-05:00,101.205,101.5265,100.95,101.5265,32180.00
2025-12-09 10:30:00-05:00,101.35,101.72,101.08,101.379,30505.00
2025-12-09 10:35:00-05:00,101.17,101.6,101.04,101.3387,35604.00
2025-12-09 10:40:00-05:00,101.3,101.3,100.8,101.11,24917.00
2025-12-09 10:45:00-05:00,101.11,101.495,100.84,100.94,23438.00
2025-12-09 10:50:00-05:00,101.07,101.09,100.67,100.8,21638.00
2025-12-09 10:55:00-05:00,100.915,101.04,100.4467,100.72,16580.00
2025-12-09 11:00:00-05:00,100.5919,100.89,100.55,100.79,11144.00
2025-12-09 11:05:00-05:00,100.82,100.91,100.64,100.76,18331.00
2025-12-09 11:10:00-05:00,100.66,100.7,100.27,100.365,17928.00
2025-12-09 11:15:00-05:00,100.38,100.8499,100.31,100.31,21537.00
2025-12-09 11:20:00-05:00,100.26,100.427,100.19,100.36,8015.00
2025-12-09 11:25:00-05:00,100.34,100.48,99.91,100.035,14895.00
2025-12-09 11:30:00-05:00,100.035,100.13,99.4318,99.52,62374.00
2025-12-09 11:35:00-05:00,99.52,99.52,99.02,99.165,17986.00
2025-12-09 11:40:00-05:00,99.155,99.33,99,99.195,11602.00
2025-12-09 11:45:00-05:00,99.31,99.48,99.07,99.4669,10394.00
2025-12-09 11:50:00-05:00,99.54,99.9,99.49,99.89,8506.00
2025-12-09 11:55:00-05:00,99.89,100,99.555,99.68,17669.00
2025-12-09 12:00:00-05:00,99.56,100.1,99.54,100.0975,15480.00
2025-12-09 12:05:00-05:00,100.17,100.5599,100.17,100.36,16206.00
2025-12-09 12:10:00-05:00,100.365,100.69,100.365,100.69,10254.00
2025-12-09 12:15:00-05:00,100.8038,100.8038,100.48,100.56,6753.00
2025-12-09 12:20:00-05:00,100.565,100.565,100.3,100.42,10274.00
2025-12-09 12:25:00-05:00,100.42,100.4975,100.2,100.2,6442.00
2025-12-09 12:30:00-05:00,100.365,100.42,100.3,100.375,3698.00
2025-12-09 12:35:00-05:00,100.375,100.375,100.27,100.36,8364.00
2025-12-09 12:40:00-05:00,100.3905,100.3905,99.96,100.195,14439.00
2025-12-09 12:45:00-05:00,100.225,100.225,100.08,100.08,7785.00
2025-12-09 12:50:00-05:00,100.05,100.13,99.86,99.965,12988.00
2025-12-09 12:55:00-05:00,99.965,100.07,99.86,99.97,31730.00
2025-12-09 13:00:00-05:00,99.89,99.95,99.74,99.9475,14326.00
2025-12-09 13:05:00-05:00,99.82,99.9344,99.7601,99.8,10115.00
2025-12-09 13:10:00-05:00,99.78,99.89,99.7,99.72,6731.00
2025-12-09 13:15:00-05:00,99.88,100.025,99.78,99.98,13519.00
2025-12-09 13:20:00-05:00,99.99,100.2099,99.99,100.12,6423.00
2025-12-09 13:25:00-05:00,100.06,100.098,99.97,100.02,10613.00
2025-12-09 13:30:00-05:00,100.02,100.1399,99.89,100.1399,18295.00
2025-12-09 13:35:00-05:00,100.1223,100.28,99.99,100,63695.00
2025-12-09 13:40:00-05:00,100.02,100.29,99.97,100.205,12155.00
2025-12-09 13:45:00-05:00,100.185,100.27,100.03,100.21,15536.00
2025-12-09 13:50:00-05:00,100.26,100.7,100.25,100.57,12214.00
2025-12-09 13:55:00-05:00,100.55,100.575,100.32,100.5,12094.00
2025-12-09 14:00:00-05:00,100.395,100.74,100.39,100.63,10463.00
2025-12-09 14:05:00-05:00,100.635,100.84,100.57,100.7696,16458.00
2025-12-09 14:10:00-05:00,100.78,100.78,100.42,100.52,16343.00
2025-12-09 14:15:00-05:00,100.5,100.53,100.23,100.27,15610.00
2025-12-09 14:20:00-05:00,100.2669,100.28,100.13,100.16,10648.00
2025-12-09 14:25:00-05:00,100.125,100.13,99.96,100.06,7509.00
2025-12-09 14:30:00-05:00,99.96,100.09,99.92,99.92,11849.00
2025-12-09 14:35:00-05:00,99.955,99.98,99.43,99.64,25852.00
2025-12-09 14:40:00-05:00,99.76,100.06,99.725,100.06,9375.00
2025-12-09 14:45:00-05:00,99.99,100.16,99.93,100,13938.00
2025-12-09 14:50:00-05:00,100.1,100.315,100.0697,100.29,15854.00
2025-12-09 14:55:00-05:00,100.32,100.32,99.93,99.97,15572.00
2025-12-09 15:00:00-05:00,100.14,100.16,99.9625,99.99,10138.00
2025-12-09 15:05:00-05:00,99.99,100.02,99.87,99.945,8731.00
2025-12-09 15:10:00-05:00,99.98,100.075,99.9,99.945,11228.00
2025-12-09 15:15:00-05:00,99.98,100.05,99.86,99.89,8757.00
2025-12-09 15:20:00-05:00,99.84,99.9,99.75,99.845,10106.00
2025-12-09 15:25:00-05:00,99.8331,99.98,99.77,99.78,23838.00
2025-12-09 15:30:00-05:00,99.77,99.77,99.46,99.5,29444.00
2025-12-09 15:35:00-05:00,99.485,99.635,99.4,99.46,32084.00
2025-12-09 15:40:00-05:00,99.41,99.865,99.38,99.73,45205.00
2025-12-09 15:45:00-05:00,99.74,99.99,99.74,99.9398,29948.00
2025-12-09 15:50:00-05:00,99.97,99.97,99.53,99.54,82075.00
2025-12-09 15:55:00-05:00,99.53,100.04,99.34,100,202511.00
2025-12-10 09:30:00-05:00,101.3,102.43,100.5372,102.185,40261.00
2025-12-10 09:35:00-05:00,102.34,103.21,102.34,103,33077.00
2025-12-10 09:40:00-05:00,102.955,104.77,102.65,103.3971,69321.00
2025-12-10 09:45:00-05:00,103.35,104,103.218,104,30829.00
2025-12-10 09:50:00-05:00,103.95,104.55,103.898,104.47,33883.00
2025-12-10 09:55:00-05:00,104.52,104.67,103.3575,103.62,38581.00
2025-12-10 10:00:00-05:00,103.63,104.51,103.62,104.02,32377.00
2025-12-10 10:05:00-05:00,104.125,104.24,103.79,104.21,17998.00
2025-12-10 10:10:00-05:00,104.11,104.5425,103.69,103.98,46989.00
2025-12-10 10:15:00-05:00,104,104,103.09,103.91,35918.00
2025-12-10 10:20:00-05:00,103.905,104.12,103.5,103.51,22757.00
2025-12-10 10:25:00-05:00,103.69,103.91,103.29,103.4,18362.00
2025-12-10 10:30:00-05:00,103.4,103.57,103,103.24,26564.00
2025-12-10 10:35:00-05:00,103.23,103.61,103.1043,103.42,21771.00
2025-12-10 10:40:00-05:00,103.4075,104.13,103.33,104.01,47751.00
2025-12-10 10:45:00-05:00,104,104.72,103.7,103.91,49287.00
2025-12-10 10:50:00-05:00,103.97,104.6,103.83,104.42,42243.00
2025-12-10 10:55:00-05:00,104.4,104.84,104.395,104.465,30898.00
2025-12-10 11:00:00-05:00,104.55,104.595,104.07,104.3,19422.00
2025-12-10 11:05:00-05:00,104.415,104.79,104.3041,104.44,17270.00
2025-12-10 11:10:00-05:00,104.6,104.8,104.41,104.545,8615.00
2025-12-10 11:15:00-05:00,104.55,104.76,104.45,104.55,15508.00
2025-12-10 11:20:00-05:00,104.74,104.89,104.59,104.825,12786.00
2025-12-10 11:25:00-05:00,104.9,104.9,104.37,104.52,17007.00
2025-12-10 11:30:00-05:00,104.42,104.62,104.37,104.62,16571.00
2025-12-10 11:35:00-05:00,104.64,104.6525,104.435,104.51,13607.00
2025-12-10 11:40:00-05:00,104.51,104.67,104.39,104.535,14853.00
2025-12-10 11:45:00-05:00,104.48,104.65,104.34,104.61,12140.00
2025-12-10 11:50:00-05:00,104.53,104.64,104.41,104.54,11958.00
2025-12-10 11:55:00-05:00,104.64,104.99,104.595,104.86,40015.00
2025-12-10 12:00:00-05:00,104.87,104.89,104.6,104.6,16036.00
2025-12-10 12:05:00-05:00,104.5,104.59,104.2196,104.47,14448.00
2025-12-10 12:10:00-05:00,104.48,104.75,104.45,104.54,6211.00
2025-12-10 12:15:00-05:00,104.52,104.89,104.5,104.8225,10774.00
2025-12-10 12:20:00-05:00,104.925,105.11,104.7601,104.91,33727.00
2025-12-10 12:25:00-05:00,104.8601,104.89,104.74,104.8882,13464.00
2025-12-10 12:30:00-05:00,104.78,105.13,104.77,105.005,28793.00
2025-12-10 12:35:00-05:00,105.09,105.125,104.87,104.96,12878.00
2025-12-10 12:40:00-05:00,104.965,105.25,104.965,105.205,12256.00
2025-12-10 12:45:00-05:00,105.205,106,105.14,105.445,33660.00
2025-12-10 12:50:00-05:00,105.45,105.4604,105.21,105.21,15529.00
2025-12-10 12:55:00-05:00,105.16,105.42,105.02,105.1067,21340.00
2025-12-10 13:00:00-05:00,105.04,105.255,104.92,105.18,17571.00
2025-12-10 13:05:00-05:00,105.2051,105.32,105.08,105.08,6280.00
2025-12-10 13:10:00-05:00,105.075,105.34,105.075,105.25,6718.00
2025-12-10 13:15:00-05:00,105.26,105.48,105.1178,105.35,10678.00
2025-12-10 13:20:00-05:00,105.22,105.22,104.8801,104.975,11183.00
2025-12-10 13:25:00-05:00,104.945,105.06,104.77,104.94,10171.00
2025-12-10 13:30:00-05:00,104.945,104.98,104.68,104.68,10359.00
2025-12-10 13:35:00-05:00,104.8157,104.99,104.69,104.79,9701.00
2025-12-10 13:40:00-05:00,104.83,104.91,104.74,104.74,13187.00
2025-12-10 13:45:00-05:00,104.74,104.9299,104.61,104.74,11255.00
2025-12-10 13:50:00-05:00,104.86,104.9,104.64,104.64,8967.00
2025-12-10 13:55:00-05:00,104.655,104.77,104.58,104.77,8985.00
2025-12-10 14:00:00-05:00,104.82,105.54,104.82,105.475,25454.00
2025-12-10 14:05:00-05:00,105.4,105.7801,105.33,105.74,14489.00
2025-12-10 14:10:00-05:00,105.81,105.88,105.6,105.6,22386.00
2025-12-10 14:15:00-05:00,105.5894,105.595,105.2288,105.2288,23443.00
2025-12-10 14:20:00-05:00,105.2194,105.225,104.68,104.69,27799.00
2025-12-10 14:25:00-05:00,104.795,104.795,104.115,104.52,24146.00
2025-12-10 14:30:00-05:00,104.42,105.06,104.42,104.98,16142.00
2025-12-10 14:35:00-05:00,105,105.39,105,105.38,24304.00
2025-12-10 14:40:00-05:00,105.355,105.38,105.05,105.365,18887.00
2025-12-10 14:45:00-05:00,105.46,106,105.42,105.71,32579.00
2025-12-10 14:50:00-05:00,105.69,106.459,105.69,106.43,33982.00
2025-12-10 14:55:00-05:00,106.47,107.33,106.47,107.33,57604.00
2025-12-10 15:00:00-05:00,107.235,107.235,106.51,106.76,72393.00
2025-12-10 15:05:00-05:00,106.693,107.71,106.693,107.557,64098.00
2025-12-10 15:10:00-05:00,107.53,107.96,107.4,107.7065,105001.00
2025-12-10 15:15:00-05:00,107.73,107.79,107.05,107.365,47477.00
2025-12-10 15:20:00-05:00,107.47,107.785,107.2,107.2,26485.00
2025-12-10 15:25:00-05:00,107.1401,107.31,106.9805,107.07,39895.00
2025-12-10 15:30:00-05:00,107,107.16,106.9,106.95,23400.00
2025-12-10 15:35:00-05:00,106.965,107.34,106.94,107.11,42220.00
2025-12-10 15:40:00-05:00,107.15,107.17,106.78,106.87,46756.00
2025-12-10 15:45:00-05:00,106.88,107.5,106.88,107.195,56541.00
2025-12-10 15:50:00-05:00,107.22,107.41,106.88,107.41,69574.00
2025-12-10 15:55:00-05:00,107.46,107.46,106.725,107.09,221883.00
2025-12-11 09:30:00-05:00,109.2,109.28,108.33,108.6475,67403.00
2025-12-11 09:35:00-05:00,108.695,110.45,108.695,110,70551.00
2025-12-11 09:40:00-05:00,110.12,111.97,110.12,111.88,61552.00
2025-12-11 09:45:00-05:00,112,112.3199,111.445,111.65,82773.00
2025-12-11 09:50:00-05:00,111.655,111.655,110.34,110.445,35287.00
2025-12-11 09:55:00-05:00,110.445,111.2,110.445,110.9,29824.00
2025-12-11 10:00:00-05:00,110.9,111,109.58,109.87,40461.00
2025-12-11 10:05:00-05:00,109.835,109.97,109.15,109.6,26353.00
2025-12-11 10:10:00-05:00,109.7678,109.785,109.38,109.38,17512.00
2025-12-11 10:15:00-05:00,109.45,109.87,109.4,109.695,16451.00
2025-12-11 10:20:00-05:00,109.695,110.4,109.695,110.14,26773.00
2025-12-11 10:25:00-05:00,110,111.2,110,111.06,42186.00
2025-12-11 10:30:00-05:00,111.06,111.06,110.43,110.62,21937.00
2025-12-11 10:35:00-05:00,110.545,110.65,110.2,110.385,16870.00
2025-12-11 10:40:00-05:00,110.45,110.5511,110.24,110.4756,14162.00
2025-12-11 10:45:00-05:00,110.49,110.53,110.055,110.07,19210.00
2025-12-11 10:50:00-05:00,109.99,110.665,109.75,110.665,33119.00
2025-12-11 10:55:00-05:00,110.77,111.14,110.7,110.82,14239.00
2025-12-11 11:00:00-05:00,110.91,111.21,110.73,110.745,28128.00
2025-12-11 11:05:00-05:00,110.725,112,110.54,110.79,45181.00
2025-12-11 11:10:00-05:00,110.92,110.92,110.635,110.83,14453.00
2025-12-11 11:15:00-05:00,110.83,110.89,110.72,110.86,11933.00
2025-12-11 11:20:00-05:00,110.75,110.99,110.68,110.875,11726.00
2025-12-11 11:25:00-05:00,110.87,110.98,110.64,110.815,17731.00
2025-12-11 11:30:00-05:00,110.7,110.91,110.57,110.765,12825.00
2025-12-11 11:35:00-05:00,110.77,111.21,110.76,110.8,13281.00
2025-12-11 11:40:00-05:00,110.77,111.14,110.77,110.91,9636.00
2025-12-11 11:45:00-05:00,111.03,111.11,110.9,110.95,5595.00
2025-12-11 11:50:00-05:00,111.01,111.1,110.8525,110.875,11800.00
2025-12-11 11:55:00-05:00,110.91,111.05,110.87,111.02,5569.00
2025-12-11 12:00:00-05:00,110.995,111.403,110.995,111.31,8794.00
2025-12-11 12:05:00-05:00,111.35,111.49,111.03,111.03,12393.00
2025-12-11 12:10:00-05:00,111.0925,111.2,110.89,110.89,17582.00
2025-12-11 12:15:00-05:00,110.87,110.97,110.59,110.6,15684.00
2025-12-11 12:20:00-05:00,110.59,110.95,110.53,110.65,11458.00
2025-12-11 12:25:00-05:00,110.75,111.19,110.75,111.05,12228.00
2025-12-11 12:30:00-05:00,110.97,111,110.8,110.86,10512.00
2025-12-11 12:35:00-05:00,110.795,111.03,110.6502,110.9193,9633.00
2025-12-11 12:40:00-05:00,110.935,111.12,110.935,111.08,13735.00
2025-12-11 12:45:00-05:00,111.1,111.15,110.755,110.755,16429.00
2025-12-11 12:50:00-05:00,110.73,110.97,110.34,110.37,18981.00
2025-12-11 12:55:00-05:00,110.54,110.72,110.465,110.72,5950.00
2025-12-11 13:00:00-05:00,110.79,110.94,110.65,110.65,6744.00
2025-12-11 13:05:00-05:00,110.695,110.915,110.47,110.47,18880.00
2025-12-11 13:10:00-05:00,110.525,110.65,110.525,110.57,4925.00
2025-12-11 13:15:00-05:00,110.59,110.67,110.36,110.36,8418.00
2025-12-11 13:20:00-05:00,110.38,110.71,110.31,110.56,13133.00
2025-12-11 13:25:00-05:00,110.585,110.66,110.5,110.61,9097.00
2025-12-11 13:30:00-05:00,110.56,110.68,110.495,110.63,12384.00
2025-12-11 13:35:00-05:00,110.63,110.64,110.34,110.36,12346.00
2025-12-11 13:40:00-05:00,110.36,110.428,109.63,109.665,21175.00
2025-12-11 13:45:00-05:00,109.52,109.5699,109.265,109.365,17292.00
2025-12-11 13:50:00-05:00,109.45,109.83,109.45,109.805,11653.00
2025-12-11 13:55:00-05:00,109.81,110.07,109.775,110,15001.00
2025-12-11 14:00:00-05:00,110.01,110.17,109.93,109.935,23232.00
2025-12-11 14:05:00-05:00,109.9799,110.1,109.66,109.73,11149.00
2025-12-11 14:10:00-05:00,109.67,109.855,109.663,109.67,15640.00
2025-12-11 14:15:00-05:00,109.75,109.88,109.531,109.72,12861.00
2025-12-11 14:20:00-05:00,109.845,109.877,109.74,109.746,9726.00
2025-12-11 14:25:00-05:00,109.8,110.15,109.77,110.08,13330.00
2025-12-11 14:30:00-05:00,110.085,110.2,109.97,109.97,11482.00
2025-12-11 14:35:00-05:00,109.89,109.89,109.69,109.72,15157.00
2025-12-11 14:40:00-05:00,109.715,109.84,109.67,109.725,16821.00
2025-12-11 14:45:00-05:00,109.8,109.81,109.41,109.435,12727.00
2025-12-11 14:50:00-05:00,109.418,109.418,109.16,109.41,14411.00
2025-12-11 14:55:00-05:00,109.29,109.3575,109.06,109.13,18150.00
2025-12-11 15:00:00-05:00,109.13,109.755,109.125,109.64,17253.00
2025-12-11 15:05:00-05:00,109.63,109.88,109.55,109.86,17712.00
2025-12-11 15:10:00-05:00,109.835,110,109.77,109.99,14823.00
2025-12-11 15:15:00-05:00,110,110.07,109.85,109.975,20452.00
2025-12-11 15:20:00-05:00,109.985,110.21,109.985,110,14742.00
2025-12-11 15:25:00-05:00,109.98,110.1,109.8,110.03,23536.00
2025-12-11 15:30:00-05:00,110.12,110.5,110.1,110.41,21385.00
2025-12-11 15:35:00-05:00,110.41,110.57,110.24,110.35,29841.00
2025-12-11 15:40:00-05:00,110.28,110.8,110.28,110.65,23680.00
2025-12-11 15:45:00-05:00,110.7,110.83,110.46,110.46,44117.00
2025-12-11 15:50:00-05:00,110.495,110.83,110.36,110.5,68619.00
2025-12-11 15:55:00-05:00,110.52,110.52,109.99,110.15,239428.00
2025-12-12 09:30:00-05:00,111.4,112.91,111.38,112.91,49742.00
2025-12-12 09:35:00-05:00,112.711,114.195,112.711,114.13,61911.00
2025-12-12 09:40:00-05:00,114.13,114.88,112.5046,112.5046,78701.00
2025-12-12 09:45:00-05:00,112.44,113.8,112.14,113.49,35149.00
2025-12-12 09:50:00-05:00,113.42,114.5861,113.4102,113.885,24817.00
2025-12-12 09:55:00-05:00,113.94,114.01,113.53,113.68,10408.00
2025-12-12 10:00:00-05:00,113.51,113.51,113.19,113.2495,19320.00
2025-12-12 10:05:00-05:00,113.33,113.7499,113.2579,113.7499,30044.00
2025-12-12 10:10:00-05:00,113.675,113.675,112.7743,112.875,27950.00
2025-12-12 10:15:00-05:00,112.78,112.78,112.16,112.2075,18852.00
2025-12-12 10:20:00-05:00,112.205,112.3399,111.67,111.67,9907.00
2025-12-12 10:25:00-05:00,111.7,112.21,111.67,112.185,16937.00
2025-12-12 10:30:00-05:00,112.18,112.73,111.97,112.73,37359.00
2025-12-12 10:35:00-05:00,112.735,113.23,112.735,112.975,25554.00
2025-12-12 10:40:00-05:00,112.89,113.15,112.68,112.99,19748.00
2025-12-12 10:45:00-05:00,112.99,113.06,112.69,112.825,12571.00
2025-12-12 10:50:00-05:00,112.815,112.82,112.5,112.53,28345.00
2025-12-12 10:55:00-05:00,112.67,113.085,112.5048,112.9914,23724.00
2025-12-12 11:00:00-05:00,112.97,113.3499,112.89,113.12,26052.00
2025-12-12 11:05:00-05:00,113.095,113.52,112.96,113.52,24912.00
2025-12-12 11:10:00-05:00,113.5,113.66,113.25,113.45,27452.00
2025-12-12 11:15:00-05:00,113.32,113.73,113.225,113.445,19842.00
2025-12-12 11:20:00-05:00,113.45,113.48,113.25,113.425,17474.00
2025-12-12 11:25:00-05:00,113.425,113.61,113.18,113.395,37445.00
2025-12-12 11:30:00-05:00,113.395,113.59,112.915,113.035,26945.00
2025-12-12 11:35:00-05:00,113.035,113.11,112.2708,112.43,32710.00
2025-12-12 11:40:00-05:00,112.4208,112.53,112.03,112.2,15420.00
2025-12-12 11:45:00-05:00,112.2999,112.31,112,112.095,16096.00
2025-12-12 11:50:00-05:00,112.04,112.13,111.5,111.75,35375.00
2025-12-12 11:55:00-05:00,111.655,112.04,111.61,111.95,13571.00
2025-12-12 12:00:00-05:00,111.976,112.39,111.976,112.33,9849.00
2025-12-12 12:05:00-05:00,112.26,112.805,112.26,112.74,36045.00
2025-12-12 12:10:00-05:00,112.75,113.17,112.73,113.17,15503.00
2025-12-12 12:15:00-05:00,113.195,113.39,113.09,113.25,20866.00
2025-12-12 12:20:00-05:00,113.27,113.75,113.27,113.33,17846.00
2025-12-12 12:25:00-05:00,113.33,113.3411,112.7,112.795,20038.00
2025-12-12 12:30:00-05:00,112.7975,113.28,112.79,112.88,17452.00
2025-12-12 12:35:00-05:00,112.81,113.11,112.72,113.08,11698.00
2025-12-12 12:40:00-05:00,113,113.53,112.95,113.525,16639.00
2025-12-12 12:45:00-05:00,113.465,113.9,113.465,113.8,14040.00
2025-12-12 12:50:00-05:00,113.895,113.895,113.56,113.66,15817.00
2025-12-12 12:55:00-05:00,113.75,114,113.63,113.99,15306.00
2025-12-12 13:00:00-05:00,113.98,114.1999,113.625,113.625,23342.00
2025-12-12 13:05:00-05:00,113.625,113.72,113.49,113.49,13551.00
2025-12-12 13:10:00-05:00,113.58,113.73,113.49,113.71,16888.00
2025-12-12 13:15:00-05:00,113.695,113.99,113.69,113.93,38875.00
2025-12-12 13:20:00-05:00,113.87,113.93,113.21,113.305,25578.00
2025-12-12 13:25:00-05:00,113.37,113.55,113.37,113.49,13209.00
2025-12-12 13:30:00-05:00,113.515,113.57,113.41,113.49,8851.00
2025-12-12 13:35:00-05:00,113.59,113.59,113.37,113.46,12758.00
2025-12-12 13:40:00-05:00,113.53,113.67,113.49,113.54,14847.00
2025-12-12 13:45:00-05:00,113.6,113.82,113.54,113.7978,12516.00
2025-12-12 13:50:00-05:00,113.84,113.92,113.4301,113.76,20005.00
2025-12-12 13:55:00-05:00,113.79,113.9,113.67,113.82,12262.00
2025-12-12 14:00:00-05:00,113.795,113.795,113.38,113.48,18389.00
2025-12-12 14:05:00-05:00,113.46,113.51,112.875,113.02,25439.00
2025-12-12 14:10:00-05:00,113.02,113.1404,112.855,113.025,14333.00
2025-12-12 14:15:00-05:00,113.13,113.13,112.89,112.94,9029.00
2025-12-12 14:20:00-05:00,112.95,113.2599,112.74,112.7695,27497.00
2025-12-12 14:25:00-05:00,112.805,112.86,112.2455,112.379,31479.00
2025-12-12 14:30:00-05:00,112.46,112.95,112.46,112.76,20178.00
2025-12-12 14:35:00-05:00,112.755,113.1,112.755,113.1,12374.00
2025-12-12 14:40:00-05:00,113.02,113.3,113.015,113.13,19589.00
2025-12-12 14:45:00-05:00,113.185,113.37,113.168,113.255,15691.00
2025-12-12 14:50:00-05:00,113.255,113.365,113.21,113.28,10390.00
2025-12-12 14:55:00-05:00,113.275,113.3,113.09,113.295,16002.00
2025-12-12 15:00:00-05:00,113.34,113.34,113.12,113.23,15695.00
2025-12-12 15:05:00-05:00,113.225,113.4043,113.1545,113.34,20603.00
2025-12-12 15:10:00-05:00,113.39,113.5,113.35,113.5,14529.00
2025-12-12 15:15:00-05:00,113.505,113.75,113.181,113.181,22891.00
2025-12-12 15:20:00-05:00,113.28,113.41,113.195,113.28,16302.00
2025-12-12 15:25:00-05:00,113.33,113.35,112.58,112.58,29135.00
2025-12-12 15:30:00-05:00,112.56,112.86,112.24,112.86,32631.00
2025-12-12 15:35:00-05:00,112.785,112.905,112.45,112.72,27095.00
2025-12-12 15:40:00-05:00,112.755,113.2,112.755,113.165,33984.00
2025-12-12 15:45:00-05:00,113.165,113.35,112.54,112.65,45916.00
2025-12-12 15:50:00-05:00,112.69,112.71,111.98,112.17,102618.00
2025-12-12 15:55:00-05:00,112.18,112.21,111.635,112.12,268059.00
2025-12-15 09:30:00-05:00,112.14,114.58,112.13,114.58,58364.00
2025-12-15 09:35:00-05:00,114.5,115,113.915,114.085,34797.00
2025-12-15 09:40:00-05:00,114.27,114.89,114.12,114.305,24540.00
2025-12-15 09:45:00-05:00,114.305,115.345,114.305,114.62,22595.00
2025-12-15 09:50:00-05:00,114.8,115.6099,114.7721,115.265,23788.00
2025-12-15 09:55:00-05:00,115.405,115.78,115.2,115.3,21986.00
2025-12-15 10:00:00-05:00,115.345,115.5,114.39,115.19,45610.00
2025-12-15 10:05:00-05:00,115.2,115.56,115.16,115.275,38887.00
2025-12-15 10:10:00-05:00,115.19,115.6,114.59,115.35,40606.00
2025-12-15 10:15:00-05:00,115.35,116.265,115.2536,116.265,48788.00
2025-12-15 10:20:00-05:00,116.265,116.5048,115.88,116.2,42187.00
2025-12-15 10:25:00-05:00,116.2,116.4,115.99,116.1635,20107.00
2025-12-15 10:30:00-05:00,116.26,117.02,116.1001,117.01,45456.00
2025-12-15 10:35:00-05:00,116.89,117.55,116.88,117.42,29381.00
2025-12-15 10:40:00-05:00,117.425,118,117.35,117.9445,55871.00
2025-12-15 10:45:00-05:00,117.895,118.1,117.54,117.9,25901.00
2025-12-15 10:50:00-05:00,117.86,118,117.68,117.83,38201.00
2025-12-15 10:55:00-05:00,117.8125,117.94,117.69,117.9,20600.00
2025-12-15 11:00:00-05:00,117.88,118.01,117.4,117.58,37303.00
2025-12-15 11:05:00-05:00,117.575,117.91,117.42,117.76,26941.00
2025-12-15 11:10:00-05:00,117.76,118,117.63,117.985,37472.00
2025-12-15 11:15:00-05:00,117.985,118.735,117.9501,118.67,48724.00
2025-12-15 11:20:00-05:00,118.67,118.8,118.42,118.6187,33917.00
2025-12-15 11:25:00-05:00,118.64,118.92,118.42,118.78,28911.00
2025-12-15 11:30:00-05:00,118.8,118.93,118.51,118.65,33204.00
2025-12-15 11:35:00-05:00,118.6,118.9,118.44,118.9,23756.00
2025-12-15 11:40:00-05:00,118.835,119.1045,118.75,119.1045,27990.00
2025-12-15 11:45:00-05:00,119,119.1399,118.925,118.945,24089.00
2025-12-15 11:50:00-05:00,118.995,119.555,118.995,119.2642,37933.00
2025-12-15 11:55:00-05:00,119.2848,119.35,119.115,119.35,32693.00
2025-12-15 12:00:00-05:00,119.42,119.74,119.3,119.4,65516.00
2025-12-15 12:05:00-05:00,119.3401,119.615,119.3019,119.53,29240.00
2025-12-15 12:10:00-05:00,119.58,119.66,119.2701,119.37,34734.00
2025-12-15 12:15:00-05:00,119.41,119.55,119.27,119.27,32175.00
2025-12-15 12:20:00-05:00,119.285,119.59,119.22,119.49,30587.00
2025-12-15 12:25:00-05:00,119.46,119.53,119.15,119.19,29077.00
2025-12-15 12:30:00-05:00,119.205,119.285,118.71,119.21,43010.00
2025-12-15 12:35:00-05:00,119.285,119.81,119.27,119.805,35332.00
2025-12-15 12:40:00-05:00,119.79,119.99,119.66,119.85,39665.00
2025-12-15 12:45:00-05:00,119.76,120,119.5301,119.625,46260.00
2025-12-15 12:50:00-05:00,119.53,119.58,119.4,119.4659,25374.00
2025-12-15 12:55:00-05:00,119.49,119.9397,119.42,119.88,26717.00
2025-12-15 13:00:00-05:00,119.82,120.11,119.7,119.81,38661.00
2025-12-15 13:05:00-05:00,119.865,120.2,119.7919,119.955,25030.00
2025-12-15 13:10:00-05:00,119.955,120.51,119.9,120.5,37357.00
2025-12-15 13:15:00-05:00,120.485,120.5799,120.33,120.42,55365.00
2025-12-15 13:20:00-05:00,120.41,120.42,119.61,119.61,55854.00
2025-12-15 13:25:00-05:00,119.6672,119.82,119.6,119.77,14559.00
2025-12-15 13:30:00-05:00,119.86,119.88,119.595,119.687,49981.00
2025-12-15 13:35:00-05:00,119.75,120.17,119.74,119.78,42768.00
2025-12-15 13:40:00-05:00,119.745,119.96,119.63,119.83,22809.00
2025-12-15 13:45:00-05:00,119.78,119.87,119.41,119.79,59556.00
2025-12-15 13:50:00-05:00,119.73,119.74,119.6,119.69,26845.00
2025-12-15 13:55:00-05:00,119.7,120,119.678,120,24756.00
2025-12-15 14:00:00-05:00,120,120.44,119.85,120.185,32413.00
2025-12-15 14:05:00-05:00,120.12,120.46,119.945,119.95,34773.00
2025-12-15 14:10:00-05:00,120.005,120.1722,119.55,119.86,34179.00
2025-12-15 14:15:00-05:00,119.85,120.1292,119.71,120.07,34555.00
2025-12-15 14:20:00-05:00,120.01,120.34,119.9401,120.28,31673.00
2025-12-15 14:25:00-05:00,120.28,120.48,120.08,120.48,28784.00
2025-12-15 14:30:00-05:00,120.49,120.62,120.3,120.31,30451.00
2025-12-15 14:35:00-05:00,120.35,120.45,120.215,120.31,26587.00
2025-12-15 14:40:00-05:00,120.37,120.37,120.1,120.165,22475.00
2025-12-15 14:45:00-05:00,120.16,120.36,120.04,120.24,46914.00
2025-12-15 14:50:00-05:00,120.24,120.5,120.09,120.43,34377.00
2025-12-15 14:55:00-05:00,120.54,120.57,120.36,120.415,20379.00
2025-12-15 15:00:00-05:00,120.39,120.68,120.21,120.265,53648.00
2025-12-15 15:05:00-05:00,120.19,120.42,120,120.29,43624.00
2025-12-15 15:10:00-05:00,120.24,120.4,120.161,120.36,26465.00
2025-12-15 15:15:00-05:00,120.305,120.625,119.83,119.92,53472.00
2025-12-15 15:20:00-05:00,119.995,120.06,119.71,119.71,25565.00
2025-12-15 15:25:00-05:00,119.76,119.7999,118.86,118.86,80936.00
2025-12-15 15:30:00-05:00,118.91,119.48,118.91,119.3,45375.00
2025-12-15 15:35:00-05:00,119.13,119.83,119.07,119.57,56431.00
2025-12-15 15:40:00-05:00,119.595,119.66,119.21,119.25,33843.00
2025-12-15 15:45:00-05:00,119.36,119.36,118.85,119.2,81371.00
2025-12-15 15:50:00-05:00,119.13,119.85,119.09,119.205,150962.00
2025-12-15 15:55:00-05:00,119.265,119.47,118.67,118.73,341727.00
2025-12-16 09:30:00-05:00,117.34,118.21,114.6061,115.405,117295.00
2025-12-16 09:35:00-05:00,115.405,116.73,115.22,116.73,71441.00
2025-12-16 09:40:00-05:00,116.97,117.47,116.3876,116.835,35666.00
2025-12-16 09:45:00-05:00,117.115,118.2069,117.1,117.2966,41355.00
2025-12-16 09:50:00-05:00,117.2,117.22,116.01,116.67,43561.00
2025-12-16 09:55:00-05:00,116.7964,116.9199,116.2,116.49,19142.00
2025-12-16 10:00:00-05:00,116.435,116.69,116.09,116.09,18319.00
2025-12-16 10:05:00-05:00,116.04,116.505,115.8203,115.88,53087.00
2025-12-16 10:10:00-05:00,115.8,116.15,115.6101,116.12,20797.00
2025-12-16 10:15:00-05:00,115.95,116.2567,115.88,115.99,25295.00
2025-12-16 10:20:00-05:00,116.04,116.17,115.81,115.91,25480.00
2025-12-16 10:25:00-05:00,115.77,116.4,115.65,116.27,67782.00
2025-12-16 10:30:00-05:00,116.39,116.6699,116.27,116.27,17459.00
2025-12-16 10:35:00-05:00,116.4628,116.56,116,116.51,16713.00
2025-12-16 10:40:00-05:00,116.545,116.82,116.19,116.81,23050.00
2025-12-16 10:45:00-05:00,116.7663,117.78,116.7663,117.42,70261.00
2025-12-16 10:50:00-05:00,117.32,117.425,116.56,117.315,57949.00
2025-12-16 10:55:00-05:00,117.3108,117.71,117.28,117.405,15569.00
2025-12-16 11:00:00-05:00,117.4,117.8,117.31,117.37,17220.00
2025-12-16 11:05:00-05:00,117.51,117.725,117.11,117.725,39654.00
2025-12-16 11:10:00-05:00,117.7863,117.7863,117.255,117.255,26307.00
2025-12-16 11:15:00-05:00,117.45,117.82,117.28,117.58,22976.00
2025-12-16 11:20:00-05:00,117.5775,117.67,117,117,18877.00
2025-12-16 11:25:00-05:00,116.95,117.01,116.54,116.65,17658.00
2025-12-16 11:30:00-05:00,116.69,116.87,116.601,116.66,16912.00
2025-12-16 11:35:00-05:00,116.71,116.75,116.32,116.32,19119.00
2025-12-16 11:40:00-05:00,116.22,116.72,116.2,116.675,27043.00
2025-12-16 11:45:00-05:00,116.675,116.78,116.335,116.335,25490.00
2025-12-16 11:50:00-05:00,116.34,117.11,116.34,117.11,32778.00
2025-12-16 11:55:00-05:00,117.11,117.32,116.98,117.31,10435.00
2025-12-16 12:00:00-05:00,117.25,117.84,117.15,117.73,24057.00
2025-12-16 12:05:00-05:00,117.7,117.8298,117.58,117.58,11207.00
2025-12-16 12:10:00-05:00,117.57,117.58,117.2925,117.53,11472.00
2025-12-16 12:15:00-05:00,117.58,118.02,117.54,118,12388.00
2025-12-16 12:20:00-05:00,117.96,118.03,117.57,117.62,11684.00
2025-12-16 12:25:00-05:00,117.62,117.62,117.09,117.365,40469.00
2025-12-16 12:30:00-05:00,117.4,117.4,116.8047,116.9824,71574.00
2025-12-16 12:35:00-05:00,116.965,117.47,116.96,117.15,33830.00
2025-12-16 12:40:00-05:00,117.13,117.19,117,117.055,7468.00
2025-12-16 12:45:00-05:00,117.05,117.06,116.81,116.885,15612.00
2025-12-16 12:50:00-05:00,116.885,116.97,116.6474,116.68,16323.00
2025-12-16 12:55:00-05:00,116.67,116.76,116.4355,116.615,12384.00
2025-12-16 13:00:00-05:00,116.65,116.84,116.41,116.73,16433.00
2025-12-16 13:05:00-05:00,116.76,116.9,116.67,116.7701,11581.00
2025-12-16 13:10:00-05:00,116.785,116.8,116.58,116.67,18452.00
2025-12-16 13:15:00-05:00,116.63,116.63,116.42,116.42,8951.00
2025-12-16 13:20:00-05:00,116.4,116.54,116.32,116.42,10507.00
2025-12-16 13:25:00-05:00,116.45,116.5,116.34,116.435,12222.00
2025-12-16 13:30:00-05:00,116.4625,116.61,116.35,116.56,13288.00
2025-12-16 13:35:00-05:00,116.54,116.74,116.54,116.69,11546.00
2025-12-16 13:40:00-05:00,116.675,116.73,116.45,116.45,7877.00
2025-12-16 13:45:00-05:00,116.5,116.52,115.9,115.94,33415.00
2025-12-16 13:50:00-05:00,115.89,115.98,115.45,115.45,15702.00
2025-12-16 13:55:00-05:00,115.4416,115.53,115.29,115.49,13402.00
2025-12-16 14:00:00-05:00,115.46,115.54,115.255,115.43,22168.00
2025-12-16 14:05:00-05:00,115.355,115.495,115.235,115.445,11412.00
2025-12-16 14:10:00-05:00,115.36,115.62,115.17,115.545,18868.00
2025-12-16 14:15:00-05:00,115.57,115.845,115.57,115.77,17074.00
2025-12-16 14:20:00-05:00,115.8,116.39,115.8,116.34,22510.00
2025-12-16 14:25:00-05:00,116.3,116.58,116.26,116.5,14247.00
2025-12-16 14:30:00-05:00,116.56,116.64,116.4,116.64,15602.00
2025-12-16 14:35:00-05:00,116.61,117,116.61,116.89,20091.00
2025-12-16 14:40:00-05:00,116.91,116.97,116.78,116.8,13820.00
2025-12-16 14:45:00-05:00,116.79,117.05,116.79,116.95,11460.00
2025-12-16 14:50:00-05:00,116.94,117.14,116.57,116.57,32828.00
2025-12-16 14:55:00-05:00,116.51,116.59,116.4748,116.58,12445.00
2025-12-16 15:00:00-05:00,116.62,116.8,116.61,116.615,21542.00
2025-12-16 15:05:00-05:00,116.53,116.77,116.53,116.73,13292.00
2025-12-16 15:10:00-05:00,116.75,116.77,116.46,116.46,11964.00
2025-12-16 15:15:00-05:00,116.475,116.58,116.31,116.565,15247.00
2025-12-16 15:20:00-05:00,116.575,116.72,116.56,116.72,13701.00
2025-12-16 15:25:00-05:00,116.7,116.78,116.57,116.5889,32519.00
2025-12-16 15:30:00-05:00,116.58,116.8,116.4517,116.78,21346.00
2025-12-16 15:35:00-05:00,116.78,116.89,116.71,116.76,24508.00
2025-12-16 15:40:00-05:00,116.77,117.05,116.73,116.95,46851.00
2025-12-16 15:45:00-05:00,116.925,117.01,116.68,116.775,47388.00
2025-12-16 15:50:00-05:00,116.85,116.9,116.405,116.405,81589.00
2025-12-16 15:55:00-05:00,116.41,116.56,116.04,116.38,249978.00
2025-12-17 09:30:00-05:00,117.02,117.0799,115.8,116.09,32303.00
2025-12-17 09:35:00-05:00,116.05,116.05,115.44,115.825,12660.00
2025-12-17 09:40:00-05:00,115.83,117.245,115.83,116.72,26659.00
2025-12-17 09:45:00-05:00,116.63,116.68,115.51,115.97,17040.00
2025-12-17 09:50:00-05:00,115.75,116.63,115.75,116.43,23566.00
2025-12-17 09:55:00-05:00,116.34,116.75,116.16,116.405,36040.00
2025-12-17 10:00:00-05:00,116.55,116.71,116.385,116.545,15638.00
2025-12-17 10:05:00-05:00,116.59,117.24,116.515,117.23,21497.00
2025-12-17 10:10:00-05:00,117.45,117.4647,117.03,117.45,49749.00
2025-12-17 10:15:00-05:00,117.46,117.77,117.28,117.28,87982.00
2025-12-17 10:20:00-05:00,117.2,117.2,116.61,116.645,16949.00
2025-12-17 10:25:00-05:00,116.59,116.84,116.4,116.72,18710.00
2025-12-17 10:30:00-05:00,116.66,116.79,116.5192,116.72,15173.00
2025-12-17 10:35:00-05:00,116.675,117.12,116.57,117.01,17464.00
2025-12-17 10:40:00-05:00,117.1,117.34,116.85,116.9714,70687.00
2025-12-17 10:45:00-05:00,117.16,117.21,116.835,116.96,10031.00
2025-12-17 10:50:00-05:00,116.975,117.25,116.9,117.21,17187.00
2025-12-17 10:55:00-05:00,117.06,117.61,116.96,117.61,9228.00
2025-12-17 11:00:00-05:00,117.61,117.61,117.145,117.335,12985.00
2025-12-17 11:05:00-05:00,117.3857,117.47,117.075,117.16,12299.00
2025-12-17 11:10:00-05:00,117.05,117.085,116.78,116.795,8357.00
2025-12-17 11:15:00-05:00,116.71,117.08,116.5,117,14097.00
2025-12-17 11:20:00-05:00,117,117.38,117,117.075,10191.00
2025-12-17 11:25:00-05:00,116.97,117.77,116.88,117.69,75110.00
2025-12-17 11:30:00-05:00,117.615,118.0197,117.3815,117.695,23591.00
2025-12-17 11:35:00-05:00,117.88,118.37,117.55,117.87,30169.00
2025-12-17 11:40:00-05:00,117.84,118.09,117.8,117.85,12439.00
2025-12-17 11:45:00-05:00,117.74,117.76,117.34,117.4799,12555.00
2025-12-17 11:50:00-05:00,117.39,117.43,117.215,117.3,15077.00
2025-12-17 11:55:00-05:00,117.28,117.91,117.1049,117.91,16286.00
2025-12-17 12:00:00-05:00,118.05,118.05,117.45,117.57,9921.00
2025-12-17 12:05:00-05:00,117.575,117.77,117.54,117.55,7527.00
2025-12-17 12:10:00-05:00,117.57,117.93,117.51,117.51,11484.00
2025-12-17 12:15:00-05:00,117.505,117.86,117.505,117.86,7880.00
2025-12-17 12:20:00-05:00,117.85,117.95,117.405,117.72,16887.00
2025-12-17 12:25:00-05:00,117.72,117.88,117.685,117.695,17459.00
2025-12-17 12:30:00-05:00,117.75,117.8,117.64,117.77,10658.00
2025-12-17 12:35:00-05:00,117.82,117.84,117.72,117.775,9457.00
2025-12-17 12:40:00-05:00,117.72,117.84,117.65,117.69,6672.00
2025-12-17 12:45:00-05:00,117.62,117.66,117.455,117.64,11831.00
2025-12-17 12:50:00-05:00,117.69,117.93,117.6001,117.685,12646.00
2025-12-17 12:55:00-05:00,117.75,117.84,117.7102,117.84,9121.00
2025-12-17 13:00:00-05:00,117.89,118,117.73,117.84,24804.00
2025-12-17 13:05:00-05:00,117.85,118.1,117.7875,118.07,9684.00
2025-12-17 13:10:00-05:00,118.07,118.45,118.07,118.355,10464.00
2025-12-17 13:15:00-05:00,118.355,118.5,118.03,118.05,19913.00
2025-12-17 13:20:00-05:00,118.07,118.2,117.92,117.955,11857.00
2025-12-17 13:25:00-05:00,117.96,117.97,117.72,117.81,9587.00
2025-12-17 13:30:00-05:00,117.81,118.17,117.76,118.1,24349.00
2025-12-17 13:35:00-05:00,118.02,118.27,117.99,118.06,11411.00
2025-12-17 13:40:00-05:00,118.07,118.28,118.07,118.1862,8918.00
2025-12-17 13:45:00-05:00,118.23,118.28,117.95,117.99,11697.00
2025-12-17 13:50:00-05:00,117.985,118.188,117.985,118.1026,8891.00
2025-12-17 13:55:00-05:00,118.14,118.21,118.06,118.18,10468.00
2025-12-17 14:00:00-05:00,118.2,118.38,118.15,118.38,13578.00
2025-12-17 14:05:00-05:00,118.372,118.57,118.16,118.28,14890.00
2025-12-17 14:10:00-05:00,118.24,118.24,118.01,118.14,13600.00
2025-12-17 14:15:00-05:00,118.17,118.23,117.945,118.145,15229.00
2025-12-17 14:20:00-05:00,118.135,118.135,117.98,118.06,7407.00
2025-12-17 14:25:00-05:00,118.135,118.135,117.54,117.7625,16741.00
2025-12-17 14:30:00-05:00,117.75,117.98,117.74,117.97,9737.00
2025-12-17 14:35:00-05:00,117.95,118.5225,117.78,118.5,34108.00
2025-12-17 14:40:00-05:00,118.4975,118.65,118.33,118.55,17752.00
2025-12-17 14:45:00-05:00,118.53,118.82,118.405,118.775,16067.00
2025-12-17 14:50:00-05:00,118.8,118.8,118.41,118.5,19178.00
2025-12-17 14:55:00-05:00,118.505,118.68,118.4501,118.67,13253.00
2025-12-17 15:00:00-05:00,118.595,118.68,117.9919,118.2,31911.00
2025-12-17 15:05:00-05:00,118.08,118.41,117.925,118.41,11397.00
2025-12-17 15:10:00-05:00,118.33,118.6,118.33,118.5561,12918.00
2025-12-17 15:15:00-05:00,118.555,118.76,118.49,118.57,21386.00
2025-12-17 15:20:00-05:00,118.6,118.61,118.32,118.33,27310.00
2025-12-17 15:25:00-05:00,118.26,118.27,117.93,118.13,17221.00
2025-12-17 15:30:00-05:00,118.19,118.25,118.13,118.15,15388.00
2025-12-17 15:35:00-05:00,118.15,118.23,118.0525,118.075,18150.00
2025-12-17 15:40:00-05:00,118.03,118.03,117.55,117.58,39804.00
2025-12-17 15:45:00-05:00,117.53,118.01,117.4,117.995,45107.00
2025-12-17 15:50:00-05:00,117.96,117.96,117.4101,117.62,73198.00
2025-12-17 15:55:00-05:00,117.59,117.59,116.88,117.175,196623.00
2025-12-18 09:30:00-05:00,117,118.87,117,118.12,58987.00
2025-12-18 09:35:00-05:00,118.3625,120.25,118.17,120.0014,21942.00
2025-12-18 09:40:00-05:00,120.03,120.72,118.56,118.93,45070.00
2025-12-18 09:45:00-05:00,119.065,119.42,118.8,119.1,35347.00
2025-12-18 09:50:00-05:00,119.145,120.21,118.97,120.21,31257.00
2025-12-18 09:55:00-05:00,120,120.64,120,120.365,55635.00
2025-12-18 10:00:00-05:00,120.46,120.92,120.28,120.52,27515.00
2025-12-18 10:05:00-05:00,120.74,121.16,120.52,120.6394,19828.00
2025-12-18 10:10:00-05:00,120.88,120.9999,120.65,120.65,10123.00
2025-12-18 10:15:00-05:00,120.53,120.75,120.11,120.1932,21890.00
2025-12-18 10:20:00-05:00,120.12,120.44,119.84,120.3,28121.00
2025-12-18 10:25:00-05:00,120.45,120.75,120.3,120.63,17499.00
2025-12-18 10:30:00-05:00,120.6,120.7834,120.5,120.61,10853.00
2025-12-18 10:35:00-05:00,120.44,120.98,120.44,120.52,13867.00
2025-12-18 10:40:00-05:00,120.595,120.73,120.33,120.72,10295.00
2025-12-18 10:45:00-05:00,120.7,120.8,120.27,120.525,17796.00
2025-12-18 10:50:00-05:00,120.525,120.61,120.24,120.285,8763.00
2025-12-18 10:55:00-05:00,120.4,120.46,119.92,120.16,25010.00
2025-12-18 11:00:00-05:00,120.165,120.44,120.0567,120.28,12884.00
2025-12-18 11:05:00-05:00,120.27,120.61,120.22,120.61,15152.00
2025-12-18 11:10:00-05:00,120.7,120.82,120.1903,120.1903,11348.00
2025-12-18 11:15:00-05:00,120.3947,120.55,120.24,120.485,40194.00
2025-12-18 11:20:00-05:00,120.5,120.74,120.395,120.59,8325.00
2025-12-18 11:25:00-05:00,120.5,120.54,120.21,120.21,26998.00
2025-12-18 11:30:00-05:00,120.285,120.34,119.97,120.1,13184.00
2025-12-18 11:35:00-05:00,120.07,120.52,120.07,120.45,7299.00
2025-12-18 11:40:00-05:00,120.35,120.35,119.91,120.09,6491.00
2025-12-18 11:45:00-05:00,119.79,119.9,119.73,119.785,5193.00
2025-12-18 11:50:00-05:00,119.62,119.655,119.53,119.54,6219.00
2025-12-18 11:55:00-05:00,119.58,119.58,119.255,119.39,7167.00
2025-12-18 12:00:00-05:00,119.39,119.98,119.39,119.79,28686.00
2025-12-18 12:05:00-05:00,119.775,119.88,119.44,119.59,8135.00
2025-12-18 12:10:00-05:00,119.44,119.5,119.16,119.5,10564.00
2025-12-18 12:15:00-05:00,119.46,119.7,119.42,119.67,7986.00
2025-12-18 12:20:00-05:00,119.64,119.89,119.3401,119.5,9612.00
2025-12-18 12:25:00-05:00,119.5,119.685,119.285,119.685,9058.00
2025-12-18 12:30:00-05:00,119.64,119.835,119.64,119.835,6966.00
2025-12-18 12:35:00-05:00,119.96,120.05,119.84,119.96,8463.00
2025-12-18 12:40:00-05:00,120.08,120.695,120.08,120.33,16696.00
2025-12-18 12:45:00-05:00,120.405,120.74,120.33,120.61,17491.00
2025-12-18 12:50:00-05:00,120.62,120.62,119.94,120.005,22891.00
2025-12-18 12:55:00-05:00,120,120.14,119.9,120.14,22857.00
2025-12-18 13:00:00-05:00,120.22,120.22,120.07,120.1925,7562.00
2025-12-18 13:05:00-05:00,120.195,120.28,120.09,120.1608,4893.00
2025-12-18 13:10:00-05:00,120.26,120.26,119.85,120.1174,13487.00
2025-12-18 13:15:00-05:00,120.14,120.31,120.14,120.23,6703.00
2025-12-18 13:20:00-05:00,120.3007,120.3007,119.79,119.91,15516.00
2025-12-18 13:25:00-05:00,119.7701,119.85,119.6375,119.745,12248.00
2025-12-18 13:30:00-05:00,119.745,119.92,119.745,119.85,7425.00
2025-12-18 13:35:00-05:00,119.89,120.015,119.88,119.97,11603.00
2025-12-18 13:40:00-05:00,120,120.06,119.91,119.96,10707.00
2025-12-18 13:45:00-05:00,119.99,119.99,119.87,119.9225,7052.00
2025-12-18 13:50:00-05:00,119.93,119.93,119.76,119.87,8331.00
2025-12-18 13:55:00-05:00,119.87,120.05,119.83,119.995,11300.00
2025-12-18 14:00:00-05:00,119.94,120.01,119.75,119.84,12819.00
2025-12-18 14:05:00-05:00,119.88,120.01,119.86,119.945,8770.00
2025-12-18 14:10:00-05:00,119.945,120.015,119.7005,119.845,10413.00
2025-12-18 14:15:00-05:00,119.855,119.855,119.58,119.58,7241.00
2025-12-18 14:20:00-05:00,119.515,119.74,119.501,119.6325,14169.00
2025-12-18 14:25:00-05:00,119.64,119.73,119.61,119.655,14096.00
2025-12-18 14:30:00-05:00,119.655,119.7,119.275,119.32,11616.00
2025-12-18 14:35:00-05:00,119.33,119.4,119.26,119.34,9269.00
2025-12-18 14:40:00-05:00,119.38,119.51,119.24,119.24,11003.00
2025-12-18 14:45:00-05:00,119.285,119.38,119.17,119.27,13638.00
2025-12-18 14:50:00-05:00,119.32,119.34,119,119.02,18599.00
2025-12-18 14:55:00-05:00,119.015,119.13,118.88,119.075,13439.00
2025-12-18 15:00:00-05:00,119.1,119.52,119.075,119.52,12504.00
2025-12-18 15:05:00-05:00,119.56,119.72,119.37,119.38,11988.00
2025-12-18 15:10:00-05:00,119.37,119.525,119.29,119.525,14830.00
2025-12-18 15:15:00-05:00,119.57,119.71,119.48,119.71,14945.00
2025-12-18 15:20:00-05:00,119.8,119.825,119.22,119.275,13539.00
2025-12-18 15:25:00-05:00,119.275,119.31,119.09,119.09,11747.00
2025-12-18 15:30:00-05:00,119.1,119.175,118.845,119.09,26077.00
2025-12-18 15:35:00-05:00,119.14,119.19,118.66,118.66,29907.00
2025-12-18 15:40:00-05:00,118.66,119.2061,118.61,119.07,39176.00
2025-12-18 15:45:00-05:00,119.15,119.27,118.89,119.04,47696.00
2025-12-18 15:50:00-05:00,118.96,119.01,118.61,118.695,62417.00
2025-12-18 15:55:00-05:00,118.72,118.76,118.54,118.67,166209.00
2025-12-19 09:30:00-05:00,118.8,119.59,118,119.475,74340.00
2025-12-19 09:35:00-05:00,119.32,120.5,119.29,120.41,23971.00
2025-12-19 09:40:00-05:00,120.4507,120.49,119.8,120.02,12224.00
2025-12-19 09:45:00-05:00,119.95,120.54,119.76,120.3,15579.00
2025-12-19 09:50:00-05:00,120.26,120.82,119.58,120.66,19774.00
2025-12-19 09:55:00-05:00,120.49,120.52,119.28,119.28,15024.00
2025-12-19 10:00:00-05:00,119.515,119.95,119.03,119.615,27383.00
2025-12-19 10:05:00-05:00,119.615,120.11,119.39,120.11,23127.00
2025-12-19 10:10:00-05:00,120.2,120.51,120.17,120.23,26157.00
2025-12-19 10:15:00-05:00,120.215,120.6,120.03,120.06,28456.00
2025-12-19 10:20:00-05:00,120.2,120.48,120.06,120.175,9122.00
2025-12-19 10:25:00-05:00,120.17,120.3,120.08,120.15,6694.00
2025-12-19 10:30:00-05:00,120.15,120.66,120,120.505,23671.00
2025-12-19 10:35:00-05:00,120.65,121.07,120.59,120.615,16579.00
2025-12-19 10:40:00-05:00,120.6075,120.73,120.45,120.48,7708.00
2025-12-19 10:45:00-05:00,120.39,120.72,119.96,120.52,24408.00
2025-12-19 10:50:00-05:00,120.47,120.63,120.31,120.33,14687.00
2025-12-19 10:55:00-05:00,120.28,120.46,120.01,120.17,9116.00
2025-12-19 11:00:00-05:00,120.07,120.37,119.55,119.55,17875.00
2025-12-19 11:05:00-05:00,119.67,119.78,119.49,119.54,11292.00
2025-12-19 11:10:00-05:00,119.6,119.9,119.6,119.86,10171.00
2025-12-19 11:15:00-05:00,119.87,119.99,119.84,119.93,7039.00
2025-12-19 11:20:00-05:00,119.9338,119.99,119.85,119.97,5262.00
2025-12-19 11:25:00-05:00,119.9,120.13,119.77,120.03,13629.00
2025-12-19 11:30:00-05:00,120.045,120.22,120.04,120.065,7640.00
2025-12-19 11:35:00-05:00,120.04,120.07,119.86,119.885,6163.00
2025-12-19 11:40:00-05:00,119.885,120.06,119.73,119.73,10141.00
2025-12-19 11:45:00-05:00,119.7,119.96,119.7,119.8,10368.00
2025-12-19 11:50:00-05:00,119.83,119.98,119.7,119.84,6876.00
2025-12-19 11:55:00-05:00,119.845,119.88,119.7,119.85,6464.00
2025-12-19 12:00:00-05:00,119.87,119.88,119.53,119.53,11158.00
2025-12-19 12:05:00-05:00,119.53,119.555,118.86,119.24,31242.00
2025-12-19 12:10:00-05:00,119.12,119.61,119.0825,119.6,10016.00
2025-12-19 12:15:00-05:00,119.63,119.895,119.62,119.735,22483.00
2025-12-19 12:20:00-05:00,119.735,120,119.69,119.784,18803.00
2025-12-19 12:25:00-05:00,119.86,119.86,119.64,119.76,6455.00
2025-12-19 12:30:00-05:00,119.76,119.89,119.71,119.85,6446.00
2025-12-19 12:35:00-05:00,119.88,119.96,119.77,119.77,10272.00
2025-12-19 12:40:00-05:00,119.84,119.88,119.47,119.525,11266.00
2025-12-19 12:45:00-05:00,119.61,119.93,119.525,119.93,9021.00
2025-12-19 12:50:00-05:00,119.99,120.49,119.99,120.265,13971.00
2025-12-19 12:55:00-05:00,120.14,120.32,120.09,120.13,7312.00
2025-12-19 13:00:00-05:00,120.115,120.115,119.83,120.1,9691.00
2025-12-19 13:05:00-05:00,120.12,120.12,120,120.1,4382.00
2025-12-19 13:10:00-05:00,120.12,120.25,120.115,120.19,4774.00
2025-12-19 13:15:00-05:00,120.18,120.33,120.16,120.33,5898.00
2025-12-19 13:20:00-05:00,120.34,120.3899,120.27,120.3899,4426.00
2025-12-19 13:25:00-05:00,120.36,120.6,120.23,120.6,10839.00
2025-12-19 13:30:00-05:00,120.585,120.585,120.31,120.5487,17516.00
2025-12-19 13:35:00-05:00,120.54,120.57,120.325,120.5399,23761.00
2025-12-19 13:40:00-05:00,120.53,120.57,120.3,120.5699,32704.00
2025-12-19 13:45:00-05:00,120.435,121,120.435,121,16619.00
2025-12-19 13:50:00-05:00,121,121.3,120.99,121.1277,22069.00
2025-12-19 13:55:00-05:00,120.91,120.96,120.75,120.9169,13141.00
2025-12-19 14:00:00-05:00,120.7189,120.89,120.61,120.89,9570.00
2025-12-19 14:05:00-05:00,120.98,120.98,120.66,120.7388,6695.00
2025-12-19 14:10:00-05:00,120.63,120.65,120.325,120.52,9751.00
2025-12-19 14:15:00-05:00,120.55,120.57,120.48,120.5489,4534.00
2025-12-19 14:20:00-05:00,120.48,120.53,120.03,120.2299,28019.00
2025-12-19 14:25:00-05:00,120.135,120.5273,120.135,120.5273,6363.00
2025-12-19 14:30:00-05:00,120.45,120.5238,119.91,120.44,40135.00
2025-12-19 14:35:00-05:00,120.42,120.6899,120.4,120.6899,14274.00
2025-12-19 14:40:00-05:00,120.615,120.84,120.6,120.7999,8285.00
2025-12-19 14:45:00-05:00,120.73,120.966,120.73,120.966,9305.00
2025-12-19 14:50:00-05:00,120.99,121.03,120.9,121.0286,10835.00
2025-12-19 14:55:00-05:00,120.96,120.975,120.69,120.7999,12946.00
2025-12-19 15:00:00-05:00,120.79,120.8,120.65,120.7099,8661.00
2025-12-19 15:05:00-05:00,120.71,121.07,120.69,121.05,13655.00
2025-12-19 15:10:00-05:00,121.035,121.07,120.83,120.9099,13368.00
2025-12-19 15:15:00-05:00,120.89,120.9,120.61,120.75,9291.00
2025-12-19 15:20:00-05:00,120.7,120.82,120.7,120.72,10454.00
2025-12-19 15:25:00-05:00,120.74,120.81,120.64,120.69,9146.00
2025-12-19 15:30:00-05:00,120.69,121.06,120.65,120.91,22311.00
2025-12-19 15:35:00-05:00,120.938,121.07,120.835,120.85,18839.00
2025-12-19 15:40:00-05:00,120.84,120.87,120.535,120.545,34208.00
2025-12-19 15:45:00-05:00,120.52,120.85,120.51,120.815,37499.00
2025-12-19 15:50:00-05:00,120.79,121.02,120.68,120.855,51130.00
2025-12-19 15:55:00-05:00,120.86,121.16,120.71,121.11,155139.00
2025-12-22 09:30:00-05:00,122.46,123.6399,121.5201,123.07,37795.00
2025-12-22 09:35:00-05:00,123.2666,124.29,123.2666,123.664,36045.00
2025-12-22 09:40:00-05:00,123.89,124.141,123.53,123.6566,13089.00
2025-12-22 09:45:00-05:00,123.8,124.145,123,123.14,26973.00
2025-12-22 09:50:00-05:00,123.34,123.88,122.88,122.88,18542.00
2025-12-22 09:55:00-05:00,122.88,123.36,122.88,123.07,23184.00
2025-12-22 10:00:00-05:00,123.07,123.31,122.325,122.43,19231.00
2025-12-22 10:05:00-05:00,122.41,122.43,121.38,121.89,29329.00
2025-12-22 10:10:00-05:00,121.89,121.89,121.37,121.525,16614.00
2025-12-22 10:15:00-05:00,121.525,122,121.36,121.77,20033.00
2025-12-22 10:20:00-05:00,121.7,122.04,121.7,121.83,19099.00
2025-12-22 10:25:00-05:00,121.96,121.98,121.46,121.49,28845.00
2025-12-22 10:30:00-05:00,121.5999,121.94,121.1477,121.52,27798.00
2025-12-22 10:35:00-05:00,121.51,122.1,121.44,121.8,17056.00
2025-12-22 10:40:00-05:00,121.84,122.71,121.84,122.52,21885.00
2025-12-22 10:45:00-05:00,122.59,124.5,122.59,124.3151,36608.00
2025-12-22 10:50:00-05:00,124.32,124.8,124.14,124.49,26217.00
2025-12-22 10:55:00-05:00,124.495,124.92,124.14,124.565,44509.00
2025-12-22 11:00:00-05:00,124.58,124.8499,124.305,124.7797,18270.00
2025-12-22 11:05:00-05:00,124.6,124.76,124.35,124.38,14024.00
2025-12-22 11:10:00-05:00,124.455,124.73,124.27,124.73,10949.00
2025-12-22 11:15:00-05:00,124.79,124.79,124.58,124.59,13138.00
2025-12-22 11:20:00-05:00,124.58,124.76,124.5,124.59,19382.00
2025-12-22 11:25:00-05:00,124.66,124.77,124.57,124.65,11192.00
2025-12-22 11:30:00-05:00,124.65,124.71,124.27,124.385,15282.00
2025-12-22 11:35:00-05:00,124.38,124.45,123.84,124.08,15571.00
2025-12-22 11:40:00-05:00,124.13,124.7,124.13,124.64,14723.00
2025-12-22 11:45:00-05:00,124.69,124.75,124.48,124.5,6646.00
2025-12-22 11:50:00-05:00,124.45,124.48,124.23,124.4,10526.00
2025-12-22 11:55:00-05:00,124.315,124.67,124.16,124.47,15575.00
2025-12-22 12:00:00-05:00,124.62,124.6961,124.615,124.6961,4299.00
2025-12-22 12:05:00-05:00,124.75,124.84,124.64,124.69,9622.00
2025-12-22 12:10:00-05:00,124.74,124.76,124.27,124.35,15177.00
2025-12-22 12:15:00-05:00,124.325,124.4499,124.03,124.03,13351.00
2025-12-22 12:20:00-05:00,123.99,124.34,123.96,124.32,14131.00
2025-12-22 12:25:00-05:00,124.32,124.5,124.32,124.45,9195.00
2025-12-22 12:30:00-05:00,124.455,124.68,124.36,124.535,10067.00
2025-12-22 12:35:00-05:00,124.47,124.9699,124.46,124.9699,13296.00
2025-12-22 12:40:00-05:00,124.77,125.38,124.77,125.11,33679.00
2025-12-22 12:45:00-05:00,125.155,125.2196,125.01,125.06,7599.00
2025-12-22 12:50:00-05:00,125.065,125.36,124.96,125.2,24246.00
2025-12-22 12:55:00-05:00,125.19,125.49,125.11,125.45,14592.00
2025-12-22 13:00:00-05:00,125.375,125.61,125.12,125.235,30195.00
2025-12-22 13:05:00-05:00,125.2,125.2999,125.025,125.08,11519.00
2025-12-22 13:10:00-05:00,125.1,125.2999,125.03,125.21,9483.00
2025-12-22 13:15:00-05:00,125.15,125.27,124.88,125.15,10062.00
2025-12-22 13:20:00-05:00,125.15,125.51,125.06,125.365,17050.00
2025-12-22 13:25:00-05:00,125.45,125.6,125.26,125.26,10098.00
2025-12-22 13:30:00-05:00,125.2,125.24,124.96,125.19,10571.00
2025-12-22 13:35:00-05:00,125.195,125.3299,125.13,125.225,7516.00
2025-12-22 13:40:00-05:00,125.215,125.3,125.04,125.1,13614.00
2025-12-22 13:45:00-05:00,125.06,125.2581,125.03,125.1781,9350.00
2025-12-22 13:50:00-05:00,125.05,125.1599,124.919,124.945,10043.00
2025-12-22 13:55:00-05:00,124.93,125,124.85,124.87,9904.00
2025-12-22 14:00:00-05:00,124.8417,125.09,124.8417,124.86,22086.00
2025-12-22 14:05:00-05:00,124.855,125.07,124.75,125.02,10776.00
2025-12-22 14:10:00-05:00,125.01,125.23,124.93,125.14,10927.00
2025-12-22 14:15:00-05:00,125.13,125.2599,125.06,125.17,10447.00
2025-12-22 14:20:00-05:00,125.14,125.16,124.79,125.07,16187.00
2025-12-22 14:25:00-05:00,125.105,125.26,125.05,125.26,8331.00
2025-12-22 14:30:00-05:00,125.31,125.42,125.27,125.3955,8711.00
2025-12-22 14:35:00-05:00,125.31,125.32,125.129,125.16,15817.00
2025-12-22 14:40:00-05:00,125.1706,125.25,125.15,125.1994,11955.00
2025-12-22 14:45:00-05:00,125.177,125.6,125.16,125.5,35078.00
2025-12-22 14:50:00-05:00,125.51,125.65,125.44,125.61,14958.00
2025-12-22 14:55:00-05:00,125.65,125.8,125.4601,125.67,24708.00
2025-12-22 15:00:00-05:00,125.67,125.85,125.67,125.78,14806.00
2025-12-22 15:05:00-05:00,125.75,125.83,125.57,125.635,15183.00
2025-12-22 15:10:00-05:00,125.56,125.64,125.49,125.5129,15799.00
2025-12-22 15:15:00-05:00,125.51,125.88,125.43,125.645,30423.00
2025-12-22 15:20:00-05:00,125.6,125.7,125.28,125.28,22437.00
2025-12-22 15:25:00-05:00,125.26,125.66,125.1,125.35,20965.00
2025-12-22 15:30:00-05:00,125.29,125.56,125.14,125.14,35003.00
2025-12-22 15:35:00-05:00,125.1427,125.34,125.07,125.2,19975.00
2025-12-22 15:40:00-05:00,125.07,125.18,124.98,125.01,30437.00
2025-12-22 15:45:00-05:00,125.06,125.11,124.777,124.97,38458.00
2025-12-22 15:50:00-05:00,124.95,124.96,124.27,124.47,61138.00
2025-12-22 15:55:00-05:00,124.525,124.82,124.34,124.7,164184.00
2025-12-23 09:30:00-05:00,124.86,125.759,124.72,125.225,19400.00
2025-12-23 09:35:00-05:00,125.015,126.13,124.855,126.13,24004.00
2025-12-23 09:40:00-05:00,126.11,126.12,125.12,125.345,22587.00
2025-12-23 09:45:00-05:00,125.355,125.705,124.945,125.295,12632.00
2025-12-23 09:50:00-05:00,125.295,125.295,124.83,124.9,11083.00
2025-12-23 09:55:00-05:00,124.88,124.99,124.5,124.5,15981.00
2025-12-23 10:00:00-05:00,124.68,124.735,124.2394,124.53,32264.00
2025-12-23 10:05:00-05:00,124.61,124.61,123.17,123.77,35207.00
2025-12-23 10:10:00-05:00,123.775,124.11,123.775,123.98,15885.00
2025-12-23 10:15:00-05:00,123.82,124.46,123.73,124.46,17687.00
2025-12-23 10:20:00-05:00,124.31,124.57,124.29,124.29,11915.00
2025-12-23 10:25:00-05:00,124.31,124.39,124.235,124.265,7000.00
2025-12-23 10:30:00-05:00,124.26,124.44,124.26,124.345,13447.00
2025-12-23 10:35:00-05:00,124.35,124.6,124.225,124.33,12805.00
2025-12-23 10:40:00-05:00,124.19,124.3744,123.7719,123.96,19566.00
2025-12-23 10:45:00-05:00,124,124.11,123.87,124.11,13849.00
2025-12-23 10:50:00-05:00,124.045,124.26,124.045,124.165,11219.00
2025-12-23 10:55:00-05:00,124.06,124.21,124,124.115,6742.00
2025-12-23 11:00:00-05:00,124.115,124.22,123.77,124.12,23002.00
2025-12-23 11:05:00-05:00,124.2,124.405,124,124,7729.00
2025-12-23 11:10:00-05:00,124.1202,124.21,124.02,124.21,13240.00
2025-12-23 11:15:00-05:00,124.28,124.28,123.555,123.975,38208.00
2025-12-23 11:20:00-05:00,123.955,124.06,123.295,123.3425,17446.00
2025-12-23 11:25:00-05:00,123.32,123.75,123.01,123.38,26147.00
2025-12-23 11:30:00-05:00,123.47,123.75,123.41,123.69,17904.00
2025-12-23 11:35:00-05:00,123.6,123.94,123.25,123.885,13948.00
2025-12-23 11:40:00-05:00,123.88,123.97,123.79,123.95,14759.00
2025-12-23 11:45:00-05:00,123.88,123.92,123.74,123.79,17174.00
2025-12-23 11:50:00-05:00,123.71,124.09,123.71,124.03,15363.00
2025-12-23 11:55:00-05:00,124.03,124.03,123.76,123.785,14199.00
2025-12-23 12:00:00-05:00,123.785,123.89,123.47,123.47,15012.00
2025-12-23 12:05:00-05:00,123.5399,123.785,123.465,123.69,11309.00
2025-12-23 12:10:00-05:00,123.69,123.69,123.51,123.67,8609.00
2025-12-23 12:15:00-05:00,123.74,123.75,123.565,123.68,13094.00
2025-12-23 12:20:00-05:00,123.75,124.05,123.73,124.045,12083.00
2025-12-23 12:25:00-05:00,124.045,124.13,123.935,124.05,6336.00
2025-12-23 12:30:00-05:00,124.04,124.04,123.7528,123.765,8352.00
2025-12-23 12:35:00-05:00,123.86,124.03,123.765,123.97,5274.00
2025-12-23 12:40:00-05:00,123.97,124.06,123.835,123.835,14636.00
2025-12-23 12:45:00-05:00,123.82,123.84,123.77,123.81,5694.00
2025-12-23 12:50:00-05:00,123.795,123.795,123.61,123.625,8938.00
2025-12-23 12:55:00-05:00,123.6,123.75,123.486,123.725,14413.00
2025-12-23 13:00:00-05:00,123.7401,123.85,123.74,123.8,5773.00
2025-12-23 13:05:00-05:00,123.825,124,123.82,123.88,10388.00
2025-12-23 13:10:00-05:00,123.8,123.83,123.74,123.77,5717.00
2025-12-23 13:15:00-05:00,123.77,124.06,123.755,124.06,9507.00
2025-12-23 13:20:00-05:00,124.01,124.24,124.01,124.16,6194.00
2025-12-23 13:25:00-05:00,124.28,124.36,124.11,124.13,10356.00
2025-12-23 13:30:00-05:00,124.18,124.26,124.01,124.05,11629.00
2025-12-23 13:35:00-05:00,124.03,124.32,124.03,124.32,7325.00
2025-12-23 13:40:00-05:00,124.29,124.3,124.13,124.17,7475.00
2025-12-23 13:45:00-05:00,124.165,124.165,123.955,124.13,14004.00
2025-12-23 13:50:00-05:00,124.04,124.19,124,124.11,6880.00
2025-12-23 13:55:00-05:00,124.14,124.2,123.91,123.91,10010.00
2025-12-23 14:00:00-05:00,123.91,124,123.735,123.7875,6599.00
2025-12-23 14:05:00-05:00,123.785,123.785,123.51,123.54,11798.00
2025-12-23 14:10:00-05:00,123.53,123.66,123.435,123.48,17850.00
2025-12-23 14:15:00-05:00,123.48,123.48,123.19,123.395,20112.00
2025-12-23 14:20:00-05:00,123.395,123.45,123.19,123.351,13336.00
2025-12-23 14:25:00-05:00,123.395,123.63,123.395,123.55,17171.00
2025-12-23 14:30:00-05:00,123.6,124.02,123.6,124.015,13952.00
2025-12-23 14:35:00-05:00,124.015,124.015,123.84,123.885,14223.00
2025-12-23 14:40:00-05:00,123.83,123.99,123.76,123.86,12717.00
2025-12-23 14:45:00-05:00,123.85,123.86,123.68,123.73,10213.00
2025-12-23 14:50:00-05:00,123.73,124.14,123.7,124.09,12864.00
2025-12-23 14:55:00-05:00,124.09,124.15,123.775,123.95,15519.00
2025-12-23 15:00:00-05:00,123.86,124.15,123.86,124.09,13612.00
2025-12-23 15:05:00-05:00,124.06,124.24,123.975,124.16,23515.00
2025-12-23 15:10:00-05:00,124.1,124.51,124.1,124.345,20514.00
2025-12-23 15:15:00-05:00,124.35,124.35,124.13,124.26,21505.00
2025-12-23 15:20:00-05:00,124.22,124.295,124.1749,124.29,16011.00
2025-12-23 15:25:00-05:00,124.245,124.245,123.95,124.035,20457.00
2025-12-23 15:30:00-05:00,124.035,124.13,123.95,124.09,19992.00
2025-12-23 15:35:00-05:00,124.08,124.24,124,124.09,27730.00
2025-12-23 15:40:00-05:00,124.1,124.16,123.99,123.99,32205.00
2025-12-23 15:45:00-05:00,123.93,124.22,123.93,124,36814.00
2025-12-23 15:50:00-05:00,123.98,123.98,123.49,123.88,74237.00
2025-12-23 15:55:00-05:00,123.825,124.1,123.73,123.75,184596.00
2025-12-24 09:30:00-05:00,124,124.79,124,124.4,10352.00
2025-12-24 09:35:00-05:00,124.35,124.91,124.245,124.66,11614.00
2025-12-24 09:40:00-05:00,124.435,124.67,123.8,123.85,8500.00
2025-12-24 09:45:00-05:00,123.9096,123.9096,123.8155,123.84,3521.00
2025-12-24 09:50:00-05:00,123.66,123.755,123.3026,123.35,13236.00
2025-12-24 09:55:00-05:00,123.13,123.45,122.78,123.335,19356.00
2025-12-24 10:00:00-05:00,123.21,123.56,122.89,123.56,16879.00
2025-12-24 10:05:00-05:00,123.435,124.19,123.435,124.18,10545.00
2025-12-24 10:10:00-05:00,124.29,124.72,124.145,124.72,10237.00
2025-12-24 10:15:00-05:00,124.81,125.1,124.68,124.729,12310.00
2025-12-24 10:20:00-05:00,124.7,124.95,124.7,124.9,6460.00
2025-12-24 10:25:00-05:00,124.94,125.665,124.94,125.485,21667.00
2025-12-24 10:30:00-05:00,125.42,125.71,125.04,125.71,17109.00
2025-12-24 10:35:00-05:00,125.61,125.61,125.3,125.348,8632.00
2025-12-24 10:40:00-05:00,125.42,125.88,125.34,125.64,13415.00
2025-12-24 10:45:00-05:00,125.74,125.84,125.4925,125.605,14142.00
2025-12-24 10:50:00-05:00,125.73,125.92,125.72,125.81,9256.00
2025-12-24 10:55:00-05:00,125.7,126.25,125.67,125.99,27703.00
2025-12-24 11:00:00-05:00,125.97,126.35,125.74,125.955,17223.00
2025-12-24 11:05:00-05:00,125.985,126.17,125.9,126.05,9631.00
2025-12-24 11:10:00-05:00,126.05,126.44,125.97,126.33,27048.00
2025-12-24 11:15:00-05:00,126.3306,126.555,126.27,126.555,17600.00
2025-12-24 11:20:00-05:00,126.57,127.155,126.47,127.155,33361.00
2025-12-24 11:25:00-05:00,127.1599,127.46,126.9,127.46,32023.00
2025-12-24 11:30:00-05:00,127.47,127.67,127.43,127.66,33307.00
2025-12-24 11:35:00-05:00,127.7,128.34,127.6,127.76,64657.00
2025-12-24 11:40:00-05:00,127.68,127.86,127.5,127.7146,18770.00
2025-12-24 11:45:00-05:00,127.68,127.76,127.495,127.55,19590.00
2025-12-24 11:50:00-05:00,127.58,127.68,127.28,127.53,18955.00
2025-12-24 11:55:00-05:00,127.66,127.78,127.6,127.73,16516.00
2025-12-24 12:00:00-05:00,127.73,127.74,127.5,127.5,13777.00
2025-12-24 12:05:00-05:00,127.69,127.77,127.55,127.76,18959.00
2025-12-24 12:10:00-05:00,127.8,127.86,127.53,127.66,20928.00
2025-12-24 12:15:00-05:00,127.7,127.79,127.6,127.78,16720.00
2025-12-24 12:20:00-05:00,127.78,128.05,127.63,127.655,30772.00
2025-12-24 12:25:00-05:00,127.655,127.96,127.57,127.685,16291.00
2025-12-24 12:30:00-05:00,127.64,128.11,127.6,128.105,21276.00
2025-12-24 12:35:00-05:00,128.0497,128.13,127,128.08,54151.00
2025-12-24 12:40:00-05:00,128.06,128.08,127.22,127.52,52665.00
2025-12-24 12:45:00-05:00,127.58,127.6,127.23,127.28,42664.00
2025-12-24 12:50:00-05:00,127.32,127.405,126.96,127.14,49671.00
2025-12-24 12:55:00-05:00,127.13,127.19,126.7,126.85,89191.00
2025-12-24 13:00:00-05:00,126.74,126.74,126.74,126.74,77146.00
2025-12-26 09:30:00-05:00,125.5,126.5,125.267,126.5,14072.00
2025-12-26 09:35:00-05:00,126.495,126.68,126.155,126.155,7820.00
2025-12-26 09:40:00-05:00,126.31,126.614,125.68,126.065,2992.00
2025-12-26 09:45:00-05:00,125.8,126.34,125.79,125.94,8905.00
2025-12-26 09:50:00-05:00,126.19,126.82,126.15,126.805,11934.00
2025-12-26 09:55:00-05:00,126.82,127.09,125.81,125.99,19699.00
2025-12-26 10:00:00-05:00,126.085,126.09,125.48,125.48,23198.00
2025-12-26 10:05:00-05:00,125.47,126.12,125.47,126.025,19070.00
2025-12-26 10:10:00-05:00,126.03,126.1,125.19,125.46,21131.00
2025-12-26 10:15:00-05:00,125.34,126.01,125.34,126.01,18246.00
2025-12-26 10:20:00-05:00,126,126.05,125.32,125.635,16936.00
2025-12-26 10:25:00-05:00,125.775,126.3,125.69,126.07,11556.00
2025-12-26 10:30:00-05:00,126.03,126.03,125.785,125.785,7400.00
2025-12-26 10:35:00-05:00,125.75,125.75,125.29,125.29,6043.00
2025-12-26 10:40:00-05:00,125.32,125.44,125.04,125.11,15600.00
2025-12-26 10:45:00-05:00,125.02,125.38,124.885,125.37,13150.00
2025-12-26 10:50:00-05:00,125.41,125.45,125.225,125.25,16876.00
2025-12-26 10:55:00-05:00,125.25,125.45,125.25,125.315,8934.00
2025-12-26 11:00:00-05:00,125.33,125.7,125.33,125.7,12288.00
2025-12-26 11:05:00-05:00,125.73,125.77,125.59,125.65,9829.00
2025-12-26 11:10:00-05:00,125.67,125.67,125.41,125.41,8539.00
2025-12-26 11:15:00-05:00,125.34,125.435,125.32,125.42,8804.00
2025-12-26 11:20:00-05:00,125.37,125.51,125.36,125.46,11438.00
2025-12-26 11:25:00-05:00,125.495,125.575,125.45,125.47,9381.00
2025-12-26 11:30:00-05:00,125.54,125.54,125.415,125.5,5459.00
2025-12-26 11:35:00-05:00,125.54,125.59,125.44,125.47,9245.00
2025-12-26 11:40:00-05:00,125.43,125.45,125.31,125.3296,7951.00
2025-12-26 11:45:00-05:00,125.29,125.29,125,125.04,10772.00
2025-12-26 11:50:00-05:00,125,125.1,124.97,125.06,13906.00
2025-12-26 11:55:00-05:00,125,125.15,124.91,125.05,14110.00
2025-12-26 12:00:00-05:00,125.04,125.1,125.0304,125.0304,1124.00
2025-12-26 12:05:00-05:00,124.98,125.06,124.8933,124.905,10351.00
2025-12-26 12:10:00-05:00,124.905,125.24,124.905,125.17,10240.00
2025-12-26 12:15:00-05:00,125.17,125.28,125.12,125.18,11743.00
2025-12-26 12:20:00-05:00,125.16,125.23,125.12,125.12,9516.00
2025-12-26 12:25:00-05:00,125.19,125.3,125.12,125.3,6462.00
2025-12-26 12:30:00-05:00,125.3165,125.39,125.21,125.27,10729.00
2025-12-26 12:35:00-05:00,125.24,125.24,125.03,125.14,8675.00
2025-12-26 12:40:00-05:00,125.1,125.19,125.08,125.13,6165.00
2025-12-26 12:45:00-05:00,125.12,125.16,125.02,125.07,10108.00
2025-12-26 12:50:00-05:00,125.07,125.16,125.07,125.12,5955.00
2025-12-26 12:55:00-05:00,125.115,125.36,125.115,125.36,11846.00
2025-12-26 13:00:00-05:00,125.42,125.62,125.42,125.585,13024.00
2025-12-26 13:05:00-05:00,125.57,125.655,125.57,125.62,6050.00
2025-12-26 13:10:00-05:00,125.56,125.56,125.45,125.49,7502.00
2025-12-26 13:15:00-05:00,125.525,125.525,125.43,125.45,5092.00
2025-12-26 13:20:00-05:00,125.47,125.57,125.37,125.43,9844.00
2025-12-26 13:25:00-05:00,125.47,125.595,125.38,125.38,9773.00
2025-12-26 13:30:00-05:00,125.475,125.69,125.475,125.62,5285.00
2025-12-26 13:35:00-05:00,125.68,125.92,125.55,125.65,10552.00
2025-12-26 13:40:00-05:00,125.5618,125.595,125.49,125.595,1009.00
2025-12-26 13:45:00-05:00,125.64,125.69,125.555,125.68,8021.00
2025-12-26 13:50:00-05:00,125.675,125.675,125.56,125.56,4567.00
2025-12-26 13:55:00-05:00,125.56,125.57,125.43,125.44,5666.00
2025-12-26 14:00:00-05:00,125.37,125.535,125.36,125.535,7506.00
2025-12-26 14:05:00-05:00,125.56,125.57,125.43,125.53,9410.00
2025-12-26 14:10:00-05:00,125.55,125.6,125.45,125.48,8076.00
2025-12-26 14:15:00-05:00,125.42,125.445,125.385,125.385,5536.00
2025-12-26 14:20:00-05:00,125.38,125.62,125.2,125.62,21101.00
2025-12-26 14:25:00-05:00,125.56,125.68,125.56,125.645,10808.00
2025-12-26 14:30:00-05:00,125.7,125.875,125.625,125.635,9527.00
2025-12-26 14:35:00-05:00,125.72,125.79,125.64,125.71,5423.00
2025-12-26 14:40:00-05:00,125.69,125.82,125.5332,125.73,11880.00
2025-12-26 14:45:00-05:00,125.79,125.84,125.75,125.84,6056.00
2025-12-26 14:50:00-05:00,125.85,126.01,125.85,125.94,7354.00
2025-12-26 14:55:00-05:00,125.91,125.94,125.755,125.77,3870.00
2025-12-26 15:00:00-05:00,125.78,125.88,125.72,125.82,8389.00
2025-12-26 15:05:00-05:00,125.78,126.01,125,125.98,27145.00
2025-12-26 15:10:00-05:00,126.01,126.26,126.01,126.229,12425.00
2025-12-26 15:15:00-05:00,126.265,126.29,126.19,126.29,9810.00
2025-12-26 15:20:00-05:00,126.18,126.26,126.15,126.2,10453.00
2025-12-26 15:25:00-05:00,126.205,126.315,126.2,126.315,12463.00
2025-12-26 15:30:00-05:00,126.29,126.42,126.12,126.405,19957.00
2025-12-26 15:35:00-05:00,126.43,126.44,126.31,126.37,13206.00
2025-12-26 15:40:00-05:00,126.38,126.5,126.35,126.435,17582.00
2025-12-26 15:45:00-05:00,126.45,126.56,126.39,126.42,43246.00
2025-12-26 15:50:00-05:00,126.44,126.76,126.44,126.66,53884.00
2025-12-26 15:55:00-05:00,126.62,126.86,126.49,126.83,133592.00
2025-12-29 09:30:00-05:00,127,130.25,127,129.13,81337.00
2025-12-29 09:35:00-05:00,129.01,130,128.66,129.085,37437.00
2025-12-29 09:40:00-05:00,129.085,129.75,128.7,128.91,40048.00
2025-12-29 09:45:00-05:00,128.955,129.13,127.84,128.65,83424.00
2025-12-29 09:50:00-05:00,128.715,129.48,128.59,128.987,50563.00
2025-12-29 09:55:00-05:00,128.915,129.25,128.31,129,35590.00
2025-12-29 10:00:00-05:00,128.77,128.895,128.305,128.346,20304.00
2025-12-29 10:05:00-05:00,128.495,128.495,127.4401,127.4401,42286.00
2025-12-29 10:10:00-05:00,127.52,127.96,127.48,127.81,31143.00
2025-12-29 10:15:00-05:00,127.73,128.8,127.73,128.21,35145.00
2025-12-29 10:20:00-05:00,128.28,128.32,128.11,128.2161,13237.00
2025-12-29 10:25:00-05:00,128.32,128.45,128.03,128.315,22616.00
2025-12-29 10:30:00-05:00,128.24,128.83,128.235,128.705,19023.00
2025-12-29 10:35:00-05:00,128.67,129,128.55,128.91,16856.00
2025-12-29 10:40:00-05:00,128.86,128.97,128.66,128.76,12251.00
2025-12-29 10:45:00-05:00,128.735,129.429,128.735,129.38,41015.00
2025-12-29 10:50:00-05:00,129.34,129.34,128.89,129.22,15975.00
2025-12-29 10:55:00-05:00,129.245,129.9,129.245,129.64,29253.00
2025-12-29 11:00:00-05:00,129.665,130.2,129.41,130.1582,27971.00
2025-12-29 11:05:00-05:00,130.07,131.095,130.04,130.55,49879.00
2025-12-29 11:10:00-05:00,130.495,130.83,130.33,130.4,41519.00
2025-12-29 11:15:00-05:00,130.4,130.65,130.2301,130.54,27970.00
2025-12-29 11:20:00-05:00,130.5,130.65,130.24,130.275,19991.00
2025-12-29 11:25:00-05:00,130.1906,130.6,130.1906,130.47,24903.00
2025-12-29 11:30:00-05:00,130.5473,130.89,130.435,130.505,30371.00
2025-12-29 11:35:00-05:00,130.53,130.58,130.0101,130.0208,24362.00
2025-12-29 11:40:00-05:00,130.08,130.46,129.88,130.415,16270.00
2025-12-29 11:45:00-05:00,130.33,130.72,130.33,130.535,17967.00
2025-12-29 11:50:00-05:00,130.58,131.03,130.58,131.03,25088.00
2025-12-29 11:55:00-05:00,131.05,131.37,130.9803,131,21648.00
2025-12-29 12:00:00-05:00,131.14,131.65,131.065,131.6,31381.00
2025-12-29 12:05:00-05:00,131.62,131.62,131.08,131.33,28137.00
2025-12-29 12:10:00-05:00,131.3875,131.91,131.37,131.745,33814.00
2025-12-29 12:15:00-05:00,131.68,131.73,131.11,131.11,22810.00
2025-12-29 12:20:00-05:00,131.15,131.2,130.37,130.6,21354.00
2025-12-29 12:25:00-05:00,130.56,131.01,130.56,130.6233,18981.00
2025-12-29 12:30:00-05:00,130.655,130.9799,130.65,130.9,20922.00
2025-12-29 12:35:00-05:00,130.895,130.91,130.69,130.755,8317.00
2025-12-29 12:40:00-05:00,130.7,130.885,130.53,130.53,12986.00
2025-12-29 12:45:00-05:00,130.6,130.74,130.34,130.36,18447.00
2025-12-29 12:50:00-05:00,130.415,130.83,130.415,130.77,14357.00
2025-12-29 12:55:00-05:00,130.7,130.715,130.58,130.6312,11410.00
2025-12-29 13:00:00-05:00,130.59,130.87,130.54,130.855,16939.00
2025-12-29 13:05:00-05:00,130.92,130.99,130.76,130.9,19609.00
2025-12-29 13:10:00-05:00,130.895,131.24,130.88,131.07,14216.00
2025-12-29 13:15:00-05:00,131.04,131.1,130.98,131,7724.00
2025-12-29 13:20:00-05:00,130.89,130.9,130.67,130.77,13414.00
2025-12-29 13:25:00-05:00,130.745,130.81,130.375,130.375,17024.00
2025-12-29 13:30:00-05:00,130.4,130.64,130.35,130.63,10244.00
2025-12-29 13:35:00-05:00,130.62,130.83,130.59,130.71,18500.00
2025-12-29 13:40:00-05:00,130.66,130.7,130.6,130.65,7207.00
2025-12-29 13:45:00-05:00,130.61,130.61,130.3,130.405,15502.00
2025-12-29 13:50:00-05:00,130.3952,130.64,130.29,130.5799,19993.00
2025-12-29 13:55:00-05:00,130.55,130.69,130.55,130.69,12970.00
2025-12-29 14:00:00-05:00,130.645,130.77,130.51,130.51,15433.00
2025-12-29 14:05:00-05:00,130.51,130.51,129.98,130.05,25889.00
2025-12-29 14:10:00-05:00,130.01,130.01,129.49,129.49,59936.00
2025-12-29 14:15:00-05:00,129.61,130.1,129.51,130.04,23050.00
2025-12-29 14:20:00-05:00,130.05,130.07,129.78,129.8,12279.00
2025-12-29 14:25:00-05:00,129.8,129.85,129.71,129.8199,10322.00
2025-12-29 14:30:00-05:00,129.71,129.76,129.31,129.4762,20994.00
2025-12-29 14:35:00-05:00,129.5,129.73,129.5,129.71,10364.00
2025-12-29 14:40:00-05:00,129.78,129.8297,129.67,129.6975,13121.00
2025-12-29 14:45:00-05:00,129.713,129.8,129.655,129.7,12133.00
2025-12-29 14:50:00-05:00,129.72,129.9866,129.72,129.9866,11992.00
2025-12-29 14:55:00-05:00,130.02,130.02,129.75,129.99,23186.00
2025-12-29 15:00:00-05:00,129.98,130.05,129.84,130.05,12273.00
2025-12-29 15:05:00-05:00,129.96,130.49,129.86,130.355,20743.00
2025-12-29 15:10:00-05:00,130.42,130.89,130.37,130.7,29191.00
2025-12-29 15:15:00-05:00,130.75,130.9,130.57,130.88,25037.00
2025-12-29 15:20:00-05:00,130.92,130.95,129.89,130.265,29880.00
2025-12-29 15:25:00-05:00,130.27,130.34,129.78,129.79,36231.00
2025-12-29 15:30:00-05:00,129.8788,129.8788,129.5305,129.6675,26307.00
2025-12-29 15:35:00-05:00,129.7,130.01,129.625,129.76,38714.00
2025-12-29 15:40:00-05:00,129.76,130.115,129.71,129.91,44357.00
2025-12-29 15:45:00-05:00,129.92,129.97,129.77,129.81,52946.00
2025-12-29 15:50:00-05:00,129.86,130.16,129.73,129.79,91436.00
2025-12-29 15:55:00-05:00,129.85,130.11,129.61,129.81,227359.00
2025-12-30 09:30:00-05:00,129,131.06,128.6,128.6,23828.00
2025-12-30 09:35:00-05:00,128.512,128.82,127,127.21,39886.00
2025-12-30 09:40:00-05:00,127.11,128.189,126.84,127.37,22819.00
2025-12-30 09:45:00-05:00,127.36,127.36,126.5,126.87,31696.00
2025-12-30 09:50:00-05:00,126.775,126.92,125.91,126.28,40807.00
2025-12-30 09:55:00-05:00,126.37,127,126.34,126.735,32137.00
2025-12-30 10:00:00-05:00,126.88,127.6,126.74,127.22,39605.00
2025-12-30 10:05:00-05:00,127.21,127.21,126.75,127.09,18718.00
2025-12-30 10:10:00-05:00,127.09,127.3,126.86,127.24,15094.00
2025-12-30 10:15:00-05:00,127.18,127.61,127.08,127.525,11781.00
2025-12-30 10:20:00-05:00,127.525,128.05,127.3,128.0075,16624.00
2025-12-30 10:25:00-05:00,128.015,128.385,127.76,127.76,21412.00
2025-12-30 10:30:00-05:00,127.61,128.18,127.61,127.8272,9313.00
2025-12-30 10:35:00-05:00,127.72,127.92,127.46,127.7,11236.00
2025-12-30 10:40:00-05:00,127.88,128.2,127.63,127.975,13937.00
2025-12-30 10:45:00-05:00,128.07,128.09,127.76,128.04,9952.00
2025-12-30 10:50:00-05:00,128.04,128.325,128.01,128.325,7726.00
2025-12-30 10:55:00-05:00,128.28,128.3724,128.0501,128.215,8079.00
2025-12-30 11:00:00-05:00,128.3,128.37,128.14,128.14,9843.00
2025-12-30 11:05:00-05:00,128.21,128.31,128.15,128.17,8080.00
2025-12-30 11:10:00-05:00,128.1,128.2288,127.81,127.85,15866.00
2025-12-30 11:15:00-05:00,127.87,128.01,127.665,127.76,10473.00
2025-12-30 11:20:00-05:00,127.8,128.335,127.8,127.985,14732.00
2025-12-30 11:25:00-05:00,128.1,128.26,128.04,128.2,10828.00
2025-12-30 11:30:00-05:00,128.19,128.19,127.62,127.74,11001.00
2025-12-30 11:35:00-05:00,127.78,127.78,127.62,127.68,8163.00
2025-12-30 11:40:00-05:00,127.62,127.6918,127.54,127.58,7984.00
2025-12-30 11:45:00-05:00,127.56,127.82,127.54,127.815,7535.00
2025-12-30 11:50:00-05:00,127.85,128.11,127.85,128.11,11652.00
2025-12-30 11:55:00-05:00,128.14,128.19,128.065,128.125,7270.00
2025-12-30 12:00:00-05:00,128.115,128.315,128.11,128.145,6237.00
2025-12-30 12:05:00-05:00,128.08,128.14,127.8801,128.05,6447.00
2025-12-30 12:10:00-05:00,128.11,128.2,127.935,127.935,9233.00
2025-12-30 12:15:00-05:00,128.095,128.125,128.01,128.05,5180.00
2025-12-30 12:20:00-05:00,128.05,128.09,128.01,128.09,4578.00
2025-12-30 12:25:00-05:00,128.09,128.13,128.05,128.06,6066.00
2025-12-30 12:30:00-05:00,128.07,128.1699,128.02,128.115,7626.00
2025-12-30 12:35:00-05:00,128.13,128.2,128.125,128.17,4997.00
2025-12-30 12:40:00-05:00,128.17,128.3399,128.13,128.14,8053.00
2025-12-30 12:45:00-05:00,128.16,128.16,127.88,128.12,8973.00
2025-12-30 12:50:00-05:00,128.19,128.225,128.05,128.12,9306.00
2025-12-30 12:55:00-05:00,128.05,128.11,127.83,127.83,7850.00
2025-12-30 13:00:00-05:00,127.915,127.92,127.83,127.92,4238.00
2025-12-30 13:05:00-05:00,127.895,128,127.89,127.95,6270.00
2025-12-30 13:10:00-05:00,127.7201,128.03,127.7201,128.005,5673.00
2025-12-30 13:15:00-05:00,127.94,127.94,127.69,127.69,5805.00
2025-12-30 13:20:00-05:00,127.63,127.78,127.52,127.74,11599.00
2025-12-30 13:25:00-05:00,127.6701,127.735,127.58,127.61,4222.00
2025-12-30 13:30:00-05:00,127.6316,127.79,127.57,127.7575,8621.00
2025-12-30 13:35:00-05:00,127.82,127.82,127.73,127.73,5695.00
2025-12-30 13:40:00-05:00,127.72,127.7989,127.64,127.76,4331.00
2025-12-30 13:45:00-05:00,127.77,127.825,127.76,127.825,4752.00
2025-12-30 13:50:00-05:00,127.78,127.85,127.78,127.82,5702.00
2025-12-30 13:55:00-05:00,127.82,127.92,127.7801,127.92,4113.00
2025-12-30 14:00:00-05:00,127.88,128.165,127.88,128.115,11636.00
2025-12-30 14:05:00-05:00,128.065,128.065,127.77,127.81,8869.00
2025-12-30 14:10:00-05:00,127.9,128.195,127.77,128.135,14636.00
2025-12-30 14:15:00-05:00,128.135,128.135,127.91,128.06,11061.00
2025-12-30 14:20:00-05:00,128.105,128.11,127.931,127.99,8820.00
2025-12-30 14:25:00-05:00,128.01,128.24,127.9725,128,12030.00
2025-12-30 14:30:00-05:00,128,128.08,127.85,128.08,11904.00
2025-12-30 14:35:00-05:00,128.05,128.25,127.98,128.25,7509.00
2025-12-30 14:40:00-05:00,128.2,128.24,128.05,128.085,6290.00
2025-12-30 14:45:00-05:00,128.085,128.085,127.895,127.9,8587.00
2025-12-30 14:50:00-05:00,127.83,127.8901,127.77,127.77,4890.00
2025-12-30 14:55:00-05:00,127.79,127.8,127.65,127.7,8131.00
2025-12-30 15:00:00-05:00,127.8,127.9,127.8,127.805,6810.00
2025-12-30 15:05:00-05:00,127.77,127.88,127.75,127.86,8362.00
2025-12-30 15:10:00-05:00,127.77,127.78,127.62,127.715,10838.00
2025-12-30 15:15:00-05:00,127.77,127.875,127.77,127.85,7060.00
2025-12-30 15:20:00-05:00,127.88,128.065,127.875,128.03,12978.00
2025-12-30 15:25:00-05:00,127.99,128.025,127.83,128.015,11992.00
2025-12-30 15:30:00-05:00,127.99,128.315,127.98,128.06,17093.00
2025-12-30 15:35:00-05:00,128.01,128.215,128.01,128.11,15247.00
2025-12-30 15:40:00-05:00,128.12,128.12,127.98,128.075,23854.00
2025-12-30 15:45:00-05:00,128.065,128.09,127.9,128.015,31091.00
2025-12-30 15:50:00-05:00,127.99,128.07,127.65,127.66,56493.00
2025-12-30 15:55:00-05:00,127.66,127.8,127.37,127.555,135916.00
2025-12-31 09:30:00-05:00,127.12,127.6,126.95,127.39,7825.00
2025-12-31 09:35:00-05:00,127.2,127.2,126.25,126.75,9038.00
2025-12-31 09:40:00-05:00,126.71,126.94,126.5,126.885,5464.00
2025-12-31 09:45:00-05:00,126.66,127.5591,126.63,127.52,8657.00
2025-12-31 09:50:00-05:00,127.75,127.9006,127.37,127.71,8259.00
2025-12-31 09:55:00-05:00,127.76,127.8451,127.61,127.61,4653.00
2025-12-31 10:00:00-05:00,127.76,128.13,127.63,127.9,8997.00
2025-12-31 10:05:00-05:00,127.7501,128.5,127.7501,128.185,19025.00
2025-12-31 10:10:00-05:00,128.1701,128.1701,127.74,127.93,6531.00
2025-12-31 10:15:00-05:00,128.12,128.12,127.72,127.9425,9809.00
2025-12-31 10:20:00-05:00,127.89,127.94,127.59,127.675,8235.00
2025-12-31 10:25:00-05:00,127.79,127.79,127.52,127.59,12955.00
2025-12-31 10:30:00-05:00,127.58,127.85,127.375,127.71,9990.00
2025-12-31 10:35:00-05:00,127.56,127.56,127.325,127.325,9148.00
2025-12-31 10:40:00-05:00,127.3511,127.47,127.19,127.2,7464.00
2025-12-31 10:45:00-05:00,127.26,127.47,127.08,127.355,9446.00
2025-12-31 10:50:00-05:00,127.36,127.375,127.06,127.22,9257.00
2025-12-31 10:55:00-05:00,127.34,127.34,127.21,127.265,3102.00
2025-12-31 11:00:00-05:00,127.19,127.35,127.05,127.24,12303.00
2025-12-31 11:05:00-05:00,127.21,127.32,127.05,127.05,5916.00
2025-12-31 11:10:00-05:00,127.09,127.19,127.07,127.1325,3942.00
2025-12-31 11:15:00-05:00,127.18,127.345,127.18,127.345,2415.00
2025-12-31 11:20:00-05:00,127.385,127.58,127.385,127.555,4403.00
2025-12-31 11:25:00-05:00,127.55,127.55,127.24,127.355,8305.00
2025-12-31 11:30:00-05:00,127.4,127.4,126.9,126.9,7701.00
2025-12-31 11:35:00-05:00,126.87,126.95,126.815,126.95,8754.00
2025-12-31 11:40:00-05:00,126.98,127.05,126.83,126.9,7993.00
2025-12-31 11:45:00-05:00,126.81,127.05,126.81,127.02,5480.00
2025-12-31 11:50:00-05:00,127.008,127.13,127.008,127.13,2211.00
2025-12-31 11:55:00-05:00,127.08,127.1959,126.8,127.025,7337.00
2025-12-31 12:00:00-05:00,127.09,127.19,127.09,127.14,2882.00
2025-12-31 12:05:00-05:00,127.17,127.2999,127.17,127.2999,2560.00
2025-12-31 12:10:00-05:00,127.17,127.52,127.17,127.52,4118.00
2025-12-31 12:15:00-05:00,127.44,127.44,127.3,127.36,4724.00
2025-12-31 12:20:00-05:00,127.32,127.54,127.28,127.515,6429.00
2025-12-31 12:25:00-05:00,127.545,127.545,127.37,127.37,2112.00
2025-12-31 12:30:00-05:00,127.52,127.54,127.39,127.54,2173.00
2025-12-31 12:35:00-05:00,127.46,127.54,127.44,127.47,2368.00
2025-12-31 12:40:00-05:00,127.41,127.79,127.37,127.675,20156.00
2025-12-31 12:45:00-05:00,127.66,127.76,127.325,127.34,9956.00
2025-12-31 12:50:00-05:00,127.349,127.58,127.349,127.52,3504.00
2025-12-31 12:55:00-05:00,127.52,127.52,126.95,127.015,18354.00
2025-12-31 13:00:00-05:00,127.015,127.11,126.99,127.055,3943.00
2025-12-31 13:05:00-05:00,127,127.08,126.99,127.05,5577.00
2025-12-31 13:10:00-05:00,127.05,127.11,126.985,127.05,9671.00
2025-12-31 13:15:00-05:00,127,127,126.83,126.905,7948.00
2025-12-31 13:20:00-05:00,127.01,127.075,126.79,126.88,6498.00
2025-12-31 13:25:00-05:00,126.92,126.92,126.8,126.8,1642.00
2025-12-31 13:30:00-05:00,126.92,127.24,126.86,127.125,9130.00
2025-12-31 13:35:00-05:00,127.125,127.125,127.04,127.04,1735.00
2025-12-31 13:40:00-05:00,126.99,127.02,126.97,127.02,1997.00
2025-12-31 13:45:00-05:00,127.02,127.09,126.9,127.09,4329.00
2025-12-31 13:50:00-05:00,127.085,127.105,127.01,127.01,1746.00
2025-12-31 13:55:00-05:00,127.0925,127.15,127.0925,127.14,3291.00
2025-12-31 14:00:00-05:00,127.2,127.475,127.19,127.35,6400.00
2025-12-31 14:05:00-05:00,127.27,127.2747,127.21,127.2747,1585.00
2025-12-31 14:10:00-05:00,127.225,127.225,127.05,127.05,16231.00
2025-12-31 14:15:00-05:00,127.095,127.15,127.04,127.04,2858.00
2025-12-31 14:20:00-05:00,127.09,127.23,127.06,127.23,3264.00
2025-12-31 14:25:00-05:00,127.08,127.115,126.685,126.685,9018.00
2025-12-31 14:30:00-05:00,126.74,126.84,126.58,126.605,7309.00
2025-12-31 14:35:00-05:00,126.65,126.655,126.58,126.655,3747.00
2025-12-31 14:40:00-05:00,126.66,126.66,126.475,126.505,6923.00
2025-12-31 14:45:00-05:00,126.47,126.54,126.44,126.48,4728.00
2025-12-31 14:50:00-05:00,126.48,126.54,126.43,126.485,4401.00
2025-12-31 14:55:00-05:00,126.57,126.58,126.5,126.51,3785.00
2025-12-31 15:00:00-05:00,126.46,126.54,126.44,126.54,7005.00
2025-12-31 15:05:00-05:00,126.545,126.545,126.4,126.47,8121.00
2025-12-31 15:10:00-05:00,126.505,126.51,126.12,126.175,18751.00
2025-12-31 15:15:00-05:00,126.17,126.24,126.09,126.16,10904.00
2025-12-31 15:20:00-05:00,126.19,126.2,126.08,126.081,9480.00
2025-12-31 15:25:00-05:00,126.12,126.12,125.97,126.0151,23712.00
2025-12-31 15:30:00-05:00,125.96,126.25,125.881,126.2244,19553.00
2025-12-31 15:35:00-05:00,126.24,126.25,126.12,126.17,17936.00
2025-12-31 15:40:00-05:00,126.12,126.22,125.99,126.05,35436.00
2025-12-31 15:45:00-05:00,126.095,126.24,125.92,125.98,41528.00
2025-12-31 15:50:00-05:00,126.04,126.17,125.71,125.71,48521.00
2025-12-31 15:55:00-05:00,125.715,125.98,125.715,125.85,139862.00
2026-01-02 09:30:00-05:00,125.89,126.55,125.02,126.15,25029.00
2026-01-02 09:35:00-05:00,126.11,126.11,123.63,124.46,25896.00
2026-01-02 09:40:00-05:00,124.605,125.38,124.42,125.2394,33992.00
2026-01-02 09:45:00-05:00,125.2452,125.62,124.89,124.89,16006.00
2026-01-02 09:50:00-05:00,124.99,125.59,124.99,125.395,9002.00
2026-01-02 09:55:00-05:00,125.57,125.66,125.37,125.37,15768.00
2026-01-02 10:00:00-05:00,125.48,126.6,125.46,126.25,37029.00
2026-01-02 10:05:00-05:00,126.03,126.13,125.71,125.745,15157.00
2026-01-02 10:10:00-05:00,125.8087,126.13,125.22,125.42,12963.00
2026-01-02 10:15:00-05:00,125.425,125.56,125.02,125.45,12356.00
2026-01-02 10:20:00-05:00,125.34,125.34,124.81,124.945,9144.00
2026-01-02 10:25:00-05:00,124.927,124.927,124.305,124.435,13269.00
2026-01-02 10:30:00-05:00,124.4535,124.671,124.25,124.32,14394.00
2026-01-02 10:35:00-05:00,124.35,124.35,123.1323,123.575,26845.00
2026-01-02 10:40:00-05:00,123.595,123.74,123.19,123.435,17510.00
2026-01-02 10:45:00-05:00,123.4401,123.62,122.36,122.415,28289.00
2026-01-02 10:50:00-05:00,122.415,122.495,121.53,122.4,36986.00
2026-01-02 10:55:00-05:00,122.42,122.75,121.97,122.105,17086.00
2026-01-02 11:00:00-05:00,122.0994,122.53,122.0994,122.35,13414.00
2026-01-02 11:05:00-05:00,122.2,122.39,122.03,122.26,11020.00
2026-01-02 11:10:00-05:00,122.24,123.16,122.24,122.85,18584.00
2026-01-02 11:15:00-05:00,122.94,123.34,122.94,123.3075,10458.00
2026-01-02 11:20:00-05:00,123.41,123.48,123.16,123.1701,8856.00
2026-01-02 11:25:00-05:00,123.4,123.44,123.1,123.135,10018.00
2026-01-02 11:30:00-05:00,123.1325,123.16,122.93,122.93,11619.00
2026-01-02 11:35:00-05:00,122.93,123.11,122.84,122.965,10748.00
2026-01-02 11:40:00-05:00,122.985,123.07,122.8,122.89,16124.00
2026-01-02 11:45:00-05:00,122.78,122.81,122.61,122.655,7535.00
2026-01-02 11:50:00-05:00,122.56,122.72,122.53,122.6486,6212.00
2026-01-02 11:55:00-05:00,122.58,122.936,122.33,122.936,13893.00
2026-01-02 12:00:00-05:00,122.9,123.19,122.73,122.73,8494.00
2026-01-02 12:05:00-05:00,122.75,122.84,122.54,122.54,7797.00
2026-01-02 12:10:00-05:00,122.575,122.865,122.46,122.728,11312.00
2026-01-02 12:15:00-05:00,122.715,123.08,122.55,122.55,12511.00
2026-01-02 12:20:00-05:00,122.55,122.57,122.09,122.09,7339.00
2026-01-02 12:25:00-05:00,122.0825,122.19,121.98,122.03,13863.00
2026-01-02 12:30:00-05:00,122.11,122.31,122.11,122.15,8789.00
2026-01-02 12:35:00-05:00,122.16,122.29,122.04,122.04,6819.00
2026-01-02 12:40:00-05:00,122.09,122.13,121.88,121.885,8727.00
2026-01-02 12:45:00-05:00,121.94,122.08,121.81,121.83,12799.00
2026-01-02 12:50:00-05:00,121.81,121.98,121.64,121.86,8987.00
2026-01-02 12:55:00-05:00,121.905,122.07,121.68,121.94,22611.00
2026-01-02 13:00:00-05:00,121.94,121.99,121.72,121.84,11618.00
2026-01-02 13:05:00-05:00,121.8,121.835,121.69,121.71,5588.00
2026-01-02 13:10:00-05:00,121.83,121.87,121.7101,121.86,7720.00
2026-01-02 13:15:00-05:00,121.865,121.89,121.59,121.705,11084.00
2026-01-02 13:20:00-05:00,121.79,121.84,121.7,121.765,5552.00
2026-01-02 13:25:00-05:00,121.7,121.73,121.58,121.69,9362.00
2026-01-02 13:30:00-05:00,121.6,121.8,121.56,121.735,10987.00
2026-01-02 13:35:00-05:00,121.7281,122.3,121.7,122.14,12527.00
2026-01-02 13:40:00-05:00,122.15,122.48,122.15,122.455,10360.00
2026-01-02 13:45:00-05:00,122.5,122.58,122.08,122.08,13727.00
2026-01-02 13:50:00-05:00,122.09,122.09,121.85,122,14886.00
2026-01-02 13:55:00-05:00,121.965,122.2,121.965,122.15,10210.00
2026-01-02 14:00:00-05:00,122.15,122.69,122.15,122.69,14989.00
2026-01-02 14:05:00-05:00,122.75,123.1,122.67,123.1,12999.00
2026-01-02 14:10:00-05:00,123.15,123.55,122.98,123.5,12003.00
2026-01-02 14:15:00-05:00,123.55,123.55,123.21,123.23,13137.00
2026-01-02 14:20:00-05:00,123.23,123.24,123.14,123.215,8654.00
2026-01-02 14:25:00-05:00,123.29,123.595,123.28,123.595,14692.00
2026-01-02 14:30:00-05:00,123.595,123.7175,123.51,123.66,11246.00
2026-01-02 14:35:00-05:00,123.67,124,123.58,123.83,15652.00
2026-01-02 14:40:00-05:00,123.905,124.5299,123.85,124.45,18034.00
2026-01-02 14:45:00-05:00,124.53,124.59,124.4,124.435,18299.00
2026-01-02 14:50:00-05:00,124.435,124.74,124.435,124.6001,14341.00
2026-01-02 14:55:00-05:00,124.705,124.975,124.61,124.88,17408.00
2026-01-02 15:00:00-05:00,124.84,124.84,124.6075,124.665,13369.00
2026-01-02 15:05:00-05:00,124.67,124.83,124.38,124.81,19620.00
2026-01-02 15:10:00-05:00,124.84,124.85,124.59,124.69,17070.00
2026-01-02 15:15:00-05:00,124.55,124.63,124.43,124.63,11506.00
2026-01-02 15:20:00-05:00,124.68,124.68,124.06,124.06,19344.00
2026-01-02 15:25:00-05:00,124.045,124.16,124,124.15,13925.00
2026-01-02 15:30:00-05:00,124.08,124.19,123.6419,123.745,33595.00
2026-01-02 15:35:00-05:00,123.745,124.08,123.678,123.94,19992.00
2026-01-02 15:40:00-05:00,123.945,124.21,123.83,124.185,35810.00
2026-01-02 15:45:00-05:00,124.18,124.29,124,124.06,39826.00
2026-01-02 15:50:00-05:00,123.96,124.17,123.65,123.865,71392.00
2026-01-02 15:55:00-05:00,123.84,123.93,123.53,123.83,209000.00
2026-01-05 09:30:00-05:00,123.75,125.25,123,125.01,40487.00
2026-01-05 09:35:00-05:00,125.13,126.71,125.13,126.475,23460.00
2026-01-05 09:40:00-05:00,126.72,127.77,125.98,126.225,28027.00
2026-01-05 09:45:00-05:00,126.225,127.14,126.215,126.613,25319.00
2026-01-05 09:50:00-05:00,126.545,126.545,124.72,124.72,10797.00
2026-01-05 09:55:00-05:00,124.88,124.918,124.545,124.775,8408.00
2026-01-05 10:00:00-05:00,124.92,125.44,124.685,124.785,21066.00
2026-01-05 10:05:00-05:00,124.5,124.66,124.185,124.37,14220.00
2026-01-05 10:10:00-05:00,124.3,124.3,123.77,124.02,12143.00
2026-01-05 10:15:00-05:00,124.2,124.2,123.36,123.7574,22289.00
2026-01-05 10:20:00-05:00,123.73,123.98,123.5601,123.98,2754.00
2026-01-05 10:25:00-05:00,124.19,124.19,123.98,124.16,7861.00
2026-01-05 10:30:00-05:00,124.16,124.49,123.59,123.59,17814.00
2026-01-05 10:35:00-05:00,123.46,123.52,122.66,122.83,17718.00
2026-01-05 10:40:00-05:00,122.98,123.28,122.74,123.19,11541.00
2026-01-05 10:45:00-05:00,123.0925,123.79,122.99,123.49,29553.00
2026-01-05 10:50:00-05:00,123.545,123.59,123.145,123.25,12577.00
2026-01-05 10:55:00-05:00,123.26,123.265,122.905,123.15,7618.00
2026-01-05 11:00:00-05:00,123.055,123.055,122.59,122.96,11200.00
2026-01-05 11:05:00-05:00,123.055,123.13,122.895,123.13,8506.00
2026-01-05 11:10:00-05:00,123.0275,123.13,122.84,123.005,10760.00
2026-01-05 11:15:00-05:00,122.86,123.32,122.625,123.32,15408.00
2026-01-05 11:20:00-05:00,123.325,123.79,123.325,123.78,9547.00
2026-01-05 11:25:00-05:00,123.715,124.12,123.67,123.93,11860.00
2026-01-05 11:30:00-05:00,123.895,124.16,123.76,123.845,12239.00
2026-01-05 11:35:00-05:00,123.7975,124.06,123.7975,123.95,2914.00
2026-01-05 11:40:00-05:00,124.05,124.2,123.99,124.055,6732.00
2026-01-05 11:45:00-05:00,123.93,123.995,123.86,123.91,3614.00
2026-01-05 11:50:00-05:00,123.955,124.18,123.955,124.18,7935.00
2026-01-05 11:55:00-05:00,124.085,124.601,124.08,124.2925,9046.00
2026-01-05 12:00:00-05:00,124.44,124.61,124.42,124.61,3420.00
2026-01-05 12:05:00-05:00,124.5075,124.72,124.06,124.06,25738.00
2026-01-05 12:10:00-05:00,124,124.5,124,124.165,17512.00
2026-01-05 12:15:00-05:00,124.19,124.21,124.19,124.21,1152.00
2026-01-05 12:20:00-05:00,124.3299,124.53,124.16,124.23,8348.00
2026-01-05 12:25:00-05:00,124.62,124.9,124.61,124.86,9342.00
2026-01-05 12:30:00-05:00,124.72,124.92,124.535,124.895,9194.00
2026-01-05 12:35:00-05:00,124.73,124.93,124.69,124.735,8475.00
2026-01-05 12:40:00-05:00,124.62,124.69,124.4407,124.495,11183.00
2026-01-05 12:45:00-05:00,124.49,124.55,124.31,124.5,8796.00
2026-01-05 12:50:00-05:00,124.61,124.63,124.5,124.5,2974.00
2026-01-05 12:55:00-05:00,124.46,124.51,124.21,124.41,8812.00
2026-01-05 13:00:00-05:00,124.35,124.465,124.35,124.445,1953.00
2026-01-05 13:05:00-05:00,124.44,124.53,124.4,124.4,5435.00
2026-01-05 13:10:00-05:00,124.41,124.47,124.29,124.31,14121.00
2026-01-05 13:15:00-05:00,124.34,124.37,124.1,124.145,7309.00
2026-01-05 13:20:00-05:00,124.145,124.2,124.11,124.11,6271.00
2026-01-05 13:25:00-05:00,124.27,124.37,124.175,124.31,6108.00
2026-01-05 13:30:00-05:00,124.265,124.265,124.05,124.11,6580.00
2026-01-05 13:35:00-05:00,124.2,124.2,123.9034,124.005,7438.00
2026-01-05 13:40:00-05:00,123.965,124.11,123.96,124.045,7011.00
2026-01-05 13:45:00-05:00,124.13,124.255,124.105,124.105,4790.00
2026-01-05 13:50:00-05:00,124.1,124.32,124.09,124.27,7603.00
2026-01-05 13:55:00-05:00,124.21,124.21,123.88,123.95,10529.00
2026-01-05 14:00:00-05:00,124.05,124.4395,123.93,124.4395,13431.00
2026-01-05 14:05:00-05:00,124.365,124.365,124.091,124.19,3890.00
2026-01-05 14:10:00-05:00,124.04,124.13,124,124.11,7272.00
2026-01-05 14:15:00-05:00,124.16,124.23,124.09,124.13,9687.00
2026-01-05 14:20:00-05:00,124.125,124.1375,124.04,124.09,3444.00
2026-01-05 14:25:00-05:00,124.09,124.29,124,124.1,30348.00
2026-01-05 14:30:00-05:00,124.04,124.21,123.96,124.185,16622.00
2026-01-05 14:35:00-05:00,124.19,124.32,124.18,124.18,8745.00
2026-01-05 14:40:00-05:00,124.245,124.245,124.07,124.07,5069.00
2026-01-05 14:45:00-05:00,124.075,124.18,124,124.105,6624.00
2026-01-05 14:50:00-05:00,124.18,124.54,124.17,124.54,15491.00
2026-01-05 14:55:00-05:00,124.565,124.58,124.34,124.38,6464.00
2026-01-05 15:00:00-05:00,124.38,124.73,124.085,124.1875,19187.00
2026-01-05 15:05:00-05:00,124.0001,124.18,123.9301,124.14,13448.00
2026-01-05 15:10:00-05:00,124.19,124.49,124.19,124.365,12564.00
2026-01-05 15:15:00-05:00,124.29,124.44,124.04,124.36,12664.00
2026-01-05 15:20:00-05:00,124.35,124.524,124.35,124.51,8744.00
2026-01-05 15:25:00-05:00,124.52,124.55,124.2725,124.3,14903.00
2026-01-05 15:30:00-05:00,124.2,124.45,124.14,124.29,19682.00
2026-01-05 15:35:00-05:00,124.26,124.44,124.18,124.38,15633.00
2026-01-05 15:40:00-05:00,124.435,124.62,124.2675,124.425,30300.00
2026-01-05 15:45:00-05:00,124.495,124.69,124.47,124.57,33931.00
2026-01-05 15:50:00-05:00,124.55,124.95,124.395,124.95,49600.00
2026-01-05 15:55:00-05:00,124.9745,124.9745,124.24,124.27,137589.00
2026-01-06 09:30:00-05:00,123.42,125.7039,123.185,124.905,16998.00
2026-01-06 09:35:00-05:00,124.905,125.09,124.56,125.03,6568.00
2026-01-06 09:40:00-05:00,125.03,125.7,124.975,125.13,14191.00
2026-01-06 09:45:00-05:00,125.18,126.23,124.95,125.78,18049.00
2026-01-06 09:50:00-05:00,125.78,126.19,125.53,126.18,15055.00
2026-01-06 09:55:00-05:00,126.37,126.8,125.84,126.55,14456.00
2026-01-06 10:00:00-05:00,126.22,126.22,125.59,125.88,14052.00
2026-01-06 10:05:00-05:00,125.79,126.07,125.69,126.03,11148.00
2026-01-06 10:10:00-05:00,126.06,126.73,125.67,126.73,17111.00
2026-01-06 10:15:00-05:00,126.7,127.2947,126.485,127.035,12613.00
2026-01-06 10:20:00-05:00,127.005,127.675,126.97,127.51,23216.00
2026-01-06 10:25:00-05:00,127.51,128.15,127.51,127.945,10808.00
2026-01-06 10:30:00-05:00,127.98,128.1,127.7,128.045,14894.00
2026-01-06 10:35:00-05:00,128.025,128.025,127.1,127.12,15307.00
2026-01-06 10:40:00-05:00,126.9701,127.175,126.28,126.345,43285.00
2026-01-06 10:45:00-05:00,126.48,127.185,126.48,126.5801,10656.00
2026-01-06 10:50:00-05:00,126.58,126.67,126.42,126.625,7989.00
2026-01-06 10:55:00-05:00,126.63,127.175,126.48,127.175,13607.00
2026-01-06 11:00:00-05:00,127.18,128.275,127.18,128.275,12156.00
2026-01-06 11:05:00-05:00,128.4,128.68,128,128.565,13638.00
2026-01-06 11:10:00-05:00,128.7,129.49,128.7,128.88,42229.00
2026-01-06 11:15:00-05:00,128.94,129.12,128.6725,128.6725,11658.00
2026-01-06 11:20:00-05:00,128.59,128.99,128.59,128.96,5825.00
2026-01-06 11:25:00-05:00,128.91,128.91,128.31,128.31,12977.00
2026-01-06 11:30:00-05:00,128.47,128.7299,128.44,128.45,5345.00
2026-01-06 11:35:00-05:00,128.46,128.75,128.45,128.6825,6566.00
2026-01-06 11:40:00-05:00,128.735,128.735,128.53,128.53,11321.00
2026-01-06 11:45:00-05:00,128.68,128.81,128.45,128.795,13370.00
2026-01-06 11:50:00-05:00,128.9,129.15,128.85,129.12,11361.00
2026-01-06 11:55:00-05:00,129.15,129.395,128.99,129.395,10509.00
2026-01-06 12:00:00-05:00,129.5,130.203,129.32,129.45,24078.00
2026-01-06 12:05:00-05:00,129.34,129.86,129.33,129.76,15332.00
2026-01-06 12:10:00-05:00,129.8,129.8,129.47,129.59,16078.00
2026-01-06 12:15:00-05:00,129.53,130,129.53,129.97,6878.00
2026-01-06 12:20:00-05:00,129.84,129.94,129.72,129.875,12088.00
2026-01-06 12:25:00-05:00,129.88,129.95,129.69,129.95,10658.00
2026-01-06 12:30:00-05:00,129.95,130.14,129.94,130.11,11678.00
2026-01-06 12:35:00-05:00,130.17,130.3099,130.05,130.05,11114.00
2026-01-06 12:40:00-05:00,130.2278,130.53,130.06,130.46,11962.00
2026-01-06 12:45:00-05:00,130.51,131.06,130.44,130.84,30100.00
2026-01-06 12:50:00-05:00,130.82,130.91,130.72,130.75,9691.00
2026-01-06 12:55:00-05:00,130.75,131,130.715,130.97,10792.00
2026-01-06 13:00:00-05:00,130.94,131.27,130.9001,130.9745,15236.00
2026-01-06 13:05:00-05:00,131.025,131.25,130.92,131.0601,8828.00
2026-01-06 13:10:00-05:00,131.2,131.26,130.94,130.985,9405.00
2026-01-06 13:15:00-05:00,130.985,131.06,130.82,130.8369,10888.00
2026-01-06 13:20:00-05:00,130.905,131.07,130.79,130.83,16200.00
2026-01-06 13:25:00-05:00,130.869,130.885,130.69,130.69,7670.00
2026-01-06 13:30:00-05:00,130.59,130.66,130.53,130.53,14863.00
2026-01-06 13:35:00-05:00,130.6,130.745,130.425,130.57,10106.00
2026-01-06 13:40:00-05:00,130.46,130.74,130.46,130.72,7647.00
2026-01-06 13:45:00-05:00,130.7,130.72,130.475,130.655,8566.00
2026-01-06 13:50:00-05:00,130.655,131.05,130.655,130.99,10279.00
2026-01-06 13:55:00-05:00,130.9801,130.9801,130.755,130.85,13210.00
2026-01-06 14:00:00-05:00,130.71,131.275,130.69,130.8,27956.00
2026-01-06 14:05:00-05:00,130.81,130.87,130.69,130.78,8646.00
2026-01-06 14:10:00-05:00,130.73,130.73,130.455,130.68,14835.00
2026-01-06 14:15:00-05:00,130.575,130.575,130.12,130.18,11550.00
2026-01-06 14:20:00-05:00,130.19,130.235,129.965,130.11,11779.00
2026-01-06 14:25:00-05:00,129.98,130.64,129.98,130.395,18569.00
2026-01-06 14:30:00-05:00,130.42,130.65,130.42,130.555,8037.00
2026-01-06 14:35:00-05:00,130.59,130.59,130.35,130.38,9550.00
2026-01-06 14:40:00-05:00,130.39,130.49,130.275,130.28,10565.00
2026-01-06 14:45:00-05:00,130.28,130.65,130.2725,130.31,16767.00
2026-01-06 14:50:00-05:00,130.39,130.39,130.24,130.32,9486.00
2026-01-06 14:55:00-05:00,130.39,130.5,130.17,130.2525,14718.00
2026-01-06 15:00:00-05:00,130.265,130.27,129.69,129.69,30686.00
2026-01-06 15:05:00-05:00,129.62,129.98,129.6,129.975,22080.00
2026-01-06 15:10:00-05:00,129.9,129.9,129.6,129.695,9553.00
2026-01-06 15:15:00-05:00,129.695,129.88,129.42,129.425,19270.00
2026-01-06 15:20:00-05:00,129.38,129.41,129.02,129.04,15934.00
2026-01-06 15:25:00-05:00,129.08,129.29,128.88,128.89,19675.00
2026-01-06 15:30:00-05:00,128.81,128.81,128.18,128.435,63452.00
2026-01-06 15:35:00-05:00,128.395,128.7199,128.34,128.47,31793.00
2026-01-06 15:40:00-05:00,128.5,128.76,128.32,128.465,41370.00
2026-01-06 15:45:00-05:00,128.465,129.22,128.4201,129.195,43098.00
2026-01-06 15:50:00-05:00,129.16,129.5,128.97,129.34,92872.00
2026-01-06 15:55:00-05:00,129.31,129.4,128.79,128.83,187735.00
2026-01-07 09:30:00-05:00,128.5,129.37,128.05,128.05,29504.00
2026-01-07 09:35:00-05:00,128.06,128.55,128.05,128.525,9592.00
2026-01-07 09:40:00-05:00,128.67,128.83,128.295,128.55,14665.00
2026-01-07 09:45:00-05:00,128.555,129.24,128.555,129.135,9117.00
2026-01-07 09:50:00-05:00,128.96,129.72,128.31,128.31,19170.00
2026-01-07 09:55:00-05:00,128.615,128.615,127.42,127.82,16538.00
2026-01-07 10:00:00-05:00,127.65,127.79,126.93,127.37,14942.00
2026-01-07 10:05:00-05:00,127.39,128.21,127.31,127.81,25669.00
2026-01-07 10:10:00-05:00,127.93,128.01,127.44,127.8,7597.00
2026-01-07 10:15:00-05:00,127.73,128.01,127.31,127.31,14566.00
2026-01-07 10:20:00-05:00,127.305,127.99,127.305,127.75,5847.00
2026-01-07 10:25:00-05:00,127.98,128.09,127.49,127.52,8862.00
2026-01-07 10:30:00-05:00,127.37,127.92,127.37,127.78,14295.00
2026-01-07 10:35:00-05:00,127.86,128.25,127.66,127.86,15385.00
2026-01-07 10:40:00-05:00,127.85,127.86,127.49,127.49,10257.00
2026-01-07 10:45:00-05:00,127.615,127.65,127.49,127.56,4739.00
2026-01-07 10:50:00-05:00,127.56,127.74,127.43,127.72,5732.00
2026-01-07 10:55:00-05:00,127.7,127.7,127.3,127.3,5635.00
2026-01-07 11:00:00-05:00,127.33,127.37,127.05,127.32,8436.00
2026-01-07 11:05:00-05:00,127.23,127.53,127.23,127.425,5920.00
2026-01-07 11:10:00-05:00,127.59,127.72,127.495,127.52,5051.00
2026-01-07 11:15:00-05:00,127.59,127.69,127.47,127.635,16561.00
2026-01-07 11:20:00-05:00,127.72,128.35,127.72,128.275,13566.00
2026-01-07 11:25:00-05:00,128.285,128.5999,127.86,128.22,6671.00
2026-01-07 11:30:00-05:00,128.11,128.2,127.85,128.2,11563.00
2026-01-07 11:35:00-05:00,128.2899,128.44,127.995,128.285,13636.00
2026-01-07 11:40:00-05:00,128.38,128.545,128.18,128.545,12793.00
2026-01-07 11:45:00-05:00,128.54,128.6699,128.385,128.385,13514.00
2026-01-07 11:50:00-05:00,128.4499,128.5,128.27,128.335,6389.00
2026-01-07 11:55:00-05:00,128.5199,128.65,128.355,128.585,5452.00
2026-01-07 12:00:00-05:00,128.68,128.91,128.52,128.635,8161.00
2026-01-07 12:05:00-05:00,128.55,128.8399,128.5,128.66,7879.00
2026-01-07 12:10:00-05:00,128.655,128.76,128.53,128.64,11308.00
2026-01-07 12:15:00-05:00,128.71,128.865,128.46,128.865,6859.00
2026-01-07 12:20:00-05:00,128.88,128.97,128.74,128.855,12851.00
2026-01-07 12:25:00-05:00,128.85,128.86,128.65,128.785,6449.00
2026-01-07 12:30:00-05:00,128.834,128.86,128.79,128.86,3054.00
2026-01-07 12:35:00-05:00,128.8201,129.065,128.8201,129.065,11541.00
2026-01-07 12:40:00-05:00,128.98,129.07,128.69,128.97,8538.00
2026-01-07 12:45:00-05:00,128.9699,128.97,128.77,128.77,7120.00
2026-01-07 12:50:00-05:00,128.76,128.98,128.68,128.98,13533.00
2026-01-07 12:55:00-05:00,129.1199,129.1199,128.72,128.72,7787.00
2026-01-07 13:00:00-05:00,128.9299,128.9299,128.48,128.48,6055.00
2026-01-07 13:05:00-05:00,128.5999,128.7,128.45,128.68,3983.00
2026-01-07 13:10:00-05:00,128.59,128.766,128.59,128.62,4482.00
2026-01-07 13:15:00-05:00,128.7199,128.7199,128.54,128.545,4666.00
2026-01-07 13:20:00-05:00,128.445,128.475,128.32,128.33,6444.00
2026-01-07 13:25:00-05:00,128.5899,128.5899,128.13,128.1772,11174.00
2026-01-07 13:30:00-05:00,128.26,128.4,128.255,128.255,15775.00
2026-01-07 13:35:00-05:00,128.235,128.28,128.1,128.135,11286.00
2026-01-07 13:40:00-05:00,128.2299,128.2299,127.84,127.915,5677.00
2026-01-07 13:45:00-05:00,127.915,127.98,127.87,127.91,2956.00
2026-01-07 13:50:00-05:00,127.944,128.07,127.79,127.8,11497.00
2026-01-07 13:55:00-05:00,127.82,128.15,127.376,127.45,17101.00
2026-01-07 14:00:00-05:00,127.455,127.63,127.455,127.525,5676.00
2026-01-07 14:05:00-05:00,127.54,127.91,127.54,127.91,9777.00
2026-01-07 14:10:00-05:00,127.99,127.99,127.795,127.795,4102.00
2026-01-07 14:15:00-05:00,127.7,127.8999,127.375,127.505,8617.00
2026-01-07 14:20:00-05:00,127.65,127.65,127.12,127.12,4867.00
2026-01-07 14:25:00-05:00,127.12,127.45,127.12,127.395,4225.00
2026-01-07 14:30:00-05:00,127.33,127.75,127.33,127.6775,6228.00
2026-01-07 14:35:00-05:00,127.8099,127.81,127.52,127.52,4320.00
2026-01-07 14:40:00-05:00,127.6099,127.6099,127.43,127.515,4331.00
2026-01-07 14:45:00-05:00,127.5999,127.5999,127.27,127.27,6525.00
2026-01-07 14:50:00-05:00,127.305,127.61,127.305,127.61,5144.00
2026-01-07 14:55:00-05:00,127.52,127.67,127.52,127.67,5298.00
2026-01-07 15:00:00-05:00,127.56,127.76,127.46,127.71,9447.00
2026-01-07 15:05:00-05:00,127.78,127.78,127.51,127.6,6099.00
2026-01-07 15:10:00-05:00,127.595,127.765,127.595,127.67,13221.00
2026-01-07 15:15:00-05:00,127.6,127.88,127.57,127.84,14121.00
2026-01-07 15:20:00-05:00,127.87,128.06,127.8,128.06,28665.00
2026-01-07 15:25:00-05:00,128.08,128.425,128.035,128.245,14740.00
2026-01-07 15:30:00-05:00,128.25,128.36,127.79,127.94,29636.00
2026-01-07 15:35:00-05:00,127.94,128.18,127.83,127.85,25974.00
2026-01-07 15:40:00-05:00,127.85,127.91,127.74,127.8,14499.00
2026-01-07 15:45:00-05:00,127.83,127.88,127.62,127.62,33157.00
2026-01-07 15:50:00-05:00,127.635,127.74,127.4,127.41,35402.00
2026-01-07 15:55:00-05:00,127.32,127.37,127.02,127.11,145182.00
2026-01-08 09:30:00-05:00,126.75,127.735,126.53,126.95,23062.00
2026-01-08 09:35:00-05:00,126.895,127.025,126.25,126.48,11211.00
2026-01-08 09:40:00-05:00,126.625,127.16,126.25,126.79,11335.00
2026-01-08 09:45:00-05:00,126.885,127.9,126.885,127.875,9670.00
2026-01-08 09:50:00-05:00,127.86,128.22,127.47,127.81,11038.00
2026-01-08 09:55:00-05:00,127.82,127.93,126.755,127.22,19127.00
2026-01-08 10:00:00-05:00,127.51,127.53,126.41,126.44,11085.00
2026-01-08 10:05:00-05:00,126.3701,126.99,126.3701,126.75,9809.00
2026-01-08 10:10:00-05:00,126.96,127,126.1,126.625,11922.00
2026-01-08 10:15:00-05:00,126.735,128.41,126.735,128.26,14897.00
2026-01-08 10:20:00-05:00,128.29,128.74,128.17,128.3004,15078.00
2026-01-08 10:25:00-05:00,128.5,128.69,128.42,128.535,11314.00
2026-01-08 10:30:00-05:00,128.34,128.4364,127.98,128.265,10609.00
2026-01-08 10:35:00-05:00,128.275,128.83,128.275,128.83,12037.00
2026-01-08 10:40:00-05:00,128.895,129,128.4428,128.4428,7623.00
2026-01-08 10:45:00-05:00,128.48,128.77,128.39,128.52,15762.00
2026-01-08 10:50:00-05:00,128.65,128.65,128.15,128.15,8298.00
2026-01-08 10:55:00-05:00,128.24,128.8675,128.195,128.3,15753.00
2026-01-08 11:00:00-05:00,128.205,128.84,128.205,128.7575,5838.00
2026-01-08 11:05:00-05:00,128.86,128.91,128.4,128.755,11038.00
2026-01-08 11:10:00-05:00,128.76,128.97,128.58,128.58,9123.00
2026-01-08 11:15:00-05:00,128.6025,129.95,128.4,129.62,44874.00
2026-01-08 11:20:00-05:00,129.53,130.81,129.52,130.75,24018.00
2026-01-08 11:25:00-05:00,130.69,130.69,130.38,130.4875,10464.00
2026-01-08 11:30:00-05:00,130.475,130.92,130.4,130.74,11535.00
2026-01-08 11:35:00-05:00,130.74,131.06,130.65,131,9698.00
2026-01-08 11:40:00-05:00,131.08,131.08,131,131.055,7875.00
2026-01-08 11:45:00-05:00,131.055,131.055,130.89,130.99,7480.00
2026-01-08 11:50:00-05:00,130.885,130.9,130.48,130.51,13259.00
2026-01-08 11:55:00-05:00,130.505,130.72,130.39,130.72,8341.00
2026-01-08 12:00:00-05:00,130.77,131.01,130.77,130.945,9135.00
2026-01-08 12:05:00-05:00,130.75,130.8,130.33,130.405,5656.00
2026-01-08 12:10:00-05:00,130.445,131.05,130.445,131.05,10914.00
2026-01-08 12:15:00-05:00,130.88,130.92,130.52,130.52,8438.00
2026-01-08 12:20:00-05:00,130.52,130.6968,130.33,130.33,4573.00
2026-01-08 12:25:00-05:00,130.36,130.82,130.36,130.82,5773.00
2026-01-08 12:30:00-05:00,130.83,131.35,130.77,131.115,12799.00
2026-01-08 12:35:00-05:00,131.14,131.3,131.14,131.2275,3984.00
2026-01-08 12:40:00-05:00,131.35,131.35,131.02,131.12,8238.00
2026-01-08 12:45:00-05:00,131.0925,131.14,130.965,131.095,5817.00
2026-01-08 12:50:00-05:00,131.085,131.19,131,131.19,3401.00
2026-01-08 12:55:00-05:00,131.25,131.45,131.235,131.4,6756.00
2026-01-08 13:00:00-05:00,131.4,131.4,131.16,131.16,8216.00
2026-01-08 13:05:00-05:00,131.18,131.204,130.92,130.9338,9473.00
2026-01-08 13:10:00-05:00,130.915,130.915,130.6,130.61,17634.00
2026-01-08 13:15:00-05:00,130.62,130.88,130.44,130.88,16062.00
2026-01-08 13:20:00-05:00,130.705,130.71,130.55,130.6275,1429.00
2026-01-08 13:25:00-05:00,130.85,131.24,130.825,130.99,11540.00
2026-01-08 13:30:00-05:00,131.13,131.37,131.0866,131.305,7551.00
2026-01-08 13:35:00-05:00,131.31,131.59,131.31,131.375,7740.00
2026-01-08 13:40:00-05:00,131.38,131.38,131.21,131.345,7768.00
2026-01-08 13:45:00-05:00,131.31,131.35,131.25,131.312,5652.00
2026-01-08 13:50:00-05:00,131.39,131.43,131.17,131.22,8811.00
2026-01-08 13:55:00-05:00,131.26,131.26,131.095,131.16,8118.00
2026-01-08 14:00:00-05:00,131.095,131.1,130.59,130.97,28118.00
2026-01-08 14:05:00-05:00,130.97,131.375,130.86,131.375,19271.00
2026-01-08 14:10:00-05:00,131.25,131.3375,131.1,131.22,7068.00
2026-01-08 14:15:00-05:00,131.25,131.34,131.17,131.275,8815.00
2026-01-08 14:20:00-05:00,131.22,131.34,131.09,131.19,8739.00
2026-01-08 14:25:00-05:00,131.14,131.42,131.02,131.41,9280.00
2026-01-08 14:30:00-05:00,131.39,131.535,131.11,131.11,12517.00
2026-01-08 14:35:00-05:00,131.28,131.32,131.08,131.155,7469.00
2026-01-08 14:40:00-05:00,131.05,131.05,130.85,130.976,20455.00
2026-01-08 14:45:00-05:00,131.08,131.09,130.75,130.75,8936.00
2026-01-08 14:50:00-05:00,130.69,130.69,130.605,130.605,4776.00
2026-01-08 14:55:00-05:00,130.6025,131.085,130.6025,130.995,19064.00
2026-01-08 15:00:00-05:00,130.85,130.94,130.78,130.795,9940.00
2026-01-08 15:05:00-05:00,130.75,131.01,130.71,130.815,16197.00
2026-01-08 15:10:00-05:00,130.8199,130.8199,130.3,130.46,9859.00
2026-01-08 15:15:00-05:00,130.31,130.495,130.22,130.39,15209.00
2026-01-08 15:20:00-05:00,130.32,130.39,130.01,130.195,21694.00
2026-01-08 15:25:00-05:00,130.13,130.3,129.76,129.8,21843.00
2026-01-08 15:30:00-05:00,129.97,130,129.76,129.885,27728.00
2026-01-08 15:35:00-05:00,129.84,129.84,129.37,129.53,24606.00
2026-01-08 15:40:00-05:00,129.435,129.54,129.25,129.27,29195.00
2026-01-08 15:45:00-05:00,129.35,129.615,129.15,129.59,29706.00
2026-01-08 15:50:00-05:00,129.59,130.31,129.59,130.14,60039.00
2026-01-08 15:55:00-05:00,130.03,130.23,129.725,129.84,165693.00
2026-01-09 09:30:00-05:00,130.15,133.11,130.15,131.07,39080.00
2026-01-09 09:35:00-05:00,131.1,131.1,130.0601,130.755,6053.00
2026-01-09 09:40:00-05:00,131.19,131.63,130.47,130.53,16803.00
2026-01-09 09:45:00-05:00,130.33,130.86,130.33,130.615,9307.00
2026-01-09 09:50:00-05:00,130.6911,131.04,130.67,131.04,4094.00
2026-01-09 09:55:00-05:00,131.24,131.24,130.15,130.275,9811.00
2026-01-09 10:00:00-05:00,130.17,130.31,126,126.305,52443.00
2026-01-09 10:05:00-05:00,126.3,126.91,125.15,126.5975,60605.00
2026-01-09 10:10:00-05:00,126.56,128.27,126.27,128.25,27095.00
2026-01-09 10:15:00-05:00,128.0425,129.245,127.78,129.2,46355.00
2026-01-09 10:20:00-05:00,129.18,129.325,128.58,128.93,13909.00
2026-01-09 10:25:00-05:00,128.91,129.315,128.91,129.315,11695.00
2026-01-09 10:30:00-05:00,129.32,129.415,128.515,128.71,20747.00
2026-01-09 10:35:00-05:00,128.61,128.9,128.14,128.195,12535.00
2026-01-09 10:40:00-05:00,128.13,128.26,127.51,127.53,11158.00
2026-01-09 10:45:00-05:00,127.51,127.51,127.041,127.1725,13465.00
2026-01-09 10:50:00-05:00,127.16,127.18,126.75,126.97,17022.00
2026-01-09 10:55:00-05:00,126.94,127.22,126.77,127.185,7426.00
2026-01-09 11:00:00-05:00,127.1,127.1,126.395,126.9,18994.00
2026-01-09 11:05:00-05:00,126.9,127.0825,126.3301,126.585,19000.00
2026-01-09 11:10:00-05:00,126.48,127.29,126.44,127.0525,25230.00
2026-01-09 11:15:00-05:00,127.12,127.67,126.95,127.425,12174.00
2026-01-09 11:20:00-05:00,127.425,127.535,127.195,127.3425,8536.00
2026-01-09 11:25:00-05:00,127.42,127.56,127,127.08,17781.00
2026-01-09 11:30:00-05:00,127.085,127.455,127.085,127.125,12908.00
2026-01-09 11:35:00-05:00,127.125,127.35,126.93,127.27,8624.00
2026-01-09 11:40:00-05:00,127.19,127.3499,127.02,127.02,6575.00
2026-01-09 11:45:00-05:00,127.1099,127.1099,126.875,127.085,7621.00
2026-01-09 11:50:00-05:00,127.085,127.3899,127.03,127.03,9580.00
2026-01-09 11:55:00-05:00,127.03,127.5475,126.99,127.34,10302.00
2026-01-09 12:00:00-05:00,127.37,127.5199,126.73,126.75,10770.00
2026-01-09 12:05:00-05:00,126.76,126.7725,126.096,126.18,12436.00
2026-01-09 12:10:00-05:00,126.14,126.3199,125.64,125.785,22034.00
2026-01-09 12:15:00-05:00,125.85,126.0799,125.5,125.73,8069.00
2026-01-09 12:20:00-05:00,125.75,125.915,125.605,125.66,9429.00
2026-01-09 12:25:00-05:00,125.71,125.8199,125.495,125.495,7249.00
2026-01-09 12:30:00-05:00,125.5799,125.5799,125.135,125.135,11572.00
2026-01-09 12:35:00-05:00,125.21,125.4199,125.2,125.36,7276.00
2026-01-09 12:40:00-05:00,125.5199,125.7099,125.18,125.265,26289.00
2026-01-09 12:45:00-05:00,125.16,125.4199,124.88,125.01,10765.00
2026-01-09 12:50:00-05:00,125.0459,125.0459,124.8,124.885,8048.00
2026-01-09 12:55:00-05:00,124.88,125.2,124.73,125.13,14436.00
2026-01-09 13:00:00-05:00,125.1832,125.27,125.14,125.27,8308.00
2026-01-09 13:05:00-05:00,125.38,125.7799,125.33,125.39,6231.00
2026-01-09 13:10:00-05:00,125.51,125.58,125.29,125.3601,11159.00
2026-01-09 13:15:00-05:00,125.36,125.5499,125.19,125.315,4742.00
2026-01-09 13:20:00-05:00,125.315,125.315,124.84,124.89,13294.00
2026-01-09 13:25:00-05:00,124.97,125.1299,124.83,124.925,5734.00
2026-01-09 13:30:00-05:00,125.0299,125.0299,124.69,124.72,8331.00
2026-01-09 13:35:00-05:00,124.745,125,124.745,124.81,12013.00
2026-01-09 13:40:00-05:00,124.755,124.86,124.56,124.56,12568.00
2026-01-09 13:45:00-05:00,124.59,124.6799,124.53,124.57,7728.00
2026-01-09 13:50:00-05:00,124.53,124.7199,124.44,124.5,7905.00
2026-01-09 13:55:00-05:00,124.525,124.61,124.52,124.52,4184.00
2026-01-09 14:00:00-05:00,124.52,124.64,124.25,124.35,16328.00
2026-01-09 14:05:00-05:00,124.355,124.4599,124.1,124.135,24776.00
2026-01-09 14:10:00-05:00,124.135,124.51,124.135,124.42,20528.00
2026-01-09 14:15:00-05:00,124.38,124.565,124.38,124.545,11734.00
2026-01-09 14:20:00-05:00,124.605,125.17,124.605,125.17,16863.00
2026-01-09 14:25:00-05:00,125.07,125.17,124.81,125.013,16452.00
2026-01-09 14:30:00-05:00,124.955,125.21,124.955,125.055,14861.00
2026-01-09 14:35:00-05:00,124.97,125.165,124.97,125.13,9022.00
2026-01-09 14:40:00-05:00,125.165,125.51,125.16,125.21,18045.00
2026-01-09 14:45:00-05:00,125.215,125.75,125.1,125.55,19099.00
2026-01-09 14:50:00-05:00,125.545,125.735,125.4,125.65,13974.00
2026-01-09 14:55:00-05:00,125.69,126.2,125.55,126.12,22001.00
2026-01-09 15:00:00-05:00,126.125,126.22,125.7,125.76,29494.00
2026-01-09 15:05:00-05:00,125.7,125.7,125.35,125.505,10397.00
2026-01-09 15:10:00-05:00,125.47,125.76,125.395,125.595,17232.00
2026-01-09 15:15:00-05:00,125.595,125.81,125.285,125.53,18435.00
2026-01-09 15:20:00-05:00,125.5,125.72,125.48,125.515,17843.00
2026-01-09 15:25:00-05:00,125.52,125.63,125.025,125.025,21246.00
2026-01-09 15:30:00-05:00,125.025,125.31,124.92,125.25,26971.00
2026-01-09 15:35:00-05:00,125.26,125.45,124.91,124.91,28211.00
2026-01-09 15:40:00-05:00,124.97,125.24,124.88,124.98,39500.00
2026-01-09 15:45:00-05:00,124.985,125.28,124.91,125.22,39145.00
2026-01-09 15:50:00-05:00,125.18,125.79,124.965,125.13,83863.00
2026-01-09 15:55:00-05:00,125.12,125.18,124.59,124.87,227856.00
2026-01-12 09:30:00-05:00,103,103.24,99.1,99.36,401434.00
2026-01-12 09:35:00-05:00,99.31,102.49,98.8,102.0101,377592.00
2026-01-12 09:40:00-05:00,102.01,103.81,100.2,101.25,318642.00
2026-01-12 09:45:00-05:00,101.25,104.4,100.9,103.84,232907.00
2026-01-12 09:50:00-05:00,103.61,104.75,101.01,101.36,171946.00
2026-01-12 09:55:00-05:00,101.5499,101.7699,100.5,100.7779,133373.00
2026-01-12 10:00:00-05:00,100.65,100.675,99.605,99.8889,179982.00
2026-01-12 10:05:00-05:00,99.78,101.18,99.61,100.955,119186.00
2026-01-12 10:10:00-05:00,101.18,101.49,100.78,100.96,116752.00
2026-01-12 10:15:00-05:00,101.015,103.01,100.955,103,159544.00
2026-01-12 10:20:00-05:00,103,103.11,101.97,102.08,112124.00
2026-01-12 10:25:00-05:00,102.195,102.47,101.68,101.965,63668.00
2026-01-12 10:30:00-05:00,101.93,102.285,101.77,102.245,67384.00
2026-01-12 10:35:00-05:00,102.18,103.5,102.03,103,87460.00
2026-01-12 10:40:00-05:00,102.8334,103.6,102.8334,103.31,50049.00
2026-01-12 10:45:00-05:00,103.32,104.09,103.01,103.6,85906.00
2026-01-12 10:50:00-05:00,103.6,104.63,103.47,103.775,103200.00
2026-01-12 10:55:00-05:00,103.88,104.12,103.54,103.765,52137.00
2026-01-12 11:00:00-05:00,103.765,104.19,103.68,104.05,51940.00
2026-01-12 11:05:00-05:00,104.06,104.275,103.74,104.035,55555.00
2026-01-12 11:10:00-05:00,104.035,104.535,103.87,104.2777,41155.00
2026-01-12 11:15:00-05:00,104.4699,104.4699,103.98,104.15,52647.00
2026-01-12 11:20:00-05:00,104.09,104.15,103.6101,103.89,60414.00
2026-01-12 11:25:00-05:00,103.89,104.75,103.86,104.3333,79645.00
2026-01-12 11:30:00-05:00,104.17,104.35,103.84,104.32,39630.00
2026-01-12 11:35:00-05:00,104.33,104.69,103.99,104.28,42757.00
2026-01-12 11:40:00-05:00,104.28,104.95,104.28,104.95,46404.00
2026-01-12 11:45:00-05:00,104.885,105.2,104.76,105.01,54661.00
2026-01-12 11:50:00-05:00,104.98,105.28,104.79,104.885,50472.00
2026-01-12 11:55:00-05:00,104.8918,105.13,104.76,104.76,46089.00
2026-01-12 12:00:00-05:00,104.77,106.03,104.71,105.905,67785.00
2026-01-12 12:05:00-05:00,105.91,106.2,105.59,105.6,62754.00
2026-01-12 12:10:00-05:00,105.58,106.2,105.455,105.7,52860.00
2026-01-12 12:15:00-05:00,105.73,105.8599,105.46,105.5068,29456.00
2026-01-12 12:20:00-05:00,105.55,105.7142,105.35,105.415,37639.00
2026-01-12 12:25:00-05:00,105.3501,105.6,105.22,105.3,48041.00
2026-01-12 12:30:00-05:00,105.25,105.51,104.7,104.849,74009.00
2026-01-12 12:35:00-05:00,104.89,104.99,104.2601,104.2701,63261.00
2026-01-12 12:40:00-05:00,104.375,104.765,104.19,104.425,46101.00
2026-01-12 12:45:00-05:00,104.35,104.71,104.28,104.665,33053.00
2026-01-12 12:50:00-05:00,104.65,104.74,104.41,104.64,29776.00
2026-01-12 12:55:00-05:00,104.71,104.773,104.39,104.4501,40232.00
2026-01-12 13:00:00-05:00,104.45,104.45,103.81,104.145,42664.00
2026-01-12 13:05:00-05:00,104.145,104.37,103.89,104.37,66946.00
2026-01-12 13:10:00-05:00,104.37,104.5,104.23,104.435,48237.00
2026-01-12 13:15:00-05:00,104.435,104.7,104.32,104.47,33163.00
2026-01-12 13:20:00-05:00,104.52,104.565,104.29,104.51,17891.00
2026-01-12 13:25:00-05:00,104.55,104.82,104.505,104.63,35390.00
2026-01-12 13:30:00-05:00,104.6423,104.6423,104.41,104.47,21378.00
2026-01-12 13:35:00-05:00,104.48,104.5,104.1201,104.4,26662.00
2026-01-12 13:40:00-05:00,104.41,104.41,104.23,104.26,15915.00
2026-01-12 13:45:00-05:00,104.265,104.265,104.06,104.125,22175.00
2026-01-12 13:50:00-05:00,104.125,104.19,104.0211,104.115,15129.00
2026-01-12 13:55:00-05:00,104.115,104.115,103.6349,103.65,39514.00
2026-01-12 14:00:00-05:00,103.6648,103.89,103.44,103.55,36246.00
2026-01-12 14:05:00-05:00,103.53,103.64,103.2026,103.525,43491.00
2026-01-12 14:10:00-05:00,103.6,103.925,103.48,103.71,30361.00
2026-01-12 14:15:00-05:00,103.67,103.81,103.37,103.81,25654.00
2026-01-12 14:20:00-05:00,103.84,103.93,103.26,103.285,33635.00
2026-01-12 14:25:00-05:00,103.285,103.285,103.08,103.205,36100.00
2026-01-12 14:30:00-05:00,103.28,103.33,102.88,102.88,30929.00
2026-01-12 14:35:00-05:00,102.94,102.9448,102.2301,102.31,66614.00
2026-01-12 14:40:00-05:00,102.37,102.41,101.9341,102.03,44030.00
2026-01-12 14:45:00-05:00,102.025,102.025,101.51,101.755,54743.00
2026-01-12 14:50:00-05:00,101.77,101.77,101.5,101.675,40913.00
2026-01-12 14:55:00-05:00,101.62,101.71,101.4,101.43,51490.00
2026-01-12 15:00:00-05:00,101.49,101.49,101.07,101.36,45442.00
2026-01-12 15:05:00-05:00,101.4292,101.4292,100.9322,101.085,91208.00
2026-01-12 15:10:00-05:00,101.069,101.4652,101,101.43,36988.00
2026-01-12 15:15:00-05:00,101.43,102.135,101.43,102.135,66838.00
2026-01-12 15:20:00-05:00,102.12,102.48,102.01,102.36,61426.00
2026-01-12 15:25:00-05:00,102.3799,102.815,102.36,102.815,62693.00
2026-01-12 15:30:00-05:00,102.85,102.925,102.4,102.54,80271.00
2026-01-12 15:35:00-05:00,102.62,102.865,102.56,102.84,50023.00
2026-01-12 15:40:00-05:00,102.86,102.86,102.36,102.71,95261.00
2026-01-12 15:45:00-05:00,102.67,102.68,102.14,102.475,112153.00
2026-01-12 15:50:00-05:00,102.41,102.72,102.3,102.4,173294.00
2026-01-12 15:55:00-05:00,102.4,102.87,102.36,102.81,279733.00
2026-01-13 09:30:00-05:00,104.02,108.49,104.02,106.3475,163835.00
2026-01-13 09:35:00-05:00,106.3225,106.4,103.6166,104.61,69226.00
2026-01-13 09:40:00-05:00,104.615,106,104.525,106,48416.00
2026-01-13 09:45:00-05:00,105.885,107.58,105.865,107.18,75790.00
2026-01-13 09:50:00-05:00,106.9,106.995,105.4,105.9,38889.00
2026-01-13 09:55:00-05:00,105.65,105.995,105.13,105.7525,81898.00
2026-01-13 10:00:00-05:00,105.33,106.29,104.92,105.12,129704.00
2026-01-13 10:05:00-05:00,104.96,105.7,104.7143,105.475,45211.00
2026-01-13 10:10:00-05:00,105.475,105.475,104.86,104.8701,38782.00
2026-01-13 10:15:00-05:00,104.9401,106.05,104.9401,105.93,36220.00
2026-01-13 10:20:00-05:00,106,106.4199,105.73,106.32,43536.00
2026-01-13 10:25:00-05:00,106.265,106.5,105.41,106.04,42084.00
2026-01-13 10:30:00-05:00,106.04,106.35,105.8,106.3,33469.00
2026-01-13 10:35:00-05:00,106.4,106.92,106.07,106.07,34254.00
2026-01-13 10:40:00-05:00,106.15,106.32,105.69,105.93,37069.00
2026-01-13 10:45:00-05:00,106,106,105.46,105.48,23203.00
2026-01-13 10:50:00-05:00,105.465,106.17,105.35,105.7601,26083.00
2026-01-13 10:55:00-05:00,105.9545,106.04,105.35,105.565,31999.00
2026-01-13 11:00:00-05:00,105.74,105.925,105.2,105.52,27570.00
2026-01-13 11:05:00-05:00,105.52,105.77,105.293,105.625,13949.00
2026-01-13 11:10:00-05:00,105.65,105.73,105.06,105.125,19694.00
2026-01-13 11:15:00-05:00,105.125,105.23,104.75,104.815,19313.00
2026-01-13 11:20:00-05:00,104.805,104.9975,104.63,104.9975,29382.00
2026-01-13 11:25:00-05:00,105,105.27,104.92,105.12,17027.00
2026-01-13 11:30:00-05:00,105.1,105.49,104.98,104.98,18402.00
2026-01-13 11:35:00-05:00,104.9386,104.9799,104.63,104.74,14398.00
2026-01-13 11:40:00-05:00,104.74,104.74,104.35,104.45,11869.00
2026-01-13 11:45:00-05:00,104.41,104.63,104.33,104.63,19282.00
2026-01-13 11:50:00-05:00,104.67,104.715,104.44,104.54,15733.00
2026-01-13 11:55:00-05:00,104.55,104.76,104.45,104.49,16127.00
2026-01-13 12:00:00-05:00,104.49,105.06,104.38,105.06,20114.00
2026-01-13 12:05:00-05:00,105.05,105.1,104.65,104.845,15604.00
2026-01-13 12:10:00-05:00,104.83,105.1,104.82,105.04,22497.00
2026-01-13 12:15:00-05:00,104.92,105.26,104.81,104.9,13440.00
2026-01-13 12:20:00-05:00,104.81,104.95,104.6301,104.86,10302.00
2026-01-13 12:25:00-05:00,104.78,104.78,104.58,104.59,13731.00
2026-01-13 12:30:00-05:00,104.62,104.7,104.51,104.54,13427.00
2026-01-13 12:35:00-05:00,104.54,104.62,104.1926,104.55,14835.00
2026-01-13 12:40:00-05:00,104.55,104.65,104.27,104.2972,12895.00
2026-01-13 12:45:00-05:00,104.305,104.305,103.76,103.77,15096.00
2026-01-13 12:50:00-05:00,103.85,103.97,103.8,103.92,9945.00
2026-01-13 12:55:00-05:00,103.86,103.86,103.55,103.55,9875.00
2026-01-13 13:00:00-05:00,103.52,103.63,103.3,103.615,16318.00
2026-01-13 13:05:00-05:00,103.59,103.845,103.5301,103.655,21248.00
2026-01-13 13:10:00-05:00,103.6803,104.5,103.66,104.235,39868.00
2026-01-13 13:15:00-05:00,104.32,104.98,104.265,104.37,31243.00
2026-01-13 13:20:00-05:00,104.425,104.425,104.07,104.265,10713.00
2026-01-13 13:25:00-05:00,104.36,104.36,104,104,12366.00
2026-01-13 13:30:00-05:00,103.93,104.4,103.93,104.29,13020.00
2026-01-13 13:35:00-05:00,104.2,104.4,104.05,104.4,11340.00
2026-01-13 13:40:00-05:00,104.29,104.31,104,104.11,7570.00
2026-01-13 13:45:00-05:00,103.99,103.99,103.775,103.835,11988.00
2026-01-13 13:50:00-05:00,103.895,104.02,103.83,103.955,10759.00
2026-01-13 13:55:00-05:00,103.94,104.04,103.77,104.04,11565.00
2026-01-13 14:00:00-05:00,103.91,104.0599,103.8,103.885,25586.00
2026-01-13 14:05:00-05:00,103.856,104.155,103.856,104.13,11869.00
2026-01-13 14:10:00-05:00,104.06,104.21,103.95,104.095,13065.00
2026-01-13 14:15:00-05:00,104.1,104.34,103.92,104.28,16922.00
2026-01-13 14:20:00-05:00,104.26,104.32,104.07,104.26,18539.00
2026-01-13 14:25:00-05:00,104.27,104.33,104.14,104.14,13383.00
2026-01-13 14:30:00-05:00,104.11,104.175,103.9,104.01,15767.00
2026-01-13 14:35:00-05:00,103.98,104.07,103.6501,103.82,20630.00
2026-01-13 14:40:00-05:00,103.75,103.9,103.72,103.845,14582.00
2026-01-13 14:45:00-05:00,103.78,103.84,103.56,103.56,14823.00
2026-01-13 14:50:00-05:00,103.595,103.73,103.53,103.57,13184.00
2026-01-13 14:55:00-05:00,103.71,103.74,103.2701,103.2701,17942.00
2026-01-13 15:00:00-05:00,103.28,103.34,102.95,103.01,25138.00
2026-01-13 15:05:00-05:00,103.005,103.22,103,103.12,19155.00
2026-01-13 15:10:00-05:00,103.0884,103.0884,102.86,102.86,16480.00
2026-01-13 15:15:00-05:00,102.9451,102.955,102.62,102.64,22170.00
2026-01-13 15:20:00-05:00,102.64,102.68,102.53,102.68,22322.00
2026-01-13 15:25:00-05:00,102.68,103.1,102.67,103.03,30264.00
2026-01-13 15:30:00-05:00,102.98,103.4,102.92,103.295,36544.00
2026-01-13 15:35:00-05:00,103.21,103.39,102.95,102.99,95051.00
2026-01-13 15:40:00-05:00,103.04,103.15,102.82,103.05,39495.00
2026-01-13 15:45:00-05:00,103.06,103.23,103.0001,103.21,54733.00
2026-01-13 15:50:00-05:00,103.18,103.47,103.04,103.445,94317.00
2026-01-13 15:55:00-05:00,103.43,103.47,103,103,207274.00
2026-01-14 09:30:00-05:00,102.55,103.95,102.55,103.93,36262.00
2026-01-14 09:35:00-05:00,103.515,104.65,103.485,104.6,13421.00
2026-01-14 09:40:00-05:00,104.6,105.545,103.93,104.75,82876.00
2026-01-14 09:45:00-05:00,104.495,106.53,104.495,106.255,65947.00
2026-01-14 09:50:00-05:00,106.17,106.55,105.78,106.55,70587.00
2026-01-14 09:55:00-05:00,106.53,106.54,105.721,105.8927,60447.00
2026-01-14 10:00:00-05:00,105.89,106.12,105.48,105.49,40386.00
2026-01-14 10:05:00-05:00,105.48,105.53,104.8045,105.26,13238.00
2026-01-14 10:10:00-05:00,105.26,105.499,104.3839,104.42,24631.00
2026-01-14 10:15:00-05:00,104.585,104.825,104.22,104.825,16348.00
2026-01-14 10:20:00-05:00,104.73,104.82,104.4,104.585,23343.00
2026-01-14 10:25:00-05:00,104.52,104.73,104.3,104.59,16990.00
2026-01-14 10:30:00-05:00,104.53,104.53,103.965,104.06,17554.00
2026-01-14 10:35:00-05:00,104.01,104.445,103.6015,104.3,40063.00
2026-01-14 10:40:00-05:00,104.21,104.53,104.1,104.395,17167.00
2026-01-14 10:45:00-05:00,104.53,104.73,104.36,104.5,14963.00
2026-01-14 10:50:00-05:00,104.4555,105.4171,104.4555,105.22,12752.00
2026-01-14 10:55:00-05:00,105.45,105.57,104.51,104.51,18508.00
2026-01-14 11:00:00-05:00,104.57,104.58,103.99,104.1,12578.00
2026-01-14 11:05:00-05:00,103.85,104.02,103.2,103.3623,27366.00
2026-01-14 11:10:00-05:00,103.51,103.92,103.48,103.85,13972.00
2026-01-14 11:15:00-05:00,103.93,104.07,103.8392,104.03,7247.00
2026-01-14 11:20:00-05:00,104.11,104.13,103.89,103.905,17245.00
2026-01-14 11:25:00-05:00,103.9175,104,103.76,103.765,9297.00
2026-01-14 11:30:00-05:00,103.76,103.765,103.465,103.465,13864.00
2026-01-14 11:35:00-05:00,103.488,103.61,103.36,103.36,43892.00
2026-01-14 11:40:00-05:00,103.3,103.3,103,103.0375,11778.00
2026-01-14 11:45:00-05:00,103.05,103.09,102.81,102.825,9349.00
2026-01-14 11:50:00-05:00,102.94,102.94,102.02,102.305,26981.00
2026-01-14 11:55:00-05:00,102.315,102.315,101.91,102.015,13701.00
2026-01-14 12:00:00-05:00,102.1399,102.48,101.9901,102.48,9116.00
2026-01-14 12:05:00-05:00,102.495,102.5,101.99,102.19,18787.00
2026-01-14 12:10:00-05:00,102.225,102.3,101.92,102,10360.00
2026-01-14 12:15:00-05:00,101.96,102.1,101.87,101.875,23018.00
2026-01-14 12:20:00-05:00,101.905,101.905,101.7,101.75,11925.00
2026-01-14 12:25:00-05:00,101.745,101.745,101.27,101.54,8434.00
2026-01-14 12:30:00-05:00,101.51,101.5708,101.29,101.4,12466.00
2026-01-14 12:35:00-05:00,101.54,101.56,101.27,101.41,6363.00
2026-01-14 12:40:00-05:00,101.64,101.765,101.4756,101.7,11912.00
2026-01-14 12:45:00-05:00,101.685,101.8,101.64,101.75,9712.00
2026-01-14 12:50:00-05:00,101.7,102.03,101.68,102.03,19716.00
2026-01-14 12:55:00-05:00,102.015,102.04,101.62,101.62,10444.00
2026-01-14 13:00:00-05:00,101.62,101.79,101.53,101.79,12394.00
2026-01-14 13:05:00-05:00,101.81,101.9175,101.78,101.84,7019.00
2026-01-14 13:10:00-05:00,101.76,101.945,101.76,101.945,8475.00
2026-01-14 13:15:00-05:00,101.9491,101.9491,101.725,101.7933,6788.00
2026-01-14 13:20:00-05:00,101.73,101.87,101.61,101.61,12758.00
2026-01-14 13:25:00-05:00,101.72,101.74,101.665,101.71,4000.00
2026-01-14 13:30:00-05:00,101.665,101.79,101.62,101.685,8744.00
2026-01-14 13:35:00-05:00,101.67,101.67,101.32,101.5206,16376.00
2026-01-14 13:40:00-05:00,101.5,101.56,101.39,101.52,5683.00
2026-01-14 13:45:00-05:00,101.52,101.565,101.18,101.36,16589.00
2026-01-14 13:50:00-05:00,101.36,101.46,101.36,101.3968,5685.00
2026-01-14 13:55:00-05:00,101.38,101.46,101.18,101.21,13255.00
2026-01-14 14:00:00-05:00,101.13,101.33,101.075,101.22,13121.00
2026-01-14 14:05:00-05:00,101.2197,101.26,100.935,101.26,9318.00
2026-01-14 14:10:00-05:00,101.18,101.215,101.13,101.18,9517.00
2026-01-14 14:15:00-05:00,101.18,101.2116,101.01,101.165,11248.00
2026-01-14 14:20:00-05:00,101.23,101.23,100.87,101.025,8741.00
2026-01-14 14:25:00-05:00,101.03,101.045,100.815,100.815,10453.00
2026-01-14 14:30:00-05:00,100.8,100.88,100.62,100.68,22541.00
2026-01-14 14:35:00-05:00,100.68,100.68,100.55,100.68,10451.00
2026-01-14 14:40:00-05:00,100.645,100.7083,100.5,100.67,15163.00
2026-01-14 14:45:00-05:00,100.68,100.79,100.6,100.73,16623.00
2026-01-14 14:50:00-05:00,100.71,100.93,100.71,100.7875,16980.00
2026-01-14 14:55:00-05:00,100.86,100.93,100.76,100.8,10150.00
2026-01-14 15:00:00-05:00,100.73,100.99,100.68,100.73,25610.00
2026-01-14 15:05:00-05:00,100.87,101.82,100.71,101.73,56672.00
2026-01-14 15:10:00-05:00,101.71,102,101.11,101.2125,40614.00
2026-01-14 15:15:00-05:00,101.09,101.19,100.8,100.83,13747.00
2026-01-14 15:20:00-05:00,100.79,101.03,100.685,100.98,13965.00
2026-01-14 15:25:00-05:00,101.07,101.3199,100.81,101.2918,19325.00
2026-01-14 15:30:00-05:00,101.14,101.27,100.81,100.81,25515.00
2026-01-14 15:35:00-05:00,100.87,101.22,100.87,101.22,20301.00
2026-01-14 15:40:00-05:00,101.28,101.28,100.82,100.85,21415.00
2026-01-14 15:45:00-05:00,100.8,101.09,100.63,100.7,40307.00
2026-01-14 15:50:00-05:00,100.77,101.065,100.69,100.98,59217.00
2026-01-14 15:55:00-05:00,100.95,101.15,100.68,100.93,251422.00
2026-01-15 09:30:00-05:00,101,102.4143,101,101.99,32030.00
2026-01-15 09:35:00-05:00,101.2918,103.75,101.2917,103.56,56792.00
2026-01-15 09:40:00-05:00,103.4116,104.99,103.3788,104.31,66283.00
2026-01-15 09:45:00-05:00,104.12,104.2,103.04,104,18720.00
2026-01-15 09:50:00-05:00,103.5458,103.7475,102.4687,102.805,19936.00
2026-01-15 09:55:00-05:00,102.62,102.82,102.46,102.735,7185.00
2026-01-15 10:00:00-05:00,102.745,103.28,102.14,102.575,34100.00
2026-01-15 10:05:00-05:00,102.75,103.67,102.72,103.65,23877.00
2026-01-15 10:10:00-05:00,103.72,103.76,103.34,103.34,23784.00
2026-01-15 10:15:00-05:00,103.2474,103.73,103.12,103.53,13337.00
2026-01-15 10:20:00-05:00,103.68,104.76,103.65,104.41,38895.00
2026-01-15 10:25:00-05:00,104.4156,104.66,104.33,104.43,21246.00
2026-01-15 10:30:00-05:00,104.56,104.56,104.05,104.06,13271.00
2026-01-15 10:35:00-05:00,104.035,104.27,103.77,103.87,15013.00
2026-01-15 10:40:00-05:00,103.855,104.1,103.77,103.915,12595.00
2026-01-15 10:45:00-05:00,103.99,104.24,103.91,104.24,11122.00
2026-01-15 10:50:00-05:00,104.3,104.415,104.17,104.34,13876.00
2026-01-15 10:55:00-05:00,104.255,104.53,104.09,104.4825,21544.00
2026-01-15 11:00:00-05:00,104.475,105.2,104.475,104.9611,31257.00
2026-01-15 11:05:00-05:00,105.1855,105.2,104.87,105.035,14467.00
2026-01-15 11:10:00-05:00,105.035,105.06,104.715,104.84,14199.00
2026-01-15 11:15:00-05:00,104.93,105.15,104.93,105.06,13143.00
2026-01-15 11:20:00-05:00,105.06,105.4,105.06,105.3,21985.00
2026-01-15 11:25:00-05:00,105.265,105.28,105.06,105.195,16820.00
2026-01-15 11:30:00-05:00,105.175,105.62,105.175,105.52,23493.00
2026-01-15 11:35:00-05:00,105.525,105.57,105.32,105.43,12426.00
2026-01-15 11:40:00-05:00,105.395,105.6,105.395,105.44,14781.00
2026-01-15 11:45:00-05:00,105.435,105.44,105.1991,105.1991,7404.00
2026-01-15 11:50:00-05:00,105.23,105.56,105.19,105.49,10529.00
2026-01-15 11:55:00-05:00,105.56,105.62,105.36,105.4,9509.00
2026-01-15 12:00:00-05:00,105.36,105.75,105.36,105.52,14206.00
2026-01-15 12:05:00-05:00,105.5,105.72,105.5,105.6999,8055.00
2026-01-15 12:10:00-05:00,105.635,105.93,105.635,105.71,18779.00
2026-01-15 12:15:00-05:00,105.78,105.84,105.47,105.8278,51093.00
2026-01-15 12:20:00-05:00,105.845,105.845,105.65,105.77,8504.00
2026-01-15 12:25:00-05:00,105.72,105.99,105.6,105.61,21343.00
2026-01-15 12:30:00-05:00,105.61,106.07,105.61,106.07,23486.00
2026-01-15 12:35:00-05:00,106.07,106.18,105.96,106.055,14060.00
2026-01-15 12:40:00-05:00,106.0032,106.055,105.98,105.995,8091.00
2026-01-15 12:45:00-05:00,105.95,106,105.62,105.71,15444.00
2026-01-15 12:50:00-05:00,105.64,105.76,105.5729,105.5729,7773.00
2026-01-15 12:55:00-05:00,105.56,105.56,105.235,105.235,8172.00
2026-01-15 13:00:00-05:00,105.235,105.6399,105.235,105.6,6620.00
2026-01-15 13:05:00-05:00,105.635,105.66,105.46,105.535,7678.00
2026-01-15 13:10:00-05:00,105.4936,105.855,105.4085,105.795,12032.00
2026-01-15 13:15:00-05:00,105.81,105.9257,105.69,105.71,5200.00
2026-01-15 13:20:00-05:00,105.7,106,105.65,105.925,7032.00
2026-01-15 13:25:00-05:00,105.955,106.2899,105.955,106.2899,26582.00
2026-01-15 13:30:00-05:00,106.235,107.37,106.15,107.3,62211.00
2026-01-15 13:35:00-05:00,107.34,107.38,107.09,107.175,20463.00
2026-01-15 13:40:00-05:00,107.175,107.36,107.01,107.32,25254.00
2026-01-15 13:45:00-05:00,107.32,107.52,107.22,107.43,17722.00
2026-01-15 13:50:00-05:00,107.39,107.51,107.32,107.34,16225.00
2026-01-15 13:55:00-05:00,107.2901,107.43,106.9601,107.31,34411.00
2026-01-15 14:00:00-05:00,107.35,107.62,107.23,107.23,27424.00
2026-01-15 14:05:00-05:00,107.2,107.4,107.2,107.295,13451.00
2026-01-15 14:10:00-05:00,107.295,107.45,107.18,107.18,14464.00
2026-01-15 14:15:00-05:00,107.225,107.3581,106.52,106.52,61938.00
2026-01-15 14:20:00-05:00,106.44,106.7799,106.425,106.495,11499.00
2026-01-15 14:25:00-05:00,106.36,107.0777,106.3279,106.93,14958.00
2026-01-15 14:30:00-05:00,106.82,107.4418,106.65,107.4418,22890.00
2026-01-15 14:35:00-05:00,107.4321,107.5,107.25,107.4,16354.00
2026-01-15 14:40:00-05:00,107.375,107.4899,107.08,107.32,17869.00
2026-01-15 14:45:00-05:00,107.3,107.63,107.08,107.63,14710.00
2026-01-15 14:50:00-05:00,107.62,107.655,107.32,107.32,9190.00
2026-01-15 14:55:00-05:00,107.385,107.79,107.385,107.57,9206.00
2026-01-15 15:00:00-05:00,107.68,108.09,107.58,107.83,30278.00
2026-01-15 15:05:00-05:00,107.76,108.09,107.68,108.07,15800.00
2026-01-15 15:10:00-05:00,108.07,108.23,108.025,108.115,35501.00
2026-01-15 15:15:00-05:00,108.168,108.42,107.58,107.79,51697.00
2026-01-15 15:20:00-05:00,107.86,108.27,107.84,107.98,28955.00
2026-01-15 15:25:00-05:00,107.92,108.04,107.695,107.76,34045.00
2026-01-15 15:30:00-05:00,107.88,107.98,107.8,107.92,15736.00
2026-01-15 15:35:00-05:00,107.855,107.96,107.76,107.841,26102.00
2026-01-15 15:40:00-05:00,107.91,108.2193,107.89,107.965,50624.00
2026-01-15 15:45:00-05:00,107.965,108.16,107.81,107.97,64676.00
2026-01-15 15:50:00-05:00,107.92,108.18,107.645,108.055,124469.00
2026-01-15 15:55:00-05:00,107.93,108.1499,107.62,107.62,270419.00
2026-01-16 09:30:00-05:00,106.67,107.99,106.6101,106.6101,31774.00
2026-01-16 09:35:00-05:00,106.03,106.38,104.61,104.61,27723.00
2026-01-16 09:40:00-05:00,104.565,105.04,104.14,104.98,39051.00
2026-01-16 09:45:00-05:00,105.08,105.511,104.72,104.88,21246.00
2026-01-16 09:50:00-05:00,104.88,105.795,104.7,105.63,37690.00
2026-01-16 09:55:00-05:00,105.13,105.89,105.13,105.43,19401.00
2026-01-16 10:00:00-05:00,105.535,105.77,105.2,105.2,28112.00
2026-01-16 10:05:00-05:00,105.22,105.24,104.67,104.8,25507.00
2026-01-16 10:10:00-05:00,104.805,105.19,104.67,104.81,9591.00
2026-01-16 10:15:00-05:00,104.785,105.52,104.785,105.385,19724.00
2026-01-16 10:20:00-05:00,105.07,105.29,105,105.29,9279.00
2026-01-16 10:25:00-05:00,105.3,105.64,105.09,105.64,7322.00
2026-01-16 10:30:00-05:00,105.64,105.69,105,105.525,12698.00
2026-01-16 10:35:00-05:00,105,105.5,105,105.3,13289.00
2026-01-16 10:40:00-05:00,105.13,105.65,105,105.65,14220.00
2026-01-16 10:45:00-05:00,105.61,105.8599,105.4679,105.805,3370.00
2026-01-16 10:50:00-05:00,105.79,106.51,105.79,106.11,46390.00
2026-01-16 10:55:00-05:00,106.2255,106.2255,105.81,105.9,20770.00
2026-01-16 11:00:00-05:00,105.89,106.1599,105.84,106.06,14754.00
2026-01-16 11:05:00-05:00,106.03,106.41,105.76,105.76,13326.00
2026-01-16 11:10:00-05:00,105.965,106.18,105.91,105.94,7517.00
2026-01-16 11:15:00-05:00,106.0735,106.0735,105.87,105.87,5308.00
2026-01-16 11:20:00-05:00,105.87,106.075,105.83,105.89,16581.00
2026-01-16 11:25:00-05:00,105.905,105.99,105.7,105.77,13711.00
2026-01-16 11:30:00-05:00,105.76,105.855,105.17,105.38,26846.00
2026-01-16 11:35:00-05:00,105.38,105.73,105.315,105.325,13885.00
2026-01-16 11:40:00-05:00,105.46,105.52,105.17,105.285,12629.00
2026-01-16 11:45:00-05:00,105.15,105.58,105,105.58,22651.00
2026-01-16 11:50:00-05:00,105.575,105.585,105.3,105.325,15784.00
2026-01-16 11:55:00-05:00,105.27,105.3,105.125,105.2,14128.00
2026-01-16 12:00:00-05:00,105.14,105.3,105.07,105.07,6282.00
2026-01-16 12:05:00-05:00,105.08,105.4,104.9101,105.28,14673.00
2026-01-16 12:10:00-05:00,105.23,105.29,105.11,105.18,12995.00
2026-01-16 12:15:00-05:00,105.15,105.165,104.925,105.1,10925.00
2026-01-16 12:20:00-05:00,105.14,105.49,105.115,105.47,10972.00
2026-01-16 12:25:00-05:00,105.45,105.455,105.19,105.37,16487.00
2026-01-16 12:30:00-05:00,105.295,105.43,105.22,105.275,5325.00
2026-01-16 12:35:00-05:00,105.275,105.32,105.1,105.165,14102.00
2026-01-16 12:40:00-05:00,105.225,105.2998,105.0896,105.16,5478.00
2026-01-16 12:45:00-05:00,105.09,105.39,105,105.35,21374.00
2026-01-16 12:50:00-05:00,105.37,105.45,105.3,105.32,8286.00
2026-01-16 12:55:00-05:00,105.31,105.31,104.99,105,8499.00
2026-01-16 13:00:00-05:00,104.99,105.12,104.91,105.04,8449.00
2026-01-16 13:05:00-05:00,105.04,105.26,105.04,105.22,13734.00
2026-01-16 13:10:00-05:00,105.22,105.4,105.205,105.3425,16044.00
2026-01-16 13:15:00-05:00,105.37,105.74,105.37,105.58,29225.00
2026-01-16 13:20:00-05:00,105.53,105.855,105.53,105.8201,13466.00
2026-01-16 13:25:00-05:00,105.83,105.885,105.74,105.78,8186.00
2026-01-16 13:30:00-05:00,105.72,105.75,105.35,105.4,18885.00
2026-01-16 13:35:00-05:00,105.405,105.405,104.75,104.92,31204.00
2026-01-16 13:40:00-05:00,104.915,105.49,104.915,105.445,21387.00
2026-01-16 13:45:00-05:00,105.45,105.68,105.22,105.575,49273.00
2026-01-16 13:50:00-05:00,105.51,105.575,105.4,105.44,13619.00
2026-01-16 13:55:00-05:00,105.4,105.49,105.38,105.39,5976.00
2026-01-16 14:00:00-05:00,105.43,105.57,105.43,105.53,7228.00
2026-01-16 14:05:00-05:00,105.45,105.5427,105.1501,105.1501,6475.00
2026-01-16 14:10:00-05:00,105.15,105.21,105.05,105.175,4954.00
2026-01-16 14:15:00-05:00,105.29,105.36,105.2,105.265,3899.00
2026-01-16 14:20:00-05:00,105.27,105.48,105.08,105.21,16714.00
2026-01-16 14:25:00-05:00,105.21,105.285,105.1,105.13,7647.00
2026-01-16 14:30:00-05:00,105.16,105.2092,104.9601,105.035,12641.00
2026-01-16 14:35:00-05:00,105.05,105.385,105.05,105.08,17393.00
2026-01-16 14:40:00-05:00,105.18,105.18,104.84,104.84,7698.00
2026-01-16 14:45:00-05:00,104.87,104.91,104.655,104.765,11611.00
2026-01-16 14:50:00-05:00,104.7718,104.7718,104.41,104.5075,8837.00
2026-01-16 14:55:00-05:00,104.5,104.52,103.66,103.66,16323.00
2026-01-16 15:00:00-05:00,103.665,103.9,103.52,103.59,12727.00
2026-01-16 15:05:00-05:00,103.595,103.61,103.33,103.44,22747.00
2026-01-16 15:10:00-05:00,103.435,103.53,103.07,103.485,34462.00
2026-01-16 15:15:00-05:00,103.5695,103.87,103.51,103.8201,16611.00
2026-01-16 15:20:00-05:00,103.89,104.4,103.82,104.3,30658.00
2026-01-16 15:25:00-05:00,104.305,104.5,104.18,104.195,72181.00
2026-01-16 15:30:00-05:00,104.265,104.555,104.245,104.415,21505.00
2026-01-16 15:35:00-05:00,104.39,104.55,104.39,104.475,35925.00
2026-01-16 15:40:00-05:00,104.51,104.55,104.26,104.37,40047.00
2026-01-16 15:45:00-05:00,104.3,104.445,103.95,104.19,56906.00
2026-01-16 15:50:00-05:00,104.14,104.3699,103.905,104.07,80072.00
2026-01-16 15:55:00-05:00,104.06,104.29,103.96,104.1,205919.00
2026-01-20 09:30:00-05:00,102,102.69,101.41,101.62,41750.00
2026-01-20 09:35:00-05:00,101.625,102.6,100.955,102.59,14507.00
2026-01-20 09:40:00-05:00,102.34,102.37,100.64,101.195,21059.00
2026-01-20 09:45:00-05:00,100.96,101.2522,100.27,100.355,29101.00
2026-01-20 09:50:00-05:00,100.23,100.29,99.26,100.06,39542.00
2026-01-20 09:55:00-05:00,100.06,100.34,99.75,100.23,28528.00
2026-01-20 10:00:00-05:00,100.36,100.93,99.775,99.775,35928.00
2026-01-20 10:05:00-05:00,99.78,99.78,99.02,99.35,29649.00
2026-01-20 10:10:00-05:00,99.375,99.4699,99.11,99.295,13737.00
2026-01-20 10:15:00-05:00,99.295,99.4,98.84,98.9145,28251.00
2026-01-20 10:20:00-05:00,98.905,100.02,98.83,99.9,53019.00
2026-01-20 10:25:00-05:00,99.98,100.1013,99.81,100.03,20840.00
2026-01-20 10:30:00-05:00,99.93,100.03,99.71,99.99,11544.00
2026-01-20 10:35:00-05:00,100.03,100.26,99.9,100.09,23838.00
2026-01-20 10:40:00-05:00,100,100.1,99.705,99.99,14565.00
2026-01-20 10:45:00-05:00,100.01,100.43,100.01,100.345,28458.00
2026-01-20 10:50:00-05:00,100.28,100.62,100.27,100.54,12016.00
2026-01-20 10:55:00-05:00,100.44,100.55,100.2,100.2,23814.00
2026-01-20 11:00:00-05:00,100.27,100.55,100.27,100.405,14072.00
2026-01-20 11:05:00-05:00,100.405,100.55,100.185,100.185,72749.00
2026-01-20 11:10:00-05:00,100.13,100.42,100,100.29,23186.00
2026-01-20 11:15:00-05:00,100.325,100.39,100.115,100.115,19687.00
2026-01-20 11:20:00-05:00,100.13,100.21,100.05,100.18,16720.00
2026-01-20 11:25:00-05:00,100.18,100.245,99.97,100.215,15284.00
2026-01-20 11:30:00-05:00,100.12,100.14,99.965,100.05,11759.00
2026-01-20 11:35:00-05:00,100.05,100.0899,99.58,99.65,17087.00
2026-01-20 11:40:00-05:00,99.58,99.69,99.47,99.68,13620.00
2026-01-20 11:45:00-05:00,99.64,99.64,99.47,99.55,6112.00
2026-01-20 11:50:00-05:00,99.62,99.735,99.445,99.4856,15863.00
2026-01-20 11:55:00-05:00,99.49,99.73,99.49,99.575,11347.00
2026-01-20 12:00:00-05:00,99.4801,99.66,99.405,99.66,15041.00
2026-01-20 12:05:00-05:00,99.68,99.77,99.61,99.61,11573.00
2026-01-20 12:10:00-05:00,99.6,100.1,99.58,100.06,9592.00
2026-01-20 12:15:00-05:00,100.06,100.075,99.65,99.785,11600.00
2026-01-20 12:20:00-05:00,99.76,99.83,99.605,99.72,12823.00
2026-01-20 12:25:00-05:00,99.77,99.96,99.76,99.845,7947.00
2026-01-20 12:30:00-05:00,99.845,99.845,99.65,99.695,11120.00
2026-01-20 12:35:00-05:00,99.695,99.815,99.57,99.76,12141.00
2026-01-20 12:40:00-05:00,99.645,99.76,99.51,99.56,10279.00
2026-01-20 12:45:00-05:00,99.62,99.63,99.51,99.555,17999.00
2026-01-20 12:50:00-05:00,99.555,99.7,99.317,99.68,19613.00
2026-01-20 12:55:00-05:00,99.66,99.72,99.49,99.65,10933.00
2026-01-20 13:00:00-05:00,99.61,99.8,99.57,99.58,11776.00
2026-01-20 13:05:00-05:00,99.575,99.995,99.575,99.995,9727.00
2026-01-20 13:10:00-05:00,99.89,100.14,99.86,100.075,16789.00
2026-01-20 13:15:00-05:00,100.08,100.1999,99.86,99.935,30368.00
2026-01-20 13:20:00-05:00,99.87,99.9125,99.315,99.54,21309.00
2026-01-20 13:25:00-05:00,99.54,99.58,99.2308,99.33,42231.00
2026-01-20 13:30:00-05:00,99.345,99.64,99.3,99.425,29067.00
2026-01-20 13:35:00-05:00,99.425,99.59,99.4,99.515,16240.00
2026-01-20 13:40:00-05:00,99.49,99.85,99.49,99.715,26084.00
2026-01-20 13:45:00-05:00,99.715,99.77,99.61,99.65,20144.00
2026-01-20 13:50:00-05:00,99.64,99.86,99.52,99.855,12528.00
2026-01-20 13:55:00-05:00,99.855,99.95,99.855,99.949,10613.00
2026-01-20 14:00:00-05:00,99.93,100.135,99.69,99.765,16859.00
2026-01-20 14:05:00-05:00,99.77,99.85,99.71,99.77,9552.00
2026-01-20 14:10:00-05:00,99.77,100.01,99.76,100.01,7613.00
2026-01-20 14:15:00-05:00,100.05,100.05,99.78,99.83,8686.00
2026-01-20 14:20:00-05:00,99.88,99.925,99.74,99.835,10050.00
2026-01-20 14:25:00-05:00,99.76,99.835,99.475,99.515,11613.00
2026-01-20 14:30:00-05:00,99.43,99.66,99.43,99.54,18531.00
2026-01-20 14:35:00-05:00,99.5,99.52,99.3,99.4775,23211.00
2026-01-20 14:40:00-05:00,99.45,99.64,99.45,99.64,11556.00
2026-01-20 14:45:00-05:00,99.645,99.645,99.305,99.3125,16930.00
2026-01-20 14:50:00-05:00,99.305,99.335,99.25,99.27,14063.00
2026-01-20 14:55:00-05:00,99.2,99.24,99.1,99.17,10355.00
2026-01-20 15:00:00-05:00,99.11,99.3666,98.9199,99.27,18509.00
2026-01-20 15:05:00-05:00,99.27,99.5674,99.27,99.5674,14016.00
2026-01-20 15:10:00-05:00,99.61,99.96,99.58,99.93,29088.00
2026-01-20 15:15:00-05:00,99.93,100.65,99.88,100.53,37616.00
2026-01-20 15:20:00-05:00,100.53,100.53,100.06,100.18,18616.00
2026-01-20 15:25:00-05:00,100.18,100.37,100.12,100.37,14708.00
2026-01-20 15:30:00-05:00,100.305,100.49,100.26,100.44,16691.00
2026-01-20 15:35:00-05:00,100.435,100.515,100.33,100.445,18657.00
2026-01-20 15:40:00-05:00,100.45,100.48,100.3,100.39,18737.00
2026-01-20 15:45:00-05:00,100.375,100.375,100.23,100.23,24014.00
2026-01-20 15:50:00-05:00,100.23,100.83,100.21,100.76,89444.00
2026-01-20 15:55:00-05:00,100.75,101,100.56,100.68,203292.00
2026-01-21 09:30:00-05:00,104.8,104.979,101.346,102.35,84653.00
2026-01-21 09:35:00-05:00,102.06,102.14,101.41,101.96,19356.00
2026-01-21 09:40:00-05:00,101.99,102.305,101.5,101.5604,10318.00
2026-01-21 09:45:00-05:00,101.565,103,101.565,102.8,26271.00
2026-01-21 09:50:00-05:00,102.7628,103.11,102.494,102.675,32920.00
2026-01-21 09:55:00-05:00,102.51,103.42,102.51,103.375,12188.00
2026-01-21 10:00:00-05:00,103.3975,103.5499,102.29,103.17,32991.00
2026-01-21 10:05:00-05:00,103.19,103.19,102.3,102.468,12044.00
2026-01-21 10:10:00-05:00,102.3,102.64,101.56,101.96,18201.00
2026-01-21 10:15:00-05:00,101.875,101.89,101.14,101.14,12346.00
2026-01-21 10:20:00-05:00,101.235,101.44,101,101.285,17458.00
2026-01-21 10:25:00-05:00,101.14,101.46,101.09,101.44,7460.00
2026-01-21 10:30:00-05:00,101.445,102.03,101.445,101.87,20364.00
2026-01-21 10:35:00-05:00,101.965,102.07,101.8,102.07,11828.00
2026-01-21 10:40:00-05:00,102,102.19,101.61,101.61,11149.00
2026-01-21 10:45:00-05:00,101.61,101.79,101.34,101.56,17367.00
2026-01-21 10:50:00-05:00,101.57,101.57,101.1101,101.3,9790.00
2026-01-21 10:55:00-05:00,101.27,101.295,100.475,100.52,16255.00
2026-01-21 11:00:00-05:00,100.63,100.63,99.98,100.0578,21681.00
2026-01-21 11:05:00-05:00,100,100.22,99.5501,99.74,34370.00
2026-01-21 11:10:00-05:00,99.7222,100.1,99.6,99.74,19562.00
2026-01-21 11:15:00-05:00,99.62,99.94,99.55,99.59,16791.00
2026-01-21 11:20:00-05:00,99.625,99.68,99.3,99.595,14536.00
2026-01-21 11:25:00-05:00,99.53,99.9552,99.46,99.87,15395.00
2026-01-21 11:30:00-05:00,99.9392,99.98,99.5201,99.685,20113.00
2026-01-21 11:35:00-05:00,99.68,99.74,99.3401,99.67,19731.00
2026-01-21 11:40:00-05:00,99.55,99.74,99.54,99.645,7661.00
2026-01-21 11:45:00-05:00,99.595,99.7,99.4001,99.6325,10720.00
2026-01-21 11:50:00-05:00,99.655,99.69,99.255,99.28,12523.00
2026-01-21 11:55:00-05:00,99.135,99.17,98.8601,99,22850.00
2026-01-21 12:00:00-05:00,99,99.14,98.92,99.01,17244.00
2026-01-21 12:05:00-05:00,98.93,99.08,98.81,98.945,23983.00
2026-01-21 12:10:00-05:00,98.956,99.26,98.81,99.11,25914.00
2026-01-21 12:15:00-05:00,99.14,99.32,98.85,99.22,17729.00
2026-01-21 12:20:00-05:00,99.15,99.425,99.07,99.21,13008.00
2026-01-21 12:25:00-05:00,99.2,99.225,98.98,99.13,7758.00
2026-01-21 12:30:00-05:00,99.08,99.2,98.7701,99.2,13720.00
2026-01-21 12:35:00-05:00,99.205,99.205,98.595,98.675,11268.00
2026-01-21 12:40:00-05:00,98.725,98.73,98.51,98.615,8108.00
2026-01-21 12:45:00-05:00,98.56,98.75,98.5101,98.595,9625.00
2026-01-21 12:50:00-05:00,98.655,98.835,98.65,98.695,10801.00
2026-01-21 12:55:00-05:00,98.695,99.005,98.61,98.98,19860.00
2026-01-21 13:00:00-05:00,98.98,99.0699,98.68,98.8,14024.00
2026-01-21 13:05:00-05:00,98.775,98.89,98.4475,98.665,25616.00
2026-01-21 13:10:00-05:00,98.645,98.8,98.63,98.635,9355.00
2026-01-21 13:15:00-05:00,98.635,98.635,98.4,98.485,10840.00
2026-01-21 13:20:00-05:00,98.48,98.48,98.2,98.215,10913.00
2026-01-21 13:25:00-05:00,98.18,98.43,98.18,98.235,12799.00
2026-01-21 13:30:00-05:00,98.33,98.82,98.33,98.635,32707.00
2026-01-21 13:35:00-05:00,98.56,98.56,98.11,98.29,10677.00
2026-01-21 13:40:00-05:00,98.25,98.36,98.16,98.36,9074.00
2026-01-21 13:45:00-05:00,98.25,98.51,98.245,98.47,7618.00
2026-01-21 13:50:00-05:00,98.46,98.6,98.43,98.59,10203.00
2026-01-21 13:55:00-05:00,98.47,98.58,98.34,98.45,11651.00
2026-01-21 14:00:00-05:00,98.49,98.56,98.31,98.33,8678.00
2026-01-21 14:05:00-05:00,98.4,98.45,98.26,98.45,8421.00
2026-01-21 14:10:00-05:00,98.475,98.51,98.365,98.365,8189.00
2026-01-21 14:15:00-05:00,98.36,98.55,98.34,98.48,12374.00
2026-01-21 14:20:00-05:00,98.46,98.57,98.46,98.56,6111.00
2026-01-21 14:25:00-05:00,98.56,99.32,98.43,99.32,21002.00
2026-01-21 14:30:00-05:00,99.32,99.62,99.2901,99.52,18758.00
2026-01-21 14:35:00-05:00,99.525,100.1,99.27,99.71,16759.00
2026-01-21 14:40:00-05:00,99.63,99.88,99.43,99.83,9532.00
2026-01-21 14:45:00-05:00,99.88,99.9,99.34,99.39,24127.00
2026-01-21 14:50:00-05:00,99.415,99.415,99.0601,99.31,21589.00
2026-01-21 14:55:00-05:00,99.3,99.52,99.17,99.4,23519.00
2026-01-21 15:00:00-05:00,99.37,99.5043,99.2501,99.31,23647.00
2026-01-21 15:05:00-05:00,99.265,99.39,99.135,99.38,19727.00
2026-01-21 15:10:00-05:00,99.38,99.86,99.38,99.8,19646.00
2026-01-21 15:15:00-05:00,99.89,99.95,99.6,99.83,21980.00
2026-01-21 15:20:00-05:00,99.75,99.87,99.6601,99.72,19775.00
2026-01-21 15:25:00-05:00,99.68,99.875,99.49,99.73,15533.00
2026-01-21 15:30:00-05:00,99.77,99.81,99.62,99.774,28201.00
2026-01-21 15:35:00-05:00,99.725,99.88,99.68,99.78,25468.00
2026-01-21 15:40:00-05:00,99.765,99.8,99.553,99.68,32788.00
2026-01-21 15:45:00-05:00,99.73,99.82,99.57,99.64,43899.00
2026-01-21 15:50:00-05:00,99.64,99.68,99.54,99.6,60755.00
2026-01-21 15:55:00-05:00,99.6,99.64,98.94,98.96,263379.00
2026-01-22 09:30:00-05:00,100.07,101.37,99,100.29,39075.00
2026-01-22 09:35:00-05:00,100.29,101.5,100.2682,100.94,17892.00
2026-01-22 09:40:00-05:00,100.94,101.1,100.3,100.3988,15928.00
2026-01-22 09:45:00-05:00,100.29,100.4,99.38,99.38,12601.00
2026-01-22 09:50:00-05:00,99.5774,99.81,99.32,99.49,14308.00
2026-01-22 09:55:00-05:00,99.7,99.7,99.2,99.41,7895.00
2026-01-22 10:00:00-05:00,99.38,99.79,99.36,99.38,14528.00
2026-01-22 10:05:00-05:00,99.31,99.48,98.86,99.38,20328.00
2026-01-22 10:10:00-05:00,99.335,99.81,99.2,99.64,8471.00
2026-01-22 10:15:00-05:00,99.82,99.83,99.51,99.79,11731.00
2026-01-22 10:20:00-05:00,99.83,99.94,99.3,99.4,19377.00
2026-01-22 10:25:00-05:00,99.31,99.41,99.15,99.29,21625.00
2026-01-22 10:30:00-05:00,99.27,99.43,99.19,99.19,14985.00
2026-01-22 10:35:00-05:00,99.43,99.45,99.195,99.335,11824.00
2026-01-22 10:40:00-05:00,99.2,99.37,99.2,99.25,6969.00
2026-01-22 10:45:00-05:00,99.25,99.29,99.1,99.1,10046.00
2026-01-22 10:50:00-05:00,99.135,99.22,98.975,98.98,7073.00
2026-01-22 10:55:00-05:00,98.975,99.05,98.5128,98.57,12324.00
2026-01-22 11:00:00-05:00,98.57,98.72,98.345,98.67,19555.00
2026-01-22 11:05:00-05:00,98.68,98.81,98.43,98.765,13214.00
2026-01-22 11:10:00-05:00,98.775,99.16,98.67,99.03,8786.00
2026-01-22 11:15:00-05:00,98.88,99.08,98.85,99.08,7245.00
2026-01-22 11:20:00-05:00,99.055,99.15,98.955,99.12,13704.00
2026-01-22 11:25:00-05:00,99.125,99.2,99.06,99.18,8129.00
2026-01-22 11:30:00-05:00,99.26,99.495,99.1701,99.25,16425.00
2026-01-22 11:35:00-05:00,99.255,99.38,99.245,99.38,7138.00
2026-01-22 11:40:00-05:00,99.36,99.37,99.25,99.325,4074.00
2026-01-22 11:45:00-05:00,99.325,99.44,99.22,99.22,9255.00
2026-01-22 11:50:00-05:00,99.22,99.3414,99.12,99.175,5947.00
2026-01-22 11:55:00-05:00,99.18,99.19,99.04,99.155,9447.00
2026-01-22 12:00:00-05:00,99.155,99.36,99.0825,99.28,15161.00
2026-01-22 12:05:00-05:00,99.35,99.65,99.23,99.65,9547.00
2026-01-22 12:10:00-05:00,99.585,99.585,99.24,99.24,5493.00
2026-01-22 12:15:00-05:00,99.4,99.43,99.01,99.04,9082.00
2026-01-22 12:20:00-05:00,99.04,99.04,98.89,98.94,8215.00
2026-01-22 12:25:00-05:00,98.94,99.13,98.94,99.07,7518.00
2026-01-22 12:30:00-05:00,99.07,99.12,98.935,98.965,9112.00
2026-01-22 12:35:00-05:00,98.965,99.04,98.9,99.015,6566.00
2026-01-22 12:40:00-05:00,98.96,99.1025,98.96,99.05,6313.00
2026-01-22 12:45:00-05:00,99.03,99.1101,98.945,98.945,5315.00
2026-01-22 12:50:00-05:00,98.83,98.97,98.77,98.86,12096.00
2026-01-22 12:55:00-05:00,98.845,98.86,98.74,98.86,6157.00
2026-01-22 13:00:00-05:00,98.82,98.83,98.35,98.419,14027.00
2026-01-22 13:05:00-05:00,98.45,98.45,98.11,98.11,6309.00
2026-01-22 13:10:00-05:00,98.12,98.125,97.8841,98.01,12559.00
2026-01-22 13:15:00-05:00,98.04,98.2399,97.92,98.12,21768.00
2026-01-22 13:20:00-05:00,98.15,98.15,98,98.13,7446.00
2026-01-22 13:25:00-05:00,98.105,98.15,98.04,98.065,8518.00
2026-01-22 13:30:00-05:00,98.09,98.13,98,98.02,9386.00
2026-01-22 13:35:00-05:00,98.06,98.07,97.9,97.955,5483.00
2026-01-22 13:40:00-05:00,98.01,98.08,97.96,97.979,14278.00
2026-01-22 13:45:00-05:00,97.89,98.07,97.81,98.01,9319.00
2026-01-22 13:50:00-05:00,98,98,97.84,97.84,4335.00
2026-01-22 13:55:00-05:00,97.885,97.93,97.84,97.905,5131.00
2026-01-22 14:00:00-05:00,97.97,98.02,97.82,97.96,10381.00
2026-01-22 14:05:00-05:00,97.905,97.97,97.72,97.91,14664.00
2026-01-22 14:10:00-05:00,97.93,98.235,97.925,98.175,21335.00
2026-01-22 14:15:00-05:00,98.16,98.16,97.875,98.05,10322.00
2026-01-22 14:20:00-05:00,98.05,98.21,97.99,98.21,8568.00
2026-01-22 14:25:00-05:00,98.23,98.28,98.04,98.09,9103.00
2026-01-22 14:30:00-05:00,98.09,98.15,97.93,97.995,8470.00
2026-01-22 14:35:00-05:00,97.94,97.99,97.8,97.9,8375.00
2026-01-22 14:40:00-05:00,97.895,97.895,97.75,97.81,7416.00
2026-01-22 14:45:00-05:00,97.76,97.81,97.62,97.625,9209.00
2026-01-22 14:50:00-05:00,97.62,97.6699,97.13,97.13,18355.00
2026-01-22 14:55:00-05:00,97.16,97.31,97.03,97.17,20126.00
2026-01-22 15:00:00-05:00,97.07,97.295,97.06,97.21,14484.00
2026-01-22 15:05:00-05:00,97.17,97.2548,97.01,97.07,10699.00
2026-01-22 15:10:00-05:00,97.07,97.24,96.94,97.23,17477.00
2026-01-22 15:15:00-05:00,97.19,97.23,97.07,97.075,11531.00
2026-01-22 15:20:00-05:00,97.075,97.24,97.075,97.2225,9145.00
2026-01-22 15:25:00-05:00,97.27,97.37,97.16,97.275,14669.00
2026-01-22 15:30:00-05:00,97.17,97.255,97.11,97.15,20559.00
2026-01-22 15:35:00-05:00,97.14,97.22,97.085,97.19,20213.00
2026-01-22 15:40:00-05:00,97.19,97.19,97.05,97.13,26162.00
2026-01-22 15:45:00-05:00,97.105,97.13,97.02,97.08,32549.00
2026-01-22 15:50:00-05:00,97.1,97.56,97.08,97.12,66984.00
2026-01-22 15:55:00-05:00,97.23,97.47,97.105,97.45,238700.00
2026-01-23 09:30:00-05:00,96.97,97.37,96.5,97.11,24505.00
2026-01-23 09:35:00-05:00,97.13,97.7199,96.5501,97.055,11829.00
2026-01-23 09:40:00-05:00,97.01,97.36,96.955,97.27,10874.00
2026-01-23 09:45:00-05:00,97.13,97.13,96.76,96.885,15569.00
2026-01-23 09:50:00-05:00,96.885,96.89,96.1,96.23,12047.00
2026-01-23 09:55:00-05:00,96.35,96.71,96.35,96.61,13051.00
2026-01-23 10:00:00-05:00,96.72,96.785,96.42,96.53,24561.00
2026-01-23 10:05:00-05:00,96.45,96.54,95.725,95.735,17900.00
2026-01-23 10:10:00-05:00,95.79,95.85,95.4819,95.84,14419.00
2026-01-23 10:15:00-05:00,95.83,95.93,95.2302,95.2577,14646.00
2026-01-23 10:20:00-05:00,95.3999,95.495,95.19,95.2,17474.00
2026-01-23 10:25:00-05:00,95.19,95.2028,94.72,95.19,21087.00
2026-01-23 10:30:00-05:00,95.19,95.19,94.85,94.85,17225.00
2026-01-23 10:35:00-05:00,94.805,94.895,94.5,94.715,41893.00
2026-01-23 10:40:00-05:00,94.74,94.96,94.58,94.925,21910.00
2026-01-23 10:45:00-05:00,94.86,95.06,94.83,94.92,16109.00
2026-01-23 10:50:00-05:00,94.85,95.03,94.66,94.94,14333.00
2026-01-23 10:55:00-05:00,95.01,95.16,94.9001,95,23332.00
2026-01-23 11:00:00-05:00,95,95.12,94.95,95.115,15377.00
2026-01-23 11:05:00-05:00,95.13,95.51,95.0801,95.39,19698.00
2026-01-23 11:10:00-05:00,95.37,95.5,95.21,95.21,8156.00
2026-01-23 11:15:00-05:00,95.23,95.37,95.13,95.37,11870.00
2026-01-23 11:20:00-05:00,95.2,95.235,94.92,94.95,19714.00
2026-01-23 11:25:00-05:00,94.965,95.07,94.79,94.9551,14707.00
2026-01-23 11:30:00-05:00,95.03,95.03,94.8853,94.9,5980.00
2026-01-23 11:35:00-05:00,94.97,94.99,94.82,94.9,10024.00
2026-01-23 11:40:00-05:00,94.84,94.84,94.64,94.725,16183.00
2026-01-23 11:45:00-05:00,94.725,94.95,94.64,94.9,8324.00
2026-01-23 11:50:00-05:00,94.962,94.9942,94.8,94.85,8670.00
2026-01-23 11:55:00-05:00,94.7401,95.1,94.7401,95.035,7690.00
2026-01-23 12:00:00-05:00,95,95.135,94.88,95.05,15247.00
2026-01-23 12:05:00-05:00,95.05,95.15,94.985,95.01,8540.00
2026-01-23 12:10:00-05:00,94.99,95.0799,94.8,94.825,7880.00
2026-01-23 12:15:00-05:00,94.84,95.02,94.8,94.86,13255.00
2026-01-23 12:20:00-05:00,94.88,95.17,94.86,95.17,12081.00
2026-01-23 12:25:00-05:00,95.12,95.22,94.95,94.98,12739.00
2026-01-23 12:30:00-05:00,94.975,95.0499,94.88,94.94,5524.00
2026-01-23 12:35:00-05:00,94.94,95.12,94.9,94.95,8377.00
2026-01-23 12:40:00-05:00,94.85,94.91,94.77,94.8375,11415.00
2026-01-23 12:45:00-05:00,94.7801,94.94,94.78,94.855,11122.00
2026-01-23 12:50:00-05:00,94.8,94.845,94.73,94.82,8051.00
2026-01-23 12:55:00-05:00,94.7601,94.94,94.72,94.94,14089.00
2026-01-23 13:00:00-05:00,94.94,95.03,94.93,94.99,9990.00
2026-01-23 13:05:00-05:00,94.99,95,94.9,94.92,10056.00
2026-01-23 13:10:00-05:00,94.86,94.94,94.78,94.8,11028.00
2026-01-23 13:15:00-05:00,94.79,94.845,94.52,94.54,21137.00
2026-01-23 13:20:00-05:00,94.55,94.59,94.48,94.59,8863.00
2026-01-23 13:25:00-05:00,94.5,94.65,94.45,94.5144,10946.00
2026-01-23 13:30:00-05:00,94.47,94.6599,94.47,94.59,6881.00
2026-01-23 13:35:00-05:00,94.6,94.74,94.54,94.6,16615.00
2026-01-23 13:40:00-05:00,94.66,94.66,94.6,94.6,5581.00
2026-01-23 13:45:00-05:00,94.59,94.61,94.3,94.39,20462.00
2026-01-23 13:50:00-05:00,94.39,94.39,94.12,94.37,22853.00
2026-01-23 13:55:00-05:00,94.305,94.395,94.22,94.22,10298.00
2026-01-23 14:00:00-05:00,94.17,94.5,94.14,94.5,18293.00
2026-01-23 14:05:00-05:00,94.4401,94.71,94.4401,94.69,5894.00
2026-01-23 14:10:00-05:00,94.65,94.83,94.62,94.805,7957.00
2026-01-23 14:15:00-05:00,94.805,94.85,94.65,94.7,14269.00
2026-01-23 14:20:00-05:00,94.74,94.82,94.62,94.74,8664.00
2026-01-23 14:25:00-05:00,94.735,94.77,94.615,94.66,9511.00
2026-01-23 14:30:00-05:00,94.66,94.66,94.44,94.48,10650.00
2026-01-23 14:35:00-05:00,94.47,94.82,94.46,94.71,28513.00
2026-01-23 14:40:00-05:00,94.705,94.84,94.64,94.835,11038.00
2026-01-23 14:45:00-05:00,94.835,94.88,94.755,94.775,15551.00
2026-01-23 14:50:00-05:00,94.82,95.03,94.75,94.94,14862.00
2026-01-23 14:55:00-05:00,94.975,95.145,94.95,95.145,20888.00
2026-01-23 15:00:00-05:00,95.14,95.19,95,95.08,13342.00
2026-01-23 15:05:00-05:00,95.085,95.23,95.085,95.11,14320.00
2026-01-23 15:10:00-05:00,95.105,95.2,95.08,95.15,9976.00
2026-01-23 15:15:00-05:00,95.145,95.26,95.06,95.23,21547.00
2026-01-23 15:20:00-05:00,95.235,95.35,95.2,95.265,16332.00
2026-01-23 15:25:00-05:00,95.3,95.3,95.1,95.23,19892.00
2026-01-23 15:30:00-05:00,95.23,95.6,95.22,95.435,48028.00
2026-01-23 15:35:00-05:00,95.435,95.54,95.27,95.38,24135.00
2026-01-23 15:40:00-05:00,95.425,95.65,95.425,95.585,31871.00
2026-01-23 15:45:00-05:00,95.57,95.74,95.5,95.71,47616.00
2026-01-23 15:50:00-05:00,95.72,96.1,95.72,96.085,80195.00
2026-01-23 15:55:00-05:00,96.11,96.31,96.08,96.3,184299.00
2026-01-26 09:30:00-05:00,96.3,97.75,96.18,97.485,44497.00
2026-01-26 09:35:00-05:00,97.4925,97.62,96.9101,97.095,26554.00
2026-01-26 09:40:00-05:00,97.1,97.68,96.97,97.39,24292.00
2026-01-26 09:45:00-05:00,97.36,97.97,97.36,97.38,10716.00
2026-01-26 09:50:00-05:00,97.09,97.32,97,97.1696,9023.00
2026-01-26 09:55:00-05:00,97.04,97.12,96.67,96.7,11671.00
2026-01-26 10:00:00-05:00,96.87,97.21,96.16,96.345,35408.00
2026-01-26 10:05:00-05:00,96.53,96.87,96.53,96.69,8886.00
2026-01-26 10:10:00-05:00,96.91,97.38,96.705,96.9,18564.00
2026-01-26 10:15:00-05:00,96.84,97.31,96.84,97.2387,7526.00
2026-01-26 10:20:00-05:00,97.09,97.19,96.81,96.81,7232.00
2026-01-26 10:25:00-05:00,96.68,96.74,96.54,96.71,11112.00
2026-01-26 10:30:00-05:00,96.65,97.05,96.65,96.97,6960.00
2026-01-26 10:35:00-05:00,96.99,97.09,96.89,96.98,3575.00
2026-01-26 10:40:00-05:00,96.91,96.91,96.59,96.59,9644.00
2026-01-26 10:45:00-05:00,96.6,96.86,96.41,96.86,15920.00
2026-01-26 10:50:00-05:00,96.95,97.13,96.7401,96.765,11024.00
2026-01-26 10:55:00-05:00,96.79,96.94,96.6601,96.94,6987.00
2026-01-26 11:00:00-05:00,96.98,96.98,96.44,96.72,15875.00
2026-01-26 11:05:00-05:00,96.67,96.76,96.3601,96.745,12747.00
2026-01-26 11:10:00-05:00,96.66,96.66,96.3601,96.51,8813.00
2026-01-26 11:15:00-05:00,96.48,96.49,96.32,96.46,8006.00
2026-01-26 11:20:00-05:00,96.5,96.5,96.28,96.43,7586.00
2026-01-26 11:25:00-05:00,96.52,97,96.51,96.95,13677.00
2026-01-26 11:30:00-05:00,96.95,97,96.61,96.61,8199.00
2026-01-26 11:35:00-05:00,96.59,96.79,96.52,96.725,5119.00
2026-01-26 11:40:00-05:00,96.63,96.7,96.5201,96.61,8003.00
2026-01-26 11:45:00-05:00,96.625,97.01,96.53,97.01,11007.00
2026-01-26 11:50:00-05:00,96.94,97.015,96.85,97.015,9955.00
2026-01-26 11:55:00-05:00,97.025,97.13,96.9,96.94,10797.00
2026-01-26 12:00:00-05:00,96.93,96.99,96.6701,96.835,17509.00
2026-01-26 12:05:00-05:00,96.8,96.845,96.725,96.785,6301.00
2026-01-26 12:10:00-05:00,96.86,96.94,96.8101,96.88,6013.00
2026-01-26 12:15:00-05:00,96.94,96.94,96.75,96.855,11133.00
2026-01-26 12:20:00-05:00,96.83,96.93,96.83,96.84,9040.00
2026-01-26 12:25:00-05:00,96.88,97,96.88,96.96,6201.00
2026-01-26 12:30:00-05:00,96.95,97.02,96.75,96.75,9326.00
2026-01-26 12:35:00-05:00,96.82,97.005,96.82,96.94,7697.00
2026-01-26 12:40:00-05:00,96.94,96.94,96.77,96.815,4948.00
2026-01-26 12:45:00-05:00,96.85,96.91,96.775,96.84,5281.00
2026-01-26 12:50:00-05:00,96.83,96.84,96.56,96.56,6717.00
2026-01-26 12:55:00-05:00,96.63,96.82,96.57,96.76,6601.00
2026-01-26 13:00:00-05:00,96.77,96.88,96.43,96.43,7435.00
2026-01-26 13:05:00-05:00,96.58,96.58,96.3401,96.42,6115.00
2026-01-26 13:10:00-05:00,96.41,96.41,96.2,96.2,5989.00
2026-01-26 13:15:00-05:00,96.2,96.24,96.16,96.23,6364.00
2026-01-26 13:20:00-05:00,96.1701,96.22,96.0301,96.15,7867.00
2026-01-26 13:25:00-05:00,96.15,96.39,96.15,96.38,6161.00
2026-01-26 13:30:00-05:00,96.41,96.44,96.2001,96.295,5519.00
2026-01-26 13:35:00-05:00,96.39,96.39,96.1,96.1,5816.00
2026-01-26 13:40:00-05:00,96.1,96.21,96.1,96.1001,4338.00
2026-01-26 13:45:00-05:00,96.21,96.21,96.0701,96.14,3366.00
2026-01-26 13:50:00-05:00,96.16,96.185,96.1401,96.185,2641.00
2026-01-26 13:55:00-05:00,96.22,96.265,96.155,96.21,8854.00
2026-01-26 14:00:00-05:00,96.1921,96.235,96.17,96.17,3408.00
2026-01-26 14:05:00-05:00,96.185,96.29,96.145,96.2301,6938.00
2026-01-26 14:10:00-05:00,96.3199,96.43,96.13,96.13,7779.00
2026-01-26 14:15:00-05:00,96.03,96.215,96.01,96.16,4550.00
2026-01-26 14:20:00-05:00,96.23,96.32,96.1001,96.32,9077.00
2026-01-26 14:25:00-05:00,96.325,96.54,96.325,96.44,6518.00
2026-01-26 14:30:00-05:00,96.49,96.61,96.49,96.585,3012.00
2026-01-26 14:35:00-05:00,96.535,96.535,96.4,96.52,6539.00
2026-01-26 14:40:00-05:00,96.55,96.735,96.51,96.575,12935.00
2026-01-26 14:45:00-05:00,96.625,96.69,96.54,96.69,7195.00
2026-01-26 14:50:00-05:00,96.666,96.666,96.55,96.65,6037.00
2026-01-26 14:55:00-05:00,96.56,96.7,96.56,96.7,14667.00
2026-01-26 15:00:00-05:00,96.685,97.2599,96.595,97.075,29779.00
2026-01-26 15:05:00-05:00,97.03,97.1981,96.99,97.13,9708.00
2026-01-26 15:10:00-05:00,97.12,97.25,97.02,97.215,10351.00
2026-01-26 15:15:00-05:00,97.26,97.315,97.0783,97.15,12459.00
2026-01-26 15:20:00-05:00,97.07,97.08,96.93,97.035,12831.00
2026-01-26 15:25:00-05:00,97.04,97.05,96.9,96.94,7329.00
2026-01-26 15:30:00-05:00,96.88,96.97,96.81,96.95,11319.00
2026-01-26 15:35:00-05:00,96.99,97.16,96.9,96.9,13378.00
2026-01-26 15:40:00-05:00,96.78,96.95,96.735,96.87,12709.00
2026-01-26 15:45:00-05:00,97,97.04,96.81,96.875,18512.00
2026-01-26 15:50:00-05:00,96.9,97.05,96.785,96.82,51098.00
2026-01-26 15:55:00-05:00,96.82,97.09,96.725,97.01,185501.00
2026-01-27 09:30:00-05:00,98,98,97.395,97.49,13416.00
2026-01-27 09:35:00-05:00,97.49,97.96,97.1161,97.2725,7247.00
2026-01-27 09:40:00-05:00,97.265,97.56,97.2,97.22,9002.00
2026-01-27 09:45:00-05:00,97,97.215,96.225,96.225,16299.00
2026-01-27 09:50:00-05:00,96.41,96.47,95.745,95.93,11797.00
2026-01-27 09:55:00-05:00,95.79,95.8,95.3275,95.3815,8378.00
2026-01-27 10:00:00-05:00,95.36,96.04,95.36,96.04,12481.00
2026-01-27 10:05:00-05:00,96,96.28,95.935,96.12,11715.00
2026-01-27 10:10:00-05:00,96.12,96.19,95.83,96.16,12380.00
2026-01-27 10:15:00-05:00,96.14,96.69,96.14,96.48,15753.00
2026-01-27 10:20:00-05:00,96.495,96.586,96.245,96.45,9854.00
2026-01-27 10:25:00-05:00,96.43,96.43,96.39,96.405,2250.00
2026-01-27 10:30:00-05:00,96.47,96.51,96.3042,96.3042,6802.00
2026-01-27 10:35:00-05:00,96.43,96.66,96.43,96.58,9411.00
2026-01-27 10:40:00-05:00,96.63,96.66,96.425,96.5,8984.00
2026-01-27 10:45:00-05:00,96.455,96.56,96.31,96.31,6491.00
2026-01-27 10:50:00-05:00,96.39,96.39,96.29,96.3,3641.00
2026-01-27 10:55:00-05:00,96.29,96.43,96.21,96.43,7563.00
2026-01-27 11:00:00-05:00,96.47,96.49,96.13,96.14,6463.00
2026-01-27 11:05:00-05:00,96.12,96.16,96.02,96.06,10155.00
2026-01-27 11:10:00-05:00,96,96.09,95.95,96.02,6848.00
2026-01-27 11:15:00-05:00,96.01,96.07,95.975,96.07,8294.00
2026-01-27 11:20:00-05:00,96.05,96.1,96.02,96.06,3706.00
2026-01-27 11:25:00-05:00,96.06,96.06,95.955,95.99,8001.00
2026-01-27 11:30:00-05:00,95.99,95.99,95.87,95.91,9770.00
2026-01-27 11:35:00-05:00,95.97,95.97,95.79,95.79,4811.00
2026-01-27 11:40:00-05:00,95.79,96.01,95.79,95.96,8483.00
2026-01-27 11:45:00-05:00,95.89,95.935,95.82,95.85,6164.00
2026-01-27 11:50:00-05:00,95.875,95.97,95.83,95.845,5451.00
2026-01-27 11:55:00-05:00,95.845,95.96,95.775,95.96,6685.00
2026-01-27 12:00:00-05:00,95.96,96.38,95.89,96.36,37004.00
2026-01-27 12:05:00-05:00,96.245,96.4,96.245,96.28,4533.00
2026-01-27 12:10:00-05:00,96.29,96.34,96.25,96.29,3681.00
2026-01-27 12:15:00-05:00,96.27,96.34,96.17,96.17,4850.00
2026-01-27 12:20:00-05:00,96.16,96.21,96.095,96.095,2587.00
2026-01-27 12:25:00-05:00,96.095,96.21,96.095,96.17,4986.00
2026-01-27 12:30:00-05:00,96.155,96.23,96.09,96.16,5756.00
2026-01-27 12:35:00-05:00,96.18,96.23,96.06,96.23,9414.00
2026-01-27 12:40:00-05:00,96.15,96.25,96.15,96.21,2367.00
2026-01-27 12:45:00-05:00,96.22,96.32,96.19,96.32,5651.00
2026-01-27 12:50:00-05:00,96.3,96.32,96.18,96.18,6965.00
2026-01-27 12:55:00-05:00,96.21,96.31,96.16,96.16,5390.00
2026-01-27 13:00:00-05:00,96.24,96.3,96.21,96.285,3048.00
2026-01-27 13:05:00-05:00,96.23,96.36,96.215,96.3,5972.00
2026-01-27 13:10:00-05:00,96.29,96.53,96.29,96.52,5775.00
2026-01-27 13:15:00-05:00,96.505,96.535,96.395,96.475,5346.00
2026-01-27 13:20:00-05:00,96.475,96.53,96.42,96.495,6202.00
2026-01-27 13:25:00-05:00,96.512,96.81,96.411,96.66,15895.00
2026-01-27 13:30:00-05:00,96.675,96.72,96.63,96.67,12036.00
2026-01-27 13:35:00-05:00,96.67,96.85,96.6301,96.68,10204.00
2026-01-27 13:40:00-05:00,96.685,96.77,96.51,96.51,15813.00
2026-01-27 13:45:00-05:00,96.46,96.67,96.435,96.63,6767.00
2026-01-27 13:50:00-05:00,96.69,96.71,96.545,96.625,5540.00
2026-01-27 13:55:00-05:00,96.655,96.72,96.445,96.505,7859.00
2026-01-27 14:00:00-05:00,96.47,96.54,96.46,96.5,6876.00
2026-01-27 14:05:00-05:00,96.515,96.67,96.515,96.595,8544.00
2026-01-27 14:10:00-05:00,96.69,96.87,96.69,96.845,4388.00
2026-01-27 14:15:00-05:00,96.85,96.91,96.73,96.73,8503.00
2026-01-27 14:20:00-05:00,96.67,96.89,96.67,96.84,4596.00
2026-01-27 14:25:00-05:00,96.83,96.96,96.79,96.81,9316.00
2026-01-27 14:30:00-05:00,96.8,96.84,96.78,96.78,5397.00
2026-01-27 14:35:00-05:00,96.79,96.88,96.785,96.82,4929.00
2026-01-27 14:40:00-05:00,96.79,96.83,96.735,96.83,6075.00
2026-01-27 14:45:00-05:00,96.83,96.86,96.79,96.8,6161.00
2026-01-27 14:50:00-05:00,96.84,96.845,96.7,96.8299,7020.00
2026-01-27 14:55:00-05:00,96.83,96.83,96.735,96.82,5640.00
2026-01-27 15:00:00-05:00,96.74,96.81,96.56,96.79,14730.00
2026-01-27 15:05:00-05:00,96.785,96.9,96.71,96.7599,13811.00
2026-01-27 15:10:00-05:00,96.7125,96.76,96.65,96.755,11196.00
2026-01-27 15:15:00-05:00,96.745,96.99,96.66,96.91,18919.00
2026-01-27 15:20:00-05:00,96.91,97,96.91,96.955,9629.00
2026-01-27 15:25:00-05:00,96.955,96.98,96.73,96.75,14359.00
2026-01-27 15:30:00-05:00,96.72,96.9,96.72,96.82,21865.00
2026-01-27 15:35:00-05:00,96.85,96.91,96.76,96.78,14912.00
2026-01-27 15:40:00-05:00,96.77,97.16,96.77,97.16,29008.00
2026-01-27 15:45:00-05:00,97.125,97.18,96.97,97.01,29875.00
2026-01-27 15:50:00-05:00,97.01,97.24,97.01,97.14,34080.00
2026-01-27 15:55:00-05:00,97.16,97.74,97.16,97.68,174975.00
2026-01-28 09:30:00-05:00,97.47,98.25,96.485,96.72,18706.00
2026-01-28 09:35:00-05:00,96.51,96.715,96.51,96.715,1132.00
2026-01-28 09:40:00-05:00,96.93,97.44,96.65,96.74,6953.00
2026-01-28 09:45:00-05:00,96.98,97.26,96.96,97.15,5092.00
2026-01-28 09:50:00-05:00,97.16,98.25,97.16,98.12,15102.00
2026-01-28 09:55:00-05:00,98.205,98.275,97.93,98.2,8739.00
2026-01-28 10:00:00-05:00,98.27,98.928,97.93,98.695,16846.00
2026-01-28 10:05:00-05:00,98.7,98.7,98.155,98.155,7349.00
2026-01-28 10:10:00-05:00,98.21,98.22,97.96,98.155,9504.00
2026-01-28 10:15:00-05:00,98.29,98.315,98.14,98.17,8258.00
2026-01-28 10:20:00-05:00,98.1725,98.3,98.03,98.13,3665.00
2026-01-28 10:25:00-05:00,98.02,98.27,97.95,98.205,6023.00
2026-01-28 10:30:00-05:00,98.2,98.3,97.7686,97.965,8107.00
2026-01-28 10:35:00-05:00,98.17,98.305,98,98.26,5718.00
2026-01-28 10:40:00-05:00,98.215,98.25,97.995,98.25,4888.00
2026-01-28 10:45:00-05:00,98.13,98.27,98.005,98.005,4932.00
2026-01-28 10:50:00-05:00,98.08,98.52,97.79,97.79,43752.00
2026-01-28 10:55:00-05:00,98,98.07,97.84,97.84,4825.00
2026-01-28 11:00:00-05:00,97.8,97.94,97.72,97.75,8403.00
2026-01-28 11:05:00-05:00,97.82,97.85,97.51,97.51,4621.00
2026-01-28 11:10:00-05:00,97.64,97.7,97.43,97.435,4376.00
2026-01-28 11:15:00-05:00,97.41,97.465,97.22,97.22,3221.00
2026-01-28 11:20:00-05:00,97.04,97.23,97.04,97.19,5868.00
2026-01-28 11:25:00-05:00,97.2,97.38,97.105,97.21,9923.00
2026-01-28 11:30:00-05:00,97.115,97.115,96.865,96.865,4643.00
2026-01-28 11:35:00-05:00,96.76,96.83,96.58,96.615,14535.00
2026-01-28 11:40:00-05:00,96.59,96.6099,96.44,96.525,5137.00
2026-01-28 11:45:00-05:00,96.525,96.69,96.525,96.565,6801.00
2026-01-28 11:50:00-05:00,96.6,96.97,96.57,96.97,6559.00
2026-01-28 11:55:00-05:00,96.94,97.22,96.89,97.145,8656.00
2026-01-28 12:00:00-05:00,97.145,97.22,97.055,97.11,3929.00
2026-01-28 12:05:00-05:00,97.2375,97.2375,97.08,97.135,4830.00
2026-01-28 12:10:00-05:00,97.08,97.095,96.915,96.915,8109.00
2026-01-28 12:15:00-05:00,96.86,97.015,96.86,97.015,10609.00
2026-01-28 12:20:00-05:00,96.95,97.08,96.92,97.0725,8755.00
2026-01-28 12:25:00-05:00,97.015,97.07,96.99,97.02,4659.00
2026-01-28 12:30:00-05:00,96.96,96.98,96.89,96.96,3857.00
2026-01-28 12:35:00-05:00,96.965,96.99,96.9,96.915,4709.00
2026-01-28 12:40:00-05:00,96.93,96.95,96.8075,96.92,6017.00
2026-01-28 12:45:00-05:00,96.885,96.98,96.885,96.925,5207.00
2026-01-28 12:50:00-05:00,96.98,97.01,96.765,96.765,8812.00
2026-01-28 12:55:00-05:00,96.61,96.75,96.61,96.645,3100.00
2026-01-28 13:00:00-05:00,96.615,96.73,96.56,96.72,3092.00
2026-01-28 13:05:00-05:00,96.77,96.84,96.77,96.79,5524.00
2026-01-28 13:10:00-05:00,96.84,97.3,96.83,97.23,6774.00
2026-01-28 13:15:00-05:00,97.235,97.24,96.88,97.01,7602.00
2026-01-28 13:20:00-05:00,97.13,97.21,97.045,97.21,5426.00
2026-01-28 13:25:00-05:00,97.25,97.26,97.065,97.145,6447.00
2026-01-28 13:30:00-05:00,97.155,97.18,97.0958,97.145,4887.00
2026-01-28 13:35:00-05:00,97.24,97.31,97.13,97.31,5094.00
2026-01-28 13:40:00-05:00,97.24,97.31,97.19,97.19,4594.00
2026-01-28 13:45:00-05:00,97.235,97.37,97.235,97.34,5877.00
2026-01-28 13:50:00-05:00,97.4,97.515,97.33,97.33,7529.00
2026-01-28 13:55:00-05:00,97.28,97.39,97.22,97.35,3904.00
2026-01-28 14:00:00-05:00,97.38,97.45,97.18,97.35,11036.00
2026-01-28 14:05:00-05:00,97.255,97.6225,97.25,97.515,11686.00
2026-01-28 14:10:00-05:00,97.555,97.68,97.505,97.505,8895.00
2026-01-28 14:15:00-05:00,97.54,97.55,97.43,97.545,4391.00
2026-01-28 14:20:00-05:00,97.53,97.55,97.41,97.55,5894.00
2026-01-28 14:25:00-05:00,97.46,97.46,96.88,96.88,10763.00
2026-01-28 14:30:00-05:00,96.88,98.645,96.815,97.22,30303.00
2026-01-28 14:35:00-05:00,97.22,97.41,96.54,96.91,19436.00
2026-01-28 14:40:00-05:00,96.905,97.06,96.87,97.015,6952.00
2026-01-28 14:45:00-05:00,97.12,97.41,97.03,97.41,6322.00
2026-01-28 14:50:00-05:00,97.415,97.465,97.17,97.4075,14057.00
2026-01-28 14:55:00-05:00,97.31,97.32,97.0875,97.23,8094.00
2026-01-28 15:00:00-05:00,97.2185,97.45,97.14,97.39,8736.00
2026-01-28 15:05:00-05:00,97.33,97.39,97.22,97.32,7118.00
2026-01-28 15:10:00-05:00,97.335,97.3658,96.96,97.005,22605.00
2026-01-28 15:15:00-05:00,97.1214,97.19,96.79,96.79,16244.00
2026-01-28 15:20:00-05:00,96.76,97.04,96.72,96.73,20899.00
2026-01-28 15:25:00-05:00,96.73,96.86,96.275,96.275,21012.00
2026-01-28 15:30:00-05:00,96.275,96.4375,96.22,96.347,25357.00
2026-01-28 15:35:00-05:00,96.42,96.81,96.33,96.8,28537.00
2026-01-28 15:40:00-05:00,96.8,96.8,96.48,96.59,16731.00
2026-01-28 15:45:00-05:00,96.65,96.835,96.54,96.815,28555.00
2026-01-28 15:50:00-05:00,96.86,97.045,96.7,96.82,52862.00
2026-01-28 15:55:00-05:00,96.895,96.895,96.49,96.5,162261.00
2026-01-29 09:30:00-05:00,96,97.19,96,96.78,27181.00
2026-01-29 09:35:00-05:00,96.3075,96.84,95.26,95.595,13275.00
2026-01-29 09:40:00-05:00,95.595,96.07,95.23,95.23,19738.00
2026-01-29 09:45:00-05:00,95.445,95.49,95.04,95.33,11226.00
2026-01-29 09:50:00-05:00,95.4525,95.57,95.18,95.47,5956.00
2026-01-29 09:55:00-05:00,95.65,95.83,95.29,95.395,10905.00
2026-01-29 10:00:00-05:00,95.42,95.58,95.14,95.21,7154.00
2026-01-29 10:05:00-05:00,95.18,95.715,95.18,95.685,5155.00
2026-01-29 10:10:00-05:00,95.58,95.58,94.61,94.96,21452.00
2026-01-29 10:15:00-05:00,95.09,95.29,95,95.02,8567.00
2026-01-29 10:20:00-05:00,95.19,95.3,95.0268,95.12,10756.00
2026-01-29 10:25:00-05:00,95.12,95.42,94.73,94.73,61757.00
2026-01-29 10:30:00-05:00,94.56,94.7125,94.22,94.22,21636.00
2026-01-29 10:35:00-05:00,94.12,94.22,93.82,93.82,21642.00
2026-01-29 10:40:00-05:00,93.8351,94.09,93.635,94.08,16083.00
2026-01-29 10:45:00-05:00,94.07,94.21,93.95,94.165,10763.00
2026-01-29 10:50:00-05:00,94.01,94.14,93.85,94,17879.00
2026-01-29 10:55:00-05:00,93.91,94.4198,93.85,94.35,15710.00
2026-01-29 11:00:00-05:00,94.21,94.21,93.97,94.085,14733.00
2026-01-29 11:05:00-05:00,94.085,94.12,93.84,93.935,14316.00
2026-01-29 11:10:00-05:00,93.88,94.42,93.79,94.365,13628.00
2026-01-29 11:15:00-05:00,94.38,94.48,94.27,94.355,13867.00
2026-01-29 11:20:00-05:00,94.3075,94.47,94.1,94.145,12978.00
2026-01-29 11:25:00-05:00,94.1175,94.23,93.81,93.92,9004.00
2026-01-29 11:30:00-05:00,93.92,94.06,93.845,93.845,12272.00
2026-01-29 11:35:00-05:00,93.75,93.765,93.6,93.71,10596.00
2026-01-29 11:40:00-05:00,93.725,93.865,93.7041,93.7041,14043.00
2026-01-29 11:45:00-05:00,93.775,93.825,93.5,93.5,23425.00
2026-01-29 11:50:00-05:00,93.47,93.55,93.145,93.145,10198.00
2026-01-29 11:55:00-05:00,93.145,93.27,93.08,93.17,9239.00
2026-01-29 12:00:00-05:00,93.16,93.24,92.995,93.12,17063.00
2026-01-29 12:05:00-05:00,93,93.14,92.77,93.125,20919.00
2026-01-29 12:10:00-05:00,93.135,93.29,92.99,93.29,21768.00
2026-01-29 12:15:00-05:00,93.29,93.43,93.1901,93.34,13570.00
2026-01-29 12:20:00-05:00,93.41,93.87,93.33,93.87,39847.00
2026-01-29 12:25:00-05:00,93.825,93.95,93.61,93.77,9495.00
2026-01-29 12:30:00-05:00,93.77,93.8,93.56,93.705,9818.00
2026-01-29 12:35:00-05:00,93.705,93.865,93.59,93.825,12179.00
2026-01-29 12:40:00-05:00,93.78,93.91,93.765,93.91,7584.00
2026-01-29 12:45:00-05:00,93.91,93.97,93.8101,93.95,9429.00
2026-01-29 12:50:00-05:00,93.87,94.18,93.87,93.91,7169.00
2026-01-29 12:55:00-05:00,93.97,94.02,93.88,93.97,7335.00
2026-01-29 13:00:00-05:00,93.8201,94.1,93.68,94.1,18380.00
2026-01-29 13:05:00-05:00,94.1,94.43,94.0601,94.145,13035.00
2026-01-29 13:10:00-05:00,94.145,94.42,94.11,94.36,7731.00
2026-01-29 13:15:00-05:00,94.36,94.62,94.335,94.45,17772.00
2026-01-29 13:20:00-05:00,94.445,94.57,94.34,94.34,12618.00
2026-01-29 13:25:00-05:00,94.33,94.5,94.295,94.395,10268.00
2026-01-29 13:30:00-05:00,94.445,94.445,94.31,94.44,8836.00
2026-01-29 13:35:00-05:00,94.405,94.52,94.405,94.47,8252.00
2026-01-29 13:40:00-05:00,94.47,94.62,94.46,94.46,8972.00
2026-01-29 13:45:00-05:00,94.54,94.54,94.395,94.48,7096.00
2026-01-29 13:50:00-05:00,94.47,94.475,94.22,94.22,8057.00
2026-01-29 13:55:00-05:00,94.23,94.38,94.02,94.02,15549.00
2026-01-29 14:00:00-05:00,94.005,94.43,93.98,94.355,14325.00
2026-01-29 14:05:00-05:00,94.41,94.44,94.32,94.325,4809.00
2026-01-29 14:10:00-05:00,94.325,94.4,94.19,94.19,9055.00
2026-01-29 14:15:00-05:00,94.185,94.3,94.12,94.185,6345.00
2026-01-29 14:20:00-05:00,94.185,94.39,94.18,94.21,9422.00
2026-01-29 14:25:00-05:00,94.23,94.29,94.15,94.18,5364.00
2026-01-29 14:30:00-05:00,94.17,94.25,93.58,93.66,18152.00
2026-01-29 14:35:00-05:00,93.655,93.94,93.51,93.59,16544.00
2026-01-29 14:40:00-05:00,93.59,93.83,93.51,93.715,10120.00
2026-01-29 14:45:00-05:00,93.725,94.03,93.715,93.825,12832.00
2026-01-29 14:50:00-05:00,93.75,93.9,93.67,93.9,13285.00
2026-01-29 14:55:00-05:00,93.9293,93.9293,93.405,93.405,13406.00
2026-01-29 15:00:00-05:00,93.38,93.57,93.38,93.51,21725.00
2026-01-29 15:05:00-05:00,93.51,93.67,93.4799,93.5901,16523.00
2026-01-29 15:10:00-05:00,93.68,93.77,93.465,93.58,20266.00
2026-01-29 15:15:00-05:00,93.585,93.6899,93.375,93.405,23823.00
2026-01-29 15:20:00-05:00,93.35,93.58,93.25,93.43,16615.00
2026-01-29 15:25:00-05:00,93.34,93.58,93.32,93.33,12410.00
2026-01-29 15:30:00-05:00,93.25,93.3,92.98,92.98,21225.00
2026-01-29 15:35:00-05:00,92.95,92.95,92.7201,92.77,29654.00
2026-01-29 15:40:00-05:00,92.75,92.97,92.7,92.87,34585.00
2026-01-29 15:45:00-05:00,92.88,93.07,92.88,93.03,54813.00
2026-01-29 15:50:00-05:00,93.09,93.51,93.05,93.4,82814.00
2026-01-29 15:55:00-05:00,93.4,93.88,93.4,93.86,183761.00
2026-01-30 09:30:00-05:00,94.59,96.555,93.8901,96.5,28548.00
2026-01-30 09:35:00-05:00,96.36,96.75,95.92,96.485,25201.00
2026-01-30 09:40:00-05:00,96.1001,96.61,95.16,95.54,26792.00
2026-01-30 09:45:00-05:00,95.69,96.2825,95.64,96.1,16427.00
2026-01-30 09:50:00-05:00,95.7201,96.27,95.7201,96.115,12322.00
2026-01-30 09:55:00-05:00,96.115,97.03,95.91,96.73,17768.00
2026-01-30 10:00:00-05:00,96.865,97.3,96.5,96.725,18213.00
2026-01-30 10:05:00-05:00,96.5701,97.19,96.5701,96.8,8354.00
2026-01-30 10:10:00-05:00,96.695,97.0399,96.65,96.81,9175.00
2026-01-30 10:15:00-05:00,96.8301,97.12,96.72,96.72,15098.00
2026-01-30 10:20:00-05:00,96.84,97.21,96.73,96.875,12426.00
2026-01-30 10:25:00-05:00,96.82,96.82,96.4,96.41,12565.00
2026-01-30 10:30:00-05:00,96.415,96.48,96.16,96.29,11659.00
2026-01-30 10:35:00-05:00,96.29,96.43,96.1601,96.42,9304.00
2026-01-30 10:40:00-05:00,96.43,96.555,96.305,96.36,8565.00
2026-01-30 10:45:00-05:00,96.2601,96.535,96.2601,96.445,8117.00
2026-01-30 10:50:00-05:00,96.56,96.635,96.44,96.53,8823.00
2026-01-30 10:55:00-05:00,96.4401,96.575,96.38,96.4,6869.00
2026-01-30 11:00:00-05:00,96.48,96.525,96.31,96.38,6411.00
2026-01-30 11:05:00-05:00,96.3001,96.52,96.3,96.35,6581.00
2026-01-30 11:10:00-05:00,96.29,96.37,96.27,96.29,6233.00
2026-01-30 11:15:00-05:00,96.1901,96.22,96.1,96.125,6881.00
2026-01-30 11:20:00-05:00,96.03,96.03,95.86,95.86,6969.00
2026-01-30 11:25:00-05:00,95.825,96.17,95.8001,96.17,10428.00
2026-01-30 11:30:00-05:00,96.095,96.2,95.87,95.87,12469.00
2026-01-30 11:35:00-05:00,95.8,96.105,95.8,96.105,4814.00
2026-01-30 11:40:00-05:00,96.11,96.115,95.855,95.8601,13551.00
2026-01-30 11:45:00-05:00,95.8801,95.92,95.77,95.77,3951.00
2026-01-30 11:50:00-05:00,95.81,96.01,95.675,95.895,8972.00
2026-01-30 11:55:00-05:00,95.8001,96.25,95.8,96.205,12237.00
2026-01-30 12:00:00-05:00,96.205,96.451,96.1,96.195,11127.00
2026-01-30 12:05:00-05:00,96.04,96.105,95.59,96.03,12656.00
2026-01-30 12:10:00-05:00,96.08,96.31,96.01,96.14,5752.00
2026-01-30 12:15:00-05:00,96.145,96.65,96.0501,96.55,8838.00
2026-01-30 12:20:00-05:00,96.515,96.6,96.34,96.35,13297.00
2026-01-30 12:25:00-05:00,96.35,96.62,96.2801,96.62,7596.00
2026-01-30 12:30:00-05:00,96.55,96.6,96.175,96.25,9121.00
2026-01-30 12:35:00-05:00,96.0601,96.3,96.01,96.09,6665.00
2026-01-30 12:40:00-05:00,96.09,96.18,95.9901,96.15,6638.00
2026-01-30 12:45:00-05:00,96.15,96.3404,96.0901,96.33,6108.00
2026-01-30 12:50:00-05:00,96.25,96.37,96.23,96.25,6757.00
2026-01-30 12:55:00-05:00,96.2,96.26,96.01,96.0875,7648.00
2026-01-30 13:00:00-05:00,96.01,96.195,95.91,96.115,5278.00
2026-01-30 13:05:00-05:00,96.2,96.28,96.1001,96.15,5880.00
2026-01-30 13:10:00-05:00,96.135,96.24,96.0301,96.14,2479.00
2026-01-30 13:15:00-05:00,96.14,96.295,96.14,96.22,15059.00
2026-01-30 13:20:00-05:00,96.26,96.62,96.1701,96.62,17550.00
2026-01-30 13:25:00-05:00,96.78,97.38,96.7201,97.38,10280.00
2026-01-30 13:30:00-05:00,97.325,97.33,96.87,96.87,28047.00
2026-01-30 13:35:00-05:00,96.95,97.245,96.6892,97.23,21268.00
2026-01-30 13:40:00-05:00,97.275,97.275,97.0701,97.215,9573.00
2026-01-30 13:45:00-05:00,97.16,97.37,97.16,97.265,10628.00
2026-01-30 13:50:00-05:00,97.33,97.39,97.2201,97.335,7380.00
2026-01-30 13:55:00-05:00,97.2901,97.5,97.28,97.42,17836.00
2026-01-30 14:00:00-05:00,97.48,97.88,97.48,97.825,22291.00
2026-01-30 14:05:00-05:00,97.74,98.025,97.675,97.76,21339.00
2026-01-30 14:10:00-05:00,97.74,97.85,97.43,97.57,14854.00
2026-01-30 14:15:00-05:00,97.63,97.71,97.3601,97.46,17657.00
2026-01-30 14:20:00-05:00,97.55,97.84,97.55,97.81,7605.00
2026-01-30 14:25:00-05:00,97.835,98.09,97.32,97.32,15984.00
2026-01-30 14:30:00-05:00,97.49,97.82,96.85,97.81,22105.00
2026-01-30 14:35:00-05:00,97.79,97.89,97.755,97.755,6993.00
2026-01-30 14:40:00-05:00,97.76,97.92,97.74,97.77,10197.00
2026-01-30 14:45:00-05:00,97.82,97.94,97.615,97.71,11606.00
2026-01-30 14:50:00-05:00,97.695,97.87,97.55,97.83,10076.00
2026-01-30 14:55:00-05:00,97.94,97.96,97.43,97.43,8241.00
2026-01-30 15:00:00-05:00,97.45,97.705,97.36,97.705,16428.00
2026-01-30 15:05:00-05:00,97.72,97.79,97.63,97.76,14563.00
2026-01-30 15:10:00-05:00,97.7,97.85,97.45,97.45,15601.00
2026-01-30 15:15:00-05:00,97.465,97.465,97.1804,97.36,14349.00
2026-01-30 15:20:00-05:00,97.33,97.36,97.27,97.27,8864.00
2026-01-30 15:25:00-05:00,97.31,97.35,97.175,97.34,11767.00
2026-01-30 15:30:00-05:00,97.265,97.38,97.26,97.27,13763.00
2026-01-30 15:35:00-05:00,97.28,97.28,97.04,97.14,19131.00
2026-01-30 15:40:00-05:00,97.12,97.16,97.05,97.0925,26478.00
2026-01-30 15:45:00-05:00,97.08,98.34,96.905,97.155,167476.00
2026-01-30 15:50:00-05:00,97.28,97.805,97.26,97.43,43656.00
2026-01-30 15:55:00-05:00,97.43,97.75,97.35,97.68,132085.00
2026-02-02 09:30:00-05:00,98.15,100.65,98.14,100.63,40590.00
2026-02-02 09:35:00-05:00,100.415,101.455,100.415,101,48037.00
2026-02-02 09:40:00-05:00,100.76,101.13,99.88,99.945,41741.00
2026-02-02 09:45:00-05:00,100.1,100.33,99.33,99.675,14782.00
2026-02-02 09:50:00-05:00,99.675,99.99,99.6,99.68,13604.00
2026-02-02 09:55:00-05:00,99.665,99.705,98.76,98.815,5446.00
2026-02-02 10:00:00-05:00,98.94,99.1,98.21,98.49,23502.00
2026-02-02 10:05:00-05:00,98.61,99.26,98.48,99.115,25148.00
2026-02-02 10:10:00-05:00,99.385,100.035,99.125,99.925,12623.00
2026-02-02 10:15:00-05:00,99.8,100.06,99.8,100.0051,6323.00
2026-02-02 10:20:00-05:00,99.995,100.3,99.82,100.07,27811.00
2026-02-02 10:25:00-05:00,100.1675,100.1675,99.59,99.77,5244.00
2026-02-02 10:30:00-05:00,99.95,100.2,99.62,99.89,4300.00
2026-02-02 10:35:00-05:00,99.89,100.45,99.89,100.04,9063.00
2026-02-02 10:40:00-05:00,100.07,100.46,100.04,100.2125,9425.00
2026-02-02 10:45:00-05:00,100.215,100.215,99.82,99.82,10174.00
2026-02-02 10:50:00-05:00,99.755,99.755,99.615,99.7,3453.00
2026-02-02 10:55:00-05:00,99.54,100.24,99.4,100.24,14011.00
2026-02-02 11:00:00-05:00,100.285,100.54,100.1,100.355,10479.00
2026-02-02 11:05:00-05:00,100.355,100.56,100.35,100.495,6565.00
2026-02-02 11:10:00-05:00,100.5,100.63,100.36,100.36,12337.00
2026-02-02 11:15:00-05:00,100.34,100.5,100.25,100.38,11634.00
2026-02-02 11:20:00-05:00,100.455,100.59,100.44,100.495,7093.00
2026-02-02 11:25:00-05:00,100.495,100.85,100.23,100.85,59603.00
2026-02-02 11:30:00-05:00,100.85,101,100.4501,100.79,13360.00
2026-02-02 11:35:00-05:00,100.87,100.87,100.65,100.65,11385.00
2026-02-02 11:40:00-05:00,100.65,100.93,100.65,100.92,8899.00
2026-02-02 11:45:00-05:00,100.93,101.02,100.83,101.01,8075.00
2026-02-02 11:50:00-05:00,101.12,101.42,101.01,101.37,12056.00
2026-02-02 11:55:00-05:00,101.37,101.52,101.25,101.26,17768.00
2026-02-02 12:00:00-05:00,101.26,101.786,101.17,101.786,14803.00
2026-02-02 12:05:00-05:00,101.755,101.8675,101.63,101.73,17772.00
2026-02-02 12:10:00-05:00,101.83,102.092,101.71,101.865,18040.00
2026-02-02 12:15:00-05:00,101.985,102.116,101.78,101.81,7857.00
2026-02-02 12:20:00-05:00,101.815,101.815,101.55,101.555,6166.00
2026-02-02 12:25:00-05:00,101.55,101.55,101.42,101.51,2123.00
2026-02-02 12:30:00-05:00,101.42,101.68,101.42,101.57,11551.00
2026-02-02 12:35:00-05:00,101.65,101.72,101.56,101.6,10961.00
2026-02-02 12:40:00-05:00,101.595,101.94,101.595,101.94,6151.00
2026-02-02 12:45:00-05:00,101.87,101.918,101.72,101.918,7679.00
2026-02-02 12:50:00-05:00,101.87,101.925,101.81,101.85,5515.00
2026-02-02 12:55:00-05:00,101.85,101.85,101.72,101.83,5532.00
2026-02-02 13:00:00-05:00,101.88,102.38,101.86,102.331,14655.00
2026-02-02 13:05:00-05:00,102.27,102.275,101.84,101.92,7557.00
2026-02-02 13:10:00-05:00,101.895,102,101.85,101.895,7517.00
2026-02-02 13:15:00-05:00,101.84,101.845,101.55,101.63,8232.00
2026-02-02 13:20:00-05:00,101.55,101.56,101.331,101.45,6779.00
2026-02-02 13:25:00-05:00,101.37,101.39,101.2116,101.3,8816.00
2026-02-02 13:30:00-05:00,101.3,101.38,101.26,101.29,7111.00
2026-02-02 13:35:00-05:00,101.26,101.38,101.25,101.38,5656.00
2026-02-02 13:40:00-05:00,101.35,101.72,101.35,101.695,19376.00
2026-02-02 13:45:00-05:00,101.7,101.7,101.59,101.62,7151.00
2026-02-02 13:50:00-05:00,101.6,101.86,101.57,101.735,10696.00
2026-02-02 13:55:00-05:00,101.735,101.866,101.6401,101.75,13896.00
2026-02-02 14:00:00-05:00,101.755,101.755,101.6,101.7,7194.00
2026-02-02 14:05:00-05:00,101.64,101.685,101.59,101.64,6062.00
2026-02-02 14:10:00-05:00,101.56,101.815,101.56,101.815,9589.00
2026-02-02 14:15:00-05:00,101.77,101.802,101.58,101.645,7210.00
2026-02-02 14:20:00-05:00,101.62,101.77,101.59,101.68,10386.00
2026-02-02 14:25:00-05:00,101.65,101.74,101.65,101.73,5239.00
2026-02-02 14:30:00-05:00,101.73,101.838,101.4,101.745,20387.00
2026-02-02 14:35:00-05:00,101.725,101.8,101.485,101.5,10403.00
2026-02-02 14:40:00-05:00,101.48,101.7,101.45,101.585,9960.00
2026-02-02 14:45:00-05:00,101.48,101.6,101.48,101.505,8447.00
2026-02-02 14:50:00-05:00,101.47,101.47,101.31,101.31,4951.00
2026-02-02 14:55:00-05:00,101.31,101.56,101.08,101.19,24594.00
2026-02-02 15:00:00-05:00,101.15,101.54,100.985,101.445,14334.00
2026-02-02 15:05:00-05:00,101.46,101.55,101.44,101.465,17911.00
2026-02-02 15:10:00-05:00,101.45,101.46,101.15,101.15,12919.00
2026-02-02 15:15:00-05:00,101.175,101.175,100.97,100.97,10478.00
2026-02-02 15:20:00-05:00,100.92,101.095,100.885,100.93,7512.00
2026-02-02 15:25:00-05:00,100.925,100.97,100.72,100.845,14769.00
2026-02-02 15:30:00-05:00,100.86,100.97,100.86,100.885,12499.00
2026-02-02 15:35:00-05:00,100.86,100.92,100.577,100.76,25723.00
2026-02-02 15:40:00-05:00,100.745,100.88,100.58,100.83,17449.00
2026-02-02 15:45:00-05:00,100.79,100.89,100.65,100.845,28346.00
2026-02-02 15:50:00-05:00,100.845,101.28,100.78,101.22,34389.00
2026-02-02 15:55:00-05:00,101.27,101.63,101.27,101.44,133960.00
2026-02-03 09:30:00-05:00,100.53,101.67,100.53,101.435,18150.00
2026-02-03 09:35:00-05:00,101.355,102.08,101.21,101.8,32678.00
2026-02-03 09:40:00-05:00,101.86,102.43,101.83,102.285,28546.00
2026-02-03 09:45:00-05:00,102.54,103.17,102.32,102.975,30307.00
2026-02-03 09:50:00-05:00,103.14,103.14,102.5547,102.63,7020.00
2026-02-03 09:55:00-05:00,102.63,102.91,102.45,102.64,12159.00
2026-02-03 10:00:00-05:00,102.635,103.2,102.59,103.2,16780.00
2026-02-03 10:05:00-05:00,103.095,103.67,102.53,102.5364,35453.00
2026-02-03 10:10:00-05:00,102.53,102.55,101.62,101.835,44705.00
2026-02-03 10:15:00-05:00,101.835,102.92,101.835,102.92,51938.00
2026-02-03 10:20:00-05:00,102.85,103.19,102.29,102.74,24467.00
2026-02-03 10:25:00-05:00,102.72,103.435,102.72,103.29,17707.00
2026-02-03 10:30:00-05:00,103.295,104.045,102.96,103.71,41797.00
2026-02-03 10:35:00-05:00,103.64,103.85,103.205,103.53,19027.00
2026-02-03 10:40:00-05:00,103.455,103.5238,103.19,103.19,8791.00
2026-02-03 10:45:00-05:00,103.1,103.23,102.96,103.055,26747.00
2026-02-03 10:50:00-05:00,103.11,103.18,102.74,102.75,9028.00
2026-02-03 10:55:00-05:00,102.74,102.955,102.29,102.32,11731.00
2026-02-03 11:00:00-05:00,102.32,102.425,102.095,102.095,13454.00
2026-02-03 11:05:00-05:00,102.09,102.19,101.995,102.13,15213.00
2026-02-03 11:10:00-05:00,102.075,102.37,102.07,102.275,11556.00
2026-02-03 11:15:00-05:00,102.28,102.3,101.4,101.48,37087.00
2026-02-03 11:20:00-05:00,101.59,101.68,101.35,101.41,12124.00
2026-02-03 11:25:00-05:00,101.35,101.41,101.08,101.08,11682.00
2026-02-03 11:30:00-05:00,101.05,101.08,100.51,100.62,9769.00
2026-02-03 11:35:00-05:00,100.6,100.64,100.36,100.36,5596.00
2026-02-03 11:40:00-05:00,100.35,100.6,100.35,100.54,11284.00
2026-02-03 11:45:00-05:00,100.5,100.98,100.5,100.96,9781.00
2026-02-03 11:50:00-05:00,100.96,101.32,100.86,101.305,11645.00
2026-02-03 11:55:00-05:00,101.35,101.61,101.35,101.52,14998.00
2026-02-03 12:00:00-05:00,101.52,101.87,101.52,101.84,15221.00
2026-02-03 12:05:00-05:00,101.82,101.82,101.72,101.78,4521.00
2026-02-03 12:10:00-05:00,101.69,101.815,101.33,101.78,16423.00
2026-02-03 12:15:00-05:00,101.73,101.8,101.25,101.435,36264.00
2026-02-03 12:20:00-05:00,101.6,101.6,101.3501,101.54,11614.00
2026-02-03 12:25:00-05:00,101.445,101.445,101.095,101.095,12082.00
2026-02-03 12:30:00-05:00,101.0951,101.21,101,101.0979,9895.00
2026-02-03 12:35:00-05:00,101.1,101.16,101.0259,101.0259,7917.00
2026-02-03 12:40:00-05:00,101.11,101.18,101.035,101.17,4792.00
2026-02-03 12:45:00-05:00,101.1,101.21,101,101.13,12518.00
2026-02-03 12:50:00-05:00,101.2,101.42,101.2,101.37,9363.00
2026-02-03 12:55:00-05:00,101.375,101.45,101.265,101.29,6557.00
2026-02-03 13:00:00-05:00,101.28,101.36,101.21,101.295,11248.00
2026-02-03 13:05:00-05:00,101.3,101.41,101.26,101.35,8569.00
2026-02-03 13:10:00-05:00,101.27,101.35,100.69,100.8975,18342.00
2026-02-03 13:15:00-05:00,100.92,101.15,100.695,101.15,12974.00
2026-02-03 13:20:00-05:00,101.04,101.04,100.9,100.985,6590.00
2026-02-03 13:25:00-05:00,100.985,100.985,100.32,100.32,8831.00
2026-02-03 13:30:00-05:00,100.325,100.69,100.275,100.455,10854.00
2026-02-03 13:35:00-05:00,100.47,100.58,100.36,100.47,15350.00
2026-02-03 13:40:00-05:00,100.46,100.485,100.4,100.485,4351.00
2026-02-03 13:45:00-05:00,100.435,100.435,100.0515,100.135,8185.00
2026-02-03 13:50:00-05:00,100.145,100.28,100.08,100.16,18879.00
2026-02-03 13:55:00-05:00,100.165,100.66,100.165,100.485,28985.00
2026-02-03 14:00:00-05:00,100.33,100.58,100.275,100.36,8672.00
2026-02-03 14:05:00-05:00,100.375,100.5,100.16,100.16,8223.00
2026-02-03 14:10:00-05:00,100.16,100.57,100.16,100.545,12015.00
2026-02-03 14:15:00-05:00,100.66,100.67,100.31,100.58,10679.00
2026-02-03 14:20:00-05:00,100.58,100.605,100.48,100.535,11548.00
2026-02-03 14:25:00-05:00,100.5375,100.5375,100.135,100.17,7448.00
2026-02-03 14:30:00-05:00,100.28,100.69,100.28,100.615,13351.00
2026-02-03 14:35:00-05:00,100.51,101.19,100.51,101.19,10150.00
2026-02-03 14:40:00-05:00,101.17,101.185,101,101.04,7371.00
2026-02-03 14:45:00-05:00,101.04,101.04,100.655,100.655,8249.00
2026-02-03 14:50:00-05:00,100.655,100.77,100.475,100.74,18115.00
2026-02-03 14:55:00-05:00,100.71,100.92,100.635,100.635,9695.00
2026-02-03 15:00:00-05:00,100.585,100.59,100.38,100.42,10938.00
2026-02-03 15:05:00-05:00,100.28,100.37,100.2,100.36,13843.00
2026-02-03 15:10:00-05:00,100.39,100.59,100.33,100.535,15138.00
2026-02-03 15:15:00-05:00,100.6,100.6129,100.43,100.53,10274.00
2026-02-03 15:20:00-05:00,100.53,100.53,100.355,100.365,10732.00
2026-02-03 15:25:00-05:00,100.365,100.58,100.365,100.47,14609.00
2026-02-03 15:30:00-05:00,100.43,100.66,100.38,100.395,22185.00
2026-02-03 15:35:00-05:00,100.42,100.435,100.045,100.07,14162.00
2026-02-03 15:40:00-05:00,100.08,100.22,100.01,100.22,25039.00
2026-02-03 15:45:00-05:00,100.25,100.25,100,100.13,32338.00
2026-02-03 15:50:00-05:00,100.18,100.32,100.15,100.26,37631.00
2026-02-03 15:55:00-05:00,100.26,100.43,100.14,100.27,143713.00
2026-02-04 09:30:00-05:00,100.68,103.528,100.68,101.93,28788.00
2026-02-04 09:35:00-05:00,101.7,102.15,101.105,101.22,25237.00
2026-02-04 09:40:00-05:00,101.22,102.78,101.22,102.74,8032.00
2026-02-04 09:45:00-05:00,102.73,102.75,101.8432,102.31,17429.00
2026-02-04 09:50:00-05:00,102.14,102.51,101.64,102.34,37486.00
2026-02-04 09:55:00-05:00,102.31,102.41,101.81,101.825,6073.00
2026-02-04 10:00:00-05:00,101.69,102.865,101.69,102.865,17985.00
2026-02-04 10:05:00-05:00,102.865,103.6,102.865,103.531,30081.00
2026-02-04 10:10:00-05:00,103.405,103.75,103.405,103.465,23148.00
2026-02-04 10:15:00-05:00,103.465,103.72,103.32,103.345,19200.00
2026-02-04 10:20:00-05:00,103.37,103.37,102.945,103.165,12329.00
2026-02-04 10:25:00-05:00,103.025,103.41,103.025,103.23,8947.00
2026-02-04 10:30:00-05:00,103.01,103.01,102.6,102.66,5922.00
2026-02-04 10:35:00-05:00,102.5,103.01,102.285,102.55,11802.00
2026-02-04 10:40:00-05:00,102.585,103.28,102.585,103.28,5342.00
2026-02-04 10:45:00-05:00,103.06,103.2671,102.965,103.055,11160.00
2026-02-04 10:50:00-05:00,103.25,103.25,102.59,102.59,5995.00
2026-02-04 10:55:00-05:00,102.69,102.98,102.47,102.47,9593.00
2026-02-04 11:00:00-05:00,102.475,102.7,102,102.19,7445.00
2026-02-04 11:05:00-05:00,102.14,102.14,101.7775,101.855,7957.00
2026-02-04 11:10:00-05:00,101.77,102.57,101.77,102.53,8111.00
2026-02-04 11:15:00-05:00,102.38,102.53,102.06,102.065,5944.00
2026-02-04 11:20:00-05:00,102.2,102.245,102.03,102.175,3416.00
2026-02-04 11:25:00-05:00,102.26,102.42,102.22,102.4137,6822.00
2026-02-04 11:30:00-05:00,102.36,102.86,102.3,102.83,14288.00
2026-02-04 11:35:00-05:00,102.785,102.89,102.71,102.71,10093.00
2026-02-04 11:40:00-05:00,102.675,102.82,102.665,102.665,4217.00
2026-02-04 11:45:00-05:00,102.585,102.59,102.0401,102.36,10383.00
2026-02-04 11:50:00-05:00,102.37,102.56,102.2209,102.56,7488.00
2026-02-04 11:55:00-05:00,102.4,102.59,102.33,102.55,11670.00
2026-02-04 12:00:00-05:00,102.56,102.81,102.53,102.81,25948.00
2026-02-04 12:05:00-05:00,102.85,102.95,102.74,102.74,18975.00
2026-02-04 12:10:00-05:00,102.82,102.99,102.7,102.99,5353.00
2026-02-04 12:15:00-05:00,103.02,103.04,102.735,102.735,12012.00
2026-02-04 12:20:00-05:00,102.56,102.59,102.44,102.445,5427.00
2026-02-04 12:25:00-05:00,102.445,102.445,101.77,101.83,68558.00
2026-02-04 12:30:00-05:00,101.67,102.21,101.655,102.035,9354.00
2026-02-04 12:35:00-05:00,102.035,102.035,101.68,101.68,8131.00
2026-02-04 12:40:00-05:00,101.68,101.93,101.58,101.62,12275.00
2026-02-04 12:45:00-05:00,101.62,101.93,101.62,101.705,20684.00
2026-02-04 12:50:00-05:00,101.7,101.87,101.5498,101.825,6976.00
2026-02-04 12:55:00-05:00,101.89,102.27,101.88,102.2399,14889.00
2026-02-04 13:00:00-05:00,102.105,102.54,101.9,102.43,13647.00
2026-02-04 13:05:00-05:00,102.54,103.11,102.5224,102.735,19394.00
2026-02-04 13:10:00-05:00,102.6,102.76,102.38,102.49,7973.00
2026-02-04 13:15:00-05:00,102.59,102.61,102.035,102.035,15921.00
2026-02-04 13:20:00-05:00,102.17,102.64,102.16,102.57,10907.00
2026-02-04 13:25:00-05:00,102.72,103.09,102.72,103.04,5844.00
2026-02-04 13:30:00-05:00,102.99,103.2,102.75,103.05,10379.00
2026-02-04 13:35:00-05:00,103.14,103.19,103.055,103.055,3530.00
2026-02-04 13:40:00-05:00,103.05,103.32,103.05,103.27,8258.00
2026-02-04 13:45:00-05:00,103.21,103.29,103.11,103.145,5472.00
2026-02-04 13:50:00-05:00,103.015,103.28,102.995,103.2,4268.00
2026-02-04 13:55:00-05:00,103.125,103.48,103.125,103.29,15101.00
2026-02-04 14:00:00-05:00,103.32,103.58,103.165,103.42,14912.00
2026-02-04 14:05:00-05:00,103.35,103.85,103.28,103.715,16437.00
2026-02-04 14:10:00-05:00,103.7,103.93,103.67,103.825,11048.00
2026-02-04 14:15:00-05:00,103.825,103.94,103.595,103.925,8703.00
2026-02-04 14:20:00-05:00,103.93,104.2,103.85,104.07,22212.00
2026-02-04 14:25:00-05:00,103.9001,104.275,103.9001,104.275,9490.00
2026-02-04 14:30:00-05:00,104.275,104.53,104.2,104.53,16928.00
2026-02-04 14:35:00-05:00,104.495,104.68,104.4581,104.575,15593.00
2026-02-04 14:40:00-05:00,104.48,104.8,104.48,104.72,10657.00
2026-02-04 14:45:00-05:00,104.69,105.19,104.54,105.06,15719.00
2026-02-04 14:50:00-05:00,105.0969,105.6,105.0312,105.49,24028.00
2026-02-04 14:55:00-05:00,105.5,105.81,105.36,105.59,17259.00
2026-02-04 15:00:00-05:00,105.675,105.9999,105.62,105.86,25640.00
2026-02-04 15:05:00-05:00,105.87,106.01,105.75,105.79,17604.00
2026-02-04 15:10:00-05:00,105.62,105.67,105.41,105.585,18044.00
2026-02-04 15:15:00-05:00,105.7,106.3,105.66,106.24,23322.00
2026-02-04 15:20:00-05:00,106.11,106.175,105.8175,105.915,25267.00
2026-02-04 15:25:00-05:00,105.95,105.95,105.6,105.67,30922.00
2026-02-04 15:30:00-05:00,105.67,105.95,105.55,105.83,27321.00
2026-02-04 15:35:00-05:00,105.83,105.835,105.58,105.69,28263.00
2026-02-04 15:40:00-05:00,105.7,105.91,105.51,105.59,30844.00
2026-02-04 15:45:00-05:00,105.56,105.565,105.255,105.4,26375.00
2026-02-04 15:50:00-05:00,105.41,105.64,105.36,105.495,55107.00
2026-02-04 15:55:00-05:00,105.55,105.59,105.14,105.54,130113.00
2026-02-05 09:30:00-05:00,104.54,106,103.8,105.14,23679.00
2026-02-05 09:35:00-05:00,104.965,105.37,103,103.33,14562.00
2026-02-05 09:40:00-05:00,103.24,103.58,102.02,103.455,17651.00
2026-02-05 09:45:00-05:00,103.455,103.79,102.915,102.9325,7854.00
2026-02-05 09:50:00-05:00,102.9175,103.59,102.8875,102.945,17259.00
2026-02-05 09:55:00-05:00,102.935,103.39,102.72,103.335,27922.00
2026-02-05 10:00:00-05:00,103.24,103.44,102,102.52,21537.00
2026-02-05 10:05:00-05:00,102.52,102.74,101.91,101.995,18389.00
2026-02-05 10:10:00-05:00,101.995,102.19,101.33,102.18,20716.00
2026-02-05 10:15:00-05:00,101.9,101.9,101.0401,101.63,13542.00
2026-02-05 10:20:00-05:00,101.76,101.92,101.46,101.46,11092.00
2026-02-05 10:25:00-05:00,101.415,101.415,100.625,100.625,7834.00
2026-02-05 10:30:00-05:00,100.59,100.74,100.4,100.4,13938.00
2026-02-05 10:35:00-05:00,100.5,100.58,100.25,100.58,8518.00
2026-02-05 10:40:00-05:00,100.69,101.13,100.25,101,32217.00
2026-02-05 10:45:00-05:00,101,101.075,100.565,100.7075,20104.00
2026-02-05 10:50:00-05:00,100.86,101.48,100.86,101.265,7381.00
2026-02-05 10:55:00-05:00,101.35,101.425,101.0012,101.175,4684.00
2026-02-05 11:00:00-05:00,101.175,101.52,101.1001,101.26,5854.00
2026-02-05 11:05:00-05:00,101.16,101.25,100.73,100.75,5655.00
2026-02-05 11:10:00-05:00,100.86,100.97,100.32,100.32,5459.00
2026-02-05 11:15:00-05:00,100.285,100.55,99.52,99.705,20840.00
2026-02-05 11:20:00-05:00,99.93,99.97,99.465,99.53,9091.00
2026-02-05 11:25:00-05:00,99.52,99.55,99.09,99.26,13651.00
2026-02-05 11:30:00-05:00,99.42,99.56,98.93,99.11,12821.00
2026-02-05 11:35:00-05:00,99.065,99.46,99.065,99.34,9855.00
2026-02-05 11:40:00-05:00,99.245,99.39,98.9401,99.0621,6915.00
2026-02-05 11:45:00-05:00,99.05,99.24,98.96,99.16,8655.00
2026-02-05 11:50:00-05:00,99.26,99.7,99.215,99.67,9470.00
2026-02-05 11:55:00-05:00,99.465,99.99,99.465,99.83,8961.00
2026-02-05 12:00:00-05:00,99.99,100,99.55,99.6,8339.00
2026-02-05 12:05:00-05:00,99.6,99.79,99.5,99.7,7205.00
2026-02-05 12:10:00-05:00,99.665,99.665,99.49,99.49,2153.00
2026-02-05 12:15:00-05:00,99.58,99.59,99.44,99.54,7279.00
2026-02-05 12:20:00-05:00,99.63,99.835,99.62,99.835,3797.00
2026-02-05 12:25:00-05:00,99.89,100,99.705,99.845,13444.00
2026-02-05 12:30:00-05:00,99.68,99.68,99.115,99.115,7611.00
2026-02-05 12:35:00-05:00,99.37,99.54,99.11,99.54,2445.00
2026-02-05 12:40:00-05:00,99.23,99.5451,99.23,99.305,6319.00
2026-02-05 12:45:00-05:00,99.2135,99.56,99.2135,99.45,6987.00
2026-02-05 12:50:00-05:00,99.34,99.34,98.64,98.64,14081.00
2026-02-05 12:55:00-05:00,98.74,98.775,98.48,98.605,6623.00
2026-02-05 13:00:00-05:00,98.57,98.67,98.43,98.44,5949.00
2026-02-05 13:05:00-05:00,98.36,98.42,98.27,98.39,3930.00
2026-02-05 13:10:00-05:00,98.45,98.45,98.3636,98.3636,1399.00
2026-02-05 13:15:00-05:00,98.29,98.295,98.09,98.146,11946.00
2026-02-05 13:20:00-05:00,98.08,98.11,98,98.06,6548.00
2026-02-05 13:25:00-05:00,98.12,98.17,98.07,98.16,9668.00
2026-02-05 13:30:00-05:00,98.15,98.26,98.01,98.01,8300.00
2026-02-05 13:35:00-05:00,98.0805,98.18,98.0805,98.18,1740.00
2026-02-05 13:40:00-05:00,98.06,98.22,98.03,98.18,3724.00
2026-02-05 13:45:00-05:00,98.2,98.47,98.15,98.47,2903.00
2026-02-05 13:50:00-05:00,98.4449,98.715,98.18,98.37,15105.00
2026-02-05 13:55:00-05:00,98.3,98.505,98.125,98.505,6386.00
2026-02-05 14:00:00-05:00,98.41,98.69,98.38,98.69,3719.00
2026-02-05 14:05:00-05:00,98.65,98.78,98.65,98.73,3641.00
2026-02-05 14:10:00-05:00,98.84,99.01,98.8,98.86,5764.00
2026-02-05 14:15:00-05:00,98.9899,99.18,98.91,99.115,12251.00
2026-02-05 14:20:00-05:00,99.1158,99.35,99.1158,99.255,4663.00
2026-02-05 14:25:00-05:00,99.2,99.24,99.15,99.24,4893.00
2026-02-05 14:30:00-05:00,99.15,99.16,98.98,98.99,5707.00
2026-02-05 14:35:00-05:00,99.09,99.2,98.97,98.97,7355.00
2026-02-05 14:40:00-05:00,98.98,99.0521,98.67,98.7825,8871.00
2026-02-05 14:45:00-05:00,98.795,98.8275,98.73,98.785,2979.00
2026-02-05 14:50:00-05:00,98.71,98.74,98.56,98.71,17404.00
2026-02-05 14:55:00-05:00,98.85,99.13,98.79,99.13,7835.00
2026-02-05 15:00:00-05:00,99.02,99.24,99.02,99.14,4494.00
2026-02-05 15:05:00-05:00,99.21,99.48,99.21,99.39,6512.00
2026-02-05 15:10:00-05:00,99.445,99.57,99.2025,99.2025,11883.00
2026-02-05 15:15:00-05:00,99.21,99.21,99.02,99.065,10960.00
2026-02-05 15:20:00-05:00,99.05,99.26,99.035,99.035,14468.00
2026-02-05 15:25:00-05:00,99.05,99.06,98.57,98.905,41218.00
2026-02-05 15:30:00-05:00,98.9,99.09,98.89,98.95,15732.00
2026-02-05 15:35:00-05:00,98.95,98.99,98.79,98.84,22572.00
2026-02-05 15:40:00-05:00,98.84,99.03,98.685,98.86,21808.00
2026-02-05 15:45:00-05:00,98.81,98.95,98.735,98.82,21829.00
2026-02-05 15:50:00-05:00,98.79,99.05,98.685,99.05,34872.00
2026-02-05 15:55:00-05:00,99.1,99.23,98.95,99.07,107475.00
2026-02-06 09:30:00-05:00,99,102,98.8,101.37,61250.00
2026-02-06 09:35:00-05:00,101.63,101.63,99.815,99.815,13392.00
2026-02-06 09:40:00-05:00,100.19,100.83,100.05,100.6503,11909.00
2026-02-06 09:45:00-05:00,100.565,100.74,99.9631,100.39,9567.00
2026-02-06 09:50:00-05:00,100.39,100.415,99.655,99.655,19084.00
2026-02-06 09:55:00-05:00,99.54,99.76,99.32,99.32,4806.00
2026-02-06 10:00:00-05:00,99.38,99.62,99.3725,99.525,9020.00
2026-02-06 10:05:00-05:00,99.5,99.5,99,99.235,16214.00
2026-02-06 10:10:00-05:00,99.14,99.34,99.14,99.24,9930.00
2026-02-06 10:15:00-05:00,99.395,99.395,99,99.34,10461.00
2026-02-06 10:20:00-05:00,99.26,99.6,99.23,99.235,3818.00
2026-02-06 10:25:00-05:00,99.345,99.775,99.345,99.775,7994.00
2026-02-06 10:30:00-05:00,99.725,99.79,99.395,99.76,9071.00
2026-02-06 10:35:00-05:00,99.715,99.78,99.625,99.76,5660.00
2026-02-06 10:40:00-05:00,99.79,100.15,99.79,100.14,4899.00
2026-02-06 10:45:00-05:00,100.1868,100.1868,99.7791,99.7791,15334.00
2026-02-06 10:50:00-05:00,99.78,99.9158,99.66,99.71,8652.00
2026-02-06 10:55:00-05:00,99.83,100.11,99.83,100.02,4457.00
2026-02-06 11:00:00-05:00,100.055,100.43,100.055,100.365,4318.00
2026-02-06 11:05:00-05:00,100.3825,100.53,100.24,100.24,3883.00
2026-02-06 11:10:00-05:00,100.335,100.44,100.1801,100.3325,7863.00
2026-02-06 11:15:00-05:00,100.295,100.32,100.2,100.26,9853.00
2026-02-06 11:20:00-05:00,100.12,100.2899,100.12,100.19,4356.00
2026-02-06 11:25:00-05:00,100.16,100.3675,100.16,100.23,8098.00
2026-02-06 11:30:00-05:00,100.39,100.39,100.01,100.0824,12617.00
2026-02-06 11:35:00-05:00,100.13,100.3,100.0601,100.17,5629.00
2026-02-06 11:40:00-05:00,100.17,100.38,100.11,100.175,4517.00
2026-02-06 11:45:00-05:00,100.07,100.1,99.705,99.705,10380.00
2026-02-06 11:50:00-05:00,99.7,99.7178,99.5,99.7178,12353.00
2026-02-06 11:55:00-05:00,99.65,99.65,99.58,99.58,1610.00
2026-02-06 12:00:00-05:00,99.6,99.63,99.185,99.185,14744.00
2026-02-06 12:05:00-05:00,99.185,99.898,99.185,99.85,8727.00
2026-02-06 12:10:00-05:00,99.79,100.06,99.66,99.66,6867.00
2026-02-06 12:15:00-05:00,99.75,99.75,99.51,99.63,4599.00
2026-02-06 12:20:00-05:00,99.695,99.74,99.695,99.74,1469.00
2026-02-06 12:25:00-05:00,99.6763,99.71,99.6763,99.71,717.00
2026-02-06 12:30:00-05:00,99.62,99.62,99.54,99.55,2275.00
2026-02-06 12:35:00-05:00,99.43,99.5424,99.38,99.39,4750.00
2026-02-06 12:40:00-05:00,99.4,99.495,99.39,99.495,1971.00
2026-02-06 12:45:00-05:00,99.47,99.47,99.36,99.36,2848.00
2026-02-06 12:50:00-05:00,99.48,99.6,99.47,99.53,4145.00
2026-02-06 12:55:00-05:00,99.5,99.68,99.5,99.67,4961.00
2026-02-06 13:00:00-05:00,99.57,99.66,99.52,99.57,2806.00
2026-02-06 13:05:00-05:00,99.6121,99.66,99.53,99.66,6350.00
2026-02-06 13:10:00-05:00,99.63,99.67,99.52,99.54,5302.00
2026-02-06 13:15:00-05:00,99.5655,99.71,99.5655,99.71,3190.00
2026-02-06 13:20:00-05:00,99.675,99.72,99.675,99.72,3180.00
2026-02-06 13:25:00-05:00,99.75,99.75,99.6275,99.66,5283.00
2026-02-06 13:30:00-05:00,99.7,99.76,99.63,99.63,3421.00
2026-02-06 13:35:00-05:00,99.5875,99.74,99.525,99.74,5964.00
2026-02-06 13:40:00-05:00,99.705,99.705,99.705,99.705,440.00
2026-02-06 13:45:00-05:00,99.66,99.66,99.43,99.48,4951.00
2026-02-06 13:50:00-05:00,99.41,99.47,99.2,99.25,6923.00
2026-02-06 13:55:00-05:00,99.1717,99.22,98.95,98.95,8821.00
2026-02-06 14:00:00-05:00,98.87,99.03,98.87,98.98,5423.00
2026-02-06 14:05:00-05:00,98.88,98.935,98.815,98.925,2065.00
2026-02-06 14:10:00-05:00,98.82,98.84,98.73,98.84,2379.00
2026-02-06 14:15:00-05:00,98.91,98.9942,98.91,98.9942,1285.00
2026-02-06 14:20:00-05:00,98.82,98.95,98.74,98.74,5095.00
2026-02-06 14:25:00-05:00,98.67,98.67,98.41,98.41,14187.00
2026-02-06 14:30:00-05:00,98.265,98.54,98.175,98.36,11344.00
2026-02-06 14:35:00-05:00,98.3,98.34,98.2,98.3,4843.00
2026-02-06 14:40:00-05:00,98.2,98.32,98.1442,98.275,7263.00
2026-02-06 14:45:00-05:00,98.2,98.305,98.2,98.255,2483.00
2026-02-06 14:50:00-05:00,98.3101,98.3101,98.155,98.215,6260.00
2026-02-06 14:55:00-05:00,98.15,98.24,98.07,98.07,9354.00
2026-02-06 15:00:00-05:00,98.1,98.1962,98.03,98.135,3027.00
2026-02-06 15:05:00-05:00,98.055,98.12,97.99,98.12,6454.00
2026-02-06 15:10:00-05:00,98.06,98.31,98.06,98.14,18202.00
2026-02-06 15:15:00-05:00,98.27,98.36,98.2,98.31,9242.00
2026-02-06 15:20:00-05:00,98.37,98.42,98.2,98.22,10594.00
2026-02-06 15:25:00-05:00,98.27,98.28,97.99,98.19,15845.00
2026-02-06 15:30:00-05:00,98.12,98.19,97.89,97.89,17478.00
2026-02-06 15:35:00-05:00,97.89,97.9,97.715,97.74,17112.00
2026-02-06 15:40:00-05:00,97.755,97.88,97.73,97.8,13919.00
2026-02-06 15:45:00-05:00,97.81,97.885,97.6,97.6526,27711.00
2026-02-06 15:50:00-05:00,97.73,97.8,97.53,97.6,49488.00
2026-02-06 15:55:00-05:00,97.46,97.7,97.27,97.66,127110.00
2026-02-09 09:30:00-05:00,96.6,97.8,96.1928,96.525,19774.00
2026-02-09 09:35:00-05:00,96.515,96.515,95.31,95.45,16089.00
2026-02-09 09:40:00-05:00,95.13,95.469,94.11,94.27,32855.00
2026-02-09 09:45:00-05:00,94.27,95.31,94.06,94.41,40209.00
2026-02-09 09:50:00-05:00,94.1425,94.4,93.69,93.8,27474.00
2026-02-09 09:55:00-05:00,94.045,94.045,93.185,93.24,26882.00
2026-02-09 10:00:00-05:00,93.07,93.404,92.87,93.08,26049.00
2026-02-09 10:05:00-05:00,93.08,93.61,92.84,93.28,25817.00
2026-02-09 10:10:00-05:00,93.285,94.16,93.255,93.83,19835.00
2026-02-09 10:15:00-05:00,93.92,94.47,93.71,94,12828.00
2026-02-09 10:20:00-05:00,93.75,94.04,93.63,93.945,23101.00
2026-02-09 10:25:00-05:00,93.86,94.0742,93.73,93.945,12993.00
2026-02-09 10:30:00-05:00,94,94.6,94,94.41,43510.00
2026-02-09 10:35:00-05:00,94.4,94.635,94.21,94.41,18678.00
2026-02-09 10:40:00-05:00,94.25,94.25,94.09,94.09,7543.00
2026-02-09 10:45:00-05:00,93.98,93.9825,93.71,93.885,9893.00
2026-02-09 10:50:00-05:00,93.885,94.045,93.73,94.0175,14644.00
2026-02-09 10:55:00-05:00,94,94.24,93.99,94,15987.00
2026-02-09 11:00:00-05:00,93.91,93.96,93.72,93.77,9551.00
2026-02-09 11:05:00-05:00,93.84,93.885,93.58,93.655,9764.00
2026-02-09 11:10:00-05:00,93.57,93.66,93.45,93.53,11206.00
2026-02-09 11:15:00-05:00,93.6,93.6,93.1,93.2,14950.00
2026-02-09 11:20:00-05:00,93.225,93.72,93.225,93.57,17861.00
2026-02-09 11:25:00-05:00,93.64,93.72,93.44,93.67,9217.00
2026-02-09 11:30:00-05:00,93.6,93.72,93.53,93.67,9732.00
2026-02-09 11:35:00-05:00,93.66,93.68,93.53,93.6,7505.00
2026-02-09 11:40:00-05:00,93.6,93.94,93.6,93.82,7166.00
2026-02-09 11:45:00-05:00,93.875,94.02,93.82,93.97,9952.00
2026-02-09 11:50:00-05:00,93.945,93.945,93.8,93.8,3209.00
2026-02-09 11:55:00-05:00,93.8,93.825,93.65,93.78,11667.00
2026-02-09 12:00:00-05:00,93.7,93.81,93.66,93.66,7351.00
2026-02-09 12:05:00-05:00,93.695,93.79,93.615,93.79,13130.00
2026-02-09 12:10:00-05:00,93.75,93.93,93.5,93.5,18491.00
2026-02-09 12:15:00-05:00,93.5,93.5999,93.32,93.535,18140.00
2026-02-09 12:20:00-05:00,93.52,94.2665,93.52,94.205,22139.00
2026-02-09 12:25:00-05:00,94.205,94.205,93.99,94.03,8944.00
2026-02-09 12:30:00-05:00,94.05,94.285,93.89,94.175,17650.00
2026-02-09 12:35:00-05:00,94.175,94.285,94.16,94.24,6964.00
2026-02-09 12:40:00-05:00,94.24,94.38,94.06,94.23,14145.00
2026-02-09 12:45:00-05:00,94.165,94.33,94.065,94.205,9318.00
2026-02-09 12:50:00-05:00,94.2,94.37,94.11,94.185,11782.00
2026-02-09 12:55:00-05:00,94.17,94.175,93.98,94.055,9356.00
2026-02-09 13:00:00-05:00,94.01,94.07,93.89,94.06,21689.00
2026-02-09 13:05:00-05:00,94,94.01,93.65,93.81,15445.00
2026-02-09 13:10:00-05:00,93.73,93.73,93.515,93.67,11321.00
2026-02-09 13:15:00-05:00,93.665,93.7464,93.56,93.655,12489.00
2026-02-09 13:20:00-05:00,93.64,93.8,93.38,93.8,30859.00
2026-02-09 13:25:00-05:00,93.79,93.87,93.63,93.78,7482.00
2026-02-09 13:30:00-05:00,93.78,93.85,93.72,93.815,7905.00
2026-02-09 13:35:00-05:00,93.8,93.89,93.68,93.76,7751.00
2026-02-09 13:40:00-05:00,93.76,93.87,93.76,93.815,10889.00
2026-02-09 13:45:00-05:00,93.81,93.89,93.81,93.89,5636.00
2026-02-09 13:50:00-05:00,93.89,94.0699,93.85,94.01,11430.00
2026-02-09 13:55:00-05:00,93.96,94.27,93.95,93.99,19814.00
2026-02-09 14:00:00-05:00,93.98,94.3399,93.93,94.3,17601.00
2026-02-09 14:05:00-05:00,94.16,94.25,94.08,94.235,10371.00
2026-02-09 14:10:00-05:00,94.23,94.23,94.09,94.18,7861.00
2026-02-09 14:15:00-05:00,94.1,94.135,93.86,93.88,25177.00
2026-02-09 14:20:00-05:00,93.96,93.98,93.57,93.66,18420.00
2026-02-09 14:25:00-05:00,93.625,93.78,93.32,93.47,9279.00
2026-02-09 14:30:00-05:00,93.47,93.73,93.47,93.68,21116.00
2026-02-09 14:35:00-05:00,93.565,93.62,93.48,93.575,7250.00
2026-02-09 14:40:00-05:00,93.57,93.69,93.255,93.3,17051.00
2026-02-09 14:45:00-05:00,93.27,93.345,93.05,93.26,50052.00
2026-02-09 14:50:00-05:00,93.25,93.35,93.16,93.235,20929.00
2026-02-09 14:55:00-05:00,93.23,93.27,92.8,92.8,38261.00
2026-02-09 15:00:00-05:00,92.785,92.97,92.61,92.855,36867.00
2026-02-09 15:05:00-05:00,92.855,92.96,92.595,92.6,20369.00
2026-02-09 15:10:00-05:00,92.6,92.6,92.35,92.37,24965.00
2026-02-09 15:15:00-05:00,92.34,92.34,92.13,92.145,28736.00
2026-02-09 15:20:00-05:00,92.145,92.21,91.8904,91.965,27310.00
2026-02-09 15:25:00-05:00,92.05,92.13,91.68,91.75,68860.00
2026-02-09 15:30:00-05:00,91.755,91.81,91.55,91.72,47733.00
2026-02-09 15:35:00-05:00,91.75,92.23,91.73,92,48162.00
2026-02-09 15:40:00-05:00,91.99,92.15,91.69,92.055,43415.00
2026-02-09 15:45:00-05:00,92.055,92.51,92.055,92.505,43812.00
2026-02-09 15:50:00-05:00,92.5,92.88,92.36,92.725,99499.00
2026-02-09 15:55:00-05:00,92.68,93.09,92.68,92.75,216107.00
2026-02-10 09:30:00-05:00,92.9,94.19,91.76,94.005,19471.00
2026-02-10 09:35:00-05:00,94.22,95,93.56,94.8115,48168.00
2026-02-10 09:40:00-05:00,94.77,95.55,93.26,94.13,30906.00
2026-02-10 09:45:00-05:00,94.25,94.37,93.443,93.77,9492.00
2026-02-10 09:50:00-05:00,94.03,95.44,93.55,94.54,29487.00
2026-02-10 09:55:00-05:00,94.5,95.2,94.4394,95.075,13944.00
2026-02-10 10:00:00-05:00,95.15,95.24,94.569,94.569,19988.00
2026-02-10 10:05:00-05:00,94.93,95.8854,94.905,95.685,26882.00
2026-02-10 10:10:00-05:00,95.59,95.63,95.27,95.455,19122.00
2026-02-10 10:15:00-05:00,95.455,95.51,95.04,95.04,6512.00
2026-02-10 10:20:00-05:00,95.04,95.2,94.82,94.92,20320.00
2026-02-10 10:25:00-05:00,94.96,95.38,94.92,95.38,11141.00
2026-02-10 10:30:00-05:00,95.4303,95.52,95.29,95.32,10484.00
2026-02-10 10:35:00-05:00,95.25,95.53,95.25,95.42,5948.00
2026-02-10 10:40:00-05:00,95.52,95.7,95.35,95.35,7435.00
2026-02-10 10:45:00-05:00,95.45,95.45,95.08,95.12,10993.00
2026-02-10 10:50:00-05:00,95.125,95.125,94.83,94.93,6145.00
2026-02-10 10:55:00-05:00,94.93,95.05,94.75,94.86,20981.00
2026-02-10 11:00:00-05:00,94.685,94.85,94.685,94.74,3936.00
2026-02-10 11:05:00-05:00,94.6875,94.725,94.43,94.525,11774.00
2026-02-10 11:10:00-05:00,94.43,94.57,94.36,94.36,14656.00
2026-02-10 11:15:00-05:00,94.37,94.485,94.3,94.32,6433.00
2026-02-10 11:20:00-05:00,94.4,94.48,94.31,94.34,5830.00
2026-02-10 11:25:00-05:00,94.405,94.7,94.145,94.485,20089.00
2026-02-10 11:30:00-05:00,94.44,94.64,94.44,94.465,5352.00
2026-02-10 11:35:00-05:00,94.465,94.645,94.1601,94.495,12672.00
2026-02-10 11:40:00-05:00,94.5,94.51,94.3,94.395,11977.00
2026-02-10 11:45:00-05:00,94.395,94.4,94.2,94.21,6615.00
2026-02-10 11:50:00-05:00,94.24,94.28,94.1201,94.28,4246.00
2026-02-10 11:55:00-05:00,94.16,94.235,93.89,93.89,9905.00
2026-02-10 12:00:00-05:00,93.81,94.01,93.455,93.455,9253.00
2026-02-10 12:05:00-05:00,93.51,93.72,93.4,93.515,20465.00
2026-02-10 12:10:00-05:00,93.515,93.61,93.5125,93.61,5462.00
2026-02-10 12:15:00-05:00,93.7,93.9139,93.4,93.49,15606.00
2026-02-10 12:20:00-05:00,93.49,93.49,93.18,93.265,7387.00
2026-02-10 12:25:00-05:00,93.18,93.57,93.18,93.485,11967.00
2026-02-10 12:30:00-05:00,93.41,93.475,93.31,93.47,8215.00
2026-02-10 12:35:00-05:00,93.485,93.55,93.4,93.47,4050.00
2026-02-10 12:40:00-05:00,93.53,93.68,93.495,93.62,8497.00
2026-02-10 12:45:00-05:00,93.7,93.74,93.48,93.555,12342.00
2026-02-10 12:50:00-05:00,93.5475,93.555,93.32,93.4,6971.00
2026-02-10 12:55:00-05:00,93.285,93.36,93.21,93.235,4801.00
2026-02-10 13:00:00-05:00,93.235,93.2699,92.98,93.13,3954.00
2026-02-10 13:05:00-05:00,93.135,93.15,92.8305,92.89,6578.00
2026-02-10 13:10:00-05:00,92.925,92.93,92.84,92.87,5705.00
2026-02-10 13:15:00-05:00,92.93,93.01,92.87,92.925,7016.00
2026-02-10 13:20:00-05:00,92.93,92.935,92.82,92.92,6020.00
2026-02-10 13:25:00-05:00,92.88,92.92,92.74,92.76,12125.00
2026-02-10 13:30:00-05:00,92.72,92.75,92.68,92.75,5518.00
2026-02-10 13:35:00-05:00,92.59,92.78,92.59,92.645,13937.00
2026-02-10 13:40:00-05:00,92.56,92.72,92.56,92.615,4437.00
2026-02-10 13:45:00-05:00,92.615,92.615,92.07,92.07,13739.00
2026-02-10 13:50:00-05:00,92.06,92.21,92.06,92.125,9931.00
2026-02-10 13:55:00-05:00,92.2,92.3,92.1,92.18,5681.00
2026-02-10 14:00:00-05:00,92.26,92.395,92.25,92.28,10859.00
2026-02-10 14:05:00-05:00,92.32,92.52,92.15,92.45,14498.00
2026-02-10 14:10:00-05:00,92.45,92.45,92.35,92.425,4145.00
2026-02-10 14:15:00-05:00,92.5,92.5,92.175,92.195,9163.00
2026-02-10 14:20:00-05:00,92.22,92.32,92.21,92.26,4738.00
2026-02-10 14:25:00-05:00,92.24,92.32,92.19,92.235,4966.00
2026-02-10 14:30:00-05:00,92.24,92.37,92,92.09,21584.00
2026-02-10 14:35:00-05:00,92.125,92.18,92,92.14,8555.00
2026-02-10 14:40:00-05:00,92.2,92.21,92.12,92.15,6144.00
2026-02-10 14:45:00-05:00,92.16,92.3,92.16,92.29,13707.00
2026-02-10 14:50:00-05:00,92.29,92.39,92.26,92.325,6447.00
2026-02-10 14:55:00-05:00,92.325,92.39,92.285,92.355,9003.00
2026-02-10 15:00:00-05:00,92.355,92.42,92.28,92.315,12499.00
2026-02-10 15:05:00-05:00,92.41,92.7075,92.38,92.64,14538.00
2026-02-10 15:10:00-05:00,92.685,92.69,92.38,92.46,11152.00
2026-02-10 15:15:00-05:00,92.41,92.46,92.315,92.425,13535.00
2026-02-10 15:20:00-05:00,92.45,92.47,92.22,92.315,12311.00
2026-02-10 15:25:00-05:00,92.31,92.46,92.22,92.31,25986.00
2026-02-10 15:30:00-05:00,92.28,92.3,92.085,92.255,18923.00
2026-02-10 15:35:00-05:00,92.255,92.36,92.21,92.35,17150.00
2026-02-10 15:40:00-05:00,92.35,92.405,92.25,92.31,16667.00
2026-02-10 15:45:00-05:00,92.35,92.42,92.3,92.36,22711.00
2026-02-10 15:50:00-05:00,92.35,92.35,92,92.055,39910.00
2026-02-10 15:55:00-05:00,92.02,92.13,91.85,92,120933.00
2026-02-11 09:30:00-05:00,93.03,94.75,93.03,93.8107,17037.00
2026-02-11 09:35:00-05:00,94.23,94.235,92.89,93.99,27068.00
2026-02-11 09:40:00-05:00,93.925,94.45,93.0087,93.58,7227.00
2026-02-11 09:45:00-05:00,93.335,93.705,92.91,92.99,5154.00
2026-02-11 09:50:00-05:00,93,93.2,92.62,92.79,12984.00
2026-02-11 09:55:00-05:00,92.8626,93.021,92.67,93.01,3560.00
2026-02-11 10:00:00-05:00,92.84,92.84,92.465,92.47,7132.00
2026-02-11 10:05:00-05:00,92.7199,92.97,92.37,92.78,11018.00
2026-02-11 10:10:00-05:00,92.7,93.03,92.32,93.03,9966.00
2026-02-11 10:15:00-05:00,93.06,93.3646,92.59,92.59,11638.00
2026-02-11 10:20:00-05:00,92.68,92.68,92.33,92.33,14007.00
2026-02-11 10:25:00-05:00,92.44,93.14,92.34,93.05,18188.00
2026-02-11 10:30:00-05:00,93.02,93.16,92.85,92.975,7810.00
2026-02-11 10:35:00-05:00,93.13,93.225,92.655,92.785,13764.00
2026-02-11 10:40:00-05:00,92.93,93.08,92.815,92.98,6516.00
2026-02-11 10:45:00-05:00,92.9,93.1,92.53,92.625,7153.00
2026-02-11 10:50:00-05:00,92.61,92.78,92.59,92.67,6345.00
2026-02-11 10:55:00-05:00,92.6,92.875,92.56,92.825,7008.00
2026-02-11 11:00:00-05:00,92.82,93,92.58,92.6,7620.00
2026-02-11 11:05:00-05:00,92.6,92.7,92.275,92.275,6871.00
2026-02-11 11:10:00-05:00,92.275,92.57,92.275,92.4025,4942.00
2026-02-11 11:15:00-05:00,92.36,92.53,92.32,92.425,5596.00
2026-02-11 11:20:00-05:00,92.4,92.98,92.315,92.315,37369.00
2026-02-11 11:25:00-05:00,92.315,92.41,91.85,91.985,10649.00
2026-02-11 11:30:00-05:00,91.875,92.08,91.86,92.08,4848.00
2026-02-11 11:35:00-05:00,92.06,92.06,91.83,91.965,10854.00
2026-02-11 11:40:00-05:00,91.93,92.23,91.93,92.11,7727.00
2026-02-11 11:45:00-05:00,92.1,92.23,92.04,92.18,5109.00
2026-02-11 11:50:00-05:00,92.175,92.53,92.175,92.47,13704.00
2026-02-11 11:55:00-05:00,92.38,92.5,92.28,92.49,11246.00
2026-02-11 12:00:00-05:00,92.49,92.55,92.015,92.015,20681.00
2026-02-11 12:05:00-05:00,92.015,92.17,92,92.17,7288.00
2026-02-11 12:10:00-05:00,92.17,92.2,91.9101,92.14,7492.00
2026-02-11 12:15:00-05:00,91.99,92.05,91.92,91.92,6009.00
2026-02-11 12:20:00-05:00,92.02,92.38,92.02,92.38,8780.00
2026-02-11 12:25:00-05:00,92.39,92.53,92.36,92.47,6273.00
2026-02-11 12:30:00-05:00,92.47,92.47,92.17,92.17,7836.00
2026-02-11 12:35:00-05:00,92.31,92.44,92.19,92.29,5780.00
2026-02-11 12:40:00-05:00,92.22,92.53,92.22,92.53,4457.00
2026-02-11 12:45:00-05:00,92.56,92.64,92.48,92.57,4345.00
2026-02-11 12:50:00-05:00,92.6,92.63,92.38,92.38,4299.00
2026-02-11 12:55:00-05:00,92.3,92.385,92.27,92.35,4694.00
2026-02-11 13:00:00-05:00,92.35,92.38,92.26,92.335,7491.00
2026-02-11 13:05:00-05:00,92.28,92.28,92.03,92.03,6561.00
2026-02-11 13:10:00-05:00,92.03,92.11,91.63,91.665,12893.00
2026-02-11 13:15:00-05:00,91.655,91.8,91.63,91.7,9928.00
2026-02-11 13:20:00-05:00,91.72,91.78,91.46,91.47,16072.00
2026-02-11 13:25:00-05:00,91.47,91.47,91.19,91.25,11552.00
2026-02-11 13:30:00-05:00,91.37,91.37,91.2,91.2,9208.00
2026-02-11 13:35:00-05:00,91.205,91.46,91.13,91.46,8512.00
2026-02-11 13:40:00-05:00,91.45,91.64,91.41,91.56,8964.00
2026-02-11 13:45:00-05:00,91.555,91.825,91.555,91.825,9808.00
2026-02-11 13:50:00-05:00,91.85,91.86,91.56,91.85,11889.00
2026-02-11 13:55:00-05:00,91.83,91.89,91.55,91.55,16692.00
2026-02-11 14:00:00-05:00,91.555,92.03,91.51,91.6775,23419.00
2026-02-11 14:05:00-05:00,91.685,91.79,91.58,91.58,5383.00
2026-02-11 14:10:00-05:00,91.57,91.89,91.46,91.89,8026.00
2026-02-11 14:15:00-05:00,91.99,91.99,91.44,91.45,8119.00
2026-02-11 14:20:00-05:00,91.375,91.4,91.37,91.39,2029.00
2026-02-11 14:25:00-05:00,91.47,91.64,91.39,91.575,8699.00
2026-02-11 14:30:00-05:00,91.5975,91.61,91.505,91.575,1399.00
2026-02-11 14:35:00-05:00,91.65,91.7,91.58,91.62,5254.00
2026-02-11 14:40:00-05:00,91.585,91.615,91.51,91.52,4075.00
2026-02-11 14:45:00-05:00,91.525,91.59,91.43,91.465,6019.00
2026-02-11 14:50:00-05:00,91.53,91.9157,91.435,91.56,28943.00
2026-02-11 14:55:00-05:00,91.63,91.71,91.51,91.52,5510.00
2026-02-11 15:00:00-05:00,91.515,91.575,91.39,91.39,11636.00
2026-02-11 15:05:00-05:00,91.465,91.47,91.32,91.33,8391.00
2026-02-11 15:10:00-05:00,91.34,91.51,91.315,91.465,10961.00
2026-02-11 15:15:00-05:00,91.51,91.66,91.4,91.41,12588.00
2026-02-11 15:20:00-05:00,91.42,91.6,91.38,91.44,10510.00
2026-02-11 15:25:00-05:00,91.485,91.62,91.43,91.605,19155.00
2026-02-11 15:30:00-05:00,91.7999,91.7999,91.395,91.48,12845.00
2026-02-11 15:35:00-05:00,91.47,91.682,91.44,91.615,15713.00
2026-02-11 15:40:00-05:00,91.62,91.73,91.585,91.655,14082.00
2026-02-11 15:45:00-05:00,91.7,91.9,91.68,91.72,18209.00
2026-02-11 15:50:00-05:00,91.72,91.75,91.6,91.655,28820.00
2026-02-11 15:55:00-05:00,91.64,91.71,91.42,91.46,112554.00
2026-02-12 09:30:00-05:00,92.96,93.88,91.8501,93.73,27610.00
2026-02-12 09:35:00-05:00,94,95.81,93.129,95.81,29964.00
2026-02-12 09:40:00-05:00,95.75,96,93.5,94.29,14156.00
2026-02-12 09:45:00-05:00,94,94.39,93.855,94.025,9208.00
2026-02-12 09:50:00-05:00,94.025,94.31,93.59,93.785,29832.00
2026-02-12 09:55:00-05:00,93.775,94.26,93.6258,93.885,13974.00
2026-02-12 10:00:00-05:00,93.94,94.43,93.5501,94.35,18431.00
2026-02-12 10:05:00-05:00,94.49,94.49,93.84,93.985,14601.00
2026-02-12 10:10:00-05:00,93.99,94.72,93.825,94.72,29972.00
2026-02-12 10:15:00-05:00,94.72,94.72,94.38,94.58,12865.00
2026-02-12 10:20:00-05:00,94.575,94.76,94.38,94.38,6741.00
2026-02-12 10:25:00-05:00,94.38,94.39,94,94,13136.00
2026-02-12 10:30:00-05:00,94.105,94.105,93.595,93.6,10992.00
2026-02-12 10:35:00-05:00,93.68,94.2,93.605,94.19,14451.00
2026-02-12 10:40:00-05:00,94.175,94.26,94.07,94.26,3295.00
2026-02-12 10:45:00-05:00,94.25,94.705,93.935,93.945,8750.00
2026-02-12 10:50:00-05:00,94.13,94.175,93.65,93.66,15127.00
2026-02-12 10:55:00-05:00,93.745,94.06,93.745,93.85,4951.00
2026-02-12 11:00:00-05:00,93.815,93.98,93.25,93.76,20019.00
2026-02-12 11:05:00-05:00,93.62,93.62,93.145,93.145,15707.00
2026-02-12 11:10:00-05:00,93.15,93.305,93.13,93.165,2445.00
2026-02-12 11:15:00-05:00,93.18,93.285,92.895,93.06,17458.00
2026-02-12 11:20:00-05:00,92.89,93.3,92.82,93.245,8575.00
2026-02-12 11:25:00-05:00,92.96,93.01,92.64,92.65,9956.00
2026-02-12 11:30:00-05:00,92.69,93.035,92.56,93.005,10903.00
2026-02-12 11:35:00-05:00,93,93.2175,92.91,93.215,8904.00
2026-02-12 11:40:00-05:00,93.27,93.365,92.965,92.965,15028.00
2026-02-12 11:45:00-05:00,92.96,93.14,92.5,92.57,10738.00
2026-02-12 11:50:00-05:00,92.75,92.89,92.445,92.445,5813.00
2026-02-12 11:55:00-05:00,92.5,92.66,92.395,92.5271,5947.00
2026-02-12 12:00:00-05:00,92.47,92.5,92.23,92.27,9206.00
2026-02-12 12:05:00-05:00,92.26,92.485,92.245,92.485,10006.00
2026-02-12 12:10:00-05:00,92.48,92.52,92.305,92.43,6522.00
2026-02-12 12:15:00-05:00,92.52,92.53,92.23,92.365,5241.00
2026-02-12 12:20:00-05:00,92.365,93.15,92.365,92.955,22778.00
2026-02-12 12:25:00-05:00,92.955,93.03,92.415,92.475,19822.00
2026-02-12 12:30:00-05:00,92.6,92.65,92.15,92.645,14023.00
2026-02-12 12:35:00-05:00,92.75,92.94,92.54,92.555,8746.00
2026-02-12 12:40:00-05:00,92.585,92.85,92.36,92.61,8665.00
2026-02-12 12:45:00-05:00,92.75,92.75,92.46,92.48,23507.00
2026-02-12 12:50:00-05:00,92.54,92.64,92.21,92.275,8278.00
2026-02-12 12:55:00-05:00,92.28,92.28,91.91,92.015,5625.00
2026-02-12 13:00:00-05:00,91.99,92.33,91.9,92.115,9887.00
2026-02-12 13:05:00-05:00,92.12,92.295,91.89,92.05,11283.00
2026-02-12 13:10:00-05:00,92.1,92.29,91.955,92.01,8221.00
2026-02-12 13:15:00-05:00,91.95,91.98,91.87,91.88,4887.00
2026-02-12 13:20:00-05:00,91.88,92.3,91.88,92.275,7129.00
2026-02-12 13:25:00-05:00,92.285,92.325,91.67,91.985,20933.00
2026-02-12 13:30:00-05:00,92.015,92.28,92.01,92.28,5967.00
2026-02-12 13:35:00-05:00,92.44,92.6,92.245,92.41,7852.00
2026-02-12 13:40:00-05:00,92.41,92.41,92.29,92.335,2734.00
2026-02-12 13:45:00-05:00,92.325,92.325,92.075,92.165,4044.00
2026-02-12 13:50:00-05:00,92.06,92.32,92.04,92.11,6469.00
2026-02-12 13:55:00-05:00,92.045,92.14,91.54,91.76,12422.00
2026-02-12 14:00:00-05:00,91.76,91.99,91.705,91.705,5666.00
2026-02-12 14:05:00-05:00,91.76,91.965,91.71,91.825,5718.00
2026-02-12 14:10:00-05:00,91.71,91.885,91.64,91.88,7889.00
2026-02-12 14:15:00-05:00,91.79,92.01,91.74,91.92,8162.00
2026-02-12 14:20:00-05:00,91.93,91.93,91.685,91.685,4340.00
2026-02-12 14:25:00-05:00,91.78,91.78,91.355,91.49,11689.00
2026-02-12 14:30:00-05:00,91.58,92.01,91.55,91.97,9296.00
2026-02-12 14:35:00-05:00,92.02,92.16,91.975,92.16,5097.00
2026-02-12 14:40:00-05:00,92.115,92.19,91.705,91.92,10806.00
2026-02-12 14:45:00-05:00,91.82,91.95,91.73,91.9399,5663.00
2026-02-12 14:50:00-05:00,91.8,91.92,91.59,91.67,6973.00
2026-02-12 14:55:00-05:00,91.705,92.05,91.475,91.63,11842.00
2026-02-12 15:00:00-05:00,91.9,92.18,91.9,92.08,5606.00
2026-02-12 15:05:00-05:00,92.045,92.045,91.53,91.53,8568.00
2026-02-12 15:10:00-05:00,91.55,91.57,91.39,91.39,3229.00
2026-02-12 15:15:00-05:00,91.53,91.75,91.31,91.75,14219.00
2026-02-12 15:20:00-05:00,91.6,91.665,91.55,91.55,6396.00
2026-02-12 15:25:00-05:00,91.52,91.88,91.485,91.81,12471.00
2026-02-12 15:30:00-05:00,91.81,92.18,91.805,92.18,13727.00
2026-02-12 15:35:00-05:00,92.17,92.2,92.08,92.14,9503.00
2026-02-12 15:40:00-05:00,92.15,92.2,91.935,91.935,11273.00
2026-02-12 15:45:00-05:00,91.935,92.03,91.89,91.95,27638.00
2026-02-12 15:50:00-05:00,92,92.27,91.96,92.27,29717.00
2026-02-12 15:55:00-05:00,92.28,92.28,91.79,91.89,102658.00
2026-02-13 09:30:00-05:00,93.02,93.29,92.77,92.77,8361.00
2026-02-13 09:35:00-05:00,92.07,93.55,91.77,91.85,10921.00
2026-02-13 09:40:00-05:00,91.85,92.51,91.85,92.2,4515.00
2026-02-13 09:45:00-05:00,92.2,92.585,92.02,92.02,3968.00
2026-02-13 09:50:00-05:00,91.955,92.77,91.5,92.4783,9480.00
2026-02-13 09:55:00-05:00,92.03,92.04,91.4,91.41,7739.00
2026-02-13 10:00:00-05:00,91.515,91.525,91.31,91.525,2032.00
2026-02-13 10:05:00-05:00,91.42,92.29,91.39,92.195,5968.00
2026-02-13 10:10:00-05:00,92.33,92.83,92.15,92.26,9990.00
2026-02-13 10:15:00-05:00,92.29,92.5,91.635,91.725,6667.00
2026-02-13 10:20:00-05:00,91.705,91.92,91.2,91.4537,24176.00
2026-02-13 10:25:00-05:00,91.525,91.96,91.35,91.96,6524.00
2026-02-13 10:30:00-05:00,91.57,92.33,91.57,92.035,9884.00
2026-02-13 10:35:00-05:00,92.035,92.52,91.98,92.345,5156.00
2026-02-13 10:40:00-05:00,92.18,92.53,92.1701,92.18,12275.00
2026-02-13 10:45:00-05:00,92.1625,92.62,92.155,92.505,7876.00
2026-02-13 10:50:00-05:00,92.63,93.11,92.63,93.01,14203.00
2026-02-13 10:55:00-05:00,92.94,93.47,92.94,93.37,17950.00
2026-02-13 11:00:00-05:00,93.48,93.915,93.48,93.81,14153.00
2026-02-13 11:05:00-05:00,93.79,93.81,93.59,93.72,9014.00
2026-02-13 11:10:00-05:00,93.6,93.71,93.38,93.555,7075.00
2026-02-13 11:15:00-05:00,93.69,93.86,93.6,93.71,9089.00
2026-02-13 11:20:00-05:00,93.6725,93.6725,93.38,93.5,8585.00
2026-02-13 11:25:00-05:00,93.52,93.63,93.365,93.5,5690.00
2026-02-13 11:30:00-05:00,93.4,93.82,93.37,93.82,7440.00
2026-02-13 11:35:00-05:00,93.785,94.19,93.77,94.1,10425.00
2026-02-13 11:40:00-05:00,94.1,94.35,94.01,94.15,7393.00
2026-02-13 11:45:00-05:00,94.14,94.145,94,94.1275,3508.00
2026-02-13 11:50:00-05:00,94.1325,94.385,94.1325,94.34,9152.00
2026-02-13 11:55:00-05:00,94.24,94.53,94.24,94.53,7219.00
2026-02-13 12:00:00-05:00,94.4375,94.99,94.435,94.855,13322.00
2026-02-13 12:05:00-05:00,94.855,94.91,94.69,94.91,9550.00
2026-02-13 12:10:00-05:00,94.8,94.97,94.73,94.97,5297.00
2026-02-13 12:15:00-05:00,94.84,95.12,94.795,94.945,12995.00
2026-02-13 12:20:00-05:00,94.945,95.11,94.77,94.855,6477.00
2026-02-13 12:25:00-05:00,94.82,94.92,94.755,94.7625,4519.00
2026-02-13 12:30:00-05:00,94.745,94.955,94.745,94.875,8297.00
2026-02-13 12:35:00-05:00,94.89,95.2499,94.88,95.23,15414.00
2026-02-13 12:40:00-05:00,95.1725,95.305,95.13,95.165,6441.00
2026-02-13 12:45:00-05:00,95.235,95.34,94.895,94.99,9253.00
2026-02-13 12:50:00-05:00,95,95.2,95,95.05,5017.00
2026-02-13 12:55:00-05:00,94.92,95.04,94.715,94.965,11522.00
2026-02-13 13:00:00-05:00,94.9775,95.2,94.9,95.06,7115.00
2026-02-13 13:05:00-05:00,94.95,95.27,94.9,95.165,9136.00
2026-02-13 13:10:00-05:00,95.165,95.53,95.085,95.41,16930.00
2026-02-13 13:15:00-05:00,95.35,95.48,95.2,95.2,13489.00
2026-02-13 13:20:00-05:00,95.33,95.43,95.33,95.3625,3537.00
2026-02-13 13:25:00-05:00,95.355,95.44,94.94,95.15,18041.00
2026-02-13 13:30:00-05:00,95.155,95.31,95.12,95.3,3895.00
2026-02-13 13:35:00-05:00,95.31,95.37,95.06,95.1,7052.00
2026-02-13 13:40:00-05:00,95.1,95.26,95.095,95.095,4944.00
2026-02-13 13:45:00-05:00,95.105,95.32,94.94,95.17,10363.00
2026-02-13 13:50:00-05:00,95.17,95.17,94.66,94.781,9221.00
2026-02-13 13:55:00-05:00,94.78,94.83,94.505,94.505,15081.00
2026-02-13 14:00:00-05:00,94.49,94.77,94.455,94.565,7293.00
2026-02-13 14:05:00-05:00,94.565,94.87,94.565,94.815,5688.00
2026-02-13 14:10:00-05:00,94.81,94.99,94.81,94.9225,9156.00
2026-02-13 14:15:00-05:00,94.895,94.98,94.85,94.86,6635.00
2026-02-13 14:20:00-05:00,94.82,94.83,94.635,94.67,7154.00
2026-02-13 14:25:00-05:00,94.6575,94.66,94.23,94.375,7280.00
2026-02-13 14:30:00-05:00,94.275,94.86,94.275,94.77,10686.00
2026-02-13 14:35:00-05:00,94.735,94.8,94.6,94.655,6455.00
2026-02-13 14:40:00-05:00,94.6,94.685,94.49,94.515,6676.00
2026-02-13 14:45:00-05:00,94.62,94.62,94.505,94.5075,4672.00
2026-02-13 14:50:00-05:00,94.505,94.505,94.32,94.44,9708.00
2026-02-13 14:55:00-05:00,94.47,94.53,94.23,94.25,14366.00
2026-02-13 15:00:00-05:00,94.24,94.65,94.24,94.5,14907.00
2026-02-13 15:05:00-05:00,94.495,94.56,94.185,94.27,8733.00
2026-02-13 15:10:00-05:00,94.15,94.15,93.725,93.725,9041.00
2026-02-13 15:15:00-05:00,93.825,93.86,93.705,93.705,11701.00
2026-02-13 15:20:00-05:00,93.645,93.95,93.64,93.9,11141.00
2026-02-13 15:25:00-05:00,93.9,94.005,93.7,93.895,14951.00
2026-02-13 15:30:00-05:00,93.975,94.07,93.62,93.65,19119.00
2026-02-13 15:35:00-05:00,93.57,93.63,93.47,93.545,13536.00
2026-02-13 15:40:00-05:00,93.55,93.64,93.47,93.6,18571.00
2026-02-13 15:45:00-05:00,93.67,93.73,93.53,93.555,36986.00
2026-02-13 15:50:00-05:00,93.52,93.89,93.425,93.695,55185.00
2026-02-13 15:55:00-05:00,93.62,93.84,93.5,93.71,129253.00
2026-02-17 09:30:00-05:00,95.5,97.23,94.315,96.06,30034.00
2026-02-17 09:35:00-05:00,95.555,95.966,94.71,95.015,8048.00
2026-02-17 09:40:00-05:00,94.82,94.98,93.96,94.135,10404.00
2026-02-17 09:45:00-05:00,94.005,94.91,94.005,94.44,7409.00
2026-02-17 09:50:00-05:00,94.42,94.42,93.72,93.72,6368.00
2026-02-17 09:55:00-05:00,93.57,94.4,93.57,94.22,6313.00
2026-02-17 10:00:00-05:00,94.291,94.45,93.76,94.12,13362.00
2026-02-17 10:05:00-05:00,94.2,94.37,93.65,93.65,8104.00
2026-02-17 10:10:00-05:00,93.635,93.67,93.34,93.6397,6609.00
2026-02-17 10:15:00-05:00,93.52,94.05,93.47,94.005,11682.00
2026-02-17 10:20:00-05:00,93.85,93.97,93.465,93.465,5455.00
2026-02-17 10:25:00-05:00,93.41,93.41,93.035,93.19,5845.00
2026-02-17 10:30:00-05:00,93.185,93.22,92.2725,92.52,8001.00
2026-02-17 10:35:00-05:00,92.82,92.82,92.29,92.305,6165.00
2026-02-17 10:40:00-05:00,92.35,92.44,92,92.44,13825.00
2026-02-17 10:45:00-05:00,92.51,92.77,92.41,92.725,4462.00
2026-02-17 10:50:00-05:00,92.72,92.76,92.61,92.69,6623.00
2026-02-17 10:55:00-05:00,92.76,92.79,92.635,92.665,8618.00
2026-02-17 11:00:00-05:00,92.73,93.09,92.69,93.065,7024.00
2026-02-17 11:05:00-05:00,93.22,93.25,93,93.17,10023.00
2026-02-17 11:10:00-05:00,93.18,93.58,93.14,93.58,29874.00
2026-02-17 11:15:00-05:00,93.5,94,93.5,93.96,13269.00
2026-02-17 11:20:00-05:00,93.78,93.96,93.71,93.955,6271.00
2026-02-17 11:25:00-05:00,94,94.04,93.615,93.615,12981.00
2026-02-17 11:30:00-05:00,93.57,93.83,93.41,93.77,6979.00
2026-02-17 11:35:00-05:00,93.76,93.96,93.76,93.84,5122.00
2026-02-17 11:40:00-05:00,93.69,93.835,93.63,93.63,4211.00
2026-02-17 11:45:00-05:00,93.6,93.67,93.4023,93.4023,6145.00
2026-02-17 11:50:00-05:00,93.63,93.75,93.63,93.72,3906.00
2026-02-17 11:55:00-05:00,93.77,93.89,93.61,93.74,6088.00
2026-02-17 12:00:00-05:00,93.77,93.82,93.59,93.665,4422.00
2026-02-17 12:05:00-05:00,93.665,93.665,93.34,93.35,8670.00
2026-02-17 12:10:00-05:00,93.32,93.32,93.13,93.27,6931.00
2026-02-17 12:15:00-05:00,93.28,93.32,93.18,93.32,5438.00
2026-02-17 12:20:00-05:00,93.31,93.325,93.16,93.16,4601.00
2026-02-17 12:25:00-05:00,93.07,93.195,93.07,93.195,3018.00
2026-02-17 12:30:00-05:00,93.2,93.455,93.07,93.455,13383.00
2026-02-17 12:35:00-05:00,93.48,93.48,93.31,93.31,4659.00
2026-02-17 12:40:00-05:00,93.275,93.275,93.06,93.06,3491.00
2026-02-17 12:45:00-05:00,93.06,93.21,93.04,93.18,7509.00
2026-02-17 12:50:00-05:00,93.18,93.185,92.96,92.96,3900.00
2026-02-17 12:55:00-05:00,92.935,93.08,92.935,93.05,4921.00
2026-02-17 13:00:00-05:00,92.98,93.035,92.98,93.035,1248.00
2026-02-17 13:05:00-05:00,93.01,93.295,93.01,93.285,8373.00
2026-02-17 13:10:00-05:00,93.45,93.45,93.39,93.41,3376.00
2026-02-17 13:15:00-05:00,93.51,93.695,93.41,93.695,5978.00
2026-02-17 13:20:00-05:00,93.695,94.045,93.695,93.9,10280.00
2026-02-17 13:25:00-05:00,93.895,94.095,93.895,94.095,4452.00
2026-02-17 13:30:00-05:00,94.19,94.41,94.1,94.24,10210.00
2026-02-17 13:35:00-05:00,94.15,94.44,94.15,94.44,5678.00
2026-02-17 13:40:00-05:00,94.49,94.7289,94.475,94.635,4156.00
2026-02-17 13:45:00-05:00,94.635,94.83,94.63,94.69,6802.00
2026-02-17 13:50:00-05:00,94.695,94.83,94.58,94.83,4905.00
2026-02-17 13:55:00-05:00,94.81,94.825,94.52,94.555,7956.00
2026-02-17 14:00:00-05:00,94.655,94.8,94.6524,94.8,8955.00
2026-02-17 14:05:00-05:00,94.785,94.785,94.715,94.715,2441.00
2026-02-17 14:10:00-05:00,94.715,94.81,94.715,94.74,7986.00
2026-02-17 14:15:00-05:00,94.73,94.74,94.68,94.7034,3910.00
2026-02-17 14:20:00-05:00,94.675,94.83,94.675,94.77,6261.00
2026-02-17 14:25:00-05:00,94.82,94.83,94.4001,94.4001,9149.00
2026-02-17 14:30:00-05:00,94.47,94.57,94.46,94.545,3957.00
2026-02-17 14:35:00-05:00,94.545,94.6,94.48,94.6,5869.00
2026-02-17 14:40:00-05:00,94.61,94.65,94.535,94.65,4921.00
2026-02-17 14:45:00-05:00,94.625,94.69,94.59,94.69,5411.00
2026-02-17 14:50:00-05:00,94.67,94.89,94.65,94.76,16230.00
2026-02-17 14:55:00-05:00,94.78,94.78,94.355,94.355,10120.00
2026-02-17 15:00:00-05:00,94.41,94.57,94.41,94.56,6686.00
2026-02-17 15:05:00-05:00,94.515,94.62,94.49,94.5,8803.00
2026-02-17 15:10:00-05:00,94.56,94.565,94.44,94.555,6181.00
2026-02-17 15:15:00-05:00,94.55,94.8,94.55,94.76,16363.00
2026-02-17 15:20:00-05:00,94.75,94.78,94.68,94.725,7895.00
2026-02-17 15:25:00-05:00,94.69,94.69,94.51,94.645,11600.00
2026-02-17 15:30:00-05:00,94.645,94.645,94.14,94.2,29451.00
2026-02-17 15:35:00-05:00,94.28,94.28,93.93,93.985,13144.00
2026-02-17 15:40:00-05:00,93.97,94.21,93.955,94.21,22053.00
2026-02-17 15:45:00-05:00,94.27,94.36,94.2,94.2,22234.00
2026-02-17 15:50:00-05:00,94.22,94.32,93.81,93.89,47225.00
2026-02-17 15:55:00-05:00,93.85,94.16,93.85,94.13,139579.00
2026-02-18 09:30:00-05:00,94.58,94.99,94.58,94.665,20623.00
2026-02-18 09:35:00-05:00,94.11,94.11,93.11,93.95,9801.00
2026-02-18 09:40:00-05:00,94.183,94.81,94.183,94.78,7265.00
2026-02-18 09:45:00-05:00,94.79,95.1,94.44,94.73,11557.00
2026-02-18 09:50:00-05:00,94.74,95.19,94.24,95.045,7736.00
2026-02-18 09:55:00-05:00,95.045,95.045,94.4,94.55,9636.00
2026-02-18 10:00:00-05:00,94.59,94.98,94.53,94.98,15329.00
2026-02-18 10:05:00-05:00,94.78,95.25,94.78,95.085,11205.00
2026-02-18 10:10:00-05:00,95.09,95.09,94.82,94.82,3545.00
2026-02-18 10:15:00-05:00,94.75,94.75,94.73,94.73,2348.00
2026-02-18 10:20:00-05:00,94.77,95.1,94.77,94.9,6836.00
2026-02-18 10:25:00-05:00,94.86,95.29,94.86,95.29,4340.00
2026-02-18 10:30:00-05:00,95.35,95.41,95.1,95.32,21131.00
2026-02-18 10:35:00-05:00,95.41,95.5,95.2336,95.415,10191.00
2026-02-18 10:40:00-05:00,95.24,95.43,95.16,95.305,9535.00
2026-02-18 10:45:00-05:00,95.305,95.595,95.21,95.58,17781.00
2026-02-18 10:50:00-05:00,95.33,95.6,95.33,95.47,5296.00
2026-02-18 10:55:00-05:00,95.62,95.9,95.62,95.75,16437.00
2026-02-18 11:00:00-05:00,95.755,95.8,95.59,95.72,7866.00
2026-02-18 11:05:00-05:00,95.87,96.03,95.6,95.61,22487.00
2026-02-18 11:10:00-05:00,95.73,96,95.61,95.97,8951.00
2026-02-18 11:15:00-05:00,95.89,95.95,95.83,95.89,12065.00
2026-02-18 11:20:00-05:00,95.89,95.94,95.77,95.77,19274.00
2026-02-18 11:25:00-05:00,95.855,95.96,95.8458,95.89,8951.00
2026-02-18 11:30:00-05:00,95.97,96.2594,95.96,96.13,32108.00
2026-02-18 11:35:00-05:00,96.13,96.13,95.72,95.8625,11014.00
2026-02-18 11:40:00-05:00,95.865,95.865,95.49,95.71,40723.00
2026-02-18 11:45:00-05:00,95.6,95.6,95.46,95.485,4588.00
2026-02-18 11:50:00-05:00,95.485,95.61,95.485,95.61,3174.00
2026-02-18 11:55:00-05:00,95.545,95.85,95.545,95.72,10740.00
2026-02-18 12:00:00-05:00,95.8,95.83,95.605,95.705,4241.00
2026-02-18 12:05:00-05:00,95.7017,95.93,95.7017,95.825,6789.00
2026-02-18 12:10:00-05:00,95.75,95.9,95.68,95.9,7374.00
2026-02-18 12:15:00-05:00,95.81,95.81,95.52,95.52,4616.00
2026-02-18 12:20:00-05:00,95.53,95.595,95.44,95.44,4336.00
2026-02-18 12:25:00-05:00,95.3,95.64,95.3,95.64,5796.00
2026-02-18 12:30:00-05:00,95.535,95.76,95.535,95.615,3910.00
2026-02-18 12:35:00-05:00,95.6196,95.775,95.6196,95.77,2688.00
2026-02-18 12:40:00-05:00,95.695,95.765,95.535,95.64,4881.00
2026-02-18 12:45:00-05:00,95.65,95.65,95.43,95.46,7479.00
2026-02-18 12:50:00-05:00,95.53,95.605,95.53,95.6,7714.00
2026-02-18 12:55:00-05:00,95.58,95.58,95.44,95.49,6459.00
2026-02-18 13:00:00-05:00,95.52,95.5453,95.31,95.33,6766.00
2026-02-18 13:05:00-05:00,95.26,95.36,95.25,95.275,3085.00
2026-02-18 13:10:00-05:00,95.37,95.475,95.2301,95.43,9399.00
2026-02-18 13:15:00-05:00,95.4762,95.69,95.3701,95.69,7213.00
2026-02-18 13:20:00-05:00,95.73,95.75,95.52,95.52,3499.00
2026-02-18 13:25:00-05:00,95.47,95.67,95.47,95.67,7065.00
2026-02-18 13:30:00-05:00,95.69,95.84,95.64,95.84,5825.00
2026-02-18 13:35:00-05:00,95.86,95.93,95.82,95.82,4802.00
2026-02-18 13:40:00-05:00,95.795,95.85,95.4,95.465,12044.00
2026-02-18 13:45:00-05:00,95.53,95.65,95.48,95.48,6887.00
2026-02-18 13:50:00-05:00,95.35,95.46,95.205,95.38,6725.00
2026-02-18 13:55:00-05:00,95.46,95.52,95.35,95.35,3903.00
2026-02-18 14:00:00-05:00,95.41,95.68,95.41,95.57,4880.00
2026-02-18 14:05:00-05:00,95.53,95.54,95.39,95.39,3388.00
2026-02-18 14:10:00-05:00,95.47,95.57,95.28,95.3,11162.00
2026-02-18 14:15:00-05:00,95.27,95.28,95.17,95.22,9579.00
2026-02-18 14:20:00-05:00,95.23,95.4043,95.15,95.38,13635.00
2026-02-18 14:25:00-05:00,95.42,95.47,95.36,95.36,4240.00
2026-02-18 14:30:00-05:00,95.29,95.41,95.1801,95.1801,2289.00
2026-02-18 14:35:00-05:00,95.27,95.4301,95.17,95.27,13310.00
2026-02-18 14:40:00-05:00,95.255,95.255,95.1,95.13,11554.00
2026-02-18 14:45:00-05:00,95.2,95.24,94.72,94.86,27343.00
2026-02-18 14:50:00-05:00,94.94,95,94.77,94.79,9653.00
2026-02-18 14:55:00-05:00,94.675,94.77,94.6,94.77,11881.00
2026-02-18 15:00:00-05:00,94.76,95.08,94.76,94.96,14827.00
2026-02-18 15:05:00-05:00,94.955,95.01,94.715,94.77,7108.00
2026-02-18 15:10:00-05:00,94.81,94.8999,94.78,94.85,6783.00
2026-02-18 15:15:00-05:00,94.805,95.11,94.76,95.07,6500.00
2026-02-18 15:20:00-05:00,95.13,95.1799,95.04,95.1799,6305.00
2026-02-18 15:25:00-05:00,95.18,95.35,95.08,95.13,21258.00
2026-02-18 15:30:00-05:00,95.045,95.32,94.97,95.24,10727.00
2026-02-18 15:35:00-05:00,95.32,95.5,95.25,95.5,17586.00
2026-02-18 15:40:00-05:00,95.49,95.5,95.31,95.33,12511.00
2026-02-18 15:45:00-05:00,95.37,95.49,95.335,95.48,19826.00
2026-02-18 15:50:00-05:00,95.46,95.82,95.46,95.74,33766.00
2026-02-18 15:55:00-05:00,95.73,95.85,95.625,95.69,85924.00
2026-02-19 09:30:00-05:00,94.85,95.11,94,94.19,21845.00
2026-02-19 09:35:00-05:00,93.97,94.59,93.86,94.21,8818.00
2026-02-19 09:40:00-05:00,94.19,94.83,93.8,94.83,13763.00
2026-02-19 09:45:00-05:00,94.39,94.7,94.06,94.38,4654.00
2026-02-19 09:50:00-05:00,94.425,94.425,94.135,94.33,3203.00
2026-02-19 09:55:00-05:00,94.52,95.275,94.52,95.18,9253.00
2026-02-19 10:00:00-05:00,95.05,95.49,94.77,95.35,9676.00
2026-02-19 10:05:00-05:00,95.5,95.75,95.34,95.35,7506.00
2026-02-19 10:10:00-05:00,95.555,95.75,95.42,95.55,8766.00
2026-02-19 10:15:00-05:00,95.74,95.98,95.72,95.83,8833.00
2026-02-19 10:20:00-05:00,95.84,96.47,95.68,96.375,11688.00
2026-02-19 10:25:00-05:00,96.375,96.5,95.99,95.99,9765.00
2026-02-19 10:30:00-05:00,95.85,96.5,95.85,96.3,8326.00
2026-02-19 10:35:00-05:00,96.53,97.1,96.41,96.85,14553.00
2026-02-19 10:40:00-05:00,96.9,97.4,96.85,96.975,12871.00
2026-02-19 10:45:00-05:00,96.81,97.01,96.76,96.78,5286.00
2026-02-19 10:50:00-05:00,96.79,96.92,96.65,96.81,4624.00
2026-02-19 10:55:00-05:00,96.805,96.99,96.75,96.81,11514.00
2026-02-19 11:00:00-05:00,96.81,96.81,96.445,96.59,8142.00
2026-02-19 11:05:00-05:00,96.56,96.71,96.4,96.505,6128.00
2026-02-19 11:10:00-05:00,96.505,96.57,96.4456,96.56,3664.00
2026-02-19 11:15:00-05:00,96.75,97.14,96.75,97.14,4990.00
2026-02-19 11:20:00-05:00,97.15,97.51,97.14,97.3,16341.00
2026-02-19 11:25:00-05:00,97.4,97.45,97.04,97.04,12908.00
2026-02-19 11:30:00-05:00,97.105,97.175,97.075,97.175,3189.00
2026-02-19 11:35:00-05:00,97.175,97.27,97.09,97.27,3829.00
2026-02-19 11:40:00-05:00,97.11,97.11,96.96,97.02,6118.00
2026-02-19 11:45:00-05:00,97.015,97.015,96.77,96.77,2807.00
2026-02-19 11:50:00-05:00,96.67,96.74,96.67,96.74,1401.00
2026-02-19 11:55:00-05:00,96.75,96.9,96.7,96.9,2509.00
2026-02-19 12:00:00-05:00,96.92,97.04,96.91,96.95,2662.00
2026-02-19 12:05:00-05:00,96.915,96.915,96.78,96.79,4132.00
2026-02-19 12:10:00-05:00,96.95,97.01,96.92,96.92,5122.00
2026-02-19 12:15:00-05:00,97,97.08,96.84,96.96,7546.00
2026-02-19 12:20:00-05:00,96.99,97.06,96.965,96.965,6200.00
2026-02-19 12:25:00-05:00,97.04,97.15,96.99,97.08,8293.00
2026-02-19 12:30:00-05:00,97.29,97.34,97.21,97.285,3308.00
2026-02-19 12:35:00-05:00,97.3357,97.36,97.15,97.29,5124.00
2026-02-19 12:40:00-05:00,97.3818,97.56,97.3818,97.495,3615.00
2026-02-19 12:45:00-05:00,97.41,97.43,97.21,97.23,3429.00
2026-02-19 12:50:00-05:00,97.28,97.34,97.07,97.13,5452.00
2026-02-19 12:55:00-05:00,97.21,97.37,97.09,97.29,13531.00
2026-02-19 13:00:00-05:00,97.08,97.08,96.99,96.99,1914.00
2026-02-19 13:05:00-05:00,97.05,97.06,96.99,96.99,2460.00
2026-02-19 13:10:00-05:00,97.15,97.15,97.04,97.05,2087.00
2026-02-19 13:15:00-05:00,97.07,97.07,96.85,96.85,4151.00
2026-02-19 13:20:00-05:00,96.7,96.89,96.7,96.885,3602.00
2026-02-19 13:25:00-05:00,96.93,96.99,96.75,96.82,3627.00
2026-02-19 13:30:00-05:00,96.88,97.0099,96.77,97.0099,4863.00
2026-02-19 13:35:00-05:00,96.95,96.99,96.8701,96.99,4732.00
2026-02-19 13:40:00-05:00,96.985,97.15,96.985,97.065,7583.00
2026-02-19 13:45:00-05:00,97.09,97.09,96.91,96.91,2693.00
2026-02-19 13:50:00-05:00,96.91,96.93,96.84,96.84,1696.00
2026-02-19 13:55:00-05:00,96.795,96.94,96.795,96.93,2506.00
2026-02-19 14:00:00-05:00,96.99,96.99,96.8,96.8,4068.00
2026-02-19 14:05:00-05:00,96.846,97.2,96.8,97.15,19032.00
2026-02-19 14:10:00-05:00,97.15,97.21,96.88,96.91,9591.00
2026-02-19 14:15:00-05:00,96.905,96.9995,96.75,96.7655,4335.00
2026-02-19 14:20:00-05:00,96.75,96.89,96.75,96.875,5213.00
2026-02-19 14:25:00-05:00,96.865,96.865,96.43,96.49,29247.00
2026-02-19 14:30:00-05:00,96.36,96.415,96.325,96.335,7465.00
2026-02-19 14:35:00-05:00,96.4,96.44,96.15,96.27,11310.00
2026-02-19 14:40:00-05:00,96.23,96.35,96.1701,96.35,8082.00
2026-02-19 14:45:00-05:00,96.35,96.36,96.17,96.27,4241.00
2026-02-19 14:50:00-05:00,96.14,96.275,96.105,96.105,5338.00
2026-02-19 14:55:00-05:00,96.19,96.41,96.19,96.405,6922.00
2026-02-19 15:00:00-05:00,96.49,96.585,96.44,96.585,5942.00
2026-02-19 15:05:00-05:00,96.65,96.76,96.63,96.705,5066.00
2026-02-19 15:10:00-05:00,96.66,96.865,96.64,96.705,9987.00
2026-02-19 15:15:00-05:00,96.71,96.71,96.455,96.56,5334.00
2026-02-19 15:20:00-05:00,96.575,96.58,96.37,96.375,3822.00
2026-02-19 15:25:00-05:00,96.28,96.355,95.98,96.02,11447.00
2026-02-19 15:30:00-05:00,96.01,96.14,95.92,96.12,7298.00
2026-02-19 15:35:00-05:00,96.105,96.41,95.95,96.4,11391.00
2026-02-19 15:40:00-05:00,96.4,96.57,96.4,96.5075,18930.00
2026-02-19 15:45:00-05:00,96.5356,96.71,96.52,96.53,19602.00
2026-02-19 15:50:00-05:00,96.52,96.6,96.365,96.45,34668.00
2026-02-19 15:55:00-05:00,96.46,96.47,95.87,95.88,114414.00
2026-02-20 09:30:00-05:00,95.95,96.2,95.95,96.2,17629.00
2026-02-20 09:35:00-05:00,96.48,96.73,96.31,96.73,3717.00
2026-02-20 09:40:00-05:00,96.73,97.42,96.49,97.265,10827.00
2026-02-20 09:45:00-05:00,97.05,97.22,96.785,96.855,4075.00
2026-02-20 09:50:00-05:00,96.84,96.99,96.5,96.5,4710.00
2026-02-20 09:55:00-05:00,96.43,96.7,96.4,96.7,4221.00
2026-02-20 10:00:00-05:00,96.49,100.705,96.49,100.705,76925.00
2026-02-20 10:05:00-05:00,100.705,101.135,98.42,98.42,97963.00
2026-02-20 10:10:00-05:00,98.56,99.34,98.31,99.11,33005.00
2026-02-20 10:15:00-05:00,98.86,99.245,98.08,98.975,24085.00
2026-02-20 10:20:00-05:00,99.17,99.65,98.8,99.415,20978.00
2026-02-20 10:25:00-05:00,99.21,99.2175,98.19,98.48,28148.00
2026-02-20 10:30:00-05:00,98.345,98.48,96.72,97.06,38569.00
2026-02-20 10:35:00-05:00,97.11,97.51,96.7,96.715,23272.00
2026-02-20 10:40:00-05:00,96.89,96.89,96.035,96.4901,20201.00
2026-02-20 10:45:00-05:00,96.5325,96.7,96.35,96.595,8219.00
2026-02-20 10:50:00-05:00,96.425,97.04,96.2,96.99,18441.00
2026-02-20 10:55:00-05:00,96.91,97.67,96.85,97.67,13649.00
2026-02-20 11:00:00-05:00,97.6007,97.6007,96.89,97.38,28723.00
2026-02-20 11:05:00-05:00,97.19,97.31,97.02,97.02,9487.00
2026-02-20 11:10:00-05:00,97.11,97.34,97.11,97.225,4461.00
2026-02-20 11:15:00-05:00,97.07,97.21,96.48,96.7225,10980.00
2026-02-20 11:20:00-05:00,96.6,96.6,96.33,96.34,11174.00
2026-02-20 11:25:00-05:00,96.18,96.3,95.65,95.65,9241.00
2026-02-20 11:30:00-05:00,95.685,96.08,95.5,96.005,23800.00
2026-02-20 11:35:00-05:00,95.9738,96.14,95.6,95.79,34326.00
2026-02-20 11:40:00-05:00,95.91,96.29,95.91,96.275,8859.00
2026-02-20 11:45:00-05:00,96.12,96.5,96,96.375,8609.00
2026-02-20 11:50:00-05:00,96.3575,96.3575,96.1,96.12,8366.00
2026-02-20 11:55:00-05:00,96.095,96.37,95.94,96.165,11313.00
2026-02-20 12:00:00-05:00,96.135,96.135,95.25,95.3,11769.00
2026-02-20 12:05:00-05:00,95.165,95.165,94.925,94.925,5577.00
2026-02-20 12:10:00-05:00,94.77,95.2243,94.76,95.165,11636.00
2026-02-20 12:15:00-05:00,95.04,95.47,94.81,95.2328,15343.00
2026-02-20 12:20:00-05:00,95.37,95.47,95.11,95.16,10137.00
2026-02-20 12:25:00-05:00,95.11,95.22,94.4689,94.91,20162.00
2026-02-20 12:30:00-05:00,95.01,95.2799,94.825,95.2799,6449.00
2026-02-20 12:35:00-05:00,95.28,95.28,94.78,94.83,10311.00
2026-02-20 12:40:00-05:00,94.855,95.1,94.69,95.0275,5642.00
2026-02-20 12:45:00-05:00,95.025,95.34,95.025,95.34,7713.00
2026-02-20 12:50:00-05:00,95.23,95.69,95.15,95.515,7179.00
2026-02-20 12:55:00-05:00,95.62,95.74,95.26,95.725,15905.00
2026-02-20 13:00:00-05:00,95.72,95.85,95.59,95.59,8233.00
2026-02-20 13:05:00-05:00,95.59,95.7,95.26,95.26,5410.00
2026-02-20 13:10:00-05:00,95.24,95.24,95.11,95.22,6601.00
2026-02-20 13:15:00-05:00,95.23,95.42,95.175,95.31,6467.00
2026-02-20 13:20:00-05:00,95.31,95.56,95.08,95.43,9800.00
2026-02-20 13:25:00-05:00,95.325,95.58,95.12,95.33,4019.00
2026-02-20 13:30:00-05:00,95.18,95.79,95.18,95.38,12351.00
2026-02-20 13:35:00-05:00,95.3675,95.3675,95.09,95.23,6906.00
2026-02-20 13:40:00-05:00,95.19,95.6,94.88,95.29,26275.00
2026-02-20 13:45:00-05:00,95.29,95.8299,95.23,95.45,35845.00
2026-02-20 13:50:00-05:00,95.36,95.94,95.21,95.855,18440.00
2026-02-20 13:55:00-05:00,95.885,95.885,95.74,95.86,8188.00
2026-02-20 14:00:00-05:00,95.8152,96.22,95.7,95.78,19975.00
2026-02-20 14:05:00-05:00,95.89,95.91,95.43,95.43,6676.00
2026-02-20 14:10:00-05:00,95.79,95.79,95.28,95.4,10046.00
2026-02-20 14:15:00-05:00,95.395,95.395,95.01,95.105,11456.00
2026-02-20 14:20:00-05:00,95.21,95.71,95,95.67,28660.00
2026-02-20 14:25:00-05:00,95.67,95.98,95.52,95.64,16002.00
2026-02-20 14:30:00-05:00,95.765,95.875,95.62,95.745,6159.00
2026-02-20 14:35:00-05:00,95.75,96.07,95.745,95.98,14351.00
2026-02-20 14:40:00-05:00,96.1425,96.165,95.84,95.8775,8830.00
2026-02-20 14:45:00-05:00,95.8,96.06,95.8,96.06,13231.00
2026-02-20 14:50:00-05:00,96.09,96.285,96.09,96.245,13595.00
2026-02-20 14:55:00-05:00,96.245,96.265,95.97,96.15,18329.00
2026-02-20 15:00:00-05:00,96.21,96.52,96.12,96.5051,15890.00
2026-02-20 15:05:00-05:00,96.485,96.7,96.45,96.465,18692.00
2026-02-20 15:10:00-05:00,96.41,96.43,95.93,96.36,14236.00
2026-02-20 15:15:00-05:00,96.4,96.4,96.04,96.07,8644.00
2026-02-20 15:20:00-05:00,96.14,96.325,96.03,96.315,22538.00
2026-02-20 15:25:00-05:00,96.315,96.315,95.83,95.905,18052.00
2026-02-20 15:30:00-05:00,95.9,96.075,95.8501,96.075,13067.00
2026-02-20 15:35:00-05:00,96.01,96.01,95.81,95.915,18242.00
2026-02-20 15:40:00-05:00,95.91,95.91,95.73,95.78,17946.00
2026-02-20 15:45:00-05:00,95.8274,95.83,95.69,95.75,21300.00
2026-02-20 15:50:00-05:00,95.79,96.02,95.72,95.98,47707.00
2026-02-20 15:55:00-05:00,95.97,96.46,95.96,96.43,184539.00
2026-02-23 09:30:00-05:00,93.86,94.2,92.4,93.23,76270.84
2026-02-23 09:35:00-05:00,92.2,92.6199,91.59,92.33,31008.48
2026-02-23 09:40:00-05:00,92.115,92.5,91.74,91.81,25932.62
2026-02-23 09:45:00-05:00,91.6,92.0199,90.7,90.875,45737.83
2026-02-23 09:50:00-05:00,91.055,91.5,90.04,90.29,32565.82
2026-02-23 09:55:00-05:00,90.65,90.8199,90.57,90.7375,8024.69
2026-02-23 10:00:00-05:00,90.5,91.1999,90.45,90.63,19193.34
2026-02-23 10:05:00-05:00,90.64,91.1,90.19,90.46,37750.74
2026-02-23 10:10:00-05:00,90.505,90.66,90.16,90.25,12232.69
2026-02-23 10:15:00-05:00,90.33,90.57,89.83,90.1225,32829.27
2026-02-23 10:20:00-05:00,90.32,90.72,90.11,90.22,21535.22
2026-02-23 10:25:00-05:00,90.15,90.73,89.93,90.51,19863.31
2026-02-23 10:30:00-05:00,90.43,90.87,90.34,90.795,17560.44
2026-02-23 10:35:00-05:00,90.63,90.665,90.165,90.305,18442.54
2026-02-23 10:40:00-05:00,90.5,90.525,90.0211,90.405,9989.01
2026-02-23 10:45:00-05:00,90.5,91.03,90.48,90.84,13252.06
2026-02-23 10:50:00-05:00,91,91.3999,90.81,90.86,12090.00
2026-02-23 10:55:00-05:00,91.02,91.29,90.86,90.87,33975.34
2026-02-23 11:00:00-05:00,90.905,91.035,90.68,90.95,18493.45
2026-02-23 11:05:00-05:00,90.98,91.12,90.4701,90.625,24177.01
2026-02-23 11:10:00-05:00,90.68,90.69,90.435,90.55,8716.16
2026-02-23 11:15:00-05:00,90.5,90.8,90.335,90.8,13599.13
2026-02-23 11:20:00-05:00,90.805,90.93,90.67,90.74,8915.64
2026-02-23 11:25:00-05:00,90.77,90.94,90.54,90.76,16252.00
2026-02-23 11:30:00-05:00,90.9,90.93,90.65,90.72,13729.00
2026-02-23 11:35:00-05:00,90.72,90.81,90.32,90.32,12079.96
2026-02-23 11:40:00-05:00,90.355,90.58,90.26,90.5099,9588.73
2026-02-23 11:45:00-05:00,90.32,90.56,90.32,90.47,7392.16
2026-02-23 11:50:00-05:00,90.465,90.58,90.41,90.577,7400.51
2026-02-23 11:55:00-05:00,90.58,90.675,90.43,90.62,5547.00
2026-02-23 12:00:00-05:00,90.715,90.91,90.71,90.815,7926.82
2026-02-23 12:05:00-05:00,90.8291,90.8291,90.58,90.595,11616.05
2026-02-23 12:10:00-05:00,90.595,90.63,90.4,90.465,8264.89
2026-02-23 12:15:00-05:00,90.465,90.83,90.465,90.72,7512.86
2026-02-23 12:20:00-05:00,90.81,90.81,90.66,90.74,5314.50
2026-02-23 12:25:00-05:00,90.715,91,90.63,90.72,22192.06
2026-02-23 12:30:00-05:00,90.745,90.77,90.55,90.67,6999.30
2026-02-23 12:35:00-05:00,90.7,90.82,90.64,90.75,13403.75
2026-02-23 12:40:00-05:00,90.77,91.14,90.71,91.08,14737.90
2026-02-23 12:45:00-05:00,90.995,91.19,90.985,91.005,5467.00
2026-02-23 12:50:00-05:00,91.1,91.12,90.78,90.985,10502.32
2026-02-23 12:55:00-05:00,91.035,91.33,91.035,91.205,11463.20
2026-02-23 13:00:00-05:00,91.31,91.6899,91.21,91.44,9857.01
2026-02-23 13:05:00-05:00,91.455,91.82,91.41,91.82,13630.00
2026-02-23 13:10:00-05:00,91.7325,91.93,91.68,91.93,10810.80
2026-02-23 13:15:00-05:00,92.02,92.05,91.81,91.84,7415.00
2026-02-23 13:20:00-05:00,91.84,92.15,91.81,92.12,13167.07
2026-02-23 13:25:00-05:00,92.12,92.39,92.01,92.39,15468.58
2026-02-23 13:30:00-05:00,92.37,92.68,92.24,92.68,9929.41
2026-02-23 13:35:00-05:00,92.625,92.72,92.19,92.21,12280.57
2026-02-23 13:40:00-05:00,92.28,92.3,92.01,92.065,18512.00
2026-02-23 13:45:00-05:00,92.065,92.405,92.065,92.405,12978.12
2026-02-23 13:50:00-05:00,92.45,92.59,92.33,92.43,14372.50
2026-02-23 13:55:00-05:00,92.475,92.475,92.08,92.09,8689.00
2026-02-23 14:00:00-05:00,92.095,92.37,92.07,92.295,12291.01
2026-02-23 14:05:00-05:00,92.215,92.3,92.12,92.2,10262.40
2026-02-23 14:10:00-05:00,92.245,92.245,92.04,92.08,9223.00
2026-02-23 14:15:00-05:00,92.125,92.25,92.04,92.185,12713.95
2026-02-23 14:20:00-05:00,92.185,92.345,92.12,92.27,10576.00
2026-02-23 14:25:00-05:00,92.28,92.28,91.845,91.895,18098.87
2026-02-23 14:30:00-05:00,91.885,92.0199,91.76,91.8,9682.81
2026-02-23 14:35:00-05:00,91.835,92.01,91.81,91.92,17209.02
2026-02-23 14:40:00-05:00,91.99,91.99,91.79,91.93,13382.83
2026-02-23 14:45:00-05:00,91.895,92.385,91.895,92.195,29152.18
2026-02-23 14:50:00-05:00,92.17,92.26,91.94,91.99,16310.00
2026-02-23 14:55:00-05:00,91.99,92.295,91.98,92.03,21585.02
2026-02-23 15:00:00-05:00,92.1,92.14,91.99,92.04,12074.00
2026-02-23 15:05:00-05:00,92.04,92.13,91.97,92.07,16835.47
2026-02-23 15:10:00-05:00,92.07,92.11,91.8818,91.965,16741.25
2026-02-23 15:15:00-05:00,91.915,92.39,91.915,92.225,19421.01
2026-02-23 15:20:00-05:00,92.275,92.42,92.17,92.3951,15022.63
2026-02-23 15:25:00-05:00,92.405,92.6,92.38,92.57,22371.15
2026-02-23 15:30:00-05:00,92.59,92.755,92.54,92.59,28413.09
2026-02-23 15:35:00-05:00,92.645,92.745,92.51,92.55,20854.53
2026-02-23 15:40:00-05:00,92.575,92.66,92.465,92.635,29350.00
2026-02-23 15:45:00-05:00,92.61,92.685,92.48,92.685,42175.00
2026-02-23 15:50:00-05:00,92.685,92.72,92.32,92.36,63090.18
2026-02-23 15:55:00-05:00,92.37,92.72,92.31,92.61,191098.66
2026-02-24 09:30:00-05:00,94.19,95,93.14,94.7913,21341.84
2026-02-24 09:35:00-05:00,94.13,94.79,93.49,94.49,14969.60
2026-02-24 09:40:00-05:00,94.25,95.13,94.25,95.12,16698.30
2026-02-24 09:45:00-05:00,95.195,95.195,94.88,95.04,15636.42
2026-02-24 09:50:00-05:00,95.04,95.21,94.825,95.13,19671.33
2026-02-24 09:55:00-05:00,94.86,95.19,94.6,94.9,8428.96
2026-02-24 10:00:00-05:00,94.85,95.04,94.81,94.93,6295.15
2026-02-24 10:05:00-05:00,94.825,95.3,94.77,95.265,13997.88
2026-02-24 10:10:00-05:00,95.34,95.46,95.09,95.205,8521.81
2026-02-24 10:15:00-05:00,95.12,95.42,94.91,95.41,8660.14
2026-02-24 10:20:00-05:00,95.4,95.59,95.25,95.58,11223.97
2026-02-24 10:25:00-05:00,95.6,95.76,95.4,95.73,12082.78
2026-02-24 10:30:00-05:00,95.64,95.71,95.35,95.375,12490.93
2026-02-24 10:35:00-05:00,95.38,95.76,95.38,95.66,7294.00
2026-02-24 10:40:00-05:00,95.67,96.09,95.59,96.04,26344.00
2026-02-24 10:45:00-05:00,96.07,96.29,95.805,96.12,17070.11
2026-02-24 10:50:00-05:00,96.1,96.31,95.95,95.95,13632.00
2026-02-24 10:55:00-05:00,96,96.315,95.68,96.225,38281.78
2026-02-24 11:00:00-05:00,96.31,96.92,96.07,96.415,30195.02
2026-02-24 11:05:00-05:00,96.4,96.59,96.05,96.05,21369.38
2026-02-24 11:10:00-05:00,96.05,96.23,96.0452,96.215,9722.00
2026-02-24 11:15:00-05:00,96.35,96.35,95.95,95.95,7639.00
2026-02-24 11:20:00-05:00,96.215,96.31,96.02,96.31,6128.59
2026-02-24 11:25:00-05:00,96.24,96.42,96.08,96.24,18908.29
2026-02-24 11:30:00-05:00,96.235,96.235,95.685,95.84,24889.02
2026-02-24 11:35:00-05:00,96,96.08,95.88,95.88,7504.02
2026-02-24 11:40:00-05:00,95.8,95.91,95.58,95.69,29564.00
2026-02-24 11:45:00-05:00,95.685,95.82,95.65,95.71,11324.10
2026-02-24 11:50:00-05:00,95.71,95.8,95.71,95.785,6495.11
2026-02-24 11:55:00-05:00,95.805,96.02,95.78,95.98,8765.12
2026-02-24 12:00:00-05:00,96.05,96.18,96.05,96.14,6960.20
2026-02-24 12:05:00-05:00,96.19,96.25,95.81,95.81,11481.00
2026-02-24 12:10:00-05:00,96.08,96.2,95.875,95.875,3474.10
2026-02-24 12:15:00-05:00,95.85,96,95.8225,95.955,5828.00
2026-02-24 12:20:00-05:00,95.97,96.45,95.97,96.45,5822.39
2026-02-24 12:25:00-05:00,96.48,96.54,96.3875,96.44,4842.00
2026-02-24 12:30:00-05:00,96.44,96.71,96.44,96.625,6349.00
2026-02-24 12:35:00-05:00,96.575,96.76,96.51,96.64,7019.68
2026-02-24 12:40:00-05:00,96.645,96.89,96.605,96.605,5272.11
2026-02-24 12:45:00-05:00,96.57,96.59,96.229,96.37,21262.03
2026-02-24 12:50:00-05:00,96.27,96.65,96.27,96.605,5458.00
2026-02-24 12:55:00-05:00,96.605,96.72,96.41,96.505,11633.00
2026-02-24 13:00:00-05:00,96.475,96.69,96.45,96.655,10431.00
2026-02-24 13:05:00-05:00,96.6,96.6,96.4,96.42,5093.05
2026-02-24 13:10:00-05:00,96.42,96.54,96.35,96.52,7385.26
2026-02-24 13:15:00-05:00,96.55,96.785,96.53,96.67,9889.00
2026-02-24 13:20:00-05:00,96.505,96.65,96.505,96.55,3706.32
2026-02-24 13:25:00-05:00,96.52,96.61,96.52,96.6,7605.11
2026-02-24 13:30:00-05:00,96.6,96.705,96.6,96.65,8021.07
2026-02-24 13:35:00-05:00,96.59,96.755,96.585,96.65,9213.21
2026-02-24 13:40:00-05:00,96.74,96.81,96.73,96.75,2700.00
2026-02-24 13:45:00-05:00,96.81,97.1,96.79,97.01,12119.76
2026-02-24 13:50:00-05:00,97.05,97.23,97.05,97.23,7901.03
2026-02-24 13:55:00-05:00,97.23,97.23,96.96,97.03,10181.20
2026-02-24 14:00:00-05:00,97.04,97.11,96.84,96.905,11896.38
2026-02-24 14:05:00-05:00,96.88,96.88,96.55,96.605,7509.00
2026-02-24 14:10:00-05:00,96.59,96.605,96.41,96.41,6106.00
2026-02-24 14:15:00-05:00,96.38,96.395,96.255,96.37,4322.11
2026-02-24 14:20:00-05:00,96.37,96.37,96.035,96.18,13032.00
2026-02-24 14:25:00-05:00,96.16,96.2,95.76,95.77,29607.11
2026-02-24 14:30:00-05:00,95.9,95.91,95.51,95.72,12560.00
2026-02-24 14:35:00-05:00,95.725,95.75,95.55,95.72,7928.00
2026-02-24 14:40:00-05:00,95.715,95.715,95.55,95.57,3741.82
2026-02-24 14:45:00-05:00,95.55,95.685,95.55,95.625,3868.52
2026-02-24 14:50:00-05:00,95.76,95.88,95.6675,95.825,5232.00
2026-02-24 14:55:00-05:00,95.765,95.805,95.485,95.485,6790.00
2026-02-24 15:00:00-05:00,95.48,95.525,95.2,95.225,14207.00
2026-02-24 15:05:00-05:00,95.09,95.15,94.88,94.96,14785.07
2026-02-24 15:10:00-05:00,94.985,95.365,94.985,95.33,7564.19
2026-02-24 15:15:00-05:00,95.265,95.34,95.125,95.29,6951.08
2026-02-24 15:20:00-05:00,95.22,95.3,95.18,95.255,13711.01
2026-02-24 15:25:00-05:00,95.255,95.38,94.9,95.04,14728.52
2026-02-24 15:30:00-05:00,95,95.13,94.95,94.995,26726.00
2026-02-24 15:35:00-05:00,94.97,95.1,94.95,95.02,18863.13
2026-02-24 15:40:00-05:00,95.04,95.11,94.885,95.055,22749.00
2026-02-24 15:45:00-05:00,95.055,95.21,95.03,95.065,20525.00
2026-02-24 15:50:00-05:00,95.11,95.17,94.875,95.01,43520.00
2026-02-24 15:55:00-05:00,94.99,95.205,94.89,94.96,137366.56
2026-02-25 09:30:00-05:00,95.02,95.02,93.31,94.5399,10984.12
2026-02-25 09:35:00-05:00,94.27,94.53,93.5,94.185,12047.99
2026-02-25 09:40:00-05:00,94.105,94.37,94.06,94.245,6060.26
2026-02-25 09:45:00-05:00,94.27,94.51,94.25,94.4,10257.50
2026-02-25 09:50:00-05:00,94.495,94.89,94.4225,94.89,10410.00
2026-02-25 09:55:00-05:00,94.7,94.77,94.3,94.67,13402.25
2026-02-25 10:00:00-05:00,94.615,94.85,94.32,94.6775,11280.06
2026-02-25 10:05:00-05:00,94.84,95.6225,94.84,95.425,9774.02
2026-02-25 10:10:00-05:00,95.695,95.695,95.19,95.34,9479.59
2026-02-25 10:15:00-05:00,95.46,95.6001,95.335,95.6,3263.45
2026-02-25 10:20:00-05:00,95.64,95.68,95.25,95.675,15059.10
2026-02-25 10:25:00-05:00,95.56,95.81,95.42,95.675,5279.00
2026-02-25 10:30:00-05:00,95.675,95.88,95.6574,95.6574,9377.03
2026-02-25 10:35:00-05:00,95.62,95.75,95.49,95.53,9812.10
2026-02-25 10:40:00-05:00,95.59,95.6751,95.59,95.675,3500.74
2026-02-25 10:45:00-05:00,95.88,96.035,95.37,95.37,7988.71
2026-02-25 10:50:00-05:00,95.495,95.73,95.495,95.585,4181.87
2026-02-25 10:55:00-05:00,95.575,95.65,95.42,95.51,16163.00
2026-02-25 11:00:00-05:00,95.63,95.63,95.04,95.14,13496.00
2026-02-25 11:05:00-05:00,95.13,95.13,95.09,95.12,3628.05
2026-02-25 11:10:00-05:00,95.12,95.38,95.09,95.33,6081.00
2026-02-25 11:15:00-05:00,95.3536,95.37,95.2,95.21,4350.00
2026-02-25 11:20:00-05:00,95.42,95.53,95.305,95.53,4875.18
2026-02-25 11:25:00-05:00,95.66,95.78,95.59,95.655,5507.00
2026-02-25 11:30:00-05:00,95.6051,95.9,95.5,95.5,11186.00
2026-02-25 11:35:00-05:00,95.6,95.925,95.33,95.65,14666.80
2026-02-25 11:40:00-05:00,95.595,95.7,95.355,95.355,3587.00
2026-02-25 11:45:00-05:00,95.46,95.46,95.23,95.35,3957.00
2026-02-25 11:50:00-05:00,95.34,95.42,95.265,95.365,7506.00
2026-02-25 11:55:00-05:00,95.42,95.49,95.27,95.355,9405.50
2026-02-25 12:00:00-05:00,95.26,95.75,95.26,95.75,17074.00
2026-02-25 12:05:00-05:00,95.81,95.83,95.65,95.72,6427.00
2026-02-25 12:10:00-05:00,95.705,95.79,95.49,95.56,5711.00
2026-02-25 12:15:00-05:00,95.56,95.65,95.56,95.65,1532.00
2026-02-25 12:20:00-05:00,95.65,95.79,95.611,95.65,10778.09
2026-02-25 12:25:00-05:00,95.66,95.73,95.52,95.52,3930.20
2026-02-25 12:30:00-05:00,95.47,95.57,95.46,95.56,8311.02
2026-02-25 12:35:00-05:00,95.52,95.72,95.49,95.72,6425.10
2026-02-25 12:40:00-05:00,95.78,95.845,95.68,95.74,8195.00
2026-02-25 12:45:00-05:00,95.66,95.74,95.65,95.74,1663.00
2026-02-25 12:50:00-05:00,95.725,95.725,95.56,95.56,2618.00
2026-02-25 12:55:00-05:00,95.665,95.84,95.665,95.77,5595.00
2026-02-25 13:00:00-05:00,95.83,95.83,95.77,95.77,1686.00
2026-02-25 13:05:00-05:00,95.77,95.94,95.77,95.83,8152.00
2026-02-25 13:10:00-05:00,95.865,95.865,95.7,95.7,1768.00
2026-02-25 13:15:00-05:00,95.73,95.73,95.61,95.675,1918.47
2026-02-25 13:20:00-05:00,95.675,95.81,95.675,95.76,3542.00
2026-02-25 13:25:00-05:00,95.82,95.84,95.73,95.73,1421.00
2026-02-25 13:30:00-05:00,95.765,95.82,95.64,95.67,6698.42
2026-02-25 13:35:00-05:00,95.7,95.88,95.7,95.88,4003.52
2026-02-25 13:40:00-05:00,95.9,95.94,95.7901,95.915,2472.00
2026-02-25 13:45:00-05:00,95.915,95.99,95.87,95.87,4414.00
2026-02-25 13:50:00-05:00,95.88,95.88,95.67,95.84,5092.06
2026-02-25 13:55:00-05:00,95.835,95.9,95.6301,95.9,5023.00
2026-02-25 14:00:00-05:00,95.9,96.045,95.9,95.92,5616.64
2026-02-25 14:05:00-05:00,95.915,95.965,95.75,95.765,7502.28
2026-02-25 14:10:00-05:00,95.77,95.77,95.56,95.7,13569.13
2026-02-25 14:15:00-05:00,95.625,95.69,95.625,95.68,4875.00
2026-02-25 14:20:00-05:00,95.66,95.74,95.64,95.73,5712.00
2026-02-25 14:25:00-05:00,95.675,95.83,95.59,95.8047,9545.00
2026-02-25 14:30:00-05:00,95.85,95.86,95.78,95.86,4666.69
2026-02-25 14:35:00-05:00,95.86,95.92,95.84,95.905,6067.00
2026-02-25 14:40:00-05:00,95.905,96.1,95.905,96.09,10263.50
2026-02-25 14:45:00-05:00,96.09,96.24,96.09,96.24,4904.00
2026-02-25 14:50:00-05:00,96.25,96.43,96.25,96.365,10072.46
2026-02-25 14:55:00-05:00,96.36,96.39,96.27,96.28,4366.23
2026-02-25 15:00:00-05:00,96.3,96.5,96.3,96.325,9917.50
2026-02-25 15:05:00-05:00,96.235,96.36,96.16,96.305,6742.83
2026-02-25 15:10:00-05:00,96.36,96.37,96.2,96.2,5463.00
2026-02-25 15:15:00-05:00,96.14,96.21,95.87,95.96,11812.15
2026-02-25 15:20:00-05:00,96.02,96.07,95.94,95.975,4568.04
2026-02-25 15:25:00-05:00,95.93,95.93,95.82,95.83,7361.48
2026-02-25 15:30:00-05:00,95.85,95.92,95.6375,95.81,12695.00
2026-02-25 15:35:00-05:00,95.87,96.09,95.705,96.09,16229.00
2026-02-25 15:40:00-05:00,96.05,96.12,95.98,96.035,18370.20
2026-02-25 15:45:00-05:00,96.01,96.11,95.98,96.06,27129.10
2026-02-25 15:50:00-05:00,96.01,96.1,95.95,96.03,38129.00
2026-02-25 15:55:00-05:00,96.02,96.08,95.845,95.89,105728.70
2026-02-26 09:30:00-05:00,96.99,99.86,96.66,99.86,20831.95
2026-02-26 09:35:00-05:00,99.91,100.99,99.2636,100.93,46619.23
2026-02-26 09:40:00-05:00,101,101.45,100.605,101.11,22637.64
2026-02-26 09:45:00-05:00,100.75,101.325,100.25,101.205,17868.33
2026-02-26 09:50:00-05:00,101.205,101.59,100.67,100.715,18970.49
2026-02-26 09:55:00-05:00,100.71,101.32,100.32,100.98,17972.40
2026-02-26 10:00:00-05:00,101.03,101.47,100.7005,101.055,7636.80
2026-02-26 10:05:00-05:00,101.055,101.18,100.202,100.37,7929.50
2026-02-26 10:10:00-05:00,100.37,100.64,100.22,100.64,9800.66
2026-02-26 10:15:00-05:00,100.23,100.55,100.0001,100.295,7481.00
2026-02-26 10:20:00-05:00,100.3,100.56,99.73,99.905,6719.18
2026-02-26 10:25:00-05:00,100.06,100.065,99.76,100,7901.22
2026-02-26 10:30:00-05:00,99.92,100.8299,99.8796,100.545,5544.51
2026-02-26 10:35:00-05:00,100.54,101.02,100.54,100.83,9306.83
2026-02-26 10:40:00-05:00,100.99,101.04,100.38,100.56,11241.09
2026-02-26 10:45:00-05:00,100.5,101.3,100.5,101.25,20573.52
2026-02-26 10:50:00-05:00,101.305,101.69,101.23,101.56,17610.86
2026-02-26 10:55:00-05:00,101.62,101.78,101.515,101.76,7137.40
2026-02-26 11:00:00-05:00,101.78,101.78,100.87,100.87,10596.35
2026-02-26 11:05:00-05:00,100.865,100.91,100.865,100.88,3568.39
2026-02-26 11:10:00-05:00,100.75,100.91,100.5,100.91,10168.25
2026-02-26 11:15:00-05:00,100.86,101.24,100.585,100.585,12696.70
2026-02-26 11:20:00-05:00,100.6446,100.72,100.42,100.43,3697.00
2026-02-26 11:25:00-05:00,100.1,100.17,99.845,99.88,11796.56
2026-02-26 11:30:00-05:00,100.03,100.31,100.03,100.125,3745.04
2026-02-26 11:35:00-05:00,100.21,100.43,100.035,100.335,7695.00
2026-02-26 11:40:00-05:00,100.24,100.335,100.0052,100.2,6087.00
2026-02-26 11:45:00-05:00,100.105,100.49,100.105,100.44,8018.42
2026-02-26 11:50:00-05:00,100.5,100.64,100.4025,100.63,4378.30
2026-02-26 11:55:00-05:00,100.64,100.785,100.47,100.47,11891.24
2026-02-26 12:00:00-05:00,100.49,100.49,100.2,100.26,5067.10
2026-02-26 12:05:00-05:00,100.35,100.44,100.22,100.345,7272.10
2026-02-26 12:10:00-05:00,100.325,100.3425,100.17,100.195,5060.10
2026-02-26 12:15:00-05:00,100.23,100.29,100.195,100.205,3315.00
2026-02-26 12:20:00-05:00,100.18,100.21,100.1,100.21,6175.02
2026-02-26 12:25:00-05:00,100.26,100.3,100.03,100.3,15419.45
2026-02-26 12:30:00-05:00,100.36,100.4,99.3,99.58,32612.00
2026-02-26 12:35:00-05:00,99.56,99.6,99.09,99.26,9307.00
2026-02-26 12:40:00-05:00,99.36,99.41,98.17,99.05,97118.02
2026-02-26 12:45:00-05:00,99.09,99.3999,99.03,99.25,22015.55
2026-02-26 12:50:00-05:00,99.39,99.39,99.09,99.15,31572.10
2026-02-26 12:55:00-05:00,99.03,99.22,99.03,99.045,3525.01
2026-02-26 13:00:00-05:00,98.9995,99.21,98.83,98.955,38607.57
2026-02-26 13:05:00-05:00,98.77,98.845,98.6118,98.8,3984.18
2026-02-26 13:10:00-05:00,98.68,99.09,98.67,99.01,17301.53
2026-02-26 13:15:00-05:00,99.08,99.28,98.97,99,19319.07
2026-02-26 13:20:00-05:00,99.05,99.05,98.58,98.68,18894.15
2026-02-26 13:25:00-05:00,98.72,98.76,98.54,98.54,7838.88
2026-02-26 13:30:00-05:00,98.61,99,98.61,99,5381.00
2026-02-26 13:35:00-05:00,99.1,99.24,98.89,99.04,12645.02
2026-02-26 13:40:00-05:00,99.18,99.27,99.105,99.185,14461.00
2026-02-26 13:45:00-05:00,99.185,99.185,98.7105,99.045,12406.99
2026-02-26 13:50:00-05:00,98.89,99.04,98.89,99.035,3421.68
2026-02-26 13:55:00-05:00,99.17,99.5,99,99.5,38691.01
2026-02-26 14:00:00-05:00,99.365,99.6,99.36,99.53,5505.02
2026-02-26 14:05:00-05:00,99.43,99.71,99.205,99.205,12973.00
2026-02-26 14:10:00-05:00,99.145,99.43,98.9825,99.24,23575.00
2026-02-26 14:15:00-05:00,99.29,99.6,99.055,99.43,42678.83
2026-02-26 14:20:00-05:00,99.43,99.4571,99.19,99.26,5468.42
2026-02-26 14:25:00-05:00,99.1,99.53,99.08,99.29,8535.00
2026-02-26 14:30:00-05:00,99.4,99.89,99.4,99.89,6179.14
2026-02-26 14:35:00-05:00,99.895,100.1099,99.89,100.06,7222.81
2026-02-26 14:40:00-05:00,99.94,100.19,99.89,100.045,12296.40
2026-02-26 14:45:00-05:00,99.99,100.3,99.99,100.0607,3197.22
2026-02-26 14:50:00-05:00,99.93,100.035,99.84,100.02,12386.06
2026-02-26 14:55:00-05:00,100.09,100.48,100.035,100.3925,12747.03
2026-02-26 15:00:00-05:00,100.2859,100.39,100.09,100.17,10450.49
2026-02-26 15:05:00-05:00,100.075,100.075,99.78,99.85,8276.44
2026-02-26 15:10:00-05:00,99.875,99.95,99.81,99.935,9763.86
2026-02-26 15:15:00-05:00,99.99,100.07,99.86,100.07,10471.00
2026-02-26 15:20:00-05:00,100.05,100.07,99.84,99.84,9297.15
2026-02-26 15:25:00-05:00,99.89,100.01,99.86,99.87,10898.10
2026-02-26 15:30:00-05:00,99.85,99.88,99.69,99.69,17484.10
2026-02-26 15:35:00-05:00,99.745,99.865,99.52,99.69,20284.44
2026-02-26 15:40:00-05:00,99.69,99.725,99.44,99.47,17810.22
2026-02-26 15:45:00-05:00,99.57,99.69,99.38,99.4375,30995.10
2026-02-26 15:50:00-05:00,99.36,99.36,98.99,99.09,41282.04
2026-02-26 15:55:00-05:00,99.06,99.345,98.96,98.98,146590.18
2026-02-27 09:30:00-05:00,97.45,97.82,96.5,97.145,15517.12
2026-02-27 09:35:00-05:00,96.88,97.33,96.665,97.16,6839.30
2026-02-27 09:40:00-05:00,97.16,97.5,96.5,97.49,13657.13
2026-02-27 09:45:00-05:00,97.455,98.425,97.24,98.04,10743.02
2026-02-27 09:50:00-05:00,98.19,98.76,97.85,98.68,29133.32
2026-02-27 09:55:00-05:00,98.99,98.99,98.0225,98.225,10554.33
2026-02-27 10:00:00-05:00,98.225,98.99,98.12,98.96,7385.51
2026-02-27 10:05:00-05:00,98.96,99.14,98.64,98.87,10998.00
2026-02-27 10:10:00-05:00,98.845,99.38,98.775,99.14,8703.22
2026-02-27 10:15:00-05:00,98.87,99.13,98.42,99.01,9882.75
2026-02-27 10:20:00-05:00,98.855,99.09,98.63,98.96,6470.89
2026-02-27 10:25:00-05:00,98.675,98.95,98.67,98.93,3596.00
2026-02-27 10:30:00-05:00,98.665,99.06,98.665,98.975,8277.10
2026-02-27 10:35:00-05:00,99.09,99.17,98.88,99.02,6821.89
2026-02-27 10:40:00-05:00,99.16,99.165,98.72,98.74,8933.94
2026-02-27 10:45:00-05:00,98.965,98.965,98.4675,98.5175,7758.83
2026-02-27 10:50:00-05:00,98.595,98.705,98.29,98.325,12304.12
2026-02-27 10:55:00-05:00,98.32,98.56,98.3,98.49,4831.00
2026-02-27 11:00:00-05:00,98.555,98.66,98.46,98.48,7521.07
2026-02-27 11:05:00-05:00,98.45,98.53,98.15,98.28,20329.21
2026-02-27 11:10:00-05:00,98.255,98.5,98.255,98.305,8765.00
2026-02-27 11:15:00-05:00,98.36,98.37,98.21,98.345,25353.01
2026-02-27 11:20:00-05:00,98.34,98.345,98,98.01,18743.00
2026-02-27 11:25:00-05:00,98.05,98.26,97.975,98.26,4698.71
2026-02-27 11:30:00-05:00,98.26,98.465,98.26,98.325,4357.00
2026-02-27 11:35:00-05:00,98.5,98.5,98.06,98.08,4514.00
2026-02-27 11:40:00-05:00,98.15,98.15,97.905,97.905,10822.00
2026-02-27 11:45:00-05:00,97.905,97.905,97.42,97.52,11245.07
2026-02-27 11:50:00-05:00,97.45,97.66,97.41,97.5,13512.28
2026-02-27 11:55:00-05:00,97.42,97.42,97.25,97.25,8314.91
2026-02-27 12:00:00-05:00,97.265,97.5,97.225,97.48,12740.00
2026-02-27 12:05:00-05:00,97.48,97.5,97.28,97.28,6627.00
2026-02-27 12:10:00-05:00,97.24,97.4,97.2,97.4,8755.10
2026-02-27 12:15:00-05:00,97.32,97.42,97.12,97.12,9652.43
2026-02-27 12:20:00-05:00,97.1375,97.26,96.92,97.2571,25951.00
2026-02-27 12:25:00-05:00,97.31,97.4,97.22,97.285,7448.08
2026-02-27 12:30:00-05:00,97.4,97.46,97.25,97.36,4861.25
2026-02-27 12:35:00-05:00,97.47,97.785,97.375,97.6659,9719.07
2026-02-27 12:40:00-05:00,97.54,97.54,97.17,97.44,7730.00
2026-02-27 12:45:00-05:00,97.45,97.45,97.26,97.33,6823.37
2026-02-27 12:50:00-05:00,97.46,97.49,97.355,97.355,2977.00
2026-02-27 12:55:00-05:00,97.5,97.64,97.48,97.64,10414.29
2026-02-27 13:00:00-05:00,97.66,97.69,97.48,97.48,8960.10
2026-02-27 13:05:00-05:00,97.51,97.7,97.47,97.58,6621.03
2026-02-27 13:10:00-05:00,97.47,97.69,97.47,97.57,3806.10
2026-02-27 13:15:00-05:00,97.665,97.665,97.395,97.395,18032.01
2026-02-27 13:20:00-05:00,97.52,97.52,97.3,97.33,5056.05
2026-02-27 13:25:00-05:00,97.5,97.5,97.41,97.425,3952.00
2026-02-27 13:30:00-05:00,97.425,97.53,97.29,97.35,9792.15
2026-02-27 13:35:00-05:00,97.42,97.43,97.28,97.28,7815.14
2026-02-27 13:40:00-05:00,97.35,97.52,97.32,97.52,3265.00
2026-02-27 13:45:00-05:00,97.47,97.47,97.31,97.31,8119.00
2026-02-27 13:50:00-05:00,97.25,97.405,97.15,97.24,14469.84
2026-02-27 13:55:00-05:00,97.12,97.12,96.51,96.55,32548.88
2026-02-27 14:00:00-05:00,96.46,96.79,96.42,96.49,19556.44
2026-02-27 14:05:00-05:00,96.49,96.62,96.15,96.15,13107.29
2026-02-27 14:10:00-05:00,96.145,96.15,95.92,95.925,6106.11
2026-02-27 14:15:00-05:00,95.905,96.16,95.9,96.02,7687.23
2026-02-27 14:20:00-05:00,96.0175,96.11,95.92,95.99,9216.50
2026-02-27 14:25:00-05:00,96.04,96.4,96.04,96.1,7504.37
2026-02-27 14:30:00-05:00,96.03,96.23,96.03,96.23,7899.22
2026-02-27 14:35:00-05:00,96.29,96.55,96.175,96.4,5454.12
2026-02-27 14:40:00-05:00,96.4,96.4,96.215,96.36,6762.01
2026-02-27 14:45:00-05:00,96.4225,96.5,96.17,96.17,8384.05
2026-02-27 14:50:00-05:00,96.2,96.4,96.185,96.285,4636.00
2026-02-27 14:55:00-05:00,96.265,96.52,96.255,96.45,6295.03
2026-02-27 15:00:00-05:00,96.49,96.81,96.49,96.67,5579.47
2026-02-27 15:05:00-05:00,96.81,96.89,96.61,96.61,10961.99
2026-02-27 15:10:00-05:00,96.545,97.06,96.545,96.875,4360.64
2026-02-27 15:15:00-05:00,97.125,97.29,96.985,97.265,5886.58
2026-02-27 15:20:00-05:00,97.265,97.625,97.265,97.575,10474.00
2026-02-27 15:25:00-05:00,97.46,97.62,97.2,97.5,16995.41
2026-02-27 15:30:00-05:00,97.5,97.65,97.14,97.23,30771.51
2026-02-27 15:35:00-05:00,97.23,97.34,97.2,97.28,17505.01
2026-02-27 15:40:00-05:00,97.38,97.48,97.21,97.33,21570.78
2026-02-27 15:45:00-05:00,97.31,97.815,97.31,97.815,40425.30
2026-02-27 15:50:00-05:00,97.815,98.05,97.67,97.67,35954.63
2026-02-27 15:55:00-05:00,97.665,97.91,97.51,97.8,134098.34
2026-03-02 09:30:00-05:00,94.97,96.1138,94,94.74,23887.19
2026-03-02 09:35:00-05:00,94.74,96.47,94.5458,95.03,37095.50
2026-03-02 09:40:00-05:00,95.03,95.63,94.9325,95,11838.12
2026-03-02 09:45:00-05:00,95.39,96.52,95.39,95.985,21688.09
2026-03-02 09:50:00-05:00,95.985,95.985,94.1605,94.255,40196.30
2026-03-02 09:55:00-05:00,94.255,95.36,94.255,95.36,10438.63
2026-03-02 10:00:00-05:00,95.025,95.15,94.59,95.15,6251.32
2026-03-02 10:05:00-05:00,94.82,95,94.69,94.95,16268.36
2026-03-02 10:10:00-05:00,94.76,95.65,94.76,95.65,6967.69
2026-03-02 10:15:00-05:00,95.385,95.92,95.35,95.41,14396.60
2026-03-02 10:20:00-05:00,95.33,96,95.17,95.58,14258.09
2026-03-02 10:25:00-05:00,95.815,96.29,95.59,96.1,4933.73
2026-03-02 10:30:00-05:00,95.94,96.295,95.795,96.165,8764.02
2026-03-02 10:35:00-05:00,96.1,96.285,95.76,96.285,6447.65
2026-03-02 10:40:00-05:00,96.285,96.49,96.065,96.23,8137.63
2026-03-02 10:45:00-05:00,96.37,96.74,96.0669,96.43,12980.94
2026-03-02 10:50:00-05:00,96.425,96.87,96.42,96.615,7734.53
2026-03-02 10:55:00-05:00,96.13,96.88,96.13,96.745,9436.29
2026-03-02 11:00:00-05:00,96.66,96.9,96.19,96.9,34863.10
2026-03-02 11:05:00-05:00,96.91,97.25,96.76,97.25,9361.03
2026-03-02 11:10:00-05:00,97.245,97.335,96.63,96.81,7545.00
2026-03-02 11:15:00-05:00,96.815,96.86,96.76,96.795,3452.37
2026-03-02 11:20:00-05:00,96.795,96.795,96.365,96.48,6575.10
2026-03-02 11:25:00-05:00,96.51,96.51,96.11,96.21,6641.57
2026-03-02 11:30:00-05:00,96.24,96.355,96.005,96.25,12266.13
2026-03-02 11:35:00-05:00,96.25,96.38,96.1,96.38,5100.59
2026-03-02 11:40:00-05:00,96.41,96.995,96.4,96.91,11317.00
2026-03-02 11:45:00-05:00,96.88,97,96.73,96.8,5538.05
2026-03-02 11:50:00-05:00,96.765,96.785,96.51,96.785,8397.85
2026-03-02 11:55:00-05:00,96.67,96.82,96.5201,96.82,3670.49
2026-03-02 12:00:00-05:00,96.82,97.07,96.735,96.925,9077.83
2026-03-02 12:05:00-05:00,96.925,97.03,96.715,96.795,5871.00
2026-03-02 12:10:00-05:00,96.795,96.795,96.29,96.29,9750.10
2026-03-02 12:15:00-05:00,96.292,96.66,96.292,96.48,19847.16
2026-03-02 12:20:00-05:00,96.55,97.015,96.52,97.01,7166.10
2026-03-02 12:25:00-05:00,96.87,97,96.66,96.66,13048.00
2026-03-02 12:30:00-05:00,96.65,96.89,96.65,96.75,2778.05
2026-03-02 12:35:00-05:00,96.765,97.025,96.76,96.855,3216.98
2026-03-02 12:40:00-05:00,96.78,96.97,96.73,96.97,5349.01
2026-03-02 12:45:00-05:00,97.06,97.215,97.06,97.19,4798.23
2026-03-02 12:50:00-05:00,97.1614,97.29,97.0968,97.175,3070.07
2026-03-02 12:55:00-05:00,97.1,97.39,97.08,97.3425,11904.00
2026-03-02 13:00:00-05:00,97.39,97.395,97.29,97.32,2029.00
2026-03-02 13:05:00-05:00,97.48,97.49,97.345,97.41,1756.00
2026-03-02 13:10:00-05:00,97.49,97.49,97.2,97.28,5897.01
2026-03-02 13:15:00-05:00,97.2199,97.37,97.2199,97.345,5672.00
2026-03-02 13:20:00-05:00,97.25,97.365,97.17,97.365,8207.00
2026-03-02 13:25:00-05:00,97.535,97.535,97.5001,97.5001,1698.04
2026-03-02 13:30:00-05:00,97.61,97.61,97.5,97.595,7344.00
2026-03-02 13:35:00-05:00,97.69,98.1,97.69,97.955,18857.04
2026-03-02 13:40:00-05:00,97.97,97.97,97.5,97.54,5214.57
2026-03-02 13:45:00-05:00,97.49,97.7,97.49,97.67,5075.00
2026-03-02 13:50:00-05:00,97.67,97.67,97.49,97.51,3814.50
2026-03-02 13:55:00-05:00,97.59,97.59,97.38,97.4,5397.26
2026-03-02 14:00:00-05:00,97.5,97.5,97.245,97.245,5813.31
2026-03-02 14:05:00-05:00,97.255,97.255,97,97,7965.00
2026-03-02 14:10:00-05:00,97.11,97.11,96.7685,97.08,12487.25
2026-03-02 14:15:00-05:00,97.06,97.16,96.93,97.035,5530.15
2026-03-02 14:20:00-05:00,97.03,97.23,96.92,96.92,17241.00
2026-03-02 14:25:00-05:00,96.7375,97.11,96.715,96.9925,10871.89
2026-03-02 14:30:00-05:00,97.1,97.13,96.985,97.11,5794.31
2026-03-02 14:35:00-05:00,97.13,97.245,96.8901,97.17,18284.00
2026-03-02 14:40:00-05:00,97.28,97.425,97,97.425,9096.49
2026-03-02 14:45:00-05:00,97.425,97.78,97.425,97.77,7829.77
2026-03-02 14:50:00-05:00,97.65,97.93,97.64,97.795,31915.28
2026-03-02 14:55:00-05:00,97.86,98.08,97.835,97.97,15944.00
2026-03-02 15:00:00-05:00,97.97,98.51,97.91,98.28,39491.50
2026-03-02 15:05:00-05:00,98.28,98.3,97.88,97.905,30012.34
2026-03-02 15:10:00-05:00,97.905,98.21,97.85,98.19,41283.73
2026-03-02 15:15:00-05:00,98.19,98.305,97.725,97.725,37819.02
2026-03-02 15:20:00-05:00,97.6975,97.825,97.41,97.41,15076.27
2026-03-02 15:25:00-05:00,97.37,97.92,97.37,97.775,28233.00
2026-03-02 15:30:00-05:00,97.7825,98.1,97.775,98.015,29861.00
2026-03-02 15:35:00-05:00,98.0156,98.12,97.9,97.94,22825.56
2026-03-02 15:40:00-05:00,97.94,98.08,97.75,97.885,32227.70
2026-03-02 15:45:00-05:00,97.8996,98.12,97.8996,98.08,24084.52
2026-03-02 15:50:00-05:00,98.11,98.11,97.585,97.59,53579.44
2026-03-02 15:55:00-05:00,97.55,97.92,97.32,97.89,294880.37
