timestamp,open,high,low,close,volume
2025-11-18 09:30:00-05:00,55.91,56.4631,55.11,55.795,378687.00
2025-11-18 09:35:00-05:00,55.88,56.5685,55.32,56.42,176766.00
2025-11-18 09:40:00-05:00,56.395,56.58,55.28,55.48,119185.00
2025-11-18 09:45:00-05:00,55.41,56.5,55.31,56.0963,110150.00
2025-11-18 09:50:00-05:00,56.24,56.75,56.06,56.75,131759.00
2025-11-18 09:55:00-05:00,56.67,56.7248,56.18,56.275,100372.00
2025-11-18 10:00:00-05:00,56.25,56.63,55.6,55.69,138620.00
2025-11-18 10:05:00-05:00,55.71,56.77,55.65,56.21,144896.00
2025-11-18 10:10:00-05:00,56.1674,56.33,55.47,56.085,72816.00
2025-11-18 10:15:00-05:00,56,56,55.55,55.745,94071.00
2025-11-18 10:20:00-05:00,55.71,56.33,55.68,55.785,145176.00
2025-11-18 10:25:00-05:00,55.785,56.1476,55.3,55.35,73044.00
2025-11-18 10:30:00-05:00,55.3656,55.82,55.15,55.29,98115.00
2025-11-18 10:35:00-05:00,55.26,55.55,55.0202,55.51,149063.00
2025-11-18 10:40:00-05:00,55.55,55.66,55.2,55.42,72446.00
2025-11-18 10:45:00-05:00,55.37,55.49,55.05,55.12,58798.00
2025-11-18 10:50:00-05:00,55.07,55.26,54.73,55.26,237938.00
2025-11-18 10:55:00-05:00,55.3,55.57,55.16,55.2,95719.00
2025-11-18 11:00:00-05:00,55.1571,55.25,54.67,54.9,64160.00
2025-11-18 11:05:00-05:00,54.95,55.47,54.86,55.47,87080.00
2025-11-18 11:10:00-05:00,55.5,55.93,55.39,55.6217,108993.00
2025-11-18 11:15:00-05:00,55.603,56.125,55.46,56.09,137039.00
2025-11-18 11:20:00-05:00,56.065,56.52,55.938,56.45,215263.00
2025-11-18 11:25:00-05:00,56.45,56.72,56.4,56.6425,244285.00
2025-11-18 11:30:00-05:00,56.635,57.12,56.53,56.7145,198498.00
2025-11-18 11:35:00-05:00,56.71,56.7201,56.345,56.375,108820.00
2025-11-18 11:40:00-05:00,56.35,56.355,56.06,56.13,227208.00
2025-11-18 11:45:00-05:00,56.14,56.2429,55.8868,56.2429,85878.00
2025-11-18 11:50:00-05:00,56.22,56.42,55.97,56.387,104106.00
2025-11-18 11:55:00-05:00,56.37,56.76,56.37,56.53,76593.00
2025-11-18 12:00:00-05:00,56.47,56.9099,56.38,56.75,78571.00
2025-11-18 12:05:00-05:00,56.79,56.91,56.59,56.85,76720.00
2025-11-18 12:10:00-05:00,56.81,56.93,56.59,56.86,61444.00
2025-11-18 12:15:00-05:00,56.82,56.94,56.62,56.81,89259.00
2025-11-18 12:20:00-05:00,56.82,57.02,56.645,57,89843.00
2025-11-18 12:25:00-05:00,57.02,57.14,56.38,56.5453,77973.00
2025-11-18 12:30:00-05:00,56.5899,57.17,56.35,57.17,56382.00
2025-11-18 12:35:00-05:00,57.0002,57.84,56.99,57.725,198308.00
2025-11-18 12:40:00-05:00,57.77,58.26,57.695,58.18,171685.00
2025-11-18 12:45:00-05:00,58.07,58.65,57.71,58.565,182287.00
2025-11-18 12:50:00-05:00,58.565,58.7305,58.3,58.67,126469.00
2025-11-18 12:55:00-05:00,58.66,59.3999,58.52,59.1763,216358.00
2025-11-18 13:00:00-05:00,59.25,59.34,58.58,58.62,123147.00
2025-11-18 13:05:00-05:00,58.68,58.9,58.63,58.8,89288.00
2025-11-18 13:10:00-05:00,58.782,59.25,58.715,59.11,132612.00
2025-11-18 13:15:00-05:00,59.1276,59.15,58.6403,58.745,94167.00
2025-11-18 13:20:00-05:00,58.725,58.79,58.48,58.625,58796.00
2025-11-18 13:25:00-05:00,58.58,58.68,58.41,58.43,138757.00
2025-11-18 13:30:00-05:00,58.5,58.7299,58.41,58.415,48085.00
2025-11-18 13:35:00-05:00,58.43,58.5,58.24,58.385,78874.00
2025-11-18 13:40:00-05:00,58.45,58.73,58.3,58.5154,58706.00
2025-11-18 13:45:00-05:00,58.45,58.65,58.42,58.57,33545.00
2025-11-18 13:50:00-05:00,58.5,59,58.47,58.7,84817.00
2025-11-18 13:55:00-05:00,58.6823,58.85,58.2,58.4066,91983.00
2025-11-18 14:00:00-05:00,58.4,58.8,58.39,58.61,44393.00
2025-11-18 14:05:00-05:00,58.635,58.82,58.5451,58.7935,33093.00
2025-11-18 14:10:00-05:00,58.745,59.1,58.745,58.925,69816.00
2025-11-18 14:15:00-05:00,58.925,59,58.5,58.79,44476.00
2025-11-18 14:20:00-05:00,58.82,58.89,58.5012,58.56,33633.00
2025-11-18 14:25:00-05:00,58.59,58.65,58.41,58.565,32697.00
2025-11-18 14:30:00-05:00,58.62,58.75,58.495,58.54,61918.00
2025-11-18 14:35:00-05:00,58.58,58.96,58.545,58.93,123001.00
2025-11-18 14:40:00-05:00,58.925,59.2294,58.86,58.97,81918.00
2025-11-18 14:45:00-05:00,59,59.16,58.89,58.98,53715.00
2025-11-18 14:50:00-05:00,58.92,58.9798,58.45,58.455,52338.00
2025-11-18 14:55:00-05:00,58.41,58.88,58.245,58.82,95415.00
2025-11-18 15:00:00-05:00,58.8,58.8436,58.58,58.63,49712.00
2025-11-18 15:05:00-05:00,58.605,58.73,58.5,58.605,47720.00
2025-11-18 15:10:00-05:00,58.61,58.96,58.59,58.94,46762.00
2025-11-18 15:15:00-05:00,58.89,59.03,58.76,58.785,49954.00
2025-11-18 15:20:00-05:00,58.8,59.06,58.68,58.71,58585.00
2025-11-18 15:25:00-05:00,58.71,58.73,58.3901,58.555,83588.00
2025-11-18 15:30:00-05:00,58.57,58.71,58.4301,58.45,65237.00
2025-11-18 15:35:00-05:00,58.52,58.78,58.52,58.595,83044.00
2025-11-18 15:40:00-05:00,58.57,58.57,58.31,58.42,69344.00
2025-11-18 15:45:00-05:00,58.45,58.53,58.26,58.3752,81437.00
2025-11-18 15:50:00-05:00,58.4,58.59,58.22,58.35,228204.00
2025-11-18 15:55:00-05:00,58.32,58.43,58.12,58.23,261019.00
2025-11-19 09:30:00-05:00,58.91,59.9,58.18,59.63,301962.00
2025-11-19 09:35:00-05:00,59.55,60.42,59.52,60.32,174005.00
2025-11-19 09:40:00-05:00,60.31,60.5344,59.904,60.025,219109.00
2025-11-19 09:45:00-05:00,60.015,60.3221,59.6133,59.71,137394.00
2025-11-19 09:50:00-05:00,59.6,60.5,59.38,60.085,206894.00
2025-11-19 09:55:00-05:00,60.06,60.58,59.83,60.53,173211.00
2025-11-19 10:00:00-05:00,60.56,61.36,60.2976,61.115,219791.00
2025-11-19 10:05:00-05:00,61.13,61.52,61.075,61.15,170869.00
2025-11-19 10:10:00-05:00,61.1799,61.39,60.95,61.335,123240.00
2025-11-19 10:15:00-05:00,61.39,61.75,61.1601,61.275,243097.00
2025-11-19 10:20:00-05:00,61.35,61.47,60.73,61.072,105807.00
2025-11-19 10:25:00-05:00,61.09,61.2153,60.76,61.06,105847.00
2025-11-19 10:30:00-05:00,61.08,61.12,60.54,60.605,130928.00
2025-11-19 10:35:00-05:00,60.55,61,60.32,60.73,86386.00
2025-11-19 10:40:00-05:00,60.6985,60.6985,60.31,60.48,72617.00
2025-11-19 10:45:00-05:00,60.4356,60.4639,59.63,59.75,101825.00
2025-11-19 10:50:00-05:00,59.68,59.95,59.4855,59.885,82002.00
2025-11-19 10:55:00-05:00,59.885,59.885,59.4401,59.6,68907.00
2025-11-19 11:00:00-05:00,59.58,59.76,59.57,59.75,62237.00
2025-11-19 11:05:00-05:00,59.73,59.87,59.53,59.61,121628.00
2025-11-19 11:10:00-05:00,59.67,59.71,59.4769,59.65,65087.00
2025-11-19 11:15:00-05:00,59.61,59.77,59.2403,59.315,67934.00
2025-11-19 11:20:00-05:00,59.3,59.59,59.13,59.1391,71179.00
2025-11-19 11:25:00-05:00,59.1458,59.375,58.93,59.095,120542.00
2025-11-19 11:30:00-05:00,59.05,59.11,58.86,58.925,90009.00
2025-11-19 11:35:00-05:00,58.91,58.949,58.61,58.79,60269.00
2025-11-19 11:40:00-05:00,58.79,59.2165,58.74,59.07,62347.00
2025-11-19 11:45:00-05:00,59.095,59.3599,59.02,59.185,51000.00
2025-11-19 11:50:00-05:00,59.185,59.33,58.98,59.33,36600.00
2025-11-19 11:55:00-05:00,59.32,59.32,58.92,58.92,80900.00
2025-11-19 12:00:00-05:00,58.9344,59.12,58.56,58.6383,96308.00
2025-11-19 12:05:00-05:00,58.63,58.7845,58.4244,58.6795,55724.00
2025-11-19 12:10:00-05:00,58.645,58.645,58.24,58.3046,52659.00
2025-11-19 12:15:00-05:00,58.32,58.645,58.15,58.5,74633.00
2025-11-19 12:20:00-05:00,58.54,58.625,58.36,58.435,1867923.00
2025-11-19 12:25:00-05:00,58.37,58.53,58.2,58.5,47463.00
2025-11-19 12:30:00-05:00,58.47,58.5099,58.05,58.1,59991.00
2025-11-19 12:35:00-05:00,58.11,58.11,57.635,57.955,1799068.00
2025-11-19 12:40:00-05:00,57.85,58.77,57.84,58.6208,82735.00
2025-11-19 12:45:00-05:00,58.63,58.73,58.33,58.3527,117030.00
2025-11-19 12:50:00-05:00,58.345,58.6989,58.265,58.52,33704.00
2025-11-19 12:55:00-05:00,58.555,58.75,58.5,58.7,23942.00
2025-11-19 13:00:00-05:00,58.67,59.14,58.63,59.13,53170.00
2025-11-19 13:05:00-05:00,59.15,59.15,58.61,59.0079,62927.00
2025-11-19 13:10:00-05:00,58.95,59.4,58.835,59.165,74804.00
2025-11-19 13:15:00-05:00,59.17,59.17,58.7,58.8773,47648.00
2025-11-19 13:20:00-05:00,58.91,59.0815,58.72,58.8,49069.00
2025-11-19 13:25:00-05:00,58.8598,58.8674,58.41,58.4292,42654.00
2025-11-19 13:30:00-05:00,58.41,58.72,58.39,58.455,40220.00
2025-11-19 13:35:00-05:00,58.455,58.8,58.41,58.62,69819.00
2025-11-19 13:40:00-05:00,58.6513,58.73,58.35,58.475,195416.00
2025-11-19 13:45:00-05:00,58.55,58.55,58.09,58.1501,31722.00
2025-11-19 13:50:00-05:00,58.26,58.58,58.26,58.5573,51944.00
2025-11-19 13:55:00-05:00,58.53,58.795,58.51,58.51,42147.00
2025-11-19 14:00:00-05:00,58.6,58.6,58.0551,58.14,53461.00
2025-11-19 14:05:00-05:00,58.12,58.38,57.94,58.22,50707.00
2025-11-19 14:10:00-05:00,58.28,58.42,58.14,58.4136,32736.00
2025-11-19 14:15:00-05:00,58.39,58.42,58.02,58.105,37106.00
2025-11-19 14:20:00-05:00,58.14,58.38,58.03,58.05,42942.00
2025-11-19 14:25:00-05:00,58.12,58.12,57.8,58.01,55796.00
2025-11-19 14:30:00-05:00,57.98,58.17,57.8691,57.8691,32823.00
2025-11-19 14:35:00-05:00,57.92,58.0699,57.68,57.69,46230.00
2025-11-19 14:40:00-05:00,57.685,57.84,57.55,57.61,234151.00
2025-11-19 14:45:00-05:00,57.665,57.73,57.48,57.685,111946.00
2025-11-19 14:50:00-05:00,57.685,58.37,57.63,58.35,54777.00
2025-11-19 14:55:00-05:00,58.34,58.62,58.05,58.24,66944.00
2025-11-19 15:00:00-05:00,58.16,58.435,58.12,58.22,34113.00
2025-11-19 15:05:00-05:00,58.21,58.265,58.06,58.1154,44405.00
2025-11-19 15:10:00-05:00,58.0845,58.335,58.06,58.285,30036.00
2025-11-19 15:15:00-05:00,58.285,58.6299,58.285,58.6299,60991.00
2025-11-19 15:20:00-05:00,58.63,58.73,58.205,58.391,53957.00
2025-11-19 15:25:00-05:00,58.37,58.38,58.16,58.28,46541.00
2025-11-19 15:30:00-05:00,58.3,58.32,58.15,58.245,64586.00
2025-11-19 15:35:00-05:00,58.245,58.54,58.21,58.37,92632.00
2025-11-19 15:40:00-05:00,58.36,58.36,58.1,58.165,70827.00
2025-11-19 15:45:00-05:00,58.15,58.17,57.84,57.93,69779.00
2025-11-19 15:50:00-05:00,57.92,58.21,57.87,58.035,134104.00
2025-11-19 15:55:00-05:00,58.1,58.37,57.97,58.06,306261.00
2025-11-20 09:30:00-05:00,61.38,61.59,60.4101,61.031,382806.00
2025-11-20 09:35:00-05:00,61.1,61.6,60.9015,61.27,228619.00
2025-11-20 09:40:00-05:00,61.205,61.25,60.33,60.63,216559.00
2025-11-20 09:45:00-05:00,60.62,60.62,59.94,60.0257,172712.00
2025-11-20 09:50:00-05:00,60.015,60.05,59.33,59.5625,156691.00
2025-11-20 09:55:00-05:00,59.545,60.27,59.54,59.96,134799.00
2025-11-20 10:00:00-05:00,60.04,60.36,59.88,60.36,122666.00
2025-11-20 10:05:00-05:00,60.23,60.23,59.11,59.54,122528.00
2025-11-20 10:10:00-05:00,59.4601,59.65,59.1501,59.33,83192.00
2025-11-20 10:15:00-05:00,59.21,59.36,58.8,59.125,160232.00
2025-11-20 10:20:00-05:00,59.24,59.7999,59.17,59.7471,106160.00
2025-11-20 10:25:00-05:00,59.7492,59.7492,59.29,59.34,48402.00
2025-11-20 10:30:00-05:00,59.34,59.34,58.77,58.835,81221.00
2025-11-20 10:35:00-05:00,58.86,59.4,58.8501,59.4,78808.00
2025-11-20 10:40:00-05:00,59.37,59.6577,59.3,59.55,98355.00
2025-11-20 10:45:00-05:00,59.55,59.72,59.13,59.13,74665.00
2025-11-20 10:50:00-05:00,59.13,59.41,58.91,59.26,81841.00
2025-11-20 10:55:00-05:00,59.26,59.3,58.95,59.035,123790.00
2025-11-20 11:00:00-05:00,59.09,59.36,58.91,59.12,91643.00
2025-11-20 11:05:00-05:00,59.1,59.39,58.63,58.705,113465.00
2025-11-20 11:10:00-05:00,58.665,59.04,58.64,58.84,88569.00
2025-11-20 11:15:00-05:00,58.84,58.84,57.92,58.025,118904.00
2025-11-20 11:20:00-05:00,58.07,58.3839,57.72,57.8746,70729.00
2025-11-20 11:25:00-05:00,57.935,58.07,57.32,57.4,178560.00
2025-11-20 11:30:00-05:00,57.3646,57.54,56.79,56.9,151631.00
2025-11-20 11:35:00-05:00,56.89,57.04,56.58,56.93,87202.00
2025-11-20 11:40:00-05:00,56.93,57.27,56.72,56.78,146944.00
2025-11-20 11:45:00-05:00,56.76,57.1008,56.65,57.04,91412.00
2025-11-20 11:50:00-05:00,57.04,57.31,56.29,56.3573,84458.00
2025-11-20 11:55:00-05:00,56.39,56.5,55.65,55.67,164918.00
2025-11-20 12:00:00-05:00,55.66,56.7,55.63,56.56,171814.00
2025-11-20 12:05:00-05:00,56.56,56.56,55.73,55.88,113442.00
2025-11-20 12:10:00-05:00,55.94,55.94,55.01,55.59,184522.00
2025-11-20 12:15:00-05:00,55.47,55.53,55.04,55.18,88720.00
2025-11-20 12:20:00-05:00,55.155,55.6047,54.86,55.4,144492.00
2025-11-20 12:25:00-05:00,55.29,55.55,55.09,55.3065,69017.00
2025-11-20 12:30:00-05:00,55.31,55.5816,55.0415,55.12,112271.00
2025-11-20 12:35:00-05:00,55.094,55.1,54.332,54.88,415062.00
2025-11-20 12:40:00-05:00,54.95,55.1388,54.45,54.47,135863.00
2025-11-20 12:45:00-05:00,54.4684,54.55,54.2411,54.365,118826.00
2025-11-20 12:50:00-05:00,54.43,54.865,54.25,54.4902,129819.00
2025-11-20 12:55:00-05:00,54.47,55.095,54.46,54.8336,146818.00
2025-11-20 13:00:00-05:00,54.8,54.8829,54.54,54.54,60300.00
2025-11-20 13:05:00-05:00,54.5825,55.2,54.5825,55.175,215967.00
2025-11-20 13:10:00-05:00,55.185,55.74,54.94,55.57,141729.00
2025-11-20 13:15:00-05:00,55.635,55.652,54.93,55.2099,104492.00
2025-11-20 13:20:00-05:00,55.24,55.36,54.965,55.04,44803.00
2025-11-20 13:25:00-05:00,54.92,55.0399,54.75,54.9063,69146.00
2025-11-20 13:30:00-05:00,54.91,54.9599,54.43,54.73,68477.00
2025-11-20 13:35:00-05:00,54.73,54.75,54.3601,54.405,53585.00
2025-11-20 13:40:00-05:00,54.4262,54.44,53.96,53.9796,119354.00
2025-11-20 13:45:00-05:00,53.97,54.03,53.82,53.92,98085.00
2025-11-20 13:50:00-05:00,53.98,54.0599,53.73,53.87,105972.00
2025-11-20 13:55:00-05:00,53.84,54.14,53.74,54.03,146521.00
2025-11-20 14:00:00-05:00,54.03,54.31,53.8,53.82,138749.00
2025-11-20 14:05:00-05:00,53.885,54.0786,53.62,53.859,122113.00
2025-11-20 14:10:00-05:00,53.91,54.035,53.74,53.9,89784.00
2025-11-20 14:15:00-05:00,53.88,53.9,53.53,53.72,80642.00
2025-11-20 14:20:00-05:00,53.7,54.03,53.58,53.61,65757.00
2025-11-20 14:25:00-05:00,53.605,54,53.575,53.84,66649.00
2025-11-20 14:30:00-05:00,53.84,53.84,53.1,53.235,187498.00
2025-11-20 14:35:00-05:00,53.27,53.4899,53.14,53.215,98054.00
2025-11-20 14:40:00-05:00,53.215,53.34,53.01,53.205,107560.00
2025-11-20 14:45:00-05:00,53.25,53.25,52.78,52.8629,118355.00
2025-11-20 14:50:00-05:00,52.87,53.24,52.86,53.07,101605.00
2025-11-20 14:55:00-05:00,53.15,53.4338,53.1,53.3423,159007.00
2025-11-20 15:00:00-05:00,53.33,53.33,52.32,52.32,271991.00
2025-11-20 15:05:00-05:00,52.32,52.68,52.11,52.275,176907.00
2025-11-20 15:10:00-05:00,52.3,52.449,52.08,52.4,210289.00
2025-11-20 15:15:00-05:00,52.3801,52.45,52.13,52.19,218015.00
2025-11-20 15:20:00-05:00,52.19,52.19,51.58,51.585,331272.00
2025-11-20 15:25:00-05:00,51.58,52.11,51.5146,52.02,232942.00
2025-11-20 15:30:00-05:00,52.02,52.14,51.66,51.69,171056.00
2025-11-20 15:35:00-05:00,51.7,51.72,51.03,51.1659,329735.00
2025-11-20 15:40:00-05:00,51.1689,51.24,51.04,51.05,209961.00
2025-11-20 15:45:00-05:00,51.04,51.24,50.56,50.675,469138.00
2025-11-20 15:50:00-05:00,50.68,50.7499,50.3,50.52,475817.00
2025-11-20 15:55:00-05:00,50.52,50.81,50.45,50.68,551750.00
2025-11-21 09:30:00-05:00,53.005,53.28,51.3701,52.93,575234.00
2025-11-21 09:35:00-05:00,52.945,53.71,52.4592,52.673,432365.00
2025-11-21 09:40:00-05:00,52.71,53.43,52.0501,52.65,264116.00
2025-11-21 09:45:00-05:00,52.7,52.92,52.14,52.8,194948.00
2025-11-21 09:50:00-05:00,52.82,53.11,52.67,52.825,187031.00
2025-11-21 09:55:00-05:00,52.78,52.79,51,51.1555,232508.00
2025-11-21 10:00:00-05:00,51.185,51.722,50.74,51.32,399863.00
2025-11-21 10:05:00-05:00,51.305,52.02,51.11,51.57,218374.00
2025-11-21 10:10:00-05:00,51.52,51.869,51.19,51.315,295416.00
2025-11-21 10:15:00-05:00,51.35,51.75,50.94,51.62,177205.00
2025-11-21 10:20:00-05:00,51.63,51.64,50.5507,51.308,229338.00
2025-11-21 10:25:00-05:00,51.275,51.54,50.3432,50.5,175548.00
2025-11-21 10:30:00-05:00,50.43,50.63,49.95,50.01,264365.00
2025-11-21 10:35:00-05:00,50.03,50.16,49.71,49.7941,203152.00
2025-11-21 10:40:00-05:00,49.81,50.48,49.51,50.365,360064.00
2025-11-21 10:45:00-05:00,50.35,50.8663,49.9371,50.75,186397.00
2025-11-21 10:50:00-05:00,50.775,50.9,49.905,50.5012,222434.00
2025-11-21 10:55:00-05:00,50.42,50.52,49.92,50.05,88860.00
2025-11-21 11:00:00-05:00,50.07,50.28,49.55,49.6405,129916.00
2025-11-21 11:05:00-05:00,49.65,50.22,49.31,50.22,209747.00
2025-11-21 11:10:00-05:00,50.24,50.57,50.2101,50.31,108853.00
2025-11-21 11:15:00-05:00,50.25,50.5,49.9875,50.13,83133.00
2025-11-21 11:20:00-05:00,50.05,51.05,50.05,50.96,200437.00
2025-11-21 11:25:00-05:00,50.93,51.04,50.66,50.92,112791.00
2025-11-21 11:30:00-05:00,50.875,51.11,50.67,50.84,101119.00
2025-11-21 11:35:00-05:00,50.785,51.08,50.7,50.967,172685.00
2025-11-21 11:40:00-05:00,51,51.35,51,51.2525,142315.00
2025-11-21 11:45:00-05:00,51.2,51.2,50.895,51.11,105762.00
2025-11-21 11:50:00-05:00,51.06,51.45,50.97,51.28,84114.00
2025-11-21 11:55:00-05:00,51.3,52.03,51.3,51.94,169071.00
2025-11-21 12:00:00-05:00,51.98,51.98,51.26,51.6,136238.00
2025-11-21 12:05:00-05:00,51.64,52,51.495,51.95,150984.00
2025-11-21 12:10:00-05:00,51.95,51.98,51.54,51.72,88548.00
2025-11-21 12:15:00-05:00,51.72,51.9,51.64,51.75,56846.00
2025-11-21 12:20:00-05:00,51.69,52,51.57,51.885,93750.00
2025-11-21 12:25:00-05:00,51.8769,51.96,51.45,51.61,72481.00
2025-11-21 12:30:00-05:00,51.68,51.8,51.63,51.71,54513.00
2025-11-21 12:35:00-05:00,51.665,51.89,51.665,51.85,82561.00
2025-11-21 12:40:00-05:00,51.89,52.1,51.72,51.84,79352.00
2025-11-21 12:45:00-05:00,51.88,52.05,51.6,51.935,72800.00
2025-11-21 12:50:00-05:00,51.85,51.85,51.5287,51.74,69050.00
2025-11-21 12:55:00-05:00,51.76,51.93,51.51,51.635,74652.00
2025-11-21 13:00:00-05:00,51.7,51.73,51.1714,51.205,46949.00
2025-11-21 13:05:00-05:00,51.18,51.21,50.8,51.0301,93185.00
2025-11-21 13:10:00-05:00,51.04,51.04,50.83,50.84,45104.00
2025-11-21 13:15:00-05:00,50.86,50.88,50.5104,50.73,68409.00
2025-11-21 13:20:00-05:00,50.73,51.04,50.73,50.77,66391.00
2025-11-21 13:25:00-05:00,50.79,50.96,50.7,50.7717,64026.00
2025-11-21 13:30:00-05:00,50.79,51.2999,50.735,50.94,90423.00
2025-11-21 13:35:00-05:00,50.95,51.09,50.925,51.08,69013.00
2025-11-21 13:40:00-05:00,51.11,51.1414,50.86,50.93,41832.00
2025-11-21 13:45:00-05:00,50.96,51.75,50.8,51.555,202326.00
2025-11-21 13:50:00-05:00,51.62,51.82,51.2,51.37,287907.00
2025-11-21 13:55:00-05:00,51.355,51.5,51.07,51.49,74735.00
2025-11-21 14:00:00-05:00,51.51,51.88,51.395,51.86,211209.00
2025-11-21 14:05:00-05:00,51.87,52.13,51.762,51.92,305934.00
2025-11-21 14:10:00-05:00,51.95,52.02,51.67,51.84,90966.00
2025-11-21 14:15:00-05:00,51.86,52.05,51.77,51.9675,136368.00
2025-11-21 14:20:00-05:00,51.965,52.35,51.84,52.295,136569.00
2025-11-21 14:25:00-05:00,52.285,52.4,52.08,52.32,165746.00
2025-11-21 14:30:00-05:00,52.35,52.36,51.8491,51.93,83279.00
2025-11-21 14:35:00-05:00,51.925,52.08,51.86,51.995,71053.00
2025-11-21 14:40:00-05:00,51.995,52.0599,51.5,51.56,78654.00
2025-11-21 14:45:00-05:00,51.62,51.72,51.4601,51.6408,66002.00
2025-11-21 14:50:00-05:00,51.64,51.69,51.15,51.43,61915.00
2025-11-21 14:55:00-05:00,51.46,51.64,51.38,51.62,81285.00
2025-11-21 15:00:00-05:00,51.62,51.91,51.5301,51.64,100720.00
2025-11-21 15:05:00-05:00,51.6,51.71,51.466,51.635,65647.00
2025-11-21 15:10:00-05:00,51.64,51.76,51.5,51.7,103077.00
2025-11-21 15:15:00-05:00,51.67,51.79,51.55,51.63,81185.00
2025-11-21 15:20:00-05:00,51.64,51.64,51.24,51.34,104287.00
2025-11-21 15:25:00-05:00,51.33,51.46,51.02,51.04,105177.00
2025-11-21 15:30:00-05:00,51.01,51.1826,50.8501,51.17,66678.00
2025-11-21 15:35:00-05:00,51.215,51.59,51.215,51.5,99095.00
2025-11-21 15:40:00-05:00,51.485,51.495,51.125,51.37,112429.00
2025-11-21 15:45:00-05:00,51.3377,51.6,51.3377,51.48,134977.00
2025-11-21 15:50:00-05:00,51.43,51.585,51.145,51.175,230260.00
2025-11-21 15:55:00-05:00,51.175,51.52,51.16,51.41,382898.00
2025-11-24 09:30:00-05:00,53,53.25,52.09,53.25,467454.00
2025-11-24 09:35:00-05:00,53.21,53.5981,52.851,53.33,219343.00
2025-11-24 09:40:00-05:00,53.34,53.4926,52.01,52.145,175016.00
2025-11-24 09:45:00-05:00,52.18,52.8799,51.81,51.855,161498.00
2025-11-24 09:50:00-05:00,51.855,52.27,51.5,51.91,153160.00
2025-11-24 09:55:00-05:00,51.865,52.445,51.7701,52.39,116523.00
2025-11-24 10:00:00-05:00,52.39,52.6099,52.05,52.32,129829.00
2025-11-24 10:05:00-05:00,52.32,52.73,52.26,52.5,128921.00
2025-11-24 10:10:00-05:00,52.5925,52.9699,52.3301,52.92,112201.00
2025-11-24 10:15:00-05:00,52.91,53.08,52.7008,52.845,161808.00
2025-11-24 10:20:00-05:00,52.94,53.25,52.7101,52.965,102173.00
2025-11-24 10:25:00-05:00,52.93,53.3493,52.77,53.09,159997.00
2025-11-24 10:30:00-05:00,53.0509,53.0509,52.58,52.7206,72061.00
2025-11-24 10:35:00-05:00,52.7,52.82,52.44,52.775,142607.00
2025-11-24 10:40:00-05:00,52.775,52.9399,52.65,52.9399,163297.00
2025-11-24 10:45:00-05:00,52.88,53.0679,52.565,52.88,134107.00
2025-11-24 10:50:00-05:00,52.925,52.95,52.52,52.5701,81974.00
2025-11-24 10:55:00-05:00,52.6,52.79,52.465,52.79,40372.00
2025-11-24 11:00:00-05:00,52.745,53.1999,52.74,53.1799,80717.00
2025-11-24 11:05:00-05:00,53.1799,53.25,52.84,52.9731,66799.00
2025-11-24 11:10:00-05:00,53.02,53.06,52.66,52.92,45492.00
2025-11-24 11:15:00-05:00,52.9,53.14,52.78,53,94742.00
2025-11-24 11:20:00-05:00,53.06,53.1,52.7,52.9,79477.00
2025-11-24 11:25:00-05:00,52.9017,53.09,52.8006,53.025,49687.00
2025-11-24 11:30:00-05:00,53.01,53.2,52.92,53.1317,45173.00
2025-11-24 11:35:00-05:00,53.15,53.15,52.96,53.08,26991.00
2025-11-24 11:40:00-05:00,53.09,53.5,53,53.46,87624.00
2025-11-24 11:45:00-05:00,53.42,53.5,53.3,53.3689,63454.00
2025-11-24 11:50:00-05:00,53.31,53.385,53.17,53.195,98140.00
2025-11-24 11:55:00-05:00,53.1683,53.2591,53.08,53.2184,37819.00
2025-11-24 12:00:00-05:00,53.25,53.45,53.17,53.27,66378.00
2025-11-24 12:05:00-05:00,53.33,53.34,53.125,53.13,77730.00
2025-11-24 12:10:00-05:00,53.11,53.21,52.97,53.195,48220.00
2025-11-24 12:15:00-05:00,53.13,53.4999,53.065,53.4897,58784.00
2025-11-24 12:20:00-05:00,53.47,53.95,53.4,53.85,140616.00
2025-11-24 12:25:00-05:00,53.81,53.9,53.61,53.87,130665.00
2025-11-24 12:30:00-05:00,53.85,53.91,53.62,53.635,49472.00
2025-11-24 12:35:00-05:00,53.66,53.778,53.46,53.72,72185.00
2025-11-24 12:40:00-05:00,53.78,53.905,53.7301,53.7999,36020.00
2025-11-24 12:45:00-05:00,53.775,53.88,53.72,53.7609,50828.00
2025-11-24 12:50:00-05:00,53.73,53.8,53.605,53.7,67963.00
2025-11-24 12:55:00-05:00,53.66,53.8,53.57,53.785,31223.00
2025-11-24 13:00:00-05:00,53.81,53.81,53.54,53.6,31086.00
2025-11-24 13:05:00-05:00,53.6,53.61,53.43,53.5,44561.00
2025-11-24 13:10:00-05:00,53.49,53.6099,53.205,53.39,61568.00
2025-11-24 13:15:00-05:00,53.3929,53.45,53.17,53.29,72810.00
2025-11-24 13:20:00-05:00,53.305,53.6947,53.0501,53.64,199710.00
2025-11-24 13:25:00-05:00,53.64,53.74,53.53,53.65,77393.00
2025-11-24 13:30:00-05:00,53.6756,54.012,53.65,53.92,95160.00
2025-11-24 13:35:00-05:00,53.91,54.02,53.79,53.84,53546.00
2025-11-24 13:40:00-05:00,53.83,53.88,53.645,53.71,73007.00
2025-11-24 13:45:00-05:00,53.7111,53.9292,53.6,53.892,50524.00
2025-11-24 13:50:00-05:00,53.91,54.09,53.9,54.05,51836.00
2025-11-24 13:55:00-05:00,54.05,54.34,53.91,54.11,129318.00
2025-11-24 14:00:00-05:00,54.11,54.19,53.97,54.14,91177.00
2025-11-24 14:05:00-05:00,54.16,54.33,54.0917,54.2,57686.00
2025-11-24 14:10:00-05:00,54.15,54.24,54.1275,54.2,26978.00
2025-11-24 14:15:00-05:00,54.2,54.48,54.12,54.44,66273.00
2025-11-24 14:20:00-05:00,54.4525,54.5486,54.18,54.21,141820.00
2025-11-24 14:25:00-05:00,54.22,54.25,54.09,54.11,55108.00
2025-11-24 14:30:00-05:00,54.11,54.24,54.035,54.22,66974.00
2025-11-24 14:35:00-05:00,54.2,54.2,53.823,54.15,87966.00
2025-11-24 14:40:00-05:00,54.15,54.19,53.98,54.04,86555.00
2025-11-24 14:45:00-05:00,54.03,54.2099,53.97,54.19,39106.00
2025-11-24 14:50:00-05:00,54.185,54.26,53.88,54.015,64807.00
2025-11-24 14:55:00-05:00,54.04,54.1199,53.83,53.89,43945.00
2025-11-24 15:00:00-05:00,53.9,54.2678,53.89,54.22,94893.00
2025-11-24 15:05:00-05:00,54.22,54.48,54.1824,54.385,83605.00
2025-11-24 15:10:00-05:00,54.36,54.37,54.2,54.3069,61668.00
2025-11-24 15:15:00-05:00,54.3,54.35,54.2065,54.28,67424.00
2025-11-24 15:20:00-05:00,54.28,54.29,54.03,54.2,62854.00
2025-11-24 15:25:00-05:00,54.15,54.3499,54.12,54.2999,78745.00
2025-11-24 15:30:00-05:00,54.25,54.42,54.18,54.32,111558.00
2025-11-24 15:35:00-05:00,54.32,54.61,54.32,54.5855,119888.00
2025-11-24 15:40:00-05:00,54.56,54.84,54.56,54.7973,139877.00
2025-11-24 15:45:00-05:00,54.805,54.95,54.75,54.86,113583.00
2025-11-24 15:50:00-05:00,54.85,55.488,54.85,55.045,366102.00
2025-11-24 15:55:00-05:00,55.03,55.27,55,55.03,359844.00
2025-11-25 09:30:00-05:00,55.235,55.26,53.85,54.565,376718.00
2025-11-25 09:35:00-05:00,54.5575,54.72,53.19,53.32,186724.00
2025-11-25 09:40:00-05:00,53.4205,53.46,52.5211,52.62,296621.00
2025-11-25 09:45:00-05:00,52.5,53,52.32,52.5,191191.00
2025-11-25 09:50:00-05:00,52.45,54.5,52.41,53.93,231547.00
2025-11-25 09:55:00-05:00,53.94,54.3,53.93,54.19,195348.00
2025-11-25 10:00:00-05:00,54.16,54.25,53.71,53.84,187319.00
2025-11-25 10:05:00-05:00,53.94,54.72,53.88,54.61,222003.00
2025-11-25 10:10:00-05:00,54.59,54.68,54.19,54.2014,138318.00
2025-11-25 10:15:00-05:00,54.27,54.45,54.1,54.27,121795.00
2025-11-25 10:20:00-05:00,54.25,54.3099,53.71,53.95,144202.00
2025-11-25 10:25:00-05:00,54,54.4,53.9019,54.36,70777.00
2025-11-25 10:30:00-05:00,54.36,54.69,54.3417,54.435,87320.00
2025-11-25 10:35:00-05:00,54.4,54.5199,54.28,54.4,54396.00
2025-11-25 10:40:00-05:00,54.36,54.74,54.3,54.73,72963.00
2025-11-25 10:45:00-05:00,54.72,55.17,54.47,54.485,415470.00
2025-11-25 10:50:00-05:00,54.46,54.49,54.0901,54.31,212710.00
2025-11-25 10:55:00-05:00,54.31,54.58,54.16,54.48,110049.00
2025-11-25 11:00:00-05:00,54.46,54.64,54.36,54.42,141392.00
2025-11-25 11:05:00-05:00,54.35,54.53,54.222,54.24,111096.00
2025-11-25 11:10:00-05:00,54.24,54.44,54.21,54.3,48584.00
2025-11-25 11:15:00-05:00,54.3,54.625,54.255,54.58,73809.00
2025-11-25 11:20:00-05:00,54.55,55.16,54.51,54.985,295654.00
2025-11-25 11:25:00-05:00,54.985,55.02,54.72,54.9,87352.00
2025-11-25 11:30:00-05:00,54.9499,55.01,54.82,54.899,63158.00
2025-11-25 11:35:00-05:00,54.92,54.9357,54.745,54.865,33134.00
2025-11-25 11:40:00-05:00,54.89,55.0172,54.79,54.79,66304.00
2025-11-25 11:45:00-05:00,54.84,54.84,54.1,54.115,146013.00
2025-11-25 11:50:00-05:00,54.15,54.4604,54.1,54.26,51312.00
2025-11-25 11:55:00-05:00,54.2,54.23,54.0216,54.065,101719.00
2025-11-25 12:00:00-05:00,54.11,54.3578,54.08,54.315,88232.00
2025-11-25 12:05:00-05:00,54.3191,54.4999,54.31,54.415,30125.00
2025-11-25 12:10:00-05:00,54.38,54.5392,54.38,54.475,129029.00
2025-11-25 12:15:00-05:00,54.4501,54.55,54.38,54.46,97329.00
2025-11-25 12:20:00-05:00,54.4737,54.81,54.4737,54.7197,79114.00
2025-11-25 12:25:00-05:00,54.74,54.7829,54.38,54.52,56165.00
2025-11-25 12:30:00-05:00,54.49,54.87,54.49,54.87,52900.00
2025-11-25 12:35:00-05:00,54.85,55.25,54.75,55.12,190534.00
2025-11-25 12:40:00-05:00,55.17,55.65,55.14,55.3,266644.00
2025-11-25 12:45:00-05:00,55.335,55.3999,54.9515,55.05,53679.00
2025-11-25 12:50:00-05:00,55,55.09,54.81,54.91,60641.00
2025-11-25 12:55:00-05:00,54.94,55.01,54.72,54.7749,62597.00
2025-11-25 13:00:00-05:00,54.79,54.89,54.5337,54.715,83860.00
2025-11-25 13:05:00-05:00,54.68,54.68,54.24,54.45,141633.00
2025-11-25 13:10:00-05:00,54.51,54.59,54.48,54.56,25168.00
2025-11-25 13:15:00-05:00,54.51,54.64,54.46,54.54,31786.00
2025-11-25 13:20:00-05:00,54.58,54.78,54.5,54.7208,41633.00
2025-11-25 13:25:00-05:00,54.69,54.7388,54.62,54.71,39247.00
2025-11-25 13:30:00-05:00,54.75,54.81,54.72,54.7694,41741.00
2025-11-25 13:35:00-05:00,54.74,54.8491,54.71,54.825,33792.00
2025-11-25 13:40:00-05:00,54.8,54.8337,54.66,54.66,28163.00
2025-11-25 13:45:00-05:00,54.76,55.0106,54.76,54.91,32972.00
2025-11-25 13:50:00-05:00,54.91,54.98,54.82,54.93,233064.00
2025-11-25 13:55:00-05:00,54.89,54.89,54.68,54.82,37036.00
2025-11-25 14:00:00-05:00,54.845,55.03,54.53,54.58,71873.00
2025-11-25 14:05:00-05:00,54.53,54.65,54.45,54.54,33715.00
2025-11-25 14:10:00-05:00,54.545,54.9199,54.54,54.77,41366.00
2025-11-25 14:15:00-05:00,54.795,54.8399,54.39,54.62,54899.00
2025-11-25 14:20:00-05:00,54.62,54.81,54.49,54.79,38115.00
2025-11-25 14:25:00-05:00,54.79,54.8004,54.69,54.755,38661.00
2025-11-25 14:30:00-05:00,54.79,54.92,54.6,54.625,55454.00
2025-11-25 14:35:00-05:00,54.61,54.61,54.3405,54.45,72718.00
2025-11-25 14:40:00-05:00,54.45,54.52,54.37,54.51,35853.00
2025-11-25 14:45:00-05:00,54.45,54.55,54.43,54.55,60673.00
2025-11-25 14:50:00-05:00,54.55,54.87,54.54,54.7913,63999.00
2025-11-25 14:55:00-05:00,54.8,55.25,54.77,55.24,60078.00
2025-11-25 15:00:00-05:00,55.22,55.36,55.08,55.2,60783.00
2025-11-25 15:05:00-05:00,55.15,55.4,55.06,55.21,53038.00
2025-11-25 15:10:00-05:00,55.2,55.5499,55.09,55.5232,66804.00
2025-11-25 15:15:00-05:00,55.52,55.55,55.41,55.43,411406.00
2025-11-25 15:20:00-05:00,55.41,55.83,55.41,55.57,130390.00
2025-11-25 15:25:00-05:00,55.57,55.66,55.28,55.32,72210.00
2025-11-25 15:30:00-05:00,55.41,55.59,55.385,55.5099,71888.00
2025-11-25 15:35:00-05:00,55.51,55.5335,55.4,55.4659,38641.00
2025-11-25 15:40:00-05:00,55.48,55.5099,55.35,55.44,62211.00
2025-11-25 15:45:00-05:00,55.46,55.96,55.43,55.915,245153.00
2025-11-25 15:50:00-05:00,55.94,56,55.61,55.675,240491.00
2025-11-25 15:55:00-05:00,55.67,55.72,55.51,55.54,301269.00
2025-11-26 09:30:00-05:00,56.405,56.65,55.7,56.34,322428.00
2025-11-26 09:35:00-05:00,56.36,56.81,56.1715,56.5178,163984.00
2025-11-26 09:40:00-05:00,56.58,57,56.48,57,153410.00
2025-11-26 09:45:00-05:00,57.07,57.48,56.7266,56.75,218240.00
2025-11-26 09:50:00-05:00,56.74,56.9315,56.2,56.265,247153.00
2025-11-26 09:55:00-05:00,56.21,56.27,55.81,56.115,165130.00
2025-11-26 10:00:00-05:00,56.15,56.56,56,56.235,140297.00
2025-11-26 10:05:00-05:00,56.2,56.52,56.0339,56.22,115994.00
2025-11-26 10:10:00-05:00,56.22,56.41,56.15,56.24,94796.00
2025-11-26 10:15:00-05:00,56.28,56.4315,56.08,56.35,70981.00
2025-11-26 10:20:00-05:00,56.35,56.5,55.96,56.02,136521.00
2025-11-26 10:25:00-05:00,56.02,56.45,55.97,56.22,308165.00
2025-11-26 10:30:00-05:00,56.2705,56.48,56.21,56.3925,42855.00
2025-11-26 10:35:00-05:00,56.44,56.518,56.1815,56.3484,61479.00
2025-11-26 10:40:00-05:00,56.36,56.45,56.122,56.26,29311.00
2025-11-26 10:45:00-05:00,56.17,56.205,55.95,56.05,62401.00
2025-11-26 10:50:00-05:00,56.05,56.26,55.92,56.24,36025.00
2025-11-26 10:55:00-05:00,56.27,56.4,56.12,56.25,98548.00
2025-11-26 11:00:00-05:00,56.32,56.44,56.26,56.42,36708.00
2025-11-26 11:05:00-05:00,56.4,56.46,56.1,56.17,44242.00
2025-11-26 11:10:00-05:00,56.18,56.24,55.92,55.97,80497.00
2025-11-26 11:15:00-05:00,56,56.2,55.96,56.1499,31836.00
2025-11-26 11:20:00-05:00,56.1402,56.2132,56.03,56.19,31703.00
2025-11-26 11:25:00-05:00,56.1838,56.23,55.8,55.83,101722.00
2025-11-26 11:30:00-05:00,55.87,56.14,55.8,56.14,28406.00
2025-11-26 11:35:00-05:00,56.1,56.18,55.98,56.04,27092.00
2025-11-26 11:40:00-05:00,56.04,56.1582,56,56.0894,18575.00
2025-11-26 11:45:00-05:00,56.095,56.095,55.9,55.9238,57391.00
2025-11-26 11:50:00-05:00,55.955,56.1,55.9177,55.98,37365.00
2025-11-26 11:55:00-05:00,55.95,56.07,55.925,56.005,47164.00
2025-11-26 12:00:00-05:00,56.01,56.05,55.9,55.945,37201.00
2025-11-26 12:05:00-05:00,55.93,56.19,55.675,55.888,66211.00
2025-11-26 12:10:00-05:00,55.8779,55.9397,55.7,55.72,33874.00
2025-11-26 12:15:00-05:00,55.7,55.7512,55.55,55.655,63449.00
2025-11-26 12:20:00-05:00,55.645,56.12,55.64,56.1,88301.00
2025-11-26 12:25:00-05:00,56.005,56.17,55.92,56.073,34956.00
2025-11-26 12:30:00-05:00,56.06,56.2,56.01,56.0632,34465.00
2025-11-26 12:35:00-05:00,56.06,56.15,55.975,56.15,22496.00
2025-11-26 12:40:00-05:00,56.16,56.35,56.1,56.251,85106.00
2025-11-26 12:45:00-05:00,56.266,56.31,56.1,56.1,25867.00
2025-11-26 12:50:00-05:00,56.115,56.25,56.02,56.25,55245.00
2025-11-26 12:55:00-05:00,56.19,56.31,55.95,56.06,46814.00
2025-11-26 13:00:00-05:00,56.06,56.28,56.06,56.13,27051.00
2025-11-26 13:05:00-05:00,56.13,56.29,55.76,55.94,71122.00
2025-11-26 13:10:00-05:00,55.9527,56.48,55.9527,56.4159,54846.00
2025-11-26 13:15:00-05:00,56.45,56.5,56.22,56.22,29723.00
2025-11-26 13:20:00-05:00,56.22,56.22,55.95,56.03,88801.00
2025-11-26 13:25:00-05:00,56.0376,56.23,56,56.15,37816.00
2025-11-26 13:30:00-05:00,56.18,56.22,55.86,55.92,22031.00
2025-11-26 13:35:00-05:00,55.9,55.94,55.8,55.8401,28900.00
2025-11-26 13:40:00-05:00,55.855,56.1352,55.81,56.02,20396.00
2025-11-26 13:45:00-05:00,56.05,56.2821,55.955,56.2635,27956.00
2025-11-26 13:50:00-05:00,56.25,56.329,56.04,56.135,38204.00
2025-11-26 13:55:00-05:00,56.11,56.34,56.05,56.34,19305.00
2025-11-26 14:00:00-05:00,56.35,56.6935,56.32,56.54,45165.00
2025-11-26 14:05:00-05:00,56.52,56.57,56.4301,56.46,13925.00
2025-11-26 14:10:00-05:00,56.4747,56.485,56.095,56.395,54069.00
2025-11-26 14:15:00-05:00,56.42,56.42,56.28,56.29,36983.00
2025-11-26 14:20:00-05:00,56.29,56.33,56.225,56.27,26109.00
2025-11-26 14:25:00-05:00,56.24,56.4,56.21,56.38,39793.00
2025-11-26 14:30:00-05:00,56.38,56.48,56.35,56.41,31976.00
2025-11-26 14:35:00-05:00,56.37,56.41,56.135,56.15,54319.00
2025-11-26 14:40:00-05:00,56.1495,56.38,56.08,56.3,26771.00
2025-11-26 14:45:00-05:00,56.305,56.33,56.16,56.175,27816.00
2025-11-26 14:50:00-05:00,56.175,56.325,56.16,56.325,26892.00
2025-11-26 14:55:00-05:00,56.3,56.39,56.245,56.36,20806.00
2025-11-26 15:00:00-05:00,56.37,56.53,56.37,56.39,80984.00
2025-11-26 15:05:00-05:00,56.405,56.405,56.09,56.27,35786.00
2025-11-26 15:10:00-05:00,56.305,56.39,56.28,56.32,40074.00
2025-11-26 15:15:00-05:00,56.315,56.355,56.2,56.215,28436.00
2025-11-26 15:20:00-05:00,56.23,56.27,56.13,56.17,48036.00
2025-11-26 15:25:00-05:00,56.16,56.3,56.12,56.2448,29080.00
2025-11-26 15:30:00-05:00,56.23,56.23,56.11,56.2266,35497.00
2025-11-26 15:35:00-05:00,56.25,56.2699,56.15,56.1864,45489.00
2025-11-26 15:40:00-05:00,56.18,56.18,56.0454,56.07,35849.00
2025-11-26 15:45:00-05:00,56.065,56.15,55.95,56,55165.00
2025-11-26 15:50:00-05:00,55.99,56.13,55.71,55.77,173968.00
2025-11-26 15:55:00-05:00,55.83,55.84,55.51,55.51,266124.00
2025-11-28 09:30:00-05:00,56.67,57.14,55.99,56.16,267797.00
2025-11-28 09:35:00-05:00,56.27,56.35,55.89,56,111081.00
2025-11-28 09:40:00-05:00,55.99,56.27,55.8,56.2063,111742.00
2025-11-28 09:45:00-05:00,56.2049,56.89,56.0882,56.85,136062.00
2025-11-28 09:50:00-05:00,56.87,57.32,56.7301,57.2597,239104.00
2025-11-28 09:55:00-05:00,57.2,57.4299,57.03,57.18,150915.00
2025-11-28 10:00:00-05:00,57.18,57.4,57.13,57.33,84461.00
2025-11-28 10:05:00-05:00,57.33,57.5137,57.1602,57.41,136986.00
2025-11-28 10:10:00-05:00,57.4064,57.6095,56.92,57.075,171351.00
2025-11-28 10:15:00-05:00,57.08,57.425,56.97,57.425,107427.00
2025-11-28 10:20:00-05:00,57.43,57.6,57.35,57.405,95640.00
2025-11-28 10:25:00-05:00,57.41,57.8099,57.41,57.64,136329.00
2025-11-28 10:30:00-05:00,57.6001,57.7,57.268,57.37,93156.00
2025-11-28 10:35:00-05:00,57.31,57.395,57.18,57.26,85362.00
2025-11-28 10:40:00-05:00,57.28,57.293,57.0301,57.19,61054.00
2025-11-28 10:45:00-05:00,57.19,57.2035,56.9,56.98,83848.00
2025-11-28 10:50:00-05:00,57.005,57.08,56.91,56.96,38567.00
2025-11-28 10:55:00-05:00,56.9,56.96,56.81,56.88,31878.00
2025-11-28 11:00:00-05:00,56.87,56.96,56.8601,56.8762,37970.00
2025-11-28 11:05:00-05:00,56.8845,57.0199,56.85,56.99,25093.00
2025-11-28 11:10:00-05:00,56.995,57.0223,56.87,56.9907,64957.00
2025-11-28 11:15:00-05:00,57.0133,57.3799,56.96,57.3799,96369.00
2025-11-28 11:20:00-05:00,57.325,57.377,56.93,56.93,44899.00
2025-11-28 11:25:00-05:00,56.9681,57.12,56.66,57.07,79755.00
2025-11-28 11:30:00-05:00,57.075,57.49,57,57.37,80086.00
2025-11-28 11:35:00-05:00,57.33,57.38,57.17,57.19,45331.00
2025-11-28 11:40:00-05:00,57.18,57.46,57.03,57.446,51470.00
2025-11-28 11:45:00-05:00,57.49,57.5,57.06,57.37,152306.00
2025-11-28 11:50:00-05:00,57.334,57.45,57.23,57.2888,49340.00
2025-11-28 11:55:00-05:00,57.3,57.32,57.11,57.26,41277.00
2025-11-28 12:00:00-05:00,57.24,57.2466,57.1,57.1673,41599.00
2025-11-28 12:05:00-05:00,57.15,57.3,57.1,57.2652,28688.00
2025-11-28 12:10:00-05:00,57.27,57.3443,57.126,57.16,33606.00
2025-11-28 12:15:00-05:00,57.145,57.32,57.08,57.24,49178.00
2025-11-28 12:20:00-05:00,57.2,57.33,57.09,57.2395,43348.00
2025-11-28 12:25:00-05:00,57.2001,57.33,57.2001,57.22,44066.00
2025-11-28 12:30:00-05:00,57.21,57.2225,56.88,57.04,79488.00
2025-11-28 12:35:00-05:00,57.03,57.15,56.72,56.72,68329.00
2025-11-28 12:40:00-05:00,56.76,56.84,56.6537,56.7714,72099.00
2025-11-28 12:45:00-05:00,56.75,56.7681,56.1667,56.17,94465.00
2025-11-28 12:50:00-05:00,56.21,56.4,56.08,56.085,101450.00
2025-11-28 12:55:00-05:00,56.1,56.2964,56.08,56.24,209874.00
2025-11-28 13:00:00-05:00,56.245,56.245,56.2,56.2,259085.00
2025-12-01 09:30:00-05:00,54.35,54.39,53.35,53.7265,353750.00
2025-12-01 09:35:00-05:00,53.92,54.08,53.1001,53.12,193715.00
2025-12-01 09:40:00-05:00,53.12,53.47,53.05,53.37,178441.00
2025-12-01 09:45:00-05:00,53.3865,53.97,53.26,53.63,168132.00
2025-12-01 09:50:00-05:00,53.6039,54.0499,53.57,53.7971,129946.00
2025-12-01 09:55:00-05:00,53.81,54.32,53.81,54.19,159959.00
2025-12-01 10:00:00-05:00,54.29,54.29,53.8,53.83,88464.00
2025-12-01 10:05:00-05:00,53.795,54.02,53.74,53.795,61709.00
2025-12-01 10:10:00-05:00,53.81,53.84,53.4201,53.465,74839.00
2025-12-01 10:15:00-05:00,53.465,53.56,53.21,53.4178,116855.00
2025-12-01 10:20:00-05:00,53.375,53.375,52.65,52.6911,219092.00
2025-12-01 10:25:00-05:00,52.7,52.7,52.36,52.36,151040.00
2025-12-01 10:30:00-05:00,52.351,52.825,52.2,52.57,161577.00
2025-12-01 10:35:00-05:00,52.57,52.96,52.5,52.88,228449.00
2025-12-01 10:40:00-05:00,52.94,53.0572,52.67,52.6992,121851.00
2025-12-01 10:45:00-05:00,52.72,52.7818,52.59,52.735,52455.00
2025-12-01 10:50:00-05:00,52.715,53.1,52.685,53.045,74098.00
2025-12-01 10:55:00-05:00,53.055,53.223,52.83,53.223,113923.00
2025-12-01 11:00:00-05:00,53.23,53.23,52.9401,53,49576.00
2025-12-01 11:05:00-05:00,52.95,52.955,52.62,52.88,83582.00
2025-12-01 11:10:00-05:00,52.88,53.11,52.78,53.046,52949.00
2025-12-01 11:15:00-05:00,53.078,53.078,52.81,53.015,38478.00
2025-12-01 11:20:00-05:00,53.015,53.21,53.015,53.1,53664.00
2025-12-01 11:25:00-05:00,53.13,53.2179,53.1,53.1893,34128.00
2025-12-01 11:30:00-05:00,53.22,53.43,53.22,53.36,62735.00
2025-12-01 11:35:00-05:00,53.36,53.72,53.3349,53.665,58677.00
2025-12-01 11:40:00-05:00,53.62,53.99,53.56,53.81,83171.00
2025-12-01 11:45:00-05:00,53.83,53.91,53.7359,53.88,26889.00
2025-12-01 11:50:00-05:00,53.89,53.89,53.68,53.7014,32704.00
2025-12-01 11:55:00-05:00,53.72,53.787,53.65,53.74,24235.00
2025-12-01 12:00:00-05:00,53.79,53.8,53.64,53.735,46707.00
2025-12-01 12:05:00-05:00,53.7485,53.8809,53.74,53.76,30314.00
2025-12-01 12:10:00-05:00,53.8399,53.84,53.64,53.685,25190.00
2025-12-01 12:15:00-05:00,53.64,53.64,53.47,53.51,42961.00
2025-12-01 12:20:00-05:00,53.5,53.54,53.4,53.47,49787.00
2025-12-01 12:25:00-05:00,53.475,53.51,53.38,53.51,38745.00
2025-12-01 12:30:00-05:00,53.53,53.55,53.43,53.515,28905.00
2025-12-01 12:35:00-05:00,53.48,53.55,53.468,53.5,19865.00
2025-12-01 12:40:00-05:00,53.53,53.759,53.53,53.759,20970.00
2025-12-01 12:45:00-05:00,53.7195,53.93,53.707,53.83,33173.00
2025-12-01 12:50:00-05:00,53.896,53.896,53.68,53.72,22740.00
2025-12-01 12:55:00-05:00,53.69,53.78,53.67,53.7425,34071.00
2025-12-01 13:00:00-05:00,53.745,53.8203,53.6892,53.715,31758.00
2025-12-01 13:05:00-05:00,53.71,53.78,53.6781,53.7363,23405.00
2025-12-01 13:10:00-05:00,53.73,53.87,53.705,53.84,33627.00
2025-12-01 13:15:00-05:00,53.831,53.87,53.72,53.75,35482.00
2025-12-01 13:20:00-05:00,53.745,53.745,53.64,53.73,24517.00
2025-12-01 13:25:00-05:00,53.71,53.76,53.7,53.7132,31816.00
2025-12-01 13:30:00-05:00,53.7274,53.76,53.62,53.62,27813.00
2025-12-01 13:35:00-05:00,53.61,53.61,53.51,53.58,35489.00
2025-12-01 13:40:00-05:00,53.56,53.7191,53.535,53.55,24334.00
2025-12-01 13:45:00-05:00,53.55,53.61,53.51,53.6035,22575.00
2025-12-01 13:50:00-05:00,53.62,53.8,53.61,53.61,54459.00
2025-12-01 13:55:00-05:00,53.6304,53.95,53.63,53.93,57722.00
2025-12-01 14:00:00-05:00,53.9266,53.9703,53.7585,53.8,39566.00
2025-12-01 14:05:00-05:00,53.75,53.76,53.6,53.62,28535.00
2025-12-01 14:10:00-05:00,53.6012,53.62,53.45,53.53,55867.00
2025-12-01 14:15:00-05:00,53.545,53.63,53.43,53.4431,38600.00
2025-12-01 14:20:00-05:00,53.46,53.5,53.24,53.27,52121.00
2025-12-01 14:25:00-05:00,53.3,53.31,53.1167,53.16,31383.00
2025-12-01 14:30:00-05:00,53.18,53.195,52.99,53.195,63098.00
2025-12-01 14:35:00-05:00,53.2,53.29,53.12,53.175,36158.00
2025-12-01 14:40:00-05:00,53.14,53.14,52.9087,52.915,29269.00
2025-12-01 14:45:00-05:00,52.91,52.945,52.78,52.81,51310.00
2025-12-01 14:50:00-05:00,52.83,53.205,52.8275,53.205,66910.00
2025-12-01 14:55:00-05:00,53.18,53.2391,52.84,53.04,81987.00
2025-12-01 15:00:00-05:00,53.045,53.17,53,53.08,192525.00
2025-12-01 15:05:00-05:00,53.095,53.19,52.92,52.934,61174.00
2025-12-01 15:10:00-05:00,52.99,53.0935,52.98,53.005,52432.00
2025-12-01 15:15:00-05:00,53.005,53.04,52.956,53.01,42502.00
2025-12-01 15:20:00-05:00,52.995,53.17,52.995,53.115,65652.00
2025-12-01 15:25:00-05:00,53.08,53.2,53.07,53.17,49458.00
2025-12-01 15:30:00-05:00,53.16,53.17,52.99,53.115,69821.00
2025-12-01 15:35:00-05:00,53.115,53.19,53.06,53.065,74965.00
2025-12-01 15:40:00-05:00,53.0516,53.07,52.91,53.0416,76074.00
2025-12-01 15:45:00-05:00,53.05,53.065,52.8401,52.86,56399.00
2025-12-01 15:50:00-05:00,52.85,53.1184,52.6,52.665,161928.00
2025-12-01 15:55:00-05:00,52.68,52.73,52.5,52.62,301398.00
2025-12-02 09:30:00-05:00,53.215,54.055,53.08,54.01,233211.00
2025-12-02 09:35:00-05:00,54.0131,54.3,53.93,54.09,151174.00
2025-12-02 09:40:00-05:00,54.125,54.3792,53.78,54.05,134625.00
2025-12-02 09:45:00-05:00,54.03,54.5299,53.7529,54.28,164742.00
2025-12-02 09:50:00-05:00,54.28,54.75,54.22,54.6923,98549.00
2025-12-02 09:55:00-05:00,54.69,55.7,54.6494,55.62,267189.00
2025-12-02 10:00:00-05:00,55.62,55.75,55.2019,55.74,213295.00
2025-12-02 10:05:00-05:00,55.7699,56.19,55.7004,55.87,194383.00
2025-12-02 10:10:00-05:00,55.82,55.83,55.4,55.54,177268.00
2025-12-02 10:15:00-05:00,55.54,56.04,55.54,55.875,88334.00
2025-12-02 10:20:00-05:00,55.89,56.07,55.78,55.85,113206.00
2025-12-02 10:25:00-05:00,55.846,56.08,55.59,55.74,134227.00
2025-12-02 10:30:00-05:00,55.79,56.0932,55.58,55.785,149659.00
2025-12-02 10:35:00-05:00,55.74,56.005,55.102,55.29,185144.00
2025-12-02 10:40:00-05:00,55.285,55.805,55.25,55.705,89240.00
2025-12-02 10:45:00-05:00,55.715,56.4624,55.55,56.4624,153929.00
2025-12-02 10:50:00-05:00,56.47,56.6899,56.11,56.205,179889.00
2025-12-02 10:55:00-05:00,56.25,56.3099,55.9,55.96,67184.00
2025-12-02 11:00:00-05:00,55.9,56.05,55.6645,55.89,99174.00
2025-12-02 11:05:00-05:00,55.975,56.28,55.9,56.2,132260.00
2025-12-02 11:10:00-05:00,56.19,56.23,55.82,56.16,87024.00
2025-12-02 11:15:00-05:00,56.085,56.4648,56.0537,56.24,96130.00
2025-12-02 11:20:00-05:00,56.28,56.29,55.8,55.855,124459.00
2025-12-02 11:25:00-05:00,55.84,56.1299,55.76,55.87,148508.00
2025-12-02 11:30:00-05:00,55.81,56,55.47,55.635,69355.00
2025-12-02 11:35:00-05:00,55.6699,56.3875,55.62,56.27,91043.00
2025-12-02 11:40:00-05:00,56.265,56.35,55.72,55.755,80947.00
2025-12-02 11:45:00-05:00,55.725,55.84,55.35,55.515,61816.00
2025-12-02 11:50:00-05:00,55.53,55.805,55.5,55.7874,35216.00
2025-12-02 11:55:00-05:00,55.842,55.99,55.66,55.76,32251.00
2025-12-02 12:00:00-05:00,55.76,56.1,55.76,55.9,32344.00
2025-12-02 12:05:00-05:00,55.92,55.96,55.706,55.81,21957.00
2025-12-02 12:10:00-05:00,55.76,55.77,55.612,55.72,35365.00
2025-12-02 12:15:00-05:00,55.72,55.73,55.57,55.59,79167.00
2025-12-02 12:20:00-05:00,55.59,55.9799,55.59,55.8,61415.00
2025-12-02 12:25:00-05:00,55.77,56.12,55.77,55.98,32622.00
2025-12-02 12:30:00-05:00,55.9,56.1999,55.835,56.11,49940.00
2025-12-02 12:35:00-05:00,56.115,56.2499,55.9328,55.975,38745.00
2025-12-02 12:40:00-05:00,56.0399,56.2,56.02,56.16,59037.00
2025-12-02 12:45:00-05:00,56.08,56.33,56,56.33,61026.00
2025-12-02 12:50:00-05:00,56.315,56.315,55.9,56.09,115706.00
2025-12-02 12:55:00-05:00,56.06,56.09,55.55,55.55,71547.00
2025-12-02 13:00:00-05:00,55.54,55.815,55.45,55.67,87156.00
2025-12-02 13:05:00-05:00,55.65,55.86,55.61,55.86,29083.00
2025-12-02 13:10:00-05:00,55.79,55.8,55.575,55.705,43145.00
2025-12-02 13:15:00-05:00,55.69,55.8809,55.65,55.75,19944.00
2025-12-02 13:20:00-05:00,55.71,55.79,55.63,55.63,16607.00
2025-12-02 13:25:00-05:00,55.63,55.695,55.54,55.54,46442.00
2025-12-02 13:30:00-05:00,55.52,55.5799,55.18,55.18,46959.00
2025-12-02 13:35:00-05:00,55.18,55.4,55.0402,55.22,53136.00
2025-12-02 13:40:00-05:00,55.1715,55.25,55.05,55.25,23908.00
2025-12-02 13:45:00-05:00,55.22,55.4514,54.95,55.39,87229.00
2025-12-02 13:50:00-05:00,55.39,55.39,55.2274,55.27,28045.00
2025-12-02 13:55:00-05:00,55.2711,55.4199,55.19,55.32,37233.00
2025-12-02 14:00:00-05:00,55.3005,55.4299,55.25,55.4299,11316.00
2025-12-02 14:05:00-05:00,55.4224,55.6569,55.4,55.6569,32768.00
2025-12-02 14:10:00-05:00,55.62,55.83,55.5301,55.73,55274.00
2025-12-02 14:15:00-05:00,55.79,55.8699,55.71,55.72,17813.00
2025-12-02 14:20:00-05:00,55.7499,55.8899,55.62,55.7799,50161.00
2025-12-02 14:25:00-05:00,55.78,55.9899,55.7,55.84,51969.00
2025-12-02 14:30:00-05:00,55.84,56.17,55.79,56.17,79558.00
2025-12-02 14:35:00-05:00,56.16,56.32,56.04,56.13,71187.00
2025-12-02 14:40:00-05:00,56.13,56.2386,56.11,56.135,35023.00
2025-12-02 14:45:00-05:00,56.135,56.35,56.04,56.33,62075.00
2025-12-02 14:50:00-05:00,56.31,56.5597,56.26,56.54,86087.00
2025-12-02 14:55:00-05:00,56.5585,57,56.5585,56.8701,160708.00
2025-12-02 15:00:00-05:00,56.91,57.28,56.81,57.2,135476.00
2025-12-02 15:05:00-05:00,57.17,57.4,56.89,56.95,84360.00
2025-12-02 15:10:00-05:00,56.95,57.26,56.9,57.155,65688.00
2025-12-02 15:15:00-05:00,57.16,57.2,57.02,57.02,69889.00
2025-12-02 15:20:00-05:00,57.065,57.2499,57.0238,57.1486,58339.00
2025-12-02 15:25:00-05:00,57.13,57.22,57.03,57.075,63780.00
2025-12-02 15:30:00-05:00,57.07,57.86,57.07,57.7779,217277.00
2025-12-02 15:35:00-05:00,57.765,57.765,57.16,57.3,323753.00
2025-12-02 15:40:00-05:00,57.3,57.4,57.06,57.3699,107425.00
2025-12-02 15:45:00-05:00,57.25,57.51,57.18,57.2399,103692.00
2025-12-02 15:50:00-05:00,57.24,57.29,56.85,56.98,306479.00
2025-12-02 15:55:00-05:00,56.96,56.99,56.78,56.89,401865.00
2025-12-03 09:30:00-05:00,57.58,57.62,56.3401,56.54,500046.00
2025-12-03 09:35:00-05:00,56.435,56.92,56.15,56.37,245599.00
2025-12-03 09:40:00-05:00,56.37,57.33,56.37,56.74,155366.00
2025-12-03 09:45:00-05:00,56.72,57.0494,56.5,57,181657.00
2025-12-03 09:50:00-05:00,56.98,57.5299,56.8504,57.41,282277.00
2025-12-03 09:55:00-05:00,57.37,57.43,56.74,56.98,138362.00
2025-12-03 10:00:00-05:00,56.965,57.8699,56.94,57.64,192166.00
2025-12-03 10:05:00-05:00,57.655,57.89,57.54,57.72,183023.00
2025-12-03 10:10:00-05:00,57.65,57.82,57.34,57.34,133316.00
2025-12-03 10:15:00-05:00,57.43,57.96,57.2501,57.8985,128017.00
2025-12-03 10:20:00-05:00,57.8402,57.9,57.43,57.7,108009.00
2025-12-03 10:25:00-05:00,57.7,58.18,57.4973,57.91,213851.00
2025-12-03 10:30:00-05:00,57.92,58.19,57.76,58.1699,225136.00
2025-12-03 10:35:00-05:00,58.13,58.28,57.95,58.07,150058.00
2025-12-03 10:40:00-05:00,58.0598,58.53,58.01,58.48,152109.00
2025-12-03 10:45:00-05:00,58.485,58.94,58.3,58.77,115249.00
2025-12-03 10:50:00-05:00,58.79,59.22,58.65,58.7,283968.00
2025-12-03 10:55:00-05:00,58.6558,58.91,58.43,58.61,370302.00
2025-12-03 11:00:00-05:00,58.6395,59.08,58.575,59.08,101434.00
2025-12-03 11:05:00-05:00,59.04,59.26,58.58,58.63,162598.00
2025-12-03 11:10:00-05:00,58.61,58.66,58.32,58.4693,182274.00
2025-12-03 11:15:00-05:00,58.51,58.52,58.13,58.17,159150.00
2025-12-03 11:20:00-05:00,58.1742,58.3492,57.96,58.025,116846.00
2025-12-03 11:25:00-05:00,58.02,58.2899,57.84,57.935,115787.00
2025-12-03 11:30:00-05:00,57.925,58.21,57.9,58.166,94746.00
2025-12-03 11:35:00-05:00,58.17,58.1776,57.93,57.94,70455.00
2025-12-03 11:40:00-05:00,57.92,57.9691,57.7,57.85,78180.00
2025-12-03 11:45:00-05:00,57.78,57.86,57.511,57.67,67184.00
2025-12-03 11:50:00-05:00,57.65,57.73,57.2653,57.2653,88894.00
2025-12-03 11:55:00-05:00,57.2637,57.2637,56.82,57.0198,218872.00
2025-12-03 12:00:00-05:00,56.99,57.484,56.99,57.47,131121.00
2025-12-03 12:05:00-05:00,57.4412,57.65,57.08,57.63,117889.00
2025-12-03 12:10:00-05:00,57.64,57.89,57.5,57.89,115673.00
2025-12-03 12:15:00-05:00,57.9099,57.955,57.694,57.89,57749.00
2025-12-03 12:20:00-05:00,57.87,58.24,57.83,58.035,86757.00
2025-12-03 12:25:00-05:00,57.955,58.02,57.9,57.94,46947.00
2025-12-03 12:30:00-05:00,57.97,58.02,57.89,57.89,66160.00
2025-12-03 12:35:00-05:00,57.83,57.9507,57.7314,57.9507,30015.00
2025-12-03 12:40:00-05:00,57.935,58.035,57.87,58.035,27620.00
2025-12-03 12:45:00-05:00,58.03,58.4792,58,58.479,81101.00
2025-12-03 12:50:00-05:00,58.44,58.769,58.39,58.673,111506.00
2025-12-03 12:55:00-05:00,58.67,59.08,58.67,58.7501,153636.00
2025-12-03 13:00:00-05:00,58.765,58.91,58.6629,58.81,89965.00
2025-12-03 13:05:00-05:00,58.76,58.857,58.47,58.8098,129941.00
2025-12-03 13:10:00-05:00,58.8276,58.94,58.77,58.935,39184.00
2025-12-03 13:15:00-05:00,58.93,58.94,58.6,58.625,58580.00
2025-12-03 13:20:00-05:00,58.62,58.7589,58.6,58.605,44315.00
2025-12-03 13:25:00-05:00,58.6299,58.73,58.575,58.72,27233.00
2025-12-03 13:30:00-05:00,58.6736,59.02,58.6736,58.92,64766.00
2025-12-03 13:35:00-05:00,58.935,59.0912,58.9,59.08,77202.00
2025-12-03 13:40:00-05:00,59.065,59.51,59.065,59.41,102264.00
2025-12-03 13:45:00-05:00,59.43,59.4325,59.16,59.26,71144.00
2025-12-03 13:50:00-05:00,59.31,59.32,59.025,59.12,51587.00
2025-12-03 13:55:00-05:00,59.12,59.221,58.83,58.965,78944.00
2025-12-03 14:00:00-05:00,58.9797,59.25,58.95,59.19,73770.00
2025-12-03 14:05:00-05:00,59.21,59.3799,59.14,59.23,45184.00
2025-12-03 14:10:00-05:00,59.19,59.29,59.03,59.215,46968.00
2025-12-03 14:15:00-05:00,59.2035,59.23,58.9927,59.16,71966.00
2025-12-03 14:20:00-05:00,59.18,59.23,59.02,59.1,73767.00
2025-12-03 14:25:00-05:00,59.12,59.12,58.94,58.94,85188.00
2025-12-03 14:30:00-05:00,58.945,59.22,58.9299,59.0787,44097.00
2025-12-03 14:35:00-05:00,59.03,59.4395,59.02,59.42,45509.00
2025-12-03 14:40:00-05:00,59.4,59.82,59.3291,59.7495,160775.00
2025-12-03 14:45:00-05:00,59.755,59.9874,59.755,59.9744,97298.00
2025-12-03 14:50:00-05:00,59.9795,60.3,59.9,60.11,138437.00
2025-12-03 14:55:00-05:00,60.11,60.415,60.09,60.33,139388.00
2025-12-03 15:00:00-05:00,60.34,60.7,60.24,60.31,187719.00
2025-12-03 15:05:00-05:00,60.31,60.61,60.12,60.54,95495.00
2025-12-03 15:10:00-05:00,60.552,60.7,60.48,60.61,96362.00
2025-12-03 15:15:00-05:00,60.64,60.7,60.45,60.6284,108982.00
2025-12-03 15:20:00-05:00,60.65,60.7,60.5189,60.5401,46127.00
2025-12-03 15:25:00-05:00,60.54,60.585,60.3624,60.5794,107211.00
2025-12-03 15:30:00-05:00,60.55,60.95,60.55,60.87,144926.00
2025-12-03 15:35:00-05:00,60.875,61.17,60.81,61.1,152477.00
2025-12-03 15:40:00-05:00,61.0301,61.5,60.96,61.385,179340.00
2025-12-03 15:45:00-05:00,61.36,61.8799,61.36,61.858,236722.00
2025-12-03 15:50:00-05:00,61.8,61.86,61.33,61.5,319304.00
2025-12-03 15:55:00-05:00,61.46,61.86,61.43,61.47,495593.00
2025-12-04 09:30:00-05:00,62.22,63.18,61.55,62.78,667265.00
2025-12-04 09:35:00-05:00,62.84,64.35,62.66,63.925,592755.00
2025-12-04 09:40:00-05:00,63.9274,64.19,63.0501,63.7177,331598.00
2025-12-04 09:45:00-05:00,63.66,64.1892,63.35,63.945,341336.00
2025-12-04 09:50:00-05:00,63.91,64.8275,63.6301,63.805,683048.00
2025-12-04 09:55:00-05:00,63.81,64.8,63.73,64.54,343122.00
2025-12-04 10:00:00-05:00,64.59,65.95,64.47,65.7,615676.00
2025-12-04 10:05:00-05:00,65.8099,66.25,65.6,65.8507,539624.00
2025-12-04 10:10:00-05:00,65.8056,66.79,65.63,66.7787,433829.00
2025-12-04 10:15:00-05:00,66.6835,67,66.3601,66.72,463109.00
2025-12-04 10:20:00-05:00,66.715,68.08,66.715,67.56,535213.00
2025-12-04 10:25:00-05:00,67.56,68.47,67.03,68.1601,486790.00
2025-12-04 10:30:00-05:00,68.135,68.9899,67.81,68.95,512851.00
2025-12-04 10:35:00-05:00,68.96,69.68,68.79,69.36,471381.00
2025-12-04 10:40:00-05:00,69.35,70.45,68.89,70.45,509256.00
2025-12-04 10:45:00-05:00,70.44,70.545,69.49,69.665,586052.00
2025-12-04 10:50:00-05:00,69.665,70.25,69.46,70.01,426385.00
2025-12-04 10:55:00-05:00,70.045,70.35,69.61,70.1,347155.00
2025-12-04 11:00:00-05:00,70.072,70.35,69.3,69.33,455821.00
2025-12-04 11:05:00-05:00,69.31,69.77,69.1471,69.6,309981.00
2025-12-04 11:10:00-05:00,69.51,69.52,68.5502,69.085,471901.00
2025-12-04 11:15:00-05:00,69.02,70.5,68.89,70.3,433977.00
2025-12-04 11:20:00-05:00,70.294,71.36,70.13,71.15,344268.00
2025-12-04 11:25:00-05:00,71.1674,71.19,69.92,70.58,420091.00
2025-12-04 11:30:00-05:00,70.56,70.7499,70.28,70.5371,148297.00
2025-12-04 11:35:00-05:00,70.45,70.6899,70.27,70.6899,183545.00
2025-12-04 11:40:00-05:00,70.645,70.645,70.2568,70.4737,98558.00
2025-12-04 11:45:00-05:00,70.49,71.48,70.3,71.22,334658.00
2025-12-04 11:50:00-05:00,71.22,71.49,71.13,71.175,176771.00
2025-12-04 11:55:00-05:00,71.1775,71.71,71.06,71.58,194155.00
2025-12-04 12:00:00-05:00,71.58,71.675,71.3,71.33,131451.00
2025-12-04 12:05:00-05:00,71.33,71.5,71.052,71.45,148058.00
2025-12-04 12:10:00-05:00,71.46,71.8,71.32,71.557,128314.00
2025-12-04 12:15:00-05:00,71.56,71.99,71.545,71.78,181761.00
2025-12-04 12:20:00-05:00,71.79,72.265,71.62,71.9052,188605.00
2025-12-04 12:25:00-05:00,71.8905,72.3,71.7501,71.9201,189755.00
2025-12-04 12:30:00-05:00,71.9236,72.045,71.6222,72.045,113220.00
2025-12-04 12:35:00-05:00,72.05,72.7299,72.01,72.43,207598.00
2025-12-04 12:40:00-05:00,72.3725,72.86,72.29,72.8401,271277.00
2025-12-04 12:45:00-05:00,72.88,72.98,72.56,72.79,170811.00
2025-12-04 12:50:00-05:00,72.81,73,72.68,72.9151,207947.00
2025-12-04 12:55:00-05:00,72.87,73.15,72.68,72.99,167492.00
2025-12-04 13:00:00-05:00,72.95,73.15,72.7027,72.89,144894.00
2025-12-04 13:05:00-05:00,72.86,73.05,72.26,72.97,661212.00
2025-12-04 13:10:00-05:00,72.97,73.38,72.83,73.2101,199931.00
2025-12-04 13:15:00-05:00,73.285,73.4699,73.125,73.34,163262.00
2025-12-04 13:20:00-05:00,73.34,73.3794,72.97,73.1616,172077.00
2025-12-04 13:25:00-05:00,73.1998,73.59,73.07,73.15,291574.00
2025-12-04 13:30:00-05:00,73.09,73.2,72.05,72.3401,361153.00
2025-12-04 13:35:00-05:00,72.314,72.7,72.2009,72.34,201262.00
2025-12-04 13:40:00-05:00,72.345,72.3703,71.62,71.9212,346402.00
2025-12-04 13:45:00-05:00,71.915,72.65,71.915,72.255,181647.00
2025-12-04 13:50:00-05:00,72.28,72.94,72.12,72.7655,176707.00
2025-12-04 13:55:00-05:00,72.71,73.01,72.6301,72.905,173949.00
2025-12-04 14:00:00-05:00,72.9,73,72.705,72.9,161522.00
2025-12-04 14:05:00-05:00,72.89,73,72.645,72.645,128620.00
2025-12-04 14:10:00-05:00,72.63,72.63,72.13,72.2,162694.00
2025-12-04 14:15:00-05:00,72.18,72.18,71.43,71.47,241796.00
2025-12-04 14:20:00-05:00,71.47,72.14,71.15,72.02,297562.00
2025-12-04 14:25:00-05:00,72.04,72.68,71.92,72.35,196067.00
2025-12-04 14:30:00-05:00,72.35,72.65,72.0645,72.505,195307.00
2025-12-04 14:35:00-05:00,72.505,72.75,72.3368,72.4335,152537.00
2025-12-04 14:40:00-05:00,72.435,72.76,72.325,72.59,144831.00
2025-12-04 14:45:00-05:00,72.58,73.07,72.46,72.79,167348.00
2025-12-04 14:50:00-05:00,72.8746,73.1899,72.73,72.995,107019.00
2025-12-04 14:55:00-05:00,72.995,73.1,72.6723,73.0829,162660.00
2025-12-04 15:00:00-05:00,73.06,73.61,72.92,73.4875,279176.00
2025-12-04 15:05:00-05:00,73.5,73.85,73.1201,73.75,236085.00
2025-12-04 15:10:00-05:00,73.755,73.76,73.3101,73.4559,105966.00
2025-12-04 15:15:00-05:00,73.43,73.45,73.02,73.18,155816.00
2025-12-04 15:20:00-05:00,73.18,73.65,73.08,73.63,175708.00
2025-12-04 15:25:00-05:00,73.63,73.705,73.4,73.525,158765.00
2025-12-04 15:30:00-05:00,73.54,73.8,73.315,73.64,151369.00
2025-12-04 15:35:00-05:00,73.64,73.68,73.4,73.57,146257.00
2025-12-04 15:40:00-05:00,73.57,73.61,72.98,73.07,304890.00
2025-12-04 15:45:00-05:00,73.0551,73.07,72.63,72.97,243225.00
2025-12-04 15:50:00-05:00,72.98,73.0699,72.5,72.78,569042.00
2025-12-04 15:55:00-05:00,72.83,72.8699,72.57,72.61,387941.00
2025-12-05 09:30:00-05:00,71.4,72,70.6,71.465,593818.00
2025-12-05 09:35:00-05:00,71.465,71.67,70.76,70.905,366257.00
2025-12-05 09:40:00-05:00,70.905,72.48,70.8,72.09,291985.00
2025-12-05 09:45:00-05:00,72.08,72.59,71.5,72.56,233400.00
2025-12-05 09:50:00-05:00,72.48,72.58,71.76,72.39,248888.00
2025-12-05 09:55:00-05:00,72.39,73.45,72.21,73.0142,340437.00
2025-12-05 10:00:00-05:00,73,73.7399,72.64,73.7,384786.00
2025-12-05 10:05:00-05:00,73.73,73.99,73.35,73.44,284781.00
2025-12-05 10:10:00-05:00,73.43,73.7421,72.9701,73.27,278432.00
2025-12-05 10:15:00-05:00,73.23,73.67,72.9625,73.26,134441.00
2025-12-05 10:20:00-05:00,73.27,74.48,73.2509,74.46,273856.00
2025-12-05 10:25:00-05:00,74.48,74.66,74.0415,74.31,320780.00
2025-12-05 10:30:00-05:00,74.25,74.85,74.05,74.432,215124.00
2025-12-05 10:35:00-05:00,74.435,74.5,73.31,73.38,206630.00
2025-12-05 10:40:00-05:00,73.435,73.69,73.35,73.3593,157610.00
2025-12-05 10:45:00-05:00,73.39,74.375,73.18,74.21,220283.00
2025-12-05 10:50:00-05:00,74.2,74.22,73.7675,73.96,146639.00
2025-12-05 10:55:00-05:00,73.94,74,73.4,73.785,170440.00
2025-12-05 11:00:00-05:00,73.84,74.339,73.73,74.12,156326.00
2025-12-05 11:05:00-05:00,74.08,74.4499,73.65,73.78,144913.00
2025-12-05 11:10:00-05:00,73.75,73.8,73.371,73.65,165362.00
2025-12-05 11:15:00-05:00,73.6505,74.25,73.56,74.2,134800.00
2025-12-05 11:20:00-05:00,74.14,74.62,73.92,74.28,194533.00
2025-12-05 11:25:00-05:00,74.28,74.39,74.0769,74.28,53139.00
2025-12-05 11:30:00-05:00,74.21,74.21,73.75,73.79,132864.00
2025-12-05 11:35:00-05:00,73.87,73.87,72.8014,73.05,332677.00
2025-12-05 11:40:00-05:00,73.04,73.3,72.98,73.125,90566.00
2025-12-05 11:45:00-05:00,73.16,73.69,73.01,73.17,112193.00
2025-12-05 11:50:00-05:00,73.28,74.029,73.21,73.875,119977.00
2025-12-05 11:55:00-05:00,73.85,74.0799,73.78,73.83,63038.00
2025-12-05 12:00:00-05:00,73.8,73.9,73.28,73.545,141435.00
2025-12-05 12:05:00-05:00,73.48,73.5,73.04,73.29,145875.00
2025-12-05 12:10:00-05:00,73.2614,73.805,72.93,73.64,110913.00
2025-12-05 12:15:00-05:00,73.63,73.86,73.3658,73.38,72224.00
2025-12-05 12:20:00-05:00,73.38,73.475,73.06,73.06,107420.00
2025-12-05 12:25:00-05:00,73.06,73.19,72.865,73.12,102641.00
2025-12-05 12:30:00-05:00,73.125,73.22,72.98,73.06,75040.00
2025-12-05 12:35:00-05:00,73.04,73.44,72.98,73.44,82592.00
2025-12-05 12:40:00-05:00,73.4277,74,73.23,73.87,127577.00
2025-12-05 12:45:00-05:00,73.865,74.4251,73.78,74.39,121029.00
2025-12-05 12:50:00-05:00,74.42,74.65,73.75,73.99,187043.00
2025-12-05 12:55:00-05:00,73.99,74.04,73.78,74.015,66601.00
2025-12-05 13:00:00-05:00,74.015,74.11,73.86,73.9487,49344.00
2025-12-05 13:05:00-05:00,73.94,74.155,73.94,73.9822,46083.00
2025-12-05 13:10:00-05:00,74,74,73.67,73.7505,75042.00
2025-12-05 13:15:00-05:00,73.7488,73.89,73.63,73.815,59041.00
2025-12-05 13:20:00-05:00,73.8599,74.28,73.73,74.28,73298.00
2025-12-05 13:25:00-05:00,74.274,74.65,74.21,74.45,88937.00
2025-12-05 13:30:00-05:00,74.445,74.6,73.94,73.9401,80130.00
2025-12-05 13:35:00-05:00,73.9892,74.15,73.94,74.1,55029.00
2025-12-05 13:40:00-05:00,74.11,75.05,73.92,74.9199,201829.00
2025-12-05 13:45:00-05:00,74.8973,74.8973,74.23,74.53,106895.00
2025-12-05 13:50:00-05:00,74.535,75.06,74.46,74.779,203535.00
2025-12-05 13:55:00-05:00,74.77,74.7784,74.51,74.5283,42354.00
2025-12-05 14:00:00-05:00,74.56,74.59,74,74.06,101993.00
2025-12-05 14:05:00-05:00,74.09,74.15,73.8,73.9448,85909.00
2025-12-05 14:10:00-05:00,74.015,74.68,73.9701,74.58,120994.00
2025-12-05 14:15:00-05:00,74.68,74.72,74.3,74.52,65117.00
2025-12-05 14:20:00-05:00,74.52,74.55,74.11,74.31,52803.00
2025-12-05 14:25:00-05:00,74.34,74.39,74.2701,74.37,26920.00
2025-12-05 14:30:00-05:00,74.3588,74.6,74.295,74.52,36429.00
2025-12-05 14:35:00-05:00,74.49,74.6799,74.46,74.6,51000.00
2025-12-05 14:40:00-05:00,74.625,74.69,74.38,74.4151,52518.00
2025-12-05 14:45:00-05:00,74.38,74.41,73.8,73.88,102720.00
2025-12-05 14:50:00-05:00,73.885,74.35,73.81,74.015,108773.00
2025-12-05 14:55:00-05:00,74.015,74.56,74,74.435,72951.00
2025-12-05 15:00:00-05:00,74.39,74.54,74.19,74.39,36284.00
2025-12-05 15:05:00-05:00,74.38,74.41,74.2162,74.27,40194.00
2025-12-05 15:10:00-05:00,74.27,74.3761,74.1,74.15,92176.00
2025-12-05 15:15:00-05:00,74.1791,74.3499,74.08,74.3499,60401.00
2025-12-05 15:20:00-05:00,74.325,74.45,74.17,74.28,54995.00
2025-12-05 15:25:00-05:00,74.29,74.37,73.92,73.93,105933.00
2025-12-05 15:30:00-05:00,73.91,73.91,73.79,73.83,68648.00
2025-12-05 15:35:00-05:00,73.86,73.99,73.67,73.87,96794.00
2025-12-05 15:40:00-05:00,73.89,74.33,73.7,74.025,191763.00
2025-12-05 15:45:00-05:00,74.015,74.07,73.6627,73.99,198716.00
2025-12-05 15:50:00-05:00,73.96,74.32,73.87,74,526384.00
2025-12-05 15:55:00-05:00,74.03,75.14,73.855,73.94,769526.00
2025-12-08 09:30:00-05:00,74.99,75.59,74.5644,74.67,570501.00
2025-12-08 09:35:00-05:00,74.6,75.09,71.72,71.92,644577.00
2025-12-08 09:40:00-05:00,71.845,72.8,70.7513,72.61,584035.00
2025-12-08 09:45:00-05:00,72.61,74.65,72.4775,74.175,350049.00
2025-12-08 09:50:00-05:00,74.115,76.79,74.115,76.28,638809.00
2025-12-08 09:55:00-05:00,76.23,76.5,75.56,75.615,343432.00
2025-12-08 10:00:00-05:00,75.67,75.772,74.5,75,324476.00
2025-12-08 10:05:00-05:00,74.98,74.98,73,73.51,518796.00
2025-12-08 10:10:00-05:00,73.537,73.94,73.11,73.74,276139.00
2025-12-08 10:15:00-05:00,73.6857,74.11,73.11,73.2901,138132.00
2025-12-08 10:20:00-05:00,73.2666,73.3953,72.7517,73.26,168270.00
2025-12-08 10:25:00-05:00,73.24,73.3204,72.31,72.605,217938.00
2025-12-08 10:30:00-05:00,72.6,73.1799,72.08,73.0973,205630.00
2025-12-08 10:35:00-05:00,73.055,73.2975,72.8737,73.11,150842.00
2025-12-08 10:40:00-05:00,73.11,73.25,72.11,72.42,170274.00
2025-12-08 10:45:00-05:00,72.43,72.73,72.43,72.66,87425.00
2025-12-08 10:50:00-05:00,72.675,72.98,72.23,72.325,147982.00
2025-12-08 10:55:00-05:00,72.325,72.51,71.8,71.895,235183.00
2025-12-08 11:00:00-05:00,71.9,71.97,71.12,71.76,280707.00
2025-12-08 11:05:00-05:00,71.865,72.2715,71.6309,72.04,96531.00
2025-12-08 11:10:00-05:00,72.09,73.1499,72.09,72.73,109307.00
2025-12-08 11:15:00-05:00,72.63,73.71,72.625,73.684,114314.00
2025-12-08 11:20:00-05:00,73.7093,74.46,73.65,74.27,185896.00
2025-12-08 11:25:00-05:00,74.16,74.75,73.89,74.71,141010.00
2025-12-08 11:30:00-05:00,74.6733,74.71,73.81,74.2815,124538.00
2025-12-08 11:35:00-05:00,74.25,74.66,73.935,74.1602,133909.00
2025-12-08 11:40:00-05:00,74.08,74.2,73.81,74.07,75238.00
2025-12-08 11:45:00-05:00,74.063,74.19,73.89,73.93,80033.00
2025-12-08 11:50:00-05:00,73.91,74.16,73.86,73.905,126616.00
2025-12-08 11:55:00-05:00,73.94,74.05,73.8,73.9255,54856.00
2025-12-08 12:00:00-05:00,73.84,73.84,73.2101,73.32,99264.00
2025-12-08 12:05:00-05:00,73.36,73.655,73.34,73.525,46258.00
2025-12-08 12:10:00-05:00,73.535,73.59,73.3159,73.45,52958.00
2025-12-08 12:15:00-05:00,73.5,73.59,73.3,73.37,45018.00
2025-12-08 12:20:00-05:00,73.34,73.58,73.1,73.145,56331.00
2025-12-08 12:25:00-05:00,73.13,73.21,72.755,72.93,53940.00
2025-12-08 12:30:00-05:00,72.91,73.07,72.77,72.87,48542.00
2025-12-08 12:35:00-05:00,72.87,73.3,72.6,73.19,51294.00
2025-12-08 12:40:00-05:00,72.97,73.45,72.82,73.4,53668.00
2025-12-08 12:45:00-05:00,73.37,73.9477,73.17,73.93,117984.00
2025-12-08 12:50:00-05:00,73.9,74.59,73.79,74.52,104270.00
2025-12-08 12:55:00-05:00,74.5287,74.59,74,74.3,161474.00
2025-12-08 13:00:00-05:00,74.3,74.64,73.8115,74.05,46277.00
2025-12-08 13:05:00-05:00,74.05,74.09,73.71,73.98,47855.00
2025-12-08 13:10:00-05:00,73.91,74.06,73.7,74.005,58260.00
2025-12-08 13:15:00-05:00,73.97,74.095,73.74,73.995,48748.00
2025-12-08 13:20:00-05:00,73.98,73.98,73.73,73.89,41356.00
2025-12-08 13:25:00-05:00,73.85,73.86,73.444,73.52,42340.00
2025-12-08 13:30:00-05:00,73.47,73.54,73.02,73.05,152085.00
2025-12-08 13:35:00-05:00,73.13,73.68,73.05,73.56,55471.00
2025-12-08 13:40:00-05:00,73.6315,73.6315,73.16,73.35,33329.00
2025-12-08 13:45:00-05:00,73.35,73.57,73.32,73.445,25935.00
2025-12-08 13:50:00-05:00,73.405,73.48,73.18,73.1901,18100.00
2025-12-08 13:55:00-05:00,73.21,73.27,72.52,72.83,58064.00
2025-12-08 14:00:00-05:00,72.825,73.095,72.73,72.957,96681.00
2025-12-08 14:05:00-05:00,73.06,73.31,72.995,73.17,41075.00
2025-12-08 14:10:00-05:00,73.2,73.28,73.01,73.14,30156.00
2025-12-08 14:15:00-05:00,73.14,73.25,73,73.18,52039.00
2025-12-08 14:20:00-05:00,73.185,73.2012,72.8,72.8,34533.00
2025-12-08 14:25:00-05:00,72.89,73.02,72.58,73.01,51263.00
2025-12-08 14:30:00-05:00,73.015,73.34,72.92,73.32,34831.00
2025-12-08 14:35:00-05:00,73.32,73.67,73.32,73.6199,25154.00
2025-12-08 14:40:00-05:00,73.6,74.015,73.6,73.94,76173.00
2025-12-08 14:45:00-05:00,73.94,73.96,73.5,73.6572,45596.00
2025-12-08 14:50:00-05:00,73.63,73.86,73.5949,73.85,26469.00
2025-12-08 14:55:00-05:00,73.85,73.88,73.51,73.575,27305.00
2025-12-08 15:00:00-05:00,73.575,73.72,73.34,73.355,62900.00
2025-12-08 15:05:00-05:00,73.35,73.6,73.201,73.555,40234.00
2025-12-08 15:10:00-05:00,73.555,74.02,73.555,73.815,66900.00
2025-12-08 15:15:00-05:00,73.825,74.2,73.73,74.16,61472.00
2025-12-08 15:20:00-05:00,74.14,74.3281,73.8101,73.8359,86385.00
2025-12-08 15:25:00-05:00,73.88,74.15,73.8,74.111,45452.00
2025-12-08 15:30:00-05:00,74.14,74.2272,73.99,74.08,98972.00
2025-12-08 15:35:00-05:00,74.05,74.05,73.85,74.03,40136.00
2025-12-08 15:40:00-05:00,74.02,74.2,73.95,74.1253,98850.00
2025-12-08 15:45:00-05:00,74.09,74.2,73.93,74.16,91141.00
2025-12-08 15:50:00-05:00,74.17,74.39,74,74.18,218322.00
2025-12-08 15:55:00-05:00,74.19,74.24,73.985,74.08,270730.00
2025-12-09 09:30:00-05:00,73.28,73.28,72.32,72.805,232837.00
2025-12-09 09:35:00-05:00,72.805,73.4,72.17,73.095,269931.00
2025-12-09 09:40:00-05:00,73.03,73.15,72.19,72.34,216095.00
2025-12-09 09:45:00-05:00,72.38,72.915,71.78,72.075,359044.00
2025-12-09 09:50:00-05:00,72.075,72.9396,71.85,72.53,220640.00
2025-12-09 09:55:00-05:00,72.54,72.71,71.35,71.585,362890.00
2025-12-09 10:00:00-05:00,71.55,71.73,70.835,71.395,324866.00
2025-12-09 10:05:00-05:00,71.38,71.97,71.13,71.87,230580.00
2025-12-09 10:10:00-05:00,71.8,72.0799,71.4301,71.475,196515.00
2025-12-09 10:15:00-05:00,71.475,72.2199,71.22,72,183541.00
2025-12-09 10:20:00-05:00,72,72.25,71.475,71.89,139885.00
2025-12-09 10:25:00-05:00,71.874,72.95,71.825,72.89,217833.00
2025-12-09 10:30:00-05:00,72.89,72.89,72.22,72.715,93388.00
2025-12-09 10:35:00-05:00,72.715,72.79,72.43,72.63,39149.00
2025-12-09 10:40:00-05:00,72.595,72.9,72.2487,72.255,112807.00
2025-12-09 10:45:00-05:00,72.25,73.1,71.66,71.88,148763.00
2025-12-09 10:50:00-05:00,71.79,72.37,71.77,71.9643,83368.00
2025-12-09 10:55:00-05:00,71.98,72.355,71.86,72.255,100197.00
2025-12-09 11:00:00-05:00,72.255,72.44,71.585,71.695,111721.00
2025-12-09 11:05:00-05:00,71.73,71.77,70.27,70.395,352583.00
2025-12-09 11:10:00-05:00,70.4005,70.99,69.82,70.9,499528.00
2025-12-09 11:15:00-05:00,70.8805,71.28,70.67,71.185,130094.00
2025-12-09 11:20:00-05:00,71.185,71.53,71.08,71.52,148414.00
2025-12-09 11:25:00-05:00,71.4899,71.99,71.32,71.83,165445.00
2025-12-09 11:30:00-05:00,71.84,72.15,71.76,72.08,99065.00
2025-12-09 11:35:00-05:00,72.12,73.0884,72.11,73.08,201299.00
2025-12-09 11:40:00-05:00,73.09,73.36,72.7077,73.3,196185.00
2025-12-09 11:45:00-05:00,73.27,73.97,72.95,73.9226,191232.00
2025-12-09 11:50:00-05:00,73.9005,73.94,73.005,73.39,111028.00
2025-12-09 11:55:00-05:00,73.24,73.44,72.9708,73.0701,73800.00
2025-12-09 12:00:00-05:00,73.0101,73.85,72.91,73.74,120706.00
2025-12-09 12:05:00-05:00,73.79,73.99,73.6343,73.9312,103575.00
2025-12-09 12:10:00-05:00,73.8956,74,73.54,73.65,142680.00
2025-12-09 12:15:00-05:00,73.625,73.97,73.62,73.97,46699.00
2025-12-09 12:20:00-05:00,73.9255,73.9255,73.4001,73.625,39701.00
2025-12-09 12:25:00-05:00,73.7,73.9705,73.53,73.93,56331.00
2025-12-09 12:30:00-05:00,73.93,74.09,73.58,73.64,99818.00
2025-12-09 12:35:00-05:00,73.66,73.7,73.48,73.61,57647.00
2025-12-09 12:40:00-05:00,73.65,73.69,73.48,73.53,32683.00
2025-12-09 12:45:00-05:00,73.57,73.72,73.2,73.34,51096.00
2025-12-09 12:50:00-05:00,73.32,73.67,73.313,73.67,55873.00
2025-12-09 12:55:00-05:00,73.68,73.92,73.52,73.86,45008.00
2025-12-09 13:00:00-05:00,73.83,73.92,73.6504,73.76,69167.00
2025-12-09 13:05:00-05:00,73.76,73.8,73.585,73.6316,33926.00
2025-12-09 13:10:00-05:00,73.79,73.98,73.52,73.925,30077.00
2025-12-09 13:15:00-05:00,73.93,74.0599,73.03,73.4401,88730.00
2025-12-09 13:20:00-05:00,73.53,73.65,73.4301,73.61,19845.00
2025-12-09 13:25:00-05:00,73.6,73.69,73.47,73.65,30926.00
2025-12-09 13:30:00-05:00,73.6,73.7236,73.54,73.635,19499.00
2025-12-09 13:35:00-05:00,73.58,73.58,73.03,73.25,38184.00
2025-12-09 13:40:00-05:00,73.21,73.22,72.55,72.605,52755.00
2025-12-09 13:45:00-05:00,72.605,72.7,72.3,72.6638,51680.00
2025-12-09 13:50:00-05:00,72.6865,72.75,72.33,72.75,27452.00
2025-12-09 13:55:00-05:00,72.65,72.65,72.47,72.58,26742.00
2025-12-09 14:00:00-05:00,72.58,72.66,71.9,71.94,116834.00
2025-12-09 14:05:00-05:00,71.94,72,71.355,71.79,77886.00
2025-12-09 14:10:00-05:00,71.84,72.2399,71.76,72.112,62259.00
2025-12-09 14:15:00-05:00,72.1,72.5,72.08,72.4784,53185.00
2025-12-09 14:20:00-05:00,72.44,72.88,72.435,72.77,35781.00
2025-12-09 14:25:00-05:00,72.76,72.98,72.68,72.9,38500.00
2025-12-09 14:30:00-05:00,72.95,73.2493,72.92,73.205,247272.00
2025-12-09 14:35:00-05:00,73.205,73.7,73.12,73.5501,55471.00
2025-12-09 14:40:00-05:00,73.55,73.645,73.305,73.595,33355.00
2025-12-09 14:45:00-05:00,73.59,73.88,73.56,73.605,86647.00
2025-12-09 14:50:00-05:00,73.6,73.95,73.56,73.8421,166538.00
2025-12-09 14:55:00-05:00,73.87,73.935,73.74,73.74,36371.00
2025-12-09 15:00:00-05:00,73.76,73.765,73.29,73.545,83056.00
2025-12-09 15:05:00-05:00,73.525,73.67,73.3384,73.49,73104.00
2025-12-09 15:10:00-05:00,73.49,73.6539,73.455,73.58,46478.00
2025-12-09 15:15:00-05:00,73.6,73.6,73.34,73.4,43135.00
2025-12-09 15:20:00-05:00,73.4,73.57,73.3,73.39,41993.00
2025-12-09 15:25:00-05:00,73.41,73.41,73.1916,73.28,54038.00
2025-12-09 15:30:00-05:00,73.28,73.2899,72.79,72.96,117227.00
2025-12-09 15:35:00-05:00,72.975,74.72,72.9598,74.185,457335.00
2025-12-09 15:40:00-05:00,74.09,74.75,73.42,73.53,332559.00
2025-12-09 15:45:00-05:00,73.5,73.52,72.81,72.83,249557.00
2025-12-09 15:50:00-05:00,72.9,73.15,72.75,72.86,222543.00
2025-12-09 15:55:00-05:00,72.87,73,72.73,72.89,452956.00
2025-12-10 09:30:00-05:00,72.75,72.91,71.11,71.6704,230829.00
2025-12-10 09:35:00-05:00,71.69,71.77,70.9,71.625,199322.00
2025-12-10 09:40:00-05:00,71.5605,72.17,71.34,71.525,220630.00
2025-12-10 09:45:00-05:00,71.525,72.05,71.2,71.325,151188.00
2025-12-10 09:50:00-05:00,71.325,71.68,71.15,71.465,175750.00
2025-12-10 09:55:00-05:00,71.38,72.0739,71.1801,72.04,139717.00
2025-12-10 10:00:00-05:00,71.98,72.83,71.76,72.7363,179831.00
2025-12-10 10:05:00-05:00,72.7365,74.84,72.67,74.7,384974.00
2025-12-10 10:10:00-05:00,74.8,75.8,74.58,75.0088,588014.00
2025-12-10 10:15:00-05:00,74.9885,75.06,74.2,74.66,253515.00
2025-12-10 10:20:00-05:00,74.73,74.94,74.19,74.55,142744.00
2025-12-10 10:25:00-05:00,74.545,74.885,74.01,74.77,204845.00
2025-12-10 10:30:00-05:00,74.69,75.38,74.02,74.305,245002.00
2025-12-10 10:35:00-05:00,74.305,74.77,74.0478,74.4,110801.00
2025-12-10 10:40:00-05:00,74.32,74.87,73.95,74.425,145798.00
2025-12-10 10:45:00-05:00,74.379,75.41,74.375,75.39,134637.00
2025-12-10 10:50:00-05:00,75.3951,75.5,73.9,74.0312,265245.00
2025-12-10 10:55:00-05:00,74.045,74.27,73.52,74.22,143126.00
2025-12-10 11:00:00-05:00,74.17,74.42,73.7624,74.3456,78771.00
2025-12-10 11:05:00-05:00,74.38,74.97,74.2,74.77,83735.00
2025-12-10 11:10:00-05:00,74.785,75.32,74.62,75.235,128650.00
2025-12-10 11:15:00-05:00,75.2065,75.88,74.7001,75.8,196246.00
2025-12-10 11:20:00-05:00,75.88,76.34,75.7,75.93,312168.00
2025-12-10 11:25:00-05:00,75.8618,76.27,75.65,76.1826,193528.00
2025-12-10 11:30:00-05:00,76.19,76.54,75.85,75.88,194415.00
2025-12-10 11:35:00-05:00,75.88,76.39,75.8079,76.085,173668.00
2025-12-10 11:40:00-05:00,76.085,76.29,75.8,76.28,154115.00
2025-12-10 11:45:00-05:00,76.2868,76.9699,76.14,76.54,402016.00
2025-12-10 11:50:00-05:00,76.61,77,76.4,76.87,135474.00
2025-12-10 11:55:00-05:00,76.83,77.63,76.73,77.27,221674.00
2025-12-10 12:00:00-05:00,77.21,77.27,76.4135,76.605,251455.00
2025-12-10 12:05:00-05:00,76.54,77.1199,76.4835,76.965,158778.00
2025-12-10 12:10:00-05:00,76.99,77.025,76.68,76.8,89386.00
2025-12-10 12:15:00-05:00,76.73,76.84,75.53,75.58,182088.00
2025-12-10 12:20:00-05:00,75.65,75.73,75.2,75.56,143856.00
2025-12-10 12:25:00-05:00,75.595,75.7475,74.85,74.88,123966.00
2025-12-10 12:30:00-05:00,74.8701,75.49,74.8,75.2687,99071.00
2025-12-10 12:35:00-05:00,75.13,75.6499,74.93,75.5,50961.00
2025-12-10 12:40:00-05:00,75.5112,75.791,75.46,75.7499,74014.00
2025-12-10 12:45:00-05:00,75.63,75.65,75.0527,75.4,61759.00
2025-12-10 12:50:00-05:00,75.4,75.6696,75.235,75.65,38695.00
2025-12-10 12:55:00-05:00,75.66,76,75.57,75.835,63961.00
2025-12-10 13:00:00-05:00,75.71,75.8999,75.58,75.815,32477.00
2025-12-10 13:05:00-05:00,75.74,76.2295,75.73,76.0801,55436.00
2025-12-10 13:10:00-05:00,76.13,76.5,76.06,76.345,42255.00
2025-12-10 13:15:00-05:00,76.3,76.8,76.2738,76.77,71138.00
2025-12-10 13:20:00-05:00,76.79,76.7999,76.41,76.64,82139.00
2025-12-10 13:25:00-05:00,76.635,76.73,76.19,76.4773,69871.00
2025-12-10 13:30:00-05:00,76.4999,76.58,76.1027,76.3065,110720.00
2025-12-10 13:35:00-05:00,76.315,76.8497,76.23,76.7897,43980.00
2025-12-10 13:40:00-05:00,76.74,76.8,76.3298,76.36,57944.00
2025-12-10 13:45:00-05:00,76.4,76.7462,76.34,76.6072,33356.00
2025-12-10 13:50:00-05:00,76.685,76.74,75.91,75.94,76648.00
2025-12-10 13:55:00-05:00,75.965,76.25,75.82,76.25,75269.00
2025-12-10 14:00:00-05:00,76.185,77.1873,76.09,76.6601,215741.00
2025-12-10 14:05:00-05:00,76.7429,78.86,76.7429,78.17,401193.00
2025-12-10 14:10:00-05:00,78.28,78.5723,77.51,78.01,196682.00
2025-12-10 14:15:00-05:00,78.01,78.8699,78.005,78.46,222956.00
2025-12-10 14:20:00-05:00,78.38,79.2,78.24,78.67,230303.00
2025-12-10 14:25:00-05:00,78.74,79.08,78,78.65,132734.00
2025-12-10 14:30:00-05:00,78.65,79.7,78.4001,79.63,224431.00
2025-12-10 14:35:00-05:00,79.6,79.85,78.4444,78.97,219605.00
2025-12-10 14:40:00-05:00,78.99,79.03,77.15,77.9,266131.00
2025-12-10 14:45:00-05:00,77.81,78.61,77.7501,78.15,120194.00
2025-12-10 14:50:00-05:00,78.15,78.97,77.885,78.6431,101709.00
2025-12-10 14:55:00-05:00,78.7499,79.22,78.5,79.09,91047.00
2025-12-10 15:00:00-05:00,79.15,79.4899,78.29,79.15,133207.00
2025-12-10 15:05:00-05:00,79.15,79.48,78.5474,79.245,192219.00
2025-12-10 15:10:00-05:00,79.2339,79.88,78.9,79.7493,193691.00
2025-12-10 15:15:00-05:00,79.805,79.88,79.2,79.51,160137.00
2025-12-10 15:20:00-05:00,79.53,79.7533,79.23,79.4899,153727.00
2025-12-10 15:25:00-05:00,79.44,79.82,79.24,79.6,173777.00
2025-12-10 15:30:00-05:00,79.57,80.22,79.4,79.92,185478.00
2025-12-10 15:35:00-05:00,79.905,80.29,79.71,79.9,172461.00
2025-12-10 15:40:00-05:00,79.931,80.0399,79.66,79.73,140798.00
2025-12-10 15:45:00-05:00,79.65,80.0469,79.5,79.84,212471.00
2025-12-10 15:50:00-05:00,79.81,79.81,78.9812,79.34,284224.00
2025-12-10 15:55:00-05:00,79.28,79.44,78.955,78.99,417632.00
2025-12-11 09:30:00-05:00,78.325,78.53,77.4,77.9629,408743.00
2025-12-11 09:35:00-05:00,77.94,78.85,77.55,78.715,234250.00
2025-12-11 09:40:00-05:00,78.65,79.27,77.91,78.37,339489.00
2025-12-11 09:45:00-05:00,78.44,79.13,78.29,78.54,259675.00
2025-12-11 09:50:00-05:00,78.54,78.9,78.18,78.38,266641.00
2025-12-11 09:55:00-05:00,78.42,78.98,77.1291,77.65,364463.00
2025-12-11 10:00:00-05:00,77.74,78.7599,76.7433,78.3571,326723.00
2025-12-11 10:05:00-05:00,78.34,80.98,78.32,80.8,498080.00
2025-12-11 10:10:00-05:00,80.89,81.44,80.04,81.3265,465232.00
2025-12-11 10:15:00-05:00,81.38,81.82,80.88,81.5799,348177.00
2025-12-11 10:20:00-05:00,81.51,82.15,81.23,82.02,385979.00
2025-12-11 10:25:00-05:00,82.0499,82.0499,80.99,81.735,260649.00
2025-12-11 10:30:00-05:00,81.69,81.85,81.02,81.61,168683.00
2025-12-11 10:35:00-05:00,81.55,81.55,80.55,80.9249,187837.00
2025-12-11 10:40:00-05:00,80.9,81.14,80.5,80.5,124863.00
2025-12-11 10:45:00-05:00,80.54,80.69,78.87,79,287684.00
2025-12-11 10:50:00-05:00,78.98,81.18,78.98,80.9899,290203.00
2025-12-11 10:55:00-05:00,80.8201,82.57,80.8201,82.54,340000.00
2025-12-11 11:00:00-05:00,82.54,82.55,81.61,82.19,229599.00
2025-12-11 11:05:00-05:00,82.22,82.26,81.11,81.205,204016.00
2025-12-11 11:10:00-05:00,81.19,81.82,80.93,81.82,155098.00
2025-12-11 11:15:00-05:00,81.73,81.85,81.425,81.63,102902.00
2025-12-11 11:20:00-05:00,81.56,82.08,81.53,81.8899,116565.00
2025-12-11 11:25:00-05:00,81.805,81.82,80.59,80.65,118411.00
2025-12-11 11:30:00-05:00,80.64,81.24,80.43,80.81,106821.00
2025-12-11 11:35:00-05:00,80.82,81.499,80.75,81.18,120261.00
2025-12-11 11:40:00-05:00,81.18,81.5395,80.9201,81.5395,166641.00
2025-12-11 11:45:00-05:00,81.55,81.959,81.47,81.635,103217.00
2025-12-11 11:50:00-05:00,81.75,81.82,81.0801,81.275,100567.00
2025-12-11 11:55:00-05:00,81.27,81.3789,80.88,81.0568,95359.00
2025-12-11 12:00:00-05:00,81.054,81.2999,80.97,81.05,82578.00
2025-12-11 12:05:00-05:00,81.11,81.34,80.8027,81.2465,66958.00
2025-12-11 12:10:00-05:00,81.33,81.41,80.86,81.25,71687.00
2025-12-11 12:15:00-05:00,81.2198,81.2198,80.7,81.11,141552.00
2025-12-11 12:20:00-05:00,81.1029,81.1653,80.51,80.69,69897.00
2025-12-11 12:25:00-05:00,80.78,81.4599,80.7,81.35,106356.00
2025-12-11 12:30:00-05:00,81.36,81.86,81.33,81.71,106478.00
2025-12-11 12:35:00-05:00,81.7,82.28,81.6643,82.2201,116254.00
2025-12-11 12:40:00-05:00,82.236,82.75,82.15,82.195,230971.00
2025-12-11 12:45:00-05:00,82.1802,82.29,81.5,81.745,112594.00
2025-12-11 12:50:00-05:00,81.735,82.1699,81.735,82.095,58673.00
2025-12-11 12:55:00-05:00,82.095,82.095,81.82,81.915,41373.00
2025-12-11 13:00:00-05:00,81.92,82.09,81.82,82.005,48092.00
2025-12-11 13:05:00-05:00,82.045,82.05,81.72,81.98,29954.00
2025-12-11 13:10:00-05:00,81.9805,82,81.6512,81.96,41748.00
2025-12-11 13:15:00-05:00,81.9,82.09,81.83,81.945,56749.00
2025-12-11 13:20:00-05:00,82.005,82.2399,81.73,81.91,102471.00
2025-12-11 13:25:00-05:00,81.91,82.13,81.09,81.12,287233.00
2025-12-11 13:30:00-05:00,81.1625,81.51,81.02,81.3775,80131.00
2025-12-11 13:35:00-05:00,81.3,81.63,81.3,81.6218,33660.00
2025-12-11 13:40:00-05:00,81.66,81.83,81.43,81.83,53452.00
2025-12-11 13:45:00-05:00,81.78,81.86,81.39,81.615,71535.00
2025-12-11 13:50:00-05:00,81.635,81.75,81.46,81.53,55278.00
2025-12-11 13:55:00-05:00,81.51,81.82,81.4757,81.51,43472.00
2025-12-11 14:00:00-05:00,81.5,82.6,81.41,82.54,186842.00
2025-12-11 14:05:00-05:00,82.61,82.62,82.13,82.5504,95974.00
2025-12-11 14:10:00-05:00,82.59,82.99,82.511,82.89,175419.00
2025-12-11 14:15:00-05:00,82.915,83.22,82.7206,82.84,120820.00
2025-12-11 14:20:00-05:00,82.85,82.89,82.56,82.755,177658.00
2025-12-11 14:25:00-05:00,82.7318,82.86,82.6001,82.6437,58245.00
2025-12-11 14:30:00-05:00,82.621,82.805,82.2,82.4012,84896.00
2025-12-11 14:35:00-05:00,82.37,83.32,82.37,83.245,129494.00
2025-12-11 14:40:00-05:00,83.2,83.47,83.13,83.2989,104966.00
2025-12-11 14:45:00-05:00,83.3,83.4,83.19,83.34,61695.00
2025-12-11 14:50:00-05:00,83.36,83.7499,83.08,83.2,101826.00
2025-12-11 14:55:00-05:00,83.1,83.5,83.1,83.46,69922.00
2025-12-11 15:00:00-05:00,83.5,83.84,83.1,83.17,96142.00
2025-12-11 15:05:00-05:00,83.22,83.4499,82.92,83.27,99129.00
2025-12-11 15:10:00-05:00,83.235,84.16,83.15,84.13,167866.00
2025-12-11 15:15:00-05:00,84.11,85.1499,84.01,84.78,384771.00
2025-12-11 15:20:00-05:00,84.84,85.45,84.8,85.36,173551.00
2025-12-11 15:25:00-05:00,85.35,85.45,84.8001,84.8186,133491.00
2025-12-11 15:30:00-05:00,84.8309,85.3,84.75,84.9999,251084.00
2025-12-11 15:35:00-05:00,84.985,85.18,84.825,84.985,130766.00
2025-12-11 15:40:00-05:00,84.99,85.25,84.965,85.06,135435.00
2025-12-11 15:45:00-05:00,85.02,85.2575,84.51,84.78,235305.00
2025-12-11 15:50:00-05:00,84.73,85.05,84.53,84.9226,302728.00
2025-12-11 15:55:00-05:00,85,85.2,84.62,84.67,454887.00
2025-12-12 09:30:00-05:00,83.02,83.99,81.8,83.86,529019.00
2025-12-12 09:35:00-05:00,83.895,84.2,83,83.1825,416439.00
2025-12-12 09:40:00-05:00,83.07,83.7,82.87,83.22,263003.00
2025-12-12 09:45:00-05:00,83.41,83.98,83.08,83.4,168171.00
2025-12-12 09:50:00-05:00,83.435,83.71,82.86,83.1,237936.00
2025-12-12 09:55:00-05:00,83,84.61,82.9705,83.675,360456.00
2025-12-12 10:00:00-05:00,83.62,83.82,82.2437,82.425,427524.00
2025-12-12 10:05:00-05:00,82.33,83.26,81.32,81.9404,536901.00
2025-12-12 10:10:00-05:00,81.83,83.09,81.83,82.52,275513.00
2025-12-12 10:15:00-05:00,82.5101,83.5,82.028,83.48,201831.00
2025-12-12 10:20:00-05:00,83.4034,83.45,81.87,82.12,164024.00
2025-12-12 10:25:00-05:00,82.13,82.27,79.78,79.835,614386.00
2025-12-12 10:30:00-05:00,79.84,80.53,79.15,79.515,597077.00
2025-12-12 10:35:00-05:00,79.42,80,79.15,79.69,238271.00
2025-12-12 10:40:00-05:00,79.55,79.65,78.6901,79.28,367124.00
2025-12-12 10:45:00-05:00,79.32,79.99,79.06,79.9,310916.00
2025-12-12 10:50:00-05:00,79.925,80,79.33,79.415,273319.00
2025-12-12 10:55:00-05:00,79.38,79.3977,77.86,78.33,456866.00
2025-12-12 11:00:00-05:00,78.3245,78.745,77.0642,77.0642,449911.00
2025-12-12 11:05:00-05:00,77.05,77.6073,76.31,76.57,415511.00
2025-12-12 11:10:00-05:00,76.54,76.74,75.39,76.1525,735466.00
2025-12-12 11:15:00-05:00,76.155,76.475,75.45,75.64,383699.00
2025-12-12 11:20:00-05:00,75.76,75.865,74.54,75.68,804073.00
2025-12-12 11:25:00-05:00,75.65,76.78,75.29,76.44,357365.00
2025-12-12 11:30:00-05:00,76.365,76.365,74.98,75.22,261815.00
2025-12-12 11:35:00-05:00,75.27,75.65,74.62,75.12,339545.00
2025-12-12 11:40:00-05:00,75.119,75.59,74.8801,75.435,164182.00
2025-12-12 11:45:00-05:00,75.435,75.5,74.9,75.07,130280.00
2025-12-12 11:50:00-05:00,75.03,75.38,74.51,75.32,181377.00
2025-12-12 11:55:00-05:00,75.25,76.45,75.08,76.4163,226598.00
2025-12-12 12:00:00-05:00,76.34,77.33,76.2732,76.6331,347847.00
2025-12-12 12:05:00-05:00,76.62,77.72,76.53,77.3606,183785.00
2025-12-12 12:10:00-05:00,77.31,78.2565,77.31,78.195,198224.00
2025-12-12 12:15:00-05:00,78.14,78.88,78.081,78.58,209223.00
2025-12-12 12:20:00-05:00,78.65,78.8399,77.801,77.86,196455.00
2025-12-12 12:25:00-05:00,77.81,78.0132,77.38,78.01,293334.00
2025-12-12 12:30:00-05:00,78,78.2377,77.54,77.93,107456.00
2025-12-12 12:35:00-05:00,77.91,78.3299,77.5519,78.12,67321.00
2025-12-12 12:40:00-05:00,78.2,78.39,77.965,78.34,81145.00
2025-12-12 12:45:00-05:00,78.4,79.13,78.4,78.8798,189519.00
2025-12-12 12:50:00-05:00,78.82,79.19,78.66,79.19,83971.00
2025-12-12 12:55:00-05:00,79.15,79.9,79.11,79.53,262572.00
2025-12-12 13:00:00-05:00,79.53,80.0832,79.41,79.7993,160801.00
2025-12-12 13:05:00-05:00,79.838,80.0479,79.4415,79.7135,86101.00
2025-12-12 13:10:00-05:00,79.628,80.42,79.59,79.83,254358.00
2025-12-12 13:15:00-05:00,79.89,80.38,79.86,80.24,199412.00
2025-12-12 13:20:00-05:00,80.2287,80.38,79.57,79.81,196515.00
2025-12-12 13:25:00-05:00,79.88,80,79.6701,79.87,69568.00
2025-12-12 13:30:00-05:00,79.865,80.11,79.77,79.97,76557.00
2025-12-12 13:35:00-05:00,80.01,80.07,79.64,79.935,141249.00
2025-12-12 13:40:00-05:00,79.935,80,79.01,79.09,141781.00
2025-12-12 13:45:00-05:00,79.1,79.39,78.66,79.195,126998.00
2025-12-12 13:50:00-05:00,79.25,79.31,78.882,78.93,91254.00
2025-12-12 13:55:00-05:00,79.08,79.1709,78.6,79.065,148304.00
2025-12-12 14:00:00-05:00,79.18,79.18,78.32,78.75,214910.00
2025-12-12 14:05:00-05:00,78.81,78.81,77.72,77.75,142378.00
2025-12-12 14:10:00-05:00,77.7642,77.885,77.29,77.34,113746.00
2025-12-12 14:15:00-05:00,77.37,77.73,77.1,77.545,136183.00
2025-12-12 14:20:00-05:00,77.62,77.69,77.2001,77.51,118724.00
2025-12-12 14:25:00-05:00,77.4701,77.6,77.2,77.49,88314.00
2025-12-12 14:30:00-05:00,77.52,77.8759,77.43,77.43,74126.00
2025-12-12 14:35:00-05:00,77.3901,77.89,77.3901,77.7348,77759.00
2025-12-12 14:40:00-05:00,77.77,78.47,77.77,78.2886,59825.00
2025-12-12 14:45:00-05:00,78.26,78.2946,77.87,78.0619,58075.00
2025-12-12 14:50:00-05:00,78.08,78.25,77.7705,77.7708,53379.00
2025-12-12 14:55:00-05:00,77.86,77.86,77.01,77.51,176093.00
2025-12-12 15:00:00-05:00,77.5,77.7886,77.17,77.64,122736.00
2025-12-12 15:05:00-05:00,77.6,78.07,77.53,77.695,106070.00
2025-12-12 15:10:00-05:00,77.82,77.84,77.25,77.48,108294.00
2025-12-12 15:15:00-05:00,77.485,77.485,76.62,76.8105,144142.00
2025-12-12 15:20:00-05:00,76.84,77.2,76.7201,76.885,107451.00
2025-12-12 15:25:00-05:00,76.86,77.49,76.6715,76.88,92772.00
2025-12-12 15:30:00-05:00,76.94,77.22,76.7,77.15,214749.00
2025-12-12 15:35:00-05:00,77.195,77.305,76.78,77.08,166722.00
2025-12-12 15:40:00-05:00,77.08,77.32,76.9001,77.19,109035.00
2025-12-12 15:45:00-05:00,77.23,77.55,76.94,76.985,155823.00
2025-12-12 15:50:00-05:00,77,77.629,77,77.375,261224.00
2025-12-12 15:55:00-05:00,77.4,77.43,76.675,76.68,395739.00
2025-12-15 09:30:00-05:00,77.24,77.69,75.7647,75.9901,451586.00
2025-12-15 09:35:00-05:00,75.9916,76.989,75.6242,75.63,238360.00
2025-12-15 09:40:00-05:00,75.75,75.94,73.68,73.865,587241.00
2025-12-15 09:45:00-05:00,73.84,74.61,72.02,72.26,599085.00
2025-12-15 09:50:00-05:00,72.39,72.69,71.0501,71.255,586922.00
2025-12-15 09:55:00-05:00,71.28,71.8,70.28,71.1,567314.00
2025-12-15 10:00:00-05:00,71.095,72.3,70.4025,72,659039.00
2025-12-15 10:05:00-05:00,71.952,73.4,71.73,72.685,460234.00
2025-12-15 10:10:00-05:00,72.71,72.99,71.975,72.7908,264902.00
2025-12-15 10:15:00-05:00,72.755,72.99,71.16,72.0318,305218.00
2025-12-15 10:20:00-05:00,72.03,72.87,71.9,72.21,282458.00
2025-12-15 10:25:00-05:00,72.21,72.44,71.11,71.28,330300.00
2025-12-15 10:30:00-05:00,71.205,71.8299,70.9,71.535,297733.00
2025-12-15 10:35:00-05:00,71.52,72.22,71.4305,71.979,290951.00
2025-12-15 10:40:00-05:00,71.95,73,71.86,72.985,231869.00
2025-12-15 10:45:00-05:00,72.97,73.1665,72.37,72.73,191982.00
2025-12-15 10:50:00-05:00,72.74,72.74,71.12,71.6,248156.00
2025-12-15 10:55:00-05:00,71.6,71.96,71.4,71.675,206355.00
2025-12-15 11:00:00-05:00,71.68,72.23,71.6101,71.97,130153.00
2025-12-15 11:05:00-05:00,71.98,72.5,71.9,72.5,126815.00
2025-12-15 11:10:00-05:00,72.53,72.787,72.07,72.35,115797.00
2025-12-15 11:15:00-05:00,72.35,73.17,72.25,73.095,105679.00
2025-12-15 11:20:00-05:00,73.14,73.7899,73.08,73.49,206428.00
2025-12-15 11:25:00-05:00,73.488,73.94,73.488,73.635,117538.00
2025-12-15 11:30:00-05:00,73.7,73.74,72.2061,72.28,168392.00
2025-12-15 11:35:00-05:00,72.235,72.38,71.8612,72.05,95363.00
2025-12-15 11:40:00-05:00,72.08,72.1199,70.4,70.65,237356.00
2025-12-15 11:45:00-05:00,70.62,71.14,70.455,71.006,136379.00
2025-12-15 11:50:00-05:00,71,71.6202,70.98,71.5601,149880.00
2025-12-15 11:55:00-05:00,71.585,71.65,71.2301,71.34,129285.00
2025-12-15 12:00:00-05:00,71.4196,71.64,71.31,71.3201,85912.00
2025-12-15 12:05:00-05:00,71.36,71.8728,71.2532,71.495,61468.00
2025-12-15 12:10:00-05:00,71.5,71.58,71.2901,71.505,45745.00
2025-12-15 12:15:00-05:00,71.4917,71.53,70.87,71.29,113082.00
2025-12-15 12:20:00-05:00,71.23,71.66,71.175,71.52,47772.00
2025-12-15 12:25:00-05:00,71.4625,71.778,71.04,71.1,32809.00
2025-12-15 12:30:00-05:00,71.155,71.4,70.9017,71.285,55037.00
2025-12-15 12:35:00-05:00,71.29,71.6438,71.26,71.54,80054.00
2025-12-15 12:40:00-05:00,71.545,71.71,71.35,71.495,125817.00
2025-12-15 12:45:00-05:00,71.435,71.95,71.4,71.59,80897.00
2025-12-15 12:50:00-05:00,71.53,71.8252,71.21,71.63,166870.00
2025-12-15 12:55:00-05:00,71.645,71.83,71.41,71.735,118324.00
2025-12-15 13:00:00-05:00,71.71,71.8,71.44,71.545,57443.00
2025-12-15 13:05:00-05:00,71.545,71.84,71.54,71.73,30007.00
2025-12-15 13:10:00-05:00,71.79,71.98,71.625,71.78,66273.00
2025-12-15 13:15:00-05:00,71.8099,71.8488,71.54,71.66,53495.00
2025-12-15 13:20:00-05:00,71.6314,71.73,71.3,71.49,54466.00
2025-12-15 13:25:00-05:00,71.51,71.535,71.05,71.27,120603.00
2025-12-15 13:30:00-05:00,71.225,71.26,70.55,70.5883,103069.00
2025-12-15 13:35:00-05:00,70.565,71.0974,70.56,70.9098,98975.00
2025-12-15 13:40:00-05:00,70.92,71.17,70.78,71.045,56825.00
2025-12-15 13:45:00-05:00,71.01,71.0998,70.75,70.89,105307.00
2025-12-15 13:50:00-05:00,70.88,71.21,70.79,71.15,68397.00
2025-12-15 13:55:00-05:00,71.18,71.56,71.13,71.17,65437.00
2025-12-15 14:00:00-05:00,71.14,71.65,71.12,71.61,92514.00
2025-12-15 14:05:00-05:00,71.52,71.5567,71.05,71.16,47108.00
2025-12-15 14:10:00-05:00,71.1301,71.415,71.102,71.3199,47370.00
2025-12-15 14:15:00-05:00,71.21,71.38,70.91,71.1484,44450.00
2025-12-15 14:20:00-05:00,71.17,71.19,70.934,71.12,31619.00
2025-12-15 14:25:00-05:00,71.12,71.12,70.66,70.67,119642.00
2025-12-15 14:30:00-05:00,70.67,70.67,69.7,69.99,346524.00
2025-12-15 14:35:00-05:00,70.04,70.369,69.925,70.3198,140740.00
2025-12-15 14:40:00-05:00,70.3,70.3299,70,70.135,57188.00
2025-12-15 14:45:00-05:00,70.125,70.24,69.96,70.2,82386.00
2025-12-15 14:50:00-05:00,70.1227,70.22,69.81,69.96,92776.00
2025-12-15 14:55:00-05:00,69.96,70.08,69.852,70.08,67506.00
2025-12-15 15:00:00-05:00,70.06,70.14,69.805,70.055,97430.00
2025-12-15 15:05:00-05:00,70.0696,70.3795,69.82,70.055,76605.00
2025-12-15 15:10:00-05:00,70.055,70.08,69.47,69.6401,125087.00
2025-12-15 15:15:00-05:00,69.63,69.75,69.31,69.5085,127936.00
2025-12-15 15:20:00-05:00,69.51,69.5399,68.595,68.887,295385.00
2025-12-15 15:25:00-05:00,68.885,68.94,68.28,68.445,198884.00
2025-12-15 15:30:00-05:00,68.48,68.48,68.11,68.22,215372.00
2025-12-15 15:35:00-05:00,68.22,68.28,67.9,68.14,221609.00
2025-12-15 15:40:00-05:00,68.16,68.29,67.97,68.09,194333.00
2025-12-15 15:45:00-05:00,68.08,68.32,67.9512,68.065,193384.00
2025-12-15 15:50:00-05:00,68.06,68.45,67.8,68.02,361637.00
2025-12-15 15:55:00-05:00,68.08,68.2,67.525,67.78,513010.00
2025-12-16 09:30:00-05:00,65.605,66.5,65.25,66.17,496039.00
2025-12-16 09:35:00-05:00,66.2586,67.46,66.08,66.23,264643.00
2025-12-16 09:40:00-05:00,66.23,67.3403,66.05,67.12,216122.00
2025-12-16 09:45:00-05:00,67.295,68.12,66.455,67.5725,369705.00
2025-12-16 09:50:00-05:00,67.5892,68.53,67.27,67.85,332557.00
2025-12-16 09:55:00-05:00,67.88,68.8,67.73,68.434,222794.00
2025-12-16 10:00:00-05:00,68.33,68.5,67.38,67.9,221749.00
2025-12-16 10:05:00-05:00,67.86,68.03,66.5746,66.74,184822.00
2025-12-16 10:10:00-05:00,66.695,66.99,66.21,66.52,174680.00
2025-12-16 10:15:00-05:00,66.59,66.8127,65.902,65.9791,176241.00
2025-12-16 10:20:00-05:00,66,66.14,65.8,65.99,163467.00
2025-12-16 10:25:00-05:00,65.98,66.95,65.75,66.7,173210.00
2025-12-16 10:30:00-05:00,66.63,67.0913,66.37,66.8719,144704.00
2025-12-16 10:35:00-05:00,66.975,67.125,65.76,66.21,186539.00
2025-12-16 10:40:00-05:00,66.22,66.22,65.68,66.01,95210.00
2025-12-16 10:45:00-05:00,66.08,66.43,65.93,66.3,78663.00
2025-12-16 10:50:00-05:00,66.285,66.76,66.02,66.6,92618.00
2025-12-16 10:55:00-05:00,66.605,67.07,66.605,67.0499,120261.00
2025-12-16 11:00:00-05:00,66.99,67.13,66.36,66.46,139285.00
2025-12-16 11:05:00-05:00,66.53,66.8735,66.325,66.365,77605.00
2025-12-16 11:10:00-05:00,66.365,66.4553,66.04,66.38,59686.00
2025-12-16 11:15:00-05:00,66.31,66.62,66.13,66.54,49917.00
2025-12-16 11:20:00-05:00,66.57,67.0215,66.5,66.5605,86287.00
2025-12-16 11:25:00-05:00,66.585,66.94,66.4,66.795,54053.00
2025-12-16 11:30:00-05:00,66.84,66.99,66.73,66.8766,30063.00
2025-12-16 11:35:00-05:00,66.905,66.97,66.35,66.6898,42759.00
2025-12-16 11:40:00-05:00,66.61,67.3474,66.59,67.285,64536.00
2025-12-16 11:45:00-05:00,67.28,67.56,67.0901,67.3,80856.00
2025-12-16 11:50:00-05:00,67.29,67.36,66.82,67.0669,58500.00
2025-12-16 11:55:00-05:00,67.09,67.65,66.98,67.57,61316.00
2025-12-16 12:00:00-05:00,67.56,67.61,67.18,67.48,50800.00
2025-12-16 12:05:00-05:00,67.4675,67.67,67.33,67.44,43314.00
2025-12-16 12:10:00-05:00,67.42,67.53,67.22,67.37,46062.00
2025-12-16 12:15:00-05:00,67.3301,67.81,67.3301,67.6785,70334.00
2025-12-16 12:20:00-05:00,67.65,68.18,67.65,67.95,82090.00
2025-12-16 12:25:00-05:00,67.84,67.9714,67.62,67.62,107858.00
2025-12-16 12:30:00-05:00,67.66,68.05,67.66,68.0001,72515.00
2025-12-16 12:35:00-05:00,68.09,68.39,67.77,67.98,108228.00
2025-12-16 12:40:00-05:00,67.98,67.98,67.6501,67.965,68809.00
2025-12-16 12:45:00-05:00,67.98,68.1,67.8,67.9,45146.00
2025-12-16 12:50:00-05:00,67.9,67.92,67.632,67.735,56556.00
2025-12-16 12:55:00-05:00,67.7891,67.9511,67.5636,67.64,179530.00
2025-12-16 13:00:00-05:00,67.7,67.84,67.0101,67.59,166657.00
2025-12-16 13:05:00-05:00,67.505,67.845,67.0736,67.8,79734.00
2025-12-16 13:10:00-05:00,67.77,67.93,67.72,67.72,53878.00
2025-12-16 13:15:00-05:00,67.73,67.76,67.13,67.21,132816.00
2025-12-16 13:20:00-05:00,67.21,67.695,67.16,67.555,53898.00
2025-12-16 13:25:00-05:00,67.5525,67.6999,67.36,67.64,51803.00
2025-12-16 13:30:00-05:00,67.57,67.96,67.54,67.845,98643.00
2025-12-16 13:35:00-05:00,67.82,68.15,67.68,67.8652,96211.00
2025-12-16 13:40:00-05:00,67.929,68,67.67,67.795,51692.00
2025-12-16 13:45:00-05:00,67.81,68.05,67.47,67.89,112504.00
2025-12-16 13:50:00-05:00,67.895,67.93,67.68,67.705,54720.00
2025-12-16 13:55:00-05:00,67.71,67.74,67.19,67.33,81862.00
2025-12-16 14:00:00-05:00,67.275,67.46,67.02,67.0232,69994.00
2025-12-16 14:05:00-05:00,67.035,67.1,66.76,67.055,76729.00
2025-12-16 14:10:00-05:00,67.055,67.11,66.33,66.355,108029.00
2025-12-16 14:15:00-05:00,66.35,66.73,66.34,66.4829,62460.00
2025-12-16 14:20:00-05:00,66.46,66.8628,66.42,66.49,67183.00
2025-12-16 14:25:00-05:00,66.46,66.665,66.15,66.2699,69445.00
2025-12-16 14:30:00-05:00,66.2416,66.54,66.19,66.46,100998.00
2025-12-16 14:35:00-05:00,66.445,66.52,65.8,65.915,152719.00
2025-12-16 14:40:00-05:00,65.88,65.9207,65.65,65.7307,122045.00
2025-12-16 14:45:00-05:00,65.73,65.7451,65.42,65.7024,89717.00
2025-12-16 14:50:00-05:00,65.675,66.2,65.6001,66.0743,110818.00
2025-12-16 14:55:00-05:00,66.06,66.15,65.8,65.98,139657.00
2025-12-16 15:00:00-05:00,65.91,66.6,65.89,66.515,245604.00
2025-12-16 15:05:00-05:00,66.515,66.959,66.38,66.945,105709.00
2025-12-16 15:10:00-05:00,66.968,67.4603,66.91,67.2702,209873.00
2025-12-16 15:15:00-05:00,67.27,67.28,66.83,67.07,75586.00
2025-12-16 15:20:00-05:00,67.08,67.48,67.0725,67.33,90682.00
2025-12-16 15:25:00-05:00,67.34,67.66,67.185,67.64,62466.00
2025-12-16 15:30:00-05:00,67.63,68.215,67.59,68.15,184653.00
2025-12-16 15:35:00-05:00,68.16,68.5,68.1,68.1401,177981.00
2025-12-16 15:40:00-05:00,68.15,68.48,68.12,68.3324,143726.00
2025-12-16 15:45:00-05:00,68.31,68.55,67.8515,67.92,280248.00
2025-12-16 15:50:00-05:00,67.93,68.33,67.93,68.1365,128472.00
2025-12-16 15:55:00-05:00,68.135,68.88,68.1,68.36,387456.00
2025-12-17 09:30:00-05:00,70.02,70.39,69.01,69.32,435298.00
2025-12-17 09:35:00-05:00,69.41,70.03,67.2,67.37,298747.00
2025-12-17 09:40:00-05:00,67.395,68.2998,66.05,67.12,344832.00
2025-12-17 09:45:00-05:00,66.89,67.4139,64.57,65.7,493132.00
2025-12-17 09:50:00-05:00,65.575,65.81,64.642,65.4274,357434.00
2025-12-17 09:55:00-05:00,65.375,66.6013,65.06,66.53,227490.00
2025-12-17 10:00:00-05:00,66.54,67.3499,66.04,67.29,252081.00
2025-12-17 10:05:00-05:00,67.26,68.3799,66.84,67.425,197406.00
2025-12-17 10:10:00-05:00,67.5,68.0201,67.01,67.55,173338.00
2025-12-17 10:15:00-05:00,67.56,68.0508,66.89,67.13,196555.00
2025-12-17 10:20:00-05:00,67.22,67.98,67.1,67.65,150081.00
2025-12-17 10:25:00-05:00,67.66,68.18,67.3038,67.71,112143.00
2025-12-17 10:30:00-05:00,67.72,67.9687,67.3309,67.35,201485.00
2025-12-17 10:35:00-05:00,67.3,67.37,66.45,66.8315,170625.00
2025-12-17 10:40:00-05:00,66.89,66.92,66.01,66.365,101745.00
2025-12-17 10:45:00-05:00,66.3,66.8,66.12,66.445,110864.00
2025-12-17 10:50:00-05:00,66.4,66.52,65.71,65.875,167304.00
2025-12-17 10:55:00-05:00,65.9329,66.0299,65.51,65.765,122800.00
2025-12-17 11:00:00-05:00,65.765,65.9423,65.26,65.775,212909.00
2025-12-17 11:05:00-05:00,65.86,66.4299,65.86,66.06,145690.00
2025-12-17 11:10:00-05:00,66.01,66.4,65.3501,65.3501,147271.00
2025-12-17 11:15:00-05:00,65.35,65.6399,65.02,65.28,102137.00
2025-12-17 11:20:00-05:00,65.28,65.7199,65.04,65.53,70243.00
2025-12-17 11:25:00-05:00,65.5,65.9983,65.47,65.585,51874.00
2025-12-17 11:30:00-05:00,65.575,65.575,64.57,64.69,181840.00
2025-12-17 11:35:00-05:00,64.72,65.71,64.62,65.14,103124.00
2025-12-17 11:40:00-05:00,65.14,65.7,64.94,65.51,76126.00
2025-12-17 11:45:00-05:00,65.48,65.9,65.4469,65.622,110408.00
2025-12-17 11:50:00-05:00,65.67,66.2,65.29,66.05,104424.00
2025-12-17 11:55:00-05:00,66.14,66.55,65.955,66.4892,99613.00
2025-12-17 12:00:00-05:00,66.49,66.7386,65.91,66.1029,109800.00
2025-12-17 12:05:00-05:00,66.15,66.52,66.045,66.08,104153.00
2025-12-17 12:10:00-05:00,66.085,66.6253,65.955,66.125,125414.00
2025-12-17 12:15:00-05:00,66.09,66.4413,65.955,66.4022,154550.00
2025-12-17 12:20:00-05:00,66.29,66.55,66.13,66.51,75983.00
2025-12-17 12:25:00-05:00,66.51,66.59,66,66.105,66898.00
2025-12-17 12:30:00-05:00,66.16,66.4499,65.9,65.97,74135.00
2025-12-17 12:35:00-05:00,65.97,66.29,65.75,65.8,47928.00
2025-12-17 12:40:00-05:00,65.71,65.99,65.5,65.545,50107.00
2025-12-17 12:45:00-05:00,65.58,65.82,65.51,65.53,48890.00
2025-12-17 12:50:00-05:00,65.635,65.77,65.0201,65.17,45468.00
2025-12-17 12:55:00-05:00,65.2699,65.2699,64.78,64.825,87392.00
2025-12-17 13:00:00-05:00,64.85,65.1479,64.85,64.9675,57291.00
2025-12-17 13:05:00-05:00,65.12,65.1799,64.71,64.765,66258.00
2025-12-17 13:10:00-05:00,64.7,64.7,64.09,64.17,175933.00
2025-12-17 13:15:00-05:00,64.1407,64.2769,63.46,63.735,280847.00
2025-12-17 13:20:00-05:00,63.66,63.9599,63.59,63.93,81367.00
2025-12-17 13:25:00-05:00,63.93,64.15,63.86,63.965,114141.00
2025-12-17 13:30:00-05:00,63.88,64.03,63.695,63.95,62299.00
2025-12-17 13:35:00-05:00,63.9405,63.9999,63.3,63.31,71639.00
2025-12-17 13:40:00-05:00,63.33,63.33,62.92,63.0843,199380.00
2025-12-17 13:45:00-05:00,63,63.04,62.53,62.8335,184353.00
2025-12-17 13:50:00-05:00,62.77,63.1955,62.69,63.08,104281.00
2025-12-17 13:55:00-05:00,63.01,63.42,62.8,63.375,66753.00
2025-12-17 14:00:00-05:00,63.42,63.45,63,63.035,54379.00
2025-12-17 14:05:00-05:00,63.0353,63.1349,62.76,62.975,46353.00
2025-12-17 14:10:00-05:00,62.9,62.935,62.6133,62.655,78338.00
2025-12-17 14:15:00-05:00,62.7,62.84,62.32,62.58,105775.00
2025-12-17 14:20:00-05:00,62.57,62.76,62.42,62.7,49028.00
2025-12-17 14:25:00-05:00,62.68,62.86,62.6,62.68,82545.00
2025-12-17 14:30:00-05:00,62.735,62.9499,62.57,62.62,69945.00
2025-12-17 14:35:00-05:00,62.64,62.84,62.5275,62.7668,50389.00
2025-12-17 14:40:00-05:00,62.755,62.755,62.2,62.32,207726.00
2025-12-17 14:45:00-05:00,62.3824,62.4163,62.11,62.16,116633.00
2025-12-17 14:50:00-05:00,62.26,62.5966,62.07,62.5009,84800.00
2025-12-17 14:55:00-05:00,62.5607,62.653,62.4,62.595,118123.00
2025-12-17 15:00:00-05:00,62.6,62.665,62.08,62.11,91252.00
2025-12-17 15:05:00-05:00,62.1058,62.33,61.9,62.03,107065.00
2025-12-17 15:10:00-05:00,62.02,62.29,61.994,62.2688,66475.00
2025-12-17 15:15:00-05:00,62.2,62.52,62.09,62.29,76448.00
2025-12-17 15:20:00-05:00,62.2952,62.3418,61.79,61.8228,84294.00
2025-12-17 15:25:00-05:00,61.8,61.8699,61.4,61.6,198363.00
2025-12-17 15:30:00-05:00,61.6401,62.04,61.54,61.73,125782.00
2025-12-17 15:35:00-05:00,61.7238,62.03,61.46,61.7901,108352.00
2025-12-17 15:40:00-05:00,61.805,62.0986,61.76,62.09,179788.00
2025-12-17 15:45:00-05:00,62.0897,62.59,61.902,62.26,248095.00
2025-12-17 15:50:00-05:00,62.26,62.7,62.03,62.1,300976.00
2025-12-17 15:55:00-05:00,62.1,62.11,61.79,61.88,286367.00
2025-12-18 09:30:00-05:00,65.2,67.62,65.14,66.958,862075.00
2025-12-18 09:35:00-05:00,66.95,67.68,65.5504,65.945,400440.00
2025-12-18 09:40:00-05:00,65.96,65.965,65.07,65.5,356412.00
2025-12-18 09:45:00-05:00,65.51,65.8286,64.01,64.76,539122.00
2025-12-18 09:50:00-05:00,64.72,65.89,64.605,65.8501,288304.00
2025-12-18 09:55:00-05:00,65.925,67.26,65.835,67.1,351507.00
2025-12-18 10:00:00-05:00,67.1,67.1,66.14,66.41,381071.00
2025-12-18 10:05:00-05:00,66.455,66.49,65.585,65.875,180782.00
2025-12-18 10:10:00-05:00,65.94,66.05,65.225,65.57,144651.00
2025-12-18 10:15:00-05:00,65.6399,66.169,64.865,64.99,148091.00
2025-12-18 10:20:00-05:00,64.935,66.195,64.67,66.0508,169934.00
2025-12-18 10:25:00-05:00,66.15,67.1,66.01,66.669,219069.00
2025-12-18 10:30:00-05:00,66.61,67.07,66.205,66.915,133784.00
2025-12-18 10:35:00-05:00,66.9612,67.03,66.3,66.675,130681.00
2025-12-18 10:40:00-05:00,66.675,66.91,66.095,66.2,134571.00
2025-12-18 10:45:00-05:00,66.1157,66.18,65.8,66.1799,88592.00
2025-12-18 10:50:00-05:00,66.04,66.24,65.7,66.23,105599.00
2025-12-18 10:55:00-05:00,66.22,66.25,65.9,66.1499,53053.00
2025-12-18 11:00:00-05:00,66.11,66.4,65.6,65.85,90755.00
2025-12-18 11:05:00-05:00,65.8751,66.34,65.78,66.003,173790.00
2025-12-18 11:10:00-05:00,66.0132,66.665,65.91,66.41,114629.00
2025-12-18 11:15:00-05:00,66.415,66.54,65.6021,65.785,103118.00
2025-12-18 11:20:00-05:00,65.81,66.02,65.56,65.855,54755.00
2025-12-18 11:25:00-05:00,65.855,66.0099,65.6,65.69,55058.00
2025-12-18 11:30:00-05:00,65.63,65.93,65.61,65.85,67562.00
2025-12-18 11:35:00-05:00,65.87,66.16,65.865,66.09,50842.00
2025-12-18 11:40:00-05:00,66.11,66.3999,66.11,66.34,66630.00
2025-12-18 11:45:00-05:00,66.325,66.92,66.24,66.865,104949.00
2025-12-18 11:50:00-05:00,66.9,67.38,66.7,67.22,155408.00
2025-12-18 11:55:00-05:00,67.22,67.23,66.19,66.53,327515.00
2025-12-18 12:00:00-05:00,66.57,66.57,65.655,65.85,710682.00
2025-12-18 12:05:00-05:00,65.88,65.91,65.14,65.25,174941.00
2025-12-18 12:10:00-05:00,65.28,65.47,65.06,65.4198,79710.00
2025-12-18 12:15:00-05:00,65.5,65.7,65.13,65.6656,81137.00
2025-12-18 12:20:00-05:00,65.62,65.97,65.32,65.36,77724.00
2025-12-18 12:25:00-05:00,65.41,65.85,65.04,65.825,98407.00
2025-12-18 12:30:00-05:00,65.75,65.88,65.26,65.855,77395.00
2025-12-18 12:35:00-05:00,65.85,66.01,65.7372,65.77,81306.00
2025-12-18 12:40:00-05:00,65.8048,66.05,65.76,65.985,197375.00
2025-12-18 12:45:00-05:00,66.005,66.1,65.88,65.88,59497.00
2025-12-18 12:50:00-05:00,65.86,65.86,65.2894,65.48,82809.00
2025-12-18 12:55:00-05:00,65.39,65.7,65.39,65.7,39199.00
2025-12-18 13:00:00-05:00,65.68,65.7472,65.4,65.41,29628.00
2025-12-18 13:05:00-05:00,65.38,65.71,65.38,65.68,34449.00
2025-12-18 13:10:00-05:00,65.65,65.67,65.38,65.475,29473.00
2025-12-18 13:15:00-05:00,65.48,65.88,65.48,65.83,91337.00
2025-12-18 13:20:00-05:00,65.795,65.84,65.53,65.69,40585.00
2025-12-18 13:25:00-05:00,65.65,65.73,65.03,65.17,118619.00
2025-12-18 13:30:00-05:00,65.18,65.6953,65.1301,65.42,59952.00
2025-12-18 13:35:00-05:00,65.3759,65.965,65.3759,65.925,39066.00
2025-12-18 13:40:00-05:00,65.925,66.05,65.76,65.76,44614.00
2025-12-18 13:45:00-05:00,65.752,65.83,65.34,65.6,111023.00
2025-12-18 13:50:00-05:00,65.56,65.81,65.39,65.405,89091.00
2025-12-18 13:55:00-05:00,65.3201,65.64,65.26,65.4275,84941.00
2025-12-18 14:00:00-05:00,65.4988,65.508,65.1801,65.1991,42410.00
2025-12-18 14:05:00-05:00,65.235,65.455,65.1975,65.42,42805.00
2025-12-18 14:10:00-05:00,65.41,65.73,65.3714,65.43,45430.00
2025-12-18 14:15:00-05:00,65.4425,65.46,65.23,65.347,48307.00
2025-12-18 14:20:00-05:00,65.38,65.655,65.38,65.5556,36830.00
2025-12-18 14:25:00-05:00,65.52,65.8055,65.34,65.77,53490.00
2025-12-18 14:30:00-05:00,65.78,66,65.6903,65.77,48705.00
2025-12-18 14:35:00-05:00,65.7,66.1699,65.7,66.09,54296.00
2025-12-18 14:40:00-05:00,66.08,66.09,65.715,65.73,55878.00
2025-12-18 14:45:00-05:00,65.75,66.3,65.6,66.15,101834.00
2025-12-18 14:50:00-05:00,66.12,66.33,65.4001,65.5434,134657.00
2025-12-18 14:55:00-05:00,65.53,65.53,65.11,65.24,94690.00
2025-12-18 15:00:00-05:00,65.33,65.9,65.17,65.5855,125851.00
2025-12-18 15:05:00-05:00,65.565,66.08,65.49,65.605,114037.00
2025-12-18 15:10:00-05:00,65.605,65.79,65.524,65.705,52493.00
2025-12-18 15:15:00-05:00,65.67,65.775,65.57,65.645,37773.00
2025-12-18 15:20:00-05:00,65.6325,65.69,65.2966,65.48,42549.00
2025-12-18 15:25:00-05:00,65.485,65.74,65.405,65.74,91100.00
2025-12-18 15:30:00-05:00,65.66,65.935,65.555,65.905,113283.00
2025-12-18 15:35:00-05:00,65.91,65.99,65.7,65.71,54391.00
2025-12-18 15:40:00-05:00,65.73,65.73,65.45,65.73,116379.00
2025-12-18 15:45:00-05:00,65.72,66.31,65.7,66.13,198413.00
2025-12-18 15:50:00-05:00,66.11,66.3781,65.86,66.195,272775.00
2025-12-18 15:55:00-05:00,66.2,66.2,65.829,65.885,396103.00
2025-12-19 09:30:00-05:00,67.725,69.5,67.32,68.645,533122.00
2025-12-19 09:35:00-05:00,68.645,69,67.55,67.81,325494.00
2025-12-19 09:40:00-05:00,67.89,68.18,67.5,67.975,326724.00
2025-12-19 09:45:00-05:00,68.029,68.72,67.76,68.645,399742.00
2025-12-19 09:50:00-05:00,68.74,68.9482,67.81,68.859,174236.00
2025-12-19 09:55:00-05:00,68.89,69.6,68.6001,69.39,305120.00
2025-12-19 10:00:00-05:00,69.3,70.2,68.66,68.955,326463.00
2025-12-19 10:05:00-05:00,68.955,69.595,68.68,69.44,189250.00
2025-12-19 10:10:00-05:00,69.395,69.71,69.08,69.12,234097.00
2025-12-19 10:15:00-05:00,69.1799,69.99,69.0806,69.45,289682.00
2025-12-19 10:20:00-05:00,69.43,69.43,68.9,68.985,164274.00
2025-12-19 10:25:00-05:00,68.92,69.45,68.51,69.45,118076.00
2025-12-19 10:30:00-05:00,69.395,69.9,69.01,69.5,143862.00
2025-12-19 10:35:00-05:00,69.535,69.7383,69.1,69.18,99434.00
2025-12-19 10:40:00-05:00,69.12,69.4899,68.85,69.215,84203.00
2025-12-19 10:45:00-05:00,69.21,69.39,68.8,69.04,132575.00
2025-12-19 10:50:00-05:00,69.09,69.57,69.09,69.295,57583.00
2025-12-19 10:55:00-05:00,69.29,69.77,69.29,69.675,75467.00
2025-12-19 11:00:00-05:00,69.61,69.84,69.28,69.58,74562.00
2025-12-19 11:05:00-05:00,69.53,70.3,69.38,70.16,158709.00
2025-12-19 11:10:00-05:00,70.17,70.82,70.15,70.38,204281.00
2025-12-19 11:15:00-05:00,70.385,70.55,70.2101,70.31,64769.00
2025-12-19 11:20:00-05:00,70.325,71.47,70.17,71.3751,259952.00
2025-12-19 11:25:00-05:00,71.45,71.69,71.01,71.2499,254464.00
2025-12-19 11:30:00-05:00,71.225,72.18,71.145,72.04,326153.00
2025-12-19 11:35:00-05:00,72.025,72.1199,71.65,71.86,198116.00
2025-12-19 11:40:00-05:00,71.86,72.59,71.734,72.2655,255405.00
2025-12-19 11:45:00-05:00,72.24,72.24,71.8001,71.975,123253.00
2025-12-19 11:50:00-05:00,71.975,72.34,71.65,72.24,119870.00
2025-12-19 11:55:00-05:00,72.26,73.22,72.19,73.135,215439.00
2025-12-19 12:00:00-05:00,73.175,74.09,73.175,73.7175,427615.00
2025-12-19 12:05:00-05:00,73.75,73.82,73.2501,73.48,214318.00
2025-12-19 12:10:00-05:00,73.445,74.02,73.4,73.9,243078.00
2025-12-19 12:15:00-05:00,73.945,74.2,73.63,73.875,119671.00
2025-12-19 12:20:00-05:00,73.88,73.91,73.2384,73.8091,164674.00
2025-12-19 12:25:00-05:00,73.76,73.8221,73.37,73.37,85267.00
2025-12-19 12:30:00-05:00,73.5,73.69,73.151,73.24,159303.00
2025-12-19 12:35:00-05:00,73.15,73.92,72.89,73.78,203742.00
2025-12-19 12:40:00-05:00,73.77,73.81,73.36,73.575,77226.00
2025-12-19 12:45:00-05:00,73.6458,73.77,73.5,73.73,44212.00
2025-12-19 12:50:00-05:00,73.76,73.83,73.56,73.75,65030.00
2025-12-19 12:55:00-05:00,73.7,73.8656,73.26,73.77,210431.00
2025-12-19 13:00:00-05:00,73.83,74.16,73.77,74.065,147862.00
2025-12-19 13:05:00-05:00,74.1,74.95,74.1,74.93,204728.00
2025-12-19 13:10:00-05:00,74.96,75.25,74.67,74.86,183355.00
2025-12-19 13:15:00-05:00,74.89,75.18,74.81,75.155,115281.00
2025-12-19 13:20:00-05:00,75.18,75.24,74.8505,75.16,136059.00
2025-12-19 13:25:00-05:00,75.12,75.3,74.6,74.8372,190244.00
2025-12-19 13:30:00-05:00,74.865,74.98,74.67,74.735,77341.00
2025-12-19 13:35:00-05:00,74.7888,74.86,74.54,74.5501,83385.00
2025-12-19 13:40:00-05:00,74.5424,74.55,74.01,74.1614,107789.00
2025-12-19 13:45:00-05:00,74.16,74.248,73.84,74.19,92404.00
2025-12-19 13:50:00-05:00,74.15,74.8,74.1001,74.8,111497.00
2025-12-19 13:55:00-05:00,74.755,74.9,74.54,74.58,132032.00
2025-12-19 14:00:00-05:00,74.62,75.499,74.62,75.4899,126432.00
2025-12-19 14:05:00-05:00,75.48,75.6499,75.19,75.44,214239.00
2025-12-19 14:10:00-05:00,75.44,75.5,75.064,75.4184,87974.00
2025-12-19 14:15:00-05:00,75.4571,75.62,75.4012,75.55,64094.00
2025-12-19 14:20:00-05:00,75.54,75.97,75.54,75.88,105257.00
2025-12-19 14:25:00-05:00,75.88,76.1981,75.47,75.6304,136553.00
2025-12-19 14:30:00-05:00,75.67,75.68,75.23,75.3501,55752.00
2025-12-19 14:35:00-05:00,75.45,75.73,74.88,75,135633.00
2025-12-19 14:40:00-05:00,75.03,75.13,74.8,74.995,138744.00
2025-12-19 14:45:00-05:00,74.93,75.2888,74.7801,75.2888,108740.00
2025-12-19 14:50:00-05:00,75.215,75.57,75.12,75.45,96953.00
2025-12-19 14:55:00-05:00,75.4432,75.55,75.15,75.2007,65950.00
2025-12-19 15:00:00-05:00,75.26,75.33,74.97,75.055,69900.00
2025-12-19 15:05:00-05:00,75.04,75.09,74.68,74.715,292096.00
2025-12-19 15:10:00-05:00,74.65,75,74.26,74.87,100380.00
2025-12-19 15:15:00-05:00,74.955,75.525,74.93,75.4958,90184.00
2025-12-19 15:20:00-05:00,75.5,75.525,75,75.446,65521.00
2025-12-19 15:25:00-05:00,75.4,75.45,74.93,75.13,111167.00
2025-12-19 15:30:00-05:00,75.13,75.19,74.95,75.045,118969.00
2025-12-19 15:35:00-05:00,75.06,75.09,74.68,74.9575,110022.00
2025-12-19 15:40:00-05:00,74.975,75.25,74.8,75.01,112392.00
2025-12-19 15:45:00-05:00,75,75.55,74.96,75.515,168826.00
2025-12-19 15:50:00-05:00,75.58,76.41,75.58,76.2099,372043.00
2025-12-19 15:55:00-05:00,76.035,76.4422,75.8,75.87,590067.00
2025-12-22 09:30:00-05:00,79.66,79.99,77.92,78.4,858260.00
2025-12-22 09:35:00-05:00,78.4695,79.4899,78.1398,78.8653,464283.00
2025-12-22 09:40:00-05:00,78.87,80.09,78.39,80,389880.00
2025-12-22 09:45:00-05:00,80.07,80.6,78.55,79.01,596255.00
2025-12-22 09:50:00-05:00,79.05,80.24,78.66,80.03,290626.00
2025-12-22 09:55:00-05:00,80.03,81.44,79.92,81.16,394787.00
2025-12-22 10:00:00-05:00,81.13,81.88,80.9857,81.81,284811.00
2025-12-22 10:05:00-05:00,81.77,82.5,81.38,81.595,434910.00
2025-12-22 10:10:00-05:00,81.65,81.95,80.5,80.98,312439.00
2025-12-22 10:15:00-05:00,81,81.89,80.9127,81.135,149643.00
2025-12-22 10:20:00-05:00,81.135,82.07,80.97,81.4065,302234.00
2025-12-22 10:25:00-05:00,81.5286,81.607,81.04,81.3799,108776.00
2025-12-22 10:30:00-05:00,81.31,81.54,80.67,81.085,136921.00
2025-12-22 10:35:00-05:00,81.1488,81.59,80.44,81.39,172457.00
2025-12-22 10:40:00-05:00,81.35,82.38,81.112,82.18,271845.00
2025-12-22 10:45:00-05:00,82.13,82.5863,81.7401,82.1078,205361.00
2025-12-22 10:50:00-05:00,82.1711,83.24,81.95,82.891,329106.00
2025-12-22 10:55:00-05:00,82.93,83.7,82.53,83.615,237490.00
2025-12-22 11:00:00-05:00,83.6,84,83.3401,83.7,353165.00
2025-12-22 11:05:00-05:00,83.705,84.38,83.57,84.2,223197.00
2025-12-22 11:10:00-05:00,84.2,85.38,84.2,84.96,472920.00
2025-12-22 11:15:00-05:00,84.9618,85.78,84.94,85.35,388695.00
2025-12-22 11:20:00-05:00,85.29,85.39,84.46,85.04,326814.00
2025-12-22 11:25:00-05:00,85.035,85.45,84.95,85,251074.00
2025-12-22 11:30:00-05:00,84.9795,85.03,83.87,84.1,269278.00
2025-12-22 11:35:00-05:00,84.13,84.35,83.76,84.0125,173192.00
2025-12-22 11:40:00-05:00,84,84.98,84,84.535,201001.00
2025-12-22 11:45:00-05:00,84.52,85.5,84.22,85.35,232559.00
2025-12-22 11:50:00-05:00,85.39,86.439,85.28,86.1932,283244.00
2025-12-22 11:55:00-05:00,86.226,86.3588,85.74,86.1294,200856.00
2025-12-22 12:00:00-05:00,86.05,86.2799,85.63,86.1438,143135.00
2025-12-22 12:05:00-05:00,86.135,86.25,85.784,86,147961.00
2025-12-22 12:10:00-05:00,86,86.43,85.8771,85.96,145880.00
2025-12-22 12:15:00-05:00,86,86.1,85.6724,85.95,98841.00
2025-12-22 12:20:00-05:00,85.9,86.75,85.8201,86.4,191068.00
2025-12-22 12:25:00-05:00,86.35,86.68,86.2401,86.485,102238.00
2025-12-22 12:30:00-05:00,86.5,86.589,86.05,86.12,119665.00
2025-12-22 12:35:00-05:00,86.121,86.87,86.09,86.67,125510.00
2025-12-22 12:40:00-05:00,86.7028,86.9,86.43,86.748,88593.00
2025-12-22 12:45:00-05:00,86.75,86.858,86.3184,86.85,113612.00
2025-12-22 12:50:00-05:00,86.76,87.03,86.3,86.8569,236245.00
2025-12-22 12:55:00-05:00,86.86,86.95,86.52,86.8,130969.00
2025-12-22 13:00:00-05:00,86.8173,86.86,86.3,86.3349,84953.00
2025-12-22 13:05:00-05:00,86.325,86.3512,85.73,86.23,159415.00
2025-12-22 13:10:00-05:00,86.25,86.7,86.07,86.5701,82812.00
2025-12-22 13:15:00-05:00,86.625,86.63,85.7201,85.7201,106997.00
2025-12-22 13:20:00-05:00,85.795,86.177,85.74,85.975,90165.00
2025-12-22 13:25:00-05:00,86.04,86.6,85.84,86.165,88056.00
2025-12-22 13:30:00-05:00,86.21,86.37,85.88,85.88,110955.00
2025-12-22 13:35:00-05:00,85.85,86.04,85.67,85.925,117454.00
2025-12-22 13:40:00-05:00,85.8664,86.22,85.81,85.865,97884.00
2025-12-22 13:45:00-05:00,85.92,86.2,85.8941,86.135,81488.00
2025-12-22 13:50:00-05:00,86.1427,86.365,85.9501,86.025,126938.00
2025-12-22 13:55:00-05:00,86.06,86.62,86.06,86.495,113143.00
2025-12-22 14:00:00-05:00,86.43,86.44,85.78,85.9,94599.00
2025-12-22 14:05:00-05:00,85.81,85.835,85.15,85.48,159838.00
2025-12-22 14:10:00-05:00,85.49,85.51,84.8,85.23,175509.00
2025-12-22 14:15:00-05:00,85.24,85.26,84.65,85.06,120943.00
2025-12-22 14:20:00-05:00,85.0669,85.8797,85.04,85.69,172470.00
2025-12-22 14:25:00-05:00,85.74,86.15,85.62,85.81,141444.00
2025-12-22 14:30:00-05:00,85.83,86.12,85.74,86.06,55201.00
2025-12-22 14:35:00-05:00,86.1,86.7899,86.0601,86.73,198335.00
2025-12-22 14:40:00-05:00,86.68,86.95,86.23,86.34,154012.00
2025-12-22 14:45:00-05:00,86.33,86.47,85.86,86.05,97485.00
2025-12-22 14:50:00-05:00,86.09,86.2399,85.245,85.245,134801.00
2025-12-22 14:55:00-05:00,85.2,85.2999,84.75,84.86,152690.00
2025-12-22 15:00:00-05:00,84.845,85.08,84.6,84.65,122450.00
2025-12-22 15:05:00-05:00,84.645,84.92,84.45,84.8258,107706.00
2025-12-22 15:10:00-05:00,84.71,84.9499,84.51,84.835,83901.00
2025-12-22 15:15:00-05:00,84.835,85.5,84.8056,85.31,187697.00
2025-12-22 15:20:00-05:00,85.37,85.99,85.3,85.87,146161.00
2025-12-22 15:25:00-05:00,85.81,86.14,85.62,85.9399,136020.00
2025-12-22 15:30:00-05:00,85.895,86.448,85.86,86.37,132093.00
2025-12-22 15:35:00-05:00,86.4,86.715,86.0165,86.03,237651.00
2025-12-22 15:40:00-05:00,86.03,86.1,85.6312,85.6312,190129.00
2025-12-22 15:45:00-05:00,85.68,86.22,85.64,86.04,151680.00
2025-12-22 15:50:00-05:00,86.08,86.28,85.161,86.11,400384.00
2025-12-22 15:55:00-05:00,86.1,86.7,86.0351,86.43,588628.00
2025-12-23 09:30:00-05:00,82.23,85.626,81.98,85.26,905572.00
2025-12-23 09:35:00-05:00,85.1,87.25,84.7,86.56,569463.00
2025-12-23 09:40:00-05:00,86.56,87.3,85.9,86.51,446944.00
2025-12-23 09:45:00-05:00,86.6,87.75,85.97,86,523983.00
2025-12-23 09:50:00-05:00,85.94,86.76,85.21,86.38,383683.00
2025-12-23 09:55:00-05:00,86.38,86.67,85.26,85.43,243016.00
2025-12-23 10:00:00-05:00,85.435,86.1833,84.1,84.3,496178.00
2025-12-23 10:05:00-05:00,84.3,84.94,83.62,84.64,333875.00
2025-12-23 10:10:00-05:00,84.63,84.93,83.91,84.7436,242567.00
2025-12-23 10:15:00-05:00,84.715,86.6999,84.6001,86.335,460947.00
2025-12-23 10:20:00-05:00,86.3288,86.98,86.23,86.39,226768.00
2025-12-23 10:25:00-05:00,86.466,86.75,86.02,86.24,191842.00
2025-12-23 10:30:00-05:00,86.24,86.96,86.0344,86.92,243984.00
2025-12-23 10:35:00-05:00,86.8,86.97,85.8995,86.11,200856.00
2025-12-23 10:40:00-05:00,86.13,86.48,85.8,85.885,124019.00
2025-12-23 10:45:00-05:00,85.81,86.09,85.4288,85.4288,137326.00
2025-12-23 10:50:00-05:00,85.407,85.65,84.84,85.08,203324.00
2025-12-23 10:55:00-05:00,85.07,85.55,84.8,85.4784,161968.00
2025-12-23 11:00:00-05:00,85.455,85.75,85.15,85.5612,150217.00
2025-12-23 11:05:00-05:00,85.57,85.74,84.7,84.96,187899.00
2025-12-23 11:10:00-05:00,84.87,85.285,84.41,85.06,173079.00
2025-12-23 11:15:00-05:00,85.065,85.2899,84.78,85.15,109350.00
2025-12-23 11:20:00-05:00,85.15,85.33,84.64,84.7399,115585.00
2025-12-23 11:25:00-05:00,84.61,84.6275,84.1401,84.33,119342.00
2025-12-23 11:30:00-05:00,84.24,84.9731,84.24,84.6288,66312.00
2025-12-23 11:35:00-05:00,84.59,84.84,84.17,84.171,88128.00
2025-12-23 11:40:00-05:00,84.2175,84.6799,84.15,84.6,69118.00
2025-12-23 11:45:00-05:00,84.595,84.92,84.46,84.55,89303.00
2025-12-23 11:50:00-05:00,84.55,84.76,84.4,84.76,590614.00
2025-12-23 11:55:00-05:00,84.743,85.27,84.53,84.675,212497.00
2025-12-23 12:00:00-05:00,84.66,84.7,84.25,84.5,97437.00
2025-12-23 12:05:00-05:00,84.51,84.97,84.49,84.59,64195.00
2025-12-23 12:10:00-05:00,84.6304,84.8,84.42,84.745,57826.00
2025-12-23 12:15:00-05:00,84.745,84.76,84.24,84.66,87604.00
2025-12-23 12:20:00-05:00,84.6176,84.95,84.54,84.7,67822.00
2025-12-23 12:25:00-05:00,84.73,84.88,84.4706,84.605,57022.00
2025-12-23 12:30:00-05:00,84.6,85.23,84.596,85.0702,50257.00
2025-12-23 12:35:00-05:00,85.1299,85.54,84.99,85.4845,69610.00
2025-12-23 12:40:00-05:00,85.53,85.63,84.6793,84.77,122115.00
2025-12-23 12:45:00-05:00,84.77,84.83,84.01,84.17,133304.00
2025-12-23 12:50:00-05:00,84.19,84.3,83.6706,83.99,124469.00
2025-12-23 12:55:00-05:00,83.945,84.0399,83.28,83.54,129032.00
2025-12-23 13:00:00-05:00,83.595,84.145,83.5,84.105,107710.00
2025-12-23 13:05:00-05:00,84.07,84.45,83.8892,84.32,94042.00
2025-12-23 13:10:00-05:00,84.32,84.85,84.14,84.83,65943.00
2025-12-23 13:15:00-05:00,84.795,85.11,84.6,84.715,99314.00
2025-12-23 13:20:00-05:00,84.7,84.79,84.49,84.7,56406.00
2025-12-23 13:25:00-05:00,84.695,85.0395,84.46,84.83,64451.00
2025-12-23 13:30:00-05:00,84.87,84.99,84.66,84.82,45714.00
2025-12-23 13:35:00-05:00,84.8537,85.56,84.8258,85.3907,125004.00
2025-12-23 13:40:00-05:00,85.38,85.44,85.0001,85.17,43901.00
2025-12-23 13:45:00-05:00,85.115,85.24,84.76,85.18,58760.00
2025-12-23 13:50:00-05:00,85.1387,85.19,84.5701,84.64,82497.00
2025-12-23 13:55:00-05:00,84.64,84.93,84.5935,84.745,48321.00
2025-12-23 14:00:00-05:00,84.7645,85.22,84.68,85.18,57405.00
2025-12-23 14:05:00-05:00,85.175,85.22,84.8748,85.155,60167.00
2025-12-23 14:10:00-05:00,85.155,85.4293,85.1387,85.405,50078.00
2025-12-23 14:15:00-05:00,85.43,85.53,85.23,85.23,83870.00
2025-12-23 14:20:00-05:00,85.2468,85.515,85.21,85.48,47648.00
2025-12-23 14:25:00-05:00,85.4807,85.7229,85.37,85.565,82580.00
2025-12-23 14:30:00-05:00,85.565,85.9343,85.51,85.9343,82065.00
2025-12-23 14:35:00-05:00,85.9499,86.33,85.77,85.77,147904.00
2025-12-23 14:40:00-05:00,85.7536,85.8,85.1942,85.5,87135.00
2025-12-23 14:45:00-05:00,85.49,85.6,85.21,85.39,83278.00
2025-12-23 14:50:00-05:00,85.375,85.79,85.3496,85.55,103661.00
2025-12-23 14:55:00-05:00,85.54,85.78,85.42,85.66,70232.00
2025-12-23 15:00:00-05:00,85.65,85.71,85.435,85.435,88155.00
2025-12-23 15:05:00-05:00,85.44,85.5199,85.2601,85.455,71000.00
2025-12-23 15:10:00-05:00,85.44,85.989,85.4,85.75,143041.00
2025-12-23 15:15:00-05:00,85.73,85.9199,85.58,85.785,111563.00
2025-12-23 15:20:00-05:00,85.76,86.28,85.74,86.14,148063.00
2025-12-23 15:25:00-05:00,86.12,86.12,85.66,85.67,83282.00
2025-12-23 15:30:00-05:00,85.66,85.86,85.44,85.52,139189.00
2025-12-23 15:35:00-05:00,85.51,85.59,85.3575,85.43,98389.00
2025-12-23 15:40:00-05:00,85.42,85.72,85.42,85.4701,131455.00
2025-12-23 15:45:00-05:00,85.5,85.85,85.495,85.73,146452.00
2025-12-23 15:50:00-05:00,85.74,85.74,84.76,85.34,302359.00
2025-12-23 15:55:00-05:00,85.37,85.97,85.33,85.66,538750.00
2025-12-24 09:30:00-05:00,89.95,92.95,88.3,89,2057860.00
2025-12-24 09:35:00-05:00,89.135,89.4,85.33,86.0129,1451319.00
2025-12-24 09:40:00-05:00,85.955,86,82.75,83.61,1453943.00
2025-12-24 09:45:00-05:00,83.695,84.0429,82.35,83.77,683894.00
2025-12-24 09:50:00-05:00,83.71,84.75,82.21,82.6094,1099124.00
2025-12-24 09:55:00-05:00,82.62,82.89,80.94,81.1304,920682.00
2025-12-24 10:00:00-05:00,81.18,82.25,80.952,81.9116,703948.00
2025-12-24 10:05:00-05:00,81.9748,81.9748,80.25,80.25,984004.00
2025-12-24 10:10:00-05:00,80.2363,80.69,79.5,80.6,945572.00
2025-12-24 10:15:00-05:00,80.6,81.24,78.6,78.82,1032686.00
2025-12-24 10:20:00-05:00,78.82,79.51,78.48,79.4784,824737.00
2025-12-24 10:25:00-05:00,79.48,82.2799,79.43,82.1901,1083141.00
2025-12-24 10:30:00-05:00,82.213,83.56,82.03,83.51,958528.00
2025-12-24 10:35:00-05:00,83.53,83.77,82.1506,82.4197,695677.00
2025-12-24 10:40:00-05:00,82.35,82.68,80.61,80.935,588635.00
2025-12-24 10:45:00-05:00,81,81.48,80.1,80.22,411876.00
2025-12-24 10:50:00-05:00,80.19,80.83,80.04,80.35,365428.00
2025-12-24 10:55:00-05:00,80.3,80.65,79.88,80.47,377093.00
2025-12-24 11:00:00-05:00,80.44,81.2,80.2401,81,298547.00
2025-12-24 11:05:00-05:00,80.99,81.19,80.35,80.58,326134.00
2025-12-24 11:10:00-05:00,80.5,80.54,79.63,79.65,334226.00
2025-12-24 11:15:00-05:00,79.65,80.4291,79.65,80.0912,256420.00
2025-12-24 11:20:00-05:00,80.11,80.6,80.0569,80.4369,164437.00
2025-12-24 11:25:00-05:00,80.445,80.48,80.162,80.3134,112308.00
2025-12-24 11:30:00-05:00,80.3,80.35,79.99,80.13,160215.00
2025-12-24 11:35:00-05:00,80.0612,80.47,79.76,80.265,235009.00
2025-12-24 11:40:00-05:00,80.31,80.7,79.56,79.73,275429.00
2025-12-24 11:45:00-05:00,79.7062,79.92,79.19,79.3823,268823.00
2025-12-24 11:50:00-05:00,79.34,79.779,79.25,79.57,250766.00
2025-12-24 11:55:00-05:00,79.585,80.2,79.565,79.98,235939.00
2025-12-24 12:00:00-05:00,80.02,80.1567,79.61,80.1,288717.00
2025-12-24 12:05:00-05:00,80.1,80.58,80.074,80.55,196216.00
2025-12-24 12:10:00-05:00,80.5476,80.81,79.99,80.015,276916.00
2025-12-24 12:15:00-05:00,80.005,80.2105,79.94,80.025,112826.00
2025-12-24 12:20:00-05:00,80,80.445,79.96,80.2844,129401.00
2025-12-24 12:25:00-05:00,80.33,80.49,79.72,79.8674,213704.00
2025-12-24 12:30:00-05:00,79.89,80.73,79.89,80.62,201579.00
2025-12-24 12:35:00-05:00,80.625,80.99,80.1258,80.24,278936.00
2025-12-24 12:40:00-05:00,80.2453,80.5002,79.96,80,277283.00
2025-12-24 12:45:00-05:00,80.01,80.1295,78.79,79.08,572361.00
2025-12-24 12:50:00-05:00,79.13,79.66,77.71,78.085,803045.00
2025-12-24 12:55:00-05:00,78.06,78.39,77.65,78.085,967799.00
2025-12-24 13:00:00-05:00,78.05,78.29,78.05,78.29,778115.00
2025-12-26 09:30:00-05:00,77,77.2199,74.695,75.19,901884.00
2025-12-26 09:35:00-05:00,75.29,77.4,75.15,75.5,520136.00
2025-12-26 09:40:00-05:00,75.5,75.74,74.4701,75.498,458772.00
2025-12-26 09:45:00-05:00,75.465,75.78,74.67,75.29,372415.00
2025-12-26 09:50:00-05:00,75.344,75.4699,74.63,74.8,324739.00
2025-12-26 09:55:00-05:00,74.755,74.985,73.75,74.23,430917.00
2025-12-26 10:00:00-05:00,74.2,74.3,73.3,73.54,429628.00
2025-12-26 10:05:00-05:00,73.57,73.8,72.86,73.14,364845.00
2025-12-26 10:10:00-05:00,73.09,73.5595,72.68,73.2699,369476.00
2025-12-26 10:15:00-05:00,73.239,73.7734,73.0497,73.5055,317859.00
2025-12-26 10:20:00-05:00,73.5,73.835,72.99,73.29,352397.00
2025-12-26 10:25:00-05:00,73.285,73.791,73.1666,73.4469,243831.00
2025-12-26 10:30:00-05:00,73.435,73.57,72.41,72.615,451177.00
2025-12-26 10:35:00-05:00,72.64,73.0998,72.58,72.795,528966.00
2025-12-26 10:40:00-05:00,72.795,72.99,72.58,72.75,220892.00
2025-12-26 10:45:00-05:00,72.75,72.8813,72.6,72.695,283560.00
2025-12-26 10:50:00-05:00,72.6505,72.75,72.27,72.37,236711.00
2025-12-26 10:55:00-05:00,72.345,73.2485,72.21,73.16,364583.00
2025-12-26 11:00:00-05:00,73.16,73.8,73.15,73.5328,369567.00
2025-12-26 11:05:00-05:00,73.5361,73.66,72.9417,73.615,220797.00
2025-12-26 11:10:00-05:00,73.65,74.1499,73.65,73.91,367051.00
2025-12-26 11:15:00-05:00,73.91,74.1,73.76,73.91,220935.00
2025-12-26 11:20:00-05:00,73.9392,74.02,73.815,73.905,203826.00
2025-12-26 11:25:00-05:00,73.9,73.98,73.87,73.94,149206.00
2025-12-26 11:30:00-05:00,73.95,74.14,73.9493,74,209772.00
2025-12-26 11:35:00-05:00,74,74.44,73.975,74.04,279144.00
2025-12-26 11:40:00-05:00,74.02,74.2,73.9,73.99,167832.00
2025-12-26 11:45:00-05:00,74,74.03,73.82,73.9,152791.00
2025-12-26 11:50:00-05:00,73.9,73.985,73.88,73.945,116334.00
2025-12-26 11:55:00-05:00,73.9488,74.03,73.33,73.42,271543.00
2025-12-26 12:00:00-05:00,73.41,73.9659,73.37,73.85,166514.00
2025-12-26 12:05:00-05:00,73.88,73.945,73.13,73.41,194479.00
2025-12-26 12:10:00-05:00,73.3158,73.36,72.68,72.7017,151527.00
2025-12-26 12:15:00-05:00,72.7,72.92,72.36,72.41,136087.00
2025-12-26 12:20:00-05:00,72.41,72.4399,71.83,72.05,359950.00
2025-12-26 12:25:00-05:00,72.06,73.34,72.05,73.285,244609.00
2025-12-26 12:30:00-05:00,73.295,73.58,73.22,73.2476,144151.00
2025-12-26 12:35:00-05:00,73.22,73.23,72.598,72.676,154877.00
2025-12-26 12:40:00-05:00,72.67,72.7599,72.43,72.6685,84132.00
2025-12-26 12:45:00-05:00,72.69,72.76,72.29,72.3,116764.00
2025-12-26 12:50:00-05:00,72.3123,72.43,72.22,72.34,87260.00
2025-12-26 12:55:00-05:00,72.36,72.68,72.31,72.535,82381.00
2025-12-26 13:00:00-05:00,72.55,72.61,72.3701,72.44,96729.00
2025-12-26 13:05:00-05:00,72.42,72.45,72.02,72.1,119033.00
2025-12-26 13:10:00-05:00,72.1,72.32,71.87,72.005,211201.00
2025-12-26 13:15:00-05:00,72,72.77,71.95,72.67,208042.00
2025-12-26 13:20:00-05:00,72.6614,72.86,72.0719,72.14,270378.00
2025-12-26 13:25:00-05:00,72.1445,72.25,72.025,72.1,137824.00
2025-12-26 13:30:00-05:00,72.1,72.25,71.91,72.0346,157041.00
2025-12-26 13:35:00-05:00,72.08,72.13,71.91,72.0473,98312.00
2025-12-26 13:40:00-05:00,72.05,72.44,72,72.4136,166979.00
2025-12-26 13:45:00-05:00,72.395,72.54,72.31,72.34,162048.00
2025-12-26 13:50:00-05:00,72.37,72.45,72.1,72.19,110364.00
2025-12-26 13:55:00-05:00,72.18,72.6,72.18,72.435,78212.00
2025-12-26 14:00:00-05:00,72.44,72.5,72.26,72.29,50343.00
2025-12-26 14:05:00-05:00,72.25,72.4429,72.2257,72.4,85315.00
2025-12-26 14:10:00-05:00,72.41,72.54,72.28,72.345,68234.00
2025-12-26 14:15:00-05:00,72.31,72.35,72.06,72.0879,127563.00
2025-12-26 14:20:00-05:00,72.06,72.23,72.03,72.075,114922.00
2025-12-26 14:25:00-05:00,72.08,72.2,71.96,72.037,134561.00
2025-12-26 14:30:00-05:00,72.05,72.19,72.02,72.05,75854.00
2025-12-26 14:35:00-05:00,72.02,72.31,72.02,72.11,97763.00
2025-12-26 14:40:00-05:00,72.12,72.5485,72.095,72.43,117832.00
2025-12-26 14:45:00-05:00,72.4,72.755,72.055,72.06,135624.00
2025-12-26 14:50:00-05:00,72.0999,72.0999,71.48,71.63,399681.00
2025-12-26 14:55:00-05:00,71.645,71.68,71.31,71.38,131398.00
2025-12-26 15:00:00-05:00,71.3821,71.63,71.2,71.465,167462.00
2025-12-26 15:05:00-05:00,71.4602,71.59,71.03,71.36,296185.00
2025-12-26 15:10:00-05:00,71.375,71.88,71.3127,71.775,167053.00
2025-12-26 15:15:00-05:00,71.76,71.765,71.53,71.6485,115439.00
2025-12-26 15:20:00-05:00,71.65,71.9,71.53,71.805,133572.00
2025-12-26 15:25:00-05:00,71.8,71.93,71.65,71.7,150667.00
2025-12-26 15:30:00-05:00,71.72,71.87,71.48,71.74,181669.00
2025-12-26 15:35:00-05:00,71.76,71.81,71.65,71.7358,115060.00
2025-12-26 15:40:00-05:00,71.73,71.98,71.7275,71.7534,238078.00
2025-12-26 15:45:00-05:00,71.75,72.1,71.71,71.93,167687.00
2025-12-26 15:50:00-05:00,71.95,72.25,71.78,71.978,364897.00
2025-12-26 15:55:00-05:00,72,72.07,71.7,71.97,575921.00
2025-12-29 09:30:00-05:00,70.64,71.8,69.69,71.5477,664556.00
2025-12-29 09:35:00-05:00,71.595,73.426,71.4036,72.995,684797.00
2025-12-29 09:40:00-05:00,73.0164,74.68,72.57,74.5345,782577.00
2025-12-29 09:45:00-05:00,74.505,74.71,73.33,74.02,376696.00
2025-12-29 09:50:00-05:00,74.06,74.89,73.71,74.22,426570.00
2025-12-29 09:55:00-05:00,74.04,74.43,73.17,73.42,234946.00
2025-12-29 10:00:00-05:00,73.48,73.5075,72.5,72.5659,299483.00
2025-12-29 10:05:00-05:00,72.5894,73.66,72.4747,73.385,383293.00
2025-12-29 10:10:00-05:00,73.3948,73.99,73.1,73.99,205741.00
2025-12-29 10:15:00-05:00,73.9618,74.05,72.8402,72.98,231235.00
2025-12-29 10:20:00-05:00,73.01,73.9326,73,73.895,147917.00
2025-12-29 10:25:00-05:00,73.9371,74.38,73.85,73.9818,281604.00
2025-12-29 10:30:00-05:00,73.98,74.48,73.88,74.2,232143.00
2025-12-29 10:35:00-05:00,74.21,74.36,73.53,73.7,126306.00
2025-12-29 10:40:00-05:00,73.71,74.2,73.5375,73.8936,116675.00
2025-12-29 10:45:00-05:00,73.86,73.87,73.2601,73.315,143542.00
2025-12-29 10:50:00-05:00,73.3034,73.88,73.3034,73.36,148819.00
2025-12-29 10:55:00-05:00,73.4699,73.63,73.23,73.3194,94527.00
2025-12-29 11:00:00-05:00,73.2864,73.5399,72.99,73.43,122124.00
2025-12-29 11:05:00-05:00,73.4686,73.82,73.42,73.65,117392.00
2025-12-29 11:10:00-05:00,73.72,73.97,73.06,73.1721,134435.00
2025-12-29 11:15:00-05:00,73.27,73.45,73.13,73.315,70579.00
2025-12-29 11:20:00-05:00,73.35,73.35,72.72,72.88,86385.00
2025-12-29 11:25:00-05:00,72.91,73.0599,72.68,72.9853,82555.00
2025-12-29 11:30:00-05:00,73,73.98,72.968,73.57,158700.00
2025-12-29 11:35:00-05:00,73.57,73.77,73.28,73.3,71627.00
2025-12-29 11:40:00-05:00,73.3326,73.8,73.08,73.61,100659.00
2025-12-29 11:45:00-05:00,73.585,73.8799,73.5,73.65,87586.00
2025-12-29 11:50:00-05:00,73.67,73.85,73.4,73.56,58335.00
2025-12-29 11:55:00-05:00,73.58,73.6889,73.4,73.68,56559.00
2025-12-29 12:00:00-05:00,73.61,73.92,73.49,73.76,68343.00
2025-12-29 12:05:00-05:00,73.73,73.75,73.13,73.1789,77361.00
2025-12-29 12:10:00-05:00,73.18,73.32,73.03,73.15,54283.00
2025-12-29 12:15:00-05:00,73.09,73.42,73.01,73.24,48564.00
2025-12-29 12:20:00-05:00,73.19,73.31,73.09,73.26,50840.00
2025-12-29 12:25:00-05:00,73.265,73.52,72.8,73.2865,194390.00
2025-12-29 12:30:00-05:00,73.27,73.47,73.09,73.2113,100883.00
2025-12-29 12:35:00-05:00,73.27,73.42,73.11,73.3208,77764.00
2025-12-29 12:40:00-05:00,73.29,73.4,73.13,73.3,49963.00
2025-12-29 12:45:00-05:00,73.3,73.74,73.21,73.7202,83853.00
2025-12-29 12:50:00-05:00,73.685,73.9,73.67,73.7201,68780.00
2025-12-29 12:55:00-05:00,73.72,73.91,73.59,73.6711,73597.00
2025-12-29 13:00:00-05:00,73.6201,73.7245,73.16,73.445,68943.00
2025-12-29 13:05:00-05:00,73.45,73.53,73.28,73.3029,60977.00
2025-12-29 13:10:00-05:00,73.34,73.37,72.9001,73.02,92650.00
2025-12-29 13:15:00-05:00,72.99,73.22,72.84,73.065,48090.00
2025-12-29 13:20:00-05:00,73.08,73.41,73.03,73.335,48502.00
2025-12-29 13:25:00-05:00,73.32,73.34,73.15,73.2,27655.00
2025-12-29 13:30:00-05:00,73.29,73.37,72.95,73.32,77883.00
2025-12-29 13:35:00-05:00,73.26,73.42,73,73.04,46794.00
2025-12-29 13:40:00-05:00,73.0421,73.05,72.5406,72.8909,118853.00
2025-12-29 13:45:00-05:00,72.885,72.9,72.51,72.5302,70575.00
2025-12-29 13:50:00-05:00,72.54,72.69,72.18,72.54,745650.00
2025-12-29 13:55:00-05:00,72.61,72.66,72.32,72.46,104487.00
2025-12-29 14:00:00-05:00,72.51,72.77,72.3748,72.75,75389.00
2025-12-29 14:05:00-05:00,72.8238,72.96,72.68,72.79,82980.00
2025-12-29 14:10:00-05:00,72.79,72.84,72.615,72.77,32185.00
2025-12-29 14:15:00-05:00,72.7902,72.85,72.56,72.85,40141.00
2025-12-29 14:20:00-05:00,72.85,73.125,72.64,72.745,132922.00
2025-12-29 14:25:00-05:00,72.77,72.95,72.7,72.8301,38477.00
2025-12-29 14:30:00-05:00,72.91,73.5,72.83,73.39,111969.00
2025-12-29 14:35:00-05:00,73.355,73.44,73.08,73.24,62126.00
2025-12-29 14:40:00-05:00,73.205,73.4,73.1701,73.34,56338.00
2025-12-29 14:45:00-05:00,73.33,73.36,73.15,73.255,34338.00
2025-12-29 14:50:00-05:00,73.242,73.39,73.07,73.26,85955.00
2025-12-29 14:55:00-05:00,73.235,73.37,73.07,73.12,52427.00
2025-12-29 15:00:00-05:00,73.11,73.11,72.9,73.005,53108.00
2025-12-29 15:05:00-05:00,73.013,73.09,72.82,73.01,55064.00
2025-12-29 15:10:00-05:00,73.0132,73.18,72.82,73.1333,102124.00
2025-12-29 15:15:00-05:00,73.15,73.57,73.15,73.39,83779.00
2025-12-29 15:20:00-05:00,73.42,73.42,73.12,73.1433,56375.00
2025-12-29 15:25:00-05:00,73.155,73.18,73,73.04,48623.00
2025-12-29 15:30:00-05:00,73.06,73.08,72.585,72.64,74495.00
2025-12-29 15:35:00-05:00,72.615,72.65,72.2548,72.3,119037.00
2025-12-29 15:40:00-05:00,72.2772,72.29,71.86,72.12,360917.00
2025-12-29 15:45:00-05:00,72.09,72.25,71.87,71.905,112299.00
2025-12-29 15:50:00-05:00,71.9,72.0285,71.44,71.485,283324.00
2025-12-29 15:55:00-05:00,71.495,71.63,71.34,71.42,443940.00
2025-12-30 09:30:00-05:00,72.36,74.35,72.04,73.754,537871.00
2025-12-30 09:35:00-05:00,73.7,75.8,73.695,75.13,749542.00
2025-12-30 09:40:00-05:00,75.13,75.25,74.42,74.9765,385695.00
2025-12-30 09:45:00-05:00,74.98,76.04,73.9391,76.04,524747.00
2025-12-30 09:50:00-05:00,76.02,77.95,75.92,77.7891,753714.00
2025-12-30 09:55:00-05:00,77.9,78.35,77.6352,77.795,665210.00
2025-12-30 10:00:00-05:00,77.75,77.8,75.4012,75.9428,589561.00
2025-12-30 10:05:00-05:00,75.95,76.61,75.0101,75.885,519916.00
2025-12-30 10:10:00-05:00,75.93,75.94,74.8,75.06,387398.00
2025-12-30 10:15:00-05:00,75.11,75.588,74.84,75.12,308689.00
2025-12-30 10:20:00-05:00,75.086,75.42,74.2101,74.29,290738.00
2025-12-30 10:25:00-05:00,74.33,74.52,73.88,74.14,234062.00
2025-12-30 10:30:00-05:00,74.19,74.2,72.9,72.96,449936.00
2025-12-30 10:35:00-05:00,73,73.64,72.92,73.6004,310372.00
2025-12-30 10:40:00-05:00,73.608,73.9594,73.51,73.7679,273195.00
2025-12-30 10:45:00-05:00,73.79,74.21,73.6,73.87,235287.00
2025-12-30 10:50:00-05:00,73.765,75.1,73.66,74.965,425400.00
2025-12-30 10:55:00-05:00,74.93,76.245,74.8601,76.045,383864.00
2025-12-30 11:00:00-05:00,76.045,76.63,75.89,76.17,386516.00
2025-12-30 11:05:00-05:00,76.2599,76.3365,75.24,75.325,308915.00
2025-12-30 11:10:00-05:00,75.3,75.68,75.18,75.3783,143349.00
2025-12-30 11:15:00-05:00,75.343,75.819,75.3,75.6613,138807.00
2025-12-30 11:20:00-05:00,75.63,75.8799,75.3111,75.7712,157299.00
2025-12-30 11:25:00-05:00,75.765,76.3,75.72,75.815,153920.00
2025-12-30 11:30:00-05:00,75.85,76.24,75.71,75.87,132173.00
2025-12-30 11:35:00-05:00,75.81,75.81,75.11,75.3,146164.00
2025-12-30 11:40:00-05:00,75.28,75.75,74.8005,75.6499,172812.00
2025-12-30 11:45:00-05:00,75.57,76.5617,75.57,76.4,188557.00
2025-12-30 11:50:00-05:00,76.41,76.74,76.105,76.12,169647.00
2025-12-30 11:55:00-05:00,76.13,76.19,75.42,75.5374,122209.00
2025-12-30 12:00:00-05:00,75.505,76.3899,75.48,76.335,123012.00
2025-12-30 12:05:00-05:00,76.36,76.7,76.01,76.46,171752.00
2025-12-30 12:10:00-05:00,76.4599,76.57,76.06,76.325,271200.00
2025-12-30 12:15:00-05:00,76.35,76.54,75.83,76.4024,408792.00
2025-12-30 12:20:00-05:00,76.42,76.479,76.14,76.15,61143.00
2025-12-30 12:25:00-05:00,76.155,76.4899,75.885,75.9718,91462.00
2025-12-30 12:30:00-05:00,76.06,76.7,75.982,76.675,134651.00
2025-12-30 12:35:00-05:00,76.6784,77.1104,76.58,76.825,161790.00
2025-12-30 12:40:00-05:00,76.8,76.84,75.76,75.8,136447.00
2025-12-30 12:45:00-05:00,75.815,76.2774,75.785,75.8951,139477.00
2025-12-30 12:50:00-05:00,75.8999,76.37,75.8,76.2377,105586.00
2025-12-30 12:55:00-05:00,76.24,76.35,76.01,76.01,66028.00
2025-12-30 13:00:00-05:00,76.01,76.01,75.611,75.94,136395.00
2025-12-30 13:05:00-05:00,76,76.32,75.975,76.24,137090.00
2025-12-30 13:10:00-05:00,76.21,76.61,76.1709,76.34,96800.00
2025-12-30 13:15:00-05:00,76.378,76.64,76.37,76.564,50204.00
2025-12-30 13:20:00-05:00,76.5725,76.65,76.2369,76.345,56745.00
2025-12-30 13:25:00-05:00,76.29,76.4376,76.15,76.27,45325.00
2025-12-30 13:30:00-05:00,76.19,76.32,75.93,76.035,56465.00
2025-12-30 13:35:00-05:00,76.07,76.2,75.6,75.625,99529.00
2025-12-30 13:40:00-05:00,75.625,76,75.5829,75.905,78417.00
2025-12-30 13:45:00-05:00,75.9,76.08,75.745,75.7851,63178.00
2025-12-30 13:50:00-05:00,75.76,75.91,75.68,75.68,60198.00
2025-12-30 13:55:00-05:00,75.7,75.75,75.35,75.42,80170.00
2025-12-30 14:00:00-05:00,75.42,75.6726,75.35,75.625,61512.00
2025-12-30 14:05:00-05:00,75.61,75.65,75.41,75.515,53155.00
2025-12-30 14:10:00-05:00,75.54,75.7999,75.4155,75.6388,66021.00
2025-12-30 14:15:00-05:00,75.58,75.58,75.3001,75.57,65270.00
2025-12-30 14:20:00-05:00,75.6,76.09,75.49,76.07,103887.00
2025-12-30 14:25:00-05:00,75.9666,76.06,75.65,75.72,63775.00
2025-12-30 14:30:00-05:00,75.71,76.1386,75.71,75.8651,93468.00
2025-12-30 14:35:00-05:00,75.8345,76.24,75.69,76.24,101784.00
2025-12-30 14:40:00-05:00,76.21,76.61,76.18,76.4425,105609.00
2025-12-30 14:45:00-05:00,76.45,76.55,75.89,75.8901,104801.00
2025-12-30 14:50:00-05:00,75.9104,76.1299,75.81,76.1299,95509.00
2025-12-30 14:55:00-05:00,76.0043,76.24,75.95,76.005,70771.00
2025-12-30 15:00:00-05:00,76.005,76.0299,75.72,76,91751.00
2025-12-30 15:05:00-05:00,75.95,75.97,75.53,75.62,93549.00
2025-12-30 15:10:00-05:00,75.634,75.74,75.15,75.2,124494.00
2025-12-30 15:15:00-05:00,75.2,75.55,75.1029,75.47,69562.00
2025-12-30 15:20:00-05:00,75.45,75.756,75.34,75.3583,87707.00
2025-12-30 15:25:00-05:00,75.41,75.5003,75.14,75.35,80832.00
2025-12-30 15:30:00-05:00,75.36,75.6,75.29,75.385,86044.00
2025-12-30 15:35:00-05:00,75.42,75.51,74.94,75.22,144872.00
2025-12-30 15:40:00-05:00,75.215,75.5,75.18,75.21,105643.00
2025-12-30 15:45:00-05:00,75.235,75.5,75.19,75.38,123803.00
2025-12-30 15:50:00-05:00,75.38,75.38,74.39,75.06,325347.00
2025-12-30 15:55:00-05:00,75.02,75.16,74.57,74.58,419950.00
2025-12-31 09:30:00-05:00,75.005,75.23,73.8401,74.875,461694.00
2025-12-31 09:35:00-05:00,74.8,75.5,73.93,73.95,345078.00
2025-12-31 09:40:00-05:00,74.02,74.12,73.12,73.9,297122.00
2025-12-31 09:45:00-05:00,74.03,74.13,72.9,73.175,424733.00
2025-12-31 09:50:00-05:00,73.14,73.7922,73.1,73.44,264703.00
2025-12-31 09:55:00-05:00,73.44,74.173,73.37,73.8,231990.00
2025-12-31 10:00:00-05:00,73.8,74.17,73.39,73.5827,160507.00
2025-12-31 10:05:00-05:00,73.4801,73.63,72.78,73.1774,219331.00
2025-12-31 10:10:00-05:00,73.1681,73.78,73.15,73.2901,295162.00
2025-12-31 10:15:00-05:00,73.35,73.48,73.04,73.1796,143115.00
2025-12-31 10:20:00-05:00,73.18,73.2595,72.4901,72.63,203538.00
2025-12-31 10:25:00-05:00,72.62,73.07,72.59,72.96,172306.00
2025-12-31 10:30:00-05:00,73.01,73.63,72.83,73.6167,214379.00
2025-12-31 10:35:00-05:00,73.62,73.77,73.2236,73.74,161579.00
2025-12-31 10:40:00-05:00,73.68,73.6983,73.28,73.35,69098.00
2025-12-31 10:45:00-05:00,73.38,73.98,73.2,73.7733,117064.00
2025-12-31 10:50:00-05:00,73.77,73.99,73.46,73.54,90934.00
2025-12-31 10:55:00-05:00,73.525,74.0865,73.39,74.055,85566.00
2025-12-31 11:00:00-05:00,74.0426,74.36,73.89,74.33,83837.00
2025-12-31 11:05:00-05:00,74.33,74.37,73.99,74.14,78135.00
2025-12-31 11:10:00-05:00,74.2,74.3,73.88,73.95,61144.00
2025-12-31 11:15:00-05:00,73.98,74.21,73.8946,74.175,57398.00
2025-12-31 11:20:00-05:00,74.21,74.62,74.19,74.49,126828.00
2025-12-31 11:25:00-05:00,74.5213,74.77,74.13,74.25,91222.00
2025-12-31 11:30:00-05:00,74.2445,74.43,73.77,73.84,92923.00
2025-12-31 11:35:00-05:00,73.84,73.89,73.56,73.855,80282.00
2025-12-31 11:40:00-05:00,73.84,73.8798,73.36,73.52,80273.00
2025-12-31 11:45:00-05:00,73.5797,73.5797,73.2,73.2869,78838.00
2025-12-31 11:50:00-05:00,73.26,73.92,73.26,73.915,124771.00
2025-12-31 11:55:00-05:00,73.88,74.04,73.71,73.735,75280.00
2025-12-31 12:00:00-05:00,73.69,73.83,73.3725,73.42,120788.00
2025-12-31 12:05:00-05:00,73.42,73.44,73,73.1314,96192.00
2025-12-31 12:10:00-05:00,73.16,73.57,73.1201,73.5699,70486.00
2025-12-31 12:15:00-05:00,73.55,73.8374,73.4538,73.5489,78198.00
2025-12-31 12:20:00-05:00,73.55,73.75,73.51,73.5992,75293.00
2025-12-31 12:25:00-05:00,73.59,73.66,73.5,73.5724,34728.00
2025-12-31 12:30:00-05:00,73.59,74.02,73.55,74.01,83109.00
2025-12-31 12:35:00-05:00,74.02,74.2,73.8301,73.8983,78852.00
2025-12-31 12:40:00-05:00,73.935,74.0168,73.83,73.946,47744.00
2025-12-31 12:45:00-05:00,73.9699,74.02,73.6611,73.7501,51593.00
2025-12-31 12:50:00-05:00,73.75,74.1,73.68,73.9487,42207.00
2025-12-31 12:55:00-05:00,74.01,74.1099,73.7,73.8399,54843.00
2025-12-31 13:00:00-05:00,73.8407,73.87,73.55,73.6,52488.00
2025-12-31 13:05:00-05:00,73.52,73.82,73.47,73.7105,70610.00
2025-12-31 13:10:00-05:00,73.7,74.1799,73.7,74,93359.00
2025-12-31 13:15:00-05:00,74.06,74.19,73.8801,73.965,76471.00
2025-12-31 13:20:00-05:00,73.91,74,73.69,73.78,43873.00
2025-12-31 13:25:00-05:00,73.78,74.1,73.78,73.995,42964.00
2025-12-31 13:30:00-05:00,74.04,74.1,73.91,74,55840.00
2025-12-31 13:35:00-05:00,73.98,74.18,73.9,74.0394,45029.00
2025-12-31 13:40:00-05:00,74.0474,74.1799,73.84,73.875,44599.00
2025-12-31 13:45:00-05:00,73.91,74.1,73.78,73.78,46784.00
2025-12-31 13:50:00-05:00,73.775,74,73.6501,73.968,41361.00
2025-12-31 13:55:00-05:00,73.975,74.1,73.84,73.84,40296.00
2025-12-31 14:00:00-05:00,73.83,74.01,73.75,73.9,45319.00
2025-12-31 14:05:00-05:00,73.94,73.94,73.47,73.6,84254.00
2025-12-31 14:10:00-05:00,73.585,73.87,73.56,73.63,72725.00
2025-12-31 14:15:00-05:00,73.63,73.63,73.185,73.24,67498.00
2025-12-31 14:20:00-05:00,73.2483,73.26,72.95,73.165,96159.00
2025-12-31 14:25:00-05:00,73.14,73.26,72.86,72.8601,97654.00
2025-12-31 14:30:00-05:00,72.93,72.9495,72.33,72.4,134703.00
2025-12-31 14:35:00-05:00,72.42,72.685,72.4,72.5881,102072.00
2025-12-31 14:40:00-05:00,72.63,72.74,72.41,72.61,101704.00
2025-12-31 14:45:00-05:00,72.595,72.6455,72.4386,72.45,54522.00
2025-12-31 14:50:00-05:00,72.45,72.5,72.12,72.23,115212.00
2025-12-31 14:55:00-05:00,72.17,72.4,72.08,72.36,114932.00
2025-12-31 15:00:00-05:00,72.34,72.4399,71.88,72.19,160353.00
2025-12-31 15:05:00-05:00,72.19,72.2399,71.68,71.68,112608.00
2025-12-31 15:10:00-05:00,71.7263,71.7876,71.61,71.7,84267.00
2025-12-31 15:15:00-05:00,71.73,72.14,71.72,72.01,76340.00
2025-12-31 15:20:00-05:00,72,72.22,71.8,71.84,99911.00
2025-12-31 15:25:00-05:00,71.8798,72.2399,71.76,72.01,219801.00
2025-12-31 15:30:00-05:00,71.985,72.38,71.93,72.042,85781.00
2025-12-31 15:35:00-05:00,72.06,72.765,71.75,72.53,366865.00
2025-12-31 15:40:00-05:00,72.5,72.559,72.1401,72.34,79954.00
2025-12-31 15:45:00-05:00,72.36,72.71,72.3501,72.5199,102001.00
2025-12-31 15:50:00-05:00,72.45,72.58,71.985,72.23,173178.00
2025-12-31 15:55:00-05:00,72.235,72.83,72.235,72.642,323435.00
2026-01-02 09:30:00-05:00,74.34,74.59,69.25,69.61,1252928.00
2026-01-02 09:35:00-05:00,69.715,70.99,69.3,70.63,613261.00
2026-01-02 09:40:00-05:00,70.52,72.4,70.1,71.735,516936.00
2026-01-02 09:45:00-05:00,71.81,72.56,71.7424,72.44,342405.00
2026-01-02 09:50:00-05:00,72.385,72.92,71.9601,72.774,243565.00
2026-01-02 09:55:00-05:00,72.87,73.65,72.69,72.86,303352.00
2026-01-02 10:00:00-05:00,72.88,73.6393,72.68,73.105,231232.00
2026-01-02 10:05:00-05:00,73.14,73.37,72.7615,72.87,165226.00
2026-01-02 10:10:00-05:00,72.86,73.09,71.01,71.25,295902.00
2026-01-02 10:15:00-05:00,71.15,71.49,70.5,70.715,285497.00
2026-01-02 10:20:00-05:00,70.72,70.955,70.34,70.6808,218790.00
2026-01-02 10:25:00-05:00,70.7,71.36,70.4,71.135,162044.00
2026-01-02 10:30:00-05:00,71.135,72.22,70.955,72.07,219918.00
2026-01-02 10:35:00-05:00,72.22,73.24,72.11,73.1251,256631.00
2026-01-02 10:40:00-05:00,73.085,73.841,73.025,73.4254,195113.00
2026-01-02 10:45:00-05:00,73.62,73.79,73.1801,73.37,183884.00
2026-01-02 10:50:00-05:00,73.37,73.749,72.8201,73.749,183035.00
2026-01-02 10:55:00-05:00,73.74,74.48,73.59,74.3311,247413.00
2026-01-02 11:00:00-05:00,74.315,74.59,73.83,74.24,275356.00
2026-01-02 11:05:00-05:00,74.2,74.39,73.54,73.73,123436.00
2026-01-02 11:10:00-05:00,73.735,74.4302,73.3946,74.325,150495.00
2026-01-02 11:15:00-05:00,74.31,75.055,74.2703,74.47,221989.00
2026-01-02 11:20:00-05:00,74.57,75.23,74.31,74.84,140255.00
2026-01-02 11:25:00-05:00,74.9945,75.94,74.84,75.71,203410.00
2026-01-02 11:30:00-05:00,75.71,76.4,75.4357,76.37,207287.00
2026-01-02 11:35:00-05:00,76.31,76.366,75.6453,75.7634,151756.00
2026-01-02 11:40:00-05:00,75.79,75.9945,75.25,75.61,105227.00
2026-01-02 11:45:00-05:00,75.61,75.9401,75.22,75.5365,98987.00
2026-01-02 11:50:00-05:00,75.5201,76.1,75.5,75.695,104591.00
2026-01-02 11:55:00-05:00,75.6,76.28,75.6,75.995,117745.00
2026-01-02 12:00:00-05:00,75.88,76.28,75.61,76.1301,84873.00
2026-01-02 12:05:00-05:00,76.23,76.57,76.13,76.45,117529.00
2026-01-02 12:10:00-05:00,76.5,77.09,76.41,77.004,157213.00
2026-01-02 12:15:00-05:00,77.08,77.34,76.95,77.2,185366.00
2026-01-02 12:20:00-05:00,77.2001,77.5899,77.1,77.1,153402.00
2026-01-02 12:25:00-05:00,77.09,77.1089,76.72,77.07,150193.00
2026-01-02 12:30:00-05:00,77.08,77.36,76.9,77.0285,166572.00
2026-01-02 12:35:00-05:00,77.06,77.4271,77.0001,77.3812,88019.00
2026-01-02 12:40:00-05:00,77.34,77.55,77.05,77.245,106971.00
2026-01-02 12:45:00-05:00,77.29,77.5,76.7701,76.84,114519.00
2026-01-02 12:50:00-05:00,76.83,77.87,76.77,77.7603,142229.00
2026-01-02 12:55:00-05:00,77.817,78.1,77.5101,77.87,144134.00
2026-01-02 13:00:00-05:00,77.84,77.95,77.64,77.8797,87529.00
2026-01-02 13:05:00-05:00,77.888,78.12,77.74,77.8215,85082.00
2026-01-02 13:10:00-05:00,77.82,78.41,77.82,78.353,125894.00
2026-01-02 13:15:00-05:00,78.322,79.0808,78.295,79.02,269338.00
2026-01-02 13:20:00-05:00,79.005,79.2499,78.81,79.05,190602.00
2026-01-02 13:25:00-05:00,79.05,79.42,78.92,79.25,125637.00
2026-01-02 13:30:00-05:00,79.315,79.4198,79,79.3348,136961.00
2026-01-02 13:35:00-05:00,79.32,80.09,79.3,79.915,288216.00
2026-01-02 13:40:00-05:00,79.89,80.3,79.82,80.1579,186989.00
2026-01-02 13:45:00-05:00,80.17,80.3699,79.8201,80.03,152326.00
2026-01-02 13:50:00-05:00,80.03,80.1,79.53,80.075,196308.00
2026-01-02 13:55:00-05:00,80.085,80.43,79.97,80.33,126944.00
2026-01-02 14:00:00-05:00,80.2283,80.99,80.2283,80.86,202373.00
2026-01-02 14:05:00-05:00,80.91,81.21,80.74,81.01,381510.00
2026-01-02 14:10:00-05:00,81,81.75,81,81.4,354346.00
2026-01-02 14:15:00-05:00,81.405,81.5,81,81.1445,198162.00
2026-01-02 14:20:00-05:00,81.23,81.78,80.9001,81.635,215067.00
2026-01-02 14:25:00-05:00,81.65,81.9,81.44,81.8364,241530.00
2026-01-02 14:30:00-05:00,81.85,82.1435,81.49,81.85,252869.00
2026-01-02 14:35:00-05:00,81.86,82.15,81.81,82.09,142217.00
2026-01-02 14:40:00-05:00,82.16,82.25,81.88,81.92,140696.00
2026-01-02 14:45:00-05:00,81.97,82.04,81.5892,81.765,166043.00
2026-01-02 14:50:00-05:00,81.7415,81.87,81.54,81.6669,182083.00
2026-01-02 14:55:00-05:00,81.68,81.95,81.5829,81.7101,101362.00
2026-01-02 15:00:00-05:00,81.735,82.1865,81.44,81.89,141899.00
2026-01-02 15:05:00-05:00,81.94,82.18,81.5,81.53,123079.00
2026-01-02 15:10:00-05:00,81.59,82.156,81.4111,82.125,167749.00
2026-01-02 15:15:00-05:00,82.125,82.6825,81.9301,82.6825,196913.00
2026-01-02 15:20:00-05:00,82.65,82.97,82.47,82.825,196272.00
2026-01-02 15:25:00-05:00,82.86,83.4,82.8306,83.1575,361649.00
2026-01-02 15:30:00-05:00,83.15,83.23,82.92,83.0201,267001.00
2026-01-02 15:35:00-05:00,83.045,83.76,83.025,83.5,315150.00
2026-01-02 15:40:00-05:00,83.49,83.49,83.02,83.2,239470.00
2026-01-02 15:45:00-05:00,83.19,83.1999,82.69,82.85,227640.00
2026-01-02 15:50:00-05:00,82.83,83.6,82.55,83.3005,406360.00
2026-01-02 15:55:00-05:00,83.33,83.67,83.33,83.43,573259.00
2026-01-05 09:30:00-05:00,82.03,83.8,81.33,82.815,738460.00
2026-01-05 09:35:00-05:00,82.93,85.4,80.88,84.86,955651.00
2026-01-05 09:40:00-05:00,84.75,85.6,83.56,84.8157,618972.00
2026-01-05 09:45:00-05:00,84.77,85.5,83.9,84.0785,357197.00
2026-01-05 09:50:00-05:00,84.1,85.61,83.93,85.2,281551.00
2026-01-05 09:55:00-05:00,85.1,85.68,84.6,84.74,243381.00
2026-01-05 10:00:00-05:00,84.61,86.1,84.21,85.14,323386.00
2026-01-05 10:05:00-05:00,85.265,85.95,84.72,85.38,263055.00
2026-01-05 10:10:00-05:00,85.19,86.33,85.14,85.72,262847.00
2026-01-05 10:15:00-05:00,85.76,87.7,85.7,87.4,435908.00
2026-01-05 10:20:00-05:00,87.3566,88.16,87.13,87.6101,446481.00
2026-01-05 10:25:00-05:00,87.645,87.77,86.79,87.4,311378.00
2026-01-05 10:30:00-05:00,87.4,88.34,87.395,88.3,287336.00
2026-01-05 10:35:00-05:00,88.28,89.461,88.19,89.41,446905.00
2026-01-05 10:40:00-05:00,89.424,89.59,88.1,88.13,472128.00
2026-01-05 10:45:00-05:00,88.2,89.98,88.11,89.2979,339896.00
2026-01-05 10:50:00-05:00,89.2448,89.63,88.7798,88.9,308989.00
2026-01-05 10:55:00-05:00,88.8808,90.55,88.75,90.4,534386.00
2026-01-05 11:00:00-05:00,90.33,90.42,89.6,89.755,197129.00
2026-01-05 11:05:00-05:00,89.755,90.64,89.51,90.4087,280036.00
2026-01-05 11:10:00-05:00,90.44,90.75,89.9,90.12,249333.00
2026-01-05 11:15:00-05:00,90.0576,90.23,89.55,89.98,269650.00
2026-01-05 11:20:00-05:00,89.86,90.21,89.6952,89.975,231036.00
2026-01-05 11:25:00-05:00,90.05,90.24,89.6,89.75,135987.00
2026-01-05 11:30:00-05:00,89.72,89.77,88.33,88.42,369712.00
2026-01-05 11:35:00-05:00,88.415,89.14,88.12,88.66,331530.00
2026-01-05 11:40:00-05:00,88.5803,88.9599,88.24,88.64,170551.00
2026-01-05 11:45:00-05:00,88.56,88.9799,88.01,88.0101,108338.00
2026-01-05 11:50:00-05:00,88.08,88.27,87.01,87.5,354468.00
2026-01-05 11:55:00-05:00,87.51,87.692,87.05,87.29,261328.00
2026-01-05 12:00:00-05:00,87.355,87.8299,86.64,86.69,216719.00
2026-01-05 12:05:00-05:00,86.63,86.9043,85.7259,86.54,356084.00
2026-01-05 12:10:00-05:00,86.5315,87.27,86.36,86.96,193671.00
2026-01-05 12:15:00-05:00,86.9333,87.99,86.9333,87.85,176038.00
2026-01-05 12:20:00-05:00,87.8334,87.99,87,87.68,130445.00
2026-01-05 12:25:00-05:00,87.5528,88.1,87.4,88.035,125758.00
2026-01-05 12:30:00-05:00,88.04,88.04,87.52,87.62,62441.00
2026-01-05 12:35:00-05:00,87.56,88.1,87.56,87.72,56054.00
2026-01-05 12:40:00-05:00,87.74,88.07,87.6101,87.83,64194.00
2026-01-05 12:45:00-05:00,87.97,88.47,87.72,88.17,113471.00
2026-01-05 12:50:00-05:00,88.165,89.11,88.02,88.8,208993.00
2026-01-05 12:55:00-05:00,88.8389,88.98,88.7,88.824,99661.00
2026-01-05 13:00:00-05:00,88.8884,89.12,88.55,89.05,106494.00
2026-01-05 13:05:00-05:00,89.105,89.9145,88.89,89.75,218056.00
2026-01-05 13:10:00-05:00,89.8299,90.1,89.31,89.385,178644.00
2026-01-05 13:15:00-05:00,89.385,89.87,89.294,89.8,101315.00
2026-01-05 13:20:00-05:00,89.755,90.29,89.7475,90.185,138597.00
2026-01-05 13:25:00-05:00,90.21,90.94,90.1731,90.3,285478.00
2026-01-05 13:30:00-05:00,90.37,90.4395,89.8686,89.8686,133021.00
2026-01-05 13:35:00-05:00,89.85,90.0073,89.4588,89.57,160449.00
2026-01-05 13:40:00-05:00,89.57,89.83,89.43,89.48,73014.00
2026-01-05 13:45:00-05:00,89.505,90.0625,89.4101,89.8233,130527.00
2026-01-05 13:50:00-05:00,89.8301,90.2,89.821,89.9799,77445.00
2026-01-05 13:55:00-05:00,89.98,90.14,89.73,90.065,120452.00
2026-01-05 14:00:00-05:00,90.07,90.3,89.75,90.06,80282.00
2026-01-05 14:05:00-05:00,90.04,90.235,89.85,90.18,77923.00
2026-01-05 14:10:00-05:00,90.2,91.63,90.12,91.575,306864.00
2026-01-05 14:15:00-05:00,91.6,91.615,90.7501,91.31,186513.00
2026-01-05 14:20:00-05:00,91.22,91.3499,90.88,91.0755,184506.00
2026-01-05 14:25:00-05:00,91.11,91.6,91.1,91.52,133609.00
2026-01-05 14:30:00-05:00,91.52,91.95,91.4,91.575,184949.00
2026-01-05 14:35:00-05:00,91.5973,91.65,90.95,91.23,148147.00
2026-01-05 14:40:00-05:00,91.21,91.4499,90.91,91.2502,120470.00
2026-01-05 14:45:00-05:00,91.31,91.9,91.26,91.34,142084.00
2026-01-05 14:50:00-05:00,91.3,91.55,90.75,91.5,185532.00
2026-01-05 14:55:00-05:00,91.5,92.04,91.39,91.56,268886.00
2026-01-05 15:00:00-05:00,91.6728,91.84,91.3345,91.77,107360.00
2026-01-05 15:05:00-05:00,91.7711,91.83,91.38,91.5841,124647.00
2026-01-05 15:10:00-05:00,91.5801,92.06,91.58,91.855,146950.00
2026-01-05 15:15:00-05:00,91.83,91.91,91.6001,91.8,98168.00
2026-01-05 15:20:00-05:00,91.74,92.14,91.65,91.99,147349.00
2026-01-05 15:25:00-05:00,91.98,92.45,91.87,91.92,191228.00
2026-01-05 15:30:00-05:00,91.92,92.0199,91.1043,91.215,222957.00
2026-01-05 15:35:00-05:00,91.16,91.48,91,91.27,236756.00
2026-01-05 15:40:00-05:00,91.2124,91.2853,90.5815,90.71,261759.00
2026-01-05 15:45:00-05:00,90.76,90.98,90.52,90.66,186698.00
2026-01-05 15:50:00-05:00,90.72,91,90.32,90.5271,294110.00
2026-01-05 15:55:00-05:00,90.52,91.14,90.35,90.88,599032.00
2026-01-06 09:30:00-05:00,90.9,93.75,90.19,92.83,641365.00
2026-01-06 09:35:00-05:00,92.855,94.5,92.33,93.455,577739.00
2026-01-06 09:40:00-05:00,93.455,93.86,91.15,91.79,632267.00
2026-01-06 09:45:00-05:00,91.6,93.15,91.29,91.42,505177.00
2026-01-06 09:50:00-05:00,91.39,93.51,91.01,93.51,270412.00
2026-01-06 09:55:00-05:00,93.42,95.1999,92.685,94.52,518317.00
2026-01-06 10:00:00-05:00,94.51,94.6,93.5,93.82,347182.00
2026-01-06 10:05:00-05:00,93.83,95.6,93.63,95.5,388556.00
2026-01-06 10:10:00-05:00,95.583,96,94.5,95.86,393405.00
2026-01-06 10:15:00-05:00,95.8,97.61,95.73,96.205,757573.00
2026-01-06 10:20:00-05:00,96.18,96.49,95.19,95.302,301363.00
2026-01-06 10:25:00-05:00,95.3,95.98,95,95.81,211802.00
2026-01-06 10:30:00-05:00,95.9,96.0238,95.17,95.91,236814.00
2026-01-06 10:35:00-05:00,95.91,96.5999,95.062,95.86,265431.00
2026-01-06 10:40:00-05:00,95.9089,96.3475,95.295,95.9,143513.00
2026-01-06 10:45:00-05:00,95.85,96.39,95.447,95.73,201468.00
2026-01-06 10:50:00-05:00,95.73,96.48,95.68,96.09,146265.00
2026-01-06 10:55:00-05:00,96.02,97.15,95.9501,96.7137,311603.00
2026-01-06 11:00:00-05:00,96.88,96.88,96.19,96.34,137188.00
2026-01-06 11:05:00-05:00,96.26,96.75,95.88,96.5,192294.00
2026-01-06 11:10:00-05:00,96.49,97.9,96.3,96.745,432896.00
2026-01-06 11:15:00-05:00,96.74,97.77,96.74,97.3495,244351.00
2026-01-06 11:20:00-05:00,97.28,97.94,97.25,97.6394,209322.00
2026-01-06 11:25:00-05:00,97.65,97.79,96.25,97.4,440192.00
2026-01-06 11:30:00-05:00,97.51,97.55,95.81,96.0514,218010.00
2026-01-06 11:35:00-05:00,96.04,96.5499,95.57,95.853,178369.00
2026-01-06 11:40:00-05:00,96,96.27,95.3001,95.35,177611.00
2026-01-06 11:45:00-05:00,95.39,95.95,95.15,95.52,219909.00
2026-01-06 11:50:00-05:00,95.6,96.39,95.39,96.27,179406.00
2026-01-06 11:55:00-05:00,96.2022,96.99,96,96.92,176342.00
2026-01-06 12:00:00-05:00,96.865,97.11,95.5801,95.635,188194.00
2026-01-06 12:05:00-05:00,95.72,96.7699,95.5501,96.7688,131704.00
2026-01-06 12:10:00-05:00,96.6881,96.7799,95.1201,95.18,129455.00
2026-01-06 12:15:00-05:00,95.1895,95.63,94.6,95.28,213403.00
2026-01-06 12:20:00-05:00,95.285,95.5,95.06,95.114,87907.00
2026-01-06 12:25:00-05:00,95.08,95.14,94.43,94.73,150467.00
2026-01-06 12:30:00-05:00,94.79,94.98,94.37,94.65,110156.00
2026-01-06 12:35:00-05:00,94.65,95.24,94.35,95.148,154877.00
2026-01-06 12:40:00-05:00,95.165,95.8,94.8515,95.8,252718.00
2026-01-06 12:45:00-05:00,95.795,96.74,95.59,95.63,149176.00
2026-01-06 12:50:00-05:00,95.69,96.6809,95.69,96.4268,170671.00
2026-01-06 12:55:00-05:00,96.41,97.33,96.3,97.1411,196066.00
2026-01-06 13:00:00-05:00,97.1082,97.18,96.36,96.5,111851.00
2026-01-06 13:05:00-05:00,96.45,96.52,95.2,95.3944,171322.00
2026-01-06 13:10:00-05:00,95.4605,96,95.01,95.97,89143.00
2026-01-06 13:15:00-05:00,95.96,96.2499,95.87,96.14,85070.00
2026-01-06 13:20:00-05:00,96.1038,96.43,95.95,96.2935,98901.00
2026-01-06 13:25:00-05:00,96.28,97.1,96.235,97.0422,139651.00
2026-01-06 13:30:00-05:00,97.0186,97.1247,96.53,96.6,69448.00
2026-01-06 13:35:00-05:00,96.57,96.75,96.01,96.1175,82393.00
2026-01-06 13:40:00-05:00,96.13,96.95,95.92,96.77,93731.00
2026-01-06 13:45:00-05:00,96.82,97.2,96.675,96.72,109676.00
2026-01-06 13:50:00-05:00,96.7179,97.1,96.61,96.83,77006.00
2026-01-06 13:55:00-05:00,96.81,97.04,96.52,96.865,93916.00
2026-01-06 14:00:00-05:00,96.9,97.08,96.2,96.525,75414.00
2026-01-06 14:05:00-05:00,96.4618,97.0899,96.4,96.7299,68205.00
2026-01-06 14:10:00-05:00,96.73,96.9,96.46,96.69,56444.00
2026-01-06 14:15:00-05:00,96.5885,96.7199,96.32,96.5032,60754.00
2026-01-06 14:20:00-05:00,96.515,96.58,96.31,96.35,54869.00
2026-01-06 14:25:00-05:00,96.3515,96.62,96.03,96.62,116631.00
2026-01-06 14:30:00-05:00,96.63,97,96.48,96.5401,75386.00
2026-01-06 14:35:00-05:00,96.6083,96.6512,96.21,96.6512,73602.00
2026-01-06 14:40:00-05:00,96.61,96.9,96.451,96.6401,89422.00
2026-01-06 14:45:00-05:00,96.7405,96.86,96.57,96.72,85765.00
2026-01-06 14:50:00-05:00,96.66,97.17,96.66,97.01,122513.00
2026-01-06 14:55:00-05:00,96.97,96.97,96.6306,96.875,63209.00
2026-01-06 15:00:00-05:00,96.9,97.2,96.77,97.0256,107941.00
2026-01-06 15:05:00-05:00,97.07,97.19,96.81,96.9,89964.00
2026-01-06 15:10:00-05:00,96.86,97,96.6,96.8625,74633.00
2026-01-06 15:15:00-05:00,96.89,97.39,96.8401,97.205,162443.00
2026-01-06 15:20:00-05:00,97.2,97.5,97.14,97.22,109553.00
2026-01-06 15:25:00-05:00,97.1922,97.56,97.15,97.2528,150938.00
2026-01-06 15:30:00-05:00,97.22,97.55,97.2197,97.3708,99841.00
2026-01-06 15:35:00-05:00,97.5,97.88,97.435,97.66,152745.00
2026-01-06 15:40:00-05:00,97.63,97.7,97.41,97.6072,131306.00
2026-01-06 15:45:00-05:00,97.58,97.609,97.01,97.0878,221004.00
2026-01-06 15:50:00-05:00,97.08,97.35,96.75,97.015,335391.00
2026-01-06 15:55:00-05:00,97.1,97.74,96.98,97.569,647661.00
2026-01-07 09:30:00-05:00,91.05,93.5,89.7,89.72,1538645.00
2026-01-07 09:35:00-05:00,90.09,91.3,88.25,88.97,913423.00
2026-01-07 09:40:00-05:00,88.97,90.76,88.7201,90.7528,522963.00
2026-01-07 09:45:00-05:00,90.85,91.39,89.7238,90.005,490706.00
2026-01-07 09:50:00-05:00,89.9,90.8,89.55,90.495,232759.00
2026-01-07 09:55:00-05:00,90.49,90.89,89.92,90.16,261413.00
2026-01-07 10:00:00-05:00,90.2205,90.2525,88.58,88.8096,444067.00
2026-01-07 10:05:00-05:00,88.8062,89.9203,88.5101,89.41,251280.00
2026-01-07 10:10:00-05:00,89.41,90.76,88.81,90.37,343303.00
2026-01-07 10:15:00-05:00,90.405,91.39,89.9,90.9101,259962.00
2026-01-07 10:20:00-05:00,90.8601,91.87,90.8601,91.07,203139.00
2026-01-07 10:25:00-05:00,91.08,91.855,90.45,91.6651,209825.00
2026-01-07 10:30:00-05:00,91.6852,92.64,91.5001,92.32,325268.00
2026-01-07 10:35:00-05:00,92.32,93.84,92.29,93.2041,511101.00
2026-01-07 10:40:00-05:00,93.205,94.5,93.16,94.15,421486.00
2026-01-07 10:45:00-05:00,94.08,94.58,93.75,94.21,256465.00
2026-01-07 10:50:00-05:00,94.128,94.88,94.1036,94.28,271873.00
2026-01-07 10:55:00-05:00,94.2973,95.12,94.12,94.83,290428.00
2026-01-07 11:00:00-05:00,94.8,95.3399,93.8868,94.3123,250606.00
2026-01-07 11:05:00-05:00,94.35,94.4614,93.3,93.6152,203934.00
2026-01-07 11:10:00-05:00,93.5714,94.2899,93.5124,93.94,135171.00
2026-01-07 11:15:00-05:00,93.94,94.21,93.4,93.4451,103460.00
2026-01-07 11:20:00-05:00,93.43,93.5,92.8,92.823,183368.00
2026-01-07 11:25:00-05:00,92.81,93.2554,92.58,92.95,133068.00
2026-01-07 11:30:00-05:00,92.935,92.97,91.89,92.21,164388.00
2026-01-07 11:35:00-05:00,92.22,93.18,92.125,93.1287,118680.00
2026-01-07 11:40:00-05:00,93.14,93.2699,92.3601,93.0347,171911.00
2026-01-07 11:45:00-05:00,93.035,93.07,92.27,92.49,96291.00
2026-01-07 11:50:00-05:00,92.445,93,92.3,92.78,76290.00
2026-01-07 11:55:00-05:00,92.82,93.08,92.32,92.48,126696.00
2026-01-07 12:00:00-05:00,92.59,92.7499,92.11,92.11,87397.00
2026-01-07 12:05:00-05:00,92.1368,92.51,90.8,91.0961,270940.00
2026-01-07 12:10:00-05:00,91.13,91.14,90.39,90.63,253568.00
2026-01-07 12:15:00-05:00,90.63,90.9799,89.8,89.89,227188.00
2026-01-07 12:20:00-05:00,89.89,89.94,89.1,89.19,219508.00
2026-01-07 12:25:00-05:00,89.17,89.8,88.91,89.37,342876.00
2026-01-07 12:30:00-05:00,89.37,89.93,89.25,89.345,216643.00
2026-01-07 12:35:00-05:00,89.345,89.4699,88.75,89.02,166083.00
2026-01-07 12:40:00-05:00,88.9,88.955,87.35,87.46,538700.00
2026-01-07 12:45:00-05:00,87.44,87.655,86.5501,86.625,602369.00
2026-01-07 12:50:00-05:00,86.61,86.7899,86.14,86.5302,379926.00
2026-01-07 12:55:00-05:00,86.65,87.55,86.511,86.99,371963.00
2026-01-07 13:00:00-05:00,86.915,87.02,86.25,86.564,246757.00
2026-01-07 13:05:00-05:00,86.565,87.09,86.52,86.89,222525.00
2026-01-07 13:10:00-05:00,86.8605,87.76,86.5505,87.5399,255345.00
2026-01-07 13:15:00-05:00,87.5253,87.74,87.1701,87.211,185445.00
2026-01-07 13:20:00-05:00,87.3053,87.4799,86.86,87.1,167789.00
2026-01-07 13:25:00-05:00,87.12,87.44,86.86,86.9566,178722.00
2026-01-07 13:30:00-05:00,86.96,87.2601,86.355,86.38,227455.00
2026-01-07 13:35:00-05:00,86.36,86.37,85.61,85.677,335168.00
2026-01-07 13:40:00-05:00,85.675,86.2286,85.5043,85.64,237665.00
2026-01-07 13:45:00-05:00,85.6141,86.3599,85.3802,85.99,244933.00
2026-01-07 13:50:00-05:00,85.99,86.0474,85.3,85.84,237509.00
2026-01-07 13:55:00-05:00,85.835,85.96,85.5,85.9,143760.00
2026-01-07 14:00:00-05:00,85.8806,87.215,85.85,87.1758,334647.00
2026-01-07 14:05:00-05:00,87.18,87.62,86.6004,86.665,386141.00
2026-01-07 14:10:00-05:00,86.6602,86.82,86.33,86.55,213261.00
2026-01-07 14:15:00-05:00,86.58,86.98,86.49,86.71,123732.00
2026-01-07 14:20:00-05:00,86.699,86.8854,86.4515,86.58,112717.00
2026-01-07 14:25:00-05:00,86.605,87.07,86.59,87.04,113772.00
2026-01-07 14:30:00-05:00,87.03,87.44,86.904,87.4226,169222.00
2026-01-07 14:35:00-05:00,87.4001,87.5,86.63,86.63,150738.00
2026-01-07 14:40:00-05:00,86.63,86.88,86.33,86.88,131251.00
2026-01-07 14:45:00-05:00,86.75,86.9715,86.53,86.6151,96837.00
2026-01-07 14:50:00-05:00,86.61,86.655,86.06,86.24,166717.00
2026-01-07 14:55:00-05:00,86.2485,86.635,86.01,86.635,110858.00
2026-01-07 15:00:00-05:00,86.66,86.95,86.26,86.5508,148916.00
2026-01-07 15:05:00-05:00,86.5,86.6,85.67,85.82,146251.00
2026-01-07 15:10:00-05:00,85.83,85.86,84.73,84.96,387323.00
2026-01-07 15:15:00-05:00,84.905,85.37,84.69,84.7428,336613.00
2026-01-07 15:20:00-05:00,84.74,84.99,84.45,84.795,352728.00
2026-01-07 15:25:00-05:00,84.77,85.06,84.38,84.4034,224374.00
2026-01-07 15:30:00-05:00,84.3901,84.65,84.2,84.3349,227378.00
2026-01-07 15:35:00-05:00,84.29,85.28,83.91,85.2718,429271.00
2026-01-07 15:40:00-05:00,85.2798,86.34,85.2798,85.96,337673.00
2026-01-07 15:45:00-05:00,85.95,86.0699,85.345,85.96,348716.00
2026-01-07 15:50:00-05:00,85.98,86.7899,85.805,86.16,412467.00
2026-01-07 15:55:00-05:00,86.1455,86.15,85.62,85.73,418970.00
2026-01-08 09:30:00-05:00,88.625,90.8,86.8501,89.6,949861.00
2026-01-08 09:35:00-05:00,89.55,92.22,89.547,91.59,949461.00
2026-01-08 09:40:00-05:00,91.635,92.88,91.01,91.93,642066.00
2026-01-08 09:45:00-05:00,91.86,93.99,91.5,93.211,607368.00
2026-01-08 09:50:00-05:00,93.39,93.6,91.12,91.285,644127.00
2026-01-08 09:55:00-05:00,91.28,91.45,90.1,90.145,445182.00
2026-01-08 10:00:00-05:00,90.125,90.4,89.36,89.88,446004.00
2026-01-08 10:05:00-05:00,89.85,90.79,89.4201,89.885,391075.00
2026-01-08 10:10:00-05:00,89.853,89.905,88.18,88.7333,395226.00
2026-01-08 10:15:00-05:00,88.6615,90.41,88.4501,89.8,340558.00
2026-01-08 10:20:00-05:00,89.75,90.065,88.91,88.9188,232777.00
2026-01-08 10:25:00-05:00,88.9174,90.285,88.15,89.48,213338.00
2026-01-08 10:30:00-05:00,89.45,90,89.1001,89.845,181904.00
2026-01-08 10:35:00-05:00,89.74,89.78,88.27,88.65,184469.00
2026-01-08 10:40:00-05:00,88.5001,89.4996,88.5001,88.915,110141.00
2026-01-08 10:45:00-05:00,88.9,89,88.01,88.2576,131841.00
2026-01-08 10:50:00-05:00,88.4,88.9786,87.62,88.6805,223858.00
2026-01-08 10:55:00-05:00,88.849,89.83,88.6854,89.58,213721.00
2026-01-08 11:00:00-05:00,89.55,90.499,89.3101,89.965,180755.00
2026-01-08 11:05:00-05:00,89.9804,90.11,89.37,89.8075,109724.00
2026-01-08 11:10:00-05:00,89.7974,90.2999,89.62,90,160305.00
2026-01-08 11:15:00-05:00,89.96,90.1,89.215,89.7399,94594.00
2026-01-08 11:20:00-05:00,89.645,90.99,89.61,90.75,246506.00
2026-01-08 11:25:00-05:00,90.75,91.6246,90.6,91.6246,219474.00
2026-01-08 11:30:00-05:00,91.6,92.49,91.3201,92.215,252548.00
2026-01-08 11:35:00-05:00,92.28,92.34,91.32,91.86,161334.00
2026-01-08 11:40:00-05:00,91.8925,92,91.44,91.87,77049.00
2026-01-08 11:45:00-05:00,91.96,92.35,91.62,92.3,99750.00
2026-01-08 11:50:00-05:00,92.27,92.45,91.84,91.99,106580.00
2026-01-08 11:55:00-05:00,92,92.25,91.33,91.55,136767.00
2026-01-08 12:00:00-05:00,91.58,91.67,90.8701,91.1695,158195.00
2026-01-08 12:05:00-05:00,91.09,91.12,90.63,91.09,83804.00
2026-01-08 12:10:00-05:00,91.054,91.2999,90.7101,91.27,101973.00
2026-01-08 12:15:00-05:00,91.3,91.9,91.15,91.6,93952.00
2026-01-08 12:20:00-05:00,91.595,91.82,91.26,91.33,72573.00
2026-01-08 12:25:00-05:00,91.44,91.44,90.63,90.82,57154.00
2026-01-08 12:30:00-05:00,90.89,91,90.1,90.1193,96846.00
2026-01-08 12:35:00-05:00,90.13,90.75,90.1015,90.63,100137.00
2026-01-08 12:40:00-05:00,90.59,90.6,90.3801,90.58,48896.00
2026-01-08 12:45:00-05:00,90.53,91,90.51,90.925,59630.00
2026-01-08 12:50:00-05:00,90.99,91.71,90.9001,91.62,102531.00
2026-01-08 12:55:00-05:00,91.575,91.7,91.0201,91.4406,57039.00
2026-01-08 13:00:00-05:00,91.44,91.5999,90.94,90.9982,106214.00
2026-01-08 13:05:00-05:00,91.01,91.27,90.9201,90.9338,50373.00
2026-01-08 13:10:00-05:00,91.11,91.11,90.59,90.74,49926.00
2026-01-08 13:15:00-05:00,90.67,91,90.39,91,90043.00
2026-01-08 13:20:00-05:00,90.9792,91,90.5,90.615,33215.00
2026-01-08 13:25:00-05:00,90.5601,90.9363,90.56,90.85,31141.00
2026-01-08 13:30:00-05:00,90.81,91.16,90.57,90.82,52404.00
2026-01-08 13:35:00-05:00,90.795,90.88,90.56,90.83,36496.00
2026-01-08 13:40:00-05:00,90.8799,91.4558,90.79,91.39,89905.00
2026-01-08 13:45:00-05:00,91.35,91.77,91.09,91.24,87228.00
2026-01-08 13:50:00-05:00,91.33,91.33,90.89,90.91,47839.00
2026-01-08 13:55:00-05:00,90.91,91.2374,90.82,91.2,52581.00
2026-01-08 14:00:00-05:00,91.24,92,91.1595,91.65,159824.00
2026-01-08 14:05:00-05:00,91.58,91.75,91.4844,91.65,42940.00
2026-01-08 14:10:00-05:00,91.69,91.7499,91.35,91.59,62751.00
2026-01-08 14:15:00-05:00,91.59,92,91.0468,91.855,143293.00
2026-01-08 14:20:00-05:00,91.89,92.35,91.855,92.075,113017.00
2026-01-08 14:25:00-05:00,92.095,92.2064,91.74,91.74,71459.00
2026-01-08 14:30:00-05:00,91.77,91.8,90.6,90.75,129410.00
2026-01-08 14:35:00-05:00,90.6501,91.1,90.65,90.7556,81768.00
2026-01-08 14:40:00-05:00,90.855,91.8372,90.71,91.7401,67406.00
2026-01-08 14:45:00-05:00,91.835,92.16,91.37,91.48,113487.00
2026-01-08 14:50:00-05:00,91.52,91.6399,91.25,91.43,58425.00
2026-01-08 14:55:00-05:00,91.38,91.38,90.88,91.29,56739.00
2026-01-08 15:00:00-05:00,91.1056,91.1056,90.31,90.61,73160.00
2026-01-08 15:05:00-05:00,90.72,91.49,90.68,91.292,76333.00
2026-01-08 15:10:00-05:00,91.36,91.7,91.02,91.3019,85692.00
2026-01-08 15:15:00-05:00,91.3,91.3,90.89,91.03,68428.00
2026-01-08 15:20:00-05:00,91.05,91.1,90.745,90.86,90230.00
2026-01-08 15:25:00-05:00,90.94,91,90.71,90.8899,46579.00
2026-01-08 15:30:00-05:00,90.865,90.89,90.55,90.82,79819.00
2026-01-08 15:35:00-05:00,90.84,91.07,90.32,90.35,92090.00
2026-01-08 15:40:00-05:00,90.35,90.36,89.945,90.15,123707.00
2026-01-08 15:45:00-05:00,90.15,90.4999,90.0275,90.43,114036.00
2026-01-08 15:50:00-05:00,90.38,90.6353,90.15,90.315,160428.00
2026-01-08 15:55:00-05:00,90.31,90.635,90.26,90.56,368755.00
2026-01-09 09:30:00-05:00,90.3,92.33,90.15,91.7297,438008.00
2026-01-09 09:35:00-05:00,91.74,94.65,91.01,93.1334,673383.00
2026-01-09 09:40:00-05:00,93.09,95.35,92.8316,94.7887,723913.00
2026-01-09 09:45:00-05:00,94.81,96.44,92.91,93.49,725391.00
2026-01-09 09:50:00-05:00,93.4651,95.72,93.4,95.485,414033.00
2026-01-09 09:55:00-05:00,95.68,96.7999,94.6901,96.48,448686.00
2026-01-09 10:00:00-05:00,96.4963,96.7,95.4,96.13,367096.00
2026-01-09 10:05:00-05:00,96.24,97.47,95.64,97.36,653034.00
2026-01-09 10:10:00-05:00,97.45,99.69,97.25,99.14,1339376.00
2026-01-09 10:15:00-05:00,99.07,100.5,98.6486,100.0769,1377348.00
2026-01-09 10:20:00-05:00,100.065,101.5,99.45,101.105,983983.00
2026-01-09 10:25:00-05:00,101.105,101.17,98.68,98.9501,742648.00
2026-01-09 10:30:00-05:00,98.96,99.44,98.02,98.47,483909.00
2026-01-09 10:35:00-05:00,98.4899,99.23,97.42,98.77,629778.00
2026-01-09 10:40:00-05:00,98.7553,98.97,97.85,98.43,283362.00
2026-01-09 10:45:00-05:00,98.39,99.29,98.0857,98.35,275635.00
2026-01-09 10:50:00-05:00,98.34,98.8462,96.77,97.225,494887.00
2026-01-09 10:55:00-05:00,97.2999,98.87,97.29,98.81,431444.00
2026-01-09 11:00:00-05:00,98.81,99.25,98.5101,98.7251,220329.00
2026-01-09 11:05:00-05:00,98.76,99.66,98.15,99.5793,292495.00
2026-01-09 11:10:00-05:00,99.58,99.96,99.0901,99.84,270366.00
2026-01-09 11:15:00-05:00,99.9,99.92,99.12,99.57,168291.00
2026-01-09 11:20:00-05:00,99.58,100.18,99.31,100.05,313488.00
2026-01-09 11:25:00-05:00,100.0356,100.85,99.5872,100.5849,328055.00
2026-01-09 11:30:00-05:00,100.5,100.85,100.03,100.06,362091.00
2026-01-09 11:35:00-05:00,100.095,100.51,99.88,100.38,192440.00
2026-01-09 11:40:00-05:00,100.375,100.5623,99.8287,100.465,227532.00
2026-01-09 11:45:00-05:00,100.4815,101.1,100.1,100.8445,356290.00
2026-01-09 11:50:00-05:00,100.82,100.9,100.5,100.7799,214966.00
2026-01-09 11:55:00-05:00,100.85,100.98,100.19,100.25,482448.00
2026-01-09 12:00:00-05:00,100.19,100.24,99.66,99.9089,301217.00
2026-01-09 12:05:00-05:00,99.95,100.405,99.74,100.25,136662.00
2026-01-09 12:10:00-05:00,100.2424,101.0799,100.05,100.8335,220934.00
2026-01-09 12:15:00-05:00,100.89,100.89,100.49,100.8,308168.00
2026-01-09 12:20:00-05:00,100.6941,101.47,100.6941,101.453,220630.00
2026-01-09 12:25:00-05:00,101.42,101.675,101.0819,101.29,249181.00
2026-01-09 12:30:00-05:00,101.27,101.54,100.85,101.04,326716.00
2026-01-09 12:35:00-05:00,101.028,101.29,100.84,100.865,165935.00
2026-01-09 12:40:00-05:00,100.81,101.05,100.435,100.88,150859.00
2026-01-09 12:45:00-05:00,100.8615,101.269,100.6301,101.04,116829.00
2026-01-09 12:50:00-05:00,101.075,101.075,100.54,100.57,105006.00
2026-01-09 12:55:00-05:00,100.57,100.63,99.8,100.0004,199258.00
2026-01-09 13:00:00-05:00,100.015,100.36,99.7,99.77,191195.00
2026-01-09 13:05:00-05:00,99.84,99.95,98.57,98.79,293943.00
2026-01-09 13:10:00-05:00,98.71,99.33,98.05,98.795,263454.00
2026-01-09 13:15:00-05:00,98.765,99,98.3901,98.565,178237.00
2026-01-09 13:20:00-05:00,98.565,99.36,98.5001,99.185,198978.00
2026-01-09 13:25:00-05:00,99.2302,99.31,98.74,99.28,106407.00
2026-01-09 13:30:00-05:00,99.31,99.36,99.04,99.21,181655.00
2026-01-09 13:35:00-05:00,99.1552,99.95,99.1146,99.77,131198.00
2026-01-09 13:40:00-05:00,99.83,100,99.6103,99.6701,95689.00
2026-01-09 13:45:00-05:00,99.77,100.64,99.71,100.5195,197594.00
2026-01-09 13:50:00-05:00,100.52,100.75,100.24,100.5,112651.00
2026-01-09 13:55:00-05:00,100.46,100.58,100.17,100.325,68150.00
2026-01-09 14:00:00-05:00,100.344,100.4,98.8,99.435,178977.00
2026-01-09 14:05:00-05:00,99.43,100.01,99.28,99.86,130300.00
2026-01-09 14:10:00-05:00,99.845,99.9,99.25,99.36,88984.00
2026-01-09 14:15:00-05:00,99.38,99.5999,99.153,99.515,87755.00
2026-01-09 14:20:00-05:00,99.46,99.46,98.67,98.825,139196.00
2026-01-09 14:25:00-05:00,98.835,98.96,98.2456,98.62,182056.00
2026-01-09 14:30:00-05:00,98.625,98.83,97.8798,98.44,172745.00
2026-01-09 14:35:00-05:00,98.465,98.8772,98.36,98.64,88832.00
2026-01-09 14:40:00-05:00,98.74,99,98.37,98.85,107283.00
2026-01-09 14:45:00-05:00,98.89,99.37,98.81,99.2898,107196.00
2026-01-09 14:50:00-05:00,99.315,99.3599,98.95,99.08,98438.00
2026-01-09 14:55:00-05:00,99.13,99.22,98.59,98.72,88903.00
2026-01-09 15:00:00-05:00,98.72,99.4775,98.2324,99.345,178157.00
2026-01-09 15:05:00-05:00,99.4,99.67,99.21,99.26,135065.00
2026-01-09 15:10:00-05:00,99.23,99.3256,98.78,98.8303,130602.00
2026-01-09 15:15:00-05:00,98.85,99.21,98.81,99.005,85361.00
2026-01-09 15:20:00-05:00,99.0014,99.26,98.6529,98.73,98638.00
2026-01-09 15:25:00-05:00,98.7,99.2,98.57,99.02,127114.00
2026-01-09 15:30:00-05:00,99.02,99.02,98.62,98.805,115335.00
2026-01-09 15:35:00-05:00,98.83,98.87,98.295,98.4,164792.00
2026-01-09 15:40:00-05:00,98.3984,98.4,97.93,97.96,163947.00
2026-01-09 15:45:00-05:00,97.99,98.15,97.68,97.68,151108.00
2026-01-09 15:50:00-05:00,97.68,98.02,97.4,97.8678,241146.00
2026-01-09 15:55:00-05:00,97.8,97.815,97.2,97.6,498500.00
2026-01-12 09:30:00-05:00,95.44,96.99,93.8,94.83,688248.00
2026-01-12 09:35:00-05:00,95,100.19,94.97,100.15,851988.00
2026-01-12 09:40:00-05:00,100.07,101.29,99.55,100.3666,557600.00
2026-01-12 09:45:00-05:00,100.355,100.5,97.8,98.005,416462.00
2026-01-12 09:50:00-05:00,98.01,99.47,98.005,98.885,350848.00
2026-01-12 09:55:00-05:00,98.916,99.3,97.3078,97.94,348019.00
2026-01-12 10:00:00-05:00,97.905,97.93,96.445,96.4655,319664.00
2026-01-12 10:05:00-05:00,96.4924,96.65,94.1,94.305,506636.00
2026-01-12 10:10:00-05:00,94.36,95.45,93.82,95.28,478616.00
2026-01-12 10:15:00-05:00,95.335,95.74,94.32,94.6,305876.00
2026-01-12 10:20:00-05:00,94.5494,95.1599,94.36,94.81,215510.00
2026-01-12 10:25:00-05:00,94.795,95.59,94.15,94.95,299285.00
2026-01-12 10:30:00-05:00,94.935,96.3499,94.75,95.73,224644.00
2026-01-12 10:35:00-05:00,95.8398,95.8699,94.82,95.285,112097.00
2026-01-12 10:40:00-05:00,95.39,95.7,95.02,95.6828,86847.00
2026-01-12 10:45:00-05:00,95.66,96.8,95.66,96.6574,197200.00
2026-01-12 10:50:00-05:00,96.4001,96.94,96.4,96.73,120539.00
2026-01-12 10:55:00-05:00,96.7204,97.4399,96.56,97.0834,162990.00
2026-01-12 11:00:00-05:00,97,97.18,95.78,95.85,154413.00
2026-01-12 11:05:00-05:00,95.8875,96.23,95.7,96.08,128064.00
2026-01-12 11:10:00-05:00,96.1355,96.5499,95.96,96.1401,82492.00
2026-01-12 11:15:00-05:00,96.23,96.47,96.09,96.28,43571.00
2026-01-12 11:20:00-05:00,96.22,96.3087,95.6874,95.84,86009.00
2026-01-12 11:25:00-05:00,95.8399,96.3,95.6,95.985,70082.00
2026-01-12 11:30:00-05:00,95.98,96.0399,95.655,95.88,48755.00
2026-01-12 11:35:00-05:00,95.828,96.3,95.5,96.0797,63992.00
2026-01-12 11:40:00-05:00,96,96,95.3,95.92,65225.00
2026-01-12 11:45:00-05:00,95.9,96.2,95.87,96.11,65899.00
2026-01-12 11:50:00-05:00,96.2,96.2,95.55,95.58,56330.00
2026-01-12 11:55:00-05:00,95.54,95.59,95.05,95.2879,71862.00
2026-01-12 12:00:00-05:00,95.2301,95.4,95.1008,95.28,45833.00
2026-01-12 12:05:00-05:00,95.28,95.4263,94.86,95.3306,83863.00
2026-01-12 12:10:00-05:00,95.29,95.39,95,95.12,47443.00
2026-01-12 12:15:00-05:00,95.11,95.7999,94.84,95.7,79013.00
2026-01-12 12:20:00-05:00,95.675,95.675,95.09,95.15,45847.00
2026-01-12 12:25:00-05:00,95.15,95.31,94.89,95.1,45629.00
2026-01-12 12:30:00-05:00,95.265,95.3748,95,95,39149.00
2026-01-12 12:35:00-05:00,95.08,95.16,94.61,94.705,65056.00
2026-01-12 12:40:00-05:00,94.66,95.3,94.56,95.3,56552.00
2026-01-12 12:45:00-05:00,95.285,95.39,95.15,95.32,44839.00
2026-01-12 12:50:00-05:00,95.33,95.37,94.9303,95.015,42831.00
2026-01-12 12:55:00-05:00,95.025,95.11,94.82,94.855,44056.00
2026-01-12 13:00:00-05:00,94.91,94.99,94.5501,94.9201,48265.00
2026-01-12 13:05:00-05:00,94.955,95,94.55,94.915,44149.00
2026-01-12 13:10:00-05:00,94.98,95.17,94.94,95.023,51771.00
2026-01-12 13:15:00-05:00,95.03,95.13,94.86,94.95,30125.00
2026-01-12 13:20:00-05:00,94.95,95.31,94.92,95.29,64970.00
2026-01-12 13:25:00-05:00,95.34,95.39,94.8925,95.04,73929.00
2026-01-12 13:30:00-05:00,95.075,95.29,94.87,94.95,55107.00
2026-01-12 13:35:00-05:00,94.985,95.19,94.63,95.0962,96048.00
2026-01-12 13:40:00-05:00,95.21,95.3,95,95.135,66614.00
2026-01-12 13:45:00-05:00,95.155,95.26,95,95.1852,56736.00
2026-01-12 13:50:00-05:00,95.23,95.3299,95.07,95.26,156137.00
2026-01-12 13:55:00-05:00,95.3199,95.3199,94.71,94.87,80956.00
2026-01-12 14:00:00-05:00,94.8,94.9307,93.51,94.7,276317.00
2026-01-12 14:05:00-05:00,94.765,94.765,94.15,94.61,87911.00
2026-01-12 14:10:00-05:00,94.61,94.63,94.25,94.25,62339.00
2026-01-12 14:15:00-05:00,94.22,94.26,93.63,93.95,150232.00
2026-01-12 14:20:00-05:00,93.81,94.1999,93.77,94.1,69467.00
2026-01-12 14:25:00-05:00,94.1062,94.93,94.07,94.82,83302.00
2026-01-12 14:30:00-05:00,94.875,95.63,94.8437,95.3301,207513.00
2026-01-12 14:35:00-05:00,95.396,95.396,94.34,95.045,314159.00
2026-01-12 14:40:00-05:00,94.95,95.63,94.8127,95.5,84358.00
2026-01-12 14:45:00-05:00,95.52,96.04,95.45,95.74,135914.00
2026-01-12 14:50:00-05:00,95.72,96.76,95.62,96.4,202392.00
2026-01-12 14:55:00-05:00,96.39,96.87,96.38,96.7,118857.00
2026-01-12 15:00:00-05:00,96.55,97.06,96.55,97,89651.00
2026-01-12 15:05:00-05:00,96.865,96.95,96.65,96.73,60687.00
2026-01-12 15:10:00-05:00,96.68,97.0599,96.35,96.375,106697.00
2026-01-12 15:15:00-05:00,96.4,96.8799,96.33,96.83,55769.00
2026-01-12 15:20:00-05:00,96.795,97.28,96.45,97.15,133264.00
2026-01-12 15:25:00-05:00,97.15,97.64,97.15,97.555,127260.00
2026-01-12 15:30:00-05:00,97.545,98.3376,97.4,98.3376,163182.00
2026-01-12 15:35:00-05:00,98.31,98.59,98.17,98.385,128455.00
2026-01-12 15:40:00-05:00,98.37,98.4,98.0001,98.215,113963.00
2026-01-12 15:45:00-05:00,98.27,98.588,98.25,98.37,124388.00
2026-01-12 15:50:00-05:00,98.35,98.8,98.2,98.63,168586.00
2026-01-12 15:55:00-05:00,98.6,98.62,98.24,98.41,340470.00
2026-01-13 09:30:00-05:00,96.74,98.28,95.1,95.42,689783.00
2026-01-13 09:35:00-05:00,95.6,95.99,94.6571,95.18,327959.00
2026-01-13 09:40:00-05:00,95.13,96.55,94.9,96.28,291405.00
2026-01-13 09:45:00-05:00,96.2901,96.8799,94.59,95.1365,319265.00
2026-01-13 09:50:00-05:00,95.1125,95.5799,95,95.1001,218488.00
2026-01-13 09:55:00-05:00,95.1,95.7352,94.25,95.25,373839.00
2026-01-13 10:00:00-05:00,95.22,95.35,94.34,95.09,279071.00
2026-01-13 10:05:00-05:00,95.065,95.68,94.78,94.875,239981.00
2026-01-13 10:10:00-05:00,94.8656,95.91,94.72,95.83,265280.00
2026-01-13 10:15:00-05:00,95.825,95.91,95,95.33,165690.00
2026-01-13 10:20:00-05:00,95.23,95.55,93.69,93.95,365127.00
2026-01-13 10:25:00-05:00,93.94,94.1118,93.15,94.0967,504249.00
2026-01-13 10:30:00-05:00,94.06,95.38,93.6658,94.9,315196.00
2026-01-13 10:35:00-05:00,94.81,95.5,94.57,94.82,112764.00
2026-01-13 10:40:00-05:00,94.775,95.1,94.2,94.31,90377.00
2026-01-13 10:45:00-05:00,94.29,95.2,94.29,94.945,72442.00
2026-01-13 10:50:00-05:00,94.93,95.9,94.93,95.62,178993.00
2026-01-13 10:55:00-05:00,95.62,95.67,94.65,94.65,82778.00
2026-01-13 11:00:00-05:00,94.6899,94.71,94.01,94.29,121292.00
2026-01-13 11:05:00-05:00,94.33,94.46,93.82,94.1,104770.00
2026-01-13 11:10:00-05:00,94.1,94.47,94.1,94.12,56768.00
2026-01-13 11:15:00-05:00,94.2,95.41,94.13,95.3554,87540.00
2026-01-13 11:20:00-05:00,95.3914,95.3914,94.55,94.82,76915.00
2026-01-13 11:25:00-05:00,94.72,94.837,94.22,94.83,65862.00
2026-01-13 11:30:00-05:00,94.9,95.14,94.75,94.98,43856.00
2026-01-13 11:35:00-05:00,95,95.1118,94.4701,95.055,41772.00
2026-01-13 11:40:00-05:00,95.055,95.6199,95,95.4,69210.00
2026-01-13 11:45:00-05:00,95.37,95.7399,95.1601,95.1601,68713.00
2026-01-13 11:50:00-05:00,95.225,95.75,95.0066,95.65,56889.00
2026-01-13 11:55:00-05:00,95.68,95.835,95.52,95.66,95245.00
2026-01-13 12:00:00-05:00,95.65,95.85,95.07,95.28,62191.00
2026-01-13 12:05:00-05:00,95.25,95.6299,95.17,95.44,50154.00
2026-01-13 12:10:00-05:00,95.4,95.68,95.2938,95.58,44409.00
2026-01-13 12:15:00-05:00,95.58,96.06,95.16,95.99,87173.00
2026-01-13 12:20:00-05:00,95.97,96.35,95.75,96.06,69628.00
2026-01-13 12:25:00-05:00,96.05,96.23,95.01,95.2115,76893.00
2026-01-13 12:30:00-05:00,95.17,95.24,94.3,94.945,115176.00
2026-01-13 12:35:00-05:00,95.03,95.03,94.45,94.8,43347.00
2026-01-13 12:40:00-05:00,94.7465,95.2,94.67,95.135,67370.00
2026-01-13 12:45:00-05:00,95.115,95.3,95.01,95.1875,43142.00
2026-01-13 12:50:00-05:00,95.26,95.6053,95.195,95.44,50661.00
2026-01-13 12:55:00-05:00,95.475,95.57,95.06,95.49,57697.00
2026-01-13 13:00:00-05:00,95.46,95.95,95.4,95.43,57152.00
2026-01-13 13:05:00-05:00,95.55,95.9899,95.42,95.6,60784.00
2026-01-13 13:10:00-05:00,95.63,95.82,94.7048,95.78,122380.00
2026-01-13 13:15:00-05:00,95.83,95.89,95.3301,95.73,53902.00
2026-01-13 13:20:00-05:00,95.69,95.73,95.28,95.5295,38821.00
2026-01-13 13:25:00-05:00,95.38,95.64,95.09,95.55,38145.00
2026-01-13 13:30:00-05:00,95.56,95.629,95.35,95.355,38259.00
2026-01-13 13:35:00-05:00,95.4,95.4699,95.0101,95.08,59916.00
2026-01-13 13:40:00-05:00,95.01,95.1113,94.775,94.79,43369.00
2026-01-13 13:45:00-05:00,94.79,95.3,94.55,94.995,66609.00
2026-01-13 13:50:00-05:00,94.9,94.9,94.41,94.75,66917.00
2026-01-13 13:55:00-05:00,94.75,94.76,94.1442,94.4712,93246.00
2026-01-13 14:00:00-05:00,94.505,94.505,93.3,93.57,203690.00
2026-01-13 14:05:00-05:00,93.61,94,93.4101,93.475,101014.00
2026-01-13 14:10:00-05:00,93.41,93.8848,93.26,93.71,65433.00
2026-01-13 14:15:00-05:00,93.71,94.08,93.56,94.05,75806.00
2026-01-13 14:20:00-05:00,94.08,94.09,93.61,93.69,74420.00
2026-01-13 14:25:00-05:00,93.725,93.8999,93.33,93.8202,89936.00
2026-01-13 14:30:00-05:00,93.87,94.04,93.44,93.54,68499.00
2026-01-13 14:35:00-05:00,93.5,93.5604,93.35,93.4001,53199.00
2026-01-13 14:40:00-05:00,93.465,93.7,92.95,93.66,193230.00
2026-01-13 14:45:00-05:00,93.64,93.895,93.5,93.89,95157.00
2026-01-13 14:50:00-05:00,93.89,94.6699,93.84,94.57,125341.00
2026-01-13 14:55:00-05:00,94.575,95.0959,94.34,95.07,149434.00
2026-01-13 15:00:00-05:00,95.1,95.1071,93.64,93.6966,114479.00
2026-01-13 15:05:00-05:00,93.71,93.92,93.5,93.5681,87913.00
2026-01-13 15:10:00-05:00,93.55,93.55,92.81,92.8338,141197.00
2026-01-13 15:15:00-05:00,92.85,92.9,92.3501,92.4357,130715.00
2026-01-13 15:20:00-05:00,92.52,92.639,91.88,92.09,169525.00
2026-01-13 15:25:00-05:00,92.09,92.1399,91.76,92.01,123098.00
2026-01-13 15:30:00-05:00,92.02,92.23,91.63,92.065,142324.00
2026-01-13 15:35:00-05:00,92.1,92.92,91.81,92.88,190669.00
2026-01-13 15:40:00-05:00,92.925,93.17,92.68,93.0866,115752.00
2026-01-13 15:45:00-05:00,93.13,93.5699,92.58,92.71,173507.00
2026-01-13 15:50:00-05:00,92.7035,93.32,92.64,92.9,197959.00
2026-01-13 15:55:00-05:00,92.88,93.07,92.62,92.69,254408.00
2026-01-14 09:30:00-05:00,91.335,92.035,88.75,89.72,822725.00
2026-01-14 09:35:00-05:00,89.68,92.1999,89.04,90.24,334014.00
2026-01-14 09:40:00-05:00,90.24,91.5,89.9,90.985,211495.00
2026-01-14 09:45:00-05:00,90.77,91.005,90.02,90.5875,152926.00
2026-01-14 09:50:00-05:00,90.5871,91.48,89.65,91.29,187379.00
2026-01-14 09:55:00-05:00,91.29,91.5,89.7,89.795,151638.00
2026-01-14 10:00:00-05:00,89.66,89.8927,89.1,89.745,307851.00
2026-01-14 10:05:00-05:00,89.745,90.381,88.86,89.12,214779.00
2026-01-14 10:10:00-05:00,89.088,91.1799,88.83,91.095,231610.00
2026-01-14 10:15:00-05:00,91.046,91.2843,90.4,91.09,214839.00
2026-01-14 10:20:00-05:00,91.06,91.4199,90.5101,91.19,143649.00
2026-01-14 10:25:00-05:00,91.1364,91.19,89.91,89.91,149491.00
2026-01-14 10:30:00-05:00,89.955,90.1499,89.25,89.45,144435.00
2026-01-14 10:35:00-05:00,89.5191,89.965,89.4,89.66,120603.00
2026-01-14 10:40:00-05:00,89.6126,89.8599,88.96,89.7004,195803.00
2026-01-14 10:45:00-05:00,89.69,89.99,89.2501,89.29,92253.00
2026-01-14 10:50:00-05:00,89.2401,89.47,88.88,89.4507,129985.00
2026-01-14 10:55:00-05:00,89.48,90.9399,89.48,90.73,148174.00
2026-01-14 11:00:00-05:00,90.79,90.95,90.1887,90.32,98583.00
2026-01-14 11:05:00-05:00,90.265,91.36,90.1703,91.1,167587.00
2026-01-14 11:10:00-05:00,91.095,91.1779,90.3,90.6965,70394.00
2026-01-14 11:15:00-05:00,90.605,91.515,90.5,91.4856,95387.00
2026-01-14 11:20:00-05:00,91.4682,92.58,91.38,92.56,196213.00
2026-01-14 11:25:00-05:00,92.6,93.6095,92.32,92.8975,272797.00
2026-01-14 11:30:00-05:00,92.905,93.24,92.69,92.9162,189505.00
2026-01-14 11:35:00-05:00,92.941,92.941,92.25,92.55,112316.00
2026-01-14 11:40:00-05:00,92.43,92.94,92.01,92.93,153254.00
2026-01-14 11:45:00-05:00,92.8485,92.9899,92.55,92.755,79901.00
2026-01-14 11:50:00-05:00,92.7449,92.82,92.0601,92.2,78870.00
2026-01-14 11:55:00-05:00,92.2,92.36,91.74,91.81,104462.00
2026-01-14 12:00:00-05:00,91.8,92.5,91.3688,92.24,99500.00
2026-01-14 12:05:00-05:00,92.08,92.91,92.08,92.685,76718.00
2026-01-14 12:10:00-05:00,92.685,92.83,92.5484,92.79,61201.00
2026-01-14 12:15:00-05:00,92.7,93.01,92.61,92.78,95413.00
2026-01-14 12:20:00-05:00,92.78,92.98,92.5,92.7877,71274.00
2026-01-14 12:25:00-05:00,92.8191,93.3205,92.71,93.11,97174.00
2026-01-14 12:30:00-05:00,93.11,93.2,92.14,92.16,93038.00
2026-01-14 12:35:00-05:00,92.16,93.06,91.9479,93.0335,117202.00
2026-01-14 12:40:00-05:00,92.925,93.4,92.925,93.21,106126.00
2026-01-14 12:45:00-05:00,93.27,93.74,93.03,93.37,115689.00
2026-01-14 12:50:00-05:00,93.35,93.43,92.36,92.72,99180.00
2026-01-14 12:55:00-05:00,92.7,92.9499,91.8,91.84,83681.00
2026-01-14 13:00:00-05:00,91.71,92.2599,91.4239,92.23,121199.00
2026-01-14 13:05:00-05:00,92.26,92.86,92.21,92.65,87487.00
2026-01-14 13:10:00-05:00,92.6001,92.7699,92.05,92.43,61149.00
2026-01-14 13:15:00-05:00,92.55,92.695,92.42,92.555,38928.00
2026-01-14 13:20:00-05:00,92.62,93.2199,92.6,92.62,63675.00
2026-01-14 13:25:00-05:00,92.7058,92.7942,92.2097,92.65,61174.00
2026-01-14 13:30:00-05:00,92.55,93.08,91.9501,92.0094,54665.00
2026-01-14 13:35:00-05:00,92.01,92.25,91.66,91.905,87659.00
2026-01-14 13:40:00-05:00,91.91,92.01,91.3401,91.66,73141.00
2026-01-14 13:45:00-05:00,91.56,92.04,91.25,91.6205,48705.00
2026-01-14 13:50:00-05:00,91.6,92.29,91.596,92.29,62796.00
2026-01-14 13:55:00-05:00,92.23,92.85,92.08,92.745,82286.00
2026-01-14 14:00:00-05:00,92.68,93.3,92.5501,92.8876,86371.00
2026-01-14 14:05:00-05:00,92.6175,93.23,92.5945,93.1604,35038.00
2026-01-14 14:10:00-05:00,93.085,93.9,93,93.3575,127355.00
2026-01-14 14:15:00-05:00,93.31,93.5999,92.811,93.31,77555.00
2026-01-14 14:20:00-05:00,93.375,93.95,93.2164,93.75,91120.00
2026-01-14 14:25:00-05:00,93.7,93.7,92.78,92.985,67533.00
2026-01-14 14:30:00-05:00,92.985,93.15,92.06,92.395,80455.00
2026-01-14 14:35:00-05:00,92.41,92.935,92.26,92.855,67281.00
2026-01-14 14:40:00-05:00,92.81,93,92.4,92.66,45882.00
2026-01-14 14:45:00-05:00,92.555,93.5,92.525,93.49,107893.00
2026-01-14 14:50:00-05:00,93.42,93.6,93.21,93.3019,83723.00
2026-01-14 14:55:00-05:00,93.27,94,93,93.91,106585.00
2026-01-14 15:00:00-05:00,93.98,93.98,93.01,93.61,117040.00
2026-01-14 15:05:00-05:00,93.48,94.23,93.4734,93.9383,145170.00
2026-01-14 15:10:00-05:00,94.045,94.38,93.67,93.945,113053.00
2026-01-14 15:15:00-05:00,93.9256,94.38,93.55,94.3,109929.00
2026-01-14 15:20:00-05:00,94.32,94.74,94.1274,94.6124,156935.00
2026-01-14 15:25:00-05:00,94.5,94.95,94.27,94.6216,137776.00
2026-01-14 15:30:00-05:00,94.66,94.93,94.4,94.88,111818.00
2026-01-14 15:35:00-05:00,94.868,95.15,94.64,94.92,187849.00
2026-01-14 15:40:00-05:00,94.92,95.23,94.79,94.985,180282.00
2026-01-14 15:45:00-05:00,94.968,95.36,94.93,95,165015.00
2026-01-14 15:50:00-05:00,95.09,95.45,94.725,94.74,240577.00
2026-01-14 15:55:00-05:00,94.77,95.27,94.77,95.155,312765.00
2026-01-15 09:30:00-05:00,94.61,95,92.05,94.64,567158.00
2026-01-15 09:35:00-05:00,94.64,96.47,94.44,95.59,412255.00
2026-01-15 09:40:00-05:00,95.5939,95.7,94.5,94.88,237100.00
2026-01-15 09:45:00-05:00,95.01,97.12,94.89,97.11,380388.00
2026-01-15 09:50:00-05:00,96.9772,97.7,95.35,97.6,632544.00
2026-01-15 09:55:00-05:00,97.55,97.77,95.47,95.6138,357246.00
2026-01-15 10:00:00-05:00,95.675,97.03,95.61,96.865,345519.00
2026-01-15 10:05:00-05:00,96.92,98.5,96.5,98.1,457775.00
2026-01-15 10:10:00-05:00,98.062,98.83,96.37,96.43,356220.00
2026-01-15 10:15:00-05:00,96.43,96.94,95.9,96.84,206314.00
2026-01-15 10:20:00-05:00,96.7607,97.65,96.5808,96.88,159554.00
2026-01-15 10:25:00-05:00,97,97.08,96.25,96.87,118377.00
2026-01-15 10:30:00-05:00,96.9,97.78,96.71,97.685,111203.00
2026-01-15 10:35:00-05:00,97.645,97.99,97.2101,97.48,117045.00
2026-01-15 10:40:00-05:00,97.465,97.69,96.8,97.2975,94943.00
2026-01-15 10:45:00-05:00,97.35,97.7211,96.88,97.025,84476.00
2026-01-15 10:50:00-05:00,97,97.4,96.4503,97.225,114668.00
2026-01-15 10:55:00-05:00,97.2201,98.5783,97.2201,98.1556,245500.00
2026-01-15 11:00:00-05:00,98.165,98.9458,97.76,97.77,190018.00
2026-01-15 11:05:00-05:00,97.775,98.74,97.36,97.47,141385.00
2026-01-15 11:10:00-05:00,97.45,98.5,97.38,98.11,84758.00
2026-01-15 11:15:00-05:00,98.02,98.9,97.69,98.495,142415.00
2026-01-15 11:20:00-05:00,98.375,98.69,97.9601,98.36,95307.00
2026-01-15 11:25:00-05:00,98.345,98.6,97.86,98.0312,89795.00
2026-01-15 11:30:00-05:00,97.95,98.7,97.95,98.65,68081.00
2026-01-15 11:35:00-05:00,98.55,99.4,98.55,99.185,239413.00
2026-01-15 11:40:00-05:00,99.205,99.55,98.84,99.509,157334.00
2026-01-15 11:45:00-05:00,99.52,99.9,99.4001,99.7875,359529.00
2026-01-15 11:50:00-05:00,99.7714,99.8,98.31,98.32,170720.00
2026-01-15 11:55:00-05:00,98.32,98.41,97.14,98.1,244665.00
2026-01-15 12:00:00-05:00,98.15,98.1999,97.8,98.1673,103158.00
2026-01-15 12:05:00-05:00,98.18,98.47,98.1401,98.345,76853.00
2026-01-15 12:10:00-05:00,98.345,98.9799,98.23,98.42,103298.00
2026-01-15 12:15:00-05:00,98.43,99.36,98.04,99.3,143385.00
2026-01-15 12:20:00-05:00,99.31,99.72,99.12,99.72,178771.00
2026-01-15 12:25:00-05:00,99.73,100.44,99.5668,100.14,305603.00
2026-01-15 12:30:00-05:00,100.14,100.41,99.89,100.08,183322.00
2026-01-15 12:35:00-05:00,100.0301,100.55,99.98,100.1157,155242.00
2026-01-15 12:40:00-05:00,100.13,100.25,99.66,100.01,123441.00
2026-01-15 12:45:00-05:00,100.09,101.11,100.0501,100.54,354927.00
2026-01-15 12:50:00-05:00,100.5515,100.5677,99.87,100.1298,226587.00
2026-01-15 12:55:00-05:00,100.23,100.77,100.15,100.49,101319.00
2026-01-15 13:00:00-05:00,100.38,100.83,100.16,100.83,100110.00
2026-01-15 13:05:00-05:00,100.8201,101.32,100.696,101.11,180719.00
2026-01-15 13:10:00-05:00,101.0925,101.1133,100.5968,100.805,97637.00
2026-01-15 13:15:00-05:00,100.805,100.8599,100.27,100.84,84933.00
2026-01-15 13:20:00-05:00,100.81,101.1,100.6001,100.7503,70748.00
2026-01-15 13:25:00-05:00,100.82,101.54,100.64,101.4079,150311.00
2026-01-15 13:30:00-05:00,101.3,101.78,101.21,101.59,108291.00
2026-01-15 13:35:00-05:00,101.69,101.71,101.1275,101.21,94833.00
2026-01-15 13:40:00-05:00,101.225,102.1,101.08,102.025,221717.00
2026-01-15 13:45:00-05:00,102.0248,102.6399,101.91,102.37,185424.00
2026-01-15 13:50:00-05:00,102.34,103.54,102.22,103.46,311453.00
2026-01-15 13:55:00-05:00,103.46,103.6644,103.202,103.485,227649.00
2026-01-15 14:00:00-05:00,103.51,103.55,103.07,103.4899,198281.00
2026-01-15 14:05:00-05:00,103.49,104,103.1701,103.795,385797.00
2026-01-15 14:10:00-05:00,103.79,103.96,103.45,103.77,163061.00
2026-01-15 14:15:00-05:00,103.8603,104.8,103.84,103.945,320989.00
2026-01-15 14:20:00-05:00,103.945,103.945,103,103.3135,328656.00
2026-01-15 14:25:00-05:00,103.3,103.3,101.7529,102.905,424952.00
2026-01-15 14:30:00-05:00,102.905,102.905,101.75,101.855,180262.00
2026-01-15 14:35:00-05:00,101.807,102.06,101.5,101.7,144266.00
2026-01-15 14:40:00-05:00,101.57,102.2,101.35,101.76,149605.00
2026-01-15 14:45:00-05:00,101.68,102.5,101.4001,102.3284,157828.00
2026-01-15 14:50:00-05:00,102.38,102.67,101.858,101.915,137162.00
2026-01-15 14:55:00-05:00,101.9,102.61,101.41,102.55,129370.00
2026-01-15 15:00:00-05:00,102.5999,102.5999,101.0201,102.4,98085.00
2026-01-15 15:05:00-05:00,102.365,102.3852,101.8,101.975,86613.00
2026-01-15 15:10:00-05:00,101.98,102.65,101.5,102.2695,190090.00
2026-01-15 15:15:00-05:00,102.18,102.22,100.9,100.9638,159917.00
2026-01-15 15:20:00-05:00,101.0045,101.9799,100.9,101.1876,152261.00
2026-01-15 15:25:00-05:00,101.1008,101.8899,101,101.595,121829.00
2026-01-15 15:30:00-05:00,101.54,101.54,100.73,101.21,138694.00
2026-01-15 15:35:00-05:00,101.24,101.87,100.3001,101.41,180300.00
2026-01-15 15:40:00-05:00,101.405,101.84,101.34,101.84,111575.00
2026-01-15 15:45:00-05:00,101.8,102.06,101.57,101.93,177587.00
2026-01-15 15:50:00-05:00,101.91,101.91,100.9463,101.6,337160.00
2026-01-15 15:55:00-05:00,101.57,101.58,101.03,101.21,411230.00
2026-01-16 09:30:00-05:00,107.26,112.8,106.3,112.8,2248522.00
2026-01-16 09:35:00-05:00,112.72,113.67,110.12,110.7295,1130655.00
2026-01-16 09:40:00-05:00,110.55,114.59,110.45,113.6428,1254391.00
2026-01-16 09:45:00-05:00,113.541,117.67,113.5,117.28,1750249.00
2026-01-16 09:50:00-05:00,117.36,119.4,117.36,119.18,1564839.00
2026-01-16 09:55:00-05:00,119.1995,119.98,116.19,116.24,1779158.00
2026-01-16 10:00:00-05:00,116.2775,119.1,115.4201,118.4886,1241552.00
2026-01-16 10:05:00-05:00,118.5,120.8,117.82,118.73,1715078.00
2026-01-16 10:10:00-05:00,118.729,119.0599,117.01,117.185,716506.00
2026-01-16 10:15:00-05:00,117.21,117.94,116.83,117.055,526436.00
2026-01-16 10:20:00-05:00,117.055,117.73,116.01,116.5176,515048.00
2026-01-16 10:25:00-05:00,116.455,117,114.85,116.515,592967.00
2026-01-16 10:30:00-05:00,116.56,116.8,114.4,114.7,546528.00
2026-01-16 10:35:00-05:00,114.66,114.98,113.66,114.6,509599.00
2026-01-16 10:40:00-05:00,114.6049,114.8299,113.33,114.2053,389057.00
2026-01-16 10:45:00-05:00,114.15,114.24,112.85,113.83,359411.00
2026-01-16 10:50:00-05:00,113.81,114.99,113.5301,114.445,441324.00
2026-01-16 10:55:00-05:00,114.45,116,113.92,115.98,392945.00
2026-01-16 11:00:00-05:00,115.95,116.1799,114.9,115.245,333562.00
2026-01-16 11:05:00-05:00,115.2005,115.2005,113.28,113.406,257473.00
2026-01-16 11:10:00-05:00,113.4,114.33,113.26,113.805,196538.00
2026-01-16 11:15:00-05:00,113.86,114.47,113.54,113.68,147573.00
2026-01-16 11:20:00-05:00,113.55,115.16,113.4201,115.08,263525.00
2026-01-16 11:25:00-05:00,115.04,116.1594,114.88,115.7285,392539.00
2026-01-16 11:30:00-05:00,115.73,116.88,115.5301,115.63,357738.00
2026-01-16 11:35:00-05:00,115.72,116.7999,115.5,116.78,205089.00
2026-01-16 11:40:00-05:00,116.6927,117.22,115.54,115.56,372646.00
2026-01-16 11:45:00-05:00,115.61,116.4882,115.41,116.1,249325.00
2026-01-16 11:50:00-05:00,116.1,116.3453,115.58,115.99,132311.00
2026-01-16 11:55:00-05:00,116.02,116.9799,115.41,116.37,200560.00
2026-01-16 12:00:00-05:00,116.34,116.4,115.25,115.75,233340.00
2026-01-16 12:05:00-05:00,115.83,115.83,115.11,115.2146,177617.00
2026-01-16 12:10:00-05:00,115.2,115.99,114.8,115.26,154134.00
2026-01-16 12:15:00-05:00,115.2001,115.9,115.1,115.86,118998.00
2026-01-16 12:20:00-05:00,115.86,116.26,115.3,115.835,147086.00
2026-01-16 12:25:00-05:00,115.79,116.99,115.43,116.73,171799.00
2026-01-16 12:30:00-05:00,116.8,117.1,116.52,116.815,142316.00
2026-01-16 12:35:00-05:00,116.92,116.985,116.08,116.8,162864.00
2026-01-16 12:40:00-05:00,116.8273,117.15,116.29,116.74,116426.00
2026-01-16 12:45:00-05:00,116.7,116.815,116.27,116.46,91404.00
2026-01-16 12:50:00-05:00,116.6091,116.94,116.23,116.76,97507.00
2026-01-16 12:55:00-05:00,116.84,117.84,116.6301,116.695,463887.00
2026-01-16 13:00:00-05:00,116.64,117.73,116.52,117.35,202178.00
2026-01-16 13:05:00-05:00,117.3572,118.75,117.24,118.57,269802.00
2026-01-16 13:10:00-05:00,118.67,118.83,118.27,118.58,220227.00
2026-01-16 13:15:00-05:00,118.56,119.22,118.3101,118.55,311362.00
2026-01-16 13:20:00-05:00,118.589,118.6,117.39,117.745,250604.00
2026-01-16 13:25:00-05:00,117.9299,118.3933,117.73,118.36,155032.00
2026-01-16 13:30:00-05:00,118.36,118.72,117.8601,117.905,149686.00
2026-01-16 13:35:00-05:00,117.87,118.0677,117.37,117.725,210009.00
2026-01-16 13:40:00-05:00,117.68,117.945,117.43,117.79,141039.00
2026-01-16 13:45:00-05:00,117.8,118.48,117.26,118.34,186189.00
2026-01-16 13:50:00-05:00,118.3242,118.4758,117.88,118.06,108977.00
2026-01-16 13:55:00-05:00,118.09,118.32,117.73,118.2596,162196.00
2026-01-16 14:00:00-05:00,118.2381,118.82,117.5814,118.76,223890.00
2026-01-16 14:05:00-05:00,118.765,119.16,117.68,117.75,264531.00
2026-01-16 14:10:00-05:00,117.7047,118,117.4,117.8566,190554.00
2026-01-16 14:15:00-05:00,117.85,117.93,117.48,117.67,210189.00
2026-01-16 14:20:00-05:00,117.77,118.03,117.29,117.395,190485.00
2026-01-16 14:25:00-05:00,117.45,117.6,116.01,116.96,247329.00
2026-01-16 14:30:00-05:00,116.96,117.01,116.38,116.7,165752.00
2026-01-16 14:35:00-05:00,116.665,116.93,116.3517,116.67,155807.00
2026-01-16 14:40:00-05:00,116.69,116.93,116.46,116.73,163643.00
2026-01-16 14:45:00-05:00,116.74,117.26,116.4,116.8899,182353.00
2026-01-16 14:50:00-05:00,116.845,117.23,116.6,117.03,147162.00
2026-01-16 14:55:00-05:00,117.0426,117.525,116.75,116.94,119416.00
2026-01-16 15:00:00-05:00,116.965,116.965,115.6,116.19,351583.00
2026-01-16 15:05:00-05:00,116.2499,117.29,115.89,117.29,202433.00
2026-01-16 15:10:00-05:00,117.3,117.38,116.5,117.33,152054.00
2026-01-16 15:15:00-05:00,117.2355,117.95,117.09,117.335,199475.00
2026-01-16 15:20:00-05:00,117.3,117.5,116.93,117.02,137168.00
2026-01-16 15:25:00-05:00,117.084,117.095,116.01,116.3566,211974.00
2026-01-16 15:30:00-05:00,116.2,116.69,115.75,116.38,187221.00
2026-01-16 15:35:00-05:00,116.38,116.69,116.09,116.305,136091.00
2026-01-16 15:40:00-05:00,116.25,116.3399,115.82,115.98,152771.00
2026-01-16 15:45:00-05:00,115.94,115.942,114.6,114.655,336270.00
2026-01-16 15:50:00-05:00,114.655,115.5399,114.655,114.9705,361623.00
2026-01-16 15:55:00-05:00,114.97,115.83,114.97,115.74,657370.00
2026-01-20 09:30:00-05:00,113.1,116.92,112.8,116.44,1226939.00
2026-01-20 09:35:00-05:00,116.255,119,115,116.73,790653.00
2026-01-20 09:40:00-05:00,116.795,117.22,114.7,116.64,532820.00
2026-01-20 09:45:00-05:00,116.3,116.3943,114.2,115.03,496645.00
2026-01-20 09:50:00-05:00,115.01,116.5,114.25,114.32,384547.00
2026-01-20 09:55:00-05:00,114.3,114.91,113.18,113.64,319964.00
2026-01-20 10:00:00-05:00,113.52,113.9599,112.4,113.6001,364421.00
2026-01-20 10:05:00-05:00,113.6,114.2,112.5,113.2248,277699.00
2026-01-20 10:10:00-05:00,113.29,114.6236,113.28,113.995,271587.00
2026-01-20 10:15:00-05:00,114.005,114.99,113.4,113.4301,228552.00
2026-01-20 10:20:00-05:00,113.57,114.74,113.45,114.14,169254.00
2026-01-20 10:25:00-05:00,114.03,115.51,114.01,114.07,277612.00
2026-01-20 10:30:00-05:00,114.1,115.6,114.02,115.595,227074.00
2026-01-20 10:35:00-05:00,115.51,115.75,114.8,115.47,216538.00
2026-01-20 10:40:00-05:00,115.48,116.4,115.48,116.3,226490.00
2026-01-20 10:45:00-05:00,116.23,116.3253,115.05,115.32,181761.00
2026-01-20 10:50:00-05:00,115.415,115.75,115.08,115.1,131537.00
2026-01-20 10:55:00-05:00,115.13,115.63,114.85,115.39,125925.00
2026-01-20 11:00:00-05:00,115.385,115.385,114.4526,115,146727.00
2026-01-20 11:05:00-05:00,114.965,116.03,114.6077,115.7,128980.00
2026-01-20 11:10:00-05:00,115.86,116.57,115.6301,116,132970.00
2026-01-20 11:15:00-05:00,115.96,116.77,115.96,116.56,130757.00
2026-01-20 11:20:00-05:00,116.62,116.87,116.2929,116.43,201115.00
2026-01-20 11:25:00-05:00,116.43,117.4999,116.01,117.379,191548.00
2026-01-20 11:30:00-05:00,117.38,118.2,117.25,117.97,235493.00
2026-01-20 11:35:00-05:00,117.95,119.49,117.93,119.44,338499.00
2026-01-20 11:40:00-05:00,119.445,119.5799,118.03,118.2418,237549.00
2026-01-20 11:45:00-05:00,118.225,118.45,117.51,118.32,165657.00
2026-01-20 11:50:00-05:00,118.32,118.72,117.8,118.3298,122346.00
2026-01-20 11:55:00-05:00,118.28,119.7,118.27,119.2595,218037.00
2026-01-20 12:00:00-05:00,119.24,119.72,118.7843,119.01,140395.00
2026-01-20 12:05:00-05:00,118.8367,119.58,118.78,118.965,131165.00
2026-01-20 12:10:00-05:00,118.9,119.13,118.48,118.9,131380.00
2026-01-20 12:15:00-05:00,118.93,119.655,118.72,119.295,141802.00
2026-01-20 12:20:00-05:00,119.295,119.8199,119.16,119.4,196113.00
2026-01-20 12:25:00-05:00,119.455,119.89,118.9108,119.31,146325.00
2026-01-20 12:30:00-05:00,119.205,119.205,117.02,117.355,303551.00
2026-01-20 12:35:00-05:00,117.3213,117.83,117.03,117.605,145766.00
2026-01-20 12:40:00-05:00,117.7,118.79,117.6,117.775,103445.00
2026-01-20 12:45:00-05:00,117.72,117.85,117.13,117.575,105858.00
2026-01-20 12:50:00-05:00,117.43,118.15,117.15,118,85043.00
2026-01-20 12:55:00-05:00,117.93,117.93,117.16,117.16,59573.00
2026-01-20 13:00:00-05:00,117.16,117.97,117.05,117.54,72079.00
2026-01-20 13:05:00-05:00,117.53,118,117.32,117.95,67472.00
2026-01-20 13:10:00-05:00,117.96,118.99,117.8201,118.51,99045.00
2026-01-20 13:15:00-05:00,118.5849,119.1,118.3,118.61,114735.00
2026-01-20 13:20:00-05:00,118.685,118.83,118.051,118.2,79327.00
2026-01-20 13:25:00-05:00,118.06,118.1599,116.7,116.865,167651.00
2026-01-20 13:30:00-05:00,116.854,117.3363,116.2247,116.46,149611.00
2026-01-20 13:35:00-05:00,116.4702,116.8109,116.1201,116.3034,138139.00
2026-01-20 13:40:00-05:00,116.2,116.3099,115.29,115.59,122129.00
2026-01-20 13:45:00-05:00,115.53,115.8399,115.15,115.263,116177.00
2026-01-20 13:50:00-05:00,115.2,115.33,114.455,114.73,155826.00
2026-01-20 13:55:00-05:00,114.7405,115.99,114.6,115.885,135396.00
2026-01-20 14:00:00-05:00,115.93,116.38,115.6018,115.91,109390.00
2026-01-20 14:05:00-05:00,115.98,116.35,115.67,116.3152,73977.00
2026-01-20 14:10:00-05:00,116.3591,116.56,115.71,116.07,85707.00
2026-01-20 14:15:00-05:00,116.1,116.4126,115.74,115.99,73962.00
2026-01-20 14:20:00-05:00,116.05,116.18,115,115.08,98605.00
2026-01-20 14:25:00-05:00,115,115.03,114.05,114.19,129951.00
2026-01-20 14:30:00-05:00,114.1902,114.1915,111.03,111.36,654237.00
2026-01-20 14:35:00-05:00,111.36,112.859,111.1,112.46,215697.00
2026-01-20 14:40:00-05:00,112.5,113.2599,112.1802,112.425,177880.00
2026-01-20 14:45:00-05:00,112.425,113.2,112.23,112.985,93814.00
2026-01-20 14:50:00-05:00,112.89,114.49,112.65,114.105,153881.00
2026-01-20 14:55:00-05:00,114.17,114.4299,113.13,114.1301,129110.00
2026-01-20 15:00:00-05:00,114.13,114.14,113.1,113.5,116699.00
2026-01-20 15:05:00-05:00,113.505,113.5733,112.76,112.9653,97553.00
2026-01-20 15:10:00-05:00,112.9,113.2237,112.06,112.32,125966.00
2026-01-20 15:15:00-05:00,112.265,112.68,111.66,112.545,135117.00
2026-01-20 15:20:00-05:00,112.43,112.6997,111.9311,112.0731,93518.00
2026-01-20 15:25:00-05:00,112.02,112.44,111.9,112.18,110014.00
2026-01-20 15:30:00-05:00,112.325,112.38,111.58,111.95,170841.00
2026-01-20 15:35:00-05:00,111.89,112.409,111.79,112.15,122930.00
2026-01-20 15:40:00-05:00,112.18,112.29,111.6647,112.25,109089.00
2026-01-20 15:45:00-05:00,112.3,112.66,112.16,112.31,151215.00
2026-01-20 15:50:00-05:00,112.31,112.8,111.66,111.69,215543.00
2026-01-20 15:55:00-05:00,111.77,112.74,111.72,112.465,284208.00
2026-01-21 09:30:00-05:00,116.6,120.93,113.885,113.95,1286705.00
2026-01-21 09:35:00-05:00,113.95,114.79,111.25,113.558,771817.00
2026-01-21 09:40:00-05:00,113.525,113.75,111.169,111.5,369495.00
2026-01-21 09:45:00-05:00,111.37,112.77,111.01,112.01,262552.00
2026-01-21 09:50:00-05:00,112,112,110.4,110.7385,270834.00
2026-01-21 09:55:00-05:00,110.77,111.5,109.61,109.61,352649.00
2026-01-21 10:00:00-05:00,109.765,109.96,108.24,108.4,438050.00
2026-01-21 10:05:00-05:00,108.4,109.5,108.35,109.1111,247753.00
2026-01-21 10:10:00-05:00,109.11,109.6,108.02,108.11,276613.00
2026-01-21 10:15:00-05:00,108.11,110.7764,108.02,110.74,311254.00
2026-01-21 10:20:00-05:00,110.655,110.68,108.2,108.34,225992.00
2026-01-21 10:25:00-05:00,108.44,108.66,107.39,108.14,361345.00
2026-01-21 10:30:00-05:00,108.26,109.78,108.254,109.655,223211.00
2026-01-21 10:35:00-05:00,109.78,109.78,108.43,108.47,152558.00
2026-01-21 10:40:00-05:00,108.47,109.76,108.25,109.1501,137491.00
2026-01-21 10:45:00-05:00,109.245,109.54,108.81,108.83,122070.00
2026-01-21 10:50:00-05:00,108.89,109.5,108.75,109.08,122148.00
2026-01-21 10:55:00-05:00,109.07,109.36,108.36,108.385,113274.00
2026-01-21 11:00:00-05:00,108.39,108.63,108.19,108.455,87457.00
2026-01-21 11:05:00-05:00,108.38,108.38,107.69,107.765,135282.00
2026-01-21 11:10:00-05:00,107.77,107.78,106.91,107.1,211071.00
2026-01-21 11:15:00-05:00,107.14,107.5341,105.662,105.715,493773.00
2026-01-21 11:20:00-05:00,105.715,105.715,104.22,104.33,531271.00
2026-01-21 11:25:00-05:00,104.34,104.66,103.15,103.8,367827.00
2026-01-21 11:30:00-05:00,103.81,104.25,103.21,103.69,378136.00
2026-01-21 11:35:00-05:00,103.71,103.71,102.79,103.0865,232569.00
2026-01-21 11:40:00-05:00,103.05,103.565,102.6455,102.865,256676.00
2026-01-21 11:45:00-05:00,102.785,103.45,102.4217,103.11,330706.00
2026-01-21 11:50:00-05:00,103.22,103.45,101.92,102.195,259202.00
2026-01-21 11:55:00-05:00,102.195,102.29,101.68,101.8001,254799.00
2026-01-21 12:00:00-05:00,101.8051,102.4899,100.7,101.0001,501499.00
2026-01-21 12:05:00-05:00,101.055,101.2,100.03,100.2,388231.00
2026-01-21 12:10:00-05:00,100.0901,100.58,99.8,100.56,460263.00
2026-01-21 12:15:00-05:00,100.6,101.9,100.2901,101.25,396200.00
2026-01-21 12:20:00-05:00,101.2,101.36,99.3321,99.795,403703.00
2026-01-21 12:25:00-05:00,99.76,100.18,99,99.4979,312462.00
2026-01-21 12:30:00-05:00,99.48,99.48,98.15,98.5,375258.00
2026-01-21 12:35:00-05:00,98.46,99.8,98.11,99.23,288187.00
2026-01-21 12:40:00-05:00,99.27,99.555,98.44,98.5,211602.00
2026-01-21 12:45:00-05:00,98.5,99.63,98.2401,99.31,244710.00
2026-01-21 12:50:00-05:00,99.3,100.8199,99.03,100.53,278366.00
2026-01-21 12:55:00-05:00,100.33,101.06,100.0101,100.78,211620.00
2026-01-21 13:00:00-05:00,100.82,101.06,98.9,99.11,261037.00
2026-01-21 13:05:00-05:00,99.17,99.28,98.42,98.6619,166859.00
2026-01-21 13:10:00-05:00,98.67,99.7299,98.62,98.88,168339.00
2026-01-21 13:15:00-05:00,98.94,99.445,98.71,99.43,220663.00
2026-01-21 13:20:00-05:00,99.43,100.05,99.097,99.915,164435.00
2026-01-21 13:25:00-05:00,99.935,100.24,99.8,100.13,121270.00
2026-01-21 13:30:00-05:00,100.135,100.34,99.07,99.07,176351.00
2026-01-21 13:35:00-05:00,99.07,99.4399,98.41,98.9,231558.00
2026-01-21 13:40:00-05:00,98.9,99.325,98.7601,98.9177,189152.00
2026-01-21 13:45:00-05:00,98.94,99.7899,98.85,99.625,200187.00
2026-01-21 13:50:00-05:00,99.7099,100.02,98.85,99.04,164421.00
2026-01-21 13:55:00-05:00,99.18,99.4,98.92,99.13,102144.00
2026-01-21 14:00:00-05:00,99.09,99.1,97.61,97.995,346964.00
2026-01-21 14:05:00-05:00,98.05,98.11,97.65,98.09,212938.00
2026-01-21 14:10:00-05:00,98.09,98.2,97.39,97.415,183494.00
2026-01-21 14:15:00-05:00,97.43,97.93,97.28,97.6651,159403.00
2026-01-21 14:20:00-05:00,97.79,97.79,97.25,97.48,157222.00
2026-01-21 14:25:00-05:00,97.44,100.5,96.93,99.6,491045.00
2026-01-21 14:30:00-05:00,99.61,100.71,98.4301,100.5001,559310.00
2026-01-21 14:35:00-05:00,100.565,101.9,100.385,101.14,821293.00
2026-01-21 14:40:00-05:00,101.14,101.9399,100.62,101.92,335745.00
2026-01-21 14:45:00-05:00,101.94,102.47,101.2859,102.33,302949.00
2026-01-21 14:50:00-05:00,102.325,103.17,101.36,103.17,406204.00
2026-01-21 14:55:00-05:00,103.12,104.24,102.97,104.085,578883.00
2026-01-21 15:00:00-05:00,104.1,105,103.3094,104.5294,513715.00
2026-01-21 15:05:00-05:00,104.65,105.8302,104.0201,105.28,434514.00
2026-01-21 15:10:00-05:00,105.33,105.625,103.8,104.76,477008.00
2026-01-21 15:15:00-05:00,104.83,105.13,103.44,103.805,355185.00
2026-01-21 15:20:00-05:00,103.9,104.2,103.0501,103.555,291253.00
2026-01-21 15:25:00-05:00,103.6151,103.6699,102.9001,103.01,226698.00
2026-01-21 15:30:00-05:00,103.045,103.26,101.74,102.58,337617.00
2026-01-21 15:35:00-05:00,102.58,104.1999,102.501,103.755,254896.00
2026-01-21 15:40:00-05:00,103.76,103.95,103.37,103.6029,147483.00
2026-01-21 15:45:00-05:00,103.645,103.82,102.84,103.265,166844.00
2026-01-21 15:50:00-05:00,103.12,103.77,102.8847,103.23,248056.00
2026-01-21 15:55:00-05:00,103.25,103.7422,102.9,103.54,524762.00
2026-01-22 09:30:00-05:00,109.68,110.51,107.35,107.7,841829.00
2026-01-22 09:35:00-05:00,107.68,108.2,105.8,106.76,442010.00
2026-01-22 09:40:00-05:00,106.76,109.15,106.0301,109.15,313063.00
2026-01-22 09:45:00-05:00,109.28,109.28,106.41,107.362,341839.00
2026-01-22 09:50:00-05:00,107.455,109.7,107.4,109.476,310422.00
2026-01-22 09:55:00-05:00,109.4368,110.69,108.5,109.2922,444668.00
2026-01-22 10:00:00-05:00,109.24,109.44,107.24,108.16,235284.00
2026-01-22 10:05:00-05:00,108.09,108.49,107.56,108.035,156233.00
2026-01-22 10:10:00-05:00,108.15,108.15,107.2,107.78,114899.00
2026-01-22 10:15:00-05:00,107.86,108.8999,107.5,107.58,174015.00
2026-01-22 10:20:00-05:00,107.52,108.05,106.8015,107,145030.00
2026-01-22 10:25:00-05:00,107.0399,107.99,106.9,107.968,122766.00
2026-01-22 10:30:00-05:00,107.89,109.12,107.79,108.875,199804.00
2026-01-22 10:35:00-05:00,108.875,109.659,108.68,109.065,188466.00
2026-01-22 10:40:00-05:00,109.07,109.1486,108.21,108.8007,129632.00
2026-01-22 10:45:00-05:00,108.87,108.87,108.07,108.105,142067.00
2026-01-22 10:50:00-05:00,108.1692,108.63,107.9,108.36,80306.00
2026-01-22 10:55:00-05:00,108.36,108.81,108.02,108.56,111186.00
2026-01-22 11:00:00-05:00,108.6614,109.75,108.43,109.47,175802.00
2026-01-22 11:05:00-05:00,109.4196,109.5,108.6745,108.78,87364.00
2026-01-22 11:10:00-05:00,108.84,109.55,108.7,109.54,80101.00
2026-01-22 11:15:00-05:00,109.5368,109.6,108.7,109.46,76804.00
2026-01-22 11:20:00-05:00,109.51,109.73,109.35,109.65,77588.00
2026-01-22 11:25:00-05:00,109.66,109.7,108.9,109.525,81553.00
2026-01-22 11:30:00-05:00,109.55,109.74,109.17,109.615,109591.00
2026-01-22 11:35:00-05:00,109.615,110.7097,109.325,110.17,289928.00
2026-01-22 11:40:00-05:00,110.21,110.5,109.8001,110.425,108088.00
2026-01-22 11:45:00-05:00,110.43,110.6,109.7,110.56,117561.00
2026-01-22 11:50:00-05:00,110.525,111.2,110.47,110.9481,175615.00
2026-01-22 11:55:00-05:00,110.98,110.98,110.47,110.81,91501.00
2026-01-22 12:00:00-05:00,110.8,111.85,110.7,111.765,185858.00
2026-01-22 12:05:00-05:00,111.8076,112.15,111.1563,112.0133,213423.00
2026-01-22 12:10:00-05:00,112.09,112.09,110.86,110.945,164294.00
2026-01-22 12:15:00-05:00,110.99,111.4899,110.86,111.4899,122289.00
2026-01-22 12:20:00-05:00,111.445,112.14,111.32,112.0988,125331.00
2026-01-22 12:25:00-05:00,112.13,112.14,111.6044,111.85,95280.00
2026-01-22 12:30:00-05:00,111.85,112.359,111.79,112.2,128947.00
2026-01-22 12:35:00-05:00,112.1169,112.34,111.79,112.0599,65139.00
2026-01-22 12:40:00-05:00,112.06,112.83,112.04,112.795,148097.00
2026-01-22 12:45:00-05:00,112.7891,113.5,112.7366,113.03,189635.00
2026-01-22 12:50:00-05:00,113.2199,113.76,113.04,113.685,138068.00
2026-01-22 12:55:00-05:00,113.69,114.4,113.55,114.14,249298.00
2026-01-22 13:00:00-05:00,114.0901,115.44,113.8001,115.4,437319.00
2026-01-22 13:05:00-05:00,115.37,116.24,115.3,115.52,396558.00
2026-01-22 13:10:00-05:00,115.52,115.85,114.93,115.15,276238.00
2026-01-22 13:15:00-05:00,115.16,116.2999,115.0301,115.83,281397.00
2026-01-22 13:20:00-05:00,115.82,116.23,114.9201,115.04,223091.00
2026-01-22 13:25:00-05:00,115.01,116.29,114.68,116,319451.00
2026-01-22 13:30:00-05:00,116.0001,116.4,115.72,115.99,247436.00
2026-01-22 13:35:00-05:00,115.9604,116.44,115.79,116.42,160780.00
2026-01-22 13:40:00-05:00,116.415,116.55,116.09,116.19,190656.00
2026-01-22 13:45:00-05:00,116.18,117.025,116.1244,116.589,271257.00
2026-01-22 13:50:00-05:00,116.63,117.51,116.5617,116.99,215000.00
2026-01-22 13:55:00-05:00,116.95,117.73,116.95,117.57,277893.00
2026-01-22 14:00:00-05:00,117.6,117.83,116.45,116.6284,251929.00
2026-01-22 14:05:00-05:00,116.57,117.2,116.57,117.1512,152359.00
2026-01-22 14:10:00-05:00,117.12,117.44,116.83,116.985,97126.00
2026-01-22 14:15:00-05:00,117,117.74,116.8901,117.695,141980.00
2026-01-22 14:20:00-05:00,117.69,117.98,117.4,117.82,151971.00
2026-01-22 14:25:00-05:00,117.855,117.9799,117.63,117.85,118359.00
2026-01-22 14:30:00-05:00,117.87,118.47,117.74,118.425,267267.00
2026-01-22 14:35:00-05:00,118.39,118.61,118.15,118.3,187653.00
2026-01-22 14:40:00-05:00,118.38,118.8,117.9,118.1084,247859.00
2026-01-22 14:45:00-05:00,118.16,118.5306,118,118.26,159492.00
2026-01-22 14:50:00-05:00,118.2138,119.35,118.2132,119.115,376720.00
2026-01-22 14:55:00-05:00,119.18,119.77,118.88,119.77,273280.00
2026-01-22 15:00:00-05:00,119.64,119.708,118.62,118.9,240171.00
2026-01-22 15:05:00-05:00,118.9,119.16,118.2,119.095,230066.00
2026-01-22 15:10:00-05:00,119.15,119.88,118.587,119.785,265239.00
2026-01-22 15:15:00-05:00,119.785,120.09,119.49,119.49,377331.00
2026-01-22 15:20:00-05:00,119.52,119.6,119.06,119.43,165274.00
2026-01-22 15:25:00-05:00,119.3896,119.59,119.02,119.115,173432.00
2026-01-22 15:30:00-05:00,119.06,119.17,118.0101,118.3,305147.00
2026-01-22 15:35:00-05:00,118.2557,118.3,116.76,116.84,358240.00
2026-01-22 15:40:00-05:00,116.86,116.9599,116.415,116.55,271390.00
2026-01-22 15:45:00-05:00,116.65,117.04,116.32,116.59,215568.00
2026-01-22 15:50:00-05:00,116.42,116.42,114.88,115.46,476517.00
2026-01-22 15:55:00-05:00,115.44,116.3899,115.43,116.33,616865.00
2026-01-23 09:30:00-05:00,115.53,118.7463,115.5,115.9,485066.00
2026-01-23 09:35:00-05:00,115.96,118.96,115.6,115.93,451444.00
2026-01-23 09:40:00-05:00,115.6201,117.72,115.01,116.475,326370.00
2026-01-23 09:45:00-05:00,116.31,116.31,113.01,114.155,459152.00
2026-01-23 09:50:00-05:00,114.155,115.8126,113.23,113.4748,354797.00
2026-01-23 09:55:00-05:00,113.37,114.4699,112.69,114.01,248886.00
2026-01-23 10:00:00-05:00,114.3299,115.6099,114,114.8418,186509.00
2026-01-23 10:05:00-05:00,114.73,115.59,114.6001,115.23,120750.00
2026-01-23 10:10:00-05:00,115.24,117.1,115.24,116.21,225541.00
2026-01-23 10:15:00-05:00,116.165,116.65,115.02,115.225,179636.00
2026-01-23 10:20:00-05:00,115.31,116.5,115.3,116.2557,107506.00
2026-01-23 10:25:00-05:00,116.3,116.5999,115.57,115.7,104307.00
2026-01-23 10:30:00-05:00,115.62,117.1,115.6,116.81,189671.00
2026-01-23 10:35:00-05:00,116.81,117.66,116.44,117.65,147580.00
2026-01-23 10:40:00-05:00,117.64,119,117.42,117.71,498801.00
2026-01-23 10:45:00-05:00,117.72,118.055,116.8444,117.825,226737.00
2026-01-23 10:50:00-05:00,117.825,118.88,117.7401,118.59,233563.00
2026-01-23 10:55:00-05:00,118.59,118.98,118.05,118.38,174617.00
2026-01-23 11:00:00-05:00,118.38,118.3994,117.1172,117.12,176773.00
2026-01-23 11:05:00-05:00,117.1201,117.31,115.8,115.875,172036.00
2026-01-23 11:10:00-05:00,115.83,116.81,115.745,116.3759,149135.00
2026-01-23 11:15:00-05:00,116.49,116.66,116.06,116.26,67751.00
2026-01-23 11:20:00-05:00,116.295,116.31,115.52,115.903,122675.00
2026-01-23 11:25:00-05:00,115.825,116,114.7781,115.48,220507.00
2026-01-23 11:30:00-05:00,115.49,115.62,114.91,115.28,82182.00
2026-01-23 11:35:00-05:00,115.3031,116.218,115.15,116.0264,91622.00
2026-01-23 11:40:00-05:00,115.94,117.07,115.67,116.93,170197.00
2026-01-23 11:45:00-05:00,116.905,117.3984,116.61,117.1727,129276.00
2026-01-23 11:50:00-05:00,116.95,117.3,116,116.305,136083.00
2026-01-23 11:55:00-05:00,116.3,116.58,115.82,116.11,66750.00
2026-01-23 12:00:00-05:00,116.11,116.3494,115.44,116.21,83071.00
2026-01-23 12:05:00-05:00,116.21,116.4999,115.51,116.22,64536.00
2026-01-23 12:10:00-05:00,116.1875,116.74,115.91,116.68,58183.00
2026-01-23 12:15:00-05:00,116.595,116.8987,116.3,116.7649,61748.00
2026-01-23 12:20:00-05:00,116.7651,117.2,116.7649,117.16,79111.00
2026-01-23 12:25:00-05:00,117.15,117.3,116.56,116.695,68830.00
2026-01-23 12:30:00-05:00,116.749,116.85,115.5,115.88,107375.00
2026-01-23 12:35:00-05:00,115.8,116.2,115.67,115.85,54459.00
2026-01-23 12:40:00-05:00,115.8987,116.31,115.62,115.96,67414.00
2026-01-23 12:45:00-05:00,115.93,116.3799,115.8,116.195,67982.00
2026-01-23 12:50:00-05:00,116.15,116.4756,115.8,115.95,51208.00
2026-01-23 12:55:00-05:00,115.8005,116.38,115.2,115.2,86307.00
2026-01-23 13:00:00-05:00,115.32,116.0025,115.01,115.81,67588.00
2026-01-23 13:05:00-05:00,115.82,116.6,115.7,116.53,106243.00
2026-01-23 13:10:00-05:00,116.485,116.8799,115.41,115.535,76442.00
2026-01-23 13:15:00-05:00,115.5534,116.1,115.49,115.76,37206.00
2026-01-23 13:20:00-05:00,115.77,116.2999,115.63,115.99,36019.00
2026-01-23 13:25:00-05:00,115.98,116.15,115.705,115.705,39573.00
2026-01-23 13:30:00-05:00,115.78,115.88,114.75,114.86,73004.00
2026-01-23 13:35:00-05:00,114.89,115.55,114.89,115.5125,52827.00
2026-01-23 13:40:00-05:00,115.425,115.49,114.51,114.92,149871.00
2026-01-23 13:45:00-05:00,114.67,115.16,114.53,114.53,49273.00
2026-01-23 13:50:00-05:00,114.59,114.86,114.23,114.495,108951.00
2026-01-23 13:55:00-05:00,114.53,115.03,114.51,114.835,53625.00
2026-01-23 14:00:00-05:00,114.82,115.08,114.31,114.7944,52751.00
2026-01-23 14:05:00-05:00,114.8,114.8,114.33,114.66,58970.00
2026-01-23 14:10:00-05:00,114.59,114.83,114.39,114.6,37079.00
2026-01-23 14:15:00-05:00,114.59,115.09,114.3301,115.005,47725.00
2026-01-23 14:20:00-05:00,114.94,115.42,114.8936,114.92,50893.00
2026-01-23 14:25:00-05:00,114.91,115.01,114.62,114.63,50392.00
2026-01-23 14:30:00-05:00,114.6,114.77,114.3,114.49,69896.00
2026-01-23 14:35:00-05:00,114.47,114.58,113.92,113.955,59044.00
2026-01-23 14:40:00-05:00,113.945,114.27,113.83,114.1964,64306.00
2026-01-23 14:45:00-05:00,114,114.31,113.8,113.84,47067.00
2026-01-23 14:50:00-05:00,113.8,114.2,113.5,113.54,68883.00
2026-01-23 14:55:00-05:00,113.53,114.08,113.48,113.89,52188.00
2026-01-23 15:00:00-05:00,113.87,113.87,112.57,112.74,196140.00
2026-01-23 15:05:00-05:00,112.65,113,112.21,112.38,138559.00
2026-01-23 15:10:00-05:00,112.47,113.3399,112.11,113.225,109772.00
2026-01-23 15:15:00-05:00,113.339,113.4799,112.93,113.045,59707.00
2026-01-23 15:20:00-05:00,112.96,113.02,112.53,112.63,74883.00
2026-01-23 15:25:00-05:00,112.7157,112.7157,112.05,112.1996,95580.00
2026-01-23 15:30:00-05:00,112.09,112.09,111.25,111.7305,171889.00
2026-01-23 15:35:00-05:00,111.82,112.32,111.82,112.32,115437.00
2026-01-23 15:40:00-05:00,112.33,113.15,112.33,112.98,131883.00
2026-01-23 15:45:00-05:00,112.9128,113.71,112.9128,113.265,137343.00
2026-01-23 15:50:00-05:00,113.21,113.99,113.21,113.84,168400.00
2026-01-23 15:55:00-05:00,113.8,113.8,113.4,113.65,329369.00
2026-01-26 09:30:00-05:00,112.55,113,106.5,107.84,647234.00
2026-01-26 09:35:00-05:00,107.947,109.65,107.805,108.52,398411.00
2026-01-26 09:40:00-05:00,108.52,109.4799,107.9,108.576,303977.00
2026-01-26 09:45:00-05:00,108.595,110.32,107.91,108.66,250060.00
2026-01-26 09:50:00-05:00,108.81,109.32,107.5,107.75,214102.00
2026-01-26 09:55:00-05:00,107.76,108.4,107.5,108.095,173316.00
2026-01-26 10:00:00-05:00,108.12,108.9454,108,108.33,147250.00
2026-01-26 10:05:00-05:00,108.3,108.988,108.16,108.17,148929.00
2026-01-26 10:10:00-05:00,108.22,108.5,107.7,107.965,142968.00
2026-01-26 10:15:00-05:00,107.78,108.25,107.07,107.29,164827.00
2026-01-26 10:20:00-05:00,107.33,107.41,106.62,107.03,204256.00
2026-01-26 10:25:00-05:00,106.95,107.05,106.53,106.69,120495.00
2026-01-26 10:30:00-05:00,106.6,106.6199,105.5201,105.78,285789.00
2026-01-26 10:35:00-05:00,105.72,105.7799,104.61,104.7201,294197.00
2026-01-26 10:40:00-05:00,104.73,104.9498,104.41,104.81,275988.00
2026-01-26 10:45:00-05:00,104.805,106.88,104.745,106.86,325654.00
2026-01-26 10:50:00-05:00,106.805,106.95,106.0201,106.2812,143894.00
2026-01-26 10:55:00-05:00,106.28,106.49,105.69,106.05,105434.00
2026-01-26 11:00:00-05:00,105.94,106,105.0701,105.3499,92300.00
2026-01-26 11:05:00-05:00,105.2308,105.55,104.93,105.4748,147144.00
2026-01-26 11:10:00-05:00,105.4135,105.5799,105.07,105.29,85138.00
2026-01-26 11:15:00-05:00,105.26,105.42,104.33,104.51,141953.00
2026-01-26 11:20:00-05:00,104.5,104.76,104.01,104.0501,174610.00
2026-01-26 11:25:00-05:00,104.05,104.5,103.75,104.5,191074.00
2026-01-26 11:30:00-05:00,104.43,105.165,104.3701,105.08,173017.00
2026-01-26 11:35:00-05:00,105.01,105.4,104.81,104.91,161575.00
2026-01-26 11:40:00-05:00,104.93,105.2391,104.6201,105.12,83172.00
2026-01-26 11:45:00-05:00,105.11,106.72,105.1,106.57,190619.00
2026-01-26 11:50:00-05:00,106.51,107.01,106.0103,106.0151,154958.00
2026-01-26 11:55:00-05:00,106.07,106.15,105.57,106.03,120741.00
2026-01-26 12:00:00-05:00,106.03,106.5299,106.03,106.32,154504.00
2026-01-26 12:05:00-05:00,106.22,106.59,106.02,106.22,110817.00
2026-01-26 12:10:00-05:00,106.19,106.89,106.1501,106.418,130493.00
2026-01-26 12:15:00-05:00,106.37,106.989,106.37,106.797,110179.00
2026-01-26 12:20:00-05:00,106.79,107.4,106.45,106.98,167292.00
2026-01-26 12:25:00-05:00,107.05,107.3699,106.81,106.955,101911.00
2026-01-26 12:30:00-05:00,106.955,107.2999,106.34,106.4401,106385.00
2026-01-26 12:35:00-05:00,106.48,106.6499,106.12,106.3301,124211.00
2026-01-26 12:40:00-05:00,106.315,106.5699,106.15,106.17,52704.00
2026-01-26 12:45:00-05:00,106.285,106.523,106.0101,106.21,70440.00
2026-01-26 12:50:00-05:00,106.2,106.299,106.03,106.2473,69042.00
2026-01-26 12:55:00-05:00,106.24,106.25,105.84,106,64055.00
2026-01-26 13:00:00-05:00,105.89,105.97,105.7,105.795,42662.00
2026-01-26 13:05:00-05:00,105.71,106.0799,105.62,105.755,68108.00
2026-01-26 13:10:00-05:00,105.755,105.85,105.25,105.3731,69220.00
2026-01-26 13:15:00-05:00,105.41,106.24,105.32,105.805,82260.00
2026-01-26 13:20:00-05:00,105.805,105.8899,105.48,105.7821,59750.00
2026-01-26 13:25:00-05:00,105.77,105.8756,105.57,105.82,32469.00
2026-01-26 13:30:00-05:00,105.83,106.08,105.68,105.76,53215.00
2026-01-26 13:35:00-05:00,105.72,106.01,105.6144,105.9,50150.00
2026-01-26 13:40:00-05:00,105.935,106.03,105.7701,106.02,42831.00
2026-01-26 13:45:00-05:00,105.9526,106.354,105.82,106.2816,62448.00
2026-01-26 13:50:00-05:00,106.26,106.3799,106.08,106.245,58299.00
2026-01-26 13:55:00-05:00,106.254,106.64,105.88,106.56,82281.00
2026-01-26 14:00:00-05:00,106.49,106.99,106.49,106.945,73930.00
2026-01-26 14:05:00-05:00,106.89,106.99,106.4,106.74,64344.00
2026-01-26 14:10:00-05:00,106.76,106.9499,106.59,106.885,52798.00
2026-01-26 14:15:00-05:00,106.92,107.2299,106.77,107.146,75793.00
2026-01-26 14:20:00-05:00,107.03,107.88,106.96,107.745,114122.00
2026-01-26 14:25:00-05:00,107.7,107.9,107.38,107.38,85785.00
2026-01-26 14:30:00-05:00,107.435,107.6699,107.11,107.31,72823.00
2026-01-26 14:35:00-05:00,107.25,107.45,106.85,107.33,67369.00
2026-01-26 14:40:00-05:00,107.32,107.4999,107.03,107.4999,43268.00
2026-01-26 14:45:00-05:00,107.435,107.49,106.82,107,61561.00
2026-01-26 14:50:00-05:00,106.99,106.99,106.2405,106.3201,115393.00
2026-01-26 14:55:00-05:00,106.39,106.63,105.76,105.76,110802.00
2026-01-26 15:00:00-05:00,105.76,105.76,105.31,105.45,86244.00
2026-01-26 15:05:00-05:00,105.45,105.48,104.7,104.74,123988.00
2026-01-26 15:10:00-05:00,104.8586,105.2122,104.5048,105.08,157826.00
2026-01-26 15:15:00-05:00,105.0101,105.44,104.92,105.1,85408.00
2026-01-26 15:20:00-05:00,105.165,105.3981,104.795,105.02,108526.00
2026-01-26 15:25:00-05:00,105.04,105.2,104.76,105.09,75291.00
2026-01-26 15:30:00-05:00,105.11,105.8,105.1,105.34,63630.00
2026-01-26 15:35:00-05:00,105.368,106.085,105.368,105.91,88102.00
2026-01-26 15:40:00-05:00,105.91,105.97,105.2,105.21,74353.00
2026-01-26 15:45:00-05:00,105.29,105.46,105.0719,105.2326,79981.00
2026-01-26 15:50:00-05:00,105.16,105.16,104.37,104.78,179697.00
2026-01-26 15:55:00-05:00,104.74,105.1696,104.5285,105.1696,356271.00
2026-01-27 09:30:00-05:00,106.28,107.96,105.288,105.87,282524.00
2026-01-27 09:35:00-05:00,105.97,107.16,105.9,106.37,147819.00
2026-01-27 09:40:00-05:00,106.3001,106.9399,105.6777,105.71,153674.00
2026-01-27 09:45:00-05:00,105.7001,106.0718,104.52,104.815,192285.00
2026-01-27 09:50:00-05:00,104.7,105.27,104.6,104.85,149277.00
2026-01-27 09:55:00-05:00,104.88,105.029,104.24,104.58,137446.00
2026-01-27 10:00:00-05:00,104.34,105.085,103.27,104.9399,292792.00
2026-01-27 10:05:00-05:00,104.87,105.02,103.7101,104.0698,140136.00
2026-01-27 10:10:00-05:00,104.06,104.7199,103.9,104.16,149577.00
2026-01-27 10:15:00-05:00,104.15,105.9,104.0951,105.9,136030.00
2026-01-27 10:20:00-05:00,105.89,107.53,105.84,106.675,308548.00
2026-01-27 10:25:00-05:00,106.59,108.55,106.24,108.17,296507.00
2026-01-27 10:30:00-05:00,108.235,108.3,105.45,105.5001,220107.00
2026-01-27 10:35:00-05:00,105.6,106.32,104.92,106.04,200398.00
2026-01-27 10:40:00-05:00,106.13,106.65,105.77,105.97,112074.00
2026-01-27 10:45:00-05:00,105.9,106.84,105.8,106.235,99600.00
2026-01-27 10:50:00-05:00,106.1601,106.47,105.7,105.96,156524.00
2026-01-27 10:55:00-05:00,106.02,106.17,105.67,105.976,45260.00
2026-01-27 11:00:00-05:00,105.9,106.45,105.27,105.4201,145141.00
2026-01-27 11:05:00-05:00,105.55,106.04,105.1,105.1,107974.00
2026-01-27 11:10:00-05:00,105.155,105.53,104.9,105.41,91521.00
2026-01-27 11:15:00-05:00,105.53,105.8,104.78,105.3301,92628.00
2026-01-27 11:20:00-05:00,105.3301,106.1,105.19,105.8,59248.00
2026-01-27 11:25:00-05:00,105.84,106.47,105.7,106.065,76798.00
2026-01-27 11:30:00-05:00,106.02,106.27,105.827,105.95,35720.00
2026-01-27 11:35:00-05:00,105.9,107.62,105.77,107.56,158973.00
2026-01-27 11:40:00-05:00,107.37,107.495,106.4201,106.65,97290.00
2026-01-27 11:45:00-05:00,106.7,106.9499,106.51,106.61,234195.00
2026-01-27 11:50:00-05:00,106.6,106.84,106.0401,106.43,40468.00
2026-01-27 11:55:00-05:00,106.64,106.85,105.8101,105.875,46427.00
2026-01-27 12:00:00-05:00,105.76,105.9633,105.42,105.75,116959.00
2026-01-27 12:05:00-05:00,105.8,106.14,105.63,105.97,25064.00
2026-01-27 12:10:00-05:00,105.77,105.7765,105.11,105.27,90062.00
2026-01-27 12:15:00-05:00,105.23,105.31,104.5,104.7701,104363.00
2026-01-27 12:20:00-05:00,104.775,105.51,104.775,105.39,44578.00
2026-01-27 12:25:00-05:00,105.2917,105.86,105.2917,105.49,33835.00
2026-01-27 12:30:00-05:00,105.6,106.62,105.5265,106.62,61055.00
2026-01-27 12:35:00-05:00,106.5,107.68,106.34,107.3,153554.00
2026-01-27 12:40:00-05:00,107.35,107.35,106.6403,107.1799,76323.00
2026-01-27 12:45:00-05:00,107.11,108.18,106.95,108.09,184721.00
2026-01-27 12:50:00-05:00,108.045,108.34,107.53,107.64,96283.00
2026-01-27 12:55:00-05:00,107.68,107.95,107.23,107.3,66342.00
2026-01-27 13:00:00-05:00,107.2915,107.88,107.22,107.78,70992.00
2026-01-27 13:05:00-05:00,107.78,108.08,107.54,107.85,59462.00
2026-01-27 13:10:00-05:00,107.9499,108.1899,107.65,107.808,64749.00
2026-01-27 13:15:00-05:00,107.8388,108.22,107.62,107.69,45761.00
2026-01-27 13:20:00-05:00,107.6901,107.91,107.45,107.5,39071.00
2026-01-27 13:25:00-05:00,107.5,108.18,107.33,108.104,65387.00
2026-01-27 13:30:00-05:00,108.08,108.73,108.01,108.4712,146579.00
2026-01-27 13:35:00-05:00,108.3801,108.58,108.0186,108.09,49136.00
2026-01-27 13:40:00-05:00,108.01,108.43,107.58,107.72,67831.00
2026-01-27 13:45:00-05:00,107.78,107.83,107.3,107.305,59357.00
2026-01-27 13:50:00-05:00,107.36,107.8799,107.3,107.61,56471.00
2026-01-27 13:55:00-05:00,107.58,107.6499,107.171,107.36,61504.00
2026-01-27 14:00:00-05:00,107.3,107.8287,107.26,107.515,50518.00
2026-01-27 14:05:00-05:00,107.525,107.65,107.07,107.21,31278.00
2026-01-27 14:10:00-05:00,107.16,107.91,107.16,107.815,50971.00
2026-01-27 14:15:00-05:00,107.81,108.245,107.66,108.13,44766.00
2026-01-27 14:20:00-05:00,108.09,108.13,107.58,107.665,45564.00
2026-01-27 14:25:00-05:00,107.595,108.12,107.55,107.89,38508.00
2026-01-27 14:30:00-05:00,107.87,107.93,107.49,107.69,29206.00
2026-01-27 14:35:00-05:00,107.695,108.1,107.695,107.92,39927.00
2026-01-27 14:40:00-05:00,107.9106,108.39,107.91,107.955,58506.00
2026-01-27 14:45:00-05:00,107.86,108.47,107.86,108.33,62823.00
2026-01-27 14:50:00-05:00,108.305,108.47,108.11,108.315,35159.00
2026-01-27 14:55:00-05:00,108.3155,110.0499,108.25,109.96,229551.00
2026-01-27 15:00:00-05:00,109.96,109.96,109.22,109.31,98919.00
2026-01-27 15:05:00-05:00,109.385,110.62,109.185,110.5595,123003.00
2026-01-27 15:10:00-05:00,110.51,111.4,110.51,111.28,245234.00
2026-01-27 15:15:00-05:00,111.2253,111.47,110.73,111.334,211893.00
2026-01-27 15:20:00-05:00,111.33,112.23,111.09,111.72,249112.00
2026-01-27 15:25:00-05:00,111.6327,111.94,111.48,111.49,115087.00
2026-01-27 15:30:00-05:00,111.4825,111.57,110.88,110.96,155428.00
2026-01-27 15:35:00-05:00,110.99,111.62,110.99,111.23,65871.00
2026-01-27 15:40:00-05:00,111.18,111.92,111.04,111.89,122444.00
2026-01-27 15:45:00-05:00,111.885,112.1,111.0814,111.1496,134523.00
2026-01-27 15:50:00-05:00,111.13,111.9452,110.83,111.9149,154075.00
2026-01-27 15:55:00-05:00,111.86,111.86,111.26,111.39,312190.00
2026-01-28 09:30:00-05:00,113.525,115.1,112.7,113.4,519633.00
2026-01-28 09:35:00-05:00,113.52,113.93,111.6,112.75,329207.00
2026-01-28 09:40:00-05:00,113.015,114.53,112.49,113.7,234009.00
2026-01-28 09:45:00-05:00,113.78,115.93,113.4,115.015,371508.00
2026-01-28 09:50:00-05:00,115.015,115.56,114.101,114.54,208596.00
2026-01-28 09:55:00-05:00,114.57,115.97,114.56,115.32,181414.00
2026-01-28 10:00:00-05:00,115.5,116.8,114.98,116.505,296776.00
2026-01-28 10:05:00-05:00,116.403,117.088,116.1,116.29,264239.00
2026-01-28 10:10:00-05:00,116.4,117.83,115.9,117.667,365666.00
2026-01-28 10:15:00-05:00,117.645,119.87,116.78,116.83,605425.00
2026-01-28 10:20:00-05:00,116.805,117.7955,116.5,116.83,269506.00
2026-01-28 10:25:00-05:00,116.91,116.91,114.989,115.9,382083.00
2026-01-28 10:30:00-05:00,116.2,116.75,115.37,115.49,135593.00
2026-01-28 10:35:00-05:00,115.46,115.51,114.1,115.2959,193102.00
2026-01-28 10:40:00-05:00,115.315,115.9708,114.738,115.0499,107793.00
2026-01-28 10:45:00-05:00,114.945,115.13,114.39,114.95,94687.00
2026-01-28 10:50:00-05:00,114.9946,115.1,114.36,114.36,51808.00
2026-01-28 10:55:00-05:00,114.4045,115.5,113.58,113.58,130720.00
2026-01-28 11:00:00-05:00,113.5701,114.87,113.57,114.7365,102365.00
2026-01-28 11:05:00-05:00,114.7825,115.28,114.43,115.26,67973.00
2026-01-28 11:10:00-05:00,115.195,116.95,115.04,116.8201,172876.00
2026-01-28 11:15:00-05:00,116.97,117.1,115.75,116.23,210710.00
2026-01-28 11:20:00-05:00,116.22,116.33,115.22,115.63,87802.00
2026-01-28 11:25:00-05:00,115.625,115.69,115.38,115.45,47027.00
2026-01-28 11:30:00-05:00,115.41,115.56,114.42,114.5,105122.00
2026-01-28 11:35:00-05:00,114.465,114.63,113.92,114.11,85450.00
2026-01-28 11:40:00-05:00,114.01,114.915,114,114.8,99808.00
2026-01-28 11:45:00-05:00,114.87,116.1,114.87,115.305,93549.00
2026-01-28 11:50:00-05:00,115.3999,116.6,115.265,116.14,66588.00
2026-01-28 11:55:00-05:00,116.1,117.66,115.92,115.96,168570.00
2026-01-28 12:00:00-05:00,115.7201,117.47,115.7201,116.586,92849.00
2026-01-28 12:05:00-05:00,116.61,117.31,116.3,117.31,81776.00
2026-01-28 12:10:00-05:00,117.389,119.3999,117.26,119.24,351106.00
2026-01-28 12:15:00-05:00,119.275,119.8,118.5501,119.25,282524.00
2026-01-28 12:20:00-05:00,119.25,119.6199,118.42,118.65,177803.00
2026-01-28 12:25:00-05:00,118.55,119.87,118.4001,119.62,204591.00
2026-01-28 12:30:00-05:00,119.4994,119.62,118.77,118.87,110422.00
2026-01-28 12:35:00-05:00,119.0098,120.13,118.995,119.4434,369394.00
2026-01-28 12:40:00-05:00,119.4,119.5,118.86,119.195,129811.00
2026-01-28 12:45:00-05:00,118.99,121.28,118.85,120.44,315830.00
2026-01-28 12:50:00-05:00,120.2,120.44,119.01,119.46,192253.00
2026-01-28 12:55:00-05:00,119.25,119.75,117.9,118.2424,205011.00
2026-01-28 13:00:00-05:00,118.35,118.8299,118.02,118.52,93805.00
2026-01-28 13:05:00-05:00,118.679,119.3,118.48,118.86,66270.00
2026-01-28 13:10:00-05:00,118.8107,119.03,118.41,118.57,50296.00
2026-01-28 13:15:00-05:00,118.55,119.87,118.55,119.5264,91390.00
2026-01-28 13:20:00-05:00,119.5398,119.87,119.17,119.8563,70242.00
2026-01-28 13:25:00-05:00,119.8,120.99,119.6386,120.82,193053.00
2026-01-28 13:30:00-05:00,120.67,121.36,120.6501,120.9,257906.00
2026-01-28 13:35:00-05:00,120.8751,122,120.8751,121.855,230507.00
2026-01-28 13:40:00-05:00,121.855,121.87,121.23,121.555,118439.00
2026-01-28 13:45:00-05:00,121.61,122.19,121.15,121.59,190368.00
2026-01-28 13:50:00-05:00,121.52,121.52,120.331,120.595,158115.00
2026-01-28 13:55:00-05:00,120.615,120.9999,120.2001,120.43,82200.00
2026-01-28 14:00:00-05:00,120.37,120.6999,120.12,120.5,80124.00
2026-01-28 14:05:00-05:00,120.6,120.7885,119.84,120.29,114405.00
2026-01-28 14:10:00-05:00,120.29,121.22,120.1401,120.5,117466.00
2026-01-28 14:15:00-05:00,120.625,121.3,120.3101,121.1855,74075.00
2026-01-28 14:20:00-05:00,121.115,121.54,120.48,120.48,82450.00
2026-01-28 14:25:00-05:00,120.45,121.6392,119.01,119.2975,137168.00
2026-01-28 14:30:00-05:00,119.45,120.66,117.3,120.0501,380216.00
2026-01-28 14:35:00-05:00,120.27,121.55,119.65,121.5,200603.00
2026-01-28 14:40:00-05:00,121.59,122.1,121,121.915,207434.00
2026-01-28 14:45:00-05:00,121.9,123.75,121.7401,123.465,397608.00
2026-01-28 14:50:00-05:00,123.63,124.32,123.1,123.4,337487.00
2026-01-28 14:55:00-05:00,123.415,123.9,120.95,120.96,218630.00
2026-01-28 15:00:00-05:00,120.96,122.3625,120.6,122.1575,229019.00
2026-01-28 15:05:00-05:00,122.05,122.32,121.62,121.65,104210.00
2026-01-28 15:10:00-05:00,121.76,123.35,121.31,122.55,163756.00
2026-01-28 15:15:00-05:00,122.55,123.88,122.5101,123.6904,173671.00
2026-01-28 15:20:00-05:00,123.59,123.8,123,123.3,119313.00
2026-01-28 15:25:00-05:00,123.39,123.4494,122.5,122.56,108022.00
2026-01-28 15:30:00-05:00,122.52,122.58,121.91,121.93,131600.00
2026-01-28 15:35:00-05:00,121.88,122.63,121.53,122.185,133023.00
2026-01-28 15:40:00-05:00,122.19,122.85,121.4101,121.856,148017.00
2026-01-28 15:45:00-05:00,121.84,121.845,121.2,121.325,178673.00
2026-01-28 15:50:00-05:00,121.26,121.61,120.6,120.76,227378.00
2026-01-28 15:55:00-05:00,120.8,121.53,120.8,121.23,618792.00
2026-01-29 09:30:00-05:00,122.395,123.5965,120.21,120.965,635542.00
2026-01-29 09:35:00-05:00,121,121,118.22,119.77,324921.00
2026-01-29 09:40:00-05:00,119.78,119.99,117.67,118.16,244980.00
2026-01-29 09:45:00-05:00,118.31,121.21,117.98,120.67,307570.00
2026-01-29 09:50:00-05:00,120.67,120.7999,118.01,118.565,225248.00
2026-01-29 09:55:00-05:00,118.6116,118.92,117.4,117.58,271420.00
2026-01-29 10:00:00-05:00,117.52,117.8,115.51,115.682,499672.00
2026-01-29 10:05:00-05:00,115.7055,116.2399,114.67,115.37,406465.00
2026-01-29 10:10:00-05:00,115.29,115.62,114.44,114.5875,241425.00
2026-01-29 10:15:00-05:00,114.595,115.67,114.5,115.075,276586.00
2026-01-29 10:20:00-05:00,114.93,117.2,114.7,117.09,254486.00
2026-01-29 10:25:00-05:00,117.034,118.525,116.6401,117.09,251007.00
2026-01-29 10:30:00-05:00,117.09,117.9003,116.895,117.1855,148730.00
2026-01-29 10:35:00-05:00,117.15,117.165,115.93,116.373,182530.00
2026-01-29 10:40:00-05:00,116.37,116.53,115.5,115.5295,165543.00
2026-01-29 10:45:00-05:00,115.625,116.19,114.89,115.46,258976.00
2026-01-29 10:50:00-05:00,115.5173,115.65,114.05,114.505,294079.00
2026-01-29 10:55:00-05:00,114.44,116.76,114.19,116.325,479682.00
2026-01-29 11:00:00-05:00,116.31,116.81,115.33,115.83,128837.00
2026-01-29 11:05:00-05:00,115.7,116.3899,114.57,114.57,118408.00
2026-01-29 11:10:00-05:00,114.57,115.895,114.19,115.52,153181.00
2026-01-29 11:15:00-05:00,115.58,116.28,115.3,115.48,145248.00
2026-01-29 11:20:00-05:00,115.54,115.83,114.65,115.015,128391.00
2026-01-29 11:25:00-05:00,115.18,115.5,114.75,115.145,113117.00
2026-01-29 11:30:00-05:00,115.09,115.23,114.13,114.7175,168072.00
2026-01-29 11:35:00-05:00,114.64,114.7596,113.35,113.5,212332.00
2026-01-29 11:40:00-05:00,113.5,114.95,113.4601,114.175,165577.00
2026-01-29 11:45:00-05:00,114.175,115.8999,114.02,115.795,107010.00
2026-01-29 11:50:00-05:00,115.736,116.7499,115.3501,115.4943,161374.00
2026-01-29 11:55:00-05:00,115.5,115.92,115.205,115.575,61773.00
2026-01-29 12:00:00-05:00,115.52,115.85,115.13,115.74,71216.00
2026-01-29 12:05:00-05:00,115.66,116.0858,115.6,115.97,75661.00
2026-01-29 12:10:00-05:00,115.96,116.73,115.96,116.475,119466.00
2026-01-29 12:15:00-05:00,116.51,116.84,116.25,116.665,111613.00
2026-01-29 12:20:00-05:00,116.77,118.18,116.675,117.8,184165.00
2026-01-29 12:25:00-05:00,117.75,118.9,117.68,118,131568.00
2026-01-29 12:30:00-05:00,117.93,118.8574,117.85,118.5713,108300.00
2026-01-29 12:35:00-05:00,118.7,119.46,118.6001,118.85,227529.00
2026-01-29 12:40:00-05:00,118.73,118.81,118.1159,118.7,102723.00
2026-01-29 12:45:00-05:00,118.665,118.75,118.01,118.37,64992.00
2026-01-29 12:50:00-05:00,118.49,118.49,117.92,118.2,49734.00
2026-01-29 12:55:00-05:00,117.98,118.4,117.88,118.05,73660.00
2026-01-29 13:00:00-05:00,118.29,118.85,118.225,118.5094,79790.00
2026-01-29 13:05:00-05:00,118.49,119.43,118.49,118.97,95573.00
2026-01-29 13:10:00-05:00,119.04,120.0199,118.87,119.76,122700.00
2026-01-29 13:15:00-05:00,119.77,120.05,119.376,119.83,67542.00
2026-01-29 13:20:00-05:00,119.65,119.76,119.02,119.375,72175.00
2026-01-29 13:25:00-05:00,119.1571,120.2681,119.1571,119.75,105745.00
2026-01-29 13:30:00-05:00,119.66,119.72,117.23,117.72,235627.00
2026-01-29 13:35:00-05:00,117.53,118.26,117.5,118.245,44817.00
2026-01-29 13:40:00-05:00,118.245,118.4673,117.92,118.2999,52191.00
2026-01-29 13:45:00-05:00,118.3,118.65,118.17,118.495,34468.00
2026-01-29 13:50:00-05:00,118.45,118.46,117.96,117.98,41563.00
2026-01-29 13:55:00-05:00,118.09,118.7999,117.75,117.76,129841.00
2026-01-29 14:00:00-05:00,117.78,118.01,117.42,117.545,63143.00
2026-01-29 14:05:00-05:00,117.45,118.57,117.41,118.487,43081.00
2026-01-29 14:10:00-05:00,118.5,118.6,118.0901,118.205,38458.00
2026-01-29 14:15:00-05:00,118.155,119.05,118.09,118.58,58731.00
2026-01-29 14:20:00-05:00,118.63,119.61,118.57,119.5225,69209.00
2026-01-29 14:25:00-05:00,119.51,120.6563,119.39,120.56,130229.00
2026-01-29 14:30:00-05:00,120.56,120.56,117.23,117.56,179111.00
2026-01-29 14:35:00-05:00,117.61,118.345,117.45,118.3,62125.00
2026-01-29 14:40:00-05:00,118.36,119.7,118.36,119.68,86867.00
2026-01-29 14:45:00-05:00,119.655,120.04,119.45,119.855,126930.00
2026-01-29 14:50:00-05:00,119.82,120.54,119.62,120.245,105623.00
2026-01-29 14:55:00-05:00,120.32,121.2,119.02,119.1603,240041.00
2026-01-29 15:00:00-05:00,119.28,119.49,118.73,119.155,160489.00
2026-01-29 15:05:00-05:00,119.09,119.96,118.99,119.7595,57089.00
2026-01-29 15:10:00-05:00,119.9,120.2,119.01,119.21,65182.00
2026-01-29 15:15:00-05:00,119.031,119.61,118.8,119.305,67328.00
2026-01-29 15:20:00-05:00,119.21,119.69,118.61,119.14,71917.00
2026-01-29 15:25:00-05:00,119.15,119.26,118.08,118.127,83952.00
2026-01-29 15:30:00-05:00,118.0401,118.8899,117.99,118.73,99751.00
2026-01-29 15:35:00-05:00,118.735,119.45,118.735,119.44,51359.00
2026-01-29 15:40:00-05:00,119.41,120.62,119.37,120.405,145738.00
2026-01-29 15:45:00-05:00,120.36,120.75,119.82,119.825,134635.00
2026-01-29 15:50:00-05:00,120.3,121.37,120.12,121.26,200723.00
2026-01-29 15:55:00-05:00,121.32,122.53,121.13,122.11,379846.00
2026-01-30 09:30:00-05:00,120.74,129.32,120.62,127.718,1279108.00
2026-01-30 09:35:00-05:00,127.63,129,126.07,128.76,495028.00
2026-01-30 09:40:00-05:00,128.56,129.89,127.3023,129.045,539229.00
2026-01-30 09:45:00-05:00,129.18,129.3,127.12,128.345,589223.00
2026-01-30 09:50:00-05:00,128.5,128.57,125.5,125.67,374368.00
2026-01-30 09:55:00-05:00,125.635,125.71,123.01,123.2,368595.00
2026-01-30 10:00:00-05:00,123.28,123.4594,118.75,118.75,652368.00
2026-01-30 10:05:00-05:00,118.71,120.8399,118.07,118.12,566865.00
2026-01-30 10:10:00-05:00,118.125,118.69,115.61,116.475,499193.00
2026-01-30 10:15:00-05:00,116.4605,118.336,116.4605,117.02,427135.00
2026-01-30 10:20:00-05:00,116.97,118.2999,116.66,116.775,213427.00
2026-01-30 10:25:00-05:00,116.71,116.97,115.75,116.3901,272836.00
2026-01-30 10:30:00-05:00,116.4,116.765,115.711,115.855,233455.00
2026-01-30 10:35:00-05:00,115.96,118.2,115.82,118.14,247635.00
2026-01-30 10:40:00-05:00,118.1899,120.16,117.98,118.275,364660.00
2026-01-30 10:45:00-05:00,118.35,118.57,116.57,116.74,121349.00
2026-01-30 10:50:00-05:00,116.71,116.9699,115.15,115.79,326752.00
2026-01-30 10:55:00-05:00,115.5865,116.51,114.54,114.67,383440.00
2026-01-30 11:00:00-05:00,114.76,115,113.58,113.725,368727.00
2026-01-30 11:05:00-05:00,113.7535,114.99,113.21,113.6701,292198.00
2026-01-30 11:10:00-05:00,113.9699,114.36,113.1,113.1201,210378.00
2026-01-30 11:15:00-05:00,113.21,113.21,111.83,111.99,302283.00
2026-01-30 11:20:00-05:00,111.905,112.55,111.61,112.005,268942.00
2026-01-30 11:25:00-05:00,112.005,113.39,111.8001,113.126,176825.00
2026-01-30 11:30:00-05:00,113.2615,114.17,112.9,113.7269,192368.00
2026-01-30 11:35:00-05:00,113.65,114.7499,113.4,114.09,155288.00
2026-01-30 11:40:00-05:00,114.015,114.4599,113.9101,113.9101,136617.00
2026-01-30 11:45:00-05:00,114,114.08,113.07,113.19,118023.00
2026-01-30 11:50:00-05:00,113.11,113.1599,112.1088,112.62,184803.00
2026-01-30 11:55:00-05:00,112.63,112.77,112.0449,112.56,104270.00
2026-01-30 12:00:00-05:00,112.61,112.81,112.1,112.7,88278.00
2026-01-30 12:05:00-05:00,112.7,112.82,111.81,112.23,142392.00
2026-01-30 12:10:00-05:00,112.14,112.8599,112.0001,112.315,90274.00
2026-01-30 12:15:00-05:00,112.27,112.96,111.97,112.52,124452.00
2026-01-30 12:20:00-05:00,112.56,113.18,112.1,112.9699,130708.00
2026-01-30 12:25:00-05:00,112.73,113.33,112.03,112.1,140577.00
2026-01-30 12:30:00-05:00,112.1,112.12,110.2724,110.305,314611.00
2026-01-30 12:35:00-05:00,110.3574,110.38,109.43,109.43,374826.00
2026-01-30 12:40:00-05:00,109.49,110.16,109.24,110.035,175486.00
2026-01-30 12:45:00-05:00,110,110.58,109.87,110.34,197490.00
2026-01-30 12:50:00-05:00,110.2501,111.2,109.85,110.71,137768.00
2026-01-30 12:55:00-05:00,110.685,111.18,109.8855,109.965,139049.00
2026-01-30 13:00:00-05:00,109.9425,110.5599,109.8201,110.5399,121900.00
2026-01-30 13:05:00-05:00,110.435,110.725,110.01,110.1918,139217.00
2026-01-30 13:10:00-05:00,110.21,110.36,109.8,110.1002,119316.00
2026-01-30 13:15:00-05:00,110.1,110.28,109.89,109.98,112798.00
2026-01-30 13:20:00-05:00,109.995,110.2802,109.66,110.115,118813.00
2026-01-30 13:25:00-05:00,110.2299,111,110.04,110.42,174034.00
2026-01-30 13:30:00-05:00,110.4,110.5,109.01,109.1478,180002.00
2026-01-30 13:35:00-05:00,109.15,109.88,108.8255,109.5699,193135.00
2026-01-30 13:40:00-05:00,109.5,110.13,109.39,109.6,138576.00
2026-01-30 13:45:00-05:00,109.66,110.43,109.6,110.23,126372.00
2026-01-30 13:50:00-05:00,110.31,112.14,110.31,111.855,340433.00
2026-01-30 13:55:00-05:00,111.94,113.79,111.79,112.9634,306833.00
2026-01-30 14:00:00-05:00,112.88,113.7299,112.1183,112.84,152267.00
2026-01-30 14:05:00-05:00,112.995,113.6849,112.85,113.02,148502.00
2026-01-30 14:10:00-05:00,113.16,113.48,112.6101,112.885,89467.00
2026-01-30 14:15:00-05:00,112.81,113.25,112.53,112.76,113851.00
2026-01-30 14:20:00-05:00,112.75,113.74,112.71,113.541,113549.00
2026-01-30 14:25:00-05:00,113.61,114.37,112.39,112.39,168351.00
2026-01-30 14:30:00-05:00,112.39,112.948,111.31,111.38,175211.00
2026-01-30 14:35:00-05:00,111.48,112.4951,111.3,112.1716,100026.00
2026-01-30 14:40:00-05:00,112.06,112.26,111.6301,111.705,63997.00
2026-01-30 14:45:00-05:00,111.7,111.8,110.56,110.605,119378.00
2026-01-30 14:50:00-05:00,110.63,111.72,110.5001,111.67,109820.00
2026-01-30 14:55:00-05:00,111.68,111.8,110.1001,110.2435,85479.00
2026-01-30 15:00:00-05:00,110.17,111.05,110.14,110.85,161885.00
2026-01-30 15:05:00-05:00,110.84,111.515,110.84,111.31,139587.00
2026-01-30 15:10:00-05:00,111.13,111.17,110.32,110.535,94347.00
2026-01-30 15:15:00-05:00,110.46,110.63,109.92,110.25,120002.00
2026-01-30 15:20:00-05:00,110.26,110.27,109.27,109.27,209558.00
2026-01-30 15:25:00-05:00,109.33,109.63,108.7,108.753,171799.00
2026-01-30 15:30:00-05:00,108.72,110.17,108.67,109.79,170226.00
2026-01-30 15:35:00-05:00,109.86,111.02,109.79,110.6,158681.00
2026-01-30 15:40:00-05:00,110.55,111.2999,110.31,111.22,139104.00
2026-01-30 15:45:00-05:00,111.1901,111.88,111.1901,111.84,160387.00
2026-01-30 15:50:00-05:00,111.9,113.12,111,111.03,359920.00
2026-01-30 15:55:00-05:00,111.03,111.68,110.93,111.27,364297.00
2026-02-02 09:30:00-05:00,109.89,110.1099,106.85,107.02,607091.00
2026-02-02 09:35:00-05:00,107.11,108.42,105.62,107.295,449039.00
2026-02-02 09:40:00-05:00,107.4899,107.4899,104.4,104.58,451223.00
2026-02-02 09:45:00-05:00,104.5501,106.22,104.2201,106.18,416496.00
2026-02-02 09:50:00-05:00,106.164,106.89,105.84,106.725,327750.00
2026-02-02 09:55:00-05:00,106.45,108.1,106.1,107.0882,295757.00
2026-02-02 10:00:00-05:00,107.14,108.52,106.1501,108.37,280634.00
2026-02-02 10:05:00-05:00,108.5,109.89,108.3001,109.78,286313.00
2026-02-02 10:10:00-05:00,109.65,109.96,108.49,108.97,171252.00
2026-02-02 10:15:00-05:00,108.9,110.5,108.64,110.39,155152.00
2026-02-02 10:20:00-05:00,110.3341,110.67,109.3722,109.6425,149959.00
2026-02-02 10:25:00-05:00,109.6001,109.78,108.8101,109.08,136134.00
2026-02-02 10:30:00-05:00,109,109.09,107.6001,107.6001,122952.00
2026-02-02 10:35:00-05:00,107.69,108.0999,107,107.5,171211.00
2026-02-02 10:40:00-05:00,107.45,108.11,107.45,107.63,114982.00
2026-02-02 10:45:00-05:00,107.61,107.81,106.5401,106.685,160768.00
2026-02-02 10:50:00-05:00,106.715,107.04,105.58,105.995,235460.00
2026-02-02 10:55:00-05:00,105.92,106.07,105.21,105.25,162481.00
2026-02-02 11:00:00-05:00,105.255,105.255,104.36,104.62,271907.00
2026-02-02 11:05:00-05:00,104.705,105.35,104.23,105.32,184296.00
2026-02-02 11:10:00-05:00,105.36,105.44,104.56,104.835,125268.00
2026-02-02 11:15:00-05:00,104.795,105.6706,104.5,105.58,164778.00
2026-02-02 11:20:00-05:00,105.49,106.78,105.36,106.59,183802.00
2026-02-02 11:25:00-05:00,106.6,106.82,106.1501,106.5404,109489.00
2026-02-02 11:30:00-05:00,106.57,106.6099,106.0002,106.27,72656.00
2026-02-02 11:35:00-05:00,106.19,106.25,105.8,105.87,115008.00
2026-02-02 11:40:00-05:00,105.81,106.29,105.6,106.13,115200.00
2026-02-02 11:45:00-05:00,106.14,106.41,105.764,105.9928,76109.00
2026-02-02 11:50:00-05:00,106.01,106.95,105.87,106.7399,78157.00
2026-02-02 11:55:00-05:00,106.755,106.86,105.83,105.96,88228.00
2026-02-02 12:00:00-05:00,105.96,106.44,105.775,105.91,65432.00
2026-02-02 12:05:00-05:00,105.91,106.38,105.88,106.27,45135.00
2026-02-02 12:10:00-05:00,106.26,107.1,106.2404,106.95,95505.00
2026-02-02 12:15:00-05:00,106.97,107.74,106.53,107.6801,92674.00
2026-02-02 12:20:00-05:00,107.68,107.9183,107.23,107.787,142119.00
2026-02-02 12:25:00-05:00,107.7,107.7,106.25,106.98,104649.00
2026-02-02 12:30:00-05:00,106.9851,107.1,106.39,106.48,69759.00
2026-02-02 12:35:00-05:00,106.39,106.94,106.39,106.87,52382.00
2026-02-02 12:40:00-05:00,106.87,107.1,106.3778,107.07,49727.00
2026-02-02 12:45:00-05:00,107.08,107.1894,106.6106,106.618,70955.00
2026-02-02 12:50:00-05:00,106.8155,106.875,106.31,106.875,84880.00
2026-02-02 12:55:00-05:00,106.81,106.897,106.35,106.36,61989.00
2026-02-02 13:00:00-05:00,106.34,106.38,105.62,105.65,115280.00
2026-02-02 13:05:00-05:00,105.61,105.79,105.08,105.09,90890.00
2026-02-02 13:10:00-05:00,105.08,105.33,104.75,105.03,140290.00
2026-02-02 13:15:00-05:00,105.06,105.23,104.85,104.89,98875.00
2026-02-02 13:20:00-05:00,104.8524,105.15,104.7514,105.095,54009.00
2026-02-02 13:25:00-05:00,105.0973,105.2586,104.81,105.01,56787.00
2026-02-02 13:30:00-05:00,105.02,105.5,105,105.38,150626.00
2026-02-02 13:35:00-05:00,105.43,105.68,105.3,105.405,58243.00
2026-02-02 13:40:00-05:00,105.385,105.68,105.2,105.51,51730.00
2026-02-02 13:45:00-05:00,105.545,106.31,105.445,106.125,134944.00
2026-02-02 13:50:00-05:00,106.0601,106.07,105.31,105.43,68449.00
2026-02-02 13:55:00-05:00,105.43,105.5399,105,105.01,76490.00
2026-02-02 14:00:00-05:00,105,105.3,104.62,104.77,145865.00
2026-02-02 14:05:00-05:00,104.74,104.859,104.5,104.67,86674.00
2026-02-02 14:10:00-05:00,104.66,104.97,104.36,104.52,70532.00
2026-02-02 14:15:00-05:00,104.41,105.02,104.4,104.85,56129.00
2026-02-02 14:20:00-05:00,104.79,105.47,104.73,105.41,96073.00
2026-02-02 14:25:00-05:00,105.446,105.87,105.0215,105.425,328426.00
2026-02-02 14:30:00-05:00,105.4,105.49,104.4,104.4701,115518.00
2026-02-02 14:35:00-05:00,104.47,104.89,104.06,104.83,95987.00
2026-02-02 14:40:00-05:00,104.9,105.5943,104.81,105.5,99234.00
2026-02-02 14:45:00-05:00,105.55,106.2849,105.55,106,120314.00
2026-02-02 14:50:00-05:00,106.08,106.97,105.79,106.91,156328.00
2026-02-02 14:55:00-05:00,106.8399,107.19,104.735,104.835,212197.00
2026-02-02 15:00:00-05:00,104.71,105.2499,104.4,105.04,242658.00
2026-02-02 15:05:00-05:00,105.14,105.85,104.635,105.3,93180.00
2026-02-02 15:10:00-05:00,105.283,106.1,105.17,105.39,83684.00
2026-02-02 15:15:00-05:00,105.32,105.32,104.61,104.89,116958.00
2026-02-02 15:20:00-05:00,105,106.04,104.88,105.809,94052.00
2026-02-02 15:25:00-05:00,105.8,105.8,104.7501,104.7501,82478.00
2026-02-02 15:30:00-05:00,104.83,105.18,104.65,104.7761,106736.00
2026-02-02 15:35:00-05:00,104.71,105.1828,104.6101,104.69,97736.00
2026-02-02 15:40:00-05:00,104.62,105.22,104.61,105.09,140265.00
2026-02-02 15:45:00-05:00,105.0701,105.0701,104.648,104.78,182105.00
2026-02-02 15:50:00-05:00,104.75,104.99,104.31,104.37,244194.00
2026-02-02 15:55:00-05:00,104.42,104.85,104.37,104.58,300510.00
2026-02-03 09:30:00-05:00,108,110.3,106.05,106.65,459066.00
2026-02-03 09:35:00-05:00,106.41,109.085,105.7,107.98,250717.00
2026-02-03 09:40:00-05:00,108.0789,108.63,106.51,107.475,180208.00
2026-02-03 09:45:00-05:00,107.475,109.23,106.71,109.085,265970.00
2026-02-03 09:50:00-05:00,108.9994,109.25,107.6,107.62,228176.00
2026-02-03 09:55:00-05:00,107.655,107.98,106.4,106.54,171958.00
2026-02-03 10:00:00-05:00,106.52,109.68,106.52,109.615,218813.00
2026-02-03 10:05:00-05:00,109.66,109.82,108.2882,108.64,173775.00
2026-02-03 10:10:00-05:00,108.74,108.91,107.5,108.115,108968.00
2026-02-03 10:15:00-05:00,108.21,110.42,108.08,110.145,216931.00
2026-02-03 10:20:00-05:00,110.145,112.3399,110.09,111.7955,464343.00
2026-02-03 10:25:00-05:00,111.89,113.835,111.53,113.5,329566.00
2026-02-03 10:30:00-05:00,113.59,114.48,113.3444,114.08,347602.00
2026-02-03 10:35:00-05:00,114.16,114.34,113.21,113.6,170592.00
2026-02-03 10:40:00-05:00,113.725,115.09,113.668,114.455,286893.00
2026-02-03 10:45:00-05:00,114.5,115,113.73,114.87,189183.00
2026-02-03 10:50:00-05:00,114.97,115.6,114.7301,115.14,346841.00
2026-02-03 10:55:00-05:00,115.15,115.1799,114.07,114.145,213822.00
2026-02-03 11:00:00-05:00,114.12,114.22,112.88,112.93,259258.00
2026-02-03 11:05:00-05:00,112.99,113.97,112.43,113.095,188500.00
2026-02-03 11:10:00-05:00,113.14,114.99,112.8401,114.875,270625.00
2026-02-03 11:15:00-05:00,114.875,115.01,114.09,114.245,145042.00
2026-02-03 11:20:00-05:00,114.2575,114.38,113.08,113.74,134934.00
2026-02-03 11:25:00-05:00,113.63,115.11,113.63,114.355,107203.00
2026-02-03 11:30:00-05:00,114.29,114.93,113.92,114.79,60492.00
2026-02-03 11:35:00-05:00,114.715,114.715,114.1325,114.38,63399.00
2026-02-03 11:40:00-05:00,114.32,114.97,114.18,114.46,97815.00
2026-02-03 11:45:00-05:00,114.55,114.82,114.07,114.65,103321.00
2026-02-03 11:50:00-05:00,114.645,115.43,114.1029,115.305,196125.00
2026-02-03 11:55:00-05:00,115.305,116.68,115.19,116.405,343310.00
2026-02-03 12:00:00-05:00,116.32,116.41,115.6,116.0884,123383.00
2026-02-03 12:05:00-05:00,116.06,116.2,115.69,115.835,79074.00
2026-02-03 12:10:00-05:00,115.9,115.95,114.15,114.36,191351.00
2026-02-03 12:15:00-05:00,114.445,114.7999,113.75,114.2325,167904.00
2026-02-03 12:20:00-05:00,114.23,115.12,114.09,114.85,181897.00
2026-02-03 12:25:00-05:00,114.85,115.39,114.3463,114.69,118100.00
2026-02-03 12:30:00-05:00,114.69,115.6,114.55,114.82,161885.00
2026-02-03 12:35:00-05:00,114.845,114.97,114.06,114.13,84241.00
2026-02-03 12:40:00-05:00,114.15,114.525,113.81,113.81,112131.00
2026-02-03 12:45:00-05:00,113.835,114.0999,113.315,113.59,113705.00
2026-02-03 12:50:00-05:00,113.57,114.7999,113.5,114.155,93187.00
2026-02-03 12:55:00-05:00,114.18,114.26,113.39,113.525,79740.00
2026-02-03 13:00:00-05:00,113.495,113.56,112.53,112.76,140843.00
2026-02-03 13:05:00-05:00,112.71,113.67,112.2,113.535,144929.00
2026-02-03 13:10:00-05:00,113.48,114.8,113.42,113.955,132170.00
2026-02-03 13:15:00-05:00,114,114.14,113.105,113.4,67113.00
2026-02-03 13:20:00-05:00,113.47,113.75,112.7959,112.88,88986.00
2026-02-03 13:25:00-05:00,112.79,113.5571,112.2,113.5571,162366.00
2026-02-03 13:30:00-05:00,113.33,113.485,112.44,113,104428.00
2026-02-03 13:35:00-05:00,112.96,113.3,112.311,112.775,140489.00
2026-02-03 13:40:00-05:00,112.775,112.99,112.03,112.03,93413.00
2026-02-03 13:45:00-05:00,112.115,112.55,112.01,112.415,93187.00
2026-02-03 13:50:00-05:00,112.48,112.65,111.16,111.35,192491.00
2026-02-03 13:55:00-05:00,111.29,111.66,109.03,109.031,285493.00
2026-02-03 14:00:00-05:00,109.1101,109.53,108.39,108.9,194046.00
2026-02-03 14:05:00-05:00,108.91,109.41,108.1853,108.33,122307.00
2026-02-03 14:10:00-05:00,108.39,110.52,108.2,110.2329,183935.00
2026-02-03 14:15:00-05:00,110.2275,112.18,110.2275,112.02,198552.00
2026-02-03 14:20:00-05:00,111.895,112.5,111.4,111.8786,171541.00
2026-02-03 14:25:00-05:00,111.855,111.8677,109.76,109.76,181604.00
2026-02-03 14:30:00-05:00,109.85,110.5663,108.8,109.6,123538.00
2026-02-03 14:35:00-05:00,109.71,110.34,109.509,109.68,73137.00
2026-02-03 14:40:00-05:00,109.61,110.77,109.12,110.57,100882.00
2026-02-03 14:45:00-05:00,110.57,111.8399,110.16,111.6,78113.00
2026-02-03 14:50:00-05:00,111.84,112.66,111.18,112.5629,181547.00
2026-02-03 14:55:00-05:00,112.55,113.76,112.2917,113.2974,179408.00
2026-02-03 15:00:00-05:00,113.28,113.33,111.98,112.86,110329.00
2026-02-03 15:05:00-05:00,112.82,113.15,112.6,112.865,76564.00
2026-02-03 15:10:00-05:00,112.95,113.78,112.91,113.605,80924.00
2026-02-03 15:15:00-05:00,113.67,114.72,113.42,114.105,145772.00
2026-02-03 15:20:00-05:00,114.22,114.56,113.6,114.0449,106661.00
2026-02-03 15:25:00-05:00,114.09,114.33,113.52,113.6,86882.00
2026-02-03 15:30:00-05:00,113.73,114.8,113.73,114.675,135924.00
2026-02-03 15:35:00-05:00,114.68,115.24,114.63,115.09,157171.00
2026-02-03 15:40:00-05:00,115.09,115.98,114.98,115.86,207842.00
2026-02-03 15:45:00-05:00,115.86,116.16,115.5101,115.82,181474.00
2026-02-03 15:50:00-05:00,115.76,116.211,114.73,116,236441.00
2026-02-03 15:55:00-05:00,116.055,116.53,115.5,115.59,587386.00
2026-02-04 09:30:00-05:00,114.36,114.64,110.01,111.42,434506.00
2026-02-04 09:35:00-05:00,111.015,112.5,110.2,111.3965,243703.00
2026-02-04 09:40:00-05:00,111.565,112.98,110.15,112.5575,236738.00
2026-02-04 09:45:00-05:00,112.63,113.8,111.54,112.81,261905.00
2026-02-04 09:50:00-05:00,112.585,112.75,108.2,109.485,578239.00
2026-02-04 09:55:00-05:00,109.4851,109.84,108.01,108.095,291729.00
2026-02-04 10:00:00-05:00,108.02,108.2944,107.1301,107.2701,332081.00
2026-02-04 10:05:00-05:00,107.4211,109.23,107.25,108.72,261027.00
2026-02-04 10:10:00-05:00,108.745,109.65,107.81,108.5911,223106.00
2026-02-04 10:15:00-05:00,108.41,108.91,106.56,106.65,276889.00
2026-02-04 10:20:00-05:00,106.6072,107.42,106.2001,107.04,242123.00
2026-02-04 10:25:00-05:00,106.94,107.44,105.01,105.0257,371866.00
2026-02-04 10:30:00-05:00,105.04,105.23,101.96,102.05,617336.00
2026-02-04 10:35:00-05:00,102.0094,103.915,101.4,103.44,473755.00
2026-02-04 10:40:00-05:00,103.43,105.7,103.2,104.43,382351.00
2026-02-04 10:45:00-05:00,104.45,104.96,103.1,103.199,183706.00
2026-02-04 10:50:00-05:00,103.181,103.92,102.8,103.28,194854.00
2026-02-04 10:55:00-05:00,103.3,104.1375,102.2627,102.49,224312.00
2026-02-04 11:00:00-05:00,102.65,102.76,101.91,102.43,170651.00
2026-02-04 11:05:00-05:00,102.3225,102.815,101.82,102.09,198211.00
2026-02-04 11:10:00-05:00,101.9332,103.52,101.8401,102.21,203580.00
2026-02-04 11:15:00-05:00,102.195,102.72,100.411,100.97,348033.00
2026-02-04 11:20:00-05:00,100.8,101.97,100.4884,101.67,260325.00
2026-02-04 11:25:00-05:00,101.5639,102.8682,101.5639,102.525,311053.00
2026-02-04 11:30:00-05:00,102.41,102.7,101.33,101.41,116111.00
2026-02-04 11:35:00-05:00,101.38,101.38,99.5,99.57,396091.00
2026-02-04 11:40:00-05:00,99.605,99.81,98.555,99.05,428844.00
2026-02-04 11:45:00-05:00,99.02,99.74,98.77,99.6,263195.00
2026-02-04 11:50:00-05:00,99.66,101.2999,99.55,100.52,283283.00
2026-02-04 11:55:00-05:00,100.465,101.78,100.465,101.56,280876.00
2026-02-04 12:00:00-05:00,101.57,102.99,101.52,102.66,335933.00
2026-02-04 12:05:00-05:00,102.655,102.97,102.1101,102.4815,245268.00
2026-02-04 12:10:00-05:00,102.46,103.6099,102.181,103.32,244217.00
2026-02-04 12:15:00-05:00,103.13,103.4,101.57,101.71,165871.00
2026-02-04 12:20:00-05:00,101.561,101.9999,100.8301,100.87,167609.00
2026-02-04 12:25:00-05:00,100.98,101.01,99.07,99.45,284101.00
2026-02-04 12:30:00-05:00,99.495,99.99,99.07,99.4847,215602.00
2026-02-04 12:35:00-05:00,99.482,99.5459,98.07,98.1654,287658.00
2026-02-04 12:40:00-05:00,98.25,98.3399,97.6,98.22,326288.00
2026-02-04 12:45:00-05:00,98.255,98.75,97.67,97.7,188923.00
2026-02-04 12:50:00-05:00,97.73,99.18,97.61,98.9184,213224.00
2026-02-04 12:55:00-05:00,99.03,99.6078,98.6831,99.5873,187629.00
2026-02-04 13:00:00-05:00,99.5964,99.6743,98.79,99.545,139251.00
2026-02-04 13:05:00-05:00,99.575,100.6525,99.575,99.745,199705.00
2026-02-04 13:10:00-05:00,99.65,100.49,99.33,100.15,157756.00
2026-02-04 13:15:00-05:00,100.19,100.5,99.41,100.105,156160.00
2026-02-04 13:20:00-05:00,100,100.6701,99.825,99.92,167124.00
2026-02-04 13:25:00-05:00,100,101.3699,99.99,101.16,208859.00
2026-02-04 13:30:00-05:00,101.155,101.155,99.99,100.24,231174.00
2026-02-04 13:35:00-05:00,100.24,100.99,100.1901,100.53,152729.00
2026-02-04 13:40:00-05:00,100.64,101.57,100.39,100.49,161190.00
2026-02-04 13:45:00-05:00,100.45,100.5199,100.01,100.17,124541.00
2026-02-04 13:50:00-05:00,100.06,100.4899,99.5,99.92,151920.00
2026-02-04 13:55:00-05:00,99.92,100.47,99.01,99.31,142536.00
2026-02-04 14:00:00-05:00,99.31,99.39,98.27,98.4999,186373.00
2026-02-04 14:05:00-05:00,98.4,99.2405,98.12,99.05,151094.00
2026-02-04 14:10:00-05:00,99.05,99.22,98.66,98.73,105573.00
2026-02-04 14:15:00-05:00,98.74,99.2,98.74,99.0012,172729.00
2026-02-04 14:20:00-05:00,99.03,99.27,98.1,98.445,151663.00
2026-02-04 14:25:00-05:00,98.34,99.0899,98.19,98.82,99356.00
2026-02-04 14:30:00-05:00,98.82,100.615,98.72,100.365,175215.00
2026-02-04 14:35:00-05:00,100.46,101.285,100.35,101.077,150435.00
2026-02-04 14:40:00-05:00,101.14,102.55,101,102.39,230951.00
2026-02-04 14:45:00-05:00,102.4591,104.4,102.3579,103.8,322992.00
2026-02-04 14:50:00-05:00,103.77,104.5,103.5501,104.12,235173.00
2026-02-04 14:55:00-05:00,104.09,105.4099,103.95,105.3,226490.00
2026-02-04 15:00:00-05:00,105.29,105.99,105.0629,105.545,266117.00
2026-02-04 15:05:00-05:00,105.47,105.86,104.8501,105.38,198869.00
2026-02-04 15:10:00-05:00,105.45,105.5968,104.35,105.36,175267.00
2026-02-04 15:15:00-05:00,105.285,105.94,104.9847,105.56,141687.00
2026-02-04 15:20:00-05:00,105.56,105.56,104.18,104.245,208363.00
2026-02-04 15:25:00-05:00,104.15,104.16,102.83,102.83,156546.00
2026-02-04 15:30:00-05:00,102.81,103.04,101.7213,102.85,205617.00
2026-02-04 15:35:00-05:00,102.8,104.07,102.54,103.655,195178.00
2026-02-04 15:40:00-05:00,103.68,104.23,103.54,103.58,132153.00
2026-02-04 15:45:00-05:00,103.58,103.7735,103.21,103.335,116815.00
2026-02-04 15:50:00-05:00,103.34,104.3299,103.01,103.14,269917.00
2026-02-04 15:55:00-05:00,103.14,103.6,102.8,103.52,385321.00
2026-02-05 09:30:00-05:00,98.6,99.9,96.15,97.595,593376.00
2026-02-05 09:35:00-05:00,97.705,100.69,97.705,99.725,415956.00
2026-02-05 09:40:00-05:00,99.72,101.25,99.01,100.84,391825.00
2026-02-05 09:45:00-05:00,100.83,100.8999,99.3075,100.24,247062.00
2026-02-05 09:50:00-05:00,100.31,100.62,98.83,99.76,228372.00
2026-02-05 09:55:00-05:00,99.87,100.03,97.78,97.9192,254770.00
2026-02-05 10:00:00-05:00,97.8425,98.19,96.2701,97.98,437588.00
2026-02-05 10:05:00-05:00,97.945,98.075,96.56,97.59,327474.00
2026-02-05 10:10:00-05:00,97.59,98.0899,95.4679,95.66,343175.00
2026-02-05 10:15:00-05:00,95.63,96.79,95.33,95.43,352448.00
2026-02-05 10:20:00-05:00,95.44,95.87,94.18,94.18,499293.00
2026-02-05 10:25:00-05:00,94.27,95.3,93.8801,93.925,298823.00
2026-02-05 10:30:00-05:00,93.92,94.31,92.53,92.54,525474.00
2026-02-05 10:35:00-05:00,92.57,93.6414,92.2,93.485,488473.00
2026-02-05 10:40:00-05:00,93.54,95.97,93.44,95.605,304327.00
2026-02-05 10:45:00-05:00,95.685,96.4499,94.38,94.9999,274591.00
2026-02-05 10:50:00-05:00,94.885,95.75,94.785,95.01,192392.00
2026-02-05 10:55:00-05:00,95.05,95.99,94.6701,95.89,163632.00
2026-02-05 11:00:00-05:00,95.95,96.25,95.06,95.155,160562.00
2026-02-05 11:05:00-05:00,95.1007,95.97,94.85,95,116493.00
2026-02-05 11:10:00-05:00,94.98,95.31,94.16,94.45,250053.00
2026-02-05 11:15:00-05:00,94.39,96.36,94.39,96.04,182299.00
2026-02-05 11:20:00-05:00,96.09,97.37,96.09,97.26,249463.00
2026-02-05 11:25:00-05:00,97.37,98.13,96.94,97.69,148564.00
2026-02-05 11:30:00-05:00,97.775,98.7099,97.7605,98.48,175337.00
2026-02-05 11:35:00-05:00,98.41,98.8,97.95,98.13,245969.00
2026-02-05 11:40:00-05:00,98.25,98.3599,96.86,97.15,177589.00
2026-02-05 11:45:00-05:00,97.16,97.165,95.6901,96.35,141901.00
2026-02-05 11:50:00-05:00,96.4445,97.5,96.3001,97.085,144749.00
2026-02-05 11:55:00-05:00,97.0276,97.28,96.6,96.93,96450.00
2026-02-05 12:00:00-05:00,97.02,97.06,95.5001,95.615,131459.00
2026-02-05 12:05:00-05:00,95.615,96.18,95.3,95.5103,105127.00
2026-02-05 12:10:00-05:00,95.68,95.7903,95,95.469,88624.00
2026-02-05 12:15:00-05:00,95.34,95.84,95.1601,95.295,85015.00
2026-02-05 12:20:00-05:00,95.17,96.13,94.6801,95.96,140230.00
2026-02-05 12:25:00-05:00,95.9501,96.48,95.74,95.83,159990.00
2026-02-05 12:30:00-05:00,95.83,96.16,95.1596,95.1596,115172.00
2026-02-05 12:35:00-05:00,95.17,96.21,95.16,95.41,146127.00
2026-02-05 12:40:00-05:00,95.43,96.6,95.33,96.52,112705.00
2026-02-05 12:45:00-05:00,96.59,97.31,95.95,96.165,256174.00
2026-02-05 12:50:00-05:00,95.96,96.56,95.89,96.305,105157.00
2026-02-05 12:55:00-05:00,96.23,96.33,95.82,95.82,68736.00
2026-02-05 13:00:00-05:00,95.8402,96.95,95.8402,96.39,76744.00
2026-02-05 13:05:00-05:00,96.33,96.34,95.8036,95.99,100508.00
2026-02-05 13:10:00-05:00,95.99,96.12,95.71,96,126380.00
2026-02-05 13:15:00-05:00,96.05,96.25,95.54,95.7,105458.00
2026-02-05 13:20:00-05:00,95.615,95.805,95.0701,95.62,170458.00
2026-02-05 13:25:00-05:00,95.63,95.86,95.34,95.59,99607.00
2026-02-05 13:30:00-05:00,95.67,96.25,95.635,96.18,88962.00
2026-02-05 13:35:00-05:00,96.24,96.24,95.4,95.455,61490.00
2026-02-05 13:40:00-05:00,95.45,95.58,95.0425,95.47,73692.00
2026-02-05 13:45:00-05:00,95.525,95.8599,95.24,95.41,58500.00
2026-02-05 13:50:00-05:00,95.405,95.89,94.8,95.56,144564.00
2026-02-05 13:55:00-05:00,95.655,96.1,95.4,95.94,56144.00
2026-02-05 14:00:00-05:00,95.92,96.0599,95.6,95.95,80138.00
2026-02-05 14:05:00-05:00,95.97,96.37,95.61,96.1,66067.00
2026-02-05 14:10:00-05:00,96.02,96.86,96.02,96.6,113333.00
2026-02-05 14:15:00-05:00,96.55,97.1499,96.3825,96.78,77092.00
2026-02-05 14:20:00-05:00,96.73,97.05,96.59,96.71,60157.00
2026-02-05 14:25:00-05:00,96.65,96.65,95.9759,96.17,115868.00
2026-02-05 14:30:00-05:00,96.0925,96.0925,95.38,95.5412,91804.00
2026-02-05 14:35:00-05:00,95.59,96.555,95.45,96.13,127575.00
2026-02-05 14:40:00-05:00,96.11,96.44,95.7901,96.1999,104322.00
2026-02-05 14:45:00-05:00,95.97,96.25,95.5701,95.69,86077.00
2026-02-05 14:50:00-05:00,95.68,95.719,95.29,95.45,112083.00
2026-02-05 14:55:00-05:00,95.42,95.84,95.36,95.75,84122.00
2026-02-05 15:00:00-05:00,95.82,95.9499,95.36,95.4701,69530.00
2026-02-05 15:05:00-05:00,95.515,96.01,95.49,95.75,73780.00
2026-02-05 15:10:00-05:00,95.8,96,95.055,95.0706,90511.00
2026-02-05 15:15:00-05:00,95.06,95.135,93.8442,93.86,185685.00
2026-02-05 15:20:00-05:00,93.81,93.82,93.1375,93.4,151961.00
2026-02-05 15:25:00-05:00,93.42,93.69,93.1,93.2,151313.00
2026-02-05 15:30:00-05:00,93.16,93.34,92.92,93.13,122712.00
2026-02-05 15:35:00-05:00,93.13,93.28,92.67,92.74,158694.00
2026-02-05 15:40:00-05:00,92.73,93.4699,92.62,93.385,224036.00
2026-02-05 15:45:00-05:00,93.32,93.67,93.15,93.31,193930.00
2026-02-05 15:50:00-05:00,93.36,93.447,92.85,93.25,228862.00
2026-02-05 15:55:00-05:00,93.21,93.34,92.908,93.33,366223.00
2026-02-06 09:30:00-05:00,97.75,98.254,93.52,93.75,649710.00
2026-02-06 09:35:00-05:00,93.82,95.02,93.01,93.05,521212.00
2026-02-06 09:40:00-05:00,93.13,93.22,91.35,93.22,482284.00
2026-02-06 09:45:00-05:00,93.3973,96.15,93.2,94.88,426508.00
2026-02-06 09:50:00-05:00,94.9,95.8899,94.76,95.63,255324.00
2026-02-06 09:55:00-05:00,95.7,96.39,95.081,95.825,220335.00
2026-02-06 10:00:00-05:00,95.72,97.21,95.21,97.055,313389.00
2026-02-06 10:05:00-05:00,97.112,97.82,96.26,97.58,304264.00
2026-02-06 10:10:00-05:00,97.655,98.44,96.54,97.17,350564.00
2026-02-06 10:15:00-05:00,97.2,98.09,96.68,97.42,237497.00
2026-02-06 10:20:00-05:00,97.34,98.3999,96.5901,97.23,280959.00
2026-02-06 10:25:00-05:00,97.195,98.64,97.195,98.47,219762.00
2026-02-06 10:30:00-05:00,98.53,98.66,97.55,98.115,204074.00
2026-02-06 10:35:00-05:00,98.16,98.4,97.3833,97.69,161716.00
2026-02-06 10:40:00-05:00,97.58,97.93,96.9,97.05,125363.00
2026-02-06 10:45:00-05:00,97.16,97.93,96.9101,97.085,116098.00
2026-02-06 10:50:00-05:00,97.085,97.085,96.45,96.76,107829.00
2026-02-06 10:55:00-05:00,96.755,98.2762,96.68,98.2762,153230.00
2026-02-06 11:00:00-05:00,98.29,98.9,97.6,98.9,204464.00
2026-02-06 11:05:00-05:00,98.875,99.42,98.47,99.085,224605.00
2026-02-06 11:10:00-05:00,99.13,100.2891,98.7801,100.11,208299.00
2026-02-06 11:15:00-05:00,100.1,101.29,99.89,101.15,335453.00
2026-02-06 11:20:00-05:00,101.1994,101.99,101.105,101.68,288158.00
2026-02-06 11:25:00-05:00,101.68,101.94,101.4,101.71,182484.00
2026-02-06 11:30:00-05:00,101.71,102.24,101.5201,102.1426,172514.00
2026-02-06 11:35:00-05:00,102.2,102.56,101.8388,102.37,158066.00
2026-02-06 11:40:00-05:00,102.3699,102.48,101.512,102.15,131286.00
2026-02-06 11:45:00-05:00,102.105,102.105,101.15,101.5,156952.00
2026-02-06 11:50:00-05:00,101.48,101.5,100.751,100.935,145968.00
2026-02-06 11:55:00-05:00,100.9,101.2,100.35,100.495,192488.00
2026-02-06 12:00:00-05:00,100.55,101.35,100.51,101.35,181458.00
2026-02-06 12:05:00-05:00,101.41,102.36,101.3401,102.2051,225635.00
2026-02-06 12:10:00-05:00,102.245,102.675,101.6201,101.78,208172.00
2026-02-06 12:15:00-05:00,101.77,102.95,101.71,102.7598,157511.00
2026-02-06 12:20:00-05:00,102.7114,103.12,102.27,102.3362,113859.00
2026-02-06 12:25:00-05:00,102.43,102.9,102.2801,102.795,80997.00
2026-02-06 12:30:00-05:00,102.795,103.21,102.6538,102.6538,80901.00
2026-02-06 12:35:00-05:00,102.71,102.7292,102.02,102.4,108993.00
2026-02-06 12:40:00-05:00,102.4799,103.12,102.39,102.52,92202.00
2026-02-06 12:45:00-05:00,102.6145,103.84,102.43,103.37,224651.00
2026-02-06 12:50:00-05:00,103.37,103.7,102.8201,103.2,159727.00
2026-02-06 12:55:00-05:00,103.1901,103.3599,102.4,102.46,73083.00
2026-02-06 13:00:00-05:00,102.4644,102.9,102.31,102.89,108300.00
2026-02-06 13:05:00-05:00,102.865,102.91,102.12,102.23,134890.00
2026-02-06 13:10:00-05:00,102.17,103.0295,102.03,102.2249,118921.00
2026-02-06 13:15:00-05:00,102.2173,102.45,102.01,102.31,84047.00
2026-02-06 13:20:00-05:00,102.3001,102.5399,102.03,102.06,66825.00
2026-02-06 13:25:00-05:00,102.0101,102.54,101.7002,102.415,110765.00
2026-02-06 13:30:00-05:00,102.415,102.605,102.15,102.3721,55671.00
2026-02-06 13:35:00-05:00,102.325,102.42,101.9801,102.25,45611.00
2026-02-06 13:40:00-05:00,102.42,102.8239,102.1901,102.51,65469.00
2026-02-06 13:45:00-05:00,102.49,103.7,102.44,103.38,151708.00
2026-02-06 13:50:00-05:00,103.36,103.56,103.01,103.08,68826.00
2026-02-06 13:55:00-05:00,103.115,103.79,103.06,103.5101,94693.00
2026-02-06 14:00:00-05:00,103.52,104.19,103.52,104.06,167661.00
2026-02-06 14:05:00-05:00,104,104.14,103.67,103.9,98348.00
2026-02-06 14:10:00-05:00,103.8,104.07,103.64,103.6401,78102.00
2026-02-06 14:15:00-05:00,103.7265,104.228,103.7265,104.01,134536.00
2026-02-06 14:20:00-05:00,104.0731,104.82,104.0731,104.715,141283.00
2026-02-06 14:25:00-05:00,104.81,104.95,104.59,104.78,102851.00
2026-02-06 14:30:00-05:00,104.73,105.14,104.54,104.89,158601.00
2026-02-06 14:35:00-05:00,104.88,105.05,104.73,104.77,66611.00
2026-02-06 14:40:00-05:00,104.74,105.1,104.5701,104.8001,81017.00
2026-02-06 14:45:00-05:00,104.83,105.2,104.7301,104.9001,81080.00
2026-02-06 14:50:00-05:00,104.94,104.94,104.24,104.485,137008.00
2026-02-06 14:55:00-05:00,104.49,104.5,103.7901,103.98,138755.00
2026-02-06 15:00:00-05:00,103.96,104.6,103.41,104.48,367344.00
2026-02-06 15:05:00-05:00,104.53,104.67,103.81,104.2061,112478.00
2026-02-06 15:10:00-05:00,104.2408,104.85,103.925,104.27,116985.00
2026-02-06 15:15:00-05:00,104.3481,104.3481,103.45,103.65,111641.00
2026-02-06 15:20:00-05:00,103.7253,104,103.47,103.71,105819.00
2026-02-06 15:25:00-05:00,103.72,103.84,103.06,103.06,113743.00
2026-02-06 15:30:00-05:00,103.06,103.2999,102.3601,103.27,293139.00
2026-02-06 15:35:00-05:00,103.2601,103.665,103.07,103.42,105154.00
2026-02-06 15:40:00-05:00,103.42,103.61,102.2,102.47,221481.00
2026-02-06 15:45:00-05:00,102.5,102.8299,101.95,102.08,199111.00
2026-02-06 15:50:00-05:00,102.06,102.33,101.71,102.215,282086.00
2026-02-06 15:55:00-05:00,102.155,102.155,101.515,101.755,484772.00
2026-02-09 09:30:00-05:00,100.505,102.7579,98.73,100.41,456433.00
2026-02-09 09:35:00-05:00,100.4672,101.9899,99.1,101.41,235075.00
2026-02-09 09:40:00-05:00,101.4,103.9,101.2,102.59,417206.00
2026-02-09 09:45:00-05:00,102.6,103.859,102.02,102.445,261258.00
2026-02-09 09:50:00-05:00,102.6,103.56,102.08,103.075,228739.00
2026-02-09 09:55:00-05:00,103.165,105.75,103.02,104.6909,431484.00
2026-02-09 10:00:00-05:00,104.78,105.1639,103.88,104.4,206636.00
2026-02-09 10:05:00-05:00,104.5,105.98,104.37,105.54,225999.00
2026-02-09 10:10:00-05:00,105.54,106.37,104.7,106.3,239914.00
2026-02-09 10:15:00-05:00,106.3,107.34,106,107.34,375217.00
2026-02-09 10:20:00-05:00,107.38,107.98,107.1001,107.97,357343.00
2026-02-09 10:25:00-05:00,107.9,108.34,105.52,105.7153,390328.00
2026-02-09 10:30:00-05:00,105.71,106.689,104.91,105.505,180257.00
2026-02-09 10:35:00-05:00,105.4912,105.8299,104.4001,104.86,191810.00
2026-02-09 10:40:00-05:00,104.81,105,104.235,104.27,100554.00
2026-02-09 10:45:00-05:00,104.27,105.3,103.51,103.62,235881.00
2026-02-09 10:50:00-05:00,103.75,103.756,102.01,102.82,253342.00
2026-02-09 10:55:00-05:00,102.85,103.25,102.12,102.1901,183499.00
2026-02-09 11:00:00-05:00,102.19,102.8837,101.75,101.98,222651.00
2026-02-09 11:05:00-05:00,102,102.05,101.4,101.63,191468.00
2026-02-09 11:10:00-05:00,101.565,103.409,101.49,102.99,241008.00
2026-02-09 11:15:00-05:00,103.07,104.37,102.99,103.35,224084.00
2026-02-09 11:20:00-05:00,103.375,103.6498,102.945,102.945,127882.00
2026-02-09 11:25:00-05:00,102.95,103.98,102.88,103.525,134894.00
2026-02-09 11:30:00-05:00,103.5651,103.79,102.66,102.8,104362.00
2026-02-09 11:35:00-05:00,102.85,103.3911,102.7,103.39,81301.00
2026-02-09 11:40:00-05:00,103.39,103.395,102.66,102.77,72815.00
2026-02-09 11:45:00-05:00,102.83,103.25,102.8,102.885,48925.00
2026-02-09 11:50:00-05:00,102.85,102.94,102.1,102.385,102475.00
2026-02-09 11:55:00-05:00,102.365,102.7887,102.21,102.275,61938.00
2026-02-09 12:00:00-05:00,102.275,103.19,102.19,102.97,77408.00
2026-02-09 12:05:00-05:00,103.01,103.48,102.9501,103.31,112067.00
2026-02-09 12:10:00-05:00,103.345,103.89,103.27,103.7,89674.00
2026-02-09 12:15:00-05:00,103.69,104.0913,103.1378,103.87,111568.00
2026-02-09 12:20:00-05:00,103.9,104.1941,103.5001,103.995,82524.00
2026-02-09 12:25:00-05:00,104.0899,104.0899,103.01,103.275,86277.00
2026-02-09 12:30:00-05:00,103.275,103.587,103.01,103.01,42683.00
2026-02-09 12:35:00-05:00,103.09,103.48,102.94,103.47,141202.00
2026-02-09 12:40:00-05:00,103.465,103.5,102.9283,103.15,37499.00
2026-02-09 12:45:00-05:00,103.17,103.2799,102.31,102.4299,61678.00
2026-02-09 12:50:00-05:00,102.35,102.442,101.92,102.12,105011.00
2026-02-09 12:55:00-05:00,102.12,102.1782,101.25,101.6577,99921.00
2026-02-09 13:00:00-05:00,101.635,101.93,101.366,101.685,92002.00
2026-02-09 13:05:00-05:00,101.7799,101.93,101.44,101.82,57806.00
2026-02-09 13:10:00-05:00,101.87,101.99,101.75,101.8,41213.00
2026-02-09 13:15:00-05:00,101.79,101.8589,101.5042,101.58,44188.00
2026-02-09 13:20:00-05:00,101.585,101.71,100.009,100.61,241247.00
2026-02-09 13:25:00-05:00,100.645,100.96,100.5075,100.8952,66696.00
2026-02-09 13:30:00-05:00,100.96,101.43,100.34,101.22,109784.00
2026-02-09 13:35:00-05:00,101.34,101.393,100.8001,101.0535,48522.00
2026-02-09 13:40:00-05:00,101.16,101.28,100.78,101.03,40867.00
2026-02-09 13:45:00-05:00,101.0849,101.085,100.42,100.69,47659.00
2026-02-09 13:50:00-05:00,100.74,100.83,100.54,100.68,37701.00
2026-02-09 13:55:00-05:00,100.68,101.35,100.5,101.3399,48053.00
2026-02-09 14:00:00-05:00,101.275,101.3399,100.68,101.2,131679.00
2026-02-09 14:05:00-05:00,101.2,101.3499,100.93,101.21,27776.00
2026-02-09 14:10:00-05:00,101.245,101.32,100.8701,100.99,43318.00
2026-02-09 14:15:00-05:00,101.0256,101.2499,100.98,101.1,28506.00
2026-02-09 14:20:00-05:00,101.14,102,101,102,81747.00
2026-02-09 14:25:00-05:00,101.99,102.0941,101.77,101.9982,48399.00
2026-02-09 14:30:00-05:00,102.0017,102.7809,101.9,102.725,132637.00
2026-02-09 14:35:00-05:00,102.75,103.2099,102.38,102.52,156699.00
2026-02-09 14:40:00-05:00,102.5,102.78,102.14,102.395,53859.00
2026-02-09 14:45:00-05:00,102.4036,102.46,102.17,102.27,42844.00
2026-02-09 14:50:00-05:00,102.31,102.56,102.29,102.39,41928.00
2026-02-09 14:55:00-05:00,102.36,102.7,102.2,102.315,36487.00
2026-02-09 15:00:00-05:00,102.315,102.6799,101.74,102.44,105107.00
2026-02-09 15:05:00-05:00,102.4781,102.75,102.37,102.435,48231.00
2026-02-09 15:10:00-05:00,102.43,102.61,102.2,102.5999,39147.00
2026-02-09 15:15:00-05:00,102.48,102.48,102.26,102.31,28216.00
2026-02-09 15:20:00-05:00,102.37,102.5,102.06,102.26,48490.00
2026-02-09 15:25:00-05:00,102.3201,102.63,102.2403,102.485,77725.00
2026-02-09 15:30:00-05:00,102.42,103.02,102,102.915,145246.00
2026-02-09 15:35:00-05:00,102.915,103.17,102.8,103.12,99684.00
2026-02-09 15:40:00-05:00,103.15,103.3,102.63,102.7678,90009.00
2026-02-09 15:45:00-05:00,102.77,102.85,102.54,102.565,71554.00
2026-02-09 15:50:00-05:00,102.565,102.8,101.951,102.04,128716.00
2026-02-09 15:55:00-05:00,101.98,102.31,101.95,102.13,186103.00
2026-02-10 09:30:00-05:00,100,100.4799,97.11,98.7,481679.00
2026-02-10 09:35:00-05:00,98.7,100,98.09,98.175,262903.00
2026-02-10 09:40:00-05:00,98.175,98.29,96.5,97.6,378096.00
2026-02-10 09:45:00-05:00,97.5,97.64,96.0301,96.755,268508.00
2026-02-10 09:50:00-05:00,96.79,97.72,96.775,97.35,153413.00
2026-02-10 09:55:00-05:00,97.46,97.8,97.11,97.1178,148379.00
2026-02-10 10:00:00-05:00,97.175,97.8,97.11,97.21,130871.00
2026-02-10 10:05:00-05:00,97.21,98.62,97.1349,97.83,245413.00
2026-02-10 10:10:00-05:00,97.83,98.41,97.45,97.79,147180.00
2026-02-10 10:15:00-05:00,97.7603,97.99,97.34,97.77,72999.00
2026-02-10 10:20:00-05:00,97.87,98.34,97.165,97.185,136530.00
2026-02-10 10:25:00-05:00,97.17,97.47,97.12,97.34,71303.00
2026-02-10 10:30:00-05:00,97.3,99.26,97.3,99.225,159553.00
2026-02-10 10:35:00-05:00,99.23,100.9,98.97,100.55,295719.00
2026-02-10 10:40:00-05:00,100.63,101.37,100.15,100.155,173616.00
2026-02-10 10:45:00-05:00,100.155,100.59,99.7845,100.5,113461.00
2026-02-10 10:50:00-05:00,100.46,100.8483,100.25,100.26,73855.00
2026-02-10 10:55:00-05:00,100.25,100.59,99.9031,100.15,85246.00
2026-02-10 11:00:00-05:00,100.0901,100.55,100,100.35,49422.00
2026-02-10 11:05:00-05:00,100.3,100.3,99.36,99.92,116765.00
2026-02-10 11:10:00-05:00,99.8468,100.7,99.825,100.455,65198.00
2026-02-10 11:15:00-05:00,100.42,101.04,100.31,100.53,87369.00
2026-02-10 11:20:00-05:00,100.5,100.62,99.7101,100.112,95910.00
2026-02-10 11:25:00-05:00,100.09,100.34,99.81,100.01,171999.00
2026-02-10 11:30:00-05:00,99.92,99.99,99.38,99.9558,80788.00
2026-02-10 11:35:00-05:00,99.885,100.24,99.69,100.02,158407.00
2026-02-10 11:40:00-05:00,100,100.07,99.55,99.81,40318.00
2026-02-10 11:45:00-05:00,99.86,100.16,99.86,99.88,44596.00
2026-02-10 11:50:00-05:00,99.83,100.06,99.74,100.02,17729.00
2026-02-10 11:55:00-05:00,100.02,100.2,99.8,99.82,34775.00
2026-02-10 12:00:00-05:00,99.8,100.08,99.665,99.79,40631.00
2026-02-10 12:05:00-05:00,99.82,100.02,99.355,99.77,73646.00
2026-02-10 12:10:00-05:00,99.72,100.18,99.72,100.125,35346.00
2026-02-10 12:15:00-05:00,100.18,100.71,100.06,100.63,46893.00
2026-02-10 12:20:00-05:00,100.55,100.66,100.1001,100.299,36388.00
2026-02-10 12:25:00-05:00,100.36,100.58,100.08,100.08,31694.00
2026-02-10 12:30:00-05:00,100.08,100.4099,99.8642,99.8842,36971.00
2026-02-10 12:35:00-05:00,99.97,100.75,99.952,100.705,39366.00
2026-02-10 12:40:00-05:00,100.72,101.26,100.5301,101.197,75992.00
2026-02-10 12:45:00-05:00,101.0917,101.3,100.71,100.86,70830.00
2026-02-10 12:50:00-05:00,100.78,100.945,100.67,100.77,34002.00
2026-02-10 12:55:00-05:00,100.77,100.82,100.28,100.43,34788.00
2026-02-10 13:00:00-05:00,100.385,100.61,99.94,100.49,61892.00
2026-02-10 13:05:00-05:00,100.45,101.15,100.3,101.045,43155.00
2026-02-10 13:10:00-05:00,101.1316,101.1445,99.88,99.9,74665.00
2026-02-10 13:15:00-05:00,99.95,99.97,99.01,99.07,86778.00
2026-02-10 13:20:00-05:00,99.06,99.06,98.22,98.24,127775.00
2026-02-10 13:25:00-05:00,98.24,98.28,97.05,97.07,148244.00
2026-02-10 13:30:00-05:00,97.05,97.3168,96.71,96.8799,230496.00
2026-02-10 13:35:00-05:00,96.84,97.0653,96.32,96.5,122853.00
2026-02-10 13:40:00-05:00,96.47,96.8,96.37,96.675,107038.00
2026-02-10 13:45:00-05:00,96.7363,96.7363,96.16,96.355,151631.00
2026-02-10 13:50:00-05:00,96.35,96.6299,96.0313,96.27,96569.00
2026-02-10 13:55:00-05:00,96.265,97.1099,96.2454,96.7987,123146.00
2026-02-10 14:00:00-05:00,96.82,97.08,96.55,96.55,90757.00
2026-02-10 14:05:00-05:00,96.615,96.79,96.3801,96.66,61434.00
2026-02-10 14:10:00-05:00,96.73,96.73,96.21,96.5,71358.00
2026-02-10 14:15:00-05:00,96.51,96.54,96.04,96.125,89795.00
2026-02-10 14:20:00-05:00,96.125,96.55,96.0686,96.39,64661.00
2026-02-10 14:25:00-05:00,96.37,96.388,96.1,96.33,41694.00
2026-02-10 14:30:00-05:00,96.41,96.94,96.06,96.63,113266.00
2026-02-10 14:35:00-05:00,96.82,97.93,96.77,97.8,107405.00
2026-02-10 14:40:00-05:00,97.77,98.14,97.4,97.77,101176.00
2026-02-10 14:45:00-05:00,97.76,98.22,97.7,98.1001,57536.00
2026-02-10 14:50:00-05:00,98.16,98.64,98.08,98.4,82666.00
2026-02-10 14:55:00-05:00,98.36,98.38,98.05,98.31,49802.00
2026-02-10 15:00:00-05:00,98.2,98.5,97.78,98.29,87347.00
2026-02-10 15:05:00-05:00,98.24,98.3,97.86,98.13,54673.00
2026-02-10 15:10:00-05:00,98.08,98.08,97.428,97.53,70051.00
2026-02-10 15:15:00-05:00,97.5,97.7122,97.295,97.48,54745.00
2026-02-10 15:20:00-05:00,97.4,97.4,96.74,96.74,79435.00
2026-02-10 15:25:00-05:00,96.72,96.8,96.335,96.365,87617.00
2026-02-10 15:30:00-05:00,96.31,96.75,96.12,96.75,101773.00
2026-02-10 15:35:00-05:00,96.72,97.18,96.72,96.85,86847.00
2026-02-10 15:40:00-05:00,96.885,96.9799,96.56,96.75,113357.00
2026-02-10 15:45:00-05:00,96.745,96.83,96.21,96.39,116586.00
2026-02-10 15:50:00-05:00,96.38,96.74,95.7,95.96,230269.00
2026-02-10 15:55:00-05:00,95.9,96.33,95.8,96.33,334613.00
2026-02-11 09:30:00-05:00,100.76,102.85,97.46,97.48,938584.00
2026-02-11 09:35:00-05:00,97.71,99.29,97.05,97.7,484859.00
2026-02-11 09:40:00-05:00,97.6,100.19,97.01,99.9764,318141.00
2026-02-11 09:45:00-05:00,99.93,101.79,99.25,100.035,376929.00
2026-02-11 09:50:00-05:00,99.93,100.36,98.5827,99.465,306104.00
2026-02-11 09:55:00-05:00,99.4,99.95,98.6301,98.96,261056.00
2026-02-11 10:00:00-05:00,98.925,99.43,97.79,98.6775,230474.00
2026-02-11 10:05:00-05:00,98.67,98.87,97.647,97.895,141766.00
2026-02-11 10:10:00-05:00,97.895,99.28,97.73,98.13,230487.00
2026-02-11 10:15:00-05:00,98.17,98.18,97.1,97.15,221063.00
2026-02-11 10:20:00-05:00,97.14,97.42,95.28,95.4087,358950.00
2026-02-11 10:25:00-05:00,95.31,95.63,94.11,94.49,344003.00
2026-02-11 10:30:00-05:00,94.4,94.91,93.9,94.071,263994.00
2026-02-11 10:35:00-05:00,94.24,95.37,94.06,95.185,215351.00
2026-02-11 10:40:00-05:00,95.185,95.7,94.77,95.6085,297356.00
2026-02-11 10:45:00-05:00,95.645,96.7099,95.4001,95.9,195582.00
2026-02-11 10:50:00-05:00,95.7154,98.4999,95.7154,98.44,282024.00
2026-02-11 10:55:00-05:00,98.48,98.7638,97.56,98.06,185863.00
2026-02-11 11:00:00-05:00,98.17,98.51,97.4,97.865,109961.00
2026-02-11 11:05:00-05:00,97.81,97.9333,96.74,96.825,101322.00
2026-02-11 11:10:00-05:00,96.74,98.48,96.63,97.9,155761.00
2026-02-11 11:15:00-05:00,97.9833,97.9833,97.01,97.75,71654.00
2026-02-11 11:20:00-05:00,97.82,98.69,97.685,98.3,148438.00
2026-02-11 11:25:00-05:00,98.2808,98.325,97.5,97.62,85892.00
2026-02-11 11:30:00-05:00,97.62,97.62,96.8014,96.8014,76010.00
2026-02-11 11:35:00-05:00,96.97,97.15,96.6,97.03,76793.00
2026-02-11 11:40:00-05:00,97.06,97.49,97,97.3,60190.00
2026-02-11 11:45:00-05:00,97.3,97.76,96.9441,96.99,65646.00
2026-02-11 11:50:00-05:00,96.99,97.8899,96.86,97.55,68129.00
2026-02-11 11:55:00-05:00,97.42,97.51,96.86,96.98,68259.00
2026-02-11 12:00:00-05:00,97.01,97.14,96.41,96.505,87366.00
2026-02-11 12:05:00-05:00,96.68,96.7,96.2,96.5,72557.00
2026-02-11 12:10:00-05:00,96.61,96.6351,96.02,96.0947,57595.00
2026-02-11 12:15:00-05:00,96.12,96.54,95.75,95.85,77172.00
2026-02-11 12:20:00-05:00,95.825,96.1,95.4,95.9465,90749.00
2026-02-11 12:25:00-05:00,95.9,96.6,95.9,96.14,75139.00
2026-02-11 12:30:00-05:00,96.045,96.27,95.4,95.515,50609.00
2026-02-11 12:35:00-05:00,95.505,95.6728,95,95.01,72217.00
2026-02-11 12:40:00-05:00,95.07,95.43,94.94,95.3992,89665.00
2026-02-11 12:45:00-05:00,95.3,95.4415,95.1,95.2,44002.00
2026-02-11 12:50:00-05:00,95.26,95.3849,94.49,94.54,122388.00
2026-02-11 12:55:00-05:00,94.5436,94.56,93.8,93.84,204490.00
2026-02-11 13:00:00-05:00,93.82,93.94,93.2,93.61,197758.00
2026-02-11 13:05:00-05:00,93.5854,93.8599,93.45,93.65,122912.00
2026-02-11 13:10:00-05:00,93.55,94.39,93.21,94.26,89474.00
2026-02-11 13:15:00-05:00,94.35,95.34,94.21,95.16,102632.00
2026-02-11 13:20:00-05:00,95.1,95.47,94.9001,95.2654,54433.00
2026-02-11 13:25:00-05:00,95.275,95.5,95,95.35,42967.00
2026-02-11 13:30:00-05:00,95.36,95.46,94.5,95.04,63346.00
2026-02-11 13:35:00-05:00,94.89,95.53,94.88,95.45,48493.00
2026-02-11 13:40:00-05:00,95.49,95.7199,95.28,95.6153,40209.00
2026-02-11 13:45:00-05:00,95.62,96,95.55,95.84,56748.00
2026-02-11 13:50:00-05:00,95.835,95.9818,95.06,95.94,72949.00
2026-02-11 13:55:00-05:00,95.9,96.24,95.7601,96.2172,60818.00
2026-02-11 14:00:00-05:00,96.12,96.45,95.8501,96.33,59139.00
2026-02-11 14:05:00-05:00,96.26,96.74,95.7,95.9,62338.00
2026-02-11 14:10:00-05:00,95.99,97.0599,95.98,96.94,51346.00
2026-02-11 14:15:00-05:00,96.908,97.73,96.908,97.63,105529.00
2026-02-11 14:20:00-05:00,97.63,98.65,97.5301,98.64,140423.00
2026-02-11 14:25:00-05:00,98.8,98.8,97.1001,97.2225,110451.00
2026-02-11 14:30:00-05:00,97.17,97.1786,96.08,96.63,127575.00
2026-02-11 14:35:00-05:00,96.5001,97.46,96.5001,97.18,66724.00
2026-02-11 14:40:00-05:00,97.18,97.4899,97.07,97.425,55442.00
2026-02-11 14:45:00-05:00,97.42,97.77,97,97.75,80979.00
2026-02-11 14:50:00-05:00,97.6701,98.02,97.45,97.59,53840.00
2026-02-11 14:55:00-05:00,97.52,97.79,96.75,96.8,48200.00
2026-02-11 15:00:00-05:00,96.75,97.78,96.29,97.61,97475.00
2026-02-11 15:05:00-05:00,97.61,98.27,97.5,97.96,54878.00
2026-02-11 15:10:00-05:00,98.01,98.35,97.88,98.074,50969.00
2026-02-11 15:15:00-05:00,98.0001,98.38,97.64,97.725,61560.00
2026-02-11 15:20:00-05:00,97.72,97.97,97.55,97.7404,34514.00
2026-02-11 15:25:00-05:00,97.7175,97.8799,96.96,97.075,66778.00
2026-02-11 15:30:00-05:00,96.96,97.155,96.7101,96.915,57508.00
2026-02-11 15:35:00-05:00,96.915,97.72,96.83,97.545,48742.00
2026-02-11 15:40:00-05:00,97.55,97.7876,97.39,97.64,44662.00
2026-02-11 15:45:00-05:00,97.64,97.81,97.3301,97.5194,63137.00
2026-02-11 15:50:00-05:00,97.6,98.075,97.55,98.01,97272.00
2026-02-11 15:55:00-05:00,97.91,97.91,96.81,96.81,228333.00
2026-02-12 09:30:00-05:00,87.9,88,85.62,85.6211,1743508.00
2026-02-12 09:35:00-05:00,85.63,86.55,83.91,86.43,1465557.00
2026-02-12 09:40:00-05:00,86.44,87.5,85.51,86.96,887740.00
2026-02-12 09:45:00-05:00,86.965,87.17,85.21,85.53,748415.00
2026-02-12 09:50:00-05:00,85.525,86.79,85.31,86.695,460626.00
2026-02-12 09:55:00-05:00,86.69,86.73,85.3,85.39,452081.00
2026-02-12 10:00:00-05:00,85.4,85.57,83.18,83.345,1039749.00
2026-02-12 10:05:00-05:00,83.35,83.88,82.54,82.64,742200.00
2026-02-12 10:10:00-05:00,82.66,84.25,82.0554,84.1744,759601.00
2026-02-12 10:15:00-05:00,84.1601,85.8791,83.7301,85.1,650690.00
2026-02-12 10:20:00-05:00,85.11,85.34,84.21,84.5594,482707.00
2026-02-12 10:25:00-05:00,84.56,84.79,83.88,83.95,384899.00
2026-02-12 10:30:00-05:00,83.96,84.19,82.8101,82.8101,466700.00
2026-02-12 10:35:00-05:00,82.81,83.24,82.71,83.1499,290731.00
2026-02-12 10:40:00-05:00,83.15,84.16,82.9401,83.85,354385.00
2026-02-12 10:45:00-05:00,83.795,84.755,83.5422,83.88,363420.00
2026-02-12 10:50:00-05:00,83.89,83.89,83.12,83.1225,469116.00
2026-02-12 10:55:00-05:00,83.1,83.61,83,83.05,415816.00
2026-02-12 11:00:00-05:00,83.04,83.5999,83.0056,83.41,221819.00
2026-02-12 11:05:00-05:00,83.41,83.7,83,83.3008,410451.00
2026-02-12 11:10:00-05:00,83.3,83.37,82.25,82.275,451224.00
2026-02-12 11:15:00-05:00,82.2501,82.42,81.75,82.05,519875.00
2026-02-12 11:20:00-05:00,82.07,82.6,81.55,82.436,408212.00
2026-02-12 11:25:00-05:00,82.385,82.9489,81.71,81.7604,324200.00
2026-02-12 11:30:00-05:00,81.7275,82.47,81.7,81.95,295286.00
2026-02-12 11:35:00-05:00,81.95,83.1198,81.95,82.68,268920.00
2026-02-12 11:40:00-05:00,82.68,82.87,82.1601,82.1705,177435.00
2026-02-12 11:45:00-05:00,82.17,82.3899,81.8,82.24,209834.00
2026-02-12 11:50:00-05:00,82.25,82.4953,81.8531,82.46,180121.00
2026-02-12 11:55:00-05:00,82.43,82.56,82,82.5275,158151.00
2026-02-12 12:00:00-05:00,82.5,83.13,82.23,82.95,221024.00
2026-02-12 12:05:00-05:00,83,83.3,82.6,83.24,178906.00
2026-02-12 12:10:00-05:00,83.23,83.2999,82.6,82.8101,186584.00
2026-02-12 12:15:00-05:00,82.855,83.1,82.15,82.15,169234.00
2026-02-12 12:20:00-05:00,82.1497,83.02,82.1497,82.64,169448.00
2026-02-12 12:25:00-05:00,82.64,83.5485,82.4135,82.69,208556.00
2026-02-12 12:30:00-05:00,82.69,82.95,82.4,82.82,135958.00
2026-02-12 12:35:00-05:00,82.8,83.28,82.68,82.85,181245.00
2026-02-12 12:40:00-05:00,82.85,83.27,82.73,82.82,138300.00
2026-02-12 12:45:00-05:00,82.9,82.97,82.39,82.465,146249.00
2026-02-12 12:50:00-05:00,82.49,82.8,82.155,82.17,131494.00
2026-02-12 12:55:00-05:00,82.185,82.275,81.89,81.9,289735.00
2026-02-12 13:00:00-05:00,81.895,82.47,81.75,82.07,173449.00
2026-02-12 13:05:00-05:00,82.105,82.46,81.85,81.915,131491.00
2026-02-12 13:10:00-05:00,81.915,82.43,81.77,82.395,183189.00
2026-02-12 13:15:00-05:00,82.39,82.46,82.14,82.15,168107.00
2026-02-12 13:20:00-05:00,82.157,82.56,81.9201,82.33,155007.00
2026-02-12 13:25:00-05:00,82.33,82.3697,81.6195,81.985,209797.00
2026-02-12 13:30:00-05:00,81.95,82.17,81.74,82.1499,112754.00
2026-02-12 13:35:00-05:00,82.05,82.79,81.9,82.495,208282.00
2026-02-12 13:40:00-05:00,82.4925,82.97,82.1701,82.585,171359.00
2026-02-12 13:45:00-05:00,82.63,82.75,82.35,82.49,133955.00
2026-02-12 13:50:00-05:00,82.46,82.97,82.36,82.76,185658.00
2026-02-12 13:55:00-05:00,82.7,82.7899,82.1,82.5975,167729.00
2026-02-12 14:00:00-05:00,82.56,82.87,81.81,81.955,212005.00
2026-02-12 14:05:00-05:00,81.99,82.26,81.9425,82.1,130837.00
2026-02-12 14:10:00-05:00,82.0504,82.1,81.625,82.0989,124075.00
2026-02-12 14:15:00-05:00,82.08,82.3699,81.96,82.1,122290.00
2026-02-12 14:20:00-05:00,82.13,82.13,81.7,81.78,125914.00
2026-02-12 14:25:00-05:00,81.76,81.84,80.81,80.84,343825.00
2026-02-12 14:30:00-05:00,80.82,81,80.6,80.745,298797.00
2026-02-12 14:35:00-05:00,80.7081,81.5,80.59,81.415,276796.00
2026-02-12 14:40:00-05:00,81.39,82.18,81.3,82.135,274106.00
2026-02-12 14:45:00-05:00,82.135,82.58,82.06,82.25,269139.00
2026-02-12 14:50:00-05:00,82.25,82.34,81.82,81.9,196319.00
2026-02-12 14:55:00-05:00,81.9308,82.25,81.4072,81.8672,225880.00
2026-02-12 15:00:00-05:00,81.8912,82.13,81.2601,81.35,305701.00
2026-02-12 15:05:00-05:00,81.33,81.4063,80.78,80.8601,285602.00
2026-02-12 15:10:00-05:00,80.88,80.885,80.42,80.8,314228.00
2026-02-12 15:15:00-05:00,80.815,80.84,80.3,80.55,230280.00
2026-02-12 15:20:00-05:00,80.57,80.6799,80.08,80.125,287940.00
2026-02-12 15:25:00-05:00,80.11,80.36,79.89,80.0901,527883.00
2026-02-12 15:30:00-05:00,80.09,81.22,79.93,81.16,339087.00
2026-02-12 15:35:00-05:00,81.15,81.4,80.86,81.065,241770.00
2026-02-12 15:40:00-05:00,81.055,81.46,80.9705,81.15,293798.00
2026-02-12 15:45:00-05:00,81.14,81.2,80.8716,81.07,298025.00
2026-02-12 15:50:00-05:00,81.05,81.99,81,81.665,540695.00
2026-02-12 15:55:00-05:00,81.63,82.18,81.46,82.18,583292.00
2026-02-13 09:30:00-05:00,82.14,82.15,80.1,80.81,658698.00
2026-02-13 09:35:00-05:00,80.88,82.6,80.26,81.1,393025.00
2026-02-13 09:40:00-05:00,81.24,82.4299,80.2238,82.2743,333999.00
2026-02-13 09:45:00-05:00,82.23,83.91,82.2,83.135,417222.00
2026-02-13 09:50:00-05:00,83.25,83.25,81.31,81.4,308122.00
2026-02-13 09:55:00-05:00,81.46,82.12,80.71,81.32,217689.00
2026-02-13 10:00:00-05:00,81.26,82.5,81.1,82.2899,281445.00
2026-02-13 10:05:00-05:00,82.2203,82.695,81.43,82.36,183166.00
2026-02-13 10:10:00-05:00,82.4053,82.73,81.71,82.24,271912.00
2026-02-13 10:15:00-05:00,82.1601,83.135,82.1601,82.6847,184687.00
2026-02-13 10:20:00-05:00,82.7,83.78,82.64,83.36,195617.00
2026-02-13 10:25:00-05:00,83.38,83.66,82.91,83.135,216335.00
2026-02-13 10:30:00-05:00,83.145,84.43,83.07,84.045,378854.00
2026-02-13 10:35:00-05:00,84.0475,84.87,83.8001,83.96,307994.00
2026-02-13 10:40:00-05:00,83.93,84.401,83.57,83.8201,270787.00
2026-02-13 10:45:00-05:00,83.905,84.04,83.54,83.605,246242.00
2026-02-13 10:50:00-05:00,83.62,83.92,83.21,83.385,184364.00
2026-02-13 10:55:00-05:00,83.383,83.6915,82.7174,82.85,199914.00
2026-02-13 11:00:00-05:00,82.89,83.17,82.6,82.775,165006.00
2026-02-13 11:05:00-05:00,82.77,83.07,82.45,82.49,111444.00
2026-02-13 11:10:00-05:00,82.515,83.21,82.36,83.14,202264.00
2026-02-13 11:15:00-05:00,83.07,83.95,82.91,83.617,146629.00
2026-02-13 11:20:00-05:00,83.64,83.82,83,83.37,178707.00
2026-02-13 11:25:00-05:00,83.37,83.99,83.27,83.41,126937.00
2026-02-13 11:30:00-05:00,83.43,83.77,83.0601,83.17,146165.00
2026-02-13 11:35:00-05:00,83.0601,83.76,83.0501,83.76,91604.00
2026-02-13 11:40:00-05:00,83.693,84.01,83.61,83.86,110804.00
2026-02-13 11:45:00-05:00,83.865,84.75,83.81,83.91,234308.00
2026-02-13 11:50:00-05:00,83.91,84.09,83.76,83.81,106018.00
2026-02-13 11:55:00-05:00,83.79,83.89,83.21,83.24,107209.00
2026-02-13 12:00:00-05:00,83.21,83.645,83.21,83.53,117199.00
2026-02-13 12:05:00-05:00,83.54,83.69,83.36,83.41,63074.00
2026-02-13 12:10:00-05:00,83.43,84.1763,83.16,84.1108,93072.00
2026-02-13 12:15:00-05:00,84.105,84.465,83.77,84.26,115538.00
2026-02-13 12:20:00-05:00,84.26,84.76,84.2,84.595,169917.00
2026-02-13 12:25:00-05:00,84.65,84.67,84.2009,84.31,120636.00
2026-02-13 12:30:00-05:00,84.31,84.95,84.28,84.7,182388.00
2026-02-13 12:35:00-05:00,84.7,85,84.59,84.7,157095.00
2026-02-13 12:40:00-05:00,84.7,84.9199,84.31,84.4125,128787.00
2026-02-13 12:45:00-05:00,84.42,84.64,84.08,84.5501,85905.00
2026-02-13 12:50:00-05:00,84.6,84.64,84.32,84.54,40115.00
2026-02-13 12:55:00-05:00,84.51,84.5733,84.0935,84.175,46929.00
2026-02-13 13:00:00-05:00,84.26,84.28,83.69,83.85,83268.00
2026-02-13 13:05:00-05:00,83.91,84,83.64,83.75,114457.00
2026-02-13 13:10:00-05:00,83.78,83.8488,83.4,83.685,121910.00
2026-02-13 13:15:00-05:00,83.685,84.02,83.2988,83.4587,85259.00
2026-02-13 13:20:00-05:00,83.41,83.8551,83.4,83.785,56842.00
2026-02-13 13:25:00-05:00,83.765,83.79,82.6,82.755,147095.00
2026-02-13 13:30:00-05:00,82.76,83.48,82.68,83.425,85803.00
2026-02-13 13:35:00-05:00,83.425,84,83.34,83.865,116477.00
2026-02-13 13:40:00-05:00,83.89,84,83.47,83.5555,59735.00
2026-02-13 13:45:00-05:00,83.52,83.7401,83.4,83.6175,123246.00
2026-02-13 13:50:00-05:00,83.58,83.58,83.24,83.425,59384.00
2026-02-13 13:55:00-05:00,83.425,83.56,83.27,83.38,36570.00
2026-02-13 14:00:00-05:00,83.45,83.501,83.08,83.1192,50573.00
2026-02-13 14:05:00-05:00,83.145,83.5399,83.145,83.3959,64642.00
2026-02-13 14:10:00-05:00,83.41,83.52,82.93,83.2299,84410.00
2026-02-13 14:15:00-05:00,83.22,83.29,82.96,83.1199,52372.00
2026-02-13 14:20:00-05:00,83.1,83.53,83.1,83.485,71888.00
2026-02-13 14:25:00-05:00,83.435,83.45,82.5,82.63,104660.00
2026-02-13 14:30:00-05:00,82.68,82.99,82.48,82.92,58733.00
2026-02-13 14:35:00-05:00,82.8934,82.9999,82.5,82.61,75096.00
2026-02-13 14:40:00-05:00,82.62,82.6299,82.22,82.53,65130.00
2026-02-13 14:45:00-05:00,82.58,82.96,82.53,82.91,59353.00
2026-02-13 14:50:00-05:00,82.915,82.97,82.43,82.475,30873.00
2026-02-13 14:55:00-05:00,82.49,82.52,81.83,81.96,220083.00
2026-02-13 15:00:00-05:00,82.03,82.29,81.99,82.17,91728.00
2026-02-13 15:05:00-05:00,82.18,82.18,81.7,81.855,106566.00
2026-02-13 15:10:00-05:00,81.845,81.95,81.4101,81.515,174676.00
2026-02-13 15:15:00-05:00,81.495,81.78,81.45,81.6966,166465.00
2026-02-13 15:20:00-05:00,81.6093,81.74,81.43,81.58,102331.00
2026-02-13 15:25:00-05:00,81.52,81.85,81.3,81.765,105584.00
2026-02-13 15:30:00-05:00,81.76,82.21,81.6,82.01,109255.00
2026-02-13 15:35:00-05:00,82.02,82.17,81.88,82.085,99898.00
2026-02-13 15:40:00-05:00,82.085,82.525,81.975,82.51,145990.00
2026-02-13 15:45:00-05:00,82.51,82.62,82.31,82.43,147611.00
2026-02-13 15:50:00-05:00,82.43,82.73,82.17,82.6,175125.00
2026-02-13 15:55:00-05:00,82.56,82.73,82.46,82.56,360168.00
2026-02-17 09:30:00-05:00,80.87,81.13,78.95,81.05,663109.00
2026-02-17 09:35:00-05:00,80.83,81.06,79.41,80.88,264229.00
2026-02-17 09:40:00-05:00,80.88,80.88,79.16,79.595,256930.00
2026-02-17 09:45:00-05:00,79.5,80.15,78.95,80.06,249653.00
2026-02-17 09:50:00-05:00,80.15,80.25,78.8,79.38,255874.00
2026-02-17 09:55:00-05:00,79.31,79.95,79.09,79.46,156574.00
2026-02-17 10:00:00-05:00,79.37,80.94,79.32,80.6,183026.00
2026-02-17 10:05:00-05:00,80.656,81.1,80.16,80.735,119536.00
2026-02-17 10:10:00-05:00,80.7,81.49,80.5425,80.958,123030.00
2026-02-17 10:15:00-05:00,80.8455,82.15,80.8455,81.915,165746.00
2026-02-17 10:20:00-05:00,81.9573,81.9799,80.6113,80.6113,131838.00
2026-02-17 10:25:00-05:00,80.705,81.15,80.2,80.7601,106710.00
2026-02-17 10:30:00-05:00,80.68,80.8848,80.12,80.4255,91149.00
2026-02-17 10:35:00-05:00,80.45,80.72,80.12,80.3,126106.00
2026-02-17 10:40:00-05:00,80.32,81.14,80.27,81.14,89231.00
2026-02-17 10:45:00-05:00,81.11,82.29,81.03,82.25,135178.00
2026-02-17 10:50:00-05:00,82.17,82.4148,81.67,81.73,87201.00
2026-02-17 10:55:00-05:00,81.65,82.4,81.53,82.305,65764.00
2026-02-17 11:00:00-05:00,82.32,83,82.24,82.395,186051.00
2026-02-17 11:05:00-05:00,82.39,83.49,82.3676,83.4,171204.00
2026-02-17 11:10:00-05:00,83.44,83.86,83.3,83.415,154823.00
2026-02-17 11:15:00-05:00,83.4135,83.42,83.04,83.11,83599.00
2026-02-17 11:20:00-05:00,83.07,83.08,82.555,82.555,72672.00
2026-02-17 11:25:00-05:00,82.55,82.61,82.09,82.2,84712.00
2026-02-17 11:30:00-05:00,82.23,82.32,81.81,82.2899,121401.00
2026-02-17 11:35:00-05:00,82.08,82.52,82.08,82.4496,46851.00
2026-02-17 11:40:00-05:00,82.435,82.67,82.12,82.28,70223.00
2026-02-17 11:45:00-05:00,82.31,82.6,82.19,82.3351,34302.00
2026-02-17 11:50:00-05:00,82.44,82.52,82.08,82.455,54253.00
2026-02-17 11:55:00-05:00,82.5,82.8095,82.2,82.39,89241.00
2026-02-17 12:00:00-05:00,82.38,82.8,82.3001,82.65,30435.00
2026-02-17 12:05:00-05:00,82.68,82.9199,82.55,82.65,55810.00
2026-02-17 12:10:00-05:00,82.65,82.73,82.3,82.495,63114.00
2026-02-17 12:15:00-05:00,82.42,82.59,82.19,82.45,45908.00
2026-02-17 12:20:00-05:00,82.32,82.5,82.2301,82.41,26855.00
2026-02-17 12:25:00-05:00,82.4957,82.71,82.33,82.71,50990.00
2026-02-17 12:30:00-05:00,82.69,82.8193,82.19,82.59,41821.00
2026-02-17 12:35:00-05:00,82.6399,82.82,82.49,82.55,42230.00
2026-02-17 12:40:00-05:00,82.5401,82.75,82.23,82.23,48227.00
2026-02-17 12:45:00-05:00,82.275,82.48,82,82.28,40345.00
2026-02-17 12:50:00-05:00,82.285,82.45,81.91,82.01,42907.00
2026-02-17 12:55:00-05:00,82.09,82.6,81.7533,82.47,48027.00
2026-02-17 13:00:00-05:00,82.53,82.55,82.12,82.4499,34453.00
2026-02-17 13:05:00-05:00,82.3447,82.55,82.13,82.54,25386.00
2026-02-17 13:10:00-05:00,82.49,82.79,82.29,82.6508,55720.00
2026-02-17 13:15:00-05:00,82.5,83.09,82.45,82.76,58750.00
2026-02-17 13:20:00-05:00,82.74,83.5,82.7,83.35,101438.00
2026-02-17 13:25:00-05:00,83.35,83.53,83.13,83.25,69257.00
2026-02-17 13:30:00-05:00,83.225,83.7999,82.93,83.635,79308.00
2026-02-17 13:35:00-05:00,83.6,84,83.47,83.75,115568.00
2026-02-17 13:40:00-05:00,83.6101,84.21,83.6101,84.09,86093.00
2026-02-17 13:45:00-05:00,84.05,84.31,83.98,84.255,76798.00
2026-02-17 13:50:00-05:00,84.255,84.34,83.825,84.28,91587.00
2026-02-17 13:55:00-05:00,84.28,84.82,84.24,84.64,133329.00
2026-02-17 14:00:00-05:00,84.64,84.752,84.15,84.2,129245.00
2026-02-17 14:05:00-05:00,84.1547,84.17,83.75,83.915,73636.00
2026-02-17 14:10:00-05:00,83.925,83.925,83.57,83.79,94351.00
2026-02-17 14:15:00-05:00,83.7501,84.08,83.73,83.99,40964.00
2026-02-17 14:20:00-05:00,83.99,84.0799,83.69,83.82,52915.00
2026-02-17 14:25:00-05:00,83.71,83.86,83.1801,83.405,156564.00
2026-02-17 14:30:00-05:00,83.5,83.94,83.44,83.94,78403.00
2026-02-17 14:35:00-05:00,83.94,84.2755,83.75,84.27,67875.00
2026-02-17 14:40:00-05:00,84.245,84.41,83.92,84.1999,220775.00
2026-02-17 14:45:00-05:00,84.17,84.25,83.71,84.14,311408.00
2026-02-17 14:50:00-05:00,84.12,84.3,83.7,84.01,77869.00
2026-02-17 14:55:00-05:00,83.9248,84.1743,83.88,83.94,139724.00
2026-02-17 15:00:00-05:00,83.85,84.23,83.79,84.04,52771.00
2026-02-17 15:05:00-05:00,84.02,84.17,83.67,83.7,46433.00
2026-02-17 15:10:00-05:00,83.675,83.9,83.49,83.9,146452.00
2026-02-17 15:15:00-05:00,83.895,84.0368,83.4,83.445,67575.00
2026-02-17 15:20:00-05:00,83.49,83.545,82.945,83.14,95700.00
2026-02-17 15:25:00-05:00,83.13,83.37,83.01,83.11,58219.00
2026-02-17 15:30:00-05:00,83.08,83.31,82.86,83.085,116653.00
2026-02-17 15:35:00-05:00,83.1,83.26,82.94,83.18,44954.00
2026-02-17 15:40:00-05:00,83.16,83.55,83.13,83.54,80530.00
2026-02-17 15:45:00-05:00,83.54,83.64,83.31,83.44,68784.00
2026-02-17 15:50:00-05:00,83.42,83.53,82.93,83.27,153649.00
2026-02-17 15:55:00-05:00,83.3,83.315,82.85,83.06,322680.00
2026-02-18 09:30:00-05:00,83.01,84.64,82.1,82.45,353647.00
2026-02-18 09:35:00-05:00,82.455,83.44,82.1,83,164221.00
2026-02-18 09:40:00-05:00,82.82,84.69,82.71,83.92,190995.00
2026-02-18 09:45:00-05:00,83.91,85.4499,83.78,84.6,248482.00
2026-02-18 09:50:00-05:00,84.72,85.65,84.27,85.5682,272770.00
2026-02-18 09:55:00-05:00,85.64,86.33,85.33,86.165,431887.00
2026-02-18 10:00:00-05:00,86.24,87.05,86.08,86.7189,453855.00
2026-02-18 10:05:00-05:00,86.72,86.89,86.26,86.75,242331.00
2026-02-18 10:10:00-05:00,86.75,86.86,86.03,86.38,156592.00
2026-02-18 10:15:00-05:00,86.39,87.02,86.26,86.9899,122512.00
2026-02-18 10:20:00-05:00,86.92,87.25,86.63,86.9,239442.00
2026-02-18 10:25:00-05:00,86.95,87,86.55,86.7949,149021.00
2026-02-18 10:30:00-05:00,86.78,86.7993,85.55,85.61,197388.00
2026-02-18 10:35:00-05:00,85.6,86.69,85.58,86.545,98955.00
2026-02-18 10:40:00-05:00,86.535,86.88,86.1,86.135,82262.00
2026-02-18 10:45:00-05:00,86.145,86.5352,85.93,86.46,99853.00
2026-02-18 10:50:00-05:00,86.47,86.58,86.14,86.57,67143.00
2026-02-18 10:55:00-05:00,86.55,86.61,86.21,86.505,53520.00
2026-02-18 11:00:00-05:00,86.59,86.75,86.36,86.705,60687.00
2026-02-18 11:05:00-05:00,86.76,86.96,86.43,86.8863,109303.00
2026-02-18 11:10:00-05:00,86.96,87.148,86.51,86.59,110005.00
2026-02-18 11:15:00-05:00,86.63,86.715,86.3878,86.51,44921.00
2026-02-18 11:20:00-05:00,86.59,86.76,86.3,86.71,51953.00
2026-02-18 11:25:00-05:00,86.67,86.8,86.37,86.55,45032.00
2026-02-18 11:30:00-05:00,86.545,86.68,86.37,86.43,73877.00
2026-02-18 11:35:00-05:00,86.3842,86.52,86.16,86.445,51564.00
2026-02-18 11:40:00-05:00,86.45,86.45,86.01,86.14,36696.00
2026-02-18 11:45:00-05:00,86.12,86.69,86.05,86.575,46911.00
2026-02-18 11:50:00-05:00,86.57,86.75,86.1801,86.33,73380.00
2026-02-18 11:55:00-05:00,86.345,86.51,86.1,86.29,111265.00
2026-02-18 12:00:00-05:00,86.25,86.2999,85.84,86.21,67821.00
2026-02-18 12:05:00-05:00,86.23,86.31,85.76,85.855,70595.00
2026-02-18 12:10:00-05:00,85.86,86.095,85.79,85.86,51643.00
2026-02-18 12:15:00-05:00,85.88,86.2,85.85,86.18,33638.00
2026-02-18 12:20:00-05:00,86.2099,86.5482,86.12,86.39,50528.00
2026-02-18 12:25:00-05:00,86.39,86.43,85.91,85.975,52834.00
2026-02-18 12:30:00-05:00,85.9545,86.17,85.88,85.93,60402.00
2026-02-18 12:35:00-05:00,85.9325,86.12,85.85,86.01,42523.00
2026-02-18 12:40:00-05:00,85.98,86.135,85.9,86.12,29177.00
2026-02-18 12:45:00-05:00,86.12,86.34,85.89,85.98,51489.00
2026-02-18 12:50:00-05:00,85.92,86.3873,85.86,86.17,96896.00
2026-02-18 12:55:00-05:00,86.17,86.29,86.09,86.15,45587.00
2026-02-18 13:00:00-05:00,86.135,86.39,86.0522,86.0522,28568.00
2026-02-18 13:05:00-05:00,86.09,86.21,85.95,86.005,43875.00
2026-02-18 13:10:00-05:00,85.97,86.17,85.92,86,29986.00
2026-02-18 13:15:00-05:00,86.02,86.2415,85.89,85.9,29592.00
2026-02-18 13:20:00-05:00,85.91,85.9799,85.6136,85.64,44709.00
2026-02-18 13:25:00-05:00,85.6,85.66,85.16,85.42,146540.00
2026-02-18 13:30:00-05:00,85.48,85.52,84.96,85.24,129183.00
2026-02-18 13:35:00-05:00,85.23,85.49,85.1989,85.1989,45418.00
2026-02-18 13:40:00-05:00,85.2699,85.2699,84.84,85.0025,78137.00
2026-02-18 13:45:00-05:00,84.92,85.27,84.7455,85.205,358914.00
2026-02-18 13:50:00-05:00,85.21,85.44,84.8857,85.35,46046.00
2026-02-18 13:55:00-05:00,85.345,85.41,85.06,85.13,34975.00
2026-02-18 14:00:00-05:00,85.07,85.4984,84.91,85.27,48504.00
2026-02-18 14:05:00-05:00,85.28,85.5965,85.15,85.155,153291.00
2026-02-18 14:10:00-05:00,85.16,85.36,85,85.23,378389.00
2026-02-18 14:15:00-05:00,85.166,85.23,84.59,84.66,422482.00
2026-02-18 14:20:00-05:00,84.65,84.9699,84.46,84.65,162755.00
2026-02-18 14:25:00-05:00,84.72,84.93,84.21,84.3601,112176.00
2026-02-18 14:30:00-05:00,84.42,84.48,83.94,84.23,170267.00
2026-02-18 14:35:00-05:00,84.18,84.21,83.85,83.936,49351.00
2026-02-18 14:40:00-05:00,83.95,84.19,83.74,83.815,61028.00
2026-02-18 14:45:00-05:00,83.77,84.21,83.76,83.8363,46495.00
2026-02-18 14:50:00-05:00,83.875,84.04,83.6,83.89,57983.00
2026-02-18 14:55:00-05:00,83.98,84.24,83.835,84.06,71789.00
2026-02-18 15:00:00-05:00,84.1,84.57,83.87,84.46,76606.00
2026-02-18 15:05:00-05:00,84.42,84.53,84.16,84.16,58971.00
2026-02-18 15:10:00-05:00,84.235,84.41,83.94,84.0206,56215.00
2026-02-18 15:15:00-05:00,83.99,84,83.32,83.675,118929.00
2026-02-18 15:20:00-05:00,83.65,84.01,83.58,83.89,96743.00
2026-02-18 15:25:00-05:00,83.85,84.09,83.35,83.41,57691.00
2026-02-18 15:30:00-05:00,83.34,84.2798,83.12,84.2798,82653.00
2026-02-18 15:35:00-05:00,84.2317,85.106,84.23,85.02,79092.00
2026-02-18 15:40:00-05:00,85.02,85.0799,84.62,84.905,83681.00
2026-02-18 15:45:00-05:00,84.9,85.15,84.85,85.01,86394.00
2026-02-18 15:50:00-05:00,85.05,85.05,84.1,84.17,115871.00
2026-02-18 15:55:00-05:00,84.1,84.88,83.8,84.46,789886.00
2026-02-19 09:30:00-05:00,82.88,84.83,82.65,83.015,320090.00
2026-02-19 09:35:00-05:00,82.9,83.7,82.1,83.555,186280.00
2026-02-19 09:40:00-05:00,83.52,84.08,82.86,83.99,162894.00
2026-02-19 09:45:00-05:00,83.93,83.93,82.58,83,165117.00
2026-02-19 09:50:00-05:00,82.95,83.7799,82.66,83.4171,167985.00
2026-02-19 09:55:00-05:00,83.5,84.1277,82.91,83.1126,161114.00
2026-02-19 10:00:00-05:00,83.045,83.66,82.78,83.375,189276.00
2026-02-19 10:05:00-05:00,83.385,83.48,82.93,83.205,143055.00
2026-02-19 10:10:00-05:00,83.25,83.39,82.6042,82.78,107320.00
2026-02-19 10:15:00-05:00,82.78,83.55,82.7475,83.13,118821.00
2026-02-19 10:20:00-05:00,83.18,83.23,82.6,83.105,72467.00
2026-02-19 10:25:00-05:00,83.04,83.04,82.3801,82.54,97595.00
2026-02-19 10:30:00-05:00,82.455,84.56,82.35,84.55,178938.00
2026-02-19 10:35:00-05:00,84.55,85.23,84.53,84.89,226705.00
2026-02-19 10:40:00-05:00,84.92,85.29,84.8201,84.97,138898.00
2026-02-19 10:45:00-05:00,84.98,85.43,84.68,84.83,108458.00
2026-02-19 10:50:00-05:00,84.84,84.9799,84.34,84.48,129155.00
2026-02-19 10:55:00-05:00,84.46,85.015,84.46,84.9,89515.00
2026-02-19 11:00:00-05:00,84.86,85.4,84.7501,84.92,98925.00
2026-02-19 11:05:00-05:00,84.81,85.05,84.56,84.84,114441.00
2026-02-19 11:10:00-05:00,84.915,85.09,84.42,84.59,59455.00
2026-02-19 11:15:00-05:00,84.59,85.05,84.57,85.05,82748.00
2026-02-19 11:20:00-05:00,85.08,85.31,84.82,84.9006,70978.00
2026-02-19 11:25:00-05:00,84.83,84.9,84.37,84.5709,69885.00
2026-02-19 11:30:00-05:00,84.64,85.19,84.64,85.12,56402.00
2026-02-19 11:35:00-05:00,85.11,85.13,84.79,84.985,29685.00
2026-02-19 11:40:00-05:00,85.01,85.04,84.64,84.71,38062.00
2026-02-19 11:45:00-05:00,84.77,84.88,84.1,84.16,82767.00
2026-02-19 11:50:00-05:00,84.19,84.556,83.79,84.41,104942.00
2026-02-19 11:55:00-05:00,84.44,84.485,83.98,84,42363.00
2026-02-19 12:00:00-05:00,84,84.13,83.75,84.08,37339.00
2026-02-19 12:05:00-05:00,84.055,84.57,84,84.2,45117.00
2026-02-19 12:10:00-05:00,84.23,85.1,84.16,85.034,63057.00
2026-02-19 12:15:00-05:00,85.1,85.29,84.79,85.25,78035.00
2026-02-19 12:20:00-05:00,85.23,85.68,85.09,85.615,162744.00
2026-02-19 12:25:00-05:00,85.525,85.59,84.89,85.18,66437.00
2026-02-19 12:30:00-05:00,85.14,85.34,84.85,84.85,41345.00
2026-02-19 12:35:00-05:00,84.92,85.02,84.43,84.84,65868.00
2026-02-19 12:40:00-05:00,84.905,85.03,84.58,84.7199,38662.00
2026-02-19 12:45:00-05:00,84.605,84.75,84.1011,84.3,80168.00
2026-02-19 12:50:00-05:00,84.2215,84.39,84.04,84.25,52360.00
2026-02-19 12:55:00-05:00,84.27,84.44,83.85,83.95,107315.00
2026-02-19 13:00:00-05:00,83.93,84.0747,83.65,83.76,75989.00
2026-02-19 13:05:00-05:00,83.78,84.025,83.76,83.9,30841.00
2026-02-19 13:10:00-05:00,83.935,84.305,83.79,84.152,41715.00
2026-02-19 13:15:00-05:00,84.12,84.2087,83.67,83.69,70764.00
2026-02-19 13:20:00-05:00,83.65,83.7299,83.3792,83.5,72940.00
2026-02-19 13:25:00-05:00,83.47,83.62,83.35,83.4,53710.00
2026-02-19 13:30:00-05:00,83.41,83.5999,83.18,83.2593,96315.00
2026-02-19 13:35:00-05:00,83.26,83.36,82.97,83.2946,89369.00
2026-02-19 13:40:00-05:00,83.275,83.3385,83.12,83.24,46426.00
2026-02-19 13:45:00-05:00,83.28,83.56,83.2701,83.46,73707.00
2026-02-19 13:50:00-05:00,83.43,83.6482,83.1801,83.485,52366.00
2026-02-19 13:55:00-05:00,83.499,83.69,83.28,83.655,55416.00
2026-02-19 14:00:00-05:00,83.655,83.78,83.55,83.5848,32350.00
2026-02-19 14:05:00-05:00,83.5721,84.1188,83.5401,84.09,59015.00
2026-02-19 14:10:00-05:00,84.06,84.4055,83.4882,84.39,128212.00
2026-02-19 14:15:00-05:00,84.44,84.52,84.17,84.52,38031.00
2026-02-19 14:20:00-05:00,84.52,84.74,84.415,84.63,67125.00
2026-02-19 14:25:00-05:00,84.605,84.86,83.855,84.16,177095.00
2026-02-19 14:30:00-05:00,84.16,84.65,84.16,84.55,44224.00
2026-02-19 14:35:00-05:00,84.53,84.63,84.3,84.579,42127.00
2026-02-19 14:40:00-05:00,84.47,84.95,84.37,84.9,77726.00
2026-02-19 14:45:00-05:00,84.865,84.98,84.5001,84.76,73410.00
2026-02-19 14:50:00-05:00,84.825,85.18,84.56,85.13,131197.00
2026-02-19 14:55:00-05:00,85.19,85.35,84.57,84.925,81720.00
2026-02-19 15:00:00-05:00,84.9999,85.2499,84.9,85.175,35051.00
2026-02-19 15:05:00-05:00,85.175,85.1962,84.86,85.055,54213.00
2026-02-19 15:10:00-05:00,85.15,85.59,84.95,85.55,100054.00
2026-02-19 15:15:00-05:00,85.55,85.85,85.35,85.65,126881.00
2026-02-19 15:20:00-05:00,85.64,86.09,85.45,85.76,125632.00
2026-02-19 15:25:00-05:00,85.795,85.8799,85.25,85.34,52869.00
2026-02-19 15:30:00-05:00,85.32,85.66,85.02,85.57,103605.00
2026-02-19 15:35:00-05:00,85.62,85.9299,85.53,85.6575,68071.00
2026-02-19 15:40:00-05:00,85.665,86.22,85.62,86.14,159136.00
2026-02-19 15:45:00-05:00,86.16,86.52,86.1,86.52,128556.00
2026-02-19 15:50:00-05:00,86.46,86.72,85.82,86.665,221097.00
2026-02-19 15:55:00-05:00,86.665,86.6999,86.2,86.35,283599.00
2026-02-20 09:30:00-05:00,85.13,85.6,84.18,84.45,298734.00
2026-02-20 09:35:00-05:00,84.5,85.34,83.9,85.2,264600.00
2026-02-20 09:40:00-05:00,85.04,86.22,85.0214,85.4843,123876.00
2026-02-20 09:45:00-05:00,85.29,85.942,85.27,85.615,73635.00
2026-02-20 09:50:00-05:00,85.605,85.61,84.9,85.34,104828.00
2026-02-20 09:55:00-05:00,85.25,85.296,84.5001,85.17,91137.00
2026-02-20 10:00:00-05:00,85.26,87.0899,85.2,85.86,232602.00
2026-02-20 10:05:00-05:00,85.86,85.86,84.48,84.78,147325.00
2026-02-20 10:10:00-05:00,84.93,85.25,84.07,84.1408,115573.00
2026-02-20 10:15:00-05:00,84.05,84.21,83.01,83.6,287708.00
2026-02-20 10:20:00-05:00,83.68,84.4499,83.615,83.995,91157.00
2026-02-20 10:25:00-05:00,84.09,85.3399,84.0601,84.85,82392.00
2026-02-20 10:30:00-05:00,84.81,84.91,84.26,84.61,57352.00
2026-02-20 10:35:00-05:00,84.65,84.79,84.01,84.47,54604.00
2026-02-20 10:40:00-05:00,84.25,84.32,83.27,83.69,95224.00
2026-02-20 10:45:00-05:00,83.64,83.78,83.2347,83.58,77025.00
2026-02-20 10:50:00-05:00,83.5201,83.9263,83.24,83.765,81117.00
2026-02-20 10:55:00-05:00,83.81,84.37,83.765,84.2749,117976.00
2026-02-20 11:00:00-05:00,84.23,84.66,83.83,84.39,97613.00
2026-02-20 11:05:00-05:00,84.39,84.62,84.0101,84.2168,59405.00
2026-02-20 11:10:00-05:00,84.28,84.62,84.02,84.0725,74815.00
2026-02-20 11:15:00-05:00,84.17,84.18,83.45,84.02,149637.00
2026-02-20 11:20:00-05:00,83.83,83.8499,83.36,83.44,61004.00
2026-02-20 11:25:00-05:00,83.44,83.49,83.03,83.25,98863.00
2026-02-20 11:30:00-05:00,83.18,83.701,83.12,83.58,82223.00
2026-02-20 11:35:00-05:00,83.5775,83.86,83.35,83.86,64179.00
2026-02-20 11:40:00-05:00,83.88,84.2414,83.67,83.795,62488.00
2026-02-20 11:45:00-05:00,83.76,84.24,83.76,84.23,58249.00
2026-02-20 11:50:00-05:00,84.2,84.3899,83.9633,84.29,50552.00
2026-02-20 11:55:00-05:00,84.2901,84.4499,83.96,84.24,93612.00
2026-02-20 12:00:00-05:00,84.24,84.41,83.7309,83.922,56604.00
2026-02-20 12:05:00-05:00,83.85,84.07,83.6,83.67,44755.00
2026-02-20 12:10:00-05:00,83.59,83.68,83.15,83.195,90194.00
2026-02-20 12:15:00-05:00,83.12,83.12,81.86,81.92,284676.00
2026-02-20 12:20:00-05:00,81.92,81.99,81.52,81.5601,145895.00
2026-02-20 12:25:00-05:00,81.64,82.11,81.4,81.61,97694.00
2026-02-20 12:30:00-05:00,81.59,81.704,81.2751,81.3654,136336.00
2026-02-20 12:35:00-05:00,81.4,81.53,80.93,81.1812,124212.00
2026-02-20 12:40:00-05:00,81.1558,81.3,80.67,80.97,103634.00
2026-02-20 12:45:00-05:00,80.96,81.28,80.66,81.26,92634.00
2026-02-20 12:50:00-05:00,81.16,81.66,80.84,81.59,72629.00
2026-02-20 12:55:00-05:00,81.59,81.68,81.16,81.49,100215.00
2026-02-20 13:00:00-05:00,81.49,82.3,81.4416,82.04,79220.00
2026-02-20 13:05:00-05:00,82.05,82.41,81.9,81.91,81836.00
2026-02-20 13:10:00-05:00,81.9,81.9,81.45,81.6911,42957.00
2026-02-20 13:15:00-05:00,81.555,81.6,80.9,81.12,102891.00
2026-02-20 13:20:00-05:00,81.1,81.1,80.25,80.67,387330.00
2026-02-20 13:25:00-05:00,80.55,80.73,80.1,80.46,131381.00
2026-02-20 13:30:00-05:00,80.5716,81.34,80.18,81.03,112129.00
2026-02-20 13:35:00-05:00,81.035,81.35,80.5,81.055,221526.00
2026-02-20 13:40:00-05:00,81.09,81.46,80.95,81.335,115923.00
2026-02-20 13:45:00-05:00,81.3642,81.9,81.29,81.5624,92489.00
2026-02-20 13:50:00-05:00,81.57,81.82,81.1,81.82,78129.00
2026-02-20 13:55:00-05:00,81.82,82.619,81.8,82.58,99729.00
2026-02-20 14:00:00-05:00,82.4663,82.62,82.0296,82.11,94121.00
2026-02-20 14:05:00-05:00,82.2,82.3599,81.9177,82.21,70618.00
2026-02-20 14:10:00-05:00,82.16,82.25,81.74,81.81,83990.00
2026-02-20 14:15:00-05:00,81.8,81.99,81.6,81.76,59123.00
2026-02-20 14:20:00-05:00,81.8,81.83,81.38,81.4831,70507.00
2026-02-20 14:25:00-05:00,81.47,81.515,80.93,81.09,88128.00
2026-02-20 14:30:00-05:00,81.08,81.25,80.95,81,49741.00
2026-02-20 14:35:00-05:00,81.05,81.2799,80.8,80.81,86227.00
2026-02-20 14:40:00-05:00,80.84,81.03,80.16,80.21,109009.00
2026-02-20 14:45:00-05:00,80.2355,80.25,79.6844,79.92,177669.00
2026-02-20 14:50:00-05:00,79.89,80.17,79.76,79.8149,112597.00
2026-02-20 14:55:00-05:00,79.9037,80,79.51,79.68,132961.00
2026-02-20 15:00:00-05:00,79.61,79.895,79.51,79.76,133675.00
2026-02-20 15:05:00-05:00,79.79,80.31,79.79,80.21,104679.00
2026-02-20 15:10:00-05:00,80.15,80.47,79.95,80.31,69234.00
2026-02-20 15:15:00-05:00,80.31,80.49,79.89,80.4879,148999.00
2026-02-20 15:20:00-05:00,80.5,80.55,80.16,80.17,72305.00
2026-02-20 15:25:00-05:00,80.225,80.36,80.13,80.22,71198.00
2026-02-20 15:30:00-05:00,80.22,80.53,80.04,80.315,78567.00
2026-02-20 15:35:00-05:00,80.315,80.58,80.2701,80.5001,72995.00
2026-02-20 15:40:00-05:00,80.54,80.88,80.51,80.69,88891.00
2026-02-20 15:45:00-05:00,80.64,80.67,80.42,80.455,119924.00
2026-02-20 15:50:00-05:00,80.5,80.82,80.19,80.32,292619.00
2026-02-20 15:55:00-05:00,80.26,80.28,80,80.24,461434.00
2026-02-23 09:30:00-05:00,78.252,79.6,77.9,78.89,604919.72
2026-02-23 09:35:00-05:00,78.89,80.03,78.6052,79.659,268494.75
2026-02-23 09:40:00-05:00,79.61,80,78.81,79.77,237733.46
2026-02-23 09:45:00-05:00,79.53,80.92,79.22,80.71,210813.33
2026-02-23 09:50:00-05:00,80.75,81.76,80.63,81.4351,265020.05
2026-02-23 09:55:00-05:00,81.46,82.089,80.71,81.18,301402.14
2026-02-23 10:00:00-05:00,81.18,81.94,80.73,80.77,156752.66
2026-02-23 10:05:00-05:00,80.905,81.71,80.81,81.34,156765.34
2026-02-23 10:10:00-05:00,81.38,82,80.86,80.94,167055.00
2026-02-23 10:15:00-05:00,80.955,81.76,80.9101,81.38,140980.29
2026-02-23 10:20:00-05:00,81.46,81.76,81.03,81.575,229417.98
2026-02-23 10:25:00-05:00,81.56,81.605,80.95,81.07,105042.80
2026-02-23 10:30:00-05:00,81.09,82.08,81,81.74,169201.71
2026-02-23 10:35:00-05:00,81.73,82.02,81.42,81.83,80346.78
2026-02-23 10:40:00-05:00,81.81,82.35,81.58,81.6,158028.01
2026-02-23 10:45:00-05:00,81.62,81.7027,81.2,81.4,119752.00
2026-02-23 10:50:00-05:00,81.38,81.56,81,81.16,126610.61
2026-02-23 10:55:00-05:00,81.17,81.57,81.17,81.44,60136.01
2026-02-23 11:00:00-05:00,81.41,81.98,81.35,81.64,112943.13
2026-02-23 11:05:00-05:00,81.7,81.99,81.55,81.94,91848.63
2026-02-23 11:10:00-05:00,81.94,82.2899,81.49,82.08,120451.96
2026-02-23 11:15:00-05:00,82.15,82.93,81.73,82.93,121284.63
2026-02-23 11:20:00-05:00,82.865,83.55,82.865,83.3,326032.67
2026-02-23 11:25:00-05:00,83.25,84.4,83.15,84.36,284747.05
2026-02-23 11:30:00-05:00,84.33,85.25,83.76,83.9601,276876.69
2026-02-23 11:35:00-05:00,83.99,84.34,83.5437,83.72,140725.75
2026-02-23 11:40:00-05:00,83.71,83.89,83.28,83.66,84151.99
2026-02-23 11:45:00-05:00,83.595,83.88,83.4242,83.78,64529.20
2026-02-23 11:50:00-05:00,83.71,84.25,83.61,83.99,96780.37
2026-02-23 11:55:00-05:00,84.1,84.1,83.6,83.735,55243.33
2026-02-23 12:00:00-05:00,83.74,84.0699,83.7,84,49796.98
2026-02-23 12:05:00-05:00,84,84.61,83.911,84.47,116400.00
2026-02-23 12:10:00-05:00,84.44,84.66,84.15,84.3,118081.80
2026-02-23 12:15:00-05:00,84.39,84.66,84.01,84.01,70625.89
2026-02-23 12:20:00-05:00,84.101,84.21,83.641,83.77,68814.23
2026-02-23 12:25:00-05:00,83.86,84.16,83.7855,84.04,35960.36
2026-02-23 12:30:00-05:00,84,84.155,83.89,84.01,54340.93
2026-02-23 12:35:00-05:00,84.01,84.06,83.63,83.9875,54188.32
2026-02-23 12:40:00-05:00,83.94,84.47,83.9013,84.32,78191.67
2026-02-23 12:45:00-05:00,84.32,84.55,84.1,84.15,65345.03
2026-02-23 12:50:00-05:00,84.24,85.13,84.08,85.12,131988.64
2026-02-23 12:55:00-05:00,85.14,85.2642,84.81,85.05,154408.47
2026-02-23 13:00:00-05:00,85.035,85.33,84.85,85.29,87359.36
2026-02-23 13:05:00-05:00,85.33,85.97,85.27,85.77,167041.35
2026-02-23 13:10:00-05:00,85.801,86.2499,85.67,86.1865,252292.53
2026-02-23 13:15:00-05:00,86.23,86.5,86.17,86.4693,181726.27
2026-02-23 13:20:00-05:00,86.49,86.955,86.48,86.94,135552.34
2026-02-23 13:25:00-05:00,86.85,87,86.56,86.8357,137339.86
2026-02-23 13:30:00-05:00,86.8348,87.25,86.69,87.19,155470.92
2026-02-23 13:35:00-05:00,87.2,87.3,86.2,86.275,183308.95
2026-02-23 13:40:00-05:00,86.3,86.38,85.94,86.0768,140601.46
2026-02-23 13:45:00-05:00,86.04,86.29,85.6,85.762,159632.40
2026-02-23 13:50:00-05:00,85.73,85.91,85.37,85.37,94697.31
2026-02-23 13:55:00-05:00,85.4,85.4499,84.5,84.535,150967.41
2026-02-23 14:00:00-05:00,84.59,84.81,84.2911,84.6525,107597.56
2026-02-23 14:05:00-05:00,84.61,85.11,84.6,85.04,97303.73
2026-02-23 14:10:00-05:00,85.0614,85.075,84.5,84.64,63134.62
2026-02-23 14:15:00-05:00,84.7,84.96,84.64,84.8,45378.56
2026-02-23 14:20:00-05:00,84.76,84.9,84.33,84.35,46459.96
2026-02-23 14:25:00-05:00,84.4,84.43,83.9,83.995,95323.60
2026-02-23 14:30:00-05:00,84.02,84.34,83.9891,84.175,55621.81
2026-02-23 14:35:00-05:00,84.19,84.355,84.07,84.12,62342.31
2026-02-23 14:40:00-05:00,84.1247,84.2799,83.84,84.25,108654.82
2026-02-23 14:45:00-05:00,84.23,84.45,84.1301,84.27,74322.01
2026-02-23 14:50:00-05:00,84.27,84.5109,83.93,84.485,65842.12
2026-02-23 14:55:00-05:00,84.41,84.9899,84.25,84.3327,115747.68
2026-02-23 15:00:00-05:00,84.27,84.43,83.43,83.555,126783.95
2026-02-23 15:05:00-05:00,83.5551,83.9699,83.31,83.66,119714.10
2026-02-23 15:10:00-05:00,83.68,83.68,83.31,83.36,102518.73
2026-02-23 15:15:00-05:00,83.415,83.49,83.1532,83.1532,80302.47
2026-02-23 15:20:00-05:00,83.1806,83.86,83.03,83.83,114485.66
2026-02-23 15:25:00-05:00,83.805,84,83.57,83.64,85181.11
2026-02-23 15:30:00-05:00,83.59,84.35,83.32,84.12,147422.23
2026-02-23 15:35:00-05:00,84.05,84.13,83.81,83.83,78427.85
2026-02-23 15:40:00-05:00,83.83,84.12,83.79,83.9,98602.99
2026-02-23 15:45:00-05:00,83.9499,84.16,83.88,84.02,118402.98
2026-02-23 15:50:00-05:00,84.01,84.66,83.672,84.53,195390.10
2026-02-23 15:55:00-05:00,84.51,84.51,83.79,83.87,367733.58
2026-02-24 09:30:00-05:00,81.565,82.5,80.83,82.28,581099.19
2026-02-24 09:35:00-05:00,82.19,82.71,81,82.2764,320928.75
2026-02-24 09:40:00-05:00,82.39,83.9499,82.05,83.765,205965.32
2026-02-24 09:45:00-05:00,83.63,84.11,83.4,84.06,143537.90
2026-02-24 09:50:00-05:00,83.93,84.4,83.5509,83.67,126111.45
2026-02-24 09:55:00-05:00,83.695,83.77,82.88,83.42,142003.66
2026-02-24 10:00:00-05:00,83.46,83.89,82.96,83.68,100350.43
2026-02-24 10:05:00-05:00,83.8,84.1,83.2,84.05,125024.99
2026-02-24 10:10:00-05:00,84,84.239,83.42,83.5575,66243.08
2026-02-24 10:15:00-05:00,83.545,84.65,83.44,84.48,96771.24
2026-02-24 10:20:00-05:00,84.47,85.04,84.41,85.0371,129724.91
2026-02-24 10:25:00-05:00,85.01,85.19,84.5,84.57,117406.02
2026-02-24 10:30:00-05:00,84.595,84.81,84.33,84.61,96848.64
2026-02-24 10:35:00-05:00,84.52,84.52,83.75,83.96,105487.18
2026-02-24 10:40:00-05:00,84.01,84.32,83.85,84.2185,64940.41
2026-02-24 10:45:00-05:00,84.01,84.18,83.85,84.0968,52335.14
2026-02-24 10:50:00-05:00,84.04,84.1,83.5837,83.615,79894.03
2026-02-24 10:55:00-05:00,83.61,83.89,83.29,83.34,61337.33
2026-02-24 11:00:00-05:00,83.42,83.8,83.4,83.745,61776.52
2026-02-24 11:05:00-05:00,83.76,83.86,83.36,83.74,62537.22
2026-02-24 11:10:00-05:00,83.63,84.2655,83.5301,83.965,65652.36
2026-02-24 11:15:00-05:00,83.9148,83.965,83.38,83.66,67495.08
2026-02-24 11:20:00-05:00,83.5,83.53,83.245,83.26,38144.74
2026-02-24 11:25:00-05:00,83.295,83.88,83.27,83.65,40946.01
2026-02-24 11:30:00-05:00,83.65,84.055,83.41,83.84,60794.76
2026-02-24 11:35:00-05:00,83.84,84.24,83.84,84.01,70151.19
2026-02-24 11:40:00-05:00,83.93,84.0899,83.9,84,42649.78
2026-02-24 11:45:00-05:00,84,84.07,83.62,83.95,42062.57
2026-02-24 11:50:00-05:00,83.91,84.02,83.795,83.935,29306.77
2026-02-24 11:55:00-05:00,83.935,84.17,83.68,84.11,53335.24
2026-02-24 12:00:00-05:00,84.11,84.16,83.96,84.025,31258.89
2026-02-24 12:05:00-05:00,84.0207,84.17,83.96,84.05,37617.79
2026-02-24 12:10:00-05:00,84.0251,84.455,83.99,84.2125,59824.01
2026-02-24 12:15:00-05:00,84.245,84.25,83.58,83.78,51641.61
2026-02-24 12:20:00-05:00,83.79,83.79,83.53,83.55,29967.68
2026-02-24 12:25:00-05:00,83.4975,83.7,83.49,83.6,36855.59
2026-02-24 12:30:00-05:00,83.63,84.32,83.52,84.32,36968.13
2026-02-24 12:35:00-05:00,84.3271,84.42,83.6,83.65,66173.50
2026-02-24 12:40:00-05:00,83.665,83.83,83.61,83.725,65953.79
2026-02-24 12:45:00-05:00,83.7051,84.09,83.64,84.045,44527.36
2026-02-24 12:50:00-05:00,84,84.01,83.6395,83.6501,54277.27
2026-02-24 12:55:00-05:00,83.69,83.99,83.6101,83.93,31235.53
2026-02-24 13:00:00-05:00,83.87,84.2,83.71,84.1,58534.18
2026-02-24 13:05:00-05:00,84.05,84.055,83.62,83.78,60974.96
2026-02-24 13:10:00-05:00,83.815,83.845,83.35,83.61,92330.84
2026-02-24 13:15:00-05:00,83.65,83.66,83.3961,83.4389,36103.89
2026-02-24 13:20:00-05:00,83.4407,83.68,83.3801,83.64,33122.02
2026-02-24 13:25:00-05:00,83.64,83.82,83.53,83.64,38925.96
2026-02-24 13:30:00-05:00,83.57,84.32,83.45,84.1,120528.04
2026-02-24 13:35:00-05:00,84.095,84.53,83.94,84.02,87098.97
2026-02-24 13:40:00-05:00,84.0559,84.13,83.9,83.96,37480.32
2026-02-24 13:45:00-05:00,83.945,84.05,83.69,84.05,49961.49
2026-02-24 13:50:00-05:00,84.08,84.4,83.86,84.36,46397.19
2026-02-24 13:55:00-05:00,84.29,84.44,84.07,84.245,38356.05
2026-02-24 14:00:00-05:00,84.1513,84.61,84.09,84.4,80079.78
2026-02-24 14:05:00-05:00,84.44,84.6599,83.985,84.11,58870.78
2026-02-24 14:10:00-05:00,84.075,84.1991,83.9572,84.16,48722.59
2026-02-24 14:15:00-05:00,84.137,84.27,83.83,84.03,67681.56
2026-02-24 14:20:00-05:00,84.03,84.3352,84.03,84.3352,23109.76
2026-02-24 14:25:00-05:00,84.295,84.47,84.065,84.23,88299.78
2026-02-24 14:30:00-05:00,84.22,84.34,84.16,84.27,26246.89
2026-02-24 14:35:00-05:00,84.28,84.32,84.07,84.2197,53178.53
2026-02-24 14:40:00-05:00,84.17,84.649,84.17,84.555,59459.50
2026-02-24 14:45:00-05:00,84.555,84.9799,84.44,84.72,80670.31
2026-02-24 14:50:00-05:00,84.76,84.97,84.48,84.585,82353.88
2026-02-24 14:55:00-05:00,84.59,84.6,84.22,84.455,59968.66
2026-02-24 15:00:00-05:00,84.46,84.775,84.32,84.705,50940.18
2026-02-24 15:05:00-05:00,84.74,84.84,84.36,84.36,43920.30
2026-02-24 15:10:00-05:00,84.36,84.69,84.2601,84.65,69370.97
2026-02-24 15:15:00-05:00,84.655,85.64,84.54,85.6,251981.37
2026-02-24 15:20:00-05:00,85.63,85.89,84.88,85,158253.37
2026-02-24 15:25:00-05:00,84.945,85.03,84.5201,84.675,51578.73
2026-02-24 15:30:00-05:00,84.57,85.62,84.55,85.42,93139.51
2026-02-24 15:35:00-05:00,85.5,85.76,85.415,85.625,106970.08
2026-02-24 15:40:00-05:00,85.58,85.72,85.3301,85.72,78401.34
2026-02-24 15:45:00-05:00,85.675,85.96,85.63,85.9005,89829.44
2026-02-24 15:50:00-05:00,85.92,86.29,85.76,86.05,227570.28
2026-02-24 15:55:00-05:00,86,86.04,85.32,85.91,349428.39
2026-02-25 09:30:00-05:00,87,88.58,86.7,86.81,468546.68
2026-02-25 09:35:00-05:00,86.73,87.1951,85.99,86.9,231424.68
2026-02-25 09:40:00-05:00,86.75,87.52,85.52,86.205,273607.02
2026-02-25 09:45:00-05:00,86.03,86.73,86,86.42,127514.11
2026-02-25 09:50:00-05:00,86.4348,87.0365,86.31,86.87,91897.48
2026-02-25 09:55:00-05:00,86.8731,87.43,86.69,86.9387,155722.70
2026-02-25 10:00:00-05:00,86.81,87.31,86.3401,86.55,154736.29
2026-02-25 10:05:00-05:00,86.5,86.71,85.5911,85.665,112352.66
2026-02-25 10:10:00-05:00,85.75,86.1728,85.17,85.17,151960.58
2026-02-25 10:15:00-05:00,85.26,85.5294,84.5201,85.225,191312.35
2026-02-25 10:20:00-05:00,85.215,85.5399,84.83,85.539,102086.07
2026-02-25 10:25:00-05:00,85.41,85.41,84.61,84.915,104735.13
2026-02-25 10:30:00-05:00,84.9,85,84.37,84.5098,76860.37
2026-02-25 10:35:00-05:00,84.51,84.72,84.3983,84.6436,74268.40
2026-02-25 10:40:00-05:00,84.65,84.9999,84.5001,84.62,96490.69
2026-02-25 10:45:00-05:00,84.7,84.99,84.57,84.75,71538.94
2026-02-25 10:50:00-05:00,84.75,84.83,84.49,84.825,92775.13
2026-02-25 10:55:00-05:00,84.79,85.23,84.71,85.145,69264.84
2026-02-25 11:00:00-05:00,85.16,85.3464,84.64,84.77,76620.60
2026-02-25 11:05:00-05:00,84.75,84.9385,84.66,84.73,33936.71
2026-02-25 11:10:00-05:00,84.79,84.8,84.21,84.32,94435.65
2026-02-25 11:15:00-05:00,84.32,84.72,84.03,84.4,105742.62
2026-02-25 11:20:00-05:00,84.36,84.96,84.3,84.925,68585.09
2026-02-25 11:25:00-05:00,84.91,85.39,84.9,85.235,89586.22
2026-02-25 11:30:00-05:00,85.24,86.0525,85.24,85.7,131134.53
2026-02-25 11:35:00-05:00,85.8,86.15,85.15,85.26,100754.71
2026-02-25 11:40:00-05:00,85.25,85.25,84.92,85.15,42118.72
2026-02-25 11:45:00-05:00,85.18,85.69,85.18,85.28,83725.50
2026-02-25 11:50:00-05:00,85.305,85.91,85.29,85.7,58290.60
2026-02-25 11:55:00-05:00,85.65,85.97,85.02,85.07,57310.83
2026-02-25 12:00:00-05:00,85.06,85.59,85.06,85.3788,53981.33
2026-02-25 12:05:00-05:00,85.34,85.67,85.19,85.57,42203.56
2026-02-25 12:10:00-05:00,85.573,85.82,85.43,85.81,38348.15
2026-02-25 12:15:00-05:00,85.8,85.95,85.52,85.52,30681.72
2026-02-25 12:20:00-05:00,85.54,85.6599,85.1,85.175,54600.88
2026-02-25 12:25:00-05:00,85.1911,85.1911,84.65,84.715,70323.35
2026-02-25 12:30:00-05:00,84.67,84.74,84.3101,84.46,76552.54
2026-02-25 12:35:00-05:00,84.4245,84.7399,84.41,84.413,40709.21
2026-02-25 12:40:00-05:00,84.41,84.44,84.21,84.23,44856.64
2026-02-25 12:45:00-05:00,84.28,84.71,84.28,84.7,48212.20
2026-02-25 12:50:00-05:00,84.7,84.89,84.61,84.69,36511.04
2026-02-25 12:55:00-05:00,84.71,85.16,84.69,85.1001,82325.19
2026-02-25 13:00:00-05:00,85.16,85.22,84.76,84.8125,59950.75
2026-02-25 13:05:00-05:00,84.83,85.075,84.79,85.05,46033.51
2026-02-25 13:10:00-05:00,85.09,85.34,85.03,85.1975,58162.05
2026-02-25 13:15:00-05:00,85.15,85.205,84.63,84.63,54401.71
2026-02-25 13:20:00-05:00,84.66,84.7699,84.6,84.74,55706.95
2026-02-25 13:25:00-05:00,84.7784,84.965,84.71,84.9241,47665.90
2026-02-25 13:30:00-05:00,84.92,84.94,84.77,84.7901,26814.10
2026-02-25 13:35:00-05:00,84.75,85.17,84.74,85.03,44548.11
2026-02-25 13:40:00-05:00,85.02,85.2,84.94,85.14,61905.15
2026-02-25 13:45:00-05:00,85.15,85.39,85.1,85.3,40605.84
2026-02-25 13:50:00-05:00,85.3,85.3025,84.77,84.8,32410.55
2026-02-25 13:55:00-05:00,84.815,84.88,84.44,84.505,66728.96
2026-02-25 14:00:00-05:00,84.5,84.6099,84.37,84.46,34387.05
2026-02-25 14:05:00-05:00,84.445,84.82,84.41,84.725,53137.45
2026-02-25 14:10:00-05:00,84.725,84.92,84.59,84.9,27642.16
2026-02-25 14:15:00-05:00,84.85,84.85,84.48,84.54,35203.96
2026-02-25 14:20:00-05:00,84.5,84.55,84.2585,84.3001,46608.19
2026-02-25 14:25:00-05:00,84.3,84.315,84.01,84.1,70749.76
2026-02-25 14:30:00-05:00,84.065,84.37,83.93,84.31,71353.10
2026-02-25 14:35:00-05:00,84.28,84.4,84.0401,84.06,43957.07
2026-02-25 14:40:00-05:00,84.04,84.07,83.885,83.98,74499.51
2026-02-25 14:45:00-05:00,84,84.47,84,84.4526,45309.45
2026-02-25 14:50:00-05:00,84.5499,84.57,84.05,84.295,55887.24
2026-02-25 14:55:00-05:00,84.21,84.2481,84.03,84.145,33572.71
2026-02-25 15:00:00-05:00,84.1754,84.33,84.09,84.15,59493.12
2026-02-25 15:05:00-05:00,84.14,84.2204,84.05,84.125,33457.16
2026-02-25 15:10:00-05:00,84.125,84.125,83.88,83.95,84522.73
2026-02-25 15:15:00-05:00,83.955,84.03,83.65,83.891,80061.10
2026-02-25 15:20:00-05:00,83.9,83.9199,83.25,83.3085,82602.19
2026-02-25 15:25:00-05:00,83.2725,83.54,83.06,83.16,93984.20
2026-02-25 15:30:00-05:00,83.155,83.46,83.155,83.43,112166.42
2026-02-25 15:35:00-05:00,83.425,83.56,83.325,83.45,49149.31
2026-02-25 15:40:00-05:00,83.48,83.61,83.43,83.53,105288.98
2026-02-25 15:45:00-05:00,83.57,83.73,83.3,83.34,122499.39
2026-02-25 15:50:00-05:00,83.35,83.48,82.64,82.75,180740.15
2026-02-25 15:55:00-05:00,82.72,82.75,82.315,82.36,292147.43
2026-02-26 09:30:00-05:00,81.9,83.95,81.2101,82.71,327333.50
2026-02-26 09:35:00-05:00,82.81,83.5,82.79,83.04,188346.90
2026-02-26 09:40:00-05:00,82.98,83.91,82.8,83.43,171125.23
2026-02-26 09:45:00-05:00,83.3,83.59,82.6,82.89,165090.67
2026-02-26 09:50:00-05:00,83,83.66,82.95,83.535,67567.97
2026-02-26 09:55:00-05:00,83.63,84.16,83.52,83.7,110663.26
2026-02-26 10:00:00-05:00,83.795,85,83.7,84.9,197099.77
2026-02-26 10:05:00-05:00,84.937,85.25,84.53,84.91,166692.56
2026-02-26 10:10:00-05:00,84.9788,85.18,84.13,84.18,181287.00
2026-02-26 10:15:00-05:00,84.18,84.24,82.85,82.925,194215.36
2026-02-26 10:20:00-05:00,82.99,83.095,82.3,82.9299,136901.55
2026-02-26 10:25:00-05:00,82.7,83.8399,82.7,83.105,136612.61
2026-02-26 10:30:00-05:00,83.1,83.48,82.75,82.889,85675.97
2026-02-26 10:35:00-05:00,82.89,83.81,82.88,83.8,109147.36
2026-02-26 10:40:00-05:00,83.83,84.85,83.64,84.84,87835.70
2026-02-26 10:45:00-05:00,84.77,85.08,84.4,84.89,120326.25
2026-02-26 10:50:00-05:00,84.78,85.595,84.64,85.455,131571.16
2026-02-26 10:55:00-05:00,85.455,85.51,84.43,85.04,137782.05
2026-02-26 11:00:00-05:00,85.07,86.13,85.07,86.005,189150.48
2026-02-26 11:05:00-05:00,86.005,87.38,85.8647,87.335,570276.53
2026-02-26 11:10:00-05:00,87.38,87.55,86.59,86.72,384104.50
2026-02-26 11:15:00-05:00,86.71,86.9599,86.3,86.8208,119244.28
2026-02-26 11:20:00-05:00,86.87,87.19,86.61,87.105,125097.32
2026-02-26 11:25:00-05:00,87.1371,87.55,87,87.54,169148.46
2026-02-26 11:30:00-05:00,87.5225,87.74,87.26,87.26,138892.50
2026-02-26 11:35:00-05:00,87.235,87.27,86.1933,86.38,206851.80
2026-02-26 11:40:00-05:00,86.405,86.43,85.6362,85.845,130333.30
2026-02-26 11:45:00-05:00,85.9,85.9704,85.3,85.9704,93638.60
2026-02-26 11:50:00-05:00,85.97,86.16,85.56,85.64,49264.32
2026-02-26 11:55:00-05:00,85.52,85.55,84.71,84.87,74763.47
2026-02-26 12:00:00-05:00,84.89,85.64,84.845,85.53,72482.79
2026-02-26 12:05:00-05:00,85.53,85.97,85.44,85.8752,57843.29
2026-02-26 12:10:00-05:00,85.9,86.045,85.32,85.37,73018.15
2026-02-26 12:15:00-05:00,85.29,85.5,85.09,85.15,35341.15
2026-02-26 12:20:00-05:00,85.125,85.125,84.51,84.5886,64008.37
2026-02-26 12:25:00-05:00,84.57,84.62,84.34,84.3736,71434.01
2026-02-26 12:30:00-05:00,84.33,85.075,84.24,85.075,44753.73
2026-02-26 12:35:00-05:00,85.02,85.0999,84.53,84.57,43942.55
2026-02-26 12:40:00-05:00,84.47,84.59,83.81,83.81,83676.71
2026-02-26 12:45:00-05:00,83.855,83.855,83.15,83.195,58973.60
2026-02-26 12:50:00-05:00,83.16,83.2999,82.8,82.96,124574.81
2026-02-26 12:55:00-05:00,82.955,83.28,82.61,83.17,89924.49
2026-02-26 13:00:00-05:00,83.24,83.5,83,83.05,60961.23
2026-02-26 13:05:00-05:00,83.04,83.08,82.65,82.97,49350.81
2026-02-26 13:10:00-05:00,82.945,83.15,82.8,83.05,38408.34
2026-02-26 13:15:00-05:00,83.11,83.46,83.05,83.35,52532.29
2026-02-26 13:20:00-05:00,83.38,83.38,83.03,83.15,74764.54
2026-02-26 13:25:00-05:00,83.17,83.33,82.69,82.7,59050.51
2026-02-26 13:30:00-05:00,82.62,84.085,82.6,84.0049,76362.08
2026-02-26 13:35:00-05:00,84,84.49,83.8101,84.279,102957.34
2026-02-26 13:40:00-05:00,84.2999,84.3,83.875,84.06,24478.88
2026-02-26 13:45:00-05:00,84.12,84.22,83.72,84.18,63768.52
2026-02-26 13:50:00-05:00,84.0291,84.15,83.85,84.065,31725.83
2026-02-26 13:55:00-05:00,84.0017,84.0799,83.45,83.45,65283.21
2026-02-26 14:00:00-05:00,83.49,83.92,83.41,83.835,56529.87
2026-02-26 14:05:00-05:00,83.86,84.04,83.8,83.881,39486.74
2026-02-26 14:10:00-05:00,83.915,84.6996,83.88,84.65,61665.07
2026-02-26 14:15:00-05:00,84.66,84.75,84.25,84.3,76343.96
2026-02-26 14:20:00-05:00,84.35,84.7888,84.288,84.7888,56000.33
2026-02-26 14:25:00-05:00,84.715,84.87,84.1,84.335,65431.89
2026-02-26 14:30:00-05:00,84.36,84.64,84.01,84.64,45689.82
2026-02-26 14:35:00-05:00,84.5764,84.87,84.49,84.52,29980.01
2026-02-26 14:40:00-05:00,84.52,84.99,84.43,84.92,69353.36
2026-02-26 14:45:00-05:00,84.93,85.35,84.8,85.105,68298.19
2026-02-26 14:50:00-05:00,85.14,85.15,84.7101,84.78,38363.80
2026-02-26 14:55:00-05:00,84.73,85.11,84.1,84.3,146909.75
2026-02-26 15:00:00-05:00,84.25,84.83,84.25,84.79,51813.05
2026-02-26 15:05:00-05:00,84.72,85.019,84.39,84.4,66186.31
2026-02-26 15:10:00-05:00,84.35,84.4956,84.08,84.15,47313.90
2026-02-26 15:15:00-05:00,84.1,85,83.98,85,103925.48
2026-02-26 15:20:00-05:00,85.0735,85.23,84.92,85.05,50275.47
2026-02-26 15:25:00-05:00,85.025,85.1799,84.68,84.69,40576.57
2026-02-26 15:30:00-05:00,84.695,85.53,84.695,85.43,94205.74
2026-02-26 15:35:00-05:00,85.4,85.8379,85.37,85.73,86436.14
2026-02-26 15:40:00-05:00,85.7,85.89,85.552,85.7,79583.30
2026-02-26 15:45:00-05:00,85.67,86.04,85.64,85.91,109943.73
2026-02-26 15:50:00-05:00,85.97,86.28,85.83,86.205,154773.17
2026-02-26 15:55:00-05:00,86.14,86.2,85.49,85.71,347858.37
2026-02-27 09:30:00-05:00,82.72,83.5,82.022,82.535,354371.39
2026-02-27 09:35:00-05:00,82.535,83.24,82.13,82.86,265027.75
2026-02-27 09:40:00-05:00,82.865,83.29,82.76,83.075,183388.02
2026-02-27 09:45:00-05:00,83.075,83.075,82.08,82.31,231507.90
2026-02-27 09:50:00-05:00,82.335,82.48,81.53,82.07,192134.69
2026-02-27 09:55:00-05:00,82,82.17,80.5,81.36,358334.61
2026-02-27 10:00:00-05:00,81.35,82.4,81.35,81.75,175121.00
2026-02-27 10:05:00-05:00,81.67,82.7,81.6,82.37,173654.38
2026-02-27 10:10:00-05:00,82.37,82.4699,81.685,81.985,125814.38
2026-02-27 10:15:00-05:00,82.02,82.16,80.4,80.46,507848.06
2026-02-27 10:20:00-05:00,80.4035,81.23,80.4,81.165,188187.28
2026-02-27 10:25:00-05:00,81.165,81.165,80.295,80.55,208292.79
2026-02-27 10:30:00-05:00,80.4761,80.7966,80.31,80.43,155874.17
2026-02-27 10:35:00-05:00,80.41,81.29,80.38,80.84,93458.87
2026-02-27 10:40:00-05:00,80.93,81.08,80.7,80.75,80464.71
2026-02-27 10:45:00-05:00,80.76,80.8799,80.5501,80.6015,70101.53
2026-02-27 10:50:00-05:00,80.57,80.6,79.8373,79.985,196233.60
2026-02-27 10:55:00-05:00,79.985,80.52,79.93,80.51,89300.97
2026-02-27 11:00:00-05:00,80.4,80.71,80.37,80.37,76006.84
2026-02-27 11:05:00-05:00,80.3894,80.3894,79.81,79.81,122550.42
2026-02-27 11:10:00-05:00,79.84,79.97,79.5101,79.71,113842.55
2026-02-27 11:15:00-05:00,79.695,80.08,79.64,79.76,145352.77
2026-02-27 11:20:00-05:00,79.74,79.95,79.26,79.51,132937.51
2026-02-27 11:25:00-05:00,79.485,79.76,79.36,79.55,82873.04
2026-02-27 11:30:00-05:00,79.55,79.86,79.47,79.81,75289.05
2026-02-27 11:35:00-05:00,79.78,79.85,79.52,79.63,121616.20
2026-02-27 11:40:00-05:00,79.61,79.82,79.4,79.41,97353.80
2026-02-27 11:45:00-05:00,79.45,79.71,79.21,79.27,105487.03
2026-02-27 11:50:00-05:00,79.27,79.42,79.1612,79.25,97001.34
2026-02-27 11:55:00-05:00,79.2403,79.54,79.24,79.46,64643.03
2026-02-27 12:00:00-05:00,79.48,79.95,79.44,79.8893,84132.64
2026-02-27 12:05:00-05:00,79.87,79.94,79.65,79.8019,78694.00
2026-02-27 12:10:00-05:00,79.79,79.81,79.15,79.28,121908.69
2026-02-27 12:15:00-05:00,79.3099,79.42,79.11,79.275,77487.67
2026-02-27 12:20:00-05:00,79.25,79.63,78.97,79.58,124934.62
2026-02-27 12:25:00-05:00,79.59,79.82,79.46,79.76,66468.68
2026-02-27 12:30:00-05:00,79.82,80.23,79.7955,80.0847,85413.62
2026-02-27 12:35:00-05:00,80.1,80.17,79.4,79.404,58545.44
2026-02-27 12:40:00-05:00,79.3849,79.43,78.73,78.89,98958.16
2026-02-27 12:45:00-05:00,78.92,79.35,78.9,79.285,85396.65
2026-02-27 12:50:00-05:00,79.28,79.49,79.06,79.39,74660.14
2026-02-27 12:55:00-05:00,79.39,79.395,78.635,78.75,80688.22
2026-02-27 13:00:00-05:00,78.74,78.84,78.64,78.64,81771.18
2026-02-27 13:05:00-05:00,78.61,78.7,78.3,78.34,165428.53
2026-02-27 13:10:00-05:00,78.3342,78.51,78.11,78.12,162530.14
2026-02-27 13:15:00-05:00,78.12,78.3,77.7,77.775,201155.00
2026-02-27 13:20:00-05:00,77.76,77.795,77.39,77.3978,140205.93
2026-02-27 13:25:00-05:00,77.38,77.87,77.17,77.8468,185321.35
2026-02-27 13:30:00-05:00,77.86,78.05,77.75,78,85040.91
2026-02-27 13:35:00-05:00,78.02,78.08,77.77,77.85,93637.29
2026-02-27 13:40:00-05:00,77.84,78.2,77.8301,78.2,130866.51
2026-02-27 13:45:00-05:00,78.22,78.41,77.7724,77.86,76980.34
2026-02-27 13:50:00-05:00,77.8896,78.0099,77.7501,77.965,47267.74
2026-02-27 13:55:00-05:00,78,78,77.76,77.85,65252.63
2026-02-27 14:00:00-05:00,77.86,78.51,77.84,78.44,66986.22
2026-02-27 14:05:00-05:00,78.435,78.58,78.11,78.22,76746.08
2026-02-27 14:10:00-05:00,78.2079,78.43,78.2079,78.41,47168.14
2026-02-27 14:15:00-05:00,78.41,78.8859,78.32,78.6925,98506.09
2026-02-27 14:20:00-05:00,78.68,78.9558,78.6178,78.935,73550.46
2026-02-27 14:25:00-05:00,78.95,79.27,78.69,78.71,110894.84
2026-02-27 14:30:00-05:00,78.6698,78.82,78.51,78.57,92783.18
2026-02-27 14:35:00-05:00,78.56,78.74,78.21,78.21,77866.74
2026-02-27 14:40:00-05:00,78.16,78.22,77.75,77.97,112953.74
2026-02-27 14:45:00-05:00,78.0099,78.11,77.85,77.9228,91837.83
2026-02-27 14:50:00-05:00,77.94,78.02,77.83,77.97,81855.80
2026-02-27 14:55:00-05:00,78.02,78.1293,77.93,77.93,130435.22
2026-02-27 15:00:00-05:00,77.96,78.21,77.75,77.75,78315.83
2026-02-27 15:05:00-05:00,77.74,78.17,77.62,78.025,100264.96
2026-02-27 15:10:00-05:00,78.025,78.48,77.98,78.425,108936.21
2026-02-27 15:15:00-05:00,78.42,78.6999,78.15,78.19,100548.44
2026-02-27 15:20:00-05:00,78.15,78.37,77.99,78.33,242903.33
2026-02-27 15:25:00-05:00,78.25,79.115,78.25,78.575,231564.35
2026-02-27 15:30:00-05:00,78.5525,79.17,78.52,78.82,150627.71
2026-02-27 15:35:00-05:00,78.8,78.9,78.51,78.57,136187.62
2026-02-27 15:40:00-05:00,78.595,78.62,78.25,78.28,172559.99
2026-02-27 15:45:00-05:00,78.3,78.4,77.92,78.065,195741.06
2026-02-27 15:50:00-05:00,78.08,79.37,78.065,79.29,550032.80
2026-02-27 15:55:00-05:00,79.27,79.57,78.8,79.15,1033757.23
