timestamp,open,high,low,close,volume
2025-11-25 09:30:00-05:00,39.4,39.96,39.4,39.8,586256.00
2025-11-25 09:35:00-05:00,39.8,39.805,39.4,39.5,624043.00
2025-11-25 09:40:00-05:00,39.49,39.58,39.15,39.1604,332212.00
2025-11-25 09:45:00-05:00,39.17,39.22,39.04,39.15,509752.00
2025-11-25 09:50:00-05:00,39.14,39.14,38.91,39,491661.00
2025-11-25 09:55:00-05:00,39,39.04,38.925,38.96,185852.00
2025-11-25 10:00:00-05:00,38.95,39.01,38.835,38.94,334839.00
2025-11-25 10:05:00-05:00,38.94,39.06,38.92,38.98,251231.00
2025-11-25 10:10:00-05:00,38.98,38.99,38.86,38.885,246421.00
2025-11-25 10:15:00-05:00,38.89,39.075,38.8702,39.005,420628.00
2025-11-25 10:20:00-05:00,39.01,39.025,38.9,39.01,174949.00
2025-11-25 10:25:00-05:00,39.02,39.195,38.975,39.178,317515.00
2025-11-25 10:30:00-05:00,39.17,39.3,39.165,39.2602,183042.00
2025-11-25 10:35:00-05:00,39.26,39.29,39.145,39.15,262140.00
2025-11-25 10:40:00-05:00,39.155,39.28,39.11,39.24,202487.00
2025-11-25 10:45:00-05:00,39.245,39.285,39.205,39.215,220973.00
2025-11-25 10:50:00-05:00,39.215,39.22,39.07,39.14,203741.00
2025-11-25 10:55:00-05:00,39.145,39.21,39.1,39.175,176455.00
2025-11-25 11:00:00-05:00,39.17,39.2,39.125,39.17,63606.00
2025-11-25 11:05:00-05:00,39.17,39.18,39.05,39.06,175740.00
2025-11-25 11:10:00-05:00,39.055,39.16,39.025,39.115,84591.00
2025-11-25 11:15:00-05:00,39.11,39.205,39.1,39.19,151086.00
2025-11-25 11:20:00-05:00,39.19,39.25,39.185,39.21,177991.00
2025-11-25 11:25:00-05:00,39.2,39.2001,38.9501,39.005,712851.00
2025-11-25 11:30:00-05:00,39.005,39.02,38.935,38.995,125497.00
2025-11-25 11:35:00-05:00,38.995,39.065,38.98,39.04,425527.00
2025-11-25 11:40:00-05:00,39.04,39.175,39.01,39.15,436051.00
2025-11-25 11:45:00-05:00,39.125,39.19,39.09,39.125,95611.00
2025-11-25 11:50:00-05:00,39.1301,39.185,39.115,39.1719,47753.00
2025-11-25 11:55:00-05:00,39.18,39.2,39.04,39.055,85092.00
2025-11-25 12:00:00-05:00,39.05,39.125,39,39.055,144173.00
2025-11-25 12:05:00-05:00,39.05,39.1451,39.05,39.1451,76437.00
2025-11-25 12:10:00-05:00,39.14,39.19,39.075,39.1,85198.00
2025-11-25 12:15:00-05:00,39.1,39.11,39.045,39.085,74540.00
2025-11-25 12:20:00-05:00,39.085,39.15,39.08,39.1326,36646.00
2025-11-25 12:25:00-05:00,39.14,39.155,39.115,39.125,48341.00
2025-11-25 12:30:00-05:00,39.13,39.17,39.105,39.16,104006.00
2025-11-25 12:35:00-05:00,39.145,39.175,39.04,39.055,222384.00
2025-11-25 12:40:00-05:00,39.055,39.1,39.0499,39.07,109576.00
2025-11-25 12:45:00-05:00,39.075,39.085,39.01,39.065,96621.00
2025-11-25 12:50:00-05:00,39.06,39.0758,39.02,39.04,122479.00
2025-11-25 12:55:00-05:00,39.04,39.06,39.015,39.045,69113.00
2025-11-25 13:00:00-05:00,39.05,39.12,39.04,39.115,177285.00
2025-11-25 13:05:00-05:00,39.115,39.16,39.08,39.115,176343.00
2025-11-25 13:10:00-05:00,39.12,39.15,39.07,39.145,87440.00
2025-11-25 13:15:00-05:00,39.14,39.155,39.1,39.11,52239.00
2025-11-25 13:20:00-05:00,39.1078,39.1655,39.1,39.16,50350.00
2025-11-25 13:25:00-05:00,39.15,39.25,39.1401,39.23,66110.00
2025-11-25 13:30:00-05:00,39.235,39.275,39.2,39.215,128983.00
2025-11-25 13:35:00-05:00,39.215,39.235,39.15,39.195,69560.00
2025-11-25 13:40:00-05:00,39.19,39.235,39.18,39.215,75830.00
2025-11-25 13:45:00-05:00,39.21,39.26,39.17,39.25,92494.00
2025-11-25 13:50:00-05:00,39.25,39.31,39.235,39.255,143888.00
2025-11-25 13:55:00-05:00,39.255,39.255,39.18,39.2355,54026.00
2025-11-25 14:00:00-05:00,39.235,39.26,39.175,39.19,66742.00
2025-11-25 14:05:00-05:00,39.185,39.215,39.135,39.215,58168.00
2025-11-25 14:10:00-05:00,39.215,39.215,39.1799,39.195,51877.00
2025-11-25 14:15:00-05:00,39.195,39.22,39.16,39.18,68864.00
2025-11-25 14:20:00-05:00,39.18,39.235,39.17,39.205,68135.00
2025-11-25 14:25:00-05:00,39.205,39.225,39.16,39.2102,83381.00
2025-11-25 14:30:00-05:00,39.215,39.3,39.215,39.295,69867.00
2025-11-25 14:35:00-05:00,39.29,39.305,39.265,39.265,135526.00
2025-11-25 14:40:00-05:00,39.265,39.3,39.26,39.2722,64203.00
2025-11-25 14:45:00-05:00,39.275,39.3,39.27,39.295,48121.00
2025-11-25 14:50:00-05:00,39.295,39.435,39.295,39.415,160404.00
2025-11-25 14:55:00-05:00,39.415,39.47,39.41,39.43,124102.00
2025-11-25 15:00:00-05:00,39.435,39.475,39.4,39.45,93092.00
2025-11-25 15:05:00-05:00,39.445,39.46,39.37,39.37,146594.00
2025-11-25 15:10:00-05:00,39.37,39.38,39.3045,39.34,125863.00
2025-11-25 15:15:00-05:00,39.34,39.345,39.28,39.3045,114006.00
2025-11-25 15:20:00-05:00,39.31,39.32,39.23,39.235,141728.00
2025-11-25 15:25:00-05:00,39.235,39.25,39.21,39.21,85500.00
2025-11-25 15:30:00-05:00,39.21,39.265,39.19,39.26,214292.00
2025-11-25 15:35:00-05:00,39.26,39.28,39.245,39.245,139329.00
2025-11-25 15:40:00-05:00,39.245,39.27,39.23,39.235,178505.00
2025-11-25 15:45:00-05:00,39.235,39.27,39.2,39.24,246314.00
2025-11-25 15:50:00-05:00,39.24,39.32,39.24,39.285,312333.00
2025-11-25 15:55:00-05:00,39.285,39.34,39.085,39.125,1156550.00
2025-11-26 09:30:00-05:00,39.46,39.865,39.39,39.83,396945.00
2025-11-26 09:35:00-05:00,39.83,40,39.755,39.78,455356.00
2025-11-26 09:40:00-05:00,39.79,40.03,39.76,39.9935,422940.00
2025-11-26 09:45:00-05:00,40,40.1091,39.97,40.025,366693.00
2025-11-26 09:50:00-05:00,40.025,40.145,39.92,40.13,235271.00
2025-11-26 09:55:00-05:00,40.14,40.185,39.97,40,139091.00
2025-11-26 10:00:00-05:00,39.99,39.99,39.825,39.9369,267550.00
2025-11-26 10:05:00-05:00,39.94,39.95,39.839,39.8457,165945.00
2025-11-26 10:10:00-05:00,39.845,39.98,39.79,39.935,238689.00
2025-11-26 10:15:00-05:00,39.945,40,39.905,39.985,241186.00
2025-11-26 10:20:00-05:00,39.98,40.01,39.925,39.965,162680.00
2025-11-26 10:25:00-05:00,39.965,40.01,39.92,39.99,141016.00
2025-11-26 10:30:00-05:00,39.985,40.145,39.9804,40.02,293909.00
2025-11-26 10:35:00-05:00,40.02,40.12,40,40.085,165808.00
2025-11-26 10:40:00-05:00,40.085,40.11,40.01,40.035,177743.00
2025-11-26 10:45:00-05:00,40.04,40.1451,40,40.005,387773.00
2025-11-26 10:50:00-05:00,40,40.02,39.855,39.94,213190.00
2025-11-26 10:55:00-05:00,39.94,39.98,39.9,39.915,150067.00
2025-11-26 11:00:00-05:00,39.915,39.96,39.855,39.9,137265.00
2025-11-26 11:05:00-05:00,39.905,39.925,39.84,39.91,161623.00
2025-11-26 11:10:00-05:00,39.91,39.97,39.885,39.885,111852.00
2025-11-26 11:15:00-05:00,39.88,39.91,39.85,39.89,199490.00
2025-11-26 11:20:00-05:00,39.88,39.95,39.87,39.92,252388.00
2025-11-26 11:25:00-05:00,39.915,39.98,39.9,39.945,144325.00
2025-11-26 11:30:00-05:00,39.945,39.97,39.895,39.92,140798.00
2025-11-26 11:35:00-05:00,39.915,39.945,39.89,39.91,134168.00
2025-11-26 11:40:00-05:00,39.91,40.06,39.9,40.04,546109.00
2025-11-26 11:45:00-05:00,40.045,40.08,39.98,39.985,92857.00
2025-11-26 11:50:00-05:00,39.985,40.01,39.845,39.855,166812.00
2025-11-26 11:55:00-05:00,39.855,39.92,39.825,39.92,261649.00
2025-11-26 12:00:00-05:00,39.93,39.965,39.9,39.945,179046.00
2025-11-26 12:05:00-05:00,39.945,39.95,39.85,39.895,374321.00
2025-11-26 12:10:00-05:00,39.9,39.97,39.9,39.94,133438.00
2025-11-26 12:15:00-05:00,39.94,39.965,39.915,39.915,84231.00
2025-11-26 12:20:00-05:00,39.9163,40.03,39.915,40.005,147254.00
2025-11-26 12:25:00-05:00,40.005,40.025,39.9609,39.995,143818.00
2025-11-26 12:30:00-05:00,40,40.09,39.975,40.08,150363.00
2025-11-26 12:35:00-05:00,40.08,40.09,40.02,40.0867,193998.00
2025-11-26 12:40:00-05:00,40.09,40.23,40.09,40.185,289043.00
2025-11-26 12:45:00-05:00,40.185,40.245,40.145,40.1869,1273136.00
2025-11-26 12:50:00-05:00,40.185,40.26,40.13,40.235,164454.00
2025-11-26 12:55:00-05:00,40.23,40.28,40.21,40.24,78452.00
2025-11-26 13:00:00-05:00,40.25,40.36,40.24,40.36,124155.00
2025-11-26 13:05:00-05:00,40.36,40.395,40.325,40.36,6352186.00
2025-11-26 13:10:00-05:00,40.36,40.525,40.3593,40.525,125566.00
2025-11-26 13:15:00-05:00,40.525,40.53,40.43,40.44,127894.00
2025-11-26 13:20:00-05:00,40.43,40.61,40.42,40.555,142272.00
2025-11-26 13:25:00-05:00,40.55,40.56,40.45,40.5,197104.00
2025-11-26 13:30:00-05:00,40.49,40.53,40.43,40.455,274307.00
2025-11-26 13:35:00-05:00,40.45,40.55,40.42,40.55,124995.00
2025-11-26 13:40:00-05:00,40.545,40.555,40.495,40.51,91475.00
2025-11-26 13:45:00-05:00,40.5,40.505,40.3901,40.43,213977.00
2025-11-26 13:50:00-05:00,40.425,40.52,40.425,40.5199,153037.00
2025-11-26 13:55:00-05:00,40.525,40.66,40.525,40.66,177693.00
2025-11-26 14:00:00-05:00,40.66,40.69,40.6,40.61,308532.00
2025-11-26 14:05:00-05:00,40.605,40.635,40.5601,40.585,71443.00
2025-11-26 14:10:00-05:00,40.585,40.61,40.56,40.61,73054.00
2025-11-26 14:15:00-05:00,40.605,40.645,40.6,40.6269,70130.00
2025-11-26 14:20:00-05:00,40.63,40.68,40.58,40.58,97961.00
2025-11-26 14:25:00-05:00,40.575,40.605,40.565,40.575,187691.00
2025-11-26 14:30:00-05:00,40.58,40.585,40.51,40.54,114806.00
2025-11-26 14:35:00-05:00,40.5433,40.76,40.535,40.7499,297115.00
2025-11-26 14:40:00-05:00,40.75,40.81,40.75,40.755,201399.00
2025-11-26 14:45:00-05:00,40.76,40.8185,40.71,40.755,163405.00
2025-11-26 14:50:00-05:00,40.75,40.83,40.74,40.8,89726.00
2025-11-26 14:55:00-05:00,40.8,40.81,40.765,40.8,77325.00
2025-11-26 15:00:00-05:00,40.79,40.8,40.75,40.79,115888.00
2025-11-26 15:05:00-05:00,40.785,40.86,40.775,40.825,118104.00
2025-11-26 15:10:00-05:00,40.825,40.89,40.825,40.885,87383.00
2025-11-26 15:15:00-05:00,40.885,40.9,40.825,40.8299,110435.00
2025-11-26 15:20:00-05:00,40.82,40.97,40.82,40.92,263903.00
2025-11-26 15:25:00-05:00,40.925,40.985,40.91,40.92,185126.00
2025-11-26 15:30:00-05:00,40.915,40.94,40.89,40.91,90937.00
2025-11-26 15:35:00-05:00,40.905,40.945,40.86,40.945,145797.00
2025-11-26 15:40:00-05:00,40.94,40.95,40.905,40.905,194357.00
2025-11-26 15:45:00-05:00,40.91,41,40.9,40.995,635828.00
2025-11-26 15:50:00-05:00,40.995,41.025,40.845,40.845,581868.00
2025-11-26 15:55:00-05:00,40.845,41.075,40.84,40.985,1304076.00
2025-11-28 09:30:00-05:00,40.98,41.15,40.81,40.989,623827.00
2025-11-28 09:35:00-05:00,41,41.03,40.9,41.0041,510245.00
2025-11-28 09:40:00-05:00,41.01,41.03,40.7,40.82,329211.00
2025-11-28 09:45:00-05:00,40.82,40.925,40.77,40.92,262460.00
2025-11-28 09:50:00-05:00,40.92,41.14,40.895,41.09,384903.00
2025-11-28 09:55:00-05:00,41.0955,41.31,41.07,41.255,302645.00
2025-11-28 10:00:00-05:00,41.245,41.265,41.085,41.2,307560.00
2025-11-28 10:05:00-05:00,41.205,41.28,41.15,41.155,260250.00
2025-11-28 10:10:00-05:00,41.155,41.175,40.98,41.035,199319.00
2025-11-28 10:15:00-05:00,41.0336,41.1,40.98,41.1,172604.00
2025-11-28 10:20:00-05:00,41.1,41.1,41.03,41.095,102046.00
2025-11-28 10:25:00-05:00,41.095,41.18,41.05,41.18,234287.00
2025-11-28 10:30:00-05:00,41.175,41.2099,41.1,41.118,224027.00
2025-11-28 10:35:00-05:00,41.114,41.125,41.025,41.06,153343.00
2025-11-28 10:40:00-05:00,41.065,41.1,41.035,41.09,133629.00
2025-11-28 10:45:00-05:00,41.1,41.2,41.08,41.195,140670.00
2025-11-28 10:50:00-05:00,41.2,41.37,41.18,41.37,270123.00
2025-11-28 10:55:00-05:00,41.37,41.39,41.33,41.355,167481.00
2025-11-28 11:00:00-05:00,41.355,41.455,41.346,41.44,129760.00
2025-11-28 11:05:00-05:00,41.435,41.44,41.285,41.325,200193.00
2025-11-28 11:10:00-05:00,41.325,41.535,41.295,41.505,311053.00
2025-11-28 11:15:00-05:00,41.505,41.53,41.43,41.475,116693.00
2025-11-28 11:20:00-05:00,41.475,41.53,41.44,41.515,143530.00
2025-11-28 11:25:00-05:00,41.51,41.53,41.455,41.53,124504.00
2025-11-28 11:30:00-05:00,41.525,41.525,41.46,41.485,99502.00
2025-11-28 11:35:00-05:00,41.49,41.52,41.45,41.455,175920.00
2025-11-28 11:40:00-05:00,41.4533,41.465,41.34,41.455,182770.00
2025-11-28 11:45:00-05:00,41.4583,41.505,41.435,41.435,147785.00
2025-11-28 11:50:00-05:00,41.43,41.4536,41.385,41.4145,280553.00
2025-11-28 11:55:00-05:00,41.41,41.515,41.38,41.51,155186.00
2025-11-28 12:00:00-05:00,41.52,41.555,41.49,41.535,115292.00
2025-11-28 12:05:00-05:00,41.54,41.665,41.505,41.625,218090.00
2025-11-28 12:10:00-05:00,41.63,41.685,41.62,41.65,303362.00
2025-11-28 12:15:00-05:00,41.65,41.65,41.595,41.645,352014.00
2025-11-28 12:20:00-05:00,41.64,41.71,41.58,41.675,143252.00
2025-11-28 12:25:00-05:00,41.67,41.72,41.66,41.66,262264.00
2025-11-28 12:30:00-05:00,41.66,41.705,41.62,41.655,194263.00
2025-11-28 12:35:00-05:00,41.651,41.69,41.62,41.62,143455.00
2025-11-28 12:40:00-05:00,41.62,41.66,41.53,41.55,137875.00
2025-11-28 12:45:00-05:00,41.545,41.56,41.42,41.44,251294.00
2025-11-28 12:50:00-05:00,41.445,41.445,41.28,41.28,255203.00
2025-11-28 12:55:00-05:00,41.285,41.44,41.285,41.365,553863.00
2025-11-28 13:00:00-05:00,41.34,41.34,41.34,41.34,614531.00
2025-12-01 09:30:00-05:00,42.365,42.69,42.072,42.115,1138314.00
2025-12-01 09:35:00-05:00,42.1157,42.185,41.78,41.955,569461.00
2025-12-01 09:40:00-05:00,41.955,42.07,41.9,42.068,1110947.00
2025-12-01 09:45:00-05:00,42.07,42.64,42.06,42.558,837956.00
2025-12-01 09:50:00-05:00,42.55,42.91,42.51,42.84,526302.00
2025-12-01 09:55:00-05:00,42.835,42.89,42.62,42.865,404509.00
2025-12-01 10:00:00-05:00,42.88,43.03,42.85,42.94,647541.00
2025-12-01 10:05:00-05:00,42.93,43.08,42.8301,42.92,1138101.00
2025-12-01 10:10:00-05:00,42.92,42.94,42.78,42.86,460703.00
2025-12-01 10:15:00-05:00,42.86,42.87,42.615,42.635,355251.00
2025-12-01 10:20:00-05:00,42.635,42.7,42.5903,42.62,237065.00
2025-12-01 10:25:00-05:00,42.62,42.755,42.58,42.6399,375149.00
2025-12-01 10:30:00-05:00,42.635,42.67,42.4742,42.56,333277.00
2025-12-01 10:35:00-05:00,42.56,42.6393,42.52,42.59,351022.00
2025-12-01 10:40:00-05:00,42.585,42.65,42.53,42.565,282186.00
2025-12-01 10:45:00-05:00,42.56,42.62,42.43,42.62,224962.00
2025-12-01 10:50:00-05:00,42.61,42.726,42.59,42.64,318469.00
2025-12-01 10:55:00-05:00,42.645,42.65,42.48,42.505,284487.00
2025-12-01 11:00:00-05:00,42.51,42.555,42.4801,42.535,226050.00
2025-12-01 11:05:00-05:00,42.54,42.57,42.47,42.555,496912.00
2025-12-01 11:10:00-05:00,42.55,42.61,42.46,42.56,276702.00
2025-12-01 11:15:00-05:00,42.5557,42.56,42.425,42.485,352400.00
2025-12-01 11:20:00-05:00,42.48,42.5,42.35,42.365,298487.00
2025-12-01 11:25:00-05:00,42.37,42.43,42.325,42.43,280346.00
2025-12-01 11:30:00-05:00,42.435,42.455,42.335,42.345,199434.00
2025-12-01 11:35:00-05:00,42.34,42.42,42.305,42.4,204766.00
2025-12-01 11:40:00-05:00,42.405,42.46,42.395,42.435,182622.00
2025-12-01 11:45:00-05:00,42.44,42.465,42.245,42.256,280515.00
2025-12-01 11:50:00-05:00,42.25,42.28,42.015,42.025,268051.00
2025-12-01 11:55:00-05:00,42.025,42.025,41.86,41.88,335220.00
2025-12-01 12:00:00-05:00,41.8899,42,41.845,41.955,334851.00
2025-12-01 12:05:00-05:00,41.96,42.09,41.96,42.04,171880.00
2025-12-01 12:10:00-05:00,42.035,42.13,42.035,42.065,182268.00
2025-12-01 12:15:00-05:00,42.065,42.095,42.015,42.08,164923.00
2025-12-01 12:20:00-05:00,42.075,42.12,42.04,42.12,149647.00
2025-12-01 12:25:00-05:00,42.125,42.18,42.07,42.17,952803.00
2025-12-01 12:30:00-05:00,42.17,42.2898,42.17,42.23,230492.00
2025-12-01 12:35:00-05:00,42.215,42.3,42.19,42.225,145468.00
2025-12-01 12:40:00-05:00,42.2295,42.33,42.2,42.32,139829.00
2025-12-01 12:45:00-05:00,42.33,42.335,42.26,42.295,91433.00
2025-12-01 12:50:00-05:00,42.29,42.305,42.195,42.295,232021.00
2025-12-01 12:55:00-05:00,42.295,42.3,42.195,42.2,113152.00
2025-12-01 13:00:00-05:00,42.21,42.215,42.04,42.045,155192.00
2025-12-01 13:05:00-05:00,42.05,42.07,41.955,41.9709,148677.00
2025-12-01 13:10:00-05:00,41.975,42.04,41.95,42.035,167452.00
2025-12-01 13:15:00-05:00,42.03,42.05,42,42.03,82088.00
2025-12-01 13:20:00-05:00,42.03,42.0899,42.01,42.085,285320.00
2025-12-01 13:25:00-05:00,42.08,42.135,42.065,42.09,107491.00
2025-12-01 13:30:00-05:00,42.09,42.1,42.03,42.045,99357.00
2025-12-01 13:35:00-05:00,42.0499,42.0501,42.015,42.0496,110840.00
2025-12-01 13:40:00-05:00,42.045,42.05,42,42.05,113490.00
2025-12-01 13:45:00-05:00,42.045,42.11,42.045,42.09,135518.00
2025-12-01 13:50:00-05:00,42.1,42.12,42.045,42.075,118112.00
2025-12-01 13:55:00-05:00,42.07,42.15,42.06,42.15,455498.00
2025-12-01 14:00:00-05:00,42.15,42.185,42.08,42.085,141305.00
2025-12-01 14:05:00-05:00,42.08,42.14,42.07,42.14,178048.00
2025-12-01 14:10:00-05:00,42.14,42.15,42.02,42.1,211179.00
2025-12-01 14:15:00-05:00,42.1,42.15,42.055,42.09,187767.00
2025-12-01 14:20:00-05:00,42.09,42.115,41.98,42.035,142820.00
2025-12-01 14:25:00-05:00,42.035,42.1,42.025,42.085,135753.00
2025-12-01 14:30:00-05:00,42.08,42.08,42.015,42.0799,96684.00
2025-12-01 14:35:00-05:00,42.08,42.17,42.08,42.14,162887.00
2025-12-01 14:40:00-05:00,42.135,42.15,42.06,42.07,172746.00
2025-12-01 14:45:00-05:00,42.07,42.14,42.055,42.085,190905.00
2025-12-01 14:50:00-05:00,42.09,42.1,42.055,42.085,144786.00
2025-12-01 14:55:00-05:00,42.085,42.125,42.0501,42.095,180604.00
2025-12-01 15:00:00-05:00,42.1,42.15,42.0943,42.145,178555.00
2025-12-01 15:05:00-05:00,42.15,42.21,42.15,42.195,206265.00
2025-12-01 15:10:00-05:00,42.2,42.285,42.2,42.265,224435.00
2025-12-01 15:15:00-05:00,42.26,42.27,42.18,42.185,211528.00
2025-12-01 15:20:00-05:00,42.18,42.26,42.13,42.235,270212.00
2025-12-01 15:25:00-05:00,42.235,42.235,42.17,42.175,186850.00
2025-12-01 15:30:00-05:00,42.175,42.25,42.175,42.235,238763.00
2025-12-01 15:35:00-05:00,42.235,42.29,42.23,42.285,387081.00
2025-12-01 15:40:00-05:00,42.285,42.3,42.23,42.26,277390.00
2025-12-01 15:45:00-05:00,42.26,42.3,42.13,42.28,532867.00
2025-12-01 15:50:00-05:00,42.29,42.36,42.26,42.31,883832.00
2025-12-01 15:55:00-05:00,42.315,42.385,42.21,42.34,1775447.00
2025-12-02 09:30:00-05:00,41.855,42.51,41.6,42.1601,907347.00
2025-12-02 09:35:00-05:00,42.16,42.2,41.9,41.91,198292.00
2025-12-02 09:40:00-05:00,41.9,42,41.672,41.75,331871.00
2025-12-02 09:45:00-05:00,41.76,41.77,41.52,41.647,366201.00
2025-12-02 09:50:00-05:00,41.63,41.7,41.5,41.57,278604.00
2025-12-02 09:55:00-05:00,41.57,41.69,41.54,41.665,123485.00
2025-12-02 10:00:00-05:00,41.66,41.73,41.52,41.61,183615.00
2025-12-02 10:05:00-05:00,41.615,41.625,41.29,41.3,429137.00
2025-12-02 10:10:00-05:00,41.29,41.29,41.02,41.065,269615.00
2025-12-02 10:15:00-05:00,41.0601,41.12,40.9101,40.985,353242.00
2025-12-02 10:20:00-05:00,40.9835,40.99,40.84,40.89,211684.00
2025-12-02 10:25:00-05:00,40.9,40.94,40.82,40.8501,208352.00
2025-12-02 10:30:00-05:00,40.85,40.955,40.84,40.92,196651.00
2025-12-02 10:35:00-05:00,40.93,40.98,40.7301,40.795,352293.00
2025-12-02 10:40:00-05:00,40.8,40.93,40.78,40.795,552672.00
2025-12-02 10:45:00-05:00,40.785,40.8,40.65,40.745,209290.00
2025-12-02 10:50:00-05:00,40.745,40.85,40.625,40.625,137184.00
2025-12-02 10:55:00-05:00,40.62,40.7472,40.475,40.585,276309.00
2025-12-02 11:00:00-05:00,40.58,40.595,40.385,40.385,332427.00
2025-12-02 11:05:00-05:00,40.3869,40.4,40.205,40.3,354724.00
2025-12-02 11:10:00-05:00,40.29,40.35,40.225,40.345,250235.00
2025-12-02 11:15:00-05:00,40.35,40.39,40.24,40.375,216714.00
2025-12-02 11:20:00-05:00,40.37,40.4192,40.26,40.31,525624.00
2025-12-02 11:25:00-05:00,40.2999,40.4593,40.29,40.42,378570.00
2025-12-02 11:30:00-05:00,40.42,40.59,40.41,40.54,176809.00
2025-12-02 11:35:00-05:00,40.54,40.68,40.525,40.625,161962.00
2025-12-02 11:40:00-05:00,40.63,40.73,40.595,40.72,111476.00
2025-12-02 11:45:00-05:00,40.72,40.755,40.635,40.67,66460.00
2025-12-02 11:50:00-05:00,40.675,40.6899,40.565,40.6299,130598.00
2025-12-02 11:55:00-05:00,40.63,40.67,40.52,40.56,75957.00
2025-12-02 12:00:00-05:00,40.555,40.67,40.555,40.63,91061.00
2025-12-02 12:05:00-05:00,40.63,40.64,40.5235,40.58,70907.00
2025-12-02 12:10:00-05:00,40.575,40.685,40.54,40.675,85443.00
2025-12-02 12:15:00-05:00,40.68,40.79,40.66,40.79,137104.00
2025-12-02 12:20:00-05:00,40.79,40.92,40.79,40.865,119616.00
2025-12-02 12:25:00-05:00,40.87,40.94,40.85,40.86,103790.00
2025-12-02 12:30:00-05:00,40.87,40.89,40.845,40.87,125300.00
2025-12-02 12:35:00-05:00,40.87,40.885,40.815,40.875,91921.00
2025-12-02 12:40:00-05:00,40.88,40.9,40.83,40.865,62392.00
2025-12-02 12:45:00-05:00,40.875,40.97,40.875,40.93,82942.00
2025-12-02 12:50:00-05:00,40.935,40.9701,40.925,40.945,59802.00
2025-12-02 12:55:00-05:00,40.945,40.96,40.885,40.885,46774.00
2025-12-02 13:00:00-05:00,40.88,40.985,40.855,40.945,74967.00
2025-12-02 13:05:00-05:00,40.945,40.98,40.915,40.9363,47518.00
2025-12-02 13:10:00-05:00,40.93,40.93,40.84,40.855,52159.00
2025-12-02 13:15:00-05:00,40.855,40.9098,40.82,40.8909,79316.00
2025-12-02 13:20:00-05:00,40.89,40.9075,40.86,40.895,54558.00
2025-12-02 13:25:00-05:00,40.895,40.895,40.825,40.86,68346.00
2025-12-02 13:30:00-05:00,40.862,40.9399,40.85,40.885,62567.00
2025-12-02 13:35:00-05:00,40.88,40.885,40.812,40.85,64124.00
2025-12-02 13:40:00-05:00,40.84,40.91,40.835,40.88,53718.00
2025-12-02 13:45:00-05:00,40.88,40.89,40.8301,40.855,36521.00
2025-12-02 13:50:00-05:00,40.85,40.925,40.845,40.92,56547.00
2025-12-02 13:55:00-05:00,40.93,40.955,40.89,40.95,65525.00
2025-12-02 14:00:00-05:00,40.96,41.0155,40.94,40.955,66157.00
2025-12-02 14:05:00-05:00,40.96,41.0225,40.95,41.005,65111.00
2025-12-02 14:10:00-05:00,41.0045,41.0397,40.98,41,59565.00
2025-12-02 14:15:00-05:00,40.99,41.01,40.96,41.01,101262.00
2025-12-02 14:20:00-05:00,41.005,41.01,40.905,40.905,75901.00
2025-12-02 14:25:00-05:00,40.91,40.975,40.87,40.965,167246.00
2025-12-02 14:30:00-05:00,40.97,41.065,40.97,41.0535,60730.00
2025-12-02 14:35:00-05:00,41.05,41.06,41.01,41.045,79394.00
2025-12-02 14:40:00-05:00,41.05,41.08,41.03,41.045,44822.00
2025-12-02 14:45:00-05:00,41.04,41.1,41.035,41.0599,74294.00
2025-12-02 14:50:00-05:00,41.055,41.11,41.045,41.06,56602.00
2025-12-02 14:55:00-05:00,41.05,41.12,41.035,41.08,91698.00
2025-12-02 15:00:00-05:00,41.08,41.11,41.05,41.0856,109791.00
2025-12-02 15:05:00-05:00,41.09,41.09,41.03,41.08,67102.00
2025-12-02 15:10:00-05:00,41.08,41.105,41.07,41.085,72690.00
2025-12-02 15:15:00-05:00,41.09,41.1,41.06,41.1,74998.00
2025-12-02 15:20:00-05:00,41.1,41.125,41.07,41.07,127703.00
2025-12-02 15:25:00-05:00,41.075,41.16,41.07,41.12,122499.00
2025-12-02 15:30:00-05:00,41.125,41.16,41.115,41.1256,231648.00
2025-12-02 15:35:00-05:00,41.12,41.12,41.075,41.1,207353.00
2025-12-02 15:40:00-05:00,41.1,41.14,41.06,41.0999,277851.00
2025-12-02 15:45:00-05:00,41.095,41.13,41.08,41.115,199502.00
2025-12-02 15:50:00-05:00,41.12,41.16,41.04,41.065,301377.00
2025-12-02 15:55:00-05:00,41.065,41.13,41.0027,41.04,1018810.00
2025-12-03 09:30:00-05:00,41.36,41.68,41.36,41.67,352112.00
2025-12-03 09:35:00-05:00,41.68,41.76,41.43,41.543,267950.00
2025-12-03 09:40:00-05:00,41.535,41.55,41.05,41.09,175985.00
2025-12-03 09:45:00-05:00,41.0935,41.24,41.02,41.02,231393.00
2025-12-03 09:50:00-05:00,41.02,41.1,40.99,41.02,174636.00
2025-12-03 09:55:00-05:00,41.03,41.1,40.98,40.99,156167.00
2025-12-03 10:00:00-05:00,40.98,41.165,40.92,41.15,324966.00
2025-12-03 10:05:00-05:00,41.15,41.16,41.0501,41.09,103130.00
2025-12-03 10:10:00-05:00,41.0861,41.135,40.96,41.1,223185.00
2025-12-03 10:15:00-05:00,41.095,41.27,41.07,41.25,103330.00
2025-12-03 10:20:00-05:00,41.25,41.345,41.21,41.345,64701.00
2025-12-03 10:25:00-05:00,41.35,41.377,41.3,41.31,92722.00
2025-12-03 10:30:00-05:00,41.3,41.355,41.27,41.275,156029.00
2025-12-03 10:35:00-05:00,41.275,41.29,41.185,41.22,83203.00
2025-12-03 10:40:00-05:00,41.22,41.285,41.215,41.27,74632.00
2025-12-03 10:45:00-05:00,41.2711,41.355,41.255,41.33,98053.00
2025-12-03 10:50:00-05:00,41.33,41.33,41.2,41.2225,159669.00
2025-12-03 10:55:00-05:00,41.225,41.24,41.0801,41.135,79696.00
2025-12-03 11:00:00-05:00,41.13,41.2,41.06,41.18,77504.00
2025-12-03 11:05:00-05:00,41.18,41.235,41.105,41.16,110249.00
2025-12-03 11:10:00-05:00,41.16,41.16,41.0645,41.145,93048.00
2025-12-03 11:15:00-05:00,41.14,41.14,41.03,41.1,96871.00
2025-12-03 11:20:00-05:00,41.105,41.11,41,41.015,138078.00
2025-12-03 11:25:00-05:00,41.01,41.015,40.89,40.9899,351772.00
2025-12-03 11:30:00-05:00,40.985,41.06,40.95,41.05,111979.00
2025-12-03 11:35:00-05:00,41.045,41.09,40.99,41.065,104912.00
2025-12-03 11:40:00-05:00,41.065,41.075,41.03,41.035,92639.00
2025-12-03 11:45:00-05:00,41.035,41.035,40.99,40.99,67504.00
2025-12-03 11:50:00-05:00,40.99,40.99,40.865,40.865,136560.00
2025-12-03 11:55:00-05:00,40.86,40.86,40.695,40.7928,119513.00
2025-12-03 12:00:00-05:00,40.8,40.86,40.795,40.86,70668.00
2025-12-03 12:05:00-05:00,40.86,40.86,40.805,40.84,59010.00
2025-12-03 12:10:00-05:00,40.835,40.9145,40.825,40.905,68774.00
2025-12-03 12:15:00-05:00,40.91,40.925,40.875,40.895,36688.00
2025-12-03 12:20:00-05:00,40.895,40.92,40.765,40.79,120914.00
2025-12-03 12:25:00-05:00,40.8,40.8,40.72,40.74,86118.00
2025-12-03 12:30:00-05:00,40.7402,40.77,40.7,40.7451,74882.00
2025-12-03 12:35:00-05:00,40.74,40.8,40.71,40.765,60911.00
2025-12-03 12:40:00-05:00,40.76,40.77,40.74,40.765,35660.00
2025-12-03 12:45:00-05:00,40.77,40.785,40.75,40.77,56752.00
2025-12-03 12:50:00-05:00,40.77,40.8,40.74,40.79,71994.00
2025-12-03 12:55:00-05:00,40.79,40.79,40.75,40.76,29216.00
2025-12-03 13:00:00-05:00,40.7691,40.7756,40.73,40.735,46605.00
2025-12-03 13:05:00-05:00,40.735,40.7455,40.63,40.635,143919.00
2025-12-03 13:10:00-05:00,40.632,40.765,40.6,40.765,143756.00
2025-12-03 13:15:00-05:00,40.76,40.805,40.75,40.76,57668.00
2025-12-03 13:20:00-05:00,40.765,40.805,40.745,40.8,54882.00
2025-12-03 13:25:00-05:00,40.79,40.8,40.73,40.76,65985.00
2025-12-03 13:30:00-05:00,40.76,40.815,40.735,40.815,92090.00
2025-12-03 13:35:00-05:00,40.815,40.82,40.725,40.775,97763.00
2025-12-03 13:40:00-05:00,40.775,40.795,40.725,40.755,96547.00
2025-12-03 13:45:00-05:00,40.755,40.755,40.685,40.69,32906.00
2025-12-03 13:50:00-05:00,40.685,40.6912,40.65,40.665,32576.00
2025-12-03 13:55:00-05:00,40.67,40.675,40.62,40.645,52429.00
2025-12-03 14:00:00-05:00,40.64,40.73,40.63,40.685,45610.00
2025-12-03 14:05:00-05:00,40.69,40.69,40.6,40.66,57350.00
2025-12-03 14:10:00-05:00,40.655,40.73,40.655,40.72,29162.00
2025-12-03 14:15:00-05:00,40.71,40.725,40.69,40.7191,27078.00
2025-12-03 14:20:00-05:00,40.71,40.7171,40.68,40.705,33065.00
2025-12-03 14:25:00-05:00,40.7,40.71,40.67,40.675,45967.00
2025-12-03 14:30:00-05:00,40.68,40.685,40.635,40.67,50373.00
2025-12-03 14:35:00-05:00,40.67,40.68,40.65,40.6778,49044.00
2025-12-03 14:40:00-05:00,40.67,40.71,40.665,40.69,39409.00
2025-12-03 14:45:00-05:00,40.685,40.685,40.64,40.645,53422.00
2025-12-03 14:50:00-05:00,40.645,40.7,40.64,40.69,101873.00
2025-12-03 14:55:00-05:00,40.6994,40.72,40.66,40.68,56855.00
2025-12-03 15:00:00-05:00,40.68,40.7,40.6503,40.67,58480.00
2025-12-03 15:05:00-05:00,40.6783,40.6799,40.63,40.635,77493.00
2025-12-03 15:10:00-05:00,40.635,40.67,40.63,40.65,58506.00
2025-12-03 15:15:00-05:00,40.65,40.675,40.63,40.645,84345.00
2025-12-03 15:20:00-05:00,40.645,40.655,40.61,40.615,60123.00
2025-12-03 15:25:00-05:00,40.615,40.65,40.6012,40.6403,104180.00
2025-12-03 15:30:00-05:00,40.65,40.65,40.565,40.595,193035.00
2025-12-03 15:35:00-05:00,40.598,40.605,40.555,40.57,114034.00
2025-12-03 15:40:00-05:00,40.565,40.63,40.555,40.58,241264.00
2025-12-03 15:45:00-05:00,40.58,40.61,40.57,40.5858,151762.00
2025-12-03 15:50:00-05:00,40.59,40.605,40.5509,40.585,267752.00
2025-12-03 15:55:00-05:00,40.585,40.605,40.48,40.5,573943.00
2025-12-04 09:30:00-05:00,40.2,40.5,40.2,40.45,41055.00
2025-12-04 09:35:00-05:00,40.42,40.6,40.33,40.36,508208.00
2025-12-04 09:40:00-05:00,40.36,40.44,40.3,40.3701,252458.00
2025-12-04 09:45:00-05:00,40.38,40.39,40.27,40.315,170462.00
2025-12-04 09:50:00-05:00,40.315,40.35,40.16,40.33,139809.00
2025-12-04 09:55:00-05:00,40.34,40.39,40.28,40.3125,137087.00
2025-12-04 10:00:00-05:00,40.32,40.36,40.235,40.2765,119761.00
2025-12-04 10:05:00-05:00,40.27,40.37,40.255,40.325,92818.00
2025-12-04 10:10:00-05:00,40.32,40.5257,40.3,40.5257,217060.00
2025-12-04 10:15:00-05:00,40.53,40.71,40.525,40.7,194379.00
2025-12-04 10:20:00-05:00,40.69,40.71,40.595,40.7,143294.00
2025-12-04 10:25:00-05:00,40.705,40.78,40.62,40.77,185785.00
2025-12-04 10:30:00-05:00,40.77,40.7964,40.69,40.725,92221.00
2025-12-04 10:35:00-05:00,40.7256,40.73,40.68,40.73,97148.00
2025-12-04 10:40:00-05:00,40.73,40.8487,40.715,40.8,218917.00
2025-12-04 10:45:00-05:00,40.81,40.82,40.765,40.78,106553.00
2025-12-04 10:50:00-05:00,40.78,40.805,40.755,40.798,53667.00
2025-12-04 10:55:00-05:00,40.8,40.83,40.7601,40.78,88853.00
2025-12-04 11:00:00-05:00,40.78,40.845,40.78,40.785,86148.00
2025-12-04 11:05:00-05:00,40.78,40.9,40.77,40.89,115637.00
2025-12-04 11:10:00-05:00,40.9,40.915,40.84,40.88,103690.00
2025-12-04 11:15:00-05:00,40.875,40.925,40.865,40.895,136403.00
2025-12-04 11:20:00-05:00,40.895,40.94,40.88,40.89,92002.00
2025-12-04 11:25:00-05:00,40.89,40.97,40.86,40.955,88091.00
2025-12-04 11:30:00-05:00,40.965,41.03,40.95,41.0094,136187.00
2025-12-04 11:35:00-05:00,40.9991,41.045,40.94,40.97,139941.00
2025-12-04 11:40:00-05:00,40.9635,40.995,40.95,40.975,59049.00
2025-12-04 11:45:00-05:00,40.97,41.005,40.93,40.945,82334.00
2025-12-04 11:50:00-05:00,40.955,40.985,40.935,40.965,27362.00
2025-12-04 11:55:00-05:00,40.97,41.03,40.97,41.005,90517.00
2025-12-04 12:00:00-05:00,41.015,41.04,40.99,41,114841.00
2025-12-04 12:05:00-05:00,40.99,41.01,40.9651,40.9791,51767.00
2025-12-04 12:10:00-05:00,40.985,41.01,40.965,41.0092,43628.00
2025-12-04 12:15:00-05:00,41.01,41.01,40.965,41.005,144851.00
2025-12-04 12:20:00-05:00,41.01,41.02,40.9845,41.02,46678.00
2025-12-04 12:25:00-05:00,41.025,41.055,41,41.0045,133742.00
2025-12-04 12:30:00-05:00,41,41.025,40.975,41.025,35555.00
2025-12-04 12:35:00-05:00,41.02,41.06,41.015,41.03,78493.00
2025-12-04 12:40:00-05:00,41.03,41.04,40.995,41.0399,71876.00
2025-12-04 12:45:00-05:00,41.04,41.055,41.0214,41.035,69098.00
2025-12-04 12:50:00-05:00,41.04,41.055,41.02,41.025,51365.00
2025-12-04 12:55:00-05:00,41.025,41.05,41.01,41.02,67986.00
2025-12-04 13:00:00-05:00,41.03,41.065,41.025,41.0547,40241.00
2025-12-04 13:05:00-05:00,41.05,41.05,41.01,41.045,39677.00
2025-12-04 13:10:00-05:00,41.045,41.07,41.01,41.055,72696.00
2025-12-04 13:15:00-05:00,41.06,41.095,41.035,41.035,42909.00
2025-12-04 13:20:00-05:00,41.04,41.055,41.035,41.05,35147.00
2025-12-04 13:25:00-05:00,41.045,41.06,41.015,41.05,46750.00
2025-12-04 13:30:00-05:00,41.06,41.06,40.98,41.015,45871.00
2025-12-04 13:35:00-05:00,41.01,41.0288,40.99,41.02,27545.00
2025-12-04 13:40:00-05:00,41.02,41.1,41.01,41.06,40697.00
2025-12-04 13:45:00-05:00,41.07,41.095,41.035,41.045,40594.00
2025-12-04 13:50:00-05:00,41.04,41.065,41.03,41.04,44108.00
2025-12-04 13:55:00-05:00,41.04,41.04,40.975,40.995,58043.00
2025-12-04 14:00:00-05:00,40.99,41.02,40.97,40.9803,37585.00
2025-12-04 14:05:00-05:00,40.99,41.015,40.9129,40.97,103582.00
2025-12-04 14:10:00-05:00,40.965,40.965,40.86,40.885,66614.00
2025-12-04 14:15:00-05:00,40.88,40.905,40.85,40.855,74948.00
2025-12-04 14:20:00-05:00,40.85,40.85,40.7597,40.77,101008.00
2025-12-04 14:25:00-05:00,40.77,40.855,40.77,40.795,141060.00
2025-12-04 14:30:00-05:00,40.79,40.845,40.78,40.84,55062.00
2025-12-04 14:35:00-05:00,40.85,40.95,40.83,40.94,184538.00
2025-12-04 14:40:00-05:00,40.93,40.955,40.915,40.95,34655.00
2025-12-04 14:45:00-05:00,40.945,40.975,40.92,40.945,69647.00
2025-12-04 14:50:00-05:00,40.95,40.99,40.93,40.99,74200.00
2025-12-04 14:55:00-05:00,40.995,41.01,40.985,41.0045,38520.00
2025-12-04 15:00:00-05:00,41,41.005,40.93,40.935,53408.00
2025-12-04 15:05:00-05:00,40.935,40.95,40.88,40.8801,83288.00
2025-12-04 15:10:00-05:00,40.885,40.9155,40.865,40.895,42908.00
2025-12-04 15:15:00-05:00,40.9,40.93,40.875,40.8755,58052.00
2025-12-04 15:20:00-05:00,40.87,40.88,40.845,40.845,51396.00
2025-12-04 15:25:00-05:00,40.84,40.88,40.84,40.86,45138.00
2025-12-04 15:30:00-05:00,40.86,40.89,40.85,40.87,82773.00
2025-12-04 15:35:00-05:00,40.875,40.88,40.845,40.86,65739.00
2025-12-04 15:40:00-05:00,40.855,40.86,40.82,40.85,101962.00
2025-12-04 15:45:00-05:00,40.845,40.895,40.835,40.895,67802.00
2025-12-04 15:50:00-05:00,40.9,40.94,40.885,40.9,180875.00
2025-12-04 15:55:00-05:00,40.895,40.935,40.88,40.93,419295.00
2025-12-05 09:30:00-05:00,41.4,41.5,41.13,41.15,376305.00
2025-12-05 09:35:00-05:00,41.1582,41.36,41.05,41.34,161160.00
2025-12-05 09:40:00-05:00,41.33,41.47,41.29,41.47,187684.00
2025-12-05 09:45:00-05:00,41.47,41.66,41.41,41.615,227327.00
2025-12-05 09:50:00-05:00,41.62,41.7,41.55,41.69,213685.00
2025-12-05 09:55:00-05:00,41.7,41.87,41.68,41.84,180250.00
2025-12-05 10:00:00-05:00,41.85,41.88,41.725,41.8,134524.00
2025-12-05 10:05:00-05:00,41.795,41.795,41.55,41.58,147593.00
2025-12-05 10:10:00-05:00,41.58,41.705,41.57,41.625,292644.00
2025-12-05 10:15:00-05:00,41.625,41.7,41.52,41.6,120661.00
2025-12-05 10:20:00-05:00,41.59,41.7799,41.59,41.74,91552.00
2025-12-05 10:25:00-05:00,41.745,41.79,41.69,41.785,80555.00
2025-12-05 10:30:00-05:00,41.785,41.8683,41.745,41.845,178490.00
2025-12-05 10:35:00-05:00,41.85,41.98,41.79,41.94,314457.00
2025-12-05 10:40:00-05:00,41.93,42.08,41.9001,41.9716,129863.00
2025-12-05 10:45:00-05:00,41.985,41.985,41.85,41.9,82731.00
2025-12-05 10:50:00-05:00,41.9,41.905,41.71,41.785,147187.00
2025-12-05 10:55:00-05:00,41.775,41.825,41.68,41.775,119148.00
2025-12-05 11:00:00-05:00,41.78,41.845,41.68,41.715,105107.00
2025-12-05 11:05:00-05:00,41.71,41.71,41.36,41.365,170581.00
2025-12-05 11:10:00-05:00,41.36,41.44,41.19,41.2,211633.00
2025-12-05 11:15:00-05:00,41.18,41.28,41.13,41.17,194863.00
2025-12-05 11:20:00-05:00,41.18,41.35,41.11,41.265,131239.00
2025-12-05 11:25:00-05:00,41.2697,41.465,41.26,41.37,112279.00
2025-12-05 11:30:00-05:00,41.36,41.38,41.26,41.27,154207.00
2025-12-05 11:35:00-05:00,41.26,41.3261,41.21,41.2474,125091.00
2025-12-05 11:40:00-05:00,41.245,41.305,41.195,41.29,88726.00
2025-12-05 11:45:00-05:00,41.28,41.39,41.28,41.385,80556.00
2025-12-05 11:50:00-05:00,41.38,41.415,41.345,41.405,86665.00
2025-12-05 11:55:00-05:00,41.4,41.47,41.38,41.385,82020.00
2025-12-05 12:00:00-05:00,41.38,41.46,41.36,41.45,76449.00
2025-12-05 12:05:00-05:00,41.445,41.47,41.35,41.36,46668.00
2025-12-05 12:10:00-05:00,41.355,41.365,41.28,41.29,67137.00
2025-12-05 12:15:00-05:00,41.305,41.355,41.285,41.31,68651.00
2025-12-05 12:20:00-05:00,41.31,41.315,41.22,41.235,30010.00
2025-12-05 12:25:00-05:00,41.2416,41.29,41.21,41.285,69818.00
2025-12-05 12:30:00-05:00,41.285,41.36,41.26,41.27,84191.00
2025-12-05 12:35:00-05:00,41.26,41.26,41.19,41.235,65367.00
2025-12-05 12:40:00-05:00,41.235,41.2962,41.21,41.28,56594.00
2025-12-05 12:45:00-05:00,41.285,41.325,41.26,41.29,80046.00
2025-12-05 12:50:00-05:00,41.295,41.375,41.285,41.36,131817.00
2025-12-05 12:55:00-05:00,41.36,41.39,41.34,41.35,88490.00
2025-12-05 13:00:00-05:00,41.355,41.355,41.205,41.26,176018.00
2025-12-05 13:05:00-05:00,41.255,41.33,41.255,41.325,40182.00
2025-12-05 13:10:00-05:00,41.32,41.345,41.295,41.305,43455.00
2025-12-05 13:15:00-05:00,41.315,41.325,41.28,41.2901,33908.00
2025-12-05 13:20:00-05:00,41.295,41.305,41.245,41.275,30210.00
2025-12-05 13:25:00-05:00,41.27,41.275,41.225,41.255,40401.00
2025-12-05 13:30:00-05:00,41.25,41.3091,41.245,41.29,30650.00
2025-12-05 13:35:00-05:00,41.28,41.31,41.2548,41.3037,30809.00
2025-12-05 13:40:00-05:00,41.3065,41.3155,41.22,41.25,42765.00
2025-12-05 13:45:00-05:00,41.26,41.28,41.24,41.27,24256.00
2025-12-05 13:50:00-05:00,41.25,41.25,41.195,41.2474,45503.00
2025-12-05 13:55:00-05:00,41.24,41.2456,41.19,41.225,35091.00
2025-12-05 14:00:00-05:00,41.22,41.2201,41.105,41.12,66059.00
2025-12-05 14:05:00-05:00,41.12,41.12,41.025,41.105,64849.00
2025-12-05 14:10:00-05:00,41.1055,41.195,41.105,41.19,43717.00
2025-12-05 14:15:00-05:00,41.18,41.185,41.15,41.17,62586.00
2025-12-05 14:20:00-05:00,41.17,41.1887,41.145,41.185,44671.00
2025-12-05 14:25:00-05:00,41.19,41.205,41.12,41.135,82362.00
2025-12-05 14:30:00-05:00,41.14,41.165,41.09,41.1,154379.00
2025-12-05 14:35:00-05:00,41.09,41.11,41.01,41.065,37447.00
2025-12-05 14:40:00-05:00,41.065,41.08,41.02,41.03,35353.00
2025-12-05 14:45:00-05:00,41.03,41.04,40.98,41.005,74197.00
2025-12-05 14:50:00-05:00,41.0001,41.0487,40.98,40.985,45052.00
2025-12-05 14:55:00-05:00,40.99,41.06,40.99,41.0409,62416.00
2025-12-05 15:00:00-05:00,41.05,41.07,40.98,41,95842.00
2025-12-05 15:05:00-05:00,40.99,41.01,40.96,40.96,63109.00
2025-12-05 15:10:00-05:00,40.96,40.98,40.94,40.965,50211.00
2025-12-05 15:15:00-05:00,40.965,41.03,40.945,40.945,109684.00
2025-12-05 15:20:00-05:00,40.94,40.96,40.9,40.935,100871.00
2025-12-05 15:25:00-05:00,40.935,40.94,40.89,40.9,100824.00
2025-12-05 15:30:00-05:00,40.9,40.95,40.87,40.945,106084.00
2025-12-05 15:35:00-05:00,40.945,40.96,40.895,40.9169,139903.00
2025-12-05 15:40:00-05:00,40.92,40.94,40.89,40.93,139311.00
2025-12-05 15:45:00-05:00,40.925,40.935,40.86,40.935,184706.00
2025-12-05 15:50:00-05:00,40.94,41,40.94,40.9609,283649.00
2025-12-05 15:55:00-05:00,40.97,41.05,40.9442,41.05,696767.00
2025-12-08 09:30:00-05:00,41.145,41.19,40.85,40.955,279650.00
2025-12-08 09:35:00-05:00,40.9401,41.11,40.871,41.045,212639.00
2025-12-08 09:40:00-05:00,41.05,41.2,41.05,41.071,223091.00
2025-12-08 09:45:00-05:00,41.06,41.075,40.79,40.81,172006.00
2025-12-08 09:50:00-05:00,40.821,40.915,40.805,40.89,124864.00
2025-12-08 09:55:00-05:00,40.9,40.92,40.73,40.77,168022.00
2025-12-08 10:00:00-05:00,40.775,40.79,40.62,40.625,180663.00
2025-12-08 10:05:00-05:00,40.61,40.62,40.365,40.44,125788.00
2025-12-08 10:10:00-05:00,40.435,40.565,40.4301,40.44,165240.00
2025-12-08 10:15:00-05:00,40.435,40.645,40.365,40.595,115475.00
2025-12-08 10:20:00-05:00,40.6,40.6568,40.555,40.605,129810.00
2025-12-08 10:25:00-05:00,40.605,40.61,40.415,40.5,136664.00
2025-12-08 10:30:00-05:00,40.49,40.56,40.435,40.545,123558.00
2025-12-08 10:35:00-05:00,40.55,40.6,40.5,40.56,83620.00
2025-12-08 10:40:00-05:00,40.5596,40.585,40.5,40.56,111451.00
2025-12-08 10:45:00-05:00,40.56,40.64,40.5345,40.61,111013.00
2025-12-08 10:50:00-05:00,40.615,40.63,40.54,40.545,118341.00
2025-12-08 10:55:00-05:00,40.54,40.54,40.41,40.4193,81205.00
2025-12-08 11:00:00-05:00,40.415,40.45,40.385,40.41,95320.00
2025-12-08 11:05:00-05:00,40.4101,40.445,40.3701,40.385,66390.00
2025-12-08 11:10:00-05:00,40.39,40.47,40.36,40.45,108053.00
2025-12-08 11:15:00-05:00,40.455,40.565,40.4501,40.565,68294.00
2025-12-08 11:20:00-05:00,40.565,40.57,40.53,40.54,68944.00
2025-12-08 11:25:00-05:00,40.54,40.6,40.505,40.56,57859.00
2025-12-08 11:30:00-05:00,40.56,40.57,40.5,40.53,78091.00
2025-12-08 11:35:00-05:00,40.52,40.545,40.48,40.49,140602.00
2025-12-08 11:40:00-05:00,40.4899,40.4899,40.4,40.455,77016.00
2025-12-08 11:45:00-05:00,40.455,40.46,40.3901,40.395,70915.00
2025-12-08 11:50:00-05:00,40.3901,40.405,40.305,40.38,91208.00
2025-12-08 11:55:00-05:00,40.385,40.445,40.375,40.4445,67233.00
2025-12-08 12:00:00-05:00,40.4465,40.4465,40.3,40.315,74112.00
2025-12-08 12:05:00-05:00,40.315,40.36,40.31,40.32,50888.00
2025-12-08 12:10:00-05:00,40.32,40.36,40.295,40.305,63140.00
2025-12-08 12:15:00-05:00,40.31,40.335,40.295,40.325,45970.00
2025-12-08 12:20:00-05:00,40.32,40.405,40.305,40.385,46897.00
2025-12-08 12:25:00-05:00,40.39,40.39,40.34,40.38,62070.00
2025-12-08 12:30:00-05:00,40.3855,40.43,40.365,40.4,36499.00
2025-12-08 12:35:00-05:00,40.395,40.44,40.375,40.385,52150.00
2025-12-08 12:40:00-05:00,40.38,40.435,40.365,40.42,53474.00
2025-12-08 12:45:00-05:00,40.42,40.42,40.385,40.415,39144.00
2025-12-08 12:50:00-05:00,40.4099,40.47,40.4099,40.465,79316.00
2025-12-08 12:55:00-05:00,40.46,40.475,40.435,40.455,98124.00
2025-12-08 13:00:00-05:00,40.46,40.48,40.41,40.43,59708.00
2025-12-08 13:05:00-05:00,40.42,40.445,40.405,40.43,67667.00
2025-12-08 13:10:00-05:00,40.42,40.42,40.37,40.38,39951.00
2025-12-08 13:15:00-05:00,40.38,40.41,40.355,40.41,36115.00
2025-12-08 13:20:00-05:00,40.415,40.4198,40.385,40.405,29922.00
2025-12-08 13:25:00-05:00,40.4,40.4,40.33,40.33,30590.00
2025-12-08 13:30:00-05:00,40.33,40.41,40.32,40.41,36734.00
2025-12-08 13:35:00-05:00,40.405,40.49,40.405,40.46,78143.00
2025-12-08 13:40:00-05:00,40.47,40.47,40.42,40.435,39727.00
2025-12-08 13:45:00-05:00,40.4399,40.475,40.42,40.45,51084.00
2025-12-08 13:50:00-05:00,40.4599,40.46,40.42,40.4297,33761.00
2025-12-08 13:55:00-05:00,40.4255,40.4255,40.36,40.395,56921.00
2025-12-08 14:00:00-05:00,40.385,40.4101,40.32,40.355,38713.00
2025-12-08 14:05:00-05:00,40.35,40.4055,40.35,40.385,30921.00
2025-12-08 14:10:00-05:00,40.38,40.405,40.355,40.36,66549.00
2025-12-08 14:15:00-05:00,40.365,40.4,40.35,40.39,35910.00
2025-12-08 14:20:00-05:00,40.39,40.39,40.35,40.35,58169.00
2025-12-08 14:25:00-05:00,40.35,40.365,40.31,40.3401,51995.00
2025-12-08 14:30:00-05:00,40.3456,40.36,40.32,40.36,36045.00
2025-12-08 14:35:00-05:00,40.365,40.41,40.36,40.395,45027.00
2025-12-08 14:40:00-05:00,40.39,40.4,40.34,40.345,60602.00
2025-12-08 14:45:00-05:00,40.342,40.345,40.295,40.31,70568.00
2025-12-08 14:50:00-05:00,40.32,40.355,40.31,40.345,39873.00
2025-12-08 14:55:00-05:00,40.34,40.355,40.325,40.355,31640.00
2025-12-08 15:00:00-05:00,40.36,40.37,40.33,40.355,61318.00
2025-12-08 15:05:00-05:00,40.35,40.39,40.33,40.365,70759.00
2025-12-08 15:10:00-05:00,40.36,40.39,40.33,40.35,50131.00
2025-12-08 15:15:00-05:00,40.355,40.39,40.33,40.37,72170.00
2025-12-08 15:20:00-05:00,40.375,40.375,40.325,40.335,75628.00
2025-12-08 15:25:00-05:00,40.335,40.355,40.31,40.325,55472.00
2025-12-08 15:30:00-05:00,40.322,40.33,40.26,40.28,66415.00
2025-12-08 15:35:00-05:00,40.28,40.31,40.2742,40.306,110402.00
2025-12-08 15:40:00-05:00,40.31,40.34,40.3027,40.31,112086.00
2025-12-08 15:45:00-05:00,40.31,40.315,40.235,40.255,137421.00
2025-12-08 15:50:00-05:00,40.26,40.275,40.12,40.17,302943.00
2025-12-08 15:55:00-05:00,40.175,40.195,40.015,40.035,848691.00
2025-12-09 09:30:00-05:00,40.16,40.55,40.13,40.39,276359.00
2025-12-09 09:35:00-05:00,40.39,40.44,40.315,40.3299,105841.00
2025-12-09 09:40:00-05:00,40.35,40.66,40.35,40.615,227180.00
2025-12-09 09:45:00-05:00,40.6398,40.655,40.49,40.55,228449.00
2025-12-09 09:50:00-05:00,40.55,40.6763,40.54,40.63,97168.00
2025-12-09 09:55:00-05:00,40.625,40.65,40.585,40.585,77578.00
2025-12-09 10:00:00-05:00,40.585,40.59,40.49,40.59,103489.00
2025-12-09 10:05:00-05:00,40.59,40.595,40.425,40.44,89095.00
2025-12-09 10:10:00-05:00,40.43,40.495,40.345,40.465,101162.00
2025-12-09 10:15:00-05:00,40.47,40.47,40.34,40.37,76105.00
2025-12-09 10:20:00-05:00,40.37,40.75,40.37,40.74,95921.00
2025-12-09 10:25:00-05:00,40.74,40.83,40.65,40.6788,90120.00
2025-12-09 10:30:00-05:00,40.68,40.71,40.605,40.62,67751.00
2025-12-09 10:35:00-05:00,40.62,40.625,40.51,40.53,118824.00
2025-12-09 10:40:00-05:00,40.525,40.5351,40.49,40.5093,104454.00
2025-12-09 10:45:00-05:00,40.49,40.49,40.325,40.3614,64696.00
2025-12-09 10:50:00-05:00,40.375,40.42,40.35,40.38,65858.00
2025-12-09 10:55:00-05:00,40.385,40.575,40.3601,40.57,194693.00
2025-12-09 11:00:00-05:00,40.58,40.7,40.505,40.695,86996.00
2025-12-09 11:05:00-05:00,40.6901,40.8,40.65,40.79,135799.00
2025-12-09 11:10:00-05:00,40.785,40.865,40.78,40.83,122987.00
2025-12-09 11:15:00-05:00,40.835,40.84,40.645,40.69,68016.00
2025-12-09 11:20:00-05:00,40.7,40.755,40.675,40.74,57259.00
2025-12-09 11:25:00-05:00,40.75,40.8,40.735,40.795,57632.00
2025-12-09 11:30:00-05:00,40.8,40.835,40.74,40.8045,160889.00
2025-12-09 11:35:00-05:00,40.8,40.85,40.7701,40.835,93225.00
2025-12-09 11:40:00-05:00,40.84,40.91,40.835,40.905,75134.00
2025-12-09 11:45:00-05:00,40.91,40.93,40.81,40.815,81063.00
2025-12-09 11:50:00-05:00,40.815,40.84,40.7748,40.7748,61583.00
2025-12-09 11:55:00-05:00,40.785,40.8,40.7155,40.735,42300.00
2025-12-09 12:00:00-05:00,40.7245,40.875,40.7245,40.835,98674.00
2025-12-09 12:05:00-05:00,40.84,40.98,40.84,40.975,110581.00
2025-12-09 12:10:00-05:00,40.975,40.99,40.95,40.96,86916.00
2025-12-09 12:15:00-05:00,40.965,40.975,40.87,40.895,165746.00
2025-12-09 12:20:00-05:00,40.8999,40.8999,40.79,40.855,69758.00
2025-12-09 12:25:00-05:00,40.8598,40.87,40.74,40.755,82782.00
2025-12-09 12:30:00-05:00,40.75,40.79,40.7,40.705,50773.00
2025-12-09 12:35:00-05:00,40.705,40.74,40.69,40.73,55060.00
2025-12-09 12:40:00-05:00,40.73,40.79,40.72,40.775,43587.00
2025-12-09 12:45:00-05:00,40.77,40.79,40.745,40.745,45603.00
2025-12-09 12:50:00-05:00,40.745,40.76,40.7143,40.73,46409.00
2025-12-09 12:55:00-05:00,40.73,40.755,40.715,40.725,38981.00
2025-12-09 13:00:00-05:00,40.73,40.79,40.73,40.78,79681.00
2025-12-09 13:05:00-05:00,40.775,40.8,40.7745,40.775,46301.00
2025-12-09 13:10:00-05:00,40.775,40.81,40.76,40.795,84207.00
2025-12-09 13:15:00-05:00,40.795,40.81,40.7545,40.785,46717.00
2025-12-09 13:20:00-05:00,40.78,40.81,40.76,40.805,35022.00
2025-12-09 13:25:00-05:00,40.805,40.85,40.805,40.845,30848.00
2025-12-09 13:30:00-05:00,40.85,40.9,40.835,40.85,37503.00
2025-12-09 13:35:00-05:00,40.85,40.86,40.77,40.795,35859.00
2025-12-09 13:40:00-05:00,40.8,40.8,40.765,40.765,36719.00
2025-12-09 13:45:00-05:00,40.765,40.8,40.74,40.79,43597.00
2025-12-09 13:50:00-05:00,40.78,40.79,40.745,40.76,41912.00
2025-12-09 13:55:00-05:00,40.76,40.8,40.755,40.77,43552.00
2025-12-09 14:00:00-05:00,40.76,40.795,40.73,40.7571,37083.00
2025-12-09 14:05:00-05:00,40.755,40.76,40.72,40.755,38723.00
2025-12-09 14:10:00-05:00,40.76,40.79,40.755,40.7835,36869.00
2025-12-09 14:15:00-05:00,40.78,40.79,40.76,40.765,57857.00
2025-12-09 14:20:00-05:00,40.77,40.77,40.75,40.76,35910.00
2025-12-09 14:25:00-05:00,40.77,40.8,40.755,40.765,51517.00
2025-12-09 14:30:00-05:00,40.76,40.77,40.73,40.75,62664.00
2025-12-09 14:35:00-05:00,40.76,40.765,40.73,40.7399,37536.00
2025-12-09 14:40:00-05:00,40.735,40.74,40.7,40.73,49887.00
2025-12-09 14:45:00-05:00,40.72,40.74,40.69,40.72,48863.00
2025-12-09 14:50:00-05:00,40.72,40.74,40.715,40.7314,40574.00
2025-12-09 14:55:00-05:00,40.735,40.77,40.735,40.75,47851.00
2025-12-09 15:00:00-05:00,40.74,40.825,40.74,40.81,51938.00
2025-12-09 15:05:00-05:00,40.8,40.81,40.775,40.795,45291.00
2025-12-09 15:10:00-05:00,40.8,40.86,40.8,40.82,64251.00
2025-12-09 15:15:00-05:00,40.825,40.835,40.805,40.815,42334.00
2025-12-09 15:20:00-05:00,40.815,40.8185,40.78,40.785,56360.00
2025-12-09 15:25:00-05:00,40.785,40.845,40.77,40.845,78153.00
2025-12-09 15:30:00-05:00,40.84,40.875,40.805,40.835,80186.00
2025-12-09 15:35:00-05:00,40.83,40.86,40.82,40.845,121936.00
2025-12-09 15:40:00-05:00,40.845,40.865,40.815,40.8151,102442.00
2025-12-09 15:45:00-05:00,40.815,40.85,40.815,40.845,113742.00
2025-12-09 15:50:00-05:00,40.85,40.865,40.805,40.835,215140.00
2025-12-09 15:55:00-05:00,40.83,40.93,40.775,40.92,761385.00
2025-12-10 09:30:00-05:00,40.8,40.865,40.54,40.6,387420.00
2025-12-10 09:35:00-05:00,40.58,40.605,40.39,40.395,181350.00
2025-12-10 09:40:00-05:00,40.41,40.7,40.3973,40.6475,75453.00
2025-12-10 09:45:00-05:00,40.67,40.875,40.67,40.875,100848.00
2025-12-10 09:50:00-05:00,40.875,40.9356,40.835,40.85,171031.00
2025-12-10 09:55:00-05:00,40.84,40.87,40.8,40.8,119914.00
2025-12-10 10:00:00-05:00,40.8,40.965,40.795,40.83,97148.00
2025-12-10 10:05:00-05:00,40.82,40.9,40.775,40.7799,137336.00
2025-12-10 10:10:00-05:00,40.77,40.7995,40.53,40.53,224209.00
2025-12-10 10:15:00-05:00,40.53,40.6,40.35,40.405,209254.00
2025-12-10 10:20:00-05:00,40.41,40.465,40.34,40.375,187107.00
2025-12-10 10:25:00-05:00,40.375,40.44,40.315,40.425,130023.00
2025-12-10 10:30:00-05:00,40.43,40.58,40.41,40.57,142993.00
2025-12-10 10:35:00-05:00,40.57,40.73,40.565,40.725,157764.00
2025-12-10 10:40:00-05:00,40.72,40.84,40.685,40.79,109681.00
2025-12-10 10:45:00-05:00,40.785,40.87,40.75,40.865,109922.00
2025-12-10 10:50:00-05:00,40.865,40.8815,40.775,40.79,99061.00
2025-12-10 10:55:00-05:00,40.78,40.9,40.74,40.87,138301.00
2025-12-10 11:00:00-05:00,40.875,40.885,40.765,40.815,107104.00
2025-12-10 11:05:00-05:00,40.815,40.92,40.815,40.895,125849.00
2025-12-10 11:10:00-05:00,40.895,40.9,40.81,40.855,135972.00
2025-12-10 11:15:00-05:00,40.855,40.96,40.845,40.945,83796.00
2025-12-10 11:20:00-05:00,40.945,40.965,40.865,40.925,186621.00
2025-12-10 11:25:00-05:00,40.925,40.93,40.895,40.9,61860.00
2025-12-10 11:30:00-05:00,40.895,41.015,40.89,40.9845,131621.00
2025-12-10 11:35:00-05:00,40.985,41.1,40.935,41.09,113249.00
2025-12-10 11:40:00-05:00,41.1,41.28,41.065,41.205,262500.00
2025-12-10 11:45:00-05:00,41.2,41.2,41.12,41.17,87463.00
2025-12-10 11:50:00-05:00,41.17,41.185,41.135,41.145,97157.00
2025-12-10 11:55:00-05:00,41.14,41.21,41.12,41.195,151813.00
2025-12-10 12:00:00-05:00,41.19,41.195,41.115,41.1355,96328.00
2025-12-10 12:05:00-05:00,41.13,41.15,41.085,41.13,87748.00
2025-12-10 12:10:00-05:00,41.14,41.145,41.06,41.08,69726.00
2025-12-10 12:15:00-05:00,41.08,41.15,41.08,41.1057,42005.00
2025-12-10 12:20:00-05:00,41.105,41.105,41.045,41.065,93394.00
2025-12-10 12:25:00-05:00,41.06,41.075,41.01,41.03,47477.00
2025-12-10 12:30:00-05:00,41.02,41.0299,40.94,41.005,85236.00
2025-12-10 12:35:00-05:00,41,41.04,40.965,41.03,52027.00
2025-12-10 12:40:00-05:00,41.03,41.05,41.005,41.035,56645.00
2025-12-10 12:45:00-05:00,41.03,41.0521,41.015,41.05,109329.00
2025-12-10 12:50:00-05:00,41.045,41.1,41.0433,41.095,55089.00
2025-12-10 12:55:00-05:00,41.1,41.11,41.0545,41.08,59255.00
2025-12-10 13:00:00-05:00,41.09,41.105,41.0701,41.1,52578.00
2025-12-10 13:05:00-05:00,41.09,41.13,41.075,41.115,56402.00
2025-12-10 13:10:00-05:00,41.115,41.115,41.065,41.09,36844.00
2025-12-10 13:15:00-05:00,41.09,41.095,41.065,41.0691,29688.00
2025-12-10 13:20:00-05:00,41.07,41.095,41.0201,41.0201,57375.00
2025-12-10 13:25:00-05:00,41.02,41.09,40.995,41.09,50368.00
2025-12-10 13:30:00-05:00,41.08,41.115,41.075,41.1,38284.00
2025-12-10 13:35:00-05:00,41.1,41.15,41.065,41.075,55773.00
2025-12-10 13:40:00-05:00,41.07,41.15,41.07,41.14,46270.00
2025-12-10 13:45:00-05:00,41.13,41.16,41.12,41.155,51074.00
2025-12-10 13:50:00-05:00,41.16,41.19,41.14,41.155,59561.00
2025-12-10 13:55:00-05:00,41.15,41.15,41.105,41.14,51298.00
2025-12-10 14:00:00-05:00,41.13,41.28,41,41.04,298566.00
2025-12-10 14:05:00-05:00,41.045,41.36,41.045,41.34,389718.00
2025-12-10 14:10:00-05:00,41.34,41.41,41.26,41.32,286814.00
2025-12-10 14:15:00-05:00,41.33,41.43,41.315,41.35,146330.00
2025-12-10 14:20:00-05:00,41.34,41.38,41.26,41.2741,146310.00
2025-12-10 14:25:00-05:00,41.285,41.31,41.075,41.14,111012.00
2025-12-10 14:30:00-05:00,41.13,41.355,41.06,41.27,151144.00
2025-12-10 14:35:00-05:00,41.28,41.28,40.61,40.87,406469.00
2025-12-10 14:40:00-05:00,40.88,40.925,40.42,40.67,328627.00
2025-12-10 14:45:00-05:00,40.675,40.88,40.67,40.85,123432.00
2025-12-10 14:50:00-05:00,40.84,41.11,40.815,41.075,147817.00
2025-12-10 14:55:00-05:00,41.08,41.315,41.07,41.29,153251.00
2025-12-10 15:00:00-05:00,41.28,41.34,41.195,41.305,173877.00
2025-12-10 15:05:00-05:00,41.31,41.45,41.23,41.435,136250.00
2025-12-10 15:10:00-05:00,41.44,41.545,41.385,41.535,184270.00
2025-12-10 15:15:00-05:00,41.53,41.64,41.48,41.505,154078.00
2025-12-10 15:20:00-05:00,41.505,41.655,41.47,41.525,206134.00
2025-12-10 15:25:00-05:00,41.52,41.63,41.485,41.605,182025.00
2025-12-10 15:30:00-05:00,41.63,41.685,41.5821,41.675,201680.00
2025-12-10 15:35:00-05:00,41.67,41.775,41.655,41.7445,226722.00
2025-12-10 15:40:00-05:00,41.74,41.835,41.73,41.76,184048.00
2025-12-10 15:45:00-05:00,41.755,41.81,41.745,41.8,224520.00
2025-12-10 15:50:00-05:00,41.8,41.96,41.755,41.79,548871.00
2025-12-10 15:55:00-05:00,41.795,41.85,41.7,41.77,1589125.00
2025-12-11 09:30:00-05:00,41.5,42,41.12,41.96,557756.00
2025-12-11 09:35:00-05:00,41.97,42.63,41.97,42.43,413158.00
2025-12-11 09:40:00-05:00,42.4305,42.45,42.15,42.36,288369.00
2025-12-11 09:45:00-05:00,42.37,42.43,42.14,42.295,434715.00
2025-12-11 09:50:00-05:00,42.3099,42.41,42.26,42.305,325762.00
2025-12-11 09:55:00-05:00,42.31,42.475,42.25,42.445,577752.00
2025-12-11 10:00:00-05:00,42.45,42.64,42.275,42.58,553449.00
2025-12-11 10:05:00-05:00,42.565,42.825,42.56,42.75,232696.00
2025-12-11 10:10:00-05:00,42.75,42.835,42.61,42.75,172009.00
2025-12-11 10:15:00-05:00,42.75,42.79,42.6,42.68,165815.00
2025-12-11 10:20:00-05:00,42.7,42.9393,42.69,42.77,562506.00
2025-12-11 10:25:00-05:00,42.76,42.885,42.7255,42.805,117461.00
2025-12-11 10:30:00-05:00,42.805,43.01,42.735,42.96,294777.00
2025-12-11 10:35:00-05:00,42.96,42.97,42.8,42.925,178339.00
2025-12-11 10:40:00-05:00,42.92,43.105,42.91,43.085,401482.00
2025-12-11 10:45:00-05:00,43.09,43.1245,43.01,43.01,117019.00
2025-12-11 10:50:00-05:00,43.005,43.22,43.005,43.07,205380.00
2025-12-11 10:55:00-05:00,43.07,43.095,42.99,43.0911,84901.00
2025-12-11 11:00:00-05:00,43.09,43.1457,43.025,43.11,120468.00
2025-12-11 11:05:00-05:00,43.11,43.15,43.0742,43.1313,129841.00
2025-12-11 11:10:00-05:00,43.14,43.18,43.105,43.14,91216.00
2025-12-11 11:15:00-05:00,43.1479,43.25,43.085,43.25,115704.00
2025-12-11 11:20:00-05:00,43.255,43.2765,43.18,43.2,134603.00
2025-12-11 11:25:00-05:00,43.195,43.28,43.18,43.24,120309.00
2025-12-11 11:30:00-05:00,43.235,43.27,43.19,43.23,138535.00
2025-12-11 11:35:00-05:00,43.235,43.405,43.235,43.395,203582.00
2025-12-11 11:40:00-05:00,43.395,43.48,43.345,43.46,122009.00
2025-12-11 11:45:00-05:00,43.465,43.55,43.445,43.54,135189.00
2025-12-11 11:50:00-05:00,43.535,43.57,43.485,43.51,100560.00
2025-12-11 11:55:00-05:00,43.52,43.6,43.4642,43.5907,120769.00
2025-12-11 12:00:00-05:00,43.59,43.61,43.505,43.52,276554.00
2025-12-11 12:05:00-05:00,43.52,43.65,43.515,43.64,139233.00
2025-12-11 12:10:00-05:00,43.6404,43.675,43.6001,43.65,138466.00
2025-12-11 12:15:00-05:00,43.66,43.725,43.64,43.7107,140613.00
2025-12-11 12:20:00-05:00,43.715,43.795,43.665,43.695,123194.00
2025-12-11 12:25:00-05:00,43.7,43.7164,43.63,43.6602,144388.00
2025-12-11 12:30:00-05:00,43.665,43.69,43.625,43.64,80164.00
2025-12-11 12:35:00-05:00,43.64,43.655,43.57,43.6,85877.00
2025-12-11 12:40:00-05:00,43.598,43.645,43.55,43.62,100792.00
2025-12-11 12:45:00-05:00,43.625,43.64,43.585,43.61,50252.00
2025-12-11 12:50:00-05:00,43.6,43.6499,43.595,43.605,62090.00
2025-12-11 12:55:00-05:00,43.605,43.68,43.58,43.68,98053.00
2025-12-11 13:00:00-05:00,43.685,43.825,43.68,43.825,486534.00
2025-12-11 13:05:00-05:00,43.825,43.935,43.82,43.875,201746.00
2025-12-11 13:10:00-05:00,43.87,43.925,43.835,43.8688,111120.00
2025-12-11 13:15:00-05:00,43.87,43.9,43.81,43.835,88043.00
2025-12-11 13:20:00-05:00,43.82,43.8599,43.8044,43.85,102359.00
2025-12-11 13:25:00-05:00,43.85,43.855,43.765,43.7756,73308.00
2025-12-11 13:30:00-05:00,43.78,43.84,43.72,43.745,65797.00
2025-12-11 13:35:00-05:00,43.74,43.76,43.7,43.7443,73252.00
2025-12-11 13:40:00-05:00,43.75,43.76,43.72,43.755,51433.00
2025-12-11 13:45:00-05:00,43.7532,43.78,43.71,43.7393,87859.00
2025-12-11 13:50:00-05:00,43.7335,43.76,43.69,43.705,82003.00
2025-12-11 13:55:00-05:00,43.705,43.705,43.455,43.465,189277.00
2025-12-11 14:00:00-05:00,43.47,43.56,43.38,43.56,220365.00
2025-12-11 14:05:00-05:00,43.57,43.58,43.34,43.35,216325.00
2025-12-11 14:10:00-05:00,43.355,43.445,43.335,43.445,62553.00
2025-12-11 14:15:00-05:00,43.4455,43.46,43.37,43.4056,174122.00
2025-12-11 14:20:00-05:00,43.405,43.47,43.31,43.445,143442.00
2025-12-11 14:25:00-05:00,43.445,43.51,43.425,43.5,84161.00
2025-12-11 14:30:00-05:00,43.51,43.565,43.5,43.515,105363.00
2025-12-11 14:35:00-05:00,43.515,43.57,43.495,43.495,52485.00
2025-12-11 14:40:00-05:00,43.495,43.52,43.415,43.42,148293.00
2025-12-11 14:45:00-05:00,43.415,43.505,43.375,43.47,324671.00
2025-12-11 14:50:00-05:00,43.47,43.53,43.4301,43.45,113896.00
2025-12-11 14:55:00-05:00,43.445,43.59,43.44,43.585,96706.00
2025-12-11 15:00:00-05:00,43.58,43.61,43.525,43.585,101152.00
2025-12-11 15:05:00-05:00,43.585,43.61,43.475,43.55,113900.00
2025-12-11 15:10:00-05:00,43.55,43.6,43.525,43.59,70170.00
2025-12-11 15:15:00-05:00,43.58,43.5893,43.48,43.505,133861.00
2025-12-11 15:20:00-05:00,43.505,43.555,43.485,43.54,90315.00
2025-12-11 15:25:00-05:00,43.54,43.54,43.435,43.46,102681.00
2025-12-11 15:30:00-05:00,43.465,43.485,43.395,43.43,154729.00
2025-12-11 15:35:00-05:00,43.44,43.465,43.32,43.325,274385.00
2025-12-11 15:40:00-05:00,43.325,43.395,43.23,43.395,293799.00
2025-12-11 15:45:00-05:00,43.4,43.435,43.255,43.27,323934.00
2025-12-11 15:50:00-05:00,43.275,43.29,43.22,43.255,245737.00
2025-12-11 15:55:00-05:00,43.255,43.28,43.115,43.16,949208.00
2025-12-12 09:30:00-05:00,43.86,44.07,43.41,43.48,532315.00
2025-12-12 09:35:00-05:00,43.47,43.94,43.44,43.87,394306.00
2025-12-12 09:40:00-05:00,43.89,43.97,43.585,43.68,258026.00
2025-12-12 09:45:00-05:00,43.69,43.92,43.53,43.81,217423.00
2025-12-12 09:50:00-05:00,43.82,43.83,43.61,43.755,157873.00
2025-12-12 09:55:00-05:00,43.74,43.875,43.65,43.7,128363.00
2025-12-12 10:00:00-05:00,43.7,43.71,43.415,43.47,192731.00
2025-12-12 10:05:00-05:00,43.46,43.665,43.46,43.625,261900.00
2025-12-12 10:10:00-05:00,43.63,43.76,43.585,43.585,170851.00
2025-12-12 10:15:00-05:00,43.58,43.65,43.47,43.472,161087.00
2025-12-12 10:20:00-05:00,43.47,43.51,43.12,43.135,258399.00
2025-12-12 10:25:00-05:00,43.14,43.2,42.895,42.935,255759.00
2025-12-12 10:30:00-05:00,42.935,42.975,42.85,42.8645,262946.00
2025-12-12 10:35:00-05:00,42.87,42.97,42.725,42.9274,182022.00
2025-12-12 10:40:00-05:00,42.925,42.985,42.75,42.95,218696.00
2025-12-12 10:45:00-05:00,42.95,43.03,42.91,42.97,202146.00
2025-12-12 10:50:00-05:00,42.96,43.01,42.76,42.77,198552.00
2025-12-12 10:55:00-05:00,42.76,42.78,42.55,42.62,172308.00
2025-12-12 11:00:00-05:00,42.61,42.71,42.33,42.335,209759.00
2025-12-12 11:05:00-05:00,42.335,42.515,42.225,42.25,226047.00
2025-12-12 11:10:00-05:00,42.24,42.485,42.23,42.405,182528.00
2025-12-12 11:15:00-05:00,42.4,42.525,42.39,42.445,102257.00
2025-12-12 11:20:00-05:00,42.44,42.525,42.27,42.5,157835.00
2025-12-12 11:25:00-05:00,42.495,42.61,42.48,42.545,149908.00
2025-12-12 11:30:00-05:00,42.54,42.54,42.35,42.38,114659.00
2025-12-12 11:35:00-05:00,42.38,42.42,42.16,42.2101,215437.00
2025-12-12 11:40:00-05:00,42.22,42.28,42.04,42.19,143351.00
2025-12-12 11:45:00-05:00,42.18,42.285,42.16,42.28,224704.00
2025-12-12 11:50:00-05:00,42.285,42.285,42.1,42.14,82751.00
2025-12-12 11:55:00-05:00,42.15,42.295,42.11,42.27,121197.00
2025-12-12 12:00:00-05:00,42.27,42.41,42.22,42.2902,240475.00
2025-12-12 12:05:00-05:00,42.3,42.36,42.29,42.315,149163.00
2025-12-12 12:10:00-05:00,42.32,42.5199,42.32,42.48,117125.00
2025-12-12 12:15:00-05:00,42.49,42.6082,42.49,42.56,144195.00
2025-12-12 12:20:00-05:00,42.568,42.61,42.5,42.61,223098.00
2025-12-12 12:25:00-05:00,42.61,42.615,42.535,42.58,87847.00
2025-12-12 12:30:00-05:00,42.58,42.625,42.55,42.58,64131.00
2025-12-12 12:35:00-05:00,42.57,42.63,42.545,42.62,79044.00
2025-12-12 12:40:00-05:00,42.615,42.71,42.6,42.7,162935.00
2025-12-12 12:45:00-05:00,42.69,42.875,42.685,42.87,150949.00
2025-12-12 12:50:00-05:00,42.87,43.02,42.845,42.98,257111.00
2025-12-12 12:55:00-05:00,42.98,43.12,42.98,43.115,542135.00
2025-12-12 13:00:00-05:00,43.12,43.14,42.96,43.045,256870.00
2025-12-12 13:05:00-05:00,43.045,43.079,43.03,43.045,104250.00
2025-12-12 13:10:00-05:00,43.045,43.105,43.025,43.085,76057.00
2025-12-12 13:15:00-05:00,43.09,43.235,43.075,43.19,330599.00
2025-12-12 13:20:00-05:00,43.19,43.2,43.075,43.115,90175.00
2025-12-12 13:25:00-05:00,43.115,43.125,43.04,43.08,141428.00
2025-12-12 13:30:00-05:00,43.08,43.13,43.06,43.115,88223.00
2025-12-12 13:35:00-05:00,43.12,43.175,43.0825,43.165,115227.00
2025-12-12 13:40:00-05:00,43.166,43.23,43.12,43.14,486797.00
2025-12-12 13:45:00-05:00,43.14,43.2001,43.105,43.2,126321.00
2025-12-12 13:50:00-05:00,43.2,43.21,43.155,43.195,97021.00
2025-12-12 13:55:00-05:00,43.195,43.205,43.14,43.19,106011.00
2025-12-12 14:00:00-05:00,43.2,43.2299,43.14,43.22,143806.00
2025-12-12 14:05:00-05:00,43.22,43.265,43.155,43.16,221873.00
2025-12-12 14:10:00-05:00,43.165,43.2,43.145,43.155,192036.00
2025-12-12 14:15:00-05:00,43.15,43.225,43.13,43.21,99054.00
2025-12-12 14:20:00-05:00,43.22,43.3,43.21,43.265,85215.00
2025-12-12 14:25:00-05:00,43.26,43.265,43.175,43.2,51979.00
2025-12-12 14:30:00-05:00,43.2,43.315,43.2,43.28,81339.00
2025-12-12 14:35:00-05:00,43.275,43.2899,43.195,43.23,51362.00
2025-12-12 14:40:00-05:00,43.23,43.26,43.17,43.1702,56180.00
2025-12-12 14:45:00-05:00,43.18,43.18,43.1,43.11,58617.00
2025-12-12 14:50:00-05:00,43.11,43.235,43.11,43.23,82312.00
2025-12-12 14:55:00-05:00,43.235,43.24,43.19,43.225,52546.00
2025-12-12 15:00:00-05:00,43.22,43.285,43.195,43.285,55738.00
2025-12-12 15:05:00-05:00,43.29,43.33,43.25,43.29,89747.00
2025-12-12 15:10:00-05:00,43.29,43.29,43.252,43.26,44060.00
2025-12-12 15:15:00-05:00,43.26,43.325,43.255,43.29,85061.00
2025-12-12 15:20:00-05:00,43.285,43.33,43.275,43.3,89916.00
2025-12-12 15:25:00-05:00,43.29,43.29,43.2,43.205,210212.00
2025-12-12 15:30:00-05:00,43.2,43.23,43.16,43.205,132758.00
2025-12-12 15:35:00-05:00,43.21,43.25,43.17,43.25,158168.00
2025-12-12 15:40:00-05:00,43.2456,43.32,43.24,43.255,309103.00
2025-12-12 15:45:00-05:00,43.26,43.355,43.195,43.21,566221.00
2025-12-12 15:50:00-05:00,43.215,43.23,43.0973,43.135,657089.00
2025-12-12 15:55:00-05:00,43.135,43.34,42.97,43.09,1691714.00
2025-12-15 09:30:00-05:00,43.61,44,43.46,43.94,496480.00
2025-12-15 09:35:00-05:00,43.89,44.25,43.8009,44.0499,341594.00
2025-12-15 09:40:00-05:00,44.05,44.23,43.875,44.07,408339.00
2025-12-15 09:45:00-05:00,44.08,44.19,43.872,43.95,236811.00
2025-12-15 09:50:00-05:00,43.925,44.0229,43.6206,43.65,255745.00
2025-12-15 09:55:00-05:00,43.66,43.79,43.58,43.7,276133.00
2025-12-15 10:00:00-05:00,43.7,43.765,43.47,43.62,195934.00
2025-12-15 10:05:00-05:00,43.615,43.83,43.585,43.81,173790.00
2025-12-15 10:10:00-05:00,43.8,43.95,43.655,43.93,168257.00
2025-12-15 10:15:00-05:00,43.92,44.05,43.79,43.82,205355.00
2025-12-15 10:20:00-05:00,43.8,43.99,43.78,43.81,259922.00
2025-12-15 10:25:00-05:00,43.8,43.825,43.575,43.675,127175.00
2025-12-15 10:30:00-05:00,43.67,44.015,43.62,43.87,186257.00
2025-12-15 10:35:00-05:00,43.86,43.9,43.705,43.705,103128.00
2025-12-15 10:40:00-05:00,43.705,43.7999,43.63,43.74,140388.00
2025-12-15 10:45:00-05:00,43.74,43.9,43.7,43.88,113545.00
2025-12-15 10:50:00-05:00,43.875,43.93,43.73,43.815,93595.00
2025-12-15 10:55:00-05:00,43.81,43.845,43.6,43.68,108862.00
2025-12-15 11:00:00-05:00,43.685,43.73,43.63,43.67,112243.00
2025-12-15 11:05:00-05:00,43.67,43.695,43.505,43.59,160842.00
2025-12-15 11:10:00-05:00,43.59,43.625,43.55,43.59,84538.00
2025-12-15 11:15:00-05:00,43.585,43.72,43.575,43.655,92334.00
2025-12-15 11:20:00-05:00,43.655,43.675,43.5236,43.535,143811.00
2025-12-15 11:25:00-05:00,43.535,43.62,43.515,43.52,119772.00
2025-12-15 11:30:00-05:00,43.52,43.52,43.33,43.33,127109.00
2025-12-15 11:35:00-05:00,43.34,43.3555,42.985,43.18,221978.00
2025-12-15 11:40:00-05:00,43.19,43.255,43.04,43.05,132290.00
2025-12-15 11:45:00-05:00,43.05,43.195,43.045,43.185,111792.00
2025-12-15 11:50:00-05:00,43.18,43.45,43.18,43.41,82675.00
2025-12-15 11:55:00-05:00,43.43,43.43,43.28,43.32,85270.00
2025-12-15 12:00:00-05:00,43.315,43.36,43.26,43.31,160238.00
2025-12-15 12:05:00-05:00,43.32,43.32,43.25,43.2899,136314.00
2025-12-15 12:10:00-05:00,43.29,43.415,43.27,43.27,96510.00
2025-12-15 12:15:00-05:00,43.275,43.2799,43.2201,43.245,73055.00
2025-12-15 12:20:00-05:00,43.25,43.39,43.25,43.345,46014.00
2025-12-15 12:25:00-05:00,43.345,43.48,43.345,43.45,49038.00
2025-12-15 12:30:00-05:00,43.45,43.51,43.4,43.41,53762.00
2025-12-15 12:35:00-05:00,43.41,43.44,43.31,43.38,57275.00
2025-12-15 12:40:00-05:00,43.37,43.41,43.36,43.36,59329.00
2025-12-15 12:45:00-05:00,43.36,43.38,43.315,43.315,58418.00
2025-12-15 12:50:00-05:00,43.31,43.31,43.245,43.275,67327.00
2025-12-15 12:55:00-05:00,43.27,43.31,43.265,43.295,48728.00
2025-12-15 13:00:00-05:00,43.295,43.3,43.235,43.25,67277.00
2025-12-15 13:05:00-05:00,43.255,43.29,43.2308,43.245,54280.00
2025-12-15 13:10:00-05:00,43.25,43.28,43.205,43.245,66475.00
2025-12-15 13:15:00-05:00,43.25,43.34,43.235,43.315,375865.00
2025-12-15 13:20:00-05:00,43.31,43.31,43.27,43.27,50576.00
2025-12-15 13:25:00-05:00,43.275,43.31,43.245,43.29,58319.00
2025-12-15 13:30:00-05:00,43.3,43.325,43.2518,43.26,81029.00
2025-12-15 13:35:00-05:00,43.26,43.35,43.255,43.32,65515.00
2025-12-15 13:40:00-05:00,43.315,43.36,43.3045,43.35,49771.00
2025-12-15 13:45:00-05:00,43.345,43.425,43.345,43.4,43809.00
2025-12-15 13:50:00-05:00,43.4,43.4,43.365,43.4,31597.00
2025-12-15 13:55:00-05:00,43.4,43.48,43.4,43.475,61582.00
2025-12-15 14:00:00-05:00,43.48,43.51,43.45,43.47,70540.00
2025-12-15 14:05:00-05:00,43.475,43.53,43.43,43.53,104977.00
2025-12-15 14:10:00-05:00,43.52,43.55,43.485,43.525,59124.00
2025-12-15 14:15:00-05:00,43.52,43.52,43.465,43.515,55492.00
2025-12-15 14:20:00-05:00,43.52,43.5365,43.325,43.325,118593.00
2025-12-15 14:25:00-05:00,43.32,43.355,43.19,43.19,72332.00
2025-12-15 14:30:00-05:00,43.1952,43.27,43.17,43.245,77367.00
2025-12-15 14:35:00-05:00,43.245,43.26,43.2135,43.235,56047.00
2025-12-15 14:40:00-05:00,43.235,43.25,43.205,43.23,42744.00
2025-12-15 14:45:00-05:00,43.23,43.2699,43.215,43.255,38586.00
2025-12-15 14:50:00-05:00,43.25,43.35,43.24,43.335,58763.00
2025-12-15 14:55:00-05:00,43.335,43.3657,43.3212,43.36,50841.00
2025-12-15 15:00:00-05:00,43.36,43.375,43.32,43.365,59104.00
2025-12-15 15:05:00-05:00,43.36,43.44,43.355,43.4203,74578.00
2025-12-15 15:10:00-05:00,43.4207,43.4878,43.4207,43.44,53358.00
2025-12-15 15:15:00-05:00,43.43,43.43,43.38,43.429,78089.00
2025-12-15 15:20:00-05:00,43.425,43.435,43.36,43.365,143076.00
2025-12-15 15:25:00-05:00,43.365,43.41,43.27,43.275,108875.00
2025-12-15 15:30:00-05:00,43.27,43.31,43.235,43.245,140992.00
2025-12-15 15:35:00-05:00,43.245,43.31,43.23,43.295,120268.00
2025-12-15 15:40:00-05:00,43.295,43.37,43.295,43.315,178710.00
2025-12-15 15:45:00-05:00,43.315,43.41,43.3,43.395,155309.00
2025-12-15 15:50:00-05:00,43.4,43.415,43.34,43.36,266052.00
2025-12-15 15:55:00-05:00,43.365,43.375,43.25,43.33,791637.00
2025-12-16 09:30:00-05:00,43.39,43.91,43.18,43.8602,326861.00
2025-12-16 09:35:00-05:00,43.87,43.96,43.4389,43.6999,196045.00
2025-12-16 09:40:00-05:00,43.69,43.82,43.495,43.578,252625.00
2025-12-16 09:45:00-05:00,43.6,43.63,43.41,43.42,179842.00
2025-12-16 09:50:00-05:00,43.42,43.63,43.41,43.6,240063.00
2025-12-16 09:55:00-05:00,43.59,43.65,43.49,43.55,189167.00
2025-12-16 10:00:00-05:00,43.57,43.64,43.4,43.61,139784.00
2025-12-16 10:05:00-05:00,43.6,43.722,43.55,43.575,112650.00
2025-12-16 10:10:00-05:00,43.58,43.5911,43.38,43.38,133189.00
2025-12-16 10:15:00-05:00,43.37,43.4097,43.215,43.2901,144314.00
2025-12-16 10:20:00-05:00,43.29,43.38,43.215,43.28,103920.00
2025-12-16 10:25:00-05:00,43.275,43.4,43.12,43.34,169938.00
2025-12-16 10:30:00-05:00,43.34,43.45,43.29,43.375,165274.00
2025-12-16 10:35:00-05:00,43.38,43.39,43.115,43.275,104086.00
2025-12-16 10:40:00-05:00,43.28,43.29,43.11,43.17,87888.00
2025-12-16 10:45:00-05:00,43.17,43.325,43.17,43.2,53544.00
2025-12-16 10:50:00-05:00,43.21,43.35,43.09,43.34,85741.00
2025-12-16 10:55:00-05:00,43.34,43.3599,43.275,43.285,67164.00
2025-12-16 11:00:00-05:00,43.285,43.39,43.275,43.315,87673.00
2025-12-16 11:05:00-05:00,43.3103,43.345,43.255,43.285,72381.00
2025-12-16 11:10:00-05:00,43.28,43.36,43.175,43.35,98469.00
2025-12-16 11:15:00-05:00,43.35,43.35,43.13,43.185,149524.00
2025-12-16 11:20:00-05:00,43.165,43.175,43.025,43.07,107227.00
2025-12-16 11:25:00-05:00,43.07,43.12,43.05,43.12,149584.00
2025-12-16 11:30:00-05:00,43.11,43.11,43.04,43.0701,64676.00
2025-12-16 11:35:00-05:00,43.07,43.07,42.9,42.99,113218.00
2025-12-16 11:40:00-05:00,42.99,42.99,42.58,42.64,188109.00
2025-12-16 11:45:00-05:00,42.63,42.82,42.57,42.78,138043.00
2025-12-16 11:50:00-05:00,42.79,42.825,42.705,42.75,62780.00
2025-12-16 11:55:00-05:00,42.7412,42.87,42.71,42.87,92751.00
2025-12-16 12:00:00-05:00,42.88,42.94,42.86,42.92,86282.00
2025-12-16 12:05:00-05:00,42.92,43.025,42.91,42.98,96785.00
2025-12-16 12:10:00-05:00,42.97,43.075,42.93,42.94,49238.00
2025-12-16 12:15:00-05:00,42.94,42.965,42.9,42.925,57074.00
2025-12-16 12:20:00-05:00,42.92,42.955,42.9,42.905,53000.00
2025-12-16 12:25:00-05:00,42.9001,42.91,42.755,42.805,72905.00
2025-12-16 12:30:00-05:00,42.81,42.94,42.805,42.93,46492.00
2025-12-16 12:35:00-05:00,42.93,42.935,42.855,42.88,43845.00
2025-12-16 12:40:00-05:00,42.865,42.865,42.78,42.7952,39915.00
2025-12-16 12:45:00-05:00,42.8,42.815,42.7344,42.745,50107.00
2025-12-16 12:50:00-05:00,42.745,42.755,42.705,42.71,50502.00
2025-12-16 12:55:00-05:00,42.71,42.725,42.67,42.715,60719.00
2025-12-16 13:00:00-05:00,42.71,42.755,42.66,42.745,81377.00
2025-12-16 13:05:00-05:00,42.75,42.76,42.71,42.73,57143.00
2025-12-16 13:10:00-05:00,42.73,42.73,42.625,42.71,133456.00
2025-12-16 13:15:00-05:00,42.71,42.755,42.68,42.705,53691.00
2025-12-16 13:20:00-05:00,42.72,42.84,42.6842,42.84,90450.00
2025-12-16 13:25:00-05:00,42.84,42.94,42.84,42.92,47386.00
2025-12-16 13:30:00-05:00,42.92,43.04,42.91,43.04,84724.00
2025-12-16 13:35:00-05:00,43.04,43.1,43.015,43.02,60986.00
2025-12-16 13:40:00-05:00,43.025,43.105,43.0202,43.105,46911.00
2025-12-16 13:45:00-05:00,43.11,43.155,43.07,43.155,66036.00
2025-12-16 13:50:00-05:00,43.155,43.24,43.135,43.19,56655.00
2025-12-16 13:55:00-05:00,43.19,43.225,43.155,43.205,62509.00
2025-12-16 14:00:00-05:00,43.2,43.225,43.095,43.095,55712.00
2025-12-16 14:05:00-05:00,43.095,43.135,43.07,43.125,79706.00
2025-12-16 14:10:00-05:00,43.125,43.125,43.025,43.07,51713.00
2025-12-16 14:15:00-05:00,43.0612,43.075,43.005,43.045,47523.00
2025-12-16 14:20:00-05:00,43.045,43.065,43.015,43.05,47368.00
2025-12-16 14:25:00-05:00,43.04,43.065,42.9,42.99,116912.00
2025-12-16 14:30:00-05:00,43,43.04,42.96,42.98,36938.00
2025-12-16 14:35:00-05:00,42.975,42.985,42.9,42.93,51609.00
2025-12-16 14:40:00-05:00,42.92,42.965,42.8945,42.965,42024.00
2025-12-16 14:45:00-05:00,42.96,43,42.94,42.945,60764.00
2025-12-16 14:50:00-05:00,42.94,42.98,42.92,42.925,36984.00
2025-12-16 14:55:00-05:00,42.92,42.945,42.895,42.945,42624.00
2025-12-16 15:00:00-05:00,42.94,43.01,42.935,42.98,64663.00
2025-12-16 15:05:00-05:00,42.99,43.055,42.9893,43,75344.00
2025-12-16 15:10:00-05:00,43,43.05,42.985,42.995,47681.00
2025-12-16 15:15:00-05:00,42.995,43.03,42.9565,42.995,89916.00
2025-12-16 15:20:00-05:00,42.995,43.23,42.99,43.215,249612.00
2025-12-16 15:25:00-05:00,43.22,43.3,43.175,43.185,115158.00
2025-12-16 15:30:00-05:00,43.185,43.23,43.13,43.23,163224.00
2025-12-16 15:35:00-05:00,43.23,43.34,43.22,43.28,131165.00
2025-12-16 15:40:00-05:00,43.28,43.31,43.22,43.2223,119957.00
2025-12-16 15:45:00-05:00,43.225,43.295,43.211,43.295,215663.00
2025-12-16 15:50:00-05:00,43.3,43.3,43,43.035,456859.00
2025-12-16 15:55:00-05:00,43.035,43.06,42.88,42.95,826456.00
2025-12-17 09:30:00-05:00,43.61,43.7999,43.16,43.79,520622.00
2025-12-17 09:35:00-05:00,43.79,43.87,43.36,43.43,239285.00
2025-12-17 09:40:00-05:00,43.415,43.57,43.065,43.36,361372.00
2025-12-17 09:45:00-05:00,43.3301,43.6138,43.3301,43.53,215971.00
2025-12-17 09:50:00-05:00,43.5382,43.5382,43.285,43.37,125692.00
2025-12-17 09:55:00-05:00,43.36,43.585,43.28,43.52,188535.00
2025-12-17 10:00:00-05:00,43.54,43.54,43.23,43.4001,390324.00
2025-12-17 10:05:00-05:00,43.4001,43.525,43.3601,43.3801,147671.00
2025-12-17 10:10:00-05:00,43.4,43.51,43.39,43.4599,116255.00
2025-12-17 10:15:00-05:00,43.45,43.48,43.21,43.38,281519.00
2025-12-17 10:20:00-05:00,43.385,43.77,43.34,43.59,173021.00
2025-12-17 10:25:00-05:00,43.595,43.768,43.47,43.76,137948.00
2025-12-17 10:30:00-05:00,43.76,44.035,43.73,43.94,269061.00
2025-12-17 10:35:00-05:00,43.94,43.955,43.46,43.495,195626.00
2025-12-17 10:40:00-05:00,43.51,43.56,43.15,43.24,144848.00
2025-12-17 10:45:00-05:00,43.24,43.405,43.18,43.36,94253.00
2025-12-17 10:50:00-05:00,43.36,43.39,43.085,43.22,138973.00
2025-12-17 10:55:00-05:00,43.22,43.335,43.15,43.165,280529.00
2025-12-17 11:00:00-05:00,43.165,43.215,42.95,43.1,154875.00
2025-12-17 11:05:00-05:00,43.1,43.205,43.05,43.12,120006.00
2025-12-17 11:10:00-05:00,43.125,43.15,42.82,42.9,161773.00
2025-12-17 11:15:00-05:00,42.89,43.005,42.82,42.91,113158.00
2025-12-17 11:20:00-05:00,42.92,43,42.875,42.97,128410.00
2025-12-17 11:25:00-05:00,42.97,43.03,42.9,43.01,125640.00
2025-12-17 11:30:00-05:00,43.015,43.015,42.925,42.935,99790.00
2025-12-17 11:35:00-05:00,42.94,43.01,42.85,42.96,118984.00
2025-12-17 11:40:00-05:00,42.97,43.245,42.945,43.19,58289.00
2025-12-17 11:45:00-05:00,43.2,43.37,43.18,43.33,92263.00
2025-12-17 11:50:00-05:00,43.335,43.335,43.1,43.19,77662.00
2025-12-17 11:55:00-05:00,43.2,43.22,43.07,43.215,101014.00
2025-12-17 12:00:00-05:00,43.21,43.28,43.15,43.15,88390.00
2025-12-17 12:05:00-05:00,43.16,43.28,43.15,43.175,82620.00
2025-12-17 12:10:00-05:00,43.16,43.22,43.08,43.09,52986.00
2025-12-17 12:15:00-05:00,43.07,43.1265,43.0155,43.105,148095.00
2025-12-17 12:20:00-05:00,43.1085,43.22,43.105,43.205,75348.00
2025-12-17 12:25:00-05:00,43.205,43.245,43.15,43.17,66190.00
2025-12-17 12:30:00-05:00,43.17,43.22,43.12,43.165,44051.00
2025-12-17 12:35:00-05:00,43.16,43.2509,43.16,43.23,38771.00
2025-12-17 12:40:00-05:00,43.22,43.265,43.21,43.215,70304.00
2025-12-17 12:45:00-05:00,43.22,43.26,43.2,43.235,33112.00
2025-12-17 12:50:00-05:00,43.235,43.255,43.13,43.145,57494.00
2025-12-17 12:55:00-05:00,43.14,43.23,43.135,43.225,54975.00
2025-12-17 13:00:00-05:00,43.225,43.355,43.225,43.34,64706.00
2025-12-17 13:05:00-05:00,43.34,43.44,43.34,43.405,37064.00
2025-12-17 13:10:00-05:00,43.4,43.435,43.375,43.39,69014.00
2025-12-17 13:15:00-05:00,43.375,43.375,43.265,43.295,62675.00
2025-12-17 13:20:00-05:00,43.2975,43.335,43.2303,43.262,57101.00
2025-12-17 13:25:00-05:00,43.26,43.29,43.24,43.2899,43885.00
2025-12-17 13:30:00-05:00,43.29,43.36,43.25,43.275,59541.00
2025-12-17 13:35:00-05:00,43.275,43.315,43.25,43.26,36303.00
2025-12-17 13:40:00-05:00,43.255,43.255,43.15,43.155,31934.00
2025-12-17 13:45:00-05:00,43.155,43.18,43.01,43.09,68238.00
2025-12-17 13:50:00-05:00,43.08,43.115,43.01,43.055,54125.00
2025-12-17 13:55:00-05:00,43.045,43.2158,43.045,43.215,47664.00
2025-12-17 14:00:00-05:00,43.21,43.235,43.135,43.165,43911.00
2025-12-17 14:05:00-05:00,43.17,43.205,43.13,43.18,31382.00
2025-12-17 14:10:00-05:00,43.17,43.265,43.17,43.26,46416.00
2025-12-17 14:15:00-05:00,43.2541,43.42,43.245,43.4,75819.00
2025-12-17 14:20:00-05:00,43.395,43.4,43.285,43.315,49530.00
2025-12-17 14:25:00-05:00,43.31,43.345,43.29,43.335,68469.00
2025-12-17 14:30:00-05:00,43.33,43.3799,43.26,43.26,107874.00
2025-12-17 14:35:00-05:00,43.26,43.275,43.195,43.25,84123.00
2025-12-17 14:40:00-05:00,43.26,43.265,43.165,43.17,75237.00
2025-12-17 14:45:00-05:00,43.17,43.2,43.14,43.19,49024.00
2025-12-17 14:50:00-05:00,43.19,43.19,43.08,43.14,68910.00
2025-12-17 14:55:00-05:00,43.15,43.33,43.15,43.33,46021.00
2025-12-17 15:00:00-05:00,43.325,43.37,43.3,43.36,60107.00
2025-12-17 15:05:00-05:00,43.35,43.41,43.33,43.385,90920.00
2025-12-17 15:10:00-05:00,43.39,43.425,43.365,43.3799,98635.00
2025-12-17 15:15:00-05:00,43.37,43.43,43.355,43.4,105621.00
2025-12-17 15:20:00-05:00,43.405,43.4999,43.4,43.475,91409.00
2025-12-17 15:25:00-05:00,43.47,43.475,43.42,43.455,100390.00
2025-12-17 15:30:00-05:00,43.46,43.475,43.41,43.455,78434.00
2025-12-17 15:35:00-05:00,43.45,43.455,43.41,43.415,69923.00
2025-12-17 15:40:00-05:00,43.415,43.4358,43.345,43.375,145174.00
2025-12-17 15:45:00-05:00,43.375,43.448,43.32,43.445,163660.00
2025-12-17 15:50:00-05:00,43.45,43.475,43.385,43.43,265578.00
2025-12-17 15:55:00-05:00,43.42,43.57,43.31,43.565,661419.00
2025-12-18 09:30:00-05:00,43.27,43.6,43.11,43.3601,353899.00
2025-12-18 09:35:00-05:00,43.36,43.63,43.29,43.57,175442.00
2025-12-18 09:40:00-05:00,43.6,43.66,43.42,43.56,179400.00
2025-12-18 09:45:00-05:00,43.6,43.64,43.29,43.43,210189.00
2025-12-18 09:50:00-05:00,43.43,43.83,43.43,43.77,150174.00
2025-12-18 09:55:00-05:00,43.7415,44.175,43.74,44.1,192661.00
2025-12-18 10:00:00-05:00,44.09,44.2299,43.95,44.18,133352.00
2025-12-18 10:05:00-05:00,44.175,44.18,43.875,43.8765,133433.00
2025-12-18 10:10:00-05:00,43.88,43.96,43.76,43.8,170726.00
2025-12-18 10:15:00-05:00,43.79,43.88,43.6301,43.75,146325.00
2025-12-18 10:20:00-05:00,43.74,43.885,43.5502,43.86,148498.00
2025-12-18 10:25:00-05:00,43.86,44.095,43.86,44.075,92524.00
2025-12-18 10:30:00-05:00,44.065,44.2186,44.06,44.18,109626.00
2025-12-18 10:35:00-05:00,44.175,44.19,44.08,44.15,110724.00
2025-12-18 10:40:00-05:00,44.155,44.155,43.95,43.95,230232.00
2025-12-18 10:45:00-05:00,43.95,43.96,43.75,43.79,273442.00
2025-12-18 10:50:00-05:00,43.79,43.94,43.745,43.935,198428.00
2025-12-18 10:55:00-05:00,43.95,44.03,43.87,44.0199,229705.00
2025-12-18 11:00:00-05:00,44.015,44.135,43.95,44.11,106280.00
2025-12-18 11:05:00-05:00,44.11,44.145,44.015,44.14,95583.00
2025-12-18 11:10:00-05:00,44.13,44.35,44.13,44.19,248333.00
2025-12-18 11:15:00-05:00,44.2,44.28,44.17,44.23,122458.00
2025-12-18 11:20:00-05:00,44.23,44.3299,44.1902,44.29,135953.00
2025-12-18 11:25:00-05:00,44.28,44.38,44.28,44.3144,167152.00
2025-12-18 11:30:00-05:00,44.31,44.35,44.21,44.2701,125753.00
2025-12-18 11:35:00-05:00,44.275,44.37,44.275,44.2996,152736.00
2025-12-18 11:40:00-05:00,44.3,44.31,44.16,44.23,90640.00
2025-12-18 11:45:00-05:00,44.225,44.265,44.1875,44.24,93550.00
2025-12-18 11:50:00-05:00,44.23,44.265,44.105,44.11,68436.00
2025-12-18 11:55:00-05:00,44.11,44.19,44.05,44.18,86483.00
2025-12-18 12:00:00-05:00,44.19,44.23,44.105,44.11,55516.00
2025-12-18 12:05:00-05:00,44.115,44.12,43.56,43.57,447627.00
2025-12-18 12:10:00-05:00,43.57,43.74,43.5,43.74,329019.00
2025-12-18 12:15:00-05:00,43.73,43.88,43.7,43.83,362113.00
2025-12-18 12:20:00-05:00,43.815,43.89,43.74,43.781,77970.00
2025-12-18 12:25:00-05:00,43.785,43.83,43.67,43.795,93580.00
2025-12-18 12:30:00-05:00,43.8,43.9699,43.77,43.95,60172.00
2025-12-18 12:35:00-05:00,43.94,44.06,43.94,44.035,89752.00
2025-12-18 12:40:00-05:00,44.04,44.15,44.04,44.125,54737.00
2025-12-18 12:45:00-05:00,44.135,44.215,44.125,44.165,52994.00
2025-12-18 12:50:00-05:00,44.165,44.165,43.98,44.0398,52066.00
2025-12-18 12:55:00-05:00,44.03,44.12,44.03,44.12,61807.00
2025-12-18 13:00:00-05:00,44.11,44.16,44.1,44.1,46787.00
2025-12-18 13:05:00-05:00,44.105,44.2116,44.09,44.21,42782.00
2025-12-18 13:10:00-05:00,44.215,44.2999,44.16,44.27,104873.00
2025-12-18 13:15:00-05:00,44.265,44.28,44.135,44.17,79275.00
2025-12-18 13:20:00-05:00,44.17,44.17,44.115,44.15,68332.00
2025-12-18 13:25:00-05:00,44.14,44.165,44.1,44.13,69498.00
2025-12-18 13:30:00-05:00,44.14,44.215,44.13,44.2143,58423.00
2025-12-18 13:35:00-05:00,44.215,44.285,44.215,44.27,59160.00
2025-12-18 13:40:00-05:00,44.27,44.28,44.2,44.21,24854.00
2025-12-18 13:45:00-05:00,44.2,44.21,44.11,44.13,55597.00
2025-12-18 13:50:00-05:00,44.125,44.1538,44.08,44.095,25214.00
2025-12-18 13:55:00-05:00,44.0989,44.145,44.075,44.13,40554.00
2025-12-18 14:00:00-05:00,44.12,44.13,44.05,44.09,30507.00
2025-12-18 14:05:00-05:00,44.085,44.095,44.03,44.09,51138.00
2025-12-18 14:10:00-05:00,44.08,44.11,44.015,44.039,29681.00
2025-12-18 14:15:00-05:00,44.03,44.0699,44.02,44.04,30830.00
2025-12-18 14:20:00-05:00,44.03,44.085,44.025,44.045,34292.00
2025-12-18 14:25:00-05:00,44.0442,44.09,44,44.07,50986.00
2025-12-18 14:30:00-05:00,44.07,44.095,44.025,44.04,37009.00
2025-12-18 14:35:00-05:00,44.04,44.13,44.04,44.11,45171.00
2025-12-18 14:40:00-05:00,44.1,44.14,44.04,44.085,51453.00
2025-12-18 14:45:00-05:00,44.09,44.12,44.07,44.1,41244.00
2025-12-18 14:50:00-05:00,44.1003,44.1179,43.962,43.98,47307.00
2025-12-18 14:55:00-05:00,43.985,43.9856,43.9,43.925,50107.00
2025-12-18 15:00:00-05:00,43.93,44.09,43.93,44.089,62340.00
2025-12-18 15:05:00-05:00,44.09,44.135,44.05,44.06,69836.00
2025-12-18 15:10:00-05:00,44.07,44.1,43.975,43.975,93831.00
2025-12-18 15:15:00-05:00,43.98,43.995,43.85,43.885,114591.00
2025-12-18 15:20:00-05:00,43.88,43.92,43.84,43.92,52843.00
2025-12-18 15:25:00-05:00,43.92,43.93,43.89,43.91,51843.00
2025-12-18 15:30:00-05:00,43.9,43.995,43.885,43.975,80155.00
2025-12-18 15:35:00-05:00,43.975,44.01,43.9101,43.92,84729.00
2025-12-18 15:40:00-05:00,43.92,43.98,43.885,43.9799,110226.00
2025-12-18 15:45:00-05:00,43.975,44,43.915,43.985,143825.00
2025-12-18 15:50:00-05:00,44,44,43.7,43.73,406582.00
2025-12-18 15:55:00-05:00,43.725,43.96,43.66,43.87,1047961.00
2025-12-19 09:30:00-05:00,43.96,44.84,43.96,44.775,461081.00
2025-12-19 09:35:00-05:00,44.775,44.91,44.61,44.88,304134.00
2025-12-19 09:40:00-05:00,44.89,45.06,44.85,45.025,325250.00
2025-12-19 09:45:00-05:00,45.04,45.06,44.71,44.84,266547.00
2025-12-19 09:50:00-05:00,44.84,44.94,44.77,44.87,122718.00
2025-12-19 09:55:00-05:00,44.855,44.9187,44.7201,44.775,138262.00
2025-12-19 10:00:00-05:00,44.78,44.9,44.7787,44.88,225089.00
2025-12-19 10:05:00-05:00,44.88,44.979,44.83,44.87,122463.00
2025-12-19 10:10:00-05:00,44.87,44.885,44.76,44.83,140218.00
2025-12-19 10:15:00-05:00,44.84,45.015,44.815,44.98,169337.00
2025-12-19 10:20:00-05:00,44.99,45.0438,44.95,44.99,95576.00
2025-12-19 10:25:00-05:00,44.96,45,44.845,44.955,74789.00
2025-12-19 10:30:00-05:00,44.955,45.07,44.945,45.0055,138645.00
2025-12-19 10:35:00-05:00,45,45.025,44.89,44.99,93769.00
2025-12-19 10:40:00-05:00,44.995,45.15,44.995,45.04,117289.00
2025-12-19 10:45:00-05:00,45.035,45.06,44.965,45.03,119034.00
2025-12-19 10:50:00-05:00,45.02,45.09,45.015,45.05,100725.00
2025-12-19 10:55:00-05:00,45.0601,45.16,45.025,45.13,86074.00
2025-12-19 11:00:00-05:00,45.135,45.335,45.125,45.235,231495.00
2025-12-19 11:05:00-05:00,45.235,45.24,45.095,45.12,100048.00
2025-12-19 11:10:00-05:00,45.11,45.15,45.055,45.08,114649.00
2025-12-19 11:15:00-05:00,45.08,45.195,45.035,45.195,113382.00
2025-12-19 11:20:00-05:00,45.19,45.2369,45.105,45.145,110721.00
2025-12-19 11:25:00-05:00,45.15,45.2051,45.12,45.19,88411.00
2025-12-19 11:30:00-05:00,45.195,45.26,45.105,45.135,126001.00
2025-12-19 11:35:00-05:00,45.13,45.135,45.08,45.115,76726.00
2025-12-19 11:40:00-05:00,45.11,45.145,45.095,45.1203,46758.00
2025-12-19 11:45:00-05:00,45.125,45.17,45.115,45.15,77517.00
2025-12-19 11:50:00-05:00,45.15,45.17,45.09,45.1451,152911.00
2025-12-19 11:55:00-05:00,45.14,45.17,45.125,45.165,90487.00
2025-12-19 12:00:00-05:00,45.16,45.245,45.16,45.21,93611.00
2025-12-19 12:05:00-05:00,45.21,45.315,45.1845,45.3,50123.00
2025-12-19 12:10:00-05:00,45.3,45.31,45.22,45.235,37956.00
2025-12-19 12:15:00-05:00,45.231,45.285,45.231,45.245,52210.00
2025-12-19 12:20:00-05:00,45.245,45.31,45.225,45.305,38113.00
2025-12-19 12:25:00-05:00,45.3,45.35,45.295,45.345,46921.00
2025-12-19 12:30:00-05:00,45.35,45.375,45.295,45.305,58000.00
2025-12-19 12:35:00-05:00,45.308,45.35,45.25,45.28,240822.00
2025-12-19 12:40:00-05:00,45.275,45.315,45.22,45.22,48146.00
2025-12-19 12:45:00-05:00,45.22,45.335,45.21,45.325,83226.00
2025-12-19 12:50:00-05:00,45.325,45.355,45.3211,45.345,39807.00
2025-12-19 12:55:00-05:00,45.345,45.365,45.305,45.32,40472.00
2025-12-19 13:00:00-05:00,45.315,45.4,45.315,45.385,85411.00
2025-12-19 13:05:00-05:00,45.385,45.395,45.255,45.27,89646.00
2025-12-19 13:10:00-05:00,45.275,45.375,45.275,45.365,41852.00
2025-12-19 13:15:00-05:00,45.37,45.4265,45.37,45.39,66200.00
2025-12-19 13:20:00-05:00,45.39,45.39,45.335,45.35,46615.00
2025-12-19 13:25:00-05:00,45.35,45.37,45.22,45.22,91374.00
2025-12-19 13:30:00-05:00,45.225,45.225,45.15,45.16,60156.00
2025-12-19 13:35:00-05:00,45.17,45.1763,44.95,44.98,204060.00
2025-12-19 13:40:00-05:00,44.99,45.01,44.91,45.005,128535.00
2025-12-19 13:45:00-05:00,45.005,45.04,44.99,45.025,73272.00
2025-12-19 13:50:00-05:00,45.025,45.05,45,45.0499,64840.00
2025-12-19 13:55:00-05:00,45.04,45.07,44.7,45.07,283008.00
2025-12-19 14:00:00-05:00,45.07,45.105,45.045,45.1,48223.00
2025-12-19 14:05:00-05:00,45.1,45.1275,45.055,45.125,65567.00
2025-12-19 14:10:00-05:00,45.125,45.1399,45.055,45.055,56116.00
2025-12-19 14:15:00-05:00,45.06,45.085,45.03,45.03,68221.00
2025-12-19 14:20:00-05:00,45.01,45.015,44.91,44.945,42554.00
2025-12-19 14:25:00-05:00,44.95,44.97,44.9137,44.9511,46965.00
2025-12-19 14:30:00-05:00,44.96,44.97,44.92,44.9244,61240.00
2025-12-19 14:35:00-05:00,44.92,44.985,44.92,44.955,55331.00
2025-12-19 14:40:00-05:00,44.9598,45,44.935,44.995,38533.00
2025-12-19 14:45:00-05:00,45,45.075,44.99,45.075,53801.00
2025-12-19 14:50:00-05:00,45.075,45.15,45.065,45.135,63529.00
2025-12-19 14:55:00-05:00,45.135,45.155,45.095,45.12,64451.00
2025-12-19 15:00:00-05:00,45.115,45.145,44.925,44.96,93993.00
2025-12-19 15:05:00-05:00,44.965,44.97,44.88,44.915,65261.00
2025-12-19 15:10:00-05:00,44.9151,44.96,44.885,44.905,100610.00
2025-12-19 15:15:00-05:00,44.9,44.995,44.9,44.99,74368.00
2025-12-19 15:20:00-05:00,44.98,45.1,44.98,45.0992,85489.00
2025-12-19 15:25:00-05:00,45.1,45.11,45.04,45.1,97116.00
2025-12-19 15:30:00-05:00,45.1,45.17,45.07,45.165,159328.00
2025-12-19 15:35:00-05:00,45.165,45.245,45.135,45.2,419394.00
2025-12-19 15:40:00-05:00,45.195,45.195,45.065,45.07,209817.00
2025-12-19 15:45:00-05:00,45.065,45.14,45.06,45.095,209731.00
2025-12-19 15:50:00-05:00,45.1,45.2,44.82,44.865,649510.00
2025-12-19 15:55:00-05:00,44.86,44.87,44.71,44.72,1270614.00
2025-12-22 09:30:00-05:00,45.75,46.18,45.2,46.155,760250.00
2025-12-22 09:35:00-05:00,46.165,46.45,46.05,46.26,255799.00
2025-12-22 09:40:00-05:00,46.26,46.41,46.065,46.0651,244439.00
2025-12-22 09:45:00-05:00,46.05,46.235,46.035,46.07,198892.00
2025-12-22 09:50:00-05:00,46.07,46.23,45.96,46.2,175458.00
2025-12-22 09:55:00-05:00,46.19,46.225,45.99,46.0542,135825.00
2025-12-22 10:00:00-05:00,46.05,46.13,45.92,45.9344,203457.00
2025-12-22 10:05:00-05:00,45.925,46.02,45.84,45.92,85960.00
2025-12-22 10:10:00-05:00,45.915,45.93,45.495,45.55,170854.00
2025-12-22 10:15:00-05:00,45.55,45.55,45.4,45.4,156815.00
2025-12-22 10:20:00-05:00,45.39,45.485,45.142,45.29,364315.00
2025-12-22 10:25:00-05:00,45.295,45.36,45.01,45.1,351274.00
2025-12-22 10:30:00-05:00,45.105,45.35,45.085,45.24,255922.00
2025-12-22 10:35:00-05:00,45.23,45.37,45.195,45.305,200672.00
2025-12-22 10:40:00-05:00,45.3,45.66,45.275,45.66,126812.00
2025-12-22 10:45:00-05:00,45.66,45.73,45.65,45.6844,173681.00
2025-12-22 10:50:00-05:00,45.68,45.76,45.655,45.685,170844.00
2025-12-22 10:55:00-05:00,45.69,45.89,45.66,45.705,852491.00
2025-12-22 11:00:00-05:00,45.71,45.75,45.65,45.69,122537.00
2025-12-22 11:05:00-05:00,45.685,45.795,45.66,45.7899,123374.00
2025-12-22 11:10:00-05:00,45.785,45.91,45.77,45.9,102390.00
2025-12-22 11:15:00-05:00,45.895,45.985,45.895,45.925,87951.00
2025-12-22 11:20:00-05:00,45.92,45.95,45.795,45.85,80934.00
2025-12-22 11:25:00-05:00,45.85,45.89,45.8,45.835,113808.00
2025-12-22 11:30:00-05:00,45.83,45.93,45.795,45.86,147872.00
2025-12-22 11:35:00-05:00,45.86,45.9527,45.855,45.929,95932.00
2025-12-22 11:40:00-05:00,45.929,45.99,45.891,45.955,77407.00
2025-12-22 11:45:00-05:00,45.955,45.975,45.92,45.9589,96974.00
2025-12-22 11:50:00-05:00,45.955,46.02,45.955,45.98,80591.00
2025-12-22 11:55:00-05:00,45.975,46.005,45.935,45.94,118019.00
2025-12-22 12:00:00-05:00,45.945,45.955,45.905,45.915,88317.00
2025-12-22 12:05:00-05:00,45.919,45.965,45.885,45.955,127105.00
2025-12-22 12:10:00-05:00,45.95,46.05,45.945,46.05,117993.00
2025-12-22 12:15:00-05:00,46.07,46.08,45.9043,45.905,67263.00
2025-12-22 12:20:00-05:00,45.905,45.905,45.825,45.855,112417.00
2025-12-22 12:25:00-05:00,45.86,45.875,45.82,45.849,38493.00
2025-12-22 12:30:00-05:00,45.84,45.85,45.7501,45.7597,40802.00
2025-12-22 12:35:00-05:00,45.75,45.785,45.73,45.775,47136.00
2025-12-22 12:40:00-05:00,45.775,45.8,45.72,45.755,105848.00
2025-12-22 12:45:00-05:00,45.755,45.765,45.695,45.7342,48727.00
2025-12-22 12:50:00-05:00,45.74,45.805,45.73,45.77,76877.00
2025-12-22 12:55:00-05:00,45.7745,45.785,45.75,45.785,28895.00
2025-12-22 13:00:00-05:00,45.79,45.79,45.715,45.715,37081.00
2025-12-22 13:05:00-05:00,45.715,45.73,45.675,45.7288,52024.00
2025-12-22 13:10:00-05:00,45.73,45.75,45.715,45.7403,31555.00
2025-12-22 13:15:00-05:00,45.74,45.7778,45.705,45.705,56474.00
2025-12-22 13:20:00-05:00,45.6999,45.71,45.65,45.705,61012.00
2025-12-22 13:25:00-05:00,45.7,45.7,45.655,45.675,28603.00
2025-12-22 13:30:00-05:00,45.69,45.695,45.625,45.625,32950.00
2025-12-22 13:35:00-05:00,45.625,45.685,45.615,45.68,39701.00
2025-12-22 13:40:00-05:00,45.67,45.68,45.65,45.66,26187.00
2025-12-22 13:45:00-05:00,45.66,45.6686,45.6044,45.615,41472.00
2025-12-22 13:50:00-05:00,45.6158,45.625,45.55,45.56,69346.00
2025-12-22 13:55:00-05:00,45.56,45.56,45.475,45.49,115980.00
2025-12-22 14:00:00-05:00,45.495,45.5,45.435,45.45,69479.00
2025-12-22 14:05:00-05:00,45.44,45.47,45.405,45.455,55536.00
2025-12-22 14:10:00-05:00,45.4502,45.47,45.43,45.43,65055.00
2025-12-22 14:15:00-05:00,45.43,45.45,45.401,45.44,26637.00
2025-12-22 14:20:00-05:00,45.445,45.575,45.445,45.5004,85262.00
2025-12-22 14:25:00-05:00,45.5,45.575,45.5,45.535,41210.00
2025-12-22 14:30:00-05:00,45.535,45.56,45.51,45.545,55891.00
2025-12-22 14:35:00-05:00,45.54,45.585,45.52,45.585,59038.00
2025-12-22 14:40:00-05:00,45.585,45.615,45.57,45.585,59209.00
2025-12-22 14:45:00-05:00,45.5884,45.59,45.5643,45.5845,31148.00
2025-12-22 14:50:00-05:00,45.585,45.599,45.55,45.595,37064.00
2025-12-22 14:55:00-05:00,45.595,45.615,45.57,45.595,104150.00
2025-12-22 15:00:00-05:00,45.5941,45.69,45.585,45.6599,72976.00
2025-12-22 15:05:00-05:00,45.66,45.72,45.645,45.715,56807.00
2025-12-22 15:10:00-05:00,45.72,45.76,45.705,45.755,69520.00
2025-12-22 15:15:00-05:00,45.7544,45.815,45.75,45.805,100721.00
2025-12-22 15:20:00-05:00,45.8,45.805,45.67,45.69,81187.00
2025-12-22 15:25:00-05:00,45.685,45.685,45.62,45.62,78563.00
2025-12-22 15:30:00-05:00,45.625,45.6982,45.62,45.685,89555.00
2025-12-22 15:35:00-05:00,45.68,45.695,45.62,45.67,105731.00
2025-12-22 15:40:00-05:00,45.675,45.6757,45.52,45.535,168271.00
2025-12-22 15:45:00-05:00,45.535,45.56,45.4644,45.49,210158.00
2025-12-22 15:50:00-05:00,45.49,45.555,45.48,45.51,309143.00
2025-12-22 15:55:00-05:00,45.51,45.6,45.465,45.595,946777.00
2025-12-23 09:30:00-05:00,45.8,45.81,45.57,45.675,316276.00
2025-12-23 09:35:00-05:00,45.675,46.18,45.67,46.17,292741.00
2025-12-23 09:40:00-05:00,46.18,46.195,45.8,45.84,152649.00
2025-12-23 09:45:00-05:00,45.85,45.95,45.75,45.805,160778.00
2025-12-23 09:50:00-05:00,45.8,45.885,45.535,45.56,202926.00
2025-12-23 09:55:00-05:00,45.56,45.6,45.33,45.4025,210752.00
2025-12-23 10:00:00-05:00,45.4,45.59,45.32,45.4,308142.00
2025-12-23 10:05:00-05:00,45.385,45.43,45.255,45.32,297698.00
2025-12-23 10:10:00-05:00,45.325,45.325,45.155,45.255,320011.00
2025-12-23 10:15:00-05:00,45.25,45.48,45.25,45.47,194362.00
2025-12-23 10:20:00-05:00,45.475,45.53,45.36,45.46,147374.00
2025-12-23 10:25:00-05:00,45.47,45.52,45.24,45.32,156296.00
2025-12-23 10:30:00-05:00,45.32,45.505,45.32,45.415,135935.00
2025-12-23 10:35:00-05:00,45.415,45.5651,45.415,45.52,111199.00
2025-12-23 10:40:00-05:00,45.51,45.55,45.435,45.45,110009.00
2025-12-23 10:45:00-05:00,45.455,45.49,45.34,45.425,105513.00
2025-12-23 10:50:00-05:00,45.43,45.5,45.4145,45.485,86229.00
2025-12-23 10:55:00-05:00,45.48,45.65,45.475,45.64,93621.00
2025-12-23 11:00:00-05:00,45.63,45.675,45.58,45.59,114652.00
2025-12-23 11:05:00-05:00,45.6,45.63,45.555,45.565,107303.00
2025-12-23 11:10:00-05:00,45.565,45.62,45.54,45.56,117023.00
2025-12-23 11:15:00-05:00,45.56,45.65,45.54,45.55,120788.00
2025-12-23 11:20:00-05:00,45.55,45.625,45.54,45.6,71221.00
2025-12-23 11:25:00-05:00,45.59,45.61,45.545,45.57,77896.00
2025-12-23 11:30:00-05:00,45.575,45.6487,45.54,45.575,54177.00
2025-12-23 11:35:00-05:00,45.58,45.5965,45.53,45.555,69111.00
2025-12-23 11:40:00-05:00,45.55,45.63,45.545,45.59,60382.00
2025-12-23 11:45:00-05:00,45.59,45.615,45.565,45.605,60645.00
2025-12-23 11:50:00-05:00,45.605,45.66,45.575,45.64,64272.00
2025-12-23 11:55:00-05:00,45.64,45.715,45.638,45.6844,56850.00
2025-12-23 12:00:00-05:00,45.69,45.76,45.62,45.75,47980.00
2025-12-23 12:05:00-05:00,45.74,45.75,45.67,45.67,54958.00
2025-12-23 12:10:00-05:00,45.66,45.73,45.64,45.725,38956.00
2025-12-23 12:15:00-05:00,45.7218,45.725,45.64,45.7176,44447.00
2025-12-23 12:20:00-05:00,45.72,45.77,45.71,45.725,33644.00
2025-12-23 12:25:00-05:00,45.73,45.7886,45.73,45.775,46483.00
2025-12-23 12:30:00-05:00,45.775,45.795,45.7532,45.76,32580.00
2025-12-23 12:35:00-05:00,45.76,45.7797,45.7444,45.76,36658.00
2025-12-23 12:40:00-05:00,45.765,45.77,45.735,45.755,32217.00
2025-12-23 12:45:00-05:00,45.76,45.77,45.7,45.725,40396.00
2025-12-23 12:50:00-05:00,45.725,45.725,45.6321,45.66,69341.00
2025-12-23 12:55:00-05:00,45.65,45.6764,45.65,45.655,21757.00
2025-12-23 13:00:00-05:00,45.66,45.715,45.655,45.655,24564.00
2025-12-23 13:05:00-05:00,45.6542,45.725,45.6401,45.7058,34283.00
2025-12-23 13:10:00-05:00,45.705,45.725,45.64,45.72,26363.00
2025-12-23 13:15:00-05:00,45.715,45.72,45.67,45.7185,46656.00
2025-12-23 13:20:00-05:00,45.715,45.755,45.705,45.745,78236.00
2025-12-23 13:25:00-05:00,45.745,45.785,45.73,45.775,46698.00
2025-12-23 13:30:00-05:00,45.78,45.78,45.73,45.745,35724.00
2025-12-23 13:35:00-05:00,45.745,45.745,45.71,45.735,20490.00
2025-12-23 13:40:00-05:00,45.7342,45.765,45.711,45.765,27188.00
2025-12-23 13:45:00-05:00,45.775,45.7761,45.72,45.73,55907.00
2025-12-23 13:50:00-05:00,45.725,45.73,45.66,45.68,71812.00
2025-12-23 13:55:00-05:00,45.69,45.7,45.64,45.65,107116.00
2025-12-23 14:00:00-05:00,45.65,45.69,45.615,45.635,148791.00
2025-12-23 14:05:00-05:00,45.635,45.725,45.625,45.64,96633.00
2025-12-23 14:10:00-05:00,45.65,45.715,45.64,45.695,78310.00
2025-12-23 14:15:00-05:00,45.7,45.745,45.69,45.69,70392.00
2025-12-23 14:20:00-05:00,45.695,45.725,45.665,45.685,51109.00
2025-12-23 14:25:00-05:00,45.68,45.76,45.68,45.695,104522.00
2025-12-23 14:30:00-05:00,45.71,45.785,45.71,45.7797,86117.00
2025-12-23 14:35:00-05:00,45.78,45.78,45.745,45.745,50553.00
2025-12-23 14:40:00-05:00,45.75,45.765,45.74,45.755,29485.00
2025-12-23 14:45:00-05:00,45.755,45.765,45.7106,45.735,31229.00
2025-12-23 14:50:00-05:00,45.734,45.7569,45.705,45.755,41700.00
2025-12-23 14:55:00-05:00,45.75,45.76,45.73,45.735,39413.00
2025-12-23 15:00:00-05:00,45.73,45.78,45.725,45.75,71420.00
2025-12-23 15:05:00-05:00,45.76,45.821,45.75,45.82,51623.00
2025-12-23 15:10:00-05:00,45.82,45.82,45.79,45.8,53484.00
2025-12-23 15:15:00-05:00,45.8,45.835,45.8,45.83,57775.00
2025-12-23 15:20:00-05:00,45.82,45.83,45.8,45.82,53580.00
2025-12-23 15:25:00-05:00,45.825,45.8851,45.79,45.815,169663.00
2025-12-23 15:30:00-05:00,45.815,45.85,45.755,45.755,88177.00
2025-12-23 15:35:00-05:00,45.755,45.815,45.75,45.7544,120036.00
2025-12-23 15:40:00-05:00,45.75,45.795,45.74,45.75,128233.00
2025-12-23 15:45:00-05:00,45.755,45.755,45.66,45.67,169898.00
2025-12-23 15:50:00-05:00,45.67,45.685,45.575,45.6356,221503.00
2025-12-23 15:55:00-05:00,45.63,45.7555,45.62,45.63,767086.00
2025-12-24 09:30:00-05:00,45.44,45.6696,45.42,45.635,264049.00
2025-12-24 09:35:00-05:00,45.635,45.69,45.2,45.27,135751.00
2025-12-24 09:40:00-05:00,45.25,45.47,45.11,45.29,285978.00
2025-12-24 09:45:00-05:00,45.295,45.33,45.15,45.32,151040.00
2025-12-24 09:50:00-05:00,45.32,45.32,45.062,45.13,97037.00
2025-12-24 09:55:00-05:00,45.12,45.27,45.0601,45.09,84489.00
2025-12-24 10:00:00-05:00,45.095,45.28,45.07,45.17,115129.00
2025-12-24 10:05:00-05:00,45.175,45.34,45.17,45.31,87827.00
2025-12-24 10:10:00-05:00,45.305,45.41,45.225,45.375,124472.00
2025-12-24 10:15:00-05:00,45.375,45.405,45.16,45.175,108997.00
2025-12-24 10:20:00-05:00,45.185,45.255,45.105,45.15,105872.00
2025-12-24 10:25:00-05:00,45.15,45.205,45.0775,45.165,131657.00
2025-12-24 10:30:00-05:00,45.17,45.275,45.16,45.19,86439.00
2025-12-24 10:35:00-05:00,45.18,45.18,45.01,45.12,79294.00
2025-12-24 10:40:00-05:00,45.114,45.12,45.055,45.095,64612.00
2025-12-24 10:45:00-05:00,45.1,45.215,45.035,45.19,83066.00
2025-12-24 10:50:00-05:00,45.18,45.21,45.13,45.2,72640.00
2025-12-24 10:55:00-05:00,45.2,45.315,45.18,45.19,81387.00
2025-12-24 11:00:00-05:00,45.18,45.26,45.115,45.215,78970.00
2025-12-24 11:05:00-05:00,45.215,45.22,45.13,45.19,60809.00
2025-12-24 11:10:00-05:00,45.19,45.205,45.13,45.135,67104.00
2025-12-24 11:15:00-05:00,45.13,45.14,45.085,45.14,69702.00
2025-12-24 11:20:00-05:00,45.145,45.189,45.125,45.189,43327.00
2025-12-24 11:25:00-05:00,45.1876,45.22,45.16,45.17,83823.00
2025-12-24 11:30:00-05:00,45.18,45.24,45.175,45.225,42148.00
2025-12-24 11:35:00-05:00,45.225,45.265,45.225,45.235,60567.00
2025-12-24 11:40:00-05:00,45.24,45.25,45.22,45.24,44060.00
2025-12-24 11:45:00-05:00,45.245,45.245,45.215,45.235,38425.00
2025-12-24 11:50:00-05:00,45.235,45.25,45.215,45.23,55773.00
2025-12-24 11:55:00-05:00,45.225,45.27,45.225,45.25,34939.00
2025-12-24 12:00:00-05:00,45.25,45.265,45.205,45.216,57700.00
2025-12-24 12:05:00-05:00,45.22,45.38,45.22,45.3688,85708.00
2025-12-24 12:10:00-05:00,45.36,45.44,45.34,45.425,53601.00
2025-12-24 12:15:00-05:00,45.425,45.425,45.375,45.405,59761.00
2025-12-24 12:20:00-05:00,45.405,45.42,45.325,45.33,102252.00
2025-12-24 12:25:00-05:00,45.335,45.3799,45.29,45.355,57410.00
2025-12-24 12:30:00-05:00,45.36,45.4,45.36,45.395,76195.00
2025-12-24 12:35:00-05:00,45.395,45.45,45.39,45.415,130164.00
2025-12-24 12:40:00-05:00,45.42,45.455,45.365,45.39,127584.00
2025-12-24 12:45:00-05:00,45.3907,45.41,45.325,45.33,92042.00
2025-12-24 12:50:00-05:00,45.33,45.33,45.25,45.285,173080.00
2025-12-24 12:55:00-05:00,45.285,45.45,45.28,45.44,495320.00
2025-12-24 13:00:00-05:00,45.45,45.45,45.45,45.45,276214.00
2025-12-26 09:30:00-05:00,45.92,46.14,45.81,45.95,356491.00
2025-12-26 09:35:00-05:00,45.9475,46.02,45.77,45.88,143564.00
2025-12-26 09:40:00-05:00,45.9,45.955,45.8112,45.895,128480.00
2025-12-26 09:45:00-05:00,45.895,45.91,45.74,45.85,205665.00
2025-12-26 09:50:00-05:00,45.84,45.9,45.56,45.59,109168.00
2025-12-26 09:55:00-05:00,45.585,45.8358,45.585,45.7,70289.00
2025-12-26 10:00:00-05:00,45.71,45.76,45.62,45.72,71846.00
2025-12-26 10:05:00-05:00,45.72,45.87,45.71,45.795,113325.00
2025-12-26 10:10:00-05:00,45.8,45.935,45.78,45.78,85931.00
2025-12-26 10:15:00-05:00,45.79,45.825,45.715,45.795,53521.00
2025-12-26 10:20:00-05:00,45.79,45.9151,45.76,45.9101,64520.00
2025-12-26 10:25:00-05:00,45.91,46.04,45.885,45.9785,181286.00
2025-12-26 10:30:00-05:00,45.975,46.14,45.945,46.075,128667.00
2025-12-26 10:35:00-05:00,46.075,46.105,45.955,45.96,82646.00
2025-12-26 10:40:00-05:00,45.965,45.965,45.84,45.915,76292.00
2025-12-26 10:45:00-05:00,45.915,45.995,45.914,45.975,52170.00
2025-12-26 10:50:00-05:00,45.98,46.01,45.89,45.96,247503.00
2025-12-26 10:55:00-05:00,45.96,46.045,45.924,46.0344,49960.00
2025-12-26 11:00:00-05:00,46.04,46.165,46.005,46.135,91605.00
2025-12-26 11:05:00-05:00,46.14,46.195,46.02,46.17,58292.00
2025-12-26 11:10:00-05:00,46.18,46.195,45.94,45.9699,82099.00
2025-12-26 11:15:00-05:00,45.97,45.99,45.875,45.97,67601.00
2025-12-26 11:20:00-05:00,45.96,46.02,45.94,46.02,49147.00
2025-12-26 11:25:00-05:00,46.015,46.055,45.925,46.0165,54162.00
2025-12-26 11:30:00-05:00,46.02,46.04,45.99,46.005,38389.00
2025-12-26 11:35:00-05:00,46.01,46.07,45.99,46.065,72529.00
2025-12-26 11:40:00-05:00,46.065,46.1,46.03,46.0699,42335.00
2025-12-26 11:45:00-05:00,46.06,46.0969,46.025,46.03,36082.00
2025-12-26 11:50:00-05:00,46.025,46.05,45.91,45.95,64746.00
2025-12-26 11:55:00-05:00,45.96,46.06,45.95,45.97,69477.00
2025-12-26 12:00:00-05:00,45.97,46.09,45.96,46.07,38233.00
2025-12-26 12:05:00-05:00,46.065,46.14,46.06,46.075,52218.00
2025-12-26 12:10:00-05:00,46.07,46.082,45.9844,45.9844,42956.00
2025-12-26 12:15:00-05:00,45.99,46.005,45.955,45.99,45928.00
2025-12-26 12:20:00-05:00,45.99,46.015,45.915,45.97,44572.00
2025-12-26 12:25:00-05:00,45.975,46.02,45.9501,45.96,35489.00
2025-12-26 12:30:00-05:00,45.96,45.98,45.8369,45.84,92117.00
2025-12-26 12:35:00-05:00,45.83,45.87,45.785,45.865,133940.00
2025-12-26 12:40:00-05:00,45.865,45.915,45.83,45.8968,46690.00
2025-12-26 12:45:00-05:00,45.8999,46.04,45.895,46.005,45419.00
2025-12-26 12:50:00-05:00,45.9901,46.015,45.87,45.89,75636.00
2025-12-26 12:55:00-05:00,45.89,45.955,45.89,45.9101,46476.00
2025-12-26 13:00:00-05:00,45.915,45.94,45.855,45.895,32135.00
2025-12-26 13:05:00-05:00,45.9,45.95,45.885,45.885,35792.00
2025-12-26 13:10:00-05:00,45.88,45.9244,45.875,45.915,23127.00
2025-12-26 13:15:00-05:00,45.92,45.95,45.905,45.9248,60273.00
2025-12-26 13:20:00-05:00,45.925,45.99,45.915,45.9768,61005.00
2025-12-26 13:25:00-05:00,45.975,46.03,45.955,45.9801,38455.00
2025-12-26 13:30:00-05:00,45.99,46.015,45.935,46,61060.00
2025-12-26 13:35:00-05:00,46.01,46.04,45.9901,46.015,22319.00
2025-12-26 13:40:00-05:00,46.015,46.075,46.01,46.065,50219.00
2025-12-26 13:45:00-05:00,46.07,46.07,46.01,46.025,33564.00
2025-12-26 13:50:00-05:00,46.024,46.1089,46.02,46.096,31191.00
2025-12-26 13:55:00-05:00,46.095,46.095,46.055,46.07,24338.00
2025-12-26 14:00:00-05:00,46.0604,46.065,46.0062,46.05,62644.00
2025-12-26 14:05:00-05:00,46.0444,46.07,46.0444,46.065,34954.00
2025-12-26 14:10:00-05:00,46.07,46.13,46.065,46.105,41189.00
2025-12-26 14:15:00-05:00,46.105,46.125,46.085,46.095,27916.00
2025-12-26 14:20:00-05:00,46.095,46.095,46.0213,46.035,41276.00
2025-12-26 14:25:00-05:00,46.04,46.06,45.985,45.9901,29963.00
2025-12-26 14:30:00-05:00,45.995,46.01,45.945,45.965,66038.00
2025-12-26 14:35:00-05:00,45.965,46.005,45.955,45.995,62512.00
2025-12-26 14:40:00-05:00,45.995,46.06,45.994,46.01,47989.00
2025-12-26 14:45:00-05:00,46.01,46.0299,45.9503,45.955,30212.00
2025-12-26 14:50:00-05:00,45.955,45.975,45.94,45.9669,28919.00
2025-12-26 14:55:00-05:00,45.955,46.025,45.95,46.025,24214.00
2025-12-26 15:00:00-05:00,46.025,46.11,46,46.105,61717.00
2025-12-26 15:05:00-05:00,46.11,46.115,46.05,46.06,40270.00
2025-12-26 15:10:00-05:00,46.06,46.095,46.035,46.09,37132.00
2025-12-26 15:15:00-05:00,46.095,46.11,46.07,46.075,55187.00
2025-12-26 15:20:00-05:00,46.07,46.08,46.02,46.06,62474.00
2025-12-26 15:25:00-05:00,46.065,46.075,46.04,46.06,45613.00
2025-12-26 15:30:00-05:00,46.0601,46.1,46.04,46.095,68261.00
2025-12-26 15:35:00-05:00,46.1,46.115,46.07,46.08,79975.00
2025-12-26 15:40:00-05:00,46.08,46.1,46.0701,46.095,133821.00
2025-12-26 15:45:00-05:00,46.09,46.0997,46.065,46.075,52210.00
2025-12-26 15:50:00-05:00,46.08,46.11,46.045,46.105,98439.00
2025-12-26 15:55:00-05:00,46.11,46.22,46.08,46.21,408403.00
2025-12-29 09:30:00-05:00,43.74,44.83,43.3,44.825,1262664.00
2025-12-29 09:35:00-05:00,44.83,44.93,44.39,44.43,480682.00
2025-12-29 09:40:00-05:00,44.43,44.48,44.25,44.375,240133.00
2025-12-29 09:45:00-05:00,44.39,44.41,43.88,43.925,411520.00
2025-12-29 09:50:00-05:00,43.925,44.19,43.7907,44.01,331776.00
2025-12-29 09:55:00-05:00,44.02,44.23,43.99,44.03,195654.00
2025-12-29 10:00:00-05:00,44.02,44.02,43.61,43.63,644688.00
2025-12-29 10:05:00-05:00,43.62,43.74,43.39,43.66,597086.00
2025-12-29 10:10:00-05:00,43.66,43.82,43.5101,43.82,281440.00
2025-12-29 10:15:00-05:00,43.8299,43.92,43.66,43.69,153149.00
2025-12-29 10:20:00-05:00,43.69,43.69,43.35,43.605,285243.00
2025-12-29 10:25:00-05:00,43.61,43.816,43.59,43.67,147493.00
2025-12-29 10:30:00-05:00,43.67,43.74,43.53,43.7199,156739.00
2025-12-29 10:35:00-05:00,43.71,43.785,43.57,43.61,221677.00
2025-12-29 10:40:00-05:00,43.62,43.85,43.59,43.76,182065.00
2025-12-29 10:45:00-05:00,43.76,43.9,43.71,43.785,110485.00
2025-12-29 10:50:00-05:00,43.79,43.812,43.7,43.72,103985.00
2025-12-29 10:55:00-05:00,43.7209,44,43.71,43.975,122567.00
2025-12-29 11:00:00-05:00,43.98,44.25,43.9744,44.17,106665.00
2025-12-29 11:05:00-05:00,44.175,44.39,44.11,44.36,97972.00
2025-12-29 11:10:00-05:00,44.36,44.52,44.275,44.32,140295.00
2025-12-29 11:15:00-05:00,44.325,44.335,44.13,44.24,95278.00
2025-12-29 11:20:00-05:00,44.25,44.345,44.15,44.31,131074.00
2025-12-29 11:25:00-05:00,44.315,44.33,44.21,44.22,65390.00
2025-12-29 11:30:00-05:00,44.22,44.37,44.2194,44.315,67505.00
2025-12-29 11:35:00-05:00,44.33,44.37,44.2724,44.31,54663.00
2025-12-29 11:40:00-05:00,44.3,44.315,44.209,44.27,74798.00
2025-12-29 11:45:00-05:00,44.2644,44.34,44.24,44.305,95664.00
2025-12-29 11:50:00-05:00,44.3,44.405,44.27,44.3899,44383.00
2025-12-29 11:55:00-05:00,44.385,44.46,44.345,44.35,74042.00
2025-12-29 12:00:00-05:00,44.35,44.4301,44.31,44.36,58901.00
2025-12-29 12:05:00-05:00,44.36,44.362,44.215,44.215,79517.00
2025-12-29 12:10:00-05:00,44.22,44.285,44.19,44.27,64831.00
2025-12-29 12:15:00-05:00,44.275,44.32,44.25,44.305,61510.00
2025-12-29 12:20:00-05:00,44.305,44.31,44.24,44.26,56346.00
2025-12-29 12:25:00-05:00,44.268,44.295,44.215,44.275,67146.00
2025-12-29 12:30:00-05:00,44.2799,44.2868,44.2267,44.235,47468.00
2025-12-29 12:35:00-05:00,44.24,44.26,44.165,44.195,68408.00
2025-12-29 12:40:00-05:00,44.19,44.22,44.085,44.13,68721.00
2025-12-29 12:45:00-05:00,44.14,44.19,44.08,44.13,64500.00
2025-12-29 12:50:00-05:00,44.13,44.1499,44.09,44.115,88384.00
2025-12-29 12:55:00-05:00,44.11,44.17,44.1,44.105,84789.00
2025-12-29 13:00:00-05:00,44.11,44.135,44.075,44.075,83225.00
2025-12-29 13:05:00-05:00,44.08,44.09,43.97,44.0556,93785.00
2025-12-29 13:10:00-05:00,44.05,44.1,43.9844,44.05,60242.00
2025-12-29 13:15:00-05:00,44.05,44.08,43.98,43.98,64920.00
2025-12-29 13:20:00-05:00,43.985,44.01,43.9444,43.97,75566.00
2025-12-29 13:25:00-05:00,43.97,43.99,43.89,43.93,69402.00
2025-12-29 13:30:00-05:00,43.92,43.96,43.86,43.91,80530.00
2025-12-29 13:35:00-05:00,43.91,44.06,43.91,44.02,65066.00
2025-12-29 13:40:00-05:00,44.0107,44.02,43.91,43.93,44665.00
2025-12-29 13:45:00-05:00,43.92,44.02,43.92,43.96,44055.00
2025-12-29 13:50:00-05:00,43.96,44.0754,43.955,44.055,40271.00
2025-12-29 13:55:00-05:00,44.05,44.09,44.02,44.031,55090.00
2025-12-29 14:00:00-05:00,44.04,44.065,44,44.055,47888.00
2025-12-29 14:05:00-05:00,44.06,44.07,44.03,44.0656,36165.00
2025-12-29 14:10:00-05:00,44.06,44.1,44.03,44.0999,40401.00
2025-12-29 14:15:00-05:00,44.11,44.11,44.0201,44.035,77035.00
2025-12-29 14:20:00-05:00,44.035,44.12,44.035,44.09,43672.00
2025-12-29 14:25:00-05:00,44.08,44.1256,44.075,44.105,45520.00
2025-12-29 14:30:00-05:00,44.11,44.22,44.1,44.2,52804.00
2025-12-29 14:35:00-05:00,44.2,44.21,44.12,44.14,77721.00
2025-12-29 14:40:00-05:00,44.145,44.165,44.12,44.15,37749.00
2025-12-29 14:45:00-05:00,44.14,44.155,44.125,44.13,36781.00
2025-12-29 14:50:00-05:00,44.135,44.185,44.115,44.165,55030.00
2025-12-29 14:55:00-05:00,44.17,44.22,44.165,44.165,52497.00
2025-12-29 15:00:00-05:00,44.165,44.27,44.165,44.26,81473.00
2025-12-29 15:05:00-05:00,44.26,44.33,44.255,44.295,51979.00
2025-12-29 15:10:00-05:00,44.295,44.35,44.272,44.345,81162.00
2025-12-29 15:15:00-05:00,44.345,44.39,44.31,44.385,94926.00
2025-12-29 15:20:00-05:00,44.38,44.385,44.27,44.28,85803.00
2025-12-29 15:25:00-05:00,44.28,44.3,44.255,44.255,63761.00
2025-12-29 15:30:00-05:00,44.26,44.272,44.18,44.19,78327.00
2025-12-29 15:35:00-05:00,44.195,44.195,44.1,44.155,106137.00
2025-12-29 15:40:00-05:00,44.16,44.18,44.1115,44.135,118949.00
2025-12-29 15:45:00-05:00,44.132,44.14,44.105,44.13,134055.00
2025-12-29 15:50:00-05:00,44.13,44.14,43.925,43.945,227667.00
2025-12-29 15:55:00-05:00,43.945,44.0499,43.935,44.03,669025.00
2025-12-30 09:30:00-05:00,44.795,44.795,44.3,44.63,286518.00
2025-12-30 09:35:00-05:00,44.65,44.65,44.31,44.388,237774.00
2025-12-30 09:40:00-05:00,44.39,44.4999,44.27,44.445,173954.00
2025-12-30 09:45:00-05:00,44.445,44.46,44.2,44.28,147550.00
2025-12-30 09:50:00-05:00,44.275,44.42,44.275,44.38,152564.00
2025-12-30 09:55:00-05:00,44.378,44.39,44.27,44.3,128769.00
2025-12-30 10:00:00-05:00,44.31,44.42,44.275,44.35,120647.00
2025-12-30 10:05:00-05:00,44.34,44.415,44.27,44.36,109106.00
2025-12-30 10:10:00-05:00,44.35,44.4435,44.31,44.4301,111112.00
2025-12-30 10:15:00-05:00,44.44,44.505,44.395,44.49,106151.00
2025-12-30 10:20:00-05:00,44.491,44.52,44.395,44.45,109610.00
2025-12-30 10:25:00-05:00,44.45,44.48,44.295,44.3,114312.00
2025-12-30 10:30:00-05:00,44.32,44.3667,44.27,44.315,98123.00
2025-12-30 10:35:00-05:00,44.32,44.46,44.305,44.445,76309.00
2025-12-30 10:40:00-05:00,44.44,44.535,44.29,44.39,153620.00
2025-12-30 10:45:00-05:00,44.39,44.455,44.355,44.42,60481.00
2025-12-30 10:50:00-05:00,44.43,44.51,44.4,44.49,72030.00
2025-12-30 10:55:00-05:00,44.5,44.5,44.395,44.41,113707.00
2025-12-30 11:00:00-05:00,44.41,44.44,44.375,44.415,59311.00
2025-12-30 11:05:00-05:00,44.42,44.44,44.3,44.33,89295.00
2025-12-30 11:10:00-05:00,44.33,44.3689,44.3,44.35,101094.00
2025-12-30 11:15:00-05:00,44.36,44.46,44.275,44.405,140639.00
2025-12-30 11:20:00-05:00,44.41,44.4299,44.36,44.41,46304.00
2025-12-30 11:25:00-05:00,44.405,44.45,44.36,44.4394,72877.00
2025-12-30 11:30:00-05:00,44.43,44.43,44.355,44.395,45781.00
2025-12-30 11:35:00-05:00,44.39,44.41,44.345,44.4,60426.00
2025-12-30 11:40:00-05:00,44.41,44.47,44.4,44.47,55894.00
2025-12-30 11:45:00-05:00,44.47,44.485,44.445,44.465,53731.00
2025-12-30 11:50:00-05:00,44.465,44.48,44.435,44.4401,47720.00
2025-12-30 11:55:00-05:00,44.45,44.505,44.44,44.4599,62457.00
2025-12-30 12:00:00-05:00,44.46,44.5,44.41,44.42,50834.00
2025-12-30 12:05:00-05:00,44.43,44.49,44.43,44.46,32767.00
2025-12-30 12:10:00-05:00,44.455,44.49,44.435,44.46,42706.00
2025-12-30 12:15:00-05:00,44.465,44.525,44.455,44.52,56887.00
2025-12-30 12:20:00-05:00,44.515,44.545,44.4642,44.5397,46494.00
2025-12-30 12:25:00-05:00,44.535,44.5784,44.53,44.56,38348.00
2025-12-30 12:30:00-05:00,44.55,44.6,44.525,44.545,51840.00
2025-12-30 12:35:00-05:00,44.55,44.57,44.52,44.57,44005.00
2025-12-30 12:40:00-05:00,44.58,44.58,44.49,44.515,44222.00
2025-12-30 12:45:00-05:00,44.515,44.515,44.435,44.435,34680.00
2025-12-30 12:50:00-05:00,44.44,44.4799,44.425,44.47,28199.00
2025-12-30 12:55:00-05:00,44.47,44.47,44.425,44.435,56498.00
2025-12-30 13:00:00-05:00,44.43,44.51,44.402,44.5,34309.00
2025-12-30 13:05:00-05:00,44.51,44.52,44.475,44.48,38939.00
2025-12-30 13:10:00-05:00,44.48,44.52,44.48,44.51,38448.00
2025-12-30 13:15:00-05:00,44.5017,44.5017,44.45,44.47,42688.00
2025-12-30 13:20:00-05:00,44.4601,44.51,44.44,44.505,80934.00
2025-12-30 13:25:00-05:00,44.505,44.54,44.49,44.5,79091.00
2025-12-30 13:30:00-05:00,44.515,44.525,44.48,44.5,33751.00
2025-12-30 13:35:00-05:00,44.505,44.505,44.42,44.43,59789.00
2025-12-30 13:40:00-05:00,44.4301,44.44,44.41,44.42,56488.00
2025-12-30 13:45:00-05:00,44.42,44.44,44.395,44.435,45306.00
2025-12-30 13:50:00-05:00,44.44,44.4456,44.355,44.365,34947.00
2025-12-30 13:55:00-05:00,44.36,44.375,44.3401,44.375,33771.00
2025-12-30 14:00:00-05:00,44.37,44.38,44.34,44.35,22997.00
2025-12-30 14:05:00-05:00,44.3451,44.35,44.315,44.34,26844.00
2025-12-30 14:10:00-05:00,44.35,44.39,44.345,44.345,30991.00
2025-12-30 14:15:00-05:00,44.345,44.36,44.33,44.345,21776.00
2025-12-30 14:20:00-05:00,44.35,44.3799,44.335,44.375,114830.00
2025-12-30 14:25:00-05:00,44.375,44.3899,44.36,44.375,32686.00
2025-12-30 14:30:00-05:00,44.38,44.4,44.29,44.295,72089.00
2025-12-30 14:35:00-05:00,44.3,44.345,44.295,44.34,46992.00
2025-12-30 14:40:00-05:00,44.335,44.355,44.335,44.355,21849.00
2025-12-30 14:45:00-05:00,44.355,44.36,44.235,44.26,116554.00
2025-12-30 14:50:00-05:00,44.26,44.285,44.18,44.22,88591.00
2025-12-30 14:55:00-05:00,44.225,44.245,44.18,44.235,51297.00
2025-12-30 15:00:00-05:00,44.235,44.26,44.155,44.175,109346.00
2025-12-30 15:05:00-05:00,44.17,44.19,44.07,44.1399,73165.00
2025-12-30 15:10:00-05:00,44.135,44.2,44.1101,44.18,63434.00
2025-12-30 15:15:00-05:00,44.18,44.309,44.16,44.3,385136.00
2025-12-30 15:20:00-05:00,44.3,44.329,44.2699,44.325,52292.00
2025-12-30 15:25:00-05:00,44.32,44.34,44.3,44.31,54098.00
2025-12-30 15:30:00-05:00,44.31,44.34,44.31,44.32,53092.00
2025-12-30 15:35:00-05:00,44.3274,44.35,44.3,44.34,104591.00
2025-12-30 15:40:00-05:00,44.335,44.339,44.21,44.23,114022.00
2025-12-30 15:45:00-05:00,44.235,44.2799,44.195,44.245,133046.00
2025-12-30 15:50:00-05:00,44.24,44.245,44.145,44.18,204857.00
2025-12-30 15:55:00-05:00,44.18,44.25,44.13,44.24,518240.00
2025-12-31 09:30:00-05:00,43.81,44.09,43.81,44.025,159764.00
2025-12-31 09:35:00-05:00,44.05,44.165,43.76,43.775,170019.00
2025-12-31 09:40:00-05:00,43.775,43.9399,43.71,43.92,73701.00
2025-12-31 09:45:00-05:00,43.92,44.07,43.8,43.945,112438.00
2025-12-31 09:50:00-05:00,43.96,44.22,43.96,44.07,93408.00
2025-12-31 09:55:00-05:00,44.075,44.21,44.055,44.055,97379.00
2025-12-31 10:00:00-05:00,44.055,44.07,43.89,43.9,182990.00
2025-12-31 10:05:00-05:00,43.9,43.995,43.86,43.885,83304.00
2025-12-31 10:10:00-05:00,43.88,43.91,43.7201,43.75,158245.00
2025-12-31 10:15:00-05:00,43.76,43.805,43.685,43.775,76526.00
2025-12-31 10:20:00-05:00,43.765,43.86,43.72,43.8401,125049.00
2025-12-31 10:25:00-05:00,43.85,43.97,43.83,43.85,107472.00
2025-12-31 10:30:00-05:00,43.855,43.89,43.8,43.86,186168.00
2025-12-31 10:35:00-05:00,43.86,43.895,43.8,43.81,41086.00
2025-12-31 10:40:00-05:00,43.8,43.825,43.725,43.79,77231.00
2025-12-31 10:45:00-05:00,43.79,43.8,43.7201,43.755,82164.00
2025-12-31 10:50:00-05:00,43.76,43.93,43.745,43.8899,73467.00
2025-12-31 10:55:00-05:00,43.8807,43.99,43.87,43.98,51340.00
2025-12-31 11:00:00-05:00,44,44.0193,43.91,43.91,109535.00
2025-12-31 11:05:00-05:00,43.9,43.905,43.82,43.84,135811.00
2025-12-31 11:10:00-05:00,43.85,43.875,43.79,43.8196,35539.00
2025-12-31 11:15:00-05:00,43.8,43.86,43.795,43.84,43618.00
2025-12-31 11:20:00-05:00,43.84,43.85,43.78,43.845,38945.00
2025-12-31 11:25:00-05:00,43.85,43.86,43.79,43.8,42107.00
2025-12-31 11:30:00-05:00,43.8,43.84,43.775,43.7756,51436.00
2025-12-31 11:35:00-05:00,43.77,43.79,43.69,43.705,72072.00
2025-12-31 11:40:00-05:00,43.705,43.715,43.675,43.695,69347.00
2025-12-31 11:45:00-05:00,43.695,43.815,43.69,43.815,78715.00
2025-12-31 11:50:00-05:00,43.82,43.825,43.785,43.79,37108.00
2025-12-31 11:55:00-05:00,43.79,43.81,43.77,43.795,39713.00
2025-12-31 12:00:00-05:00,43.79,43.845,43.79,43.805,37375.00
2025-12-31 12:05:00-05:00,43.805,43.805,43.7331,43.75,41232.00
2025-12-31 12:10:00-05:00,43.75,43.785,43.72,43.7665,36100.00
2025-12-31 12:15:00-05:00,43.77,43.8125,43.77,43.805,29460.00
2025-12-31 12:20:00-05:00,43.81,43.8151,43.765,43.81,30409.00
2025-12-31 12:25:00-05:00,43.82,43.835,43.775,43.82,54779.00
2025-12-31 12:30:00-05:00,43.8201,43.9401,43.815,43.87,119168.00
2025-12-31 12:35:00-05:00,43.88,43.91,43.865,43.8701,45647.00
2025-12-31 12:40:00-05:00,43.875,43.885,43.84,43.875,39422.00
2025-12-31 12:45:00-05:00,43.885,43.905,43.85,43.8756,54692.00
2025-12-31 12:50:00-05:00,43.87,43.885,43.795,43.84,47764.00
2025-12-31 12:55:00-05:00,43.84,43.84,43.785,43.79,37237.00
2025-12-31 13:00:00-05:00,43.79,43.87,43.79,43.835,94597.00
2025-12-31 13:05:00-05:00,43.835,43.86,43.81,43.84,47160.00
2025-12-31 13:10:00-05:00,43.84,43.8451,43.76,43.8145,56791.00
2025-12-31 13:15:00-05:00,43.81,43.87,43.81,43.84,28572.00
2025-12-31 13:20:00-05:00,43.84,43.855,43.78,43.81,23635.00
2025-12-31 13:25:00-05:00,43.81,43.84,43.765,43.84,25062.00
2025-12-31 13:30:00-05:00,43.83,43.83,43.735,43.74,66776.00
2025-12-31 13:35:00-05:00,43.745,43.81,43.745,43.7751,33504.00
2025-12-31 13:40:00-05:00,43.775,43.795,43.725,43.735,25988.00
2025-12-31 13:45:00-05:00,43.74,43.755,43.7,43.74,29141.00
2025-12-31 13:50:00-05:00,43.74,43.745,43.7127,43.725,28489.00
2025-12-31 13:55:00-05:00,43.72,43.7599,43.705,43.7599,26586.00
2025-12-31 14:00:00-05:00,43.755,43.785,43.74,43.75,31959.00
2025-12-31 14:05:00-05:00,43.75,43.75,43.6725,43.68,42555.00
2025-12-31 14:10:00-05:00,43.675,43.72,43.66,43.715,41680.00
2025-12-31 14:15:00-05:00,43.715,43.725,43.665,43.67,24464.00
2025-12-31 14:20:00-05:00,43.665,43.665,43.63,43.65,46234.00
2025-12-31 14:25:00-05:00,43.64,43.64,43.555,43.575,37311.00
2025-12-31 14:30:00-05:00,43.58,43.58,43.44,43.465,89003.00
2025-12-31 14:35:00-05:00,43.47,43.555,43.43,43.53,52764.00
2025-12-31 14:40:00-05:00,43.535,43.5675,43.505,43.53,48446.00
2025-12-31 14:45:00-05:00,43.525,43.585,43.525,43.535,36446.00
2025-12-31 14:50:00-05:00,43.53,43.565,43.515,43.535,46728.00
2025-12-31 14:55:00-05:00,43.5373,43.54,43.4892,43.506,47405.00
2025-12-31 15:00:00-05:00,43.51,43.52,43.47,43.482,59320.00
2025-12-31 15:05:00-05:00,43.49,43.525,43.47,43.4801,49743.00
2025-12-31 15:10:00-05:00,43.485,43.53,43.47,43.52,56878.00
2025-12-31 15:15:00-05:00,43.535,43.61,43.52,43.595,70838.00
2025-12-31 15:20:00-05:00,43.59,43.59,43.51,43.52,55946.00
2025-12-31 15:25:00-05:00,43.52,43.56,43.515,43.54,43806.00
2025-12-31 15:30:00-05:00,43.5399,43.625,43.535,43.62,76156.00
2025-12-31 15:35:00-05:00,43.62,43.699,43.605,43.655,81521.00
2025-12-31 15:40:00-05:00,43.655,43.72,43.655,43.71,80309.00
2025-12-31 15:45:00-05:00,43.705,43.719,43.6,43.635,118930.00
2025-12-31 15:50:00-05:00,43.63,43.63,43.545,43.545,191303.00
2025-12-31 15:55:00-05:00,43.545,43.69,43.5,43.5447,567717.00
2026-01-02 09:30:00-05:00,44.145,44.23,43.73,43.735,278355.00
2026-01-02 09:35:00-05:00,43.72,43.85,43.51,43.53,218695.00
2026-01-02 09:40:00-05:00,43.5419,43.67,43.45,43.67,153210.00
2026-01-02 09:45:00-05:00,43.66,44.0254,43.62,43.99,129179.00
2026-01-02 09:50:00-05:00,43.98,44.0598,43.85,43.8998,136966.00
2026-01-02 09:55:00-05:00,43.88,43.93,43.715,43.73,95468.00
2026-01-02 10:00:00-05:00,43.735,43.91,43.69,43.69,115961.00
2026-01-02 10:05:00-05:00,43.685,43.7001,43.49,43.55,253041.00
2026-01-02 10:10:00-05:00,43.53,43.58,43.38,43.47,154242.00
2026-01-02 10:15:00-05:00,43.47,43.56,43.36,43.515,135307.00
2026-01-02 10:20:00-05:00,43.515,43.53,43.4,43.505,148308.00
2026-01-02 10:25:00-05:00,43.51,43.64,43.46,43.53,87032.00
2026-01-02 10:30:00-05:00,43.525,43.58,43.4431,43.5399,90698.00
2026-01-02 10:35:00-05:00,43.535,43.68,43.515,43.67,142214.00
2026-01-02 10:40:00-05:00,43.68,43.885,43.675,43.78,159101.00
2026-01-02 10:45:00-05:00,43.8,43.815,43.67,43.73,117060.00
2026-01-02 10:50:00-05:00,43.73,43.78,43.635,43.635,93120.00
2026-01-02 10:55:00-05:00,43.64,43.72,43.59,43.635,158371.00
2026-01-02 11:00:00-05:00,43.635,43.69,43.325,43.41,222919.00
2026-01-02 11:05:00-05:00,43.4,43.44,43.23,43.29,207516.00
2026-01-02 11:10:00-05:00,43.28,43.39,43.23,43.355,123827.00
2026-01-02 11:15:00-05:00,43.35,43.41,43.13,43.15,142549.00
2026-01-02 11:20:00-05:00,43.15,43.18,42.79,42.855,312947.00
2026-01-02 11:25:00-05:00,42.855,42.955,42.84,42.895,109063.00
2026-01-02 11:30:00-05:00,42.89,42.895,42.64,42.825,150068.00
2026-01-02 11:35:00-05:00,42.8101,42.94,42.715,42.77,122596.00
2026-01-02 11:40:00-05:00,42.775,42.955,42.77,42.94,118028.00
2026-01-02 11:45:00-05:00,42.94,43.06,42.91,43.01,56289.00
2026-01-02 11:50:00-05:00,43.02,43.08,42.934,43.06,80353.00
2026-01-02 11:55:00-05:00,43.07,43.17,43.04,43.15,65960.00
2026-01-02 12:00:00-05:00,43.15,43.45,43.12,43.405,1011971.00
2026-01-02 12:05:00-05:00,43.405,43.445,43.26,43.3,212917.00
2026-01-02 12:10:00-05:00,43.305,43.55,43.2999,43.545,197122.00
2026-01-02 12:15:00-05:00,43.5499,43.59,43.452,43.4801,179121.00
2026-01-02 12:20:00-05:00,43.49,43.51,43.44,43.45,545141.00
2026-01-02 12:25:00-05:00,43.45,43.535,43.426,43.535,64547.00
2026-01-02 12:30:00-05:00,43.538,43.6395,43.53,43.625,101087.00
2026-01-02 12:35:00-05:00,43.625,43.65,43.5144,43.585,95853.00
2026-01-02 12:40:00-05:00,43.58,43.605,43.47,43.505,104016.00
2026-01-02 12:45:00-05:00,43.51,43.515,43.4201,43.45,70878.00
2026-01-02 12:50:00-05:00,43.45,43.56,43.44,43.555,78426.00
2026-01-02 12:55:00-05:00,43.555,43.57,43.49,43.495,92739.00
2026-01-02 13:00:00-05:00,43.49,43.505,43.4401,43.45,43936.00
2026-01-02 13:05:00-05:00,43.455,43.48,43.38,43.3945,69653.00
2026-01-02 13:10:00-05:00,43.395,43.4,43.345,43.355,52972.00
2026-01-02 13:15:00-05:00,43.355,43.42,43.3,43.4099,46990.00
2026-01-02 13:20:00-05:00,43.42,43.46,43.375,43.405,57711.00
2026-01-02 13:25:00-05:00,43.405,43.405,43.3,43.3102,38068.00
2026-01-02 13:30:00-05:00,43.315,43.33,43.275,43.3,47996.00
2026-01-02 13:35:00-05:00,43.3,43.37,43.265,43.34,51911.00
2026-01-02 13:40:00-05:00,43.345,43.3469,43.295,43.315,43868.00
2026-01-02 13:45:00-05:00,43.31,43.34,43.27,43.27,29005.00
2026-01-02 13:50:00-05:00,43.26,43.295,43.23,43.29,37815.00
2026-01-02 13:55:00-05:00,43.284,43.34,43.284,43.324,37660.00
2026-01-02 14:00:00-05:00,43.33,43.42,43.33,43.42,34692.00
2026-01-02 14:05:00-05:00,43.43,43.49,43.415,43.4699,46542.00
2026-01-02 14:10:00-05:00,43.465,43.6,43.465,43.6,66580.00
2026-01-02 14:15:00-05:00,43.6,43.63,43.56,43.565,89148.00
2026-01-02 14:20:00-05:00,43.565,43.565,43.5,43.519,38812.00
2026-01-02 14:25:00-05:00,43.519,43.605,43.5155,43.6,55319.00
2026-01-02 14:30:00-05:00,43.6,43.68,43.585,43.645,71017.00
2026-01-02 14:35:00-05:00,43.65,43.75,43.64,43.74,75883.00
2026-01-02 14:40:00-05:00,43.74,43.82,43.74,43.76,82158.00
2026-01-02 14:45:00-05:00,43.765,43.765,43.7,43.71,37933.00
2026-01-02 14:50:00-05:00,43.72,43.72,43.61,43.635,36931.00
2026-01-02 14:55:00-05:00,43.6345,43.67,43.5901,43.5901,65492.00
2026-01-02 15:00:00-05:00,43.595,43.595,43.545,43.58,42234.00
2026-01-02 15:05:00-05:00,43.58,43.625,43.565,43.625,30714.00
2026-01-02 15:10:00-05:00,43.63,43.6452,43.61,43.625,37290.00
2026-01-02 15:15:00-05:00,43.62,43.6689,43.585,43.66,52573.00
2026-01-02 15:20:00-05:00,43.66,43.76,43.66,43.755,70761.00
2026-01-02 15:25:00-05:00,43.76,43.86,43.76,43.835,90276.00
2026-01-02 15:30:00-05:00,43.8445,43.905,43.83,43.89,78990.00
2026-01-02 15:35:00-05:00,43.88,43.9,43.835,43.84,90411.00
2026-01-02 15:40:00-05:00,43.84,43.86,43.815,43.83,72498.00
2026-01-02 15:45:00-05:00,43.83,43.89,43.815,43.86,130319.00
2026-01-02 15:50:00-05:00,43.86,43.95,43.81,43.8901,124291.00
2026-01-02 15:55:00-05:00,43.89,44.1,43.86,44.08,515129.00
2026-01-05 09:30:00-05:00,45.2,45.34,44.99,45.14,50273.00
2026-01-05 09:35:00-05:00,45.11,45.255,44.85,45.22,656282.00
2026-01-05 09:40:00-05:00,45.23,45.38,45.06,45.3486,196781.00
2026-01-05 09:45:00-05:00,45.36,45.493,45.24,45.325,208672.00
2026-01-05 09:50:00-05:00,45.3599,45.8,45.29,45.79,254478.00
2026-01-05 09:55:00-05:00,45.8,46.06,45.79,45.985,291603.00
2026-01-05 10:00:00-05:00,46,46.27,45.9265,46.19,170443.00
2026-01-05 10:05:00-05:00,46.19,46.32,46.09,46.14,229574.00
2026-01-05 10:10:00-05:00,46.135,46.175,45.91,45.93,196147.00
2026-01-05 10:15:00-05:00,45.93,45.9845,45.65,45.755,313509.00
2026-01-05 10:20:00-05:00,45.75,45.815,45.67,45.765,170065.00
2026-01-05 10:25:00-05:00,45.765,45.84,45.705,45.795,227107.00
2026-01-05 10:30:00-05:00,45.795,45.81,45.605,45.75,222563.00
2026-01-05 10:35:00-05:00,45.75,45.78,45.562,45.63,280491.00
2026-01-05 10:40:00-05:00,45.62,45.835,45.57,45.795,163095.00
2026-01-05 10:45:00-05:00,45.795,45.8999,45.74,45.78,156133.00
2026-01-05 10:50:00-05:00,45.78,46.12,45.75,46.11,248621.00
2026-01-05 10:55:00-05:00,46.11,46.2,45.915,45.915,387212.00
2026-01-05 11:00:00-05:00,45.92,45.965,45.83,45.96,142155.00
2026-01-05 11:05:00-05:00,45.96,45.975,45.7245,45.795,122987.00
2026-01-05 11:10:00-05:00,45.795,45.955,45.78,45.95,141935.00
2026-01-05 11:15:00-05:00,45.95,46.03,45.925,45.965,95756.00
2026-01-05 11:20:00-05:00,45.97,46.01,45.855,45.855,146478.00
2026-01-05 11:25:00-05:00,45.85,45.875,45.745,45.77,61267.00
2026-01-05 11:30:00-05:00,45.765,45.85,45.74,45.82,73394.00
2026-01-05 11:35:00-05:00,45.83,46.095,45.8145,46.065,85336.00
2026-01-05 11:40:00-05:00,46.07,46.1,45.955,46.0057,139897.00
2026-01-05 11:45:00-05:00,46.005,46.16,45.96,46.15,133351.00
2026-01-05 11:50:00-05:00,46.1475,46.175,46.02,46.035,164302.00
2026-01-05 11:55:00-05:00,46.0399,46.0475,45.88,45.92,94197.00
2026-01-05 12:00:00-05:00,45.92,45.925,45.68,45.77,133005.00
2026-01-05 12:05:00-05:00,45.765,45.875,45.75,45.87,56194.00
2026-01-05 12:10:00-05:00,45.86,45.89,45.78,45.84,111644.00
2026-01-05 12:15:00-05:00,45.86,45.9599,45.83,45.895,47392.00
2026-01-05 12:20:00-05:00,45.9,46.05,45.8945,46.008,96692.00
2026-01-05 12:25:00-05:00,46.01,46.075,45.99,46.055,79085.00
2026-01-05 12:30:00-05:00,46.055,46.07,45.965,45.98,46536.00
2026-01-05 12:35:00-05:00,45.98,46.03,45.97,45.98,55011.00
2026-01-05 12:40:00-05:00,45.988,46.03,45.765,45.77,139886.00
2026-01-05 12:45:00-05:00,45.77,45.775,45.69,45.71,135068.00
2026-01-05 12:50:00-05:00,45.71,45.83,45.685,45.805,67448.00
2026-01-05 12:55:00-05:00,45.805,45.88,45.8,45.83,52136.00
2026-01-05 13:00:00-05:00,45.84,45.905,45.81,45.89,56086.00
2026-01-05 13:05:00-05:00,45.9,46.015,45.895,45.9855,44743.00
2026-01-05 13:10:00-05:00,45.99,46.155,45.99,46.155,92863.00
2026-01-05 13:15:00-05:00,46.155,46.26,46.115,46.26,96346.00
2026-01-05 13:20:00-05:00,46.255,46.255,46.17,46.19,83713.00
2026-01-05 13:25:00-05:00,46.2,46.208,46.125,46.13,70588.00
2026-01-05 13:30:00-05:00,46.13,46.185,46.13,46.18,75690.00
2026-01-05 13:35:00-05:00,46.185,46.19,46.14,46.17,50893.00
2026-01-05 13:40:00-05:00,46.165,46.17,46.13,46.135,76563.00
2026-01-05 13:45:00-05:00,46.135,46.16,46.1,46.1112,50217.00
2026-01-05 13:50:00-05:00,46.11,46.14,46.08,46.085,65821.00
2026-01-05 13:55:00-05:00,46.085,46.11,46.015,46.09,89109.00
2026-01-05 14:00:00-05:00,46.095,46.11,45.99,46,100669.00
2026-01-05 14:05:00-05:00,46.005,46.015,45.82,45.855,142044.00
2026-01-05 14:10:00-05:00,45.855,45.865,45.8045,45.8628,49615.00
2026-01-05 14:15:00-05:00,45.86,45.88,45.81,45.88,49779.00
2026-01-05 14:20:00-05:00,45.88,45.91,45.86,45.865,27913.00
2026-01-05 14:25:00-05:00,45.87,45.915,45.87,45.905,49736.00
2026-01-05 14:30:00-05:00,45.9,45.988,45.89,45.97,39404.00
2026-01-05 14:35:00-05:00,45.97,46.02,45.95,46.02,54490.00
2026-01-05 14:40:00-05:00,46.015,46.015,45.94,45.98,50349.00
2026-01-05 14:45:00-05:00,45.98,45.995,45.97,45.995,38678.00
2026-01-05 14:50:00-05:00,46,46.02,45.95,45.96,81981.00
2026-01-05 14:55:00-05:00,45.9698,45.98,45.88,45.9,55333.00
2026-01-05 15:00:00-05:00,45.9,45.93,45.85,45.895,53984.00
2026-01-05 15:05:00-05:00,45.895,45.905,45.81,45.815,36767.00
2026-01-05 15:10:00-05:00,45.82,45.935,45.7974,45.8701,67943.00
2026-01-05 15:15:00-05:00,45.88,45.8899,45.805,45.832,48004.00
2026-01-05 15:20:00-05:00,45.835,45.835,45.745,45.745,79358.00
2026-01-05 15:25:00-05:00,45.745,45.78,45.71,45.7544,69054.00
2026-01-05 15:30:00-05:00,45.7545,45.775,45.695,45.731,97078.00
2026-01-05 15:35:00-05:00,45.73,45.77,45.7,45.73,98696.00
2026-01-05 15:40:00-05:00,45.731,45.76,45.711,45.74,107881.00
2026-01-05 15:45:00-05:00,45.74,45.82,45.725,45.735,183658.00
2026-01-05 15:50:00-05:00,45.73,45.83,45.71,45.82,335809.00
2026-01-05 15:55:00-05:00,45.81,45.82,45.74,45.76,738082.00
2026-01-06 09:30:00-05:00,46.12,46.72,46,46.586,462944.00
2026-01-06 09:35:00-05:00,46.59,46.7,46.34,46.45,297367.00
2026-01-06 09:40:00-05:00,46.455,46.68,46.415,46.58,225503.00
2026-01-06 09:45:00-05:00,46.56,46.7342,46.48,46.49,400699.00
2026-01-06 09:50:00-05:00,46.48,46.98,46.45,46.9641,330352.00
2026-01-06 09:55:00-05:00,46.96,47.04,46.51,46.58,649051.00
2026-01-06 10:00:00-05:00,46.58,46.71,46.53,46.56,168753.00
2026-01-06 10:05:00-05:00,46.56,46.815,46.55,46.72,203200.00
2026-01-06 10:10:00-05:00,46.73,46.75,46.59,46.705,157982.00
2026-01-06 10:15:00-05:00,46.71,46.77,46.61,46.66,252595.00
2026-01-06 10:20:00-05:00,46.66,46.7898,46.5701,46.64,393158.00
2026-01-06 10:25:00-05:00,46.63,46.72,46.6,46.69,216029.00
2026-01-06 10:30:00-05:00,46.6914,46.74,46.435,46.549,193076.00
2026-01-06 10:35:00-05:00,46.54,46.575,46.44,46.52,109467.00
2026-01-06 10:40:00-05:00,46.51,46.71,46.51,46.68,114499.00
2026-01-06 10:45:00-05:00,46.68,46.845,46.595,46.768,155738.00
2026-01-06 10:50:00-05:00,46.765,46.795,46.64,46.665,110040.00
2026-01-06 10:55:00-05:00,46.66,46.82,46.58,46.82,138882.00
2026-01-06 11:00:00-05:00,46.83,46.868,46.72,46.72,102824.00
2026-01-06 11:05:00-05:00,46.7285,46.7285,46.49,46.579,146797.00
2026-01-06 11:10:00-05:00,46.57,46.6899,46.54,46.68,69802.00
2026-01-06 11:15:00-05:00,46.689,46.7,46.64,46.6799,65527.00
2026-01-06 11:20:00-05:00,46.675,46.88,46.665,46.88,116842.00
2026-01-06 11:25:00-05:00,46.875,46.95,46.86,46.93,136255.00
2026-01-06 11:30:00-05:00,46.94,47.015,46.9,46.945,139143.00
2026-01-06 11:35:00-05:00,46.945,46.96,46.885,46.925,114923.00
2026-01-06 11:40:00-05:00,46.929,46.992,46.915,46.98,95864.00
2026-01-06 11:45:00-05:00,46.97,47.075,46.932,47.06,187242.00
2026-01-06 11:50:00-05:00,47.05,47.12,47.045,47.0509,143973.00
2026-01-06 11:55:00-05:00,47.055,47.09,46.92,47.09,130184.00
2026-01-06 12:00:00-05:00,47.08,47.138,47.02,47.1284,70770.00
2026-01-06 12:05:00-05:00,47.125,47.19,47.07,47.1831,103767.00
2026-01-06 12:10:00-05:00,47.18,47.221,47.155,47.19,62973.00
2026-01-06 12:15:00-05:00,47.195,47.3,47.195,47.24,102817.00
2026-01-06 12:20:00-05:00,47.25,47.255,47.19,47.23,65797.00
2026-01-06 12:25:00-05:00,47.2201,47.2399,47.141,47.1788,72627.00
2026-01-06 12:30:00-05:00,47.18,47.185,47.065,47.14,76001.00
2026-01-06 12:35:00-05:00,47.135,47.15,46.975,47,122973.00
2026-01-06 12:40:00-05:00,47,47.21,46.985,47.06,332878.00
2026-01-06 12:45:00-05:00,47.06,47.17,47.025,47.17,120343.00
2026-01-06 12:50:00-05:00,47.17,47.63,47.14,47.54,847397.00
2026-01-06 12:55:00-05:00,47.5353,47.58,47.17,47.17,360000.00
2026-01-06 13:00:00-05:00,47.16,47.25,47.11,47.24,98084.00
2026-01-06 13:05:00-05:00,47.235,47.2599,47.19,47.215,72672.00
2026-01-06 13:10:00-05:00,47.22,47.28,47.19,47.2446,123960.00
2026-01-06 13:15:00-05:00,47.245,47.3329,47.24,47.33,81381.00
2026-01-06 13:20:00-05:00,47.317,47.39,47.28,47.3065,308464.00
2026-01-06 13:25:00-05:00,47.315,47.3473,47.29,47.3277,329431.00
2026-01-06 13:30:00-05:00,47.33,47.355,47.28,47.3046,171448.00
2026-01-06 13:35:00-05:00,47.3099,47.3599,47.265,47.351,194518.00
2026-01-06 13:40:00-05:00,47.355,47.435,47.3,47.38,105246.00
2026-01-06 13:45:00-05:00,47.385,47.45,47.37,47.425,93042.00
2026-01-06 13:50:00-05:00,47.4299,47.44,47.375,47.4,129194.00
2026-01-06 13:55:00-05:00,47.39,47.49,47.39,47.47,94876.00
2026-01-06 14:00:00-05:00,47.47,47.4867,47.34,47.36,192436.00
2026-01-06 14:05:00-05:00,47.36,47.475,47.33,47.335,158728.00
2026-01-06 14:10:00-05:00,47.335,47.43,47.335,47.355,121866.00
2026-01-06 14:15:00-05:00,47.35,47.35,47.19,47.22,137831.00
2026-01-06 14:20:00-05:00,47.21,47.285,47.19,47.21,71990.00
2026-01-06 14:25:00-05:00,47.21,47.23,47.13,47.155,101525.00
2026-01-06 14:30:00-05:00,47.155,47.24,47.115,47.195,116263.00
2026-01-06 14:35:00-05:00,47.2,47.3076,47.1787,47.29,97679.00
2026-01-06 14:40:00-05:00,47.2994,47.31,47.26,47.26,88881.00
2026-01-06 14:45:00-05:00,47.255,47.31,47.214,47.214,108881.00
2026-01-06 14:50:00-05:00,47.22,47.25,47.13,47.24,94787.00
2026-01-06 14:55:00-05:00,47.25,47.3445,47.24,47.3347,82177.00
2026-01-06 15:00:00-05:00,47.33,47.335,47.28,47.305,101660.00
2026-01-06 15:05:00-05:00,47.31,47.325,47.275,47.3,99299.00
2026-01-06 15:10:00-05:00,47.295,47.385,47.295,47.35,97626.00
2026-01-06 15:15:00-05:00,47.345,47.4,47.3146,47.38,139974.00
2026-01-06 15:20:00-05:00,47.385,47.565,47.38,47.565,135543.00
2026-01-06 15:25:00-05:00,47.56,47.59,47.48,47.545,153016.00
2026-01-06 15:30:00-05:00,47.55,47.61,47.55,47.575,156546.00
2026-01-06 15:35:00-05:00,47.58,47.7,47.5349,47.695,230557.00
2026-01-06 15:40:00-05:00,47.7,47.73,47.62,47.63,151926.00
2026-01-06 15:45:00-05:00,47.63,47.67,47.605,47.6284,153288.00
2026-01-06 15:50:00-05:00,47.62,47.68,47.58,47.595,330389.00
2026-01-06 15:55:00-05:00,47.595,47.75,47.555,47.74,808767.00
2026-01-07 09:30:00-05:00,46.73,46.78,46.235,46.24,577094.00
2026-01-07 09:35:00-05:00,46.26,46.3699,45.93,45.94,286199.00
2026-01-07 09:40:00-05:00,45.9472,46.0313,45.83,45.85,252073.00
2026-01-07 09:45:00-05:00,45.87,46.07,45.78,46,217390.00
2026-01-07 09:50:00-05:00,45.99,46.03,45.79,45.82,296224.00
2026-01-07 09:55:00-05:00,45.81,45.94,45.7606,45.83,198910.00
2026-01-07 10:00:00-05:00,45.83,45.83,45.59,45.7,219131.00
2026-01-07 10:05:00-05:00,45.7,45.81,45.65,45.69,111753.00
2026-01-07 10:10:00-05:00,45.69,45.72,45.45,45.48,209959.00
2026-01-07 10:15:00-05:00,45.49,45.64,45.46,45.5944,186520.00
2026-01-07 10:20:00-05:00,45.59,45.95,45.5868,45.884,168510.00
2026-01-07 10:25:00-05:00,45.89,46.09,45.89,46.075,181198.00
2026-01-07 10:30:00-05:00,46.08,46.23,46.055,46.13,159647.00
2026-01-07 10:35:00-05:00,46.135,46.27,46.11,46.26,164762.00
2026-01-07 10:40:00-05:00,46.25,46.26,46.13,46.155,160610.00
2026-01-07 10:45:00-05:00,46.15,46.23,46.095,46.23,72045.00
2026-01-07 10:50:00-05:00,46.23,46.295,46.22,46.26,60044.00
2026-01-07 10:55:00-05:00,46.26,46.27,46.17,46.26,83725.00
2026-01-07 11:00:00-05:00,46.255,46.33,46.235,46.2965,75904.00
2026-01-07 11:05:00-05:00,46.3095,46.485,46.27,46.4846,94297.00
2026-01-07 11:10:00-05:00,46.48,46.57,46.46,46.51,117503.00
2026-01-07 11:15:00-05:00,46.505,46.55,46.44,46.495,122700.00
2026-01-07 11:20:00-05:00,46.5,46.71,46.5,46.6445,124535.00
2026-01-07 11:25:00-05:00,46.645,46.66,46.54,46.56,110444.00
2026-01-07 11:30:00-05:00,46.56,46.9071,46.545,46.9,140988.00
2026-01-07 11:35:00-05:00,46.9,47.03,46.845,47.01,201814.00
2026-01-07 11:40:00-05:00,47.01,47.1952,46.92,47.155,233233.00
2026-01-07 11:45:00-05:00,47.15,47.17,47.055,47.12,119880.00
2026-01-07 11:50:00-05:00,47.12,47.205,47.11,47.1601,101910.00
2026-01-07 11:55:00-05:00,47.1627,47.225,47.145,47.215,75412.00
2026-01-07 12:00:00-05:00,47.21,47.235,47.1,47.15,71852.00
2026-01-07 12:05:00-05:00,47.16,47.21,47.08,47.09,61788.00
2026-01-07 12:10:00-05:00,47.08,47.1254,47.05,47.085,68223.00
2026-01-07 12:15:00-05:00,47.085,47.1099,46.965,46.9999,161030.00
2026-01-07 12:20:00-05:00,47,47.06,46.98,47.025,99581.00
2026-01-07 12:25:00-05:00,47.0251,47.0284,46.9601,46.995,83781.00
2026-01-07 12:30:00-05:00,46.99,47.055,46.965,47.025,112705.00
2026-01-07 12:35:00-05:00,47.02,47.075,47.015,47.075,124587.00
2026-01-07 12:40:00-05:00,47.08,47.09,47.02,47.03,129146.00
2026-01-07 12:45:00-05:00,47.025,47.0332,47.005,47.0098,47142.00
2026-01-07 12:50:00-05:00,47,47.01,46.875,46.965,120668.00
2026-01-07 12:55:00-05:00,46.97,47,46.845,46.875,57439.00
2026-01-07 13:00:00-05:00,46.875,46.95,46.83,46.94,119499.00
2026-01-07 13:05:00-05:00,46.946,47,46.915,46.9599,109697.00
2026-01-07 13:10:00-05:00,46.95,47.03,46.935,47.01,76047.00
2026-01-07 13:15:00-05:00,47,47.069,46.975,47.055,111530.00
2026-01-07 13:20:00-05:00,47.055,47.22,47.055,47.21,110467.00
2026-01-07 13:25:00-05:00,47.21,47.25,47.17,47.195,56100.00
2026-01-07 13:30:00-05:00,47.2,47.31,47.19,47.305,77354.00
2026-01-07 13:35:00-05:00,47.305,47.39,47.3,47.375,52028.00
2026-01-07 13:40:00-05:00,47.38,47.4,47.34,47.365,48839.00
2026-01-07 13:45:00-05:00,47.3675,47.405,47.33,47.385,49876.00
2026-01-07 13:50:00-05:00,47.38,47.4,47.32,47.37,58880.00
2026-01-07 13:55:00-05:00,47.375,47.41,47.32,47.385,67432.00
2026-01-07 14:00:00-05:00,47.39,47.44,47.36,47.43,58101.00
2026-01-07 14:05:00-05:00,47.425,47.45,47.36,47.375,84505.00
2026-01-07 14:10:00-05:00,47.38,47.39,47.31,47.3378,63912.00
2026-01-07 14:15:00-05:00,47.335,47.35,47.285,47.3291,88443.00
2026-01-07 14:20:00-05:00,47.325,47.35,47.2945,47.305,52335.00
2026-01-07 14:25:00-05:00,47.31,47.395,47.31,47.39,77385.00
2026-01-07 14:30:00-05:00,47.3999,47.451,47.3999,47.43,65313.00
2026-01-07 14:35:00-05:00,47.43,47.45,47.415,47.43,58076.00
2026-01-07 14:40:00-05:00,47.4254,47.43,47.35,47.35,56521.00
2026-01-07 14:45:00-05:00,47.35,47.36,47.3,47.32,123331.00
2026-01-07 14:50:00-05:00,47.325,47.33,47.14,47.22,465377.00
2026-01-07 14:55:00-05:00,47.22,47.23,47.1345,47.2051,192603.00
2026-01-07 15:00:00-05:00,47.205,47.25,47.17,47.235,134270.00
2026-01-07 15:05:00-05:00,47.23,47.25,47.185,47.2258,95035.00
2026-01-07 15:10:00-05:00,47.23,47.23,47.125,47.205,163867.00
2026-01-07 15:15:00-05:00,47.205,47.27,47.171,47.25,141013.00
2026-01-07 15:20:00-05:00,47.245,47.315,47.2046,47.305,467274.00
2026-01-07 15:25:00-05:00,47.31,47.339,47.28,47.33,78782.00
2026-01-07 15:30:00-05:00,47.331,47.415,47.325,47.3745,142774.00
2026-01-07 15:35:00-05:00,47.38,47.395,47.31,47.325,125485.00
2026-01-07 15:40:00-05:00,47.325,47.4,47.32,47.385,135212.00
2026-01-07 15:45:00-05:00,47.385,47.4,47.26,47.265,289667.00
2026-01-07 15:50:00-05:00,47.265,47.45,47.26,47.435,382717.00
2026-01-07 15:55:00-05:00,47.435,47.48,47.265,47.28,770233.00
2026-01-08 09:30:00-05:00,46.22,46.4,46.14,46.27,323573.00
2026-01-08 09:35:00-05:00,46.27,46.67,46.2325,46.565,150242.00
2026-01-08 09:40:00-05:00,46.55,46.64,46.4,46.435,303921.00
2026-01-08 09:45:00-05:00,46.42,46.49,46.305,46.32,187730.00
2026-01-08 09:50:00-05:00,46.33,46.36,46.125,46.16,348558.00
2026-01-08 09:55:00-05:00,46.15,46.2,46.08,46.08,144562.00
2026-01-08 10:00:00-05:00,46.08,46.155,46,46.145,141111.00
2026-01-08 10:05:00-05:00,46.16,46.55,46.135,46.51,158965.00
2026-01-08 10:10:00-05:00,46.52,46.73,46.51,46.615,208328.00
2026-01-08 10:15:00-05:00,46.615,46.805,46.58,46.8,162232.00
2026-01-08 10:20:00-05:00,46.8,46.83,46.67,46.82,100461.00
2026-01-08 10:25:00-05:00,46.825,47.05,46.75,46.92,128151.00
2026-01-08 10:30:00-05:00,46.92,46.975,46.8,46.8,97607.00
2026-01-08 10:35:00-05:00,46.795,46.8,46.68,46.7114,130674.00
2026-01-08 10:40:00-05:00,46.72,46.89,46.72,46.805,349541.00
2026-01-08 10:45:00-05:00,46.81,46.925,46.77,46.91,96963.00
2026-01-08 10:50:00-05:00,46.92,46.98,46.865,46.88,151098.00
2026-01-08 10:55:00-05:00,46.88,47.07,46.87,47.04,88752.00
2026-01-08 11:00:00-05:00,47.035,47.09,46.97,46.99,73356.00
2026-01-08 11:05:00-05:00,46.985,46.995,46.905,46.905,98237.00
2026-01-08 11:10:00-05:00,46.915,46.9654,46.74,46.755,105276.00
2026-01-08 11:15:00-05:00,46.76,46.885,46.715,46.86,129851.00
2026-01-08 11:20:00-05:00,46.87,46.9399,46.825,46.825,79817.00
2026-01-08 11:25:00-05:00,46.825,46.975,46.825,46.975,115391.00
2026-01-08 11:30:00-05:00,46.97,47.06,46.925,47.045,84977.00
2026-01-08 11:35:00-05:00,47.05,47.08,46.975,47.01,70105.00
2026-01-08 11:40:00-05:00,47.0199,47.02,46.95,46.9999,87586.00
2026-01-08 11:45:00-05:00,46.995,46.995,46.88,46.91,105360.00
2026-01-08 11:50:00-05:00,46.91,47,46.875,46.89,125992.00
2026-01-08 11:55:00-05:00,46.9,47.055,46.86,47.0357,87330.00
2026-01-08 12:00:00-05:00,47.05,47.0801,46.975,47.025,94944.00
2026-01-08 12:05:00-05:00,47.02,47.04,46.99,47.015,57038.00
2026-01-08 12:10:00-05:00,47.015,47.12,47.01,47.11,84682.00
2026-01-08 12:15:00-05:00,47.11,47.13,47.04,47.07,81844.00
2026-01-08 12:20:00-05:00,47.06,47.07,47.015,47.05,53825.00
2026-01-08 12:25:00-05:00,47.045,47.095,46.995,47.08,62784.00
2026-01-08 12:30:00-05:00,47.08,47.195,47.08,47.15,44866.00
2026-01-08 12:35:00-05:00,47.1455,47.17,46.94,46.96,162446.00
2026-01-08 12:40:00-05:00,46.96,47.07,46.96,47.04,88936.00
2026-01-08 12:45:00-05:00,47.04,47.07,47.01,47.045,91729.00
2026-01-08 12:50:00-05:00,47.05,47.135,47.05,47.135,47496.00
2026-01-08 12:55:00-05:00,47.135,47.2,47.12,47.19,39954.00
2026-01-08 13:00:00-05:00,47.185,47.1892,47.12,47.12,70295.00
2026-01-08 13:05:00-05:00,47.125,47.175,47.1,47.175,46036.00
2026-01-08 13:10:00-05:00,47.17,47.18,47.12,47.17,68927.00
2026-01-08 13:15:00-05:00,47.16,47.195,47.15,47.18,60095.00
2026-01-08 13:20:00-05:00,47.18,47.185,47.115,47.155,52016.00
2026-01-08 13:25:00-05:00,47.155,47.1798,47.1201,47.165,63667.00
2026-01-08 13:30:00-05:00,47.1698,47.21,47.1698,47.185,40506.00
2026-01-08 13:35:00-05:00,47.18,47.18,47.095,47.135,132225.00
2026-01-08 13:40:00-05:00,47.13,47.155,47.12,47.155,48516.00
2026-01-08 13:45:00-05:00,47.155,47.1954,47.13,47.17,97946.00
2026-01-08 13:50:00-05:00,47.16,47.1899,47.12,47.125,144582.00
2026-01-08 13:55:00-05:00,47.12,47.13,47.0489,47.0489,57065.00
2026-01-08 14:00:00-05:00,47.04,47.04,46.83,46.842,135853.00
2026-01-08 14:05:00-05:00,46.845,46.91,46.805,46.87,58055.00
2026-01-08 14:10:00-05:00,46.861,46.96,46.861,46.8993,39033.00
2026-01-08 14:15:00-05:00,46.89,46.895,46.78,46.835,44731.00
2026-01-08 14:20:00-05:00,46.835,46.9,46.82,46.825,47370.00
2026-01-08 14:25:00-05:00,46.8246,46.835,46.75,46.775,62521.00
2026-01-08 14:30:00-05:00,46.78,46.98,46.78,46.936,53805.00
2026-01-08 14:35:00-05:00,46.935,47.03,46.92,47.003,154676.00
2026-01-08 14:40:00-05:00,47.005,47.035,46.955,47,65590.00
2026-01-08 14:45:00-05:00,47.005,47.1098,47.005,47.1093,41256.00
2026-01-08 14:50:00-05:00,47.11,47.115,46.97,47.0199,43998.00
2026-01-08 14:55:00-05:00,47.01,47.065,46.945,47.065,83712.00
2026-01-08 15:00:00-05:00,47.065,47.225,47.06,47.225,73311.00
2026-01-08 15:05:00-05:00,47.2201,47.2599,47.18,47.225,79498.00
2026-01-08 15:10:00-05:00,47.23,47.25,47.13,47.13,45883.00
2026-01-08 15:15:00-05:00,47.135,47.18,47.09,47.165,74056.00
2026-01-08 15:20:00-05:00,47.165,47.26,47.165,47.245,92113.00
2026-01-08 15:25:00-05:00,47.25,47.35,47.25,47.32,106102.00
2026-01-08 15:30:00-05:00,47.33,47.41,47.33,47.395,93671.00
2026-01-08 15:35:00-05:00,47.395,47.5,47.39,47.43,134950.00
2026-01-08 15:40:00-05:00,47.43,47.455,47.38,47.419,155898.00
2026-01-08 15:45:00-05:00,47.42,47.45,47.395,47.445,297914.00
2026-01-08 15:50:00-05:00,47.44,47.53,47.41,47.4362,323060.00
2026-01-08 15:55:00-05:00,47.435,47.46,47.39,47.45,784541.00
2026-01-09 09:30:00-05:00,47.54,47.66,46.98,47.2545,440975.00
2026-01-09 09:35:00-05:00,47.25,47.65,47.22,47.545,339114.00
2026-01-09 09:40:00-05:00,47.55,47.82,47.55,47.63,210394.00
2026-01-09 09:45:00-05:00,47.62,47.8,47.505,47.56,240832.00
2026-01-09 09:50:00-05:00,47.55,47.68,47.43,47.64,232534.00
2026-01-09 09:55:00-05:00,47.635,47.87,47.57,47.835,164571.00
2026-01-09 10:00:00-05:00,47.835,48.005,47.69,47.69,275614.00
2026-01-09 10:05:00-05:00,47.69,47.85,47.69,47.75,111453.00
2026-01-09 10:10:00-05:00,47.75,47.96,47.67,47.9487,176542.00
2026-01-09 10:15:00-05:00,47.95,48.04,47.85,48.025,198495.00
2026-01-09 10:20:00-05:00,48.025,48.11,47.95,48.11,111856.00
2026-01-09 10:25:00-05:00,48.1,48.29,48.05,48.11,202917.00
2026-01-09 10:30:00-05:00,48.12,48.2041,48.045,48.07,152359.00
2026-01-09 10:35:00-05:00,48.08,48.23,48.08,48.22,176552.00
2026-01-09 10:40:00-05:00,48.22,48.24,48.085,48.13,157980.00
2026-01-09 10:45:00-05:00,48.12,48.17,48.03,48.09,120130.00
2026-01-09 10:50:00-05:00,48.1,48.24,48.085,48.14,155602.00
2026-01-09 10:55:00-05:00,48.13,48.21,48.075,48.135,164098.00
2026-01-09 11:00:00-05:00,48.14,48.165,48.08,48.13,81945.00
2026-01-09 11:05:00-05:00,48.125,48.29,48.06,48.2093,217150.00
2026-01-09 11:10:00-05:00,48.2,48.25,48.1,48.18,263389.00
2026-01-09 11:15:00-05:00,48.19,48.25,48.13,48.19,132297.00
2026-01-09 11:20:00-05:00,48.195,48.34,48.18,48.32,137527.00
2026-01-09 11:25:00-05:00,48.31,48.35,48.245,48.3,131291.00
2026-01-09 11:30:00-05:00,48.305,48.32,48.21,48.29,55803.00
2026-01-09 11:35:00-05:00,48.29,48.35,48.285,48.33,104137.00
2026-01-09 11:40:00-05:00,48.334,48.39,48.31,48.375,82346.00
2026-01-09 11:45:00-05:00,48.37,48.43,48.355,48.415,99797.00
2026-01-09 11:50:00-05:00,48.42,48.48,48.4,48.475,58070.00
2026-01-09 11:55:00-05:00,48.475,48.5,48.41,48.44,141730.00
2026-01-09 12:00:00-05:00,48.45,48.47,48.42,48.43,46577.00
2026-01-09 12:05:00-05:00,48.435,48.4659,48.415,48.455,66528.00
2026-01-09 12:10:00-05:00,48.46,48.47,48.41,48.425,93105.00
2026-01-09 12:15:00-05:00,48.42,48.42,48.3,48.31,133586.00
2026-01-09 12:20:00-05:00,48.305,48.33,48.17,48.235,155585.00
2026-01-09 12:25:00-05:00,48.23,48.23,48.135,48.195,122284.00
2026-01-09 12:30:00-05:00,48.2,48.31,48.175,48.2734,111561.00
2026-01-09 12:35:00-05:00,48.27,48.28,48.2,48.275,107499.00
2026-01-09 12:40:00-05:00,48.27,48.28,48.1912,48.1949,124878.00
2026-01-09 12:45:00-05:00,48.19,48.21,48.03,48.0901,197487.00
2026-01-09 12:50:00-05:00,48.1,48.115,47.91,47.93,1929302.00
2026-01-09 12:55:00-05:00,47.93,47.93,47.55,47.56,247336.00
2026-01-09 13:00:00-05:00,47.55,47.87,47.38,47.865,219085.00
2026-01-09 13:05:00-05:00,47.87,48.02,47.87,47.945,89509.00
2026-01-09 13:10:00-05:00,47.95,48.02,47.92,48.015,50326.00
2026-01-09 13:15:00-05:00,48.02,48.09,48,48.04,63479.00
2026-01-09 13:20:00-05:00,48.05,48.1399,48.035,48.095,54340.00
2026-01-09 13:25:00-05:00,48.095,48.13,48.01,48.055,67447.00
2026-01-09 13:30:00-05:00,48.05,48.135,48.0499,48.135,44402.00
2026-01-09 13:35:00-05:00,48.13,48.26,48.125,48.255,68716.00
2026-01-09 13:40:00-05:00,48.255,48.31,48.2,48.23,55414.00
2026-01-09 13:45:00-05:00,48.245,48.255,48.11,48.177,88517.00
2026-01-09 13:50:00-05:00,48.175,48.19,48.1201,48.1201,48748.00
2026-01-09 13:55:00-05:00,48.125,48.14,48.0425,48.07,75991.00
2026-01-09 14:00:00-05:00,48.08,48.13,48.0746,48.09,66699.00
2026-01-09 14:05:00-05:00,48.09,48.135,48.08,48.1301,102051.00
2026-01-09 14:10:00-05:00,48.135,48.18,48.0999,48.0999,49144.00
2026-01-09 14:15:00-05:00,48.095,48.135,48.085,48.13,34531.00
2026-01-09 14:20:00-05:00,48.13,48.15,48.085,48.12,357725.00
2026-01-09 14:25:00-05:00,48.12,48.2,48.12,48.19,52779.00
2026-01-09 14:30:00-05:00,48.19,48.19,48.1,48.14,28149.00
2026-01-09 14:35:00-05:00,48.13,48.15,48.11,48.145,34199.00
2026-01-09 14:40:00-05:00,48.145,48.15,48.0801,48.0906,63217.00
2026-01-09 14:45:00-05:00,48.095,48.14,48.095,48.13,42388.00
2026-01-09 14:50:00-05:00,48.12,48.15,48.095,48.11,52400.00
2026-01-09 14:55:00-05:00,48.1099,48.11,47.965,47.97,70131.00
2026-01-09 15:00:00-05:00,47.96,47.96,47.91,47.92,52072.00
2026-01-09 15:05:00-05:00,47.915,47.93,47.865,47.92,53507.00
2026-01-09 15:10:00-05:00,47.93,47.98,47.915,47.965,101128.00
2026-01-09 15:15:00-05:00,47.97,47.995,47.95,47.975,61040.00
2026-01-09 15:20:00-05:00,47.97,47.97,47.87,47.88,93092.00
2026-01-09 15:25:00-05:00,47.8799,47.8889,47.7809,47.785,59328.00
2026-01-09 15:30:00-05:00,47.79,47.885,47.765,47.8646,87194.00
2026-01-09 15:35:00-05:00,47.865,47.9,47.845,47.87,92845.00
2026-01-09 15:40:00-05:00,47.875,47.9,47.83,47.835,99584.00
2026-01-09 15:45:00-05:00,47.835,47.8501,47.805,47.805,128919.00
2026-01-09 15:50:00-05:00,47.8,47.805,47.705,47.74,362056.00
2026-01-09 15:55:00-05:00,47.745,47.82,47.695,47.82,637516.00
2026-01-12 09:30:00-05:00,49.2,49.5,49.2,49.48,436797.00
2026-01-12 09:35:00-05:00,49.49,49.74,49.315,49.635,489250.00
2026-01-12 09:40:00-05:00,49.64,49.69,49.2368,49.24,297237.00
2026-01-12 09:45:00-05:00,49.26,49.49,49.12,49.31,344268.00
2026-01-12 09:50:00-05:00,49.3,49.345,49.06,49.06,252514.00
2026-01-12 09:55:00-05:00,49.08,49.41,49.04,49.38,427591.00
2026-01-12 10:00:00-05:00,49.35,49.52,49.31,49.3356,299966.00
2026-01-12 10:05:00-05:00,49.335,49.49,49.3,49.46,166339.00
2026-01-12 10:10:00-05:00,49.45,49.52,49.3456,49.47,247012.00
2026-01-12 10:15:00-05:00,49.4699,49.47,49.265,49.315,154603.00
2026-01-12 10:20:00-05:00,49.305,49.385,49.235,49.38,197436.00
2026-01-12 10:25:00-05:00,49.39,49.43,49.305,49.305,169950.00
2026-01-12 10:30:00-05:00,49.31,49.36,49.2,49.32,117677.00
2026-01-12 10:35:00-05:00,49.32,49.41,49.225,49.345,198685.00
2026-01-12 10:40:00-05:00,49.345,49.65,49.24,49.63,204120.00
2026-01-12 10:45:00-05:00,49.63,49.645,49.475,49.585,280665.00
2026-01-12 10:50:00-05:00,49.585,49.585,49.31,49.4399,175368.00
2026-01-12 10:55:00-05:00,49.43,49.4755,49.29,49.35,146840.00
2026-01-12 11:00:00-05:00,49.35,49.48,49.3298,49.42,80667.00
2026-01-12 11:05:00-05:00,49.42,49.485,49.315,49.33,72157.00
2026-01-12 11:10:00-05:00,49.335,49.54,49.29,49.535,125840.00
2026-01-12 11:15:00-05:00,49.53,49.595,49.46,49.53,236345.00
2026-01-12 11:20:00-05:00,49.515,49.64,49.46,49.4625,174391.00
2026-01-12 11:25:00-05:00,49.46,49.54,49.41,49.5055,104078.00
2026-01-12 11:30:00-05:00,49.5045,49.675,49.4925,49.65,71022.00
2026-01-12 11:35:00-05:00,49.65,49.66,49.39,49.39,82109.00
2026-01-12 11:40:00-05:00,49.4,49.44,49.19,49.415,208919.00
2026-01-12 11:45:00-05:00,49.41,49.5,49.41,49.48,56721.00
2026-01-12 11:50:00-05:00,49.475,49.5,49.365,49.365,75435.00
2026-01-12 11:55:00-05:00,49.355,49.4,49.325,49.37,69006.00
2026-01-12 12:00:00-05:00,49.385,49.525,49.37,49.48,74325.00
2026-01-12 12:05:00-05:00,49.48,49.55,49.42,49.425,64515.00
2026-01-12 12:10:00-05:00,49.42,49.4699,49.37,49.425,88724.00
2026-01-12 12:15:00-05:00,49.44,49.5099,49.4101,49.48,40917.00
2026-01-12 12:20:00-05:00,49.47,49.5,49.365,49.41,49734.00
2026-01-12 12:25:00-05:00,49.41,49.53,49.41,49.52,78377.00
2026-01-12 12:30:00-05:00,49.515,49.539,49.475,49.48,49145.00
2026-01-12 12:35:00-05:00,49.47,49.48,49.32,49.335,91577.00
2026-01-12 12:40:00-05:00,49.34,49.42,49.33,49.36,62602.00
2026-01-12 12:45:00-05:00,49.35,49.46,49.35,49.4254,42696.00
2026-01-12 12:50:00-05:00,49.4267,49.485,49.38,49.475,52807.00
2026-01-12 12:55:00-05:00,49.485,49.495,49.415,49.46,42594.00
2026-01-12 13:00:00-05:00,49.4544,49.465,49.39,49.445,52264.00
2026-01-12 13:05:00-05:00,49.45,49.505,49.45,49.48,51911.00
2026-01-12 13:10:00-05:00,49.48,49.5171,49.42,49.43,103956.00
2026-01-12 13:15:00-05:00,49.42,49.43,49.32,49.37,84670.00
2026-01-12 13:20:00-05:00,49.365,49.41,49.34,49.3646,59250.00
2026-01-12 13:25:00-05:00,49.365,49.3759,49.23,49.325,58200.00
2026-01-12 13:30:00-05:00,49.325,49.3646,49.284,49.3599,56864.00
2026-01-12 13:35:00-05:00,49.34,49.36,49.29,49.36,44583.00
2026-01-12 13:40:00-05:00,49.37,49.37,49.315,49.315,36396.00
2026-01-12 13:45:00-05:00,49.32,49.375,49.28,49.295,35123.00
2026-01-12 13:50:00-05:00,49.305,49.305,49.205,49.215,70921.00
2026-01-12 13:55:00-05:00,49.22,49.295,49.22,49.295,61290.00
2026-01-12 14:00:00-05:00,49.295,49.315,49.23,49.295,75068.00
2026-01-12 14:05:00-05:00,49.2999,49.42,49.275,49.41,90607.00
2026-01-12 14:10:00-05:00,49.4001,49.44,49.22,49.235,100527.00
2026-01-12 14:15:00-05:00,49.235,49.2966,49.22,49.235,81078.00
2026-01-12 14:20:00-05:00,49.235,49.245,49.145,49.1811,124128.00
2026-01-12 14:25:00-05:00,49.19,49.28,49.16,49.28,125346.00
2026-01-12 14:30:00-05:00,49.28,49.39,49.275,49.385,105092.00
2026-01-12 14:35:00-05:00,49.39,49.41,49.29,49.3099,83705.00
2026-01-12 14:40:00-05:00,49.305,49.31,49.195,49.205,142435.00
2026-01-12 14:45:00-05:00,49.205,49.24,49.185,49.19,129191.00
2026-01-12 14:50:00-05:00,49.19,49.205,49.09,49.185,96000.00
2026-01-12 14:55:00-05:00,49.185,49.24,49.16,49.235,184264.00
2026-01-12 15:00:00-05:00,49.235,49.255,49.18,49.215,101047.00
2026-01-12 15:05:00-05:00,49.215,49.285,49.2094,49.235,84415.00
2026-01-12 15:10:00-05:00,49.235,49.285,49.21,49.255,108587.00
2026-01-12 15:15:00-05:00,49.255,49.26,49.115,49.115,120121.00
2026-01-12 15:20:00-05:00,49.115,49.16,49.05,49.15,174603.00
2026-01-12 15:25:00-05:00,49.15,49.21,49.135,49.17,196539.00
2026-01-12 15:30:00-05:00,49.17,49.2,49.145,49.185,160114.00
2026-01-12 15:35:00-05:00,49.18,49.1915,49.135,49.1461,116649.00
2026-01-12 15:40:00-05:00,49.15,49.18,49.025,49.035,214524.00
2026-01-12 15:45:00-05:00,49.035,49.05,48.955,49.015,253459.00
2026-01-12 15:50:00-05:00,49.01,49.105,48.995,49.105,368787.00
2026-01-12 15:55:00-05:00,49.105,49.21,49.05,49.05,1053717.00
2026-01-13 09:30:00-05:00,49.5,49.5899,49.04,49.5,258867.00
2026-01-13 09:35:00-05:00,49.515,49.639,49.37,49.47,181695.00
2026-01-13 09:40:00-05:00,49.48,49.8,49.46,49.79,192994.00
2026-01-13 09:45:00-05:00,49.785,50.1,49.785,50.06,438085.00
2026-01-13 09:50:00-05:00,50.06,50.11,49.9,49.9708,231488.00
2026-01-13 09:55:00-05:00,49.965,49.99,49.84,49.845,155616.00
2026-01-13 10:00:00-05:00,49.855,49.94,49.7,49.79,145275.00
2026-01-13 10:05:00-05:00,49.83,49.8699,49.73,49.75,63731.00
2026-01-13 10:10:00-05:00,49.755,49.85,49.73,49.75,157050.00
2026-01-13 10:15:00-05:00,49.75,49.78,49.53,49.57,104507.00
2026-01-13 10:20:00-05:00,49.575,49.595,49.4409,49.47,234987.00
2026-01-13 10:25:00-05:00,49.4674,49.63,49.39,49.585,256139.00
2026-01-13 10:30:00-05:00,49.56,49.835,49.56,49.8,138154.00
2026-01-13 10:35:00-05:00,49.79,49.79,49.67,49.7195,105529.00
2026-01-13 10:40:00-05:00,49.705,49.81,49.66,49.79,107409.00
2026-01-13 10:45:00-05:00,49.795,49.945,49.785,49.9,86110.00
2026-01-13 10:50:00-05:00,49.91,50.075,49.905,50.02,308492.00
2026-01-13 10:55:00-05:00,50.01,50.035,49.935,49.9695,154335.00
2026-01-13 11:00:00-05:00,49.9695,50.025,49.8,49.8,281285.00
2026-01-13 11:05:00-05:00,49.785,49.83,49.6046,49.61,191299.00
2026-01-13 11:10:00-05:00,49.615,49.82,49.615,49.735,124854.00
2026-01-13 11:15:00-05:00,49.725,49.775,49.65,49.74,155463.00
2026-01-13 11:20:00-05:00,49.74,49.79,49.65,49.7,73877.00
2026-01-13 11:25:00-05:00,49.705,49.71,49.545,49.7,126387.00
2026-01-13 11:30:00-05:00,49.69,49.86,49.685,49.855,90919.00
2026-01-13 11:35:00-05:00,49.86,49.91,49.8,49.9,64597.00
2026-01-13 11:40:00-05:00,49.915,50.015,49.8902,50.01,95178.00
2026-01-13 11:45:00-05:00,50.02,50.175,50.02,50.16,97093.00
2026-01-13 11:50:00-05:00,50.15,50.16,50.0501,50.105,148826.00
2026-01-13 11:55:00-05:00,50.105,50.18,50,50.175,146931.00
2026-01-13 12:00:00-05:00,50.18,50.23,50.1001,50.1001,133220.00
2026-01-13 12:05:00-05:00,50.12,50.14,50.055,50.055,40289.00
2026-01-13 12:10:00-05:00,50.05,50.12,50.02,50.12,43371.00
2026-01-13 12:15:00-05:00,50.11,50.145,50.09,50.095,40010.00
2026-01-13 12:20:00-05:00,50.1,50.155,50.055,50.15,78409.00
2026-01-13 12:25:00-05:00,50.15,50.15,50.035,50.055,53690.00
2026-01-13 12:30:00-05:00,50.06,50.09,49.95,50.0699,133608.00
2026-01-13 12:35:00-05:00,50.06,50.08,50,50.035,57260.00
2026-01-13 12:40:00-05:00,50.035,50.075,49.97,49.975,81273.00
2026-01-13 12:45:00-05:00,49.975,50.015,49.93,49.93,62567.00
2026-01-13 12:50:00-05:00,49.91,49.99,49.895,49.94,81731.00
2026-01-13 12:55:00-05:00,49.945,49.945,49.76,49.83,106027.00
2026-01-13 13:00:00-05:00,49.84,49.875,49.7801,49.8,119895.00
2026-01-13 13:05:00-05:00,49.805,49.9,49.79,49.865,97604.00
2026-01-13 13:10:00-05:00,49.87,50.05,49.87,50.045,64095.00
2026-01-13 13:15:00-05:00,50.04,50.05,49.825,49.875,166297.00
2026-01-13 13:20:00-05:00,49.88,49.935,49.8,49.86,101212.00
2026-01-13 13:25:00-05:00,49.875,49.945,49.87,49.92,52982.00
2026-01-13 13:30:00-05:00,49.925,50.06,49.925,49.97,82921.00
2026-01-13 13:35:00-05:00,49.98,50.14,49.98,50.13,97005.00
2026-01-13 13:40:00-05:00,50.12,50.18,50.115,50.16,50356.00
2026-01-13 13:45:00-05:00,50.17,50.28,50.155,50.2399,165512.00
2026-01-13 13:50:00-05:00,50.235,50.235,50.14,50.185,67469.00
2026-01-13 13:55:00-05:00,50.185,50.185,49.99,50.025,85807.00
2026-01-13 14:00:00-05:00,50.025,50.03,49.83,49.89,183991.00
2026-01-13 14:05:00-05:00,49.89,50.105,49.89,50.07,101721.00
2026-01-13 14:10:00-05:00,50.07,50.12,50.03,50.12,72367.00
2026-01-13 14:15:00-05:00,50.12,50.1799,49.995,50.065,112255.00
2026-01-13 14:20:00-05:00,50.07,50.0951,50.04,50.0803,45536.00
2026-01-13 14:25:00-05:00,50.09,50.1,50.05,50.075,40904.00
2026-01-13 14:30:00-05:00,50.08,50.13,50.0675,50.085,50749.00
2026-01-13 14:35:00-05:00,50.07,50.105,50.035,50.09,38170.00
2026-01-13 14:40:00-05:00,50.085,50.115,50.045,50.075,46349.00
2026-01-13 14:45:00-05:00,50.07,50.07,49.97,50.045,70966.00
2026-01-13 14:50:00-05:00,50.05,50.085,50.02,50.055,30451.00
2026-01-13 14:55:00-05:00,50.05,50.0899,50.04,50.055,45739.00
2026-01-13 15:00:00-05:00,50.06,50.065,49.98,49.995,61049.00
2026-01-13 15:05:00-05:00,49.995,50.05,49.96,49.985,77936.00
2026-01-13 15:10:00-05:00,49.99,50.015,49.97,50,83559.00
2026-01-13 15:15:00-05:00,50.005,50.06,49.945,50.025,87784.00
2026-01-13 15:20:00-05:00,50.03,50.0746,50.025,50.055,71331.00
2026-01-13 15:25:00-05:00,50.06,50.075,50.005,50.025,80779.00
2026-01-13 15:30:00-05:00,50.02,50.08,49.8,49.85,303930.00
2026-01-13 15:35:00-05:00,49.855,49.87,49.785,49.835,216508.00
2026-01-13 15:40:00-05:00,49.835,49.96,49.835,49.96,149875.00
2026-01-13 15:45:00-05:00,49.96,49.97,49.86,49.875,583437.00
2026-01-13 15:50:00-05:00,49.87,49.87,49.685,49.805,409068.00
2026-01-13 15:55:00-05:00,49.8,49.875,49.58,49.71,1215275.00
2026-01-14 09:30:00-05:00,50.42,50.51,50,50.045,630212.00
2026-01-14 09:35:00-05:00,50.02,50.18,49.78,49.89,309529.00
2026-01-14 09:40:00-05:00,49.8981,49.9899,49.81,49.9,271465.00
2026-01-14 09:45:00-05:00,49.895,49.91,49.62,49.64,380848.00
2026-01-14 09:50:00-05:00,49.625,49.8547,49.62,49.84,360364.00
2026-01-14 09:55:00-05:00,49.83,49.91,49.765,49.801,133700.00
2026-01-14 10:00:00-05:00,49.81,49.81,49.6,49.75,207482.00
2026-01-14 10:05:00-05:00,49.75,49.79,49.56,49.63,196237.00
2026-01-14 10:10:00-05:00,49.62,49.83,49.54,49.78,155100.00
2026-01-14 10:15:00-05:00,49.78,49.95,49.77,49.795,184388.00
2026-01-14 10:20:00-05:00,49.795,49.8173,49.6775,49.76,223282.00
2026-01-14 10:25:00-05:00,49.76,49.77,49.67,49.7051,182571.00
2026-01-14 10:30:00-05:00,49.7,49.735,49.425,49.43,238016.00
2026-01-14 10:35:00-05:00,49.43,49.65,49.4,49.6099,254528.00
2026-01-14 10:40:00-05:00,49.6,49.83,49.6,49.64,123185.00
2026-01-14 10:45:00-05:00,49.65,49.845,49.6199,49.75,198369.00
2026-01-14 10:50:00-05:00,49.76,49.825,49.6,49.735,95489.00
2026-01-14 10:55:00-05:00,49.735,49.79,49.525,49.615,209033.00
2026-01-14 11:00:00-05:00,49.62,49.685,49.51,49.6,124523.00
2026-01-14 11:05:00-05:00,49.61,49.635,49.395,49.41,246060.00
2026-01-14 11:10:00-05:00,49.405,49.56,49.365,49.56,90442.00
2026-01-14 11:15:00-05:00,49.56,49.77,49.53,49.76,109169.00
2026-01-14 11:20:00-05:00,49.76,49.85,49.73,49.825,96076.00
2026-01-14 11:25:00-05:00,49.82,49.905,49.815,49.875,121213.00
2026-01-14 11:30:00-05:00,49.88,50,49.86,49.9851,107496.00
2026-01-14 11:35:00-05:00,49.985,49.9967,49.74,49.82,117548.00
2026-01-14 11:40:00-05:00,49.81,49.87,49.75,49.82,81374.00
2026-01-14 11:45:00-05:00,49.815,49.815,49.6425,49.73,105893.00
2026-01-14 11:50:00-05:00,49.74,49.81,49.72,49.74,36930.00
2026-01-14 11:55:00-05:00,49.74,49.8099,49.62,49.8,57516.00
2026-01-14 12:00:00-05:00,49.805,49.9,49.745,49.77,78659.00
2026-01-14 12:05:00-05:00,49.7699,49.845,49.7125,49.8354,58749.00
2026-01-14 12:10:00-05:00,49.835,49.96,49.805,49.925,73866.00
2026-01-14 12:15:00-05:00,49.925,49.93,49.81,49.84,53164.00
2026-01-14 12:20:00-05:00,49.835,49.845,49.595,49.67,150824.00
2026-01-14 12:25:00-05:00,49.67,49.865,49.61,49.865,102569.00
2026-01-14 12:30:00-05:00,49.86,49.86,49.45,49.5399,175442.00
2026-01-14 12:35:00-05:00,49.54,49.66,49.5,49.595,62207.00
2026-01-14 12:40:00-05:00,49.59,49.63,49.5,49.625,55841.00
2026-01-14 12:45:00-05:00,49.61,49.77,49.61,49.76,45325.00
2026-01-14 12:50:00-05:00,49.77,49.86,49.76,49.84,163179.00
2026-01-14 12:55:00-05:00,49.83,49.87,49.81,49.83,53560.00
2026-01-14 13:00:00-05:00,49.82,49.9852,49.74,49.96,45165.00
2026-01-14 13:05:00-05:00,49.96,50.02,49.92,49.965,114221.00
2026-01-14 13:10:00-05:00,49.97,50.01,49.94,49.99,62266.00
2026-01-14 13:15:00-05:00,49.98,50.01,49.94,49.9951,39065.00
2026-01-14 13:20:00-05:00,50,50.035,49.84,49.855,96768.00
2026-01-14 13:25:00-05:00,49.855,49.86,49.8,49.84,89768.00
2026-01-14 13:30:00-05:00,49.845,49.9,49.835,49.85,51214.00
2026-01-14 13:35:00-05:00,49.86,49.87,49.81,49.845,30303.00
2026-01-14 13:40:00-05:00,49.8399,49.885,49.8399,49.884,28857.00
2026-01-14 13:45:00-05:00,49.89,49.985,49.85,49.98,43140.00
2026-01-14 13:50:00-05:00,49.98,50.08,49.95,50.07,68495.00
2026-01-14 13:55:00-05:00,50.07,50.19,50.0295,50.185,53501.00
2026-01-14 14:00:00-05:00,50.19,50.29,50.09,50.1,99382.00
2026-01-14 14:05:00-05:00,50.08,50.105,50,50.03,71976.00
2026-01-14 14:10:00-05:00,50.03,50.06,49.97,50.06,71583.00
2026-01-14 14:15:00-05:00,50.05,50.06,49.99,50.04,48939.00
2026-01-14 14:20:00-05:00,50.05,50.145,50.025,50.135,76665.00
2026-01-14 14:25:00-05:00,50.14,50.145,50,50.035,58308.00
2026-01-14 14:30:00-05:00,50.04,50.14,50.03,50.05,79832.00
2026-01-14 14:35:00-05:00,50.05,50.11,50.02,50.1,56469.00
2026-01-14 14:40:00-05:00,50.1,50.1554,50.1,50.14,34119.00
2026-01-14 14:45:00-05:00,50.1398,50.17,50.12,50.12,28559.00
2026-01-14 14:50:00-05:00,50.125,50.18,50.125,50.1576,74312.00
2026-01-14 14:55:00-05:00,50.16,50.255,50.1446,50.2354,75425.00
2026-01-14 15:00:00-05:00,50.245,50.28,50.03,50.15,276511.00
2026-01-14 15:05:00-05:00,50.15,50.2101,50.05,50.2101,139101.00
2026-01-14 15:10:00-05:00,50.21,50.29,50.195,50.265,92491.00
2026-01-14 15:15:00-05:00,50.27,50.29,50.115,50.25,124685.00
2026-01-14 15:20:00-05:00,50.25,50.27,50.165,50.2,331702.00
2026-01-14 15:25:00-05:00,50.205,50.27,50.2,50.235,130777.00
2026-01-14 15:30:00-05:00,50.235,50.385,50.21,50.35,169973.00
2026-01-14 15:35:00-05:00,50.355,50.37,50.255,50.275,127671.00
2026-01-14 15:40:00-05:00,50.27,50.3,50.16,50.165,187296.00
2026-01-14 15:45:00-05:00,50.165,50.165,49.995,50.02,353789.00
2026-01-14 15:50:00-05:00,50.02,50.03,49.945,49.97,408182.00
2026-01-14 15:55:00-05:00,49.97,49.975,49.865,49.925,1331128.00
2026-01-15 09:30:00-05:00,49.69,49.81,49.2004,49.555,494468.00
2026-01-15 09:35:00-05:00,49.555,49.95,49.52,49.89,348214.00
2026-01-15 09:40:00-05:00,49.92,49.99,49.705,49.705,154615.00
2026-01-15 09:45:00-05:00,49.73,49.93,49.67,49.72,121055.00
2026-01-15 09:50:00-05:00,49.715,49.73,49.56,49.59,117351.00
2026-01-15 09:55:00-05:00,49.63,49.715,49.5648,49.66,91781.00
2026-01-15 10:00:00-05:00,49.65,49.705,49.57,49.595,99441.00
2026-01-15 10:05:00-05:00,49.595,49.625,49.425,49.6,124480.00
2026-01-15 10:10:00-05:00,49.605,49.64,49.5603,49.595,83423.00
2026-01-15 10:15:00-05:00,49.595,49.71,49.51,49.705,159291.00
2026-01-15 10:20:00-05:00,49.705,49.885,49.662,49.8,310914.00
2026-01-15 10:25:00-05:00,49.79,49.83,49.7,49.83,108082.00
2026-01-15 10:30:00-05:00,49.83,49.855,49.745,49.75,89299.00
2026-01-15 10:35:00-05:00,49.75,49.76,49.695,49.725,48295.00
2026-01-15 10:40:00-05:00,49.73,49.745,49.595,49.695,78405.00
2026-01-15 10:45:00-05:00,49.69,49.71,49.635,49.6511,64004.00
2026-01-15 10:50:00-05:00,49.655,49.8,49.65,49.78,182255.00
2026-01-15 10:55:00-05:00,49.79,49.8498,49.74,49.745,107233.00
2026-01-15 11:00:00-05:00,49.745,49.77,49.58,49.585,158744.00
2026-01-15 11:05:00-05:00,49.585,49.68,49.53,49.675,97844.00
2026-01-15 11:10:00-05:00,49.68,49.83,49.64,49.77,111177.00
2026-01-15 11:15:00-05:00,49.77,49.9129,49.76,49.8797,239910.00
2026-01-15 11:20:00-05:00,49.87,49.87,49.745,49.805,102040.00
2026-01-15 11:25:00-05:00,49.8,49.8,49.69,49.735,73560.00
2026-01-15 11:30:00-05:00,49.73,49.8,49.72,49.78,95013.00
2026-01-15 11:35:00-05:00,49.78,49.82,49.675,49.685,88617.00
2026-01-15 11:40:00-05:00,49.69,49.715,49.625,49.675,93315.00
2026-01-15 11:45:00-05:00,49.665,49.68,49.465,49.47,86140.00
2026-01-15 11:50:00-05:00,49.47,49.48,49.08,49.15,252921.00
2026-01-15 11:55:00-05:00,49.16,49.17,49.055,49.111,180134.00
2026-01-15 12:00:00-05:00,49.11,49.4401,49.1001,49.41,148383.00
2026-01-15 12:05:00-05:00,49.405,49.49,49.3802,49.49,61169.00
2026-01-15 12:10:00-05:00,49.5,49.52,49.375,49.41,75056.00
2026-01-15 12:15:00-05:00,49.415,49.51,49.365,49.485,55478.00
2026-01-15 12:20:00-05:00,49.48,49.54,49.445,49.525,86794.00
2026-01-15 12:25:00-05:00,49.525,49.55,49.48,49.54,68126.00
2026-01-15 12:30:00-05:00,49.53,49.57,49.51,49.53,59783.00
2026-01-15 12:35:00-05:00,49.525,49.56,49.465,49.465,52361.00
2026-01-15 12:40:00-05:00,49.465,49.52,49.455,49.5176,42696.00
2026-01-15 12:45:00-05:00,49.52,49.55,49.4546,49.465,47463.00
2026-01-15 12:50:00-05:00,49.465,49.47,49.2301,49.27,155298.00
2026-01-15 12:55:00-05:00,49.265,49.39,49.17,49.39,150501.00
2026-01-15 13:00:00-05:00,49.395,49.48,49.395,49.41,73896.00
2026-01-15 13:05:00-05:00,49.4,49.4601,49.395,49.46,64918.00
2026-01-15 13:10:00-05:00,49.46,49.5599,49.46,49.475,56919.00
2026-01-15 13:15:00-05:00,49.475,49.51,49.45,49.48,86893.00
2026-01-15 13:20:00-05:00,49.475,49.5299,49.44,49.45,110184.00
2026-01-15 13:25:00-05:00,49.45,49.72,49.445,49.72,187468.00
2026-01-15 13:30:00-05:00,49.71,49.765,49.6701,49.765,67466.00
2026-01-15 13:35:00-05:00,49.76,49.84,49.7101,49.731,58822.00
2026-01-15 13:40:00-05:00,49.74,49.84,49.715,49.835,36518.00
2026-01-15 13:45:00-05:00,49.835,49.87,49.78,49.7845,31072.00
2026-01-15 13:50:00-05:00,49.7855,49.7962,49.73,49.755,71536.00
2026-01-15 13:55:00-05:00,49.745,49.7856,49.71,49.76,47019.00
2026-01-15 14:00:00-05:00,49.755,49.845,49.71,49.845,72527.00
2026-01-15 14:05:00-05:00,49.84,49.85,49.775,49.815,42562.00
2026-01-15 14:10:00-05:00,49.82,49.835,49.79,49.7956,51546.00
2026-01-15 14:15:00-05:00,49.8,49.835,49.745,49.835,39843.00
2026-01-15 14:20:00-05:00,49.835,49.97,49.815,49.97,75924.00
2026-01-15 14:25:00-05:00,49.965,50.01,49.8645,49.87,146525.00
2026-01-15 14:30:00-05:00,49.86,49.86,49.795,49.8128,56944.00
2026-01-15 14:35:00-05:00,49.8159,49.825,49.73,49.745,90306.00
2026-01-15 14:40:00-05:00,49.75,49.8278,49.75,49.825,55255.00
2026-01-15 14:45:00-05:00,49.825,49.8299,49.7446,49.7899,46790.00
2026-01-15 14:50:00-05:00,49.785,49.81,49.751,49.79,55917.00
2026-01-15 14:55:00-05:00,49.8,49.85,49.755,49.84,135406.00
2026-01-15 15:00:00-05:00,49.845,49.845,49.705,49.82,62107.00
2026-01-15 15:05:00-05:00,49.82,49.845,49.68,49.68,71570.00
2026-01-15 15:10:00-05:00,49.67,49.745,49.62,49.69,59931.00
2026-01-15 15:15:00-05:00,49.69,49.735,49.635,49.64,56640.00
2026-01-15 15:20:00-05:00,49.635,49.68,49.52,49.535,142556.00
2026-01-15 15:25:00-05:00,49.525,49.56,49.37,49.3942,222720.00
2026-01-15 15:30:00-05:00,49.4,49.48,49.375,49.44,257562.00
2026-01-15 15:35:00-05:00,49.4407,49.555,49.44,49.495,115176.00
2026-01-15 15:40:00-05:00,49.4958,49.575,49.48,49.5101,130109.00
2026-01-15 15:45:00-05:00,49.515,49.56,49.5,49.53,178501.00
2026-01-15 15:50:00-05:00,49.52,49.65,49.46,49.635,294772.00
2026-01-15 15:55:00-05:00,49.63,49.66,49.545,49.64,791867.00
2026-01-16 09:30:00-05:00,49.28,49.46,48.98,49.14,327174.00
2026-01-16 09:35:00-05:00,49.147,49.315,48.9,48.918,276644.00
2026-01-16 09:40:00-05:00,48.915,49.075,48.9,48.99,246463.00
2026-01-16 09:45:00-05:00,48.99,49.18,48.965,49.125,128479.00
2026-01-16 09:50:00-05:00,49.11,49.11,48.94,49.1,169065.00
2026-01-16 09:55:00-05:00,49.09,49.09,48.895,48.895,95903.00
2026-01-16 10:00:00-05:00,48.89,49.14,48.885,49.14,64565.00
2026-01-16 10:05:00-05:00,49.13,49.29,49.1,49.29,110596.00
2026-01-16 10:10:00-05:00,49.3,49.34,49.2,49.23,148370.00
2026-01-16 10:15:00-05:00,49.23,49.24,49.06,49.06,98592.00
2026-01-16 10:20:00-05:00,49.08,49.18,48.58,48.61,210560.00
2026-01-16 10:25:00-05:00,48.61,48.61,48.15,48.255,431945.00
2026-01-16 10:30:00-05:00,48.25,48.28,48.01,48.0904,240009.00
2026-01-16 10:35:00-05:00,48.09,48.4,48.04,48.35,204174.00
2026-01-16 10:40:00-05:00,48.36,48.365,48.13,48.24,172290.00
2026-01-16 10:45:00-05:00,48.25,48.555,48.23,48.52,262632.00
2026-01-16 10:50:00-05:00,48.54,48.71,48.47,48.66,172417.00
2026-01-16 10:55:00-05:00,48.665,48.73,48.5,48.63,159317.00
2026-01-16 11:00:00-05:00,48.63,48.65,48.52,48.6,79423.00
2026-01-16 11:05:00-05:00,48.6,48.79,48.6,48.64,143480.00
2026-01-16 11:10:00-05:00,48.64,48.77,48.615,48.76,203191.00
2026-01-16 11:15:00-05:00,48.76,48.81,48.7,48.7997,113104.00
2026-01-16 11:20:00-05:00,48.8,48.955,48.79,48.905,106040.00
2026-01-16 11:25:00-05:00,48.9,49.07,48.89,48.92,178104.00
2026-01-16 11:30:00-05:00,48.92,48.935,48.87,48.885,82697.00
2026-01-16 11:35:00-05:00,48.89,49.07,48.875,49.04,120031.00
2026-01-16 11:40:00-05:00,49.04,49.085,48.955,48.96,68700.00
2026-01-16 11:45:00-05:00,48.955,48.995,48.8706,48.885,48208.00
2026-01-16 11:50:00-05:00,48.875,48.885,48.715,48.715,90156.00
2026-01-16 11:55:00-05:00,48.71,48.88,48.71,48.8593,156186.00
2026-01-16 12:00:00-05:00,48.855,48.9,48.8,48.875,129280.00
2026-01-16 12:05:00-05:00,48.875,48.895,48.765,48.81,64046.00
2026-01-16 12:10:00-05:00,48.81,48.8926,48.7901,48.8926,39297.00
2026-01-16 12:15:00-05:00,48.9,48.925,48.79,48.8,138773.00
2026-01-16 12:20:00-05:00,48.8,48.885,48.695,48.8699,109191.00
2026-01-16 12:25:00-05:00,48.86,48.8607,48.795,48.805,54693.00
2026-01-16 12:30:00-05:00,48.805,48.87,48.78,48.87,58908.00
2026-01-16 12:35:00-05:00,48.865,48.9098,48.86,48.87,24748.00
2026-01-16 12:40:00-05:00,48.865,48.875,48.8,48.83,41658.00
2026-01-16 12:45:00-05:00,48.825,48.975,48.77,48.95,129050.00
2026-01-16 12:50:00-05:00,48.95,49.075,48.92,49.035,61856.00
2026-01-16 12:55:00-05:00,49.03,49.05,48.945,48.95,54448.00
2026-01-16 13:00:00-05:00,48.94,49.01,48.925,49.01,51149.00
2026-01-16 13:05:00-05:00,49.02,49.085,49.005,49.07,60339.00
2026-01-16 13:10:00-05:00,49.065,49.085,49.03,49.05,69316.00
2026-01-16 13:15:00-05:00,49.05,49.09,49.04,49.0726,65410.00
2026-01-16 13:20:00-05:00,49.0799,49.14,49.075,49.09,76684.00
2026-01-16 13:25:00-05:00,49.0899,49.095,48.93,48.935,221547.00
2026-01-16 13:30:00-05:00,48.94,48.99,48.82,48.99,334031.00
2026-01-16 13:35:00-05:00,48.99,48.99,48.885,48.935,164849.00
2026-01-16 13:40:00-05:00,48.94,48.96,48.9001,48.955,35267.00
2026-01-16 13:45:00-05:00,48.955,48.96,48.8401,48.845,51859.00
2026-01-16 13:50:00-05:00,48.85,48.85,48.72,48.731,65676.00
2026-01-16 13:55:00-05:00,48.725,48.725,48.605,48.63,74312.00
2026-01-16 14:00:00-05:00,48.63,48.646,48.57,48.645,63527.00
2026-01-16 14:05:00-05:00,48.65,48.68,48.59,48.59,44397.00
2026-01-16 14:10:00-05:00,48.5942,48.5942,48.515,48.525,37538.00
2026-01-16 14:15:00-05:00,48.53,48.55,48.485,48.515,122861.00
2026-01-16 14:20:00-05:00,48.52,48.56,48.495,48.505,52382.00
2026-01-16 14:25:00-05:00,48.5,48.54,48.455,48.505,66245.00
2026-01-16 14:30:00-05:00,48.5199,48.655,48.51,48.6446,371076.00
2026-01-16 14:35:00-05:00,48.65,48.66,48.595,48.6107,59835.00
2026-01-16 14:40:00-05:00,48.615,48.64,48.575,48.575,44956.00
2026-01-16 14:45:00-05:00,48.58,48.62,48.51,48.52,66744.00
2026-01-16 14:50:00-05:00,48.515,48.515,48.4501,48.485,66932.00
2026-01-16 14:55:00-05:00,48.4801,48.485,48.395,48.425,71084.00
2026-01-16 15:00:00-05:00,48.43,48.455,48.335,48.435,87019.00
2026-01-16 15:05:00-05:00,48.435,48.495,48.41,48.4803,97894.00
2026-01-16 15:10:00-05:00,48.48,48.545,48.43,48.545,99226.00
2026-01-16 15:15:00-05:00,48.545,48.545,48.43,48.52,82214.00
2026-01-16 15:20:00-05:00,48.52,48.66,48.5,48.6502,88738.00
2026-01-16 15:25:00-05:00,48.6506,48.665,48.605,48.66,72805.00
2026-01-16 15:30:00-05:00,48.655,48.66,48.44,48.635,178985.00
2026-01-16 15:35:00-05:00,48.64,48.6465,48.575,48.595,82007.00
2026-01-16 15:40:00-05:00,48.595,48.65,48.57,48.605,129431.00
2026-01-16 15:45:00-05:00,48.6,48.625,48.54,48.58,263524.00
2026-01-16 15:50:00-05:00,48.58,48.67,48.58,48.6445,313957.00
2026-01-16 15:55:00-05:00,48.645,48.73,48.63,48.72,618002.00
2026-01-20 09:30:00-05:00,50.35,50.4,49.68,49.6961,1243134.00
2026-01-20 09:35:00-05:00,49.69,50.1462,49.6201,49.9799,478570.00
2026-01-20 09:40:00-05:00,49.96,50,49.64,49.6662,308056.00
2026-01-20 09:45:00-05:00,49.65,49.825,49.58,49.67,252170.00
2026-01-20 09:50:00-05:00,49.68,49.96,49.59,49.9,207552.00
2026-01-20 09:55:00-05:00,49.9,50.06,49.9,49.97,262356.00
2026-01-20 10:00:00-05:00,49.96,50.14,49.925,50.02,397863.00
2026-01-20 10:05:00-05:00,50.015,50.015,49.51,49.83,401520.00
2026-01-20 10:10:00-05:00,49.84,50.2,49.84,50.155,259442.00
2026-01-20 10:15:00-05:00,50.15,50.15,49.865,49.8725,185115.00
2026-01-20 10:20:00-05:00,49.8708,49.95,49.49,49.53,360175.00
2026-01-20 10:25:00-05:00,49.535,49.6845,49.48,49.64,242512.00
2026-01-20 10:30:00-05:00,49.635,49.775,49.58,49.695,292764.00
2026-01-20 10:35:00-05:00,49.69,49.69,49.4801,49.545,167314.00
2026-01-20 10:40:00-05:00,49.54,49.835,49.53,49.6599,187833.00
2026-01-20 10:45:00-05:00,49.655,49.865,49.6,49.785,165598.00
2026-01-20 10:50:00-05:00,49.79,49.79,49.568,49.705,216069.00
2026-01-20 10:55:00-05:00,49.7,49.7,49.455,49.615,160867.00
2026-01-20 11:00:00-05:00,49.62,49.74,49.54,49.55,182522.00
2026-01-20 11:05:00-05:00,49.56,49.725,49.485,49.6099,193725.00
2026-01-20 11:10:00-05:00,49.61,49.845,49.61,49.815,310958.00
2026-01-20 11:15:00-05:00,49.82,49.87,49.735,49.75,169000.00
2026-01-20 11:20:00-05:00,49.76,49.77,49.57,49.595,194976.00
2026-01-20 11:25:00-05:00,49.6,49.77,49.51,49.72,192538.00
2026-01-20 11:30:00-05:00,49.72,49.955,49.71,49.9,157022.00
2026-01-20 11:35:00-05:00,49.9,49.965,49.825,49.935,84197.00
2026-01-20 11:40:00-05:00,49.95,49.96,49.755,49.81,77316.00
2026-01-20 11:45:00-05:00,49.8,49.82,49.71,49.82,77330.00
2026-01-20 11:50:00-05:00,49.83,49.85,49.695,49.785,68000.00
2026-01-20 11:55:00-05:00,49.795,49.96,49.795,49.925,71091.00
2026-01-20 12:00:00-05:00,49.92,49.92,49.715,49.765,143680.00
2026-01-20 12:05:00-05:00,49.75,49.79,49.67,49.675,177612.00
2026-01-20 12:10:00-05:00,49.677,49.71,49.58,49.7,143781.00
2026-01-20 12:15:00-05:00,49.69,49.69,49.5801,49.585,64782.00
2026-01-20 12:20:00-05:00,49.58,49.665,49.525,49.57,136165.00
2026-01-20 12:25:00-05:00,49.575,49.71,49.53,49.69,173633.00
2026-01-20 12:30:00-05:00,49.71,49.71,49.545,49.58,168319.00
2026-01-20 12:35:00-05:00,49.575,49.68,49.56,49.575,123263.00
2026-01-20 12:40:00-05:00,49.59,49.615,49.51,49.5999,446059.00
2026-01-20 12:45:00-05:00,49.6,49.6,49.36,49.48,212363.00
2026-01-20 12:50:00-05:00,49.5,49.54,49.46,49.54,90950.00
2026-01-20 12:55:00-05:00,49.5499,49.665,49.52,49.625,128927.00
2026-01-20 13:00:00-05:00,49.63,49.75,49.61,49.64,134688.00
2026-01-20 13:05:00-05:00,49.63,49.64,49.575,49.5907,90156.00
2026-01-20 13:10:00-05:00,49.5951,49.605,49.4601,49.505,76141.00
2026-01-20 13:15:00-05:00,49.51,49.585,49.505,49.545,93049.00
2026-01-20 13:20:00-05:00,49.545,49.625,49.52,49.61,77276.00
2026-01-20 13:25:00-05:00,49.61,49.652,49.53,49.65,107810.00
2026-01-20 13:30:00-05:00,49.65,49.7399,49.56,49.71,222856.00
2026-01-20 13:35:00-05:00,49.72,49.76,49.63,49.74,71724.00
2026-01-20 13:40:00-05:00,49.73,49.75,49.62,49.62,62636.00
2026-01-20 13:45:00-05:00,49.63,49.72,49.63,49.7045,56367.00
2026-01-20 13:50:00-05:00,49.7,49.7,49.59,49.595,108242.00
2026-01-20 13:55:00-05:00,49.6,49.8,49.6,49.8,80238.00
2026-01-20 14:00:00-05:00,49.805,49.8397,49.695,49.7799,117696.00
2026-01-20 14:05:00-05:00,49.78,49.9,49.74,49.7799,111528.00
2026-01-20 14:10:00-05:00,49.78,49.78,49.7,49.74,95747.00
2026-01-20 14:15:00-05:00,49.755,49.93,49.725,49.89,88382.00
2026-01-20 14:20:00-05:00,49.9,49.905,49.7,49.725,152803.00
2026-01-20 14:25:00-05:00,49.725,49.728,49.615,49.625,109428.00
2026-01-20 14:30:00-05:00,49.625,49.625,49.295,49.4917,407464.00
2026-01-20 14:35:00-05:00,49.4999,49.7199,49.485,49.69,77933.00
2026-01-20 14:40:00-05:00,49.69,49.75,49.605,49.675,71065.00
2026-01-20 14:45:00-05:00,49.675,49.795,49.65,49.795,117929.00
2026-01-20 14:50:00-05:00,49.795,49.95,49.765,49.885,163777.00
2026-01-20 14:55:00-05:00,49.88,49.88,49.73,49.8,78135.00
2026-01-20 15:00:00-05:00,49.795,49.815,49.71,49.7446,69071.00
2026-01-20 15:05:00-05:00,49.74,49.77,49.7,49.75,51469.00
2026-01-20 15:10:00-05:00,49.755,49.785,49.73,49.745,63567.00
2026-01-20 15:15:00-05:00,49.74,49.82,49.74,49.815,91062.00
2026-01-20 15:20:00-05:00,49.815,49.835,49.7545,49.795,82962.00
2026-01-20 15:25:00-05:00,49.795,49.865,49.79,49.84,96905.00
2026-01-20 15:30:00-05:00,49.84,49.885,49.79,49.865,176171.00
2026-01-20 15:35:00-05:00,49.865,49.945,49.84,49.8906,125207.00
2026-01-20 15:40:00-05:00,49.8901,49.925,49.885,49.905,126055.00
2026-01-20 15:45:00-05:00,49.905,50.005,49.905,49.975,395730.00
2026-01-20 15:50:00-05:00,49.97,50.06,49.94,49.9911,405820.00
2026-01-20 15:55:00-05:00,49.99,50.0001,49.83,49.97,1630678.00
2026-01-21 09:30:00-05:00,50.64,50.71,50.14,50.445,585363.00
2026-01-21 09:35:00-05:00,50.43,50.68,50.16,50.68,349914.00
2026-01-21 09:40:00-05:00,50.68,50.7999,50.5,50.6,305061.00
2026-01-21 09:45:00-05:00,50.6,50.64,50.44,50.47,258317.00
2026-01-21 09:50:00-05:00,50.48,50.52,50.245,50.305,283697.00
2026-01-21 09:55:00-05:00,50.31,50.385,50.02,50.035,141069.00
2026-01-21 10:00:00-05:00,50.035,50.19,50.01,50.165,249533.00
2026-01-21 10:05:00-05:00,50.16,50.2,50.105,50.11,137246.00
2026-01-21 10:10:00-05:00,50.11,50.18,49.99,50.18,280606.00
2026-01-21 10:15:00-05:00,50.19,50.265,49.835,49.97,293198.00
2026-01-21 10:20:00-05:00,49.98,49.98,49.325,49.4,632355.00
2026-01-21 10:25:00-05:00,49.41,49.46,49.23,49.315,478449.00
2026-01-21 10:30:00-05:00,49.3,49.615,49.24,49.56,461620.00
2026-01-21 10:35:00-05:00,49.57,49.65,49.348,49.51,222589.00
2026-01-21 10:40:00-05:00,49.505,49.741,49.47,49.71,146626.00
2026-01-21 10:45:00-05:00,49.73,49.785,49.635,49.78,118658.00
2026-01-21 10:50:00-05:00,49.785,50.115,49.765,50.08,193309.00
2026-01-21 10:55:00-05:00,50.085,50.205,49.895,49.905,243302.00
2026-01-21 11:00:00-05:00,49.909,50,49.88,49.89,135884.00
2026-01-21 11:05:00-05:00,49.9,49.985,49.885,49.91,399375.00
2026-01-21 11:10:00-05:00,49.92,49.94,49.825,49.915,121784.00
2026-01-21 11:15:00-05:00,49.92,50.1399,49.91,49.955,229280.00
2026-01-21 11:20:00-05:00,49.955,50.045,49.905,49.99,122256.00
2026-01-21 11:25:00-05:00,49.99,50.06,49.93,50.03,119720.00
2026-01-21 11:30:00-05:00,50.03,50.12,49.995,50.08,110471.00
2026-01-21 11:35:00-05:00,50.08,50.1,49.97,50.05,98469.00
2026-01-21 11:40:00-05:00,50.04,50.085,49.87,49.9,88232.00
2026-01-21 11:45:00-05:00,49.905,49.96,49.77,49.88,166187.00
2026-01-21 11:50:00-05:00,49.885,49.89,49.685,49.78,159018.00
2026-01-21 11:55:00-05:00,49.76,49.78,49.66,49.67,94186.00
2026-01-21 12:00:00-05:00,49.67,49.76,49.63,49.705,100937.00
2026-01-21 12:05:00-05:00,49.7,49.725,49.625,49.69,59716.00
2026-01-21 12:10:00-05:00,49.69,49.7,49.475,49.54,150261.00
2026-01-21 12:15:00-05:00,49.53,49.66,49.475,49.62,72703.00
2026-01-21 12:20:00-05:00,49.63,49.7,49.615,49.6451,60615.00
2026-01-21 12:25:00-05:00,49.63,49.6893,49.49,49.525,112307.00
2026-01-21 12:30:00-05:00,49.53,49.53,49.23,49.29,329584.00
2026-01-21 12:35:00-05:00,49.29,49.48,49.29,49.39,129445.00
2026-01-21 12:40:00-05:00,49.39,49.495,49.2,49.304,213219.00
2026-01-21 12:45:00-05:00,49.31,49.455,49.275,49.435,95946.00
2026-01-21 12:50:00-05:00,49.435,49.775,49.435,49.71,84446.00
2026-01-21 12:55:00-05:00,49.72,49.9,49.675,49.885,65311.00
2026-01-21 13:00:00-05:00,49.88,49.91,49.58,49.6346,82415.00
2026-01-21 13:05:00-05:00,49.645,49.67,49.5401,49.58,65675.00
2026-01-21 13:10:00-05:00,49.59,49.74,49.555,49.56,45418.00
2026-01-21 13:15:00-05:00,49.555,49.74,49.54,49.71,232143.00
2026-01-21 13:20:00-05:00,49.7,49.87,49.65,49.85,112735.00
2026-01-21 13:25:00-05:00,49.845,50.03,49.845,49.97,122828.00
2026-01-21 13:30:00-05:00,49.97,50.04,49.955,49.965,108976.00
2026-01-21 13:35:00-05:00,49.97,49.975,49.905,49.965,347080.00
2026-01-21 13:40:00-05:00,49.97,49.99,49.94,49.98,44226.00
2026-01-21 13:45:00-05:00,49.975,50.13,49.97,50.105,76780.00
2026-01-21 13:50:00-05:00,50.105,50.145,50.01,50.01,90054.00
2026-01-21 13:55:00-05:00,50.02,50.13,49.975,50.125,105477.00
2026-01-21 14:00:00-05:00,50.125,50.145,49.962,49.98,63022.00
2026-01-21 14:05:00-05:00,49.99,50.075,49.96,50.025,70314.00
2026-01-21 14:10:00-05:00,50.03,50.055,49.98,49.98,44478.00
2026-01-21 14:15:00-05:00,49.9778,50.0454,49.93,50.025,79489.00
2026-01-21 14:20:00-05:00,50.0201,50.11,49.99,50.1001,75748.00
2026-01-21 14:25:00-05:00,50.1,50.23,49.34,49.5,671890.00
2026-01-21 14:30:00-05:00,49.495,49.83,49.45,49.51,311282.00
2026-01-21 14:35:00-05:00,49.52,49.535,49.122,49.19,399437.00
2026-01-21 14:40:00-05:00,49.2,49.5,49.16,49.4,339147.00
2026-01-21 14:45:00-05:00,49.4,49.57,49.29,49.55,267782.00
2026-01-21 14:50:00-05:00,49.56,49.56,49.1,49.26,358598.00
2026-01-21 14:55:00-05:00,49.25,49.41,49.14,49.34,359764.00
2026-01-21 15:00:00-05:00,49.33,49.33,49.1,49.16,226073.00
2026-01-21 15:05:00-05:00,49.15,49.305,49.1,49.17,139232.00
2026-01-21 15:10:00-05:00,49.165,49.21,49.075,49.14,121682.00
2026-01-21 15:15:00-05:00,49.14,49.23,49.05,49.11,191857.00
2026-01-21 15:20:00-05:00,49.11,49.16,48.965,49.02,220884.00
2026-01-21 15:25:00-05:00,49.02,49.0973,48.9781,48.995,129378.00
2026-01-21 15:30:00-05:00,48.99,49.18,48.935,49.075,238188.00
2026-01-21 15:35:00-05:00,49.09,49.13,48.96,49.02,195476.00
2026-01-21 15:40:00-05:00,49.03,49.14,49.03,49.135,190384.00
2026-01-21 15:45:00-05:00,49.135,49.18,49.085,49.1172,305267.00
2026-01-21 15:50:00-05:00,49.11,49.155,49.03,49.09,482756.00
2026-01-21 15:55:00-05:00,49.09,49.19,49.045,49.07,981488.00
2026-01-22 09:30:00-05:00,49.31,50,49.26,49.655,83954.00
2026-01-22 09:35:00-05:00,49.6481,49.75,49.26,49.306,594061.00
2026-01-22 09:40:00-05:00,49.315,49.32,49.11,49.24,211277.00
2026-01-22 09:45:00-05:00,49.23,49.27,48.95,48.965,232520.00
2026-01-22 09:50:00-05:00,48.9675,49.57,48.965,49.56,163831.00
2026-01-22 09:55:00-05:00,49.55,49.6,49.36,49.36,128495.00
2026-01-22 10:00:00-05:00,49.38,49.48,49.3,49.425,157069.00
2026-01-22 10:05:00-05:00,49.415,49.505,49.29,49.3598,184865.00
2026-01-22 10:10:00-05:00,49.355,49.62,49.355,49.615,103997.00
2026-01-22 10:15:00-05:00,49.62,49.925,49.58,49.86,230611.00
2026-01-22 10:20:00-05:00,49.86,49.92,49.74,49.77,198101.00
2026-01-22 10:25:00-05:00,49.76,50.01,49.73,49.96,208538.00
2026-01-22 10:30:00-05:00,49.965,50.1,49.89,49.97,212439.00
2026-01-22 10:35:00-05:00,49.97,50,49.88,49.918,142360.00
2026-01-22 10:40:00-05:00,49.91,49.94,49.78,49.935,128029.00
2026-01-22 10:45:00-05:00,49.93,50,49.9,49.945,117847.00
2026-01-22 10:50:00-05:00,49.94,50.01,49.9,49.95,271603.00
2026-01-22 10:55:00-05:00,49.95,50,49.905,50,183462.00
2026-01-22 11:00:00-05:00,50,50.1194,49.995,50.035,194798.00
2026-01-22 11:05:00-05:00,50.035,50.115,50.01,50.07,144002.00
2026-01-22 11:10:00-05:00,50.075,50.125,49.98,50.09,315688.00
2026-01-22 11:15:00-05:00,50.095,50.14,49.99,50.14,143071.00
2026-01-22 11:20:00-05:00,50.13,50.23,50.0645,50.085,1097887.00
2026-01-22 11:25:00-05:00,50.08,50.105,49.8927,49.905,713795.00
2026-01-22 11:30:00-05:00,49.9,50.01,49.855,49.99,128431.00
2026-01-22 11:35:00-05:00,50.005,50.07,49.94,49.9801,145854.00
2026-01-22 11:40:00-05:00,49.98,50.075,49.91,49.96,262267.00
2026-01-22 11:45:00-05:00,49.965,49.99,49.87,49.95,102774.00
2026-01-22 11:50:00-05:00,49.945,50,49.91,49.92,100389.00
2026-01-22 11:55:00-05:00,49.925,49.9356,49.8702,49.91,80049.00
2026-01-22 12:00:00-05:00,49.895,49.965,49.865,49.965,109440.00
2026-01-22 12:05:00-05:00,49.97,49.99,49.835,49.93,177988.00
2026-01-22 12:10:00-05:00,49.93,50.005,49.905,49.95,63248.00
2026-01-22 12:15:00-05:00,49.96,49.96,49.905,49.96,75021.00
2026-01-22 12:20:00-05:00,49.96,50.025,49.93,49.985,125483.00
2026-01-22 12:25:00-05:00,49.99,50,49.955,49.9701,68889.00
2026-01-22 12:30:00-05:00,49.975,50.095,49.97,50.085,87654.00
2026-01-22 12:35:00-05:00,50.085,50.1,50.01,50.01,110812.00
2026-01-22 12:40:00-05:00,50.02,50.095,50.015,50.035,289350.00
2026-01-22 12:45:00-05:00,50.03,50.09,49.995,50.03,638025.00
2026-01-22 12:50:00-05:00,50.03,50.06,49.99,50.01,194345.00
2026-01-22 12:55:00-05:00,50.015,50.02,49.95,49.96,80692.00
2026-01-22 13:00:00-05:00,49.96,49.965,49.83,49.925,157105.00
2026-01-22 13:05:00-05:00,49.92,49.9374,49.865,49.9,77481.00
2026-01-22 13:10:00-05:00,49.895,49.93,49.825,49.835,110976.00
2026-01-22 13:15:00-05:00,49.83,49.925,49.83,49.855,108638.00
2026-01-22 13:20:00-05:00,49.86,49.8872,49.76,49.765,97233.00
2026-01-22 13:25:00-05:00,49.77,49.8555,49.77,49.825,65251.00
2026-01-22 13:30:00-05:00,49.825,49.83,49.745,49.82,71230.00
2026-01-22 13:35:00-05:00,49.82,49.9,49.76,49.855,123724.00
2026-01-22 13:40:00-05:00,49.855,49.88,49.785,49.845,91113.00
2026-01-22 13:45:00-05:00,49.8475,49.85,49.77,49.845,117606.00
2026-01-22 13:50:00-05:00,49.84,49.84,49.76,49.785,68318.00
2026-01-22 13:55:00-05:00,49.78,49.8075,49.75,49.765,70961.00
2026-01-22 14:00:00-05:00,49.765,49.79,49.7324,49.775,85013.00
2026-01-22 14:05:00-05:00,49.775,49.79,49.72,49.73,147732.00
2026-01-22 14:10:00-05:00,49.73,49.7899,49.73,49.7799,82100.00
2026-01-22 14:15:00-05:00,49.775,49.78,49.71,49.74,74686.00
2026-01-22 14:20:00-05:00,49.74,49.7475,49.68,49.705,113717.00
2026-01-22 14:25:00-05:00,49.705,49.7087,49.575,49.615,138572.00
2026-01-22 14:30:00-05:00,49.615,49.62,49.485,49.49,186505.00
2026-01-22 14:35:00-05:00,49.485,49.58,49.42,49.42,218403.00
2026-01-22 14:40:00-05:00,49.43,49.475,49.4,49.42,213497.00
2026-01-22 14:45:00-05:00,49.425,49.47,49.38,49.43,106326.00
2026-01-22 14:50:00-05:00,49.435,49.565,49.38,49.5,114349.00
2026-01-22 14:55:00-05:00,49.5,49.5,49.38,49.4993,88614.00
2026-01-22 15:00:00-05:00,49.495,49.51,49.4,49.51,110160.00
2026-01-22 15:05:00-05:00,49.51,49.555,49.485,49.545,77294.00
2026-01-22 15:10:00-05:00,49.54,49.545,49.455,49.52,74636.00
2026-01-22 15:15:00-05:00,49.52,49.595,49.52,49.58,167085.00
2026-01-22 15:20:00-05:00,49.57,49.595,49.52,49.545,95793.00
2026-01-22 15:25:00-05:00,49.535,49.565,49.5,49.535,113129.00
2026-01-22 15:30:00-05:00,49.535,49.535,49.46,49.465,140055.00
2026-01-22 15:35:00-05:00,49.46,49.49,49.37,49.38,118863.00
2026-01-22 15:40:00-05:00,49.3754,49.4251,49.355,49.4251,160022.00
2026-01-22 15:45:00-05:00,49.425,49.5,49.415,49.425,245176.00
2026-01-22 15:50:00-05:00,49.425,49.445,49.31,49.355,444898.00
2026-01-22 15:55:00-05:00,49.355,49.37,49.22,49.24,1251288.00
2026-01-23 09:30:00-05:00,49.66,49.74,49.51,49.65,387889.00
2026-01-23 09:35:00-05:00,49.7,49.92,49.58,49.76,207537.00
2026-01-23 09:40:00-05:00,49.769,50.16,49.75,50.08,927074.00
2026-01-23 09:45:00-05:00,50.0801,50.22,50.01,50.06,1346489.00
2026-01-23 09:50:00-05:00,50.06,50.15,50.03,50.095,1545326.00
2026-01-23 09:55:00-05:00,50.1,50.38,50.06,50.2,1150688.00
2026-01-23 10:00:00-05:00,50.18,50.37,50.1,50.21,323905.00
2026-01-23 10:05:00-05:00,50.21,50.3088,50.19,50.25,283128.00
2026-01-23 10:10:00-05:00,50.249,50.31,50.21,50.275,182218.00
2026-01-23 10:15:00-05:00,50.275,50.285,50.14,50.18,238411.00
2026-01-23 10:20:00-05:00,50.19,50.3,50.175,50.275,195157.00
2026-01-23 10:25:00-05:00,50.27,50.355,50.25,50.285,219179.00
2026-01-23 10:30:00-05:00,50.29,50.46,50.28,50.435,203181.00
2026-01-23 10:35:00-05:00,50.435,50.44,50.27,50.39,270644.00
2026-01-23 10:40:00-05:00,50.385,50.4,50.305,50.36,145950.00
2026-01-23 10:45:00-05:00,50.36,50.46,50.345,50.385,154725.00
2026-01-23 10:50:00-05:00,50.38,50.38,50.15,50.21,245496.00
2026-01-23 10:55:00-05:00,50.21,50.31,50.17,50.23,137260.00
2026-01-23 11:00:00-05:00,50.23,50.345,50.21,50.325,829151.00
2026-01-23 11:05:00-05:00,50.325,50.76,50.32,50.71,354913.00
2026-01-23 11:10:00-05:00,50.705,50.71,50.35,50.35,243182.00
2026-01-23 11:15:00-05:00,50.34,50.58,50.335,50.484,114475.00
2026-01-23 11:20:00-05:00,50.48,50.595,50.43,50.575,120548.00
2026-01-23 11:25:00-05:00,50.575,50.755,50.575,50.68,278775.00
2026-01-23 11:30:00-05:00,50.68,50.71,50.55,50.62,185879.00
2026-01-23 11:35:00-05:00,50.62,50.72,50.54,50.57,162800.00
2026-01-23 11:40:00-05:00,50.57,50.615,50.5,50.505,97318.00
2026-01-23 11:45:00-05:00,50.505,50.505,50.415,50.48,239280.00
2026-01-23 11:50:00-05:00,50.475,50.56,50.445,50.48,98356.00
2026-01-23 11:55:00-05:00,50.485,50.6,50.47,50.5599,80168.00
2026-01-23 12:00:00-05:00,50.56,50.59,50.53,50.56,134044.00
2026-01-23 12:05:00-05:00,50.555,50.625,50.51,50.6,65369.00
2026-01-23 12:10:00-05:00,50.59,50.72,50.55,50.65,118465.00
2026-01-23 12:15:00-05:00,50.65,50.69,50.58,50.65,109911.00
2026-01-23 12:20:00-05:00,50.64,50.7,50.62,50.655,119153.00
2026-01-23 12:25:00-05:00,50.66,50.72,50.645,50.7067,230425.00
2026-01-23 12:30:00-05:00,50.7,50.77,50.69,50.755,110004.00
2026-01-23 12:35:00-05:00,50.75,50.75,50.665,50.695,68355.00
2026-01-23 12:40:00-05:00,50.7,50.72,50.585,50.59,73252.00
2026-01-23 12:45:00-05:00,50.59,50.6499,50.565,50.645,78404.00
2026-01-23 12:50:00-05:00,50.65,50.655,50.34,50.345,165500.00
2026-01-23 12:55:00-05:00,50.34,50.35,49.98,50.11,426232.00
2026-01-23 13:00:00-05:00,50.1,50.2242,50.055,50.175,204595.00
2026-01-23 13:05:00-05:00,50.18,50.325,50.145,50.3,131022.00
2026-01-23 13:10:00-05:00,50.3,50.34,50.24,50.26,75563.00
2026-01-23 13:15:00-05:00,50.26,50.36,50.24,50.32,44148.00
2026-01-23 13:20:00-05:00,50.325,50.375,50.28,50.35,48074.00
2026-01-23 13:25:00-05:00,50.36,50.445,50.315,50.32,54952.00
2026-01-23 13:30:00-05:00,50.325,50.39,50.25,50.2799,56304.00
2026-01-23 13:35:00-05:00,50.29,50.31,50.185,50.215,75487.00
2026-01-23 13:40:00-05:00,50.215,50.2154,50.125,50.1899,114654.00
2026-01-23 13:45:00-05:00,50.19,50.195,50.02,50.05,79046.00
2026-01-23 13:50:00-05:00,50.0458,50.15,50.04,50.14,91947.00
2026-01-23 13:55:00-05:00,50.145,50.2,50.13,50.155,83439.00
2026-01-23 14:00:00-05:00,50.17,50.46,50.155,50.45,99516.00
2026-01-23 14:05:00-05:00,50.45,50.475,50.39,50.4699,116251.00
2026-01-23 14:10:00-05:00,50.47,50.47,50.41,50.4426,50145.00
2026-01-23 14:15:00-05:00,50.445,50.48,50.435,50.465,89136.00
2026-01-23 14:20:00-05:00,50.47,50.52,50.46,50.495,84993.00
2026-01-23 14:25:00-05:00,50.5,50.52,50.46,50.51,53105.00
2026-01-23 14:30:00-05:00,50.5,50.57,50.48,50.525,79624.00
2026-01-23 14:35:00-05:00,50.525,50.54,50.46,50.48,41247.00
2026-01-23 14:40:00-05:00,50.465,50.62,50.455,50.62,60707.00
2026-01-23 14:45:00-05:00,50.62,50.725,50.6,50.675,76051.00
2026-01-23 14:50:00-05:00,50.675,50.9,50.664,50.86,281690.00
2026-01-23 14:55:00-05:00,50.85,50.975,50.82,50.96,105183.00
2026-01-23 15:00:00-05:00,50.96,50.98,50.81,50.9,172067.00
2026-01-23 15:05:00-05:00,50.9,50.93,50.8,50.895,98314.00
2026-01-23 15:10:00-05:00,50.8946,51,50.8807,50.98,142165.00
2026-01-23 15:15:00-05:00,50.985,51.08,50.985,51.05,154969.00
2026-01-23 15:20:00-05:00,51.05,51.07,50.97,51.055,125538.00
2026-01-23 15:25:00-05:00,51.055,51.06,50.975,50.975,106746.00
2026-01-23 15:30:00-05:00,50.97,50.97,50.72,50.855,342750.00
2026-01-23 15:35:00-05:00,50.86,50.985,50.83,50.9801,173209.00
2026-01-23 15:40:00-05:00,50.985,51.085,50.97,51.001,249388.00
2026-01-23 15:45:00-05:00,51.005,51.015,50.9,50.935,205945.00
2026-01-23 15:50:00-05:00,50.93,50.975,50.89,50.955,350453.00
2026-01-23 15:55:00-05:00,50.95,51.085,50.92,51.085,1123186.00
2026-01-26 09:30:00-05:00,52.43,52.78,52.17,52.545,1104083.00
2026-01-26 09:35:00-05:00,52.5614,52.7299,52.33,52.39,327075.00
2026-01-26 09:40:00-05:00,52.38,52.62,52.21,52.449,507112.00
2026-01-26 09:45:00-05:00,52.4499,53,52.4499,52.79,566072.00
2026-01-26 09:50:00-05:00,52.79,53.24,52.77,53.12,414668.00
2026-01-26 09:55:00-05:00,53.13,53.285,53.03,53.195,330497.00
2026-01-26 10:00:00-05:00,53.21,53.265,52.89,53.045,683879.00
2026-01-26 10:05:00-05:00,53.035,53.26,53.025,53.19,189424.00
2026-01-26 10:10:00-05:00,53.18,53.18,52.94,53.01,229648.00
2026-01-26 10:15:00-05:00,53.0136,53.09,52.87,52.88,213283.00
2026-01-26 10:20:00-05:00,52.89,52.98,52.8201,52.91,275398.00
2026-01-26 10:25:00-05:00,52.91,52.96,52.7,52.715,248246.00
2026-01-26 10:30:00-05:00,52.71,52.73,52.16,52.28,436499.00
2026-01-26 10:35:00-05:00,52.27,52.35,52.03,52.1,501178.00
2026-01-26 10:40:00-05:00,52.12,52.22,51.94,52.05,303250.00
2026-01-26 10:45:00-05:00,52.06,52.43,52.06,52.325,200854.00
2026-01-26 10:50:00-05:00,52.34,52.41,52.165,52.23,275323.00
2026-01-26 10:55:00-05:00,52.23,52.38,52.16,52.185,163890.00
2026-01-26 11:00:00-05:00,52.19,52.51,52.155,52.49,195765.00
2026-01-26 11:05:00-05:00,52.49,52.6,52.455,52.455,115975.00
2026-01-26 11:10:00-05:00,52.45,52.575,52.445,52.545,96029.00
2026-01-26 11:15:00-05:00,52.55,52.86,52.545,52.725,216822.00
2026-01-26 11:20:00-05:00,52.72,52.845,52.625,52.67,188896.00
2026-01-26 11:25:00-05:00,52.67,52.69,52.27,52.51,359381.00
2026-01-26 11:30:00-05:00,52.515,52.54,52.1201,52.255,240919.00
2026-01-26 11:35:00-05:00,52.24,52.29,52.05,52.15,167191.00
2026-01-26 11:40:00-05:00,52.15,52.57,52.13,52.3815,185792.00
2026-01-26 11:45:00-05:00,52.385,52.705,52.38,52.68,195652.00
2026-01-26 11:50:00-05:00,52.67,52.75,52.56,52.7,279917.00
2026-01-26 11:55:00-05:00,52.703,52.985,52.703,52.925,242574.00
2026-01-26 12:00:00-05:00,52.925,53,52.91,52.98,144312.00
2026-01-26 12:05:00-05:00,52.97,52.99,52.8,52.865,207046.00
2026-01-26 12:10:00-05:00,52.86,52.975,52.805,52.96,152143.00
2026-01-26 12:15:00-05:00,52.97,53.005,52.925,52.96,101771.00
2026-01-26 12:20:00-05:00,52.945,52.97,52.8,52.805,129216.00
2026-01-26 12:25:00-05:00,52.8,52.8,52.69,52.7733,68446.00
2026-01-26 12:30:00-05:00,52.78,52.8583,52.69,52.835,86410.00
2026-01-26 12:35:00-05:00,52.83,52.835,52.68,52.7,88505.00
2026-01-26 12:40:00-05:00,52.705,52.9,52.7,52.88,139797.00
2026-01-26 12:45:00-05:00,52.88,52.905,52.83,52.835,52426.00
2026-01-26 12:50:00-05:00,52.8321,52.85,52.7,52.7299,70486.00
2026-01-26 12:55:00-05:00,52.72,52.73,52.6,52.6,65535.00
2026-01-26 13:00:00-05:00,52.6,52.6896,52.575,52.615,79306.00
2026-01-26 13:05:00-05:00,52.62,52.6226,52.41,52.45,182273.00
2026-01-26 13:10:00-05:00,52.44,52.4533,52.225,52.24,106112.00
2026-01-26 13:15:00-05:00,52.245,52.5,52.2,52.425,92198.00
2026-01-26 13:20:00-05:00,52.42,52.5281,52.33,52.47,122286.00
2026-01-26 13:25:00-05:00,52.47,52.49,52.37,52.39,78985.00
2026-01-26 13:30:00-05:00,52.39,52.39,52.17,52.2301,114531.00
2026-01-26 13:35:00-05:00,52.23,52.27,52.115,52.125,92544.00
2026-01-26 13:40:00-05:00,52.13,52.2478,52.09,52.225,90485.00
2026-01-26 13:45:00-05:00,52.22,52.4,52.19,52.3899,98772.00
2026-01-26 13:50:00-05:00,52.385,52.45,52.28,52.365,121191.00
2026-01-26 13:55:00-05:00,52.36,52.36,52.2545,52.325,129086.00
2026-01-26 14:00:00-05:00,52.33,52.33,51.99,52.11,249684.00
2026-01-26 14:05:00-05:00,52.1,52.2154,52.04,52.12,103743.00
2026-01-26 14:10:00-05:00,52.11,52.23,52.03,52.035,98287.00
2026-01-26 14:15:00-05:00,52.03,52.03,51.68,51.71,309951.00
2026-01-26 14:20:00-05:00,51.71,51.77,51.45,51.575,681193.00
2026-01-26 14:25:00-05:00,51.58,51.69,51.52,51.555,230167.00
2026-01-26 14:30:00-05:00,51.54,51.725,51.47,51.605,211026.00
2026-01-26 14:35:00-05:00,51.6,51.62,51.41,51.52,149244.00
2026-01-26 14:40:00-05:00,51.545,51.58,51.42,51.515,159089.00
2026-01-26 14:45:00-05:00,51.53,51.58,51.26,51.33,257913.00
2026-01-26 14:50:00-05:00,51.33,51.4,51.22,51.28,234879.00
2026-01-26 14:55:00-05:00,51.2801,51.45,51.26,51.325,107442.00
2026-01-26 15:00:00-05:00,51.32,51.36,51.22,51.35,174637.00
2026-01-26 15:05:00-05:00,51.3593,51.43,51.265,51.35,85934.00
2026-01-26 15:10:00-05:00,51.35,51.44,51.265,51.365,127073.00
2026-01-26 15:15:00-05:00,51.37,51.41,51.285,51.36,124933.00
2026-01-26 15:20:00-05:00,51.36,51.36,51.17,51.31,175962.00
2026-01-26 15:25:00-05:00,51.31,51.44,51.295,51.39,219466.00
2026-01-26 15:30:00-05:00,51.39,51.4523,51.345,51.395,168218.00
2026-01-26 15:35:00-05:00,51.395,51.43,51.205,51.295,211993.00
2026-01-26 15:40:00-05:00,51.3,51.47,51.285,51.44,104998.00
2026-01-26 15:45:00-05:00,51.4445,51.4675,51.34,51.4,158453.00
2026-01-26 15:50:00-05:00,51.41,51.45,51.34,51.375,277442.00
2026-01-26 15:55:00-05:00,51.375,51.42,51.235,51.285,803749.00
2026-01-27 09:30:00-05:00,51.52,51.72,51.35,51.4975,460539.00
2026-01-27 09:35:00-05:00,51.5,51.79,51.4675,51.4749,335078.00
2026-01-27 09:40:00-05:00,51.48,51.99,51.48,51.56,342587.00
2026-01-27 09:45:00-05:00,51.55,51.63,50.94,50.995,386229.00
2026-01-27 09:50:00-05:00,50.97,51.03,50.59,50.67,288451.00
2026-01-27 09:55:00-05:00,50.68,50.68,50.08,50.12,432631.00
2026-01-27 10:00:00-05:00,50.1,50.41,50.1,50.235,365519.00
2026-01-27 10:05:00-05:00,50.22,50.48,50.1,50.14,490154.00
2026-01-27 10:10:00-05:00,50.14,50.205,49.87,50.01,736900.00
2026-01-27 10:15:00-05:00,50.005,50.29,49.87,50.19,537967.00
2026-01-27 10:20:00-05:00,50.2,50.2195,50.005,50.145,337896.00
2026-01-27 10:25:00-05:00,50.145,50.19,49.87,50.1,301121.00
2026-01-27 10:30:00-05:00,50.08,50.42,50.015,50.42,473567.00
2026-01-27 10:35:00-05:00,50.41,50.82,50.3987,50.74,293243.00
2026-01-27 10:40:00-05:00,50.735,50.775,50.52,50.54,206970.00
2026-01-27 10:45:00-05:00,50.54,51.055,50.54,51.04,256249.00
2026-01-27 10:50:00-05:00,51.04,51.15,50.93,51.13,214866.00
2026-01-27 10:55:00-05:00,51.134,51.225,51.09,51.22,113843.00
2026-01-27 11:00:00-05:00,51.22,51.26,50.845,50.88,133235.00
2026-01-27 11:05:00-05:00,50.89,51.15,50.84,51.11,83219.00
2026-01-27 11:10:00-05:00,51.11,51.3,51.11,51.245,72682.00
2026-01-27 11:15:00-05:00,51.24,51.49,51.17,51.47,129078.00
2026-01-27 11:20:00-05:00,51.47,51.475,51.195,51.275,154342.00
2026-01-27 11:25:00-05:00,51.2701,51.36,51.26,51.35,98630.00
2026-01-27 11:30:00-05:00,51.35,51.35,51.13,51.16,142901.00
2026-01-27 11:35:00-05:00,51.15,51.27,51.1,51.2,84090.00
2026-01-27 11:40:00-05:00,51.215,51.29,51.05,51.06,99534.00
2026-01-27 11:45:00-05:00,51.07,51.16,51.055,51.13,56115.00
2026-01-27 11:50:00-05:00,51.135,51.14,51.0445,51.06,54652.00
2026-01-27 11:55:00-05:00,51.07,51.19,51.07,51.15,118805.00
2026-01-27 12:00:00-05:00,51.16,51.28,51.145,51.255,105056.00
2026-01-27 12:05:00-05:00,51.255,51.2597,51.005,51.16,134303.00
2026-01-27 12:10:00-05:00,51.155,51.24,51.13,51.24,46192.00
2026-01-27 12:15:00-05:00,51.24,51.24,51.085,51.14,77271.00
2026-01-27 12:20:00-05:00,51.15,51.225,51.14,51.205,42934.00
2026-01-27 12:25:00-05:00,51.2,51.35,51.195,51.25,105922.00
2026-01-27 12:30:00-05:00,51.24,51.285,51.16,51.175,71461.00
2026-01-27 12:35:00-05:00,51.17,51.29,51.1545,51.23,94576.00
2026-01-27 12:40:00-05:00,51.23,51.32,51.195,51.31,68768.00
2026-01-27 12:45:00-05:00,51.3169,51.415,51.3,51.315,61776.00
2026-01-27 12:50:00-05:00,51.31,51.415,51.29,51.4,46610.00
2026-01-27 12:55:00-05:00,51.4,51.4397,51.26,51.29,110736.00
2026-01-27 13:00:00-05:00,51.28,51.41,51.27,51.32,53970.00
2026-01-27 13:05:00-05:00,51.32,51.34,51.24,51.33,69383.00
2026-01-27 13:10:00-05:00,51.33,51.41,51.31,51.35,89130.00
2026-01-27 13:15:00-05:00,51.35,51.475,51.33,51.435,160193.00
2026-01-27 13:20:00-05:00,51.43,51.43,51.31,51.4,64837.00
2026-01-27 13:25:00-05:00,51.4,51.47,51.35,51.43,47407.00
2026-01-27 13:30:00-05:00,51.445,51.495,51.415,51.44,48156.00
2026-01-27 13:35:00-05:00,51.445,51.47,51.405,51.43,56026.00
2026-01-27 13:40:00-05:00,51.43,51.45,51.34,51.36,46414.00
2026-01-27 13:45:00-05:00,51.36,51.48,51.3401,51.472,40719.00
2026-01-27 13:50:00-05:00,51.475,51.58,51.475,51.56,147537.00
2026-01-27 13:55:00-05:00,51.57,51.57,51.41,51.41,123464.00
2026-01-27 14:00:00-05:00,51.4,51.465,51.33,51.4645,58617.00
2026-01-27 14:05:00-05:00,51.47,51.47,51.375,51.42,53202.00
2026-01-27 14:10:00-05:00,51.41,51.4577,51.39,51.415,40331.00
2026-01-27 14:15:00-05:00,51.41,51.4586,51.385,51.44,41583.00
2026-01-27 14:20:00-05:00,51.4399,51.52,51.4399,51.515,63823.00
2026-01-27 14:25:00-05:00,51.515,51.53,51.45,51.46,72116.00
2026-01-27 14:30:00-05:00,51.46,51.53,51.45,51.5,67404.00
2026-01-27 14:35:00-05:00,51.5,51.51,51.445,51.445,47842.00
2026-01-27 14:40:00-05:00,51.45,51.5,51.435,51.48,58778.00
2026-01-27 14:45:00-05:00,51.48,51.495,51.45,51.4832,36632.00
2026-01-27 14:50:00-05:00,51.485,51.55,51.465,51.495,61766.00
2026-01-27 14:55:00-05:00,51.495,51.54,51.475,51.52,123632.00
2026-01-27 15:00:00-05:00,51.52,51.695,51.495,51.65,158896.00
2026-01-27 15:05:00-05:00,51.65,51.81,51.615,51.75,306591.00
2026-01-27 15:10:00-05:00,51.74,51.875,51.7206,51.795,245148.00
2026-01-27 15:15:00-05:00,51.795,51.81,51.675,51.725,212378.00
2026-01-27 15:20:00-05:00,51.725,51.86,51.71,51.745,189386.00
2026-01-27 15:25:00-05:00,51.75,51.75,51.65,51.7,132102.00
2026-01-27 15:30:00-05:00,51.695,51.73,51.54,51.68,245270.00
2026-01-27 15:35:00-05:00,51.67,51.745,51.645,51.7,139734.00
2026-01-27 15:40:00-05:00,51.705,51.76,51.6,51.65,156099.00
2026-01-27 15:45:00-05:00,51.66,51.84,51.635,51.7,284873.00
2026-01-27 15:50:00-05:00,51.69,51.92,51.69,51.92,309089.00
2026-01-27 15:55:00-05:00,51.915,52.18,51.895,52.16,1164466.00
2026-01-28 09:30:00-05:00,52.565,52.76,52.14,52.49,651927.00
2026-01-28 09:35:00-05:00,52.51,53.2094,52.4675,52.9825,663464.00
2026-01-28 09:40:00-05:00,52.99,53.1299,52.89,52.91,350509.00
2026-01-28 09:45:00-05:00,52.915,53.07,52.61,52.735,494597.00
2026-01-28 09:50:00-05:00,52.73,53.06,52.66,52.72,480035.00
2026-01-28 09:55:00-05:00,52.71,52.94,52.67,52.87,326878.00
2026-01-28 10:00:00-05:00,52.87,53.09,52.87,53.03,296838.00
2026-01-28 10:05:00-05:00,53.03,53.09,51.87,51.9298,559751.00
2026-01-28 10:10:00-05:00,51.94,52.22,51.88,51.905,708449.00
2026-01-28 10:15:00-05:00,51.9,52.22,51.87,52.125,326466.00
2026-01-28 10:20:00-05:00,52.12,52.47,52.1,52.37,185524.00
2026-01-28 10:25:00-05:00,52.37,52.37,51.935,52.095,201381.00
2026-01-28 10:30:00-05:00,52.07,52.36,52.06,52.27,131039.00
2026-01-28 10:35:00-05:00,52.26,52.37,52.1801,52.305,101714.00
2026-01-28 10:40:00-05:00,52.3,52.5,52.3,52.41,98615.00
2026-01-28 10:45:00-05:00,52.42,52.48,52.3,52.3799,148793.00
2026-01-28 10:50:00-05:00,52.38,52.41,52.23,52.36,160048.00
2026-01-28 10:55:00-05:00,52.3625,52.481,52.11,52.13,198286.00
2026-01-28 11:00:00-05:00,52.14,52.35,52.12,52.33,104387.00
2026-01-28 11:05:00-05:00,52.33,52.53,52.235,52.515,217453.00
2026-01-28 11:10:00-05:00,52.51,52.6,52.44,52.48,192943.00
2026-01-28 11:15:00-05:00,52.49,52.7173,52.48,52.6,226142.00
2026-01-28 11:20:00-05:00,52.6,52.6,52.48,52.52,96902.00
2026-01-28 11:25:00-05:00,52.52,52.65,52.52,52.65,82575.00
2026-01-28 11:30:00-05:00,52.65,52.65,52.45,52.48,108650.00
2026-01-28 11:35:00-05:00,52.4697,52.665,52.4697,52.61,85468.00
2026-01-28 11:40:00-05:00,52.61,52.65,52.58,52.6299,106545.00
2026-01-28 11:45:00-05:00,52.61,52.785,52.61,52.72,101710.00
2026-01-28 11:50:00-05:00,52.722,52.81,52.62,52.75,119232.00
2026-01-28 11:55:00-05:00,52.74,52.8,52.71,52.8,150905.00
2026-01-28 12:00:00-05:00,52.81,52.81,52.69,52.76,165572.00
2026-01-28 12:05:00-05:00,52.75,52.8,52.66,52.74,115262.00
2026-01-28 12:10:00-05:00,52.745,52.75,52.685,52.75,132512.00
2026-01-28 12:15:00-05:00,52.74,52.76,52.68,52.711,90154.00
2026-01-28 12:20:00-05:00,52.72,52.76,52.71,52.7399,89470.00
2026-01-28 12:25:00-05:00,52.74,52.86,52.7382,52.83,115018.00
2026-01-28 12:30:00-05:00,52.83,52.89,52.81,52.81,112925.00
2026-01-28 12:35:00-05:00,52.8,52.86,52.73,52.75,90733.00
2026-01-28 12:40:00-05:00,52.75,52.78,52.72,52.72,81235.00
2026-01-28 12:45:00-05:00,52.73,52.769,52.705,52.75,64737.00
2026-01-28 12:50:00-05:00,52.757,52.88,52.757,52.79,130360.00
2026-01-28 12:55:00-05:00,52.79,52.815,52.39,52.43,282908.00
2026-01-28 13:00:00-05:00,52.43,52.61,52.415,52.55,168456.00
2026-01-28 13:05:00-05:00,52.55,52.5899,52.4,52.52,165585.00
2026-01-28 13:10:00-05:00,52.53,52.58,52.455,52.56,110467.00
2026-01-28 13:15:00-05:00,52.55,52.69,52.535,52.61,77437.00
2026-01-28 13:20:00-05:00,52.61,52.64,52.545,52.545,102289.00
2026-01-28 13:25:00-05:00,52.54,52.55,52.295,52.315,187589.00
2026-01-28 13:30:00-05:00,52.33,52.33,51.865,51.91,454617.00
2026-01-28 13:35:00-05:00,51.88,51.949,51.75,51.865,230437.00
2026-01-28 13:40:00-05:00,51.855,51.9,51.72,51.8,117919.00
2026-01-28 13:45:00-05:00,51.815,51.82,51.65,51.745,163883.00
2026-01-28 13:50:00-05:00,51.75,51.81,51.545,51.58,144577.00
2026-01-28 13:55:00-05:00,51.57,51.9,51.55,51.8875,132297.00
2026-01-28 14:00:00-05:00,51.885,51.92,51.52,51.6729,393418.00
2026-01-28 14:05:00-05:00,51.69,51.905,51.69,51.86,124318.00
2026-01-28 14:10:00-05:00,51.86,52.23,51.85,52.2154,182412.00
2026-01-28 14:15:00-05:00,52.225,52.3052,52.13,52.22,117343.00
2026-01-28 14:20:00-05:00,52.22,52.275,52.06,52.2,97179.00
2026-01-28 14:25:00-05:00,52.2,52.21,51.6975,51.7,332539.00
2026-01-28 14:30:00-05:00,51.72,51.98,51.413,51.9099,646952.00
2026-01-28 14:35:00-05:00,51.9,52.19,51.9,52.17,365326.00
2026-01-28 14:40:00-05:00,52.1597,52.19,52,52.17,267500.00
2026-01-28 14:45:00-05:00,52.15,52.39,52.15,52.3401,151741.00
2026-01-28 14:50:00-05:00,52.35,52.4,52.3,52.34,103430.00
2026-01-28 14:55:00-05:00,52.34,52.59,51.99,52.02,409574.00
2026-01-28 15:00:00-05:00,52.03,52.29,52.015,52.2745,169003.00
2026-01-28 15:05:00-05:00,52.27,52.47,52.25,52.46,163581.00
2026-01-28 15:10:00-05:00,52.455,52.56,52.4,52.45,127143.00
2026-01-28 15:15:00-05:00,52.46,52.62,52.43,52.61,138255.00
2026-01-28 15:20:00-05:00,52.615,52.7,52.54,52.6901,140302.00
2026-01-28 15:25:00-05:00,52.695,52.775,52.68,52.77,311299.00
2026-01-28 15:30:00-05:00,52.77,52.845,52.735,52.785,324600.00
2026-01-28 15:35:00-05:00,52.78,52.985,52.78,52.975,290217.00
2026-01-28 15:40:00-05:00,52.98,53.05,52.855,52.875,453579.00
2026-01-28 15:45:00-05:00,52.87,53,52.86,52.89,334571.00
2026-01-28 15:50:00-05:00,52.88,53.05,52.88,52.885,541114.00
2026-01-28 15:55:00-05:00,52.89,53.01,52.89,52.97,1377980.00
2026-01-29 09:30:00-05:00,54.13,54.69,53.66,54.35,1024751.00
2026-01-29 09:35:00-05:00,54.35,54.42,54.02,54.265,636075.00
2026-01-29 09:40:00-05:00,54.265,54.52,53.99,54.22,452126.00
2026-01-29 09:45:00-05:00,54.22,54.26,53.7285,54.11,354220.00
2026-01-29 09:50:00-05:00,54.12,54.145,53.61,53.68,343947.00
2026-01-29 09:55:00-05:00,53.68,53.86,53.4,53.48,364366.00
2026-01-29 10:00:00-05:00,53.49,53.53,53.07,53.3,320319.00
2026-01-29 10:05:00-05:00,53.305,53.46,52.83,52.885,443136.00
2026-01-29 10:10:00-05:00,52.876,53.02,52.72,52.825,444836.00
2026-01-29 10:15:00-05:00,52.835,52.835,52.15,52.27,506090.00
2026-01-29 10:20:00-05:00,52.2699,52.32,51.82,51.95,610704.00
2026-01-29 10:25:00-05:00,51.95,51.99,51.1,51.265,845580.00
2026-01-29 10:30:00-05:00,51.28,51.515,50.75,50.93,1589271.00
2026-01-29 10:35:00-05:00,50.93,51.1,50.72,50.82,808202.00
2026-01-29 10:40:00-05:00,50.82,50.86,50.44,50.56,466169.00
2026-01-29 10:45:00-05:00,50.55,50.83,50.35,50.45,521430.00
2026-01-29 10:50:00-05:00,50.44,50.45,50.14,50.22,543300.00
2026-01-29 10:55:00-05:00,50.205,50.41,49.99,50.0209,519997.00
2026-01-29 11:00:00-05:00,50.02,50.13,49.93,49.985,394483.00
2026-01-29 11:05:00-05:00,49.985,50.45,49.96,50.33,622939.00
2026-01-29 11:10:00-05:00,50.31,51.18,50.2299,51.16,584088.00
2026-01-29 11:15:00-05:00,51.16,51.26,51.01,51.2,407038.00
2026-01-29 11:20:00-05:00,51.2,51.4,50.82,51,539430.00
2026-01-29 11:25:00-05:00,50.99,51.21,50.905,51.03,259554.00
2026-01-29 11:30:00-05:00,51.025,51.31,50.99,51.17,185484.00
2026-01-29 11:35:00-05:00,51.18,51.25,51.06,51.08,228793.00
2026-01-29 11:40:00-05:00,51.07,51.28,50.85,51.205,212736.00
2026-01-29 11:45:00-05:00,51.21,51.37,51.11,51.295,205582.00
2026-01-29 11:50:00-05:00,51.3,51.38,50.8,51.01,242516.00
2026-01-29 11:55:00-05:00,51,51.03,50.69,50.85,198524.00
2026-01-29 12:00:00-05:00,50.85,51.095,50.82,51.09,152418.00
2026-01-29 12:05:00-05:00,51.08,51.185,51.08,51.15,120384.00
2026-01-29 12:10:00-05:00,51.125,51.175,50.92,51.02,135564.00
2026-01-29 12:15:00-05:00,51.02,51.32,51.0199,51.3097,145575.00
2026-01-29 12:20:00-05:00,51.31,51.45,51.2,51.31,142475.00
2026-01-29 12:25:00-05:00,51.3,51.58,51.25,51.34,297066.00
2026-01-29 12:30:00-05:00,51.345,51.67,51.34,51.6645,154365.00
2026-01-29 12:35:00-05:00,51.66,51.79,51.61,51.77,212709.00
2026-01-29 12:40:00-05:00,51.78,51.965,51.63,51.92,158792.00
2026-01-29 12:45:00-05:00,51.92,51.93,51.64,51.74,158988.00
2026-01-29 12:50:00-05:00,51.75,51.75,51.42,51.62,332447.00
2026-01-29 12:55:00-05:00,51.61,51.68,51.38,51.495,208125.00
2026-01-29 13:00:00-05:00,51.49,51.735,51.335,51.72,273573.00
2026-01-29 13:05:00-05:00,51.71,51.88,51.65,51.8301,127513.00
2026-01-29 13:10:00-05:00,51.83,52.01,51.76,52,89629.00
2026-01-29 13:15:00-05:00,52,52.075,51.9448,51.985,73516.00
2026-01-29 13:20:00-05:00,52,52.07,51.725,51.77,152110.00
2026-01-29 13:25:00-05:00,51.77,51.79,51.59,51.71,133934.00
2026-01-29 13:30:00-05:00,51.72,51.73,51.32,51.62,193833.00
2026-01-29 13:35:00-05:00,51.63,51.945,51.6,51.855,83137.00
2026-01-29 13:40:00-05:00,51.84,51.975,51.825,51.88,164555.00
2026-01-29 13:45:00-05:00,51.875,52.01,51.86,51.99,136461.00
2026-01-29 13:50:00-05:00,51.99,52.06,51.95,52,73589.00
2026-01-29 13:55:00-05:00,51.99,52.08,51.76,51.78,164019.00
2026-01-29 14:00:00-05:00,51.78,51.8199,51.635,51.785,116653.00
2026-01-29 14:05:00-05:00,51.79,51.965,51.755,51.87,64334.00
2026-01-29 14:10:00-05:00,51.88,51.92,51.76,51.78,80747.00
2026-01-29 14:15:00-05:00,51.78,51.88,51.77,51.86,123626.00
2026-01-29 14:20:00-05:00,51.875,51.98,51.82,51.91,65124.00
2026-01-29 14:25:00-05:00,51.9129,52.07,51.89,52.045,59160.00
2026-01-29 14:30:00-05:00,52.05,52.05,51.48,51.59,352271.00
2026-01-29 14:35:00-05:00,51.6,51.87,51.57,51.775,69289.00
2026-01-29 14:40:00-05:00,51.78,51.905,51.68,51.84,72323.00
2026-01-29 14:45:00-05:00,51.835,51.9174,51.77,51.8,80797.00
2026-01-29 14:50:00-05:00,51.8,51.87,51.715,51.78,105240.00
2026-01-29 14:55:00-05:00,51.79,51.95,51.53,51.545,219982.00
2026-01-29 15:00:00-05:00,51.55,51.7,51.47,51.67,149454.00
2026-01-29 15:05:00-05:00,51.6715,51.78,51.625,51.695,100110.00
2026-01-29 15:10:00-05:00,51.69,51.825,51.58,51.69,127192.00
2026-01-29 15:15:00-05:00,51.685,51.76,51.555,51.74,119799.00
2026-01-29 15:20:00-05:00,51.73,51.82,51.65,51.77,109983.00
2026-01-29 15:25:00-05:00,51.78,51.79,51.47,51.53,218353.00
2026-01-29 15:30:00-05:00,51.535,51.625,51.4,51.49,170272.00
2026-01-29 15:35:00-05:00,51.495,51.58,51.415,51.57,132436.00
2026-01-29 15:40:00-05:00,51.58,51.71,51.56,51.675,125686.00
2026-01-29 15:45:00-05:00,51.665,51.75,51.575,51.635,192638.00
2026-01-29 15:50:00-05:00,51.64,51.93,51.63,51.865,300895.00
2026-01-29 15:55:00-05:00,51.86,52.17,51.845,52.06,1050482.00
2026-01-30 09:30:00-05:00,47.3,49.05,47.03,48.88,1538825.00
2026-01-30 09:35:00-05:00,48.89,49.09,48.29,48.746,1210714.00
2026-01-30 09:40:00-05:00,48.755,48.755,48.36,48.425,445567.00
2026-01-30 09:45:00-05:00,48.42,48.557,48.18,48.42,592898.00
2026-01-30 09:50:00-05:00,48.45,48.5946,48.18,48.2008,421924.00
2026-01-30 09:55:00-05:00,48.21,48.3,47.85,47.8901,531375.00
2026-01-30 10:00:00-05:00,47.9,48.05,47.82,47.84,340850.00
2026-01-30 10:05:00-05:00,47.84,48.38,47.835,48.2601,562507.00
2026-01-30 10:10:00-05:00,48.27,48.34,48.11,48.15,326820.00
2026-01-30 10:15:00-05:00,48.17,48.73,48.17,48.5,319883.00
2026-01-30 10:20:00-05:00,48.5,48.55,48.12,48.135,307854.00
2026-01-30 10:25:00-05:00,48.13,48.24,47.91,48.135,301108.00
2026-01-30 10:30:00-05:00,48.11,48.53,48.07,48.415,258666.00
2026-01-30 10:35:00-05:00,48.4057,48.72,48.4057,48.58,342638.00
2026-01-30 10:40:00-05:00,48.59,48.79,48.58,48.62,181421.00
2026-01-30 10:45:00-05:00,48.62,48.63,48.28,48.28,198453.00
2026-01-30 10:50:00-05:00,48.27,48.44,48.09,48.12,217560.00
2026-01-30 10:55:00-05:00,48.11,48.2399,48,48.01,1058597.00
2026-01-30 11:00:00-05:00,48.02,48.0387,47.715,47.81,226671.00
2026-01-30 11:05:00-05:00,47.81,47.89,47.67,47.68,248819.00
2026-01-30 11:10:00-05:00,47.68,47.72,47.52,47.62,412099.00
2026-01-30 11:15:00-05:00,47.61,47.67,47.45,47.52,415676.00
2026-01-30 11:20:00-05:00,47.52,47.67,47.32,47.32,398918.00
2026-01-30 11:25:00-05:00,47.33,47.66,47.3,47.44,291347.00
2026-01-30 11:30:00-05:00,47.43,47.545,47.29,47.3,259900.00
2026-01-30 11:35:00-05:00,47.3,47.35,47.14,47.15,241193.00
2026-01-30 11:40:00-05:00,47.15,47.34,47.14,47.23,211749.00
2026-01-30 11:45:00-05:00,47.2,47.2097,47.01,47.09,282858.00
2026-01-30 11:50:00-05:00,47.085,47.205,46.94,47.15,385838.00
2026-01-30 11:55:00-05:00,47.14,47.24,47.04,47.1,174798.00
2026-01-30 12:00:00-05:00,47.1,47.13,46.95,47.02,309568.00
2026-01-30 12:05:00-05:00,47.01,47.01,46.73,46.77,328391.00
2026-01-30 12:10:00-05:00,46.775,46.82,46.639,46.72,288167.00
2026-01-30 12:15:00-05:00,46.72,46.89,46.68,46.73,273315.00
2026-01-30 12:20:00-05:00,46.72,47.16,46.59,47.01,372905.00
2026-01-30 12:25:00-05:00,47.01,47.07,46.8675,47,193930.00
2026-01-30 12:30:00-05:00,47.005,47.005,46.632,46.74,143902.00
2026-01-30 12:35:00-05:00,46.73,46.77,46.56,46.64,173536.00
2026-01-30 12:40:00-05:00,46.66,46.69,46.47,46.615,249964.00
2026-01-30 12:45:00-05:00,46.61,46.75,46.49,46.61,166682.00
2026-01-30 12:50:00-05:00,46.6,46.77,46.38,46.415,215649.00
2026-01-30 12:55:00-05:00,46.42,46.5998,46.36,46.43,174700.00
2026-01-30 13:00:00-05:00,46.43,46.55,46.4,46.51,193009.00
2026-01-30 13:05:00-05:00,46.52,46.56,46.2001,46.28,189987.00
2026-01-30 13:10:00-05:00,46.272,46.28,46.08,46.11,303004.00
2026-01-30 13:15:00-05:00,46.09,46.2,46.05,46.08,206859.00
2026-01-30 13:20:00-05:00,46.09,46.111,45.77,45.8,480538.00
2026-01-30 13:25:00-05:00,45.81,45.88,45.68,45.7392,266163.00
2026-01-30 13:30:00-05:00,45.72,45.86,45.53,45.83,394740.00
2026-01-30 13:35:00-05:00,45.82,45.84,45.52,45.56,277112.00
2026-01-30 13:40:00-05:00,45.57,45.8,45.55,45.795,337217.00
2026-01-30 13:45:00-05:00,45.81,46.06,45.75,46.04,528072.00
2026-01-30 13:50:00-05:00,46.04,46.33,46.02,46.21,364807.00
2026-01-30 13:55:00-05:00,46.2,46.755,46.15,46.62,507692.00
2026-01-30 14:00:00-05:00,46.63,46.915,46.2,46.48,313417.00
2026-01-30 14:05:00-05:00,46.485,46.58,46.39,46.56,222303.00
2026-01-30 14:10:00-05:00,46.56,46.63,46.35,46.39,192082.00
2026-01-30 14:15:00-05:00,46.37,46.67,46.335,46.48,192217.00
2026-01-30 14:20:00-05:00,46.46,46.545,46.32,46.34,160854.00
2026-01-30 14:25:00-05:00,46.36,46.76,46.3301,46.35,247077.00
2026-01-30 14:30:00-05:00,46.35,46.47,46.185,46.41,217235.00
2026-01-30 14:35:00-05:00,46.38,46.515,46.31,46.49,157508.00
2026-01-30 14:40:00-05:00,46.4807,46.63,46.41,46.58,179527.00
2026-01-30 14:45:00-05:00,46.57,46.655,46.49,46.64,216083.00
2026-01-30 14:50:00-05:00,46.66,46.73,46.5,46.7209,239854.00
2026-01-30 14:55:00-05:00,46.725,46.76,46.439,46.44,224716.00
2026-01-30 15:00:00-05:00,46.43,46.43,46.26,46.392,243782.00
2026-01-30 15:05:00-05:00,46.3994,46.47,46.21,46.2673,210760.00
2026-01-30 15:10:00-05:00,46.25,46.32,46.16,46.3,224997.00
2026-01-30 15:15:00-05:00,46.306,46.306,46.125,46.18,312454.00
2026-01-30 15:20:00-05:00,46.16,46.23,46.11,46.135,187285.00
2026-01-30 15:25:00-05:00,46.135,46.2567,45.93,45.999,317173.00
2026-01-30 15:30:00-05:00,45.995,45.995,45.72,45.94,267759.00
2026-01-30 15:35:00-05:00,45.94,45.97,45.66,45.7,244073.00
2026-01-30 15:40:00-05:00,45.7,45.81,45.6221,45.71,324554.00
2026-01-30 15:45:00-05:00,45.715,45.86,45.67,45.71,697758.00
2026-01-30 15:50:00-05:00,45.72,45.75,45.35,45.3698,819249.00
2026-01-30 15:55:00-05:00,45.37,45.79,45.34,45.76,1783671.00
2026-02-02 09:30:00-05:00,45.46,46.92,45.32,46.92,1062548.00
2026-02-02 09:35:00-05:00,46.89,47.05,46.62,46.86,567253.00
2026-02-02 09:40:00-05:00,46.83,46.89,46.29,46.375,478270.00
2026-02-02 09:45:00-05:00,46.38,46.38,45.9,45.984,363773.00
2026-02-02 09:50:00-05:00,45.98,46.21,45.95,46.01,282824.00
2026-02-02 09:55:00-05:00,46.01,46.01,45.63,45.68,322487.00
2026-02-02 10:00:00-05:00,45.68,46.15,45.5,46.07,731301.00
2026-02-02 10:05:00-05:00,46.07,46.24,46.0205,46.17,381955.00
2026-02-02 10:10:00-05:00,46.165,46.34,46.05,46.22,202060.00
2026-02-02 10:15:00-05:00,46.2117,46.34,46.05,46.24,231269.00
2026-02-02 10:20:00-05:00,46.25,46.25,45.72,45.89,243799.00
2026-02-02 10:25:00-05:00,45.89,45.97,45.58,45.72,347134.00
2026-02-02 10:30:00-05:00,45.72,45.905,45.6,45.87,411293.00
2026-02-02 10:35:00-05:00,45.875,46.145,45.835,46.145,261576.00
2026-02-02 10:40:00-05:00,46.15,46.16,45.83,45.875,216505.00
2026-02-02 10:45:00-05:00,45.88,45.89,45.77,45.8,189013.00
2026-02-02 10:50:00-05:00,45.79,45.9,45.6301,45.6901,207574.00
2026-02-02 10:55:00-05:00,45.69,45.705,45.35,45.355,282508.00
2026-02-02 11:00:00-05:00,45.355,45.38,45.12,45.24,463131.00
2026-02-02 11:05:00-05:00,45.27,45.79,45.235,45.74,341416.00
2026-02-02 11:10:00-05:00,45.745,46.16,45.7,46.05,360401.00
2026-02-02 11:15:00-05:00,46.04,46.07,45.83,45.915,440184.00
2026-02-02 11:20:00-05:00,45.915,46.1934,45.8901,46.115,243293.00
2026-02-02 11:25:00-05:00,46.11,46.11,45.855,45.9076,234227.00
2026-02-02 11:30:00-05:00,45.91,45.92,45.585,45.73,258006.00
2026-02-02 11:35:00-05:00,45.735,45.82,45.6416,45.82,219140.00
2026-02-02 11:40:00-05:00,45.82,45.965,45.78,45.9292,143768.00
2026-02-02 11:45:00-05:00,45.9295,45.9295,45.665,45.715,158478.00
2026-02-02 11:50:00-05:00,45.72,45.795,45.665,45.795,224847.00
2026-02-02 11:55:00-05:00,45.8,45.9,45.755,45.78,306652.00
2026-02-02 12:00:00-05:00,45.78,45.88,45.72,45.8698,180005.00
2026-02-02 12:05:00-05:00,45.865,46.055,45.83,46.02,173381.00
2026-02-02 12:10:00-05:00,46.03,46.0398,45.82,45.865,126345.00
2026-02-02 12:15:00-05:00,45.87,45.89,45.75,45.79,131072.00
2026-02-02 12:20:00-05:00,45.79,45.79,45.61,45.61,156595.00
2026-02-02 12:25:00-05:00,45.6101,45.73,45.535,45.725,107978.00
2026-02-02 12:30:00-05:00,45.72,45.75,45.625,45.71,96363.00
2026-02-02 12:35:00-05:00,45.72,45.76,45.605,45.625,142340.00
2026-02-02 12:40:00-05:00,45.625,45.71,45.595,45.71,133088.00
2026-02-02 12:45:00-05:00,45.705,45.71,45.615,45.665,107386.00
2026-02-02 12:50:00-05:00,45.66,45.75,45.575,45.685,109101.00
2026-02-02 12:55:00-05:00,45.685,45.715,45.535,45.545,115629.00
2026-02-02 13:00:00-05:00,45.5401,45.545,45.405,45.41,204269.00
2026-02-02 13:05:00-05:00,45.41,45.465,45.355,45.415,123622.00
2026-02-02 13:10:00-05:00,45.42,45.49,45.27,45.3057,117746.00
2026-02-02 13:15:00-05:00,45.305,45.32,45.19,45.1998,119759.00
2026-02-02 13:20:00-05:00,45.193,45.385,45.193,45.325,122585.00
2026-02-02 13:25:00-05:00,45.33,45.44,45.305,45.44,170962.00
2026-02-02 13:30:00-05:00,45.44,45.6,45.425,45.575,153230.00
2026-02-02 13:35:00-05:00,45.58,45.63,45.465,45.53,115357.00
2026-02-02 13:40:00-05:00,45.52,45.582,45.495,45.5,105975.00
2026-02-02 13:45:00-05:00,45.49,45.6,45.465,45.57,127973.00
2026-02-02 13:50:00-05:00,45.565,45.585,45.4806,45.4967,81539.00
2026-02-02 13:55:00-05:00,45.49,45.54,45.39,45.405,115448.00
2026-02-02 14:00:00-05:00,45.4,45.58,45.36,45.5307,195563.00
2026-02-02 14:05:00-05:00,45.535,45.555,45.44,45.46,75729.00
2026-02-02 14:10:00-05:00,45.47,45.555,45.46,45.495,74523.00
2026-02-02 14:15:00-05:00,45.4901,45.53,45.465,45.495,99897.00
2026-02-02 14:20:00-05:00,45.495,45.68,45.475,45.675,127717.00
2026-02-02 14:25:00-05:00,45.675,45.705,45.5824,45.675,193667.00
2026-02-02 14:30:00-05:00,45.67,45.67,45.41,45.525,143843.00
2026-02-02 14:35:00-05:00,45.514,45.555,45.5,45.525,109176.00
2026-02-02 14:40:00-05:00,45.52,45.88,45.515,45.835,210466.00
2026-02-02 14:45:00-05:00,45.84,45.91,45.76,45.865,146730.00
2026-02-02 14:50:00-05:00,45.87,45.97,45.685,45.91,196671.00
2026-02-02 14:55:00-05:00,45.92,46.13,45.78,45.835,322856.00
2026-02-02 15:00:00-05:00,45.83,45.91,45.685,45.8,297400.00
2026-02-02 15:05:00-05:00,45.81,46.05,45.77,46.04,120123.00
2026-02-02 15:10:00-05:00,46.04,46.1299,45.965,46.0606,147173.00
2026-02-02 15:15:00-05:00,46.06,46.09,45.95,46.03,139570.00
2026-02-02 15:20:00-05:00,46.03,46.03,45.87,45.903,135699.00
2026-02-02 15:25:00-05:00,45.909,45.96,45.865,45.885,119381.00
2026-02-02 15:30:00-05:00,45.8801,45.89,45.78,45.875,164321.00
2026-02-02 15:35:00-05:00,45.875,45.875,45.76,45.795,161561.00
2026-02-02 15:40:00-05:00,45.79,46.03,45.76,45.99,176102.00
2026-02-02 15:45:00-05:00,45.99,46.03,45.95,45.95,243675.00
2026-02-02 15:50:00-05:00,45.96,46.135,45.92,46.07,496180.00
2026-02-02 15:55:00-05:00,46.075,46.4,45.995,46.4,1222937.00
2026-02-03 09:30:00-05:00,49.48,49.51,48.32,48.63,2057827.00
2026-02-03 09:35:00-05:00,48.63,48.64,48.04,48.235,857583.00
2026-02-03 09:40:00-05:00,48.2382,48.3491,47.84,48.015,677220.00
2026-02-03 09:45:00-05:00,48,48.3,47.99,48.29,400588.00
2026-02-03 09:50:00-05:00,48.29,48.7219,48.23,48.48,414039.00
2026-02-03 09:55:00-05:00,48.51,48.81,48.1335,48.1432,465511.00
2026-02-03 10:00:00-05:00,48.16,48.46,48.1,48.38,277645.00
2026-02-03 10:05:00-05:00,48.38,48.64,48.365,48.58,282313.00
2026-02-03 10:10:00-05:00,48.59,48.66,48.41,48.42,189448.00
2026-02-03 10:15:00-05:00,48.43,48.48,47.98,47.98,254852.00
2026-02-03 10:20:00-05:00,47.97,48.09,47.89,47.95,282863.00
2026-02-03 10:25:00-05:00,47.945,48.26,47.905,48.125,406423.00
2026-02-03 10:30:00-05:00,48.13,48.25,48.025,48.03,208499.00
2026-02-03 10:35:00-05:00,48.03,48.13,47.9,48.11,205549.00
2026-02-03 10:40:00-05:00,48.11,48.165,47.98,47.98,162107.00
2026-02-03 10:45:00-05:00,47.975,48.155,47.85,48.14,160746.00
2026-02-03 10:50:00-05:00,48.15,48.455,48.15,48.4,251466.00
2026-02-03 10:55:00-05:00,48.4,48.43,48.28,48.415,201372.00
2026-02-03 11:00:00-05:00,48.415,48.465,48.35,48.3959,261967.00
2026-02-03 11:05:00-05:00,48.405,48.51,48.19,48.245,243966.00
2026-02-03 11:10:00-05:00,48.245,48.3689,48.145,48.25,183210.00
2026-02-03 11:15:00-05:00,48.25,48.55,48.2,48.425,276042.00
2026-02-03 11:20:00-05:00,48.43,48.45,48.19,48.22,192759.00
2026-02-03 11:25:00-05:00,48.22,48.45,48.18,48.255,197606.00
2026-02-03 11:30:00-05:00,48.255,48.54,48.245,48.49,279318.00
2026-02-03 11:35:00-05:00,48.49,48.605,48.39,48.525,287417.00
2026-02-03 11:40:00-05:00,48.53,48.54,48.165,48.175,173809.00
2026-02-03 11:45:00-05:00,48.155,48.295,48.135,48.235,155907.00
2026-02-03 11:50:00-05:00,48.23,48.23,47.94,47.99,289497.00
2026-02-03 11:55:00-05:00,47.995,48.105,47.94,48.015,115560.00
2026-02-03 12:00:00-05:00,48.01,48.0796,47.92,47.925,130242.00
2026-02-03 12:05:00-05:00,47.925,47.94,47.705,47.765,137787.00
2026-02-03 12:10:00-05:00,47.76,47.76,47.485,47.53,452527.00
2026-02-03 12:15:00-05:00,47.51,47.6,47.425,47.5658,349047.00
2026-02-03 12:20:00-05:00,47.56,47.605,47.48,47.505,109515.00
2026-02-03 12:25:00-05:00,47.505,47.6155,47.34,47.39,176557.00
2026-02-03 12:30:00-05:00,47.39,47.565,47.39,47.41,121668.00
2026-02-03 12:35:00-05:00,47.41,47.485,47.315,47.365,110687.00
2026-02-03 12:40:00-05:00,47.375,47.375,47.108,47.13,148337.00
2026-02-03 12:45:00-05:00,47.12,47.315,47.08,47.26,147185.00
2026-02-03 12:50:00-05:00,47.26,47.45,47.25,47.3276,376757.00
2026-02-03 12:55:00-05:00,47.33,47.395,47.205,47.22,150333.00
2026-02-03 13:00:00-05:00,47.22,47.275,47.175,47.24,113178.00
2026-02-03 13:05:00-05:00,47.245,47.33,47.215,47.3,131531.00
2026-02-03 13:10:00-05:00,47.29,47.4,47,47.12,324786.00
2026-02-03 13:15:00-05:00,47.12,47.2,47.015,47.08,127762.00
2026-02-03 13:20:00-05:00,47.075,47.105,46.73,46.735,199635.00
2026-02-03 13:25:00-05:00,46.74,46.865,46.48,46.575,507407.00
2026-02-03 13:30:00-05:00,46.58,46.87,46.51,46.67,320511.00
2026-02-03 13:35:00-05:00,46.665,46.82,46.66,46.82,108501.00
2026-02-03 13:40:00-05:00,46.825,46.865,46.675,46.78,130568.00
2026-02-03 13:45:00-05:00,46.78,46.955,46.77,46.905,152484.00
2026-02-03 13:50:00-05:00,46.9,47.035,46.85,46.99,100801.00
2026-02-03 13:55:00-05:00,46.99,47.21,46.915,46.965,404414.00
2026-02-03 14:00:00-05:00,46.95,46.98,46.78,46.82,212042.00
2026-02-03 14:05:00-05:00,46.81,46.93,46.79,46.82,109591.00
2026-02-03 14:10:00-05:00,46.83,47.145,46.83,47.11,117761.00
2026-02-03 14:15:00-05:00,47.12,47.25,47.11,47.23,191389.00
2026-02-03 14:20:00-05:00,47.2299,47.355,47.15,47.16,159351.00
2026-02-03 14:25:00-05:00,47.165,47.26,46.93,47,441145.00
2026-02-03 14:30:00-05:00,47,47.13,46.69,46.97,560509.00
2026-02-03 14:35:00-05:00,46.97,47.255,46.965,47.22,120169.00
2026-02-03 14:40:00-05:00,47.23,47.4207,47.18,47.375,159513.00
2026-02-03 14:45:00-05:00,47.375,47.445,47.285,47.4366,117330.00
2026-02-03 14:50:00-05:00,47.43,47.47,47.19,47.36,330387.00
2026-02-03 14:55:00-05:00,47.35,47.495,47.35,47.405,208073.00
2026-02-03 15:00:00-05:00,47.4,47.405,47.25,47.35,235806.00
2026-02-03 15:05:00-05:00,47.345,47.4,47.32,47.365,129949.00
2026-02-03 15:10:00-05:00,47.37,47.45,47.285,47.45,119922.00
2026-02-03 15:15:00-05:00,47.4568,47.53,47.32,47.48,164814.00
2026-02-03 15:20:00-05:00,47.49,47.495,47.32,47.365,230710.00
2026-02-03 15:25:00-05:00,47.365,47.369,47.19,47.245,247269.00
2026-02-03 15:30:00-05:00,47.2477,47.42,47.23,47.365,272508.00
2026-02-03 15:35:00-05:00,47.36,47.4,47.285,47.395,196866.00
2026-02-03 15:40:00-05:00,47.395,47.42,47.24,47.34,245547.00
2026-02-03 15:45:00-05:00,47.335,47.35,47.215,47.29,282805.00
2026-02-03 15:50:00-05:00,47.29,47.42,47.26,47.42,276273.00
2026-02-03 15:55:00-05:00,47.41,47.77,47.4,47.545,1382398.00
2026-02-04 09:30:00-05:00,48.54,48.85,47.9218,48.32,894460.00
2026-02-04 09:35:00-05:00,48.34,48.49,47.915,47.99,322365.00
2026-02-04 09:40:00-05:00,47.98,48.02,47.56,47.73,374165.00
2026-02-04 09:45:00-05:00,47.75,47.78,47.35,47.485,279773.00
2026-02-04 09:50:00-05:00,47.485,47.6732,47.34,47.66,214555.00
2026-02-04 09:55:00-05:00,47.665,47.77,47.45,47.52,198029.00
2026-02-04 10:00:00-05:00,47.52,47.52,47.24,47.43,171483.00
2026-02-04 10:05:00-05:00,47.415,47.54,47.305,47.33,227489.00
2026-02-04 10:10:00-05:00,47.335,47.37,47.01,47.115,311063.00
2026-02-04 10:15:00-05:00,47.115,47.14,46.685,46.79,251729.00
2026-02-04 10:20:00-05:00,46.79,47.005,46.7,46.745,254449.00
2026-02-04 10:25:00-05:00,46.74,46.91,46.46,46.52,316255.00
2026-02-04 10:30:00-05:00,46.525,46.58,45.93,45.98,296031.00
2026-02-04 10:35:00-05:00,45.99,46.165,45.7201,46.01,301426.00
2026-02-04 10:40:00-05:00,46.02,46.38,45.95,46.3,231699.00
2026-02-04 10:45:00-05:00,46.305,46.35,46.05,46.145,169990.00
2026-02-04 10:50:00-05:00,46.14,46.295,46.1,46.185,109088.00
2026-02-04 10:55:00-05:00,46.185,46.3,45.86,45.935,200467.00
2026-02-04 11:00:00-05:00,45.935,45.9697,45.7,45.78,160010.00
2026-02-04 11:05:00-05:00,45.79,45.94,45.7451,45.805,164760.00
2026-02-04 11:10:00-05:00,45.81,46.04,45.75,45.88,163003.00
2026-02-04 11:15:00-05:00,45.87,45.93,45.6,45.6375,190493.00
2026-02-04 11:20:00-05:00,45.66,45.6999,45.52,45.615,216569.00
2026-02-04 11:25:00-05:00,45.6,46.06,45.59,46.01,166629.00
2026-02-04 11:30:00-05:00,46.015,46.02,45.63,45.67,247817.00
2026-02-04 11:35:00-05:00,45.66,45.76,45.58,45.6,149807.00
2026-02-04 11:40:00-05:00,45.605,45.62,45.44,45.4649,200980.00
2026-02-04 11:45:00-05:00,45.47,45.47,45.05,45.115,331402.00
2026-02-04 11:50:00-05:00,45.115,45.36,45.1,45.33,214494.00
2026-02-04 11:55:00-05:00,45.335,45.5745,45.335,45.55,209325.00
2026-02-04 12:00:00-05:00,45.52,45.5223,45.39,45.49,108671.00
2026-02-04 12:05:00-05:00,45.495,45.54,45.3835,45.44,118663.00
2026-02-04 12:10:00-05:00,45.435,45.55,45.38,45.53,136351.00
2026-02-04 12:15:00-05:00,45.53,45.55,45.39,45.42,190764.00
2026-02-04 12:20:00-05:00,45.42,45.515,45.3809,45.395,261716.00
2026-02-04 12:25:00-05:00,45.39,45.445,45.03,45.36,329792.00
2026-02-04 12:30:00-05:00,45.35,45.51,45.32,45.51,149797.00
2026-02-04 12:35:00-05:00,45.495,45.51,45.33,45.3427,196278.00
2026-02-04 12:40:00-05:00,45.34,45.355,45.1475,45.21,138596.00
2026-02-04 12:45:00-05:00,45.215,45.32,45.21,45.27,146368.00
2026-02-04 12:50:00-05:00,45.265,45.53,45.25,45.45,186017.00
2026-02-04 12:55:00-05:00,45.45,45.64,45.41,45.56,93223.00
2026-02-04 13:00:00-05:00,45.56,45.56,45.31,45.52,197349.00
2026-02-04 13:05:00-05:00,45.52,45.71,45.46,45.46,201373.00
2026-02-04 13:10:00-05:00,45.49,45.575,45.4501,45.57,106120.00
2026-02-04 13:15:00-05:00,45.58,45.765,45.58,45.65,109878.00
2026-02-04 13:20:00-05:00,45.65,45.84,45.61,45.77,229398.00
2026-02-04 13:25:00-05:00,45.78,46.13,45.76,46.1,173168.00
2026-02-04 13:30:00-05:00,46.11,46.11,45.875,45.935,181703.00
2026-02-04 13:35:00-05:00,45.94,46.015,45.82,45.83,116423.00
2026-02-04 13:40:00-05:00,45.82,45.977,45.81,45.83,82266.00
2026-02-04 13:45:00-05:00,45.83,45.91,45.77,45.82,94005.00
2026-02-04 13:50:00-05:00,45.815,45.83,45.69,45.81,121082.00
2026-02-04 13:55:00-05:00,45.8,45.92,45.685,45.72,112872.00
2026-02-04 14:00:00-05:00,45.71,45.875,45.53,45.54,209102.00
2026-02-04 14:05:00-05:00,45.56,45.96,45.545,45.92,170308.00
2026-02-04 14:10:00-05:00,45.925,46.0999,45.91,46.07,105934.00
2026-02-04 14:15:00-05:00,46.06,46.2,46.06,46.15,90424.00
2026-02-04 14:20:00-05:00,46.16,46.16,46.02,46.15,145664.00
2026-02-04 14:25:00-05:00,46.14,46.22,46.09,46.19,97519.00
2026-02-04 14:30:00-05:00,46.19,46.34,46.19,46.305,195768.00
2026-02-04 14:35:00-05:00,46.31,46.44,46.3,46.41,115859.00
2026-02-04 14:40:00-05:00,46.41,46.5299,46.38,46.46,189311.00
2026-02-04 14:45:00-05:00,46.465,46.64,46.35,46.42,250341.00
2026-02-04 14:50:00-05:00,46.41,46.52,46.41,46.47,124052.00
2026-02-04 14:55:00-05:00,46.465,46.625,46.43,46.62,114538.00
2026-02-04 15:00:00-05:00,46.63,46.75,46.63,46.71,129150.00
2026-02-04 15:05:00-05:00,46.7,46.82,46.66,46.81,135707.00
2026-02-04 15:10:00-05:00,46.82,46.83,46.615,46.68,146810.00
2026-02-04 15:15:00-05:00,46.68,46.72,46.58,46.6074,150669.00
2026-02-04 15:20:00-05:00,46.605,46.61,46.51,46.54,179075.00
2026-02-04 15:25:00-05:00,46.54,46.64,46.51,46.575,196615.00
2026-02-04 15:30:00-05:00,46.58,46.68,46.5,46.68,227522.00
2026-02-04 15:35:00-05:00,46.67,46.885,46.63,46.88,207993.00
2026-02-04 15:40:00-05:00,46.88,46.91,46.82,46.825,210479.00
2026-02-04 15:45:00-05:00,46.825,46.85,46.77,46.83,308394.00
2026-02-04 15:50:00-05:00,46.84,47.23,46.84,47.15,622391.00
2026-02-04 15:55:00-05:00,47.14,47.64,47.13,47.365,1958884.00
2026-02-05 09:30:00-05:00,45.34,46.06,45.099,45.58,1165545.00
2026-02-05 09:35:00-05:00,45.57,46.42,45.385,46.305,642498.00
2026-02-05 09:40:00-05:00,46.3123,46.85,46.14,46.755,674887.00
2026-02-05 09:45:00-05:00,46.76,46.78,46.18,46.38,587526.00
2026-02-05 09:50:00-05:00,46.37,46.52,46.11,46.21,343637.00
2026-02-05 09:55:00-05:00,46.21,46.2105,45.44,45.4708,442752.00
2026-02-05 10:00:00-05:00,45.43,45.595,45.18,45.445,512790.00
2026-02-05 10:05:00-05:00,45.46,45.64,45.2308,45.485,261870.00
2026-02-05 10:10:00-05:00,45.47,45.51,45.045,45.08,241696.00
2026-02-05 10:15:00-05:00,45.08,45.505,45.05,45.4101,246317.00
2026-02-05 10:20:00-05:00,45.41,45.445,45.05,45.085,287788.00
2026-02-05 10:25:00-05:00,45.1,45.27,44.7,44.89,536603.00
2026-02-05 10:30:00-05:00,44.91,44.95,44.75,44.78,339950.00
2026-02-05 10:35:00-05:00,44.78,44.95,44.7,44.95,282975.00
2026-02-05 10:40:00-05:00,44.94,44.96,44.53,44.555,379265.00
2026-02-05 10:45:00-05:00,44.555,44.63,44.19,44.27,649933.00
2026-02-05 10:50:00-05:00,44.28,44.48,44.201,44.25,325395.00
2026-02-05 10:55:00-05:00,44.25,44.57,44.22,44.56,310838.00
2026-02-05 11:00:00-05:00,44.57,44.695,44.33,44.35,264284.00
2026-02-05 11:05:00-05:00,44.34,44.41,44.12,44.13,394003.00
2026-02-05 11:10:00-05:00,44.13,44.24,44.035,44.07,361360.00
2026-02-05 11:15:00-05:00,44.07,44.5,44.07,44.425,427999.00
2026-02-05 11:20:00-05:00,44.43,44.625,44.39,44.625,297960.00
2026-02-05 11:25:00-05:00,44.63,44.82,44.515,44.7,574226.00
2026-02-05 11:30:00-05:00,44.7,44.92,44.7,44.875,287362.00
2026-02-05 11:35:00-05:00,44.885,45.1349,44.81,44.985,465160.00
2026-02-05 11:40:00-05:00,44.985,45.05,44.9012,44.915,260873.00
2026-02-05 11:45:00-05:00,44.925,44.97,44.76,44.87,388654.00
2026-02-05 11:50:00-05:00,44.87,45.22,44.86,45.19,329706.00
2026-02-05 11:55:00-05:00,45.2,45.21,44.97,45.08,256990.00
2026-02-05 12:00:00-05:00,45.08,45.12,44.88,44.9299,187570.00
2026-02-05 12:05:00-05:00,44.92,45.1644,44.92,45.057,109108.00
2026-02-05 12:10:00-05:00,45.05,45.15,44.94,45.045,215063.00
2026-02-05 12:15:00-05:00,45.045,45.18,44.97,45.01,236681.00
2026-02-05 12:20:00-05:00,45.005,45.145,44.85,45.1241,190462.00
2026-02-05 12:25:00-05:00,45.13,45.175,45.06,45.11,193514.00
2026-02-05 12:30:00-05:00,45.115,45.13,44.97,44.99,184049.00
2026-02-05 12:35:00-05:00,44.98,45.14,44.96,45.02,312470.00
2026-02-05 12:40:00-05:00,45.015,45.185,44.915,44.965,115845.00
2026-02-05 12:45:00-05:00,44.98,45.1399,44.88,44.975,168751.00
2026-02-05 12:50:00-05:00,44.975,45.11,44.93,44.965,113731.00
2026-02-05 12:55:00-05:00,44.95,45.12,44.915,45.08,194027.00
2026-02-05 13:00:00-05:00,45.1,45.3,45.07,45.19,249694.00
2026-02-05 13:05:00-05:00,45.189,45.189,45.07,45.09,93299.00
2026-02-05 13:10:00-05:00,45.07,45.13,44.94,45.05,228730.00
2026-02-05 13:15:00-05:00,45.05,45.05,44.9,44.91,192285.00
2026-02-05 13:20:00-05:00,44.905,44.98,44.81,44.96,137012.00
2026-02-05 13:25:00-05:00,44.97,45.0253,44.9091,44.95,160578.00
2026-02-05 13:30:00-05:00,44.95,45.04,44.88,44.91,108721.00
2026-02-05 13:35:00-05:00,44.92,44.92,44.78,44.795,215333.00
2026-02-05 13:40:00-05:00,44.8,44.85,44.69,44.795,218149.00
2026-02-05 13:45:00-05:00,44.785,44.81,44.64,44.65,104069.00
2026-02-05 13:50:00-05:00,44.6401,44.7,44.58,44.685,128582.00
2026-02-05 13:55:00-05:00,44.69,44.8099,44.625,44.785,289666.00
2026-02-05 14:00:00-05:00,44.77,44.91,44.72,44.795,144057.00
2026-02-05 14:05:00-05:00,44.8,44.92,44.71,44.89,153774.00
2026-02-05 14:10:00-05:00,44.9,44.975,44.88,44.9445,122225.00
2026-02-05 14:15:00-05:00,44.945,44.985,44.815,44.835,168729.00
2026-02-05 14:20:00-05:00,44.84,44.9,44.76,44.86,124906.00
2026-02-05 14:25:00-05:00,44.845,44.845,44.655,44.665,93958.00
2026-02-05 14:30:00-05:00,44.6635,44.665,44.36,44.4999,292769.00
2026-02-05 14:35:00-05:00,44.49,44.51,44.36,44.428,208742.00
2026-02-05 14:40:00-05:00,44.43,44.47,44.32,44.41,127350.00
2026-02-05 14:45:00-05:00,44.42,44.51,44.4,44.46,136894.00
2026-02-05 14:50:00-05:00,44.46,44.465,44.37,44.42,139211.00
2026-02-05 14:55:00-05:00,44.43,44.56,44.36,44.54,163488.00
2026-02-05 15:00:00-05:00,44.54,44.6,44.405,44.45,150237.00
2026-02-05 15:05:00-05:00,44.45,44.45,44.3025,44.45,304919.00
2026-02-05 15:10:00-05:00,44.4301,44.58,44.4001,44.4231,159753.00
2026-02-05 15:15:00-05:00,44.42,44.42,44.2,44.2,179223.00
2026-02-05 15:20:00-05:00,44.21,44.25,44.15,44.22,271802.00
2026-02-05 15:25:00-05:00,44.22,44.29,44.14,44.19,271062.00
2026-02-05 15:30:00-05:00,44.19,44.235,44,44.01,396257.00
2026-02-05 15:35:00-05:00,44.02,44.025,43.89,43.91,327854.00
2026-02-05 15:40:00-05:00,43.915,44,43.89,43.91,381603.00
2026-02-05 15:45:00-05:00,43.91,43.96,43.81,43.87,405366.00
2026-02-05 15:50:00-05:00,43.89,43.985,43.82,43.96,623809.00
2026-02-05 15:55:00-05:00,43.96,43.97,43.75,43.91,1623386.00
2026-02-06 09:30:00-05:00,44.89,45.425,44.89,45.29,128406.00
2026-02-06 09:35:00-05:00,45.23,45.64,45.09,45.375,864633.00
2026-02-06 09:40:00-05:00,45.3782,45.44,44.96,45.16,547709.00
2026-02-06 09:45:00-05:00,45.16,45.39,45.07,45.365,275868.00
2026-02-06 09:50:00-05:00,45.365,45.4799,45.19,45.24,217203.00
2026-02-06 09:55:00-05:00,45.23,45.5,45.15,45.36,210761.00
2026-02-06 10:00:00-05:00,45.38,45.54,45.36,45.405,186499.00
2026-02-06 10:05:00-05:00,45.415,45.71,45.415,45.63,213363.00
2026-02-06 10:10:00-05:00,45.62,45.8153,45.59,45.59,195846.00
2026-02-06 10:15:00-05:00,45.6,45.67,45.36,45.67,228879.00
2026-02-06 10:20:00-05:00,45.67,45.7111,45.41,45.43,392228.00
2026-02-06 10:25:00-05:00,45.425,45.75,45.425,45.69,213501.00
2026-02-06 10:30:00-05:00,45.7,45.845,45.7,45.735,182653.00
2026-02-06 10:35:00-05:00,45.765,45.775,45.6,45.64,132113.00
2026-02-06 10:40:00-05:00,45.64,45.6499,45.42,45.45,199924.00
2026-02-06 10:45:00-05:00,45.45,45.45,45.36,45.4,128064.00
2026-02-06 10:50:00-05:00,45.405,45.425,45.25,45.25,192792.00
2026-02-06 10:55:00-05:00,45.2599,45.45,45.23,45.43,370994.00
2026-02-06 11:00:00-05:00,45.4301,45.59,45.4,45.533,251564.00
2026-02-06 11:05:00-05:00,45.55,45.57,45.38,45.4,141115.00
2026-02-06 11:10:00-05:00,45.4,45.52,45.39,45.42,166840.00
2026-02-06 11:15:00-05:00,45.41,45.42,45.25,45.27,169379.00
2026-02-06 11:20:00-05:00,45.27,45.3,44.88,44.97,253918.00
2026-02-06 11:25:00-05:00,44.97,45.01,44.85,44.98,169521.00
2026-02-06 11:30:00-05:00,44.99,45.1,44.98,45.08,152474.00
2026-02-06 11:35:00-05:00,45.08,45.22,45.08,45.22,133243.00
2026-02-06 11:40:00-05:00,45.21,45.285,45.18,45.275,126134.00
2026-02-06 11:45:00-05:00,45.285,45.42,45.28,45.36,80290.00
2026-02-06 11:50:00-05:00,45.365,45.37,45.27,45.31,70945.00
2026-02-06 11:55:00-05:00,45.3199,45.44,45.28,45.325,95851.00
2026-02-06 12:00:00-05:00,45.33,45.39,45.28,45.3803,115522.00
2026-02-06 12:05:00-05:00,45.4,45.43,45.38,45.4,70979.00
2026-02-06 12:10:00-05:00,45.405,45.44,45.35,45.415,92482.00
2026-02-06 12:15:00-05:00,45.4151,45.43,45.34,45.391,78355.00
2026-02-06 12:20:00-05:00,45.39,45.3912,45.3,45.31,52273.00
2026-02-06 12:25:00-05:00,45.31,45.33,45.22,45.24,58797.00
2026-02-06 12:30:00-05:00,45.24,45.35,45.2366,45.28,85616.00
2026-02-06 12:35:00-05:00,45.28,45.28,45.06,45.11,267324.00
2026-02-06 12:40:00-05:00,45.11,45.2,45.1,45.19,65822.00
2026-02-06 12:45:00-05:00,45.185,45.23,45.15,45.19,71420.00
2026-02-06 12:50:00-05:00,45.195,45.24,45.159,45.16,61313.00
2026-02-06 12:55:00-05:00,45.155,45.18,45.09,45.09,84638.00
2026-02-06 13:00:00-05:00,45.11,45.12,45.05,45.12,77141.00
2026-02-06 13:05:00-05:00,45.1195,45.1499,45.04,45.08,51811.00
2026-02-06 13:10:00-05:00,45.08,45.21,45.07,45.135,75511.00
2026-02-06 13:15:00-05:00,45.14,45.17,45.09,45.13,36362.00
2026-02-06 13:20:00-05:00,45.12,45.12,45.015,45.02,69856.00
2026-02-06 13:25:00-05:00,45.03,45.1,44.99,45.09,93884.00
2026-02-06 13:30:00-05:00,45.1,45.18,45.09,45.13,165841.00
2026-02-06 13:35:00-05:00,45.135,45.185,45.1205,45.175,81304.00
2026-02-06 13:40:00-05:00,45.17,45.3,45.13,45.21,123858.00
2026-02-06 13:45:00-05:00,45.2028,45.28,45.18,45.26,62932.00
2026-02-06 13:50:00-05:00,45.26,45.3,45.24,45.265,82561.00
2026-02-06 13:55:00-05:00,45.27,45.28,45.2,45.255,83537.00
2026-02-06 14:00:00-05:00,45.27,45.31,45.245,45.295,70920.00
2026-02-06 14:05:00-05:00,45.3,45.325,45.2599,45.275,72139.00
2026-02-06 14:10:00-05:00,45.27,45.2893,45.19,45.225,72855.00
2026-02-06 14:15:00-05:00,45.22,45.25,45.175,45.215,60152.00
2026-02-06 14:20:00-05:00,45.215,45.355,45.2,45.32,76831.00
2026-02-06 14:25:00-05:00,45.315,45.355,45.26,45.265,74024.00
2026-02-06 14:30:00-05:00,45.265,45.275,45.22,45.23,97723.00
2026-02-06 14:35:00-05:00,45.22,45.225,45.165,45.205,98290.00
2026-02-06 14:40:00-05:00,45.21,45.26,45.17,45.255,91918.00
2026-02-06 14:45:00-05:00,45.25,45.33,45.25,45.28,85537.00
2026-02-06 14:50:00-05:00,45.27,45.2878,45.19,45.225,89024.00
2026-02-06 14:55:00-05:00,45.225,45.2398,45.12,45.12,103713.00
2026-02-06 15:00:00-05:00,45.125,45.195,45.07,45.185,123645.00
2026-02-06 15:05:00-05:00,45.185,45.245,45.165,45.23,142642.00
2026-02-06 15:10:00-05:00,45.225,45.225,45.145,45.2,127091.00
2026-02-06 15:15:00-05:00,45.195,45.2,45.11,45.175,148695.00
2026-02-06 15:20:00-05:00,45.17,45.205,45.11,45.18,86861.00
2026-02-06 15:25:00-05:00,45.2,45.205,45.155,45.16,107062.00
2026-02-06 15:30:00-05:00,45.16,45.16,44.98,44.98,226705.00
2026-02-06 15:35:00-05:00,44.99,45.06,44.97,45.06,134232.00
2026-02-06 15:40:00-05:00,45.07,45.215,45.065,45.16,190554.00
2026-02-06 15:45:00-05:00,45.16,45.22,45.09,45.18,345160.00
2026-02-06 15:50:00-05:00,45.17,45.295,45.17,45.275,399583.00
2026-02-06 15:55:00-05:00,45.27,45.31,45.11,45.175,1150860.00
2026-02-09 09:30:00-05:00,45.68,46.2112,45.64,46.12,363935.00
2026-02-09 09:35:00-05:00,46.09,46.3,46.02,46.245,357131.00
2026-02-09 09:40:00-05:00,46.235,46.53,46.22,46.42,250250.00
2026-02-09 09:45:00-05:00,46.42,46.58,46.085,46.13,232241.00
2026-02-09 09:50:00-05:00,46.1275,46.19,45.93,46.01,261347.00
2026-02-09 09:55:00-05:00,46,46.16,45.91,45.91,196873.00
2026-02-09 10:00:00-05:00,45.915,46.06,45.74,45.83,294239.00
2026-02-09 10:05:00-05:00,45.84,45.91,45.76,45.8888,230346.00
2026-02-09 10:10:00-05:00,45.89,45.92,45.765,45.805,120129.00
2026-02-09 10:15:00-05:00,45.81,45.915,45.79,45.85,133269.00
2026-02-09 10:20:00-05:00,45.85,46.0199,45.85,45.993,103652.00
2026-02-09 10:25:00-05:00,45.99,46.05,45.96,46.0422,117507.00
2026-02-09 10:30:00-05:00,46.04,46.18,46.04,46.18,135273.00
2026-02-09 10:35:00-05:00,46.17,46.27,46.17,46.2265,107006.00
2026-02-09 10:40:00-05:00,46.22,46.23,46.025,46.22,90628.00
2026-02-09 10:45:00-05:00,46.23,46.3283,46.175,46.3283,134973.00
2026-02-09 10:50:00-05:00,46.3255,46.4199,46.31,46.4199,123010.00
2026-02-09 10:55:00-05:00,46.415,46.48,46.33,46.385,171807.00
2026-02-09 11:00:00-05:00,46.385,46.46,46.355,46.44,165383.00
2026-02-09 11:05:00-05:00,46.45,46.485,46.325,46.365,133681.00
2026-02-09 11:10:00-05:00,46.37,46.42,46.34,46.4,65908.00
2026-02-09 11:15:00-05:00,46.395,46.47,46.38,46.41,79803.00
2026-02-09 11:20:00-05:00,46.4,46.44,46.305,46.37,115091.00
2026-02-09 11:25:00-05:00,46.37,46.41,46.335,46.395,109797.00
2026-02-09 11:30:00-05:00,46.39,46.435,46.29,46.29,95122.00
2026-02-09 11:35:00-05:00,46.2875,46.29,46.205,46.27,108105.00
2026-02-09 11:40:00-05:00,46.27,46.335,46.27,46.325,54212.00
2026-02-09 11:45:00-05:00,46.325,46.4,46.32,46.365,98883.00
2026-02-09 11:50:00-05:00,46.37,46.375,46.285,46.291,52285.00
2026-02-09 11:55:00-05:00,46.295,46.35,46.28,46.33,58034.00
2026-02-09 12:00:00-05:00,46.33,46.355,46.195,46.2186,120722.00
2026-02-09 12:05:00-05:00,46.22,46.2446,46.14,46.1599,73462.00
2026-02-09 12:10:00-05:00,46.155,46.1899,46.1144,46.1295,67942.00
2026-02-09 12:15:00-05:00,46.13,46.24,46.13,46.17,83116.00
2026-02-09 12:20:00-05:00,46.17,46.27,46.15,46.255,87620.00
2026-02-09 12:25:00-05:00,46.255,46.255,46.18,46.205,60638.00
2026-02-09 12:30:00-05:00,46.21,46.225,46.175,46.22,132699.00
2026-02-09 12:35:00-05:00,46.2219,46.26,46.14,46.155,49515.00
2026-02-09 12:40:00-05:00,46.15,46.157,46.055,46.095,90659.00
2026-02-09 12:45:00-05:00,46.09,46.09,46,46.0655,108215.00
2026-02-09 12:50:00-05:00,46.06,46.06,45.835,45.855,273501.00
2026-02-09 12:55:00-05:00,45.85,45.85,45.67,45.72,299373.00
2026-02-09 13:00:00-05:00,45.73,45.75,45.69,45.7,145923.00
2026-02-09 13:05:00-05:00,45.7,45.825,45.6718,45.81,176727.00
2026-02-09 13:10:00-05:00,45.82,46,45.81,45.975,90262.00
2026-02-09 13:15:00-05:00,45.98,46.015,45.91,45.9201,127716.00
2026-02-09 13:20:00-05:00,45.93,45.99,45.61,45.9311,433518.00
2026-02-09 13:25:00-05:00,45.96,46.08,45.94,46.0781,115710.00
2026-02-09 13:30:00-05:00,46.08,46.2,46.03,46.195,102426.00
2026-02-09 13:35:00-05:00,46.195,46.26,46.18,46.21,70008.00
2026-02-09 13:40:00-05:00,46.21,46.25,46.145,46.19,106289.00
2026-02-09 13:45:00-05:00,46.195,46.225,46.155,46.16,64760.00
2026-02-09 13:50:00-05:00,46.16,46.215,46.16,46.185,50080.00
2026-02-09 13:55:00-05:00,46.185,46.2681,46.1698,46.265,69110.00
2026-02-09 14:00:00-05:00,46.265,46.32,46.25,46.315,69039.00
2026-02-09 14:05:00-05:00,46.3144,46.33,46.26,46.325,144695.00
2026-02-09 14:10:00-05:00,46.3201,46.375,46.305,46.355,51621.00
2026-02-09 14:15:00-05:00,46.35,46.36,46.31,46.33,55694.00
2026-02-09 14:20:00-05:00,46.33,46.3899,46.325,46.385,61907.00
2026-02-09 14:25:00-05:00,46.385,46.43,46.37,46.37,129377.00
2026-02-09 14:30:00-05:00,46.37,46.37,46.25,46.251,110690.00
2026-02-09 14:35:00-05:00,46.255,46.3,46.25,46.3,97494.00
2026-02-09 14:40:00-05:00,46.295,46.35,46.26,46.345,104636.00
2026-02-09 14:45:00-05:00,46.35,46.425,46.3025,46.385,80399.00
2026-02-09 14:50:00-05:00,46.39,46.42,46.345,46.375,111044.00
2026-02-09 14:55:00-05:00,46.3743,46.46,46.365,46.455,144926.00
2026-02-09 15:00:00-05:00,46.45,46.45,46.365,46.39,132516.00
2026-02-09 15:05:00-05:00,46.385,46.39,46.35,46.365,109197.00
2026-02-09 15:10:00-05:00,46.37,46.42,46.37,46.38,102075.00
2026-02-09 15:15:00-05:00,46.3765,46.4475,46.345,46.435,133520.00
2026-02-09 15:20:00-05:00,46.4397,46.49,46.425,46.425,109701.00
2026-02-09 15:25:00-05:00,46.425,46.54,46.42,46.535,137745.00
2026-02-09 15:30:00-05:00,46.535,46.59,46.51,46.5199,132628.00
2026-02-09 15:35:00-05:00,46.5197,46.555,46.495,46.5502,103784.00
2026-02-09 15:40:00-05:00,46.555,46.6,46.55,46.585,115063.00
2026-02-09 15:45:00-05:00,46.59,46.61,46.53,46.57,189939.00
2026-02-09 15:50:00-05:00,46.56,46.7,46.555,46.695,204507.00
2026-02-09 15:55:00-05:00,46.69,46.715,46.63,46.64,776369.00
2026-02-10 09:30:00-05:00,46.5,46.65,46.38,46.56,305270.00
2026-02-10 09:35:00-05:00,46.565,46.65,46.36,46.5,173013.00
2026-02-10 09:40:00-05:00,46.4937,46.76,46.4,46.755,161671.00
2026-02-10 09:45:00-05:00,46.75,46.76,46.31,46.34,247345.00
2026-02-10 09:50:00-05:00,46.34,46.65,46.28,46.65,143773.00
2026-02-10 09:55:00-05:00,46.66,46.77,46.47,46.49,176053.00
2026-02-10 10:00:00-05:00,46.48,46.65,46.45,46.56,203511.00
2026-02-10 10:05:00-05:00,46.56,46.78,46.5501,46.68,97293.00
2026-02-10 10:10:00-05:00,46.68,46.71,46.62,46.64,103732.00
2026-02-10 10:15:00-05:00,46.64,46.71,46.53,46.71,109749.00
2026-02-10 10:20:00-05:00,46.71,46.85,46.71,46.775,185488.00
2026-02-10 10:25:00-05:00,46.78,46.84,46.73,46.78,190771.00
2026-02-10 10:30:00-05:00,46.77,46.935,46.75,46.87,149201.00
2026-02-10 10:35:00-05:00,46.87,46.88,46.61,46.6265,129887.00
2026-02-10 10:40:00-05:00,46.62,46.775,46.615,46.655,152989.00
2026-02-10 10:45:00-05:00,46.655,46.71,46.6,46.71,127931.00
2026-02-10 10:50:00-05:00,46.71,46.74,46.655,46.72,108524.00
2026-02-10 10:55:00-05:00,46.71,46.72,46.58,46.635,101937.00
2026-02-10 11:00:00-05:00,46.63,46.695,46.61,46.6101,152189.00
2026-02-10 11:05:00-05:00,46.61,46.63,46.48,46.525,182847.00
2026-02-10 11:10:00-05:00,46.53,46.715,46.53,46.68,138505.00
2026-02-10 11:15:00-05:00,46.68,46.84,46.61,46.805,177212.00
2026-02-10 11:20:00-05:00,46.8,46.84,46.7,46.76,86071.00
2026-02-10 11:25:00-05:00,46.76,46.9,46.72,46.8183,141234.00
2026-02-10 11:30:00-05:00,46.825,46.92,46.76,46.78,76841.00
2026-02-10 11:35:00-05:00,46.768,46.88,46.76,46.8121,98514.00
2026-02-10 11:40:00-05:00,46.8274,46.8274,46.72,46.76,47101.00
2026-02-10 11:45:00-05:00,46.7675,46.81,46.73,46.75,58917.00
2026-02-10 11:50:00-05:00,46.7401,46.8,46.66,46.775,80888.00
2026-02-10 11:55:00-05:00,46.77,46.86,46.76,46.855,69442.00
2026-02-10 12:00:00-05:00,46.87,46.9,46.81,46.85,93289.00
2026-02-10 12:05:00-05:00,46.85,46.87,46.76,46.77,136642.00
2026-02-10 12:10:00-05:00,46.775,46.818,46.735,46.765,122146.00
2026-02-10 12:15:00-05:00,46.775,46.7998,46.73,46.735,83336.00
2026-02-10 12:20:00-05:00,46.73,46.73,46.575,46.63,91930.00
2026-02-10 12:25:00-05:00,46.65,46.795,46.65,46.7487,96385.00
2026-02-10 12:30:00-05:00,46.76,46.805,46.73,46.8,72451.00
2026-02-10 12:35:00-05:00,46.79,46.83,46.74,46.815,86166.00
2026-02-10 12:40:00-05:00,46.82,46.91,46.785,46.91,152144.00
2026-02-10 12:45:00-05:00,46.9175,46.935,46.815,46.82,93752.00
2026-02-10 12:50:00-05:00,46.83,46.835,46.775,46.8,73226.00
2026-02-10 12:55:00-05:00,46.8,46.82,46.785,46.8071,78092.00
2026-02-10 13:00:00-05:00,46.8,46.88,46.77,46.865,176288.00
2026-02-10 13:05:00-05:00,46.865,46.93,46.81,46.93,150036.00
2026-02-10 13:10:00-05:00,46.93,46.93,46.8528,46.855,65386.00
2026-02-10 13:15:00-05:00,46.85,46.87,46.77,46.805,142881.00
2026-02-10 13:20:00-05:00,46.8,46.925,46.78,46.8401,123394.00
2026-02-10 13:25:00-05:00,46.835,46.85,46.765,46.765,145811.00
2026-02-10 13:30:00-05:00,46.765,46.9,46.76,46.83,129179.00
2026-02-10 13:35:00-05:00,46.835,46.97,46.83,46.97,116267.00
2026-02-10 13:40:00-05:00,46.97,46.98,46.91,46.96,80025.00
2026-02-10 13:45:00-05:00,46.96,46.975,46.9,46.91,74080.00
2026-02-10 13:50:00-05:00,46.91,46.935,46.875,46.875,75756.00
2026-02-10 13:55:00-05:00,46.87,46.99,46.87,46.975,86144.00
2026-02-10 14:00:00-05:00,46.975,47,46.87,46.935,359108.00
2026-02-10 14:05:00-05:00,46.93,47.01,46.93,46.95,114318.00
2026-02-10 14:10:00-05:00,46.955,46.955,46.835,46.94,114243.00
2026-02-10 14:15:00-05:00,46.935,46.96,46.885,46.9545,86680.00
2026-02-10 14:20:00-05:00,46.96,46.99,46.925,46.955,67961.00
2026-02-10 14:25:00-05:00,46.96,46.9897,46.93,46.955,116257.00
2026-02-10 14:30:00-05:00,46.955,47.115,46.93,47.11,153046.00
2026-02-10 14:35:00-05:00,47.11,47.1797,47.0943,47.1797,77996.00
2026-02-10 14:40:00-05:00,47.175,47.2,47.11,47.145,99927.00
2026-02-10 14:45:00-05:00,47.15,47.2197,47.15,47.205,76183.00
2026-02-10 14:50:00-05:00,47.205,47.36,47.195,47.315,164204.00
2026-02-10 14:55:00-05:00,47.31,47.4,47.2697,47.3327,161443.00
2026-02-10 15:00:00-05:00,47.33,47.335,47.16,47.165,154749.00
2026-02-10 15:05:00-05:00,47.165,47.25,47.135,47.24,152540.00
2026-02-10 15:10:00-05:00,47.23,47.24,47.185,47.215,130220.00
2026-02-10 15:15:00-05:00,47.215,47.2374,47.155,47.215,137711.00
2026-02-10 15:20:00-05:00,47.215,47.22,47.135,47.15,161718.00
2026-02-10 15:25:00-05:00,47.1499,47.175,47.08,47.095,208374.00
2026-02-10 15:30:00-05:00,47.09,47.09,47.015,47.045,206339.00
2026-02-10 15:35:00-05:00,47.05,47.15,47.03,47.11,211871.00
2026-02-10 15:40:00-05:00,47.1,47.14,47.05,47.135,208630.00
2026-02-10 15:45:00-05:00,47.135,47.24,47.11,47.17,330492.00
2026-02-10 15:50:00-05:00,47.17,47.23,47.095,47.1,453211.00
2026-02-10 15:55:00-05:00,47.1,47.105,46.92,46.96,1156120.00
2026-02-11 09:30:00-05:00,48.04,48.09,47.58,47.775,676264.00
2026-02-11 09:35:00-05:00,47.775,47.7799,47.25,47.28,435024.00
2026-02-11 09:40:00-05:00,47.283,47.3296,46.7453,46.82,356286.00
2026-02-11 09:45:00-05:00,46.81,47.02,46.73,46.73,260313.00
2026-02-11 09:50:00-05:00,46.725,46.95,46.605,46.915,189911.00
2026-02-11 09:55:00-05:00,46.915,47.21,46.915,47.065,181906.00
2026-02-11 10:00:00-05:00,47.065,47.135,46.915,47.1011,184275.00
2026-02-11 10:05:00-05:00,47.095,47.3091,47.0701,47.225,137069.00
2026-02-11 10:10:00-05:00,47.22,47.25,46.9,47,110657.00
2026-02-11 10:15:00-05:00,46.99,47.1,46.645,46.6599,189647.00
2026-02-11 10:20:00-05:00,46.65,46.92,46.55,46.5534,150480.00
2026-02-11 10:25:00-05:00,46.57,46.765,46.52,46.6333,324615.00
2026-02-11 10:30:00-05:00,46.63,46.63,46.32,46.35,428882.00
2026-02-11 10:35:00-05:00,46.37,46.52,46.22,46.52,237140.00
2026-02-11 10:40:00-05:00,46.52,46.59,46.35,46.51,231562.00
2026-02-11 10:45:00-05:00,46.53,46.65,46.4,46.46,212953.00
2026-02-11 10:50:00-05:00,46.45,46.835,46.435,46.8302,143725.00
2026-02-11 10:55:00-05:00,46.84,46.92,46.585,46.64,275589.00
2026-02-11 11:00:00-05:00,46.63,46.73,46.55,46.595,190685.00
2026-02-11 11:05:00-05:00,46.6,46.63,46.515,46.52,112166.00
2026-02-11 11:10:00-05:00,46.52,46.715,46.52,46.63,160405.00
2026-02-11 11:15:00-05:00,46.63,46.69,46.54,46.69,131789.00
2026-02-11 11:20:00-05:00,46.69,46.9,46.68,46.875,149082.00
2026-02-11 11:25:00-05:00,46.88,46.9,46.74,46.825,129234.00
2026-02-11 11:30:00-05:00,46.82,46.97,46.72,46.9108,162752.00
2026-02-11 11:35:00-05:00,46.93,46.94,46.8,46.88,109024.00
2026-02-11 11:40:00-05:00,46.89,47.09,46.89,47.0532,119043.00
2026-02-11 11:45:00-05:00,47.06,47.18,47.03,47.05,107903.00
2026-02-11 11:50:00-05:00,47.06,47.19,47.04,47.125,75479.00
2026-02-11 11:55:00-05:00,47.1396,47.1765,47.0497,47.14,122103.00
2026-02-11 12:00:00-05:00,47.15,47.15,46.98,47.05,85702.00
2026-02-11 12:05:00-05:00,47.045,47.15,47.03,47.1,78170.00
2026-02-11 12:10:00-05:00,47.105,47.23,47.08,47.21,97023.00
2026-02-11 12:15:00-05:00,47.22,47.28,47.13,47.25,104542.00
2026-02-11 12:20:00-05:00,47.25,47.345,47.175,47.335,110365.00
2026-02-11 12:25:00-05:00,47.34,47.4,47.29,47.32,163450.00
2026-02-11 12:30:00-05:00,47.31,47.32,47.26,47.265,68830.00
2026-02-11 12:35:00-05:00,47.265,47.325,47.24,47.3,63402.00
2026-02-11 12:40:00-05:00,47.3,47.49,47.2905,47.47,190706.00
2026-02-11 12:45:00-05:00,47.47,47.55,47.41,47.515,102787.00
2026-02-11 12:50:00-05:00,47.52,47.61,47.49,47.61,94226.00
2026-02-11 12:55:00-05:00,47.62,47.62,47.43,47.45,159348.00
2026-02-11 13:00:00-05:00,47.455,47.51,47.36,47.45,156305.00
2026-02-11 13:05:00-05:00,47.44,47.44,47.19,47.19,130503.00
2026-02-11 13:10:00-05:00,47.19,47.2,47.12,47.16,81759.00
2026-02-11 13:15:00-05:00,47.17,47.35,47.15,47.285,95468.00
2026-02-11 13:20:00-05:00,47.28,47.315,47.235,47.25,88600.00
2026-02-11 13:25:00-05:00,47.25,47.4065,47.245,47.375,102727.00
2026-02-11 13:30:00-05:00,47.37,47.39,47.26,47.31,145321.00
2026-02-11 13:35:00-05:00,47.305,47.3999,47.3,47.395,44694.00
2026-02-11 13:40:00-05:00,47.39,47.39,47.28,47.3,52453.00
2026-02-11 13:45:00-05:00,47.295,47.33,47.265,47.325,76645.00
2026-02-11 13:50:00-05:00,47.33,47.33,47.1,47.24,327257.00
2026-02-11 13:55:00-05:00,47.24,47.29,47.2,47.255,61357.00
2026-02-11 14:00:00-05:00,47.25,47.385,47.24,47.315,61530.00
2026-02-11 14:05:00-05:00,47.315,47.315,47.185,47.23,119625.00
2026-02-11 14:10:00-05:00,47.24,47.31,47.2201,47.28,62995.00
2026-02-11 14:15:00-05:00,47.27,47.285,47.21,47.26,55038.00
2026-02-11 14:20:00-05:00,47.265,47.495,47.26,47.495,120625.00
2026-02-11 14:25:00-05:00,47.5,47.525,47.45,47.525,85866.00
2026-02-11 14:30:00-05:00,47.525,47.525,47.335,47.455,228251.00
2026-02-11 14:35:00-05:00,47.46,47.495,47.425,47.445,65416.00
2026-02-11 14:40:00-05:00,47.445,47.55,47.445,47.525,88013.00
2026-02-11 14:45:00-05:00,47.52,47.52,47.32,47.485,152984.00
2026-02-11 14:50:00-05:00,47.48,47.51,47.415,47.5,69449.00
2026-02-11 14:55:00-05:00,47.5,47.5,47.3,47.35,137130.00
2026-02-11 15:00:00-05:00,47.35,47.495,47.29,47.445,137497.00
2026-02-11 15:05:00-05:00,47.445,47.555,47.445,47.555,73459.00
2026-02-11 15:10:00-05:00,47.555,47.68,47.5501,47.6701,112173.00
2026-02-11 15:15:00-05:00,47.67,47.695,47.64,47.675,105791.00
2026-02-11 15:20:00-05:00,47.68,47.71,47.655,47.6703,129095.00
2026-02-11 15:25:00-05:00,47.68,47.71,47.575,47.6299,185119.00
2026-02-11 15:30:00-05:00,47.62,47.63,47.52,47.545,72789.00
2026-02-11 15:35:00-05:00,47.55,47.625,47.535,47.62,104688.00
2026-02-11 15:40:00-05:00,47.635,47.65,47.585,47.61,107524.00
2026-02-11 15:45:00-05:00,47.615,47.63,47.495,47.555,142686.00
2026-02-11 15:50:00-05:00,47.55,47.74,47.54,47.74,298875.00
2026-02-11 15:55:00-05:00,47.735,47.8,47.64,47.64,966485.00
2026-02-12 09:30:00-05:00,47.96,47.96,47.09,47.43,712572.00
2026-02-12 09:35:00-05:00,47.46,47.6,46.975,47.095,572856.00
2026-02-12 09:40:00-05:00,47.09,47.24,46.97,46.98,406747.00
2026-02-12 09:45:00-05:00,46.985,47.26,46.97,47.065,347521.00
2026-02-12 09:50:00-05:00,47.07,47.315,47.05,47.315,210854.00
2026-02-12 09:55:00-05:00,47.3299,47.3445,46.745,46.935,412264.00
2026-02-12 10:00:00-05:00,46.932,47.35,46.9,47.28,313468.00
2026-02-12 10:05:00-05:00,47.285,47.37,47.15,47.21,371448.00
2026-02-12 10:10:00-05:00,47.22,47.5,47.19,47.445,383625.00
2026-02-12 10:15:00-05:00,47.44,47.58,47.401,47.45,315365.00
2026-02-12 10:20:00-05:00,47.46,47.52,47.365,47.42,256339.00
2026-02-12 10:25:00-05:00,47.42,47.5831,47.38,47.5831,126170.00
2026-02-12 10:30:00-05:00,47.58,47.72,47.55,47.57,223290.00
2026-02-12 10:35:00-05:00,47.565,47.66,47.44,47.48,177127.00
2026-02-12 10:40:00-05:00,47.48,47.6216,47.425,47.57,227470.00
2026-02-12 10:45:00-05:00,47.58,47.77,47.54,47.75,163919.00
2026-02-12 10:50:00-05:00,47.74,47.93,47.695,47.73,160755.00
2026-02-12 10:55:00-05:00,47.735,47.83,47.56,47.56,136347.00
2026-02-12 11:00:00-05:00,47.565,47.745,47.565,47.73,160065.00
2026-02-12 11:05:00-05:00,47.73,47.73,47.34,47.34,131256.00
2026-02-12 11:10:00-05:00,47.355,47.36,46.61,46.63,412453.00
2026-02-12 11:15:00-05:00,46.63,46.67,46.22,46.325,359824.00
2026-02-12 11:20:00-05:00,46.325,46.36,46.055,46.09,418075.00
2026-02-12 11:25:00-05:00,46.07,46.125,45.535,45.59,520149.00
2026-02-12 11:30:00-05:00,45.605,45.97,45.5665,45.84,358244.00
2026-02-12 11:35:00-05:00,45.83,46.05,45.75,46.05,387077.00
2026-02-12 11:40:00-05:00,46.08,46.23,46.03,46.16,357192.00
2026-02-12 11:45:00-05:00,46.13,46.16,45.791,45.81,205276.00
2026-02-12 11:50:00-05:00,45.81,45.97,45.69,45.74,246859.00
2026-02-12 11:55:00-05:00,45.75,45.9088,45.705,45.9088,227156.00
2026-02-12 12:00:00-05:00,45.9,46.08,45.76,46.02,263103.00
2026-02-12 12:05:00-05:00,46.02,46.21,45.795,46.16,192609.00
2026-02-12 12:10:00-05:00,46.155,46.16,45.94,46.11,173176.00
2026-02-12 12:15:00-05:00,46.1,46.19,46.04,46.13,248704.00
2026-02-12 12:20:00-05:00,46.135,46.5398,46.135,46.44,207266.00
2026-02-12 12:25:00-05:00,46.45,46.515,46.14,46.23,352472.00
2026-02-12 12:30:00-05:00,46.22,46.44,46.135,46.44,230240.00
2026-02-12 12:35:00-05:00,46.4205,46.52,46.31,46.415,129732.00
2026-02-12 12:40:00-05:00,46.43,46.66,46.415,46.625,117740.00
2026-02-12 12:45:00-05:00,46.64,46.66,46.4,46.435,103633.00
2026-02-12 12:50:00-05:00,46.43,46.51,46.35,46.42,117536.00
2026-02-12 12:55:00-05:00,46.43,46.43,46.25,46.295,89989.00
2026-02-12 13:00:00-05:00,46.29,46.38,46.1712,46.305,181195.00
2026-02-12 13:05:00-05:00,46.32,46.38,46.11,46.17,147323.00
2026-02-12 13:10:00-05:00,46.18,46.295,46.175,46.22,82067.00
2026-02-12 13:15:00-05:00,46.23,46.24,45.99,45.99,108097.00
2026-02-12 13:20:00-05:00,45.99,46.17,45.975,46.15,123245.00
2026-02-12 13:25:00-05:00,46.16,46.3,45.89,46.005,730184.00
2026-02-12 13:30:00-05:00,46.005,46.31,45.94,46.29,195937.00
2026-02-12 13:35:00-05:00,46.29,46.445,46.275,46.43,125780.00
2026-02-12 13:40:00-05:00,46.44,46.645,46.41,46.615,93511.00
2026-02-12 13:45:00-05:00,46.61,46.62,46.5,46.505,67566.00
2026-02-12 13:50:00-05:00,46.505,46.64,46.46,46.495,64861.00
2026-02-12 13:55:00-05:00,46.495,46.55,46.11,46.22,335222.00
2026-02-12 14:00:00-05:00,46.22,46.32,46.17,46.25,115913.00
2026-02-12 14:05:00-05:00,46.25,46.46,46.25,46.36,82855.00
2026-02-12 14:10:00-05:00,46.36,46.435,46.305,46.39,74124.00
2026-02-12 14:15:00-05:00,46.4,46.595,46.39,46.5568,81883.00
2026-02-12 14:20:00-05:00,46.57,46.58,46.45,46.48,101877.00
2026-02-12 14:25:00-05:00,46.48,46.5,46.32,46.36,208926.00
2026-02-12 14:30:00-05:00,46.36,46.61,46.32,46.5998,102033.00
2026-02-12 14:35:00-05:00,46.6,46.68,46.545,46.62,116520.00
2026-02-12 14:40:00-05:00,46.63,46.7,46.59,46.67,117699.00
2026-02-12 14:45:00-05:00,46.675,46.73,46.6497,46.69,138586.00
2026-02-12 14:50:00-05:00,46.695,46.74,46.64,46.66,112862.00
2026-02-12 14:55:00-05:00,46.67,46.685,46.25,46.4,323936.00
2026-02-12 15:00:00-05:00,46.405,46.4698,46.21,46.24,256493.00
2026-02-12 15:05:00-05:00,46.24,46.32,46.17,46.22,181115.00
2026-02-12 15:10:00-05:00,46.22,46.22,46.111,46.145,97698.00
2026-02-12 15:15:00-05:00,46.145,46.165,46.035,46.0634,109444.00
2026-02-12 15:20:00-05:00,46.06,46.075,45.855,45.855,135166.00
2026-02-12 15:25:00-05:00,45.86,45.89,45.75,45.84,151645.00
2026-02-12 15:30:00-05:00,45.83,45.86,45.74,45.835,231313.00
2026-02-12 15:35:00-05:00,45.84,45.84,45.67,45.705,137295.00
2026-02-12 15:40:00-05:00,45.71,45.86,45.685,45.76,180724.00
2026-02-12 15:45:00-05:00,45.755,45.76,45.575,45.66,276302.00
2026-02-12 15:50:00-05:00,45.66,45.66,45.395,45.51,392843.00
2026-02-12 15:55:00-05:00,45.5,45.69,45.365,45.39,1147845.00
2026-02-13 09:30:00-05:00,46.26,46.94,46.11,46.89,461477.00
2026-02-13 09:35:00-05:00,46.895,46.99,46.15,46.3196,581416.00
2026-02-13 09:40:00-05:00,46.305,46.42,45.91,46.41,380917.00
2026-02-13 09:45:00-05:00,46.41,46.81,46.365,46.555,520234.00
2026-02-13 09:50:00-05:00,46.56,46.75,46.39,46.61,507120.00
2026-02-13 09:55:00-05:00,46.61,46.83,46.41,46.69,341275.00
2026-02-13 10:00:00-05:00,46.69,47.14,46.69,47.03,432043.00
2026-02-13 10:05:00-05:00,46.99,47.45,46.92,47.28,1824202.00
2026-02-13 10:10:00-05:00,47.2701,47.415,47.08,47.08,615209.00
2026-02-13 10:15:00-05:00,47.11,47.16,46.87,46.92,176558.00
2026-02-13 10:20:00-05:00,46.9251,47.19,46.84,47.19,156246.00
2026-02-13 10:25:00-05:00,47.185,47.375,47.125,47.34,152142.00
2026-02-13 10:30:00-05:00,47.345,47.475,47.31,47.47,147606.00
2026-02-13 10:35:00-05:00,47.48,47.65,47.42,47.445,237380.00
2026-02-13 10:40:00-05:00,47.43,47.62,47.4,47.465,215479.00
2026-02-13 10:45:00-05:00,47.47,47.535,47.37,47.525,207240.00
2026-02-13 10:50:00-05:00,47.525,47.79,47.5,47.56,325350.00
2026-02-13 10:55:00-05:00,47.56,47.585,47.385,47.385,214535.00
2026-02-13 11:00:00-05:00,47.385,47.597,47.365,47.597,271609.00
2026-02-13 11:05:00-05:00,47.59,47.765,47.57,47.755,180584.00
2026-02-13 11:10:00-05:00,47.755,47.755,47.63,47.73,181648.00
2026-02-13 11:15:00-05:00,47.725,47.925,47.725,47.915,185371.00
2026-02-13 11:20:00-05:00,47.915,47.93,47.76,47.88,188444.00
2026-02-13 11:25:00-05:00,47.88,48.13,47.86,48.04,286087.00
2026-02-13 11:30:00-05:00,48.025,48.08,47.91,48.06,203331.00
2026-02-13 11:35:00-05:00,48.06,48.135,47.97,48.135,162314.00
2026-02-13 11:40:00-05:00,48.135,48.135,48.04,48.065,122387.00
2026-02-13 11:45:00-05:00,48.065,48.095,47.905,47.93,131411.00
2026-02-13 11:50:00-05:00,47.925,48.0271,47.91,48.01,116384.00
2026-02-13 11:55:00-05:00,48.015,48.035,47.81,47.835,119068.00
2026-02-13 12:00:00-05:00,47.84,48.01,47.81,47.98,119061.00
2026-02-13 12:05:00-05:00,47.98,48.07,47.9776,48.055,61085.00
2026-02-13 12:10:00-05:00,48.05,48.085,47.955,48.08,76074.00
2026-02-13 12:15:00-05:00,48.0801,48.085,47.88,47.9,92096.00
2026-02-13 12:20:00-05:00,47.9,48.05,47.89,47.91,80515.00
2026-02-13 12:25:00-05:00,47.9193,48,47.85,47.95,72665.00
2026-02-13 12:30:00-05:00,47.95,48.1,47.9488,48.09,121049.00
2026-02-13 12:35:00-05:00,48.09,48.115,48.01,48.035,93806.00
2026-02-13 12:40:00-05:00,48.035,48.04,47.955,47.97,73259.00
2026-02-13 12:45:00-05:00,47.97,48.035,47.97,48.02,47884.00
2026-02-13 12:50:00-05:00,48.02,48.0398,47.965,47.995,50827.00
2026-02-13 12:55:00-05:00,47.995,48.1,47.965,48.085,74386.00
2026-02-13 13:00:00-05:00,48.1,48.135,48.025,48.105,103280.00
2026-02-13 13:05:00-05:00,48.1028,48.105,48.015,48.0799,83869.00
2026-02-13 13:10:00-05:00,48.07,48.115,48.03,48.09,70176.00
2026-02-13 13:15:00-05:00,48.09,48.155,47.99,48.04,108121.00
2026-02-13 13:20:00-05:00,48.04,48.15,48.04,48.06,52725.00
2026-02-13 13:25:00-05:00,48.065,48.16,47.81,47.82,429890.00
2026-02-13 13:30:00-05:00,47.82,48.13,47.79,48.13,208585.00
2026-02-13 13:35:00-05:00,48.125,48.15,48.07,48.15,147910.00
2026-02-13 13:40:00-05:00,48.15,48.165,48.07,48.09,51537.00
2026-02-13 13:45:00-05:00,48.1,48.14,48.05,48.055,44976.00
2026-02-13 13:50:00-05:00,48.05,48.05,47.8936,47.969,105526.00
2026-02-13 13:55:00-05:00,47.96,47.99,47.87,47.8851,66643.00
2026-02-13 14:00:00-05:00,47.89,48.04,47.885,48,91569.00
2026-02-13 14:05:00-05:00,48.01,48.14,48.01,48.1275,91903.00
2026-02-13 14:10:00-05:00,48.1164,48.13,47.97,48.01,85151.00
2026-02-13 14:15:00-05:00,48,48.005,47.935,48,117816.00
2026-02-13 14:20:00-05:00,48.01,48.17,48.01,48.165,98531.00
2026-02-13 14:25:00-05:00,48.165,48.165,47.84,47.92,246782.00
2026-02-13 14:30:00-05:00,47.92,48.105,47.825,48.1,226902.00
2026-02-13 14:35:00-05:00,48.12,48.14,48,48.025,118473.00
2026-02-13 14:40:00-05:00,48.025,48.06,47.95,48.035,114606.00
2026-02-13 14:45:00-05:00,48.02,48.11,48.01,48.03,57979.00
2026-02-13 14:50:00-05:00,48.03,48.04,47.9,47.91,78151.00
2026-02-13 14:55:00-05:00,47.92,47.975,47.73,47.78,168237.00
2026-02-13 15:00:00-05:00,47.78,47.95,47.78,47.929,81088.00
2026-02-13 15:05:00-05:00,47.925,48.0124,47.9,48.0124,71258.00
2026-02-13 15:10:00-05:00,48.01,48.045,47.91,47.91,69599.00
2026-02-13 15:15:00-05:00,47.915,47.985,47.89,47.98,91716.00
2026-02-13 15:20:00-05:00,47.975,47.985,47.905,47.95,92931.00
2026-02-13 15:25:00-05:00,47.94,47.94,47.83,47.8625,128318.00
2026-02-13 15:30:00-05:00,47.87,47.92,47.83,47.86,180870.00
2026-02-13 15:35:00-05:00,47.85,47.95,47.84,47.925,95563.00
2026-02-13 15:40:00-05:00,47.925,47.985,47.85,47.885,110295.00
2026-02-13 15:45:00-05:00,47.885,48.025,47.885,47.95,253023.00
2026-02-13 15:50:00-05:00,47.95,47.99,47.785,47.895,310253.00
2026-02-13 15:55:00-05:00,47.89,48.07,47.88,47.92,844353.00
2026-02-17 09:30:00-05:00,46.45,46.81,46.27,46.705,463171.00
2026-02-17 09:35:00-05:00,46.705,46.795,46.285,46.44,365722.00
2026-02-17 09:40:00-05:00,46.43,46.47,46.125,46.2179,412287.00
2026-02-17 09:45:00-05:00,46.22,46.35,46.01,46.0537,409700.00
2026-02-17 09:50:00-05:00,46.05,46.065,45.64,45.76,706081.00
2026-02-17 09:55:00-05:00,45.76,45.84,45.403,45.43,325647.00
2026-02-17 10:00:00-05:00,45.44,45.74,45.38,45.715,371631.00
2026-02-17 10:05:00-05:00,45.71,45.8,45.38,45.385,243882.00
2026-02-17 10:10:00-05:00,45.39,45.5,45.19,45.27,423279.00
2026-02-17 10:15:00-05:00,45.27,45.71,45.2401,45.7,410221.00
2026-02-17 10:20:00-05:00,45.7,45.71,45.2707,45.31,361182.00
2026-02-17 10:25:00-05:00,45.31,45.33,45.11,45.245,249460.00
2026-02-17 10:30:00-05:00,45.24,45.27,45.06,45.12,182692.00
2026-02-17 10:35:00-05:00,45.12,45.32,45.12,45.235,378019.00
2026-02-17 10:40:00-05:00,45.23,45.33,45.16,45.27,282821.00
2026-02-17 10:45:00-05:00,45.27,45.54,45.27,45.47,237990.00
2026-02-17 10:50:00-05:00,45.47,45.535,45.28,45.51,216799.00
2026-02-17 10:55:00-05:00,45.5,45.68,45.485,45.66,168435.00
2026-02-17 11:00:00-05:00,45.66,45.9,45.63,45.8196,200810.00
2026-02-17 11:05:00-05:00,45.82,46.18,45.81,46.165,179843.00
2026-02-17 11:10:00-05:00,46.17,46.2874,46.15,46.175,130132.00
2026-02-17 11:15:00-05:00,46.18,46.44,46.17,46.38,178548.00
2026-02-17 11:20:00-05:00,46.39,46.47,46.31,46.4217,133072.00
2026-02-17 11:25:00-05:00,46.4202,46.5,46.39,46.46,123054.00
2026-02-17 11:30:00-05:00,46.47,46.495,46.32,46.47,163609.00
2026-02-17 11:35:00-05:00,46.48,46.61,46.44,46.565,128429.00
2026-02-17 11:40:00-05:00,46.56,46.715,46.515,46.585,135130.00
2026-02-17 11:45:00-05:00,46.6,46.61,46.46,46.49,86347.00
2026-02-17 11:50:00-05:00,46.5,46.5755,46.45,46.57,81745.00
2026-02-17 11:55:00-05:00,46.579,46.65,46.43,46.5098,151148.00
2026-02-17 12:00:00-05:00,46.5,46.58,46.44,46.47,112690.00
2026-02-17 12:05:00-05:00,46.46,46.565,46.445,46.45,74362.00
2026-02-17 12:10:00-05:00,46.46,46.47,46.205,46.29,153803.00
2026-02-17 12:15:00-05:00,46.295,46.41,46.165,46.37,117528.00
2026-02-17 12:20:00-05:00,46.375,46.41,46.29,46.405,109206.00
2026-02-17 12:25:00-05:00,46.405,46.475,46.37,46.475,96103.00
2026-02-17 12:30:00-05:00,46.475,46.4997,46.33,46.45,135297.00
2026-02-17 12:35:00-05:00,46.44,46.5297,46.38,46.465,146915.00
2026-02-17 12:40:00-05:00,46.465,46.48,46.335,46.37,98250.00
2026-02-17 12:45:00-05:00,46.37,46.508,46.28,46.49,101290.00
2026-02-17 12:50:00-05:00,46.4852,46.55,46.425,46.5297,76566.00
2026-02-17 12:55:00-05:00,46.52,46.71,46.48,46.7,56555.00
2026-02-17 13:00:00-05:00,46.72,46.81,46.65,46.78,69851.00
2026-02-17 13:05:00-05:00,46.78,46.84,46.745,46.8,82172.00
2026-02-17 13:10:00-05:00,46.801,46.91,46.75,46.82,81524.00
2026-02-17 13:15:00-05:00,46.84,46.9091,46.7981,46.815,71746.00
2026-02-17 13:20:00-05:00,46.815,46.97,46.815,46.96,88027.00
2026-02-17 13:25:00-05:00,46.96,46.98,46.84,46.915,74739.00
2026-02-17 13:30:00-05:00,46.9,46.96,46.82,46.95,81353.00
2026-02-17 13:35:00-05:00,46.95,47.19,46.94,47.175,356323.00
2026-02-17 13:40:00-05:00,47.18,47.26,47.11,47.115,105032.00
2026-02-17 13:45:00-05:00,47.12,47.17,47.07,47.1697,147176.00
2026-02-17 13:50:00-05:00,47.16,47.22,47.1,47.16,144061.00
2026-02-17 13:55:00-05:00,47.16,47.17,46.97,47.02,116476.00
2026-02-17 14:00:00-05:00,47.03,47.07,46.99,47.04,65554.00
2026-02-17 14:05:00-05:00,47.04,47.05,46.95,46.96,59182.00
2026-02-17 14:10:00-05:00,46.96,46.975,46.82,46.9,96369.00
2026-02-17 14:15:00-05:00,46.91,46.93,46.85,46.86,65715.00
2026-02-17 14:20:00-05:00,46.865,46.965,46.835,46.935,57608.00
2026-02-17 14:25:00-05:00,46.93,46.93,46.7,46.775,208611.00
2026-02-17 14:30:00-05:00,46.78,46.915,46.735,46.91,67754.00
2026-02-17 14:35:00-05:00,46.91,46.96,46.875,46.945,53344.00
2026-02-17 14:40:00-05:00,46.95,46.975,46.9033,46.9549,34974.00
2026-02-17 14:45:00-05:00,46.955,46.955,46.81,46.89,81655.00
2026-02-17 14:50:00-05:00,46.89,46.9,46.78,46.88,78629.00
2026-02-17 14:55:00-05:00,46.88,46.91,46.76,46.8,78546.00
2026-02-17 15:00:00-05:00,46.8,46.835,46.735,46.765,91397.00
2026-02-17 15:05:00-05:00,46.765,46.77,46.39,46.395,297013.00
2026-02-17 15:10:00-05:00,46.4,46.455,46.36,46.3999,171785.00
2026-02-17 15:15:00-05:00,46.395,46.5,46.32,46.46,235277.00
2026-02-17 15:20:00-05:00,46.46,46.495,46.33,46.405,140613.00
2026-02-17 15:25:00-05:00,46.405,46.465,46.38,46.405,133654.00
2026-02-17 15:30:00-05:00,46.4,46.43,46.34,46.415,138618.00
2026-02-17 15:35:00-05:00,46.415,46.465,46.37,46.465,109161.00
2026-02-17 15:40:00-05:00,46.46,46.59,46.46,46.46,162334.00
2026-02-17 15:45:00-05:00,46.46,46.53,46.45,46.525,170233.00
2026-02-17 15:50:00-05:00,46.52,46.67,46.52,46.635,237247.00
2026-02-17 15:55:00-05:00,46.635,46.69,46.58,46.65,755545.00
2026-02-18 09:30:00-05:00,47.39,47.4,47.01,47.14,50254.00
2026-02-18 09:35:00-05:00,47.15,47.67,47.02,47.53,557751.00
2026-02-18 09:40:00-05:00,47.5171,47.715,47.4,47.54,157058.00
2026-02-18 09:45:00-05:00,47.54,47.77,47.43,47.53,253877.00
2026-02-18 09:50:00-05:00,47.535,47.86,47.535,47.85,248712.00
2026-02-18 09:55:00-05:00,47.845,47.88,47.69,47.8421,232891.00
2026-02-18 10:00:00-05:00,47.87,48.24,47.87,48.13,282769.00
2026-02-18 10:05:00-05:00,48.145,48.15,47.8501,47.91,116560.00
2026-02-18 10:10:00-05:00,47.9399,48.13,47.88,48.13,95287.00
2026-02-18 10:15:00-05:00,48.125,48.3388,48.08,48.2,120865.00
2026-02-18 10:20:00-05:00,48.205,48.32,48.19,48.23,87814.00
2026-02-18 10:25:00-05:00,48.225,48.32,48.185,48.2747,84819.00
2026-02-18 10:30:00-05:00,48.27,48.29,48.1501,48.28,77260.00
2026-02-18 10:35:00-05:00,48.275,48.32,48.22,48.29,134278.00
2026-02-18 10:40:00-05:00,48.29,48.42,48.27,48.41,117616.00
2026-02-18 10:45:00-05:00,48.4,48.52,48.295,48.5101,195611.00
2026-02-18 10:50:00-05:00,48.525,48.535,48.435,48.46,108533.00
2026-02-18 10:55:00-05:00,48.46,48.495,48.37,48.4,53440.00
2026-02-18 11:00:00-05:00,48.41,48.51,48.395,48.49,64951.00
2026-02-18 11:05:00-05:00,48.48,48.5265,48.43,48.4473,93072.00
2026-02-18 11:10:00-05:00,48.44,48.45,48.33,48.4,87891.00
2026-02-18 11:15:00-05:00,48.395,48.45,48.375,48.38,72475.00
2026-02-18 11:20:00-05:00,48.37,48.37,48.25,48.3,64540.00
2026-02-18 11:25:00-05:00,48.2948,48.4,48.29,48.39,54410.00
2026-02-18 11:30:00-05:00,48.39,48.47,48.375,48.43,123654.00
2026-02-18 11:35:00-05:00,48.44,48.51,48.44,48.46,119714.00
2026-02-18 11:40:00-05:00,48.4561,48.515,48.405,48.44,97197.00
2026-02-18 11:45:00-05:00,48.44,48.53,48.4045,48.42,97696.00
2026-02-18 11:50:00-05:00,48.4151,48.4299,48.29,48.335,58912.00
2026-02-18 11:55:00-05:00,48.3334,48.36,48.27,48.27,63561.00
2026-02-18 12:00:00-05:00,48.26,48.315,48.25,48.28,59419.00
2026-02-18 12:05:00-05:00,48.3,48.39,48.29,48.3834,44852.00
2026-02-18 12:10:00-05:00,48.38,48.395,48.3,48.385,63269.00
2026-02-18 12:15:00-05:00,48.385,48.54,48.36,48.52,84865.00
2026-02-18 12:20:00-05:00,48.525,48.57,48.48,48.49,64438.00
2026-02-18 12:25:00-05:00,48.495,48.495,48.3125,48.345,75066.00
2026-02-18 12:30:00-05:00,48.345,48.42,48.345,48.37,71417.00
2026-02-18 12:35:00-05:00,48.38,48.42,48.3,48.335,68926.00
2026-02-18 12:40:00-05:00,48.34,48.36,48.315,48.325,37173.00
2026-02-18 12:45:00-05:00,48.33,48.35,48.28,48.3199,64413.00
2026-02-18 12:50:00-05:00,48.3101,48.365,48.285,48.355,69245.00
2026-02-18 12:55:00-05:00,48.36,48.415,48.35,48.39,121670.00
2026-02-18 13:00:00-05:00,48.39,48.51,48.38,48.49,218767.00
2026-02-18 13:05:00-05:00,48.48,48.48,48.32,48.34,64258.00
2026-02-18 13:10:00-05:00,48.35,48.36,48.28,48.3,45884.00
2026-02-18 13:15:00-05:00,48.295,48.346,48.23,48.25,104319.00
2026-02-18 13:20:00-05:00,48.25,48.315,48.19,48.2,86620.00
2026-02-18 13:25:00-05:00,48.19,48.1965,48.05,48.14,135011.00
2026-02-18 13:30:00-05:00,48.15,48.25,48.13,48.24,87383.00
2026-02-18 13:35:00-05:00,48.24,48.35,48.22,48.26,92070.00
2026-02-18 13:40:00-05:00,48.27,48.285,48.16,48.22,98582.00
2026-02-18 13:45:00-05:00,48.22,48.27,48.175,48.2,45139.00
2026-02-18 13:50:00-05:00,48.19,48.26,48.15,48.25,54025.00
2026-02-18 13:55:00-05:00,48.24,48.26,48.13,48.18,66667.00
2026-02-18 14:00:00-05:00,48.17,48.3,48.14,48.3,49102.00
2026-02-18 14:05:00-05:00,48.295,48.295,48.15,48.165,70744.00
2026-02-18 14:10:00-05:00,48.16,48.2,48.16,48.175,91094.00
2026-02-18 14:15:00-05:00,48.17,48.175,48.02,48.05,71291.00
2026-02-18 14:20:00-05:00,48.05,48.085,47.89,48.08,253768.00
2026-02-18 14:25:00-05:00,48.09,48.12,47.89,48.07,283095.00
2026-02-18 14:30:00-05:00,48.07,48.11,47.92,48.04,215153.00
2026-02-18 14:35:00-05:00,48.04,48.18,47.96,48.16,94691.00
2026-02-18 14:40:00-05:00,48.155,48.17,48.065,48.09,42418.00
2026-02-18 14:45:00-05:00,48.0937,48.14,48.045,48.065,100338.00
2026-02-18 14:50:00-05:00,48.06,48.065,47.88,47.9701,175562.00
2026-02-18 14:55:00-05:00,47.98,47.99,47.88,47.93,90343.00
2026-02-18 15:00:00-05:00,47.94,48.12,47.89,48.11,98389.00
2026-02-18 15:05:00-05:00,48.105,48.13,48.01,48.04,145910.00
2026-02-18 15:10:00-05:00,48.05,48.08,47.94,47.95,71248.00
2026-02-18 15:15:00-05:00,47.96,47.98,47.91,47.96,67294.00
2026-02-18 15:20:00-05:00,47.96,47.961,47.86,47.93,73377.00
2026-02-18 15:25:00-05:00,47.93,47.98,47.91,47.94,108214.00
2026-02-18 15:30:00-05:00,47.93,48.1,47.84,48.09,166874.00
2026-02-18 15:35:00-05:00,48.09,48.21,48.07,48.19,91902.00
2026-02-18 15:40:00-05:00,48.2,48.23,48.135,48.175,128793.00
2026-02-18 15:45:00-05:00,48.17,48.23,48.145,48.22,163343.00
2026-02-18 15:50:00-05:00,48.23,48.4,48.22,48.34,313726.00
2026-02-18 15:55:00-05:00,48.335,48.69,48.22,48.23,868144.00
2026-02-19 09:30:00-05:00,48.045,48.13,47.8,48.07,252309.00
2026-02-19 09:35:00-05:00,48.07,48.13,47.75,48,260568.00
2026-02-19 09:40:00-05:00,47.98,48.0488,47.6708,47.99,216461.00
2026-02-19 09:45:00-05:00,48.01,48.0999,47.78,48.07,194486.00
2026-02-19 09:50:00-05:00,48.075,48.105,47.88,48.08,134759.00
2026-02-19 09:55:00-05:00,48.0752,48.2145,48.015,48.14,131135.00
2026-02-19 10:00:00-05:00,48.14,48.38,48.05,48.17,172214.00
2026-02-19 10:05:00-05:00,48.18,48.225,48.06,48.07,122870.00
2026-02-19 10:10:00-05:00,48.07,48.275,48.02,48.045,83068.00
2026-02-19 10:15:00-05:00,48.06,48.285,48.0301,48.08,130080.00
2026-02-19 10:20:00-05:00,48.08,48.14,47.87,48.04,173802.00
2026-02-19 10:25:00-05:00,48.03,48.165,47.88,48.16,279872.00
2026-02-19 10:30:00-05:00,48.155,48.39,48.09,48.38,225280.00
2026-02-19 10:35:00-05:00,48.385,48.455,48.295,48.32,261792.00
2026-02-19 10:40:00-05:00,48.32,48.44,48.27,48.32,147629.00
2026-02-19 10:45:00-05:00,48.33,48.435,48.3,48.435,185296.00
2026-02-19 10:50:00-05:00,48.43,48.435,48.045,48.075,139082.00
2026-02-19 10:55:00-05:00,48.08,48.215,48.045,48.21,104476.00
2026-02-19 11:00:00-05:00,48.2099,48.27,48.035,48.1,271727.00
2026-02-19 11:05:00-05:00,48.11,48.11,47.9,48.05,152582.00
2026-02-19 11:10:00-05:00,48.04,48.15,47.965,48.1,153902.00
2026-02-19 11:15:00-05:00,48.101,48.1701,47.99,48.015,71876.00
2026-02-19 11:20:00-05:00,48.01,48.01,47.83,47.835,93165.00
2026-02-19 11:25:00-05:00,47.8318,47.88,47.745,47.84,162388.00
2026-02-19 11:30:00-05:00,47.86,48.13,47.86,48.13,258693.00
2026-02-19 11:35:00-05:00,48.13,48.13,48.02,48.07,55093.00
2026-02-19 11:40:00-05:00,48.05,48.255,48.05,48.18,141296.00
2026-02-19 11:45:00-05:00,48.19,48.2201,48.02,48.11,175931.00
2026-02-19 11:50:00-05:00,48.11,48.21,48.0357,48.2,121065.00
2026-02-19 11:55:00-05:00,48.19,48.19,48.09,48.11,99742.00
2026-02-19 12:00:00-05:00,48.11,48.16,48.01,48.145,114444.00
2026-02-19 12:05:00-05:00,48.14,48.215,48.11,48.17,106837.00
2026-02-19 12:10:00-05:00,48.18,48.39,48.17,48.385,193689.00
2026-02-19 12:15:00-05:00,48.385,48.43,48.265,48.42,202892.00
2026-02-19 12:20:00-05:00,48.42,48.5,48.33,48.34,101347.00
2026-02-19 12:25:00-05:00,48.33,48.34,48.09,48.12,100740.00
2026-02-19 12:30:00-05:00,48.11,48.2099,48.085,48.18,52499.00
2026-02-19 12:35:00-05:00,48.1722,48.2099,48.04,48.1801,68958.00
2026-02-19 12:40:00-05:00,48.19,48.2999,48.18,48.2051,51014.00
2026-02-19 12:45:00-05:00,48.22,48.23,48.11,48.2,97554.00
2026-02-19 12:50:00-05:00,48.2,48.22,48.075,48.11,94632.00
2026-02-19 12:55:00-05:00,48.11,48.135,48.005,48.06,105981.00
2026-02-19 13:00:00-05:00,48.06,48.06,47.94,47.9899,93704.00
2026-02-19 13:05:00-05:00,47.97,48.03,47.95,48.02,54096.00
2026-02-19 13:10:00-05:00,48.01,48.1699,48,48.15,63507.00
2026-02-19 13:15:00-05:00,48.16,48.19,48.095,48.115,63045.00
2026-02-19 13:20:00-05:00,48.11,48.22,48.0797,48.21,266188.00
2026-02-19 13:25:00-05:00,48.21,48.23,48.07,48.09,83130.00
2026-02-19 13:30:00-05:00,48.085,48.1601,48.04,48.07,90674.00
2026-02-19 13:35:00-05:00,48.08,48.15,48.03,48.035,93559.00
2026-02-19 13:40:00-05:00,48.04,48.12,48.005,48.095,70892.00
2026-02-19 13:45:00-05:00,48.09,48.2,48.09,48.18,211477.00
2026-02-19 13:50:00-05:00,48.185,48.19,48.1,48.12,68536.00
2026-02-19 13:55:00-05:00,48.125,48.15,48.04,48.145,138605.00
2026-02-19 14:00:00-05:00,48.14,48.16,48.065,48.095,152284.00
2026-02-19 14:05:00-05:00,48.095,48.24,48.07,48.22,125560.00
2026-02-19 14:10:00-05:00,48.23,48.25,48.085,48.22,159444.00
2026-02-19 14:15:00-05:00,48.23,48.3697,48.205,48.3697,76564.00
2026-02-19 14:20:00-05:00,48.36,48.46,48.35,48.45,89842.00
2026-02-19 14:25:00-05:00,48.45,48.46,48.24,48.32,266148.00
2026-02-19 14:30:00-05:00,48.32,48.46,48.3,48.45,83258.00
2026-02-19 14:35:00-05:00,48.455,48.465,48.29,48.31,104983.00
2026-02-19 14:40:00-05:00,48.31,48.43,48.26,48.41,107284.00
2026-02-19 14:45:00-05:00,48.42,48.42,48.32,48.4,108798.00
2026-02-19 14:50:00-05:00,48.4,48.475,48.325,48.395,128906.00
2026-02-19 14:55:00-05:00,48.395,48.475,48.325,48.38,156043.00
2026-02-19 15:00:00-05:00,48.38,48.515,48.38,48.4901,97576.00
2026-02-19 15:05:00-05:00,48.4997,48.4997,48.38,48.425,123970.00
2026-02-19 15:10:00-05:00,48.43,48.51,48.4,48.51,79225.00
2026-02-19 15:15:00-05:00,48.51,48.585,48.47,48.585,136166.00
2026-02-19 15:20:00-05:00,48.585,48.63,48.52,48.625,116342.00
2026-02-19 15:25:00-05:00,48.625,48.625,48.56,48.58,90786.00
2026-02-19 15:30:00-05:00,48.575,48.72,48.49,48.605,203462.00
2026-02-19 15:35:00-05:00,48.6,48.63,48.54,48.595,212120.00
2026-02-19 15:40:00-05:00,48.5982,48.65,48.55,48.6475,141330.00
2026-02-19 15:45:00-05:00,48.6401,48.6401,48.515,48.55,213157.00
2026-02-19 15:50:00-05:00,48.55,48.69,48.47,48.485,263279.00
2026-02-19 15:55:00-05:00,48.49,48.63,48.45,48.55,715586.00
2026-02-20 09:30:00-05:00,48.55,48.99,48.54,48.73,77380.00
2026-02-20 09:35:00-05:00,48.7,48.8202,48.14,48.25,525945.00
2026-02-20 09:40:00-05:00,48.23,48.42,47.99,48.04,452481.00
2026-02-20 09:45:00-05:00,48.05,48.1,47.6,47.665,516963.00
2026-02-20 09:50:00-05:00,47.68,47.99,47.53,47.82,442371.00
2026-02-20 09:55:00-05:00,47.82,47.88,47.61,47.88,337130.00
2026-02-20 10:00:00-05:00,47.88,48.37,47.515,47.58,837303.00
2026-02-20 10:05:00-05:00,47.57,47.6,46.92,47.08,760145.00
2026-02-20 10:10:00-05:00,47.09,47.1688,46.6668,46.725,617504.00
2026-02-20 10:15:00-05:00,46.72,47.1693,46.67,47,738784.00
2026-02-20 10:20:00-05:00,47.01,47.1,46.7,46.73,2128152.00
2026-02-20 10:25:00-05:00,46.735,46.88,46.44,46.4707,363760.00
2026-02-20 10:30:00-05:00,46.48,46.585,46.32,46.36,436143.00
2026-02-20 10:35:00-05:00,46.37,46.55,46.095,46.525,531394.00
2026-02-20 10:40:00-05:00,46.525,46.88,46.34,46.8,492082.00
2026-02-20 10:45:00-05:00,46.8,47.01,46.765,46.86,386030.00
2026-02-20 10:50:00-05:00,46.87,47.025,46.845,47.005,226059.00
2026-02-20 10:55:00-05:00,47.01,47.015,46.82,46.86,133247.00
2026-02-20 11:00:00-05:00,46.86,47.02,46.765,46.92,532953.00
2026-02-20 11:05:00-05:00,46.915,47.035,46.72,46.76,258659.00
2026-02-20 11:10:00-05:00,46.755,46.83,46.66,46.72,261496.00
2026-02-20 11:15:00-05:00,46.73,47.02,46.635,47.015,241306.00
2026-02-20 11:20:00-05:00,47.03,47.04,46.87,46.93,185217.00
2026-02-20 11:25:00-05:00,46.935,47.17,46.885,47.08,180593.00
2026-02-20 11:30:00-05:00,47.07,47.315,47.04,47.28,178064.00
2026-02-20 11:35:00-05:00,47.28,47.45,47.225,47.45,316796.00
2026-02-20 11:40:00-05:00,47.45,47.49,47.33,47.45,173830.00
2026-02-20 11:45:00-05:00,47.445,47.59,47.44,47.53,276171.00
2026-02-20 11:50:00-05:00,47.525,47.59,47.39,47.545,171306.00
2026-02-20 11:55:00-05:00,47.545,47.69,47.455,47.53,256147.00
2026-02-20 12:00:00-05:00,47.53,47.73,47.525,47.692,165094.00
2026-02-20 12:05:00-05:00,47.695,47.7765,47.68,47.74,179641.00
2026-02-20 12:10:00-05:00,47.74,47.815,47.685,47.745,210579.00
2026-02-20 12:15:00-05:00,47.74,47.74,47.61,47.7,159375.00
2026-02-20 12:20:00-05:00,47.7,47.73,47.59,47.63,131136.00
2026-02-20 12:25:00-05:00,47.635,47.815,47.62,47.815,153756.00
2026-02-20 12:30:00-05:00,47.82,47.965,47.76,47.965,87779.00
2026-02-20 12:35:00-05:00,47.965,48.06,47.88,48.045,240935.00
2026-02-20 12:40:00-05:00,48.045,48.11,47.92,48.025,169237.00
2026-02-20 12:45:00-05:00,48.025,48.2,47.97,48.185,188919.00
2026-02-20 12:50:00-05:00,48.185,48.315,48.1425,48.25,161139.00
2026-02-20 12:55:00-05:00,48.255,48.26,48.07,48.21,145797.00
2026-02-20 13:00:00-05:00,48.215,48.27,48.18,48.25,101029.00
2026-02-20 13:05:00-05:00,48.245,48.3,48.15,48.22,95235.00
2026-02-20 13:10:00-05:00,48.22,48.23,48.115,48.16,81601.00
2026-02-20 13:15:00-05:00,48.16,48.17,48.035,48.06,74245.00
2026-02-20 13:20:00-05:00,48.06,48.06,47.76,47.89,170335.00
2026-02-20 13:25:00-05:00,47.89,47.92,47.58,47.75,154944.00
2026-02-20 13:30:00-05:00,47.74,48.08,47.62,47.965,242180.00
2026-02-20 13:35:00-05:00,47.95,48.17,47.77,48.08,240791.00
2026-02-20 13:40:00-05:00,48.08,48.18,47.93,48.05,115460.00
2026-02-20 13:45:00-05:00,48.05,48.11,47.93,47.95,144057.00
2026-02-20 13:50:00-05:00,47.95,47.99,47.82,47.945,440144.00
2026-02-20 13:55:00-05:00,47.945,47.96,47.855,47.88,56338.00
2026-02-20 14:00:00-05:00,47.89,47.955,47.83,47.9,113836.00
2026-02-20 14:05:00-05:00,47.88,47.92,47.83,47.865,73956.00
2026-02-20 14:10:00-05:00,47.865,47.87,47.67,47.775,93215.00
2026-02-20 14:15:00-05:00,47.78,47.95,47.76,47.95,58873.00
2026-02-20 14:20:00-05:00,47.95,48.015,47.895,47.99,76527.00
2026-02-20 14:25:00-05:00,47.975,47.98,47.8,47.8535,113710.00
2026-02-20 14:30:00-05:00,47.86,47.96,47.85,47.96,80533.00
2026-02-20 14:35:00-05:00,47.96,47.97,47.89,47.93,62428.00
2026-02-20 14:40:00-05:00,47.94,47.9875,47.91,47.9875,70733.00
2026-02-20 14:45:00-05:00,47.99,48.045,47.96,47.99,75870.00
2026-02-20 14:50:00-05:00,47.99,48.05,47.91,47.915,104165.00
2026-02-20 14:55:00-05:00,47.92,47.97,47.84,47.9,163861.00
2026-02-20 15:00:00-05:00,47.89,48.04,47.8375,48.04,112978.00
2026-02-20 15:05:00-05:00,48.04,48.065,47.9901,48.05,69200.00
2026-02-20 15:10:00-05:00,48.045,48.095,48,48.095,90950.00
2026-02-20 15:15:00-05:00,48.09,48.095,48,48.04,110412.00
2026-02-20 15:20:00-05:00,48.04,48.0899,48,48.075,82650.00
2026-02-20 15:25:00-05:00,48.075,48.08,47.97,48.01,107325.00
2026-02-20 15:30:00-05:00,48,48.075,47.95,48,199389.00
2026-02-20 15:35:00-05:00,48,48.055,47.975,48.045,129748.00
2026-02-20 15:40:00-05:00,48.05,48.09,47.98,48.005,206042.00
2026-02-20 15:45:00-05:00,48.005,48.005,47.87,47.9,277204.00
2026-02-20 15:50:00-05:00,47.9,47.9,47.75,47.885,393480.00
2026-02-20 15:55:00-05:00,47.89,47.99,47.835,47.97,1175982.00
2026-02-23 09:30:00-05:00,48.45,49.4,48.35,49.36,1041852.52
2026-02-23 09:35:00-05:00,49.35,49.66,49.25,49.46,530776.96
2026-02-23 09:40:00-05:00,49.47,49.75,49.29,49.72,302352.98
2026-02-23 09:45:00-05:00,49.72,49.955,49.69,49.73,482586.22
2026-02-23 09:50:00-05:00,49.74,49.88,49.57,49.76,230397.93
2026-02-23 09:55:00-05:00,49.76,49.77,49.09,49.235,674169.20
2026-02-23 10:00:00-05:00,49.235,49.335,49.03,49.1022,376830.36
2026-02-23 10:05:00-05:00,49.12,49.56,49.12,49.54,338863.47
2026-02-23 10:10:00-05:00,49.56,49.71,49.4,49.585,245109.66
2026-02-23 10:15:00-05:00,49.585,49.59,49.145,49.22,235633.10
2026-02-23 10:20:00-05:00,49.24,49.36,49.21,49.255,257998.09
2026-02-23 10:25:00-05:00,49.25,49.26,49.09,49.25,276343.92
2026-02-23 10:30:00-05:00,49.24,49.44,49.23,49.295,288141.64
2026-02-23 10:35:00-05:00,49.3,49.49,49.26,49.4,264409.23
2026-02-23 10:40:00-05:00,49.395,49.45,49.22,49.355,205700.67
2026-02-23 10:45:00-05:00,49.36,49.38,49.28,49.33,113333.24
2026-02-23 10:50:00-05:00,49.33,49.41,49.15,49.175,150397.28
2026-02-23 10:55:00-05:00,49.18,49.21,48.96,49.01,242533.60
2026-02-23 11:00:00-05:00,49.005,49.05,48.775,48.84,324560.52
2026-02-23 11:05:00-05:00,48.85,49.09,48.775,49.075,255461.06
2026-02-23 11:10:00-05:00,49.07,49.17,49.005,49.16,223249.27
2026-02-23 11:15:00-05:00,49.17,49.225,49.04,49.195,186025.54
2026-02-23 11:20:00-05:00,49.19,49.24,49.07,49.155,137922.09
2026-02-23 11:25:00-05:00,49.1595,49.21,49.035,49.065,121984.73
2026-02-23 11:30:00-05:00,49.06,49.21,48.9601,49.18,189777.02
2026-02-23 11:35:00-05:00,49.18,49.2,49.105,49.175,118026.65
2026-02-23 11:40:00-05:00,49.18,49.185,48.965,48.99,92885.52
2026-02-23 11:45:00-05:00,48.99,49.025,48.93,49,108233.18
2026-02-23 11:50:00-05:00,49,49.16,48.99,49.105,99061.19
2026-02-23 11:55:00-05:00,49.11,49.15,48.97,48.99,115242.34
2026-02-23 12:00:00-05:00,48.985,49.065,48.96,49.055,93517.83
2026-02-23 12:05:00-05:00,49.05,49.09,49,49.046,69157.34
2026-02-23 12:10:00-05:00,49.04,49.08,48.995,49.04,80791.55
2026-02-23 12:15:00-05:00,49.04,49.11,49.03,49.05,104125.46
2026-02-23 12:20:00-05:00,49.05,49.08,49.025,49.08,76188.72
2026-02-23 12:25:00-05:00,49.08,49.145,49.075,49.085,65948.29
2026-02-23 12:30:00-05:00,49.09,49.11,48.93,48.935,66686.05
2026-02-23 12:35:00-05:00,48.94,48.94,48.73,48.79,92195.42
2026-02-23 12:40:00-05:00,48.79,48.98,48.79,48.935,68985.05
2026-02-23 12:45:00-05:00,48.9379,48.96,48.775,48.8,80321.04
2026-02-23 12:50:00-05:00,48.8,48.98,48.795,48.93,79181.29
2026-02-23 12:55:00-05:00,48.935,49,48.875,48.92,124314.74
2026-02-23 13:00:00-05:00,48.925,49.04,48.9,49.01,61629.61
2026-02-23 13:05:00-05:00,49.02,49.155,49.02,49.155,73703.45
2026-02-23 13:10:00-05:00,49.15,49.2,49.14,49.15,53606.77
2026-02-23 13:15:00-05:00,49.15,49.3,49.15,49.25,87884.89
2026-02-23 13:20:00-05:00,49.25,49.34,49.2,49.33,125159.97
2026-02-23 13:25:00-05:00,49.325,49.33,49.24,49.33,74217.66
2026-02-23 13:30:00-05:00,49.33,49.345,49.265,49.32,69797.24
2026-02-23 13:35:00-05:00,49.3,49.335,49.215,49.27,45473.48
2026-02-23 13:40:00-05:00,49.27,49.3399,49.26,49.29,50609.21
2026-02-23 13:45:00-05:00,49.28,49.325,49.2202,49.2202,151873.95
2026-02-23 13:50:00-05:00,49.22,49.265,49.18,49.2,56753.29
2026-02-23 13:55:00-05:00,49.19,49.19,49.05,49.08,73635.25
2026-02-23 14:00:00-05:00,49.08,49.155,48.995,49.155,110577.83
2026-02-23 14:05:00-05:00,49.155,49.165,49.0799,49.145,59086.02
2026-02-23 14:10:00-05:00,49.15,49.27,49.135,49.245,59401.76
2026-02-23 14:15:00-05:00,49.24,49.285,49.165,49.25,94970.78
2026-02-23 14:20:00-05:00,49.25,49.32,49.225,49.235,123312.86
2026-02-23 14:25:00-05:00,49.25,49.27,48.975,49.03,132978.30
2026-02-23 14:30:00-05:00,49.025,49.195,49.0101,49.195,110316.25
2026-02-23 14:35:00-05:00,49.195,49.1966,49.1,49.145,108221.78
2026-02-23 14:40:00-05:00,49.145,49.155,49.04,49.115,497145.78
2026-02-23 14:45:00-05:00,49.115,49.115,48.96,49.017,134193.45
2026-02-23 14:50:00-05:00,49.015,49.06,48.965,48.99,133110.37
2026-02-23 14:55:00-05:00,48.98,49.03,48.87,48.96,180024.81
2026-02-23 15:00:00-05:00,48.96,49.17,48.915,49.16,97806.82
2026-02-23 15:05:00-05:00,49.17,49.25,49.14,49.245,77955.26
2026-02-23 15:10:00-05:00,49.245,49.26,49.135,49.1499,100747.59
2026-02-23 15:15:00-05:00,49.14,49.15,49.075,49.1,73561.67
2026-02-23 15:20:00-05:00,49.095,49.19,49.08,49.19,71792.79
2026-02-23 15:25:00-05:00,49.2,49.21,49.155,49.165,71824.07
2026-02-23 15:30:00-05:00,49.16,49.305,49.095,49.265,181029.94
2026-02-23 15:35:00-05:00,49.26,49.28,49.16,49.175,90704.92
2026-02-23 15:40:00-05:00,49.18,49.19,49.04,49.08,140777.86
2026-02-23 15:45:00-05:00,49.08,49.15,49.03,49.1263,150761.71
2026-02-23 15:50:00-05:00,49.13,49.2,49.045,49.105,377520.61
2026-02-23 15:55:00-05:00,49.1,49.57,49.075,49.23,903128.85
2026-02-24 09:30:00-05:00,48.24,48.45,47.83,47.94,100324.09
2026-02-24 09:35:00-05:00,47.98,48.83,47.905,48.75,810630.65
2026-02-24 09:40:00-05:00,48.75,48.92,48.51,48.89,258569.68
2026-02-24 09:45:00-05:00,48.87,48.94,48.6,48.705,206812.19
2026-02-24 09:50:00-05:00,48.715,48.85,48.56,48.6793,156175.82
2026-02-24 09:55:00-05:00,48.67,48.67,48.38,48.45,220726.39
2026-02-24 10:00:00-05:00,48.4,48.49,48.32,48.475,109490.41
2026-02-24 10:05:00-05:00,48.47,48.82,48.47,48.68,118608.76
2026-02-24 10:10:00-05:00,48.67,48.67,48.46,48.65,130087.42
2026-02-24 10:15:00-05:00,48.64,48.86,48.595,48.845,129571.77
2026-02-24 10:20:00-05:00,48.837,49.07,48.81,49.07,173953.06
2026-02-24 10:25:00-05:00,49.06,49.21,49.05,49.1699,233852.23
2026-02-24 10:30:00-05:00,49.145,49.2,49.06,49.16,153101.47
2026-02-24 10:35:00-05:00,49.15,49.31,49.12,49.26,154371.96
2026-02-24 10:40:00-05:00,49.26,49.34,49.16,49.22,118925.10
2026-02-24 10:45:00-05:00,49.21,49.26,49.08,49.18,114966.18
2026-02-24 10:50:00-05:00,49.15,49.1904,49.0692,49.11,114790.20
2026-02-24 10:55:00-05:00,49.11,49.25,49.08,49.18,138959.89
2026-02-24 11:00:00-05:00,49.185,49.4,49.12,49.4,156291.88
2026-02-24 11:05:00-05:00,49.4,49.43,49.32,49.415,114617.89
2026-02-24 11:10:00-05:00,49.4252,49.52,49.4,49.41,132108.60
2026-02-24 11:15:00-05:00,49.41,49.5959,49.402,49.52,96713.81
2026-02-24 11:20:00-05:00,49.5,49.57,49.47,49.55,111157.67
2026-02-24 11:25:00-05:00,49.555,49.74,49.555,49.72,197456.73
2026-02-24 11:30:00-05:00,49.71,49.71,49.5,49.545,117649.24
2026-02-24 11:35:00-05:00,49.55,49.68,49.52,49.585,90738.10
2026-02-24 11:40:00-05:00,49.59,49.6391,49.57,49.6391,87580.29
2026-02-24 11:45:00-05:00,49.63,49.65,49.5,49.505,124350.84
2026-02-24 11:50:00-05:00,49.5,49.53,49.37,49.41,100229.86
2026-02-24 11:55:00-05:00,49.4102,49.46,49.33,49.44,64595.07
2026-02-24 12:00:00-05:00,49.43,49.485,49.425,49.4745,45798.98
2026-02-24 12:05:00-05:00,49.48,49.505,49.36,49.3783,53300.22
2026-02-24 12:10:00-05:00,49.3999,49.48,49.39,49.4201,29838.99
2026-02-24 12:15:00-05:00,49.42,49.57,49.39,49.57,83197.72
2026-02-24 12:20:00-05:00,49.565,49.61,49.55,49.55,66281.38
2026-02-24 12:25:00-05:00,49.53,49.55,49.48,49.55,40095.44
2026-02-24 12:30:00-05:00,49.555,49.6099,49.555,49.57,29050.31
2026-02-24 12:35:00-05:00,49.57,49.61,49.55,49.6,43469.37
2026-02-24 12:40:00-05:00,49.6,49.6,49.51,49.58,61773.27
2026-02-24 12:45:00-05:00,49.57,49.64,49.56,49.64,31430.99
2026-02-24 12:50:00-05:00,49.62,49.655,49.6,49.6,29360.91
2026-02-24 12:55:00-05:00,49.6,49.64,49.575,49.63,37573.92
2026-02-24 13:00:00-05:00,49.62,49.725,49.61,49.7,50193.36
2026-02-24 13:05:00-05:00,49.69,49.81,49.685,49.7975,81560.43
2026-02-24 13:10:00-05:00,49.8,49.835,49.7,49.7,51558.00
2026-02-24 13:15:00-05:00,49.69,49.7299,49.66,49.66,32258.67
2026-02-24 13:20:00-05:00,49.665,49.71,49.585,49.6,39111.71
2026-02-24 13:25:00-05:00,49.6,49.6201,49.56,49.58,30799.31
2026-02-24 13:30:00-05:00,49.59,49.6457,49.55,49.56,38831.93
2026-02-24 13:35:00-05:00,49.54,49.565,49.4899,49.55,48922.27
2026-02-24 13:40:00-05:00,49.55,49.6,49.52,49.59,25058.79
2026-02-24 13:45:00-05:00,49.585,49.59,49.505,49.5464,21791.00
2026-02-24 13:50:00-05:00,49.55,49.6,49.5,49.595,41616.06
2026-02-24 13:55:00-05:00,49.595,49.68,49.58,49.6798,30435.77
2026-02-24 14:00:00-05:00,49.67,49.745,49.63,49.64,111644.47
2026-02-24 14:05:00-05:00,49.63,49.765,49.62,49.73,50017.78
2026-02-24 14:10:00-05:00,49.73,49.79,49.7101,49.79,35039.21
2026-02-24 14:15:00-05:00,49.8,49.83,49.67,49.71,69616.91
2026-02-24 14:20:00-05:00,49.705,49.79,49.705,49.785,28782.11
2026-02-24 14:25:00-05:00,49.785,49.92,49.785,49.89,72555.84
2026-02-24 14:30:00-05:00,49.89,49.9068,49.83,49.88,49488.64
2026-02-24 14:35:00-05:00,49.875,49.98,49.82,49.97,83981.76
2026-02-24 14:40:00-05:00,49.965,50.03,49.935,49.94,293515.28
2026-02-24 14:45:00-05:00,49.94,49.97,49.9,49.945,46251.52
2026-02-24 14:50:00-05:00,49.94,50,49.89,49.915,70311.17
2026-02-24 14:55:00-05:00,49.92,49.95,49.84,49.865,92193.07
2026-02-24 15:00:00-05:00,49.86,49.925,49.835,49.855,68853.10
2026-02-24 15:05:00-05:00,49.85,49.87,49.8,49.8292,62978.09
2026-02-24 15:10:00-05:00,49.825,49.825,49.73,49.775,102155.00
2026-02-24 15:15:00-05:00,49.77,49.9,49.73,49.865,69077.43
2026-02-24 15:20:00-05:00,49.87,49.93,49.87,49.9097,65654.69
2026-02-24 15:25:00-05:00,49.91,49.955,49.91,49.915,78356.80
2026-02-24 15:30:00-05:00,49.92,50.0153,49.89,50.005,94834.01
2026-02-24 15:35:00-05:00,50.005,50.041,49.985,50.041,81461.42
2026-02-24 15:40:00-05:00,50.04,50.09,50.035,50.0512,154959.07
2026-02-24 15:45:00-05:00,50.05,50.0893,49.96,49.995,157706.53
2026-02-24 15:50:00-05:00,50,50,49.84,49.85,297159.05
2026-02-24 15:55:00-05:00,49.85,49.855,49.69,49.71,870411.50
2026-02-25 09:30:00-05:00,50.29,50.35,50.01,50.23,391264.44
2026-02-25 09:35:00-05:00,50.24,50.4,49.911,50,247368.45
2026-02-25 09:40:00-05:00,49.9926,50.0258,49.84,49.94,193612.95
2026-02-25 09:45:00-05:00,49.93,50.09,49.885,50.03,174046.43
2026-02-25 09:50:00-05:00,50,50.1517,49.94,49.9863,181717.41
2026-02-25 09:55:00-05:00,49.975,50.04,49.82,49.865,189895.78
2026-02-25 10:00:00-05:00,49.86,50,49.8,49.87,106570.84
2026-02-25 10:05:00-05:00,49.87,49.92,49.66,49.735,170611.26
2026-02-25 10:10:00-05:00,49.725,49.82,49.68,49.695,119032.39
2026-02-25 10:15:00-05:00,49.695,49.93,49.69,49.81,108047.31
2026-02-25 10:20:00-05:00,49.81,49.955,49.75,49.83,103009.62
2026-02-25 10:25:00-05:00,49.825,49.98,49.755,49.98,91969.91
2026-02-25 10:30:00-05:00,49.96,50.06,49.83,50.05,199012.28
2026-02-25 10:35:00-05:00,50.03,50.185,50.0203,50.15,165080.07
2026-02-25 10:40:00-05:00,50.16,50.21,50.09,50.1266,252553.55
2026-02-25 10:45:00-05:00,50.12,50.185,49.9755,50.1499,76851.34
2026-02-25 10:50:00-05:00,50.14,50.355,50.1,50.32,127520.80
2026-02-25 10:55:00-05:00,50.32,50.51,50.31,50.38,208079.03
2026-02-25 11:00:00-05:00,50.38,50.43,50.33,50.407,73013.51
2026-02-25 11:05:00-05:00,50.4,50.4236,50.23,50.27,58967.25
2026-02-25 11:10:00-05:00,50.285,50.41,50.25,50.3444,67220.95
2026-02-25 11:15:00-05:00,50.3401,50.41,50.2925,50.305,59879.86
2026-02-25 11:20:00-05:00,50.31,50.42,50.31,50.4,104456.30
2026-02-25 11:25:00-05:00,50.4,50.465,50.37,50.41,76120.62
2026-02-25 11:30:00-05:00,50.4169,50.485,50.33,50.47,55096.03
2026-02-25 11:35:00-05:00,50.465,50.47,50.375,50.42,56891.33
2026-02-25 11:40:00-05:00,50.43,50.465,50.375,50.375,35900.65
2026-02-25 11:45:00-05:00,50.375,50.5,50.365,50.47,58253.19
2026-02-25 11:50:00-05:00,50.465,50.495,50.43,50.465,37296.45
2026-02-25 11:55:00-05:00,50.465,50.465,50.385,50.45,55249.58
2026-02-25 12:00:00-05:00,50.45,50.4521,50.33,50.36,44995.78
2026-02-25 12:05:00-05:00,50.36,50.465,50.36,50.465,66964.78
2026-02-25 12:10:00-05:00,50.46,50.5651,50.46,50.505,52091.55
2026-02-25 12:15:00-05:00,50.505,50.505,50.395,50.395,37555.62
2026-02-25 12:20:00-05:00,50.395,50.465,50.375,50.4301,55095.53
2026-02-25 12:25:00-05:00,50.44,50.4899,50.385,50.41,46880.14
2026-02-25 12:30:00-05:00,50.415,50.42,50.32,50.335,74081.22
2026-02-25 12:35:00-05:00,50.3375,50.43,50.33,50.42,49030.02
2026-02-25 12:40:00-05:00,50.42,50.4551,50.36,50.4546,68976.05
2026-02-25 12:45:00-05:00,50.46,50.5,50.415,50.415,62007.35
2026-02-25 12:50:00-05:00,50.415,50.47,50.34,50.35,54814.30
2026-02-25 12:55:00-05:00,50.35,50.36,50.27,50.36,56083.80
2026-02-25 13:00:00-05:00,50.36,50.47,50.35,50.39,96646.07
2026-02-25 13:05:00-05:00,50.39,50.41,50.34,50.36,36009.27
2026-02-25 13:10:00-05:00,50.36,50.365,50.2635,50.275,31982.88
2026-02-25 13:15:00-05:00,50.275,50.32,50.24,50.3199,39393.76
2026-02-25 13:20:00-05:00,50.31,50.33,50.25,50.26,29191.41
2026-02-25 13:25:00-05:00,50.26,50.269,50.2201,50.265,31108.91
2026-02-25 13:30:00-05:00,50.265,50.335,50.265,50.3203,40309.05
2026-02-25 13:35:00-05:00,50.32,50.32,50.24,50.27,39381.17
2026-02-25 13:40:00-05:00,50.27,50.28,50.17,50.195,106717.11
2026-02-25 13:45:00-05:00,50.185,50.22,50.14,50.145,63136.83
2026-02-25 13:50:00-05:00,50.1463,50.17,50.135,50.1534,42436.95
2026-02-25 13:55:00-05:00,50.16,50.165,50.06,50.065,71426.15
2026-02-25 14:00:00-05:00,50.06,50.1,49.99,50.02,119492.53
2026-02-25 14:05:00-05:00,50.015,50.03,49.97,49.98,63121.63
2026-02-25 14:10:00-05:00,49.97,50.04,49.92,50.005,84414.71
2026-02-25 14:15:00-05:00,50.0045,50.08,50,50.045,85159.02
2026-02-25 14:20:00-05:00,50.06,50.06,49.99,50.025,50424.90
2026-02-25 14:25:00-05:00,50.025,50.025,49.95,49.96,64917.05
2026-02-25 14:30:00-05:00,49.97,50,49.905,49.9999,137055.16
2026-02-25 14:35:00-05:00,49.99,50.095,49.97,50.015,100849.08
2026-02-25 14:40:00-05:00,50.015,50.06,50.015,50.05,78389.39
2026-02-25 14:45:00-05:00,50.055,50.06,49.98,50.05,96899.47
2026-02-25 14:50:00-05:00,50.05,50.165,50.005,50.15,108562.47
2026-02-25 14:55:00-05:00,50.15,50.155,49.99,50.015,110278.23
2026-02-25 15:00:00-05:00,50,50.03,49.905,49.91,61612.07
2026-02-25 15:05:00-05:00,49.9001,49.94,49.845,49.93,55493.19
2026-02-25 15:10:00-05:00,49.93,50.04,49.9,49.9,104207.99
2026-02-25 15:15:00-05:00,49.9,49.9099,49.81,49.895,84863.75
2026-02-25 15:20:00-05:00,49.89,49.89,49.825,49.87,66744.68
2026-02-25 15:25:00-05:00,49.87,49.935,49.795,49.815,87805.55
2026-02-25 15:30:00-05:00,49.815,49.92,49.78,49.875,104203.18
2026-02-25 15:35:00-05:00,49.875,49.905,49.835,49.865,65419.49
2026-02-25 15:40:00-05:00,49.86,49.865,49.8,49.835,112201.71
2026-02-25 15:45:00-05:00,49.825,49.83,49.695,49.78,159840.62
2026-02-25 15:50:00-05:00,49.78,49.8,49.72,49.7616,177450.17
2026-02-25 15:55:00-05:00,49.755,49.835,49.72,49.82,486801.75
2026-02-26 09:30:00-05:00,49.31,49.495,48.96,49.15,72223.24
2026-02-26 09:35:00-05:00,49.09,49.54,49.09,49.27,568832.93
2026-02-26 09:40:00-05:00,49.263,49.263,49,49.158,122458.21
2026-02-26 09:45:00-05:00,49.16,49.5,49.07,49.48,155993.39
2026-02-26 09:50:00-05:00,49.4601,49.59,49.39,49.44,132591.79
2026-02-26 09:55:00-05:00,49.44,49.51,49.22,49.3,133020.72
2026-02-26 10:00:00-05:00,49.27,49.47,49.13,49.425,126447.53
2026-02-26 10:05:00-05:00,49.42,49.53,49.3201,49.43,118201.27
2026-02-26 10:10:00-05:00,49.425,49.48,49.19,49.25,73392.88
2026-02-26 10:15:00-05:00,49.25,49.25,49.01,49.185,158363.23
2026-02-26 10:20:00-05:00,49.185,49.233,49.03,49.15,111690.40
2026-02-26 10:25:00-05:00,49.1637,49.36,48.93,49.0992,149102.34
2026-02-26 10:30:00-05:00,49.08,49.26,49.06,49.16,134226.10
2026-02-26 10:35:00-05:00,49.1505,49.34,49.1505,49.33,158631.81
2026-02-26 10:40:00-05:00,49.32,49.46,49.31,49.39,90370.68
2026-02-26 10:45:00-05:00,49.3901,49.64,49.36,49.615,179858.57
2026-02-26 10:50:00-05:00,49.6,49.84,49.57,49.785,124284.59
2026-02-26 10:55:00-05:00,49.78,49.85,49.74,49.81,115499.59
2026-02-26 11:00:00-05:00,49.815,49.85,49.71,49.77,89667.95
2026-02-26 11:05:00-05:00,49.77,49.87,49.75,49.84,86748.55
2026-02-26 11:10:00-05:00,49.835,49.9626,49.8,49.8447,99390.76
2026-02-26 11:15:00-05:00,49.85,49.91,49.79,49.89,82750.48
2026-02-26 11:20:00-05:00,49.885,49.94,49.8,49.87,72844.86
2026-02-26 11:25:00-05:00,49.86,50.015,49.8,49.995,230765.53
2026-02-26 11:30:00-05:00,49.99,50.07,49.96,50.04,109964.45
2026-02-26 11:35:00-05:00,50.05,50.05,49.86,49.9,75451.34
2026-02-26 11:40:00-05:00,49.9,49.95,49.85,49.8645,45619.86
2026-02-26 11:45:00-05:00,49.87,49.925,49.81,49.87,102380.03
2026-02-26 11:50:00-05:00,49.87,49.93,49.805,49.82,73408.38
2026-02-26 11:55:00-05:00,49.825,49.87,49.715,49.73,62499.30
2026-02-26 12:00:00-05:00,49.735,49.93,49.73,49.895,62359.95
2026-02-26 12:05:00-05:00,49.9,49.92,49.86,49.89,56262.86
2026-02-26 12:10:00-05:00,49.9,49.935,49.85,49.855,41919.90
2026-02-26 12:15:00-05:00,49.86,49.8764,49.7,49.77,69682.29
2026-02-26 12:20:00-05:00,49.775,49.91,49.75,49.9,54314.01
2026-02-26 12:25:00-05:00,49.905,49.905,49.79,49.81,55861.65
2026-02-26 12:30:00-05:00,49.805,49.91,49.8,49.89,40669.27
2026-02-26 12:35:00-05:00,49.895,49.93,49.83,49.88,6261024.26
2026-02-26 12:40:00-05:00,49.89,49.92,49.85,49.85,65402.07
2026-02-26 12:45:00-05:00,49.85,49.86,49.75,49.78,72151.19
2026-02-26 12:50:00-05:00,49.78,49.915,49.77,49.87,64149.88
2026-02-26 12:55:00-05:00,49.87,49.92,49.83,49.88,47683.13
2026-02-26 13:00:00-05:00,49.88,49.895,49.81,49.815,44360.81
2026-02-26 13:05:00-05:00,49.82,49.91,49.77,49.91,62294.46
2026-02-26 13:10:00-05:00,49.9,49.975,49.9,49.97,61474.96
2026-02-26 13:15:00-05:00,49.97,50.025,49.95,50.01,60900.51
2026-02-26 13:20:00-05:00,50.01,50.08,49.985,50.055,52631.09
2026-02-26 13:25:00-05:00,50.05,50.12,50.04,50.11,54057.98
2026-02-26 13:30:00-05:00,50.115,50.16,50.06,50.135,192206.81
2026-02-26 13:35:00-05:00,50.12,50.205,50.064,50.16,109927.29
2026-02-26 13:40:00-05:00,50.15,50.24,50.143,50.205,47388.56
2026-02-26 13:45:00-05:00,50.215,50.26,50.135,50.18,88699.93
2026-02-26 13:50:00-05:00,50.18,50.275,50.15,50.16,76979.58
2026-02-26 13:55:00-05:00,50.16,50.18,50.06,50.09,68923.37
2026-02-26 14:00:00-05:00,50.1,50.22,50.07,50.195,69885.02
2026-02-26 14:05:00-05:00,50.191,50.25,50.19,50.215,87364.67
2026-02-26 14:10:00-05:00,50.22,50.25,50.19,50.195,64313.74
2026-02-26 14:15:00-05:00,50.2,50.23,50.17,50.215,75975.01
2026-02-26 14:20:00-05:00,50.215,50.255,50.18,50.25,111212.83
2026-02-26 14:25:00-05:00,50.26,50.26,50.125,50.125,108164.79
2026-02-26 14:30:00-05:00,50.13,50.25,50.075,50.235,101472.53
2026-02-26 14:35:00-05:00,50.235,50.255,50.125,50.155,113063.14
2026-02-26 14:40:00-05:00,50.145,50.44,50.13,50.37,188926.87
2026-02-26 14:45:00-05:00,50.38,50.5,50.3774,50.48,150013.55
2026-02-26 14:50:00-05:00,50.47,50.47,50.29,50.3301,124471.62
2026-02-26 14:55:00-05:00,50.33,50.3801,50.27,50.295,138039.88
2026-02-26 15:00:00-05:00,50.29,50.36,50.282,50.34,73714.48
2026-02-26 15:05:00-05:00,50.335,50.4,50.32,50.355,73273.36
2026-02-26 15:10:00-05:00,50.35,50.37,50.295,50.345,82688.15
2026-02-26 15:15:00-05:00,50.345,50.39,50.295,50.39,132301.71
2026-02-26 15:20:00-05:00,50.4,50.4169,50.3601,50.415,91478.52
2026-02-26 15:25:00-05:00,50.41,50.48,50.305,50.33,135372.19
2026-02-26 15:30:00-05:00,50.335,50.345,50.245,50.251,107617.89
2026-02-26 15:35:00-05:00,50.2545,50.45,50.2545,50.375,240858.89
2026-02-26 15:40:00-05:00,50.375,50.375,50.295,50.3,117590.67
2026-02-26 15:45:00-05:00,50.3,50.335,50.26,50.3,125053.70
2026-02-26 15:50:00-05:00,50.31,50.34,50.1297,50.175,781415.04
2026-02-26 15:55:00-05:00,50.175,50.39,50.15,50.355,690501.55
2026-02-27 09:30:00-05:00,50.93,51.02,50.425,50.45,876077.15
2026-02-27 09:35:00-05:00,50.44,50.8,50.44,50.5,375329.05
2026-02-27 09:40:00-05:00,50.51,50.62,50.3701,50.59,213351.57
2026-02-27 09:45:00-05:00,50.57,50.615,50.35,50.555,168149.67
2026-02-27 09:50:00-05:00,50.5537,50.79,50.52,50.52,157267.92
2026-02-27 09:55:00-05:00,50.52,50.55,50.26,50.4,275440.40
2026-02-27 10:00:00-05:00,50.41,50.57,50.4,50.48,167821.91
2026-02-27 10:05:00-05:00,50.47,50.68,50.43,50.53,196508.52
2026-02-27 10:10:00-05:00,50.54,50.65,50.48,50.5699,150212.44
2026-02-27 10:15:00-05:00,50.6,50.63,50.41,50.49,134736.26
2026-02-27 10:20:00-05:00,50.51,50.58,50.435,50.53,81339.54
2026-02-27 10:25:00-05:00,50.52,50.6799,50.43,50.645,174345.34
2026-02-27 10:30:00-05:00,50.65,50.69,50.49,50.535,202298.49
2026-02-27 10:35:00-05:00,50.535,50.705,50.51,50.64,123524.45
2026-02-27 10:40:00-05:00,50.64,50.83,50.63,50.81,148036.96
2026-02-27 10:45:00-05:00,50.81,50.83,50.69,50.695,132480.44
2026-02-27 10:50:00-05:00,50.7,50.715,50.595,50.64,136459.55
2026-02-27 10:55:00-05:00,50.67,50.905,50.67,50.76,151069.49
2026-02-27 11:00:00-05:00,50.76,50.805,50.65,50.8,114443.85
2026-02-27 11:05:00-05:00,50.8042,50.88,50.77,50.83,101907.32
2026-02-27 11:10:00-05:00,50.83,50.88,50.78,50.8591,77452.13
2026-02-27 11:15:00-05:00,50.84,50.88,50.79,50.79,120801.89
2026-02-27 11:20:00-05:00,50.79,50.79,50.57,50.5999,149408.26
2026-02-27 11:25:00-05:00,50.575,50.695,50.57,50.595,112618.39
2026-02-27 11:30:00-05:00,50.61,50.7399,50.6,50.625,109395.76
2026-02-27 11:35:00-05:00,50.63,50.76,50.6,50.69,95047.81
2026-02-27 11:40:00-05:00,50.67,50.69,50.5334,50.55,54180.36
2026-02-27 11:45:00-05:00,50.54,50.57,50.42,50.49,104226.71
2026-02-27 11:50:00-05:00,50.5,50.59,50.5,50.58,64334.67
2026-02-27 11:55:00-05:00,50.5793,50.63,50.57,50.6,105427.55
2026-02-27 12:00:00-05:00,50.59,50.7,50.58,50.7,33848.83
2026-02-27 12:05:00-05:00,50.7,50.705,50.61,50.65,36185.76
2026-02-27 12:10:00-05:00,50.64,50.76,50.59,50.7,58125.20
2026-02-27 12:15:00-05:00,50.7,50.7,50.52,50.575,48838.20
2026-02-27 12:20:00-05:00,50.57,50.58,50.435,50.45,62321.69
2026-02-27 12:25:00-05:00,50.43,50.53,50.43,50.5198,55970.07
2026-02-27 12:30:00-05:00,50.52,50.63,50.41,50.6001,118001.72
2026-02-27 12:35:00-05:00,50.62,50.66,50.6,50.61,65515.88
2026-02-27 12:40:00-05:00,50.61,50.65,50.55,50.64,54480.24
2026-02-27 12:45:00-05:00,50.635,50.8,50.635,50.733,114078.74
2026-02-27 12:50:00-05:00,50.73,50.735,50.6019,50.64,113354.62
2026-02-27 12:55:00-05:00,50.65,50.665,50.56,50.58,82096.00
2026-02-27 13:00:00-05:00,50.58,50.72,50.58,50.62,98142.55
2026-02-27 13:05:00-05:00,50.61,50.635,50.5901,50.62,48164.31
2026-02-27 13:10:00-05:00,50.62,50.68,50.58,50.59,77589.04
2026-02-27 13:15:00-05:00,50.58,50.64,50.555,50.5666,49515.01
2026-02-27 13:20:00-05:00,50.57,50.57,50.435,50.45,82147.14
2026-02-27 13:25:00-05:00,50.45,50.54,50.37,50.535,90388.91
2026-02-27 13:30:00-05:00,50.53,50.609,50.44,50.47,80515.72
2026-02-27 13:35:00-05:00,50.46,50.48,50.38,50.45,88069.51
2026-02-27 13:40:00-05:00,50.445,50.55,50.445,50.54,52079.43
2026-02-27 13:45:00-05:00,50.535,50.58,50.5,50.545,43222.97
2026-02-27 13:50:00-05:00,50.56,50.595,50.51,50.595,28156.29
2026-02-27 13:55:00-05:00,50.59,50.62,50.525,50.545,132434.64
2026-02-27 14:00:00-05:00,50.55,50.62,50.5,50.61,103780.54
2026-02-27 14:05:00-05:00,50.61,50.63,50.525,50.54,86178.16
2026-02-27 14:10:00-05:00,50.54,50.645,50.455,50.62,103609.58
2026-02-27 14:15:00-05:00,50.615,50.67,50.6002,50.67,65244.13
2026-02-27 14:20:00-05:00,50.665,50.67,50.575,50.5844,54492.17
2026-02-27 14:25:00-05:00,50.59,50.635,50.555,50.57,68155.48
2026-02-27 14:30:00-05:00,50.57,50.61,50.515,50.585,77887.01
2026-02-27 14:35:00-05:00,50.5877,50.67,50.5877,50.625,91980.89
2026-02-27 14:40:00-05:00,50.625,50.63,50.535,50.56,59284.15
2026-02-27 14:45:00-05:00,50.5663,50.61,50.54,50.57,67492.09
2026-02-27 14:50:00-05:00,50.58,50.59,50.51,50.515,67126.80
2026-02-27 14:55:00-05:00,50.51,50.57,50.5,50.53,100190.78
2026-02-27 15:00:00-05:00,50.52,50.625,50.52,50.61,55103.68
2026-02-27 15:05:00-05:00,50.61,50.65,50.58,50.595,57295.43
2026-02-27 15:10:00-05:00,50.595,50.64,50.585,50.63,95789.42
2026-02-27 15:15:00-05:00,50.625,50.77,50.6201,50.74,94134.84
2026-02-27 15:20:00-05:00,50.735,50.81,50.71,50.7593,74198.87
2026-02-27 15:25:00-05:00,50.75,50.76,50.66,50.67,102751.85
2026-02-27 15:30:00-05:00,50.66,50.77,50.655,50.75,92363.22
2026-02-27 15:35:00-05:00,50.75,50.79,50.735,50.77,120837.31
2026-02-27 15:40:00-05:00,50.77,50.95,50.77,50.91,182243.94
2026-02-27 15:45:00-05:00,50.92,50.93,50.785,50.795,210625.56
2026-02-27 15:50:00-05:00,50.81,50.83,50.62,50.71,371438.04
2026-02-27 15:55:00-05:00,50.71,50.825,50.67,50.75,785201.54
2026-03-02 09:30:00-05:00,50.87,50.955,50,50.12,258586.89
2026-03-02 09:35:00-05:00,50.065,50.97,50.065,50.75,1304185.63
2026-03-02 09:40:00-05:00,50.72,51.28,50.54,50.6,829933.23
2026-03-02 09:45:00-05:00,50.58,50.82,50.42,50.68,511491.82
2026-03-02 09:50:00-05:00,50.69,50.75,50.41,50.71,322797.23
2026-03-02 09:55:00-05:00,50.715,50.73,50.425,50.545,335390.70
2026-03-02 10:00:00-05:00,50.53,50.558,50.18,50.45,517601.70
2026-03-02 10:05:00-05:00,50.44,50.86,50.31,50.75,369596.55
2026-03-02 10:10:00-05:00,50.7509,50.88,50.64,50.83,187936.11
2026-03-02 10:15:00-05:00,50.84,50.84,50.42,50.505,196291.79
2026-03-02 10:20:00-05:00,50.49,50.72,50.48,50.58,186626.82
2026-03-02 10:25:00-05:00,50.57,50.79,50.52,50.57,187762.53
2026-03-02 10:30:00-05:00,50.56,50.725,50.46,50.5536,231697.62
2026-03-02 10:35:00-05:00,50.56,50.6,50.3,50.45,190597.27
2026-03-02 10:40:00-05:00,50.45,50.45,50.15,50.22,241852.36
2026-03-02 10:45:00-05:00,50.21,50.295,49.98,50.295,440431.59
2026-03-02 10:50:00-05:00,50.31,50.38,50.09,50.15,199773.05
2026-03-02 10:55:00-05:00,50.14,50.165,49.52,49.56,358298.98
2026-03-02 11:00:00-05:00,49.55,49.5633,49.03,49.18,391874.90
2026-03-02 11:05:00-05:00,49.2,49.75,49.2,49.725,268883.04
2026-03-02 11:10:00-05:00,49.73,50.08,49.7,50.03,153921.16
2026-03-02 11:15:00-05:00,50.03,50.04,49.83,49.88,145609.29
2026-03-02 11:20:00-05:00,49.9,50.115,49.87,50.08,189322.84
2026-03-02 11:25:00-05:00,50.07,50.095,49.83,50.06,214354.74
2026-03-02 11:30:00-05:00,50.05,50.11,49.855,49.91,144636.07
2026-03-02 11:35:00-05:00,49.91,50.22,49.91,50.16,165167.09
2026-03-02 11:40:00-05:00,50.17,50.39,50.17,50.22,267837.49
2026-03-02 11:45:00-05:00,50.22,50.3868,50.14,50.32,149953.21
2026-03-02 11:50:00-05:00,50.33,50.39,50.13,50.185,111448.71
2026-03-02 11:55:00-05:00,50.18,50.21,49.87,49.89,107671.87
2026-03-02 12:00:00-05:00,49.89,50.09,49.845,50.05,149417.92
2026-03-02 12:05:00-05:00,50.05,50.1099,49.959,50.005,130349.99
2026-03-02 12:10:00-05:00,50,50.075,49.9,49.965,171283.58
2026-03-02 12:15:00-05:00,49.9678,50,49.845,49.975,131212.33
2026-03-02 12:20:00-05:00,49.975,50.02,49.76,49.93,103283.74
2026-03-02 12:25:00-05:00,49.945,50.0897,49.92,49.98,102954.50
2026-03-02 12:30:00-05:00,49.98,50.095,49.905,49.93,112820.53
2026-03-02 12:35:00-05:00,49.9,49.931,49.78,49.8459,83624.44
2026-03-02 12:40:00-05:00,49.84,49.895,49.77,49.85,70150.26
2026-03-02 12:45:00-05:00,49.855,49.875,49.69,49.73,128561.88
2026-03-02 12:50:00-05:00,49.7359,49.895,49.71,49.84,172616.70
2026-03-02 12:55:00-05:00,49.85,49.905,49.785,49.825,83334.92
2026-03-02 13:00:00-05:00,49.83,49.8401,49.65,49.68,78770.00
2026-03-02 13:05:00-05:00,49.67,49.69,49.535,49.565,124198.04
2026-03-02 13:10:00-05:00,49.58,49.67,49.565,49.62,118086.62
2026-03-02 13:15:00-05:00,49.63,49.785,49.6298,49.745,79604.92
2026-03-02 13:20:00-05:00,49.75,49.83,49.53,49.54,130823.16
2026-03-02 13:25:00-05:00,49.555,49.62,49.52,49.59,85469.82
2026-03-02 13:30:00-05:00,49.595,49.6363,49.515,49.6299,77770.87
2026-03-02 13:35:00-05:00,49.63,49.7,49.56,49.69,84205.46
2026-03-02 13:40:00-05:00,49.69,49.81,49.69,49.8,73240.64
2026-03-02 13:45:00-05:00,49.8,49.81,49.655,49.78,81095.92
2026-03-02 13:50:00-05:00,49.79,49.85,49.72,49.82,51049.54
2026-03-02 13:55:00-05:00,49.81,49.825,49.73,49.81,82826.07
2026-03-02 14:00:00-05:00,49.81,49.93,49.8,49.8884,126158.90
2026-03-02 14:05:00-05:00,49.88,49.92,49.815,49.91,71987.53
2026-03-02 14:10:00-05:00,49.915,49.99,49.905,49.94,97439.95
2026-03-02 14:15:00-05:00,49.95,49.9869,49.81,49.85,153550.96
2026-03-02 14:20:00-05:00,49.85,50,49.85,49.975,151287.51
2026-03-02 14:25:00-05:00,49.98,50.055,49.96,50.0242,117036.81
2026-03-02 14:30:00-05:00,50.03,50.11,50.005,50.11,105510.06
2026-03-02 14:35:00-05:00,50.105,50.16,50.045,50.14,90953.55
2026-03-02 14:40:00-05:00,50.135,50.165,50.07,50.105,112494.58
2026-03-02 14:45:00-05:00,50.105,50.225,50.07,50.165,129760.42
2026-03-02 14:50:00-05:00,50.17,50.17,50.065,50.135,134067.18
2026-03-02 14:55:00-05:00,50.13,50.25,50.09,50.095,155455.15
2026-03-02 15:00:00-05:00,50.09,50.14,49.975,50.095,163705.14
2026-03-02 15:05:00-05:00,50.1,50.235,50.095,50.19,174123.49
2026-03-02 15:10:00-05:00,50.19,50.19,50.005,50.02,150636.12
2026-03-02 15:15:00-05:00,50.01,50.215,49.99,50.095,188378.48
2026-03-02 15:20:00-05:00,50.09,50.14,49.98,50.1,150592.10
2026-03-02 15:25:00-05:00,50.1,50.17,50.04,50.095,215072.82
2026-03-02 15:30:00-05:00,50.105,50.25,50.103,50.2289,195842.95
2026-03-02 15:35:00-05:00,50.23,50.38,50.22,50.36,166564.51
2026-03-02 15:40:00-05:00,50.35,50.37,50.26,50.34,142449.60
2026-03-02 15:45:00-05:00,50.33,50.35,50.225,50.275,270036.95
2026-03-02 15:50:00-05:00,50.28,50.45,50.275,50.45,276641.72
2026-03-02 15:55:00-05:00,50.44,50.69,50.435,50.53,960871.31
