timestamp,open,high,low,close,volume
2025-11-18 09:30:00-05:00,103.67,107.66,103,107.11,493877
2025-11-18 09:35:00-05:00,107.008,107.83,105.4655,107.15,346835
2025-11-18 09:40:00-05:00,107.04,107.15,103.54,103.6304,303865
2025-11-18 09:45:00-05:00,103.86,105.9,103.58,105.15,321517
2025-11-18 09:50:00-05:00,105,106.2,103.925,105.6272,170116
2025-11-18 09:55:00-05:00,105.645,106.9,105,106.3,203629
2025-11-18 10:00:00-05:00,106.24,107.6399,104.85,105.44,286192
2025-11-18 10:05:00-05:00,105.8399,108.49,105.56,108.085,262251
2025-11-18 10:10:00-05:00,108.085,109.31,107.23,108.99,332558
2025-11-18 10:15:00-05:00,108.99,108.99,106.545,108.3451,170425
2025-11-18 10:20:00-05:00,108.34,110.16,108.24,109.72,364525
2025-11-18 10:25:00-05:00,109.87,112.07,109.8401,110.3394,300933
2025-11-18 10:30:00-05:00,110.35,110.9899,109.2,109.465,298455
2025-11-18 10:35:00-05:00,109.2,109.2899,107.5201,109.07,196734
2025-11-18 10:40:00-05:00,109.13,109.9799,108.67,109.44,137039
2025-11-18 10:45:00-05:00,109.33,109.48,106.5,106.65,154638
2025-11-18 10:50:00-05:00,106.75,107.899,106.12,107.285,225745
2025-11-18 10:55:00-05:00,107.435,107.98,106.23,106.3181,141898
2025-11-18 11:00:00-05:00,106.3,106.46,104.69,104.97,228791
2025-11-18 11:05:00-05:00,105.05,105.7766,104.5,104.85,163276
2025-11-18 11:10:00-05:00,104.745,105.99,104.1,105.555,242186
2025-11-18 11:15:00-05:00,105.36,106.6,104.8,106.13,153619
2025-11-18 11:20:00-05:00,106.27,106.9,105.5,106.37,91760
2025-11-18 11:25:00-05:00,106.45,107.2,106.1364,106.99,77690
2025-11-18 11:30:00-05:00,106.95,107.13,106.55,106.55,96434
2025-11-18 11:35:00-05:00,106.52,107.21,106.26,106.365,104298
2025-11-18 11:40:00-05:00,106.305,106.5,105.55,106,88014
2025-11-18 11:45:00-05:00,105.995,106.33,105.55,106.0254,97586
2025-11-18 11:50:00-05:00,106.15,106.35,105.35,105.74,94815
2025-11-18 11:55:00-05:00,105.7,106.8314,105.69,106.16,92461
2025-11-18 12:00:00-05:00,106.1,107.17,105.85,106.6674,58984
2025-11-18 12:05:00-05:00,106.85,106.91,106,106.475,59263
2025-11-18 12:10:00-05:00,106.47,107.19,106.28,106.5501,44069
2025-11-18 12:15:00-05:00,106.62,107.18,106.4301,106.84,54722
2025-11-18 12:20:00-05:00,106.84,107.71,106.84,107.18,120791
2025-11-18 12:25:00-05:00,107.31,107.6999,105.7,106.01,125641
2025-11-18 12:30:00-05:00,106.09,107.309,105.78,107.275,53173
2025-11-18 12:35:00-05:00,107.29,107.96,107.27,107.7496,73119
2025-11-18 12:40:00-05:00,107.87,109.12,107.87,108.98,155358
2025-11-18 12:45:00-05:00,108.93,109.07,107.8207,108.7499,98164
2025-11-18 12:50:00-05:00,108.66,109.42,108.1785,109.2515,79495
2025-11-18 12:55:00-05:00,109.27,110.303,108.76,109.87,153557
2025-11-18 13:00:00-05:00,109.685,110.46,108.87,109.2915,232241
2025-11-18 13:05:00-05:00,109.245,109.7,108.9901,109.2,131971
2025-11-18 13:10:00-05:00,109.21,109.79,108.84,109.32,88434
2025-11-18 13:15:00-05:00,109.32,110.04,108.52,109.825,140207
2025-11-18 13:20:00-05:00,109.8433,109.87,108.9,109.45,89327
2025-11-18 13:25:00-05:00,109.56,109.67,108.9274,109,62957
2025-11-18 13:30:00-05:00,109,109.2499,108.8,109.0416,69151
2025-11-18 13:35:00-05:00,109.05,109.6,108.48,109.16,73328
2025-11-18 13:40:00-05:00,108.98,109.75,108.745,109.21,64798
2025-11-18 13:45:00-05:00,109.14,109.2999,108.7,108.96,57178
2025-11-18 13:50:00-05:00,108.95,109.55,108.87,109.13,63102
2025-11-18 13:55:00-05:00,109.01,109.105,107.6852,108.26,153311
2025-11-18 14:00:00-05:00,108.31,109.18,107.75,107.9692,68171
2025-11-18 14:05:00-05:00,107.95,108.36,107.87,108.31,38120
2025-11-18 14:10:00-05:00,108.17,109.06,108.1,108.645,56697
2025-11-18 14:15:00-05:00,108.62,108.766,107.81,108.465,59831
2025-11-18 14:20:00-05:00,108.34,108.73,107.79,108.045,60141
2025-11-18 14:25:00-05:00,107.92,108.24,107.68,107.82,50227
2025-11-18 14:30:00-05:00,107.82,108.44,107.752,107.995,62021
2025-11-18 14:35:00-05:00,108.08,109.27,107.98,109.21,87005
2025-11-18 14:40:00-05:00,109.04,109.43,108.2,108.3965,84889
2025-11-18 14:45:00-05:00,108.47,109.59,108.39,109.4215,99079
2025-11-18 14:50:00-05:00,109.4,109.41,108.06,108.06,67013
2025-11-18 14:55:00-05:00,108.05,109,107.8,108.99,93328
2025-11-18 15:00:00-05:00,109.08,109.59,108.07,108.161,114624
2025-11-18 15:05:00-05:00,108.09,108.12,107.33,107.465,111650
2025-11-18 15:10:00-05:00,107.4,107.7058,106.76,107.46,192523
2025-11-18 15:15:00-05:00,107.53,107.63,106.9301,106.9516,86910
2025-11-18 15:20:00-05:00,107.02,107.6899,106.5,106.801,152914
2025-11-18 15:25:00-05:00,106.73,106.8694,105.81,105.9672,166648
2025-11-18 15:30:00-05:00,105.91,106.11,104.99,105.07,236358
2025-11-18 15:35:00-05:00,105.16,105.39,104.67,105.195,154273
2025-11-18 15:40:00-05:00,105.29,105.29,104.165,104.55,203871
2025-11-18 15:45:00-05:00,104.52,104.71,104.12,104.255,238161
2025-11-18 15:50:00-05:00,104.31,105.35,104.2451,104.9,312265
2025-11-18 15:55:00-05:00,104.86,105.29,104.595,104.94,599254
2025-11-19 09:30:00-05:00,105,107.05,103.6117,105.97,348953
2025-11-19 09:35:00-05:00,106,107.12,103.35,103.8366,161723
2025-11-19 09:40:00-05:00,103.815,105.16,103.7665,104.42,138147
2025-11-19 09:45:00-05:00,104.3501,106.3799,103.88,106.3575,220865
2025-11-19 09:50:00-05:00,106.43,110.8,106.06,110.545,514790
2025-11-19 09:55:00-05:00,110.545,113.92,110.0101,112.21,589808
2025-11-19 10:00:00-05:00,112.27,112.33,110.45,112.245,347291
2025-11-19 10:05:00-05:00,112.1645,112.46,110.8,112.32,292815
2025-11-19 10:10:00-05:00,112.34,113.8,111.08,113.68,245432
2025-11-19 10:15:00-05:00,113.8,114.86,112.7501,113.08,404026
2025-11-19 10:20:00-05:00,113.08,113.6,112.5001,113.36,267308
2025-11-19 10:25:00-05:00,113.35,115.38,112.8,114.25,297567
2025-11-19 10:30:00-05:00,114.46,114.9284,113.3761,114.19,218844
2025-11-19 10:35:00-05:00,114.19,114.9,113.0101,113.78,263761
2025-11-19 10:40:00-05:00,113.7799,114.33,112.1,113.7,256851
2025-11-19 10:45:00-05:00,113.81,113.9106,111.2,111.224,195357
2025-11-19 10:50:00-05:00,111.3499,112.58,111.07,112.545,165309
2025-11-19 10:55:00-05:00,112.44,112.555,111.25,111.31,158922
2025-11-19 11:00:00-05:00,111.2,111.8799,110.85,111,171339
2025-11-19 11:05:00-05:00,110.93,111.58,110.44,110.905,138290
2025-11-19 11:10:00-05:00,110.926,110.926,109.6,109.795,110637
2025-11-19 11:15:00-05:00,109.89,110.37,109.51,109.806,86504
2025-11-19 11:20:00-05:00,109.82,110.36,109.1101,109.2,124346
2025-11-19 11:25:00-05:00,109.26,109.9075,108.8601,109.8,142930
2025-11-19 11:30:00-05:00,109.61,109.8499,109.12,109.37,83871
2025-11-19 11:35:00-05:00,109.11,109.11,107.52,107.8,119294
2025-11-19 11:40:00-05:00,107.88,109.1999,107.71,108.5845,166684
2025-11-19 11:45:00-05:00,108.51,109.68,108.2,108.63,132974
2025-11-19 11:50:00-05:00,108.78,109.7,108.56,109.47,81740
2025-11-19 11:55:00-05:00,109.48,110.37,109.06,110.37,125073
2025-11-19 12:00:00-05:00,110.19,110.8,107.8201,108.4784,206529
2025-11-19 12:05:00-05:00,108.24,109.22,107.92,108.6,130282
2025-11-19 12:10:00-05:00,108.5,108.5,107.43,107.935,166442
2025-11-19 12:15:00-05:00,107.9,108.79,107.6101,108.35,154706
2025-11-19 12:20:00-05:00,108.35,108.799,107.93,108.46,89416
2025-11-19 12:25:00-05:00,108.46,108.9,107.9509,108.82,91453
2025-11-19 12:30:00-05:00,108.82,108.9,107.7,108.195,94536
2025-11-19 12:35:00-05:00,108.09,108.2771,107.63,108.135,98995
2025-11-19 12:40:00-05:00,108.07,110.1,108.06,109.5776,158785
2025-11-19 12:45:00-05:00,109.58,110,108.83,109.72,117908
2025-11-19 12:50:00-05:00,109.85,111.26,109.805,110.445,156265
2025-11-19 12:55:00-05:00,110.33,110.7137,109.9862,110.615,96100
2025-11-19 13:00:00-05:00,110.61,111.6,110.41,111.495,125643
2025-11-19 13:05:00-05:00,111.41,111.5026,110.0682,110.74,97212
2025-11-19 13:10:00-05:00,110.89,111.51,110.55,111.205,115276
2025-11-19 13:15:00-05:00,111.1835,111.4699,110.415,110.42,92159
2025-11-19 13:20:00-05:00,110.42,110.72,109.8,110.03,81395
2025-11-19 13:25:00-05:00,109.9843,110.44,108.8918,109.2,64927
2025-11-19 13:30:00-05:00,109.2,109.7861,109.1,109.54,104662
2025-11-19 13:35:00-05:00,109.65,110.48,109.38,110.1,129764
2025-11-19 13:40:00-05:00,110.005,110.09,108.9,108.9477,82021
2025-11-19 13:45:00-05:00,108.9,109.4496,108.16,108.48,124767
2025-11-19 13:50:00-05:00,108.63,110.04,108.63,109.915,90166
2025-11-19 13:55:00-05:00,109.94,111.13,109.85,110.32,109571
2025-11-19 14:00:00-05:00,110.51,110.57,109.94,110.305,83067
2025-11-19 14:05:00-05:00,110.3954,110.77,110.14,110.4101,89975
2025-11-19 14:10:00-05:00,110.545,110.88,110.2163,110.7,78019
2025-11-19 14:15:00-05:00,110.71,111.0996,110.31,111.01,67270
2025-11-19 14:20:00-05:00,111.015,111.3,110.67,110.97,100079
2025-11-19 14:25:00-05:00,110.78,110.9,110.45,110.73,98619
2025-11-19 14:30:00-05:00,110.6,111.26,110.4,110.55,76066
2025-11-19 14:35:00-05:00,110.65,111.2,110.02,110.13,66398
2025-11-19 14:40:00-05:00,110.13,110.18,109.34,110.12,120819
2025-11-19 14:45:00-05:00,110.13,110.72,110.115,110.5,52126
2025-11-19 14:50:00-05:00,110.49,111.04,110.19,110.65,77789
2025-11-19 14:55:00-05:00,110.7542,111.11,109.86,110.32,81663
2025-11-19 15:00:00-05:00,110.25,110.5899,109.6601,109.855,76325
2025-11-19 15:05:00-05:00,109.8201,109.96,109.0101,109.38,70462
2025-11-19 15:10:00-05:00,109.3769,109.99,109,109.97,100853
2025-11-19 15:15:00-05:00,110.08,111.17,109.9812,111.17,103870
2025-11-19 15:20:00-05:00,111.175,111.74,110,110.285,104865
2025-11-19 15:25:00-05:00,110.18,110.2695,109.73,110.1,68509
2025-11-19 15:30:00-05:00,110.08,110.13,109.5,109.76,73885
2025-11-19 15:35:00-05:00,109.86,110.6,109.81,109.89,127041
2025-11-19 15:40:00-05:00,109.95,110,108.62,109.31,230262
2025-11-19 15:45:00-05:00,109.27,109.27,108.36,108.4,151814
2025-11-19 15:50:00-05:00,108.4,109.67,108.25,109.575,230891
2025-11-19 15:55:00-05:00,109.585,110.67,108.9,108.9,546425
2025-11-20 09:30:00-05:00,113.1,118,112.7856,114.792,794344
2025-11-20 09:35:00-05:00,114.9599,115.72,113.1,113.8901,322670
2025-11-20 09:40:00-05:00,114.17,115.4399,112.85,113.01,518738
2025-11-20 09:45:00-05:00,113.01,114.49,112.25,112.97,321222
2025-11-20 09:50:00-05:00,112.96,114.77,112.5,114.49,285997
2025-11-20 09:55:00-05:00,114.33,116.56,114.0401,116.38,254374
2025-11-20 10:00:00-05:00,116.3,116.74,115.35,116.3752,301202
2025-11-20 10:05:00-05:00,116.42,116.43,113.44,113.74,284226
2025-11-20 10:10:00-05:00,113.89,114.4,113.25,113.94,218320
2025-11-20 10:15:00-05:00,113.94,115.59,113.38,115.49,285082
2025-11-20 10:20:00-05:00,115.499,116.3902,114.54,116.25,237603
2025-11-20 10:25:00-05:00,116.16,118.58,116.0001,117.55,489725
2025-11-20 10:30:00-05:00,117.51,118,116.6978,116.86,252324
2025-11-20 10:35:00-05:00,116.9699,117.35,116.19,116.88,225518
2025-11-20 10:40:00-05:00,116.88,117.15,115.27,115.3891,194539
2025-11-20 10:45:00-05:00,115.26,115.5299,113.11,113.21,306226
2025-11-20 10:50:00-05:00,113.21,113.24,111.85,111.8808,304014
2025-11-20 10:55:00-05:00,111.78,112,110.41,110.43,351200
2025-11-20 11:00:00-05:00,110.43,110.43,108.5,109.17,443922
2025-11-20 11:05:00-05:00,109.165,110.12,108.8,109.77,304242
2025-11-20 11:10:00-05:00,109.6101,110.1199,109.1901,109.3162,146635
2025-11-20 11:15:00-05:00,109.44,109.475,107.71,107.9425,247719
2025-11-20 11:20:00-05:00,108.03,108.8199,107,107.175,257156
2025-11-20 11:25:00-05:00,107.33,107.989,106.12,106.555,359023
2025-11-20 11:30:00-05:00,106.555,106.92,105.5,105.65,247771
2025-11-20 11:35:00-05:00,105.65,105.86,104.1501,105.1,226538
2025-11-20 11:40:00-05:00,105.2525,105.5,104.1,104.68,250425
2025-11-20 11:45:00-05:00,104.6476,105.8,103.8865,105.69,361714
2025-11-20 11:50:00-05:00,105.77,106.6334,103.8,104,260503
2025-11-20 11:55:00-05:00,103.9947,104.17,103.12,103.745,228011
2025-11-20 12:00:00-05:00,103.55,104.8078,103.38,103.7917,143452
2025-11-20 12:05:00-05:00,103.63,103.9173,102.55,103.05,139327
2025-11-20 12:10:00-05:00,102.93,103.43,101.6334,102.72,259965
2025-11-20 12:15:00-05:00,102.79,102.8064,101.71,102.36,203489
2025-11-20 12:20:00-05:00,102.2644,103.92,101.15,103.295,197211
2025-11-20 12:25:00-05:00,103.25,103.295,102.1001,102.91,231577
2025-11-20 12:30:00-05:00,102.91,103.44,102.05,102.44,107532
2025-11-20 12:35:00-05:00,102.61,103.43,101.26,103.31,169640
2025-11-20 12:40:00-05:00,103.17,103.7886,101.68,102.015,86202
2025-11-20 12:45:00-05:00,102.015,102.51,101.4,102.37,85892
2025-11-20 12:50:00-05:00,102.5,103.14,101.75,102.3,153745
2025-11-20 12:55:00-05:00,102.47,103.38,102.1887,102.83,83081
2025-11-20 13:00:00-05:00,102.72,104.31,102.495,103.56,97873
2025-11-20 13:05:00-05:00,103.56,104.4,103.2,104.285,111647
2025-11-20 13:10:00-05:00,104.22,104.42,103.6501,104.14,90794
2025-11-20 13:15:00-05:00,104.175,104.28,102.1,102.885,175176
2025-11-20 13:20:00-05:00,102.975,103.2,101.7,101.8,209580
2025-11-20 13:25:00-05:00,101.9,101.9299,100.64,101,179310
2025-11-20 13:30:00-05:00,100.8,101.0299,99.75,100.79,188963
2025-11-20 13:35:00-05:00,100.8,100.9799,99.6,99.735,151760
2025-11-20 13:40:00-05:00,99.745,99.999,99,99.5,201775
2025-11-20 13:45:00-05:00,99.5,99.6599,98.5,98.9,187809
2025-11-20 13:50:00-05:00,98.93,99.01,98,98.22,233301
2025-11-20 13:55:00-05:00,98.21,98.7,97.5,98.3853,231107
2025-11-20 14:00:00-05:00,98.44,98.9525,97,97.29,317566
2025-11-20 14:05:00-05:00,97.3565,97.98,97.03,97.98,258674
2025-11-20 14:10:00-05:00,97.86,98.25,97.26,97.78,263344
2025-11-20 14:15:00-05:00,97.65,97.89,97.1201,97.24,108217
2025-11-20 14:20:00-05:00,97.19,98.0799,97.19,97.56,115277
2025-11-20 14:25:00-05:00,97.56,98.8593,97.55,98.2125,182816
2025-11-20 14:30:00-05:00,98.23,98.35,96.6701,96.98,264392
2025-11-20 14:35:00-05:00,97.11,97.7,96.67,97.01,131107
2025-11-20 14:40:00-05:00,97.07,97.9199,96.76,97.51,170641
2025-11-20 14:45:00-05:00,97.69,97.99,96.88,97,117558
2025-11-20 14:50:00-05:00,97.02,97.8,97.02,97.555,117603
2025-11-20 14:55:00-05:00,97.61,98.18,97.3501,97.745,154780
2025-11-20 15:00:00-05:00,97.71,97.71,95.6,96.11,304325
2025-11-20 15:05:00-05:00,96.1,96.603,95.2501,95.38,254006
2025-11-20 15:10:00-05:00,95.435,95.88,95.18,95.88,171354
2025-11-20 15:15:00-05:00,95.73,96.47,95.42,95.97,184451
2025-11-20 15:20:00-05:00,96.08,96.26,94.66,94.84,238782
2025-11-20 15:25:00-05:00,94.7701,95.7,94.65,95.5642,336135
2025-11-20 15:30:00-05:00,95.45,95.55,94.34,94.4674,209882
2025-11-20 15:35:00-05:00,94.495,94.5,93.41,93.57,318545
2025-11-20 15:40:00-05:00,93.55,94,93.06,93.635,309548
2025-11-20 15:45:00-05:00,93.59,93.67,92.36,92.945,499999
2025-11-20 15:50:00-05:00,92.95,93.8365,92.95,93.4,364545
2025-11-20 15:55:00-05:00,93.53,94.41,93.17,93.45,591829
2025-11-21 09:30:00-05:00,94.02,94.5,90.5,91.32,1143988
2025-11-21 09:35:00-05:00,91.32,92.3,88.62,89.025,978674
2025-11-21 09:40:00-05:00,89.025,90.825,87.17,87.73,994780
2025-11-21 09:45:00-05:00,87.86,88.49,86.2,86.26,745432
2025-11-21 09:50:00-05:00,86.31,88.28,85.92,87.41,876055
2025-11-21 09:55:00-05:00,87.39,87.39,85.43,85.8103,753603
2025-11-21 10:00:00-05:00,85.9,86.5,84.35,85.23,750680
2025-11-21 10:05:00-05:00,85.33,86.4999,84.2016,84.26,527319
2025-11-21 10:10:00-05:00,84.26,84.4,82.6,83.16,621054
2025-11-21 10:15:00-05:00,83.3,83.4967,81.06,82.1975,975707
2025-11-21 10:20:00-05:00,82.23,82.55,80.26,82.3675,1037060
2025-11-21 10:25:00-05:00,82.335,83.17,78.28,78.75,956606
2025-11-21 10:30:00-05:00,78.74,79.56,77.15,77.72,1105214
2025-11-21 10:35:00-05:00,77.72,78.14,76.54,77.35,970553
2025-11-21 10:40:00-05:00,77.4,78.85,76.17,78.38,915117
2025-11-21 10:45:00-05:00,78.38,79.8,76,79.45,905977
2025-11-21 10:50:00-05:00,79.57,79.57,76.58,78.71,652380
2025-11-21 10:55:00-05:00,78.71,80.3,77.67,80.125,652380
2025-11-21 11:00:00-05:00,80.125,81,78.78,79.2,537914
2025-11-21 11:05:00-05:00,79.17,80.65,78.02,80.57,443433
2025-11-21 11:10:00-05:00,80.5001,81.79,80.25,80.619,543363
2025-11-21 11:15:00-05:00,80.5201,81.86,80.2188,80.885,446329
2025-11-21 11:20:00-05:00,80.89,81.6,80.34,81.35,435115
2025-11-21 11:25:00-05:00,81.2901,82.88,80.88,82.7441,456959
2025-11-21 11:30:00-05:00,82.73,84.67,82.73,84.62,969697
2025-11-21 11:35:00-05:00,84.2701,86.5,84.2701,85.695,715552
2025-11-21 11:40:00-05:00,85.73,87.41,85.73,86.6801,940339
2025-11-21 11:45:00-05:00,86.59,87,85.56,85.75,524139
2025-11-21 11:50:00-05:00,85.7226,86.49,85,86.47,511460
2025-11-21 11:55:00-05:00,86.48,88.5,86.05,88.31,492750
2025-11-21 12:00:00-05:00,88.31,88.88,87.251,88.535,587756
2025-11-21 12:05:00-05:00,88.535,89.1799,87.81,89.06,368617
2025-11-21 12:10:00-05:00,89.04,89.55,88.74,89.45,355168
2025-11-21 12:15:00-05:00,89.35,89.55,87.7101,88.072,395227
2025-11-21 12:20:00-05:00,87.78,89.63,87.23,89.4086,308320
2025-11-21 12:25:00-05:00,89.34,90.43,88.5001,89.4,471993
2025-11-21 12:30:00-05:00,89.54,89.655,88.9101,89.385,223769
2025-11-21 12:35:00-05:00,89.29,89.6638,88.5,89.2298,260845
2025-11-21 12:40:00-05:00,89.125,89.38,87.8,87.92,300738
2025-11-21 12:45:00-05:00,87.92,88.3999,87.16,88.04,216073
2025-11-21 12:50:00-05:00,88.1,88.25,87.35,88.14,165698
2025-11-21 12:55:00-05:00,88.265,88.67,87.37,87.63,144223
2025-11-21 13:00:00-05:00,87.71,88.1992,86.72,86.72,224712
2025-11-21 13:05:00-05:00,86.835,87.04,85.62,86.3,353545
2025-11-21 13:10:00-05:00,86.345,86.51,85.18,85.333,221762
2025-11-21 13:15:00-05:00,85.3421,85.81,84.9,85.72,187779
2025-11-21 13:20:00-05:00,85.69,86.1413,84.75,85.025,265773
2025-11-21 13:25:00-05:00,85.025,85.49,84.58,85.48,300210
2025-11-21 13:30:00-05:00,85.35,87.0735,85.35,86.3887,296268
2025-11-21 13:35:00-05:00,86.325,87.2399,86.27,87.07,173570
2025-11-21 13:40:00-05:00,86.99,87.42,86.31,86.69,167214
2025-11-21 13:45:00-05:00,86.7,88.77,86.49,88.515,262582
2025-11-21 13:50:00-05:00,88.4988,89.43,87.91,88.1,358217
2025-11-21 13:55:00-05:00,88.06,88.65,87.71,88.59,205641
2025-11-21 14:00:00-05:00,88.66,89.5,88.56,89.33,138069
2025-11-21 14:05:00-05:00,89.39,89.583,88.7,89.21,149413
2025-11-21 14:10:00-05:00,89.21,89.61,88.76,89.13,196260
2025-11-21 14:15:00-05:00,89.125,89.45,88.71,89.0995,148564
2025-11-21 14:20:00-05:00,89.02,89.51,88.9501,89.165,147141
2025-11-21 14:25:00-05:00,89.165,89.85,89.03,89.7501,155478
2025-11-21 14:30:00-05:00,89.805,89.98,88.6019,88.81,208053
2025-11-21 14:35:00-05:00,88.81,89.77,88.81,89.38,760752
2025-11-21 14:40:00-05:00,89.38,89.6999,88.4501,89.0027,217087
2025-11-21 14:45:00-05:00,89.025,89.72,88.7801,89.31,145653
2025-11-21 14:50:00-05:00,89.3,89.9,88.561,89.45,277166
2025-11-21 14:55:00-05:00,89.52,89.94,89.29,89.59,166223
2025-11-21 15:00:00-05:00,89.6978,90.35,89.39,89.8123,246381
2025-11-21 15:05:00-05:00,89.8498,90.22,89.3244,89.5628,170466
2025-11-21 15:10:00-05:00,89.61,90.38,89,90.345,179467
2025-11-21 15:15:00-05:00,90.37,90.53,89.76,90.23,223876
2025-11-21 15:20:00-05:00,90.17,90.5871,89.86,90.36,242378
2025-11-21 15:25:00-05:00,90.36,90.48,89.68,90.039,248970
2025-11-21 15:30:00-05:00,90.02,90.15,89.5,89.7,249697
2025-11-21 15:35:00-05:00,89.7,90.73,89.66,90.485,303075
2025-11-21 15:40:00-05:00,90.48,90.53,89.88,90.24,257844
2025-11-21 15:45:00-05:00,90.1901,90.92,90.1901,90.28,429627
2025-11-21 15:50:00-05:00,90.25,90.27,89.55,89.905,421896
2025-11-21 15:55:00-05:00,89.905,90.17,89.59,89.995,692367
2025-11-24 09:30:00-05:00,90.13,94.1,89.1901,94.1,670049
2025-11-24 09:35:00-05:00,94.1372,95.38,93.1101,93.68,568088
2025-11-24 09:40:00-05:00,93.75,95.4799,92.58,92.71,517456
2025-11-24 09:45:00-05:00,92.68,94.26,92.06,92.5675,465189
2025-11-24 09:50:00-05:00,92.48,93.15,91.65,92.04,326203
2025-11-24 09:55:00-05:00,91.95,94.73,91.2,94.2,284361
2025-11-24 10:00:00-05:00,94.3,95.38,94.15,95.1095,460844
2025-11-24 10:05:00-05:00,95.14,95.99,93.69,94.24,297264
2025-11-24 10:10:00-05:00,94.34,94.98,93.13,93.25,210430
2025-11-24 10:15:00-05:00,93.315,93.9,92.6012,93.47,169013
2025-11-24 10:20:00-05:00,93.515,95.01,93.1701,94.09,204517
2025-11-24 10:25:00-05:00,94.09,95.1299,93.16,94.76,202178
2025-11-24 10:30:00-05:00,94.7,95.1,93.6201,93.82,177129
2025-11-24 10:35:00-05:00,93.82,93.9799,93.02,93.34,163588
2025-11-24 10:40:00-05:00,93.34,93.7356,92.9,93.7356,142180
2025-11-24 10:45:00-05:00,93.6896,94.51,93.5,93.63,117213
2025-11-24 10:50:00-05:00,93.53,94.3099,93.3901,93.57,163367
2025-11-24 10:55:00-05:00,93.51,93.67,92.64,93.41,178036
2025-11-24 11:00:00-05:00,93.3401,93.56,92.8202,93.21,124910
2025-11-24 11:05:00-05:00,93.24,93.9499,93.01,93.675,123392
2025-11-24 11:10:00-05:00,93.71,94.0985,93.17,93.88,161906
2025-11-24 11:15:00-05:00,93.905,94.9,93.5,94.7302,181453
2025-11-24 11:20:00-05:00,94.7,94.9,93.935,94.83,219647
2025-11-24 11:25:00-05:00,94.78,94.87,94.1,94.34,161419
2025-11-24 11:30:00-05:00,94.21,94.6,93.61,94.12,140549
2025-11-24 11:35:00-05:00,94.1958,94.314,93.7,94.195,237015
2025-11-24 11:40:00-05:00,94.1768,94.81,94.0601,94.5139,111444
2025-11-24 11:45:00-05:00,94.4625,95,94.3501,94.74,128779
2025-11-24 11:50:00-05:00,94.6,95.49,94.24,95.39,117451
2025-11-24 11:55:00-05:00,95.31,95.402,94.66,94.79,153200
2025-11-24 12:00:00-05:00,94.83,95.08,94.35,94.89,116661
2025-11-24 12:05:00-05:00,94.89,95.18,94.6101,94.9496,100711
2025-11-24 12:10:00-05:00,94.97,95.06,94.2,94.6601,158713
2025-11-24 12:15:00-05:00,94.67,95.31,94.52,95.025,80259
2025-11-24 12:20:00-05:00,95.025,96.18,94.86,95.939,226612
2025-11-24 12:25:00-05:00,95.98,96.0699,95.12,95.435,139555
2025-11-24 12:30:00-05:00,95.4375,95.51,95.0901,95.2946,225616
2025-11-24 12:35:00-05:00,95.25,95.61,94.96,95.555,117215
2025-11-24 12:40:00-05:00,95.51,96.45,95.5,95.8101,193354
2025-11-24 12:45:00-05:00,95.97,96.33,95.76,96.04,371179
2025-11-24 12:50:00-05:00,96.03,96.32,95.85,96.105,130956
2025-11-24 12:55:00-05:00,96.04,96.04,95.25,95.585,128214
2025-11-24 13:00:00-05:00,95.6399,95.86,94.7923,94.8955,114630
2025-11-24 13:05:00-05:00,94.935,95.21,94.75,94.87,126710
2025-11-24 13:10:00-05:00,94.9,95.5,94.82,95.145,128525
2025-11-24 13:15:00-05:00,95.145,95.2344,94.82,95.045,78522
2025-11-24 13:20:00-05:00,95.07,95.07,94.42,94.8377,129292
2025-11-24 13:25:00-05:00,94.88,94.93,94.4601,94.87,138141
2025-11-24 13:30:00-05:00,94.835,95.24,94.61,94.93,99816
2025-11-24 13:35:00-05:00,94.8101,95.74,94.7801,95.57,116206
2025-11-24 13:40:00-05:00,95.5453,95.78,95.41,95.66,89498
2025-11-24 13:45:00-05:00,95.7,96.4299,95.58,96.34,125908
2025-11-24 13:50:00-05:00,96.38,96.43,95.4601,95.991,311195
2025-11-24 13:55:00-05:00,96.0296,96.0799,95.365,95.815,86956
2025-11-24 14:00:00-05:00,95.81,96.32,95.7101,95.96,190513
2025-11-24 14:05:00-05:00,95.92,96.81,95.91,96.53,160307
2025-11-24 14:10:00-05:00,96.51,96.51,95.7201,96.045,156671
2025-11-24 14:15:00-05:00,96.07,96.39,96,96.1271,104267
2025-11-24 14:20:00-05:00,96.09,96.33,95.35,95.5474,93457
2025-11-24 14:25:00-05:00,95.5,95.73,95.1201,95.26,92121
2025-11-24 14:30:00-05:00,95.3,95.37,94.87,94.925,121085
2025-11-24 14:35:00-05:00,94.9145,95.21,94.335,95,200316
2025-11-24 14:40:00-05:00,95.01,95.01,94.81,94.925,128503
2025-11-24 14:45:00-05:00,94.96,95.07,94.77,94.895,120750
2025-11-24 14:50:00-05:00,94.89,95.04,94.5,94.7369,99384
2025-11-24 14:55:00-05:00,94.715,94.88,94.4201,94.51,91310
2025-11-24 15:00:00-05:00,94.56,94.93,94.405,94.86,129172
2025-11-24 15:05:00-05:00,94.87,95.0659,94.6101,94.92,96111
2025-11-24 15:10:00-05:00,94.88,94.9686,94.61,94.81,84156
2025-11-24 15:15:00-05:00,94.87,95.06,94.54,94.55,105004
2025-11-24 15:20:00-05:00,94.5,94.6199,94.16,94.39,120239
2025-11-24 15:25:00-05:00,94.4075,94.98,94.3,94.8901,129027
2025-11-24 15:30:00-05:00,94.89,95,94.07,94.16,189096
2025-11-24 15:35:00-05:00,94.16,94.82,94.0134,94.71,167800
2025-11-24 15:40:00-05:00,94.71,95.29,94.64,95.15,176052
2025-11-24 15:45:00-05:00,95.21,95.73,94.96,95.26,205636
2025-11-24 15:50:00-05:00,95.26,97.3,95.26,96.81,505353
2025-11-24 15:55:00-05:00,96.82,96.82,95.295,95.43,1062573
2025-11-25 09:30:00-05:00,92.69,94,90.85,91.5,508243
2025-11-25 09:35:00-05:00,91.34,91.87,89.47,89.5,332780
2025-11-25 09:40:00-05:00,89.535,89.535,86.19,86.5083,548278
2025-11-25 09:45:00-05:00,86.51,86.6999,85.2,85.425,579469
2025-11-25 09:50:00-05:00,85.41,89.48,85.2,89.48,455244
2025-11-25 09:55:00-05:00,89.48,90.7699,88.81,90.3763,343342
2025-11-25 10:00:00-05:00,90.23,90.51,88.14,88.61,319622
2025-11-25 10:05:00-05:00,88.49,89.15,87.88,89.0718,231045
2025-11-25 10:10:00-05:00,89.02,89.1344,88.06,88.63,154212
2025-11-25 10:15:00-05:00,88.62,88.979,88.11,88.54,144959
2025-11-25 10:20:00-05:00,88.53,89.13,87.43,88.19,199291
2025-11-25 10:25:00-05:00,88.25,89.6199,88.17,89.38,166446
2025-11-25 10:30:00-05:00,89.41,89.9,89.01,89.28,374422
2025-11-25 10:35:00-05:00,89.22,90.3431,88.68,90.045,235308
2025-11-25 10:40:00-05:00,90.13,90.49,89.75,89.94,141373
2025-11-25 10:45:00-05:00,89.94,90.7099,89.89,90.1025,195736
2025-11-25 10:50:00-05:00,90.05,90.0717,89.415,89.66,92598
2025-11-25 10:55:00-05:00,89.64,90.99,89.29,90.79,155038
2025-11-25 11:00:00-05:00,90.75,90.75,90.0201,90.26,100368
2025-11-25 11:05:00-05:00,90.2671,90.31,89,89,103545
2025-11-25 11:10:00-05:00,89.06,89.84,88.69,89.2,121236
2025-11-25 11:15:00-05:00,89.2,90.2,89.0001,90.195,131870
2025-11-25 11:20:00-05:00,90.2,90.65,90.1,90.4999,106358
2025-11-25 11:25:00-05:00,90.425,90.84,90.11,90.71,85013
2025-11-25 11:30:00-05:00,90.77,91.22,90.66,90.91,88474
2025-11-25 11:35:00-05:00,90.91,91,89.91,90.15,165663
2025-11-25 11:40:00-05:00,90.15,90.99,90.1205,90.9292,96327
2025-11-25 11:45:00-05:00,90.88,91.24,90.63,90.8101,79868
2025-11-25 11:50:00-05:00,90.91,91.49,90.91,91.31,75317
2025-11-25 11:55:00-05:00,91.32,92.15,91.2974,92.14,85715
2025-11-25 12:00:00-05:00,92.15,92.63,91.9101,92.33,83347
2025-11-25 12:05:00-05:00,92.36,92.84,92.2,92.725,113286
2025-11-25 12:10:00-05:00,92.715,92.78,92.35,92.5043,60978
2025-11-25 12:15:00-05:00,92.5,92.5,91.79,92.35,119334
2025-11-25 12:20:00-05:00,92.4899,93.1483,92.35,93.0467,79481
2025-11-25 12:25:00-05:00,93.065,93.26,92.51,92.53,123510
2025-11-25 12:30:00-05:00,92.5428,93.349,92.52,93.26,81333
2025-11-25 12:35:00-05:00,93.23,93.5,92.98,93.225,73644
2025-11-25 12:40:00-05:00,93.23,93.26,92.59,92.99,65919
2025-11-25 12:45:00-05:00,93.05,93.32,92.2306,92.52,69375
2025-11-25 12:50:00-05:00,92.47,92.7,92.36,92.4754,40473
2025-11-25 12:55:00-05:00,92.54,92.54,91.5,91.62,129610
2025-11-25 13:00:00-05:00,91.625,92.297,91.55,92.08,65268
2025-11-25 13:05:00-05:00,92.1384,92.8,91.6601,92.754,80982
2025-11-25 13:10:00-05:00,92.82,93.1,92.2201,92.445,77155
2025-11-25 13:15:00-05:00,92.4325,92.6,91.99,92.09,59770
2025-11-25 13:20:00-05:00,92.0468,92.5,91.91,92.42,61759
2025-11-25 13:25:00-05:00,92.42,92.93,92.345,92.74,71014
2025-11-25 13:30:00-05:00,92.7,92.8,92.3227,92.605,64180
2025-11-25 13:35:00-05:00,92.535,92.59,92.1721,92.395,39271
2025-11-25 13:40:00-05:00,92.33,92.9,92.12,92.765,59691
2025-11-25 13:45:00-05:00,92.755,93.1,92.701,93.055,58362
2025-11-25 13:50:00-05:00,93.055,93.055,92.6301,92.92,46307
2025-11-25 13:55:00-05:00,92.92,93.005,92.6,92.6715,79963
2025-11-25 14:00:00-05:00,92.655,93.0512,92.51,92.77,44836
2025-11-25 14:05:00-05:00,92.7,93,92.42,92.585,61668
2025-11-25 14:10:00-05:00,92.61,93.385,92.61,93.2157,63376
2025-11-25 14:15:00-05:00,93.21,93.25,92.59,92.91,68459
2025-11-25 14:20:00-05:00,92.91,92.92,92.52,92.766,62413
2025-11-25 14:25:00-05:00,92.76,92.91,92.27,92.53,77267
2025-11-25 14:30:00-05:00,92.54,92.72,92.25,92.405,57708
2025-11-25 14:35:00-05:00,92.405,92.49,92.22,92.22,32341
2025-11-25 14:40:00-05:00,92.26,92.4463,91.55,92.36,82869
2025-11-25 14:45:00-05:00,92.27,92.63,92.18,92.295,55126
2025-11-25 14:50:00-05:00,92.295,93,92.28,92.95,79141
2025-11-25 14:55:00-05:00,92.95,93.9,92.9476,93.765,125308
2025-11-25 15:00:00-05:00,93.77,94.4518,93.66,93.8,165358
2025-11-25 15:05:00-05:00,93.805,94.5,93.51,94.17,80192
2025-11-25 15:10:00-05:00,94.21,94.21,93.58,94.05,76185
2025-11-25 15:15:00-05:00,94.05,94.42,93.81,93.8953,101690
2025-11-25 15:20:00-05:00,93.98,94.5899,93.85,94.49,73056
2025-11-25 15:25:00-05:00,94.5145,94.74,94.385,94.6277,125048
2025-11-25 15:30:00-05:00,94.61,94.77,94.22,94.68,102361
2025-11-25 15:35:00-05:00,94.7426,94.91,94.4801,94.64,104703
2025-11-25 15:40:00-05:00,94.66,94.7558,94.29,94.4,110116
2025-11-25 15:45:00-05:00,94.395,94.85,94.38,94.49,133681
2025-11-25 15:50:00-05:00,94.55,94.55,93.73,93.805,216024
2025-11-25 15:55:00-05:00,93.805,94.46,93.71,94.34,496395
2025-11-26 09:30:00-05:00,99.86,100.78,97.69,98.6935,889554
2025-11-26 09:35:00-05:00,98.75,98.92,94.76,95.545,732335
2025-11-26 09:40:00-05:00,95.39,97.99,94.02,97.5412,416715
2025-11-26 09:45:00-05:00,97.425,98,94.51,95.455,268084
2025-11-26 09:50:00-05:00,95.31,95.56,93.1,93.22,243444
2025-11-26 09:55:00-05:00,93.215,93.85,92,92.72,277516
2025-11-26 10:00:00-05:00,92.72,93.8599,92,93.635,347356
2025-11-26 10:05:00-05:00,93.7213,93.7213,92.61,93.59,187488
2025-11-26 10:10:00-05:00,93.6426,94.08,92.85,93.115,151967
2025-11-26 10:15:00-05:00,93.13,93.5,92.1,92.58,146746
2025-11-26 10:20:00-05:00,92.58,93.4,92.2,92.25,117584
2025-11-26 10:25:00-05:00,92.21,94.08,92.2,93.93,148396
2025-11-26 10:30:00-05:00,93.93,94.31,93.81,94.06,121906
2025-11-26 10:35:00-05:00,94.11,94.82,94,94.6625,154474
2025-11-26 10:40:00-05:00,94.75,95.24,93.81,94.08,132977
2025-11-26 10:45:00-05:00,93.99,94.12,93.2123,93.485,114355
2025-11-26 10:50:00-05:00,93.46,94.1671,93.1101,94.11,75933
2025-11-26 10:55:00-05:00,94.22,94.4995,93.88,94.31,64470
2025-11-26 11:00:00-05:00,94.37,94.87,94.3201,94.745,82671
2025-11-26 11:05:00-05:00,94.7575,94.86,94.0017,94.1605,51808
2025-11-26 11:10:00-05:00,94.29,94.525,94.07,94.435,47408
2025-11-26 11:15:00-05:00,94.365,94.98,94.365,94.7501,57381
2025-11-26 11:20:00-05:00,94.9,95.59,94.62,95.08,125498
2025-11-26 11:25:00-05:00,95.08,95.31,94.6,95.17,78953
2025-11-26 11:30:00-05:00,95.17,95.7,94.8,95.68,75232
2025-11-26 11:35:00-05:00,95.68,96.37,95.1906,95.449,359307
2025-11-26 11:40:00-05:00,95.437,95.89,95.437,95.8,71925
2025-11-26 11:45:00-05:00,95.9,96.0899,94.6083,94.75,105679
2025-11-26 11:50:00-05:00,94.6762,95.4361,94.63,95.06,35277
2025-11-26 11:55:00-05:00,95.0745,95.26,94.61,95.19,31875
2025-11-26 12:00:00-05:00,95.27,96.09,95.2325,95.7804,77126
2025-11-26 12:05:00-05:00,95.72,96.2255,95.3401,95.66,97428
2025-11-26 12:10:00-05:00,95.66,96.06,95.49,95.82,65575
2025-11-26 12:15:00-05:00,95.76,95.82,95.02,95.105,60926
2025-11-26 12:20:00-05:00,95.2,96.08,95.15,96.0685,73756
2025-11-26 12:25:00-05:00,96,96.3888,95.9,95.99,52712
2025-11-26 12:30:00-05:00,96.0342,96.5348,96.0342,96.53,66336
2025-11-26 12:35:00-05:00,96.49,96.65,96.33,96.57,74402
2025-11-26 12:40:00-05:00,96.63,97,96.5854,96.93,93993
2025-11-26 12:45:00-05:00,96.92,96.98,96.05,96.05,89201
2025-11-26 12:50:00-05:00,96.0712,96.58,95.94,96.4693,56907
2025-11-26 12:55:00-05:00,96.4217,96.69,96.17,96.24,72313
2025-11-26 13:00:00-05:00,96.42,97.24,96.2501,96.89,79197
2025-11-26 13:05:00-05:00,96.865,97.3,96.02,96.7576,151939
2025-11-26 13:10:00-05:00,96.78,97.6,96.78,97.355,80787
2025-11-26 13:15:00-05:00,97.3735,98.1,97.35,97.435,116372
2025-11-26 13:20:00-05:00,97.53,97.83,97.2,97.71,62686
2025-11-26 13:25:00-05:00,97.7268,98,97.54,97.8124,74589
2025-11-26 13:30:00-05:00,97.84,97.91,97.4401,97.83,70190
2025-11-26 13:35:00-05:00,97.775,97.84,97.46,97.73,53966
2025-11-26 13:40:00-05:00,97.655,98.13,97.47,97.965,144454
2025-11-26 13:45:00-05:00,98.06,98.32,97.76,98.2784,69913
2025-11-26 13:50:00-05:00,98.258,98.44,98.06,98.33,91558
2025-11-26 13:55:00-05:00,98.22,99.15,97.96,99,212516
2025-11-26 14:00:00-05:00,99,99.68,98.62,98.83,144760
2025-11-26 14:05:00-05:00,98.81,99.7,98.79,99.4803,140668
2025-11-26 14:10:00-05:00,99.5,100.11,99.3601,100.11,226425
2025-11-26 14:15:00-05:00,100.12,100.57,100.09,100.545,202174
2025-11-26 14:20:00-05:00,100.57,101.75,100.255,101.4,286193
2025-11-26 14:25:00-05:00,101.44,102.13,100.6,101.4,341292
2025-11-26 14:30:00-05:00,101.34,101.87,100.65,100.7857,208749
2025-11-26 14:35:00-05:00,100.98,101.52,100.6,101.52,167906
2025-11-26 14:40:00-05:00,101.52,102.65,101.15,101.15,250650
2025-11-26 14:45:00-05:00,101.23,101.6999,100.77,101.04,124891
2025-11-26 14:50:00-05:00,100.985,101.58,100.51,101.2204,102786
2025-11-26 14:55:00-05:00,101.205,101.71,101.03,101.29,82519
2025-11-26 15:00:00-05:00,101.37,101.73,101.23,101.67,102130
2025-11-26 15:05:00-05:00,101.54,101.76,101.35,101.6302,55325
2025-11-26 15:10:00-05:00,101.63,102.3,101.5159,101.755,179327
2025-11-26 15:15:00-05:00,101.775,101.775,100.8191,101.28,143483
2025-11-26 15:20:00-05:00,101.295,101.91,100.84,101.61,118783
2025-11-26 15:25:00-05:00,101.555,101.92,101.416,101.6664,129805
2025-11-26 15:30:00-05:00,101.63,101.6899,100.99,101.1,97198
2025-11-26 15:35:00-05:00,101.04,101.68,100.9501,101.54,128388
2025-11-26 15:40:00-05:00,101.54,101.57,100.9501,101.3335,155732
2025-11-26 15:45:00-05:00,101.3519,101.46,100.93,100.98,135365
2025-11-26 15:50:00-05:00,101.04,101.47,100.82,101.315,235326
2025-11-26 15:55:00-05:00,101.31,101.55,100.65,101.24,720527
2025-11-28 09:30:00-05:00,104.2,105.37,102.5,104.83,461625
2025-11-28 09:35:00-05:00,104.73,105.46,103.77,104.22,362420
2025-11-28 09:40:00-05:00,104.2529,104.35,103,103.774,183535
2025-11-28 09:45:00-05:00,103.5,104.4,102.747,104.2499,156879
2025-11-28 09:50:00-05:00,104.2,104.24,103.31,103.765,120965
2025-11-28 09:55:00-05:00,103.71,104.685,103.35,104.19,161595
2025-11-28 10:00:00-05:00,104.2,104.95,103.2,103.73,162924
2025-11-28 10:05:00-05:00,103.596,104.199,103.23,104.055,81831
2025-11-28 10:10:00-05:00,104.1,104.9,103.95,104.8855,129901
2025-11-28 10:15:00-05:00,104.94,105.03,104.38,104.755,107500
2025-11-28 10:20:00-05:00,104.82,104.8735,103.8,104.2,97264
2025-11-28 10:25:00-05:00,104.32,104.84,104.275,104.3799,92380
2025-11-28 10:30:00-05:00,104.37,104.59,103.745,104.4465,78171
2025-11-28 10:35:00-05:00,104.4165,106,104.4165,105.58,232237
2025-11-28 10:40:00-05:00,105.67,107.085,105.57,106.4331,251238
2025-11-28 10:45:00-05:00,106.46,106.495,105.09,105.98,120520
2025-11-28 10:50:00-05:00,106.06,106.8,105.8987,106.64,157210
2025-11-28 10:55:00-05:00,106.6,106.6,105.945,106.2088,140133
2025-11-28 11:00:00-05:00,106.17,106.85,106.0904,106.358,205774
2025-11-28 11:05:00-05:00,106.38,106.798,106.17,106.35,70512
2025-11-28 11:10:00-05:00,106.35,106.81,106.3,106.54,78424
2025-11-28 11:15:00-05:00,106.48,106.77,106.15,106.685,74072
2025-11-28 11:20:00-05:00,106.74,107.35,106.56,107.16,237634
2025-11-28 11:25:00-05:00,107.16,107.8,106.96,107.69,194468
2025-11-28 11:30:00-05:00,107.695,108.44,107.3,108.1553,206287
2025-11-28 11:35:00-05:00,108.135,108.92,108.04,108.77,200042
2025-11-28 11:40:00-05:00,108.78,108.87,107.8,108.06,235418
2025-11-28 11:45:00-05:00,108.0001,108.1,107.2532,107.37,95804
2025-11-28 11:50:00-05:00,107.29,108.22,107.29,108.11,119200
2025-11-28 11:55:00-05:00,108.07,108.19,107.77,107.91,106130
2025-11-28 12:00:00-05:00,107.91,107.91,107.4,107.63,84027
2025-11-28 12:05:00-05:00,107.64,108.22,107.21,108.135,97511
2025-11-28 12:10:00-05:00,108.18,108.47,107.7288,108.12,130397
2025-11-28 12:15:00-05:00,108.15,108.82,108.15,108.615,129384
2025-11-28 12:20:00-05:00,108.57,108.84,108.06,108.275,131829
2025-11-28 12:25:00-05:00,108.32,108.75,108.1,108.1745,97526
2025-11-28 12:30:00-05:00,108.15,108.15,107.16,107.66,165839
2025-11-28 12:35:00-05:00,107.62,107.99,106.495,106.625,183255
2025-11-28 12:40:00-05:00,106.74,107.48,106.73,107.14,123277
2025-11-28 12:45:00-05:00,107.04,107.74,107,107.555,158021
2025-11-28 12:50:00-05:00,107.58,108.42,107.41,107.6655,238603
2025-11-28 12:55:00-05:00,107.66,109.25,107.65,109.16,465557
2025-11-28 13:00:00-05:00,109.24,109.24,109.24,109.24,411089
2025-12-01 09:30:00-05:00,107.08,108,105.15,107.25,547537
2025-12-01 09:35:00-05:00,107.44,110.84,107.0501,108.155,625668
2025-12-01 09:40:00-05:00,107.99,108.78,105.33,106.0738,290159
2025-12-01 09:45:00-05:00,106.265,107.29,105.9,107.055,193804
2025-12-01 09:50:00-05:00,107.03,107.86,106.44,106.91,287433
2025-12-01 09:55:00-05:00,106.8287,108.44,106.77,107.95,220237
2025-12-01 10:00:00-05:00,107.93,108.06,106.61,106.775,196028
2025-12-01 10:05:00-05:00,106.72,107.13,105.83,105.985,189532
2025-12-01 10:10:00-05:00,105.93,106,104.33,104.51,378886
2025-12-01 10:15:00-05:00,104.435,104.6,103.78,104.175,236045
2025-12-01 10:20:00-05:00,104.11,104.39,103.81,104.27,182807
2025-12-01 10:25:00-05:00,104.35,104.73,103.54,104.15,177885
2025-12-01 10:30:00-05:00,104.335,104.6499,103.85,104.045,113502
2025-12-01 10:35:00-05:00,104.045,104.93,103.71,104.69,127392
2025-12-01 10:40:00-05:00,104.69,104.99,103.7,104.15,136687
2025-12-01 10:45:00-05:00,104.14,104.27,103.25,103.61,125034
2025-12-01 10:50:00-05:00,103.61,104.29,103.53,104.205,199145
2025-12-01 10:55:00-05:00,104.205,104.29,103.8845,104.09,85957
2025-12-01 11:00:00-05:00,104.01,104.0481,102.1,102.345,185356
2025-12-01 11:05:00-05:00,102.2001,102.61,101.26,101.785,231810
2025-12-01 11:10:00-05:00,101.7765,102.0237,100.37,100.48,236262
2025-12-01 11:15:00-05:00,100.42,101.12,100.35,100.83,137531
2025-12-01 11:20:00-05:00,100.86,101.61,100.76,101.47,166822
2025-12-01 11:25:00-05:00,101.56,102.2,101.5285,101.7,206715
2025-12-01 11:30:00-05:00,101.75,101.92,101,101.25,101271
2025-12-01 11:35:00-05:00,101.285,101.3399,100.6022,100.8063,108254
2025-12-01 11:40:00-05:00,100.9,101.5499,100.57,101.18,103981
2025-12-01 11:45:00-05:00,101.14,101.7795,101.0462,101.125,103019
2025-12-01 11:50:00-05:00,101.125,101.26,100.5,100.63,138521
2025-12-01 11:55:00-05:00,100.58,101.2,100.53,101.07,59605
2025-12-01 12:00:00-05:00,101.0701,102.76,101.0701,102.6211,146152
2025-12-01 12:05:00-05:00,102.689,103.51,102.52,102.765,149228
2025-12-01 12:10:00-05:00,102.93,103.35,101.9,101.9782,146264
2025-12-01 12:15:00-05:00,101.98,102.15,101.2157,101.7,74224
2025-12-01 12:20:00-05:00,101.7125,102.12,100.8,101.0047,95515
2025-12-01 12:25:00-05:00,101.0699,101.14,100.55,100.66,121605
2025-12-01 12:30:00-05:00,100.595,101.31,100.4,101.165,142952
2025-12-01 12:35:00-05:00,101.27,101.36,100.91,101.12,66719
2025-12-01 12:40:00-05:00,101.0701,101.5932,101.0701,101.406,75690
2025-12-01 12:45:00-05:00,101.47,102.35,101.405,102.115,82073
2025-12-01 12:50:00-05:00,102.11,102.2,101.5,101.62,51416
2025-12-01 12:55:00-05:00,101.705,102.1366,101.45,101.71,51160
2025-12-01 13:00:00-05:00,101.6135,102.12,101.6135,101.94,61495
2025-12-01 13:05:00-05:00,101.88,102.29,101.88,102.1569,52559
2025-12-01 13:10:00-05:00,102.1569,102.45,102.0001,102.325,55564
2025-12-01 13:15:00-05:00,102.2605,102.75,102.14,102.315,112719
2025-12-01 13:20:00-05:00,102.26,102.35,102,102.2715,51959
2025-12-01 13:25:00-05:00,102.33,102.89,102.32,102.6246,83154
2025-12-01 13:30:00-05:00,102.71,103.22,102.674,103.07,135241
2025-12-01 13:35:00-05:00,103,103.15,102.81,102.965,132655
2025-12-01 13:40:00-05:00,102.965,102.98,102.75,102.9,38589
2025-12-01 13:45:00-05:00,102.9,103.03,102.75,102.825,69906
2025-12-01 13:50:00-05:00,102.89,103.15,102.78,102.8325,58465
2025-12-01 13:55:00-05:00,102.835,103.0031,102.68,102.795,64289
2025-12-01 14:00:00-05:00,102.8001,102.8196,101.77,101.895,105485
2025-12-01 14:05:00-05:00,101.95,101.95,101.45,101.73,82443
2025-12-01 14:10:00-05:00,101.7201,101.75,101.4,101.63,49157
2025-12-01 14:15:00-05:00,101.56,101.76,100.81,101.155,121704
2025-12-01 14:20:00-05:00,101.1502,101.66,101,101.25,55237
2025-12-01 14:25:00-05:00,101.25,101.31,100.9048,101.08,57253
2025-12-01 14:30:00-05:00,101.02,101.3475,100.6001,101.3475,82404
2025-12-01 14:35:00-05:00,101.39,101.7499,101.27,101.51,71201
2025-12-01 14:40:00-05:00,101.56,101.5872,100.94,100.985,49849
2025-12-01 14:45:00-05:00,100.985,101.34,100.84,101.24,63227
2025-12-01 14:50:00-05:00,101.25,101.5099,100.82,101.4,69510
2025-12-01 14:55:00-05:00,101.35,101.35,101.01,101.2,41416
2025-12-01 15:00:00-05:00,101.23,101.4235,101.03,101.29,130756
2025-12-01 15:05:00-05:00,101.26,101.49,100.9275,101.005,64656
2025-12-01 15:10:00-05:00,101.1,101.56,101.06,101.185,69369
2025-12-01 15:15:00-05:00,101.1,101.29,100.86,101.205,48027
2025-12-01 15:20:00-05:00,101.14,101.64,101.1,101.64,42266
2025-12-01 15:25:00-05:00,101.545,101.8,101.37,101.74,51778
2025-12-01 15:30:00-05:00,101.82,101.85,101.14,101.2275,59396
2025-12-01 15:35:00-05:00,101.25,101.4407,101.16,101.2,91531
2025-12-01 15:40:00-05:00,101.2675,101.35,100.35,100.5211,203761
2025-12-01 15:45:00-05:00,100.5,100.81,100.25,100.74,143223
2025-12-01 15:50:00-05:00,100.79,100.85,100.41,100.45,181193
2025-12-01 15:55:00-05:00,100.4,100.45,98.905,98.99,811413
2025-12-02 09:30:00-05:00,101.64,105.43,101,105.11,503419
2025-12-02 09:35:00-05:00,105.115,107.62,104.82,107.485,553831
2025-12-02 09:40:00-05:00,107.485,107.72,105.76,106.92,367285
2025-12-02 09:45:00-05:00,106.96,106.96,104.52,104.77,273192
2025-12-02 09:50:00-05:00,104.77,106.73,104.74,106.1196,359478
2025-12-02 09:55:00-05:00,106.01,109.3462,105.75,109.1455,480714
2025-12-02 10:00:00-05:00,109.16,109.55,108.16,108.41,375956
2025-12-02 10:05:00-05:00,108.49,108.87,107.53,107.6785,187374
2025-12-02 10:10:00-05:00,107.65,108.29,106.66,106.85,226435
2025-12-02 10:15:00-05:00,106.89,107.77,106.7201,107.73,128858
2025-12-02 10:20:00-05:00,107.751,108.19,106.74,107.15,331346
2025-12-02 10:25:00-05:00,107.21,107.9,106.5,107.21,230779
2025-12-02 10:30:00-05:00,107.2099,107.77,106.7625,107.635,267031
2025-12-02 10:35:00-05:00,107.635,108.06,105.01,105.685,306961
2025-12-02 10:40:00-05:00,105.7065,107.4699,105.57,107.06,157103
2025-12-02 10:45:00-05:00,107.095,107.1,106.35,106.98,122200
2025-12-02 10:50:00-05:00,106.97,108.07,106.9001,107.965,174799
2025-12-02 10:55:00-05:00,107.99,108.01,106.06,106.21,115567
2025-12-02 11:00:00-05:00,106.2,106.43,105.31,105.31,137739
2025-12-02 11:05:00-05:00,105.31,106.48,104.88,105.895,141200
2025-12-02 11:10:00-05:00,105.77,106.0809,105.4,105.9153,647779
2025-12-02 11:15:00-05:00,105.84,106.96,105.84,106.9184,232224
2025-12-02 11:20:00-05:00,106.8501,106.8501,105.05,105.3825,212400
2025-12-02 11:25:00-05:00,105.33,105.795,104.7201,105.09,142508
2025-12-02 11:30:00-05:00,105,105.53,104.2001,105.02,184396
2025-12-02 11:35:00-05:00,105.0185,106.11,104.91,106.025,128864
2025-12-02 11:40:00-05:00,105.96,106.55,104.8,105.08,106676
2025-12-02 11:45:00-05:00,105.01,105.18,104.1801,104.645,107882
2025-12-02 11:50:00-05:00,104.69,105.54,104.69,105.4133,76859
2025-12-02 11:55:00-05:00,105.44,106.129,105,105.2805,111693
2025-12-02 12:00:00-05:00,105.235,106.1,105.1971,105.96,68471
2025-12-02 12:05:00-05:00,105.87,106.0999,105.48,105.51,44617
2025-12-02 12:10:00-05:00,105.43,105.91,105.0729,105.815,74199
2025-12-02 12:15:00-05:00,105.74,105.74,105.15,105.42,80254
2025-12-02 12:20:00-05:00,105.5,105.92,105.3401,105.7459,60267
2025-12-02 12:25:00-05:00,105.6655,105.99,105.41,105.76,83930
2025-12-02 12:30:00-05:00,105.69,106.41,105.36,105.65,76376
2025-12-02 12:35:00-05:00,105.6195,106.1,105.4,105.5,163618
2025-12-02 12:40:00-05:00,105.49,106.5,105.17,106.4313,113356
2025-12-02 12:45:00-05:00,106.4,106.63,106.12,106.52,108064
2025-12-02 12:50:00-05:00,106.52,106.74,106.33,106.5401,112988
2025-12-02 12:55:00-05:00,106.625,106.625,105.7625,106.48,112357
2025-12-02 13:00:00-05:00,106.49,107.49,106.34,106.8071,173067
2025-12-02 13:05:00-05:00,106.82,107.59,106.715,107.18,172885
2025-12-02 13:10:00-05:00,107.175,107.9389,107.02,107.56,144518
2025-12-02 13:15:00-05:00,107.53,107.9,107.35,107.75,89977
2025-12-02 13:20:00-05:00,107.72,108.36,107.67,108.12,151397
2025-12-02 13:25:00-05:00,108.21,109.4,108.03,109.01,254496
2025-12-02 13:30:00-05:00,109.13,109.13,108.25,108.44,129358
2025-12-02 13:35:00-05:00,108.46,108.81,107.1501,107.595,155748
2025-12-02 13:40:00-05:00,107.5,108.4699,107.48,107.925,117211
2025-12-02 13:45:00-05:00,107.925,107.95,106.665,107,201863
2025-12-02 13:50:00-05:00,106.87,106.87,105.79,106.37,179229
2025-12-02 13:55:00-05:00,106.38,106.38,104.96,106.19,206477
2025-12-02 14:00:00-05:00,106.2,107.3,106,107.2,102035
2025-12-02 14:05:00-05:00,107.2,107.7,107.02,107.63,126501
2025-12-02 14:10:00-05:00,107.54,107.7299,107.13,107.323,109078
2025-12-02 14:15:00-05:00,107.355,107.73,106.88,107.08,108840
2025-12-02 14:20:00-05:00,107.04,107.1,106.24,106.763,128999
2025-12-02 14:25:00-05:00,106.88,107.7168,106.5506,107.7168,109347
2025-12-02 14:30:00-05:00,107.59,108.83,107.44,108.49,173814
2025-12-02 14:35:00-05:00,108.5299,108.7,107.43,107.59,152452
2025-12-02 14:40:00-05:00,107.5815,107.6799,107.2275,107.4495,98384
2025-12-02 14:45:00-05:00,107.5,107.63,107.11,107.2,88211
2025-12-02 14:50:00-05:00,107.21,107.73,107.2013,107.33,123026
2025-12-02 14:55:00-05:00,107.38,107.89,107.38,107.7,91225
2025-12-02 15:00:00-05:00,107.7,107.73,107.16,107.395,119079
2025-12-02 15:05:00-05:00,107.395,107.6214,107.22,107.48,104330
2025-12-02 15:10:00-05:00,107.49,108.0847,107.32,107.605,123627
2025-12-02 15:15:00-05:00,107.64,107.65,106.86,106.905,120382
2025-12-02 15:20:00-05:00,106.9,107.295,106.75,106.915,113399
2025-12-02 15:25:00-05:00,106.9297,107.41,106.6,107.317,161143
2025-12-02 15:30:00-05:00,107.36,107.74,107.0801,107.14,169530
2025-12-02 15:35:00-05:00,107.115,107.15,106.65,106.71,120018
2025-12-02 15:40:00-05:00,106.67,106.961,105.8985,105.925,179091
2025-12-02 15:45:00-05:00,105.91,106.45,105.91,106.43,155202
2025-12-02 15:50:00-05:00,106.47,106.59,105.71,106.125,260647
2025-12-02 15:55:00-05:00,106.17,106.2894,104.966,105.08,662584
2025-12-03 09:30:00-05:00,102.425,104.27,100.6001,100.8,500308
2025-12-03 09:35:00-05:00,100.996,101.57,99.7501,100.6599,340673
2025-12-03 09:40:00-05:00,100.7,101.08,99.12,99.52,315227
2025-12-03 09:45:00-05:00,99.57,100.78,99.54,100.29,240430
2025-12-03 09:50:00-05:00,100.31,103.45,100.01,103.0328,295112
2025-12-03 09:55:00-05:00,103.22,103.97,102.01,102.93,292719
2025-12-03 10:00:00-05:00,102.86,104.08,102.4987,104,165453
2025-12-03 10:05:00-05:00,104,104.14,102.13,102.2,126078
2025-12-03 10:10:00-05:00,102.147,102.639,100.8732,101.36,126446
2025-12-03 10:15:00-05:00,101.46,102,100.68,101.9,120115
2025-12-03 10:20:00-05:00,101.855,102,100.5,101.61,113860
2025-12-03 10:25:00-05:00,101.71,102.18,101.35,101.94,92994
2025-12-03 10:30:00-05:00,102.0139,102.98,101.85,102.69,110765
2025-12-03 10:35:00-05:00,102.74,103.5,102.6,103.18,108356
2025-12-03 10:40:00-05:00,103.18,104,102.99,103.96,112347
2025-12-03 10:45:00-05:00,103.8385,104.65,103.69,103.8,108261
2025-12-03 10:50:00-05:00,103.71,104.39,102.8501,102.8501,79489
2025-12-03 10:55:00-05:00,102.9823,104.18,102.85,104.055,71235
2025-12-03 11:00:00-05:00,103.98,104.65,103.5,104.242,85851
2025-12-03 11:05:00-05:00,104.15,104.1995,103.1,103.14,46893
2025-12-03 11:10:00-05:00,103.12,103.49,102.5,103.14,83508
2025-12-03 11:15:00-05:00,103.27,103.41,102.54,103.38,37905
2025-12-03 11:20:00-05:00,103.37,103.43,102.73,102.92,42904
2025-12-03 11:25:00-05:00,103,103.0135,102.457,102.725,54613
2025-12-03 11:30:00-05:00,102.74,103.14,102.48,103.02,56924
2025-12-03 11:35:00-05:00,103.08,103.2599,102.75,103.03,49616
2025-12-03 11:40:00-05:00,102.88,103.23,102.7293,103.01,39805
2025-12-03 11:45:00-05:00,103.1,103.1,102.6,102.64,41086
2025-12-03 11:50:00-05:00,102.6,102.6604,101.9,102.19,74965
2025-12-03 11:55:00-05:00,102.08,102.08,101.17,101.26,100570
2025-12-03 12:00:00-05:00,101.3414,102.0985,101.22,102.0292,62725
2025-12-03 12:05:00-05:00,101.98,102.13,101.6,102.0822,42241
2025-12-03 12:10:00-05:00,102.105,103.26,102.065,103.1,68176
2025-12-03 12:15:00-05:00,103.3464,103.3464,102.48,103.1028,120801
2025-12-03 12:20:00-05:00,103,103.09,102.65,103.025,42351
2025-12-03 12:25:00-05:00,103.09,103.1,102.61,102.7251,43194
2025-12-03 12:30:00-05:00,102.76,103.0324,102.6,102.9,23237
2025-12-03 12:35:00-05:00,102.8,103.2,102.595,103,23261
2025-12-03 12:40:00-05:00,103.05,103.14,102.7101,103,24091
2025-12-03 12:45:00-05:00,102.97,103.34,102.82,103.185,27926
2025-12-03 12:50:00-05:00,103.2892,103.4387,102.95,103.23,22830
2025-12-03 12:55:00-05:00,103.31,103.42,103.04,103.04,27913
2025-12-03 13:00:00-05:00,103.19,103.3008,102.9,102.975,18160
2025-12-03 13:05:00-05:00,103.05,103.1,102.8301,103.02,36475
2025-12-03 13:10:00-05:00,102.96,103.013,102.66,102.79,24187
2025-12-03 13:15:00-05:00,102.79,102.89,102.52,102.565,18032
2025-12-03 13:20:00-05:00,102.51,102.57,102.12,102.231,45643
2025-12-03 13:25:00-05:00,102.24,102.65,102.17,102.45,30319
2025-12-03 13:30:00-05:00,102.52,102.6499,102.18,102.24,41016
2025-12-03 13:35:00-05:00,102.24,102.4,101.7601,102.185,72962
2025-12-03 13:40:00-05:00,102.16,103.13,102.1,102.855,72028
2025-12-03 13:45:00-05:00,102.855,102.88,102.52,102.78,53872
2025-12-03 13:50:00-05:00,102.77,102.78,102.13,102.4,45413
2025-12-03 13:55:00-05:00,102.42,102.445,102.15,102.3572,34620
2025-12-03 14:00:00-05:00,102.31,102.89,102.21,102.798,53546
2025-12-03 14:05:00-05:00,102.78,103,102.28,102.64,60590
2025-12-03 14:10:00-05:00,102.66,102.85,102.55,102.7,33748
2025-12-03 14:15:00-05:00,102.695,102.92,102.5,102.835,30594
2025-12-03 14:20:00-05:00,102.76,102.99,102.69,102.7978,46594
2025-12-03 14:25:00-05:00,102.74,102.88,102.3,102.4,64741
2025-12-03 14:30:00-05:00,102.397,102.5801,102.27,102.42,41341
2025-12-03 14:35:00-05:00,102.43,102.85,102.37,102.48,49671
2025-12-03 14:40:00-05:00,102.4599,102.89,102.22,102.78,64043
2025-12-03 14:45:00-05:00,102.685,103.32,102.59,102.94,63791
2025-12-03 14:50:00-05:00,102.83,103.53,102.83,103.47,90176
2025-12-03 14:55:00-05:00,103.47,103.8016,103.36,103.43,77791
2025-12-03 15:00:00-05:00,103.36,103.44,101.56,101.9681,150011
2025-12-03 15:05:00-05:00,102.02,102.04,101.61,101.82,96711
2025-12-03 15:10:00-05:00,101.71,102.27,101.71,102.27,99568
2025-12-03 15:15:00-05:00,102.15,102.7,102.01,102.585,70934
2025-12-03 15:20:00-05:00,102.53,102.5915,101.94,102.03,80741
2025-12-03 15:25:00-05:00,102.07,102.28,101.9942,102.24,71517
2025-12-03 15:30:00-05:00,102.235,102.235,101.66,102.02,89756
2025-12-03 15:35:00-05:00,102.01,102.5,101.9,102.16,88007
2025-12-03 15:40:00-05:00,102.175,104.11,102.17,104.11,145705
2025-12-03 15:45:00-05:00,104.105,104.7,104.05,104.3044,223791
2025-12-03 15:50:00-05:00,104.21,104.23,102.94,102.96,139021
2025-12-03 15:55:00-05:00,103,103.31,102.4,102.52,322513
2025-12-04 09:30:00-05:00,102.92,103.46,101.8,102.77,379850
2025-12-04 09:35:00-05:00,102.72,105.8,102.67,105.49,450198
2025-12-04 09:40:00-05:00,105.49,106.07,102.71,103.4,356750
2025-12-04 09:45:00-05:00,103.38,104.1031,102.59,103.97,201126
2025-12-04 09:50:00-05:00,103.8,104.25,102.12,102.699,227802
2025-12-04 09:55:00-05:00,102.72,103.3499,101.54,101.885,200735
2025-12-04 10:00:00-05:00,101.885,103.99,101.885,103.7,174085
2025-12-04 10:05:00-05:00,103.8981,104.09,102.7712,103.24,154896
2025-12-04 10:10:00-05:00,103.34,104.28,103.075,104.07,147327
2025-12-04 10:15:00-05:00,104.01,106.18,103.7895,105.665,256526
2025-12-04 10:20:00-05:00,105.56,108.41,105.54,108.05,388507
2025-12-04 10:25:00-05:00,108.0435,108.79,107.39,108.6,345044
2025-12-04 10:30:00-05:00,108.55,110.09,107.9268,109.61,460606
2025-12-04 10:35:00-05:00,109.62,110.68,109.4,110.52,312432
2025-12-04 10:40:00-05:00,110.4884,111.29,110.35,110.957,377940
2025-12-04 10:45:00-05:00,111.065,112.1,110.64,111,560263
2025-12-04 10:50:00-05:00,111.11,112.34,111.0001,111.92,398945
2025-12-04 10:55:00-05:00,111.91,112.25,110.59,111.95,293095
2025-12-04 11:00:00-05:00,111.95,112.81,111.13,111.13,373302
2025-12-04 11:05:00-05:00,111.08,111.82,110.5732,110.61,234845
2025-12-04 11:10:00-05:00,110.62,111.13,109.75,110.42,207823
2025-12-04 11:15:00-05:00,110.49,110.8,109.82,110.37,153006
2025-12-04 11:20:00-05:00,110.31,110.61,110.06,110.3925,138612
2025-12-04 11:25:00-05:00,110.3,110.88,109.8,110.525,180501
2025-12-04 11:30:00-05:00,110.48,111.14,109.92,110.5622,167116
2025-12-04 11:35:00-05:00,110.4488,111.19,110.28,111.19,109865
2025-12-04 11:40:00-05:00,111.19,111.35,110.8,111.06,133492
2025-12-04 11:45:00-05:00,111.09,112.09,111.05,111.86,263954
2025-12-04 11:50:00-05:00,111.91,112.85,111.8263,112.19,169376
2025-12-04 11:55:00-05:00,112.04,112.7,111.92,112.61,156242
2025-12-04 12:00:00-05:00,112.545,113.1699,112.08,112.215,224383
2025-12-04 12:05:00-05:00,112.2,113.13,111.9,112.95,157370
2025-12-04 12:10:00-05:00,113.13,114.42,113,114.39,289723
2025-12-04 12:15:00-05:00,114.39,114.43,113.5797,114.16,179919
2025-12-04 12:20:00-05:00,114.08,114.44,113.9,114.2517,125164
2025-12-04 12:25:00-05:00,114.325,115,114.1217,114.5375,284588
2025-12-04 12:30:00-05:00,114.49,114.85,114.1,114.16,160182
2025-12-04 12:35:00-05:00,114.2019,114.33,113.4001,113.63,115916
2025-12-04 12:40:00-05:00,113.75,114.7,113.45,114.6197,114798
2025-12-04 12:45:00-05:00,114.595,115.47,114.4055,115.3655,170761
2025-12-04 12:50:00-05:00,115.39,116.99,115.27,116.79,468864
2025-12-04 12:55:00-05:00,116.81,117.28,116.36,116.64,255998
2025-12-04 13:00:00-05:00,116.5931,117.1888,116.27,117.12,227933
2025-12-04 13:05:00-05:00,117.11,118.2,116.82,118.09,436803
2025-12-04 13:10:00-05:00,118.1232,118.78,117.65,118.75,387714
2025-12-04 13:15:00-05:00,118.74,119.6399,117.59,117.93,466204
2025-12-04 13:20:00-05:00,117.81,117.88,116.24,116.74,287288
2025-12-04 13:25:00-05:00,116.55,116.6497,115.43,116.14,247475
2025-12-04 13:30:00-05:00,116.03,116.26,115.677,115.935,174372
2025-12-04 13:35:00-05:00,116.0199,116.04,115.4315,115.6875,141847
2025-12-04 13:40:00-05:00,115.68,115.9858,115.29,115.7,134086
2025-12-04 13:45:00-05:00,115.755,116.71,115.3,116.245,171397
2025-12-04 13:50:00-05:00,116.27,116.4395,115.88,116.376,121243
2025-12-04 13:55:00-05:00,116.44,116.468,115.91,116.0548,123926
2025-12-04 14:00:00-05:00,116.155,116.38,115.98,116.25,110962
2025-12-04 14:05:00-05:00,116.25,116.43,115.61,116.09,118568
2025-12-04 14:10:00-05:00,116.0807,116.47,115.98,116.3,100921
2025-12-04 14:15:00-05:00,116.222,116.4,115.6392,115.6401,165408
2025-12-04 14:20:00-05:00,115.685,116.06,115.152,115.55,205659
2025-12-04 14:25:00-05:00,115.51,116.75,115.5,116.68,154055
2025-12-04 14:30:00-05:00,116.685,117.33,116.54,117.05,182007
2025-12-04 14:35:00-05:00,117.16,118.1279,116.93,117.95,276346
2025-12-04 14:40:00-05:00,117.9788,118.29,116.92,116.95,152942
2025-12-04 14:45:00-05:00,116.9,117.01,116.32,116.55,157057
2025-12-04 14:50:00-05:00,116.56,117.13,116.22,116.76,150744
2025-12-04 14:55:00-05:00,116.715,117.4099,116.65,117.3,108551
2025-12-04 15:00:00-05:00,117.25,117.5299,116.5,117.07,156130
2025-12-04 15:05:00-05:00,117.08,117.44,116.75,117.2748,126434
2025-12-04 15:10:00-05:00,117.29,119.0693,117.09,118.54,353876
2025-12-04 15:15:00-05:00,118.4,118.4446,117.831,118.35,172281
2025-12-04 15:20:00-05:00,118.41,118.48,117.53,117.915,170444
2025-12-04 15:25:00-05:00,117.9089,118.2124,117.4,117.91,185775
2025-12-04 15:30:00-05:00,117.91,118.16,117.828,117.99,164002
2025-12-04 15:35:00-05:00,118.01,118.04,117.4218,117.71,195808
2025-12-04 15:40:00-05:00,117.7,117.7,116.9,117,201698
2025-12-04 15:45:00-05:00,117.025,117.45,116.76,117.21,249820
2025-12-04 15:50:00-05:00,117.26,118.63,117.26,118.52,360033
2025-12-04 15:55:00-05:00,118.4661,118.59,117.65,118.12,1008587
2025-12-05 09:30:00-05:00,115.5,116.2446,112.6,113.6,684017
2025-12-05 09:35:00-05:00,113.73,113.8,112.53,113.24,338364
2025-12-05 09:40:00-05:00,113.47,115.38,113.0301,114.5399,385703
2025-12-05 09:45:00-05:00,114.33,115.75,114.3201,115.255,258211
2025-12-05 09:50:00-05:00,115.39,115.49,114.2,115.19,247855
2025-12-05 09:55:00-05:00,115.1901,115.25,113.7279,113.78,171841
2025-12-05 10:00:00-05:00,114.01,115.24,113.62,114.975,185025
2025-12-05 10:05:00-05:00,115.04,116.2999,114.74,115.91,223700
2025-12-05 10:10:00-05:00,115.91,117.83,115.8891,117.6617,308032
2025-12-05 10:15:00-05:00,117.655,117.89,116.26,116.8,223925
2025-12-05 10:20:00-05:00,116.89,117.04,115.97,116.07,174406
2025-12-05 10:25:00-05:00,116.0593,116.7537,115.6,116.59,175126
2025-12-05 10:30:00-05:00,116.605,118.07,116.575,117.86,245185
2025-12-05 10:35:00-05:00,117.85,117.97,116.95,116.955,197796
2025-12-05 10:40:00-05:00,116.955,117.72,116.68,117.445,142769
2025-12-05 10:45:00-05:00,117.52,118.57,117.1514,118.47,294093
2025-12-05 10:50:00-05:00,118.45,118.54,117.55,117.985,221071
2025-12-05 10:55:00-05:00,117.985,118.4,117.34,117.56,248830
2025-12-05 11:00:00-05:00,117.65,118.12,117.4993,117.71,162317
2025-12-05 11:05:00-05:00,117.63,118.2999,116.2601,116.7789,228455
2025-12-05 11:10:00-05:00,116.75,116.78,115.82,115.9646,185251
2025-12-05 11:15:00-05:00,115.945,116.3999,115.58,116.36,171842
2025-12-05 11:20:00-05:00,116.29,117.7,116.1,117.23,186455
2025-12-05 11:25:00-05:00,117.37,118,117.0145,117.275,169282
2025-12-05 11:30:00-05:00,117.275,117.275,115.7601,116.1701,115577
2025-12-05 11:35:00-05:00,116.39,116.98,116.25,116.69,111795
2025-12-05 11:40:00-05:00,116.64,117.11,116.52,116.805,93983
2025-12-05 11:45:00-05:00,116.805,117.23,116.6,117.12,111510
2025-12-05 11:50:00-05:00,117.155,118.55,117,118.55,272765
2025-12-05 11:55:00-05:00,118.455,119.11,118.2,118.665,201154
2025-12-05 12:00:00-05:00,118.63,119.38,118.62,119.28,166860
2025-12-05 12:05:00-05:00,119.34,119.68,118.6101,118.81,228840
2025-12-05 12:10:00-05:00,118.845,118.97,118.42,118.6063,147519
2025-12-05 12:15:00-05:00,118.6,119.3199,118.5,119.11,124853
2025-12-05 12:20:00-05:00,119,119.25,118.5801,119.1675,128972
2025-12-05 12:25:00-05:00,119.2,119.39,118.9212,119.165,115931
2025-12-05 12:30:00-05:00,119.23,119.48,119.11,119.22,91221
2025-12-05 12:35:00-05:00,119.285,119.46,118.11,118.66,151248
2025-12-05 12:40:00-05:00,118.75,118.78,118.1901,118.77,82456
2025-12-05 12:45:00-05:00,118.67,119.17,118,118.38,90206
2025-12-05 12:50:00-05:00,118.35,118.9,118.15,118.75,72669
2025-12-05 12:55:00-05:00,118.8,119.06,118.4,118.865,92149
2025-12-05 13:00:00-05:00,118.92,118.99,118.65,118.9145,79871
2025-12-05 13:05:00-05:00,118.96,119.48,118.925,119.37,108537
2025-12-05 13:10:00-05:00,119.31,119.55,118.54,118.89,144052
2025-12-05 13:15:00-05:00,118.89,119.14,118.74,118.84,93047
2025-12-05 13:20:00-05:00,118.845,119.15,118.54,119.0641,62822
2025-12-05 13:25:00-05:00,119.11,119.82,119.04,119.095,114447
2025-12-05 13:30:00-05:00,119.095,119.5,119.02,119.37,84829
2025-12-05 13:35:00-05:00,119.35,119.825,119.08,119.81,133821
2025-12-05 13:40:00-05:00,119.8199,119.8199,118.97,119.7218,81158
2025-12-05 13:45:00-05:00,119.5775,119.66,119,119.432,59962
2025-12-05 13:50:00-05:00,119.44,119.5,119.15,119.395,48535
2025-12-05 13:55:00-05:00,119.44,119.48,118.8,119.01,72481
2025-12-05 14:00:00-05:00,119.1,119.21,118.24,118.3,89476
2025-12-05 14:05:00-05:00,118.315,118.8,118.2201,118.45,84603
2025-12-05 14:10:00-05:00,118.4452,118.48,118.18,118.3453,68649
2025-12-05 14:15:00-05:00,118.4242,118.46,117.48,118.44,139624
2025-12-05 14:20:00-05:00,118.45,118.9,118.1476,118.28,92601
2025-12-05 14:25:00-05:00,118.225,118.76,118.17,118.6075,69733
2025-12-05 14:30:00-05:00,118.68,119.16,118.41,118.665,91970
2025-12-05 14:35:00-05:00,118.665,119.02,118.6,118.97,53609
2025-12-05 14:40:00-05:00,119.02,119.12,118.44,118.571,69866
2025-12-05 14:45:00-05:00,118.67,118.7999,118.44,118.76,39793
2025-12-05 14:50:00-05:00,118.68,118.88,118.59,118.665,46778
2025-12-05 14:55:00-05:00,118.67,119.225,118.63,119.22,59025
2025-12-05 15:00:00-05:00,119.14,119.25,118.78,119.0597,67032
2025-12-05 15:05:00-05:00,118.98,119.42,118.95,119.205,97823
2025-12-05 15:10:00-05:00,119.205,119.41,118.975,119.33,90829
2025-12-05 15:15:00-05:00,119.315,119.68,119.19,119.65,108064
2025-12-05 15:20:00-05:00,119.565,119.69,118.94,119.08,105355
2025-12-05 15:25:00-05:00,119.04,119.3,118.88,119.3,80847
2025-12-05 15:30:00-05:00,119.32,119.4099,118.61,118.9,145721
2025-12-05 15:35:00-05:00,118.9,119.06,118.63,118.855,86851
2025-12-05 15:40:00-05:00,118.91,119.18,118.48,119.18,237940
2025-12-05 15:45:00-05:00,119.18,119.5,118.42,118.43,281304
2025-12-05 15:50:00-05:00,118.49,119.28,118.38,119.28,240605
2025-12-05 15:55:00-05:00,119.28,119.78,118.9,119.25,746674
2025-12-08 09:30:00-05:00,119.75,119.8971,114.88,115.23,533543
2025-12-08 09:35:00-05:00,115.04,115.43,113.5,114.3,718862
2025-12-08 09:40:00-05:00,114.3733,114.78,112.2,113.295,483280
2025-12-08 09:45:00-05:00,113.347,114.03,111.13,112.59,451125
2025-12-08 09:50:00-05:00,112.52,114.11,111.8733,113.747,378419
2025-12-08 09:55:00-05:00,113.825,114.03,112.8868,113.455,245680
2025-12-08 10:00:00-05:00,113.56,114.46,113.142,113.33,191078
2025-12-08 10:05:00-05:00,113.264,113.2932,112.5501,112.8,149828
2025-12-08 10:10:00-05:00,112.83,112.9,111,111.19,276786
2025-12-08 10:15:00-05:00,111.095,111.8599,110.566,110.71,281660
2025-12-08 10:20:00-05:00,110.65,110.86,109.94,110.13,268220
2025-12-08 10:25:00-05:00,110.13,110.2,108.3,108.885,408607
2025-12-08 10:30:00-05:00,108.9729,110.5,108.5164,110.5,271783
2025-12-08 10:35:00-05:00,110.48,111.3,110,110.93,257600
2025-12-08 10:40:00-05:00,110.77,111.5099,109.9375,110.065,245506
2025-12-08 10:45:00-05:00,110.065,110.59,110.01,110.5,147088
2025-12-08 10:50:00-05:00,110.5,111.29,110.19,110.31,99871
2025-12-08 10:55:00-05:00,110.21,110.265,108.78,108.985,155844
2025-12-08 11:00:00-05:00,108.9022,110.01,108.14,109.75,242611
2025-12-08 11:05:00-05:00,109.7895,110.57,109.5,110.325,174775
2025-12-08 11:10:00-05:00,110.325,111.07,110.11,110.31,117218
2025-12-08 11:15:00-05:00,110.19,111.5,109.64,111.385,210564
2025-12-08 11:20:00-05:00,111.46,112.4,111.28,111.86,170585
2025-12-08 11:25:00-05:00,111.83,112.59,111.42,112.4402,149574
2025-12-08 11:30:00-05:00,112.32,112.67,111.62,111.99,135004
2025-12-08 11:35:00-05:00,111.92,112.33,111.75,112.0801,80864
2025-12-08 11:40:00-05:00,112.11,112.24,111.63,111.83,82796
2025-12-08 11:45:00-05:00,111.83,112.1535,111.61,111.83,64599
2025-12-08 11:50:00-05:00,111.935,112.23,111.75,111.825,80280
2025-12-08 11:55:00-05:00,111.76,111.9,111.1791,111.37,64454
2025-12-08 12:00:00-05:00,111.25,111.336,110.0001,110.5199,119557
2025-12-08 12:05:00-05:00,110.37,111.21,110.32,110.685,77920
2025-12-08 12:10:00-05:00,110.635,111,110.24,110.875,50494
2025-12-08 12:15:00-05:00,110.875,111.63,110.83,110.9912,69428
2025-12-08 12:20:00-05:00,110.94,111.48,110.88,111.33,48660
2025-12-08 12:25:00-05:00,111.22,111.78,111.02,111.5,37854
2025-12-08 12:30:00-05:00,111.4501,111.8,111.4,111.4911,42389
2025-12-08 12:35:00-05:00,111.47,111.77,111.2501,111.44,28461
2025-12-08 12:40:00-05:00,111.36,112.12,111.2401,111.9477,55561
2025-12-08 12:45:00-05:00,111.87,112.1299,111.34,111.92,55654
2025-12-08 12:50:00-05:00,112.02,112.17,111.74,111.99,47380
2025-12-08 12:55:00-05:00,112,112.75,111.7,112.75,122570
2025-12-08 13:00:00-05:00,112.45,112.9,112.315,112.57,79497
2025-12-08 13:05:00-05:00,112.6,112.6,112.231,112.3,26660
2025-12-08 13:10:00-05:00,112.3071,112.44,111.76,111.79,49437
2025-12-08 13:15:00-05:00,111.8181,112.01,111.01,111.82,74893
2025-12-08 13:20:00-05:00,111.7414,111.8859,111.23,111.595,71522
2025-12-08 13:25:00-05:00,111.59,111.59,110.83,110.88,84756
2025-12-08 13:30:00-05:00,110.905,110.95,110.3587,110.4,76594
2025-12-08 13:35:00-05:00,110.44,111.48,110.42,111.48,57744
2025-12-08 13:40:00-05:00,111.31,111.31,110.94,111.0601,52217
2025-12-08 13:45:00-05:00,111.16,111.4,111.05,111.1085,26773
2025-12-08 13:50:00-05:00,111.185,111.4695,110.71,111.3,43803
2025-12-08 13:55:00-05:00,111.24,111.24,110.66,110.9701,44013
2025-12-08 14:00:00-05:00,111.04,111.33,110.68,111.211,47646
2025-12-08 14:05:00-05:00,111.16,111.9,111.16,111.56,42107
2025-12-08 14:10:00-05:00,111.58,111.6608,111.2,111.27,50999
2025-12-08 14:15:00-05:00,111.335,111.76,110.82,110.91,54695
2025-12-08 14:20:00-05:00,110.91,111.06,110.11,110.75,179737
2025-12-08 14:25:00-05:00,110.7,111.075,110.6301,111.0368,56643
2025-12-08 14:30:00-05:00,111.03,111.65,111,111.4,78627
2025-12-08 14:35:00-05:00,111.3758,112,111.32,111.8667,38651
2025-12-08 14:40:00-05:00,111.875,112.6,111.72,112.485,78859
2025-12-08 14:45:00-05:00,112.55,112.65,112.37,112.56,85025
2025-12-08 14:50:00-05:00,112.5459,112.72,112.4501,112.49,47211
2025-12-08 14:55:00-05:00,112.5351,112.54,111.94,112.32,110833
2025-12-08 15:00:00-05:00,112.26,112.26,111.57,112.01,70109
2025-12-08 15:05:00-05:00,112.06,112.48,111.8,112.31,65134
2025-12-08 15:10:00-05:00,112.35,112.41,111.87,112.0269,55179
2025-12-08 15:15:00-05:00,112.015,112.12,111.85,111.94,44702
2025-12-08 15:20:00-05:00,111.89,112.21,111.81,112.115,47909
2025-12-08 15:25:00-05:00,112.1,112.8599,111.985,112.7535,138792
2025-12-08 15:30:00-05:00,112.79,112.79,112.3,112.6,72462
2025-12-08 15:35:00-05:00,112.56,112.61,112,112.215,137735
2025-12-08 15:40:00-05:00,112.1783,112.63,112.06,112.21,113517
2025-12-08 15:45:00-05:00,112.28,112.76,111.8057,112.5,128460
2025-12-08 15:50:00-05:00,112.5,113.2,112.5,112.865,159358
2025-12-08 15:55:00-05:00,112.86,113.02,111.62,111.79,462681
2025-12-09 09:30:00-05:00,110.385,111.76,108.08,110.495,344306
2025-12-09 09:35:00-05:00,110.45,111.71,109.5542,111.47,175560
2025-12-09 09:40:00-05:00,111.24,111.51,110.5,111.08,154781
2025-12-09 09:45:00-05:00,110.97,111.98,110.5,111.757,130851
2025-12-09 09:50:00-05:00,111.655,111.655,110.71,111.45,121138
2025-12-09 09:55:00-05:00,111.285,111.39,109.64,110.3255,119084
2025-12-09 10:00:00-05:00,110.325,111.8,110.27,111.54,111109
2025-12-09 10:05:00-05:00,111.455,112.1,110.83,111.425,233789
2025-12-09 10:10:00-05:00,111.35,111.58,110.78,111.55,64798
2025-12-09 10:15:00-05:00,111.49,112.089,111,111.34,87904
2025-12-09 10:20:00-05:00,111.37,112.75,111.2257,112.7134,111608
2025-12-09 10:25:00-05:00,112.63,113.3096,112.1,112.38,170854
2025-12-09 10:30:00-05:00,112.375,112.89,112.0903,112.54,104528
2025-12-09 10:35:00-05:00,112.54,112.54,111.5,112.445,144650
2025-12-09 10:40:00-05:00,112.46,112.695,111.9,112.14,86109
2025-12-09 10:45:00-05:00,112.24,112.39,110.755,111.92,104015
2025-12-09 10:50:00-05:00,111.97,112.41,111.765,112.325,98413
2025-12-09 10:55:00-05:00,112.37,112.5699,111.63,111.92,71751
2025-12-09 11:00:00-05:00,111.8501,112.79,111.69,111.75,108996
2025-12-09 11:05:00-05:00,111.696,112.13,111.41,111.625,84915
2025-12-09 11:10:00-05:00,111.74,112.489,111.64,111.89,67395
2025-12-09 11:15:00-05:00,111.94,112.415,111.6396,112.3219,87151
2025-12-09 11:20:00-05:00,112.42,112.58,111.95,112.21,58886
2025-12-09 11:25:00-05:00,112.13,112.21,111.88,111.8925,52165
2025-12-09 11:30:00-05:00,112,112,110.63,111.05,127536
2025-12-09 11:35:00-05:00,111.17,111.36,110.88,110.88,47984
2025-12-09 11:40:00-05:00,110.98,111.1359,110.14,110.6,89027
2025-12-09 11:45:00-05:00,110.5746,110.92,110.5,110.8637,60659
2025-12-09 11:50:00-05:00,110.72,110.95,110.39,110.49,46483
2025-12-09 11:55:00-05:00,110.49,110.58,109.8,109.875,92217
2025-12-09 12:00:00-05:00,109.95,110.2,109.39,110.1673,86755
2025-12-09 12:05:00-05:00,110.16,110.61,109.9,110.27,69582
2025-12-09 12:10:00-05:00,110.26,110.26,109.85,110.22,34965
2025-12-09 12:15:00-05:00,110.2499,110.6,110,110.3,68756
2025-12-09 12:20:00-05:00,110.305,110.44,109.69,110.2545,52375
2025-12-09 12:25:00-05:00,110.29,110.31,109.8,109.945,42974
2025-12-09 12:30:00-05:00,110.06,110.27,109.26,109.295,61715
2025-12-09 12:35:00-05:00,109.2501,109.54,109,109.315,84730
2025-12-09 12:40:00-05:00,109.315,109.64,108.92,109.215,110738
2025-12-09 12:45:00-05:00,109.29,109.48,109.03,109.3,35248
2025-12-09 12:50:00-05:00,109.22,109.73,109.1591,109.73,43651
2025-12-09 12:55:00-05:00,109.71,110.19,109.58,110.19,49108
2025-12-09 13:00:00-05:00,110.22,110.62,110.01,110.45,52156
2025-12-09 13:05:00-05:00,110.41,110.44,110.18,110.329,25955
2025-12-09 13:10:00-05:00,110.23,110.7,110.09,110.66,39980
2025-12-09 13:15:00-05:00,110.67,110.77,110.335,110.5,50596
2025-12-09 13:20:00-05:00,110.55,110.7,110.4,110.615,37307
2025-12-09 13:25:00-05:00,110.6475,110.72,110.3855,110.53,22947
2025-12-09 13:30:00-05:00,110.45,110.75,110.3817,110.65,42361
2025-12-09 13:35:00-05:00,110.55,110.77,110.4,110.7,63320
2025-12-09 13:40:00-05:00,110.69,110.76,110.53,110.53,25577
2025-12-09 13:45:00-05:00,110.63,110.73,110.36,110.55,38224
2025-12-09 13:50:00-05:00,110.47,110.68,110.19,110.56,23208
2025-12-09 13:55:00-05:00,110.54,110.5558,110.11,110.11,36493
2025-12-09 14:00:00-05:00,110.15,110.26,109.71,110.01,56851
2025-12-09 14:05:00-05:00,109.94,110.04,109.25,109.7361,58718
2025-12-09 14:10:00-05:00,109.69,109.87,109.61,109.84,30153
2025-12-09 14:15:00-05:00,109.78,110.41,109.78,110.41,48610
2025-12-09 14:20:00-05:00,110.37,110.595,110.304,110.39,32830
2025-12-09 14:25:00-05:00,110.39,110.66,110.26,110.38,42983
2025-12-09 14:30:00-05:00,110.24,110.84,110.2,110.82,54386
2025-12-09 14:35:00-05:00,110.8,111.38,110.6301,111.305,50288
2025-12-09 14:40:00-05:00,111.305,111.305,110.8101,110.85,55424
2025-12-09 14:45:00-05:00,110.8501,111.3,110.82,111.0155,47360
2025-12-09 14:50:00-05:00,111.02,111.34,111,111.17,32315
2025-12-09 14:55:00-05:00,111.235,111.55,111.16,111.4512,59469
2025-12-09 15:00:00-05:00,111.4,111.45,110.92,111,62625
2025-12-09 15:05:00-05:00,110.94,111.08,110.4478,110.89,56970
2025-12-09 15:10:00-05:00,110.8,110.98,110.72,110.855,26545
2025-12-09 15:15:00-05:00,110.86,111,110.53,110.59,55448
2025-12-09 15:20:00-05:00,110.5301,110.72,110.33,110.53,44718
2025-12-09 15:25:00-05:00,110.59,110.71,110.3688,110.47,48876
2025-12-09 15:30:00-05:00,110.41,110.44,109.67,109.75,65317
2025-12-09 15:35:00-05:00,109.78,109.98,109.26,109.91,112028
2025-12-09 15:40:00-05:00,109.84,109.97,109.6682,109.89,51868
2025-12-09 15:45:00-05:00,109.89,110,109.38,109.725,102146
2025-12-09 15:50:00-05:00,109.78,110.37,109.78,110.1,139577
2025-12-09 15:55:00-05:00,110.11,110.11,109,109.45,455613
2025-12-10 09:30:00-05:00,106.59,107.5,103.05,103.46,876588
2025-12-10 09:35:00-05:00,103.3125,103.931,102.51,103.145,382853
2025-12-10 09:40:00-05:00,103.2755,104.87,102.8,103.59,274373
2025-12-10 09:45:00-05:00,103.49,104.3904,102.76,103.0899,179483
2025-12-10 09:50:00-05:00,102.91,103.655,101,101.34,492673
2025-12-10 09:55:00-05:00,101.25,102.05,100.1,101.4751,463725
2025-12-10 10:00:00-05:00,101.35,102.1299,100.4,101.7498,405258
2025-12-10 10:05:00-05:00,101.87,102.58,101.5,101.78,302593
2025-12-10 10:10:00-05:00,101.845,101.97,100.23,100.32,280152
2025-12-10 10:15:00-05:00,100.24,102.11,100.1,101.8663,289834
2025-12-10 10:20:00-05:00,101.69,102.68,100.65,100.715,224590
2025-12-10 10:25:00-05:00,100.64,101.4,100.05,101.1,269445
2025-12-10 10:30:00-05:00,101.19,101.6999,101,101.4812,157815
2025-12-10 10:35:00-05:00,101.45,101.86,101.19,101.35,179166
2025-12-10 10:40:00-05:00,101.27,101.88,100.85,101.45,142985
2025-12-10 10:45:00-05:00,101.45,102.41,101.45,101.975,172034
2025-12-10 10:50:00-05:00,101.96,102.03,100.96,101.5,127747
2025-12-10 10:55:00-05:00,101.4,101.85,101.07,101.44,102264
2025-12-10 11:00:00-05:00,101.535,101.8,101.21,101.565,66628
2025-12-10 11:05:00-05:00,101.57,102.32,101,102.235,121070
2025-12-10 11:10:00-05:00,102.235,102.35,101.5582,101.6796,109823
2025-12-10 11:15:00-05:00,101.67,102.08,101.31,101.9,85104
2025-12-10 11:20:00-05:00,101.9,102.05,100.9201,102,106437
2025-12-10 11:25:00-05:00,101.975,102.19,101.4026,102.01,66534
2025-12-10 11:30:00-05:00,102.01,103,101.95,102.96,179502
2025-12-10 11:35:00-05:00,103,103.0295,102.18,102.755,128159
2025-12-10 11:40:00-05:00,102.755,103.3096,102.57,103.265,122308
2025-12-10 11:45:00-05:00,103.29,103.37,102.42,103.165,91277
2025-12-10 11:50:00-05:00,103.165,103.42,103,103.275,102086
2025-12-10 11:55:00-05:00,103.24,103.78,103.11,103.545,113666
2025-12-10 12:00:00-05:00,103.63,103.75,103.18,103.31,145522
2025-12-10 12:05:00-05:00,103.22,103.4,102.66,102.77,68105
2025-12-10 12:10:00-05:00,102.85,102.97,102.57,102.73,73216
2025-12-10 12:15:00-05:00,102.74,102.74,102.021,102.1101,87594
2025-12-10 12:20:00-05:00,102.15,102.37,101.87,102.13,64953
2025-12-10 12:25:00-05:00,102.04,102.25,101.33,101.35,81880
2025-12-10 12:30:00-05:00,101.34,102.04,101.28,102.0399,48341
2025-12-10 12:35:00-05:00,102.04,102.29,101.82,102.05,30678
2025-12-10 12:40:00-05:00,102.16,102.21,101.81,101.995,35575
2025-12-10 12:45:00-05:00,101.94,102.43,101.91,102.43,69967
2025-12-10 12:50:00-05:00,102.43,102.5699,102.11,102.32,82433
2025-12-10 12:55:00-05:00,102.42,102.77,102.26,102.73,49751
2025-12-10 13:00:00-05:00,102.66,102.88,102.52,102.62,35941
2025-12-10 13:05:00-05:00,102.625,103.2499,102.6,102.906,63692
2025-12-10 13:10:00-05:00,102.93,103.49,102.8001,103.39,64347
2025-12-10 13:15:00-05:00,103.31,103.4199,102.97,103.26,51557
2025-12-10 13:20:00-05:00,103.26,103.45,103.1,103.32,28208
2025-12-10 13:25:00-05:00,103.25,103.59,102.68,103.5,73068
2025-12-10 13:30:00-05:00,103.51,103.75,103,103.02,60440
2025-12-10 13:35:00-05:00,103.07,103.39,102.8601,103.125,47102
2025-12-10 13:40:00-05:00,103.07,103.4699,102.96,103.31,34702
2025-12-10 13:45:00-05:00,103.21,103.44,102.89,103.385,44100
2025-12-10 13:50:00-05:00,103.35,103.75,102.67,102.73,80344
2025-12-10 13:55:00-05:00,102.788,102.88,102.27,102.585,63390
2025-12-10 14:00:00-05:00,102.6681,104.7,102.52,103.79,235829
2025-12-10 14:05:00-05:00,103.785,106,103.785,105.62,227941
2025-12-10 14:10:00-05:00,105.4525,105.94,104.81,104.82,151187
2025-12-10 14:15:00-05:00,104.88,105.57,104.48,104.96,137182
2025-12-10 14:20:00-05:00,104.97,105.01,103.78,103.98,173854
2025-12-10 14:25:00-05:00,104.09,104.29,103,103.566,141201
2025-12-10 14:30:00-05:00,103.71,105.7023,103.615,105.6,180461
2025-12-10 14:35:00-05:00,105.43,106,104.21,104.5,129581
2025-12-10 14:40:00-05:00,104.5001,104.605,103.22,103.9922,153706
2025-12-10 14:45:00-05:00,104.05,104.88,103.87,104.45,76653
2025-12-10 14:50:00-05:00,104.1559,105.5,104,105.2119,96943
2025-12-10 14:55:00-05:00,105.14,105.415,104.66,105.205,95088
2025-12-10 15:00:00-05:00,105.26,105.45,103.6,104.11,155258
2025-12-10 15:05:00-05:00,104.21,104.41,103.21,104.1255,95012
2025-12-10 15:10:00-05:00,104.0001,104.19,103.3,103.755,102341
2025-12-10 15:15:00-05:00,103.7,104.2399,103.63,104.09,101159
2025-12-10 15:20:00-05:00,104.01,104.595,103.66,103.86,99302
2025-12-10 15:25:00-05:00,103.95,104.48,103.26,103.42,128101
2025-12-10 15:30:00-05:00,103.3,104.19,103.07,103.93,208438
2025-12-10 15:35:00-05:00,104.01,104.24,103.26,103.456,150501
2025-12-10 15:40:00-05:00,103.43,103.58,103.19,103.2055,137754
2025-12-10 15:45:00-05:00,103.23,103.41,102.68,102.98,255688
2025-12-10 15:50:00-05:00,103.03,103.2,102.5,102.69,280929
2025-12-10 15:55:00-05:00,102.68,102.8835,101.15,101.27,773639
2025-12-11 09:30:00-05:00,100,101.8,99.3,99.705,506799
2025-12-11 09:35:00-05:00,99.67,100.3465,98.4205,99.84,289685
2025-12-11 09:40:00-05:00,99.74,100.1135,98.2201,98.6859,199550
2025-12-11 09:45:00-05:00,98.79,99.2536,97.68,98.06,303943
2025-12-11 09:50:00-05:00,98.115,98.88,96.5,98.2612,200635
2025-12-11 09:55:00-05:00,98.13,98.81,97.5,97.9,202030
2025-12-11 10:00:00-05:00,97.99,100.22,97.6734,99.84,146607
2025-12-11 10:05:00-05:00,99.71,102.3164,99.66,102.3164,222928
2025-12-11 10:10:00-05:00,102.255,103.2695,101.72,101.82,236859
2025-12-11 10:15:00-05:00,101.875,102.9,101.68,102.72,118525
2025-12-11 10:20:00-05:00,102.6062,104.44,102.6062,104.03,204885
2025-12-11 10:25:00-05:00,104.03,104.03,102.58,102.77,140435
2025-12-11 10:30:00-05:00,102.8633,103.1599,102.4088,102.74,96707
2025-12-11 10:35:00-05:00,102.74,102.74,101.22,102.41,164359
2025-12-11 10:40:00-05:00,102.14,102.71,101.53,101.85,108539
2025-12-11 10:45:00-05:00,101.855,102.44,101.42,101.755,85911
2025-12-11 10:50:00-05:00,101.73,102.66,101.73,102.23,79777
2025-12-11 10:55:00-05:00,102.3881,102.54,101.8,102.08,117109
2025-12-11 11:00:00-05:00,102.0317,102.435,101.61,101.845,54864
2025-12-11 11:05:00-05:00,101.75,102.01,101.3,101.5,47828
2025-12-11 11:10:00-05:00,101.59,101.59,100.81,101.03,63160
2025-12-11 11:15:00-05:00,101.08,101.63,100.6,101.63,67773
2025-12-11 11:20:00-05:00,101.45,102.96,101.3,102.8861,79885
2025-12-11 11:25:00-05:00,102.815,102.93,102.03,102.24,64780
2025-12-11 11:30:00-05:00,102.41,103.75,102.41,103.38,88678
2025-12-11 11:35:00-05:00,103.31,104.86,103.29,104.4,120762
2025-12-11 11:40:00-05:00,104.32,104.959,104.31,104.79,94054
2025-12-11 11:45:00-05:00,104.79,105.34,104.7201,105.005,92662
2025-12-11 11:50:00-05:00,105.0262,105.0262,104.29,104.73,64120
2025-12-11 11:55:00-05:00,104.715,104.72,104,104.3,82534
2025-12-11 12:00:00-05:00,104.25,104.82,104.25,104.6505,63147
2025-12-11 12:05:00-05:00,104.65,104.75,104.32,104.6,37623
2025-12-11 12:10:00-05:00,104.6,105.31,104.5712,105.27,65440
2025-12-11 12:15:00-05:00,105.16,105.7,104.815,105.61,95814
2025-12-11 12:20:00-05:00,105.675,105.89,105.34,105.34,117835
2025-12-11 12:25:00-05:00,105.4005,105.6,105.3,105.345,58243
2025-12-11 12:30:00-05:00,105.36,105.71,105.2805,105.485,40854
2025-12-11 12:35:00-05:00,105.485,106.5575,105.44,106.5529,132700
2025-12-11 12:40:00-05:00,106.64,106.9716,106.49,106.6985,113297
2025-12-11 12:45:00-05:00,106.7174,107,106.55,106.595,104529
2025-12-11 12:50:00-05:00,106.55,106.74,106.26,106.2601,62341
2025-12-11 12:55:00-05:00,106.46,106.51,105.69,106.21,96598
2025-12-11 13:00:00-05:00,106.14,106.3899,105.855,105.92,69049
2025-12-11 13:05:00-05:00,105.83,106.05,105.68,106.05,35462
2025-12-11 13:10:00-05:00,105.91,106.46,105.8984,106.36,39062
2025-12-11 13:15:00-05:00,106.37,106.74,106.2,106.3018,45010
2025-12-11 13:20:00-05:00,106.3577,106.48,105.95,106.215,43476
2025-12-11 13:25:00-05:00,106.2275,106.6499,106.09,106.4328,48707
2025-12-11 13:30:00-05:00,106.3301,106.4,105.89,106.16,38437
2025-12-11 13:35:00-05:00,106.24,106.81,106.1,106.81,32111
2025-12-11 13:40:00-05:00,106.88,107.11,106.4801,107.11,56526
2025-12-11 13:45:00-05:00,107.1312,107.1312,106.675,106.7,28111
2025-12-11 13:50:00-05:00,106.69,106.9055,106.6,106.8575,32094
2025-12-11 13:55:00-05:00,106.8119,107.12,106.665,106.99,56065
2025-12-11 14:00:00-05:00,106.955,107.47,106.89,107.4,74982
2025-12-11 14:05:00-05:00,107.48,107.48,106.57,107.12,59737
2025-12-11 14:10:00-05:00,107.04,107.325,106.64,107.16,58354
2025-12-11 14:15:00-05:00,107.21,107.92,107.09,107.63,124540
2025-12-11 14:20:00-05:00,107.605,107.79,107.32,107.74,64220
2025-12-11 14:25:00-05:00,107.77,108.6918,107.58,108.56,115439
2025-12-11 14:30:00-05:00,108.59,108.89,108.5,108.625,101475
2025-12-11 14:35:00-05:00,108.67,108.88,108.415,108.55,52448
2025-12-11 14:40:00-05:00,108.555,109.25,108.47,109.193,112699
2025-12-11 14:45:00-05:00,109.2,109.2,108.58,108.835,75484
2025-12-11 14:50:00-05:00,108.835,108.9899,108.32,108.37,66999
2025-12-11 14:55:00-05:00,108.31,108.5599,108.1201,108.2,94439
2025-12-11 15:00:00-05:00,108.22,109.0999,108.21,109.0999,60097
2025-12-11 15:05:00-05:00,109.0612,109.27,108.75,109.065,113753
2025-12-11 15:10:00-05:00,109.065,109.1599,108.8,108.93,62973
2025-12-11 15:15:00-05:00,108.86,109.05,108.73,108.93,40949
2025-12-11 15:20:00-05:00,108.87,109.6599,108.78,109.25,75603
2025-12-11 15:25:00-05:00,109.25,109.345,109.06,109.06,46796
2025-12-11 15:30:00-05:00,109.11,109.55,109.06,109.33,68374
2025-12-11 15:35:00-05:00,109.41,109.478,109.06,109.25,60238
2025-12-11 15:40:00-05:00,109.23,109.5,109.08,109.31,94661
2025-12-11 15:45:00-05:00,109.22,110.29,109.18,109.69,141607
2025-12-11 15:50:00-05:00,109.72,109.855,109.19,109.25,176766
2025-12-11 15:55:00-05:00,109.18,109.3,108.4,109.04,370495
2025-12-12 09:30:00-05:00,105,107.1,104.12,104.8413,589516
2025-12-12 09:35:00-05:00,104.53,106.28,104.15,105.495,247698
2025-12-12 09:40:00-05:00,105.45,106.865,103.71,104.1509,388468
2025-12-12 09:45:00-05:00,104.2145,105.23,103.51,103.66,220331
2025-12-12 09:50:00-05:00,103.83,105.37,103.4,104.809,318426
2025-12-12 09:55:00-05:00,104.975,105.33,103.4,103.61,252010
2025-12-12 10:00:00-05:00,103.665,103.78,101.11,101.855,468578
2025-12-12 10:05:00-05:00,101.94,102.36,100.84,101.045,217967
2025-12-12 10:10:00-05:00,101.01,102.18,100.83,101.6951,289228
2025-12-12 10:15:00-05:00,101.6872,102.57,101.06,102.49,185926
2025-12-12 10:20:00-05:00,102.5036,102.5036,101,101.395,232384
2025-12-12 10:25:00-05:00,101.39,101.4025,100.3,100.57,178856
2025-12-12 10:30:00-05:00,100.57,101.82,100.25,101.2025,118187
2025-12-12 10:35:00-05:00,101.15,101.31,100.4201,100.82,119263
2025-12-12 10:40:00-05:00,100.82,102.89,100.5,102.8225,178115
2025-12-12 10:45:00-05:00,102.73,103.08,102.5,102.89,167182
2025-12-12 10:50:00-05:00,102.91,103.02,101.62,101.64,110157
2025-12-12 10:55:00-05:00,101.62,101.86,98.21,99.02,840374
2025-12-12 11:00:00-05:00,99,100.77,98.21,98.572,416090
2025-12-12 11:05:00-05:00,98.67,99.5,97.5,97.665,306122
2025-12-12 11:10:00-05:00,97.65,98.51,97.04,97.05,354882
2025-12-12 11:15:00-05:00,97.06,97.73,95.62,96.1825,445371
2025-12-12 11:20:00-05:00,96.22,96.7199,95.4,96.31,364884
2025-12-12 11:25:00-05:00,96.32,97.3185,95.795,96.9623,460823
2025-12-12 11:30:00-05:00,96.92,96.92,94.87,95.085,285170
2025-12-12 11:35:00-05:00,95.115,95.67,94.4,94.51,309959
2025-12-12 11:40:00-05:00,94.525,95.996,94.24,95.996,300961
2025-12-12 11:45:00-05:00,95.935,96.51,95.39,95.8,211826
2025-12-12 11:50:00-05:00,95.79,96.34,95.45,95.74,174097
2025-12-12 11:55:00-05:00,95.755,96.27,95.51,96.23,133166
2025-12-12 12:00:00-05:00,96.1,97.35,96.0106,97.12,241407
2025-12-12 12:05:00-05:00,97.11,98.8899,97.06,98.5962,296625
2025-12-12 12:10:00-05:00,98.41,99.56,98.37,98.9061,181532
2025-12-12 12:15:00-05:00,98.88,99.825,98.88,99.45,244454
2025-12-12 12:20:00-05:00,99.445,99.57,98.39,98.5196,158962
2025-12-12 12:25:00-05:00,98.5,98.5,97.4301,97.72,122752
2025-12-12 12:30:00-05:00,97.79,98,96.87,97.318,152051
2025-12-12 12:35:00-05:00,97.2825,98.4,97.13,98.2901,170097
2025-12-12 12:40:00-05:00,98.3675,98.89,98.21,98.555,80157
2025-12-12 12:45:00-05:00,98.54,100.28,98.5,99.55,236894
2025-12-12 12:50:00-05:00,99.6,99.7892,99.022,99.4918,95924
2025-12-12 12:55:00-05:00,99.55,99.7399,99.2955,99.37,67721
2025-12-12 13:00:00-05:00,99.48,99.48,98.84,99.32,92866
2025-12-12 13:05:00-05:00,99.31,99.45,99.11,99.3775,51366
2025-12-12 13:10:00-05:00,99.37,101.88,98.97,99.615,257669
2025-12-12 13:15:00-05:00,99.7106,100.98,99.67,100.5172,182512
2025-12-12 13:20:00-05:00,100.5,100.5,99.51,100.055,102461
2025-12-12 13:25:00-05:00,100.1,100.61,99.9,100.5,60016
2025-12-12 13:30:00-05:00,100.5,101,100.41,100.57,60994
2025-12-12 13:35:00-05:00,100.63,100.63,100,100.05,43382
2025-12-12 13:40:00-05:00,100.1001,100.65,99.51,99.755,56275
2025-12-12 13:45:00-05:00,99.76,100,99.51,99.96,47254
2025-12-12 13:50:00-05:00,100,100.18,99.69,99.9109,43055
2025-12-12 13:55:00-05:00,99.935,99.9799,99.23,99.57,50395
2025-12-12 14:00:00-05:00,99.59,99.7,99.07,99.321,54446
2025-12-12 14:05:00-05:00,99.32,99.42,98.3,98.34,79980
2025-12-12 14:10:00-05:00,98.385,98.5499,98,98.26,53337
2025-12-12 14:15:00-05:00,98.21,98.457,97.85,97.925,51585
2025-12-12 14:20:00-05:00,98,98.1,97.28,97.34,81869
2025-12-12 14:25:00-05:00,97.3,97.7,97.19,97.58,72197
2025-12-12 14:30:00-05:00,97.6213,97.87,97.24,97.2401,81269
2025-12-12 14:35:00-05:00,97.295,97.76,97.241,97.485,55963
2025-12-12 14:40:00-05:00,97.485,97.8299,97.32,97.79,88651
2025-12-12 14:45:00-05:00,97.78,98.15,97.75,97.93,80006
2025-12-12 14:50:00-05:00,97.92,97.96,97.28,97.7633,68845
2025-12-12 14:55:00-05:00,97.72,97.85,97.405,97.765,57649
2025-12-12 15:00:00-05:00,97.6901,97.94,97.55,97.87,64367
2025-12-12 15:05:00-05:00,97.855,98.22,97.69,97.75,92115
2025-12-12 15:10:00-05:00,97.72,97.82,96.141,96.4,259587
2025-12-12 15:15:00-05:00,96.39,96.88,96.05,96.24,109098
2025-12-12 15:20:00-05:00,96.2895,96.45,96.07,96.16,105522
2025-12-12 15:25:00-05:00,96.16,96.535,95.72,95.8,233911
2025-12-12 15:30:00-05:00,95.77,95.86,95.04,95.8,228748
2025-12-12 15:35:00-05:00,95.83,95.975,95,95.29,280176
2025-12-12 15:40:00-05:00,95.2598,96.139,95.25,95.92,168862
2025-12-12 15:45:00-05:00,95.94,96.44,95.2501,95.255,275226
2025-12-12 15:50:00-05:00,95.26,96.09,95.255,95.635,254810
2025-12-12 15:55:00-05:00,95.635,95.635,94.9,94.98,548055
2025-12-15 09:30:00-05:00,96.48,96.48,92.95,93.92,458491
2025-12-15 09:35:00-05:00,93.99,97,93.89,94.58,315467
2025-12-15 09:40:00-05:00,94.63,95.62,94.4954,95.12,169827
2025-12-15 09:45:00-05:00,95.08,95.32,94.21,94.86,161208
2025-12-15 09:50:00-05:00,94.9,95.06,92.765,93.49,296825
2025-12-15 09:55:00-05:00,93.51,94.64,93.147,93.515,199251
2025-12-15 10:00:00-05:00,93.51,94.37,93.02,93.96,300512
2025-12-15 10:05:00-05:00,93.85,94.9,93.8492,94.19,202896
2025-12-15 10:10:00-05:00,94.17,95.16,93.84,94.89,165555
2025-12-15 10:15:00-05:00,94.89,94.91,94.05,94.43,157803
2025-12-15 10:20:00-05:00,94.42,95.4018,94.35,94.71,166882
2025-12-15 10:25:00-05:00,94.67,95.42,94.36,94.9215,135966
2025-12-15 10:30:00-05:00,94.84,95.5,92.885,94.6899,126279
2025-12-15 10:35:00-05:00,94.56,94.875,93.57,93.63,113206
2025-12-15 10:40:00-05:00,93.6201,94.37,93.34,94.27,119549
2025-12-15 10:45:00-05:00,94.27,94.8004,93.85,94.71,124774
2025-12-15 10:50:00-05:00,94.71,94.8499,93.7,94.19,81770
2025-12-15 10:55:00-05:00,94.23,95.19,94.16,95.125,103071
2025-12-15 11:00:00-05:00,95.06,95.37,94.32,94.796,96668
2025-12-15 11:05:00-05:00,94.73,95.35,94.71,95.1264,72389
2025-12-15 11:10:00-05:00,95.18,95.58,95,95.349,88644
2025-12-15 11:15:00-05:00,95.26,96.3358,95.2,96.3358,92698
2025-12-15 11:20:00-05:00,96.2592,96.79,95.795,96.1436,154336
2025-12-15 11:25:00-05:00,96.13,96.6999,95.8,95.92,86015
2025-12-15 11:30:00-05:00,95.925,96.02,95.043,95.21,140271
2025-12-15 11:35:00-05:00,95.16,95.27,94.25,94.4189,108691
2025-12-15 11:40:00-05:00,94.36,94.6299,94.23,94.25,60196
2025-12-15 11:45:00-05:00,94.25,94.6,93.8319,94.4888,74336
2025-12-15 11:50:00-05:00,94.59,95.39,94.58,95.31,71978
2025-12-15 11:55:00-05:00,95.3,95.33,94.32,94.43,66143
2025-12-15 12:00:00-05:00,94.43,94.6622,94.15,94.15,62413
2025-12-15 12:05:00-05:00,94.1479,94.47,93.83,94.11,89449
2025-12-15 12:10:00-05:00,94.21,94.33,94,94.2,57592
2025-12-15 12:15:00-05:00,94.17,94.3711,93.98,94.235,51102
2025-12-15 12:20:00-05:00,94.2,94.7,94.2,94.38,67616
2025-12-15 12:25:00-05:00,94.38,94.5399,94.29,94.43,41314
2025-12-15 12:30:00-05:00,94.41,94.63,94.2418,94.29,36140
2025-12-15 12:35:00-05:00,94.31,94.5,94.18,94.305,43344
2025-12-15 12:40:00-05:00,94.27,94.515,94.2201,94.46,38091
2025-12-15 12:45:00-05:00,94.51,95.3,94.335,94.405,52249
2025-12-15 12:50:00-05:00,94.31,94.315,93.89,94,73954
2025-12-15 12:55:00-05:00,94.01,94.41,93.91,94.4077,48373
2025-12-15 13:00:00-05:00,94.3396,94.3396,93.54,93.5455,75644
2025-12-15 13:05:00-05:00,93.595,94,93.52,93.68,80482
2025-12-15 13:10:00-05:00,93.69,94.015,93.62,93.9,46606
2025-12-15 13:15:00-05:00,93.92,93.97,93.42,93.615,65169
2025-12-15 13:20:00-05:00,93.6,93.625,93.07,93.085,85943
2025-12-15 13:25:00-05:00,93.1,93.1076,92.35,92.4949,206348
2025-12-15 13:30:00-05:00,92.46,92.6999,92.24,92.47,93418
2025-12-15 13:35:00-05:00,92.46,92.92,92.23,92.52,96785
2025-12-15 13:40:00-05:00,92.6,92.64,92.25,92.4842,153730
2025-12-15 13:45:00-05:00,92.47,92.86,92.37,92.7841,95412
2025-12-15 13:50:00-05:00,92.75,93.4763,92.68,93.42,70933
2025-12-15 13:55:00-05:00,93.41,93.794,93.34,93.45,69597
2025-12-15 14:00:00-05:00,93.43,93.7399,93.2901,93.51,59579
2025-12-15 14:05:00-05:00,93.5101,93.65,93.26,93.465,87318
2025-12-15 14:10:00-05:00,93.4301,93.59,93.11,93.155,106758
2025-12-15 14:15:00-05:00,93.1425,93.4,93.086,93.36,66645
2025-12-15 14:20:00-05:00,93.3601,93.43,93.05,93.235,55622
2025-12-15 14:25:00-05:00,93.2001,93.6887,93.2,93.41,70127
2025-12-15 14:30:00-05:00,93.42,93.45,93.09,93.15,77556
2025-12-15 14:35:00-05:00,93.145,93.2,92.77,92.96,96810
2025-12-15 14:40:00-05:00,93,93.0712,92.5,92.55,87587
2025-12-15 14:45:00-05:00,92.5501,92.5784,91.91,91.96,111958
2025-12-15 14:50:00-05:00,91.92,92.3498,91.92,92.2,78907
2025-12-15 14:55:00-05:00,92.1501,92.185,91.95,92.13,66591
2025-12-15 15:00:00-05:00,92.115,92.14,91.54,91.67,129411
2025-12-15 15:05:00-05:00,91.6601,91.83,91.36,91.645,95272
2025-12-15 15:10:00-05:00,91.6101,91.84,91.5,91.66,109249
2025-12-15 15:15:00-05:00,91.6001,91.74,90.8314,90.9999,223304
2025-12-15 15:20:00-05:00,90.91,90.9551,90,90.05,274288
2025-12-15 15:25:00-05:00,90.04,90.47,89.92,90.4,227692
2025-12-15 15:30:00-05:00,90.3821,90.7185,90.02,90.5,176500
2025-12-15 15:35:00-05:00,90.48,90.553,90.15,90.43,173837
2025-12-15 15:40:00-05:00,90.435,90.57,89.91,89.9764,258420
2025-12-15 15:45:00-05:00,89.9904,90.205,89.605,89.74,236293
2025-12-15 15:50:00-05:00,89.74,90.25,89.62,89.6907,320847
2025-12-15 15:55:00-05:00,89.74,89.79,89.11,89.51,522144
2025-12-16 09:30:00-05:00,88.15,89.09,87.2,87.48,540167
2025-12-16 09:35:00-05:00,87.42,89.1,87.32,87.45,328248
2025-12-16 09:40:00-05:00,87.33,88.02,85.3961,85.892,588379
2025-12-16 09:45:00-05:00,85.88,87.886,85.7,87.49,333655
2025-12-16 09:50:00-05:00,87.525,88.1,87.14,87.34,284733
2025-12-16 09:55:00-05:00,87.37,88.6173,87.25,88.31,309020
2025-12-16 10:00:00-05:00,88.28,88.4165,87.26,88.0397,198998
2025-12-16 10:05:00-05:00,88.025,88.0275,85.85,85.9,188646
2025-12-16 10:10:00-05:00,85.8679,86.02,85.23,85.6025,361344
2025-12-16 10:15:00-05:00,85.55,85.79,84.2101,84.4378,442890
2025-12-16 10:20:00-05:00,84.5,84.7568,83.54,83.7,456297
2025-12-16 10:25:00-05:00,83.65,85.49,83.31,85.28,443522
2025-12-16 10:30:00-05:00,85.21,85.76,84.6,85.4,305453
2025-12-16 10:35:00-05:00,85.55,85.88,84.63,85.23,170753
2025-12-16 10:40:00-05:00,85.24,85.26,83.56,84.0804,359041
2025-12-16 10:45:00-05:00,84.01,84.43,83.77,84.0585,345698
2025-12-16 10:50:00-05:00,84.17,84.2575,83.57,83.925,215351
2025-12-16 10:55:00-05:00,83.88,84.73,83.785,84.52,259785
2025-12-16 11:00:00-05:00,84.59,85.3537,84.58,84.885,220570
2025-12-16 11:05:00-05:00,84.89,85.2,84.41,84.495,113763
2025-12-16 11:10:00-05:00,84.495,84.93,84.2,84.88,159109
2025-12-16 11:15:00-05:00,84.87,85.16,84.27,84.37,143023
2025-12-16 11:20:00-05:00,84.26,84.49,83.92,83.925,124660
2025-12-16 11:25:00-05:00,83.95,84.37,83.9,84.1,127481
2025-12-16 11:30:00-05:00,84.01,84.4,83.9,84.325,97379
2025-12-16 11:35:00-05:00,84.325,84.43,83.45,84.055,113936
2025-12-16 11:40:00-05:00,84.03,84.44,83.94,84.35,101491
2025-12-16 11:45:00-05:00,84.4135,85.015,84.26,84.9556,108505
2025-12-16 11:50:00-05:00,84.965,85.17,84.3601,84.6711,122851
2025-12-16 11:55:00-05:00,84.666,85.27,84.54,85.27,90095
2025-12-16 12:00:00-05:00,85.28,86.03,85.1,85.8,158002
2025-12-16 12:05:00-05:00,85.76,85.8,85.15,85.28,94840
2025-12-16 12:10:00-05:00,85.295,85.45,85.07,85.18,71954
2025-12-16 12:15:00-05:00,85.18,85.62,85.125,85.59,65687
2025-12-16 12:20:00-05:00,85.595,85.95,85.425,85.8067,120533
2025-12-16 12:25:00-05:00,85.8,85.81,85.2,85.41,183941
2025-12-16 12:30:00-05:00,85.4,86.11,85.32,86.07,113253
2025-12-16 12:35:00-05:00,86.04,86.37,85.62,85.79,101855
2025-12-16 12:40:00-05:00,85.77,85.88,85.55,85.73,76466
2025-12-16 12:45:00-05:00,85.83,86.2,85.6533,85.72,96089
2025-12-16 12:50:00-05:00,85.72,85.7299,85.35,85.51,94680
2025-12-16 12:55:00-05:00,85.465,85.69,85.28,85.4,72122
2025-12-16 13:00:00-05:00,85.39,85.62,85.05,85.445,91678
2025-12-16 13:05:00-05:00,85.425,85.46,84.84,85.2225,83306
2025-12-16 13:10:00-05:00,85.18,85.49,85.14,85.4,107161
2025-12-16 13:15:00-05:00,85.36,85.385,84.7,84.87,69148
2025-12-16 13:20:00-05:00,84.87,85.48,84.8,85.39,103687
2025-12-16 13:25:00-05:00,85.39,85.45,85.03,85.1,52086
2025-12-16 13:30:00-05:00,85.18,85.495,84.94,85.46,1851095
2025-12-16 13:35:00-05:00,85.44,86.13,85.44,85.905,118674
2025-12-16 13:40:00-05:00,86.02,86.51,86.01,86.3984,102097
2025-12-16 13:45:00-05:00,86.45,86.615,86.13,86.485,92424
2025-12-16 13:50:00-05:00,86.46,86.5,85.77,85.87,76501
2025-12-16 13:55:00-05:00,85.91,86.03,85.67,85.94,150439
2025-12-16 14:00:00-05:00,85.82,85.94,85.18,85.23,96006
2025-12-16 14:05:00-05:00,85.2,85.44,85.07,85.2,138820
2025-12-16 14:10:00-05:00,85.2,85.225,84.6,84.6,124173
2025-12-16 14:15:00-05:00,84.58,84.9,84.36,84.36,121762
2025-12-16 14:20:00-05:00,84.395,84.83,84.24,84.59,121845
2025-12-16 14:25:00-05:00,84.6,85.09,84.53,84.6075,96109
2025-12-16 14:30:00-05:00,84.64,85,84.55,84.77,96424
2025-12-16 14:35:00-05:00,84.75,84.9,84.33,84.42,88714
2025-12-16 14:40:00-05:00,84.38,84.49,84.1805,84.44,126160
2025-12-16 14:45:00-05:00,84.4,84.63,84.26,84.54,87312
2025-12-16 14:50:00-05:00,84.57,84.87,84.44,84.6301,77009
2025-12-16 14:55:00-05:00,84.6,84.72,84.42,84.51,77304
2025-12-16 15:00:00-05:00,84.5,84.83,84.49,84.615,82428
2025-12-16 15:05:00-05:00,84.62,85.08,84.51,85.08,93389
2025-12-16 15:10:00-05:00,85.07,85.32,85.03,85.08,133062
2025-12-16 15:15:00-05:00,85.07,85.07,84.6101,84.98,109529
2025-12-16 15:20:00-05:00,84.97,85.48,84.92,85.47,143420
2025-12-16 15:25:00-05:00,85.45,85.79,85.41,85.755,100087
2025-12-16 15:30:00-05:00,85.73,86.8,85.54,86.745,236905
2025-12-16 15:35:00-05:00,86.74,87.4,86.62,87.05,398927
2025-12-16 15:40:00-05:00,87.03,87.12,86.7,86.87,258795
2025-12-16 15:45:00-05:00,86.84,87.25,86.62,86.9,265200
2025-12-16 15:50:00-05:00,86.94,87.49,86.86,87.31,286199
2025-12-16 15:55:00-05:00,87.3,87.75,87.15,87.6,731015
2025-12-17 09:30:00-05:00,88.3,90.5,88.08,88.9,459185
2025-12-17 09:35:00-05:00,88.9,89,87.8201,88.45,392905
2025-12-17 09:40:00-05:00,88.44,89.48,86.16,86.33,270712
2025-12-17 09:45:00-05:00,86.48,86.85,84.5,85.45,196571
2025-12-17 09:50:00-05:00,85.53,85.67,84.06,84.165,143357
2025-12-17 09:55:00-05:00,84.085,85.5,83.7,85.5,229466
2025-12-17 10:00:00-05:00,85.415,85.5,84.03,84.41,156981
2025-12-17 10:05:00-05:00,84.405,84.558,83.82,83.83,116157
2025-12-17 10:10:00-05:00,83.97,84.16,83.02,83.43,353942
2025-12-17 10:15:00-05:00,83.42,83.8,82.54,83.02,280542
2025-12-17 10:20:00-05:00,83,84.39,82.87,83.76,196721
2025-12-17 10:25:00-05:00,83.8,85.24,83.62,84.5388,235947
2025-12-17 10:30:00-05:00,84.51,85.02,83.21,83.2137,168646
2025-12-17 10:35:00-05:00,83.21,83.49,82.54,82.5408,375012
2025-12-17 10:40:00-05:00,82.54,83.3,81.8865,82.39,247793
2025-12-17 10:45:00-05:00,82.395,82.765,81.56,81.885,533787
2025-12-17 10:50:00-05:00,81.869,82,81.0301,81.44,188627
2025-12-17 10:55:00-05:00,81.6102,81.68,80.55,80.76,252407
2025-12-17 11:00:00-05:00,80.7597,81.31,80.6701,81.205,196111
2025-12-17 11:05:00-05:00,81.1612,82.68,81.1612,82.4,249137
2025-12-17 11:10:00-05:00,82.41,82.62,80.98,81.01,175654
2025-12-17 11:15:00-05:00,81.005,81.38,80.8,81.1001,256946
2025-12-17 11:20:00-05:00,81,81.4,80.7,80.7,211020
2025-12-17 11:25:00-05:00,80.73,81.425,80.67,80.81,175676
2025-12-17 11:30:00-05:00,80.76,80.8201,79.425,79.53,347776
2025-12-17 11:35:00-05:00,79.45,79.98,79,79.2475,240481
2025-12-17 11:40:00-05:00,79.24,79.98,79.24,79.9498,203542
2025-12-17 11:45:00-05:00,79.835,80.05,79.21,79.26,152926
2025-12-17 11:50:00-05:00,79.25,79.54,78.91,79.17,227480
2025-12-17 11:55:00-05:00,79.16,79.81,78.98,79.73,189914
2025-12-17 12:00:00-05:00,79.72,79.775,79.201,79.235,125839
2025-12-17 12:05:00-05:00,79.3683,79.8099,79.1,79.3542,134036
2025-12-17 12:10:00-05:00,79.32,79.6615,79.2,79.3,144545
2025-12-17 12:15:00-05:00,79.3,79.91,79.21,79.46,139620
2025-12-17 12:20:00-05:00,79.52,79.97,79.3915,79.95,98198
2025-12-17 12:25:00-05:00,79.96,80.15,79.22,79.455,152463
2025-12-17 12:30:00-05:00,79.48,79.627,79.11,79.2,104231
2025-12-17 12:35:00-05:00,79.2,79.77,79.15,79.47,87231
2025-12-17 12:40:00-05:00,79.525,79.94,79.3,79.345,159590
2025-12-17 12:45:00-05:00,79.37,79.65,79.14,79.2745,88847
2025-12-17 12:50:00-05:00,79.21,79.4371,78.77,78.92,133830
2025-12-17 12:55:00-05:00,78.99,79.08,78.67,78.8775,169040
2025-12-17 13:00:00-05:00,78.85,79.11,78.32,78.56,162800
2025-12-17 13:05:00-05:00,78.46,78.91,78.42,78.66,184315
2025-12-17 13:10:00-05:00,78.6729,79.15,78.5,78.57,127031
2025-12-17 13:15:00-05:00,78.57,78.6436,78.04,78.535,178503
2025-12-17 13:20:00-05:00,78.55,78.99,78.47,78.8601,112637
2025-12-17 13:25:00-05:00,78.87,79,78.57,78.58,96555
2025-12-17 13:30:00-05:00,78.56,78.7399,78.4,78.6,98054
2025-12-17 13:35:00-05:00,78.57,78.6215,78.15,78.25,104989
2025-12-17 13:40:00-05:00,78.2701,78.29,77.81,77.815,230041
2025-12-17 13:45:00-05:00,77.81,78.05,77.65,77.865,167959
2025-12-17 13:50:00-05:00,77.82,77.87,77.4,77.77,174544
2025-12-17 13:55:00-05:00,77.7701,78.09,77.535,78.05,117946
2025-12-17 14:00:00-05:00,78.07,78.27,77.62,77.66,237599
2025-12-17 14:05:00-05:00,77.64,77.765,77.27,77.56,162544
2025-12-17 14:10:00-05:00,77.56,77.98,77.45,77.6713,128183
2025-12-17 14:15:00-05:00,77.64,77.7,77.12,77.27,143079
2025-12-17 14:20:00-05:00,77.275,77.3799,77,77.055,191098
2025-12-17 14:25:00-05:00,77.04,77.15,76.82,77.09,205728
2025-12-17 14:30:00-05:00,77.09,77.19,76.6,76.67,171093
2025-12-17 14:35:00-05:00,76.69,76.8,76.385,76.56,219959
2025-12-17 14:40:00-05:00,76.5799,76.6798,76.14,76.38,344115
2025-12-17 14:45:00-05:00,76.45,76.45,76.06,76.13,250380
2025-12-17 14:50:00-05:00,76.1198,77.09,76.08,77.0344,258293
2025-12-17 14:55:00-05:00,77.054,77.66,77.054,77.4416,177708
2025-12-17 15:00:00-05:00,77.44,77.45,76.67,76.705,217730
2025-12-17 15:05:00-05:00,76.75,76.76,76.3,76.4568,196523
2025-12-17 15:10:00-05:00,76.42,76.5,76.17,76.365,240518
2025-12-17 15:15:00-05:00,76.38,77,76.3302,76.575,191243
2025-12-17 15:20:00-05:00,76.58,77,76.37,76.6799,168359
2025-12-17 15:25:00-05:00,76.655,76.6624,76.165,76.35,152588
2025-12-17 15:30:00-05:00,76.365,76.3828,75.7,76.0478,357463
2025-12-17 15:35:00-05:00,76.06,76.6105,75.82,76.15,187498
2025-12-17 15:40:00-05:00,76.16,77.0401,76.06,76.95,205456
2025-12-17 15:45:00-05:00,76.95,77.06,76.485,76.76,265026
2025-12-17 15:50:00-05:00,76.8,77.44,76.5,76.51,384616
2025-12-17 15:55:00-05:00,76.555,77.0381,76.25,76.97,624695
2025-12-18 09:30:00-05:00,82.91,85.3,82.2,84.742,973018
2025-12-18 09:35:00-05:00,84.73,85.3,82.5,82.73,660497
2025-12-18 09:40:00-05:00,82.74,82.74,81.38,82.18,577459
2025-12-18 09:45:00-05:00,82.09,82.4147,80.19,80.875,433291
2025-12-18 09:50:00-05:00,80.82,81.8,80.2,81.65,306889
2025-12-18 09:55:00-05:00,81.6,83.19,81.3,82.615,483346
2025-12-18 10:00:00-05:00,82.615,82.65,80.9,80.985,282792
2025-12-18 10:05:00-05:00,81.05,81.07,80.01,80.55,296867
2025-12-18 10:10:00-05:00,80.59,80.93,80.15,80.73,220254
2025-12-18 10:15:00-05:00,80.63,81.6868,80.52,81.1101,162676
2025-12-18 10:20:00-05:00,81.11,82.22,81,82.1238,160928
2025-12-18 10:25:00-05:00,82.12,83.3952,82.04,82.7799,309393
2025-12-18 10:30:00-05:00,82.68,82.83,81.8058,82.075,188680
2025-12-18 10:35:00-05:00,81.98,82.23,81.38,82,191057
2025-12-18 10:40:00-05:00,82.02,82.33,81.5001,81.655,186051
2025-12-18 10:45:00-05:00,81.655,81.99,81.3,81.575,106528
2025-12-18 10:50:00-05:00,81.575,81.835,81.3,81.585,121988
2025-12-18 10:55:00-05:00,81.5999,81.64,80.89,81.005,98832
2025-12-18 11:00:00-05:00,80.95,81.35,80.68,81.295,101770
2025-12-18 11:05:00-05:00,81.3499,81.88,81.1,81.3429,113840
2025-12-18 11:10:00-05:00,81.32,81.636,80.99,81.55,88547
2025-12-18 11:15:00-05:00,81.51,81.555,81.1117,81.35,81354
2025-12-18 11:20:00-05:00,81.39,82.2,81.26,81.77,105318
2025-12-18 11:25:00-05:00,81.82,81.94,81.41,81.7345,94203
2025-12-18 11:30:00-05:00,81.8,82,81.5151,81.635,72537
2025-12-18 11:35:00-05:00,81.71,82,81.46,81.91,68373
2025-12-18 11:40:00-05:00,81.88,82.07,81.44,81.86,89758
2025-12-18 11:45:00-05:00,81.8,82.715,81.77,82.45,209313
2025-12-18 11:50:00-05:00,82.4,82.76,82.16,82.69,89243
2025-12-18 11:55:00-05:00,82.645,82.74,81.9,82.1,73005
2025-12-18 12:00:00-05:00,82.06,82.1,81.2,81.61,154547
2025-12-18 12:05:00-05:00,81.675,81.675,80.61,80.61,105486
2025-12-18 12:10:00-05:00,80.67,81.301,80.6,80.82,76495
2025-12-18 12:15:00-05:00,80.87,80.92,80.12,80.79,94254
2025-12-18 12:20:00-05:00,80.73,81.1845,80.44,80.45,62011
2025-12-18 12:25:00-05:00,80.47,80.99,80.26,80.9899,64074
2025-12-18 12:30:00-05:00,80.91,81.3,80.71,81.3,76049
2025-12-18 12:35:00-05:00,81.2801,81.59,80.99,81.1639,65556
2025-12-18 12:40:00-05:00,81.19,81.67,81.1,81.59,73818
2025-12-18 12:45:00-05:00,81.58,81.6721,81.33,81.3566,53114
2025-12-18 12:50:00-05:00,81.375,81.5,80.988,81.25,71379
2025-12-18 12:55:00-05:00,81.22,81.32,81.11,81.22,46390
2025-12-18 13:00:00-05:00,81.22,81.37,80.86,80.885,73541
2025-12-18 13:05:00-05:00,80.9,81.08,80.75,80.98,56869
2025-12-18 13:10:00-05:00,81.03,81.03,80.37,80.724,77970
2025-12-18 13:15:00-05:00,80.83,81.42,80.8,81.24,46000
2025-12-18 13:20:00-05:00,81.2306,81.4772,81.12,81.41,62635
2025-12-18 13:25:00-05:00,81.4199,81.4199,80.92,81.05,60694
2025-12-18 13:30:00-05:00,81.11,81.33,81.0791,81.2,38576
2025-12-18 13:35:00-05:00,81.19,81.71,81.15,81.625,67902
2025-12-18 13:40:00-05:00,81.61,81.61,81.08,81.12,35943
2025-12-18 13:45:00-05:00,81.09,81.19,80.76,81.06,45921
2025-12-18 13:50:00-05:00,81.03,81.4302,80.91,80.98,44309
2025-12-18 13:55:00-05:00,81.01,81.2695,80.95,81,32202
2025-12-18 14:00:00-05:00,81.02,81.07,80.65,80.735,46621
2025-12-18 14:05:00-05:00,80.68,81.14,80.57,81.086,25783
2025-12-18 14:10:00-05:00,81.06,81.325,81.01,81.03,63343
2025-12-18 14:15:00-05:00,80.97,81.04,80.81,80.97,101955
2025-12-18 14:20:00-05:00,80.97,81.625,80.94,81.315,99028
2025-12-18 14:25:00-05:00,81.3054,81.36,80.95,81.16,38243
2025-12-18 14:30:00-05:00,81.14,81.4,80.78,80.9295,50345
2025-12-18 14:35:00-05:00,80.95,81.04,80.81,81,63053
2025-12-18 14:40:00-05:00,81.02,81.07,80.48,80.53,64006
2025-12-18 14:45:00-05:00,80.5,80.745,80.25,80.635,84634
2025-12-18 14:50:00-05:00,80.635,80.78,80.32,80.37,123388
2025-12-18 14:55:00-05:00,80.36,80.36,78.92,78.99,353005
2025-12-18 15:00:00-05:00,79.015,80,78.73,79.975,334312
2025-12-18 15:05:00-05:00,79.9657,80.52,79.9105,80.3708,103416
2025-12-18 15:10:00-05:00,80.3998,80.66,80.0401,80.12,105095
2025-12-18 15:15:00-05:00,80.09,80.212,79.89,80.085,145446
2025-12-18 15:20:00-05:00,80.11,80.22,79.81,80.1306,97361
2025-12-18 15:25:00-05:00,80.1591,80.23,79.88,80.045,133706
2025-12-18 15:30:00-05:00,80.05,80.15,79.66,79.92,123447
2025-12-18 15:35:00-05:00,79.95,80.015,79.66,79.82,88675
2025-12-18 15:40:00-05:00,79.79,79.82,79.38,79.705,178825
2025-12-18 15:45:00-05:00,79.7,80.585,79.69,80.515,223627
2025-12-18 15:50:00-05:00,80.5,80.73,80.17,80.72,287688
2025-12-18 15:55:00-05:00,80.72,80.95,79.93,80.2,592107
2025-12-19 09:30:00-05:00,81.81,86,81.3,85.535,957741
2025-12-19 09:35:00-05:00,85.667,86.38,84.37,86.01,718539
2025-12-19 09:40:00-05:00,86.01,87.23,84.79,87.16,628155
2025-12-19 09:45:00-05:00,87.11,87.76,86.34,87.13,768835
2025-12-19 09:50:00-05:00,87.125,88.6,87.085,88.245,585747
2025-12-19 09:55:00-05:00,88.14,89.44,87.92,89.26,562395
2025-12-19 10:00:00-05:00,89.21,89.68,88.75,89.105,525895
2025-12-19 10:05:00-05:00,89.05,90.19,89.05,89.5896,503843
2025-12-19 10:10:00-05:00,89.62,90.2999,88.425,88.48,524253
2025-12-19 10:15:00-05:00,88.66,89.55,88.4,89.3,246174
2025-12-19 10:20:00-05:00,89.3,89.55,88.92,89.292,197800
2025-12-19 10:25:00-05:00,89.3793,89.6,88.27,89.485,213409
2025-12-19 10:30:00-05:00,89.48,89.6499,88.78,88.82,113661
2025-12-19 10:35:00-05:00,88.8,89.08,88.08,88.17,152215
2025-12-19 10:40:00-05:00,88.15,88.65,87.7077,88.07,180251
2025-12-19 10:45:00-05:00,88.11,88.22,87.5,88.11,115424
2025-12-19 10:50:00-05:00,88.11,88.68,87.7,88.31,142010
2025-12-19 10:55:00-05:00,88.31,88.76,88.27,88.68,100331
2025-12-19 11:00:00-05:00,88.68,88.7215,88.26,88.49,106194
2025-12-19 11:05:00-05:00,88.45,88.52,87.9364,88.115,81497
2025-12-19 11:10:00-05:00,88.115,89.41,88.1,89.1,200063
2025-12-19 11:15:00-05:00,89.095,89.95,88.96,89.65,196136
2025-12-19 11:20:00-05:00,89.64,89.91,89.31,89.4845,136978
2025-12-19 11:25:00-05:00,89.49,89.74,89.05,89.0895,135976
2025-12-19 11:30:00-05:00,89.125,89.61,88.87,89.39,368033
2025-12-19 11:35:00-05:00,89.39,89.54,89.18,89.27,128439
2025-12-19 11:40:00-05:00,89.295,89.54,89.17,89.4,133523
2025-12-19 11:45:00-05:00,89.365,89.69,89.2001,89.305,123493
2025-12-19 11:50:00-05:00,89.3,89.6,88.99,89.54,129921
2025-12-19 11:55:00-05:00,89.515,89.65,89.2,89.62,97262
2025-12-19 12:00:00-05:00,89.64,89.78,89.05,89.0887,106375
2025-12-19 12:05:00-05:00,89.085,89.5883,88.96,89.45,102068
2025-12-19 12:10:00-05:00,89.44,89.99,89.3403,89.48,124540
2025-12-19 12:15:00-05:00,89.48,89.48,88.962,89.085,111435
2025-12-19 12:20:00-05:00,89.085,89.36,88.8418,89.265,85749
2025-12-19 12:25:00-05:00,89.265,89.3181,88.78,88.97,98931
2025-12-19 12:30:00-05:00,88.96,89.14,88.67,88.805,90526
2025-12-19 12:35:00-05:00,88.8,89.5899,88.5,89.1509,126028
2025-12-19 12:40:00-05:00,89.08,89.1999,88.542,88.542,55116
2025-12-19 12:45:00-05:00,88.575,88.8594,88.31,88.615,55398
2025-12-19 12:50:00-05:00,88.61,88.8,88.01,88.16,94991
2025-12-19 12:55:00-05:00,88.11,88.29,87.95,88.1,74583
2025-12-19 13:00:00-05:00,88.03,88.24,88,88.035,67734
2025-12-19 13:05:00-05:00,88.024,88.36,87.985,88.18,92325
2025-12-19 13:10:00-05:00,88.19,88.22,87.6,87.67,77518
2025-12-19 13:15:00-05:00,87.6586,87.7799,87.43,87.665,122561
2025-12-19 13:20:00-05:00,87.6794,87.87,87.55,87.55,67718
2025-12-19 13:25:00-05:00,87.5381,87.5381,87.02,87.155,120998
2025-12-19 13:30:00-05:00,87.13,87.21,86.8894,87.0715,94340
2025-12-19 13:35:00-05:00,87.0759,87.09,86.4253,86.5957,95949
2025-12-19 13:40:00-05:00,86.635,86.635,85.85,85.91,137407
2025-12-19 13:45:00-05:00,85.9195,86.83,85.8341,86.795,128073
2025-12-19 13:50:00-05:00,86.85,87.52,86.37,86.965,187778
2025-12-19 13:55:00-05:00,86.98,87.2783,86.725,86.815,119051
2025-12-19 14:00:00-05:00,86.88,87.21,86.565,87.21,65485
2025-12-19 14:05:00-05:00,87.31,87.4299,86.8,87.06,105744
2025-12-19 14:10:00-05:00,87.05,87.16,86.94,86.9768,62985
2025-12-19 14:15:00-05:00,87,87.13,86.78,86.7875,59000
2025-12-19 14:20:00-05:00,86.8002,86.85,86.5,86.6899,76820
2025-12-19 14:25:00-05:00,86.74,87,86.7,86.8846,64241
2025-12-19 14:30:00-05:00,86.97,87.26,86.9153,87.23,72797
2025-12-19 14:35:00-05:00,87.27,87.355,86.88,86.88,64064
2025-12-19 14:40:00-05:00,86.93,87.11,86.81,87.075,60255
2025-12-19 14:45:00-05:00,87.08,87.33,87.07,87.29,121211
2025-12-19 14:50:00-05:00,87.29,87.309,86.7503,86.79,89879
2025-12-19 14:55:00-05:00,86.815,87.065,86.75,86.985,65191
2025-12-19 15:00:00-05:00,86.99,87.6197,86.99,87.2,133824
2025-12-19 15:05:00-05:00,87.2,87.5,87.13,87.3301,85539
2025-12-19 15:10:00-05:00,87.38,87.75,87.3168,87.7,70335
2025-12-19 15:15:00-05:00,87.75,88.365,87.6,88.18,141663
2025-12-19 15:20:00-05:00,88.182,88.72,88.065,88.55,188828
2025-12-19 15:25:00-05:00,88.52,88.5599,88.23,88.28,90961
2025-12-19 15:30:00-05:00,88.28,88.7375,88.19,88.37,200310
2025-12-19 15:35:00-05:00,88.37,88.4999,87.95,88.095,118188
2025-12-19 15:40:00-05:00,88.06,88.63,88.04,88.52,135509
2025-12-19 15:45:00-05:00,88.46,88.83,88.42,88.81,165935
2025-12-19 15:50:00-05:00,88.81,89.49,88.79,89.46,340197
2025-12-19 15:55:00-05:00,89.5,89.74,88.41,88.77,768292
2025-12-22 09:30:00-05:00,93.9,96.49,92.14,92.87,949675
2025-12-22 09:35:00-05:00,92.87,93.8,91.67,92.31,385351
2025-12-22 09:40:00-05:00,92.325,93.4,91.55,92.72,294007
2025-12-22 09:45:00-05:00,92.7625,93.8,92.685,92.945,206412
2025-12-22 09:50:00-05:00,92.93,93.09,91.9,92.715,173559
2025-12-22 09:55:00-05:00,92.7627,92.8265,91.4,91.5,160620
2025-12-22 10:00:00-05:00,91.42,91.8,90.6001,91.25,209996
2025-12-22 10:05:00-05:00,91.285,92.1399,91.2,91.66,149220
2025-12-22 10:10:00-05:00,91.78,92.27,90.34,90.3524,188435
2025-12-22 10:15:00-05:00,90.39,91.1399,90.15,90.47,148416
2025-12-22 10:20:00-05:00,90.475,91.59,90.45,91.1638,102241
2025-12-22 10:25:00-05:00,91.285,91.58,90.92,91.11,83928
2025-12-22 10:30:00-05:00,91.03,91.12,89.93,90.085,185863
2025-12-22 10:35:00-05:00,90.064,90.2,89.4,90.1999,140592
2025-12-22 10:40:00-05:00,90.2,90.9,89.95,90.7934,96073
2025-12-22 10:45:00-05:00,90.66,90.94,90.09,90.35,68281
2025-12-22 10:50:00-05:00,90.3,91.015,90.3,90.68,82396
2025-12-22 10:55:00-05:00,90.68,91.25,90.2517,90.4323,140905
2025-12-22 11:00:00-05:00,90.5,91,90.051,90.275,179614
2025-12-22 11:05:00-05:00,90.275,90.91,90.2,90.66,86288
2025-12-22 11:10:00-05:00,90.615,91.5799,90.6032,91.16,91555
2025-12-22 11:15:00-05:00,91.29,92.1,91.17,92.07,148514
2025-12-22 11:20:00-05:00,92.1,92.5,91.51,91.5675,105563
2025-12-22 11:25:00-05:00,91.6367,91.99,91.51,91.6451,60180
2025-12-22 11:30:00-05:00,91.645,92.69,91.645,92.6102,93833
2025-12-22 11:35:00-05:00,92.7,92.9799,92.1,92.18,129734
2025-12-22 11:40:00-05:00,92.195,92.99,92.195,92.5,82418
2025-12-22 11:45:00-05:00,92.46,92.7892,92.285,92.43,48055
2025-12-22 11:50:00-05:00,92.49,92.89,92.36,92.89,48654
2025-12-22 11:55:00-05:00,92.89,93,92.32,92.383,45022
2025-12-22 12:00:00-05:00,92.44,92.55,92,92.475,66659
2025-12-22 12:05:00-05:00,92.54,92.97,92.54,92.67,67033
2025-12-22 12:10:00-05:00,92.78,93.19,92.685,92.825,103940
2025-12-22 12:15:00-05:00,92.9,93.23,92.89,93.0361,71400
2025-12-22 12:20:00-05:00,93.0816,93.19,92.65,92.7888,47514
2025-12-22 12:25:00-05:00,92.84,92.95,92.61,92.91,38302
2025-12-22 12:30:00-05:00,92.91,92.96,92.19,92.3096,54849
2025-12-22 12:35:00-05:00,92.34,92.73,92.2805,92.66,45067
2025-12-22 12:40:00-05:00,92.7098,92.7098,92.33,92.3904,34462
2025-12-22 12:45:00-05:00,92.32,92.59,92.28,92.51,29492
2025-12-22 12:50:00-05:00,92.51,93,92.38,93,65397
2025-12-22 12:55:00-05:00,92.95,93.39,92.87,93.34,66340
2025-12-22 13:00:00-05:00,93.29,93.34,92.56,92.56,32114
2025-12-22 13:05:00-05:00,92.6,92.75,91.9,91.91,58851
2025-12-22 13:10:00-05:00,91.98,92.05,91.7,91.78,38206
2025-12-22 13:15:00-05:00,91.82,91.82,90.95,91.37,92602
2025-12-22 13:20:00-05:00,91.38,91.5499,91.03,91.5,77154
2025-12-22 13:25:00-05:00,91.45,91.72,91.4,91.72,33762
2025-12-22 13:30:00-05:00,91.72,91.77,91.5015,91.58,54962
2025-12-22 13:35:00-05:00,91.585,91.8599,91.585,91.7717,32198
2025-12-22 13:40:00-05:00,91.8,91.8,91.57,91.61,19785
2025-12-22 13:45:00-05:00,91.6393,91.69,91.41,91.66,24475
2025-12-22 13:50:00-05:00,91.69,91.79,91.46,91.67,23776
2025-12-22 13:55:00-05:00,91.7,91.99,91.6872,91.9,24917
2025-12-22 14:00:00-05:00,91.9288,91.99,91.4876,91.795,26196
2025-12-22 14:05:00-05:00,91.86,91.94,91.69,91.7,32774
2025-12-22 14:10:00-05:00,91.64,91.71,91.3501,91.5999,27695
2025-12-22 14:15:00-05:00,91.515,91.96,91.3,91.84,41274
2025-12-22 14:20:00-05:00,91.83,92.06,91.7089,92.02,35466
2025-12-22 14:25:00-05:00,92.02,92.33,91.97,92.04,64200
2025-12-22 14:30:00-05:00,92.1,92.6,92.1,92.39,47272
2025-12-22 14:35:00-05:00,92.4107,93.16,92.4,92.66,78049
2025-12-22 14:40:00-05:00,92.7699,92.8696,92.47,92.49,28295
2025-12-22 14:45:00-05:00,92.535,92.59,92.11,92.32,26595
2025-12-22 14:50:00-05:00,92.25,92.4,92.01,92.2064,51009
2025-12-22 14:55:00-05:00,92.205,92.56,92.085,92.51,38917
2025-12-22 15:00:00-05:00,92.51,92.69,92.2901,92.652,41875
2025-12-22 15:05:00-05:00,92.5,92.72,92.3101,92.3101,28866
2025-12-22 15:10:00-05:00,92.36,92.41,91.685,91.73,58239
2025-12-22 15:15:00-05:00,91.7,92.05,91.6301,92.05,60324
2025-12-22 15:20:00-05:00,91.985,92.11,91.69,91.805,64744
2025-12-22 15:25:00-05:00,91.78,92.13,91.67,91.69,43311
2025-12-22 15:30:00-05:00,91.64,92.05,91.54,92.02,58011
2025-12-22 15:35:00-05:00,92.0799,92.09,91.81,91.9899,60187
2025-12-22 15:40:00-05:00,91.92,91.95,91.7737,91.93,41765
2025-12-22 15:45:00-05:00,91.96,92.1,91.85,91.96,76674
2025-12-22 15:50:00-05:00,92,92.38,91.96,92.315,94145
2025-12-22 15:55:00-05:00,92.32,92.38,91.72,92.26,305910
2025-12-23 09:30:00-05:00,91.2,93.4029,90.95,92.72,349472
2025-12-23 09:35:00-05:00,92.67,92.9099,91.085,91.26,133281
2025-12-23 09:40:00-05:00,91.255,91.64,90.6,90.9899,108876
2025-12-23 09:45:00-05:00,90.8,91.78,90.63,91.05,95177
2025-12-23 09:50:00-05:00,91.04,91.04,90.2,90.66,99995
2025-12-23 09:55:00-05:00,90.64,90.75,89.32,89.6,180835
2025-12-23 10:00:00-05:00,89.61,90.2199,89.12,89.13,163467
2025-12-23 10:05:00-05:00,89.204,89.5,88.8,89.46,144756
2025-12-23 10:10:00-05:00,89.42,89.5732,88.83,89.23,85973
2025-12-23 10:15:00-05:00,89.1755,90.1691,89.15,90.1596,71443
2025-12-23 10:20:00-05:00,90.1235,90.77,90,90.595,116771
2025-12-23 10:25:00-05:00,90.5655,90.72,89.83,89.83,102784
2025-12-23 10:30:00-05:00,89.994,90.38,89.3397,89.58,56034
2025-12-23 10:35:00-05:00,89.66,90.0599,89.61,89.815,39560
2025-12-23 10:40:00-05:00,89.9,90.115,89.45,89.5033,39214
2025-12-23 10:45:00-05:00,89.405,89.67,89.11,89.62,64682
2025-12-23 10:50:00-05:00,89.455,89.455,88.6602,89.22,81660
2025-12-23 10:55:00-05:00,89.2292,89.9671,89.19,89.9,77710
2025-12-23 11:00:00-05:00,89.8452,90.5999,89.84,90.545,68615
2025-12-23 11:05:00-05:00,90.4214,90.62,89.7001,89.9453,45376
2025-12-23 11:10:00-05:00,89.95,90.04,89.66,89.78,31822
2025-12-23 11:15:00-05:00,89.725,90.44,89.6442,90.256,62709
2025-12-23 11:20:00-05:00,90.25,91.08,90.25,90.9679,146711
2025-12-23 11:25:00-05:00,90.89,91.05,90.325,90.65,92056
2025-12-23 11:30:00-05:00,90.65,91.03,90.42,90.96,79600
2025-12-23 11:35:00-05:00,90.97,90.97,89.98,90.03,78500
2025-12-23 11:40:00-05:00,90,90.32,89.81,89.93,40617
2025-12-23 11:45:00-05:00,89.88,90.3199,89.82,90.23,41539
2025-12-23 11:50:00-05:00,90.26,90.85,90.1481,90.545,63690
2025-12-23 11:55:00-05:00,90.5586,91.23,90.5275,91.18,53111
2025-12-23 12:00:00-05:00,91.04,91.315,90.88,91.05,65276
2025-12-23 12:05:00-05:00,91.05,91.3874,90.94,90.94,28171
2025-12-23 12:10:00-05:00,90.93,90.95,90.35,90.635,46911
2025-12-23 12:15:00-05:00,90.62,90.65,90.1,90.34,31748
2025-12-23 12:20:00-05:00,90.335,90.4676,90.08,90.08,24770
2025-12-23 12:25:00-05:00,90.135,90.39,89.95,90.305,45781
2025-12-23 12:30:00-05:00,90.23,90.81,90.21,90.7401,39589
2025-12-23 12:35:00-05:00,90.745,90.75,90.5797,90.745,32908
2025-12-23 12:40:00-05:00,90.7324,90.7324,90.41,90.47,40731
2025-12-23 12:45:00-05:00,90.45,90.75,90.45,90.7,22636
2025-12-23 12:50:00-05:00,90.696,90.7499,90.285,90.3124,21721
2025-12-23 12:55:00-05:00,90.29,90.42,90,90.02,29749
2025-12-23 13:00:00-05:00,90.06,90.51,90,90.4294,35464
2025-12-23 13:05:00-05:00,90.435,90.6655,90.38,90.45,47281
2025-12-23 13:10:00-05:00,90.45,90.84,90.4,90.725,24977
2025-12-23 13:15:00-05:00,90.7,90.83,90.671,90.7725,15999
2025-12-23 13:20:00-05:00,90.73,90.87,90.66,90.73,27102
2025-12-23 13:25:00-05:00,90.66,90.8,90.56,90.65,24355
2025-12-23 13:30:00-05:00,90.7,90.88,90.67,90.745,24464
2025-12-23 13:35:00-05:00,90.7011,90.7011,90.435,90.68,20207
2025-12-23 13:40:00-05:00,90.71,90.74,90.555,90.65,14445
2025-12-23 13:45:00-05:00,90.69,90.77,90.522,90.6,19817
2025-12-23 13:50:00-05:00,90.635,90.7,90.28,90.29,27010
2025-12-23 13:55:00-05:00,90.33,90.67,90.28,90.49,50933
2025-12-23 14:00:00-05:00,90.5,91.0925,90.4759,91.03,29262
2025-12-23 14:05:00-05:00,91.01,91.31,90.96,91.2,27100
2025-12-23 14:10:00-05:00,91.2599,91.59,91.23,91.46,35215
2025-12-23 14:15:00-05:00,91.46,91.55,91.2336,91.335,21459
2025-12-23 14:20:00-05:00,91.4085,91.4085,91.01,91.03,18149
2025-12-23 14:25:00-05:00,91.015,91.1,90.78,90.84,30156
2025-12-23 14:30:00-05:00,90.876,91.16,90.84,91.105,20487
2025-12-23 14:35:00-05:00,91.105,91.25,91.03,91.06,20912
2025-12-23 14:40:00-05:00,91.015,91.0375,90.8201,90.975,14013
2025-12-23 14:45:00-05:00,90.87,90.9,90.66,90.83,28880
2025-12-23 14:50:00-05:00,90.83,91.34,90.7,91.275,29043
2025-12-23 14:55:00-05:00,91.29,92.159,91.275,91.8925,104278
2025-12-23 15:00:00-05:00,91.79,92.015,91.3687,91.58,34375
2025-12-23 15:05:00-05:00,91.555,91.91,91.435,91.45,31068
2025-12-23 15:10:00-05:00,91.44,91.96,91.2929,91.773,100349
2025-12-23 15:15:00-05:00,91.79,91.91,91.46,91.5169,24611
2025-12-23 15:20:00-05:00,91.505,91.66,91.46,91.53,32231
2025-12-23 15:25:00-05:00,91.52,91.545,91.224,91.35,42214
2025-12-23 15:30:00-05:00,91.325,91.49,91.214,91.29,28531
2025-12-23 15:35:00-05:00,91.3,91.5126,91.265,91.4299,33841
2025-12-23 15:40:00-05:00,91.3985,91.71,91.3985,91.71,39983
2025-12-23 15:45:00-05:00,91.675,91.88,91.57,91.8,63561
2025-12-23 15:50:00-05:00,91.77,91.78,91.36,91.635,125647
2025-12-23 15:55:00-05:00,91.615,91.72,91.35,91.39,255095
2025-12-24 09:30:00-05:00,91.18,91.74,90.62,91.455,94159
2025-12-24 09:35:00-05:00,91.44,91.44,89.6,89.86,114175
2025-12-24 09:40:00-05:00,89.85,90.668,89.75,90.64,63548
2025-12-24 09:45:00-05:00,90.71,91.23,90.6,90.98,60625
2025-12-24 09:50:00-05:00,91,91.1,90.25,90.48,42800
2025-12-24 09:55:00-05:00,90.58,90.75,90.1,90.13,43967
2025-12-24 10:00:00-05:00,90.1,91.2299,90,91.0588,55058
2025-12-24 10:05:00-05:00,91.08,92.28,90.98,92,81552
2025-12-24 10:10:00-05:00,91.9689,92.2223,91.6265,91.72,58706
2025-12-24 10:15:00-05:00,91.68,92.293,91.29,91.3899,47486
2025-12-24 10:20:00-05:00,91.38,91.5,91,91.12,32209
2025-12-24 10:25:00-05:00,91.065,91.27,90.92,91.0501,26697
2025-12-24 10:30:00-05:00,91.05,91.62,91,91.3801,37931
2025-12-24 10:35:00-05:00,91.51,91.6588,91.34,91.34,20462
2025-12-24 10:40:00-05:00,91.3501,91.69,91.3501,91.44,34031
2025-12-24 10:45:00-05:00,91.5,91.52,91.14,91.14,23635
2025-12-24 10:50:00-05:00,91.14,91.53,91.14,91.4968,14518
2025-12-24 10:55:00-05:00,91.48,91.92,91.4,91.58,47856
2025-12-24 11:00:00-05:00,91.585,91.585,91.15,91.15,26095
2025-12-24 11:05:00-05:00,91.4,91.75,91.11,91.225,48709
2025-12-24 11:10:00-05:00,91.29,91.62,91.29,91.425,29382
2025-12-24 11:15:00-05:00,91.39,91.61,91.3201,91.475,27103
2025-12-24 11:20:00-05:00,91.461,91.56,91.33,91.414,18869
2025-12-24 11:25:00-05:00,91.45,91.5,91.03,91.0401,23609
2025-12-24 11:30:00-05:00,91.085,91.26,90.92,91.21,28474
2025-12-24 11:35:00-05:00,91.14,91.3,91.14,91.18,13771
2025-12-24 11:40:00-05:00,91.225,91.58,91.2,91.58,17246
2025-12-24 11:45:00-05:00,91.52,91.93,91.38,91.39,31967
2025-12-24 11:50:00-05:00,91.44,91.44,91.2353,91.2353,12121
2025-12-24 11:55:00-05:00,91.235,91.45,91.2296,91.3,14241
2025-12-24 12:00:00-05:00,91.42,91.6,91.3602,91.46,14060
2025-12-24 12:05:00-05:00,91.46,91.52,91.3,91.3,15021
2025-12-24 12:10:00-05:00,91.28,91.65,91.23,91.52,29013
2025-12-24 12:15:00-05:00,91.5588,91.77,91.483,91.745,24170
2025-12-24 12:20:00-05:00,91.793,92.05,91.731,91.915,27731
2025-12-24 12:25:00-05:00,91.93,92.05,91.79,91.94,20662
2025-12-24 12:30:00-05:00,91.95,92.08,91.71,92.08,25871
2025-12-24 12:35:00-05:00,92.04,92.0799,91.62,91.79,21025
2025-12-24 12:40:00-05:00,91.8283,91.9,91.5585,91.64,20744
2025-12-24 12:45:00-05:00,91.68,91.82,91.655,91.715,31797
2025-12-24 12:50:00-05:00,91.715,91.97,91.57,91.71,46196
2025-12-24 12:55:00-05:00,91.7,92.17,91.59,91.94,127768
2025-12-24 13:00:00-05:00,91.94,92.05,91.88,91.88,119383
2025-12-26 09:30:00-05:00,92.5,92.545,89.76,89.86,146855
2025-12-26 09:35:00-05:00,89.88,90.97,88.81,90.49,157743
2025-12-26 09:40:00-05:00,90.54,90.7599,89.5,89.925,72905
2025-12-26 09:45:00-05:00,89.925,90.45,89.51,89.86,90533
2025-12-26 09:50:00-05:00,89.87,90.0299,88.91,89.04,106686
2025-12-26 09:55:00-05:00,89.054,89.43,88.61,88.995,94953
2025-12-26 10:00:00-05:00,88.99,89.5,88.71,89.07,110736
2025-12-26 10:05:00-05:00,89.06,89.4299,88.81,89.3,98944
2025-12-26 10:10:00-05:00,89.32,89.3699,88.53,88.6025,68113
2025-12-26 10:15:00-05:00,88.5118,89.72,88.33,89.44,108292
2025-12-26 10:20:00-05:00,89.325,90.3,89.325,90.175,57430
2025-12-26 10:25:00-05:00,90.13,90.36,89.75,90,58650
2025-12-26 10:30:00-05:00,89.99,90.64,89.9101,90.33,59099
2025-12-26 10:35:00-05:00,90.385,90.44,89.5,89.51,49455
2025-12-26 10:40:00-05:00,89.655,89.81,89.26,89.79,113654
2025-12-26 10:45:00-05:00,89.73,90.71,89.5701,90.67,70770
2025-12-26 10:50:00-05:00,90.6,90.75,90,90,35292
2025-12-26 10:55:00-05:00,89.99,90.38,89.35,90.32,58244
2025-12-26 11:00:00-05:00,90.36,90.92,90.223,90.84,62396
2025-12-26 11:05:00-05:00,90.77,91.54,90.7,91.4775,64027
2025-12-26 11:10:00-05:00,91.31,91.46,90.487,90.6418,38743
2025-12-26 11:15:00-05:00,90.63,90.97,90.5,90.6885,60000
2025-12-26 11:20:00-05:00,90.695,91.65,90.6675,91.36,61200
2025-12-26 11:25:00-05:00,91.35,91.5785,91.32,91.395,28567
2025-12-26 11:30:00-05:00,91.33,91.38,90.92,90.92,31750
2025-12-26 11:35:00-05:00,91.01,91.35,90.95,91.3439,16236
2025-12-26 11:40:00-05:00,91.3075,91.51,91.26,91.4717,17667
2025-12-26 11:45:00-05:00,91.42,91.42,91.1,91.128,15694
2025-12-26 11:50:00-05:00,91.135,91.17,91,91,20374
2025-12-26 11:55:00-05:00,90.96,91.09,90.9,90.9399,13775
2025-12-26 12:00:00-05:00,90.88,91.1691,90.7,91.11,32524
2025-12-26 12:05:00-05:00,91.15,91.31,90.805,90.91,39738
2025-12-26 12:10:00-05:00,90.9,91.02,90.77,90.81,14708
2025-12-26 12:15:00-05:00,90.8356,90.94,90.56,90.7288,36582
2025-12-26 12:20:00-05:00,90.69,90.7,90.3416,90.575,39901
2025-12-26 12:25:00-05:00,90.64,91.12,90.53,90.915,31279
2025-12-26 12:30:00-05:00,90.88,91.3,90.83,91.14,27372
2025-12-26 12:35:00-05:00,91.18,91.415,91.09,91.22,25762
2025-12-26 12:40:00-05:00,91.24,91.385,91,91.17,29595
2025-12-26 12:45:00-05:00,91.2,91.432,91.13,91.205,17730
2025-12-26 12:50:00-05:00,91.195,91.195,90.96,91.01,12274
2025-12-26 12:55:00-05:00,90.98,91.0496,90.9201,90.9944,11528
2025-12-26 13:00:00-05:00,91.04,91.13,91,91.02,17068
2025-12-26 13:05:00-05:00,91.0541,91.09,90.75,90.765,18952
2025-12-26 13:10:00-05:00,90.84,90.8977,90.7,90.8,22709
2025-12-26 13:15:00-05:00,90.86,90.88,90.7,90.75,19620
2025-12-26 13:20:00-05:00,90.7678,90.8849,90.68,90.855,17619
2025-12-26 13:25:00-05:00,90.865,91.04,90.81,90.97,17267
2025-12-26 13:30:00-05:00,91.002,91.1,90.755,90.81,18403
2025-12-26 13:35:00-05:00,90.772,90.96,90.73,90.875,9481
2025-12-26 13:40:00-05:00,90.88,90.9593,90.78,90.86,17531
2025-12-26 13:45:00-05:00,90.8495,90.96,90.6813,90.96,20900
2025-12-26 13:50:00-05:00,90.894,90.894,90.79,90.83,11854
2025-12-26 13:55:00-05:00,90.855,90.95,90.8,90.885,18113
2025-12-26 14:00:00-05:00,90.86,91.16,90.7,90.8,37490
2025-12-26 14:05:00-05:00,90.81,90.82,90.64,90.82,24627
2025-12-26 14:10:00-05:00,90.8,90.9399,90.76,90.9399,15486
2025-12-26 14:15:00-05:00,90.94,90.94,90.68,90.68,13751
2025-12-26 14:20:00-05:00,90.69,90.7599,90.68,90.705,7739
2025-12-26 14:25:00-05:00,90.69,90.7,90.5,90.5053,24776
2025-12-26 14:30:00-05:00,90.475,90.55,90.27,90.43,15425
2025-12-26 14:35:00-05:00,90.47,90.8,90.47,90.64,17958
2025-12-26 14:40:00-05:00,90.67,90.74,90.6304,90.695,12335
2025-12-26 14:45:00-05:00,90.75,90.75,90.44,90.44,26276
2025-12-26 14:50:00-05:00,90.445,90.45,90.12,90.2,30393
2025-12-26 14:55:00-05:00,90.17,90.37,90.03,90.345,19543
2025-12-26 15:00:00-05:00,90.31,90.5,90.2101,90.375,14670
2025-12-26 15:05:00-05:00,90.33,90.39,90.1103,90.18,20920
2025-12-26 15:10:00-05:00,90.14,90.2,90.08,90.16,16297
2025-12-26 15:15:00-05:00,90.07,90.08,89.65,90.03,71573
2025-12-26 15:20:00-05:00,90.08,90.34,90.015,90.0729,47636
2025-12-26 15:25:00-05:00,90.09,90.32,90.01,90.23,33466
2025-12-26 15:30:00-05:00,90.1918,90.26,89.99,90.0374,22772
2025-12-26 15:35:00-05:00,90.03,90.09,89.96,90.02,25650
2025-12-26 15:40:00-05:00,90.08,90.31,90.03,90.16,35702
2025-12-26 15:45:00-05:00,90.12,90.34,90.03,90.21,40733
2025-12-26 15:50:00-05:00,90.25,90.39,90.06,90.14,73560
2025-12-26 15:55:00-05:00,90.185,90.66,89.92,90.21,318522
2025-12-29 09:30:00-05:00,87,88.78,85.63,88.4248,531638
2025-12-29 09:35:00-05:00,88.41,90.62,88.06,90.37,331597
2025-12-29 09:40:00-05:00,90.37,92.53,90.0657,92.3619,222766
2025-12-29 09:45:00-05:00,92.28,92.44,90,90.59,169904
2025-12-29 09:50:00-05:00,90.54,91.0666,89.3,89.575,143198
2025-12-29 09:55:00-05:00,89.41,89.62,88.26,88.32,126064
2025-12-29 10:00:00-05:00,88.445,88.77,87.56,87.665,203217
2025-12-29 10:05:00-05:00,87.56,87.86,86.7,86.7,328303
2025-12-29 10:10:00-05:00,86.785,87.28,86.35,86.93,212547
2025-12-29 10:15:00-05:00,86.93,87.8879,86.9,87.435,343221
2025-12-29 10:20:00-05:00,87.45,87.88,87.45,87.76,109941
2025-12-29 10:25:00-05:00,87.76,88.275,87.22,87.25,150483
2025-12-29 10:30:00-05:00,87.355,87.75,87.15,87.46,134588
2025-12-29 10:35:00-05:00,87.555,87.65,87.02,87.1,60264
2025-12-29 10:40:00-05:00,87.145,87.445,86.88,87.37,154370
2025-12-29 10:45:00-05:00,87.39,87.3955,86.96,86.996,91478
2025-12-29 10:50:00-05:00,86.96,87.31,86.89,87.08,114916
2025-12-29 10:55:00-05:00,87.14,87.3864,86.89,86.9,144400
2025-12-29 11:00:00-05:00,86.9,87.6,86.89,87.18,128233
2025-12-29 11:05:00-05:00,87.195,87.31,86.918,87.04,68923
2025-12-29 11:10:00-05:00,87.04,87.445,87.02,87.35,96843
2025-12-29 11:15:00-05:00,87.31,87.7099,86.935,87.61,93702
2025-12-29 11:20:00-05:00,87.635,87.635,87.34,87.55,80029
2025-12-29 11:25:00-05:00,87.555,87.58,87.15,87.43,80636
2025-12-29 11:30:00-05:00,87.45,87.73,87.27,87.5551,104274
2025-12-29 11:35:00-05:00,87.52,87.79,87.34,87.61,49313
2025-12-29 11:40:00-05:00,87.625,87.98,87.53,87.94,80216
2025-12-29 11:45:00-05:00,87.98,88.22,87.69,87.9,73332
2025-12-29 11:50:00-05:00,87.9,88.045,87.63,88,67231
2025-12-29 11:55:00-05:00,88.05,88.08,87.71,87.8,49538
2025-12-29 12:00:00-05:00,87.77,87.86,87.47,87.48,49783
2025-12-29 12:05:00-05:00,87.495,87.53,87.2,87.36,59832
2025-12-29 12:10:00-05:00,87.39,87.48,87.22,87.4,35381
2025-12-29 12:15:00-05:00,87.38,87.73,87.25,87.67,62648
2025-12-29 12:20:00-05:00,87.67,88.04,87.55,88.03,33763
2025-12-29 12:25:00-05:00,88.06,88.135,87.87,87.98,36490
2025-12-29 12:30:00-05:00,87.9745,88.41,87.9,88.25,55772
2025-12-29 12:35:00-05:00,88.27,88.52,88.09,88.135,57148
2025-12-29 12:40:00-05:00,88.15,88.27,88.02,88.16,53608
2025-12-29 12:45:00-05:00,88.135,88.2,87.89,87.96,44640
2025-12-29 12:50:00-05:00,87.95,88.3362,87.58,88.15,79044
2025-12-29 12:55:00-05:00,88.205,88.29,88.13,88.2,38647
2025-12-29 13:00:00-05:00,88.24,88.55,88.03,88.21,95480
2025-12-29 13:05:00-05:00,88.23,88.27,87.9,88.14,39028
2025-12-29 13:10:00-05:00,88.15,88.3,87.92,88.135,45299
2025-12-29 13:15:00-05:00,88.14,88.21,88.0001,88.03,36795
2025-12-29 13:20:00-05:00,88.08,88.32,88,88.07,31835
2025-12-29 13:25:00-05:00,88.06,88.06,87.7,87.8,38365
2025-12-29 13:30:00-05:00,87.8,87.9,87.74,87.9,37294
2025-12-29 13:35:00-05:00,87.945,88.0585,87.76,87.79,36000
2025-12-29 13:40:00-05:00,87.865,87.865,87.5475,87.6,29525
2025-12-29 13:45:00-05:00,87.64,87.64,87.39,87.47,43580
2025-12-29 13:50:00-05:00,87.42,87.51,87.32,87.42,40510
2025-12-29 13:55:00-05:00,87.425,87.7,87.29,87.54,48384
2025-12-29 14:00:00-05:00,87.5,88.1199,87.46,88.1199,41684
2025-12-29 14:05:00-05:00,88.015,88.16,87.93,88.0366,33178
2025-12-29 14:10:00-05:00,88.11,88.12,87.94,87.97,31591
2025-12-29 14:15:00-05:00,88.01,88.01,87.67,87.73,31896
2025-12-29 14:20:00-05:00,87.735,87.77,87.55,87.56,31860
2025-12-29 14:25:00-05:00,87.58,87.67,87.44,87.46,30977
2025-12-29 14:30:00-05:00,87.4501,87.67,87.44,87.57,37689
2025-12-29 14:35:00-05:00,87.57,87.62,87.45,87.5692,36646
2025-12-29 14:40:00-05:00,87.575,87.78,87.51,87.73,50296
2025-12-29 14:45:00-05:00,87.78,87.8,87.63,87.66,23610
2025-12-29 14:50:00-05:00,87.65,87.94,87.65,87.94,26273
2025-12-29 14:55:00-05:00,87.89,88.055,87.88,87.93,41912
2025-12-29 15:00:00-05:00,87.91,87.92,87.71,87.795,35868
2025-12-29 15:05:00-05:00,87.795,88.39,87.67,88.28,98881
2025-12-29 15:10:00-05:00,88.39,88.4158,87.93,88.25,91635
2025-12-29 15:15:00-05:00,88.365,89.14,88.25,89.12,85150
2025-12-29 15:20:00-05:00,89.122,89.14,88.34,88.3566,58374
2025-12-29 15:25:00-05:00,88.32,88.62,88.26,88.47,36096
2025-12-29 15:30:00-05:00,88.41,88.72,88.3,88.72,69420
2025-12-29 15:35:00-05:00,88.73,88.7499,88.485,88.57,58548
2025-12-29 15:40:00-05:00,88.6,88.9,88.535,88.84,60836
2025-12-29 15:45:00-05:00,88.86,89.03,88.51,88.535,86450
2025-12-29 15:50:00-05:00,88.57,88.915,88.39,88.57,113532
2025-12-29 15:55:00-05:00,88.54,88.59,88.15,88.41,269551
2025-12-30 09:30:00-05:00,88.92,90.17,88.57,89.43,184711
2025-12-30 09:35:00-05:00,89.39,89.5778,87.5,87.66,122400
2025-12-30 09:40:00-05:00,87.6225,88.4,87.421,88.085,149613
2025-12-30 09:45:00-05:00,88.11,89.2257,87.72,89.015,84403
2025-12-30 09:50:00-05:00,89.08,89.379,88.65,88.65,117091
2025-12-30 09:55:00-05:00,88.74,89.01,88.22,88.27,127613
2025-12-30 10:00:00-05:00,88.23,88.42,87.12,87.325,92100
2025-12-30 10:05:00-05:00,87.2,87.33,86.1775,86.23,142026
2025-12-30 10:10:00-05:00,86.275,86.79,86.12,86.55,153372
2025-12-30 10:15:00-05:00,86.545,86.7699,86.33,86.44,108185
2025-12-30 10:20:00-05:00,86.425,86.82,85.88,86.47,123804
2025-12-30 10:25:00-05:00,86.57,86.58,86.1,86.185,52749
2025-12-30 10:30:00-05:00,86.19,86.7266,86.14,86.56,107870
2025-12-30 10:35:00-05:00,86.64,87.21,86.53,87.145,74471
2025-12-30 10:40:00-05:00,87.18,87.4,86.72,87.25,108692
2025-12-30 10:45:00-05:00,87.37,87.9402,87.25,87.905,109864
2025-12-30 10:50:00-05:00,87.88,88.04,87.51,87.93,96363
2025-12-30 10:55:00-05:00,88.01,88.4,87.97,88.29,55847
2025-12-30 11:00:00-05:00,88.39,88.5,87.73,88.15,89651
2025-12-30 11:05:00-05:00,88.145,88.23,87.34,87.545,61924
2025-12-30 11:10:00-05:00,87.44,87.61,87.11,87.35,41955
2025-12-30 11:15:00-05:00,87.27,87.72,87.27,87.56,41855
2025-12-30 11:20:00-05:00,87.58,88.4,87.58,88.22,41394
2025-12-30 11:25:00-05:00,88.315,88.58,88.11,88.29,58954
2025-12-30 11:30:00-05:00,88.29,88.73,88.12,88.644,58388
2025-12-30 11:35:00-05:00,88.67,88.67,88.1,88.1884,25718
2025-12-30 11:40:00-05:00,88.25,88.3376,87.89,87.94,48713
2025-12-30 11:45:00-05:00,87.945,88.38,87.86,88.28,102867
2025-12-30 11:50:00-05:00,88.31,88.32,88.03,88.075,24607
2025-12-30 11:55:00-05:00,88.09,88.43,88.05,88.1201,35123
2025-12-30 12:00:00-05:00,88.16,88.3999,88.04,88.39,41531
2025-12-30 12:05:00-05:00,88.45,88.46,88.07,88.2065,28339
2025-12-30 12:10:00-05:00,88.27,88.32,88,88.07,33709
2025-12-30 12:15:00-05:00,87.96,88.25,87.8,88.25,40874
2025-12-30 12:20:00-05:00,88.2641,88.2641,88,88.2158,20381
2025-12-30 12:25:00-05:00,88.1638,88.25,88.1,88.14,19122
2025-12-30 12:30:00-05:00,88.14,88.42,88.1101,88.37,22239
2025-12-30 12:35:00-05:00,88.4,88.42,88.21,88.2494,18370
2025-12-30 12:40:00-05:00,88.255,88.415,88.2,88.37,23130
2025-12-30 12:45:00-05:00,88.3378,88.3378,87.84,87.85,59364
2025-12-30 12:50:00-05:00,87.875,88.245,87.875,88.17,18024
2025-12-30 12:55:00-05:00,88.17,88.38,88,88.38,19303
2025-12-30 13:00:00-05:00,88.3799,88.445,88.2636,88.4,30615
2025-12-30 13:05:00-05:00,88.43,88.7,88.43,88.6747,35593
2025-12-30 13:10:00-05:00,88.7,88.83,88.5,88.6,37463
2025-12-30 13:15:00-05:00,88.55,88.55,88.32,88.35,9515
2025-12-30 13:20:00-05:00,88.38,88.45,88.3,88.3226,15281
2025-12-30 13:25:00-05:00,88.355,88.4141,88.3,88.3,23752
2025-12-30 13:30:00-05:00,88.3,88.475,88.295,88.445,45492
2025-12-30 13:35:00-05:00,88.38,88.59,88.225,88.4,83495
2025-12-30 13:40:00-05:00,88.41,88.43,88.11,88.14,49641
2025-12-30 13:45:00-05:00,88.215,88.4179,88.14,88.25,22561
2025-12-30 13:50:00-05:00,88.2326,88.3,88.2,88.25,16225
2025-12-30 13:55:00-05:00,88.24,88.279,88.12,88.17,27636
2025-12-30 14:00:00-05:00,88.1751,88.4282,88.1,88.22,29616
2025-12-30 14:05:00-05:00,88.26,88.275,88,88.135,30098
2025-12-30 14:10:00-05:00,88.17,88.45,88.12,88.39,21109
2025-12-30 14:15:00-05:00,88.37,88.3799,88.235,88.305,18336
2025-12-30 14:20:00-05:00,88.295,88.4742,88.27,88.445,15055
2025-12-30 14:25:00-05:00,88.4,88.407,88.11,88.11,51065
2025-12-30 14:30:00-05:00,88.11,88.18,88,88.1,20679
2025-12-30 14:35:00-05:00,88.1299,88.16,87.75,88.16,27852
2025-12-30 14:40:00-05:00,88.13,88.425,88.06,88.23,23585
2025-12-30 14:45:00-05:00,88.25,88.38,87.6,87.6198,41147
2025-12-30 14:50:00-05:00,87.62,87.76,87.57,87.61,35318
2025-12-30 14:55:00-05:00,87.61,87.63,87.42,87.45,28530
2025-12-30 15:00:00-05:00,87.4,87.46,87.16,87.395,33750
2025-12-30 15:05:00-05:00,87.395,87.42,86.87,86.935,47550
2025-12-30 15:10:00-05:00,86.91,86.935,86.5,86.775,54045
2025-12-30 15:15:00-05:00,86.7525,87.68,86.73,87.61,75927
2025-12-30 15:20:00-05:00,87.563,87.563,87.15,87.345,38724
2025-12-30 15:25:00-05:00,87.39,87.39,86.91,86.93,23765
2025-12-30 15:30:00-05:00,86.93,87.02,86.71,86.81,62179
2025-12-30 15:35:00-05:00,86.8307,86.96,86.624,86.935,51069
2025-12-30 15:40:00-05:00,86.96,86.99,86.71,86.77,37665
2025-12-30 15:45:00-05:00,86.795,87.12,86.7,87.03,77008
2025-12-30 15:50:00-05:00,87.01,87.3,86.935,87.185,126088
2025-12-30 15:55:00-05:00,87.185,87.35,86.8575,87.32,285375
2025-12-31 09:30:00-05:00,87.525,88.2,87.02,87.463,132811
2025-12-31 09:35:00-05:00,87.38,87.8,86.3356,86.59,69603
2025-12-31 09:40:00-05:00,86.57,86.57,85.45,85.75,157369
2025-12-31 09:45:00-05:00,85.6915,85.8,84.14,84.82,236581
2025-12-31 09:50:00-05:00,84.79,85.2788,84.47,84.66,116658
2025-12-31 09:55:00-05:00,84.75,85.225,84.69,85.135,114419
2025-12-31 10:00:00-05:00,85.135,85.69,84.97,85.57,77686
2025-12-31 10:05:00-05:00,85.65,86.09,85.21,85.945,130628
2025-12-31 10:10:00-05:00,85.945,86.5,85.8714,86.21,142647
2025-12-31 10:15:00-05:00,86.31,86.6455,86.15,86.4901,112291
2025-12-31 10:20:00-05:00,86.505,86.92,86.37,86.6505,68563
2025-12-31 10:25:00-05:00,86.655,87.35,86.56,87.305,78363
2025-12-31 10:30:00-05:00,87.305,87.58,86.94,87.24,95997
2025-12-31 10:35:00-05:00,87.2698,87.84,87,87.7248,59868
2025-12-31 10:40:00-05:00,87.7,88.6599,87.51,88.497,114990
2025-12-31 10:45:00-05:00,88.56,88.98,88.1072,88.165,172021
2025-12-31 10:50:00-05:00,88.14,88.28,87.29,87.545,78249
2025-12-31 10:55:00-05:00,87.5,87.59,86.96,87.4,81788
2025-12-31 11:00:00-05:00,87.42,87.78,87.08,87.305,57246
2025-12-31 11:05:00-05:00,87.44,87.44,86.88,87.155,48648
2025-12-31 11:10:00-05:00,87.2,87.305,86.88,86.97,48505
2025-12-31 11:15:00-05:00,86.99,87.11,86.75,87.11,42957
2025-12-31 11:20:00-05:00,87.095,87.34,87.0301,87.305,44850
2025-12-31 11:25:00-05:00,87.305,87.41,87.125,87.2583,43554
2025-12-31 11:30:00-05:00,87.275,87.4725,87.06,87.105,40749
2025-12-31 11:35:00-05:00,87.105,87.245,87,87.178,28543
2025-12-31 11:40:00-05:00,87.14,87.14,86.7401,86.88,35268
2025-12-31 11:45:00-05:00,86.815,87.04,86.69,86.9401,26395
2025-12-31 11:50:00-05:00,87.035,87.6999,86.9,87.6919,44808
2025-12-31 11:55:00-05:00,87.6586,88.14,87.555,87.9,60734
2025-12-31 12:00:00-05:00,87.86,87.93,87.5,87.52,52686
2025-12-31 12:05:00-05:00,87.5533,87.62,87.17,87.25,59271
2025-12-31 12:10:00-05:00,87.26,88,87.26,87.945,56622
2025-12-31 12:15:00-05:00,87.8901,87.98,87.65,87.86,53752
2025-12-31 12:20:00-05:00,87.9497,88.1,87.81,87.9325,42725
2025-12-31 12:25:00-05:00,87.8999,88.055,87.78,87.8,24301
2025-12-31 12:30:00-05:00,87.8,88.07,87.735,88,21973
2025-12-31 12:35:00-05:00,88.02,88.065,87.53,87.53,21709
2025-12-31 12:40:00-05:00,87.5,87.56,87.1,87.14,40162
2025-12-31 12:45:00-05:00,87.1275,87.1275,86.805,86.8538,37064
2025-12-31 12:50:00-05:00,86.805,87.06,86.8,86.97,20355
2025-12-31 12:55:00-05:00,87,87.12,86.7462,86.815,74458
2025-12-31 13:00:00-05:00,86.876,86.876,86.6,86.73,30909
2025-12-31 13:05:00-05:00,86.72,86.93,86.66,86.82,25873
2025-12-31 13:10:00-05:00,86.89,87,86.825,86.956,14682
2025-12-31 13:15:00-05:00,86.95,87.108,86.9,86.97,20097
2025-12-31 13:20:00-05:00,86.94,87.08,86.89,86.905,21737
2025-12-31 13:25:00-05:00,86.905,87.05,86.905,87.0001,24316
2025-12-31 13:30:00-05:00,87.0346,87.1,86.97,86.995,17835
2025-12-31 13:35:00-05:00,86.985,87.1784,86.9,86.955,27338
2025-12-31 13:40:00-05:00,87.01,87.19,86.76,86.885,35339
2025-12-31 13:45:00-05:00,86.905,86.94,86.79,86.84,13646
2025-12-31 13:50:00-05:00,86.84,86.9999,86.7062,86.945,14668
2025-12-31 13:55:00-05:00,86.99,87.0675,86.92,87,15435
2025-12-31 14:00:00-05:00,87.03,87.3717,86.82,86.9599,42954
2025-12-31 14:05:00-05:00,86.86,86.89,86.3,86.4,49743
2025-12-31 14:10:00-05:00,86.3812,86.62,86.21,86.525,54731
2025-12-31 14:15:00-05:00,86.3901,86.6107,86.31,86.5,29861
2025-12-31 14:20:00-05:00,86.53,86.55,86.18,86.28,50834
2025-12-31 14:25:00-05:00,86.2313,86.35,86.2,86.2577,19548
2025-12-31 14:30:00-05:00,86.2496,86.4,86.04,86.13,35761
2025-12-31 14:35:00-05:00,86.135,86.76,86.135,86.71,38595
2025-12-31 14:40:00-05:00,86.71,87.18,86.71,86.915,34349
2025-12-31 14:45:00-05:00,86.8946,86.905,86.405,86.44,20823
2025-12-31 14:50:00-05:00,86.4149,86.589,86.325,86.4015,46472
2025-12-31 14:55:00-05:00,86.45,86.59,86.39,86.515,22307
2025-12-31 15:00:00-05:00,86.52,86.575,86.02,86.17,67410
2025-12-31 15:05:00-05:00,86.18,86.4,86.01,86.075,39355
2025-12-31 15:10:00-05:00,86.075,86.185,85.86,86.185,43992
2025-12-31 15:15:00-05:00,86.1558,86.3,85.96,86.0075,28681
2025-12-31 15:20:00-05:00,85.95,86.01,85.7,85.765,36817
2025-12-31 15:25:00-05:00,85.8,85.964,85.69,85.79,32127
2025-12-31 15:30:00-05:00,85.83,86.2,85.79,85.975,48335
2025-12-31 15:35:00-05:00,86.01,86.37,86,86.3,35520
2025-12-31 15:40:00-05:00,86.29,86.31,86.0501,86.18,42103
2025-12-31 15:45:00-05:00,86.175,86.41,86.0009,86.285,61413
2025-12-31 15:50:00-05:00,86.22,86.81,86,86.81,115993
2025-12-31 15:55:00-05:00,86.755,87.1,86.5801,86.83,344623
2026-01-02 09:30:00-05:00,90.57,91.5,89.99,90.33,437379
2026-01-02 09:35:00-05:00,90.335,90.335,88.86,89.26,239696
2026-01-02 09:40:00-05:00,89.2763,91.8199,89.1085,91.66,211397
2026-01-02 09:45:00-05:00,91.66,93.98,91.45,93.2491,475744
2026-01-02 09:50:00-05:00,93.43,93.75,91.18,92.18,393685
2026-01-02 09:55:00-05:00,92.0701,93.88,91.99,93.425,333576
2026-01-02 10:00:00-05:00,93.425,94.97,93.3619,94.805,361857
2026-01-02 10:05:00-05:00,94.805,95.68,94.62,94.66,427810
2026-01-02 10:10:00-05:00,94.7,94.9004,93.65,93.9219,255356
2026-01-02 10:15:00-05:00,93.9,94.74,93.4001,94.64,254571
2026-01-02 10:20:00-05:00,94.71,94.7799,93.6701,93.84,185336
2026-01-02 10:25:00-05:00,93.94,94.72,93.5,93.815,278964
2026-01-02 10:30:00-05:00,93.81,95.3,93.5,95.055,169646
2026-01-02 10:35:00-05:00,95.11,95.75,94.96,95.75,135049
2026-01-02 10:40:00-05:00,95.75,95.905,95.36,95.825,248642
2026-01-02 10:45:00-05:00,95.8484,96.45,95.76,95.906,211531
2026-01-02 10:50:00-05:00,95.915,96,95.3906,95.73,122148
2026-01-02 10:55:00-05:00,95.73,96.32,95.4,95.83,263199
2026-01-02 11:00:00-05:00,95.86,96.2,95.6,95.82,141724
2026-01-02 11:05:00-05:00,95.895,95.895,95.03,95.1901,103910
2026-01-02 11:10:00-05:00,95.335,96.1,95.12,96.1,65344
2026-01-02 11:15:00-05:00,96.075,96.5423,95.95,96.11,105425
2026-01-02 11:20:00-05:00,96.25,96.4,95.7,95.905,63250
2026-01-02 11:25:00-05:00,95.96,96,95.21,95.31,65490
2026-01-02 11:30:00-05:00,95.24,96.0803,95.1706,95.85,108404
2026-01-02 11:35:00-05:00,95.86,96.15,95.495,95.56,65457
2026-01-02 11:40:00-05:00,95.57,95.69,95.21,95.68,60011
2026-01-02 11:45:00-05:00,95.615,95.68,95.12,95.36,49220
2026-01-02 11:50:00-05:00,95.3044,95.8,95.03,95.8,88227
2026-01-02 11:55:00-05:00,95.81,96.1958,95.53,96.1133,117206
2026-01-02 12:00:00-05:00,96.1,96.79,95.98,96.293,124505
2026-01-02 12:05:00-05:00,96.37,96.7,96.361,96.65,97035
2026-01-02 12:10:00-05:00,96.62,97.1,96.5801,97.0193,108495
2026-01-02 12:15:00-05:00,97.06,97.3,96.81,96.995,129566
2026-01-02 12:20:00-05:00,97.05,97.12,96.7,96.8036,53777
2026-01-02 12:25:00-05:00,96.8679,97.25,96.83,97.22,77856
2026-01-02 12:30:00-05:00,97.245,97.625,96.98,97.11,115161
2026-01-02 12:35:00-05:00,97.15,97.3,97.05,97.3,78756
2026-01-02 12:40:00-05:00,97.3,97.37,97.1,97.36,87555
2026-01-02 12:45:00-05:00,97.37,97.7,97.15,97.255,98387
2026-01-02 12:50:00-05:00,97.27,97.38,96.9601,97.185,99035
2026-01-02 12:55:00-05:00,97.24,97.28,96.82,96.99,65105
2026-01-02 13:00:00-05:00,97,97.41,96.85,97.4,66230
2026-01-02 13:05:00-05:00,97.44,97.74,97.4,97.68,56481
2026-01-02 13:10:00-05:00,97.6901,97.87,97.47,97.615,77717
2026-01-02 13:15:00-05:00,97.615,98.12,97.6,97.98,65668
2026-01-02 13:20:00-05:00,97.9612,98.18,97.865,97.95,76065
2026-01-02 13:25:00-05:00,97.9,98.11,97.61,97.91,87170
2026-01-02 13:30:00-05:00,97.89,98.32,97.82,98.17,92116
2026-01-02 13:35:00-05:00,98.2,98.52,98.1206,98.4691,80407
2026-01-02 13:40:00-05:00,98.43,98.55,98.24,98.32,68761
2026-01-02 13:45:00-05:00,98.36,98.39,97.87,97.945,103134
2026-01-02 13:50:00-05:00,97.87,97.98,97.51,97.89,69804
2026-01-02 13:55:00-05:00,97.9044,98.2,97.88,97.9418,33337
2026-01-02 14:00:00-05:00,98.06,98.11,97.88,97.9993,35335
2026-01-02 14:05:00-05:00,98.01,98.48,97.99,98.415,48281
2026-01-02 14:10:00-05:00,98.43,98.8,98.3609,98.601,82574
2026-01-02 14:15:00-05:00,98.64,98.79,98,98.09,59794
2026-01-02 14:20:00-05:00,98.04,98.185,97.74,97.88,103682
2026-01-02 14:25:00-05:00,97.845,98.03,97.73,97.98,45806
2026-01-02 14:30:00-05:00,98.0074,98.1,97.81,97.96,55459
2026-01-02 14:35:00-05:00,97.91,98.1501,97.83,98.101,66462
2026-01-02 14:40:00-05:00,98.095,98.31,98,98.12,51452
2026-01-02 14:45:00-05:00,98.18,98.27,97.87,97.9,44573
2026-01-02 14:50:00-05:00,97.97,97.99,97.39,97.435,79823
2026-01-02 14:55:00-05:00,97.4309,97.98,97.39,97.81,57860
2026-01-02 15:00:00-05:00,97.75,97.79,97.5201,97.585,61163
2026-01-02 15:05:00-05:00,97.64,97.745,97.39,97.4724,55205
2026-01-02 15:10:00-05:00,97.47,98.09,97.47,97.98,55927
2026-01-02 15:15:00-05:00,98.02,98.11,97.67,97.82,63336
2026-01-02 15:20:00-05:00,97.884,98.25,97.884,98.25,54110
2026-01-02 15:25:00-05:00,98.29,98.37,98.01,98.2,103334
2026-01-02 15:30:00-05:00,98.24,98.32,97.97,98.1104,87906
2026-01-02 15:35:00-05:00,98.12,98.585,98.091,98.4628,99023
2026-01-02 15:40:00-05:00,98.495,98.69,98.4415,98.46,117440
2026-01-02 15:45:00-05:00,98.44,98.8,98.41,98.7,162169
2026-01-02 15:50:00-05:00,98.78,98.85,98.31,98.3121,259066
2026-01-02 15:55:00-05:00,98.33,98.71,97.79,98.69,730203
2026-01-05 09:30:00-05:00,104,105.3,103.1,104.25,1050791
2026-01-05 09:35:00-05:00,104.25,107.35,103.11,107,719939
2026-01-05 09:40:00-05:00,107.025,107.26,105.69,106.41,512373
2026-01-05 09:45:00-05:00,106.61,106.64,104,104.2728,431822
2026-01-05 09:50:00-05:00,104.0987,104.78,103.71,103.9751,338052
2026-01-05 09:55:00-05:00,103.9,104.22,102.36,102.7,320102
2026-01-05 10:00:00-05:00,102.58,102.595,100.51,102.17,435530
2026-01-05 10:05:00-05:00,102.21,102.9488,101.08,101.37,255227
2026-01-05 10:10:00-05:00,101.5,101.87,100.55,100.99,183959
2026-01-05 10:15:00-05:00,101.1,102.8662,100.84,102.4,182683
2026-01-05 10:20:00-05:00,102.515,103.49,102.051,103.06,206426
2026-01-05 10:25:00-05:00,103.14,103.65,102.85,103.03,168520
2026-01-05 10:30:00-05:00,103.19,103.69,102.93,103.21,109541
2026-01-05 10:35:00-05:00,103.2,103.72,103.1,103.1142,154226
2026-01-05 10:40:00-05:00,103.0966,103.8,102.9101,103.145,181429
2026-01-05 10:45:00-05:00,103.18,103.8799,103.18,103.64,119223
2026-01-05 10:50:00-05:00,103.6814,104.2499,103.29,103.81,114496
2026-01-05 10:55:00-05:00,103.8301,104.4756,103.66,104.4756,114875
2026-01-05 11:00:00-05:00,104.42,104.6644,103.73,103.925,94726
2026-01-05 11:05:00-05:00,104.03,105.1,103.573,104.96,121303
2026-01-05 11:10:00-05:00,104.97,105.2,104.03,104.1751,134181
2026-01-05 11:15:00-05:00,104.175,104.52,104.03,104.3897,71979
2026-01-05 11:20:00-05:00,104.31,105.07,104.31,104.97,119976
2026-01-05 11:25:00-05:00,104.92,105.4,104.7,104.93,158022
2026-01-05 11:30:00-05:00,104.85,104.92,103.6358,103.72,133691
2026-01-05 11:35:00-05:00,103.66,104.43,103.66,103.97,86630
2026-01-05 11:40:00-05:00,104,104.4899,103.96,103.965,66671
2026-01-05 11:45:00-05:00,103.9,104.59,103.815,103.82,64621
2026-01-05 11:50:00-05:00,103.8703,104.25,103.7,103.84,71359
2026-01-05 11:55:00-05:00,103.8,103.88,103,103.0259,88510
2026-01-05 12:00:00-05:00,103.06,103.36,102.54,102.69,108670
2026-01-05 12:05:00-05:00,102.69,102.901,102.375,102.695,87472
2026-01-05 12:10:00-05:00,102.67,103.1788,102.46,102.8296,84627
2026-01-05 12:15:00-05:00,102.845,103.09,102.4701,102.81,85144
2026-01-05 12:20:00-05:00,102.95,103.1,102.6,102.65,46222
2026-01-05 12:25:00-05:00,102.78,103.35,102.39,103.3103,65907
2026-01-05 12:30:00-05:00,103.3395,103.62,103.01,103.01,79996
2026-01-05 12:35:00-05:00,103.04,103.43,102.93,103.05,86893
2026-01-05 12:40:00-05:00,103.04,103.5799,103,103.252,65543
2026-01-05 12:45:00-05:00,103.25,103.425,103.09,103.25,46293
2026-01-05 12:50:00-05:00,103.285,103.6199,103.07,103.455,53512
2026-01-05 12:55:00-05:00,103.37,103.5,103.29,103.45,43959
2026-01-05 13:00:00-05:00,103.42,103.57,103.065,103.57,40369
2026-01-05 13:05:00-05:00,103.57,103.9,103.52,103.81,62635
2026-01-05 13:10:00-05:00,103.82,104.25,103.66,104.16,69466
2026-01-05 13:15:00-05:00,104.09,104.16,103.82,103.93,83275
2026-01-05 13:20:00-05:00,103.87,104.25,103.6985,104.1201,95605
2026-01-05 13:25:00-05:00,104.1707,104.99,104.1707,104.83,76971
2026-01-05 13:30:00-05:00,104.82,105.15,104.76,104.85,69113
2026-01-05 13:35:00-05:00,104.85,104.96,104.41,104.47,49028
2026-01-05 13:40:00-05:00,104.4666,105.1392,104.445,105.04,84391
2026-01-05 13:45:00-05:00,105.075,105.1199,104.75,104.83,55946
2026-01-05 13:50:00-05:00,104.7904,104.98,104.69,104.955,43470
2026-01-05 13:55:00-05:00,104.92,105.45,104.92,105.45,69030
2026-01-05 14:00:00-05:00,105.42,105.5,105.22,105.23,58269
2026-01-05 14:05:00-05:00,105.2,105.37,104.8501,104.9311,63237
2026-01-05 14:10:00-05:00,104.9,104.915,104.43,104.63,58251
2026-01-05 14:15:00-05:00,104.59,104.81,104.29,104.75,42611
2026-01-05 14:20:00-05:00,104.73,104.87,104.6501,104.7269,28725
2026-01-05 14:25:00-05:00,104.69,105.0986,104.69,104.9591,52479
2026-01-05 14:30:00-05:00,104.945,104.98,104.65,104.79,51431
2026-01-05 14:35:00-05:00,104.81,104.86,104.35,104.35,80960
2026-01-05 14:40:00-05:00,104.37,104.42,103.91,104.07,67681
2026-01-05 14:45:00-05:00,104.105,104.36,104.07,104.3099,53100
2026-01-05 14:50:00-05:00,104.22,104.47,104.18,104.33,50282
2026-01-05 14:55:00-05:00,104.33,104.5434,104.2095,104.29,51357
2026-01-05 15:00:00-05:00,104.23,104.38,103.87,104.2789,59061
2026-01-05 15:05:00-05:00,104.35,104.7199,104.32,104.5599,42384
2026-01-05 15:10:00-05:00,104.5483,105.215,104.435,105.034,78400
2026-01-05 15:15:00-05:00,105.006,105.09,104.025,104.025,74491
2026-01-05 15:20:00-05:00,103.997,104.37,103.9827,104.24,73954
2026-01-05 15:25:00-05:00,104.23,104.44,104.17,104.285,63984
2026-01-05 15:30:00-05:00,104.26,104.275,103.97,104.1,74267
2026-01-05 15:35:00-05:00,104.13,104.305,104.02,104.27,58556
2026-01-05 15:40:00-05:00,104.32,104.39,103.88,103.9999,81058
2026-01-05 15:45:00-05:00,104.01,104.49,104,104.27,148117
2026-01-05 15:50:00-05:00,104.26,104.3,103.89,104.1,143321
2026-01-05 15:55:00-05:00,104.11,104.11,103.4,103.85,420094
2026-01-06 09:30:00-05:00,105,106.14,104.31,105.32,399056
2026-01-06 09:35:00-05:00,105.49,107.4399,104.7701,105.125,398336
2026-01-06 09:40:00-05:00,105.24,105.9499,103.8,105.32,356125
2026-01-06 09:45:00-05:00,105.19,105.805,104.23,104.402,163224
2026-01-06 09:50:00-05:00,104.43,104.5995,103.43,103.94,183312
2026-01-06 09:55:00-05:00,103.895,105.19,103.81,104.28,208910
2026-01-06 10:00:00-05:00,104.35,105.05,103.92,103.99,172357
2026-01-06 10:05:00-05:00,103.91,104.1399,103.0001,103.71,155589
2026-01-06 10:10:00-05:00,103.725,103.9898,102.8,103.105,152025
2026-01-06 10:15:00-05:00,103.105,103.219,101.88,102,203460
2026-01-06 10:20:00-05:00,102.04,103.62,101.75,103.065,180274
2026-01-06 10:25:00-05:00,103.14,103.18,102.2674,102.6011,82711
2026-01-06 10:30:00-05:00,102.51,102.59,100.77,100.8568,199910
2026-01-06 10:35:00-05:00,100.82,100.937,100.03,100.13,249014
2026-01-06 10:40:00-05:00,100.13,100.58,99.51,100.5504,237756
2026-01-06 10:45:00-05:00,100.41,100.6999,100.1,100.4875,133549
2026-01-06 10:50:00-05:00,100.49,100.6235,99.29,99.69,177169
2026-01-06 10:55:00-05:00,99.75,101,99.557,100.92,189478
2026-01-06 11:00:00-05:00,100.85,100.9033,100.07,100.655,141520
2026-01-06 11:05:00-05:00,100.59,100.75,99.81,100.03,139451
2026-01-06 11:10:00-05:00,100.05,100.65,99.9,100.24,106166
2026-01-06 11:15:00-05:00,100.24,101.1,100.24,100.9,97717
2026-01-06 11:20:00-05:00,100.78,101.32,100.455,101.07,79355
2026-01-06 11:25:00-05:00,101,101.12,100.1,100.2,97301
2026-01-06 11:30:00-05:00,100.0901,100.16,99.68,99.8801,73882
2026-01-06 11:35:00-05:00,99.95,100.01,99.11,99.35,136854
2026-01-06 11:40:00-05:00,99.3301,99.89,99.18,99.62,162723
2026-01-06 11:45:00-05:00,99.62,99.85,99.4,99.6,71244
2026-01-06 11:50:00-05:00,99.73,99.8,99.5,99.6,80104
2026-01-06 11:55:00-05:00,99.52,99.64,99.18,99.47,66183
2026-01-06 12:00:00-05:00,99.58,99.8737,99.2001,99.3,36559
2026-01-06 12:05:00-05:00,99.25,99.9,99.25,99.715,61055
2026-01-06 12:10:00-05:00,99.715,99.715,99.03,99.0301,59160
2026-01-06 12:15:00-05:00,99.0682,99.67,98.88,99.29,150709
2026-01-06 12:20:00-05:00,99.35,99.36,98.98,99.055,51525
2026-01-06 12:25:00-05:00,99.08,99.52,99.02,99.1176,63610
2026-01-06 12:30:00-05:00,99.16,99.5688,99.13,99.325,69894
2026-01-06 12:35:00-05:00,99.325,99.39,98.88,99.03,47738
2026-01-06 12:40:00-05:00,99.0301,99.15,98.5,98.75,99438
2026-01-06 12:45:00-05:00,98.7718,98.98,98.59,98.9,65822
2026-01-06 12:50:00-05:00,98.9,99.52,98.8201,99.33,94957
2026-01-06 12:55:00-05:00,99.3,99.49,98.86,99.14,57123
2026-01-06 13:00:00-05:00,99.22,99.23,98.6,98.87,47271
2026-01-06 13:05:00-05:00,98.9294,98.9294,98.38,98.65,63303
2026-01-06 13:10:00-05:00,98.61,99.14,98.585,99.04,51990
2026-01-06 13:15:00-05:00,99.0621,99.48,99.05,99.38,79164
2026-01-06 13:20:00-05:00,99.37,99.38,99.02,99.1542,43086
2026-01-06 13:25:00-05:00,99.185,99.98,99.15,99.8346,75772
2026-01-06 13:30:00-05:00,99.9,99.99,99.62,99.65,84401
2026-01-06 13:35:00-05:00,99.7,99.96,99.57,99.65,51935
2026-01-06 13:40:00-05:00,99.6066,99.7,99.3,99.34,37838
2026-01-06 13:45:00-05:00,99.44,99.8799,99.32,99.655,38751
2026-01-06 13:50:00-05:00,99.655,99.91,99.595,99.6828,34027
2026-01-06 13:55:00-05:00,99.66,99.66,99.3,99.37,43973
2026-01-06 14:00:00-05:00,99.49,99.52,99.12,99.43,41733
2026-01-06 14:05:00-05:00,99.47,99.76,99.3301,99.675,57930
2026-01-06 14:10:00-05:00,99.675,100.89,99.675,100.8,124232
2026-01-06 14:15:00-05:00,100.8,101.1,100.51,101.09,131784
2026-01-06 14:20:00-05:00,101.11,101.9591,100.9,101.78,98188
2026-01-06 14:25:00-05:00,101.8,101.8,101.014,101.18,95800
2026-01-06 14:30:00-05:00,101.08,101.25,100.7001,101.181,76583
2026-01-06 14:35:00-05:00,101.175,101.4999,100.66,100.74,97792
2026-01-06 14:40:00-05:00,100.725,101.22,100.725,101.205,84980
2026-01-06 14:45:00-05:00,101.2,101.31,100.801,101.091,60878
2026-01-06 14:50:00-05:00,101.1499,101.8713,101.12,101.65,90101
2026-01-06 14:55:00-05:00,101.67,102.07,101.43,102.0282,150680
2026-01-06 15:00:00-05:00,102.03,102.06,101.49,101.68,83048
2026-01-06 15:05:00-05:00,101.75,102.72,101.5,102.7,176468
2026-01-06 15:10:00-05:00,102.7188,102.7188,101.88,102.116,101568
2026-01-06 15:15:00-05:00,102.105,102.21,101.545,101.69,75763
2026-01-06 15:20:00-05:00,101.65,102.31,101.3601,101.47,94237
2026-01-06 15:25:00-05:00,101.415,102.005,101.06,101.88,92989
2026-01-06 15:30:00-05:00,101.835,102.21,101.64,102.14,167005
2026-01-06 15:35:00-05:00,102.21,102.885,102.11,102.695,214238
2026-01-06 15:40:00-05:00,102.73,103.24,102.5801,103.17,209312
2026-01-06 15:45:00-05:00,103.21,103.83,103.04,103.79,250662
2026-01-06 15:50:00-05:00,103.77,104.7,103.54,104.61,416646
2026-01-06 15:55:00-05:00,104.67,104.87,102.96,103.03,734109
2026-01-07 09:30:00-05:00,107.65,108.0644,105.6,107.375,671363
2026-01-07 09:35:00-05:00,107.375,107.65,103.7501,105.2,436065
2026-01-07 09:40:00-05:00,105.05,108.78,105,107.13,532701
2026-01-07 09:45:00-05:00,106.985,107.31,105.46,105.595,212555
2026-01-07 09:50:00-05:00,105.5,108.085,105.24,107.94,205186
2026-01-07 09:55:00-05:00,107.9093,109.3,107.55,108.64,438016
2026-01-07 10:00:00-05:00,108.79,108.79,107.23,108.075,286688
2026-01-07 10:05:00-05:00,107.89,108.04,106.0401,106.28,188081
2026-01-07 10:10:00-05:00,106.3,107.53,106.23,107.1825,177170
2026-01-07 10:15:00-05:00,107.185,107.8399,106.7901,107.605,196454
2026-01-07 10:20:00-05:00,107.632,108.075,107.1292,107.89,149669
2026-01-07 10:25:00-05:00,107.99,108.95,107.75,108.8101,215574
2026-01-07 10:30:00-05:00,108.938,109.75,108.31,109.385,291416
2026-01-07 10:35:00-05:00,109.4804,110.69,109.26,109.8281,357520
2026-01-07 10:40:00-05:00,110,110.6,109.48,110.23,192055
2026-01-07 10:45:00-05:00,110.24,110.66,109.64,110.185,161654
2026-01-07 10:50:00-05:00,110.18,110.28,108.5001,109.08,219968
2026-01-07 10:55:00-05:00,109,109.27,108.5,108.5101,155618
2026-01-07 11:00:00-05:00,108.62,109.71,108.32,109.41,238267
2026-01-07 11:05:00-05:00,109.44,110.3841,109.27,110.3841,159108
2026-01-07 11:10:00-05:00,110.3728,111.23,110.23,110.86,306081
2026-01-07 11:15:00-05:00,110.82,111.34,110.6,110.86,200920
2026-01-07 11:20:00-05:00,110.8,111.085,110.37,110.63,112729
2026-01-07 11:25:00-05:00,110.74,111.22,110.5452,111.05,124084
2026-01-07 11:30:00-05:00,111.09,111.44,110.85,111.13,147653
2026-01-07 11:35:00-05:00,111.098,111.42,110.94,111.42,73263
2026-01-07 11:40:00-05:00,111.41,112,111.15,111.7201,188399
2026-01-07 11:45:00-05:00,111.794,112,111.1155,111.2,184674
2026-01-07 11:50:00-05:00,111.1321,111.2299,110.67,111.02,107757
2026-01-07 11:55:00-05:00,111.008,111.5999,111.008,111.54,100801
2026-01-07 12:00:00-05:00,111.54,111.57,111.08,111.14,66668
2026-01-07 12:05:00-05:00,111.21,111.5,110.9101,111.155,98515
2026-01-07 12:10:00-05:00,111.14,111.1925,110,110.735,160694
2026-01-07 12:15:00-05:00,110.73,111.15,110.32,110.37,82543
2026-01-07 12:20:00-05:00,110.4362,110.99,110.3,110.5276,68018
2026-01-07 12:25:00-05:00,110.54,110.94,110.4,110.865,59353
2026-01-07 12:30:00-05:00,110.87,111.29,110.68,111.17,82179
2026-01-07 12:35:00-05:00,111.28,111.75,111.05,111.5854,87451
2026-01-07 12:40:00-05:00,111.569,111.65,111.225,111.34,83503
2026-01-07 12:45:00-05:00,111.34,111.35,110.78,110.91,95375
2026-01-07 12:50:00-05:00,111.14,111.14,110.62,110.69,60822
2026-01-07 12:55:00-05:00,110.8,111.0231,110.3,110.32,78419
2026-01-07 13:00:00-05:00,110.35,110.625,109.9302,110.55,83604
2026-01-07 13:05:00-05:00,110.5301,111.045,110.5301,110.89,43453
2026-01-07 13:10:00-05:00,110.835,111.18,110.75,111.103,66528
2026-01-07 13:15:00-05:00,111.01,111.18,110.04,110.04,139845
2026-01-07 13:20:00-05:00,110,110.65,109.99,110.48,67906
2026-01-07 13:25:00-05:00,110.44,110.87,110.35,110.87,50291
2026-01-07 13:30:00-05:00,110.87,111.14,110.5601,111.0257,62969
2026-01-07 13:35:00-05:00,111.045,111.2,110.7,111.16,69335
2026-01-07 13:40:00-05:00,111.19,111.67,110.9,110.965,172405
2026-01-07 13:45:00-05:00,110.965,111.1299,110.31,111,145479
2026-01-07 13:50:00-05:00,111.005,111.1,110.69,110.77,102193
2026-01-07 13:55:00-05:00,110.755,110.81,110.41,110.79,93971
2026-01-07 14:00:00-05:00,110.8,111.56,110.74,111.55,138761
2026-01-07 14:05:00-05:00,111.5,112.3416,110.35,110.75,268538
2026-01-07 14:10:00-05:00,110.71,110.965,110.08,110.8797,114350
2026-01-07 14:15:00-05:00,110.965,111.26,110.54,111.26,102629
2026-01-07 14:20:00-05:00,111.21,111.57,111.0308,111.31,134159
2026-01-07 14:25:00-05:00,111.34,111.86,111.235,111.61,82169
2026-01-07 14:30:00-05:00,111.5,111.9,111.5,111.7375,74463
2026-01-07 14:35:00-05:00,111.815,111.9299,111.168,111.23,71705
2026-01-07 14:40:00-05:00,111.2465,111.2465,110.66,111.06,69490
2026-01-07 14:45:00-05:00,111.075,111.33,110.895,111.1991,53702
2026-01-07 14:50:00-05:00,111.2524,111.49,110.8,111,36725
2026-01-07 14:55:00-05:00,111,111.1,110.75,110.81,47011
2026-01-07 15:00:00-05:00,110.93,111.2569,110.82,111.25,50765
2026-01-07 15:05:00-05:00,111.1501,111.37,110.68,110.68,63330
2026-01-07 15:10:00-05:00,110.64,110.67,110.0101,110.02,80220
2026-01-07 15:15:00-05:00,110.03,110.34,109.0675,109.745,214769
2026-01-07 15:20:00-05:00,109.87,109.94,109.175,109.2405,70658
2026-01-07 15:25:00-05:00,109.26,109.69,108.57,108.945,134799
2026-01-07 15:30:00-05:00,109.02,109.12,108.2801,108.83,95434
2026-01-07 15:35:00-05:00,108.8,108.935,108.5,108.6483,103650
2026-01-07 15:40:00-05:00,108.7,109,108.565,108.78,111844
2026-01-07 15:45:00-05:00,108.8,108.96,107.405,107.99,213779
2026-01-07 15:50:00-05:00,108.0288,108.43,107.32,107.675,214977
2026-01-07 15:55:00-05:00,107.68,108.02,107.23,108,516443
2026-01-08 09:30:00-05:00,121.11,124.88,119,123.7,2157102
2026-01-08 09:35:00-05:00,123.255,126.8,122.99,126.25,1476270
2026-01-08 09:40:00-05:00,126.4075,127.64,124.81,125.065,885933
2026-01-08 09:45:00-05:00,125.06,128.02,124.98,125.88,659466
2026-01-08 09:50:00-05:00,125.88,125.88,122.0024,122.84,961740
2026-01-08 09:55:00-05:00,122.935,123.57,118.59,118.9568,908541
2026-01-08 10:00:00-05:00,118.86,120.2799,118.02,119.19,694929
2026-01-08 10:05:00-05:00,118.99,121.95,118.5,121.4,471198
2026-01-08 10:10:00-05:00,121.4,122.96,119.8348,122.84,313286
2026-01-08 10:15:00-05:00,122.8117,123.43,121.78,123.32,363246
2026-01-08 10:20:00-05:00,123.4,124.57,122.95,123.75,319024
2026-01-08 10:25:00-05:00,123.89,123.9,121.94,122.96,256231
2026-01-08 10:30:00-05:00,122.96,123.81,122.1,122.75,219300
2026-01-08 10:35:00-05:00,122.865,122.97,119.54,119.605,295838
2026-01-08 10:40:00-05:00,119.605,120.8378,119.3,120.18,255127
2026-01-08 10:45:00-05:00,120.01,120.33,117.29,117.49,374373
2026-01-08 10:50:00-05:00,117.535,118.79,116.16,116.6499,407798
2026-01-08 10:55:00-05:00,116.61,117.77,116.31,117.4681,271896
2026-01-08 11:00:00-05:00,117.49,118.1,117,117.25,277109
2026-01-08 11:05:00-05:00,117.25,118,116.7,117.68,186849
2026-01-08 11:10:00-05:00,117.59,118.9499,117.2072,118.32,180016
2026-01-08 11:15:00-05:00,118.315,118.77,118.12,118.66,148456
2026-01-08 11:20:00-05:00,118.79,119.75,118.75,119.24,180142
2026-01-08 11:25:00-05:00,119.24,119.6,118.74,119.49,184311
2026-01-08 11:30:00-05:00,119.48,120.08,119.15,119.73,304573
2026-01-08 11:35:00-05:00,119.77,119.77,118.6,119.2,162943
2026-01-08 11:40:00-05:00,119.3211,120.64,119.23,120.5737,184984
2026-01-08 11:45:00-05:00,120.5926,122.18,120.53,122.0399,243134
2026-01-08 11:50:00-05:00,122.04,122.31,120.11,120.235,170538
2026-01-08 11:55:00-05:00,120.235,120.79,119.96,120.355,160904
2026-01-08 12:00:00-05:00,120.355,121.15,120,120.54,177361
2026-01-08 12:05:00-05:00,120.66,121.5499,120,121.375,162587
2026-01-08 12:10:00-05:00,121.3101,122.38,121.13,122.38,148815
2026-01-08 12:15:00-05:00,122.38,122.45,121.7323,122.4,123163
2026-01-08 12:20:00-05:00,122.45,122.72,122.1801,122.3908,136134
2026-01-08 12:25:00-05:00,122.29,122.4599,121.64,122.04,156664
2026-01-08 12:30:00-05:00,122.13,122.27,121.5,122.05,107141
2026-01-08 12:35:00-05:00,122.08,122.75,122.06,122.325,154295
2026-01-08 12:40:00-05:00,122.35,122.94,122.25,122.58,102949
2026-01-08 12:45:00-05:00,122.55,122.84,122.4,122.5126,116238
2026-01-08 12:50:00-05:00,122.58,122.99,122.2222,122.47,148331
2026-01-08 12:55:00-05:00,122.46,122.51,121.53,122.22,166411
2026-01-08 13:00:00-05:00,122.29,122.54,121.922,122.22,184592
2026-01-08 13:05:00-05:00,122.2,122.7,122.07,122.61,101440
2026-01-08 13:10:00-05:00,122.65,122.92,122.07,122.92,107971
2026-01-08 13:15:00-05:00,122.89,123.6,122.62,123.59,237213
2026-01-08 13:20:00-05:00,123.5001,124,123.28,123.74,158048
2026-01-08 13:25:00-05:00,123.75,123.93,123.526,123.795,112864
2026-01-08 13:30:00-05:00,123.795,123.95,122.51,122.8,218887
2026-01-08 13:35:00-05:00,122.805,123.22,122.51,123.08,86397
2026-01-08 13:40:00-05:00,123.08,123.37,122.84,123.23,93488
2026-01-08 13:45:00-05:00,123.28,123.47,123,123.27,154164
2026-01-08 13:50:00-05:00,123.215,123.37,122.553,122.85,134139
2026-01-08 13:55:00-05:00,122.97,122.97,122.0501,122.405,123257
2026-01-08 14:00:00-05:00,122.41,122.73,122.1369,122.63,111835
2026-01-08 14:05:00-05:00,122.65,123.21,122.55,122.75,123498
2026-01-08 14:10:00-05:00,122.62,122.625,121.8,121.965,133061
2026-01-08 14:15:00-05:00,122.05,122.05,121.59,121.7,113598
2026-01-08 14:20:00-05:00,121.82,122.2,121.63,122.175,125280
2026-01-08 14:25:00-05:00,122.21,122.68,122.05,122.6222,102987
2026-01-08 14:30:00-05:00,122.6,123,122.5296,122.57,110688
2026-01-08 14:35:00-05:00,122.62,122.65,121.5511,121.5511,123649
2026-01-08 14:40:00-05:00,121.73,122.1,121.54,122.1,86886
2026-01-08 14:45:00-05:00,122.03,122.92,122.0081,122.91,105012
2026-01-08 14:50:00-05:00,122.9099,122.95,122.255,122.31,104452
2026-01-08 14:55:00-05:00,122.305,122.35,120.88,121.13,202112
2026-01-08 15:00:00-05:00,121.13,121.36,120.06,121.095,161022
2026-01-08 15:05:00-05:00,121.095,121.43,120.83,121.42,105862
2026-01-08 15:10:00-05:00,121.44,121.82,121.25,121.75,149553
2026-01-08 15:15:00-05:00,121.72,121.99,121.4201,121.9,114401
2026-01-08 15:20:00-05:00,121.9,122.24,121.78,121.86,155129
2026-01-08 15:25:00-05:00,121.8,122.43,120.52,121.385,257761
2026-01-08 15:30:00-05:00,121.405,121.88,120.21,121.88,347330
2026-01-08 15:35:00-05:00,121.88,122.33,121.45,121.97,355970
2026-01-08 15:40:00-05:00,121.97,122.49,121.72,122.32,297167
2026-01-08 15:45:00-05:00,122.34,123.47,122.34,122.8,320918
2026-01-08 15:50:00-05:00,122.9,122.98,122,122.94,261457
2026-01-08 15:55:00-05:00,122.87,122.91,121.74,121.87,603250
2026-01-09 09:30:00-05:00,122.11,125.28,121.4621,124.655,541334
2026-01-09 09:35:00-05:00,124.51,126.66,124.27,125.94,411794
2026-01-09 09:40:00-05:00,125.9098,129.4399,125.885,128.295,587360
2026-01-09 09:45:00-05:00,128.3663,129.97,126.2623,126.9999,491899
2026-01-09 09:50:00-05:00,126.75,127.89,125.78,127.58,296889
2026-01-09 09:55:00-05:00,127.71,128.8,127.18,128.2996,229394
2026-01-09 10:00:00-05:00,128.18,128.8799,126.89,126.89,238328
2026-01-09 10:05:00-05:00,127.14,127.99,125.55,126.13,274622
2026-01-09 10:10:00-05:00,126.2275,127.51,125.8535,126.04,168723
2026-01-09 10:15:00-05:00,126.03,126.7,125.6,126.36,175037
2026-01-09 10:20:00-05:00,126.49,126.52,125.15,125.455,155701
2026-01-09 10:25:00-05:00,125.38,126.66,124.8102,126.2,133559
2026-01-09 10:30:00-05:00,126.225,126.6599,125.35,125.35,146059
2026-01-09 10:35:00-05:00,125.35,125.39,124,124.345,248462
2026-01-09 10:40:00-05:00,124.5,124.9299,124.1,124.9,105906
2026-01-09 10:45:00-05:00,124.88,126.13,124.5001,125.53,165313
2026-01-09 10:50:00-05:00,125.61,126.49,125.608,126.46,118477
2026-01-09 10:55:00-05:00,126.49,127.7,126.41,127.605,186692
2026-01-09 11:00:00-05:00,127.6,127.8,126.955,127.26,166784
2026-01-09 11:05:00-05:00,127.26,127.34,126.61,126.855,78419
2026-01-09 11:10:00-05:00,126.76,127.38,125.95,127.33,99067
2026-01-09 11:15:00-05:00,127.33,127.4,126,126.105,182047
2026-01-09 11:20:00-05:00,126.105,126.92,126.1,126.655,83887
2026-01-09 11:25:00-05:00,126.655,127.2,126.46,126.58,77044
2026-01-09 11:30:00-05:00,126.5,127.35,126.35,126.35,109252
2026-01-09 11:35:00-05:00,126.3,126.3,125.46,125.87,133781
2026-01-09 11:40:00-05:00,125.87,126.04,125.3,125.38,76947
2026-01-09 11:45:00-05:00,125.365,126,125.365,125.7583,71952
2026-01-09 11:50:00-05:00,125.67,126.42,125.61,126.175,89925
2026-01-09 11:55:00-05:00,126.2699,126.3699,125.42,125.42,64285
2026-01-09 12:00:00-05:00,125.51,125.51,124.62,125.18,118355
2026-01-09 12:05:00-05:00,125.22,125.36,124.8936,124.92,71463
2026-01-09 12:10:00-05:00,125.0273,125.43,124.59,125.4142,70265
2026-01-09 12:15:00-05:00,125.45,126,125.34,125.625,74296
2026-01-09 12:20:00-05:00,125.58,126.1,125.58,125.69,50252
2026-01-09 12:25:00-05:00,125.69,125.6969,125.15,125.4551,85719
2026-01-09 12:30:00-05:00,125.46,126.04,125.3,126.005,79378
2026-01-09 12:35:00-05:00,126.005,127.23,125.92,127.08,142748
2026-01-09 12:40:00-05:00,127.09,127.56,126.94,127.1,132758
2026-01-09 12:45:00-05:00,127.17,127.57,126.57,127.43,112168
2026-01-09 12:50:00-05:00,127.5192,127.65,127.0928,127.38,130913
2026-01-09 12:55:00-05:00,127.38,127.84,127.38,127.62,94534
2026-01-09 13:00:00-05:00,127.67,127.9737,127.145,127.95,94281
2026-01-09 13:05:00-05:00,127.89,128.02,127.42,127.5,105780
2026-01-09 13:10:00-05:00,127.4714,128.06,127.4714,127.62,75556
2026-01-09 13:15:00-05:00,127.55,127.64,127.4201,127.47,68085
2026-01-09 13:20:00-05:00,127.4515,127.98,127.275,127.91,138101
2026-01-09 13:25:00-05:00,127.8983,128.075,127.4,127.95,87387
2026-01-09 13:30:00-05:00,127.925,129.95,127.925,129.63,257961
2026-01-09 13:35:00-05:00,129.82,130.355,129.66,130.1162,303851
2026-01-09 13:40:00-05:00,130.18,131.5,130.14,131.03,194972
2026-01-09 13:45:00-05:00,131.03,131.12,130.2101,130.5,113140
2026-01-09 13:50:00-05:00,130.37,130.53,129.85,130.04,119366
2026-01-09 13:55:00-05:00,130.04,130.04,129.57,129.78,89195
2026-01-09 14:00:00-05:00,129.7865,130.39,129.4874,129.57,128180
2026-01-09 14:05:00-05:00,129.585,130.8,129.51,130.7008,81023
2026-01-09 14:10:00-05:00,130.7245,130.84,130.08,130.665,227260
2026-01-09 14:15:00-05:00,130.79,131.57,130.511,131.47,117880
2026-01-09 14:20:00-05:00,131.49,132,131.285,131.9098,155140
2026-01-09 14:25:00-05:00,131.91,132.29,131.5001,131.6,160730
2026-01-09 14:30:00-05:00,131.59,131.78,131.1982,131.4,132655
2026-01-09 14:35:00-05:00,131.435,131.675,130.6501,130.76,113408
2026-01-09 14:40:00-05:00,130.79,130.9907,130.6,130.91,288744
2026-01-09 14:45:00-05:00,130.9199,131.719,130.7001,131.1607,130322
2026-01-09 14:50:00-05:00,131.18,131.7528,131.09,131.495,73124
2026-01-09 14:55:00-05:00,131.4958,132.28,131.475,131.97,168358
2026-01-09 15:00:00-05:00,132.1,132.34,131.835,132.28,137261
2026-01-09 15:05:00-05:00,132.34,132.89,131.87,132.49,252922
2026-01-09 15:10:00-05:00,132.46,132.9,131.42,132.89,374982
2026-01-09 15:15:00-05:00,132.84,134.23,132.5,133.95,235742
2026-01-09 15:20:00-05:00,133.86,133.9699,133.46,133.62,125482
2026-01-09 15:25:00-05:00,133.52,133.63,133.325,133.62,140351
2026-01-09 15:30:00-05:00,133.63,135.5,133.63,135.425,448934
2026-01-09 15:35:00-05:00,135.425,135.47,134.935,135.21,234790
2026-01-09 15:40:00-05:00,135.21,135.25,134.56,135.13,273319
2026-01-09 15:45:00-05:00,135.13,136.6185,135.08,136.32,362577
2026-01-09 15:50:00-05:00,136.28,136.8,135.6713,136.345,413625
2026-01-09 15:55:00-05:00,136.345,136.42,133.74,134.125,1033994
2026-01-12 09:30:00-05:00,129.7,133.7,128.45,133.7,884813
2026-01-12 09:35:00-05:00,133.7,136,132.86,133.0673,463164
2026-01-12 09:40:00-05:00,133.05,133.4108,131.26,131.885,311639
2026-01-12 09:45:00-05:00,131.885,132.5,130.31,132.025,270756
2026-01-12 09:50:00-05:00,132.01,133.68,131.85,132.19,275864
2026-01-12 09:55:00-05:00,132.43,133.59,131.7,133.465,159458
2026-01-12 10:00:00-05:00,133.465,133.465,131.75,132.22,155955
2026-01-12 10:05:00-05:00,132.34,132.99,131.5,131.91,154239
2026-01-12 10:10:00-05:00,131.81,131.84,130.48,131.2,219699
2026-01-12 10:15:00-05:00,131.195,132.67,131,132.492,135498
2026-01-12 10:20:00-05:00,132.465,132.65,131.58,131.76,124106
2026-01-12 10:25:00-05:00,131.74,133,131.6401,132.2875,100513
2026-01-12 10:30:00-05:00,132.2998,132.53,131.1,131.955,92988
2026-01-12 10:35:00-05:00,131.97,132.01,131.23,131.87,102000
2026-01-12 10:40:00-05:00,131.87,132.18,131.63,131.995,89813
2026-01-12 10:45:00-05:00,132,132.54,131.72,132.49,79386
2026-01-12 10:50:00-05:00,132.47,132.61,132.07,132.405,74735
2026-01-12 10:55:00-05:00,132.619,132.62,132.06,132.25,79712
2026-01-12 11:00:00-05:00,132.14,132.32,131.49,131.91,123420
2026-01-12 11:05:00-05:00,131.93,132.51,131.61,132.2,72850
2026-01-12 11:10:00-05:00,132.23,132.28,131.52,131.6,75664
2026-01-12 11:15:00-05:00,131.61,131.73,130.3083,131.19,166890
2026-01-12 11:20:00-05:00,131.35,132.0599,131.13,131.5,96841
2026-01-12 11:25:00-05:00,131.5,131.5,130.755,131.1711,116120
2026-01-12 11:30:00-05:00,131.145,131.7699,130.9,131.685,96007
2026-01-12 11:35:00-05:00,131.74,132.32,131.46,132.275,93604
2026-01-12 11:40:00-05:00,132.24,132.57,132.02,132.05,98042
2026-01-12 11:45:00-05:00,132.175,133.1,132.175,132.936,107708
2026-01-12 11:50:00-05:00,132.91,133.3699,132.82,133.08,110918
2026-01-12 11:55:00-05:00,133.0962,133.54,132.28,133.54,105861
2026-01-12 12:00:00-05:00,133.4201,133.92,133.4201,133.775,106976
2026-01-12 12:05:00-05:00,133.78,134.4312,133.2,134.34,179903
2026-01-12 12:10:00-05:00,134.3593,134.8599,133.7801,134.11,89177
2026-01-12 12:15:00-05:00,134.11,134.1256,133.725,133.8322,100751
2026-01-12 12:20:00-05:00,133.87,134.0999,133.67,133.73,101439
2026-01-12 12:25:00-05:00,133.735,134.41,133.7,133.96,98701
2026-01-12 12:30:00-05:00,133.97,134.7974,133.97,134.48,78544
2026-01-12 12:35:00-05:00,134.5695,134.9699,134,134.1,66219
2026-01-12 12:40:00-05:00,134.01,134.36,133.82,134.3,76073
2026-01-12 12:45:00-05:00,134.29,134.5,134,134.5,60280
2026-01-12 12:50:00-05:00,134.46,134.51,134.0008,134.19,56589
2026-01-12 12:55:00-05:00,134.15,134.53,133.75,134.325,107682
2026-01-12 13:00:00-05:00,134.3,134.49,133.81,133.8296,86101
2026-01-12 13:05:00-05:00,133.89,134.5599,133.79,134.43,84958
2026-01-12 13:10:00-05:00,134.4999,134.59,134.1626,134.31,66075
2026-01-12 13:15:00-05:00,134.37,134.6,134.1701,134.56,58721
2026-01-12 13:20:00-05:00,134.6,134.81,134.19,134.19,76667
2026-01-12 13:25:00-05:00,134.26,135.2187,133.62,135.1833,181175
2026-01-12 13:30:00-05:00,135.1991,135.47,134.3973,135.32,100463
2026-01-12 13:35:00-05:00,135.33,135.3691,134.97,135.085,58415
2026-01-12 13:40:00-05:00,135.0701,135.2999,134.75,134.846,68444
2026-01-12 13:45:00-05:00,134.78,134.9,134.18,134.9,82213
2026-01-12 13:50:00-05:00,134.8598,135.1899,134.51,134.69,54912
2026-01-12 13:55:00-05:00,134.715,135.09,134.4755,135.05,35986
2026-01-12 14:00:00-05:00,135.05,135.25,134.47,134.855,70279
2026-01-12 14:05:00-05:00,134.77,134.99,134.261,134.36,87407
2026-01-12 14:10:00-05:00,134.43,134.5,133.465,133.85,142640
2026-01-12 14:15:00-05:00,133.85,134.2199,133.8,134.175,60643
2026-01-12 14:20:00-05:00,134.175,134.88,134,134.62,68488
2026-01-12 14:25:00-05:00,134.587,135.38,134.32,135.38,87252
2026-01-12 14:30:00-05:00,135.4,136.39,135.4,136.11,153725
2026-01-12 14:35:00-05:00,136.15,136.15,135.81,135.985,74373
2026-01-12 14:40:00-05:00,135.99,136.49,135.92,136.49,99450
2026-01-12 14:45:00-05:00,136.505,136.6,136.01,136.1,107004
2026-01-12 14:50:00-05:00,136.095,137.2,136.05,136.97,118262
2026-01-12 14:55:00-05:00,137,137.15,136.6244,136.806,123753
2026-01-12 15:00:00-05:00,136.81,136.9999,136.61,136.8253,107721
2026-01-12 15:05:00-05:00,136.78,136.92,135.61,136.035,252085
2026-01-12 15:10:00-05:00,136.014,136.24,135.22,135.2894,136616
2026-01-12 15:15:00-05:00,135.41,136.43,135.41,136.385,134322
2026-01-12 15:20:00-05:00,136.385,136.55,135.6501,136.5399,121076
2026-01-12 15:25:00-05:00,136.5063,136.98,136.27,136.72,96748
2026-01-12 15:30:00-05:00,136.62,137.45,136.22,137.18,165198
2026-01-12 15:35:00-05:00,137.26,137.46,136.6,136.81,95279
2026-01-12 15:40:00-05:00,136.71,136.995,136.55,136.9272,250905
2026-01-12 15:45:00-05:00,136.9,137.59,136.68,137.5616,237439
2026-01-12 15:50:00-05:00,137.53,138.1285,137.2035,138.115,321901
2026-01-12 15:55:00-05:00,138.07,138.17,136.24,136.94,624348
2026-01-13 09:30:00-05:00,137.26,141.7399,135.51,141.67,602127
2026-01-13 09:35:00-05:00,141.62,142,138.91,140.0799,395424
2026-01-13 09:40:00-05:00,139.82,140.645,138.8001,140.2826,324615
2026-01-13 09:45:00-05:00,140.1401,141.24,139.2068,139.635,339682
2026-01-13 09:50:00-05:00,139.635,140.5,139.4,139.85,213060
2026-01-13 09:55:00-05:00,139.805,142.25,139.805,142.12,293005
2026-01-13 10:00:00-05:00,142.015,142.2295,139.93,140.5728,222930
2026-01-13 10:05:00-05:00,140.67,141.7696,138.66,138.7,188642
2026-01-13 10:10:00-05:00,138.71,138.87,137.58,138.105,189860
2026-01-13 10:15:00-05:00,138.105,138.205,137,137.72,170686
2026-01-13 10:20:00-05:00,137.69,137.7983,136.18,136.18,187419
2026-01-13 10:25:00-05:00,136.17,136.88,135.64,136.88,215243
2026-01-13 10:30:00-05:00,136.87,138.1728,136.4,137.69,222087
2026-01-13 10:35:00-05:00,137.84,141.0476,137.58,139.82,253527
2026-01-13 10:40:00-05:00,139.91,139.95,138.67,138.8794,140377
2026-01-13 10:45:00-05:00,138.88,139.42,138.34,138.96,122939
2026-01-13 10:50:00-05:00,138.8201,141.05,138.8201,140.85,151080
2026-01-13 10:55:00-05:00,140.9608,141.4,140.5,140.72,134711
2026-01-13 11:00:00-05:00,140.88,141.04,139.55,140.0196,78784
2026-01-13 11:05:00-05:00,140.09,140.485,139.22,139.61,84780
2026-01-13 11:10:00-05:00,139.685,140.35,138.6352,140.06,117750
2026-01-13 11:15:00-05:00,140.05,140.87,139.905,140.51,81811
2026-01-13 11:20:00-05:00,140.59,140.78,139.96,139.965,55367
2026-01-13 11:25:00-05:00,140.03,140.06,139.12,139.99,103829
2026-01-13 11:30:00-05:00,139.9,140.75,139.7243,140.645,67816
2026-01-13 11:35:00-05:00,140.65,141.87,140.3001,141.52,94055
2026-01-13 11:40:00-05:00,141.8999,142.58,141.47,142.295,186116
2026-01-13 11:45:00-05:00,142.23,143.16,141.55,141.615,177281
2026-01-13 11:50:00-05:00,141.73,142.1999,141.1906,141.59,133857
2026-01-13 11:55:00-05:00,141.49,142.1,141.4101,141.54,94833
2026-01-13 12:00:00-05:00,141.55,142,140.93,140.93,93639
2026-01-13 12:05:00-05:00,140.8,141.46,140.4,140.98,129783
2026-01-13 12:10:00-05:00,140.97,141.75,140.89,141.75,107255
2026-01-13 12:15:00-05:00,141.645,142.93,141.5,142.93,131004
2026-01-13 12:20:00-05:00,142.775,143.7,142.51,143.54,192978
2026-01-13 12:25:00-05:00,143.4301,143.8,142.37,142.69,119901
2026-01-13 12:30:00-05:00,142.8,144.69,142.02,144.5424,208967
2026-01-13 12:35:00-05:00,144.545,144.99,144.175,144.175,231225
2026-01-13 12:40:00-05:00,144.12,144.38,143.83,143.98,122627
2026-01-13 12:45:00-05:00,143.9639,145.8499,143.9639,145.1101,233242
2026-01-13 12:50:00-05:00,145.08,145.5,144.0029,144.18,156438
2026-01-13 12:55:00-05:00,144.029,144.4,143.14,143.81,110100
2026-01-13 13:00:00-05:00,143.6001,144.5,143.6,143.9783,107110
2026-01-13 13:05:00-05:00,143.9139,144.915,143.8944,144.7168,102357
2026-01-13 13:10:00-05:00,144.82,144.91,144.1333,144.89,97176
2026-01-13 13:15:00-05:00,144.844,144.91,143.86,144.0242,141940
2026-01-13 13:20:00-05:00,144.1999,144.3466,143.53,144.13,93646
2026-01-13 13:25:00-05:00,144.055,144.075,143.3928,143.87,52435
2026-01-13 13:30:00-05:00,143.79,144.91,143.64,144.79,82098
2026-01-13 13:35:00-05:00,144.705,145.85,144.7,144.91,123835
2026-01-13 13:40:00-05:00,145.08,145.11,144.34,144.44,104019
2026-01-13 13:45:00-05:00,144.56,145.8499,144.4,145.275,126528
2026-01-13 13:50:00-05:00,145.2783,145.4199,144.27,144.94,93316
2026-01-13 13:55:00-05:00,144.94,145.65,144.6701,145.604,76654
2026-01-13 14:00:00-05:00,145.62,145.8,144.11,144.315,122414
2026-01-13 14:05:00-05:00,144.43,144.52,143.607,143.65,138489
2026-01-13 14:10:00-05:00,143.6774,144.2999,143.22,143.85,125904
2026-01-13 14:15:00-05:00,143.76,144.0499,143.285,143.69,90392
2026-01-13 14:20:00-05:00,143.6,144.39,143.38,143.885,107270
2026-01-13 14:25:00-05:00,143.885,144.3,143.62,144.19,73143
2026-01-13 14:30:00-05:00,144.13,144.7285,143.91,144.155,105170
2026-01-13 14:35:00-05:00,144.075,144.66,143.76,143.7916,105069
2026-01-13 14:40:00-05:00,143.8,145.42,143.53,145.1136,143506
2026-01-13 14:45:00-05:00,145.0401,145.44,143.92,144.3917,114680
2026-01-13 14:50:00-05:00,144.28,144.83,143.3401,143.455,112515
2026-01-13 14:55:00-05:00,143.455,144.2,143.0062,144.01,117459
2026-01-13 15:00:00-05:00,144,144.19,142.15,142.4788,182467
2026-01-13 15:05:00-05:00,142.44,143.4,142.28,142.72,115248
2026-01-13 15:10:00-05:00,142.87,143.1599,142.6101,142.88,95806
2026-01-13 15:15:00-05:00,142.93,142.98,141,141.0309,173632
2026-01-13 15:20:00-05:00,141.105,141.31,140.05,140.38,241723
2026-01-13 15:25:00-05:00,140.31,141.08,140.11,140.99,133773
2026-01-13 15:30:00-05:00,141.0416,141.41,140.24,141.325,221818
2026-01-13 15:35:00-05:00,141.22,141.549,140.7924,141.265,96321
2026-01-13 15:40:00-05:00,141.265,141.44,140.91,140.96,113380
2026-01-13 15:45:00-05:00,140.87,140.95,139.54,140.1399,176440
2026-01-13 15:50:00-05:00,139.89,140.3799,139.111,139.33,186677
2026-01-13 15:55:00-05:00,139.34,140.08,139.34,139.7,444110
2026-01-14 09:30:00-05:00,139.39,139.7,133.46,134.0262,637042
2026-01-14 09:35:00-05:00,134,134.19,131.86,132.15,503140
2026-01-14 09:40:00-05:00,132.085,133.56,131.82,132.04,390476
2026-01-14 09:45:00-05:00,132.075,136.8,131.85,136.38,262235
2026-01-14 09:50:00-05:00,136.38,137.68,134.6,136.46,213790
2026-01-14 09:55:00-05:00,136.07,136.32,133.87,133.96,178238
2026-01-14 10:00:00-05:00,134.1,134.6399,133,134.362,167768
2026-01-14 10:05:00-05:00,134.255,134.255,132.1,132.8,178699
2026-01-14 10:10:00-05:00,132.55,135.9799,132.26,135.6375,140116
2026-01-14 10:15:00-05:00,135.795,136.0323,134.16,134.825,141876
2026-01-14 10:20:00-05:00,134.825,135.69,134.28,134.44,127186
2026-01-14 10:25:00-05:00,134.58,134.81,132.7,132.86,126925
2026-01-14 10:30:00-05:00,132.86,133.48,132,132.99,143590
2026-01-14 10:35:00-05:00,132.91,133.56,132.59,133.455,100242
2026-01-14 10:40:00-05:00,133.63,133.78,132.57,133.15,122507
2026-01-14 10:45:00-05:00,133.02,133.3118,132.44,132.69,84295
2026-01-14 10:50:00-05:00,132.69,133.15,132.2926,133.15,90814
2026-01-14 10:55:00-05:00,133.135,134.966,133,134.915,100486
2026-01-14 11:00:00-05:00,134.915,135.01,134.0001,134.1155,79169
2026-01-14 11:05:00-05:00,134.1034,134.2974,133.521,134.18,57026
2026-01-14 11:10:00-05:00,134.13,134.13,133,133.2,86569
2026-01-14 11:15:00-05:00,133.466,134.3847,133.2,134.3847,57601
2026-01-14 11:20:00-05:00,134.16,135.6525,133.85,135.425,103529
2026-01-14 11:25:00-05:00,135.13,135.396,134.5,134.785,47687
2026-01-14 11:30:00-05:00,134.8,135.18,134.43,135.145,64753
2026-01-14 11:35:00-05:00,135.145,135.18,134.35,134.5309,56053
2026-01-14 11:40:00-05:00,134.47,134.61,133.7,133.7,44457
2026-01-14 11:45:00-05:00,133.8,134.06,133.5,133.92,67745
2026-01-14 11:50:00-05:00,133.97,134.5,133.51,134.15,46019
2026-01-14 11:55:00-05:00,134.22,134.6268,133.789,133.99,40024
2026-01-14 12:00:00-05:00,134.035,135.65,133.86,135.125,134351
2026-01-14 12:05:00-05:00,135.2,136.93,134.88,136.6701,134808
2026-01-14 12:10:00-05:00,136.86,136.96,135.86,136.84,144356
2026-01-14 12:15:00-05:00,136.73,136.98,136.22,136.95,96268
2026-01-14 12:20:00-05:00,136.67,136.97,136.301,136.91,84690
2026-01-14 12:25:00-05:00,136.9585,137.1781,136.19,136.48,100375
2026-01-14 12:30:00-05:00,136.48,136.5599,135.052,135.82,104688
2026-01-14 12:35:00-05:00,135.82,136.51,135.34,135.975,61569
2026-01-14 12:40:00-05:00,135.9614,136.28,135.52,135.685,50599
2026-01-14 12:45:00-05:00,135.85,136.4499,135.6,135.6,44391
2026-01-14 12:50:00-05:00,135.645,135.645,134.5301,134.785,65961
2026-01-14 12:55:00-05:00,134.78,135.17,133.66,133.715,78541
2026-01-14 13:00:00-05:00,133.7048,134.86,133.22,134.745,76354
2026-01-14 13:05:00-05:00,134.735,135.235,134.6832,134.87,63805
2026-01-14 13:10:00-05:00,134.83,135.01,134.07,135,62056
2026-01-14 13:15:00-05:00,134.92,135,134.34,134.45,66445
2026-01-14 13:20:00-05:00,134.5499,134.97,134.49,134.87,40222
2026-01-14 13:25:00-05:00,134.6201,134.91,134.5002,134.785,41107
2026-01-14 13:30:00-05:00,134.7698,134.98,134.39,134.606,58704
2026-01-14 13:35:00-05:00,134.57,134.76,133.49,133.49,52436
2026-01-14 13:40:00-05:00,133.9199,134.35,133.08,133.14,67358
2026-01-14 13:45:00-05:00,133.14,133.28,132,132.48,252805
2026-01-14 13:50:00-05:00,132.32,132.74,132.029,132.2761,87290
2026-01-14 13:55:00-05:00,132.26,132.92,132.185,132.9099,92489
2026-01-14 14:00:00-05:00,132.78,133.35,132.555,133.03,93654
2026-01-14 14:05:00-05:00,132.96,133.2,132.71,132.92,60899
2026-01-14 14:10:00-05:00,132.89,133.06,132.7,132.78,43970
2026-01-14 14:15:00-05:00,132.76,132.92,132.14,132.63,70982
2026-01-14 14:20:00-05:00,132.635,133,132.5,132.88,62502
2026-01-14 14:25:00-05:00,132.78,132.93,132.3,132.3,61386
2026-01-14 14:30:00-05:00,132.3,132.92,132.09,132.47,78726
2026-01-14 14:35:00-05:00,132.495,132.85,132.43,132.7416,57344
2026-01-14 14:40:00-05:00,132.71,133.04,132.35,132.4,69682
2026-01-14 14:45:00-05:00,132.51,133.3,132.38,132.9142,66171
2026-01-14 14:50:00-05:00,132.905,133.2,132.43,132.575,74497
2026-01-14 14:55:00-05:00,132.53,132.62,131.82,132,98244
2026-01-14 15:00:00-05:00,131.98,132.09,130,130.56,339792
2026-01-14 15:05:00-05:00,130.64,131.37,130.11,131.32,225181
2026-01-14 15:10:00-05:00,131.26,132.2799,131.18,132.115,181789
2026-01-14 15:15:00-05:00,132.14,132.37,131.6458,132.2775,134700
2026-01-14 15:20:00-05:00,132.275,132.35,131.1,131.88,160029
2026-01-14 15:25:00-05:00,131.875,132.67,131.79,131.8801,156918
2026-01-14 15:30:00-05:00,132.0003,132.48,131.75,132.28,133373
2026-01-14 15:35:00-05:00,132.15,133.115,132.0589,132.98,183350
2026-01-14 15:40:00-05:00,132.85,133.14,131.61,132.23,181164
2026-01-14 15:45:00-05:00,132.165,132.5,131.7,131.8572,158792
2026-01-14 15:50:00-05:00,131.78,133.4999,131.77,133.17,268131
2026-01-14 15:55:00-05:00,133.055,133.8399,132.95,133.46,485631
2026-01-15 09:30:00-05:00,138.49,140,134.66,136,450116
2026-01-15 09:35:00-05:00,136.285,141.5698,136,141.5698,383998
2026-01-15 09:40:00-05:00,141.65,141.9419,138.64,138.745,262757
2026-01-15 09:45:00-05:00,138.74,139.9,136.62,137.528,229419
2026-01-15 09:50:00-05:00,137.48,138.7,137.02,138.4,161628
2026-01-15 09:55:00-05:00,138.4899,138.64,136.2,136.31,170458
2026-01-15 10:00:00-05:00,136.51,137,136.1741,136.39,95744
2026-01-15 10:05:00-05:00,136.45,137.67,135.2,137.3,114328
2026-01-15 10:10:00-05:00,137.544,138.25,136.28,136.28,151764
2026-01-15 10:15:00-05:00,136.1457,136.97,136.01,136.29,78164
2026-01-15 10:20:00-05:00,136.34,138,136.255,137.9,85460
2026-01-15 10:25:00-05:00,137.61,138.2,136.95,137.7,76288
2026-01-15 10:30:00-05:00,137.59,137.885,136.9451,137.59,59986
2026-01-15 10:35:00-05:00,137.83,138.499,137.47,137.62,103401
2026-01-15 10:40:00-05:00,137.8,138.1199,137.32,137.53,77281
2026-01-15 10:45:00-05:00,137.555,137.8,136.8464,137.25,81574
2026-01-15 10:50:00-05:00,137.29,137.7,136.62,137.365,65582
2026-01-15 10:55:00-05:00,137.5,138.9599,137.27,138.78,108171
2026-01-15 11:00:00-05:00,138.8,139.3099,138.45,138.99,108355
2026-01-15 11:05:00-05:00,138.895,138.895,138.32,138.5801,76084
2026-01-15 11:10:00-05:00,138.6,138.8499,138.2,138.44,50811
2026-01-15 11:15:00-05:00,138.1,140.47,138.1,140.1801,124908
2026-01-15 11:20:00-05:00,140.18,140.53,139.32,140.4998,122756
2026-01-15 11:25:00-05:00,140.32,140.46,139.435,139.62,102067
2026-01-15 11:30:00-05:00,139.605,140.97,139.36,140.855,191778
2026-01-15 11:35:00-05:00,140.97,141,140.22,140.7,82587
2026-01-15 11:40:00-05:00,140.68,140.84,139.67,139.89,80454
2026-01-15 11:45:00-05:00,139.9,140.68,139.82,140.41,48941
2026-01-15 11:50:00-05:00,140.3994,140.45,139.72,140.1,82746
2026-01-15 11:55:00-05:00,139.95,140.49,139.5,139.9353,92157
2026-01-15 12:00:00-05:00,139.82,140.41,139.58,140.29,66813
2026-01-15 12:05:00-05:00,140.2201,140.54,139.7326,140.425,87231
2026-01-15 12:10:00-05:00,140.32,141.61,140.0301,141.61,160274
2026-01-15 12:15:00-05:00,141.69,141.8999,140.71,141.19,115435
2026-01-15 12:20:00-05:00,141.185,141.77,141.175,141.5,83478
2026-01-15 12:25:00-05:00,141.575,142.07,141.425,141.48,125062
2026-01-15 12:30:00-05:00,141.3501,141.85,141.17,141.39,113230
2026-01-15 12:35:00-05:00,141.34,141.64,140.9006,141.4,77163
2026-01-15 12:40:00-05:00,141.38,142.39,141.19,141.94,114035
2026-01-15 12:45:00-05:00,141.9,143.1,141.75,142.71,121531
2026-01-15 12:50:00-05:00,142.75,142.87,142.19,142.3675,72677
2026-01-15 12:55:00-05:00,142.27,142.305,141.74,142.01,130146
2026-01-15 13:00:00-05:00,142.01,142.28,141.73,142.24,55589
2026-01-15 13:05:00-05:00,142.26,143.2,142.05,143.13,65684
2026-01-15 13:10:00-05:00,143.07,143.49,142.86,143.35,81444
2026-01-15 13:15:00-05:00,143.37,144.11,143.27,143.948,127610
2026-01-15 13:20:00-05:00,143.8,144.12,143.26,143.65,80982
2026-01-15 13:25:00-05:00,143.58,144.16,143.5391,144.16,67384
2026-01-15 13:30:00-05:00,144.16,144.16,143.7,143.7,70776
2026-01-15 13:35:00-05:00,143.59,143.65,142.9483,142.99,66034
2026-01-15 13:40:00-05:00,142.982,144.41,142.65,144.1111,136016
2026-01-15 13:45:00-05:00,144.17,144.5,143.97,144.0888,76568
2026-01-15 13:50:00-05:00,144.005,144.005,143.1101,143.41,66339
2026-01-15 13:55:00-05:00,143.54,143.54,142.65,143.14,84317
2026-01-15 14:00:00-05:00,143.12,143.12,142.0855,142.57,68333
2026-01-15 14:05:00-05:00,142.5,143.0892,142.1,142.61,64559
2026-01-15 14:10:00-05:00,142.625,142.9999,142.23,142.775,49932
2026-01-15 14:15:00-05:00,142.89,143.6055,142.89,143.11,79336
2026-01-15 14:20:00-05:00,143.12,143.24,142.3,142.49,83693
2026-01-15 14:25:00-05:00,142.4201,142.63,141.63,142.585,119065
2026-01-15 14:30:00-05:00,142.51,142.51,141.2901,141.62,108993
2026-01-15 14:35:00-05:00,141.615,141.99,141.01,141.3392,89724
2026-01-15 14:40:00-05:00,141.27,142.19,141.12,142.03,83542
2026-01-15 14:45:00-05:00,142.035,142.62,141.82,142.4,116286
2026-01-15 14:50:00-05:00,142.43,142.9,142.07,142.59,63692
2026-01-15 14:55:00-05:00,142.7299,143.11,141.84,143.02,97921
2026-01-15 15:00:00-05:00,142.95,142.95,141.77,142.47,78516
2026-01-15 15:05:00-05:00,142.497,142.64,141.55,141.96,61343
2026-01-15 15:10:00-05:00,141.805,141.93,141.1701,141.4092,92643
2026-01-15 15:15:00-05:00,141.4,141.4,140.36,140.83,113536
2026-01-15 15:20:00-05:00,140.87,141.5,140.61,141.02,112027
2026-01-15 15:25:00-05:00,140.91,141.5,140.7825,141.03,75917
2026-01-15 15:30:00-05:00,141.0331,141.47,140.76,141.165,114584
2026-01-15 15:35:00-05:00,141.18,141.36,140,140.53,144287
2026-01-15 15:40:00-05:00,140.53,140.81,139.89,140,113098
2026-01-15 15:45:00-05:00,140.015,140.72,139.96,140.25,112136
2026-01-15 15:50:00-05:00,140.16,140.175,139.64,139.665,138483
2026-01-15 15:55:00-05:00,139.55,139.81,139.05,139.17,354407
2026-01-16 09:30:00-05:00,144.5,144.8999,141.01,142.15,719422
2026-01-16 09:35:00-05:00,142.1,144.25,141.7,143.925,267947
2026-01-16 09:40:00-05:00,144.05,148,143.34,147.2352,631636
2026-01-16 09:45:00-05:00,147.2475,150.8399,147.2,149.13,998449
2026-01-16 09:50:00-05:00,149.13,149.76,147.35,148.67,354550
2026-01-16 09:55:00-05:00,148.7442,149.18,145.19,145.6015,324171
2026-01-16 10:00:00-05:00,145.4201,147.13,144.6,146.7145,286975
2026-01-16 10:05:00-05:00,146.79,148.34,146.5,147.3,188523
2026-01-16 10:10:00-05:00,147.09,149.36,147,148.6,256250
2026-01-16 10:15:00-05:00,148.7521,148.84,146.1,146.2,242034
2026-01-16 10:20:00-05:00,146.4638,147.16,146.2,147.05,137047
2026-01-16 10:25:00-05:00,147.05,148.92,145.79,148.3775,216213
2026-01-16 10:30:00-05:00,148.2752,148.98,147.87,148.07,246643
2026-01-16 10:35:00-05:00,148.0912,148.0912,145.7,146.68,221445
2026-01-16 10:40:00-05:00,146.68,146.8899,144.89,145.94,273760
2026-01-16 10:45:00-05:00,145.8999,148.5,145.48,148.42,219296
2026-01-16 10:50:00-05:00,148.0601,149.35,147.12,148.96,222566
2026-01-16 10:55:00-05:00,149.0221,150.39,148.7501,150.13,319958
2026-01-16 11:00:00-05:00,150.13,150.3399,149,149.22,129327
2026-01-16 11:05:00-05:00,149.1475,149.9,148.69,149.235,139270
2026-01-16 11:10:00-05:00,149.38,149.61,147.67,148.525,211946
2026-01-16 11:15:00-05:00,148.525,149.16,148.33,149.0627,136643
2026-01-16 11:20:00-05:00,149.08,149.2699,146.76,146.76,150132
2026-01-16 11:25:00-05:00,146.985,147.06,146.06,146.992,177934
2026-01-16 11:30:00-05:00,146.915,147.1799,146.63,146.79,109659
2026-01-16 11:35:00-05:00,146.75,147.72,146.43,147.365,105313
2026-01-16 11:40:00-05:00,147.365,147.48,146,146.2147,103893
2026-01-16 11:45:00-05:00,146,146.04,145.47,146.03,145015
2026-01-16 11:50:00-05:00,146,146.12,145.01,145.18,90554
2026-01-16 11:55:00-05:00,145.29,145.76,144.8059,145.54,127758
2026-01-16 12:00:00-05:00,145.5,145.99,145.3301,145.875,64422
2026-01-16 12:05:00-05:00,145.95,146.6379,145.38,145.75,380682
2026-01-16 12:10:00-05:00,145.7167,146.76,145.6689,146.12,87221
2026-01-16 12:15:00-05:00,146.03,146.85,145.68,146.82,106714
2026-01-16 12:20:00-05:00,146.6852,146.76,146.27,146.5,76184
2026-01-16 12:25:00-05:00,146.57,147,146.07,146.91,103356
2026-01-16 12:30:00-05:00,146.9261,147.43,146.48,147.32,88488
2026-01-16 12:35:00-05:00,147.2601,147.65,147.1,147.415,90242
2026-01-16 12:40:00-05:00,147.5,147.65,147.105,147.38,99968
2026-01-16 12:45:00-05:00,147.44,147.7899,147,147.13,123059
2026-01-16 12:50:00-05:00,147.05,147.73,147.05,147.57,81233
2026-01-16 12:55:00-05:00,147.5,147.81,146.8,146.8,158604
2026-01-16 13:00:00-05:00,146.88,147.6,146.71,147.15,77807
2026-01-16 13:05:00-05:00,147.08,147.5,146.79,147.35,75648
2026-01-16 13:10:00-05:00,147.46,149.035,147.395,148.58,214792
2026-01-16 13:15:00-05:00,148.66,148.7299,147.2001,147.59,119751
2026-01-16 13:20:00-05:00,147.575,147.8,147.02,147.6845,105263
2026-01-16 13:25:00-05:00,147.8,148.7,147.8,148.3,80803
2026-01-16 13:30:00-05:00,148.28,150.17,147.91,150.08,566404
2026-01-16 13:35:00-05:00,150.0911,150.0918,148.935,149,117765
2026-01-16 13:40:00-05:00,149,150.58,148.77,149.69,382846
2026-01-16 13:45:00-05:00,149.5388,149.8822,148.6826,149.0001,64145
2026-01-16 13:50:00-05:00,149.07,149.605,148.7761,149.58,84504
2026-01-16 13:55:00-05:00,149.55,149.92,149.25,149.54,96389
2026-01-16 14:00:00-05:00,149.56,149.83,148.84,149.71,106576
2026-01-16 14:05:00-05:00,149.75,150.4799,149.6601,149.925,213732
2026-01-16 14:10:00-05:00,149.905,150.0876,148.77,148.89,131239
2026-01-16 14:15:00-05:00,148.89,149.6546,148.57,149.35,148396
2026-01-16 14:20:00-05:00,149.35,149.5599,148.79,149.135,79307
2026-01-16 14:25:00-05:00,149.22,149.22,148.02,148.4852,120103
2026-01-16 14:30:00-05:00,148.55,149.1,148.41,148.885,83160
2026-01-16 14:35:00-05:00,148.885,149.25,148.4,148.87,95510
2026-01-16 14:40:00-05:00,148.87,149.3899,148.75,149.02,73560
2026-01-16 14:45:00-05:00,149.02,149.1299,148.4,148.55,110616
2026-01-16 14:50:00-05:00,148.55,149.4,148.325,149.39,75034
2026-01-16 14:55:00-05:00,149.42,149.84,149,149.545,106289
2026-01-16 15:00:00-05:00,149.545,149.94,148.81,149.435,67127
2026-01-16 15:05:00-05:00,149.4343,149.9,149.13,149.8,59074
2026-01-16 15:10:00-05:00,149.89,150.03,149.59,149.975,73698
2026-01-16 15:15:00-05:00,149.925,150.34,149.66,150.33,98674
2026-01-16 15:20:00-05:00,150.31,150.5,149.825,150,158274
2026-01-16 15:25:00-05:00,150,150.08,149.3701,149.5138,84061
2026-01-16 15:30:00-05:00,149.4,149.6099,148.85,149.44,73435
2026-01-16 15:35:00-05:00,149.41,149.82,149.18,149.18,81822
2026-01-16 15:40:00-05:00,149.255,149.56,148.92,149.319,88127
2026-01-16 15:45:00-05:00,149.31,149.52,148.5,149.32,136757
2026-01-16 15:50:00-05:00,149.29,150.02,149.15,149.91,220759
2026-01-16 15:55:00-05:00,149.87,149.87,149.15,149.475,420973
2026-01-20 09:30:00-05:00,144,150,143.2,149.39,838430
2026-01-20 09:35:00-05:00,149.46,152.2,149.43,149.68,455548
2026-01-20 09:40:00-05:00,149.94,150.2057,146.88,149.34,347995
2026-01-20 09:45:00-05:00,148.88,149.1,145.38,146.6571,291148
2026-01-20 09:50:00-05:00,146.395,150,146.275,149.33,236759
2026-01-20 09:55:00-05:00,149.21,149.7499,146.58,146.6784,238924
2026-01-20 10:00:00-05:00,146.7,148.96,146.7,148.47,267301
2026-01-20 10:05:00-05:00,148.59,149.1,146.53,146.83,159562
2026-01-20 10:10:00-05:00,146.65,147.7399,146.24,146.37,117644
2026-01-20 10:15:00-05:00,146.37,146.375,143.9,144.31,468089
2026-01-20 10:20:00-05:00,144.42,145.7558,143.92,145.59,246708
2026-01-20 10:25:00-05:00,145.6,146.96,145.3,145.845,138532
2026-01-20 10:30:00-05:00,145.69,147.96,145.5,147.23,154585
2026-01-20 10:35:00-05:00,147.25,148.58,147.11,148.23,175867
2026-01-20 10:40:00-05:00,148.4196,149.3851,148.28,148.91,163763
2026-01-20 10:45:00-05:00,148.7,149.75,148.63,149.385,107117
2026-01-20 10:50:00-05:00,149.385,149.5,148,148.18,129251
2026-01-20 10:55:00-05:00,148,148.859,147.71,148.7,76902
2026-01-20 11:00:00-05:00,148.625,149.1527,147.55,148.26,125937
2026-01-20 11:05:00-05:00,148.5999,149.5599,147.37,149.2,128114
2026-01-20 11:10:00-05:00,149.14,150,148.51,148.9124,103035
2026-01-20 11:15:00-05:00,148.905,149.0823,147.5,148.145,65396
2026-01-20 11:20:00-05:00,148,149.15,147.7,148.62,55079
2026-01-20 11:25:00-05:00,148.56,149.13,148.3701,149.02,45253
2026-01-20 11:30:00-05:00,148.8,149.31,148.23,148.77,68628
2026-01-20 11:35:00-05:00,148.8823,153.13,148.77,151.41,620282
2026-01-20 11:40:00-05:00,151.3,151.691,148.72,149.35,199100
2026-01-20 11:45:00-05:00,149.35,151.06,148.88,150.8257,247612
2026-01-20 11:50:00-05:00,150.835,151.8799,150.835,151.14,220211
2026-01-20 11:55:00-05:00,151.19,152.39,150.78,151.645,307836
2026-01-20 12:00:00-05:00,151.645,153.0776,151.5,152.6585,371946
2026-01-20 12:05:00-05:00,152.675,153.81,151.3,152.18,294812
2026-01-20 12:10:00-05:00,151.97,153,151.55,153,228290
2026-01-20 12:15:00-05:00,152.98,153.49,152.49,152.81,149491
2026-01-20 12:20:00-05:00,152.96,153.28,151.83,152.39,132290
2026-01-20 12:25:00-05:00,152.425,152.695,151.66,152,102967
2026-01-20 12:30:00-05:00,151.92,151.92,150.39,151.74,237225
2026-01-20 12:35:00-05:00,151.8,153.636,151.5375,153.302,201054
2026-01-20 12:40:00-05:00,153.28,155.31,152.83,152.985,340756
2026-01-20 12:45:00-05:00,152.96,152.96,151.82,152.41,111709
2026-01-20 12:50:00-05:00,152.38,152.93,151.84,152.63,105211
2026-01-20 12:55:00-05:00,152.51,152.92,151.75,151.94,108132
2026-01-20 13:00:00-05:00,151.9,152.75,151.78,151.96,88729
2026-01-20 13:05:00-05:00,151.96,152.2,151.77,151.8,60426
2026-01-20 13:10:00-05:00,151.84,152.5,151.42,151.73,100108
2026-01-20 13:15:00-05:00,151.82,152.1,150.66,151.065,114229
2026-01-20 13:20:00-05:00,151.0373,151.72,150.88,151.13,74010
2026-01-20 13:25:00-05:00,151.12,151.5,150.95,151.165,69831
2026-01-20 13:30:00-05:00,151.08,151.988,151,151.76,66663
2026-01-20 13:35:00-05:00,151.83,151.835,151.14,151.47,84624
2026-01-20 13:40:00-05:00,151.4863,151.5,150.51,150.97,132060
2026-01-20 13:45:00-05:00,151.0688,151.905,150.86,151.5544,82466
2026-01-20 13:50:00-05:00,151.49,151.9999,151.39,151.54,83749
2026-01-20 13:55:00-05:00,151.64,152.2,151.46,151.715,134503
2026-01-20 14:00:00-05:00,151.62,152.2636,151.46,151.8,91187
2026-01-20 14:05:00-05:00,151.72,151.8899,150.8201,151.08,162297
2026-01-20 14:10:00-05:00,151.065,151.645,150.825,151.07,136304
2026-01-20 14:15:00-05:00,151.0679,151.205,150.11,150.26,178615
2026-01-20 14:20:00-05:00,150.325,150.91,149.82,150.465,115657
2026-01-20 14:25:00-05:00,150.41,150.82,150.21,150.7332,104777
2026-01-20 14:30:00-05:00,150.755,150.755,148.18,148.25,235912
2026-01-20 14:35:00-05:00,148.23,148.5633,147.8,148.52,249785
2026-01-20 14:40:00-05:00,148.45,149.4799,148.3201,148.6,102398
2026-01-20 14:45:00-05:00,148.525,150.5,148.34,150.31,106506
2026-01-20 14:50:00-05:00,150.397,151.4305,150.04,151.21,130752
2026-01-20 14:55:00-05:00,151.1375,152.04,150.72,151.68,144404
2026-01-20 15:00:00-05:00,151.62,151.889,151.13,151.5086,87564
2026-01-20 15:05:00-05:00,151.57,152.095,151.325,151.49,87673
2026-01-20 15:10:00-05:00,151.5151,151.95,151.39,151.63,111388
2026-01-20 15:15:00-05:00,151.64,152.04,151.44,151.94,132824
2026-01-20 15:20:00-05:00,151.93,152.08,151.68,151.86,132368
2026-01-20 15:25:00-05:00,151.82,151.9,151.46,151.6423,108560
2026-01-20 15:30:00-05:00,151.66,151.71,151.15,151.38,106657
2026-01-20 15:35:00-05:00,151.32,152,151.19,151.555,128743
2026-01-20 15:40:00-05:00,151.54,151.555,150.69,150.82,185377
2026-01-20 15:45:00-05:00,150.82,151.53,150.79,151.2127,218646
2026-01-20 15:50:00-05:00,151.05,151.23,150.36,150.5301,428275
2026-01-20 15:55:00-05:00,150.53,151.93,150.46,151.82,839538
2026-01-21 09:30:00-05:00,152.8,154.2,150.25,151.16,488118
2026-01-21 09:35:00-05:00,151.085,152.8,148.72,151.75,372745
2026-01-21 09:40:00-05:00,152.05,152.475,149.5,149.5,407001
2026-01-21 09:45:00-05:00,149.455,151.22,148.01,150.845,269679
2026-01-21 09:50:00-05:00,150.845,154.89,150.3,152.34,425956
2026-01-21 09:55:00-05:00,152.21,153.5999,151.475,152.64,238636
2026-01-21 10:00:00-05:00,152.64,154.33,151.9,153.865,247488
2026-01-21 10:05:00-05:00,154.11,155.87,152.6,152.915,290337
2026-01-21 10:10:00-05:00,152.72,153.02,152.0001,152.7075,139408
2026-01-21 10:15:00-05:00,152.745,153.71,152.2,153,143477
2026-01-21 10:20:00-05:00,153.03,153.47,151.75,152.52,92349
2026-01-21 10:25:00-05:00,152.64,152.9399,151.1125,152.27,190107
2026-01-21 10:30:00-05:00,152.26,153.1096,152,152.54,158244
2026-01-21 10:35:00-05:00,152.62,153.21,150.5,150.53,208356
2026-01-21 10:40:00-05:00,150.48,151.8102,150.18,151.67,87004
2026-01-21 10:45:00-05:00,151.46,152.54,151.46,152.45,71029
2026-01-21 10:50:00-05:00,152.29,154.3599,152.26,153.81,203641
2026-01-21 10:55:00-05:00,153.81,154.31,152.175,152.34,141010
2026-01-21 11:00:00-05:00,152.22,152.77,152.07,152.4,48143
2026-01-21 11:05:00-05:00,152.455,152.64,152.14,152.4136,50552
2026-01-21 11:10:00-05:00,152.565,152.69,152.05,152.3345,83896
2026-01-21 11:15:00-05:00,152.24,152.53,151.88,151.8801,80370
2026-01-21 11:20:00-05:00,151.97,152.08,150.92,151.74,83964
2026-01-21 11:25:00-05:00,151.6153,152.65,151.45,152.51,97486
2026-01-21 11:30:00-05:00,152.4,152.4,151.52,151.85,65207
2026-01-21 11:35:00-05:00,151.85,151.85,148.75,149.41,309352
2026-01-21 11:40:00-05:00,149.46,150.52,149.22,149.5001,117416
2026-01-21 11:45:00-05:00,149.51,150.74,149.0101,150.4,82031
2026-01-21 11:50:00-05:00,150.34,150.83,149,150.29,96117
2026-01-21 11:55:00-05:00,150.09,150.2293,149.08,149.47,48964
2026-01-21 12:00:00-05:00,149.61,149.65,147,147.35,197830
2026-01-21 12:05:00-05:00,147.1601,147.38,144.88,145.62,320592
2026-01-21 12:10:00-05:00,145.69,145.8225,143.33,143.91,373668
2026-01-21 12:15:00-05:00,143.89,145.46,143.7501,144.8938,309845
2026-01-21 12:20:00-05:00,144.61,145.2545,143.67,145.1,128562
2026-01-21 12:25:00-05:00,145.15,145.6699,144,144.05,122721
2026-01-21 12:30:00-05:00,143.95,144.0592,142.43,143.82,198635
2026-01-21 12:35:00-05:00,143.855,145.97,143.5001,145.37,186290
2026-01-21 12:40:00-05:00,145.21,145.53,144.385,144.39,105429
2026-01-21 12:45:00-05:00,144.44,145.3199,144.13,144.83,126496
2026-01-21 12:50:00-05:00,144.6,146,144.44,145.51,149044
2026-01-21 12:55:00-05:00,145.745,146.9,145.22,146.75,113321
2026-01-21 13:00:00-05:00,146.711,146.7499,144.56,144.56,103640
2026-01-21 13:05:00-05:00,144.5,145.27,144.01,144.22,105450
2026-01-21 13:10:00-05:00,144.3499,145.83,144.09,144.68,64625
2026-01-21 13:15:00-05:00,144.79,145.11,144.41,144.605,63061
2026-01-21 13:20:00-05:00,144.55,145.86,144.36,145.25,47913
2026-01-21 13:25:00-05:00,145.15,146.6306,145.15,146.6268,88640
2026-01-21 13:30:00-05:00,146.455,147.4799,146.25,147.22,89321
2026-01-21 13:35:00-05:00,147.22,147.695,146.6,147.695,102777
2026-01-21 13:40:00-05:00,147.695,147.81,146.83,146.9578,86531
2026-01-21 13:45:00-05:00,146.89,147.68,146.79,147.475,73819
2026-01-21 13:50:00-05:00,147.4234,147.99,147,147.34,97499
2026-01-21 13:55:00-05:00,147.42,147.54,146.66,147.175,86224
2026-01-21 14:00:00-05:00,147.09,147.2599,146.3001,146.5431,62583
2026-01-21 14:05:00-05:00,146.47,146.5673,145.5601,145.755,65088
2026-01-21 14:10:00-05:00,145.85,146.35,145.2,145.56,70265
2026-01-21 14:15:00-05:00,145.23,146.09,144.79,145.1537,49848
2026-01-21 14:20:00-05:00,145.05,145.63,144.66,145.4727,67341
2026-01-21 14:25:00-05:00,145.45,149.94,145.1301,149.2,238212
2026-01-21 14:30:00-05:00,149.28,150.885,148.73,150.65,157143
2026-01-21 14:35:00-05:00,150.65,150.98,149,149.715,139643
2026-01-21 14:40:00-05:00,149.725,150.5,149.03,150.43,107388
2026-01-21 14:45:00-05:00,150.54,151.1279,150.25,150.77,128856
2026-01-21 14:50:00-05:00,150.735,151,148.0144,149.27,121858
2026-01-21 14:55:00-05:00,149.22,149.9887,149.05,149.38,67427
2026-01-21 15:00:00-05:00,149.51,149.51,148.44,149.01,66234
2026-01-21 15:05:00-05:00,148.97,149.9447,148.82,149.705,54515
2026-01-21 15:10:00-05:00,149.84,150.1199,149,149.23,64935
2026-01-21 15:15:00-05:00,149.23,150,148.3092,149.83,118939
2026-01-21 15:20:00-05:00,149.92,150.59,148.68,149.03,101003
2026-01-21 15:25:00-05:00,149.03,149.3298,148.65,148.92,74691
2026-01-21 15:30:00-05:00,148.94,149.22,148.1,148.275,127288
2026-01-21 15:35:00-05:00,148.2103,149.3759,148.2103,148.92,76547
2026-01-21 15:40:00-05:00,148.95,149.43,148.65,149.43,58246
2026-01-21 15:45:00-05:00,149.365,149.65,148.865,149.06,91293
2026-01-21 15:50:00-05:00,149.09,149.2799,148.33,148.96,110546
2026-01-21 15:55:00-05:00,148.92,150.5,148.92,150.5,416644
2026-01-22 09:30:00-05:00,153.7,154.76,149.6,149.6,357535
2026-01-22 09:35:00-05:00,150.17,150.95,146.5,150.58,251997
2026-01-22 09:40:00-05:00,150.545,150.6787,147.4195,148.88,133027
2026-01-22 09:45:00-05:00,148.88,149.02,145.86,146.519,233769
2026-01-22 09:50:00-05:00,146.26,147.8499,145.56,147.33,156008
2026-01-22 09:55:00-05:00,147.311,148.7056,146.1,146.33,100419
2026-01-22 10:00:00-05:00,146.2251,146.3937,144.82,145.595,210753
2026-01-22 10:05:00-05:00,145.52,146.4999,145.18,145.68,121877
2026-01-22 10:10:00-05:00,145.51,145.87,143.86,144.355,205905
2026-01-22 10:15:00-05:00,144.41,145.8843,144.3,144.6575,111200
2026-01-22 10:20:00-05:00,144.55,145.43,143.3,144,129388
2026-01-22 10:25:00-05:00,143.85,145,143.55,144.34,101974
2026-01-22 10:30:00-05:00,144.318,146.35,144.0745,146.17,97505
2026-01-22 10:35:00-05:00,146.3099,146.735,145.03,145.875,100952
2026-01-22 10:40:00-05:00,145.7,145.7,144.45,144.54,74307
2026-01-22 10:45:00-05:00,144.6378,144.9499,144,144.5,69472
2026-01-22 10:50:00-05:00,144.42,144.52,143.2,143.86,102751
2026-01-22 10:55:00-05:00,143.81,144.46,143.55,143.95,83702
2026-01-22 11:00:00-05:00,144.01,144.4649,143.3,143.65,159768
2026-01-22 11:05:00-05:00,143.5227,143.68,142.86,143.59,117860
2026-01-22 11:10:00-05:00,143.5,144.19,143.41,144.13,68541
2026-01-22 11:15:00-05:00,144.09,144.7599,143.67,144.63,126649
2026-01-22 11:20:00-05:00,144.68,145.84,144.46,145.84,94511
2026-01-22 11:25:00-05:00,145.87,146.02,144.7132,144.7132,109029
2026-01-22 11:30:00-05:00,144.68,144.71,143.7,143.7,82195
2026-01-22 11:35:00-05:00,143.62,144.1099,143,143.705,136206
2026-01-22 11:40:00-05:00,143.63,143.9786,143.5,143.8339,56514
2026-01-22 11:45:00-05:00,143.89,143.89,143.47,143.63,50356
2026-01-22 11:50:00-05:00,143.51,144.42,143.38,144.3,49125
2026-01-22 11:55:00-05:00,144.29,144.29,143.2,143.36,163304
2026-01-22 12:00:00-05:00,143.59,143.59,142.5,143.12,111168
2026-01-22 12:05:00-05:00,143.15,143.59,142.58,143.4928,114337
2026-01-22 12:10:00-05:00,143.5,143.5,142.89,143.25,54978
2026-01-22 12:15:00-05:00,143.25,143.7497,143.15,143.61,54293
2026-01-22 12:20:00-05:00,143.54,144.7,143.45,144.6076,62578
2026-01-22 12:25:00-05:00,144.59,144.85,144.01,144.83,64181
2026-01-22 12:30:00-05:00,144.7997,145.15,144.6,144.9599,80434
2026-01-22 12:35:00-05:00,144.91,144.99,144.5,144.92,69428
2026-01-22 12:40:00-05:00,144.9188,145.13,144.82,144.9,44934
2026-01-22 12:45:00-05:00,144.97,145.55,144.88,145.475,52901
2026-01-22 12:50:00-05:00,145.5,145.75,145.4,145.595,51731
2026-01-22 12:55:00-05:00,145.615,145.77,144.65,144.75,40207
2026-01-22 13:00:00-05:00,144.655,145.4,144.3453,145.22,94162
2026-01-22 13:05:00-05:00,145.22,145.53,144.96,145.04,42987
2026-01-22 13:10:00-05:00,145.01,145.405,144.8664,145.3341,46458
2026-01-22 13:15:00-05:00,145.44,145.58,145.06,145.08,31498
2026-01-22 13:20:00-05:00,145,145.27,144.795,144.795,30010
2026-01-22 13:25:00-05:00,144.7975,144.91,143.8,144.08,81690
2026-01-22 13:30:00-05:00,144.055,144.17,143.26,143.36,70100
2026-01-22 13:35:00-05:00,143.34,143.75,142.99,143.74,71679
2026-01-22 13:40:00-05:00,143.725,144.05,143.32,143.72,46054
2026-01-22 13:45:00-05:00,143.65,144.36,143.65,143.74,48338
2026-01-22 13:50:00-05:00,143.85,143.93,141.86,142.175,179047
2026-01-22 13:55:00-05:00,142.22,142.8799,141.98,142.71,83054
2026-01-22 14:00:00-05:00,142.725,143.015,142.22,142.68,53144
2026-01-22 14:05:00-05:00,142.795,143.11,142.51,143.11,50908
2026-01-22 14:10:00-05:00,142.94,143.275,142.5,142.805,46580
2026-01-22 14:15:00-05:00,142.72,143.8,142.69,143.3302,90249
2026-01-22 14:20:00-05:00,143.41,144.3791,143.37,144.2899,42815
2026-01-22 14:25:00-05:00,144.165,144.165,143.59,144.05,37497
2026-01-22 14:30:00-05:00,143.97,144.37,143.7801,144.21,213380
2026-01-22 14:35:00-05:00,144.095,144.3799,143.98,144.265,58845
2026-01-22 14:40:00-05:00,144.265,144.8,144.01,144.4,107700
2026-01-22 14:45:00-05:00,144.39,144.71,144.09,144.2,42616
2026-01-22 14:50:00-05:00,144.17,144.49,143.94,144.395,38656
2026-01-22 14:55:00-05:00,144.37,144.44,143.87,144.44,64083
2026-01-22 15:00:00-05:00,144.4999,144.67,144.2,144.2,50578
2026-01-22 15:05:00-05:00,144.23,144.7,144.2,144.44,59195
2026-01-22 15:10:00-05:00,144.4,144.867,144.15,144.8,38957
2026-01-22 15:15:00-05:00,144.77,145.2178,144.4099,145.115,44246
2026-01-22 15:20:00-05:00,145.04,145.15,144.26,144.65,59851
2026-01-22 15:25:00-05:00,144.53,144.99,144.34,144.665,56113
2026-01-22 15:30:00-05:00,144.57,144.63,143.5,143.81,79462
2026-01-22 15:35:00-05:00,143.7402,143.93,143.37,143.565,66425
2026-01-22 15:40:00-05:00,143.47,143.85,143.22,143.8,66223
2026-01-22 15:45:00-05:00,143.765,144.5628,143.765,144.33,91214
2026-01-22 15:50:00-05:00,144.4,144.4363,143.78,144.42,135143
2026-01-22 15:55:00-05:00,144.34,145.8,144.1,145.71,508800
2026-01-23 09:30:00-05:00,144.24,144.24,138.02,138.1999,623847
2026-01-23 09:35:00-05:00,138.1446,139.89,137.76,139.72,312263
2026-01-23 09:40:00-05:00,139.79,142.79,139.39,141.615,166332
2026-01-23 09:45:00-05:00,141.81,142.6699,140.36,142.462,120298
2026-01-23 09:50:00-05:00,142.32,143.5,142.165,142.66,142391
2026-01-23 09:55:00-05:00,142.76,144.2,142.63,143.61,114357
2026-01-23 10:00:00-05:00,143.735,145.389,143.15,144.315,118476
2026-01-23 10:05:00-05:00,144.29,145.15,143.5901,145.15,102505
2026-01-23 10:10:00-05:00,145.22,145.61,144.81,145.26,82040
2026-01-23 10:15:00-05:00,145.28,146.41,145.14,146.1,167542
2026-01-23 10:20:00-05:00,146.1256,148.35,146,147.365,244138
2026-01-23 10:25:00-05:00,147.299,147.6999,146.35,146.57,87812
2026-01-23 10:30:00-05:00,146.61,147.41,146.36,147.15,91294
2026-01-23 10:35:00-05:00,147.085,148.06,147.08,147.44,98510
2026-01-23 10:40:00-05:00,147.49,147.7922,147.04,147.41,56210
2026-01-23 10:45:00-05:00,147.39,147.57,146.68,147.42,56709
2026-01-23 10:50:00-05:00,147.45,147.5,147.038,147.12,55568
2026-01-23 10:55:00-05:00,147.145,147.36,146.71,147.005,51938
2026-01-23 11:00:00-05:00,147.085,147.16,146.23,146.8,55969
2026-01-23 11:05:00-05:00,146.7,146.7,145.1478,145.93,99607
2026-01-23 11:10:00-05:00,145.91,146.485,145.62,146.41,61840
2026-01-23 11:15:00-05:00,146.4,147.04,146.2569,147.04,50592
2026-01-23 11:20:00-05:00,147.11,147.42,146.57,146.96,63039
2026-01-23 11:25:00-05:00,146.795,147.135,146.32,146.4526,37998
2026-01-23 11:30:00-05:00,146.45,146.58,145.8038,146.075,47079
2026-01-23 11:35:00-05:00,146.01,146.68,145.91,146.51,45643
2026-01-23 11:40:00-05:00,146.41,147.75,146.13,147.3,63293
2026-01-23 11:45:00-05:00,147.315,147.98,147.2401,147.88,66601
2026-01-23 11:50:00-05:00,147.885,148.02,146.3008,146.515,66504
2026-01-23 11:55:00-05:00,146.545,146.7199,146.2,146.57,48980
2026-01-23 12:00:00-05:00,146.48,146.715,145.75,146.67,74326
2026-01-23 12:05:00-05:00,146.59,146.65,146.0101,146.0101,29059
2026-01-23 12:10:00-05:00,146.185,146.35,145.66,145.98,66465
2026-01-23 12:15:00-05:00,146.0859,146.2,145.65,146.045,32055
2026-01-23 12:20:00-05:00,146.0019,146.17,145.32,145.46,47124
2026-01-23 12:25:00-05:00,145.445,146,145.12,146,45824
2026-01-23 12:30:00-05:00,145.91,146.03,143.57,143.8,121151
2026-01-23 12:35:00-05:00,143.79,144.14,143.59,143.83,64746
2026-01-23 12:40:00-05:00,143.92,144.4999,143.44,144.13,69830
2026-01-23 12:45:00-05:00,144.1,144.33,142.75,143.315,117197
2026-01-23 12:50:00-05:00,143.32,143.615,143.01,143.34,68969
2026-01-23 12:55:00-05:00,143.345,143.51,142.05,142.4799,124157
2026-01-23 13:00:00-05:00,142.35,143.0699,142.09,142.8499,71469
2026-01-23 13:05:00-05:00,142.8,142.945,142.1,142.78,71117
2026-01-23 13:10:00-05:00,142.78,142.87,142.23,142.53,42278
2026-01-23 13:15:00-05:00,142.54,143.5099,142.54,143.4,35950
2026-01-23 13:20:00-05:00,143.43,143.9799,143.11,143.19,54211
2026-01-23 13:25:00-05:00,143.19,143.9799,143.19,143.48,43700
2026-01-23 13:30:00-05:00,143.37,143.52,142.27,142.28,59635
2026-01-23 13:35:00-05:00,142.28,143.37,142.28,143.09,66640
2026-01-23 13:40:00-05:00,143.08,143.08,142.4001,142.51,36634
2026-01-23 13:45:00-05:00,142.51,142.68,142.25,142.6,40153
2026-01-23 13:50:00-05:00,142.555,142.8992,142.4408,142.84,46600
2026-01-23 13:55:00-05:00,142.85,143.28,142.78,142.94,37083
2026-01-23 14:00:00-05:00,142.9675,143.315,142.52,142.91,51886
2026-01-23 14:05:00-05:00,142.931,143.75,142.89,143.525,41565
2026-01-23 14:10:00-05:00,143.54,143.54,143.08,143.2502,34863
2026-01-23 14:15:00-05:00,143.2847,143.59,143.12,143.55,22898
2026-01-23 14:20:00-05:00,143.51,143.9128,143.445,143.65,40203
2026-01-23 14:25:00-05:00,143.57,143.755,143.12,143.5047,47014
2026-01-23 14:30:00-05:00,143.4,143.4,142.81,142.885,35167
2026-01-23 14:35:00-05:00,142.84,142.9,142.32,142.46,41432
2026-01-23 14:40:00-05:00,142.37,142.5,142.19,142.304,48607
2026-01-23 14:45:00-05:00,142.26,142.47,141.62,141.62,70343
2026-01-23 14:50:00-05:00,141.6306,141.855,141.21,141.69,76516
2026-01-23 14:55:00-05:00,141.71,141.84,141.16,141.23,74932
2026-01-23 15:00:00-05:00,141.265,141.6,140.51,141.43,101405
2026-01-23 15:05:00-05:00,141.485,141.85,141.0309,141.4,53919
2026-01-23 15:10:00-05:00,141.38,142,141.22,141.5301,69049
2026-01-23 15:15:00-05:00,141.609,142.42,141.315,142.23,73960
2026-01-23 15:20:00-05:00,142.23,142.855,142.1137,142.68,76997
2026-01-23 15:25:00-05:00,142.77,142.91,142.43,142.5611,67732
2026-01-23 15:30:00-05:00,142.55,142.55,141.42,142.21,118707
2026-01-23 15:35:00-05:00,142.19,143.0383,142.17,142.97,86125
2026-01-23 15:40:00-05:00,143.015,143.7,143.015,143.42,125154
2026-01-23 15:45:00-05:00,143.38,144,142.99,143.49,157036
2026-01-23 15:50:00-05:00,143.46,144.1,143.2,143.58,119392
2026-01-23 15:55:00-05:00,143.56,145,143.555,144.88,432666
2026-01-26 09:30:00-05:00,142,142.5,138.6505,141.405,455690
2026-01-26 09:35:00-05:00,141.53,141.87,139.0301,139.07,241441
2026-01-26 09:40:00-05:00,139.11,142.3533,138.96,142.02,239831
2026-01-26 09:45:00-05:00,142.14,146.5,141.8,146.33,267811
2026-01-26 09:50:00-05:00,146.29,146.33,144.17,144.32,174126
2026-01-26 09:55:00-05:00,144.41,145.6408,143.3,143.415,147168
2026-01-26 10:00:00-05:00,143.415,144.3361,142.6,144.3361,110254
2026-01-26 10:05:00-05:00,144.05,146.749,143.25,146.15,129567
2026-01-26 10:10:00-05:00,146.02,146.9699,144.95,146.71,107085
2026-01-26 10:15:00-05:00,146.8777,146.96,146.25,146.6224,69475
2026-01-26 10:20:00-05:00,146.705,147.65,146.5,147.38,104739
2026-01-26 10:25:00-05:00,147.27,147.42,146.41,146.5,125486
2026-01-26 10:30:00-05:00,146.62,147.1799,146.4,146.89,111692
2026-01-26 10:35:00-05:00,146.795,147.1,146.49,146.84,110470
2026-01-26 10:40:00-05:00,146.66,146.66,143.8,144.185,138305
2026-01-26 10:45:00-05:00,144.185,146.36,144.185,145.94,71714
2026-01-26 10:50:00-05:00,146.09,146.44,145.3108,146.12,57581
2026-01-26 10:55:00-05:00,145.7501,146.43,145.01,145.345,54687
2026-01-26 11:00:00-05:00,145.2,145.61,144.3,144.4,55094
2026-01-26 11:05:00-05:00,144.45,145.7,144.3,145.335,89054
2026-01-26 11:10:00-05:00,145.74,146.3999,145.35,145.73,79806
2026-01-26 11:15:00-05:00,145.605,145.69,144.45,145.38,49318
2026-01-26 11:20:00-05:00,145.17,145.2546,143.2401,143.67,91197
2026-01-26 11:25:00-05:00,143.515,144.5287,143.23,144,40220
2026-01-26 11:30:00-05:00,143.985,144.5,143.56,144.2867,61993
2026-01-26 11:35:00-05:00,144.36,145.32,144.13,144.95,66581
2026-01-26 11:40:00-05:00,144.93,144.989,144.36,144.61,30797
2026-01-26 11:45:00-05:00,144.535,145.1,143.77,144.16,38650
2026-01-26 11:50:00-05:00,144.15,144.65,144.0001,144.33,39166
2026-01-26 11:55:00-05:00,144.3,144.55,142.43,142.84,206202
2026-01-26 12:00:00-05:00,142.5357,143.33,142.5,143.04,67819
2026-01-26 12:05:00-05:00,143.17,143.43,142.5,142.75,42542
2026-01-26 12:10:00-05:00,142.63,143.5,142.345,143.39,47814
2026-01-26 12:15:00-05:00,143.31,143.44,142.83,142.94,43234
2026-01-26 12:20:00-05:00,142.93,143.0625,142.46,142.79,58654
2026-01-26 12:25:00-05:00,142.75,143.225,142.675,143.1,43491
2026-01-26 12:30:00-05:00,143.1759,143.8,143.14,143.475,58983
2026-01-26 12:35:00-05:00,143.41,143.41,142.9966,143.21,37540
2026-01-26 12:40:00-05:00,143.135,143.39,142.75,142.76,51135
2026-01-26 12:45:00-05:00,142.68,143.2816,142.52,143.135,48337
2026-01-26 12:50:00-05:00,143.24,143.24,142.67,142.7,30670
2026-01-26 12:55:00-05:00,142.7,142.7,142.22,142.38,49372
2026-01-26 13:00:00-05:00,142.39,142.69,142.1,142.18,45931
2026-01-26 13:05:00-05:00,142.1568,142.2923,141.9201,142.2923,39292
2026-01-26 13:10:00-05:00,142.155,142.7,142.04,142.58,51239
2026-01-26 13:15:00-05:00,142.52,142.52,141.5,141.95,90817
2026-01-26 13:20:00-05:00,141.93,142.65,141.7601,142.35,44708
2026-01-26 13:25:00-05:00,142.41,142.47,141.9,142.3706,39620
2026-01-26 13:30:00-05:00,142.23,142.88,141.74,142.87,36333
2026-01-26 13:35:00-05:00,143,143.1499,142.59,142.68,30135
2026-01-26 13:40:00-05:00,142.61,142.9,142.14,142.815,38196
2026-01-26 13:45:00-05:00,142.73,142.79,142.5,142.66,21945
2026-01-26 13:50:00-05:00,142.59,142.895,141.7,142.09,84348
2026-01-26 13:55:00-05:00,142.1975,142.48,141.75,142.12,42880
2026-01-26 14:00:00-05:00,142.12,142.57,141,141.3,84725
2026-01-26 14:05:00-05:00,141.2,141.65,141.15,141.36,64393
2026-01-26 14:10:00-05:00,141.31,141.76,141.15,141.6601,57637
2026-01-26 14:15:00-05:00,141.66,141.67,141.22,141.67,26081
2026-01-26 14:20:00-05:00,141.6,141.6425,141.02,141.02,43676
2026-01-26 14:25:00-05:00,141.085,141.72,140.66,141.52,105344
2026-01-26 14:30:00-05:00,141.44,141.44,140.71,141.1,47202
2026-01-26 14:35:00-05:00,141.1,141.2825,140.5,141.15,83660
2026-01-26 14:40:00-05:00,141.15,141.15,140,140.41,118015
2026-01-26 14:45:00-05:00,140.4,140.495,139.49,139.55,104845
2026-01-26 14:50:00-05:00,139.6,139.8,139.311,139.58,90797
2026-01-26 14:55:00-05:00,139.5998,139.73,138.9,139.425,140656
2026-01-26 15:00:00-05:00,139.35,139.3685,138.11,138.925,162804
2026-01-26 15:05:00-05:00,139,139,138.2,138.4334,133433
2026-01-26 15:10:00-05:00,138.4419,138.56,138,138.54,144352
2026-01-26 15:15:00-05:00,138.54,138.83,138.35,138.56,91929
2026-01-26 15:20:00-05:00,138.46,138.93,138.27,138.52,131421
2026-01-26 15:25:00-05:00,138.52,138.9199,138.37,138.415,103568
2026-01-26 15:30:00-05:00,138.44,138.495,138.09,138.3252,118413
2026-01-26 15:35:00-05:00,138.27,138.78,138.135,138.705,109528
2026-01-26 15:40:00-05:00,138.73,138.8899,138.43,138.65,103352
2026-01-26 15:45:00-05:00,138.6001,139.1,137.23,137.42,262682
2026-01-26 15:50:00-05:00,137.55,138.37,137.55,138.36,136426
2026-01-26 15:55:00-05:00,138.32,139.62,138.19,139.52,418105
2026-01-27 09:30:00-05:00,141,141.44,137.36,138.825,252244
2026-01-27 09:35:00-05:00,139.0411,139.88,138.42,138.525,140861
2026-01-27 09:40:00-05:00,138.425,139.87,136.64,137.34,262538
2026-01-27 09:45:00-05:00,137.43,137.68,136.25,136.79,181902
2026-01-27 09:50:00-05:00,136.98,138.52,136.5793,138.415,173612
2026-01-27 09:55:00-05:00,138.38,139.71,137.91,139.195,215315
2026-01-27 10:00:00-05:00,139.2,140.3,138.54,138.89,163970
2026-01-27 10:05:00-05:00,138.88,139.57,138,139.365,118283
2026-01-27 10:10:00-05:00,139.5699,139.84,138.96,139.46,87256
2026-01-27 10:15:00-05:00,139.475,141.51,139.32,141.29,149477
2026-01-27 10:20:00-05:00,141.23,142.2,140.5,141.845,162553
2026-01-27 10:25:00-05:00,141.8,141.8,140.8,141.24,85600
2026-01-27 10:30:00-05:00,141.18,141.35,140.17,140.38,81456
2026-01-27 10:35:00-05:00,140.49,143.3199,140.27,143,149680
2026-01-27 10:40:00-05:00,142.98,144,142.67,143.22,310598
2026-01-27 10:45:00-05:00,143.115,143.85,142.95,143.57,114021
2026-01-27 10:50:00-05:00,143.49,143.49,142.15,142.495,81276
2026-01-27 10:55:00-05:00,142.66,144.2,142.66,143.91,125869
2026-01-27 11:00:00-05:00,143.83,144.07,142.87,143.92,110691
2026-01-27 11:05:00-05:00,143.885,144.91,143.34,143.545,156183
2026-01-27 11:10:00-05:00,143.42,144.5272,143.22,144.51,104654
2026-01-27 11:15:00-05:00,144.51,146.25,144.48,145.95,225325
2026-01-27 11:20:00-05:00,145.96,147.18,145.83,146.96,186776
2026-01-27 11:25:00-05:00,146.88,148.2,146.72,147.03,258862
2026-01-27 11:30:00-05:00,146.92,147.7766,146.72,147.2066,172372
2026-01-27 11:35:00-05:00,147.16,148.5,147.08,148.375,160895
2026-01-27 11:40:00-05:00,148.43,150.35,148.375,150.1943,324560
2026-01-27 11:45:00-05:00,150.1921,150.5294,149.77,149.89,215993
2026-01-27 11:50:00-05:00,149.865,150.32,149.54,150.0472,223563
2026-01-27 11:55:00-05:00,149.95,150.74,149.47,149.625,239068
2026-01-27 12:00:00-05:00,149.5201,151.55,149.52,150.65,215677
2026-01-27 12:05:00-05:00,150.86,151.37,150,150.43,112509
2026-01-27 12:10:00-05:00,150.65,150.65,149.73,150.095,94720
2026-01-27 12:15:00-05:00,150.095,150.2,149.35,149.55,180669
2026-01-27 12:20:00-05:00,149.655,149.77,149.14,149.5322,129456
2026-01-27 12:25:00-05:00,149.4901,149.88,149.37,149.7,98745
2026-01-27 12:30:00-05:00,149.87,150.87,149.78,150.66,127109
2026-01-27 12:35:00-05:00,150.66,150.7499,149.535,150.27,79415
2026-01-27 12:40:00-05:00,150.31,150.58,150.15,150.2518,58656
2026-01-27 12:45:00-05:00,150.34,150.5,149.48,149.5,73001
2026-01-27 12:50:00-05:00,149.49,150,149.28,149.57,93305
2026-01-27 12:55:00-05:00,149.5,150.1206,149.3507,149.66,72027
2026-01-27 13:00:00-05:00,149.73,150.18,149.66,149.85,57574
2026-01-27 13:05:00-05:00,149.8572,150.53,149.43,150.53,69312
2026-01-27 13:10:00-05:00,150.4297,150.63,149.5501,149.82,90215
2026-01-27 13:15:00-05:00,149.82,150.04,149.15,149.4,213917
2026-01-27 13:20:00-05:00,149.2965,149.73,149.27,149.68,57992
2026-01-27 13:25:00-05:00,149.59,150.2599,149.59,149.96,72462
2026-01-27 13:30:00-05:00,149.94,151.54,149.575,151.54,225561
2026-01-27 13:35:00-05:00,151.55,151.65,150.68,151.1651,101534
2026-01-27 13:40:00-05:00,151.155,151.35,150.59,150.715,78765
2026-01-27 13:45:00-05:00,150.715,151.85,150.1601,151.757,125491
2026-01-27 13:50:00-05:00,151.7427,152.179,150.6135,151.0199,173693
2026-01-27 13:55:00-05:00,150.72,151.0599,150.45,150.4833,95258
2026-01-27 14:00:00-05:00,150.45,151.48,150.33,150.655,94786
2026-01-27 14:05:00-05:00,150.655,150.9305,150.25,150.65,96512
2026-01-27 14:10:00-05:00,150.69,150.9,149.96,150.605,122373
2026-01-27 14:15:00-05:00,150.5823,151.75,150.5504,151.75,106484
2026-01-27 14:20:00-05:00,151.7429,152.16,151.43,151.53,120725
2026-01-27 14:25:00-05:00,151.51,151.7799,151.29,151.4,95834
2026-01-27 14:30:00-05:00,151.392,151.59,151.18,151.53,58816
2026-01-27 14:35:00-05:00,151.525,152.1899,151.37,152,116137
2026-01-27 14:40:00-05:00,152,152.14,151.6801,151.79,88760
2026-01-27 14:45:00-05:00,151.805,152.06,151.18,151.615,104423
2026-01-27 14:50:00-05:00,151.615,152.56,151.52,152.5256,203612
2026-01-27 14:55:00-05:00,152.57,153.09,152.5301,153.02,165929
2026-01-27 15:00:00-05:00,153.01,153.13,152.46,152.6801,116198
2026-01-27 15:05:00-05:00,152.775,152.9219,152.4801,152.7486,94852
2026-01-27 15:10:00-05:00,152.73,153.46,152.5101,153.1,157025
2026-01-27 15:15:00-05:00,153.14,153.25,152.75,152.92,90860
2026-01-27 15:20:00-05:00,152.82,153.1402,152.77,152.77,73979
2026-01-27 15:25:00-05:00,152.8616,152.8616,152.33,152.61,104935
2026-01-27 15:30:00-05:00,152.54,152.55,151.32,151.85,120771
2026-01-27 15:35:00-05:00,151.8101,151.8999,150.8201,151.3,122721
2026-01-27 15:40:00-05:00,151.2914,151.42,150.87,151.04,92789
2026-01-27 15:45:00-05:00,150.995,151.3699,150.68,150.9,148012
2026-01-27 15:50:00-05:00,151.07,151.6,150.9,151.3201,152841
2026-01-27 15:55:00-05:00,151.32,152.45,150.95,152.33,505622
2026-01-28 09:30:00-05:00,154,161.38,154,158.88,764499
2026-01-28 09:35:00-05:00,158.6363,159.1999,157,158.96,284081
2026-01-28 09:40:00-05:00,158.72,162.18,158.614,162.02,400611
2026-01-28 09:45:00-05:00,162.1,162.88,158.49,158.71,392603
2026-01-28 09:50:00-05:00,158.52,163.54,158.49,163.305,362351
2026-01-28 09:55:00-05:00,163.11,164.4,161.92,162.09,463609
2026-01-28 10:00:00-05:00,162.23,163.86,161.75,163.51,328652
2026-01-28 10:05:00-05:00,163.5,163.5,161.96,162.655,165906
2026-01-28 10:10:00-05:00,162.54,162.8999,160.71,161.0699,195198
2026-01-28 10:15:00-05:00,161.185,162.53,161.06,161.505,210725
2026-01-28 10:20:00-05:00,161.755,162.54,159.92,160.09,200047
2026-01-28 10:25:00-05:00,160.24,160.3,158.42,159.2416,160382
2026-01-28 10:30:00-05:00,159.27,160.8,158.9673,160.38,189397
2026-01-28 10:35:00-05:00,160.52,162.5,160.32,162.47,159198
2026-01-28 10:40:00-05:00,162.43,162.79,161.03,161.86,106544
2026-01-28 10:45:00-05:00,161.845,162.32,160.7,160.84,70549
2026-01-28 10:50:00-05:00,160.7807,161.05,160,160.786,81526
2026-01-28 10:55:00-05:00,160.94,161.3999,160,160.07,68726
2026-01-28 11:00:00-05:00,160,161.8121,159.92,160.89,89399
2026-01-28 11:05:00-05:00,160.945,162.31,160.75,162.18,164161
2026-01-28 11:10:00-05:00,162.22,162.89,161.79,162.275,97722
2026-01-28 11:15:00-05:00,162.3,163.16,161,161.3,67820
2026-01-28 11:20:00-05:00,161.32,161.354,160.3389,160.395,70507
2026-01-28 11:25:00-05:00,160.29,161.9099,160.04,161.9099,100575
2026-01-28 11:30:00-05:00,161.86,162.36,160.5701,162.2,150933
2026-01-28 11:35:00-05:00,162.21,163,161.89,162.325,139347
2026-01-28 11:40:00-05:00,162.325,162.835,162.16,162.6532,148799
2026-01-28 11:45:00-05:00,162.8267,163.5,162.53,162.785,155387
2026-01-28 11:50:00-05:00,162.72,163.91,162.31,163.23,200361
2026-01-28 11:55:00-05:00,163.4699,164.39,162.3601,162.52,256541
2026-01-28 12:00:00-05:00,162.52,163.6399,162.25,162.71,168318
2026-01-28 12:05:00-05:00,162.5902,164.05,162.44,163.785,65883
2026-01-28 12:10:00-05:00,163.8628,164.57,163.5,163.6554,299616
2026-01-28 12:15:00-05:00,163.685,163.85,162.58,162.805,64505
2026-01-28 12:20:00-05:00,162.835,162.8438,162.24,162.33,116434
2026-01-28 12:25:00-05:00,162.345,163.44,161.89,163.32,141086
2026-01-28 12:30:00-05:00,163.27,163.3,162.48,162.65,43494
2026-01-28 12:35:00-05:00,162.4855,164.2,162.4855,163.78,93478
2026-01-28 12:40:00-05:00,163.9899,164.77,163.66,164.13,88009
2026-01-28 12:45:00-05:00,164.13,164.46,163.22,164.3,92073
2026-01-28 12:50:00-05:00,164.195,164.3995,163.84,164.3557,102872
2026-01-28 12:55:00-05:00,164.25,164.2781,163.1241,163.1241,78540
2026-01-28 13:00:00-05:00,163.3,163.95,162.85,163.95,39385
2026-01-28 13:05:00-05:00,163.5,164.24,163.3,163.83,133098
2026-01-28 13:10:00-05:00,163.83,164.86,163.49,164.1475,100538
2026-01-28 13:15:00-05:00,164.01,164.8799,164.01,164.63,57319
2026-01-28 13:20:00-05:00,164.635,164.8299,164.2,164.43,42989
2026-01-28 13:25:00-05:00,164.49,165.49,164.23,165.135,140521
2026-01-28 13:30:00-05:00,165.1266,165.135,164.28,164.951,50464
2026-01-28 13:35:00-05:00,164.915,165.37,164.71,164.79,49580
2026-01-28 13:40:00-05:00,164.62,164.793,164.01,164.18,42417
2026-01-28 13:45:00-05:00,164.15,164.19,163.22,163.7,79726
2026-01-28 13:50:00-05:00,163.59,164.3,163.33,163.9,54358
2026-01-28 13:55:00-05:00,163.92,164.32,163.81,164.1425,81738
2026-01-28 14:00:00-05:00,164,165.07,163.8,164.48,87051
2026-01-28 14:05:00-05:00,164.32,166,163.81,165.4,190588
2026-01-28 14:10:00-05:00,165.44,166.6983,164.63,166.39,160581
2026-01-28 14:15:00-05:00,166.365,166.64,165.5,166.2699,102590
2026-01-28 14:20:00-05:00,166.13,166.41,164.47,164.73,217460
2026-01-28 14:25:00-05:00,164.79,166.09,163.1,163.1,174232
2026-01-28 14:30:00-05:00,163.12,165,161.84,164.9328,273979
2026-01-28 14:35:00-05:00,164.97,165.9827,164.0001,165.7,107905
2026-01-28 14:40:00-05:00,165.54,165.85,164.4,164.61,86333
2026-01-28 14:45:00-05:00,164.54,165.43,163.47,165.09,95798
2026-01-28 14:50:00-05:00,165,166.85,165,166.495,106612
2026-01-28 14:55:00-05:00,166.495,167.49,164.91,164.91,166231
2026-01-28 15:00:00-05:00,164.91,167.06,164.57,166.9086,122820
2026-01-28 15:05:00-05:00,166.935,167.49,166.3,166.625,172877
2026-01-28 15:10:00-05:00,166.62,167.57,166.3999,166.3999,117054
2026-01-28 15:15:00-05:00,166.4,167.12,166.3201,166.56,100229
2026-01-28 15:20:00-05:00,166.6427,167.2113,166.42,166.71,55394
2026-01-28 15:25:00-05:00,166.75,166.93,165.59,165.7,116461
2026-01-28 15:30:00-05:00,165.64,165.92,165.28,165.37,108302
2026-01-28 15:35:00-05:00,165.45,165.735,165.05,165.2075,79159
2026-01-28 15:40:00-05:00,165.215,165.45,164.41,164.48,115299
2026-01-28 15:45:00-05:00,164.42,165.41,164.23,165.295,139674
2026-01-28 15:50:00-05:00,165.24,166.086,165.1134,165.7477,233742
2026-01-28 15:55:00-05:00,165.66,166.13,164.8001,165.49,472987
2026-01-29 09:30:00-05:00,164,164.73,160.08,162.02,561115
2026-01-29 09:35:00-05:00,162.02,163.2599,160.8901,162.575,164329
2026-01-29 09:40:00-05:00,162.45,163.82,162.065,163.4199,150760
2026-01-29 09:45:00-05:00,163.42,165.65,163,164.96,181129
2026-01-29 09:50:00-05:00,164.96,165.2599,162.51,163.55,153549
2026-01-29 09:55:00-05:00,163.55,164.13,161,161.325,114238
2026-01-29 10:00:00-05:00,161.25,161.785,160.5367,161.06,294283
2026-01-29 10:05:00-05:00,160.8,161.33,158.83,159.24,281262
2026-01-29 10:10:00-05:00,159.24,159.9,156.1,156.3395,335736
2026-01-29 10:15:00-05:00,156.3101,157.23,155.56,156.25,295446
2026-01-29 10:20:00-05:00,156.04,158.2,155.84,157.8875,291557
2026-01-29 10:25:00-05:00,157.71,158.8,155.56,156.25,147768
2026-01-29 10:30:00-05:00,156.325,157.31,154.52,154.88,263113
2026-01-29 10:35:00-05:00,154.88,154.885,153,153.375,440957
2026-01-29 10:40:00-05:00,153.345,153.345,151.32,151.6629,290369
2026-01-29 10:45:00-05:00,151.8,152.88,151.37,151.6,203912
2026-01-29 10:50:00-05:00,151.72,151.8338,150.73,150.8447,207582
2026-01-29 10:55:00-05:00,150.83,152.75,150.56,152.4,230335
2026-01-29 11:00:00-05:00,152.46,152.7,150.04,150.43,197446
2026-01-29 11:05:00-05:00,150.36,151.75,149.79,151.48,230920
2026-01-29 11:10:00-05:00,151.4,153.69,150.68,153.69,171833
2026-01-29 11:15:00-05:00,153.69,155.6,153.69,155.03,206916
2026-01-29 11:20:00-05:00,155.28,155.8,153.85,155.075,121428
2026-01-29 11:25:00-05:00,155.1399,155.45,154.232,154.605,94152
2026-01-29 11:30:00-05:00,154.605,155.044,154.09,154.74,64908
2026-01-29 11:35:00-05:00,154.35,154.555,152.38,152.89,114763
2026-01-29 11:40:00-05:00,152.78,154.261,152.745,153.24,107428
2026-01-29 11:45:00-05:00,153.25,153.88,152.5,152.5,99290
2026-01-29 11:50:00-05:00,152.605,154.7,152.29,153.33,123372
2026-01-29 11:55:00-05:00,153.55,153.77,152.7,152.755,154521
2026-01-29 12:00:00-05:00,152.755,153.725,152.47,153.46,73544
2026-01-29 12:05:00-05:00,153.54,153.86,152.77,152.98,77289
2026-01-29 12:10:00-05:00,152.9,155.8,152.9,155.3352,177113
2026-01-29 12:15:00-05:00,155.25,155.65,154.5201,154.9514,123235
2026-01-29 12:20:00-05:00,154.97,155.74,154.88,155,97479
2026-01-29 12:25:00-05:00,155.05,156.28,154.6,155.305,101650
2026-01-29 12:30:00-05:00,155.39,156.24,154.44,154.44,89132
2026-01-29 12:35:00-05:00,154.399,155.23,154.23,154.7438,66815
2026-01-29 12:40:00-05:00,154.74,154.9,154.0845,154.64,82515
2026-01-29 12:45:00-05:00,154.65,154.8614,153.5,154.3,57453
2026-01-29 12:50:00-05:00,154.22,154.28,152.89,153.01,60614
2026-01-29 12:55:00-05:00,152.95,153.15,152.5,152.815,61267
2026-01-29 13:00:00-05:00,152.94,154.02,152.82,153.34,61450
2026-01-29 13:05:00-05:00,153.45,153.9,153.36,153.85,33667
2026-01-29 13:10:00-05:00,153.85,154.5,153.66,154.12,49372
2026-01-29 13:15:00-05:00,154.01,154.09,153.625,153.745,42211
2026-01-29 13:20:00-05:00,153.745,153.94,153.42,153.5,29816
2026-01-29 13:25:00-05:00,153.51,155,153.3901,154.69,51524
2026-01-29 13:30:00-05:00,154.56,154.68,152.935,153.435,54030
2026-01-29 13:35:00-05:00,153.33,154.75,153.33,154.56,34637
2026-01-29 13:40:00-05:00,154.64,154.83,154.04,154.4105,46429
2026-01-29 13:45:00-05:00,154.33,154.4,153.97,154.4,33859
2026-01-29 13:50:00-05:00,154.45,154.69,154.095,154.65,45349
2026-01-29 13:55:00-05:00,154.61,155.27,154.33,154.535,57800
2026-01-29 14:00:00-05:00,154.6,154.97,153.96,154.04,48229
2026-01-29 14:05:00-05:00,154.02,154.85,153.77,154.4575,36303
2026-01-29 14:10:00-05:00,154.45,155.08,154.21,155.08,84045
2026-01-29 14:15:00-05:00,155.1,155.69,155.0665,155.366,52248
2026-01-29 14:20:00-05:00,155.48,156.34,155.0735,156.34,78707
2026-01-29 14:25:00-05:00,156.36,156.89,155.52,155.81,92076
2026-01-29 14:30:00-05:00,155.79,155.87,153.53,153.945,94566
2026-01-29 14:35:00-05:00,153.94,154.74,153.94,154.03,46647
2026-01-29 14:40:00-05:00,154.24,155,154.135,154.54,104200
2026-01-29 14:45:00-05:00,154.525,155.39,154.2,155.365,82471
2026-01-29 14:50:00-05:00,155.29,156.13,155.16,156.02,59732
2026-01-29 14:55:00-05:00,156.0224,156.28,154.67,154.67,64545
2026-01-29 15:00:00-05:00,154.75,155.04,154.47,154.755,44414
2026-01-29 15:05:00-05:00,154.755,155.2999,154.6802,154.99,68316
2026-01-29 15:10:00-05:00,154.94,155.155,154.66,154.79,61655
2026-01-29 15:15:00-05:00,154.705,154.88,154.36,154.5,76159
2026-01-29 15:20:00-05:00,154.475,154.64,153.92,154.505,57541
2026-01-29 15:25:00-05:00,154.47,154.5399,153.68,153.695,62094
2026-01-29 15:30:00-05:00,153.6775,154.99,153.551,154.845,125347
2026-01-29 15:35:00-05:00,154.845,154.845,153.71,154.72,100894
2026-01-29 15:40:00-05:00,154.64,155.33,154.64,155.235,121015
2026-01-29 15:45:00-05:00,155.23,156.19,155.11,155.87,115514
2026-01-29 15:50:00-05:00,155.94,156.6687,155.655,155.655,185226
2026-01-29 15:55:00-05:00,155.74,157.23,155.73,156.57,476321
2026-01-30 09:30:00-05:00,156.4,157.02,152.3,156.65,708049
2026-01-30 09:35:00-05:00,156.45,157.22,153.0001,155.3,217198
2026-01-30 09:40:00-05:00,155.295,160.1,155.09,159.4,314959
2026-01-30 09:45:00-05:00,159.48,161.21,158.01,161,258052
2026-01-30 09:50:00-05:00,160.8,161.8,157.18,158,381411
2026-01-30 09:55:00-05:00,157.92,158.8,155.99,155.99,261296
2026-01-30 10:00:00-05:00,156.21,159,155.835,158.255,180846
2026-01-30 10:05:00-05:00,158.25,161.3,157.9143,159.77,174729
2026-01-30 10:10:00-05:00,159.8,160.01,156.48,156.76,122363
2026-01-30 10:15:00-05:00,156.76,158.1399,156.26,157.34,97383
2026-01-30 10:20:00-05:00,156.94,158.3799,155.36,155.36,103267
2026-01-30 10:25:00-05:00,155.52,155.7299,153.8885,154.9136,151245
2026-01-30 10:30:00-05:00,155.11,155.796,154.3344,154.47,50669
2026-01-30 10:35:00-05:00,154.86,158.88,154.7901,158.67,78019
2026-01-30 10:40:00-05:00,158.6249,159.89,158.3801,159.85,144242
2026-01-30 10:45:00-05:00,159.7673,160.48,158.25,158.61,90885
2026-01-30 10:50:00-05:00,158.6,158.91,157.3,157.58,55246
2026-01-30 10:55:00-05:00,157.77,157.83,156.08,156.2099,70500
2026-01-30 11:00:00-05:00,156.14,156.8599,154.5,155.4344,77804
2026-01-30 11:05:00-05:00,155.2277,155.8252,153.9,154.095,128499
2026-01-30 11:10:00-05:00,154.095,154.7225,153.3,153.63,127265
2026-01-30 11:15:00-05:00,153.46,153.46,152.5301,153.02,112214
2026-01-30 11:20:00-05:00,153.287,153.8,152.52,153.53,70593
2026-01-30 11:25:00-05:00,153.4351,154.19,153.2001,153.39,68804
2026-01-30 11:30:00-05:00,153.38,153.68,152.71,152.87,57057
2026-01-30 11:35:00-05:00,152.81,154,152.56,153.48,61215
2026-01-30 11:40:00-05:00,153.42,154.3891,153.42,154.01,42285
2026-01-30 11:45:00-05:00,154.03,154.03,153,153.12,86156
2026-01-30 11:50:00-05:00,153.23,153.38,152.32,152.665,98787
2026-01-30 11:55:00-05:00,152.71,153.02,152.13,152.53,87524
2026-01-30 12:00:00-05:00,152.375,152.79,151.5,152.59,96596
2026-01-30 12:05:00-05:00,152.3482,152.7606,151,151.5414,90726
2026-01-30 12:10:00-05:00,151.31,152.41,150.88,152.375,45070
2026-01-30 12:15:00-05:00,152.37,153.1453,151.47,151.75,57157
2026-01-30 12:20:00-05:00,151.77,154.92,151.48,154.54,115506
2026-01-30 12:25:00-05:00,154.44,155.39,153.86,154.14,71209
2026-01-30 12:30:00-05:00,154,154.3931,152.54,152.54,36845
2026-01-30 12:35:00-05:00,152.74,153.2528,151.93,152.595,37591
2026-01-30 12:40:00-05:00,152.6844,152.7301,152.03,152.34,25645
2026-01-30 12:45:00-05:00,152.34,152.5525,151.26,151.53,148582
2026-01-30 12:50:00-05:00,151.28,151.61,148.22,149,214808
2026-01-30 12:55:00-05:00,149.08,149.75,148.23,148.5,75748
2026-01-30 13:00:00-05:00,148.38,149.6047,148.24,149.1046,74317
2026-01-30 13:05:00-05:00,148.81,149.47,148.675,148.685,66784
2026-01-30 13:10:00-05:00,148.62,148.62,147.7401,148,102411
2026-01-30 13:15:00-05:00,147.82,148.255,146.92,147.07,143218
2026-01-30 13:20:00-05:00,147.11,147.43,146.55,146.82,142931
2026-01-30 13:25:00-05:00,146.61,148.5899,146.61,148.22,88848
2026-01-30 13:30:00-05:00,148.12,148.3877,147.5,147.75,46560
2026-01-30 13:35:00-05:00,147.83,148.49,147.35,147.96,87217
2026-01-30 13:40:00-05:00,147.84,148.48,147.78,148.04,44891
2026-01-30 13:45:00-05:00,148.1299,149.6536,148.1299,149.46,99599
2026-01-30 13:50:00-05:00,149.46,150.8483,149.454,150.1694,130459
2026-01-30 13:55:00-05:00,150.13,151.7289,150.13,150.57,65167
2026-01-30 14:00:00-05:00,150.665,151.5,150.019,150.37,56870
2026-01-30 14:05:00-05:00,150.55,151.337,150.11,151.14,85124
2026-01-30 14:10:00-05:00,151.0657,151.36,150.21,150.4,45548
2026-01-30 14:15:00-05:00,150.4,150.93,150.1988,150.93,27235
2026-01-30 14:20:00-05:00,150.67,152.7,150.55,152.6,113850
2026-01-30 14:25:00-05:00,152.555,152.83,150.7,150.7,67204
2026-01-30 14:30:00-05:00,150.7,151.48,149.47,150,80164
2026-01-30 14:35:00-05:00,149.91,150.4683,149.2,150.055,55454
2026-01-30 14:40:00-05:00,150.05,151.1935,149.819,150.7,95599
2026-01-30 14:45:00-05:00,150.715,151,150.3,150.62,53080
2026-01-30 14:50:00-05:00,150.7,151.843,150.55,151.71,60958
2026-01-30 14:55:00-05:00,151.82,152,150.0401,150.43,160437
2026-01-30 15:00:00-05:00,150.3,151.07,150.29,150.785,165012
2026-01-30 15:05:00-05:00,150.785,150.805,150.365,150.72,163258
2026-01-30 15:10:00-05:00,150.73,150.85,150.38,150.62,175940
2026-01-30 15:15:00-05:00,150.55,151.57,150.2,151.425,167926
2026-01-30 15:20:00-05:00,151.46,151.899,150.72,151.6,211788
2026-01-30 15:25:00-05:00,151.64,151.89,150.99,151.56,200857
2026-01-30 15:30:00-05:00,151.56,152.88,151.145,152.51,239140
2026-01-30 15:35:00-05:00,152.52,152.9999,151.83,152.1499,220149
2026-01-30 15:40:00-05:00,152.09,153.4,151.79,153.18,222126
2026-01-30 15:45:00-05:00,153.17,153.8599,152.75,153.79,212915
2026-01-30 15:50:00-05:00,153.7,153.95,152.71,152.93,312982
2026-01-30 15:55:00-05:00,152.94,152.94,151.06,151.38,562599
2026-02-02 09:30:00-05:00,151,157.999,149.76,154.92,432041
2026-02-02 09:35:00-05:00,154.72,157.84,152.63,153.28,279598
2026-02-02 09:40:00-05:00,153.21,154.52,149.6601,149.9921,259868
2026-02-02 09:45:00-05:00,150.08,152.5,148.88,149.2699,241189
2026-02-02 09:50:00-05:00,149,150.7999,148.4301,150.0741,170983
2026-02-02 09:55:00-05:00,150.02,150.1799,147.57,147.935,188672
2026-02-02 10:00:00-05:00,147.935,149.92,147.36,149.69,198941
2026-02-02 10:05:00-05:00,149.675,152.12,149.6,151.9003,226190
2026-02-02 10:10:00-05:00,152.04,153.92,151.6,153.34,235811
2026-02-02 10:15:00-05:00,153.325,153.89,151.8,153.87,180995
2026-02-02 10:20:00-05:00,153.83,154.69,153.18,153.365,157864
2026-02-02 10:25:00-05:00,153.01,153.21,151.73,152.065,91407
2026-02-02 10:30:00-05:00,152.12,153.04,151.5,153,91047
2026-02-02 10:35:00-05:00,152.835,153.5,152.255,153.18,66624
2026-02-02 10:40:00-05:00,153.195,153.45,151.79,151.911,72409
2026-02-02 10:45:00-05:00,151.99,152.5899,151.6424,151.72,61250
2026-02-02 10:50:00-05:00,151.55,151.8,151.19,151.69,85631
2026-02-02 10:55:00-05:00,151.73,151.73,150.101,150.196,114342
2026-02-02 11:00:00-05:00,150.12,150.19,147.77,148.085,136643
2026-02-02 11:05:00-05:00,148.07,149.248,147.01,149.2,133248
2026-02-02 11:10:00-05:00,149.2113,150.09,148.73,149.66,79000
2026-02-02 11:15:00-05:00,149.78,150.88,149.18,150.495,88558
2026-02-02 11:20:00-05:00,150.6,151.43,150.489,151,107140
2026-02-02 11:25:00-05:00,150.88,151.305,150.401,151.2825,69102
2026-02-02 11:30:00-05:00,151.24,151.5736,150.4,150.48,89679
2026-02-02 11:35:00-05:00,150.545,150.555,149.7,149.835,57178
2026-02-02 11:40:00-05:00,149.84,150.8,149.6565,150.49,51463
2026-02-02 11:45:00-05:00,150.54,150.6,150.21,150.475,47078
2026-02-02 11:50:00-05:00,150.57,150.7625,150.375,150.6,42602
2026-02-02 11:55:00-05:00,150.71,151.24,150.28,151.23,53650
2026-02-02 12:00:00-05:00,151.12,151.37,150.54,151,81639
2026-02-02 12:05:00-05:00,150.93,151.92,150.83,151.81,76030
2026-02-02 12:10:00-05:00,151.85,152.24,151.36,151.68,116426
2026-02-02 12:15:00-05:00,151.685,152.81,151.46,152.57,93304
2026-02-02 12:20:00-05:00,152.57,152.85,152.1,152.25,52693
2026-02-02 12:25:00-05:00,152.12,153.24,151.915,152.71,97430
2026-02-02 12:30:00-05:00,152.705,153.18,152.2001,152.975,70593
2026-02-02 12:35:00-05:00,152.98,153.87,152.69,153.87,90952
2026-02-02 12:40:00-05:00,153.835,153.8926,153,153.45,62633
2026-02-02 12:45:00-05:00,153.45,153.7499,153.2269,153.615,41748
2026-02-02 12:50:00-05:00,153.7,154.4899,153.52,154.1792,69392
2026-02-02 12:55:00-05:00,154.15,154.98,154.15,154.8,81021
2026-02-02 13:00:00-05:00,154.815,154.815,154,154.02,54423
2026-02-02 13:05:00-05:00,153.925,154.04,153.0001,153.59,53761
2026-02-02 13:10:00-05:00,153.572,154.495,153.52,154.085,41651
2026-02-02 13:15:00-05:00,154.085,154.16,153.4938,153.81,38308
2026-02-02 13:20:00-05:00,153.71,154.46,153.62,154.2225,59715
2026-02-02 13:25:00-05:00,154.25,154.32,153.89,153.97,27361
2026-02-02 13:30:00-05:00,154.0299,154.21,153.66,154.18,50959
2026-02-02 13:35:00-05:00,154.2,154.7,154.2,154.591,33869
2026-02-02 13:40:00-05:00,154.61,155.42,154.525,155.11,66836
2026-02-02 13:45:00-05:00,155.01,155.25,154.5001,155.18,48877
2026-02-02 13:50:00-05:00,155.11,156.96,154.8501,156.815,88117
2026-02-02 13:55:00-05:00,156.9203,157.49,156.57,156.97,172008
2026-02-02 14:00:00-05:00,156.91,157.66,156.54,157.3557,128042
2026-02-02 14:05:00-05:00,157.33,157.51,156.88,156.99,73951
2026-02-02 14:10:00-05:00,156.87,157.25,155.77,156.1,108769
2026-02-02 14:15:00-05:00,156.09,156.85,155.88,156.61,67004
2026-02-02 14:20:00-05:00,156.61,157.13,156.5,156.8647,57192
2026-02-02 14:25:00-05:00,156.69,157.3139,156.62,157.1,60045
2026-02-02 14:30:00-05:00,157.19,157.19,156.25,156.535,121734
2026-02-02 14:35:00-05:00,156.5,157.0599,156.47,156.585,125598
2026-02-02 14:40:00-05:00,156.66,157.12,156.51,157.12,67047
2026-02-02 14:45:00-05:00,157.11,157.4,156.66,156.93,67872
2026-02-02 14:50:00-05:00,156.88,158.08,156.76,158.08,95450
2026-02-02 14:55:00-05:00,158.08,158.54,156.42,156.525,172087
2026-02-02 15:00:00-05:00,156.55,157.1599,156.41,156.99,244581
2026-02-02 15:05:00-05:00,157.05,157.9,156.84,157.45,80118
2026-02-02 15:10:00-05:00,157.35,157.52,156.8301,156.85,80052
2026-02-02 15:15:00-05:00,156.84,156.9,156.5,156.765,114160
2026-02-02 15:20:00-05:00,156.77,157.06,156.7,156.87,57086
2026-02-02 15:25:00-05:00,156.87,156.92,156.49,156.51,111958
2026-02-02 15:30:00-05:00,156.54,156.606,155.5,155.66,118288
2026-02-02 15:35:00-05:00,155.71,156.03,155.435,155.71,69023
2026-02-02 15:40:00-05:00,155.72,155.82,154.8,155.815,113330
2026-02-02 15:45:00-05:00,155.76,156.15,155.6,155.865,104985
2026-02-02 15:50:00-05:00,155.94,156.9522,155.94,156.38,128956
2026-02-02 15:55:00-05:00,156.46,156.63,155.6,156.16,372744
2026-02-03 09:30:00-05:00,163.16,176.28,163.16,176.185,1272209
2026-02-03 09:35:00-05:00,176.1,176.49,170.07,170.565,687431
2026-02-03 09:40:00-05:00,170.56,172.5,167.51,167.91,525378
2026-02-03 09:45:00-05:00,168.21,171.99,166.49,171.865,347942
2026-02-03 09:50:00-05:00,171.865,172.541,167.91,167.91,234212
2026-02-03 09:55:00-05:00,168,168.32,164.88,165.62,330380
2026-02-03 10:00:00-05:00,165.62,167.93,164.9601,167.45,250067
2026-02-03 10:05:00-05:00,167.27,167.8,166.79,167.52,242460
2026-02-03 10:10:00-05:00,167.41,168.07,166.02,167.69,154067
2026-02-03 10:15:00-05:00,167.3454,169.52,167.231,168.805,139766
2026-02-03 10:20:00-05:00,168.8,170.31,168.3001,168.3001,147582
2026-02-03 10:25:00-05:00,168.455,169.88,167.8321,169.1485,194046
2026-02-03 10:30:00-05:00,169.28,169.68,167.89,168.51,145622
2026-02-03 10:35:00-05:00,168.51,170.92,167.5001,170.64,135154
2026-02-03 10:40:00-05:00,170.65,171.38,170.29,171.175,157268
2026-02-03 10:45:00-05:00,171.25,172.8,170.99,172.48,183982
2026-02-03 10:50:00-05:00,172.495,173.5,171,173.39,196767
2026-02-03 10:55:00-05:00,173.45,174.65,173.35,173.83,202898
2026-02-03 11:00:00-05:00,173.88,173.88,172.11,172.92,188752
2026-02-03 11:05:00-05:00,173,173.98,171.57,171.755,272107
2026-02-03 11:10:00-05:00,171.53,171.56,169.46,169.555,221057
2026-02-03 11:15:00-05:00,169.45,170.77,169.45,170.281,105746
2026-02-03 11:20:00-05:00,170.445,171,169.17,169.19,127910
2026-02-03 11:25:00-05:00,169.315,170.3299,168.94,169.0299,86035
2026-02-03 11:30:00-05:00,168.8796,169.13,167.98,168.765,103341
2026-02-03 11:35:00-05:00,168.77,169.1799,166.8,167.345,110940
2026-02-03 11:40:00-05:00,167.36,168.55,167.07,167.34,120369
2026-02-03 11:45:00-05:00,167.26,167.84,167.15,167.53,74676
2026-02-03 11:50:00-05:00,167.555,167.555,166.1,166.12,148664
2026-02-03 11:55:00-05:00,166.13,166.88,165.87,166.435,154403
2026-02-03 12:00:00-05:00,166.21,166.9766,166.055,166.58,70960
2026-02-03 12:05:00-05:00,166.6,167.06,166.185,166.45,59218
2026-02-03 12:10:00-05:00,166.27,166.5,165,165.3901,116468
2026-02-03 12:15:00-05:00,165.39,166.82,164.5,166.69,153000
2026-02-03 12:20:00-05:00,166.69,167.6,165.98,167.38,103025
2026-02-03 12:25:00-05:00,167.5,167.5899,165.9628,166.06,75438
2026-02-03 12:30:00-05:00,166.07,166.33,165.3274,165.38,62657
2026-02-03 12:35:00-05:00,165.53,165.74,164.722,164.722,98107
2026-02-03 12:40:00-05:00,164.72,164.75,163.165,163.19,145575
2026-02-03 12:45:00-05:00,163.21,165.4078,163.17,165.02,85344
2026-02-03 12:50:00-05:00,164.75,165.51,164.75,165,64087
2026-02-03 12:55:00-05:00,165,165.4449,164.3,164.445,48603
2026-02-03 13:00:00-05:00,164.32,164.6399,163.8102,163.86,68950
2026-02-03 13:05:00-05:00,163.8301,164.111,163.34,163.63,51904
2026-02-03 13:10:00-05:00,163.57,163.67,162.4475,162.63,94008
2026-02-03 13:15:00-05:00,162.625,162.831,162,162.49,94954
2026-02-03 13:20:00-05:00,162.455,162.74,162.12,162.3,46200
2026-02-03 13:25:00-05:00,162.34,162.4,161.62,162.4,68871
2026-02-03 13:30:00-05:00,162.45,162.5,161.04,162.2699,70787
2026-02-03 13:35:00-05:00,162.08,162.96,162.04,162.835,109403
2026-02-03 13:40:00-05:00,162.835,162.835,161.77,161.81,80798
2026-02-03 13:45:00-05:00,161.77,162.39,161.2,161.28,96038
2026-02-03 13:50:00-05:00,161.28,161.48,160.57,160.58,135974
2026-02-03 13:55:00-05:00,160.6199,161.2599,159.64,159.73,126132
2026-02-03 14:00:00-05:00,159.5,160.81,159.02,159.81,85719
2026-02-03 14:05:00-05:00,159.815,160.7289,159.4,160.321,86931
2026-02-03 14:10:00-05:00,160.41,162.5821,160.41,162.54,116880
2026-02-03 14:15:00-05:00,162.59,164.08,162.38,163.34,168001
2026-02-03 14:20:00-05:00,163.34,164.52,163.05,163.955,100605
2026-02-03 14:25:00-05:00,164.04,164.05,161.72,161.72,122169
2026-02-03 14:30:00-05:00,161.77,162.86,160.5001,162.5,88619
2026-02-03 14:35:00-05:00,162.465,163.6434,162.44,162.905,73176
2026-02-03 14:40:00-05:00,162.79,163.18,162.32,163.06,52016
2026-02-03 14:45:00-05:00,162.93,162.93,161.92,162.2,55259
2026-02-03 14:50:00-05:00,162.14,163.29,161.82,163.28,64832
2026-02-03 14:55:00-05:00,163.24,164.97,163.12,164.25,122229
2026-02-03 15:00:00-05:00,164.25,164.803,163.92,164.51,81838
2026-02-03 15:05:00-05:00,164.42,165.2,164.18,164.19,104248
2026-02-03 15:10:00-05:00,164.325,164.94,163.81,164.94,68242
2026-02-03 15:15:00-05:00,164.86,164.98,163.9944,164.71,84700
2026-02-03 15:20:00-05:00,164.72,164.76,164,164.72,72653
2026-02-03 15:25:00-05:00,164.85,164.85,163.86,164.22,97440
2026-02-03 15:30:00-05:00,164.25,164.85,163.72,164.85,109134
2026-02-03 15:35:00-05:00,164.82,165.9013,164.82,165.13,121285
2026-02-03 15:40:00-05:00,165.12,165.3,164,164.73,134767
2026-02-03 15:45:00-05:00,164.74,166.5699,164.63,166.375,166095
2026-02-03 15:50:00-05:00,166.375,168.09,166.29,167.7801,295151
2026-02-03 15:55:00-05:00,167.78,169.05,167.43,168.82,566108
2026-02-04 09:30:00-05:00,168,169.13,158.07,158.875,665673
2026-02-04 09:35:00-05:00,158.875,161.35,158.1191,160.92,280143
2026-02-04 09:40:00-05:00,160.7157,161.75,158.1,159.8191,238861
2026-02-04 09:45:00-05:00,159.62,161.75,159.08,160.459,202894
2026-02-04 09:50:00-05:00,160.83,161.7799,158.7,160.54,188975
2026-02-04 09:55:00-05:00,160.115,160.96,157.2801,157.69,212772
2026-02-04 10:00:00-05:00,157.36,157.36,154.385,155.37,451989
2026-02-04 10:05:00-05:00,155.26,156.95,153.1,156.45,285156
2026-02-04 10:10:00-05:00,156.42,157.99,155.11,156.56,225575
2026-02-04 10:15:00-05:00,156.74,156.9999,152.8834,153.075,217079
2026-02-04 10:20:00-05:00,153.075,154.2247,151.81,153.81,237990
2026-02-04 10:25:00-05:00,153.94,155,150.2001,150.2797,347037
2026-02-04 10:30:00-05:00,150.2,150.6,146.56,146.87,413967
2026-02-04 10:35:00-05:00,146.98,149.8638,145.3,148.35,354130
2026-02-04 10:40:00-05:00,148.26,151.72,147.8,151.06,252262
2026-02-04 10:45:00-05:00,151.085,151.3792,147.2039,147.415,185103
2026-02-04 10:50:00-05:00,147.43,147.97,146.5001,147.305,150993
2026-02-04 10:55:00-05:00,147.305,147.9999,145.11,145.28,189628
2026-02-04 11:00:00-05:00,145.24,146,144.18,144.325,262325
2026-02-04 11:05:00-05:00,144.2857,144.93,143.47,144.4,253163
2026-02-04 11:10:00-05:00,144.47,146.15,144.2,145.395,178760
2026-02-04 11:15:00-05:00,145.66,146.57,144.68,145.58,180994
2026-02-04 11:20:00-05:00,145.3901,146.02,144.0106,145.121,112905
2026-02-04 11:25:00-05:00,145.1201,145.5996,144.54,144.73,84239
2026-02-04 11:30:00-05:00,144.689,144.84,143.25,143.2721,169383
2026-02-04 11:35:00-05:00,143.43,143.86,142.83,143.11,147153
2026-02-04 11:40:00-05:00,143.01,143.16,141.21,141.38,249926
2026-02-04 11:45:00-05:00,141.517,142.1599,140.7101,141.01,225546
2026-02-04 11:50:00-05:00,141.21,141.88,140.51,140.9746,166236
2026-02-04 11:55:00-05:00,141.06,141.87,140.95,141.49,161861
2026-02-04 12:00:00-05:00,141.32,141.47,140.21,140.585,194673
2026-02-04 12:05:00-05:00,140.65,141.42,140.05,140.16,190660
2026-02-04 12:10:00-05:00,140.1,140.1413,138,139.715,381327
2026-02-04 12:15:00-05:00,139.715,140.2,138.42,138.5502,200411
2026-02-04 12:20:00-05:00,138.56,139.04,137.77,138,166115
2026-02-04 12:25:00-05:00,137.925,138,136.5,137.1708,255083
2026-02-04 12:30:00-05:00,137.0605,137.69,136.51,136.965,273102
2026-02-04 12:35:00-05:00,136.89,137.13,135.08,135.4676,200993
2026-02-04 12:40:00-05:00,135.5,135.68,134.95,135.425,255367
2026-02-04 12:45:00-05:00,135.425,135.82,134.12,134.29,228593
2026-02-04 12:50:00-05:00,134.32,137.71,134.1,137.265,351671
2026-02-04 12:55:00-05:00,137.265,138.67,137.0901,138.05,255936
2026-02-04 13:00:00-05:00,138.01,138.29,136.4775,138.1999,231465
2026-02-04 13:05:00-05:00,138.26,139.5,137.45,137.6799,145151
2026-02-04 13:10:00-05:00,137.66,138.4999,137.3224,137.99,91123
2026-02-04 13:15:00-05:00,137.99,138.55,137.34,137.6898,145712
2026-02-04 13:20:00-05:00,137.78,138.91,137.78,138.06,97494
2026-02-04 13:25:00-05:00,138.16,139.9499,138.03,139.6213,127083
2026-02-04 13:30:00-05:00,139.64,139.64,137.08,138.2,132254
2026-02-04 13:35:00-05:00,138.37,139.23,137.8101,138.85,83673
2026-02-04 13:40:00-05:00,139.0847,139.34,138.2143,138.54,93990
2026-02-04 13:45:00-05:00,138.535,138.65,137.84,137.9946,104529
2026-02-04 13:50:00-05:00,138,139.4429,137.465,139.1,187998
2026-02-04 13:55:00-05:00,139.07,140,138.955,139.4199,152971
2026-02-04 14:00:00-05:00,139.41,139.54,138.31,139.11,105732
2026-02-04 14:05:00-05:00,139.01,140.09,138.4871,140.0499,103570
2026-02-04 14:10:00-05:00,139.87,140.35,139.22,139.7,99592
2026-02-04 14:15:00-05:00,139.69,140.85,139.69,139.9,150251
2026-02-04 14:20:00-05:00,139.88,140.48,139.5201,140.39,141556
2026-02-04 14:25:00-05:00,140.27,141.3551,140.27,141.185,136867
2026-02-04 14:30:00-05:00,141.27,143.62,141.1502,143.3321,228305
2026-02-04 14:35:00-05:00,143.37,143.44,141.408,141.53,149668
2026-02-04 14:40:00-05:00,141.6,142.8,141.2,142.61,187116
2026-02-04 14:45:00-05:00,142.6,144.75,142.32,144.32,204806
2026-02-04 14:50:00-05:00,144.33,145.4799,143.6056,144.775,287990
2026-02-04 14:55:00-05:00,144.71,146.1846,144.51,145.82,266334
2026-02-04 15:00:00-05:00,145.88,146.4,144.81,146.041,224136
2026-02-04 15:05:00-05:00,146.105,146.82,145.81,146.735,190541
2026-02-04 15:10:00-05:00,146.79,147.19,145.61,146.41,165130
2026-02-04 15:15:00-05:00,146.4505,147.11,146.01,146.2,103833
2026-02-04 15:20:00-05:00,146.15,147.11,145.8,146.255,103223
2026-02-04 15:25:00-05:00,146.34,147.16,145.94,146.43,129747
2026-02-04 15:30:00-05:00,146.5203,146.86,146,146.355,115032
2026-02-04 15:35:00-05:00,146.39,147.79,146.13,147.455,130260
2026-02-04 15:40:00-05:00,147.55,148.1,147.41,147.59,141059
2026-02-04 15:45:00-05:00,147.575,147.78,147.04,147.42,158045
2026-02-04 15:50:00-05:00,147.47,147.97,146.66,146.7401,273904
2026-02-04 15:55:00-05:00,146.77,147.35,145.89,147.35,628379
2026-02-05 09:30:00-05:00,141.98,142.9899,138.46,140.25,490011
2026-02-05 09:35:00-05:00,140.24,146.54,140.11,145.895,300997
2026-02-05 09:40:00-05:00,146,147.13,144.16,146.75,265668
2026-02-05 09:45:00-05:00,146.75,147.15,144.53,144.53,239000
2026-02-05 09:50:00-05:00,144.7,145.1421,142,145.12,267328
2026-02-05 09:55:00-05:00,145.12,145.69,141.65,141.855,195654
2026-02-05 10:00:00-05:00,141.64,142.05,138.88,139.94,291710
2026-02-05 10:05:00-05:00,139.945,140.14,138.23,139.03,209155
2026-02-05 10:10:00-05:00,138.67,138.83,136.35,136.7001,285050
2026-02-05 10:15:00-05:00,136.85,138.1216,136,136.29,236369
2026-02-05 10:20:00-05:00,136.29,136.9552,134.24,134.67,356818
2026-02-05 10:25:00-05:00,134.79,135.985,133.09,134.21,368172
2026-02-05 10:30:00-05:00,134.35,134.38,131.75,131.865,275246
2026-02-05 10:35:00-05:00,131.75,137.09,131.66,137.025,390950
2026-02-05 10:40:00-05:00,137.065,139.59,136.7475,138.91,300399
2026-02-05 10:45:00-05:00,138.83,139.45,136,136.33,169161
2026-02-05 10:50:00-05:00,136.41,138.3899,136.33,136.58,117125
2026-02-05 10:55:00-05:00,136.71,138.04,136.21,138.04,155094
2026-02-05 11:00:00-05:00,138.07,138.098,136.5,136.69,58532
2026-02-05 11:05:00-05:00,136.69,137.49,136.4201,136.86,70125
2026-02-05 11:10:00-05:00,136.8907,137.645,135.46,135.65,80050
2026-02-05 11:15:00-05:00,135.68,138.64,135.68,138.1831,91924
2026-02-05 11:20:00-05:00,138.19,140.35,138,140.35,158788
2026-02-05 11:25:00-05:00,140.44,141.11,139.81,141.06,84644
2026-02-05 11:30:00-05:00,141.06,141.28,140.06,140.345,93347
2026-02-05 11:35:00-05:00,140.48,140.803,139.8,139.885,90626
2026-02-05 11:40:00-05:00,140.01,140.27,139.4462,139.83,51851
2026-02-05 11:45:00-05:00,139.705,139.92,138.62,139.64,68491
2026-02-05 11:50:00-05:00,139.465,140.61,139.465,140.57,74034
2026-02-05 11:55:00-05:00,140.62,141.1068,139.68,140.61,63348
2026-02-05 12:00:00-05:00,140.69,140.91,138.68,139.3301,74660
2026-02-05 12:05:00-05:00,139.33,140.5,139.33,140.125,51748
2026-02-05 12:10:00-05:00,140.04,140.19,138.62,139.515,59193
2026-02-05 12:15:00-05:00,139.5,139.7,139.14,139.28,61598
2026-02-05 12:20:00-05:00,139.183,140.38,138.5001,140.3,91224
2026-02-05 12:25:00-05:00,140.35,141.8,140.35,141.11,149299
2026-02-05 12:30:00-05:00,141.12,141.53,140.08,140.395,91520
2026-02-05 12:35:00-05:00,140.24,141.48,140.2,140.76,61817
2026-02-05 12:40:00-05:00,140.76,142.1852,140.51,141.21,76171
2026-02-05 12:45:00-05:00,141.125,141.74,140.73,141.17,95277
2026-02-05 12:50:00-05:00,141.12,141.6,140.15,140.51,143475
2026-02-05 12:55:00-05:00,140.34,140.5,139.81,140.08,61589
2026-02-05 13:00:00-05:00,140.16,140.9,140.06,140.275,35847
2026-02-05 13:05:00-05:00,140.18,140.5099,139.72,139.75,44813
2026-02-05 13:10:00-05:00,139.7,140.04,139.4101,139.925,54413
2026-02-05 13:15:00-05:00,139.8644,140.04,138.955,139.44,50430
2026-02-05 13:20:00-05:00,139.48,139.6299,138.1,138.97,94413
2026-02-05 13:25:00-05:00,139,139.18,138.5821,138.78,57426
2026-02-05 13:30:00-05:00,138.74,138.76,137.5201,138.17,139121
2026-02-05 13:35:00-05:00,138.2,138.5,137.6,137.6,70210
2026-02-05 13:40:00-05:00,137.53,137.94,136.81,137.94,108121
2026-02-05 13:45:00-05:00,137.72,137.825,136.2501,136.82,136666
2026-02-05 13:50:00-05:00,136.67,137.43,136.46,137.09,110073
2026-02-05 13:55:00-05:00,137.06,138.205,136.7611,137.65,107866
2026-02-05 14:00:00-05:00,137.64,138.39,137.11,137.69,81327
2026-02-05 14:05:00-05:00,137.83,138.6,137.6,138.295,64312
2026-02-05 14:10:00-05:00,138.295,139.33,137.99,139.09,83669
2026-02-05 14:15:00-05:00,139.09,140.19,138.95,139.9451,97222
2026-02-05 14:20:00-05:00,139.84,140.405,139.7001,139.945,54228
2026-02-05 14:25:00-05:00,139.93,139.99,139.349,139.4921,82821
2026-02-05 14:30:00-05:00,139.39,139.425,138.1,138.49,50289
2026-02-05 14:35:00-05:00,138.75,139.01,138.1213,138.58,51244
2026-02-05 14:40:00-05:00,138.655,138.75,137.36,137.36,73790
2026-02-05 14:45:00-05:00,137.38,137.75,136.84,137.055,62314
2026-02-05 14:50:00-05:00,137.11,137.146,136.4701,136.8099,96486
2026-02-05 14:55:00-05:00,136.81,137.3,136.73,137.06,69497
2026-02-05 15:00:00-05:00,137.06,138.02,136.81,137.11,97758
2026-02-05 15:05:00-05:00,137.21,137.3,136.83,136.97,60362
2026-02-05 15:10:00-05:00,137.0817,137.28,135.7701,135.9399,132153
2026-02-05 15:15:00-05:00,135.87,136.23,135.1101,135.57,113019
2026-02-05 15:20:00-05:00,135.54,136.2399,135.13,135.88,170318
2026-02-05 15:25:00-05:00,135.865,136.18,135.43,135.45,106198
2026-02-05 15:30:00-05:00,135.41,135.5,134.32,134.4297,147003
2026-02-05 15:35:00-05:00,134.38,134.9,134.13,134.83,127508
2026-02-05 15:40:00-05:00,134.87,135.38,134.7001,135.375,173023
2026-02-05 15:45:00-05:00,135.4,135.96,135,135.96,214875
2026-02-05 15:50:00-05:00,135.82,135.94,134.5801,135.2,350050
2026-02-05 15:55:00-05:00,135.17,137.74,135.082,136.7,496236
2026-02-06 09:30:00-05:00,153.27,156.5,145.665,146.1,1196362
2026-02-06 09:35:00-05:00,146.0804,149.58,143.23,144.9,779509
2026-02-06 09:40:00-05:00,144.53,145.7333,140,140.3301,684097
2026-02-06 09:45:00-05:00,140.63,147,140.58,144.4126,720043
2026-02-06 09:50:00-05:00,144.23,145.775,141.1,141.54,481833
2026-02-06 09:55:00-05:00,141.475,141.87,139.0301,139.05,509280
2026-02-06 10:00:00-05:00,139.18,139.77,137,137.08,462473
2026-02-06 10:05:00-05:00,137.0001,139.21,135.09,136.472,489819
2026-02-06 10:10:00-05:00,136.0607,139.88,136.0607,137.12,407983
2026-02-06 10:15:00-05:00,137.24,140.53,136,138.3051,294258
2026-02-06 10:20:00-05:00,138.34,141.33,138,139.4238,301579
2026-02-06 10:25:00-05:00,139.415,141.83,139.415,140.8776,217793
2026-02-06 10:30:00-05:00,140.8,140.8,138.4601,139.9907,238419
2026-02-06 10:35:00-05:00,140.03,140.03,137.69,138.1791,216259
2026-02-06 10:40:00-05:00,138.08,139.0467,137.65,138.145,173441
2026-02-06 10:45:00-05:00,138.21,139.3,137.09,138.05,204737
2026-02-06 10:50:00-05:00,137.82,137.9115,136,136.22,310068
2026-02-06 10:55:00-05:00,136.28,137.47,136,136.77,296646
2026-02-06 11:00:00-05:00,136.86,138.4789,135.56,138.08,310321
2026-02-06 11:05:00-05:00,138.43,141,138.3072,140.44,369255
2026-02-06 11:10:00-05:00,140.44,140.75,138.51,140.33,227323
2026-02-06 11:15:00-05:00,140.325,140.56,138.57,139.435,179418
2026-02-06 11:20:00-05:00,139.435,141.57,139.435,140.05,195218
2026-02-06 11:25:00-05:00,140.19,141.46,140,140.95,178987
2026-02-06 11:30:00-05:00,140.9,142.3,140.345,141.87,201730
2026-02-06 11:35:00-05:00,142,142.4374,141.01,141.4427,130981
2026-02-06 11:40:00-05:00,141.56,142.27,139.06,139.7,205313
2026-02-06 11:45:00-05:00,139.6273,139.82,137,137.25,237277
2026-02-06 11:50:00-05:00,137.11,137.3019,135.61,136.34,422977
2026-02-06 11:55:00-05:00,136.45,137.11,134.4,135.8,440410
2026-02-06 12:00:00-05:00,135.89,136.31,134.31,135.226,266872
2026-02-06 12:05:00-05:00,135.2301,137.6,135.22,137.16,180071
2026-02-06 12:10:00-05:00,137.23,138.2838,136.66,137.77,194525
2026-02-06 12:15:00-05:00,137.795,138.53,137.2,138.095,190678
2026-02-06 12:20:00-05:00,138.095,138.095,135.73,136.925,177493
2026-02-06 12:25:00-05:00,136.92,136.93,134.78,134.9899,185598
2026-02-06 12:30:00-05:00,134.95,136.55,134.885,136.34,121162
2026-02-06 12:35:00-05:00,136.39,137.0999,135.88,136.16,94941
2026-02-06 12:40:00-05:00,136.26,136.98,136.2469,136.31,98918
2026-02-06 12:45:00-05:00,136.3205,137.769,136.12,137.605,127261
2026-02-06 12:50:00-05:00,137.75,138.22,137.1826,138.075,137507
2026-02-06 12:55:00-05:00,137.9001,139,137.72,137.8147,116255
2026-02-06 13:00:00-05:00,137.9,138.13,137.15,137.835,97360
2026-02-06 13:05:00-05:00,137.85,138.15,136.4301,136.525,103631
2026-02-06 13:10:00-05:00,136.525,137.09,135.801,136.25,201456
2026-02-06 13:15:00-05:00,136.1899,136.4,135.6001,135.97,79213
2026-02-06 13:20:00-05:00,135.89,137.135,135.4,136.98,118305
2026-02-06 13:25:00-05:00,136.84,136.96,135.6,136.62,92438
2026-02-06 13:30:00-05:00,136.64,137.19,135.61,135.7799,89183
2026-02-06 13:35:00-05:00,135.61,136.1399,135.2,136.07,150437
2026-02-06 13:40:00-05:00,136.14,136.91,135.99,136.35,117241
2026-02-06 13:45:00-05:00,136.3831,136.68,136,136.61,72965
2026-02-06 13:50:00-05:00,136.6,136.6,136.04,136.05,76882
2026-02-06 13:55:00-05:00,136.09,136.31,135.7,135.765,82176
2026-02-06 14:00:00-05:00,135.7605,135.96,134.97,135.45,126621
2026-02-06 14:05:00-05:00,135.5,135.79,135.01,135.29,86157
2026-02-06 14:10:00-05:00,135.2301,135.49,133.77,133.9305,166654
2026-02-06 14:15:00-05:00,133.95,135.77,133.88,135.52,146137
2026-02-06 14:20:00-05:00,135.47,136.31,134.85,136.14,103927
2026-02-06 14:25:00-05:00,136.2,136.72,135.8806,136.295,101760
2026-02-06 14:30:00-05:00,136.285,136.98,136.28,136.4675,80587
2026-02-06 14:35:00-05:00,136.53,136.9023,136.1001,136.64,172179
2026-02-06 14:40:00-05:00,136.635,137.81,136.3096,137.33,149682
2026-02-06 14:45:00-05:00,137.41,139.43,137.41,139.1975,162377
2026-02-06 14:50:00-05:00,139.13,139.15,137.97,138.65,126810
2026-02-06 14:55:00-05:00,138.62,139.67,138.6,138.82,196400
2026-02-06 15:00:00-05:00,139.05,139.05,137.95,138.3182,118557
2026-02-06 15:05:00-05:00,138.2876,139.3,138.06,139.245,110011
2026-02-06 15:10:00-05:00,139.22,139.86,138.7,139.45,103435
2026-02-06 15:15:00-05:00,139.45,140.58,139.25,140.55,147031
2026-02-06 15:20:00-05:00,140.56,141.92,140.53,140.74,249307
2026-02-06 15:25:00-05:00,140.79,141.3517,140.6701,141.34,154793
2026-02-06 15:30:00-05:00,141.34,141.34,140.5,141.18,154668
2026-02-06 15:35:00-05:00,141.19,141.98,141.05,141.54,191243
2026-02-06 15:40:00-05:00,141.5,143.59,141.5,143.17,285234
2026-02-06 15:45:00-05:00,143.12,143.1499,142.38,142.46,266972
2026-02-06 15:50:00-05:00,142.45,144.135,142.1313,143.915,361545
2026-02-06 15:55:00-05:00,143.915,144.06,143.03,143.03,568865
2026-02-09 09:30:00-05:00,145,147.6999,142.3,143.64,419794
2026-02-09 09:35:00-05:00,143.28,150.11,141.38,149.32,443413
2026-02-09 09:40:00-05:00,149.2463,152,148.6965,151.635,444175
2026-02-09 09:45:00-05:00,151.29,153.96,151,153.12,352615
2026-02-09 09:50:00-05:00,152.98,153,149.58,150.945,267254
2026-02-09 09:55:00-05:00,151.17,151.76,150.44,150.675,166982
2026-02-09 10:00:00-05:00,150.99,155.3199,150.9,155.25,416673
2026-02-09 10:05:00-05:00,155.18,156.5,153.5,154.37,320870
2026-02-09 10:10:00-05:00,154.45,155.1,152.32,152.47,205441
2026-02-09 10:15:00-05:00,152.61,154.84,152.61,154.84,163743
2026-02-09 10:20:00-05:00,154.89,156.9999,154.63,155.0292,316532
2026-02-09 10:25:00-05:00,155.23,155.3,152.83,153.45,168352
2026-02-09 10:30:00-05:00,153.36,155.16,153.36,154.87,176219
2026-02-09 10:35:00-05:00,154.78,155.35,154.2,154.5,120336
2026-02-09 10:40:00-05:00,154.5374,156.04,154.32,156,146581
2026-02-09 10:45:00-05:00,155.835,156.36,154.68,155.56,208805
2026-02-09 10:50:00-05:00,155.4898,156.13,154.73,154.99,99931
2026-02-09 10:55:00-05:00,154.855,154.96,153.34,153.625,187950
2026-02-09 11:00:00-05:00,153.54,153.78,152.36,153.28,148045
2026-02-09 11:05:00-05:00,153.18,153.5,152.13,152.14,142085
2026-02-09 11:10:00-05:00,152.13,154.1,151.33,153.065,185019
2026-02-09 11:15:00-05:00,153.18,153.815,152.497,153.63,69568
2026-02-09 11:20:00-05:00,153.635,153.69,153.07,153.12,62320
2026-02-09 11:25:00-05:00,153.13,153.52,153.0386,153.34,62475
2026-02-09 11:30:00-05:00,153.35,153.53,152.68,153.27,60682
2026-02-09 11:35:00-05:00,153.08,153.12,151.7,152.095,107785
2026-02-09 11:40:00-05:00,152.11,153.19,152.1,152.16,72792
2026-02-09 11:45:00-05:00,152.145,152.9699,151.91,152.205,76632
2026-02-09 11:50:00-05:00,152.21,153.72,151.93,153.0934,122243
2026-02-09 11:55:00-05:00,152.82,154,152.82,153.6,105569
2026-02-09 12:00:00-05:00,153.65,154.48,153.62,154.06,118162
2026-02-09 12:05:00-05:00,154.13,154.77,153.5801,154.37,241069
2026-02-09 12:10:00-05:00,154.372,154.53,153.88,154.4,84212
2026-02-09 12:15:00-05:00,154.39,154.95,153.83,154.17,88517
2026-02-09 12:20:00-05:00,154.03,154.0803,153.85,153.9,38259
2026-02-09 12:25:00-05:00,153.895,153.91,153.34,153.77,55329
2026-02-09 12:30:00-05:00,153.75,153.82,152.94,153,76667
2026-02-09 12:35:00-05:00,153,153.23,152.84,153.04,67426
2026-02-09 12:40:00-05:00,153.03,153.03,152.22,152.33,57983
2026-02-09 12:45:00-05:00,152.345,152.4709,151.47,151.63,98682
2026-02-09 12:50:00-05:00,151.57,152.385,151.1112,152.15,86287
2026-02-09 12:55:00-05:00,152.16,152.48,151.79,151.82,66928
2026-02-09 13:00:00-05:00,151.875,152.32,151.34,151.6736,73205
2026-02-09 13:05:00-05:00,151.7574,152.16,151.605,152.07,37103
2026-02-09 13:10:00-05:00,152.01,152.69,151.81,152.6,48533
2026-02-09 13:15:00-05:00,152.59,152.63,152.19,152.41,50795
2026-02-09 13:20:00-05:00,152.405,152.46,150.2,151.42,135727
2026-02-09 13:25:00-05:00,151.42,152,151.255,151.4,79985
2026-02-09 13:30:00-05:00,151.53,151.96,151.2,151.79,55477
2026-02-09 13:35:00-05:00,151.735,152.95,151.735,152.95,62473
2026-02-09 13:40:00-05:00,153,153.46,152.8,153.29,67151
2026-02-09 13:45:00-05:00,153.2896,153.2896,152.88,152.9668,57358
2026-02-09 13:50:00-05:00,152.98,153.9,152.9342,153.44,79409
2026-02-09 13:55:00-05:00,153.44,153.58,152.91,153.18,61247
2026-02-09 14:00:00-05:00,153.11,153.48,152.82,153.3299,55833
2026-02-09 14:05:00-05:00,153.2951,153.39,152.79,152.79,45856
2026-02-09 14:10:00-05:00,152.8501,153.14,152.78,153.03,57218
2026-02-09 14:15:00-05:00,153.005,153.525,152.91,153.345,60567
2026-02-09 14:20:00-05:00,153.32,153.5132,153.03,153.4125,44400
2026-02-09 14:25:00-05:00,153.45,153.49,153.16,153.215,46447
2026-02-09 14:30:00-05:00,153.22,153.79,153.16,153.4,67808
2026-02-09 14:35:00-05:00,153.3946,153.89,153.29,153.8353,63865
2026-02-09 14:40:00-05:00,153.8527,154.357,153.33,153.44,118173
2026-02-09 14:45:00-05:00,153.425,154.05,152.9,153.23,106891
2026-02-09 14:50:00-05:00,153.26,153.8,152.9761,153.56,63479
2026-02-09 14:55:00-05:00,153.45,153.72,153.2,153.34,60699
2026-02-09 15:00:00-05:00,153.23,153.2499,152.5677,152.9,67109
2026-02-09 15:05:00-05:00,152.83,153.7399,152.82,153.56,70042
2026-02-09 15:10:00-05:00,153.5058,153.55,153,153.245,68667
2026-02-09 15:15:00-05:00,153.16,154.49,153.16,154.36,92624
2026-02-09 15:20:00-05:00,154.46,154.54,153.59,153.825,164852
2026-02-09 15:25:00-05:00,153.7531,154.08,153.34,153.41,59230
2026-02-09 15:30:00-05:00,153.35,153.9999,152.61,153.495,130586
2026-02-09 15:35:00-05:00,153.415,154.15,153.3101,154.13,91517
2026-02-09 15:40:00-05:00,154.1215,154.44,153.5,153.637,106712
2026-02-09 15:45:00-05:00,153.64,154.2267,153.435,153.64,140812
2026-02-09 15:50:00-05:00,153.68,154.88,153.67,154.6125,248003
2026-02-09 15:55:00-05:00,154.57,155.33,154.05,155.2,502191
2026-02-10 09:30:00-05:00,152.96,155.1199,151.1519,151.835,334637
2026-02-10 09:35:00-05:00,151.69,153.9,148.5,149.08,277432
2026-02-10 09:40:00-05:00,149,149,144.2001,145.91,472958
2026-02-10 09:45:00-05:00,145.675,146.02,142.68,144.53,395839
2026-02-10 09:50:00-05:00,144.75,148.3,144.23,148.09,304076
2026-02-10 09:55:00-05:00,147.997,149.56,147.1901,147.55,247273
2026-02-10 10:00:00-05:00,147.77,148.79,147.16,147.71,125861
2026-02-10 10:05:00-05:00,147.61,150.39,147.51,149.72,173168
2026-02-10 10:10:00-05:00,149.66,150.55,148.65,149.9,158048
2026-02-10 10:15:00-05:00,149.89,150.13,148.63,149.2801,116855
2026-02-10 10:20:00-05:00,149.38,150.7675,148.94,148.94,166942
2026-02-10 10:25:00-05:00,148.8,149.72,148.5901,149.435,64688
2026-02-10 10:30:00-05:00,149.24,150.62,149.24,149.77,97120
2026-02-10 10:35:00-05:00,149.73,150.42,149.47,150.1259,77298
2026-02-10 10:40:00-05:00,150.22,150.69,150.16,150.38,59370
2026-02-10 10:45:00-05:00,150.33,151.398,149.96,150.66,103329
2026-02-10 10:50:00-05:00,150.534,150.6599,149.59,149.81,89008
2026-02-10 10:55:00-05:00,149.6875,150.7,149.1,150.23,80563
2026-02-10 11:00:00-05:00,150.3599,150.54,149.74,149.9,58581
2026-02-10 11:05:00-05:00,149.79,150.38,148.68,148.71,94371
2026-02-10 11:10:00-05:00,148.62,149.8,148.61,149.33,60444
2026-02-10 11:15:00-05:00,149.28,149.96,148.68,149.96,67514
2026-02-10 11:20:00-05:00,149.905,150.7,149.635,150.01,64391
2026-02-10 11:25:00-05:00,149.83,149.86,148.58,149.295,64182
2026-02-10 11:30:00-05:00,149.1,149.5,148.5,149.44,67494
2026-02-10 11:35:00-05:00,149.66,150.27,149,149.59,89627
2026-02-10 11:40:00-05:00,149.59,149.96,149.01,149.68,86065
2026-02-10 11:45:00-05:00,149.75,150.76,149.75,150.16,70513
2026-02-10 11:50:00-05:00,150.24,151.31,149.75,151.045,84179
2026-02-10 11:55:00-05:00,151.045,151.56,150.75,151.2493,70446
2026-02-10 12:00:00-05:00,151.18,151.63,150.55,150.67,60045
2026-02-10 12:05:00-05:00,150.8562,151.9,150.8562,151.88,55280
2026-02-10 12:10:00-05:00,151.89,152.7,151.89,152.305,99368
2026-02-10 12:15:00-05:00,152.305,153.66,152.24,153.465,94946
2026-02-10 12:20:00-05:00,153.51,153.76,153.0501,153.57,76112
2026-02-10 12:25:00-05:00,153.51,154.013,153.37,153.83,73502
2026-02-10 12:30:00-05:00,153.77,153.88,153.09,153.14,77485
2026-02-10 12:35:00-05:00,153.17,153.59,152.755,153.36,60398
2026-02-10 12:40:00-05:00,153.46,154.43,153.415,154,64631
2026-02-10 12:45:00-05:00,154.06,154.45,154.04,154.235,64017
2026-02-10 12:50:00-05:00,154.28,155.36,153.98,154.885,108094
2026-02-10 12:55:00-05:00,154.885,155.13,154.6693,154.965,69596
2026-02-10 13:00:00-05:00,154.96,156.67,154.915,156,124291
2026-02-10 13:05:00-05:00,156.2556,156.51,155.88,156.4706,88333
2026-02-10 13:10:00-05:00,156.44,157.623,155.55,155.91,194692
2026-02-10 13:15:00-05:00,155.9,155.94,152,152.9067,244281
2026-02-10 13:20:00-05:00,153,153.09,151.88,152.035,146294
2026-02-10 13:25:00-05:00,152.14,152.17,151.0301,151.235,132585
2026-02-10 13:30:00-05:00,151.43,152.28,151.03,151.27,76770
2026-02-10 13:35:00-05:00,151.1,152.3999,151.1,151.96,68844
2026-02-10 13:40:00-05:00,151.9885,152.18,151.42,151.8,64618
2026-02-10 13:45:00-05:00,151.7054,151.725,150.39,150.98,71077
2026-02-10 13:50:00-05:00,151.11,151.56,150.74,151.1172,51015
2026-02-10 13:55:00-05:00,151.12,152.3,151.01,151.9326,53760
2026-02-10 14:00:00-05:00,152.04,152.71,151.779,151.99,55302
2026-02-10 14:05:00-05:00,152.0234,152.53,151.49,151.86,49906
2026-02-10 14:10:00-05:00,151.56,152.37,151.47,151.825,118627
2026-02-10 14:15:00-05:00,151.71,152.55,151.58,152.41,63124
2026-02-10 14:20:00-05:00,152.46,153.6,152.28,153.585,93533
2026-02-10 14:25:00-05:00,153.585,153.65,152.12,152.5,67907
2026-02-10 14:30:00-05:00,152.7,152.7,152,152.235,63425
2026-02-10 14:35:00-05:00,152.38,153.29,152.38,152.68,67557
2026-02-10 14:40:00-05:00,152.71,153.24,152.12,152.47,51015
2026-02-10 14:45:00-05:00,152.47,152.48,151.8,151.85,55791
2026-02-10 14:50:00-05:00,151.85,152.3,151.36,152.095,50448
2026-02-10 14:55:00-05:00,152.08,153.45,151.97,153.4,75268
2026-02-10 15:00:00-05:00,153.34,153.79,152.4,153.25,111352
2026-02-10 15:05:00-05:00,153.35,153.9376,153,153.09,81002
2026-02-10 15:10:00-05:00,153.09,153.38,152.3301,152.555,101947
2026-02-10 15:15:00-05:00,152.555,152.9895,151,151.36,100663
2026-02-10 15:20:00-05:00,151.315,151.73,150.74,150.825,52777
2026-02-10 15:25:00-05:00,150.75,151.14,150,150.89,98942
2026-02-10 15:30:00-05:00,150.89,150.89,149.94,150.17,107140
2026-02-10 15:35:00-05:00,150.15,150.16,149.07,149.71,157073
2026-02-10 15:40:00-05:00,149.85,150.42,149.64,150.305,87823
2026-02-10 15:45:00-05:00,150.35,150.95,150.25,150.865,110074
2026-02-10 15:50:00-05:00,150.8575,150.8575,149.09,149.11,149947
2026-02-10 15:55:00-05:00,149.15,149.77,148.59,148.725,660726
2026-02-11 09:30:00-05:00,153.5,160,153.46,157.4799,664766
2026-02-11 09:35:00-05:00,156.885,159.15,154,155.03,281687
2026-02-11 09:40:00-05:00,155.2867,155.58,152.3,154.27,227069
2026-02-11 09:45:00-05:00,154.03,156,150.12,150.495,307084
2026-02-11 09:50:00-05:00,150.66,151.75,149,149.55,319148
2026-02-11 09:55:00-05:00,149.6,150.34,147.01,147.423,352820
2026-02-11 10:00:00-05:00,147.59,148.2148,145,146.76,341497
2026-02-11 10:05:00-05:00,146.585,146.89,143.75,144.09,272718
2026-02-11 10:10:00-05:00,144.08,144.33,142.08,142.9445,339034
2026-02-11 10:15:00-05:00,142.8601,143.23,140.38,140.38,372409
2026-02-11 10:20:00-05:00,140.39,140.42,138.56,139.25,389990
2026-02-11 10:25:00-05:00,139.145,140.1102,137.19,138.24,475461
2026-02-11 10:30:00-05:00,138.11,139.65,137.87,138.88,278309
2026-02-11 10:35:00-05:00,138.9269,140.35,138.29,140.065,199928
2026-02-11 10:40:00-05:00,140.13,141.65,139.71,141.015,192691
2026-02-11 10:45:00-05:00,141.07,141.66,139.65,140.065,161401
2026-02-11 10:50:00-05:00,140.225,143.6719,140.08,143.42,213456
2026-02-11 10:55:00-05:00,143.42,143.88,142.5459,143.01,172362
2026-02-11 11:00:00-05:00,143.11,143.41,142.27,142.72,90266
2026-02-11 11:05:00-05:00,142.9,143.8,142.815,143.46,93547
2026-02-11 11:10:00-05:00,143.6199,146.1499,143.59,146.1,227895
2026-02-11 11:15:00-05:00,146.04,146.49,144.97,146.418,98734
2026-02-11 11:20:00-05:00,146.49,147.26,146.22,147.15,127936
2026-02-11 11:25:00-05:00,147.085,147.12,145.46,145.77,116099
2026-02-11 11:30:00-05:00,145.8933,146.2199,145.329,146.2198,91982
2026-02-11 11:35:00-05:00,146.22,146.3199,145.179,145.66,72237
2026-02-11 11:40:00-05:00,145.98,146.5,145.7509,146.21,53553
2026-02-11 11:45:00-05:00,146.21,146.39,145.7,145.89,52102
2026-02-11 11:50:00-05:00,145.945,146.07,145.43,145.7699,42117
2026-02-11 11:55:00-05:00,145.725,145.725,144.64,144.9697,108657
2026-02-11 12:00:00-05:00,144.94,145.1322,143.49,144.33,133190
2026-02-11 12:05:00-05:00,144.17,145.7,144.17,145.7,59521
2026-02-11 12:10:00-05:00,145.545,145.7,144.4882,145.07,49059
2026-02-11 12:15:00-05:00,145.07,145.64,144.8,145.3209,44063
2026-02-11 12:20:00-05:00,145.42,146,144.705,145.62,90214
2026-02-11 12:25:00-05:00,145.79,147.15,145.79,146.48,85193
2026-02-11 12:30:00-05:00,146.53,146.65,145.89,145.91,71863
2026-02-11 12:35:00-05:00,145.935,145.935,145.34,145.3805,110881
2026-02-11 12:40:00-05:00,145.41,145.58,144.925,145.26,52824
2026-02-11 12:45:00-05:00,145.425,146.265,145.18,145.77,120596
2026-02-11 12:50:00-05:00,145.9899,146,145.18,145.62,42411
2026-02-11 12:55:00-05:00,145.62,145.62,144.26,144.545,63531
2026-02-11 13:00:00-05:00,144.49,145.36,144.37,145.21,52584
2026-02-11 13:05:00-05:00,145.09,145.53,144.81,144.81,56071
2026-02-11 13:10:00-05:00,144.8,144.96,144.4,144.5,53789
2026-02-11 13:15:00-05:00,144.4,145.19,144.39,144.8,37543
2026-02-11 13:20:00-05:00,144.8117,145.19,144.5201,145.09,27077
2026-02-11 13:25:00-05:00,145.135,146.85,145.0059,146.665,74889
2026-02-11 13:30:00-05:00,146.65,147,145.8,146.61,71991
2026-02-11 13:35:00-05:00,146.61,146.815,146.07,146.515,48083
2026-02-11 13:40:00-05:00,146.38,146.38,145.34,145.85,38005
2026-02-11 13:45:00-05:00,145.74,146.15,145.36,146.04,43223
2026-02-11 13:50:00-05:00,145.75,146.41,144.6183,146.16,69946
2026-02-11 13:55:00-05:00,146.16,146.69,146.05,146.63,54449
2026-02-11 14:00:00-05:00,146.515,147.48,146.515,147.3975,57833
2026-02-11 14:05:00-05:00,147.29,147.53,146.5,146.78,93053
2026-02-11 14:10:00-05:00,146.81,148.5,146.76,148.215,90499
2026-02-11 14:15:00-05:00,148.26,149.22,147.92,148.88,147219
2026-02-11 14:20:00-05:00,148.885,149.79,148.72,149.565,135298
2026-02-11 14:25:00-05:00,149.63,149.8,149.01,149.195,78159
2026-02-11 14:30:00-05:00,149.1975,149.37,147.8966,148.645,101798
2026-02-11 14:35:00-05:00,148.72,149.54,148.48,148.85,82924
2026-02-11 14:40:00-05:00,148.73,149.5,148.67,149.36,126076
2026-02-11 14:45:00-05:00,149.5,150.66,148.3,150.6198,181439
2026-02-11 14:50:00-05:00,150.6,151,150.1401,150.55,116065
2026-02-11 14:55:00-05:00,150.47,150.63,149.5,149.625,82663
2026-02-11 15:00:00-05:00,149.6,150.57,149.26,150.47,94229
2026-02-11 15:05:00-05:00,150.4118,151.2992,150.37,151.21,107597
2026-02-11 15:10:00-05:00,151.2998,152.24,151.13,152.24,130462
2026-02-11 15:15:00-05:00,152.05,153.39,152.05,153.19,116164
2026-02-11 15:20:00-05:00,153.15,153.35,152.3101,152.65,103172
2026-02-11 15:25:00-05:00,152.68,153,152.21,153,121284
2026-02-11 15:30:00-05:00,153.01,153.47,152.5201,152.785,120305
2026-02-11 15:35:00-05:00,152.85,153.56,152.7201,153.5,111881
2026-02-11 15:40:00-05:00,153.51,153.88,153.15,153.3,154281
2026-02-11 15:45:00-05:00,153.3,153.63,152.98,153.415,139765
2026-02-11 15:50:00-05:00,153.48,155,153.25,154.79,327464
2026-02-11 15:55:00-05:00,154.76,155.98,154.52,155.76,929406
2026-02-12 09:30:00-05:00,159.6,160,152.39,153.8749,447214
2026-02-12 09:35:00-05:00,153.98,154.64,151.79,154.33,218562
2026-02-12 09:40:00-05:00,154.22,156.4,153.62,154.87,177638
2026-02-12 09:45:00-05:00,154.87,155.08,152,152.1,255747
2026-02-12 09:50:00-05:00,152.11,153.24,150.4,151.81,265243
2026-02-12 09:55:00-05:00,151.8,151.84,149.32,149.82,190449
2026-02-12 10:00:00-05:00,149.6101,149.75,147.5,147.53,379519
2026-02-12 10:05:00-05:00,147.4,148.9905,146.1,146.195,222843
2026-02-12 10:10:00-05:00,146.2,147.47,145.589,147.125,196225
2026-02-12 10:15:00-05:00,147.19,148.485,146.09,146.1,229312
2026-02-12 10:20:00-05:00,146.165,147.38,145.2,145.7,229891
2026-02-12 10:25:00-05:00,145.67,148.39,145.6,147.57,254020
2026-02-12 10:30:00-05:00,147.62,149.25,144.53,144.59,386453
2026-02-12 10:35:00-05:00,144.72,144.98,143.07,143.5,406682
2026-02-12 10:40:00-05:00,143.51,143.555,141.8,142.215,288458
2026-02-12 10:45:00-05:00,142.145,142.9999,142,142.64,160218
2026-02-12 10:50:00-05:00,142.5,143.55,142,142.13,132412
2026-02-12 10:55:00-05:00,142.13,143.22,141.75,142.97,324815
2026-02-12 11:00:00-05:00,142.98,144.44,142.6,143.5,235987
2026-02-12 11:05:00-05:00,143.58,143.69,141.41,141.63,194440
2026-02-12 11:10:00-05:00,141.7799,141.78,140.38,140.5,262581
2026-02-12 11:15:00-05:00,140.5,140.79,139.1901,139.6,301808
2026-02-12 11:20:00-05:00,139.64,140,138.8,139.6901,271464
2026-02-12 11:25:00-05:00,139.78,140,137.5,137.6313,212823
2026-02-12 11:30:00-05:00,137.57,138.64,136.6,137.5,329289
2026-02-12 11:35:00-05:00,137.59,139.18,137.5,138.96,291189
2026-02-12 11:40:00-05:00,138.96,140.948,138.59,140.12,280143
2026-02-12 11:45:00-05:00,140.23,140.455,139.54,140.28,144497
2026-02-12 11:50:00-05:00,140.315,140.7,139.88,140.255,115819
2026-02-12 11:55:00-05:00,140.3,141.1,139.8,140.595,104492
2026-02-12 12:00:00-05:00,140.55,140.64,138.89,139.74,129765
2026-02-12 12:05:00-05:00,139.78,140.88,139,140.7901,114463
2026-02-12 12:10:00-05:00,140.825,140.83,139.06,139.11,70530
2026-02-12 12:15:00-05:00,139.17,139.65,138.66,139.01,112791
2026-02-12 12:20:00-05:00,139.13,140.003,139.0437,139.3977,110810
2026-02-12 12:25:00-05:00,139.32,140.05,138.31,138.61,123806
2026-02-12 12:30:00-05:00,138.555,139.0699,137.31,138.25,171523
2026-02-12 12:35:00-05:00,138.2599,139.33,138.1301,138.65,75945
2026-02-12 12:40:00-05:00,138.78,139.3031,138.3701,138.69,59583
2026-02-12 12:45:00-05:00,138.92,139.225,138.1,138.66,70287
2026-02-12 12:50:00-05:00,138.75,139.2,137.93,138.43,60962
2026-02-12 12:55:00-05:00,138.49,138.5197,137.01,137.14,156466
2026-02-12 13:00:00-05:00,137.21,137.86,136.6001,137.68,139171
2026-02-12 13:05:00-05:00,137.7,140,137.5,139.18,114848
2026-02-12 13:10:00-05:00,139.18,140,139.18,139.84,155412
2026-02-12 13:15:00-05:00,139.92,140,138.5401,138.66,108768
2026-02-12 13:20:00-05:00,138.745,139.67,138.53,139.4,97569
2026-02-12 13:25:00-05:00,139.54,139.5998,137.88,138.85,110069
2026-02-12 13:30:00-05:00,138.815,139.6,138.59,139.47,56645
2026-02-12 13:35:00-05:00,139.425,141.3999,139.29,140.95,140523
2026-02-12 13:40:00-05:00,141.04,141.55,140.81,141.385,78253
2026-02-12 13:45:00-05:00,141.385,141.8699,141.05,141.77,84065
2026-02-12 13:50:00-05:00,141.665,141.9599,141.24,141.5,66779
2026-02-12 13:55:00-05:00,141.42,142.3699,140.523,141,118225
2026-02-12 14:00:00-05:00,141.09,141.72,140.7454,140.915,47981
2026-02-12 14:05:00-05:00,140.905,141.57,140.54,140.66,42312
2026-02-12 14:10:00-05:00,140.655,140.79,140.0401,140.41,60243
2026-02-12 14:15:00-05:00,140.55,141.6799,140.18,141.01,64151
2026-02-12 14:20:00-05:00,141.155,141.25,140.34,140.57,37115
2026-02-12 14:25:00-05:00,140.5606,140.94,140.14,140.41,66001
2026-02-12 14:30:00-05:00,140.5,141.27,140.15,140.695,111515
2026-02-12 14:35:00-05:00,140.695,141.33,140.52,140.9501,41974
2026-02-12 14:40:00-05:00,140.95,141.15,139.8,140.6,74361
2026-02-12 14:45:00-05:00,140.65,142.22,140.21,142.22,92297
2026-02-12 14:50:00-05:00,142.01,143.23,141.73,142.6699,113101
2026-02-12 14:55:00-05:00,142.47,142.95,141.46,141.62,99779
2026-02-12 15:00:00-05:00,141.72,142.57,141.72,142.06,66068
2026-02-12 15:05:00-05:00,142.19,142.33,141.01,141.13,76505
2026-02-12 15:10:00-05:00,141.25,141.37,140.2,140.635,76782
2026-02-12 15:15:00-05:00,140.635,140.8299,140.1077,140.5496,55510
2026-02-12 15:20:00-05:00,140.595,140.72,140,140.53,63033
2026-02-12 15:25:00-05:00,140.5124,140.62,139.77,140.04,106074
2026-02-12 15:30:00-05:00,140.005,140.17,139.28,139.4,132747
2026-02-12 15:35:00-05:00,139.29,139.83,139.29,139.479,98905
2026-02-12 15:40:00-05:00,139.505,140,139.4359,139.9999,69822
2026-02-12 15:45:00-05:00,139.92,140.159,139.34,139.8601,157064
2026-02-12 15:50:00-05:00,139.86,139.86,138.1,139.2,349367
2026-02-12 15:55:00-05:00,139.125,139.65,138.39,138.956,367594
2026-02-13 09:30:00-05:00,136.21,136.21,131.7401,131.75,709851
2026-02-13 09:35:00-05:00,131.88,135.99,131.41,132.71,260856
2026-02-13 09:40:00-05:00,132.63,134.91,131,134.6,286368
2026-02-13 09:45:00-05:00,134.795,138.41,134.7294,136.5,249903
2026-02-13 09:50:00-05:00,136.448,138.33,135.5846,136.53,167317
2026-02-13 09:55:00-05:00,136.535,138.52,135.9,136.65,137336
2026-02-13 10:00:00-05:00,136.92,140.16,136.1275,140.06,208323
2026-02-13 10:05:00-05:00,139.915,142.5,138.76,142.21,193701
2026-02-13 10:10:00-05:00,142.24,142.51,140.4601,141.05,220997
2026-02-13 10:15:00-05:00,141.06,142.1899,139.76,140.4836,177934
2026-02-13 10:20:00-05:00,140.5,142.4299,140.0101,141.49,140992
2026-02-13 10:25:00-05:00,141.49,143.44,141.1101,143.23,166205
2026-02-13 10:30:00-05:00,143.22,144.47,143.22,143.75,129389
2026-02-13 10:35:00-05:00,143.79,144.6,142.029,142.305,126879
2026-02-13 10:40:00-05:00,142.305,143.2,141.8355,142.36,88538
2026-02-13 10:45:00-05:00,142.37,142.7357,140.1,140.4,107825
2026-02-13 10:50:00-05:00,140.4,141.9,140.34,141.21,67131
2026-02-13 10:55:00-05:00,141.505,141.9,140.33,141,67051
2026-02-13 11:00:00-05:00,141.045,142,140.86,141.87,51679
2026-02-13 11:05:00-05:00,142,142.9999,141.99,142.8637,54075
2026-02-13 11:10:00-05:00,142.7127,143,141.06,141.9,67741
2026-02-13 11:15:00-05:00,141.905,142.8,141.6201,141.6801,45643
2026-02-13 11:20:00-05:00,141.749,141.84,140.74,141.55,60095
2026-02-13 11:25:00-05:00,141.505,142.77,141.485,142.54,53411
2026-02-13 11:30:00-05:00,142.46,142.78,141.1201,141.5,40941
2026-02-13 11:35:00-05:00,141.52,142.3693,141.02,142.2,42192
2026-02-13 11:40:00-05:00,142.2,142.9,141.56,142.7278,54002
2026-02-13 11:45:00-05:00,142.64,143.28,142.27,142.395,64899
2026-02-13 11:50:00-05:00,142.395,143.36,142.23,143.31,80188
2026-02-13 11:55:00-05:00,143.25,143.72,141.66,141.87,72605
2026-02-13 12:00:00-05:00,142.11,142.25,141.53,142.025,37420
2026-02-13 12:05:00-05:00,142.22,142.6,141.57,141.91,48442
2026-02-13 12:10:00-05:00,141.91,142.45,141.91,142.44,37080
2026-02-13 12:15:00-05:00,142.335,142.71,141.7901,142.08,36976
2026-02-13 12:20:00-05:00,142.08,143.25,142.05,142.66,40959
2026-02-13 12:25:00-05:00,142.665,143.5,142.09,143.15,48817
2026-02-13 12:30:00-05:00,143.115,143.8,142.7501,143.165,86886
2026-02-13 12:35:00-05:00,143.01,143.625,143.01,143.29,50727
2026-02-13 12:40:00-05:00,143.22,143.64,143.0601,143.31,40646
2026-02-13 12:45:00-05:00,143.245,143.38,142.225,142.5801,87254
2026-02-13 12:50:00-05:00,142.58,142.64,141.85,142.22,52320
2026-02-13 12:55:00-05:00,142.215,142.365,141.1101,141.24,69151
2026-02-13 13:00:00-05:00,141.14,141.76,140.5,141.1899,93759
2026-02-13 13:05:00-05:00,141.095,141.99,140.8346,141.795,56888
2026-02-13 13:10:00-05:00,141.83,142.65,141.6121,142.31,55298
2026-02-13 13:15:00-05:00,142.31,142.59,140.995,141.605,58996
2026-02-13 13:20:00-05:00,141.61,142.4497,141.59,141.87,36236
2026-02-13 13:25:00-05:00,141.81,142.6,140.7588,140.88,83068
2026-02-13 13:30:00-05:00,140.87,142.1,140.732,142.1,42429
2026-02-13 13:35:00-05:00,142.1,142.8,141.94,142.425,51089
2026-02-13 13:40:00-05:00,142.29,142.46,141.6,141.84,42445
2026-02-13 13:45:00-05:00,141.93,142.34,141.7301,141.95,38599
2026-02-13 13:50:00-05:00,141.9,141.9,141,141.485,40923
2026-02-13 13:55:00-05:00,141.48,141.68,141.1,141.68,35546
2026-02-13 14:00:00-05:00,141.585,141.75,141.03,141.06,23498
2026-02-13 14:05:00-05:00,141.11,141.6999,141,141.6999,27889
2026-02-13 14:10:00-05:00,141.49,141.77,140.6601,141.4199,29393
2026-02-13 14:15:00-05:00,141.1465,141.65,140.7101,141.43,60557
2026-02-13 14:20:00-05:00,141.22,141.91,141.22,141.91,27915
2026-02-13 14:25:00-05:00,141.725,141.8999,140.72,141.06,54795
2026-02-13 14:30:00-05:00,141.0725,141.87,140.76,141.59,61890
2026-02-13 14:35:00-05:00,141.61,141.84,141.16,141.265,35131
2026-02-13 14:40:00-05:00,141.255,141.3999,140.72,141.135,51435
2026-02-13 14:45:00-05:00,141.135,141.71,141.08,141.12,42115
2026-02-13 14:50:00-05:00,141.13,141.24,140.5,140.675,43162
2026-02-13 14:55:00-05:00,140.6275,140.9,139.32,139.88,79507
2026-02-13 15:00:00-05:00,139.83,140.8399,139.78,140.54,56575
2026-02-13 15:05:00-05:00,140.5,140.54,140.15,140.37,50043
2026-02-13 15:10:00-05:00,140.3,140.4599,139.59,139.685,52211
2026-02-13 15:15:00-05:00,139.53,140.37,139.5,140.16,64154
2026-02-13 15:20:00-05:00,140.07,140.39,139.84,139.97,47045
2026-02-13 15:25:00-05:00,139.96,139.97,138.54,138.68,90923
2026-02-13 15:30:00-05:00,138.62,139.5899,138.54,139.23,115038
2026-02-13 15:35:00-05:00,139.1765,139.5033,139,139.36,107013
2026-02-13 15:40:00-05:00,139.26,139.9999,139.19,139.48,118353
2026-02-13 15:45:00-05:00,139.48,140.31,139.325,140.05,119770
2026-02-13 15:50:00-05:00,140,140.33,139.5,139.99,136317
2026-02-13 15:55:00-05:00,139.86,139.92,139.14,139.75,343347
2026-02-17 09:30:00-05:00,135.2,135.34,131.52,134.3,491434
2026-02-17 09:35:00-05:00,134.23,137.25,133.04,136.005,257422
2026-02-17 09:40:00-05:00,135.83,135.83,133.68,134.08,126936
2026-02-17 09:45:00-05:00,134.41,135.5,133.5,135,101388
2026-02-17 09:50:00-05:00,134.89,135.33,133.2697,133.77,124016
2026-02-17 09:55:00-05:00,133.7,134.2699,133.01,133.245,119097
2026-02-17 10:00:00-05:00,133.03,136.4526,133,135.87,148419
2026-02-17 10:05:00-05:00,136,136.9986,135.04,135.04,112439
2026-02-17 10:10:00-05:00,135.05,135.82,134.63,135,86868
2026-02-17 10:15:00-05:00,135.17,138.48,134.6603,138.39,147475
2026-02-17 10:20:00-05:00,138.4485,138.51,136.0001,136.225,134409
2026-02-17 10:25:00-05:00,136.45,137.24,135.83,135.97,79679
2026-02-17 10:30:00-05:00,135.97,136.14,133.78,133.985,148209
2026-02-17 10:35:00-05:00,133.99,135.491,133.92,135.33,51122
2026-02-17 10:40:00-05:00,135.02,136.255,135.02,136.245,50376
2026-02-17 10:45:00-05:00,136.245,136.8,135.55,136.62,137137
2026-02-17 10:50:00-05:00,136.6,137.53,135.77,137.195,74115
2026-02-17 10:55:00-05:00,137.12,138.4499,136.6,138.4499,100227
2026-02-17 11:00:00-05:00,138.4,139.64,138.1509,139.005,102664
2026-02-17 11:05:00-05:00,139.005,140.91,139,140.91,113098
2026-02-17 11:10:00-05:00,140.745,141.61,140.7101,140.82,109653
2026-02-17 11:15:00-05:00,141.04,141.24,140.4599,140.86,73220
2026-02-17 11:20:00-05:00,140.86,141.06,139.0001,139.72,76542
2026-02-17 11:25:00-05:00,139.56,139.72,138.62,138.84,55614
2026-02-17 11:30:00-05:00,138.83,138.9999,137.92,138.52,64767
2026-02-17 11:35:00-05:00,138.02,139.3199,138.02,138.875,48943
2026-02-17 11:40:00-05:00,138.8,139.36,138.27,138.43,36919
2026-02-17 11:45:00-05:00,138.48,139.19,138.01,138.8,53516
2026-02-17 11:50:00-05:00,138.92,139.53,138.54,139.27,51883
2026-02-17 11:55:00-05:00,139.26,139.86,138.55,139.72,46119
2026-02-17 12:00:00-05:00,139.765,139.765,139,139.34,42705
2026-02-17 12:05:00-05:00,139.17,139.8,139.17,139.64,44469
2026-02-17 12:10:00-05:00,139.65,139.82,139.17,139.26,64095
2026-02-17 12:15:00-05:00,139.25,139.75,139,139.38,27823
2026-02-17 12:20:00-05:00,139.365,139.8,139.1201,139.57,38798
2026-02-17 12:25:00-05:00,139.68,140.7,139.525,140.7,51160
2026-02-17 12:30:00-05:00,140.62,140.9081,139.2,140,36234
2026-02-17 12:35:00-05:00,139.96,140.17,139.64,140,31402
2026-02-17 12:40:00-05:00,139.87,140.06,139.28,139.4,43736
2026-02-17 12:45:00-05:00,139.27,140.3,139,140.1,43206
2026-02-17 12:50:00-05:00,139.96,140.66,139.53,139.78,42352
2026-02-17 12:55:00-05:00,139.77,141.24,139.53,141.24,56525
2026-02-17 13:00:00-05:00,141.1,141.2,140.51,140.8,40674
2026-02-17 13:05:00-05:00,140.65,140.78,139.86,140.61,26685
2026-02-17 13:10:00-05:00,140.5,141.23,140.205,140.82,38978
2026-02-17 13:15:00-05:00,140.8,141.19,140.6,141.0865,66133
2026-02-17 13:20:00-05:00,141.19,143.05,141.04,142.51,130031
2026-02-17 13:25:00-05:00,142.58,142.58,141.8,142.5,52947
2026-02-17 13:30:00-05:00,142.46,142.65,141.99,141.99,37982
2026-02-17 13:35:00-05:00,141.96,142.8,141.5601,142.5,64535
2026-02-17 13:40:00-05:00,142.42,143.45,142.42,143.06,91425
2026-02-17 13:45:00-05:00,143.06,144.15,142.9864,143.71,152979
2026-02-17 13:50:00-05:00,143.995,144.95,143.9,144.875,97668
2026-02-17 13:55:00-05:00,144.78,144.89,144.12,144.39,75877
2026-02-17 14:00:00-05:00,144.5,144.52,143.62,143.815,85870
2026-02-17 14:05:00-05:00,143.98,144.2,143.65,143.995,47378
2026-02-17 14:10:00-05:00,143.995,144.5299,143.18,144.4,81545
2026-02-17 14:15:00-05:00,144.47,144.95,144.1701,144.771,126862
2026-02-17 14:20:00-05:00,144.64,145.45,144.64,145.1728,184286
2026-02-17 14:25:00-05:00,145.12,145.4099,143.8,144.055,104151
2026-02-17 14:30:00-05:00,144.15,145.16,143.8,144.97,69418
2026-02-17 14:35:00-05:00,145.18,145.18,144.5901,144.875,38282
2026-02-17 14:40:00-05:00,145.04,145.1,144.317,144.45,71083
2026-02-17 14:45:00-05:00,144.455,144.6499,143.53,143.805,47393
2026-02-17 14:50:00-05:00,143.78,143.78,142.8301,143.07,75864
2026-02-17 14:55:00-05:00,143.1175,144.0888,142.7102,143.9,83420
2026-02-17 15:00:00-05:00,143.91,144.29,143.6401,144.28,64543
2026-02-17 15:05:00-05:00,144.15,144.39,143.85,143.85,43595
2026-02-17 15:10:00-05:00,143.91,144.3556,143.5,144.1793,66984
2026-02-17 15:15:00-05:00,144.04,144.15,143.2927,143.55,70209
2026-02-17 15:20:00-05:00,143.515,143.7999,142.6,142.71,52948
2026-02-17 15:25:00-05:00,142.71,143.18,142.66,142.66,64118
2026-02-17 15:30:00-05:00,142.71,143.15,142.435,143.105,67596
2026-02-17 15:35:00-05:00,143.15,143.69,142.94,143.17,56660
2026-02-17 15:40:00-05:00,143.2,144.2099,143.11,144.04,82754
2026-02-17 15:45:00-05:00,144.04,144.385,143.77,144.04,117753
2026-02-17 15:50:00-05:00,144.09,145.3699,143.95,145.34,239587
2026-02-17 15:55:00-05:00,145.295,145.32,144.39,145.32,417402
2026-02-18 09:30:00-05:00,146.65,150.365,145.5,147.96,416965
2026-02-18 09:35:00-05:00,147.635,148.98,146.3082,148.05,199880
2026-02-18 09:40:00-05:00,147.905,149.2199,147.21,148.46,143172
2026-02-18 09:45:00-05:00,148.7,151,148.68,150.6699,308147
2026-02-18 09:50:00-05:00,150.415,154.25,150.415,153.53,341686
2026-02-18 09:55:00-05:00,153.42,153.81,152.0893,153.2902,245769
2026-02-18 10:00:00-05:00,153.255,155.5,152.21,154.395,362040
2026-02-18 10:05:00-05:00,154.36,155.31,153.48,153.8965,199694
2026-02-18 10:10:00-05:00,153.82,153.98,152.82,153.17,164002
2026-02-18 10:15:00-05:00,153.075,154.59,152.58,154.47,167071
2026-02-18 10:20:00-05:00,154.3325,154.97,154.0301,154.39,123008
2026-02-18 10:25:00-05:00,154.46,154.72,153.55,154.455,94589
2026-02-18 10:30:00-05:00,154.4525,154.53,153.51,153.705,98454
2026-02-18 10:35:00-05:00,153.705,154.92,153.68,154.55,75415
2026-02-18 10:40:00-05:00,154.57,154.57,153.53,153.7,88254
2026-02-18 10:45:00-05:00,153.6,154.85,153.6,154.375,86613
2026-02-18 10:50:00-05:00,154.255,154.75,154.05,154.52,78508
2026-02-18 10:55:00-05:00,154.53,155.77,154.09,154.29,197539
2026-02-18 11:00:00-05:00,154.28,155.1999,153.98,154.9401,64659
2026-02-18 11:05:00-05:00,155.1999,155.6,154.98,155.19,86374
2026-02-18 11:10:00-05:00,155.25,155.49,154.6101,155.03,68371
2026-02-18 11:15:00-05:00,155.045,155.7499,155.045,155.235,98623
2026-02-18 11:20:00-05:00,155.265,155.82,154.93,155.6754,103524
2026-02-18 11:25:00-05:00,155.6831,155.91,155.26,155.33,69474
2026-02-18 11:30:00-05:00,155.34,156.7188,155.21,156.33,179151
2026-02-18 11:35:00-05:00,156.34,157.2599,156.045,156.93,135092
2026-02-18 11:40:00-05:00,157.08,157.35,156.63,156.935,82632
2026-02-18 11:45:00-05:00,156.96,157.4419,156.5,157.235,101497
2026-02-18 11:50:00-05:00,157.3,157.71,157.02,157.6517,119005
2026-02-18 11:55:00-05:00,157.61,157.75,156.2001,156.56,96378
2026-02-18 12:00:00-05:00,156.595,157.1,156.41,157.07,52254
2026-02-18 12:05:00-05:00,157.1622,157.25,156.6418,156.67,45284
2026-02-18 12:10:00-05:00,156.74,156.8529,155.83,156.61,74799
2026-02-18 12:15:00-05:00,156.64,157.8,156.4701,157.6383,150372
2026-02-18 12:20:00-05:00,157.7294,157.84,157.4,157.68,59841
2026-02-18 12:25:00-05:00,157.64,157.7499,156.9336,157.115,55045
2026-02-18 12:30:00-05:00,157.115,157.58,157,157.155,72686
2026-02-18 12:35:00-05:00,157.12,157.58,157.0301,157.28,47491
2026-02-18 12:40:00-05:00,157.35,157.41,156.51,156.79,67496
2026-02-18 12:45:00-05:00,156.703,157.37,156.703,156.99,61723
2026-02-18 12:50:00-05:00,156.95,157.45,156.87,157,44216
2026-02-18 12:55:00-05:00,157.04,157.415,156.9301,157.1,54586
2026-02-18 13:00:00-05:00,157.07,158.2,157.0001,158.13,140729
2026-02-18 13:05:00-05:00,158.13,158.4,157.8912,158.02,103652
2026-02-18 13:10:00-05:00,158.13,158.2299,157.72,158.05,60748
2026-02-18 13:15:00-05:00,158.095,158.34,157.925,158.0584,54710
2026-02-18 13:20:00-05:00,157.9816,158.05,157.49,157.67,80027
2026-02-18 13:25:00-05:00,157.73,158.02,156.8,157.671,89663
2026-02-18 13:30:00-05:00,157.72,157.95,157.18,157.43,41376
2026-02-18 13:35:00-05:00,157.61,158.1499,157.36,157.985,58461
2026-02-18 13:40:00-05:00,158.1399,158.1399,156.25,156.79,91808
2026-02-18 13:45:00-05:00,156.62,156.79,156.19,156.595,74680
2026-02-18 13:50:00-05:00,156.77,157.8499,156.4201,157.8499,64167
2026-02-18 13:55:00-05:00,157.535,157.8,156.62,156.8301,48533
2026-02-18 14:00:00-05:00,156.54,157.34,156.17,156.56,62084
2026-02-18 14:05:00-05:00,156.6,156.78,156.04,156.29,51008
2026-02-18 14:10:00-05:00,156.295,157.1685,156.12,156.92,73496
2026-02-18 14:15:00-05:00,156.89,157.28,156.3001,156.77,66374
2026-02-18 14:20:00-05:00,156.664,156.81,155.5,156.33,88020
2026-02-18 14:25:00-05:00,156.125,156.285,155.3,155.71,63811
2026-02-18 14:30:00-05:00,155.71,155.75,154.7,154.935,86018
2026-02-18 14:35:00-05:00,154.81,155.06,154.275,154.43,76408
2026-02-18 14:40:00-05:00,154.425,154.69,154.1001,154.46,73047
2026-02-18 14:45:00-05:00,154.46,155.44,154.46,155.01,47641
2026-02-18 14:50:00-05:00,155,155.15,154.49,154.65,64458
2026-02-18 14:55:00-05:00,154.55,154.78,153.5525,153.8,125475
2026-02-18 15:00:00-05:00,153.86,154.95,153.7,154.465,94131
2026-02-18 15:05:00-05:00,154.4701,154.63,153.74,154.005,73007
2026-02-18 15:10:00-05:00,153.93,154.09,153.26,153.425,82755
2026-02-18 15:15:00-05:00,153.45,153.45,152.26,152.64,75557
2026-02-18 15:20:00-05:00,152.685,153.21,152.34,153.11,62550
2026-02-18 15:25:00-05:00,153.035,154,152.43,153.84,100926
2026-02-18 15:30:00-05:00,153.8,154.865,153.57,154.7514,126662
2026-02-18 15:35:00-05:00,154.705,155.94,154.21,155.78,174740
2026-02-18 15:40:00-05:00,155.76,156.13,155.5201,155.8525,123958
2026-02-18 15:45:00-05:00,155.87,156.25,155.65,156.2,126633
2026-02-18 15:50:00-05:00,156.15,156.22,155.62,155.96,168897
2026-02-18 15:55:00-05:00,155.95,157.34,155.7,157.33,473485
2026-02-19 09:30:00-05:00,154.13,156.57,150.7,151.725,371841
2026-02-19 09:35:00-05:00,151.47,153.98,151,152.58,217782
2026-02-19 09:40:00-05:00,152.41,153.6199,151.61,153.28,174453
2026-02-19 09:45:00-05:00,153.1501,154.49,151.1,154.17,187496
2026-02-19 09:50:00-05:00,154.18,156.02,154.06,155.32,144514
2026-02-19 09:55:00-05:00,155.27,156.37,155.1,155.97,156328
2026-02-19 10:00:00-05:00,155.83,156.9,155.2,155.76,174912
2026-02-19 10:05:00-05:00,155.69,156.76,155.5,156.01,109650
2026-02-19 10:10:00-05:00,156.0025,156.4,154.77,155.035,85627
2026-02-19 10:15:00-05:00,155,156.78,155,156.56,96649
2026-02-19 10:20:00-05:00,156.6,156.88,155.32,155.905,85021
2026-02-19 10:25:00-05:00,155.905,155.98,154.32,154.505,83102
2026-02-19 10:30:00-05:00,154.41,156.68,154,156.67,118023
2026-02-19 10:35:00-05:00,156.72,157,155.89,156.34,73437
2026-02-19 10:40:00-05:00,156.46,157.25,156.113,156.6704,87019
2026-02-19 10:45:00-05:00,156.72,157.08,156.04,156.54,70034
2026-02-19 10:50:00-05:00,156.38,156.44,154.95,155.2,63745
2026-02-19 10:55:00-05:00,155.11,155.86,154.8,155.39,75981
2026-02-19 11:00:00-05:00,155.29,155.6,154.8,155.31,57077
2026-02-19 11:05:00-05:00,155.25,156.34,155.0301,156.24,106286
2026-02-19 11:10:00-05:00,156.24,156.93,156.2,156.76,104449
2026-02-19 11:15:00-05:00,156.75,159.33,156.6701,157.965,287868
2026-02-19 11:20:00-05:00,158.15,158.57,156.71,157,108352
2026-02-19 11:25:00-05:00,156.895,157.205,156.5,156.542,72389
2026-02-19 11:30:00-05:00,156.57,157.66,156.57,157.4492,111516
2026-02-19 11:35:00-05:00,157.355,157.55,156.91,157.3,63509
2026-02-19 11:40:00-05:00,157.39,157.55,156.3,156.65,69867
2026-02-19 11:45:00-05:00,156.6981,157.09,155.56,155.76,66036
2026-02-19 11:50:00-05:00,155.8,157.64,155.76,157.5503,66505
2026-02-19 11:55:00-05:00,157.5,157.64,156.87,157.64,53547
2026-02-19 12:00:00-05:00,157.455,157.5,156.2201,156.7,52107
2026-02-19 12:05:00-05:00,156.7,157.28,156.3,156.625,58902
2026-02-19 12:10:00-05:00,156.625,157.24,156.47,156.9922,59032
2026-02-19 12:15:00-05:00,156.92,157.4,156.28,157.2337,73967
2026-02-19 12:20:00-05:00,157.2372,158.49,156.96,158.095,76005
2026-02-19 12:25:00-05:00,158.01,158.04,156.92,157.299,44117
2026-02-19 12:30:00-05:00,157.22,158.13,157.14,158.13,42938
2026-02-19 12:35:00-05:00,158.07,158.1599,157.02,157.585,73781
2026-02-19 12:40:00-05:00,157.6268,157.96,156.77,156.795,51195
2026-02-19 12:45:00-05:00,156.76,156.76,155.5501,155.915,88898
2026-02-19 12:50:00-05:00,155.97,156.13,154.51,154.93,159589
2026-02-19 12:55:00-05:00,155.08,155.5,154.3001,154.4501,81311
2026-02-19 13:00:00-05:00,154.28,154.91,154.09,154.48,49266
2026-02-19 13:05:00-05:00,154.465,154.85,154.13,154.57,74711
2026-02-19 13:10:00-05:00,154.725,155.99,154.45,155.855,76016
2026-02-19 13:15:00-05:00,155.99,156.24,155.36,155.83,46691
2026-02-19 13:20:00-05:00,155.62,156.08,155,155.9095,44703
2026-02-19 13:25:00-05:00,156.08,156.339,155.61,155.99,50734
2026-02-19 13:30:00-05:00,155.975,156.14,155,155.3,76986
2026-02-19 13:35:00-05:00,155.55,155.65,155.04,155.51,32253
2026-02-19 13:40:00-05:00,155.51,156.5,155.21,156.5,44931
2026-02-19 13:45:00-05:00,156.44,157.63,156.38,157.275,53521
2026-02-19 13:50:00-05:00,157.13,157.89,157.0001,157.77,39029
2026-02-19 13:55:00-05:00,157.78,158.56,157.7,158.46,77013
2026-02-19 14:00:00-05:00,158.46,159.0199,157.8289,159.0199,86192
2026-02-19 14:05:00-05:00,158.85,159.04,158.2,158.92,73068
2026-02-19 14:10:00-05:00,158.94,159.14,157.88,159.015,65490
2026-02-19 14:15:00-05:00,159.015,159.1,158.68,158.77,33403
2026-02-19 14:20:00-05:00,158.77,158.77,157.8,158.46,97280
2026-02-19 14:25:00-05:00,158.4451,158.68,157.15,157.65,81133
2026-02-19 14:30:00-05:00,157.84,158.75,157.77,158.75,46310
2026-02-19 14:35:00-05:00,158.75,159.03,158.6,158.785,71720
2026-02-19 14:40:00-05:00,158.65,159.03,158.0963,158.6,70828
2026-02-19 14:45:00-05:00,158.6,158.6,157.78,158.2263,44885
2026-02-19 14:50:00-05:00,158.39,158.74,158.025,158.625,43792
2026-02-19 14:55:00-05:00,158.63,159.08,158.19,158.73,71458
2026-02-19 15:00:00-05:00,158.78,159.21,158.705,158.83,104964
2026-02-19 15:05:00-05:00,158.76,159,157.88,158,51103
2026-02-19 15:10:00-05:00,158.1,158.24,157.58,157.815,35794
2026-02-19 15:15:00-05:00,157.91,158.19,157.6075,158.13,40117
2026-02-19 15:20:00-05:00,158.17,158.97,157.85,158.69,45679
2026-02-19 15:25:00-05:00,158.58,158.6515,158.08,158.29,38460
2026-02-19 15:30:00-05:00,158.28,158.78,158.07,158.625,62257
2026-02-19 15:35:00-05:00,158.625,159.04,158.57,158.89,68715
2026-02-19 15:40:00-05:00,158.935,159.67,158.88,159.61,159031
2026-02-19 15:45:00-05:00,159.65,160.08,159.02,159.886,206114
2026-02-19 15:50:00-05:00,159.75,160.07,159.0797,159.272,187176
2026-02-19 15:55:00-05:00,159.255,159.6,158.715,159.07,412545
2026-02-20 09:30:00-05:00,155.83,156.415,152.59,152.88,336411
2026-02-20 09:35:00-05:00,152.84,155.29,152.109,155.05,285133
2026-02-20 09:40:00-05:00,154.7,156.39,153.48,155.88,195044
2026-02-20 09:45:00-05:00,155.9485,157.36,155.79,156.2292,151680
2026-02-20 09:50:00-05:00,156.35,156.72,154.78,155.525,136060
2026-02-20 09:55:00-05:00,155.525,156.49,154.75,156.235,76912
2026-02-20 10:00:00-05:00,155.815,159.1099,155.815,157.085,215908
2026-02-20 10:05:00-05:00,156.73,156.87,153.31,153.49,442783
2026-02-20 10:10:00-05:00,153.57,154.8199,153,153.3,113351
2026-02-20 10:15:00-05:00,153.26,154.25,151.57,153.12,186011
2026-02-20 10:20:00-05:00,153.479,155.7792,153.02,155.32,112652
2026-02-20 10:25:00-05:00,155.32,156.83,154.7,155.75,115588
2026-02-20 10:30:00-05:00,156.06,156.7199,155.23,156.39,78531
2026-02-20 10:35:00-05:00,156.479,156.7,155.35,156.3,60658
2026-02-20 10:40:00-05:00,156.28,156.5,154.9001,155.8,71888
2026-02-20 10:45:00-05:00,155.96,156.85,155.12,156.64,61863
2026-02-20 10:50:00-05:00,156.64,156.73,155.021,155.47,52730
2026-02-20 10:55:00-05:00,155.5,155.81,155.0601,155.57,45821
2026-02-20 11:00:00-05:00,155.72,156.54,155.04,156.2109,75230
2026-02-20 11:05:00-05:00,156,156.39,155.3801,156.195,36619
2026-02-20 11:10:00-05:00,156.195,156.74,155.36,155.57,69422
2026-02-20 11:15:00-05:00,155.57,155.72,154.11,154.49,136101
2026-02-20 11:20:00-05:00,154.5,154.5,153.61,153.91,85274
2026-02-20 11:25:00-05:00,153.67,154.68,153.48,154.285,62581
2026-02-20 11:30:00-05:00,154.16,155.9899,154.12,154.7,79398
2026-02-20 11:35:00-05:00,154.74,154.76,153.64,153.7,50267
2026-02-20 11:40:00-05:00,153.875,154,153.19,153.36,62926
2026-02-20 11:45:00-05:00,153.44,154.0245,153.435,153.55,31058
2026-02-20 11:50:00-05:00,153.76,153.99,153.14,153.99,44079
2026-02-20 11:55:00-05:00,153.905,154.31,153.8,154.16,55020
2026-02-20 12:00:00-05:00,154.32,154.3584,153.14,153.32,46332
2026-02-20 12:05:00-05:00,153.32,153.76,153.2,153.37,49857
2026-02-20 12:10:00-05:00,153.24,153.44,151.75,152.0511,97504
2026-02-20 12:15:00-05:00,151.8,151.87,149.89,150.31,197923
2026-02-20 12:20:00-05:00,150.35,150.39,149.4,149.405,163406
2026-02-20 12:25:00-05:00,149.405,149.52,148.54,149.095,144473
2026-02-20 12:30:00-05:00,149.31,150.04,148.91,149.85,84120
2026-02-20 12:35:00-05:00,149.92,150.48,148.76,149.3175,135485
2026-02-20 12:40:00-05:00,149.29,149.4499,148.1101,148.76,100586
2026-02-20 12:45:00-05:00,148.7,149.1,147.845,148.83,97285
2026-02-20 12:50:00-05:00,148.815,149.63,148.42,149.465,95855
2026-02-20 12:55:00-05:00,149.43,149.6288,148.51,149.6288,64592
2026-02-20 13:00:00-05:00,149.46,149.8,149.3,149.4,47752
2026-02-20 13:05:00-05:00,149.41,150.645,149.22,150.2299,64780
2026-02-20 13:10:00-05:00,150.22,150.23,148.5,149.13,69297
2026-02-20 13:15:00-05:00,149.1,149.58,148.33,149.47,69997
2026-02-20 13:20:00-05:00,149.4133,149.4133,148.19,148.7,81698
2026-02-20 13:25:00-05:00,148.7,149.1399,148.08,148.57,60289
2026-02-20 13:30:00-05:00,148.761,150.87,147.77,149.85,124797
2026-02-20 13:35:00-05:00,149.8501,150.27,148.71,149.45,52289
2026-02-20 13:40:00-05:00,149.1047,150.8,149.1047,150.695,66970
2026-02-20 13:45:00-05:00,150.7,151.79,150.6,150.7,90171
2026-02-20 13:50:00-05:00,150.99,151.88,150.1301,151.76,42585
2026-02-20 13:55:00-05:00,151.81,152.25,151.64,151.8,98501
2026-02-20 14:00:00-05:00,151.8,151.8,149.81,149.875,114653
2026-02-20 14:05:00-05:00,149.95,150.5623,149.6,150.02,56031
2026-02-20 14:10:00-05:00,150.07,150.1692,149.5,149.592,51985
2026-02-20 14:15:00-05:00,149.75,150.1,149.3,149.525,40842
2026-02-20 14:20:00-05:00,149.52,149.71,149.11,149.43,47766
2026-02-20 14:25:00-05:00,149.46,149.5699,148.57,148.8,60960
2026-02-20 14:30:00-05:00,148.88,148.98,148.23,148.58,69191
2026-02-20 14:35:00-05:00,148.6599,148.66,147.28,147.56,119109
2026-02-20 14:40:00-05:00,147.504,147.845,146.8,147.14,129701
2026-02-20 14:45:00-05:00,147.16,147.78,146.56,146.66,100744
2026-02-20 14:50:00-05:00,146.705,146.8,146,146.3485,107643
2026-02-20 14:55:00-05:00,146.33,146.33,144.21,144.3,250366
2026-02-20 15:00:00-05:00,144.24,145.13,144.06,144.75,154679
2026-02-20 15:05:00-05:00,144.8,146.2,144.78,145.86,142158
2026-02-20 15:10:00-05:00,145.94,146.25,145.26,145.3,182861
2026-02-20 15:15:00-05:00,145.23,145.485,144.6,144.805,201188
2026-02-20 15:20:00-05:00,144.8676,144.91,144.36,144.55,97637
2026-02-20 15:25:00-05:00,144.56,145.95,144.5,145.245,157609
2026-02-20 15:30:00-05:00,145.17,146.11,145.02,146.055,94312
2026-02-20 15:35:00-05:00,146.055,146.8,145.593,146.73,135997
2026-02-20 15:40:00-05:00,146.7545,146.89,146.15,146.4,90238
2026-02-20 15:45:00-05:00,146.37,146.54,144.77,145.46,213845
2026-02-20 15:50:00-05:00,145.2601,148.2399,145.2,148.17,259909
2026-02-20 15:55:00-05:00,147.99,148.88,147.24,147.81,800148
2026-02-23 09:30:00-05:00,147.7,150.975,145.84,149.33,392224.1542
2026-02-23 09:35:00-05:00,149.37,151.9,149.1,151.26,266113.7871
2026-02-23 09:40:00-05:00,151.06,151.86,149.41,150.92,147632.9085
2026-02-23 09:45:00-05:00,150.68,153.6599,150.2,153.245,216720.1237
2026-02-23 09:50:00-05:00,153.24,155.364,152.9801,155.07,271723.7591
2026-02-23 09:55:00-05:00,154.91,155.39,152.51,152.7789,217893.01119699999
2026-02-23 10:00:00-05:00,152.61,153.3816,150,150.1428,224062.5259
2026-02-23 10:05:00-05:00,150.22,151.3179,149.5101,151.015,137557.0288
2026-02-23 10:10:00-05:00,151.32,152,150.36,151.62,114328.4411
2026-02-23 10:15:00-05:00,151.62,152.5599,151,151.965,83820.94576199999
2026-02-23 10:20:00-05:00,151.91,153.25,151.8296,152.46,147722.8147
2026-02-23 10:25:00-05:00,152.38,152.64,150.36,150.45,96768.97240500001
2026-02-23 10:30:00-05:00,150.35,152.2497,150.35,151.285,75470.20174
2026-02-23 10:35:00-05:00,151.2,151.75,150.92,151.15,60600.70323700001
2026-02-23 10:40:00-05:00,151.0057,151.285,149.79,150.26,77346.36134
2026-02-23 10:45:00-05:00,150.21,150.24,149.0554,149.515,102892.3115
2026-02-23 10:50:00-05:00,149.73,150.02,148.1301,148.18,122332.7144
2026-02-23 10:55:00-05:00,148.2639,148.66,148.05,148.545,58794.73155900001
2026-02-23 11:00:00-05:00,148.55,149,147.445,148.04,101763.6104
2026-02-23 11:05:00-05:00,148.2,148.38,147.7401,148.205,38813.81576
2026-02-23 11:10:00-05:00,148.195,150.15,148.195,149.25,109700.2915
2026-02-23 11:15:00-05:00,149.32,150.9899,148.58,150.9899,65091.17800300001
2026-02-23 11:20:00-05:00,150.83,152.73,150.83,152.635,148773.7978
2026-02-23 11:25:00-05:00,152.7,153.7,152.0701,153.445,144802.2923
2026-02-23 11:30:00-05:00,153.47,154.39,153.17,154.23,103818.2457
2026-02-23 11:35:00-05:00,154.23,154.29,153.22,153.71,90700.98415
2026-02-23 11:40:00-05:00,153.88,154.3499,153.1701,154.2651,78072.48759599999
2026-02-23 11:45:00-05:00,154.29,154.5,153.75,154.02,65966.21268
2026-02-23 11:50:00-05:00,153.95,154.23,153.17,153.285,77165.52058
2026-02-23 11:55:00-05:00,153.315,153.43,152.62,152.655,69715.21032
2026-02-23 12:00:00-05:00,152.655,153.75,152.6175,153.539,67306.53356
2026-02-23 12:05:00-05:00,153.445,154.75,153.445,154.65,84583.89214
2026-02-23 12:10:00-05:00,154.655,155.01,154,154.35,146990.0766
2026-02-23 12:15:00-05:00,154.3662,154.99,154.19,154.19,44874.49204
2026-02-23 12:20:00-05:00,154.2,154.59,153.855,153.965,56096.40594700001
2026-02-23 12:25:00-05:00,153.955,154.08,153.687,153.84,43264.946771999996
2026-02-23 12:30:00-05:00,153.915,154.1825,153.365,153.61,29102.545677000002
2026-02-23 12:35:00-05:00,153.615,153.62,153.0457,153.31,38321.44472
2026-02-23 12:40:00-05:00,153.0944,153.86,153.01,153.565,52952.103736000005
2026-02-23 12:45:00-05:00,153.56,153.9,152.9204,153.19,54160.320698999996
2026-02-23 12:50:00-05:00,153.19,154.6,153.095,154.4797,66635.72336
2026-02-23 12:55:00-05:00,154.49,154.9,154.35,154.565,83000.49462299999
2026-02-23 13:00:00-05:00,154.59,155.1,154.3601,154.97,104998.9088
2026-02-23 13:05:00-05:00,154.768,155.7,154.705,155.65,116332.4623
2026-02-23 13:10:00-05:00,155.62,156.32,155.5,156.245,97078.38223
2026-02-23 13:15:00-05:00,156.2,156.4199,156,156.17,76842.42006
2026-02-23 13:20:00-05:00,156.225,157.1524,156.1,157.1524,90653.73366
2026-02-23 13:25:00-05:00,157.13,157.24,156,156.78,121072.8163
2026-02-23 13:30:00-05:00,156.78,157.3735,156.42,157.3735,76554.30941
2026-02-23 13:35:00-05:00,157.38,157.69,156.89,157.1,109630.0959
2026-02-23 13:40:00-05:00,157.17,157.989,157.095,157.989,97508.28658
2026-02-23 13:45:00-05:00,157.96,158.83,157.83,157.87,155954.5477
2026-02-23 13:50:00-05:00,157.7601,158.31,156.71,157.05,131180.50433700002
2026-02-23 13:55:00-05:00,156.94,157.5,156.5,157.41,90000.33607800001
2026-02-23 14:00:00-05:00,157.39,157.505,156.8001,157.3,105719.29265300001
2026-02-23 14:05:00-05:00,157.4,158.1999,157.27,157.71,121655.88697299999
2026-02-23 14:10:00-05:00,157.8,158.05,157.275,157.38,100551.7265
2026-02-23 14:15:00-05:00,157.38,157.47,156.49,156.775,70200.18506
2026-02-23 14:20:00-05:00,156.8,157.72,156.5,157.28,74876.61972800002
2026-02-23 14:25:00-05:00,157.35,157.76,157.03,157.09,47224.460014000004
2026-02-23 14:30:00-05:00,157.1743,157.1743,156.062,156.4201,108761.05943299999
2026-02-23 14:35:00-05:00,156.49,156.5,155.68,156.17,65096.9854
2026-02-23 14:40:00-05:00,156.3,156.7499,155.92,156.6701,45919.27484
2026-02-23 14:45:00-05:00,156.67,156.7973,155.995,156.34,40914.7724
2026-02-23 14:50:00-05:00,156.365,159.28,156,159.28,153451.8323
2026-02-23 14:55:00-05:00,159.2269,159.56,158.34,159.15,192960.15618599998
2026-02-23 15:00:00-05:00,158.97,161.25,158.97,161.25,328585.7949
2026-02-23 15:05:00-05:00,161.16,161.22,160.12,160.19,231232.90641499998
2026-02-23 15:10:00-05:00,160.19,161.035,159.925,160.18,112636.8494
2026-02-23 15:15:00-05:00,160.347,160.42,159.73,159.78,79175.22540200001
2026-02-23 15:20:00-05:00,159.78,159.8899,159.03,159.29,89219.65814399999
2026-02-23 15:25:00-05:00,159.3,159.48,159.03,159.14,72811.26519399999
2026-02-23 15:30:00-05:00,159.03,160.16,158.73,159.7001,168932.9424
2026-02-23 15:35:00-05:00,159.7,159.78,158.99,159.42,55398.30069
2026-02-23 15:40:00-05:00,159.43,159.9,159.0619,159.73,110495.4113
2026-02-23 15:45:00-05:00,159.76,160.11,159.33,159.95,132070.743
2026-02-23 15:50:00-05:00,160,160.3,159.775,159.99,207759.3081
2026-02-23 15:55:00-05:00,159.96,160.47,158.87,160.29,414615.1178959999
