timestamp,open,high,low,close,volume
2025-11-24 15:55:00-05:00,26.46,26.47,26.36,26.38,139626.00
2025-11-25 09:30:00-05:00,27.29,27.6,27.17,27.171,262193.00
2025-11-25 09:35:00-05:00,27.18,27.29,27.13,27.18,57539.00
2025-11-25 09:40:00-05:00,27.19,27.35,27.08,27.12,103273.00
2025-11-25 09:45:00-05:00,27.12,27.13,26.9869,27.13,127134.00
2025-11-25 09:50:00-05:00,27.13,27.14,26.96,27.01,69331.00
2025-11-25 09:55:00-05:00,27.025,27.08,26.98,27.06,28359.00
2025-11-25 10:00:00-05:00,27.06,27.14,27,27.08,86969.00
2025-11-25 10:05:00-05:00,27.09,27.18,27.0874,27.18,46677.00
2025-11-25 10:10:00-05:00,27.13,27.15,27.071,27.12,24277.00
2025-11-25 10:15:00-05:00,27.14,27.26,27.12,27.22,48194.00
2025-11-25 10:20:00-05:00,27.23,27.23,27.1,27.14,41280.00
2025-11-25 10:25:00-05:00,27.145,27.283,27.12,27.22,48703.00
2025-11-25 10:30:00-05:00,27.265,27.3,27.24,27.27,21928.00
2025-11-25 10:35:00-05:00,27.25,27.29,27.22,27.255,22525.00
2025-11-25 10:40:00-05:00,27.24,27.29,27.22,27.29,14911.00
2025-11-25 10:45:00-05:00,27.3,27.34,27.3,27.33,24844.00
2025-11-25 10:50:00-05:00,27.31,27.32,27.22,27.27,11603.00
2025-11-25 10:55:00-05:00,27.275,27.32,27.26,27.29,13920.00
2025-11-25 11:00:00-05:00,27.29,27.33,27.27,27.29,9272.00
2025-11-25 11:05:00-05:00,27.29,27.29,27.11,27.125,17838.00
2025-11-25 11:10:00-05:00,27.13,27.17,27.11,27.14,17353.00
2025-11-25 11:15:00-05:00,27.13,27.1801,27.08,27.16,15633.00
2025-11-25 11:20:00-05:00,27.17,27.2,27.17,27.17,13851.00
2025-11-25 11:25:00-05:00,27.18,27.19,27.15,27.17,7714.00
2025-11-25 11:30:00-05:00,27.19,27.23,27.16,27.19,12428.00
2025-11-25 11:35:00-05:00,27.2,27.22,27.18,27.205,12870.00
2025-11-25 11:40:00-05:00,27.22,27.23,27.15,27.15,20517.00
2025-11-25 11:45:00-05:00,27.14,27.16,27.1,27.13,14268.00
2025-11-25 11:50:00-05:00,27.145,27.15,27.12,27.12,7743.00
2025-11-25 11:55:00-05:00,27.12,27.13,27.09,27.1,10161.00
2025-11-25 12:00:00-05:00,27.13,27.22,27.1,27.13,18963.00
2025-11-25 12:05:00-05:00,27.14,27.2,27.14,27.2,7704.00
2025-11-25 12:10:00-05:00,27.2,27.24,27.19,27.21,8731.00
2025-11-25 12:15:00-05:00,27.22,27.25,27.22,27.22,9895.00
2025-11-25 12:20:00-05:00,27.24,27.26,27.2301,27.25,7504.00
2025-11-25 12:25:00-05:00,27.27,27.29,27.25,27.25,10808.00
2025-11-25 12:30:00-05:00,27.26,27.35,27.255,27.35,6719.00
2025-11-25 12:35:00-05:00,27.335,27.335,27.29,27.29,9183.00
2025-11-25 12:40:00-05:00,27.29,27.31,27.25,27.25,6424.00
2025-11-25 12:45:00-05:00,27.25,27.26,27.225,27.225,4281.00
2025-11-25 12:50:00-05:00,27.22,27.26,27.21,27.25,10836.00
2025-11-25 12:55:00-05:00,27.26,27.26,27.23,27.23,3857.00
2025-11-25 13:00:00-05:00,27.24,27.27,27.23,27.265,4349.00
2025-11-25 13:05:00-05:00,27.25,27.26,27.23,27.26,6631.00
2025-11-25 13:10:00-05:00,27.27,27.2929,27.23,27.24,5271.00
2025-11-25 13:15:00-05:00,27.24,27.25,27.19,27.2,11344.00
2025-11-25 13:20:00-05:00,27.235,27.26,27.21,27.26,3308.00
2025-11-25 13:25:00-05:00,27.255,27.27,27.24,27.26,3406.00
2025-11-25 13:30:00-05:00,27.28,27.28,27.25,27.25,7604.00
2025-11-25 13:35:00-05:00,27.265,27.265,27.21,27.225,12567.00
2025-11-25 13:40:00-05:00,27.225,27.24,27.2,27.22,9111.00
2025-11-25 13:45:00-05:00,27.23,27.27,27.22,27.245,6467.00
2025-11-25 13:50:00-05:00,27.245,27.25,27.21,27.23,12034.00
2025-11-25 13:55:00-05:00,27.22,27.22,27.19,27.19,5305.00
2025-11-25 14:00:00-05:00,27.197,27.22,27.19,27.19,5254.00
2025-11-25 14:05:00-05:00,27.1956,27.22,27.19,27.2,6678.00
2025-11-25 14:10:00-05:00,27.2,27.21,27.175,27.197,6977.00
2025-11-25 14:15:00-05:00,27.1922,27.2,27.15,27.2,7375.00
2025-11-25 14:20:00-05:00,27.19,27.24,27.19,27.21,6257.00
2025-11-25 14:25:00-05:00,27.215,27.23,27.19,27.19,5913.00
2025-11-25 14:30:00-05:00,27.2,27.215,27.19,27.205,5994.00
2025-11-25 14:35:00-05:00,27.19,27.2,27.18,27.185,4956.00
2025-11-25 14:40:00-05:00,27.18,27.21,27.17,27.2046,5985.00
2025-11-25 14:45:00-05:00,27.2,27.21,27.1801,27.19,4036.00
2025-11-25 14:50:00-05:00,27.19,27.23,27.19,27.22,6016.00
2025-11-25 14:55:00-05:00,27.21,27.24,27.21,27.23,9270.00
2025-11-25 15:00:00-05:00,27.23,27.24,27.22,27.22,7992.00
2025-11-25 15:05:00-05:00,27.21,27.22,27.205,27.22,7438.00
2025-11-25 15:10:00-05:00,27.22,27.23,27.21,27.22,7432.00
2025-11-25 15:15:00-05:00,27.22,27.23,27.21,27.22,6245.00
2025-11-25 15:20:00-05:00,27.22,27.22,27.2,27.21,10874.00
2025-11-25 15:25:00-05:00,27.22,27.22,27.17,27.17,7539.00
2025-11-25 15:30:00-05:00,27.17,27.18,27.15,27.18,14799.00
2025-11-25 15:35:00-05:00,27.171,27.175,27.17,27.17,10222.00
2025-11-25 15:40:00-05:00,27.18,27.195,27.16,27.175,15206.00
2025-11-25 15:45:00-05:00,27.17,27.19,27.17,27.175,11641.00
2025-11-25 15:50:00-05:00,27.175,27.26,27.17,27.23,87469.00
2025-11-25 15:55:00-05:00,27.21,27.215,27.16,27.2,134297.00
2025-11-26 09:30:00-05:00,26.54,26.755,26.48,26.72,65924.00
2025-11-26 09:35:00-05:00,26.705,26.75,26.66,26.72,21658.00
2025-11-26 09:40:00-05:00,26.72,26.77,26.7,26.7,11526.00
2025-11-26 09:45:00-05:00,26.7,26.73,26.6692,26.69,8589.00
2025-11-26 09:50:00-05:00,26.69,26.73,26.66,26.66,22677.00
2025-11-26 09:55:00-05:00,26.65,26.66,26.61,26.62,9945.00
2025-11-26 10:00:00-05:00,26.615,26.69,26.6,26.63,7692.00
2025-11-26 10:05:00-05:00,26.5984,26.67,26.5984,26.66,9924.00
2025-11-26 10:10:00-05:00,26.66,26.68,26.62,26.66,11689.00
2025-11-26 10:15:00-05:00,26.67,26.68,26.62,26.63,5686.00
2025-11-26 10:20:00-05:00,26.64,26.64,26.595,26.5973,5464.00
2025-11-26 10:25:00-05:00,26.58,26.59,26.55,26.58,10612.00
2025-11-26 10:30:00-05:00,26.6,26.7,26.6,26.7,19496.00
2025-11-26 10:35:00-05:00,26.71,26.735,26.69,26.69,8169.00
2025-11-26 10:40:00-05:00,26.7,26.7186,26.66,26.66,7759.00
2025-11-26 10:45:00-05:00,26.65,26.67,26.63,26.66,4802.00
2025-11-26 10:50:00-05:00,26.66,26.74,26.6501,26.729,9189.00
2025-11-26 10:55:00-05:00,26.715,26.735,26.7,26.73,3670.00
2025-11-26 11:00:00-05:00,26.73,26.75,26.72,26.73,4653.00
2025-11-26 11:05:00-05:00,26.72,26.746,26.67,26.67,9122.00
2025-11-26 11:10:00-05:00,26.68,26.71,26.6708,26.7,9167.00
2025-11-26 11:15:00-05:00,26.7,26.71,26.69,26.705,5512.00
2025-11-26 11:20:00-05:00,26.71,26.74,26.65,26.66,6939.00
2025-11-26 11:25:00-05:00,26.65,26.65,26.61,26.62,7859.00
2025-11-26 11:30:00-05:00,26.62,26.62,26.565,26.58,9270.00
2025-11-26 11:35:00-05:00,26.59,26.62,26.58,26.5901,9167.00
2025-11-26 11:40:00-05:00,26.5944,26.61,26.57,26.59,10926.00
2025-11-26 11:45:00-05:00,26.58,26.58,26.53,26.53,10112.00
2025-11-26 11:50:00-05:00,26.54,26.56,26.53,26.56,7453.00
2025-11-26 11:55:00-05:00,26.57,26.59,26.56,26.56,5185.00
2025-11-26 12:00:00-05:00,26.56,26.6295,26.56,26.57,78811.00
2025-11-26 12:05:00-05:00,26.5676,26.58,26.56,26.58,8067.00
2025-11-26 12:10:00-05:00,26.58,26.602,26.5766,26.5766,9225.00
2025-11-26 12:15:00-05:00,26.58,26.6,26.57,26.58,7791.00
2025-11-26 12:20:00-05:00,26.58,26.61,26.58,26.6,3592.00
2025-11-26 12:25:00-05:00,26.6,26.6,26.58,26.59,5593.00
2025-11-26 12:30:00-05:00,26.6,26.62,26.59,26.61,6137.00
2025-11-26 12:35:00-05:00,26.61,26.6102,26.6,26.6,5816.00
2025-11-26 12:40:00-05:00,26.61,26.65,26.61,26.65,7063.00
2025-11-26 12:45:00-05:00,26.66,26.66,26.65,26.65,3600.00
2025-11-26 12:50:00-05:00,26.64,26.675,26.635,26.65,7816.00
2025-11-26 12:55:00-05:00,26.65,26.65,26.63,26.63,3537.00
2025-11-26 13:00:00-05:00,26.64,26.65,26.64,26.645,3598.00
2025-11-26 13:05:00-05:00,26.6463,26.6463,26.26,26.26,58952.00
2025-11-26 13:10:00-05:00,26.27,26.555,26.2,26.555,38418.00
2025-11-26 13:15:00-05:00,26.56,26.56,26.48,26.49,7647.00
2025-11-26 13:20:00-05:00,26.495,26.53,26.48,26.48,7243.00
2025-11-26 13:25:00-05:00,26.485,26.52,26.485,26.505,3357.00
2025-11-26 13:30:00-05:00,26.49,26.49,26.45,26.45,3990.00
2025-11-26 13:35:00-05:00,26.455,26.455,26.36,26.41,9550.00
2025-11-26 13:40:00-05:00,26.45,26.46,26.43,26.45,6254.00
2025-11-26 13:45:00-05:00,26.44,26.47,26.425,26.4561,9269.00
2025-11-26 13:50:00-05:00,26.45,26.475,26.44,26.45,5403.00
2025-11-26 13:55:00-05:00,26.445,26.47,26.44,26.47,5623.00
2025-11-26 14:00:00-05:00,26.46,26.4925,26.45,26.48,6250.00
2025-11-26 14:05:00-05:00,26.47,26.48,26.445,26.479,5128.00
2025-11-26 14:10:00-05:00,26.48,26.48,26.45,26.47,8065.00
2025-11-26 14:15:00-05:00,26.4602,26.48,26.44,26.45,8919.00
2025-11-26 14:20:00-05:00,26.4499,26.4499,26.425,26.44,4697.00
2025-11-26 14:25:00-05:00,26.44,26.46,26.44,26.445,2775.00
2025-11-26 14:30:00-05:00,26.445,26.445,26.405,26.405,10896.00
2025-11-26 14:35:00-05:00,26.4,26.4,26.38,26.4,12836.00
2025-11-26 14:40:00-05:00,26.405,26.45,26.405,26.43,6520.00
2025-11-26 14:45:00-05:00,26.44,26.47,26.44,26.445,6867.00
2025-11-26 14:50:00-05:00,26.44,26.47,26.44,26.46,8456.00
2025-11-26 14:55:00-05:00,26.46,26.46,26.44,26.44,4866.00
2025-11-26 15:00:00-05:00,26.455,26.47,26.41,26.43,7727.00
2025-11-26 15:05:00-05:00,26.43,26.45,26.41,26.45,6735.00
2025-11-26 15:10:00-05:00,26.45,26.46,26.43,26.43,11277.00
2025-11-26 15:15:00-05:00,26.43,26.445,26.41,26.41,9006.00
2025-11-26 15:20:00-05:00,26.41,26.44,26.4,26.44,12438.00
2025-11-26 15:25:00-05:00,26.43,26.44,26.42,26.435,7515.00
2025-11-26 15:30:00-05:00,26.435,26.45,26.42,26.42,15405.00
2025-11-26 15:35:00-05:00,26.425,26.445,26.42,26.425,21586.00
2025-11-26 15:40:00-05:00,26.425,26.425,26.41,26.42,17015.00
2025-11-26 15:45:00-05:00,26.42,26.42,26.4,26.4,18987.00
2025-11-26 15:50:00-05:00,26.41,26.46,26.405,26.44,37010.00
2025-11-26 15:55:00-05:00,26.45,26.465,26.395,26.395,87237.00
2025-11-28 09:30:00-05:00,26.3,26.52,26.23,26.5,37915.00
2025-11-28 09:35:00-05:00,26.5,26.56,26.41,26.47,15563.00
2025-11-28 09:40:00-05:00,26.48,26.54,26.46,26.535,5698.00
2025-11-28 09:45:00-05:00,26.4832,26.54,26.45,26.45,13474.00
2025-11-28 09:50:00-05:00,26.46,26.48,26.45,26.47,8647.00
2025-11-28 09:55:00-05:00,26.4665,26.54,26.45,26.53,18427.00
2025-11-28 10:00:00-05:00,26.53,26.65,26.52,26.64,22334.00
2025-11-28 10:05:00-05:00,26.63,26.652,26.62,26.625,8838.00
2025-11-28 10:10:00-05:00,26.6244,26.6244,26.6,26.6,4359.00
2025-11-28 10:15:00-05:00,26.62,26.62,26.56,26.57,8079.00
2025-11-28 10:20:00-05:00,26.59,26.59,26.57,26.59,7722.00
2025-11-28 10:25:00-05:00,26.6,26.64,26.6,26.63,13814.00
2025-11-28 10:30:00-05:00,26.63,26.66,26.59,26.6548,22310.00
2025-11-28 10:35:00-05:00,26.665,26.68,26.62,26.63,17144.00
2025-11-28 10:40:00-05:00,26.63,26.64,26.62,26.63,11322.00
2025-11-28 10:45:00-05:00,26.63,26.64,26.62,26.635,5764.00
2025-11-28 10:50:00-05:00,26.62,26.64,26.62,26.62,13533.00
2025-11-28 10:55:00-05:00,26.61,26.61,26.59,26.6,5811.00
2025-11-28 11:00:00-05:00,26.6,26.65,26.6,26.65,12836.00
2025-11-28 11:05:00-05:00,26.65,26.655,26.625,26.63,14364.00
2025-11-28 11:10:00-05:00,26.62,26.64,26.61,26.64,14871.00
2025-11-28 11:15:00-05:00,26.64,26.65,26.61,26.63,26878.00
2025-11-28 11:20:00-05:00,26.63,26.63,26.6,26.61,9783.00
2025-11-28 11:25:00-05:00,26.61,26.61,26.575,26.6,13713.00
2025-11-28 11:30:00-05:00,26.61,26.63,26.61,26.62,5903.00
2025-11-28 11:35:00-05:00,26.62,26.65,26.62,26.64,9935.00
2025-11-28 11:40:00-05:00,26.64,26.645,26.63,26.63,16779.00
2025-11-28 11:45:00-05:00,26.63,26.63,26.62,26.625,6191.00
2025-11-28 11:50:00-05:00,26.63,26.67,26.63,26.655,37202.00
2025-11-28 11:55:00-05:00,26.65,26.65,26.62,26.635,18057.00
2025-11-28 12:00:00-05:00,26.64,26.64,26.63,26.64,7231.00
2025-11-28 12:05:00-05:00,26.6455,26.655,26.645,26.65,7853.00
2025-11-28 12:10:00-05:00,26.64,26.65,26.64,26.645,6958.00
2025-11-28 12:15:00-05:00,26.64,26.6499,26.61,26.61,14296.00
2025-11-28 12:20:00-05:00,26.61,26.64,26.61,26.64,5862.00
2025-11-28 12:25:00-05:00,26.63,26.63,26.61,26.62,11837.00
2025-11-28 12:30:00-05:00,26.61,26.63,26.59,26.59,12932.00
2025-11-28 12:35:00-05:00,26.59,26.61,26.58,26.585,14960.00
2025-11-28 12:40:00-05:00,26.59,26.65,26.59,26.65,20966.00
2025-11-28 12:45:00-05:00,26.65,26.669,26.64,26.66,19155.00
2025-11-28 12:50:00-05:00,26.65,26.655,26.61,26.61,56557.00
2025-11-28 12:55:00-05:00,26.61,26.65,26.605,26.62,97225.00
2025-11-28 13:00:00-05:00,26.61,26.61,26.61,26.61,45209.00
2025-12-01 09:30:00-05:00,26.46,26.75,26.31,26.49,88458.00
2025-12-01 09:35:00-05:00,26.49,26.52,26.4,26.425,22973.00
2025-12-01 09:40:00-05:00,26.425,26.51,26.38,26.44,23463.00
2025-12-01 09:45:00-05:00,26.44,26.49,26.42,26.44,16236.00
2025-12-01 09:50:00-05:00,26.43,26.52,26.43,26.5,18872.00
2025-12-01 09:55:00-05:00,26.52,26.53,26.47,26.5,14857.00
2025-12-01 10:00:00-05:00,26.48,26.49,26.4,26.43,24362.00
2025-12-01 10:05:00-05:00,26.445,26.515,26.43,26.515,18165.00
2025-12-01 10:10:00-05:00,26.5,26.55,26.49,26.5021,11135.00
2025-12-01 10:15:00-05:00,26.5,26.5,26.45,26.48,22333.00
2025-12-01 10:20:00-05:00,26.49,26.505,26.43,26.4675,13977.00
2025-12-01 10:25:00-05:00,26.46,26.46,26.43,26.43,9607.00
2025-12-01 10:30:00-05:00,26.43,26.44,26.32,26.32,16296.00
2025-12-01 10:35:00-05:00,26.325,26.39,26.31,26.39,13469.00
2025-12-01 10:40:00-05:00,26.39,26.4,26.37,26.37,10864.00
2025-12-01 10:45:00-05:00,26.375,26.4,26.375,26.4,8689.00
2025-12-01 10:50:00-05:00,26.39,26.47,26.38,26.47,11597.00
2025-12-01 10:55:00-05:00,26.45,26.45,26.4,26.415,7055.00
2025-12-01 11:00:00-05:00,26.41,26.45,26.41,26.45,12365.00
2025-12-01 11:05:00-05:00,26.43,26.46,26.41,26.45,10745.00
2025-12-01 11:10:00-05:00,26.44,26.46,26.42,26.435,12893.00
2025-12-01 11:15:00-05:00,26.45,26.46,26.43,26.46,9915.00
2025-12-01 11:20:00-05:00,26.47,26.48,26.46,26.47,8132.00
2025-12-01 11:25:00-05:00,26.48,26.5,26.48,26.495,10657.00
2025-12-01 11:30:00-05:00,26.495,26.5,26.46,26.485,9583.00
2025-12-01 11:35:00-05:00,26.49,26.53,26.49,26.53,5454.00
2025-12-01 11:40:00-05:00,26.53,26.55,26.51,26.535,6540.00
2025-12-01 11:45:00-05:00,26.535,26.54,26.51,26.53,10167.00
2025-12-01 11:50:00-05:00,26.53,26.54,26.53,26.535,9752.00
2025-12-01 11:55:00-05:00,26.53,26.53,26.5,26.52,11169.00
2025-12-01 12:00:00-05:00,26.525,26.55,26.525,26.5375,10260.00
2025-12-01 12:05:00-05:00,26.56,26.565,26.55,26.55,6348.00
2025-12-01 12:10:00-05:00,26.55,26.565,26.54,26.565,6201.00
2025-12-01 12:15:00-05:00,26.56,26.56,26.52,26.54,10410.00
2025-12-01 12:20:00-05:00,26.5499,26.5499,26.5,26.51,14695.00
2025-12-01 12:25:00-05:00,26.5,26.535,26.49,26.53,9473.00
2025-12-01 12:30:00-05:00,26.53,26.54,26.52,26.53,6875.00
2025-12-01 12:35:00-05:00,26.53,26.54,26.52,26.54,6830.00
2025-12-01 12:40:00-05:00,26.5455,26.58,26.545,26.58,8558.00
2025-12-01 12:45:00-05:00,26.58,26.61,26.58,26.61,9726.00
2025-12-01 12:50:00-05:00,26.6,26.605,26.58,26.59,7326.00
2025-12-01 12:55:00-05:00,26.58,26.64,26.58,26.64,6680.00
2025-12-01 13:00:00-05:00,26.64,26.66,26.6,26.62,6599.00
2025-12-01 13:05:00-05:00,26.61,26.62,26.6,26.62,5658.00
2025-12-01 13:10:00-05:00,26.62,26.62,26.6,26.62,4658.00
2025-12-01 13:15:00-05:00,26.62,26.63,26.61,26.62,6746.00
2025-12-01 13:20:00-05:00,26.6101,26.62,26.61,26.62,2350.00
2025-12-01 13:25:00-05:00,26.62,26.64,26.62,26.63,4428.00
2025-12-01 13:30:00-05:00,26.63,26.64,26.62,26.63,5257.00
2025-12-01 13:35:00-05:00,26.63,26.65,26.63,26.64,7915.00
2025-12-01 13:40:00-05:00,26.64,26.64,26.63,26.64,6046.00
2025-12-01 13:45:00-05:00,26.65,26.66,26.645,26.655,6623.00
2025-12-01 13:50:00-05:00,26.66,26.665,26.645,26.645,6369.00
2025-12-01 13:55:00-05:00,26.645,26.69,26.645,26.66,10754.00
2025-12-01 14:00:00-05:00,26.67,26.67,26.625,26.65,6205.00
2025-12-01 14:05:00-05:00,26.64,26.64,26.61,26.61,3872.00
2025-12-01 14:10:00-05:00,26.615,26.65,26.615,26.63,7039.00
2025-12-01 14:15:00-05:00,26.64,26.64,26.58,26.58,6767.00
2025-12-01 14:20:00-05:00,26.58,26.6,26.58,26.58,13681.00
2025-12-01 14:25:00-05:00,26.58,26.58,26.55,26.55,3198.00
2025-12-01 14:30:00-05:00,26.57,26.57,26.53,26.541,10533.00
2025-12-01 14:35:00-05:00,26.56,26.56,26.5202,26.5202,5052.00
2025-12-01 14:40:00-05:00,26.52,26.54,26.495,26.53,11601.00
2025-12-01 14:45:00-05:00,26.535,26.535,26.51,26.515,4201.00
2025-12-01 14:50:00-05:00,26.512,26.512,26.48,26.49,6058.00
2025-12-01 14:55:00-05:00,26.495,26.495,26.48,26.48,6954.00
2025-12-01 15:00:00-05:00,26.49,26.5199,26.48,26.51,6280.00
2025-12-01 15:05:00-05:00,26.51,26.525,26.5001,26.52,6868.00
2025-12-01 15:10:00-05:00,26.53,26.55,26.53,26.54,7729.00
2025-12-01 15:15:00-05:00,26.54,26.56,26.54,26.55,6893.00
2025-12-01 15:20:00-05:00,26.55,26.565,26.545,26.565,5811.00
2025-12-01 15:25:00-05:00,26.5645,26.58,26.56,26.565,9232.00
2025-12-01 15:30:00-05:00,26.565,26.58,26.52,26.545,17928.00
2025-12-01 15:35:00-05:00,26.54,26.56,26.54,26.555,17423.00
2025-12-01 15:40:00-05:00,26.555,26.59,26.555,26.58,10530.00
2025-12-01 15:45:00-05:00,26.59,26.6,26.54,26.55,28692.00
2025-12-01 15:50:00-05:00,26.55,26.62,26.54,26.62,44580.00
2025-12-01 15:55:00-05:00,26.61,26.61,26.52,26.53,113072.00
2025-12-02 09:30:00-05:00,26.02,26.07,25.76,25.84,183726.00
2025-12-02 09:35:00-05:00,25.83,25.83,25.76,25.77,13587.00
2025-12-02 09:40:00-05:00,25.77,25.852,25.77,25.852,17823.00
2025-12-02 09:45:00-05:00,25.83,25.97,25.82,25.97,19443.00
2025-12-02 09:50:00-05:00,25.98,25.99,25.94,25.95,18334.00
2025-12-02 09:55:00-05:00,25.94,25.95,25.86,25.86,13239.00
2025-12-02 10:00:00-05:00,25.845,25.87,25.845,25.87,6994.00
2025-12-02 10:05:00-05:00,25.87,25.87,25.84,25.84,9102.00
2025-12-02 10:10:00-05:00,25.83,25.85,25.81,25.835,12579.00
2025-12-02 10:15:00-05:00,25.83,25.92,25.83,25.87,12897.00
2025-12-02 10:20:00-05:00,25.85,25.915,25.85,25.86,36222.00
2025-12-02 10:25:00-05:00,25.87,25.94,25.87,25.91,11969.00
2025-12-02 10:30:00-05:00,25.9,25.99,25.9,25.98,7721.00
2025-12-02 10:35:00-05:00,25.99,26.02,25.975,26.005,29265.00
2025-12-02 10:40:00-05:00,26.03,26.055,26.025,26.045,14548.00
2025-12-02 10:45:00-05:00,26.05,26.07,26.04,26.05,7671.00
2025-12-02 10:50:00-05:00,26.06,26.07,26,26,8301.00
2025-12-02 10:55:00-05:00,25.99,26.02,25.99,26.02,2162.00
2025-12-02 11:00:00-05:00,26.0196,26.03,26,26.02,3023.00
2025-12-02 11:05:00-05:00,26.01,26.03,25.9688,25.9688,4037.00
2025-12-02 11:10:00-05:00,25.95,25.96,25.9,25.9,5597.00
2025-12-02 11:15:00-05:00,25.88,25.9,25.85,25.87,9917.00
2025-12-02 11:20:00-05:00,25.88,25.88,25.76,25.76,18332.00
2025-12-02 11:25:00-05:00,25.78,25.8,25.78,25.78,6063.00
2025-12-02 11:30:00-05:00,25.78,25.79,25.68,25.7,74833.00
2025-12-02 11:35:00-05:00,25.72,25.81,25.72,25.76,9643.00
2025-12-02 11:40:00-05:00,25.76,25.77,25.73,25.75,9407.00
2025-12-02 11:45:00-05:00,25.74,25.75,25.72,25.725,5012.00
2025-12-02 11:50:00-05:00,25.72,25.775,25.72,25.77,5713.00
2025-12-02 11:55:00-05:00,25.77,25.79,25.74,25.74,8119.00
2025-12-02 12:00:00-05:00,25.75,25.77,25.74,25.77,7682.00
2025-12-02 12:05:00-05:00,25.768,25.77,25.74,25.74,6501.00
2025-12-02 12:10:00-05:00,25.74,25.765,25.74,25.76,6520.00
2025-12-02 12:15:00-05:00,25.77,25.8,25.77,25.79,8090.00
2025-12-02 12:20:00-05:00,25.8,25.8095,25.79,25.795,5893.00
2025-12-02 12:25:00-05:00,25.79,25.8045,25.78,25.78,11585.00
2025-12-02 12:30:00-05:00,25.785,25.81,25.775,25.775,8241.00
2025-12-02 12:35:00-05:00,25.78,25.78,25.76,25.76,4876.00
2025-12-02 12:40:00-05:00,25.76,25.8,25.75,25.8,7226.00
2025-12-02 12:45:00-05:00,25.79,25.81,25.78,25.78,5455.00
2025-12-02 12:50:00-05:00,25.785,25.785,25.75,25.75,7818.00
2025-12-02 12:55:00-05:00,25.75,25.75,25.7,25.7,6827.00
2025-12-02 13:00:00-05:00,25.695,25.728,25.695,25.725,6020.00
2025-12-02 13:05:00-05:00,25.73,25.77,25.73,25.76,7140.00
2025-12-02 13:10:00-05:00,25.75,25.75,25.73,25.74,5607.00
2025-12-02 13:15:00-05:00,25.72,25.77,25.72,25.765,3368.00
2025-12-02 13:20:00-05:00,25.76,25.77,25.75,25.76,4442.00
2025-12-02 13:25:00-05:00,25.759,25.759,25.73,25.74,6474.00
2025-12-02 13:30:00-05:00,25.74,25.755,25.74,25.74,2344.00
2025-12-02 13:35:00-05:00,25.74,25.75,25.7,25.72,8310.00
2025-12-02 13:40:00-05:00,25.71,25.75,25.71,25.75,6139.00
2025-12-02 13:45:00-05:00,25.741,25.75,25.72,25.75,3119.00
2025-12-02 13:50:00-05:00,25.75,25.77,25.74,25.77,4794.00
2025-12-02 13:55:00-05:00,25.77,25.77,25.74,25.755,3213.00
2025-12-02 14:00:00-05:00,25.76,25.79,25.76,25.785,3753.00
2025-12-02 14:05:00-05:00,25.79,25.81,25.77,25.8,4049.00
2025-12-02 14:10:00-05:00,25.8,25.8,25.77,25.8,4126.00
2025-12-02 14:15:00-05:00,25.7891,25.7891,25.77,25.77,3665.00
2025-12-02 14:20:00-05:00,25.77,25.775,25.75,25.75,3722.00
2025-12-02 14:25:00-05:00,25.76,25.771,25.76,25.76,4696.00
2025-12-02 14:30:00-05:00,25.76,25.78,25.76,25.78,2592.00
2025-12-02 14:35:00-05:00,25.78,25.79,25.77,25.79,5818.00
2025-12-02 14:40:00-05:00,25.78,25.787,25.77,25.78,4057.00
2025-12-02 14:45:00-05:00,25.77,25.81,25.77,25.81,4482.00
2025-12-02 14:50:00-05:00,25.83,25.845,25.81,25.82,7133.00
2025-12-02 14:55:00-05:00,25.815,25.83,25.81,25.83,8054.00
2025-12-02 15:00:00-05:00,25.84,25.84,25.82,25.82,3325.00
2025-12-02 15:05:00-05:00,25.83,25.84,25.82,25.83,4185.00
2025-12-02 15:10:00-05:00,25.83,25.8697,25.83,25.86,7211.00
2025-12-02 15:15:00-05:00,25.85,25.86,25.85,25.86,3927.00
2025-12-02 15:20:00-05:00,25.85,25.88,25.85,25.87,5813.00
2025-12-02 15:25:00-05:00,25.88,25.89,25.855,25.86,7887.00
2025-12-02 15:30:00-05:00,25.86,25.87,25.85,25.865,5769.00
2025-12-02 15:35:00-05:00,25.865,25.88,25.84,25.86,22864.00
2025-12-02 15:40:00-05:00,25.86,25.88,25.86,25.875,12022.00
2025-12-02 15:45:00-05:00,25.88,25.89,25.87,25.88,20459.00
2025-12-02 15:50:00-05:00,25.89,25.905,25.85,25.85,46196.00
2025-12-02 15:55:00-05:00,25.85,25.88,25.79,25.79,109634.00
2025-12-03 09:30:00-05:00,25.265,25.43,25.15,25.41,97568.00
2025-12-03 09:35:00-05:00,25.4,25.51,25.4,25.49,31058.00
2025-12-03 09:40:00-05:00,25.49,25.59,25.49,25.55,15796.00
2025-12-03 09:45:00-05:00,25.5446,25.61,25.5446,25.55,25642.00
2025-12-03 09:50:00-05:00,25.541,25.55,25.465,25.47,21795.00
2025-12-03 09:55:00-05:00,25.46,25.46,25.41,25.42,26544.00
2025-12-03 10:00:00-05:00,25.42,25.475,25.405,25.46,26745.00
2025-12-03 10:05:00-05:00,25.46,25.46,25.4297,25.44,13928.00
2025-12-03 10:10:00-05:00,25.44,25.46,25.435,25.44,18089.00
2025-12-03 10:15:00-05:00,25.44,25.455,25.4095,25.45,8560.00
2025-12-03 10:20:00-05:00,25.445,25.445,25.371,25.395,17351.00
2025-12-03 10:25:00-05:00,25.39,25.39,25.34,25.35,15004.00
2025-12-03 10:30:00-05:00,25.34,25.37,25.305,25.3691,21133.00
2025-12-03 10:35:00-05:00,25.36,25.4,25.3525,25.39,44449.00
2025-12-03 10:40:00-05:00,25.385,25.385,25.33,25.37,18594.00
2025-12-03 10:45:00-05:00,25.37,25.37,25.3442,25.36,5521.00
2025-12-03 10:50:00-05:00,25.345,25.37,25.31,25.31,8714.00
2025-12-03 10:55:00-05:00,25.305,25.3167,25.28,25.3,8610.00
2025-12-03 11:00:00-05:00,25.3,25.32,25.295,25.32,6561.00
2025-12-03 11:05:00-05:00,25.325,25.36,25.28,25.28,22330.00
2025-12-03 11:10:00-05:00,25.28,25.28,25.23,25.26,20211.00
2025-12-03 11:15:00-05:00,25.27,25.31,25.27,25.31,14494.00
2025-12-03 11:20:00-05:00,25.305,25.305,25.265,25.27,13017.00
2025-12-03 11:25:00-05:00,25.27,25.29,25.27,25.29,7428.00
2025-12-03 11:30:00-05:00,25.29,25.34,25.275,25.33,15734.00
2025-12-03 11:35:00-05:00,25.32,25.3365,25.32,25.3365,2789.00
2025-12-03 11:40:00-05:00,25.31,25.33,25.31,25.325,1738.00
2025-12-03 11:45:00-05:00,25.325,25.325,25.2939,25.295,8423.00
2025-12-03 11:50:00-05:00,25.295,25.295,25.26,25.26,2516.00
2025-12-03 11:55:00-05:00,25.25,25.25,25.205,25.22,14386.00
2025-12-03 12:00:00-05:00,25.225,25.25,25.225,25.245,3782.00
2025-12-03 12:05:00-05:00,25.2493,25.2493,25.2,25.205,11306.00
2025-12-03 12:10:00-05:00,25.205,25.205,25.15,25.1653,52684.00
2025-12-03 12:15:00-05:00,25.165,25.177,25.145,25.15,12224.00
2025-12-03 12:20:00-05:00,25.15,25.1701,25.142,25.1701,10642.00
2025-12-03 12:25:00-05:00,25.1648,25.165,25.11,25.12,29568.00
2025-12-03 12:30:00-05:00,25.12,25.12,25.105,25.11,8084.00
2025-12-03 12:35:00-05:00,25.1,25.115,25.085,25.11,15011.00
2025-12-03 12:40:00-05:00,25.1,25.13,25.1,25.11,10323.00
2025-12-03 12:45:00-05:00,25.11,25.12,25.11,25.12,2847.00
2025-12-03 12:50:00-05:00,25.12,25.1279,25.115,25.125,3030.00
2025-12-03 12:55:00-05:00,25.12,25.14,25.12,25.125,3605.00
2025-12-03 13:00:00-05:00,25.13,25.13,25.12,25.125,3916.00
2025-12-03 13:05:00-05:00,25.1271,25.135,25.125,25.13,3904.00
2025-12-03 13:10:00-05:00,25.14,25.16,25.14,25.16,3559.00
2025-12-03 13:15:00-05:00,25.1638,25.1638,25.14,25.14,4788.00
2025-12-03 13:20:00-05:00,25.13,25.14,25.115,25.115,5651.00
2025-12-03 13:25:00-05:00,25.12,25.14,25.12,25.14,3427.00
2025-12-03 13:30:00-05:00,25.145,25.16,25.13,25.155,5490.00
2025-12-03 13:35:00-05:00,25.15,25.15,25.11,25.13,14751.00
2025-12-03 13:40:00-05:00,25.14,25.16,25.13,25.16,4225.00
2025-12-03 13:45:00-05:00,25.16,25.17,25.1434,25.16,8201.00
2025-12-03 13:50:00-05:00,25.16,25.17,25.135,25.1572,9018.00
2025-12-03 13:55:00-05:00,25.16,25.17,25.145,25.15,7324.00
2025-12-03 14:00:00-05:00,25.14,25.17,25.14,25.165,3092.00
2025-12-03 14:05:00-05:00,25.165,25.17,25.15,25.165,8107.00
2025-12-03 14:10:00-05:00,25.16,25.16,25.14,25.155,2099.00
2025-12-03 14:15:00-05:00,25.1557,25.1599,25.15,25.1599,1381.00
2025-12-03 14:20:00-05:00,25.16,25.17,25.15,25.15,5613.00
2025-12-03 14:25:00-05:00,25.149,25.15,25.115,25.115,13812.00
2025-12-03 14:30:00-05:00,25.112,25.115,25.1,25.11,7939.00
2025-12-03 14:35:00-05:00,25.105,25.105,25.08,25.09,9755.00
2025-12-03 14:40:00-05:00,25.095,25.095,25.095,25.095,1524.00
2025-12-03 14:45:00-05:00,25.095,25.13,25.095,25.125,6151.00
2025-12-03 14:50:00-05:00,25.13,25.13,25.12,25.125,4232.00
2025-12-03 14:55:00-05:00,25.125,25.14,25.1,25.125,24266.00
2025-12-03 15:00:00-05:00,25.13,25.155,25.13,25.135,8489.00
2025-12-03 15:05:00-05:00,25.14,25.15,25.135,25.15,4935.00
2025-12-03 15:10:00-05:00,25.145,25.165,25.1436,25.155,6231.00
2025-12-03 15:15:00-05:00,25.155,25.155,25.13,25.13,3177.00
2025-12-03 15:20:00-05:00,25.135,25.155,25.1224,25.15,13737.00
2025-12-03 15:25:00-05:00,25.145,25.17,25.14,25.165,4726.00
2025-12-03 15:30:00-05:00,25.165,25.19,25.165,25.175,16460.00
2025-12-03 15:35:00-05:00,25.18,25.24,25.175,25.235,40401.00
2025-12-03 15:40:00-05:00,25.23,25.24,25.21,25.24,15146.00
2025-12-03 15:45:00-05:00,25.24,25.24,25.21,25.21,39487.00
2025-12-03 15:50:00-05:00,25.22,25.23,25.14,25.195,38477.00
2025-12-03 15:55:00-05:00,25.195,25.25,25.17,25.22,112833.00
2025-12-04 09:30:00-05:00,25.99,26.14,25.8,25.83,80865.00
2025-12-04 09:35:00-05:00,25.83,25.95,25.81,25.91,48642.00
2025-12-04 09:40:00-05:00,25.91,25.95,25.87,25.92,21751.00
2025-12-04 09:45:00-05:00,25.93,26.02,25.86,25.86,36330.00
2025-12-04 09:50:00-05:00,25.85,25.86,25.79,25.86,23581.00
2025-12-04 09:55:00-05:00,25.88,25.91,25.87,25.8999,21086.00
2025-12-04 10:00:00-05:00,25.9225,25.9301,25.87,25.91,10777.00
2025-12-04 10:05:00-05:00,25.92,25.93,25.88,25.9,10839.00
2025-12-04 10:10:00-05:00,25.9,25.92,25.87,25.9,6536.00
2025-12-04 10:15:00-05:00,25.9,25.93,25.87,25.88,9525.00
2025-12-04 10:20:00-05:00,25.88,25.92,25.85,25.86,14073.00
2025-12-04 10:25:00-05:00,25.87,25.875,25.785,25.87,28868.00
2025-12-04 10:30:00-05:00,25.88,25.88,25.85,25.86,6690.00
2025-12-04 10:35:00-05:00,25.855,25.89,25.85,25.89,9236.00
2025-12-04 10:40:00-05:00,25.88,25.93,25.88,25.93,5997.00
2025-12-04 10:45:00-05:00,25.92,25.92,25.84,25.84,9493.00
2025-12-04 10:50:00-05:00,25.8544,25.88,25.85,25.8702,4827.00
2025-12-04 10:55:00-05:00,25.88,25.9,25.88,25.89,5131.00
2025-12-04 11:00:00-05:00,25.88,25.88,25.81,25.82,5527.00
2025-12-04 11:05:00-05:00,25.815,25.855,25.81,25.85,6595.00
2025-12-04 11:10:00-05:00,25.87,25.87,25.83,25.845,6195.00
2025-12-04 11:15:00-05:00,25.845,25.85,25.81,25.85,7609.00
2025-12-04 11:20:00-05:00,25.85,25.85,25.845,25.845,2379.00
2025-12-04 11:25:00-05:00,25.845,25.845,25.82,25.83,6292.00
2025-12-04 11:30:00-05:00,25.84,25.85,25.82,25.82,5620.00
2025-12-04 11:35:00-05:00,25.82,25.82,25.77,25.775,6891.00
2025-12-04 11:40:00-05:00,25.78,25.805,25.76,25.78,8297.00
2025-12-04 11:45:00-05:00,25.79,25.82,25.78,25.81,5058.00
2025-12-04 11:50:00-05:00,25.81,25.81,25.78,25.79,8195.00
2025-12-04 11:55:00-05:00,25.79,25.81,25.78,25.8,3786.00
2025-12-04 12:00:00-05:00,25.79,25.8,25.79,25.795,3292.00
2025-12-04 12:05:00-05:00,25.79,25.835,25.76,25.76,17772.00
2025-12-04 12:10:00-05:00,25.78,25.78,25.765,25.765,3390.00
2025-12-04 12:15:00-05:00,25.75,25.75,25.74,25.74,2610.00
2025-12-04 12:20:00-05:00,25.75,25.75,25.72,25.73,13201.00
2025-12-04 12:25:00-05:00,25.74,25.75,25.715,25.72,9733.00
2025-12-04 12:30:00-05:00,25.71,25.72,25.69,25.7,7714.00
2025-12-04 12:35:00-05:00,25.705,25.7173,25.705,25.7173,3140.00
2025-12-04 12:40:00-05:00,25.7,25.7,25.69,25.7,5182.00
2025-12-04 12:45:00-05:00,25.6999,25.71,25.695,25.705,3160.00
2025-12-04 12:50:00-05:00,25.71,25.7199,25.7,25.705,7389.00
2025-12-04 12:55:00-05:00,25.7,25.72,25.7,25.72,3890.00
2025-12-04 13:00:00-05:00,25.72,25.72,25.7,25.705,7026.00
2025-12-04 13:05:00-05:00,25.7,25.7,25.66,25.69,6439.00
2025-12-04 13:10:00-05:00,25.705,25.71,25.7,25.71,3318.00
2025-12-04 13:15:00-05:00,25.72,25.75,25.72,25.73,6062.00
2025-12-04 13:20:00-05:00,25.72,25.74,25.72,25.72,3145.00
2025-12-04 13:25:00-05:00,25.73,25.74,25.73,25.74,2793.00
2025-12-04 13:30:00-05:00,25.75,25.76,25.75,25.755,3497.00
2025-12-04 13:35:00-05:00,25.75,25.76,25.75,25.76,3021.00
2025-12-04 13:40:00-05:00,25.76,25.76,25.745,25.75,3500.00
2025-12-04 13:45:00-05:00,25.7414,25.745,25.735,25.735,3547.00
2025-12-04 13:50:00-05:00,25.735,25.76,25.735,25.76,4395.00
2025-12-04 13:55:00-05:00,25.76,25.76,25.755,25.755,3526.00
2025-12-04 14:00:00-05:00,25.755,25.7593,25.755,25.7593,1610.00
2025-12-04 14:05:00-05:00,25.755,25.76,25.755,25.76,1609.00
2025-12-04 14:10:00-05:00,25.765,25.77,25.765,25.77,1817.00
2025-12-04 14:15:00-05:00,25.76,25.78,25.755,25.755,11615.00
2025-12-04 14:20:00-05:00,25.75,25.75,25.72,25.72,4043.00
2025-12-04 14:25:00-05:00,25.73,25.75,25.73,25.75,3633.00
2025-12-04 14:30:00-05:00,25.755,25.8,25.755,25.8,3220.00
2025-12-04 14:35:00-05:00,25.81,25.835,25.805,25.835,7327.00
2025-12-04 14:40:00-05:00,25.83,25.83,25.81,25.83,6133.00
2025-12-04 14:45:00-05:00,25.82,25.83,25.82,25.83,2700.00
2025-12-04 14:50:00-05:00,25.835,25.84,25.825,25.83,5151.00
2025-12-04 14:55:00-05:00,25.83,25.83,25.81,25.82,11029.00
2025-12-04 15:00:00-05:00,25.82,25.82,25.78,25.81,12165.00
2025-12-04 15:05:00-05:00,25.805,25.815,25.805,25.805,6482.00
2025-12-04 15:10:00-05:00,25.8025,25.81,25.8025,25.81,8188.00
2025-12-04 15:15:00-05:00,25.81,25.815,25.805,25.805,13626.00
2025-12-04 15:20:00-05:00,25.805,25.805,25.78,25.785,7892.00
2025-12-04 15:25:00-05:00,25.78,25.78,25.76,25.77,11079.00
2025-12-04 15:30:00-05:00,25.775,25.775,25.765,25.765,2483.00
2025-12-04 15:35:00-05:00,25.765,25.77,25.745,25.75,35871.00
2025-12-04 15:40:00-05:00,25.77,25.775,25.75,25.765,9565.00
2025-12-04 15:45:00-05:00,25.765,25.799,25.76,25.78,11753.00
2025-12-04 15:50:00-05:00,25.79,25.8,25.72,25.745,29397.00
2025-12-04 15:55:00-05:00,25.75,25.75,25.685,25.705,97971.00
2025-12-05 09:30:00-05:00,25.96,26,25.77,25.77,124611.00
2025-12-05 09:35:00-05:00,25.7865,25.81,25.71,25.74,48595.00
2025-12-05 09:40:00-05:00,25.75,25.82,25.74,25.78,24977.00
2025-12-05 09:45:00-05:00,25.79,25.97,25.78,25.97,27524.00
2025-12-05 09:50:00-05:00,25.96,25.965,25.9,25.94,10226.00
2025-12-05 09:55:00-05:00,25.945,25.99,25.945,25.98,17995.00
2025-12-05 10:00:00-05:00,25.98,26,25.96,25.97,14055.00
2025-12-05 10:05:00-05:00,25.98,26,25.98,25.99,9506.00
2025-12-05 10:10:00-05:00,26,26.03,25.98,26.02,35872.00
2025-12-05 10:15:00-05:00,26.01,26.07,25.99,25.99,35674.00
2025-12-05 10:20:00-05:00,26,26,25.96,25.975,7532.00
2025-12-05 10:25:00-05:00,25.98,25.98,25.95,25.96,7864.00
2025-12-05 10:30:00-05:00,25.97,25.98,25.94,25.94,3554.00
2025-12-05 10:35:00-05:00,25.94,25.96,25.94,25.94,6154.00
2025-12-05 10:40:00-05:00,25.93,25.96,25.91,25.96,8306.00
2025-12-05 10:45:00-05:00,25.96,25.98,25.96,25.96,14513.00
2025-12-05 10:50:00-05:00,25.96,25.96,25.9,25.9,14860.00
2025-12-05 10:55:00-05:00,25.9,25.9,25.86,25.8899,5625.00
2025-12-05 11:00:00-05:00,25.91,25.93,25.89,25.89,11138.00
2025-12-05 11:05:00-05:00,25.88,25.92,25.87,25.88,4741.00
2025-12-05 11:10:00-05:00,25.88,25.89,25.836,25.836,9185.00
2025-12-05 11:15:00-05:00,25.83,25.85,25.8,25.83,3977.00
2025-12-05 11:20:00-05:00,25.82,25.85,25.81,25.84,4921.00
2025-12-05 11:25:00-05:00,25.84,25.84,25.77,25.77,8160.00
2025-12-05 11:30:00-05:00,25.75,25.86,25.73,25.86,23789.00
2025-12-05 11:35:00-05:00,25.85,25.87,25.84,25.85,7496.00
2025-12-05 11:40:00-05:00,25.83,25.83,25.8,25.8,18332.00
2025-12-05 11:45:00-05:00,25.81,25.84,25.81,25.84,6726.00
2025-12-05 11:50:00-05:00,25.84,25.86,25.84,25.86,3685.00
2025-12-05 11:55:00-05:00,25.855,25.89,25.8509,25.87,4398.00
2025-12-05 12:00:00-05:00,25.87,25.87,25.85,25.86,3359.00
2025-12-05 12:05:00-05:00,25.865,25.88,25.84,25.85,2215.00
2025-12-05 12:10:00-05:00,25.84,25.84,25.8,25.811,9359.00
2025-12-05 12:15:00-05:00,25.81,25.84,25.81,25.8395,7729.00
2025-12-05 12:20:00-05:00,25.84,25.845,25.83,25.83,3063.00
2025-12-05 12:25:00-05:00,25.84,25.845,25.832,25.832,3876.00
2025-12-05 12:30:00-05:00,25.84,25.85,25.84,25.84,3529.00
2025-12-05 12:35:00-05:00,25.84,25.84,25.82,25.825,4201.00
2025-12-05 12:40:00-05:00,25.82,25.84,25.81,25.835,5185.00
2025-12-05 12:45:00-05:00,25.835,25.86,25.835,25.85,6306.00
2025-12-05 12:50:00-05:00,25.85,25.87,25.845,25.87,3594.00
2025-12-05 12:55:00-05:00,25.88,25.885,25.87,25.88,8732.00
2025-12-05 13:00:00-05:00,25.875,25.88,25.855,25.855,4268.00
2025-12-05 13:05:00-05:00,25.86,25.87,25.845,25.86,12960.00
2025-12-05 13:10:00-05:00,25.87,25.88,25.86,25.86,3978.00
2025-12-05 13:15:00-05:00,25.865,25.865,25.865,25.865,1085.00
2025-12-05 13:20:00-05:00,25.865,25.87,25.85,25.87,3937.00
2025-12-05 13:25:00-05:00,25.87,25.87,25.87,25.87,1450.00
2025-12-05 13:30:00-05:00,25.875,25.9,25.875,25.89,5312.00
2025-12-05 13:35:00-05:00,25.88,25.88,25.86,25.87,4057.00
2025-12-05 13:40:00-05:00,25.875,25.875,25.8457,25.86,5364.00
2025-12-05 13:45:00-05:00,25.865,25.88,25.865,25.875,3919.00
2025-12-05 13:50:00-05:00,25.88,25.88,25.855,25.875,4485.00
2025-12-05 13:55:00-05:00,25.875,25.8795,25.8645,25.865,3491.00
2025-12-05 14:00:00-05:00,25.86,25.86,25.84,25.84,2351.00
2025-12-05 14:05:00-05:00,25.8422,25.8422,25.83,25.84,10684.00
2025-12-05 14:10:00-05:00,25.845,25.86,25.845,25.85,5982.00
2025-12-05 14:15:00-05:00,25.86,25.88,25.86,25.88,3270.00
2025-12-05 14:20:00-05:00,25.87,25.88,25.87,25.88,3672.00
2025-12-05 14:25:00-05:00,25.88,25.88,25.86,25.86,1948.00
2025-12-05 14:30:00-05:00,25.86,25.885,25.86,25.875,6053.00
2025-12-05 14:35:00-05:00,25.88,25.88,25.8707,25.8707,2950.00
2025-12-05 14:40:00-05:00,25.88,25.9,25.875,25.89,9973.00
2025-12-05 14:45:00-05:00,25.89,25.895,25.885,25.8907,5370.00
2025-12-05 14:50:00-05:00,25.9,25.9,25.895,25.895,2942.00
2025-12-05 14:55:00-05:00,25.895,25.9,25.88,25.89,8571.00
2025-12-05 15:00:00-05:00,25.88,25.88,25.87,25.875,7140.00
2025-12-05 15:05:00-05:00,25.8701,25.89,25.8701,25.89,6900.00
2025-12-05 15:10:00-05:00,25.885,25.89,25.88,25.883,4222.00
2025-12-05 15:15:00-05:00,25.885,25.9,25.875,25.89,25349.00
2025-12-05 15:20:00-05:00,25.885,25.89,25.845,25.851,18767.00
2025-12-05 15:25:00-05:00,25.855,25.855,25.84,25.845,15385.00
2025-12-05 15:30:00-05:00,25.84,25.84,25.82,25.82,7289.00
2025-12-05 15:35:00-05:00,25.83,25.83,25.81,25.81,9739.00
2025-12-05 15:40:00-05:00,25.81,25.82,25.795,25.82,7652.00
2025-12-05 15:45:00-05:00,25.81,25.83,25.8,25.81,12176.00
2025-12-05 15:50:00-05:00,25.82,25.84,25.79,25.7997,53601.00
2025-12-05 15:55:00-05:00,25.79,25.82,25.77,25.81,101795.00
2025-12-08 09:30:00-05:00,26.04,26.16,25.9,25.94,37009.00
2025-12-08 09:35:00-05:00,25.96,25.96,25.875,25.93,33417.00
2025-12-08 09:40:00-05:00,25.915,25.98,25.9,25.935,12928.00
2025-12-08 09:45:00-05:00,25.935,25.955,25.85,25.85,16027.00
2025-12-08 09:50:00-05:00,25.85,26.005,25.84,26,27746.00
2025-12-08 09:55:00-05:00,25.98,26.0274,25.9614,26.0274,17737.00
2025-12-08 10:00:00-05:00,26.025,26.04,25.975,25.9756,40083.00
2025-12-08 10:05:00-05:00,25.97,25.97,25.94,25.94,9339.00
2025-12-08 10:10:00-05:00,25.935,25.96,25.915,25.92,8139.00
2025-12-08 10:15:00-05:00,25.91,25.97,25.91,25.95,9145.00
2025-12-08 10:20:00-05:00,25.95,25.9542,25.93,25.9542,11606.00
2025-12-08 10:25:00-05:00,25.955,25.955,25.945,25.95,6238.00
2025-12-08 10:30:00-05:00,25.9402,26.015,25.9402,26.01,19729.00
2025-12-08 10:35:00-05:00,26.015,26.015,25.975,25.995,13894.00
2025-12-08 10:40:00-05:00,25.99,26,25.95,25.97,11428.00
2025-12-08 10:45:00-05:00,25.97,25.98,25.95,25.97,8966.00
2025-12-08 10:50:00-05:00,25.96,26,25.95,25.975,14830.00
2025-12-08 10:55:00-05:00,25.97,25.98,25.94,25.95,13732.00
2025-12-08 11:00:00-05:00,25.95,25.9657,25.94,25.96,16820.00
2025-12-08 11:05:00-05:00,25.97,26.01,25.97,25.99,10825.00
2025-12-08 11:10:00-05:00,25.995,26.02,25.985,25.985,10749.00
2025-12-08 11:15:00-05:00,25.98,26.02,25.98,26.02,7174.00
2025-12-08 11:20:00-05:00,26.02,26.035,26.02,26.03,9389.00
2025-12-08 11:25:00-05:00,26.02,26.025,26,26,8483.00
2025-12-08 11:30:00-05:00,25.99,26,25.98,25.99,6004.00
2025-12-08 11:35:00-05:00,25.995,26.01,25.9795,25.98,7545.00
2025-12-08 11:40:00-05:00,25.98,25.98,25.955,25.9787,8117.00
2025-12-08 11:45:00-05:00,25.98,25.99,25.97,25.975,7642.00
2025-12-08 11:50:00-05:00,25.975,25.975,25.95,25.97,6305.00
2025-12-08 11:55:00-05:00,25.98,26,25.97,25.9903,4088.00
2025-12-08 12:00:00-05:00,25.995,26,25.985,25.991,8247.00
2025-12-08 12:05:00-05:00,26,26.015,26,26.015,5996.00
2025-12-08 12:10:00-05:00,26.015,26.0165,26.01,26.015,3978.00
2025-12-08 12:15:00-05:00,26.02,26.03,26.013,26.03,5105.00
2025-12-08 12:20:00-05:00,26.025,26.025,26.01,26.0144,6856.00
2025-12-08 12:25:00-05:00,26.0102,26.0102,26,26.01,4291.00
2025-12-08 12:30:00-05:00,26.02,26.045,26.02,26.02,6466.00
2025-12-08 12:35:00-05:00,26.03,26.03,26,26,4942.00
2025-12-08 12:40:00-05:00,26.01,26.02,25.98,25.98,10022.00
2025-12-08 12:45:00-05:00,25.97,25.9955,25.96,25.9955,7959.00
2025-12-08 12:50:00-05:00,26,26.005,25.98,25.99,7761.00
2025-12-08 12:55:00-05:00,25.995,26.1,25.99,26.1,19060.00
2025-12-08 13:00:00-05:00,26.11,26.125,26,26,15728.00
2025-12-08 13:05:00-05:00,26,26.01,26,26,2115.00
2025-12-08 13:10:00-05:00,26,26.025,26,26.025,5845.00
2025-12-08 13:15:00-05:00,26.025,26.025,26.02,26.02,2323.00
2025-12-08 13:20:00-05:00,26.02,26.035,26.02,26.02,6006.00
2025-12-08 13:25:00-05:00,26,26,25.955,25.955,4947.00
2025-12-08 13:30:00-05:00,25.95,25.975,25.94,25.97,8742.00
2025-12-08 13:35:00-05:00,25.967,25.995,25.967,25.995,3747.00
2025-12-08 13:40:00-05:00,25.995,26,25.98,25.99,11405.00
2025-12-08 13:45:00-05:00,25.995,26,25.98,25.98,9807.00
2025-12-08 13:50:00-05:00,25.98,25.995,25.98,25.995,4454.00
2025-12-08 13:55:00-05:00,25.985,25.985,25.95,25.955,6408.00
2025-12-08 14:00:00-05:00,25.955,25.9565,25.92,25.94,15952.00
2025-12-08 14:05:00-05:00,25.945,25.96,25.945,25.955,4035.00
2025-12-08 14:10:00-05:00,25.955,25.955,25.945,25.95,3067.00
2025-12-08 14:15:00-05:00,25.96,25.99,25.96,25.98,8320.00
2025-12-08 14:20:00-05:00,25.98,26,25.98,25.99,4066.00
2025-12-08 14:25:00-05:00,25.995,26.005,25.995,26.005,3485.00
2025-12-08 14:30:00-05:00,26,26,26,26,1235.00
2025-12-08 14:35:00-05:00,26.01,26.025,26.01,26.02,7561.00
2025-12-08 14:40:00-05:00,26.0258,26.03,26.02,26.02,4107.00
2025-12-08 14:45:00-05:00,26.01,26.01,26,26,1114.00
2025-12-08 14:50:00-05:00,26.01,26.01,26,26,4880.00
2025-12-08 14:55:00-05:00,25.99,25.99,25.975,25.975,4960.00
2025-12-08 15:00:00-05:00,25.98,25.985,25.97,25.985,5187.00
2025-12-08 15:05:00-05:00,25.99,25.995,25.99,25.99,4595.00
2025-12-08 15:10:00-05:00,25.99,26.0199,25.99,26.01,8069.00
2025-12-08 15:15:00-05:00,26,26.01,25.97,25.99,10137.00
2025-12-08 15:20:00-05:00,26,26,25.94,25.94,13731.00
2025-12-08 15:25:00-05:00,25.94,25.945,25.93,25.945,9374.00
2025-12-08 15:30:00-05:00,25.945,25.95,25.935,25.94,28903.00
2025-12-08 15:35:00-05:00,25.945,25.965,25.945,25.965,10106.00
2025-12-08 15:40:00-05:00,25.965,25.965,25.955,25.965,10228.00
2025-12-08 15:45:00-05:00,25.965,25.97,25.96,25.965,24149.00
2025-12-08 15:50:00-05:00,25.97,26.01,25.967,26,66865.00
2025-12-08 15:55:00-05:00,26.005,26.015,25.98,26,142914.00
2025-12-09 09:30:00-05:00,25.06,25.06,24.8284,24.8284,89868.00
2025-12-09 09:35:00-05:00,24.825,25.01,24.81,24.98,31959.00
2025-12-09 09:40:00-05:00,24.975,25.0383,24.9199,24.93,47839.00
2025-12-09 09:45:00-05:00,24.91,24.99,24.91,24.97,12242.00
2025-12-09 09:50:00-05:00,24.97,25.03,24.95,24.97,14858.00
2025-12-09 09:55:00-05:00,24.973,25,24.95,24.985,12386.00
2025-12-09 10:00:00-05:00,24.98,25,24.97,25,8862.00
2025-12-09 10:05:00-05:00,24.99,25.08,24.985,25.02,20906.00
2025-12-09 10:10:00-05:00,25,25.02,24.95,24.95,18040.00
2025-12-09 10:15:00-05:00,24.955,24.97,24.94,24.96,10247.00
2025-12-09 10:20:00-05:00,24.96,25,24.92,25,20345.00
2025-12-09 10:25:00-05:00,25.002,25.04,25.002,25.04,9467.00
2025-12-09 10:30:00-05:00,25.038,25.05,25.02,25.03,6794.00
2025-12-09 10:35:00-05:00,25.03,25.08,25.02,25.055,7229.00
2025-12-09 10:40:00-05:00,25.05,25.065,25,25.05,18562.00
2025-12-09 10:45:00-05:00,25.07,25.07,25.02,25.03,9183.00
2025-12-09 10:50:00-05:00,25.035,25.05,24.99,24.99,15376.00
2025-12-09 10:55:00-05:00,24.99,25.02,24.985,24.99,6354.00
2025-12-09 11:00:00-05:00,25.005,25.03,24.97,25.02,9470.00
2025-12-09 11:05:00-05:00,25.03,25.06,25.03,25.04,10892.00
2025-12-09 11:10:00-05:00,25.045,25.09,25.01,25.03,56468.00
2025-12-09 11:15:00-05:00,25.02,25.035,25.01,25.035,8551.00
2025-12-09 11:20:00-05:00,25.04,25.06,25.02,25.04,5221.00
2025-12-09 11:25:00-05:00,25.05,25.08,25.05,25.06,9350.00
2025-12-09 11:30:00-05:00,25.055,25.08,25.055,25.08,4148.00
2025-12-09 11:35:00-05:00,25.08,25.08,25.045,25.045,3321.00
2025-12-09 11:40:00-05:00,25.03,25.03,25.02,25.02,4098.00
2025-12-09 11:45:00-05:00,25.03,25.065,25.03,25.065,4985.00
2025-12-09 11:50:00-05:00,25.07,25.09,25.055,25.0601,6534.00
2025-12-09 11:55:00-05:00,25.06,25.08,25.06,25.07,7389.00
2025-12-09 12:00:00-05:00,25.07,25.07,25.05,25.06,4155.00
2025-12-09 12:05:00-05:00,25.065,25.07,25.06,25.07,2471.00
2025-12-09 12:10:00-05:00,25.07,25.07,25.05,25.055,2596.00
2025-12-09 12:15:00-05:00,25.05,25.05,25.035,25.035,2149.00
2025-12-09 12:20:00-05:00,25.03,25.05,25.02,25.05,9217.00
2025-12-09 12:25:00-05:00,25.0378,25.04,25.02,25.02,6306.00
2025-12-09 12:30:00-05:00,25.025,25.0398,25.01,25.02,10042.00
2025-12-09 12:35:00-05:00,25.018,25.018,25.01,25.01,2803.00
2025-12-09 12:40:00-05:00,25.0152,25.0152,24.97,24.99,6453.00
2025-12-09 12:45:00-05:00,24.99,24.9945,24.9839,24.99,3904.00
2025-12-09 12:50:00-05:00,24.99,24.9993,24.9845,24.99,2600.00
2025-12-09 12:55:00-05:00,25,25.0299,25,25.015,4028.00
2025-12-09 13:00:00-05:00,25.03,25.03,25.025,25.025,3812.00
2025-12-09 13:05:00-05:00,25.025,25.025,25.025,25.025,932.00
2025-12-09 13:10:00-05:00,25.02,25.03,25.0016,25.025,4184.00
2025-12-09 13:15:00-05:00,25.02,25.02,25,25.0086,4920.00
2025-12-09 13:20:00-05:00,25.01,25.03,25.01,25.02,6872.00
2025-12-09 13:25:00-05:00,25.0202,25.055,25.0202,25.04,7850.00
2025-12-09 13:30:00-05:00,25.04,25.05,25.04,25.04,1841.00
2025-12-09 13:35:00-05:00,25.03,25.03,25.005,25.005,5018.00
2025-12-09 13:40:00-05:00,25.01,25.06,24.99,25.05,51200.00
2025-12-09 13:45:00-05:00,25.04,25.04,24.99,25.02,6969.00
2025-12-09 13:50:00-05:00,25.01,25.02,25,25.01,2759.00
2025-12-09 13:55:00-05:00,25.02,25.04,25.01,25.01,5916.00
2025-12-09 14:00:00-05:00,25.02,25.02,25,25,6870.00
2025-12-09 14:05:00-05:00,25.01,25.015,24.98,24.98,4971.00
2025-12-09 14:10:00-05:00,24.99,24.99,24.985,24.99,3701.00
2025-12-09 14:15:00-05:00,24.992,25.01,24.992,25,5617.00
2025-12-09 14:20:00-05:00,24.9993,25.0193,24.995,25.01,5624.00
2025-12-09 14:25:00-05:00,25.01,25.02,25.01,25.02,1456.00
2025-12-09 14:30:00-05:00,25.015,25.02,25.01,25.01,4603.00
2025-12-09 14:35:00-05:00,25.01,25.03,25.01,25.03,3471.00
2025-12-09 14:40:00-05:00,25.02,25.02,25.02,25.02,2118.00
2025-12-09 14:45:00-05:00,25.0226,25.04,25.01,25.04,6297.00
2025-12-09 14:50:00-05:00,25.05,25.075,25.05,25.07,3168.00
2025-12-09 14:55:00-05:00,25.08,25.1,25.08,25.095,48545.00
2025-12-09 15:00:00-05:00,25.1,25.13,25.08,25.12,27277.00
2025-12-09 15:05:00-05:00,25.115,25.13,25.11,25.13,9606.00
2025-12-09 15:10:00-05:00,25.12,25.16,25.12,25.16,12632.00
2025-12-09 15:15:00-05:00,25.16,25.255,25.16,25.225,65986.00
2025-12-09 15:20:00-05:00,25.225,25.27,25.2,25.27,18356.00
2025-12-09 15:25:00-05:00,25.27,25.27,25.25,25.26,8403.00
2025-12-09 15:30:00-05:00,25.265,25.285,25.26,25.27,20814.00
2025-12-09 15:35:00-05:00,25.265,25.275,25.25,25.27,11916.00
2025-12-09 15:40:00-05:00,25.275,25.315,25.26,25.305,18604.00
2025-12-09 15:45:00-05:00,25.31,25.38,25.31,25.365,19171.00
2025-12-09 15:50:00-05:00,25.38,25.395,25.325,25.33,44189.00
2025-12-09 15:55:00-05:00,25.34,25.4,25.34,25.365,81883.00
2025-12-10 09:30:00-05:00,25.03,25.29,24.94,25.18,53490.00
2025-12-10 09:35:00-05:00,25.21,25.25,25.18,25.22,19740.00
2025-12-10 09:40:00-05:00,25.24,25.28,25.24,25.25,12565.00
2025-12-10 09:45:00-05:00,25.22,25.33,25.22,25.285,14685.00
2025-12-10 09:50:00-05:00,25.31,25.32,25.27,25.2826,16112.00
2025-12-10 09:55:00-05:00,25.26,25.26,25.18,25.245,16539.00
2025-12-10 10:00:00-05:00,25.24,25.25,25.16,25.16,9200.00
2025-12-10 10:05:00-05:00,25.163,25.24,25.163,25.21,15160.00
2025-12-10 10:10:00-05:00,25.2087,25.23,25.195,25.195,6399.00
2025-12-10 10:15:00-05:00,25.2,25.22,25.1912,25.21,7152.00
2025-12-10 10:20:00-05:00,25.21,25.23,25.2,25.21,8123.00
2025-12-10 10:25:00-05:00,25.21,25.215,25.1604,25.19,17785.00
2025-12-10 10:30:00-05:00,25.2,25.205,25.19,25.19,5134.00
2025-12-10 10:35:00-05:00,25.18,25.18,25.14,25.14,13663.00
2025-12-10 10:40:00-05:00,25.14,25.16,25.14,25.15,6080.00
2025-12-10 10:45:00-05:00,25.15,25.17,25.15,25.17,7563.00
2025-12-10 10:50:00-05:00,25.17,25.19,25.11,25.11,9168.00
2025-12-10 10:55:00-05:00,25.11,25.11,25.085,25.085,4703.00
2025-12-10 11:00:00-05:00,25.07,25.07,25.02,25.04,7383.00
2025-12-10 11:05:00-05:00,25.06,25.08,25.04,25.06,8323.00
2025-12-10 11:10:00-05:00,25.05,25.1,25.05,25.09,10361.00
2025-12-10 11:15:00-05:00,25.08,25.215,25.08,25.19,37307.00
2025-12-10 11:20:00-05:00,25.19,25.1991,25.175,25.19,32318.00
2025-12-10 11:25:00-05:00,25.19,25.205,25.175,25.18,52013.00
2025-12-10 11:30:00-05:00,25.185,25.185,25.15,25.17,25929.00
2025-12-10 11:35:00-05:00,25.18,25.18,25.16,25.165,4169.00
2025-12-10 11:40:00-05:00,25.165,25.21,25.16,25.19,13290.00
2025-12-10 11:45:00-05:00,25.1931,25.2499,25.19,25.24,10312.00
2025-12-10 11:50:00-05:00,25.24,25.26,25.225,25.25,11016.00
2025-12-10 11:55:00-05:00,25.25,25.25,25.23,25.2399,4886.00
2025-12-10 12:00:00-05:00,25.23,25.245,25.225,25.235,18239.00
2025-12-10 12:05:00-05:00,25.235,25.235,25.215,25.215,6662.00
2025-12-10 12:10:00-05:00,25.215,25.225,25.215,25.215,3709.00
2025-12-10 12:15:00-05:00,25.21,25.23,25.2,25.22,5178.00
2025-12-10 12:20:00-05:00,25.215,25.215,25.2,25.21,4036.00
2025-12-10 12:25:00-05:00,25.21,25.291,25.21,25.28,21786.00
2025-12-10 12:30:00-05:00,25.28,25.3,25.28,25.3,14031.00
2025-12-10 12:35:00-05:00,25.3,25.35,25.3,25.33,8024.00
2025-12-10 12:40:00-05:00,25.3307,25.34,25.31,25.33,7320.00
2025-12-10 12:45:00-05:00,25.322,25.33,25.29,25.29,4407.00
2025-12-10 12:50:00-05:00,25.31,25.35,25.31,25.34,2339.00
2025-12-10 12:55:00-05:00,25.35,25.35,25.345,25.35,3036.00
2025-12-10 13:00:00-05:00,25.35,25.35,25.34,25.34,4728.00
2025-12-10 13:05:00-05:00,25.35,25.36,25.35,25.355,1561.00
2025-12-10 13:10:00-05:00,25.355,25.355,25.345,25.35,4683.00
2025-12-10 13:15:00-05:00,25.3455,25.35,25.34,25.34,1720.00
2025-12-10 13:20:00-05:00,25.345,25.35,25.34,25.34,3027.00
2025-12-10 13:25:00-05:00,25.325,25.33,25.315,25.32,1931.00
2025-12-10 13:30:00-05:00,25.31,25.31,25.3,25.3,2054.00
2025-12-10 13:35:00-05:00,25.31,25.34,25.31,25.34,3568.00
2025-12-10 13:40:00-05:00,25.345,25.345,25.33,25.345,4172.00
2025-12-10 13:45:00-05:00,25.335,25.345,25.335,25.34,4100.00
2025-12-10 13:50:00-05:00,25.345,25.35,25.31,25.31,7355.00
2025-12-10 13:55:00-05:00,25.3,25.3,25.25,25.28,5269.00
2025-12-10 14:00:00-05:00,25.3,25.38,25.255,25.3,13950.00
2025-12-10 14:05:00-05:00,25.31,25.33,25.275,25.33,7180.00
2025-12-10 14:10:00-05:00,25.32,25.32,25.29,25.31,6956.00
2025-12-10 14:15:00-05:00,25.32,25.35,25.2948,25.2948,8183.00
2025-12-10 14:20:00-05:00,25.3,25.325,25.3,25.3001,7076.00
2025-12-10 14:25:00-05:00,25.3,25.31,25.26,25.28,7592.00
2025-12-10 14:30:00-05:00,25.29,25.35,25.27,25.35,6467.00
2025-12-10 14:35:00-05:00,25.36,25.385,25.3,25.33,17012.00
2025-12-10 14:40:00-05:00,25.34,25.34,25.22,25.285,17736.00
2025-12-10 14:45:00-05:00,25.3,25.32,25.3,25.305,5275.00
2025-12-10 14:50:00-05:00,25.3,25.4,25.29,25.39,12084.00
2025-12-10 14:55:00-05:00,25.38,25.445,25.38,25.445,9065.00
2025-12-10 15:00:00-05:00,25.44,25.44,25.37,25.43,13156.00
2025-12-10 15:05:00-05:00,25.44,25.44,25.42,25.42,4876.00
2025-12-10 15:10:00-05:00,25.42,25.42,25.39,25.4,6781.00
2025-12-10 15:15:00-05:00,25.41,25.42,25.4,25.4,6830.00
2025-12-10 15:20:00-05:00,25.4,25.445,25.4,25.41,14687.00
2025-12-10 15:25:00-05:00,25.4014,25.4062,25.39,25.39,10381.00
2025-12-10 15:30:00-05:00,25.395,25.425,25.39,25.42,8604.00
2025-12-10 15:35:00-05:00,25.43,25.44,25.415,25.435,12352.00
2025-12-10 15:40:00-05:00,25.44,25.455,25.435,25.45,12602.00
2025-12-10 15:45:00-05:00,25.445,25.455,25.43,25.43,16218.00
2025-12-10 15:50:00-05:00,25.45,25.48,25.4,25.41,45433.00
2025-12-10 15:55:00-05:00,25.41,25.46,25.32,25.32,169848.00
2025-12-11 09:30:00-05:00,24.7,24.925,24.69,24.84,154396.00
2025-12-11 09:35:00-05:00,24.85,24.85,24.68,24.68,38890.00
2025-12-11 09:40:00-05:00,24.675,24.69,24.63,24.664,47494.00
2025-12-11 09:45:00-05:00,24.675,24.72,24.625,24.66,47243.00
2025-12-11 09:50:00-05:00,24.655,24.69,24.55,24.5586,73872.00
2025-12-11 09:55:00-05:00,24.55,24.62,24.54,24.6086,51641.00
2025-12-11 10:00:00-05:00,24.6,24.7496,24.6,24.7,63837.00
2025-12-11 10:05:00-05:00,24.695,24.75,24.68,24.75,86755.00
2025-12-11 10:10:00-05:00,24.745,24.76,24.67,24.76,51208.00
2025-12-11 10:15:00-05:00,24.75,24.815,24.74,24.81,23053.00
2025-12-11 10:20:00-05:00,24.8051,24.968,24.8051,24.89,60124.00
2025-12-11 10:25:00-05:00,24.89,24.94,24.86,24.88,54598.00
2025-12-11 10:30:00-05:00,24.88,24.88,24.85,24.87,15948.00
2025-12-11 10:35:00-05:00,24.85,24.87,24.82,24.83,19609.00
2025-12-11 10:40:00-05:00,24.83,24.85,24.82,24.84,16993.00
2025-12-11 10:45:00-05:00,24.84,24.87,24.78,24.8,12216.00
2025-12-11 10:50:00-05:00,24.8,24.83,24.78,24.83,18203.00
2025-12-11 10:55:00-05:00,24.83,24.87,24.82,24.85,14920.00
2025-12-11 11:00:00-05:00,24.85,24.87,24.78,24.8,19466.00
2025-12-11 11:05:00-05:00,24.8,24.82,24.78,24.79,14019.00
2025-12-11 11:10:00-05:00,24.8,24.83,24.78,24.83,12009.00
2025-12-11 11:15:00-05:00,24.83,24.83,24.79,24.81,10645.00
2025-12-11 11:20:00-05:00,24.81,24.86,24.8,24.84,13003.00
2025-12-11 11:25:00-05:00,24.84,24.85,24.81,24.84,11138.00
2025-12-11 11:30:00-05:00,24.85,24.87,24.85,24.86,10583.00
2025-12-11 11:35:00-05:00,24.85,24.88,24.85,24.875,13483.00
2025-12-11 11:40:00-05:00,24.87,24.91,24.86,24.9,13622.00
2025-12-11 11:45:00-05:00,24.91,24.95,24.9,24.94,13206.00
2025-12-11 11:50:00-05:00,24.93,24.93,24.89,24.89,12628.00
2025-12-11 11:55:00-05:00,24.9,24.91,24.86,24.91,16984.00
2025-12-11 12:00:00-05:00,24.9,24.92,24.895,24.915,15769.00
2025-12-11 12:05:00-05:00,24.92,24.92,24.9,24.91,12201.00
2025-12-11 12:10:00-05:00,24.91,24.94,24.89,24.89,18332.00
2025-12-11 12:15:00-05:00,24.89,24.91,24.88,24.9,11639.00
2025-12-11 12:20:00-05:00,24.905,25,24.9,24.94,34726.00
2025-12-11 12:25:00-05:00,24.945,24.95,24.89,24.92,14612.00
2025-12-11 12:30:00-05:00,24.91,24.96,24.91,24.96,10072.00
2025-12-11 12:35:00-05:00,24.96,24.96,24.93,24.945,9217.00
2025-12-11 12:40:00-05:00,24.945,24.97,24.94,24.96,18503.00
2025-12-11 12:45:00-05:00,24.965,25.005,24.94,24.98,56937.00
2025-12-11 12:50:00-05:00,24.97,24.97,24.94,24.96,11996.00
2025-12-11 12:55:00-05:00,24.95,24.98,24.935,24.98,11039.00
2025-12-11 13:00:00-05:00,24.98,24.98,24.96,24.975,10216.00
2025-12-11 13:05:00-05:00,24.97,24.98,24.95,24.96,11430.00
2025-12-11 13:10:00-05:00,24.96,24.98,24.94,24.945,14539.00
2025-12-11 13:15:00-05:00,24.95,24.965,24.94,24.965,7780.00
2025-12-11 13:20:00-05:00,24.96,24.97,24.95,24.955,8132.00
2025-12-11 13:25:00-05:00,24.96,24.97,24.94,24.95,8544.00
2025-12-11 13:30:00-05:00,24.94,24.96,24.93,24.94,86572.00
2025-12-11 13:35:00-05:00,24.942,24.965,24.94,24.96,8407.00
2025-12-11 13:40:00-05:00,24.965,25.005,24.965,25.003,9968.00
2025-12-11 13:45:00-05:00,25.01,25.02,24.99,25.01,10349.00
2025-12-11 13:50:00-05:00,25.01,25.02,24.955,24.96,16437.00
2025-12-11 13:55:00-05:00,24.96,24.97,24.94,24.941,11536.00
2025-12-11 14:00:00-05:00,24.94,24.945,24.93,24.93,7348.00
2025-12-11 14:05:00-05:00,24.935,24.945,24.91,24.93,9009.00
2025-12-11 14:10:00-05:00,24.92,24.92,24.88,24.89,24228.00
2025-12-11 14:15:00-05:00,24.89,24.905,24.89,24.895,8778.00
2025-12-11 14:20:00-05:00,24.895,24.905,24.89,24.9,10946.00
2025-12-11 14:25:00-05:00,24.9,24.9,24.85,24.85,22849.00
2025-12-11 14:30:00-05:00,24.86,24.88,24.86,24.88,10583.00
2025-12-11 14:35:00-05:00,24.885,24.89,24.87,24.8845,15837.00
2025-12-11 14:40:00-05:00,24.88,24.89,24.87,24.89,9824.00
2025-12-11 14:45:00-05:00,24.88,24.89,24.87,24.88,8173.00
2025-12-11 14:50:00-05:00,24.88,24.89,24.86,24.86,10447.00
2025-12-11 14:55:00-05:00,24.865,24.875,24.85,24.85,16249.00
2025-12-11 15:00:00-05:00,24.855,24.88,24.85,24.87,14251.00
2025-12-11 15:05:00-05:00,24.87,24.885,24.86,24.885,11075.00
2025-12-11 15:10:00-05:00,24.8832,24.885,24.86,24.86,10763.00
2025-12-11 15:15:00-05:00,24.86,24.86,24.835,24.85,20412.00
2025-12-11 15:20:00-05:00,24.855,24.87,24.845,24.85,12619.00
2025-12-11 15:25:00-05:00,24.85,24.855,24.84,24.855,13722.00
2025-12-11 15:30:00-05:00,24.85,24.879,24.84,24.87,27070.00
2025-12-11 15:35:00-05:00,24.869,24.869,24.83,24.85,26680.00
2025-12-11 15:40:00-05:00,24.85,24.86,24.82,24.835,51760.00
2025-12-11 15:45:00-05:00,24.835,24.85,24.815,24.835,35368.00
2025-12-11 15:50:00-05:00,24.85,24.855,24.825,24.835,62453.00
2025-12-11 15:55:00-05:00,24.835,24.92,24.83,24.915,161076.00
2025-12-12 09:30:00-05:00,25.025,25.06,24.77,24.86,67782.00
2025-12-12 09:35:00-05:00,24.875,24.935,24.84,24.935,31031.00
2025-12-12 09:40:00-05:00,24.935,24.9365,24.879,24.89,41433.00
2025-12-12 09:45:00-05:00,24.89,24.99,24.88,24.98,25256.00
2025-12-12 09:50:00-05:00,24.98,25.02,24.965,25.01,31623.00
2025-12-12 09:55:00-05:00,25.02,25.11,25,25.01,148366.00
2025-12-12 10:00:00-05:00,25.01,25.04,25,25,24743.00
2025-12-12 10:05:00-05:00,25.01,25.055,24.98,25.05,43500.00
2025-12-12 10:10:00-05:00,25.06,25.06,24.94,24.94,37008.00
2025-12-12 10:15:00-05:00,24.93,24.965,24.89,24.96,158344.00
2025-12-12 10:20:00-05:00,24.96,24.97,24.89,24.89,25777.00
2025-12-12 10:25:00-05:00,24.89,24.9,24.82,24.83,18714.00
2025-12-12 10:30:00-05:00,24.84,24.84,24.76,24.76,32305.00
2025-12-12 10:35:00-05:00,24.76,24.82,24.74,24.815,21015.00
2025-12-12 10:40:00-05:00,24.81,24.83,24.77,24.825,19627.00
2025-12-12 10:45:00-05:00,24.84,24.84,24.82,24.8201,13018.00
2025-12-12 10:50:00-05:00,24.83,24.84,24.77,24.79,20870.00
2025-12-12 10:55:00-05:00,24.78,24.805,24.71,24.73,16767.00
2025-12-12 11:00:00-05:00,24.73,24.77,24.64,24.64,22513.00
2025-12-12 11:05:00-05:00,24.63,24.7,24.63,24.65,15014.00
2025-12-12 11:10:00-05:00,24.65,24.67,24.61,24.645,22670.00
2025-12-12 11:15:00-05:00,24.64,24.65,24.61,24.61,16344.00
2025-12-12 11:20:00-05:00,24.61,24.62,24.54,24.58,31978.00
2025-12-12 11:25:00-05:00,24.575,24.6,24.54,24.54,24113.00
2025-12-12 11:30:00-05:00,24.54,24.54,24.46,24.48,25973.00
2025-12-12 11:35:00-05:00,24.5,24.5,24.42,24.46,16836.00
2025-12-12 11:40:00-05:00,24.45,24.48,24.44,24.465,11969.00
2025-12-12 11:45:00-05:00,24.465,24.48,24.43,24.48,20097.00
2025-12-12 11:50:00-05:00,24.47,24.47,24.43,24.45,12110.00
2025-12-12 11:55:00-05:00,24.45,24.45,24.42,24.45,22404.00
2025-12-12 12:00:00-05:00,24.46,24.47,24.41,24.41,43974.00
2025-12-12 12:05:00-05:00,24.405,24.475,24.405,24.47,45383.00
2025-12-12 12:10:00-05:00,24.47,24.56,24.47,24.53,29571.00
2025-12-12 12:15:00-05:00,24.5322,24.54,24.52,24.535,9844.00
2025-12-12 12:20:00-05:00,24.53,24.53,24.495,24.515,18006.00
2025-12-12 12:25:00-05:00,24.51,24.51,24.46,24.46,15737.00
2025-12-12 12:30:00-05:00,24.47,24.48,24.43,24.48,13776.00
2025-12-12 12:35:00-05:00,24.48,24.5499,24.47,24.54,12561.00
2025-12-12 12:40:00-05:00,24.55,24.62,24.535,24.56,143764.00
2025-12-12 12:45:00-05:00,24.56,24.57,24.54,24.565,18045.00
2025-12-12 12:50:00-05:00,24.55,24.565,24.535,24.56,11841.00
2025-12-12 12:55:00-05:00,24.56,24.57,24.54,24.54,14877.00
2025-12-12 13:00:00-05:00,24.55,24.575,24.54,24.57,10452.00
2025-12-12 13:05:00-05:00,24.57,24.57,24.54,24.55,8782.00
2025-12-12 13:10:00-05:00,24.54,24.59,24.54,24.56,13572.00
2025-12-12 13:15:00-05:00,24.56,24.66,24.56,24.635,33982.00
2025-12-12 13:20:00-05:00,24.635,24.67,24.62,24.67,30351.00
2025-12-12 13:25:00-05:00,24.67,24.67,24.65,24.67,9927.00
2025-12-12 13:30:00-05:00,24.68,24.71,24.675,24.69,15702.00
2025-12-12 13:35:00-05:00,24.695,24.715,24.675,24.715,15588.00
2025-12-12 13:40:00-05:00,24.71,24.72,24.66,24.6602,14592.00
2025-12-12 13:45:00-05:00,24.66,24.68,24.65,24.66,15032.00
2025-12-12 13:50:00-05:00,24.665,24.67,24.65,24.665,21298.00
2025-12-12 13:55:00-05:00,24.67,24.69,24.66,24.665,11388.00
2025-12-12 14:00:00-05:00,24.665,24.665,24.62,24.65,10733.00
2025-12-12 14:05:00-05:00,24.645,24.65,24.61,24.63,35757.00
2025-12-12 14:10:00-05:00,24.635,24.67,24.63,24.67,14482.00
2025-12-12 14:15:00-05:00,24.665,24.675,24.66,24.665,10022.00
2025-12-12 14:20:00-05:00,24.665,24.675,24.65,24.655,12727.00
2025-12-12 14:25:00-05:00,24.65,24.6599,24.63,24.645,22372.00
2025-12-12 14:30:00-05:00,24.645,24.68,24.645,24.675,12122.00
2025-12-12 14:35:00-05:00,24.67,24.69,24.67,24.67,15584.00
2025-12-12 14:40:00-05:00,24.67,24.685,24.67,24.675,11431.00
2025-12-12 14:45:00-05:00,24.67,24.67,24.65,24.65,6042.00
2025-12-12 14:50:00-05:00,24.66,24.68,24.66,24.665,10714.00
2025-12-12 14:55:00-05:00,24.665,24.67,24.65,24.665,17144.00
2025-12-12 15:00:00-05:00,24.66,24.66,24.635,24.645,10720.00
2025-12-12 15:05:00-05:00,24.64,24.66,24.64,24.65,15062.00
2025-12-12 15:10:00-05:00,24.65,24.655,24.635,24.635,12842.00
2025-12-12 15:15:00-05:00,24.63,24.65,24.63,24.65,15676.00
2025-12-12 15:20:00-05:00,24.65,24.65,24.64,24.645,8685.00
2025-12-12 15:25:00-05:00,24.645,24.65,24.61,24.65,30311.00
2025-12-12 15:30:00-05:00,24.648,24.655,24.62,24.655,44053.00
2025-12-12 15:35:00-05:00,24.655,24.655,24.595,24.6,37394.00
2025-12-12 15:40:00-05:00,24.605,24.635,24.605,24.635,28442.00
2025-12-12 15:45:00-05:00,24.635,24.67,24.635,24.645,35153.00
2025-12-12 15:50:00-05:00,24.65,24.69,24.65,24.685,87520.00
2025-12-12 15:55:00-05:00,24.685,24.685,24.6,24.6,251813.00
2025-12-15 09:30:00-05:00,24.73,24.76,24.47,24.475,101840.00
2025-12-15 09:35:00-05:00,24.48,24.56,24.44,24.49,28421.00
2025-12-15 09:40:00-05:00,24.5,24.569,24.495,24.505,22472.00
2025-12-15 09:45:00-05:00,24.5,24.55,24.415,24.42,35110.00
2025-12-15 09:50:00-05:00,24.42,24.455,24.3412,24.3412,35316.00
2025-12-15 09:55:00-05:00,24.355,24.385,24.33,24.37,22979.00
2025-12-15 10:00:00-05:00,24.37,24.43,24.31,24.34,13321.00
2025-12-15 10:05:00-05:00,24.36,24.48,24.36,24.47,12883.00
2025-12-15 10:10:00-05:00,24.49,24.51,24.47,24.51,12324.00
2025-12-15 10:15:00-05:00,24.49,24.495,24.42,24.42,14170.00
2025-12-15 10:20:00-05:00,24.42,24.45,24.4,24.4,8836.00
2025-12-15 10:25:00-05:00,24.38,24.43,24.37,24.43,8875.00
2025-12-15 10:30:00-05:00,24.43,24.53,24.43,24.5,14234.00
2025-12-15 10:35:00-05:00,24.5,24.52,24.465,24.465,4483.00
2025-12-15 10:40:00-05:00,24.45,24.5,24.45,24.49,6584.00
2025-12-15 10:45:00-05:00,24.5,24.54,24.5,24.51,13940.00
2025-12-15 10:50:00-05:00,24.51,24.51,24.455,24.465,6469.00
2025-12-15 10:55:00-05:00,24.48,24.5,24.46,24.5,6152.00
2025-12-15 11:00:00-05:00,24.51,24.62,24.5,24.62,21873.00
2025-12-15 11:05:00-05:00,24.62,24.66,24.605,24.66,11049.00
2025-12-15 11:10:00-05:00,24.68,24.73,24.64,24.698,67254.00
2025-12-15 11:15:00-05:00,24.68,24.765,24.68,24.75,18571.00
2025-12-15 11:20:00-05:00,24.76,24.78,24.74,24.77,8930.00
2025-12-15 11:25:00-05:00,24.77,24.83,24.77,24.821,14636.00
2025-12-15 11:30:00-05:00,24.81,24.8182,24.72,24.72,18973.00
2025-12-15 11:35:00-05:00,24.702,24.725,24.68,24.695,13188.00
2025-12-15 11:40:00-05:00,24.71,24.735,24.68,24.68,6603.00
2025-12-15 11:45:00-05:00,24.685,24.7,24.66,24.699,4087.00
2025-12-15 11:50:00-05:00,24.7,24.75,24.695,24.72,9037.00
2025-12-15 11:55:00-05:00,24.71,24.71,24.65,24.65,8785.00
2025-12-15 12:00:00-05:00,24.65,24.69,24.65,24.675,11501.00
2025-12-15 12:05:00-05:00,24.66,24.68,24.66,24.66,9381.00
2025-12-15 12:10:00-05:00,24.67,24.69,24.66,24.68,5269.00
2025-12-15 12:15:00-05:00,24.685,24.7,24.645,24.659,8360.00
2025-12-15 12:20:00-05:00,24.65,24.68,24.65,24.67,9299.00
2025-12-15 12:25:00-05:00,24.68,24.695,24.67,24.69,7337.00
2025-12-15 12:30:00-05:00,24.69,24.73,24.68,24.73,10677.00
2025-12-15 12:35:00-05:00,24.73,24.76,24.73,24.76,7365.00
2025-12-15 12:40:00-05:00,24.75,24.76,24.74,24.74,4895.00
2025-12-15 12:45:00-05:00,24.75,24.75,24.72,24.73,5560.00
2025-12-15 12:50:00-05:00,24.71,24.715,24.6639,24.69,15217.00
2025-12-15 12:55:00-05:00,24.69,24.7,24.68,24.7,6633.00
2025-12-15 13:00:00-05:00,24.69,24.71,24.68,24.705,7188.00
2025-12-15 13:05:00-05:00,24.7,24.725,24.7,24.71,5630.00
2025-12-15 13:10:00-05:00,24.715,24.73,24.68,24.68,7455.00
2025-12-15 13:15:00-05:00,24.685,24.69,24.68,24.68,6093.00
2025-12-15 13:20:00-05:00,24.69,24.69,24.645,24.65,6866.00
2025-12-15 13:25:00-05:00,24.655,24.66,24.64,24.66,7631.00
2025-12-15 13:30:00-05:00,24.65,24.65,24.62,24.62,13605.00
2025-12-15 13:35:00-05:00,24.62,24.64,24.61,24.64,4557.00
2025-12-15 13:40:00-05:00,24.64,24.655,24.64,24.64,3309.00
2025-12-15 13:45:00-05:00,24.65,24.65,24.63,24.65,6206.00
2025-12-15 13:50:00-05:00,24.65,24.65,24.635,24.65,7124.00
2025-12-15 13:55:00-05:00,24.66,24.67,24.655,24.655,5290.00
2025-12-15 14:00:00-05:00,24.65,24.67,24.64,24.67,8089.00
2025-12-15 14:05:00-05:00,24.66,24.66,24.64,24.64,3174.00
2025-12-15 14:10:00-05:00,24.64,24.65,24.635,24.64,3620.00
2025-12-15 14:15:00-05:00,24.645,24.66,24.63,24.66,8644.00
2025-12-15 14:20:00-05:00,24.66,24.68,24.66,24.665,5781.00
2025-12-15 14:25:00-05:00,24.67,24.67,24.65,24.67,3668.00
2025-12-15 14:30:00-05:00,24.6707,24.6707,24.65,24.65,10490.00
2025-12-15 14:35:00-05:00,24.645,24.645,24.633,24.64,2424.00
2025-12-15 14:40:00-05:00,24.64,24.645,24.62,24.64,7372.00
2025-12-15 14:45:00-05:00,24.64,24.66,24.63,24.66,6742.00
2025-12-15 14:50:00-05:00,24.66,24.66,24.64,24.64,4216.00
2025-12-15 14:55:00-05:00,24.65,24.675,24.64,24.64,14466.00
2025-12-15 15:00:00-05:00,24.64,24.67,24.64,24.67,10055.00
2025-12-15 15:05:00-05:00,24.675,24.68,24.66,24.67,7306.00
2025-12-15 15:10:00-05:00,24.675,24.7,24.675,24.69,10271.00
2025-12-15 15:15:00-05:00,24.69,24.695,24.66,24.675,12244.00
2025-12-15 15:20:00-05:00,24.67,24.67,24.64,24.64,9750.00
2025-12-15 15:25:00-05:00,24.63,24.65,24.63,24.65,6652.00
2025-12-15 15:30:00-05:00,24.645,24.645,24.61,24.63,17886.00
2025-12-15 15:35:00-05:00,24.625,24.625,24.59,24.595,25118.00
2025-12-15 15:40:00-05:00,24.595,24.605,24.5801,24.59,20498.00
2025-12-15 15:45:00-05:00,24.59,24.595,24.565,24.57,30796.00
2025-12-15 15:50:00-05:00,24.56,24.575,24.535,24.535,37356.00
2025-12-15 15:55:00-05:00,24.54,24.57,24.515,24.53,109244.00
2025-12-16 09:30:00-05:00,24.24,24.305,24.17,24.28,41420.00
2025-12-16 09:35:00-05:00,24.275,24.31,24.25,24.31,4814.00
2025-12-16 09:40:00-05:00,24.31,24.31,24.215,24.235,3119.00
2025-12-16 09:45:00-05:00,24.22,24.32,24.215,24.3,15167.00
2025-12-16 09:50:00-05:00,24.31,24.46,24.31,24.46,22590.00
2025-12-16 09:55:00-05:00,24.465,24.48,24.422,24.425,12531.00
2025-12-16 10:00:00-05:00,24.44,24.49,24.44,24.475,22058.00
2025-12-16 10:05:00-05:00,24.46,24.49,24.4,24.4,11480.00
2025-12-16 10:10:00-05:00,24.355,24.37,24.32,24.32,11130.00
2025-12-16 10:15:00-05:00,24.33,24.33,24.275,24.2999,13844.00
2025-12-16 10:20:00-05:00,24.29,24.33,24.26,24.325,29144.00
2025-12-16 10:25:00-05:00,24.32,24.33,24.28,24.33,17724.00
2025-12-16 10:30:00-05:00,24.35,24.37,24.35,24.35,10927.00
2025-12-16 10:35:00-05:00,24.3492,24.35,24.27,24.28,8958.00
2025-12-16 10:40:00-05:00,24.28,24.28,24.25,24.28,5194.00
2025-12-16 10:45:00-05:00,24.29,24.33,24.285,24.305,4957.00
2025-12-16 10:50:00-05:00,24.29,24.3,24.26,24.3,12961.00
2025-12-16 10:55:00-05:00,24.29,24.29,24.275,24.29,4306.00
2025-12-16 11:00:00-05:00,24.3,24.3092,24.285,24.29,7489.00
2025-12-16 11:05:00-05:00,24.29,24.31,24.28,24.28,4430.00
2025-12-16 11:10:00-05:00,24.27,24.27,24.235,24.25,7278.00
2025-12-16 11:15:00-05:00,24.24,24.25,24.21,24.22,9057.00
2025-12-16 11:20:00-05:00,24.2211,24.24,24.2,24.24,8559.00
2025-12-16 11:25:00-05:00,24.25,24.255,24.2302,24.255,7489.00
2025-12-16 11:30:00-05:00,24.2592,24.3,24.2592,24.29,11352.00
2025-12-16 11:35:00-05:00,24.285,24.295,24.235,24.235,19240.00
2025-12-16 11:40:00-05:00,24.23,24.23,24.2,24.22,7196.00
2025-12-16 11:45:00-05:00,24.22,24.2501,24.215,24.2501,7317.00
2025-12-16 11:50:00-05:00,24.255,24.255,24.23,24.23,5250.00
2025-12-16 11:55:00-05:00,24.235,24.27,24.235,24.27,5710.00
2025-12-16 12:00:00-05:00,24.27,24.27,24.25,24.27,3427.00
2025-12-16 12:05:00-05:00,24.28,24.28,24.26,24.26,3394.00
2025-12-16 12:10:00-05:00,24.25,24.27,24.22,24.27,5808.00
2025-12-16 12:15:00-05:00,24.26,24.275,24.26,24.275,2426.00
2025-12-16 12:20:00-05:00,24.27,24.3,24.26,24.26,9930.00
2025-12-16 12:25:00-05:00,24.26,24.26,24.21,24.22,5532.00
2025-12-16 12:30:00-05:00,24.23,24.3,24.23,24.29,18505.00
2025-12-16 12:35:00-05:00,24.3,24.315,24.27,24.27,6695.00
2025-12-16 12:40:00-05:00,24.27,24.28,24.265,24.28,5867.00
2025-12-16 12:45:00-05:00,24.28,24.28,24.26,24.27,3143.00
2025-12-16 12:50:00-05:00,24.265,24.265,24.245,24.245,4160.00
2025-12-16 12:55:00-05:00,24.25,24.255,24.195,24.2,18795.00
2025-12-16 13:00:00-05:00,24.21,24.245,24.18,24.23,17741.00
2025-12-16 13:05:00-05:00,24.24,24.26,24.2201,24.26,6154.00
2025-12-16 13:10:00-05:00,24.24,24.24,24.23,24.23,4593.00
2025-12-16 13:15:00-05:00,24.2299,24.235,24.21,24.21,6269.00
2025-12-16 13:20:00-05:00,24.21,24.25,24.21,24.25,7863.00
2025-12-16 13:25:00-05:00,24.2598,24.29,24.24,24.27,11953.00
2025-12-16 13:30:00-05:00,24.28,24.32,24.28,24.32,6802.00
2025-12-16 13:35:00-05:00,24.34,24.38,24.34,24.35,18865.00
2025-12-16 13:40:00-05:00,24.36,24.36,24.34,24.34,4108.00
2025-12-16 13:45:00-05:00,24.35,24.365,24.35,24.365,6626.00
2025-12-16 13:50:00-05:00,24.37,24.38,24.34,24.34,12311.00
2025-12-16 13:55:00-05:00,24.33,24.335,24.32,24.335,4742.00
2025-12-16 14:00:00-05:00,24.33,24.33,24.3,24.3,6260.00
2025-12-16 14:05:00-05:00,24.2809,24.2809,24.26,24.28,3368.00
2025-12-16 14:10:00-05:00,24.28,24.28,24.27,24.27,2747.00
2025-12-16 14:15:00-05:00,24.26,24.27,24.25,24.26,4840.00
2025-12-16 14:20:00-05:00,24.26,24.275,24.2501,24.275,8610.00
2025-12-16 14:25:00-05:00,24.27,24.29,24.23,24.28,11881.00
2025-12-16 14:30:00-05:00,24.28,24.305,24.27,24.305,21603.00
2025-12-16 14:35:00-05:00,24.31,24.325,24.295,24.295,6245.00
2025-12-16 14:40:00-05:00,24.29,24.31,24.28,24.305,6168.00
2025-12-16 14:45:00-05:00,24.3,24.325,24.3,24.31,5317.00
2025-12-16 14:50:00-05:00,24.31,24.32,24.3,24.315,7145.00
2025-12-16 14:55:00-05:00,24.31,24.34,24.3,24.3,9490.00
2025-12-16 15:00:00-05:00,24.3,24.315,24.3,24.3,5304.00
2025-12-16 15:05:00-05:00,24.3,24.3,24.295,24.3,2978.00
2025-12-16 15:10:00-05:00,24.305,24.315,24.305,24.305,5226.00
2025-12-16 15:15:00-05:00,24.3,24.315,24.3,24.31,6071.00
2025-12-16 15:20:00-05:00,24.32,24.345,24.32,24.34,7658.00
2025-12-16 15:25:00-05:00,24.34,24.345,24.34,24.345,4141.00
2025-12-16 15:30:00-05:00,24.35,24.37,24.345,24.365,10011.00
2025-12-16 15:35:00-05:00,24.37,24.42,24.37,24.395,12723.00
2025-12-16 15:40:00-05:00,24.3997,24.405,24.38,24.39,10087.00
2025-12-16 15:45:00-05:00,24.39,24.39,24.375,24.39,15617.00
2025-12-16 15:50:00-05:00,24.4,24.425,24.37,24.37,33023.00
2025-12-16 15:55:00-05:00,24.37,24.395,24.335,24.395,111259.00
2025-12-17 09:30:00-05:00,24.65,24.76,24.605,24.7,74255.00
2025-12-17 09:35:00-05:00,24.705,24.75,24.63,24.63,9642.00
2025-12-17 09:40:00-05:00,24.62,24.68,24.6,24.67,8991.00
2025-12-17 09:45:00-05:00,24.6799,24.69,24.56,24.59,39476.00
2025-12-17 09:50:00-05:00,24.58,24.62,24.58,24.6,5813.00
2025-12-17 09:55:00-05:00,24.6,24.605,24.578,24.605,5649.00
2025-12-17 10:00:00-05:00,24.59,24.65,24.58,24.63,19067.00
2025-12-17 10:05:00-05:00,24.63,24.67,24.61,24.615,15553.00
2025-12-17 10:10:00-05:00,24.59,24.67,24.59,24.67,6939.00
2025-12-17 10:15:00-05:00,24.67,24.685,24.6,24.61,11987.00
2025-12-17 10:20:00-05:00,24.615,24.6391,24.6,24.62,9964.00
2025-12-17 10:25:00-05:00,24.61,24.64,24.59,24.64,8153.00
2025-12-17 10:30:00-05:00,24.65,24.66,24.605,24.605,9909.00
2025-12-17 10:35:00-05:00,24.61,24.61,24.5302,24.56,14423.00
2025-12-17 10:40:00-05:00,24.57,24.58,24.51,24.51,38268.00
2025-12-17 10:45:00-05:00,24.52,24.53,24.5,24.5,9182.00
2025-12-17 10:50:00-05:00,24.5,24.5,24.441,24.46,10427.00
2025-12-17 10:55:00-05:00,24.45,24.45,24.42,24.45,5932.00
2025-12-17 11:00:00-05:00,24.46,24.57,24.45,24.57,130260.00
2025-12-17 11:05:00-05:00,24.57,24.62,24.54,24.5856,52509.00
2025-12-17 11:10:00-05:00,24.58,24.6,24.5,24.5,16128.00
2025-12-17 11:15:00-05:00,24.49,24.6,24.48,24.57,23419.00
2025-12-17 11:20:00-05:00,24.56,24.64,24.55,24.575,52982.00
2025-12-17 11:25:00-05:00,24.565,24.58,24.55,24.555,13727.00
2025-12-17 11:30:00-05:00,24.54,24.54,24.485,24.49,9896.00
2025-12-17 11:35:00-05:00,24.48,24.525,24.455,24.455,7113.00
2025-12-17 11:40:00-05:00,24.45,24.49,24.44,24.485,6253.00
2025-12-17 11:45:00-05:00,24.5,24.52,24.48,24.49,11912.00
2025-12-17 11:50:00-05:00,24.5,24.522,24.47,24.52,17869.00
2025-12-17 11:55:00-05:00,24.51,24.53,24.49,24.5201,15923.00
2025-12-17 12:00:00-05:00,24.53,24.545,24.49,24.49,14784.00
2025-12-17 12:05:00-05:00,24.495,24.52,24.49,24.49,6301.00
2025-12-17 12:10:00-05:00,24.49,24.53,24.49,24.5,5836.00
2025-12-17 12:15:00-05:00,24.49,24.54,24.49,24.52,11800.00
2025-12-17 12:20:00-05:00,24.52,24.52,24.49,24.49,2314.00
2025-12-17 12:25:00-05:00,24.5,24.5,24.475,24.475,5585.00
2025-12-17 12:30:00-05:00,24.475,24.49,24.47,24.48,4600.00
2025-12-17 12:35:00-05:00,24.48,24.48,24.46,24.465,4031.00
2025-12-17 12:40:00-05:00,24.455,24.455,24.42,24.42,3248.00
2025-12-17 12:45:00-05:00,24.41,24.43,24.39,24.41,6957.00
2025-12-17 12:50:00-05:00,24.415,24.42,24.395,24.395,4145.00
2025-12-17 12:55:00-05:00,24.4,24.415,24.4,24.41,6095.00
2025-12-17 13:00:00-05:00,24.42,24.425,24.41,24.42,3534.00
2025-12-17 13:05:00-05:00,24.4186,24.455,24.4186,24.45,6626.00
2025-12-17 13:10:00-05:00,24.45,24.45,24.43,24.43,6220.00
2025-12-17 13:15:00-05:00,24.42,24.43,24.395,24.4,17168.00
2025-12-17 13:20:00-05:00,24.395,24.41,24.39,24.4,9600.00
2025-12-17 13:25:00-05:00,24.4,24.408,24.39,24.405,4308.00
2025-12-17 13:30:00-05:00,24.4,24.41,24.4,24.41,4815.00
2025-12-17 13:35:00-05:00,24.4075,24.44,24.4075,24.41,5264.00
2025-12-17 13:40:00-05:00,24.4,24.445,24.4,24.445,6567.00
2025-12-17 13:45:00-05:00,24.45,24.455,24.43,24.44,6995.00
2025-12-17 13:50:00-05:00,24.44,24.455,24.43,24.43,10139.00
2025-12-17 13:55:00-05:00,24.425,24.425,24.4,24.41,4612.00
2025-12-17 14:00:00-05:00,24.41,24.425,24.3942,24.41,10880.00
2025-12-17 14:05:00-05:00,24.4,24.41,24.4,24.405,4592.00
2025-12-17 14:10:00-05:00,24.4,24.455,24.4,24.455,15204.00
2025-12-17 14:15:00-05:00,24.46,24.475,24.46,24.47,6771.00
2025-12-17 14:20:00-05:00,24.465,24.475,24.43,24.435,17843.00
2025-12-17 14:25:00-05:00,24.43,24.43,24.395,24.4,3178.00
2025-12-17 14:30:00-05:00,24.405,24.41,24.385,24.385,12689.00
2025-12-17 14:35:00-05:00,24.385,24.385,24.34,24.37,17593.00
2025-12-17 14:40:00-05:00,24.37,24.39,24.37,24.385,18645.00
2025-12-17 14:45:00-05:00,24.385,24.4,24.38,24.38,6809.00
2025-12-17 14:50:00-05:00,24.37,24.38,24.36,24.36,9698.00
2025-12-17 14:55:00-05:00,24.36,24.385,24.36,24.375,14191.00
2025-12-17 15:00:00-05:00,24.375,24.375,24.35,24.365,10223.00
2025-12-17 15:05:00-05:00,24.365,24.365,24.345,24.345,17503.00
2025-12-17 15:10:00-05:00,24.345,24.355,24.33,24.34,9185.00
2025-12-17 15:15:00-05:00,24.35,24.355,24.34,24.355,6693.00
2025-12-17 15:20:00-05:00,24.351,24.39,24.34,24.39,10717.00
2025-12-17 15:25:00-05:00,24.38,24.39,24.3607,24.371,14897.00
2025-12-17 15:30:00-05:00,24.375,24.375,24.35,24.365,8670.00
2025-12-17 15:35:00-05:00,24.365,24.37,24.341,24.345,12474.00
2025-12-17 15:40:00-05:00,24.35,24.36,24.34,24.355,13656.00
2025-12-17 15:45:00-05:00,24.355,24.365,24.33,24.36,31448.00
2025-12-17 15:50:00-05:00,24.36,24.37,24.27,24.285,71299.00
2025-12-17 15:55:00-05:00,24.28,24.29,24.225,24.285,122897.00
2025-12-18 09:30:00-05:00,24.75,24.91,24.68,24.9,40701.00
2025-12-18 09:35:00-05:00,24.9,24.92,24.82,24.82,31756.00
2025-12-18 09:40:00-05:00,24.835,24.835,24.78,24.78,2205.00
2025-12-18 09:45:00-05:00,24.8,24.82,24.7415,24.78,13932.00
2025-12-18 09:50:00-05:00,24.775,24.91,24.775,24.9,20003.00
2025-12-18 09:55:00-05:00,24.9,24.97,24.89,24.905,45418.00
2025-12-18 10:00:00-05:00,24.89,24.905,24.84,24.88,14380.00
2025-12-18 10:05:00-05:00,24.89,24.95,24.8801,24.935,73646.00
2025-12-18 10:10:00-05:00,24.92,24.94,24.875,24.885,8393.00
2025-12-18 10:15:00-05:00,24.87,24.875,24.75,24.79,36481.00
2025-12-18 10:20:00-05:00,24.751,24.84,24.75,24.84,12017.00
2025-12-18 10:25:00-05:00,24.8305,24.84,24.795,24.82,7208.00
2025-12-18 10:30:00-05:00,24.815,24.86,24.785,24.86,6885.00
2025-12-18 10:35:00-05:00,24.86,24.875,24.815,24.825,11282.00
2025-12-18 10:40:00-05:00,24.83,24.855,24.83,24.83,9221.00
2025-12-18 10:45:00-05:00,24.84,24.84,24.805,24.84,7306.00
2025-12-18 10:50:00-05:00,24.825,24.83,24.8,24.8201,8774.00
2025-12-18 10:55:00-05:00,24.83,24.83,24.785,24.81,25812.00
2025-12-18 11:00:00-05:00,24.82,24.88,24.81,24.88,19825.00
2025-12-18 11:05:00-05:00,24.8701,24.8701,24.85,24.855,2822.00
2025-12-18 11:10:00-05:00,24.85,24.93,24.85,24.93,19400.00
2025-12-18 11:15:00-05:00,24.93,24.9391,24.9279,24.9391,4132.00
2025-12-18 11:20:00-05:00,24.94,24.94,24.89,24.89,20199.00
2025-12-18 11:25:00-05:00,24.89,24.89,24.87,24.87,4881.00
2025-12-18 11:30:00-05:00,24.88,24.88,24.87,24.88,5233.00
2025-12-18 11:35:00-05:00,24.89,24.92,24.89,24.91,4415.00
2025-12-18 11:40:00-05:00,24.9197,24.94,24.9,24.94,8129.00
2025-12-18 11:45:00-05:00,24.94,24.9458,24.92,24.93,4927.00
2025-12-18 11:50:00-05:00,24.93,24.93,24.905,24.93,5162.00
2025-12-18 11:55:00-05:00,24.93,24.93,24.905,24.905,6801.00
2025-12-18 12:00:00-05:00,24.9,24.92,24.9,24.92,5765.00
2025-12-18 12:05:00-05:00,24.91,24.91,24.845,24.845,5525.00
2025-12-18 12:10:00-05:00,24.83,24.83,24.8,24.8,3851.00
2025-12-18 12:15:00-05:00,24.795,24.815,24.78,24.805,6801.00
2025-12-18 12:20:00-05:00,24.8,24.82,24.77,24.78,7410.00
2025-12-18 12:25:00-05:00,24.78,24.825,24.725,24.825,12617.00
2025-12-18 12:30:00-05:00,24.81,24.85,24.8,24.85,8861.00
2025-12-18 12:35:00-05:00,24.85,24.85,24.83,24.85,9295.00
2025-12-18 12:40:00-05:00,24.87,24.89,24.865,24.875,5883.00
2025-12-18 12:45:00-05:00,24.88,24.89,24.855,24.86,8835.00
2025-12-18 12:50:00-05:00,24.85,24.855,24.82,24.85,5806.00
2025-12-18 12:55:00-05:00,24.84,24.85,24.83,24.85,5014.00
2025-12-18 13:00:00-05:00,24.85,24.85,24.82,24.825,6180.00
2025-12-18 13:05:00-05:00,24.82,24.85,24.82,24.845,4933.00
2025-12-18 13:10:00-05:00,24.85,24.89,24.85,24.885,13221.00
2025-12-18 13:15:00-05:00,24.8856,24.89,24.875,24.875,142320.00
2025-12-18 13:20:00-05:00,24.88,24.915,24.88,24.88,10409.00
2025-12-18 13:25:00-05:00,24.88,24.88,24.86,24.87,2174.00
2025-12-18 13:30:00-05:00,24.87,24.88,24.87,24.87,3309.00
2025-12-18 13:35:00-05:00,24.88,24.9,24.88,24.885,4455.00
2025-12-18 13:40:00-05:00,24.885,24.885,24.85,24.85,3061.00
2025-12-18 13:45:00-05:00,24.855,24.86,24.82,24.825,7911.00
2025-12-18 13:50:00-05:00,24.825,24.835,24.815,24.835,4460.00
2025-12-18 13:55:00-05:00,24.835,24.85,24.835,24.835,3442.00
2025-12-18 14:00:00-05:00,24.835,24.8375,24.8,24.81,5692.00
2025-12-18 14:05:00-05:00,24.805,24.845,24.8,24.84,20602.00
2025-12-18 14:10:00-05:00,24.86,24.875,24.855,24.855,26445.00
2025-12-18 14:15:00-05:00,24.85,24.86,24.82,24.84,14279.00
2025-12-18 14:20:00-05:00,24.84,24.84,24.825,24.825,2094.00
2025-12-18 14:25:00-05:00,24.83,24.845,24.82,24.84,4637.00
2025-12-18 14:30:00-05:00,24.835,24.85,24.82,24.82,5993.00
2025-12-18 14:35:00-05:00,24.82,24.84,24.805,24.83,35888.00
2025-12-18 14:40:00-05:00,24.81,24.81,24.785,24.785,12554.00
2025-12-18 14:45:00-05:00,24.78,24.81,24.78,24.8,5318.00
2025-12-18 14:50:00-05:00,24.795,24.8,24.785,24.79,5170.00
2025-12-18 14:55:00-05:00,24.78,24.78,24.74,24.76,11678.00
2025-12-18 15:00:00-05:00,24.755,24.78,24.75,24.775,3491.00
2025-12-18 15:05:00-05:00,24.79,24.81,24.77,24.77,8413.00
2025-12-18 15:10:00-05:00,24.775,24.79,24.775,24.785,8283.00
2025-12-18 15:15:00-05:00,24.785,24.805,24.785,24.805,5370.00
2025-12-18 15:20:00-05:00,24.805,24.83,24.805,24.83,11300.00
2025-12-18 15:25:00-05:00,24.835,24.845,24.83,24.83,8523.00
2025-12-18 15:30:00-05:00,24.825,24.825,24.81,24.825,19131.00
2025-12-18 15:35:00-05:00,24.825,24.835,24.806,24.806,14359.00
2025-12-18 15:40:00-05:00,24.805,24.82,24.8,24.815,16189.00
2025-12-18 15:45:00-05:00,24.82,24.84,24.795,24.795,18585.00
2025-12-18 15:50:00-05:00,24.795,24.805,24.74,24.74,27349.00
2025-12-18 15:55:00-05:00,24.745,24.745,24.68,24.72,90869.00
2025-12-19 09:30:00-05:00,24.77,24.81,24.64,24.66,34394.00
2025-12-19 09:35:00-05:00,24.6435,24.69,24.61,24.69,8312.00
2025-12-19 09:40:00-05:00,24.69,24.775,24.69,24.76,9864.00
2025-12-19 09:45:00-05:00,24.758,24.86,24.73,24.85,29394.00
2025-12-19 09:50:00-05:00,24.86,24.88,24.8,24.81,38911.00
2025-12-19 09:55:00-05:00,24.8,24.85,24.78,24.84,24537.00
2025-12-19 10:00:00-05:00,24.8343,24.86,24.79,24.8197,8842.00
2025-12-19 10:05:00-05:00,24.81,24.89,24.81,24.89,10057.00
2025-12-19 10:10:00-05:00,24.88,24.89,24.8547,24.87,20398.00
2025-12-19 10:15:00-05:00,24.86,24.88,24.84,24.84,19962.00
2025-12-19 10:20:00-05:00,24.85,24.87,24.7884,24.825,16413.00
2025-12-19 10:25:00-05:00,24.8,24.8,24.78,24.79,1865.00
2025-12-19 10:30:00-05:00,24.79,24.81,24.785,24.8,5154.00
2025-12-19 10:35:00-05:00,24.805,24.83,24.803,24.83,6182.00
2025-12-19 10:40:00-05:00,24.83,24.855,24.8201,24.84,7468.00
2025-12-19 10:45:00-05:00,24.85,24.885,24.84,24.84,11364.00
2025-12-19 10:50:00-05:00,24.85,24.88,24.85,24.87,4652.00
2025-12-19 10:55:00-05:00,24.87,24.89,24.87,24.88,9503.00
2025-12-19 11:00:00-05:00,24.87,24.89,24.8511,24.88,7378.00
2025-12-19 11:05:00-05:00,24.88,24.93,24.88,24.9,18774.00
2025-12-19 11:10:00-05:00,24.9,24.915,24.8882,24.89,4448.00
2025-12-19 11:15:00-05:00,24.89,24.92,24.89,24.9,5741.00
2025-12-19 11:20:00-05:00,24.9,24.92,24.895,24.92,8254.00
2025-12-19 11:25:00-05:00,24.92,24.92,24.9,24.9,1520.00
2025-12-19 11:30:00-05:00,24.9084,24.93,24.905,24.93,8090.00
2025-12-19 11:35:00-05:00,24.945,24.95,24.91,24.93,9794.00
2025-12-19 11:40:00-05:00,24.9201,24.94,24.91,24.9106,6343.00
2025-12-19 11:45:00-05:00,24.915,24.92,24.9,24.9,4609.00
2025-12-19 11:50:00-05:00,24.89,24.92,24.89,24.91,6619.00
2025-12-19 11:55:00-05:00,24.9001,24.905,24.8945,24.9,1936.00
2025-12-19 12:00:00-05:00,24.8997,24.9399,24.8997,24.935,5160.00
2025-12-19 12:05:00-05:00,24.93,24.96,24.93,24.9534,16210.00
2025-12-19 12:10:00-05:00,24.955,24.9566,24.945,24.95,2337.00
2025-12-19 12:15:00-05:00,24.95,24.97,24.95,24.9653,6287.00
2025-12-19 12:20:00-05:00,24.97,25,24.955,24.9969,13790.00
2025-12-19 12:25:00-05:00,24.995,25,24.9672,24.9672,9571.00
2025-12-19 12:30:00-05:00,24.97,24.98,24.97,24.98,4075.00
2025-12-19 12:35:00-05:00,24.9687,24.97,24.96,24.96,2566.00
2025-12-19 12:40:00-05:00,24.96,24.975,24.96,24.97,7077.00
2025-12-19 12:45:00-05:00,24.965,24.965,24.955,24.96,3973.00
2025-12-19 12:50:00-05:00,24.955,24.955,24.95,24.955,1694.00
2025-12-19 12:55:00-05:00,24.95,24.95,24.93,24.935,5388.00
2025-12-19 13:00:00-05:00,24.935,24.935,24.91,24.91,3851.00
2025-12-19 13:05:00-05:00,24.9143,24.93,24.89,24.9,28053.00
2025-12-19 13:10:00-05:00,24.89,24.89,24.875,24.89,7063.00
2025-12-19 13:15:00-05:00,24.89,24.89,24.89,24.89,2653.00
2025-12-19 13:20:00-05:00,24.8942,24.895,24.875,24.875,7745.00
2025-12-19 13:25:00-05:00,24.8702,24.88,24.87,24.875,5675.00
2025-12-19 13:30:00-05:00,24.88,24.885,24.87,24.875,4379.00
2025-12-19 13:35:00-05:00,24.87,24.88,24.87,24.875,11091.00
2025-12-19 13:40:00-05:00,24.87,24.88,24.865,24.88,8057.00
2025-12-19 13:45:00-05:00,24.88,24.8855,24.87,24.87,5928.00
2025-12-19 13:50:00-05:00,24.865,24.88,24.855,24.875,9573.00
2025-12-19 13:55:00-05:00,24.87,24.87,24.85,24.85,4829.00
2025-12-19 14:00:00-05:00,24.855,24.865,24.855,24.865,4952.00
2025-12-19 14:05:00-05:00,24.8643,24.865,24.855,24.86,12768.00
2025-12-19 14:10:00-05:00,24.865,24.87,24.855,24.855,6363.00
2025-12-19 14:15:00-05:00,24.855,24.895,24.855,24.89,26410.00
2025-12-19 14:20:00-05:00,24.88,24.885,24.87,24.88,11975.00
2025-12-19 14:25:00-05:00,24.87,24.87,24.84,24.84,6775.00
2025-12-19 14:30:00-05:00,24.83,24.83,24.815,24.825,5308.00
2025-12-19 14:35:00-05:00,24.82,24.8424,24.815,24.835,6728.00
2025-12-19 14:40:00-05:00,24.835,24.835,24.82,24.82,4561.00
2025-12-19 14:45:00-05:00,24.83,24.855,24.83,24.85,4970.00
2025-12-19 14:50:00-05:00,24.85,24.85,24.84,24.85,5921.00
2025-12-19 14:55:00-05:00,24.85,24.85,24.835,24.835,2547.00
2025-12-19 15:00:00-05:00,24.83,24.83,24.81,24.81,7802.00
2025-12-19 15:05:00-05:00,24.805,24.81,24.785,24.81,10881.00
2025-12-19 15:10:00-05:00,24.8,24.805,24.785,24.79,8870.00
2025-12-19 15:15:00-05:00,24.785,24.81,24.78,24.795,10772.00
2025-12-19 15:20:00-05:00,24.8,24.82,24.8,24.8097,5181.00
2025-12-19 15:25:00-05:00,24.805,24.84,24.8,24.8294,17091.00
2025-12-19 15:30:00-05:00,24.825,24.825,24.8,24.815,15401.00
2025-12-19 15:35:00-05:00,24.81,24.8142,24.8,24.805,8610.00
2025-12-19 15:40:00-05:00,24.805,24.82,24.795,24.81,14456.00
2025-12-19 15:45:00-05:00,24.81,24.81,24.76,24.78,23291.00
2025-12-19 15:50:00-05:00,24.78,24.78,24.63,24.705,73126.00
2025-12-19 15:55:00-05:00,24.71,24.81,24.69,24.81,106323.00
2025-12-22 09:30:00-05:00,24.92,24.99,24.78,24.78,30316.00
2025-12-22 09:35:00-05:00,24.79,24.83,24.785,24.83,11761.00
2025-12-22 09:40:00-05:00,24.84,24.95,24.81,24.88,150612.00
2025-12-22 09:45:00-05:00,24.875,24.89,24.81,24.82,10895.00
2025-12-22 09:50:00-05:00,24.82,24.92,24.8171,24.89,8228.00
2025-12-22 09:55:00-05:00,24.9,24.955,24.9,24.93,6093.00
2025-12-22 10:00:00-05:00,24.94,24.95,24.89,24.92,9486.00
2025-12-22 10:05:00-05:00,24.91,24.975,24.91,24.965,13977.00
2025-12-22 10:10:00-05:00,24.96,24.96,24.885,24.89,6612.00
2025-12-22 10:15:00-05:00,24.875,24.935,24.875,24.935,8479.00
2025-12-22 10:20:00-05:00,24.94,24.965,24.915,24.965,9438.00
2025-12-22 10:25:00-05:00,24.965,24.97,24.95,24.95,5831.00
2025-12-22 10:30:00-05:00,24.95,24.96,24.935,24.95,5759.00
2025-12-22 10:35:00-05:00,24.94,24.96,24.9,24.955,9509.00
2025-12-22 10:40:00-05:00,24.9597,25.025,24.9597,25.02,51642.00
2025-12-22 10:45:00-05:00,25.03,25.035,24.98,24.98,6309.00
2025-12-22 10:50:00-05:00,24.97,25,24.93,24.94,9115.00
2025-12-22 10:55:00-05:00,24.95,24.98,24.94,24.965,7848.00
2025-12-22 11:00:00-05:00,24.9726,25,24.962,25,4995.00
2025-12-22 11:05:00-05:00,25.0003,25.045,25,25.035,17177.00
2025-12-22 11:10:00-05:00,25.03,25.05,25.01,25.02,14807.00
2025-12-22 11:15:00-05:00,25.0101,25.055,25.0101,25.045,10375.00
2025-12-22 11:20:00-05:00,25.05,25.055,25.01,25.03,6407.00
2025-12-22 11:25:00-05:00,25.03,25.05,25.03,25.05,4616.00
2025-12-22 11:30:00-05:00,25.056,25.06,24.98,24.99,12794.00
2025-12-22 11:35:00-05:00,24.975,25.015,24.965,25.01,9225.00
2025-12-22 11:40:00-05:00,25.01,25.02,25.01,25.01,5373.00
2025-12-22 11:45:00-05:00,25.01,25.028,25.01,25.02,2840.00
2025-12-22 11:50:00-05:00,25.01,25.045,25.01,25.03,9516.00
2025-12-22 11:55:00-05:00,25.035,25.05,25.025,25.045,5304.00
2025-12-22 12:00:00-05:00,25.05,25.105,25.05,25.085,30527.00
2025-12-22 12:05:00-05:00,25.08,25.09,25.065,25.07,5446.00
2025-12-22 12:10:00-05:00,25.07,25.07,25.06,25.0614,3465.00
2025-12-22 12:15:00-05:00,25.07,25.08,25.065,25.065,4864.00
2025-12-22 12:20:00-05:00,25.065,25.075,25.065,25.075,2935.00
2025-12-22 12:25:00-05:00,25.07,25.095,25.07,25.085,6018.00
2025-12-22 12:30:00-05:00,25.09,25.1,25.09,25.1,5394.00
2025-12-22 12:35:00-05:00,25.1,25.11,25.1,25.105,1667.00
2025-12-22 12:40:00-05:00,25.1,25.1,25.08,25.1,3859.00
2025-12-22 12:45:00-05:00,25.09,25.095,25.085,25.09,4258.00
2025-12-22 12:50:00-05:00,25.095,25.135,25.095,25.135,4448.00
2025-12-22 12:55:00-05:00,25.125,25.14,25.125,25.13,2386.00
2025-12-22 13:00:00-05:00,25.135,25.135,25.12,25.125,6196.00
2025-12-22 13:05:00-05:00,25.11,25.11,25.105,25.11,2271.00
2025-12-22 13:10:00-05:00,25.1,25.115,25.1,25.115,1311.00
2025-12-22 13:15:00-05:00,25.11,25.15,25.095,25.115,32305.00
2025-12-22 13:20:00-05:00,25.11,25.11,25.105,25.1066,3907.00
2025-12-22 13:25:00-05:00,25.105,25.12,25.095,25.105,6965.00
2025-12-22 13:30:00-05:00,25.09,25.1,25.09,25.1,1904.00
2025-12-22 13:35:00-05:00,25.1001,25.1158,25.095,25.115,8630.00
2025-12-22 13:40:00-05:00,25.12,25.145,25.12,25.145,20618.00
2025-12-22 13:45:00-05:00,25.145,25.145,25.125,25.135,4916.00
2025-12-22 13:50:00-05:00,25.135,25.14,25.11,25.1199,18988.00
2025-12-22 13:55:00-05:00,25.13,25.145,25.12,25.12,20053.00
2025-12-22 14:00:00-05:00,25.12,25.135,25.12,25.12,2974.00
2025-12-22 14:05:00-05:00,25.11,25.11,25.085,25.1,3884.00
2025-12-22 14:10:00-05:00,25.1,25.115,25.09,25.115,4324.00
2025-12-22 14:15:00-05:00,25.115,25.125,25.11,25.12,14348.00
2025-12-22 14:20:00-05:00,25.11,25.125,25.11,25.125,1887.00
2025-12-22 14:25:00-05:00,25.125,25.125,25.1216,25.125,1163.00
2025-12-22 14:30:00-05:00,25.12,25.12,25.1,25.115,7011.00
2025-12-22 14:35:00-05:00,25.12,25.12,25.105,25.105,7739.00
2025-12-22 14:40:00-05:00,25.105,25.115,25.105,25.11,3870.00
2025-12-22 14:45:00-05:00,25.115,25.115,25.1,25.105,8378.00
2025-12-22 14:50:00-05:00,25.1,25.1,25.09,25.095,2383.00
2025-12-22 14:55:00-05:00,25.0945,25.11,25.0945,25.105,10290.00
2025-12-22 15:00:00-05:00,25.11,25.12,25.1,25.115,10553.00
2025-12-22 15:05:00-05:00,25.115,25.14,25.115,25.135,11442.00
2025-12-22 15:10:00-05:00,25.14,25.145,25.135,25.1351,6616.00
2025-12-22 15:15:00-05:00,25.14,25.155,25.12,25.12,17882.00
2025-12-22 15:20:00-05:00,25.12,25.149,25.105,25.149,20563.00
2025-12-22 15:25:00-05:00,25.145,25.145,25.12,25.125,7458.00
2025-12-22 15:30:00-05:00,25.125,25.15,25.125,25.15,11109.00
2025-12-22 15:35:00-05:00,25.145,25.16,25.12,25.12,30023.00
2025-12-22 15:40:00-05:00,25.125,25.14,25.1,25.1,37042.00
2025-12-22 15:45:00-05:00,25.105,25.135,25.105,25.12,28301.00
2025-12-22 15:50:00-05:00,25.125,25.14,25.09,25.13,38801.00
2025-12-22 15:55:00-05:00,25.12,25.18,25.12,25.18,95027.00
2025-12-23 09:30:00-05:00,24.9,24.95,24.83,24.8817,87179.00
2025-12-23 09:35:00-05:00,24.828,24.855,24.77,24.78,19034.00
2025-12-23 09:40:00-05:00,24.7883,24.79,24.7,24.7,17092.00
2025-12-23 09:45:00-05:00,24.695,24.73,24.69,24.705,12597.00
2025-12-23 09:50:00-05:00,24.72,24.74,24.675,24.675,22019.00
2025-12-23 09:55:00-05:00,24.65,24.65,24.6,24.6,14410.00
2025-12-23 10:00:00-05:00,24.58,24.59,24.52,24.54,21724.00
2025-12-23 10:05:00-05:00,24.52,24.55,24.485,24.55,7598.00
2025-12-23 10:10:00-05:00,24.56,24.5699,24.5195,24.54,10454.00
2025-12-23 10:15:00-05:00,24.55,24.62,24.55,24.61,7685.00
2025-12-23 10:20:00-05:00,24.6101,24.63,24.6101,24.63,4212.00
2025-12-23 10:25:00-05:00,24.62,24.62,24.6097,24.6097,4630.00
2025-12-23 10:30:00-05:00,24.61,24.655,24.61,24.655,4053.00
2025-12-23 10:35:00-05:00,24.65,24.6598,24.64,24.6598,3559.00
2025-12-23 10:40:00-05:00,24.66,24.69,24.66,24.69,4124.00
2025-12-23 10:45:00-05:00,24.68,24.68,24.66,24.67,1352.00
2025-12-23 10:50:00-05:00,24.68,24.68,24.65,24.66,2589.00
2025-12-23 10:55:00-05:00,24.66,24.67,24.64,24.67,6849.00
2025-12-23 11:05:00-05:00,24.65,24.66,24.64,24.64,3713.00
2025-12-23 11:10:00-05:00,24.64,24.66,24.64,24.66,2699.00
2025-12-23 11:15:00-05:00,24.65,24.67,24.65,24.67,4025.00
2025-12-23 11:20:00-05:00,24.67,24.6709,24.65,24.6709,3921.00
2025-12-23 11:25:00-05:00,24.678,24.678,24.66,24.66,2803.00
2025-12-23 11:30:00-05:00,24.67,24.71,24.67,24.705,7027.00
2025-12-23 11:35:00-05:00,24.69,24.75,24.69,24.75,4871.00
2025-12-23 11:40:00-05:00,24.75,24.76,24.75,24.75,2226.00
2025-12-23 11:45:00-05:00,24.75,24.751,24.74,24.74,1972.00
2025-12-23 11:50:00-05:00,24.75,24.76,24.75,24.755,5849.00
2025-12-23 11:55:00-05:00,24.76,24.765,24.75,24.75,2291.00
2025-12-23 12:00:00-05:00,24.76,24.78,24.75,24.78,5315.00
2025-12-23 12:05:00-05:00,24.79,24.8058,24.7866,24.8058,3736.00
2025-12-23 12:10:00-05:00,24.805,24.805,24.79,24.79,1366.00
2025-12-23 12:15:00-05:00,24.7901,24.8,24.78,24.785,2456.00
2025-12-23 12:20:00-05:00,24.7957,24.82,24.7957,24.805,2533.00
2025-12-23 12:25:00-05:00,24.81,24.82,24.76,24.8,140929.00
2025-12-23 12:30:00-05:00,24.81,24.81,24.81,24.81,758.00
2025-12-23 12:35:00-05:00,24.802,24.81,24.8,24.8,4630.00
2025-12-23 12:40:00-05:00,24.8,24.8,24.78,24.78,1275.00
2025-12-23 12:45:00-05:00,24.77,24.77,24.75,24.75,1545.00
2025-12-23 12:50:00-05:00,24.74,24.75,24.7351,24.75,3641.00
2025-12-23 12:55:00-05:00,24.74,24.7402,24.74,24.7402,603.00
2025-12-23 13:00:00-05:00,24.74,24.74,24.74,24.74,1389.00
2025-12-23 13:05:00-05:00,24.74,24.75,24.74,24.75,2143.00
2025-12-23 13:10:00-05:00,24.76,24.79,24.755,24.79,4195.00
2025-12-23 13:15:00-05:00,24.78,24.8,24.775,24.8,4624.00
2025-12-23 13:20:00-05:00,24.805,24.81,24.8,24.8,3026.00
2025-12-23 13:25:00-05:00,24.81,24.81,24.8,24.8,2792.00
2025-12-23 13:30:00-05:00,24.81,24.88,24.81,24.86,15715.00
2025-12-23 13:35:00-05:00,24.87,24.87,24.85,24.86,2187.00
2025-12-23 13:40:00-05:00,24.86,24.86,24.8203,24.8275,3973.00
2025-12-23 13:45:00-05:00,24.81,24.81,24.8,24.805,4063.00
2025-12-23 13:50:00-05:00,24.81,24.81,24.805,24.805,4266.00
2025-12-23 13:55:00-05:00,24.81,24.85,24.81,24.85,4082.00
2025-12-23 14:00:00-05:00,24.84,24.845,24.84,24.845,1119.00
2025-12-23 14:05:00-05:00,24.8445,24.86,24.8445,24.86,2049.00
2025-12-23 14:10:00-05:00,24.86,24.86,24.86,24.86,611.00
2025-12-23 14:15:00-05:00,24.86,24.865,24.85,24.865,3524.00
2025-12-23 14:20:00-05:00,24.87,24.88,24.86,24.865,5372.00
2025-12-23 14:25:00-05:00,24.86,24.875,24.85,24.875,2916.00
2025-12-23 14:30:00-05:00,24.855,24.864,24.855,24.864,2187.00
2025-12-23 14:35:00-05:00,24.87,24.88,24.87,24.87,3720.00
2025-12-23 14:40:00-05:00,24.88,24.88,24.88,24.88,2604.00
2025-12-23 14:45:00-05:00,24.88,24.89,24.88,24.88,6577.00
2025-12-23 14:50:00-05:00,24.885,24.9148,24.88,24.9148,6477.00
2025-12-23 14:55:00-05:00,24.91,24.925,24.91,24.925,3264.00
2025-12-23 15:00:00-05:00,24.93,24.93,24.915,24.915,4184.00
2025-12-23 15:05:00-05:00,24.915,24.935,24.915,24.935,4987.00
2025-12-23 15:10:00-05:00,24.935,24.94,24.92,24.94,6070.00
2025-12-23 15:15:00-05:00,24.94,24.945,24.94,24.945,2277.00
2025-12-23 15:20:00-05:00,24.945,24.945,24.925,24.94,5200.00
2025-12-23 15:25:00-05:00,24.935,24.9351,24.915,24.915,5382.00
2025-12-23 15:30:00-05:00,24.915,24.93,24.912,24.925,4471.00
2025-12-23 15:35:00-05:00,24.925,24.93,24.911,24.911,6821.00
2025-12-23 15:40:00-05:00,24.915,24.921,24.9,24.9,9068.00
2025-12-23 15:45:00-05:00,24.89,24.905,24.89,24.895,9065.00
2025-12-23 15:50:00-05:00,24.895,24.91,24.875,24.91,22735.00
2025-12-23 15:55:00-05:00,24.92,24.94,24.885,24.935,67859.00
2025-12-24 09:30:00-05:00,24.69,24.855,24.6,24.855,41768.00
2025-12-24 09:35:00-05:00,24.85,24.85,24.72,24.75,19683.00
2025-12-24 09:40:00-05:00,24.76,24.8,24.7501,24.76,14221.00
2025-12-24 09:45:00-05:00,24.76,24.7791,24.74,24.74,7074.00
2025-12-24 09:50:00-05:00,24.74,24.74,24.67,24.67,33126.00
2025-12-24 09:55:00-05:00,24.667,24.667,24.64,24.645,28358.00
2025-12-24 10:00:00-05:00,24.64,24.7,24.615,24.7,53034.00
2025-12-24 10:05:00-05:00,24.71,24.73,24.705,24.71,9141.00
2025-12-24 10:10:00-05:00,24.72,24.74,24.71,24.735,3898.00
2025-12-24 10:15:00-05:00,24.74,24.742,24.705,24.72,4200.00
2025-12-24 10:20:00-05:00,24.725,24.725,24.695,24.72,7299.00
2025-12-24 10:25:00-05:00,24.725,24.725,24.675,24.71,11360.00
2025-12-24 10:30:00-05:00,24.72,24.73,24.69,24.6956,7568.00
2025-12-24 10:35:00-05:00,24.69,24.72,24.665,24.67,8565.00
2025-12-24 10:40:00-05:00,24.68,24.73,24.68,24.72,9314.00
2025-12-24 10:45:00-05:00,24.72,24.75,24.72,24.7428,7635.00
2025-12-24 10:50:00-05:00,24.7499,24.765,24.74,24.76,10202.00
2025-12-24 10:55:00-05:00,24.76,24.76,24.75,24.75,4112.00
2025-12-24 11:00:00-05:00,24.76,24.785,24.75,24.76,7850.00
2025-12-24 11:05:00-05:00,24.755,24.765,24.755,24.76,2484.00
2025-12-24 11:10:00-05:00,24.77,24.78,24.74,24.78,17015.00
2025-12-24 11:15:00-05:00,24.76,24.77,24.735,24.77,9576.00
2025-12-24 11:20:00-05:00,24.765,24.78,24.695,24.71,18821.00
2025-12-24 11:25:00-05:00,24.72,24.735,24.72,24.735,2436.00
2025-12-24 11:30:00-05:00,24.73,24.735,24.725,24.735,6516.00
2025-12-24 11:35:00-05:00,24.735,24.755,24.735,24.75,3484.00
2025-12-24 11:40:00-05:00,24.745,24.755,24.745,24.75,2505.00
2025-12-24 11:45:00-05:00,24.75,24.75,24.702,24.705,3844.00
2025-12-24 11:50:00-05:00,24.702,24.735,24.695,24.73,10500.00
2025-12-24 11:55:00-05:00,24.74,24.745,24.73,24.73,4325.00
2025-12-24 12:00:00-05:00,24.7256,24.76,24.725,24.75,5416.00
2025-12-24 12:05:00-05:00,24.755,24.755,24.745,24.745,3900.00
2025-12-24 12:10:00-05:00,24.745,24.75,24.735,24.75,4780.00
2025-12-24 12:15:00-05:00,24.75,24.8,24.75,24.78,34520.00
2025-12-24 12:20:00-05:00,24.77,24.77,24.74,24.75,13034.00
2025-12-24 12:25:00-05:00,24.74,24.76,24.74,24.75,3348.00
2025-12-24 12:30:00-05:00,24.755,24.775,24.74,24.74,7347.00
2025-12-24 12:35:00-05:00,24.745,24.77,24.74,24.745,14453.00
2025-12-24 12:40:00-05:00,24.755,24.765,24.74,24.74,18463.00
2025-12-24 12:45:00-05:00,24.73,24.7301,24.705,24.73,7862.00
2025-12-24 12:50:00-05:00,24.73,24.76,24.725,24.73,46779.00
2025-12-24 12:55:00-05:00,24.735,24.77,24.735,24.75,31386.00
2025-12-24 13:00:00-05:00,24.77,24.77,24.77,24.77,54977.00
2025-12-26 09:30:00-05:00,24.85,24.89,24.7,24.89,16215.00
2025-12-26 09:35:00-05:00,24.91,24.92,24.84,24.85,2556.00
2025-12-26 09:40:00-05:00,24.83,24.865,24.82,24.85,4903.00
2025-12-26 09:45:00-05:00,24.862,24.89,24.84,24.88,14746.00
2025-12-26 09:50:00-05:00,24.88,24.88,24.84,24.85,4718.00
2025-12-26 09:55:00-05:00,24.845,24.87,24.8353,24.853,6453.00
2025-12-26 10:00:00-05:00,24.85,24.865,24.83,24.83,3007.00
2025-12-26 10:05:00-05:00,24.8303,24.87,24.8303,24.87,6366.00
2025-12-26 10:10:00-05:00,24.8799,24.97,24.8799,24.93,42601.00
2025-12-26 10:15:00-05:00,24.925,25.165,24.91,25.1599,160215.00
2025-12-26 10:20:00-05:00,25.155,25.37,25.135,25.37,158147.00
2025-12-26 10:25:00-05:00,25.365,25.43,25.31,25.32,106240.00
2025-12-26 10:30:00-05:00,25.31,25.325,25.24,25.325,17473.00
2025-12-26 10:35:00-05:00,25.3499,25.35,25.16,25.16,15188.00
2025-12-26 10:40:00-05:00,25.1698,25.24,25.16,25.22,47047.00
2025-12-26 10:45:00-05:00,25.22,25.22,25.1,25.125,56627.00
2025-12-26 10:50:00-05:00,25.125,25.13,25.06,25.07,49327.00
2025-12-26 10:55:00-05:00,25.07,25.077,25.01,25.05,38781.00
2025-12-26 11:00:00-05:00,25.0499,25.06,24.8,24.83,230882.00
2025-12-26 11:05:00-05:00,24.84,24.95,24.83,24.93,31954.00
2025-12-26 11:10:00-05:00,24.9203,24.9665,24.91,24.94,16546.00
2025-12-26 11:15:00-05:00,24.94,24.96,24.88,24.88,15282.00
2025-12-26 11:20:00-05:00,24.87,24.93,24.87,24.91,22005.00
2025-12-26 11:25:00-05:00,24.92,24.92,24.89,24.9,5298.00
2025-12-26 11:30:00-05:00,24.9,24.965,24.9,24.965,10109.00
2025-12-26 11:35:00-05:00,24.98,24.98,24.97,24.975,6899.00
2025-12-26 11:40:00-05:00,24.98,25.01,24.97,24.99,18379.00
2025-12-26 11:45:00-05:00,24.99,25.005,24.95,24.96,26173.00
2025-12-26 11:50:00-05:00,24.96,24.99,24.95,24.95,7185.00
2025-12-26 11:55:00-05:00,24.95,24.98,24.95,24.98,2267.00
2025-12-26 12:00:00-05:00,24.98,24.99,24.975,24.98,2140.00
2025-12-26 12:05:00-05:00,24.98,24.98,24.95,24.96,3818.00
2025-12-26 12:10:00-05:00,24.96,24.96,24.94,24.945,2453.00
2025-12-26 12:15:00-05:00,24.94,24.945,24.93,24.94,1802.00
2025-12-26 12:20:00-05:00,24.94,24.94,24.925,24.93,2089.00
2025-12-26 12:25:00-05:00,24.94,24.955,24.94,24.95,3408.00
2025-12-26 12:30:00-05:00,24.95,24.98,24.95,24.95,5800.00
2025-12-26 12:35:00-05:00,24.95,24.95,24.93,24.95,4544.00
2025-12-26 12:40:00-05:00,24.95,24.96,24.94,24.94,2691.00
2025-12-26 12:45:00-05:00,24.94,24.94,24.93,24.94,2822.00
2025-12-26 12:50:00-05:00,24.93,24.94,24.92,24.92,2181.00
2025-12-26 12:55:00-05:00,24.915,24.9186,24.895,24.9,7159.00
2025-12-26 13:00:00-05:00,24.905,24.905,24.905,24.905,404.00
2025-12-26 13:05:00-05:00,24.905,24.91,24.9007,24.905,3463.00
2025-12-26 13:10:00-05:00,24.91,24.91,24.9,24.9,1775.00
2025-12-26 13:15:00-05:00,24.9,24.9,24.894,24.9,8153.00
2025-12-26 13:20:00-05:00,24.9,24.92,24.9,24.915,5670.00
2025-12-26 13:25:00-05:00,24.91,24.935,24.91,24.925,7852.00
2025-12-26 13:30:00-05:00,24.925,24.93,24.915,24.92,2393.00
2025-12-26 13:35:00-05:00,24.9112,24.9225,24.9112,24.9225,1587.00
2025-12-26 13:40:00-05:00,24.92,24.97,24.92,24.955,30011.00
2025-12-26 13:45:00-05:00,24.95,24.955,24.94,24.95,8883.00
2025-12-26 13:50:00-05:00,24.955,24.97,24.95,24.97,2519.00
2025-12-26 13:55:00-05:00,24.97,24.97,24.96,24.965,2445.00
2025-12-26 14:00:00-05:00,24.96,24.96,24.934,24.94,7102.00
2025-12-26 14:05:00-05:00,24.94,24.945,24.935,24.945,2733.00
2025-12-26 14:10:00-05:00,24.945,24.945,24.93,24.935,2910.00
2025-12-26 14:15:00-05:00,24.94,24.97,24.94,24.965,12645.00
2025-12-26 14:20:00-05:00,24.96,24.98,24.95,24.98,5654.00
2025-12-26 14:25:00-05:00,24.99,24.99,24.965,24.965,3123.00
2025-12-26 14:30:00-05:00,24.96,24.965,24.95,24.965,2197.00
2025-12-26 14:35:00-05:00,24.96,24.965,24.955,24.965,1394.00
2025-12-26 14:40:00-05:00,24.965,24.975,24.95,24.96,3539.00
2025-12-26 14:45:00-05:00,24.96,24.97,24.95,24.96,4924.00
2025-12-26 14:50:00-05:00,24.96,24.96,24.955,24.955,2209.00
2025-12-26 14:55:00-05:00,24.95,24.97,24.95,24.97,3182.00
2025-12-26 15:00:00-05:00,24.965,24.98,24.96,24.96,10056.00
2025-12-26 15:05:00-05:00,24.955,24.985,24.95,24.985,8814.00
2025-12-26 15:10:00-05:00,24.985,24.99,24.9701,24.99,7948.00
2025-12-26 15:15:00-05:00,24.985,25.01,24.985,25.005,3930.00
2025-12-26 15:20:00-05:00,25.01,25.04,25.01,25.04,8955.00
2025-12-26 15:25:00-05:00,25.035,25.04,25.02,25.02,10923.00
2025-12-26 15:30:00-05:00,25.02,25.02,25.005,25.02,4849.00
2025-12-26 15:35:00-05:00,25.02,25.02,24.99,24.99,10631.00
2025-12-26 15:40:00-05:00,24.99,24.995,24.98,24.985,20718.00
2025-12-26 15:45:00-05:00,24.98,24.985,24.955,24.96,16061.00
2025-12-26 15:50:00-05:00,24.96,24.962,24.925,24.945,25892.00
2025-12-26 15:55:00-05:00,24.95,24.97,24.915,24.965,58532.00
2025-12-29 09:30:00-05:00,24.23,24.47,24.17,24.46,72931.00
2025-12-29 09:35:00-05:00,24.48,24.525,24.41,24.41,13637.00
2025-12-29 09:40:00-05:00,24.41,24.5,24.41,24.48,26975.00
2025-12-29 09:45:00-05:00,24.485,24.485,24.42,24.425,33602.00
2025-12-29 09:50:00-05:00,24.44,24.45,24.4,24.43,19269.00
2025-12-29 09:55:00-05:00,24.44,24.445,24.41,24.44,9779.00
2025-12-29 10:00:00-05:00,24.44,24.46,24.43,24.45,26305.00
2025-12-29 10:05:00-05:00,24.45,24.48,24.44,24.45,9272.00
2025-12-29 10:10:00-05:00,24.45,24.48,24.43,24.44,58137.00
2025-12-29 10:15:00-05:00,24.43,24.51,24.43,24.46,31993.00
2025-12-29 10:20:00-05:00,24.45,24.48,24.44,24.47,6086.00
2025-12-29 10:25:00-05:00,24.465,24.5,24.465,24.48,18289.00
2025-12-29 10:30:00-05:00,24.48,24.48,24.46,24.47,8975.00
2025-12-29 10:35:00-05:00,24.4741,24.5,24.43,24.45,13032.00
2025-12-29 10:40:00-05:00,24.46,24.46,24.45,24.45,1164.00
2025-12-29 10:45:00-05:00,24.47,24.47,24.43,24.43,11203.00
2025-12-29 10:50:00-05:00,24.421,24.45,24.415,24.44,19638.00
2025-12-29 10:55:00-05:00,24.4491,24.5,24.4491,24.47,10932.00
2025-12-29 11:00:00-05:00,24.48,24.505,24.475,24.505,14969.00
2025-12-29 11:05:00-05:00,24.505,24.505,24.485,24.5,7565.00
2025-12-29 11:10:00-05:00,24.51,24.54,24.51,24.5232,7152.00
2025-12-29 11:15:00-05:00,24.52,24.52,24.495,24.51,5951.00
2025-12-29 11:20:00-05:00,24.52,24.52,24.5,24.52,7795.00
2025-12-29 11:25:00-05:00,24.51,24.51,24.49,24.49,7725.00
2025-12-29 11:30:00-05:00,24.4999,24.51,24.48,24.49,5237.00
2025-12-29 11:35:00-05:00,24.4842,24.51,24.48,24.49,8929.00
2025-12-29 11:40:00-05:00,24.48,24.48,24.47,24.475,4523.00
2025-12-29 11:45:00-05:00,24.49,24.5101,24.49,24.51,3063.00
2025-12-29 11:50:00-05:00,24.52,24.535,24.495,24.495,17094.00
2025-12-29 11:55:00-05:00,24.4944,24.495,24.47,24.48,6171.00
2025-12-29 12:00:00-05:00,24.4721,24.478,24.47,24.47,4386.00
2025-12-29 12:05:00-05:00,24.465,24.465,24.435,24.445,14531.00
2025-12-29 12:10:00-05:00,24.44,24.49,24.44,24.49,8556.00
2025-12-29 12:15:00-05:00,24.48,24.5,24.475,24.5,7423.00
2025-12-29 12:20:00-05:00,24.49,24.49,24.47,24.47,5311.00
2025-12-29 12:25:00-05:00,24.47,24.475,24.462,24.47,4396.00
2025-12-29 12:30:00-05:00,24.465,24.48,24.465,24.475,3421.00
2025-12-29 12:35:00-05:00,24.47,24.47,24.45,24.4535,3812.00
2025-12-29 12:40:00-05:00,24.455,24.4656,24.45,24.461,4815.00
2025-12-29 12:45:00-05:00,24.46,24.472,24.45,24.455,5540.00
2025-12-29 12:50:00-05:00,24.45,24.46,24.435,24.46,6899.00
2025-12-29 12:55:00-05:00,24.46,24.47,24.46,24.465,2361.00
2025-12-29 13:00:00-05:00,24.47,24.47,24.455,24.47,3729.00
2025-12-29 13:05:00-05:00,24.47,24.47,24.44,24.44,8812.00
2025-12-29 13:10:00-05:00,24.43,24.435,24.4225,24.435,11020.00
2025-12-29 13:15:00-05:00,24.44,24.465,24.44,24.465,4664.00
2025-12-29 13:20:00-05:00,24.46,24.49,24.46,24.475,16910.00
2025-12-29 13:25:00-05:00,24.47,24.47,24.45,24.455,3748.00
2025-12-29 13:30:00-05:00,24.46,24.46,24.45,24.46,2416.00
2025-12-29 13:35:00-05:00,24.46,24.465,24.455,24.455,3321.00
2025-12-29 13:40:00-05:00,24.455,24.46,24.45,24.46,4632.00
2025-12-29 13:45:00-05:00,24.455,24.47,24.455,24.47,6969.00
2025-12-29 13:50:00-05:00,24.465,24.475,24.465,24.47,2411.00
2025-12-29 13:55:00-05:00,24.46,24.46,24.435,24.445,4429.00
2025-12-29 14:00:00-05:00,24.445,24.455,24.445,24.45,3329.00
2025-12-29 14:05:00-05:00,24.4586,24.465,24.4503,24.4503,4429.00
2025-12-29 14:10:00-05:00,24.455,24.46,24.44,24.455,12593.00
2025-12-29 14:15:00-05:00,24.45,24.46,24.445,24.46,6421.00
2025-12-29 14:20:00-05:00,24.455,24.49,24.455,24.49,15987.00
2025-12-29 14:25:00-05:00,24.48,24.495,24.475,24.485,7240.00
2025-12-29 14:30:00-05:00,24.49,24.52,24.485,24.52,20196.00
2025-12-29 14:35:00-05:00,24.52,24.53,24.5,24.505,7290.00
2025-12-29 14:40:00-05:00,24.51,24.53,24.51,24.53,7337.00
2025-12-29 14:45:00-05:00,24.52,24.5956,24.52,24.5956,33536.00
2025-12-29 14:50:00-05:00,24.595,24.615,24.57,24.58,27960.00
2025-12-29 14:55:00-05:00,24.58,24.61,24.57,24.57,26046.00
2025-12-29 15:00:00-05:00,24.56,24.61,24.56,24.61,38704.00
2025-12-29 15:05:00-05:00,24.605,24.61,24.595,24.6,4278.00
2025-12-29 15:10:00-05:00,24.61,24.63,24.605,24.63,4763.00
2025-12-29 15:15:00-05:00,24.625,24.63,24.62,24.62,5951.00
2025-12-29 15:20:00-05:00,24.625,24.64,24.625,24.635,8601.00
2025-12-29 15:25:00-05:00,24.64,24.66,24.64,24.66,5175.00
2025-12-29 15:30:00-05:00,24.66,24.6623,24.65,24.655,2928.00
2025-12-29 15:35:00-05:00,24.65,24.65,24.63,24.63,9813.00
2025-12-29 15:40:00-05:00,24.63,24.655,24.62,24.655,20600.00
2025-12-29 15:45:00-05:00,24.65,24.66,24.635,24.641,16044.00
2025-12-29 15:50:00-05:00,24.65,24.665,24.6301,24.645,29474.00
2025-12-29 15:55:00-05:00,24.65,24.66,24.63,24.65,84446.00
2025-12-30 09:30:00-05:00,24.64,24.77,24.64,24.705,129528.00
2025-12-30 09:35:00-05:00,24.71,24.73,24.61,24.61,25839.00
2025-12-30 09:40:00-05:00,24.6391,24.66,24.58,24.59,27606.00
2025-12-30 09:45:00-05:00,24.58,24.66,24.58,24.63,39640.00
2025-12-30 09:50:00-05:00,24.625,24.635,24.57,24.575,41508.00
2025-12-30 09:55:00-05:00,24.5899,24.5899,24.53,24.535,30872.00
2025-12-30 10:00:00-05:00,24.53,24.54,24.455,24.47,26270.00
2025-12-30 10:05:00-05:00,24.49,24.56,24.47,24.51,21969.00
2025-12-30 10:10:00-05:00,24.5,24.51,24.48,24.5,17719.00
2025-12-30 10:15:00-05:00,24.505,24.56,24.505,24.56,23539.00
2025-12-30 10:20:00-05:00,24.56,24.56,24.52,24.54,22432.00
2025-12-30 10:25:00-05:00,24.53,24.55,24.5,24.51,12368.00
2025-12-30 10:30:00-05:00,24.51,24.51,24.485,24.485,8913.00
2025-12-30 10:35:00-05:00,24.49,24.53,24.47,24.475,28564.00
2025-12-30 10:40:00-05:00,24.475,24.49,24.46,24.48,11324.00
2025-12-30 10:45:00-05:00,24.48,24.48,24.47,24.48,5572.00
2025-12-30 10:50:00-05:00,24.47,24.51,24.47,24.48,16180.00
2025-12-30 10:55:00-05:00,24.49,24.5,24.475,24.48,15773.00
2025-12-30 11:00:00-05:00,24.48,24.485,24.46,24.48,9228.00
2025-12-30 11:05:00-05:00,24.48,24.49,24.47,24.49,6892.00
2025-12-30 11:10:00-05:00,24.49,24.51,24.46,24.5001,17967.00
2025-12-30 11:15:00-05:00,24.5051,24.525,24.5,24.525,19424.00
2025-12-30 11:20:00-05:00,24.525,24.58,24.525,24.56,34919.00
2025-12-30 11:25:00-05:00,24.565,24.62,24.565,24.57,47942.00
2025-12-30 11:30:00-05:00,24.58,24.59,24.56,24.56,7403.00
2025-12-30 11:35:00-05:00,24.56,24.56,24.515,24.525,10929.00
2025-12-30 11:40:00-05:00,24.525,24.54,24.52,24.535,5578.00
2025-12-30 11:45:00-05:00,24.535,24.54,24.52,24.53,4032.00
2025-12-30 11:50:00-05:00,24.53,24.532,24.51,24.5299,9790.00
2025-12-30 11:55:00-05:00,24.525,24.54,24.52,24.52,5945.00
2025-12-30 12:00:00-05:00,24.52,24.53,24.51,24.52,8876.00
2025-12-30 12:05:00-05:00,24.525,24.54,24.51,24.52,19883.00
2025-12-30 12:10:00-05:00,24.52,24.53,24.515,24.515,6243.00
2025-12-30 12:15:00-05:00,24.51,24.52,24.51,24.51,6785.00
2025-12-30 12:20:00-05:00,24.52,24.52,24.505,24.505,5050.00
2025-12-30 12:25:00-05:00,24.5,24.51,24.495,24.5,12215.00
2025-12-30 12:30:00-05:00,24.5,24.51,24.49,24.505,14973.00
2025-12-30 12:35:00-05:00,24.5,24.505,24.47,24.485,11066.00
2025-12-30 12:40:00-05:00,24.484,24.4897,24.46,24.46,9086.00
2025-12-30 12:45:00-05:00,24.46,24.46,24.445,24.46,6540.00
2025-12-30 12:50:00-05:00,24.45,24.47,24.44,24.46,15585.00
2025-12-30 12:55:00-05:00,24.45,24.48,24.45,24.475,10786.00
2025-12-30 13:00:00-05:00,24.475,24.475,24.46,24.465,7664.00
2025-12-30 13:05:00-05:00,24.46,24.505,24.46,24.49,56978.00
2025-12-30 13:10:00-05:00,24.482,24.49,24.465,24.465,11936.00
2025-12-30 13:15:00-05:00,24.4638,24.4694,24.46,24.465,2846.00
2025-12-30 13:20:00-05:00,24.465,24.475,24.465,24.475,7157.00
2025-12-30 13:25:00-05:00,24.475,24.475,24.4602,24.47,9345.00
2025-12-30 13:30:00-05:00,24.47,24.47,24.46,24.46,5021.00
2025-12-30 13:35:00-05:00,24.465,24.47,24.455,24.46,13588.00
2025-12-30 13:40:00-05:00,24.455,24.455,24.44,24.445,11338.00
2025-12-30 13:45:00-05:00,24.45,24.465,24.445,24.465,14498.00
2025-12-30 13:50:00-05:00,24.465,24.469,24.46,24.465,2602.00
2025-12-30 13:55:00-05:00,24.465,24.465,24.452,24.46,10841.00
2025-12-30 14:00:00-05:00,24.465,24.465,24.46,24.46,1639.00
2025-12-30 14:05:00-05:00,24.4627,24.4699,24.46,24.465,3235.00
2025-12-30 14:10:00-05:00,24.46,24.475,24.46,24.47,10996.00
2025-12-30 14:15:00-05:00,24.465,24.54,24.465,24.505,77759.00
2025-12-30 14:20:00-05:00,24.505,24.505,24.49,24.5,2096.00
2025-12-30 14:25:00-05:00,24.5,24.5,24.485,24.485,8246.00
2025-12-30 14:30:00-05:00,24.485,24.485,24.44,24.455,28192.00
2025-12-30 14:35:00-05:00,24.455,24.46,24.45,24.45,20129.00
2025-12-30 14:40:00-05:00,24.455,24.4775,24.45,24.475,39978.00
2025-12-30 14:45:00-05:00,24.47,24.485,24.455,24.455,27558.00
2025-12-30 14:50:00-05:00,24.455,24.565,24.455,24.565,18735.00
2025-12-30 14:55:00-05:00,24.565,24.595,24.56,24.595,11842.00
2025-12-30 15:00:00-05:00,24.5951,24.6,24.57,24.58,11733.00
2025-12-30 15:05:00-05:00,24.58,24.59,24.575,24.58,7049.00
2025-12-30 15:10:00-05:00,24.58,24.58,24.56,24.57,9256.00
2025-12-30 15:15:00-05:00,24.57,24.58,24.56,24.56,4540.00
2025-12-30 15:20:00-05:00,24.56,24.565,24.55,24.55,3784.00
2025-12-30 15:25:00-05:00,24.55,24.56,24.55,24.55,7406.00
2025-12-30 15:30:00-05:00,24.55,24.565,24.55,24.565,5736.00
2025-12-30 15:35:00-05:00,24.56,24.58,24.56,24.58,8432.00
2025-12-30 15:40:00-05:00,24.58,24.595,24.57,24.57,28593.00
2025-12-30 15:45:00-05:00,24.58,24.59,24.57,24.58,14613.00
2025-12-30 15:50:00-05:00,24.57,24.572,24.525,24.56,45233.00
2025-12-30 15:55:00-05:00,24.555,24.57,24.545,24.565,51555.00
2025-12-31 09:30:00-05:00,24.63,24.77,24.6,24.765,104550.00
2025-12-31 09:35:00-05:00,24.77,24.77,24.685,24.7,37746.00
2025-12-31 09:40:00-05:00,24.69,24.69,24.625,24.67,42148.00
2025-12-31 09:45:00-05:00,24.66,24.66,24.61,24.61,9834.00
2025-12-31 09:50:00-05:00,24.62,24.62,24.56,24.57,20865.00
2025-12-31 09:55:00-05:00,24.58,24.62,24.57,24.6,10866.00
2025-12-31 10:00:00-05:00,24.61,24.62,24.53,24.57,46501.00
2025-12-31 10:05:00-05:00,24.58,24.58,24.53,24.555,18697.00
2025-12-31 10:10:00-05:00,24.54,24.5422,24.5202,24.53,4910.00
2025-12-31 10:15:00-05:00,24.55,24.55,24.54,24.54,3767.00
2025-12-31 10:20:00-05:00,24.54,24.55,24.525,24.55,6852.00
2025-12-31 10:25:00-05:00,24.5599,24.565,24.54,24.54,5844.00
2025-12-31 10:30:00-05:00,24.55,24.58,24.55,24.565,2752.00
2025-12-31 10:35:00-05:00,24.56,24.57,24.47,24.48,37368.00
2025-12-31 10:40:00-05:00,24.485,24.53,24.485,24.51,10935.00
2025-12-31 10:45:00-05:00,24.505,24.53,24.505,24.52,4414.00
2025-12-31 10:50:00-05:00,24.51,24.53,24.5,24.52,9437.00
2025-12-31 10:55:00-05:00,24.51,24.52,24.48,24.505,5981.00
2025-12-31 11:00:00-05:00,24.505,24.52,24.48,24.52,11670.00
2025-12-31 11:05:00-05:00,24.515,24.525,24.51,24.52,8603.00
2025-12-31 11:10:00-05:00,24.52,24.54,24.52,24.5399,5196.00
2025-12-31 11:15:00-05:00,24.535,24.54,24.53,24.54,9471.00
2025-12-31 11:20:00-05:00,24.545,24.55,24.545,24.545,5053.00
2025-12-31 11:25:00-05:00,24.545,24.545,24.53,24.53,4617.00
2025-12-31 11:30:00-05:00,24.5286,24.53,24.51,24.51,3578.00
2025-12-31 11:35:00-05:00,24.505,24.53,24.505,24.53,7720.00
2025-12-31 11:40:00-05:00,24.52,24.52,24.505,24.51,5646.00
2025-12-31 11:45:00-05:00,24.5199,24.525,24.513,24.52,2976.00
2025-12-31 11:50:00-05:00,24.52,24.52,24.51,24.515,4203.00
2025-12-31 11:55:00-05:00,24.52,24.53,24.52,24.53,4284.00
2025-12-31 12:00:00-05:00,24.525,24.535,24.52,24.52,7446.00
2025-12-31 12:05:00-05:00,24.5144,24.515,24.51,24.51,846.00
2025-12-31 12:10:00-05:00,24.51,24.5244,24.505,24.5244,13281.00
2025-12-31 12:15:00-05:00,24.525,24.54,24.525,24.54,4210.00
2025-12-31 12:20:00-05:00,24.53,24.53,24.525,24.53,1181.00
2025-12-31 12:25:00-05:00,24.535,24.54,24.5303,24.5303,1301.00
2025-12-31 12:30:00-05:00,24.535,24.5425,24.53,24.5301,6080.00
2025-12-31 12:35:00-05:00,24.53,24.5451,24.53,24.535,3581.00
2025-12-31 12:40:00-05:00,24.5392,24.545,24.53,24.53,6229.00
2025-12-31 12:45:00-05:00,24.54,24.55,24.53,24.55,6488.00
2025-12-31 12:50:00-05:00,24.5425,24.57,24.5425,24.57,7489.00
2025-12-31 12:55:00-05:00,24.57,24.57,24.555,24.57,11506.00
2025-12-31 13:00:00-05:00,24.5755,24.5755,24.565,24.565,3057.00
2025-12-31 13:05:00-05:00,24.565,24.585,24.56,24.585,2457.00
2025-12-31 13:10:00-05:00,24.59,24.61,24.59,24.595,6409.00
2025-12-31 13:15:00-05:00,24.605,24.63,24.605,24.62,14885.00
2025-12-31 13:20:00-05:00,24.62,24.675,24.615,24.66,48130.00
2025-12-31 13:25:00-05:00,24.66,24.66,24.64,24.645,7142.00
2025-12-31 13:30:00-05:00,24.645,24.645,24.63,24.64,2185.00
2025-12-31 13:35:00-05:00,24.63,24.645,24.63,24.64,6860.00
2025-12-31 13:40:00-05:00,24.635,24.635,24.63,24.635,825.00
2025-12-31 13:45:00-05:00,24.635,24.6357,24.63,24.63,5913.00
2025-12-31 13:50:00-05:00,24.64,24.64,24.625,24.63,1846.00
2025-12-31 13:55:00-05:00,24.63,24.63,24.62,24.625,3787.00
2025-12-31 14:00:00-05:00,24.63,24.63,24.63,24.63,404.00
2025-12-31 14:05:00-05:00,24.64,24.64,24.63,24.63,1043.00
2025-12-31 14:10:00-05:00,24.63,24.63,24.62,24.62,4033.00
2025-12-31 14:15:00-05:00,24.62,24.62,24.6,24.61,5347.00
2025-12-31 14:20:00-05:00,24.61,24.63,24.61,24.63,3256.00
2025-12-31 14:25:00-05:00,24.63,24.63,24.625,24.625,1283.00
2025-12-31 14:30:00-05:00,24.625,24.625,24.6,24.6,1542.00
2025-12-31 14:35:00-05:00,24.602,24.61,24.6,24.61,3265.00
2025-12-31 14:40:00-05:00,24.605,24.62,24.605,24.61,4369.00
2025-12-31 14:45:00-05:00,24.61,24.61,24.605,24.61,1970.00
2025-12-31 14:50:00-05:00,24.6,24.6,24.58,24.58,3706.00
2025-12-31 14:55:00-05:00,24.58,24.58,24.57,24.57,2372.00
2025-12-31 15:00:00-05:00,24.5701,24.5701,24.555,24.56,6584.00
2025-12-31 15:05:00-05:00,24.5693,24.5693,24.55,24.55,6082.00
2025-12-31 15:10:00-05:00,24.545,24.55,24.532,24.545,11787.00
2025-12-31 15:15:00-05:00,24.545,24.55,24.53,24.53,8336.00
2025-12-31 15:20:00-05:00,24.5393,24.56,24.535,24.56,9456.00
2025-12-31 15:25:00-05:00,24.555,24.555,24.54,24.55,4972.00
2025-12-31 15:30:00-05:00,24.545,24.56,24.54,24.555,9942.00
2025-12-31 15:35:00-05:00,24.56,24.565,24.555,24.565,8832.00
2025-12-31 15:40:00-05:00,24.56,24.64,24.56,24.605,35751.00
2025-12-31 15:45:00-05:00,24.605,24.62,24.575,24.61,10650.00
2025-12-31 15:50:00-05:00,24.62,24.625,24.5844,24.62,27434.00
2025-12-31 15:55:00-05:00,24.62,24.64,24.59,24.59,67774.00
2026-01-02 09:30:00-05:00,25.905,26.292,25.9,25.98,379870.00
2026-01-02 09:35:00-05:00,25.98,26.16,25.92,26.05,148227.00
2026-01-02 09:40:00-05:00,26.06,26.12,25.95,26.06,59112.00
2026-01-02 09:45:00-05:00,26.065,26.11,26.01,26.065,48480.00
2026-01-02 09:50:00-05:00,26.05,26.13,26.01,26.08,61095.00
2026-01-02 09:55:00-05:00,26.08,26.09,25.88,26,261621.00
2026-01-02 10:00:00-05:00,26.025,26.14,25.99,26.14,71409.00
2026-01-02 10:05:00-05:00,26.14,26.25,26.11,26.165,80633.00
2026-01-02 10:10:00-05:00,26.2,26.22,26.09,26.13,35735.00
2026-01-02 10:15:00-05:00,26.122,26.24,26.12,26.23,33489.00
2026-01-02 10:20:00-05:00,26.23,26.36,26.22,26.285,110210.00
2026-01-02 10:25:00-05:00,26.29,26.36,26.25,26.25,90275.00
2026-01-02 10:30:00-05:00,26.25,26.355,26.25,26.3,67895.00
2026-01-02 10:35:00-05:00,26.295,26.345,26.29,26.34,34613.00
2026-01-02 10:40:00-05:00,26.36,26.38,26.28,26.295,53094.00
2026-01-02 10:45:00-05:00,26.295,26.38,26.295,26.3,28087.00
2026-01-02 10:50:00-05:00,26.298,26.31,26.2365,26.265,22232.00
2026-01-02 10:55:00-05:00,26.265,26.32,26.265,26.29,19005.00
2026-01-02 11:00:00-05:00,26.29,26.33,26.255,26.28,15990.00
2026-01-02 11:05:00-05:00,26.285,26.286,26.235,26.28,23464.00
2026-01-02 11:10:00-05:00,26.29,26.336,26.2607,26.27,12790.00
2026-01-02 11:15:00-05:00,26.28,26.29,26.2249,26.24,16627.00
2026-01-02 11:20:00-05:00,26.24,26.26,26.22,26.23,25329.00
2026-01-02 11:25:00-05:00,26.24,26.28,26.23,26.265,8873.00
2026-01-02 11:30:00-05:00,26.265,26.29,26.24,26.29,10271.00
2026-01-02 11:35:00-05:00,26.28,26.325,26.28,26.32,16228.00
2026-01-02 11:40:00-05:00,26.31,26.35,26.3,26.325,9142.00
2026-01-02 11:45:00-05:00,26.32,26.34,26.31,26.325,15210.00
2026-01-02 11:50:00-05:00,26.325,26.33,26.295,26.32,27129.00
2026-01-02 11:55:00-05:00,26.32,26.39,26.32,26.3793,26428.00
2026-01-02 12:00:00-05:00,26.375,26.435,26.33,26.355,86196.00
2026-01-02 12:05:00-05:00,26.355,26.38,26.345,26.37,19060.00
2026-01-02 12:10:00-05:00,26.36,26.41,26.35,26.41,16894.00
2026-01-02 12:15:00-05:00,26.41,26.48,26.41,26.45,21497.00
2026-01-02 12:20:00-05:00,26.4501,26.4501,26.4,26.4,10544.00
2026-01-02 12:25:00-05:00,26.4,26.415,26.39,26.415,14001.00
2026-01-02 12:30:00-05:00,26.42,26.44,26.39,26.39,46588.00
2026-01-02 12:35:00-05:00,26.3903,26.42,26.3903,26.4,8431.00
2026-01-02 12:40:00-05:00,26.41,26.41,26.325,26.34,24413.00
2026-01-02 12:45:00-05:00,26.34,26.355,26.31,26.325,40989.00
2026-01-02 12:50:00-05:00,26.32,26.34,26.3,26.32,21485.00
2026-01-02 12:55:00-05:00,26.33,26.38,26.33,26.36,10545.00
2026-01-02 13:00:00-05:00,26.3773,26.385,26.34,26.36,12706.00
2026-01-02 13:05:00-05:00,26.36,26.41,26.33,26.403,18579.00
2026-01-02 13:10:00-05:00,26.4045,26.4045,26.3624,26.37,14875.00
2026-01-02 13:15:00-05:00,26.37,26.4,26.37,26.38,4525.00
2026-01-02 13:20:00-05:00,26.38,26.41,26.37,26.39,8904.00
2026-01-02 13:25:00-05:00,26.385,26.4,26.375,26.39,7436.00
2026-01-02 13:30:00-05:00,26.39,26.4,26.36,26.38,73798.00
2026-01-02 13:35:00-05:00,26.385,26.415,26.38,26.3901,9682.00
2026-01-02 13:40:00-05:00,26.395,26.41,26.39,26.41,9849.00
2026-01-02 13:45:00-05:00,26.41,26.435,26.375,26.375,12681.00
2026-01-02 13:50:00-05:00,26.37,26.385,26.37,26.38,14306.00
2026-01-02 13:55:00-05:00,26.37,26.395,26.37,26.385,10328.00
2026-01-02 14:00:00-05:00,26.39,26.41,26.39,26.4,9268.00
2026-01-02 14:05:00-05:00,26.405,26.425,26.38,26.39,14853.00
2026-01-02 14:10:00-05:00,26.39,26.42,26.38,26.42,15128.00
2026-01-02 14:15:00-05:00,26.415,26.421,26.4,26.42,5072.00
2026-01-02 14:20:00-05:00,26.41,26.43,26.405,26.43,13282.00
2026-01-02 14:25:00-05:00,26.43,26.455,26.43,26.45,14625.00
2026-01-02 14:30:00-05:00,26.45,26.49,26.45,26.463,11801.00
2026-01-02 14:35:00-05:00,26.466,26.4896,26.466,26.475,15880.00
2026-01-02 14:40:00-05:00,26.475,26.4899,26.47,26.47,11614.00
2026-01-02 14:45:00-05:00,26.47,26.4899,26.455,26.46,8114.00
2026-01-02 14:50:00-05:00,26.46,26.46,26.44,26.449,13293.00
2026-01-02 14:55:00-05:00,26.44,26.445,26.415,26.425,13236.00
2026-01-02 15:00:00-05:00,26.43,26.4384,26.415,26.43,13017.00
2026-01-02 15:05:00-05:00,26.435,26.455,26.435,26.455,9275.00
2026-01-02 15:10:00-05:00,26.46,26.465,26.445,26.455,10997.00
2026-01-02 15:15:00-05:00,26.45,26.47,26.445,26.465,21608.00
2026-01-02 15:20:00-05:00,26.47,26.48,26.44,26.47,20318.00
2026-01-02 15:25:00-05:00,26.465,26.495,26.46,26.495,17989.00
2026-01-02 15:30:00-05:00,26.49,26.49,26.44,26.44,22377.00
2026-01-02 15:35:00-05:00,26.435,26.445,26.4,26.42,25981.00
2026-01-02 15:40:00-05:00,26.41,26.41,26.36,26.37,51229.00
2026-01-02 15:45:00-05:00,26.375,26.41,26.375,26.395,39691.00
2026-01-02 15:50:00-05:00,26.39,26.395,26.335,26.365,94238.00
2026-01-02 15:55:00-05:00,26.365,26.38,26.325,26.36,252399.00
2026-01-05 09:30:00-05:00,26.69,26.94,26.61,26.65,157251.00
2026-01-05 09:35:00-05:00,26.65,26.657,26.52,26.6,55575.00
2026-01-05 09:40:00-05:00,26.6,26.66,26.55,26.645,37416.00
2026-01-05 09:45:00-05:00,26.645,26.705,26.595,26.655,36442.00
2026-01-05 09:50:00-05:00,26.655,26.7,26.62,26.685,32552.00
2026-01-05 09:55:00-05:00,26.7,26.78,26.69,26.73,47309.00
2026-01-05 10:00:00-05:00,26.71,26.8,26.67,26.72,106995.00
2026-01-05 10:05:00-05:00,26.72,26.74,26.63,26.64,31814.00
2026-01-05 10:10:00-05:00,26.65,26.68,26.6,26.621,79479.00
2026-01-05 10:15:00-05:00,26.63,26.69,26.61,26.69,71733.00
2026-01-05 10:20:00-05:00,26.69,26.785,26.69,26.785,35063.00
2026-01-05 10:25:00-05:00,26.775,26.81,26.74,26.76,25454.00
2026-01-05 10:30:00-05:00,26.75,26.83,26.75,26.825,43995.00
2026-01-05 10:35:00-05:00,26.825,26.85,26.77,26.8479,47178.00
2026-01-05 10:40:00-05:00,26.85,26.89,26.84,26.875,14089.00
2026-01-05 10:45:00-05:00,26.9,26.91,26.87,26.88,27140.00
2026-01-05 10:50:00-05:00,26.88,26.915,26.88,26.9,18824.00
2026-01-05 10:55:00-05:00,26.905,26.97,26.905,26.96,22259.00
2026-01-05 11:00:00-05:00,26.95,26.98,26.94,26.9599,17996.00
2026-01-05 11:05:00-05:00,26.95,26.95,26.91,26.945,52309.00
2026-01-05 11:10:00-05:00,26.94,26.98,26.94,26.975,11057.00
2026-01-05 11:15:00-05:00,26.9799,27.01,26.94,26.96,92224.00
2026-01-05 11:20:00-05:00,26.96,26.96,26.93,26.94,16304.00
2026-01-05 11:25:00-05:00,26.94,26.94,26.93,26.94,15173.00
2026-01-05 11:30:00-05:00,26.945,26.98,26.945,26.975,14861.00
2026-01-05 11:35:00-05:00,26.98,27.005,26.98,26.99,28581.00
2026-01-05 11:40:00-05:00,26.985,27,26.985,27,10959.00
2026-01-05 11:45:00-05:00,27,27.015,26.97,27,98689.00
2026-01-05 11:50:00-05:00,26.995,27,26.975,26.99,32111.00
2026-01-05 11:55:00-05:00,26.985,27,26.975,27,18654.00
2026-01-05 12:00:00-05:00,26.9961,27.015,26.965,26.985,134027.00
2026-01-05 12:05:00-05:00,26.99,27.05,26.9899,27.03,96299.00
2026-01-05 12:10:00-05:00,27.025,27.06,27.01,27.035,28458.00
2026-01-05 12:15:00-05:00,27.035,27.105,27.0187,27.1,31839.00
2026-01-05 12:20:00-05:00,27.09,27.2,27.09,27.2,36431.00
2026-01-05 12:25:00-05:00,27.2084,27.315,27.2,27.31,37516.00
2026-01-05 12:30:00-05:00,27.31,27.343,27.27,27.29,35193.00
2026-01-05 12:35:00-05:00,27.2801,27.31,27.25,27.27,23715.00
2026-01-05 12:40:00-05:00,27.27,27.275,27.2294,27.2294,29360.00
2026-01-05 12:45:00-05:00,27.2275,27.275,27.22,27.275,41618.00
2026-01-05 12:50:00-05:00,27.275,27.275,27.245,27.245,23720.00
2026-01-05 12:55:00-05:00,27.245,27.285,27.22,27.22,29616.00
2026-01-05 13:00:00-05:00,27.23,27.23,27.1398,27.17,26306.00
2026-01-05 13:05:00-05:00,27.18,27.1999,27.1715,27.19,17679.00
2026-01-05 13:10:00-05:00,27.19,27.2,27.15,27.1698,21511.00
2026-01-05 13:15:00-05:00,27.17,27.17,27.124,27.165,15647.00
2026-01-05 13:20:00-05:00,27.16,27.16,27.13,27.155,15260.00
2026-01-05 13:25:00-05:00,27.16,27.16,27.12,27.13,6548.00
2026-01-05 13:30:00-05:00,27.12,27.125,27.1,27.12,12169.00
2026-01-05 13:35:00-05:00,27.125,27.155,27.125,27.14,13083.00
2026-01-05 13:40:00-05:00,27.14,27.15,27.125,27.14,13400.00
2026-01-05 13:45:00-05:00,27.15,27.18,27.1394,27.1799,17228.00
2026-01-05 13:50:00-05:00,27.175,27.175,27.135,27.15,13265.00
2026-01-05 13:55:00-05:00,27.145,27.205,27.145,27.2,14716.00
2026-01-05 14:00:00-05:00,27.205,27.2599,27.195,27.2599,12411.00
2026-01-05 14:05:00-05:00,27.25,27.34,27.25,27.33,13455.00
2026-01-05 14:10:00-05:00,27.325,27.34,27.3,27.34,18532.00
2026-01-05 14:15:00-05:00,27.335,27.335,27.305,27.32,9006.00
2026-01-05 14:20:00-05:00,27.32,27.35,27.315,27.34,9858.00
2026-01-05 14:25:00-05:00,27.335,27.35,27.335,27.345,8812.00
2026-01-05 14:30:00-05:00,27.345,27.36,27.33,27.34,14555.00
2026-01-05 14:35:00-05:00,27.335,27.44,27.33,27.43,44019.00
2026-01-05 14:40:00-05:00,27.43,27.46,27.36,27.365,21036.00
2026-01-05 14:45:00-05:00,27.36,27.405,27.36,27.405,32979.00
2026-01-05 14:50:00-05:00,27.4,27.435,27.37,27.38,17489.00
2026-01-05 14:55:00-05:00,27.39,27.39,27.365,27.3722,8220.00
2026-01-05 15:00:00-05:00,27.37,27.39,27.345,27.385,18115.00
2026-01-05 15:05:00-05:00,27.3899,27.4,27.375,27.385,13508.00
2026-01-05 15:10:00-05:00,27.38,27.39,27.355,27.355,11478.00
2026-01-05 15:15:00-05:00,27.3532,27.42,27.34,27.4,36355.00
2026-01-05 15:20:00-05:00,27.3985,27.4,27.3845,27.39,13460.00
2026-01-05 15:25:00-05:00,27.38,27.4,27.375,27.3945,13134.00
2026-01-05 15:30:00-05:00,27.4,27.43,27.395,27.405,27534.00
2026-01-05 15:35:00-05:00,27.405,27.41,27.35,27.355,32217.00
2026-01-05 15:40:00-05:00,27.355,27.425,27.34,27.4055,62308.00
2026-01-05 15:45:00-05:00,27.405,27.44,27.38,27.38,71063.00
2026-01-05 15:50:00-05:00,27.38,27.42,27.365,27.38,147089.00
2026-01-05 15:55:00-05:00,27.38,27.415,27.32,27.32,292611.00
2026-01-06 09:30:00-05:00,27.35,27.47,27.24,27.26,84756.00
2026-01-06 09:35:00-05:00,27.26,27.31,27.22,27.29,20915.00
2026-01-06 09:40:00-05:00,27.31,27.39,27.3084,27.39,11598.00
2026-01-06 09:45:00-05:00,27.394,27.5,27.394,27.475,39827.00
2026-01-06 09:50:00-05:00,27.47,27.49,27.435,27.45,28496.00
2026-01-06 09:55:00-05:00,27.4409,27.545,27.4409,27.525,29662.00
2026-01-06 10:00:00-05:00,27.525,27.53,27.43,27.43,17260.00
2026-01-06 10:05:00-05:00,27.44,27.56,27.44,27.545,15967.00
2026-01-06 10:10:00-05:00,27.53,27.53,27.465,27.4999,12222.00
2026-01-06 10:15:00-05:00,27.49,27.49,27.41,27.415,68007.00
2026-01-06 10:20:00-05:00,27.43,27.445,27.42,27.425,20198.00
2026-01-06 10:25:00-05:00,27.44,27.5,27.42,27.45,41974.00
2026-01-06 10:30:00-05:00,27.4601,27.4601,27.435,27.44,27812.00
2026-01-06 10:35:00-05:00,27.45,27.47,27.43,27.44,27738.00
2026-01-06 10:40:00-05:00,27.43,27.48,27.355,27.39,63588.00
2026-01-06 10:45:00-05:00,27.385,27.385,27.31,27.375,128622.00
2026-01-06 10:50:00-05:00,27.385,27.44,27.385,27.3901,11451.00
2026-01-06 10:55:00-05:00,27.4,27.46,27.38,27.455,22010.00
2026-01-06 11:00:00-05:00,27.455,27.46,27.4301,27.445,14580.00
2026-01-06 11:05:00-05:00,27.4599,27.47,27.3986,27.43,23370.00
2026-01-06 11:10:00-05:00,27.42,27.46,27.415,27.43,10022.00
2026-01-06 11:15:00-05:00,27.43,27.4599,27.38,27.39,13509.00
2026-01-06 11:20:00-05:00,27.3895,27.42,27.37,27.41,8319.00
2026-01-06 11:25:00-05:00,27.4,27.43,27.35,27.395,40056.00
2026-01-06 11:30:00-05:00,27.395,27.43,27.36,27.365,38957.00
2026-01-06 11:35:00-05:00,27.365,27.42,27.35,27.4,29908.00
2026-01-06 11:40:00-05:00,27.4199,27.42,27.37,27.39,9282.00
2026-01-06 11:45:00-05:00,27.38,27.39,27.37,27.39,3495.00
2026-01-06 11:50:00-05:00,27.4,27.405,27.355,27.355,11447.00
2026-01-06 11:55:00-05:00,27.35,27.35,27.32,27.33,11257.00
2026-01-06 12:00:00-05:00,27.34,27.45,27.34,27.4199,28466.00
2026-01-06 12:05:00-05:00,27.42,27.45,27.4,27.42,12134.00
2026-01-06 12:10:00-05:00,27.412,27.435,27.395,27.4,9341.00
2026-01-06 12:15:00-05:00,27.41,27.41,27.385,27.4,7653.00
2026-01-06 12:20:00-05:00,27.4,27.42,27.39,27.42,4493.00
2026-01-06 12:25:00-05:00,27.415,27.45,27.4,27.425,12937.00
2026-01-06 12:30:00-05:00,27.43,27.43,27.41,27.42,7245.00
2026-01-06 12:35:00-05:00,27.42,27.43,27.4,27.42,9824.00
2026-01-06 12:40:00-05:00,27.42,27.425,27.39,27.4,14307.00
2026-01-06 12:45:00-05:00,27.4,27.43,27.4,27.415,8877.00
2026-01-06 12:50:00-05:00,27.42,27.46,27.42,27.44,13630.00
2026-01-06 12:55:00-05:00,27.43,27.44,27.42,27.42,5718.00
2026-01-06 13:00:00-05:00,27.43,27.4498,27.415,27.4498,7120.00
2026-01-06 13:05:00-05:00,27.44,27.45,27.425,27.45,14339.00
2026-01-06 13:10:00-05:00,27.455,27.455,27.43,27.44,7751.00
2026-01-06 13:15:00-05:00,27.435,27.44,27.41,27.41,12939.00
2026-01-06 13:20:00-05:00,27.41,27.41,27.37,27.37,7278.00
2026-01-06 13:25:00-05:00,27.38,27.38,27.34,27.35,10704.00
2026-01-06 13:30:00-05:00,27.35,27.36,27.325,27.325,14318.00
2026-01-06 13:35:00-05:00,27.33,27.33,27.3,27.3,15088.00
2026-01-06 13:40:00-05:00,27.295,27.3,27.275,27.275,5215.00
2026-01-06 13:45:00-05:00,27.28,27.31,27.28,27.285,13888.00
2026-01-06 13:50:00-05:00,27.285,27.31,27.275,27.31,77728.00
2026-01-06 13:55:00-05:00,27.32,27.32,27.29,27.3,17132.00
2026-01-06 14:00:00-05:00,27.31,27.33,27.3,27.305,8045.00
2026-01-06 14:05:00-05:00,27.31,27.33,27.295,27.3,31761.00
2026-01-06 14:10:00-05:00,27.3,27.33,27.29,27.325,14099.00
2026-01-06 14:15:00-05:00,27.325,27.36,27.28,27.315,41675.00
2026-01-06 14:20:00-05:00,27.31,27.335,27.3,27.3,9469.00
2026-01-06 14:25:00-05:00,27.31,27.33,27.2901,27.32,8186.00
2026-01-06 14:30:00-05:00,27.305,27.31,27.29,27.3,24229.00
2026-01-06 14:35:00-05:00,27.295,27.3,27.265,27.265,34815.00
2026-01-06 14:40:00-05:00,27.27,27.2799,27.2696,27.27,4812.00
2026-01-06 14:45:00-05:00,27.27,27.295,27.27,27.29,6776.00
2026-01-06 14:50:00-05:00,27.29,27.3298,27.285,27.3,11969.00
2026-01-06 14:55:00-05:00,27.3,27.32,27.29,27.31,6873.00
2026-01-06 15:00:00-05:00,27.31,27.325,27.3,27.32,16659.00
2026-01-06 15:05:00-05:00,27.32,27.34,27.319,27.34,11246.00
2026-01-06 15:10:00-05:00,27.34,27.39,27.34,27.355,18332.00
2026-01-06 15:15:00-05:00,27.355,27.38,27.35,27.36,18261.00
2026-01-06 15:20:00-05:00,27.36,27.38,27.3599,27.38,23024.00
2026-01-06 15:25:00-05:00,27.375,27.375,27.345,27.345,11028.00
2026-01-06 15:30:00-05:00,27.34,27.39,27.34,27.3799,33832.00
2026-01-06 15:35:00-05:00,27.37,27.39,27.3686,27.371,28956.00
2026-01-06 15:40:00-05:00,27.37,27.38,27.345,27.345,63257.00
2026-01-06 15:45:00-05:00,27.34,27.35,27.315,27.315,24144.00
2026-01-06 15:50:00-05:00,27.32,27.32,27.255,27.265,58012.00
2026-01-06 15:55:00-05:00,27.26,27.34,27.26,27.295,133574.00
2026-01-07 09:30:00-05:00,27.03,27.15,26.79,27.02,59969.00
2026-01-07 09:35:00-05:00,27.02,27.06,26.98,27.01,27370.00
2026-01-07 09:40:00-05:00,27,27.06,26.955,27,40218.00
2026-01-07 09:45:00-05:00,26.99,27.04,26.98,27.015,26034.00
2026-01-07 09:50:00-05:00,27.02,27.04,27,27.035,31921.00
2026-01-07 09:55:00-05:00,27.035,27.085,27.02,27.075,23368.00
2026-01-07 10:00:00-05:00,27.075,27.13,27.0298,27.04,81880.00
2026-01-07 10:05:00-05:00,27.05,27.11,27.05,27.11,16654.00
2026-01-07 10:10:00-05:00,27.11,27.145,27.06,27.06,33568.00
2026-01-07 10:15:00-05:00,27.06,27.085,27,27.04,15411.00
2026-01-07 10:20:00-05:00,27.03,27.1,27.03,27.09,21146.00
2026-01-07 10:25:00-05:00,27.1,27.115,27.065,27.0899,35152.00
2026-01-07 10:30:00-05:00,27.09,27.15,27.09,27.125,18642.00
2026-01-07 10:35:00-05:00,27.125,27.16,27.085,27.13,27367.00
2026-01-07 10:40:00-05:00,27.13,27.16,27.07,27.085,21468.00
2026-01-07 10:45:00-05:00,27.08,27.09,27.07,27.085,11630.00
2026-01-07 10:50:00-05:00,27.09,27.115,27.075,27.11,9780.00
2026-01-07 10:55:00-05:00,27.12,27.14,27.11,27.115,18022.00
2026-01-07 11:00:00-05:00,27.11,27.13,27.085,27.13,12528.00
2026-01-07 11:05:00-05:00,27.12,27.125,27.095,27.115,11094.00
2026-01-07 11:10:00-05:00,27.12,27.19,27.115,27.155,20799.00
2026-01-07 11:15:00-05:00,27.155,27.165,27.125,27.14,43487.00
2026-01-07 11:20:00-05:00,27.145,27.195,27.14,27.15,17207.00
2026-01-07 11:25:00-05:00,27.135,27.14,27.115,27.13,7898.00
2026-01-07 11:30:00-05:00,27.13,27.13,27.11,27.12,9379.00
2026-01-07 11:35:00-05:00,27.13,27.15,27.115,27.15,7904.00
2026-01-07 11:40:00-05:00,27.16,27.195,27.145,27.19,8996.00
2026-01-07 11:45:00-05:00,27.185,27.185,27.15,27.17,13019.00
2026-01-07 11:50:00-05:00,27.165,27.18,27.145,27.18,6913.00
2026-01-07 11:55:00-05:00,27.18,27.2,27.18,27.2,6465.00
2026-01-07 12:00:00-05:00,27.205,27.22,27.185,27.2,13961.00
2026-01-07 12:05:00-05:00,27.21,27.215,27.184,27.184,9515.00
2026-01-07 12:10:00-05:00,27.18,27.185,27.15,27.155,11694.00
2026-01-07 12:15:00-05:00,27.14,27.155,27.14,27.14,5356.00
2026-01-07 12:20:00-05:00,27.135,27.15,27.13,27.14,6149.00
2026-01-07 12:25:00-05:00,27.135,27.15,27.125,27.135,6622.00
2026-01-07 12:30:00-05:00,27.13,27.13,27.09,27.1,12940.00
2026-01-07 12:35:00-05:00,27.095,27.095,27.07,27.09,5816.00
2026-01-07 12:40:00-05:00,27.09,27.1,27.085,27.085,9660.00
2026-01-07 12:45:00-05:00,27.085,27.1,27.085,27.095,6127.00
2026-01-07 12:50:00-05:00,27.095,27.095,27.065,27.075,16993.00
2026-01-07 12:55:00-05:00,27.075,27.075,27.0501,27.06,5971.00
2026-01-07 13:00:00-05:00,27.05,27.065,27.035,27.035,9083.00
2026-01-07 13:05:00-05:00,27.03,27.05,27.03,27.035,5532.00
2026-01-07 13:10:00-05:00,27.038,27.04,27.03,27.035,7997.00
2026-01-07 13:15:00-05:00,27.04,27.04,27.015,27.025,8575.00
2026-01-07 13:20:00-05:00,27.025,27.025,26.99,27.005,8458.00
2026-01-07 13:25:00-05:00,27.005,27.035,27.005,27.015,19565.00
2026-01-07 13:30:00-05:00,27.015,27.035,27.015,27.035,5004.00
2026-01-07 13:35:00-05:00,27.045,27.05,27.035,27.05,2548.00
2026-01-07 13:40:00-05:00,27.045,27.09,27.045,27.09,7957.00
2026-01-07 13:45:00-05:00,27.09,27.09,27.06,27.065,10235.00
2026-01-07 13:50:00-05:00,27.065,27.065,27.05,27.055,6211.00
2026-01-07 13:55:00-05:00,27.05,27.06,27.05,27.06,1513.00
2026-01-07 14:00:00-05:00,27.06,27.08,27.05,27.08,6920.00
2026-01-07 14:05:00-05:00,27.09,27.105,27.085,27.095,8338.00
2026-01-07 14:10:00-05:00,27.09,27.09,27.045,27.06,9097.00
2026-01-07 14:15:00-05:00,27.06,27.08,27.05,27.08,6569.00
2026-01-07 14:20:00-05:00,27.08,27.095,27.07,27.08,15217.00
2026-01-07 14:25:00-05:00,27.08,27.08,27.055,27.055,5491.00
2026-01-07 14:30:00-05:00,27.055,27.09,27.055,27.08,7812.00
2026-01-07 14:35:00-05:00,27.075,27.09,27.065,27.065,6133.00
2026-01-07 14:40:00-05:00,27.065,27.075,27.055,27.065,8964.00
2026-01-07 14:45:00-05:00,27.065,27.07,27.05,27.07,7126.00
2026-01-07 14:50:00-05:00,27.07,27.07,27.045,27.05,6287.00
2026-01-07 14:55:00-05:00,27.055,27.06,27.04,27.04,9722.00
2026-01-07 15:00:00-05:00,27.05,27.06,27.045,27.045,6167.00
2026-01-07 15:05:00-05:00,27.045,27.045,27.005,27.005,13706.00
2026-01-07 15:10:00-05:00,27.005,27.01,26.985,26.985,8502.00
2026-01-07 15:15:00-05:00,26.99,26.995,26.975,26.985,8735.00
2026-01-07 15:20:00-05:00,26.985,26.985,26.975,26.975,4758.00
2026-01-07 15:25:00-05:00,26.97,26.985,26.965,26.98,10551.00
2026-01-07 15:30:00-05:00,26.975,27.02,26.96,27.02,19794.00
2026-01-07 15:35:00-05:00,27.015,27.02,26.97,26.99,27789.00
2026-01-07 15:40:00-05:00,26.985,26.995,26.965,26.965,20304.00
2026-01-07 15:45:00-05:00,26.965,26.965,26.935,26.935,30031.00
2026-01-07 15:50:00-05:00,26.94,26.97,26.9,26.905,78205.00
2026-01-07 15:55:00-05:00,26.9,26.92,26.88,26.89,365991.00
2026-01-08 09:30:00-05:00,27.67,28.12,27.66,28.06,314306.00
2026-01-08 09:35:00-05:00,28.06,28.32,28.06,28.32,192258.00
2026-01-08 09:40:00-05:00,28.31,28.33,28.13,28.27,176250.00
2026-01-08 09:45:00-05:00,28.275,28.47,28.24,28.24,159813.00
2026-01-08 09:50:00-05:00,28.22,28.35,28.21,28.34,67957.00
2026-01-08 09:55:00-05:00,28.35,28.39,28.31,28.37,58456.00
2026-01-08 10:00:00-05:00,28.36,28.43,28.285,28.43,74364.00
2026-01-08 10:05:00-05:00,28.43,28.56,28.395,28.55,139750.00
2026-01-08 10:10:00-05:00,28.55,28.62,28.5199,28.62,82561.00
2026-01-08 10:15:00-05:00,28.635,28.745,28.58,28.74,84318.00
2026-01-08 10:20:00-05:00,28.75,28.8,28.615,28.6383,96625.00
2026-01-08 10:25:00-05:00,28.6303,28.69,28.615,28.63,28115.00
2026-01-08 10:30:00-05:00,28.63,28.655,28.52,28.57,37658.00
2026-01-08 10:35:00-05:00,28.57,28.6999,28.55,28.67,61308.00
2026-01-08 10:40:00-05:00,28.67,28.71,28.62,28.6201,54006.00
2026-01-08 10:45:00-05:00,28.6197,28.72,28.605,28.71,72639.00
2026-01-08 10:50:00-05:00,28.72,28.8,28.71,28.73,30250.00
2026-01-08 10:55:00-05:00,28.73,28.82,28.73,28.78,39799.00
2026-01-08 11:00:00-05:00,28.79,28.825,28.775,28.815,23812.00
2026-01-08 11:05:00-05:00,28.81,28.82,28.79,28.79,31122.00
2026-01-08 11:10:00-05:00,28.785,28.785,28.685,28.7,60696.00
2026-01-08 11:15:00-05:00,28.7,28.729,28.66,28.67,60870.00
2026-01-08 11:20:00-05:00,28.68,28.695,28.57,28.585,40336.00
2026-01-08 11:25:00-05:00,28.585,28.635,28.58,28.635,34956.00
2026-01-08 11:30:00-05:00,28.63,28.635,28.6,28.6,34530.00
2026-01-08 11:35:00-05:00,28.6,28.629,28.565,28.629,22507.00
2026-01-08 11:40:00-05:00,28.63,28.685,28.63,28.67,16331.00
2026-01-08 11:45:00-05:00,28.675,28.69,28.64,28.655,27414.00
2026-01-08 11:50:00-05:00,28.65,28.69,28.63,28.67,22766.00
2026-01-08 11:55:00-05:00,28.67,28.715,28.67,28.695,30852.00
2026-01-08 12:00:00-05:00,28.695,28.765,28.685,28.7501,87934.00
2026-01-08 12:05:00-05:00,28.755,28.765,28.74,28.75,22470.00
2026-01-08 12:10:00-05:00,28.75,28.77,28.72,28.72,32586.00
2026-01-08 12:15:00-05:00,28.73,28.74,28.725,28.735,10734.00
2026-01-08 12:20:00-05:00,28.7398,28.74,28.72,28.72,16040.00
2026-01-08 12:25:00-05:00,28.72,28.76,28.72,28.76,8823.00
2026-01-08 12:30:00-05:00,28.76,28.82,28.76,28.804,64880.00
2026-01-08 12:35:00-05:00,28.81,28.835,28.805,28.83,16508.00
2026-01-08 12:40:00-05:00,28.835,28.85,28.81,28.81,18654.00
2026-01-08 12:45:00-05:00,28.815,28.83,28.805,28.815,13553.00
2026-01-08 12:50:00-05:00,28.8107,28.835,28.805,28.825,22373.00
2026-01-08 12:55:00-05:00,28.825,28.84,28.815,28.825,12770.00
2026-01-08 13:00:00-05:00,28.825,28.83,28.78,28.805,31678.00
2026-01-08 13:05:00-05:00,28.8,28.825,28.7901,28.805,19131.00
2026-01-08 13:10:00-05:00,28.81,28.82,28.785,28.795,28298.00
2026-01-08 13:15:00-05:00,28.79,28.82,28.79,28.81,30923.00
2026-01-08 13:20:00-05:00,28.805,28.8293,28.8,28.8293,18208.00
2026-01-08 13:25:00-05:00,28.83,28.855,28.83,28.845,17097.00
2026-01-08 13:30:00-05:00,28.8499,28.895,28.8499,28.885,26864.00
2026-01-08 13:35:00-05:00,28.885,28.885,28.865,28.865,11254.00
2026-01-08 13:40:00-05:00,28.865,28.895,28.855,28.875,16374.00
2026-01-08 13:45:00-05:00,28.875,28.91,28.875,28.895,15190.00
2026-01-08 13:50:00-05:00,28.89,28.895,28.84,28.8499,13114.00
2026-01-08 13:55:00-05:00,28.8499,28.86,28.8,28.805,26950.00
2026-01-08 14:00:00-05:00,28.805,28.815,28.78,28.781,21299.00
2026-01-08 14:05:00-05:00,28.79,28.795,28.74,28.75,20158.00
2026-01-08 14:10:00-05:00,28.75,28.751,28.725,28.735,17566.00
2026-01-08 14:15:00-05:00,28.735,28.735,28.69,28.705,20860.00
2026-01-08 14:20:00-05:00,28.7,28.715,28.6837,28.69,43327.00
2026-01-08 14:25:00-05:00,28.685,28.705,28.66,28.665,24473.00
2026-01-08 14:30:00-05:00,28.665,28.695,28.665,28.685,20586.00
2026-01-08 14:35:00-05:00,28.685,28.69,28.66,28.665,21098.00
2026-01-08 14:40:00-05:00,28.665,28.685,28.65,28.67,27740.00
2026-01-08 14:45:00-05:00,28.665,28.7,28.665,28.68,18842.00
2026-01-08 14:50:00-05:00,28.67,28.71,28.67,28.705,13405.00
2026-01-08 14:55:00-05:00,28.7,28.7,28.675,28.7,20240.00
2026-01-08 15:00:00-05:00,28.695,28.72,28.695,28.715,8502.00
2026-01-08 15:05:00-05:00,28.715,28.715,28.685,28.69,17089.00
2026-01-08 15:10:00-05:00,28.69,28.71,28.675,28.7,13246.00
2026-01-08 15:15:00-05:00,28.7,28.7,28.67,28.675,25553.00
2026-01-08 15:20:00-05:00,28.67,28.71,28.67,28.71,16028.00
2026-01-08 15:25:00-05:00,28.71,28.735,28.7,28.715,73394.00
2026-01-08 15:30:00-05:00,28.72,28.775,28.72,28.755,31013.00
2026-01-08 15:35:00-05:00,28.755,28.755,28.705,28.73,51662.00
2026-01-08 15:40:00-05:00,28.73,28.74,28.7,28.72,43219.00
2026-01-08 15:45:00-05:00,28.715,28.73,28.68,28.685,63577.00
2026-01-08 15:50:00-05:00,28.68,28.725,28.64,28.7,112247.00
2026-01-08 15:55:00-05:00,28.7,28.72,28.62,28.63,367651.00
2026-01-09 09:30:00-05:00,28.65,29.16,28.595,29.06,231963.00
2026-01-09 09:35:00-05:00,29.04,29.08,28.9415,29.015,72741.00
2026-01-09 09:40:00-05:00,29.01,29.01,28.86,28.88,86769.00
2026-01-09 09:45:00-05:00,28.84,28.9,28.8,28.87,210895.00
2026-01-09 09:50:00-05:00,28.87,28.88,28.805,28.88,97004.00
2026-01-09 09:55:00-05:00,28.875,28.885,28.795,28.8,78924.00
2026-01-09 10:00:00-05:00,28.79,28.8055,28.73,28.74,107876.00
2026-01-09 10:05:00-05:00,28.73,28.75,28.605,28.645,35461.00
2026-01-09 10:10:00-05:00,28.65,28.66,28.5272,28.56,55937.00
2026-01-09 10:15:00-05:00,28.56,28.6,28.47,28.48,59834.00
2026-01-09 10:20:00-05:00,28.48,28.605,28.4797,28.585,94572.00
2026-01-09 10:25:00-05:00,28.5918,28.685,28.5918,28.645,35924.00
2026-01-09 10:30:00-05:00,28.66,28.76,28.645,28.74,41275.00
2026-01-09 10:35:00-05:00,28.75,28.79,28.745,28.745,44897.00
2026-01-09 10:40:00-05:00,28.75,28.77,28.7201,28.76,60040.00
2026-01-09 10:45:00-05:00,28.755,28.79,28.75,28.79,46744.00
2026-01-09 10:50:00-05:00,28.795,28.85,28.795,28.84,53954.00
2026-01-09 10:55:00-05:00,28.835,28.895,28.82,28.89,28977.00
2026-01-09 11:00:00-05:00,28.895,29.03,28.8899,29.015,52862.00
2026-01-09 11:05:00-05:00,29.02,29.035,28.99,29.005,31370.00
2026-01-09 11:10:00-05:00,29.005,29.07,29.005,29.07,162330.00
2026-01-09 11:15:00-05:00,29.07,29.09,29.04,29.085,67544.00
2026-01-09 11:20:00-05:00,29.09,29.155,29.09,29.15,58796.00
2026-01-09 11:25:00-05:00,29.16,29.255,29.145,29.2,93877.00
2026-01-09 11:30:00-05:00,29.21,29.23,29.15,29.195,64286.00
2026-01-09 11:35:00-05:00,29.2,29.2,29.155,29.175,30614.00
2026-01-09 11:40:00-05:00,29.1785,29.18,29.13,29.17,26970.00
2026-01-09 11:45:00-05:00,29.19,29.215,29.155,29.215,17213.00
2026-01-09 11:50:00-05:00,29.23,29.28,29.23,29.26,15327.00
2026-01-09 11:55:00-05:00,29.255,29.255,29.205,29.24,25359.00
2026-01-09 12:00:00-05:00,29.235,29.235,29.21,29.23,11638.00
2026-01-09 12:05:00-05:00,29.235,29.245,29.21,29.23,17321.00
2026-01-09 12:10:00-05:00,29.235,29.295,29.235,29.285,56894.00
2026-01-09 12:15:00-05:00,29.285,29.285,29.235,29.245,15543.00
2026-01-09 12:20:00-05:00,29.245,29.255,29.23,29.24,13029.00
2026-01-09 12:25:00-05:00,29.235,29.26,29.225,29.25,18850.00
2026-01-09 12:30:00-05:00,29.25,29.255,29.23,29.25,22827.00
2026-01-09 12:35:00-05:00,29.265,29.265,29.24,29.25,12348.00
2026-01-09 12:40:00-05:00,29.24,29.255,29.22,29.225,25076.00
2026-01-09 12:45:00-05:00,29.23,29.27,29.23,29.24,19197.00
2026-01-09 12:50:00-05:00,29.245,29.25,29.215,29.215,8671.00
2026-01-09 12:55:00-05:00,29.2175,29.2175,29.1801,29.195,13282.00
2026-01-09 13:00:00-05:00,29.19,29.21,29.165,29.2,16976.00
2026-01-09 13:05:00-05:00,29.195,29.23,29.19,29.2193,13760.00
2026-01-09 13:10:00-05:00,29.22,29.22,29.195,29.195,10761.00
2026-01-09 13:15:00-05:00,29.2,29.21,29.19,29.2,7771.00
2026-01-09 13:20:00-05:00,29.21,29.22,29.195,29.215,8207.00
2026-01-09 13:25:00-05:00,29.215,29.235,29.205,29.235,9861.00
2026-01-09 13:30:00-05:00,29.24,29.26,29.24,29.255,13263.00
2026-01-09 13:35:00-05:00,29.255,29.26,29.25,29.2501,7356.00
2026-01-09 13:40:00-05:00,29.27,29.29,29.21,29.22,24001.00
2026-01-09 13:45:00-05:00,29.23,29.245,29.23,29.245,9662.00
2026-01-09 13:50:00-05:00,29.245,29.26,29.245,29.26,7924.00
2026-01-09 13:55:00-05:00,29.26,29.26,29.2,29.205,60298.00
2026-01-09 14:00:00-05:00,29.2,29.215,29.2,29.21,41993.00
2026-01-09 14:05:00-05:00,29.205,29.23,29.205,29.2202,14046.00
2026-01-09 14:10:00-05:00,29.225,29.225,29.21,29.22,6601.00
2026-01-09 14:15:00-05:00,29.225,29.24,29.21,29.21,16514.00
2026-01-09 14:20:00-05:00,29.21,29.215,29.205,29.205,7868.00
2026-01-09 14:25:00-05:00,29.205,29.205,29.15,29.15,72782.00
2026-01-09 14:30:00-05:00,29.155,29.155,29.08,29.0803,31058.00
2026-01-09 14:35:00-05:00,29.09,29.145,29.09,29.135,23463.00
2026-01-09 14:40:00-05:00,29.13,29.14,29.11,29.12,18695.00
2026-01-09 14:45:00-05:00,29.11,29.155,29.11,29.155,9263.00
2026-01-09 14:50:00-05:00,29.17,29.185,29.17,29.17,11099.00
2026-01-09 14:55:00-05:00,29.1637,29.165,29.15,29.15,9470.00
2026-01-09 15:00:00-05:00,29.155,29.1574,29.145,29.15,17110.00
2026-01-09 15:05:00-05:00,29.15,29.17,29.135,29.155,24064.00
2026-01-09 15:10:00-05:00,29.155,29.17,29.15,29.17,13617.00
2026-01-09 15:15:00-05:00,29.165,29.17,29.16,29.165,8615.00
2026-01-09 15:20:00-05:00,29.165,29.19,29.16,29.185,14860.00
2026-01-09 15:25:00-05:00,29.18,29.18,29.14,29.15,17167.00
2026-01-09 15:30:00-05:00,29.155,29.16,29.145,29.15,24951.00
2026-01-09 15:35:00-05:00,29.145,29.145,29.11,29.123,24700.00
2026-01-09 15:40:00-05:00,29.115,29.115,29.06,29.06,43328.00
2026-01-09 15:45:00-05:00,29.055,29.12,29.055,29.105,54915.00
2026-01-09 15:50:00-05:00,29.1099,29.155,29.1099,29.145,70970.00
2026-01-09 15:55:00-05:00,29.15,29.2,29.145,29.16,235270.00
2026-01-12 09:30:00-05:00,29.955,30.22,29.64,30.21,770483.00
2026-01-12 09:35:00-05:00,30.22,30.28,30.17,30.17,277533.00
2026-01-12 09:40:00-05:00,30.165,30.36,30.04,30.32,261683.00
2026-01-12 09:45:00-05:00,30.32,30.325,30.16,30.24,174349.00
2026-01-12 09:50:00-05:00,30.235,30.2497,30.09,30.13,62090.00
2026-01-12 09:55:00-05:00,30.12,30.35,30.12,30.26,72129.00
2026-01-12 10:00:00-05:00,30.25,30.33,30.215,30.29,103041.00
2026-01-12 10:05:00-05:00,30.29,30.33,30.29,30.315,204905.00
2026-01-12 10:10:00-05:00,30.32,30.39,30.275,30.3606,248387.00
2026-01-12 10:15:00-05:00,30.365,30.6,30.34,30.6,96596.00
2026-01-12 10:20:00-05:00,30.595,30.77,30.59,30.77,108298.00
2026-01-12 10:25:00-05:00,30.76,30.8699,30.66,30.675,91586.00
2026-01-12 10:30:00-05:00,30.67,30.67,30.55,30.635,55290.00
2026-01-12 10:35:00-05:00,30.63,31.17,30.6,31.1195,361378.00
2026-01-12 10:40:00-05:00,31.12,31.22,30.942,30.99,226096.00
2026-01-12 10:45:00-05:00,30.99,31.075,30.955,31.0667,154271.00
2026-01-12 10:50:00-05:00,31.085,31.15,30.98,30.995,97637.00
2026-01-12 10:55:00-05:00,31,31.1,30.96,31.08,109257.00
2026-01-12 11:00:00-05:00,31.08,31.08,31.01,31.035,83876.00
2026-01-12 11:05:00-05:00,31.04,31.04,30.9,30.98,60201.00
2026-01-12 11:10:00-05:00,30.975,31.135,30.95,31.13,106878.00
2026-01-12 11:15:00-05:00,31.125,31.28,31.1202,31.2,70409.00
2026-01-12 11:20:00-05:00,31.21,31.285,31.195,31.2129,55787.00
2026-01-12 11:25:00-05:00,31.211,31.26,31.16,31.18,82638.00
2026-01-12 11:30:00-05:00,31.165,31.24,31.1301,31.225,47081.00
2026-01-12 11:35:00-05:00,31.22,31.24,31.2,31.22,41294.00
2026-01-12 11:40:00-05:00,31.22,31.22,31.14,31.165,45997.00
2026-01-12 11:45:00-05:00,31.16,31.16,31.07,31.115,83183.00
2026-01-12 11:50:00-05:00,31.115,31.205,31.105,31.17,165717.00
2026-01-12 11:55:00-05:00,31.16,31.17,31.13,31.16,22371.00
2026-01-12 12:00:00-05:00,31.165,31.23,31.135,31.195,67556.00
2026-01-12 12:05:00-05:00,31.19,31.24,31.1501,31.24,51270.00
2026-01-12 12:10:00-05:00,31.24,31.34,31.24,31.34,32913.00
2026-01-12 12:15:00-05:00,31.33,31.33,31.265,31.265,37861.00
2026-01-12 12:20:00-05:00,31.26,31.2723,31.235,31.235,24717.00
2026-01-12 12:25:00-05:00,31.235,31.305,31.235,31.305,27366.00
2026-01-12 12:30:00-05:00,31.305,31.31,31.245,31.305,47052.00
2026-01-12 12:35:00-05:00,31.305,31.305,31.275,31.29,23148.00
2026-01-12 12:40:00-05:00,31.3,31.385,31.3,31.335,52568.00
2026-01-12 12:45:00-05:00,31.335,31.38,31.33,31.35,25349.00
2026-01-12 12:50:00-05:00,31.355,31.375,31.315,31.355,38099.00
2026-01-12 12:55:00-05:00,31.355,31.435,31.3,31.42,37437.00
2026-01-12 13:00:00-05:00,31.42,31.42,31.29,31.325,44949.00
2026-01-12 13:05:00-05:00,31.32,31.38,31.285,31.37,50481.00
2026-01-12 13:10:00-05:00,31.37,31.445,31.36,31.43,28356.00
2026-01-12 13:15:00-05:00,31.4301,31.445,31.41,31.445,14661.00
2026-01-12 13:20:00-05:00,31.45,31.45,31.4,31.42,42327.00
2026-01-12 13:25:00-05:00,31.425,31.44,31.39,31.41,33750.00
2026-01-12 13:30:00-05:00,31.41,31.43,31.41,31.43,16709.00
2026-01-12 13:35:00-05:00,31.425,31.515,31.42,31.495,66541.00
2026-01-12 13:40:00-05:00,31.49,31.55,31.49,31.53,23934.00
2026-01-12 13:45:00-05:00,31.525,31.58,31.525,31.56,29456.00
2026-01-12 13:50:00-05:00,31.56,31.615,31.56,31.595,24576.00
2026-01-12 13:55:00-05:00,31.595,31.605,31.54,31.56,34159.00
2026-01-12 14:00:00-05:00,31.56,31.61,31.545,31.61,23991.00
2026-01-12 14:05:00-05:00,31.6099,31.8685,31.59,31.82,207387.00
2026-01-12 14:10:00-05:00,31.82,31.92,31.81,31.9,71038.00
2026-01-12 14:15:00-05:00,31.905,31.915,31.87,31.88,69940.00
2026-01-12 14:20:00-05:00,31.88,31.88,31.76,31.765,70156.00
2026-01-12 14:25:00-05:00,31.765,31.855,31.76,31.855,43333.00
2026-01-12 14:30:00-05:00,31.855,31.9,31.845,31.89,32978.00
2026-01-12 14:35:00-05:00,31.895,31.935,31.89,31.93,47790.00
2026-01-12 14:40:00-05:00,31.925,31.95,31.91,31.915,69516.00
2026-01-12 14:45:00-05:00,31.915,31.97,31.91,31.9674,43542.00
2026-01-12 14:50:00-05:00,31.965,31.97,31.925,31.97,38811.00
2026-01-12 14:55:00-05:00,31.965,32.065,31.96,32.065,200395.00
2026-01-12 15:00:00-05:00,32.065,32.07,32,32.0035,38920.00
2026-01-12 15:05:00-05:00,32.01,32.035,31.95,31.97,33760.00
2026-01-12 15:10:00-05:00,31.975,31.985,31.91,31.93,37966.00
2026-01-12 15:15:00-05:00,31.93,31.935,31.855,31.8999,53800.00
2026-01-12 15:20:00-05:00,31.895,31.935,31.82,31.825,65427.00
2026-01-12 15:25:00-05:00,31.82,31.87,31.81,31.87,44598.00
2026-01-12 15:30:00-05:00,31.875,31.915,31.85,31.895,91165.00
2026-01-12 15:35:00-05:00,31.9,31.935,31.855,31.895,126049.00
2026-01-12 15:40:00-05:00,31.89,31.895,31.815,31.83,77092.00
2026-01-12 15:45:00-05:00,31.835,31.89,31.81,31.88,140442.00
2026-01-12 15:50:00-05:00,31.88,31.94,31.81,31.84,270773.00
2026-01-12 15:55:00-05:00,31.835,31.88,31.77,31.775,438749.00
2026-01-13 09:30:00-05:00,31.62,32.03,31.59,31.975,241553.00
2026-01-13 09:35:00-05:00,31.975,32.09,31.75,31.85,167458.00
2026-01-13 09:40:00-05:00,31.87,31.95,31.65,31.91,168512.00
2026-01-13 09:45:00-05:00,31.9,31.9,31.685,31.73,50691.00
2026-01-13 09:50:00-05:00,31.73,31.75,31.49,31.5,53107.00
2026-01-13 09:55:00-05:00,31.5,31.5357,31.41,31.48,114395.00
2026-01-13 10:00:00-05:00,31.46,31.49,31.15,31.21,326683.00
2026-01-13 10:05:00-05:00,31.21,31.455,31.16,31.4125,301204.00
2026-01-13 10:10:00-05:00,31.41,31.505,31.4,31.43,37994.00
2026-01-13 10:15:00-05:00,31.44,31.45,31.3105,31.33,30326.00
2026-01-13 10:20:00-05:00,31.32,31.32,31.17,31.2071,61490.00
2026-01-13 10:25:00-05:00,31.2,31.315,31.2,31.3031,30878.00
2026-01-13 10:30:00-05:00,31.3,31.64,31.248,31.62,139978.00
2026-01-13 10:35:00-05:00,31.61,31.71,31.59,31.61,46181.00
2026-01-13 10:40:00-05:00,31.6,31.65,31.58,31.5909,33958.00
2026-01-13 10:45:00-05:00,31.5901,31.625,31.49,31.53,79483.00
2026-01-13 10:50:00-05:00,31.53,31.66,31.53,31.63,43673.00
2026-01-13 10:55:00-05:00,31.62,31.63,31.58,31.63,17309.00
2026-01-13 11:00:00-05:00,31.64,31.695,31.605,31.66,40101.00
2026-01-13 11:05:00-05:00,31.64,31.65,31.6,31.62,15065.00
2026-01-13 11:10:00-05:00,31.62,31.7,31.6,31.65,43117.00
2026-01-13 11:15:00-05:00,31.6687,31.68,31.645,31.645,13983.00
2026-01-13 11:20:00-05:00,31.64,31.7,31.63,31.67,32977.00
2026-01-13 11:25:00-05:00,31.67,31.72,31.6,31.72,40046.00
2026-01-13 11:30:00-05:00,31.72,31.74,31.71,31.71,12730.00
2026-01-13 11:35:00-05:00,31.7,31.77,31.6701,31.769,19849.00
2026-01-13 11:40:00-05:00,31.77,31.78,31.69,31.725,37652.00
2026-01-13 11:45:00-05:00,31.72,31.72,31.64,31.65,29828.00
2026-01-13 11:50:00-05:00,31.645,31.675,31.645,31.67,14503.00
2026-01-13 11:55:00-05:00,31.67,31.67,31.615,31.615,11266.00
2026-01-13 12:00:00-05:00,31.61,31.63,31.6,31.61,18226.00
2026-01-13 12:05:00-05:00,31.6114,31.63,31.6114,31.615,10330.00
2026-01-13 12:10:00-05:00,31.615,31.63,31.6,31.61,51787.00
2026-01-13 12:15:00-05:00,31.615,31.63,31.53,31.545,33388.00
2026-01-13 12:20:00-05:00,31.5492,31.57,31.5,31.52,55899.00
2026-01-13 12:25:00-05:00,31.52,31.57,31.52,31.57,10702.00
2026-01-13 12:30:00-05:00,31.58,31.595,31.5,31.52,22255.00
2026-01-13 12:35:00-05:00,31.52,31.53,31.505,31.515,10367.00
2026-01-13 12:40:00-05:00,31.505,31.52,31.485,31.5,14022.00
2026-01-13 12:45:00-05:00,31.51,31.525,31.5,31.52,14685.00
2026-01-13 12:50:00-05:00,31.51,31.52,31.495,31.495,8812.00
2026-01-13 12:55:00-05:00,31.4902,31.52,31.485,31.52,15485.00
2026-01-13 13:00:00-05:00,31.52,31.525,31.49,31.49,12945.00
2026-01-13 13:05:00-05:00,31.495,31.5,31.48,31.49,12795.00
2026-01-13 13:10:00-05:00,31.49,31.52,31.49,31.51,11519.00
2026-01-13 13:15:00-05:00,31.515,31.555,31.515,31.535,11886.00
2026-01-13 13:20:00-05:00,31.53,31.53,31.51,31.515,10792.00
2026-01-13 13:25:00-05:00,31.49,31.515,31.49,31.51,12147.00
2026-01-13 13:30:00-05:00,31.52,31.545,31.52,31.54,9320.00
2026-01-13 13:35:00-05:00,31.54,31.57,31.53,31.55,25930.00
2026-01-13 13:40:00-05:00,31.535,31.55,31.51,31.53,11063.00
2026-01-13 13:45:00-05:00,31.525,31.555,31.525,31.545,12963.00
2026-01-13 13:50:00-05:00,31.54,31.545,31.525,31.525,10224.00
2026-01-13 13:55:00-05:00,31.525,31.555,31.51,31.52,17269.00
2026-01-13 14:00:00-05:00,31.51,31.51,31.39,31.41,14987.00
2026-01-13 14:05:00-05:00,31.415,31.44,31.415,31.42,11792.00
2026-01-13 14:10:00-05:00,31.42,31.43,31.395,31.42,12178.00
2026-01-13 14:15:00-05:00,31.42,31.435,31.415,31.415,12340.00
2026-01-13 14:20:00-05:00,31.42,31.445,31.42,31.44,10390.00
2026-01-13 14:25:00-05:00,31.445,31.47,31.44,31.455,10820.00
2026-01-13 14:30:00-05:00,31.45,31.46,31.425,31.455,11263.00
2026-01-13 14:35:00-05:00,31.455,31.475,31.455,31.465,10284.00
2026-01-13 14:40:00-05:00,31.46,31.475,31.455,31.47,10307.00
2026-01-13 14:45:00-05:00,31.46,31.465,31.43,31.445,12683.00
2026-01-13 14:50:00-05:00,31.445,31.485,31.445,31.47,12004.00
2026-01-13 14:55:00-05:00,31.465,31.47,31.41,31.44,26407.00
2026-01-13 15:00:00-05:00,31.435,31.435,31.395,31.405,21188.00
2026-01-13 15:05:00-05:00,31.405,31.41,31.3907,31.4,12756.00
2026-01-13 15:10:00-05:00,31.4,31.4,31.38,31.4,23635.00
2026-01-13 15:15:00-05:00,31.39,31.39,31.36,31.375,23150.00
2026-01-13 15:20:00-05:00,31.38,31.39,31.35,31.365,20254.00
2026-01-13 15:25:00-05:00,31.365,31.38,31.365,31.37,22177.00
2026-01-13 15:30:00-05:00,31.37,31.37,31.32,31.335,39388.00
2026-01-13 15:35:00-05:00,31.33,31.335,31.305,31.305,45546.00
2026-01-13 15:40:00-05:00,31.31,31.345,31.31,31.335,43580.00
2026-01-13 15:45:00-05:00,31.335,31.345,31.3,31.3,34946.00
2026-01-13 15:50:00-05:00,31.29,31.38,31.285,31.375,95581.00
2026-01-13 15:55:00-05:00,31.37,31.405,31.305,31.405,283826.00
2026-01-14 09:30:00-05:00,32.98,33.19,32.75,32.88,462046.00
2026-01-14 09:35:00-05:00,32.885,32.98,32.75,32.769,179899.00
2026-01-14 09:40:00-05:00,32.75,33.05,32.75,32.95,179813.00
2026-01-14 09:45:00-05:00,33,33.06,32.87,33.03,104466.00
2026-01-14 09:50:00-05:00,33.025,33.03,32.87,32.925,84126.00
2026-01-14 09:55:00-05:00,32.92,32.92,32.78,32.805,81565.00
2026-01-14 10:00:00-05:00,32.78,32.905,32.745,32.86,119929.00
2026-01-14 10:05:00-05:00,32.87,32.875,32.75,32.79,111247.00
2026-01-14 10:10:00-05:00,32.79,32.87,32.76,32.8,59628.00
2026-01-14 10:15:00-05:00,32.79,32.9,32.745,32.87,67041.00
2026-01-14 10:20:00-05:00,32.87,32.945,32.84,32.94,67419.00
2026-01-14 10:25:00-05:00,32.94,33.04,32.91,32.96,58826.00
2026-01-14 10:30:00-05:00,32.96,32.96,32.735,32.79,41990.00
2026-01-14 10:35:00-05:00,32.79,32.905,32.76,32.9,39398.00
2026-01-14 10:40:00-05:00,32.9,32.99,32.9,32.99,44717.00
2026-01-14 10:45:00-05:00,32.995,33.01,32.91,32.915,62488.00
2026-01-14 10:50:00-05:00,32.91,32.91,32.785,32.86,28144.00
2026-01-14 10:55:00-05:00,32.88,32.95,32.86,32.95,29180.00
2026-01-14 11:00:00-05:00,32.96,33,32.955,32.99,27363.00
2026-01-14 11:05:00-05:00,32.99,32.998,32.872,32.905,22369.00
2026-01-14 11:10:00-05:00,32.91,32.955,32.86,32.88,81850.00
2026-01-14 11:15:00-05:00,32.88,33.43,32.875,33.38,277375.00
2026-01-14 11:20:00-05:00,33.38,33.61,33.25,33.61,193908.00
2026-01-14 11:25:00-05:00,33.6008,33.71,33.42,33.7,409185.00
2026-01-14 11:30:00-05:00,33.7,33.74,33.27,33.355,557589.00
2026-01-14 11:35:00-05:00,33.35,33.63,33.32,33.4901,564470.00
2026-01-14 11:40:00-05:00,33.49,33.49,33.14,33.14,241792.00
2026-01-14 11:45:00-05:00,33.13,33.185,33.06,33.12,102794.00
2026-01-14 11:50:00-05:00,33.13,33.26,33.07,33.08,99028.00
2026-01-14 11:55:00-05:00,33.085,33.085,32.97,33.07,65132.00
2026-01-14 12:00:00-05:00,33.09,33.09,32.93,32.975,55371.00
2026-01-14 12:05:00-05:00,32.98,33.04,32.87,32.91,215934.00
2026-01-14 12:10:00-05:00,32.9,33.15,32.78,33.07,144722.00
2026-01-14 12:15:00-05:00,33.064,33.064,32.745,32.93,390420.00
2026-01-14 12:20:00-05:00,32.94,33.08,32.85,32.95,217192.00
2026-01-14 12:25:00-05:00,32.96,33.02,32.945,32.995,38213.00
2026-01-14 12:30:00-05:00,32.99,32.99,32.85,32.89,45758.00
2026-01-14 12:35:00-05:00,32.9,32.93,32.845,32.89,34635.00
2026-01-14 12:40:00-05:00,32.9,32.935,32.875,32.92,30784.00
2026-01-14 12:45:00-05:00,32.92,33.055,32.915,33.01,47442.00
2026-01-14 12:50:00-05:00,33.01,33.09,32.98,33.05,55722.00
2026-01-14 12:55:00-05:00,33.05,33.07,32.9551,32.9551,32507.00
2026-01-14 13:00:00-05:00,32.955,33.03,32.95,32.99,26110.00
2026-01-14 13:05:00-05:00,32.985,33.02,32.93,32.96,34372.00
2026-01-14 13:10:00-05:00,32.955,32.97,32.93,32.95,28845.00
2026-01-14 13:15:00-05:00,32.945,32.98,32.93,32.965,20877.00
2026-01-14 13:20:00-05:00,32.97,33.02,32.97,32.975,33674.00
2026-01-14 13:25:00-05:00,32.975,33.04,32.9636,33.0303,36987.00
2026-01-14 13:30:00-05:00,33.04,33.075,33.015,33.03,32129.00
2026-01-14 13:35:00-05:00,33.04,33.085,32.9997,33,35081.00
2026-01-14 13:40:00-05:00,32.9958,33.05,32.995,33.05,22879.00
2026-01-14 13:45:00-05:00,33.0486,33.0883,33.035,33.085,31834.00
2026-01-14 13:50:00-05:00,33.075,33.195,33.075,33.19,31034.00
2026-01-14 13:55:00-05:00,33.19,33.29,33.18,33.255,77733.00
2026-01-14 14:00:00-05:00,33.255,33.29,33.215,33.285,42905.00
2026-01-14 14:05:00-05:00,33.28,33.28,33.2129,33.22,30821.00
2026-01-14 14:10:00-05:00,33.228,33.315,33.22,33.315,37018.00
2026-01-14 14:15:00-05:00,33.31,33.38,33.295,33.38,46126.00
2026-01-14 14:20:00-05:00,33.38,33.395,33.36,33.375,39559.00
2026-01-14 14:25:00-05:00,33.375,33.3799,33.32,33.34,35102.00
2026-01-14 14:30:00-05:00,33.35,33.3799,33.3107,33.3107,31764.00
2026-01-14 14:35:00-05:00,33.315,33.33,33.28,33.285,31898.00
2026-01-14 14:40:00-05:00,33.29,33.29,33.255,33.265,34863.00
2026-01-14 14:45:00-05:00,33.265,33.28,33.24,33.245,30061.00
2026-01-14 14:50:00-05:00,33.25,33.27,33.175,33.19,39087.00
2026-01-14 14:55:00-05:00,33.1899,33.19,33.1307,33.145,41297.00
2026-01-14 15:00:00-05:00,33.14,33.2058,33.085,33.125,55255.00
2026-01-14 15:05:00-05:00,33.125,33.18,33.12,33.14,35604.00
2026-01-14 15:10:00-05:00,33.14,33.16,33.09,33.1,40114.00
2026-01-14 15:15:00-05:00,33.095,33.14,33.04,33.12,108879.00
2026-01-14 15:20:00-05:00,33.12,33.289,33.1099,33.25,86964.00
2026-01-14 15:25:00-05:00,33.25,33.25,33.15,33.21,48754.00
2026-01-14 15:30:00-05:00,33.215,33.215,33.16,33.165,61374.00
2026-01-14 15:35:00-05:00,33.165,33.23,33.14,33.2,83890.00
2026-01-14 15:40:00-05:00,33.2,33.215,33.125,33.125,82155.00
2026-01-14 15:45:00-05:00,33.12,33.21,33.12,33.21,144458.00
2026-01-14 15:50:00-05:00,33.21,33.245,33.16,33.16,186105.00
2026-01-14 15:55:00-05:00,33.155,33.36,33.155,33.36,476410.00
2026-01-15 09:30:00-05:00,32.91,32.97,32.583,32.67,100030.00
2026-01-15 09:35:00-05:00,32.66,32.66,32.21,32.24,92386.00
2026-01-15 09:40:00-05:00,32.255,32.51,32.25,32.46,94309.00
2026-01-15 09:45:00-05:00,32.43,32.71,32.42,32.71,44571.00
2026-01-15 09:50:00-05:00,32.705,32.795,32.6,32.77,23898.00
2026-01-15 09:55:00-05:00,32.7762,32.825,32.72,32.785,18291.00
2026-01-15 10:00:00-05:00,32.785,32.85,32.75,32.78,28929.00
2026-01-15 10:05:00-05:00,32.77,32.805,32.72,32.8,33427.00
2026-01-15 10:10:00-05:00,32.79,32.89,32.775,32.83,36512.00
2026-01-15 10:15:00-05:00,32.79,32.795,32.66,32.735,41745.00
2026-01-15 10:20:00-05:00,32.735,32.79,32.69,32.77,20485.00
2026-01-15 10:25:00-05:00,32.76,32.77,32.65,32.67,27599.00
2026-01-15 10:30:00-05:00,32.67,32.87,32.66,32.855,41307.00
2026-01-15 10:35:00-05:00,32.86,32.885,32.815,32.86,61181.00
2026-01-15 10:40:00-05:00,32.88,32.885,32.7822,32.79,56340.00
2026-01-15 10:45:00-05:00,32.775,32.85,32.77,32.8,33705.00
2026-01-15 10:50:00-05:00,32.795,32.908,32.795,32.885,34840.00
2026-01-15 10:55:00-05:00,32.89,33.04,32.885,33.04,102763.00
2026-01-15 11:00:00-05:00,33.05,33.165,33.035,33.115,40348.00
2026-01-15 11:05:00-05:00,33.12,33.17,32.41,32.67,483849.00
2026-01-15 11:10:00-05:00,32.69,32.8,32.675,32.785,88779.00
2026-01-15 11:15:00-05:00,32.785,32.88,32.745,32.835,126115.00
2026-01-15 11:20:00-05:00,32.84,33.07,32.79,32.971,303428.00
2026-01-15 11:25:00-05:00,32.97,33.37,32.95,33.34,201610.00
2026-01-15 11:30:00-05:00,33.34,33.34,33.09,33.105,32575.00
2026-01-15 11:35:00-05:00,33.08,33.135,33.05,33.135,43942.00
2026-01-15 11:40:00-05:00,33.13,33.13,33.07,33.08,33909.00
2026-01-15 11:45:00-05:00,33.09,33.1,33.02,33.08,16828.00
2026-01-15 11:50:00-05:00,33.08,33.1299,33.03,33.05,42082.00
2026-01-15 11:55:00-05:00,33.05,33.19,33.05,33.19,30967.00
2026-01-15 12:00:00-05:00,33.18,33.18,33.13,33.145,47799.00
2026-01-15 12:05:00-05:00,33.14,33.195,33.11,33.18,34549.00
2026-01-15 12:10:00-05:00,33.19,33.275,33.165,33.25,23947.00
2026-01-15 12:15:00-05:00,33.25,33.41,33.235,33.37,35170.00
2026-01-15 12:20:00-05:00,33.36,33.36,33.3,33.3,38357.00
2026-01-15 12:25:00-05:00,33.3,33.32,33.285,33.31,20245.00
2026-01-15 12:30:00-05:00,33.3252,33.3252,33.24,33.2609,18138.00
2026-01-15 12:35:00-05:00,33.26,33.285,33.24,33.2776,20946.00
2026-01-15 12:40:00-05:00,33.27,33.31,33.255,33.31,21684.00
2026-01-15 12:45:00-05:00,33.3155,33.3487,33.29,33.32,25762.00
2026-01-15 12:50:00-05:00,33.3299,33.35,33.255,33.28,60079.00
2026-01-15 12:55:00-05:00,33.28,33.32,33.27,33.31,13974.00
2026-01-15 13:00:00-05:00,33.34,33.355,33.32,33.34,17504.00
2026-01-15 13:05:00-05:00,33.348,33.5,33.345,33.49,66934.00
2026-01-15 13:10:00-05:00,33.495,33.51,33.43,33.43,24714.00
2026-01-15 13:15:00-05:00,33.445,33.49,33.41,33.47,54573.00
2026-01-15 13:20:00-05:00,33.47,33.59,33.45,33.57,42814.00
2026-01-15 13:25:00-05:00,33.575,33.61,33.55,33.6,46078.00
2026-01-15 13:30:00-05:00,33.59,33.61,33.56,33.57,86531.00
2026-01-15 13:35:00-05:00,33.565,33.605,33.5,33.51,15955.00
2026-01-15 13:40:00-05:00,33.505,33.56,33.5,33.52,17462.00
2026-01-15 13:45:00-05:00,33.515,33.54,33.4767,33.515,43159.00
2026-01-15 13:50:00-05:00,33.5199,33.59,33.515,33.585,59903.00
2026-01-15 13:55:00-05:00,33.58,33.59,33.48,33.51,29991.00
2026-01-15 14:00:00-05:00,33.5,33.5,33.46,33.465,15677.00
2026-01-15 14:05:00-05:00,33.47,33.49,33.45,33.47,18931.00
2026-01-15 14:10:00-05:00,33.46,33.465,33.41,33.42,16701.00
2026-01-15 14:15:00-05:00,33.415,33.42,33.35,33.355,21919.00
2026-01-15 14:20:00-05:00,33.35,33.37,33.34,33.35,12788.00
2026-01-15 14:25:00-05:00,33.35,33.35,33.2901,33.3,12669.00
2026-01-15 14:30:00-05:00,33.29,33.29,33.215,33.28,14543.00
2026-01-15 14:35:00-05:00,33.28,33.29,33.26,33.26,9288.00
2026-01-15 14:40:00-05:00,33.27,33.27,33.205,33.22,13559.00
2026-01-15 14:45:00-05:00,33.21,33.24,33.19,33.225,13166.00
2026-01-15 14:50:00-05:00,33.2263,33.26,33.2062,33.225,16408.00
2026-01-15 14:55:00-05:00,33.225,33.23,33.19,33.22,13474.00
2026-01-15 15:00:00-05:00,33.21,33.21,33.155,33.16,16516.00
2026-01-15 15:05:00-05:00,33.17,33.19,33.14,33.16,22274.00
2026-01-15 15:10:00-05:00,33.15,33.16,33.13,33.16,17810.00
2026-01-15 15:15:00-05:00,33.17,33.175,33.12,33.135,23679.00
2026-01-15 15:20:00-05:00,33.12,33.16,33.105,33.13,22578.00
2026-01-15 15:25:00-05:00,33.14,33.14,33.11,33.12,21861.00
2026-01-15 15:30:00-05:00,33.11,33.16,33.095,33.145,42899.00
2026-01-15 15:35:00-05:00,33.14,33.1863,33.14,33.15,27658.00
2026-01-15 15:40:00-05:00,33.16,33.17,33.11,33.125,85894.00
2026-01-15 15:45:00-05:00,33.125,33.175,33.115,33.12,101405.00
2026-01-15 15:50:00-05:00,33.12,33.155,33.1,33.12,100803.00
2026-01-15 15:55:00-05:00,33.115,33.14,33.08,33.1194,252338.00
2026-01-16 09:30:00-05:00,33.02,33.115,32.9,33.02,114390.00
2026-01-16 09:35:00-05:00,32.995,33.11,32.96,33.085,115579.00
2026-01-16 09:40:00-05:00,33.08,33.115,32.94,32.94,99038.00
2026-01-16 09:45:00-05:00,32.91,32.93,32.69,32.895,75058.00
2026-01-16 09:50:00-05:00,32.88,32.93,32.52,32.54,90304.00
2026-01-16 09:55:00-05:00,32.5626,32.6,32.32,32.44,137191.00
2026-01-16 10:00:00-05:00,32.43,32.54,32.36,32.533,127195.00
2026-01-16 10:05:00-05:00,32.55,32.66,32.53,32.55,45126.00
2026-01-16 10:10:00-05:00,32.55,32.555,32.02,32.06,184251.00
2026-01-16 10:15:00-05:00,32.08,32.2295,32.08,32.2,55911.00
2026-01-16 10:20:00-05:00,32.17,32.27,32.17,32.22,66468.00
2026-01-16 10:25:00-05:00,32.2,32.24,32.14,32.1445,34688.00
2026-01-16 10:30:00-05:00,32.14,32.27,32.065,32.255,85912.00
2026-01-16 10:35:00-05:00,32.245,32.29,32.14,32.15,34242.00
2026-01-16 10:40:00-05:00,32.16,32.2,32.14,32.175,63648.00
2026-01-16 10:45:00-05:00,32.165,32.21,32.13,32.135,55482.00
2026-01-16 10:50:00-05:00,32.135,32.16,32.02,32.03,137782.00
2026-01-16 10:55:00-05:00,32.04,32.13,31.95,32.1,94892.00
2026-01-16 11:00:00-05:00,32.1,32.2,32.07,32.16,77590.00
2026-01-16 11:05:00-05:00,32.17,32.27,32.13,32.16,114892.00
2026-01-16 11:10:00-05:00,32.15,32.27,32.15,32.27,49116.00
2026-01-16 11:15:00-05:00,32.26,32.26,32.17,32.185,81405.00
2026-01-16 11:20:00-05:00,32.2,32.26,32.2,32.24,36239.00
2026-01-16 11:25:00-05:00,32.2346,32.235,32.195,32.2,58561.00
2026-01-16 11:30:00-05:00,32.21,32.26,32.19,32.22,49901.00
2026-01-16 11:35:00-05:00,32.22,32.28,32.18,32.25,36255.00
2026-01-16 11:40:00-05:00,32.23,32.23,32.03,32.055,46234.00
2026-01-16 11:45:00-05:00,32.06,32.1,32.05,32.075,37262.00
2026-01-16 11:50:00-05:00,32.06,32.13,32.05,32.12,33408.00
2026-01-16 11:55:00-05:00,32.12,32.12,32.05,32.065,23951.00
2026-01-16 12:00:00-05:00,32.06,32.1,32.045,32.075,35141.00
2026-01-16 12:05:00-05:00,32.075,32.09,31.985,32.01,47853.00
2026-01-16 12:10:00-05:00,32.005,32.025,31.95,31.95,62646.00
2026-01-16 12:15:00-05:00,31.95,31.9996,31.92,31.9996,63890.00
2026-01-16 12:20:00-05:00,31.99,32.02,31.98,31.985,52407.00
2026-01-16 12:25:00-05:00,31.985,32.025,31.95,31.99,31783.00
2026-01-16 12:30:00-05:00,31.98,32.04,31.95,32.035,15962.00
2026-01-16 12:35:00-05:00,32.035,32.115,32.03,32.115,35857.00
2026-01-16 12:40:00-05:00,32.115,32.2,32.1,32.17,22036.00
2026-01-16 12:45:00-05:00,32.15,32.1831,32.11,32.17,23367.00
2026-01-16 12:50:00-05:00,32.17,32.19,32.16,32.16,12758.00
2026-01-16 12:55:00-05:00,32.175,32.1898,32.13,32.16,29042.00
2026-01-16 13:00:00-05:00,32.16,32.2,32.1514,32.2,13067.00
2026-01-16 13:05:00-05:00,32.205,32.25,32.205,32.24,30319.00
2026-01-16 13:10:00-05:00,32.235,32.26,32.22,32.25,26727.00
2026-01-16 13:15:00-05:00,32.255,32.27,32.24,32.25,17257.00
2026-01-16 13:20:00-05:00,32.24,32.24,32.19,32.205,18554.00
2026-01-16 13:25:00-05:00,32.21,32.22,32.2,32.22,12368.00
2026-01-16 13:30:00-05:00,32.22,32.235,32.205,32.2108,13277.00
2026-01-16 13:35:00-05:00,32.21,32.22,32.18,32.2,19945.00
2026-01-16 13:40:00-05:00,32.2,32.2,32.16,32.17,15828.00
2026-01-16 13:45:00-05:00,32.165,32.19,32.165,32.175,12119.00
2026-01-16 13:50:00-05:00,32.18,32.18,32.15,32.155,16194.00
2026-01-16 13:55:00-05:00,32.1558,32.19,32.155,32.16,13850.00
2026-01-16 14:00:00-05:00,32.16,32.225,32.16,32.22,20471.00
2026-01-16 14:05:00-05:00,32.235,32.27,32.235,32.235,14114.00
2026-01-16 14:10:00-05:00,32.23,32.26,32.215,32.25,21102.00
2026-01-16 14:15:00-05:00,32.25,32.27,32.22,32.26,14297.00
2026-01-16 14:20:00-05:00,32.28,32.28,32.257,32.28,11188.00
2026-01-16 14:25:00-05:00,32.27,32.275,32.24,32.265,23647.00
2026-01-16 14:30:00-05:00,32.26,32.28,32.235,32.265,20068.00
2026-01-16 14:35:00-05:00,32.2635,32.29,32.255,32.29,15844.00
2026-01-16 14:40:00-05:00,32.285,32.29,32.265,32.27,13194.00
2026-01-16 14:45:00-05:00,32.27,32.3,32.26,32.27,16441.00
2026-01-16 14:50:00-05:00,32.28,32.3,32.27,32.29,1086638.00
2026-01-16 14:55:00-05:00,32.28,32.29,32.275,32.29,17426.00
2026-01-16 15:00:00-05:00,32.29,32.295,32.25,32.28,34700.00
2026-01-16 15:05:00-05:00,32.29,32.34,32.285,32.33,19333.00
2026-01-16 15:10:00-05:00,32.34,32.35,32.31,32.345,20444.00
2026-01-16 15:15:00-05:00,32.33,32.34,32.285,32.32,19766.00
2026-01-16 15:20:00-05:00,32.33,32.34,32.3,32.325,18105.00
2026-01-16 15:25:00-05:00,32.32,32.33,32.285,32.29,25279.00
2026-01-16 15:30:00-05:00,32.29,32.34,32.275,32.34,46200.00
2026-01-16 15:35:00-05:00,32.34,32.39,32.3,32.37,46892.00
2026-01-16 15:40:00-05:00,32.375,32.395,32.35,32.385,45983.00
2026-01-16 15:45:00-05:00,32.385,32.425,32.34,32.411,57956.00
2026-01-16 15:50:00-05:00,32.4,32.505,32.39,32.485,140930.00
2026-01-16 15:55:00-05:00,32.48,32.5,32.39,32.5,333618.00
2026-01-20 09:30:00-05:00,31.27,31.4,31.06,31.375,181145.00
2026-01-20 09:35:00-05:00,31.375,31.42,31.01,31.16,53883.00
2026-01-20 09:40:00-05:00,31.15,31.18,31.0537,31.09,64063.00
2026-01-20 09:45:00-05:00,31.1,31.1,30.9201,30.955,48383.00
2026-01-20 09:50:00-05:00,30.94,30.97,30.83,30.84,58188.00
2026-01-20 09:55:00-05:00,30.85,30.99,30.84,30.93,50336.00
2026-01-20 10:00:00-05:00,30.9,30.97,30.9,30.94,52557.00
2026-01-20 10:05:00-05:00,30.93,30.96,30.769,30.77,110051.00
2026-01-20 10:10:00-05:00,30.77,30.795,30.73,30.75,58032.00
2026-01-20 10:15:00-05:00,30.74,30.76,30.65,30.69,76564.00
2026-01-20 10:20:00-05:00,30.685,30.795,30.665,30.77,54222.00
2026-01-20 10:25:00-05:00,30.76,30.78,30.69,30.74,49899.00
2026-01-20 10:30:00-05:00,30.745,30.83,30.735,30.76,31034.00
2026-01-20 10:35:00-05:00,30.77,30.785,30.725,30.725,31140.00
2026-01-20 10:40:00-05:00,30.725,30.725,30.65,30.69,40795.00
2026-01-20 10:45:00-05:00,30.68,30.68,30.59,30.5909,33396.00
2026-01-20 10:50:00-05:00,30.598,30.65,30.56,30.6,41996.00
2026-01-20 10:55:00-05:00,30.61,30.61,30.535,30.6,28501.00
2026-01-20 11:00:00-05:00,30.6,30.61,30.52,30.53,28123.00
2026-01-20 11:05:00-05:00,30.52,30.535,30.45,30.4699,58570.00
2026-01-20 11:10:00-05:00,30.47,30.53,30.4675,30.47,39448.00
2026-01-20 11:15:00-05:00,30.46,30.47,30.41,30.44,34077.00
2026-01-20 11:20:00-05:00,30.44,30.57,30.44,30.555,57718.00
2026-01-20 11:25:00-05:00,30.55,30.58,30.48,30.555,38300.00
2026-01-20 11:30:00-05:00,30.55,30.64,30.55,30.59,27239.00
2026-01-20 11:35:00-05:00,30.6,30.68,30.595,30.68,27209.00
2026-01-20 11:40:00-05:00,30.69,30.7,30.61,30.61,20779.00
2026-01-20 11:45:00-05:00,30.6,30.61,30.57,30.59,25981.00
2026-01-20 11:50:00-05:00,30.6,30.645,30.58,30.59,17417.00
2026-01-20 11:55:00-05:00,30.59,30.71,30.59,30.7,41634.00
2026-01-20 12:00:00-05:00,30.69,30.74,30.68,30.73,43218.00
2026-01-20 12:05:00-05:00,30.735,30.81,30.73,30.755,43759.00
2026-01-20 12:10:00-05:00,30.7682,30.77,30.72,30.75,23850.00
2026-01-20 12:15:00-05:00,30.75,30.79,30.74,30.765,23161.00
2026-01-20 12:20:00-05:00,30.765,30.77,30.66,30.67,25408.00
2026-01-20 12:25:00-05:00,30.67,30.7,30.63,30.675,14717.00
2026-01-20 12:30:00-05:00,30.67,30.67,30.61,30.625,19010.00
2026-01-20 12:35:00-05:00,30.62,30.655,30.61,30.655,14472.00
2026-01-20 12:40:00-05:00,30.66,30.67,30.59,30.59,12266.00
2026-01-20 12:45:00-05:00,30.58,30.58,30.46,30.51,32719.00
2026-01-20 12:50:00-05:00,30.5,30.58,30.5,30.58,20152.00
2026-01-20 12:55:00-05:00,30.57,30.5855,30.55,30.55,10826.00
2026-01-20 13:00:00-05:00,30.52,30.55,30.405,30.44,41210.00
2026-01-20 13:05:00-05:00,30.44,30.47,30.44,30.46,14376.00
2026-01-20 13:10:00-05:00,30.46,30.525,30.46,30.495,21590.00
2026-01-20 13:15:00-05:00,30.5,30.505,30.46,30.48,17469.00
2026-01-20 13:20:00-05:00,30.47,30.47,30.445,30.46,9691.00
2026-01-20 13:25:00-05:00,30.46,30.47,30.42,30.435,13350.00
2026-01-20 13:30:00-05:00,30.435,30.445,30.38,30.39,26709.00
2026-01-20 13:35:00-05:00,30.392,30.43,30.36,30.37,12875.00
2026-01-20 13:40:00-05:00,30.365,30.37,30.335,30.345,20684.00
2026-01-20 13:45:00-05:00,30.34,30.35,30.31,30.31,15042.00
2026-01-20 13:50:00-05:00,30.31,30.365,30.3,30.32,31330.00
2026-01-20 13:55:00-05:00,30.325,30.39,30.3201,30.35,33134.00
2026-01-20 14:00:00-05:00,30.34,30.42,30.34,30.405,32612.00
2026-01-20 14:05:00-05:00,30.41,30.435,30.39,30.4,16696.00
2026-01-20 14:10:00-05:00,30.39,30.47,30.39,30.4,45983.00
2026-01-20 14:15:00-05:00,30.39,30.4,30.34,30.36,19674.00
2026-01-20 14:20:00-05:00,30.355,30.365,30.33,30.35,21677.00
2026-01-20 14:25:00-05:00,30.35,30.35,30.32,30.34,14365.00
2026-01-20 14:30:00-05:00,30.34,30.34,30.16,30.215,42177.00
2026-01-20 14:35:00-05:00,30.21,30.24,30.18,30.23,19392.00
2026-01-20 14:40:00-05:00,30.235,30.26,30.225,30.23,19177.00
2026-01-20 14:45:00-05:00,30.22,30.25,30.1977,30.23,18592.00
2026-01-20 14:50:00-05:00,30.23,30.3115,30.23,30.305,40749.00
2026-01-20 14:55:00-05:00,30.3,30.32,30.28,30.3,56130.00
2026-01-20 15:00:00-05:00,30.3,30.335,30.29,30.325,60674.00
2026-01-20 15:05:00-05:00,30.325,30.38,30.32,30.38,62864.00
2026-01-20 15:10:00-05:00,30.365,30.39,30.315,30.37,36453.00
2026-01-20 15:15:00-05:00,30.365,30.42,30.3613,30.375,69773.00
2026-01-20 15:20:00-05:00,30.37,30.405,30.335,30.34,34455.00
2026-01-20 15:25:00-05:00,30.33,30.35,30.255,30.3,56663.00
2026-01-20 15:30:00-05:00,30.3,30.38,30.265,30.36,54028.00
2026-01-20 15:35:00-05:00,30.35,30.39,30.33,30.33,61425.00
2026-01-20 15:40:00-05:00,30.33,30.34,30.275,30.34,62791.00
2026-01-20 15:45:00-05:00,30.34,30.385,30.325,30.33,98129.00
2026-01-20 15:50:00-05:00,30.32,30.37,30.275,30.315,143115.00
2026-01-20 15:55:00-05:00,30.31,30.35,30.24,30.27,386013.00
2026-01-21 09:30:00-05:00,32.08,32.43,31.97,32.26,333808.00
2026-01-21 09:35:00-05:00,32.245,32.41,32.1,32.29,46038.00
2026-01-21 09:40:00-05:00,32.31,32.57,32.249,32.47,378326.00
2026-01-21 09:45:00-05:00,32.48,32.56,32.26,32.34,68951.00
2026-01-21 09:50:00-05:00,32.34,32.385,32.21,32.23,60797.00
2026-01-21 09:55:00-05:00,32.21,32.3,32.16,32.29,53487.00
2026-01-21 10:00:00-05:00,32.3,32.32,32.155,32.185,47288.00
2026-01-21 10:05:00-05:00,32.18,32.2,32.11,32.113,36611.00
2026-01-21 10:10:00-05:00,32.1,32.102,31.925,31.98,95690.00
2026-01-21 10:15:00-05:00,31.99,32.05,31.885,32.01,61532.00
2026-01-21 10:20:00-05:00,32.018,32.06,31.964,31.97,33825.00
2026-01-21 10:25:00-05:00,31.93,31.94,31.76,31.825,55412.00
2026-01-21 10:30:00-05:00,31.81,31.95,31.8,31.86,27968.00
2026-01-21 10:35:00-05:00,31.86,31.945,31.86,31.91,31204.00
2026-01-21 10:40:00-05:00,31.91,31.94,31.84,31.92,50558.00
2026-01-21 10:45:00-05:00,31.935,31.98,31.592,31.83,332824.00
2026-01-21 10:50:00-05:00,31.81,31.89,31.8,31.8616,52769.00
2026-01-21 10:55:00-05:00,31.89,31.905,31.79,31.79,20429.00
2026-01-21 11:00:00-05:00,31.77,31.8,31.66,31.695,70294.00
2026-01-21 11:05:00-05:00,31.7,31.7996,31.6652,31.68,25242.00
2026-01-21 11:10:00-05:00,31.68,31.79,31.68,31.765,25881.00
2026-01-21 11:15:00-05:00,31.77,31.85,31.75,31.81,16228.00
2026-01-21 11:20:00-05:00,31.815,31.815,31.74,31.78,23922.00
2026-01-21 11:25:00-05:00,31.76,31.76,31.64,31.715,16521.00
2026-01-21 11:30:00-05:00,31.72,31.72,31.63,31.65,13562.00
2026-01-21 11:35:00-05:00,31.66,31.67,31.5517,31.578,10798.00
2026-01-21 11:40:00-05:00,31.58,31.62,31.5643,31.5643,11545.00
2026-01-21 11:45:00-05:00,31.55,31.56,31.52,31.545,10802.00
2026-01-21 11:50:00-05:00,31.56,31.56,31.52,31.55,9664.00
2026-01-21 11:55:00-05:00,31.545,31.5499,31.5,31.525,9824.00
2026-01-21 12:00:00-05:00,31.52,31.54,31.455,31.46,14750.00
2026-01-21 12:05:00-05:00,31.46,31.4693,31.39,31.41,23804.00
2026-01-21 12:10:00-05:00,31.415,31.4299,31.34,31.35,10532.00
2026-01-21 12:15:00-05:00,31.36,31.42,31.33,31.42,11133.00
2026-01-21 12:20:00-05:00,31.3987,31.425,31.37,31.4079,20229.00
2026-01-21 12:25:00-05:00,31.405,31.4199,31.38,31.41,10383.00
2026-01-21 12:30:00-05:00,31.405,31.405,31.3,31.3,18649.00
2026-01-21 12:35:00-05:00,31.295,31.31,31.22,31.28,18061.00
2026-01-21 12:40:00-05:00,31.285,31.2993,31.23,31.23,13456.00
2026-01-21 12:45:00-05:00,31.21,31.28,31.19,31.25,11167.00
2026-01-21 12:50:00-05:00,31.26,31.36,31.26,31.36,21818.00
2026-01-21 12:55:00-05:00,31.36,31.385,31.35,31.37,7579.00
2026-01-21 13:00:00-05:00,31.39,31.39,31.29,31.29,7984.00
2026-01-21 13:05:00-05:00,31.28,31.35,31.2797,31.33,7419.00
2026-01-21 13:10:00-05:00,31.34,31.41,31.34,31.37,8310.00
2026-01-21 13:15:00-05:00,31.365,31.3799,31.34,31.35,6207.00
2026-01-21 13:20:00-05:00,31.34,31.4,31.34,31.365,8217.00
2026-01-21 13:25:00-05:00,31.375,31.47,31.36,31.45,8393.00
2026-01-21 13:30:00-05:00,31.46,31.54,31.46,31.54,10495.00
2026-01-21 13:35:00-05:00,31.54,31.545,31.49,31.52,9578.00
2026-01-21 13:40:00-05:00,31.52,31.545,31.515,31.54,7874.00
2026-01-21 13:45:00-05:00,31.535,31.62,31.535,31.62,7935.00
2026-01-21 13:50:00-05:00,31.62,31.64,31.608,31.61,11394.00
2026-01-21 13:55:00-05:00,31.6,31.645,31.585,31.645,61776.00
2026-01-21 14:00:00-05:00,31.645,31.66,31.611,31.62,15251.00
2026-01-21 14:05:00-05:00,31.62,31.64,31.61,31.64,11614.00
2026-01-21 14:10:00-05:00,31.63,31.66,31.61,31.61,8376.00
2026-01-21 14:15:00-05:00,31.61,31.62,31.5909,31.6,11511.00
2026-01-21 14:20:00-05:00,31.59,31.61,31.59,31.605,9681.00
2026-01-21 14:25:00-05:00,31.6,31.76,31.595,31.74,23522.00
2026-01-21 14:30:00-05:00,31.75,31.86,31.74,31.86,22973.00
2026-01-21 14:35:00-05:00,31.8394,31.92,31.78,31.9,28282.00
2026-01-21 14:40:00-05:00,31.89,32.02,31.89,31.968,71464.00
2026-01-21 14:45:00-05:00,31.95,32.115,31.95,32.11,50606.00
2026-01-21 14:50:00-05:00,32.12,32.14,31.96,32.04,40882.00
2026-01-21 14:55:00-05:00,32.05,32.13,32.04,32.13,33302.00
2026-01-21 15:00:00-05:00,32.1,32.16,32.06,32.11,46629.00
2026-01-21 15:05:00-05:00,32.11,32.11,32.03,32.03,14101.00
2026-01-21 15:10:00-05:00,32.03,32.085,32.03,32.08,15070.00
2026-01-21 15:15:00-05:00,32.08,32.08,31.96,31.99,16834.00
2026-01-21 15:20:00-05:00,32,32.01,31.915,31.93,15297.00
2026-01-21 15:25:00-05:00,31.92,31.925,31.87,31.88,14388.00
2026-01-21 15:30:00-05:00,31.86,31.96,31.83,31.94,49903.00
2026-01-21 15:35:00-05:00,31.9499,32,31.915,31.935,42437.00
2026-01-21 15:40:00-05:00,31.93,32.03,31.93,32.03,59681.00
2026-01-21 15:45:00-05:00,32.01,32.02,31.94,31.99,70802.00
2026-01-21 15:50:00-05:00,31.975,32.02,31.9,31.9,123610.00
2026-01-21 15:55:00-05:00,31.895,32.025,31.895,31.96,325224.00
2026-01-22 09:30:00-05:00,33.15,33.33,33.08,33.2,116718.00
2026-01-22 09:35:00-05:00,33.2,33.3,33.17,33.23,139056.00
2026-01-22 09:40:00-05:00,33.25,33.26,32.95,32.97,199591.00
2026-01-22 09:45:00-05:00,32.95,32.98,32.79,32.79,23737.00
2026-01-22 09:50:00-05:00,32.79,32.975,32.765,32.92,23323.00
2026-01-22 09:55:00-05:00,32.91,32.95,32.83,32.94,49125.00
2026-01-22 10:00:00-05:00,32.93,33.13,32.865,32.87,239991.00
2026-01-22 10:05:00-05:00,32.86,32.98,32.86,32.9393,95151.00
2026-01-22 10:10:00-05:00,32.93,33.08,32.9,33.07,147527.00
2026-01-22 10:15:00-05:00,33.05,33.15,32.97,33.08,91999.00
2026-01-22 10:20:00-05:00,33.08,33.12,33.05,33.0604,29756.00
2026-01-22 10:25:00-05:00,33.065,33.27,33.065,33.22,48266.00
2026-01-22 10:30:00-05:00,33.21,33.21,33.1,33.135,23528.00
2026-01-22 10:35:00-05:00,33.13,33.25,33.08,33.23,50578.00
2026-01-22 10:40:00-05:00,33.21,33.3,33.21,33.28,33164.00
2026-01-22 10:45:00-05:00,33.29,33.3499,33.275,33.315,39618.00
2026-01-22 10:50:00-05:00,33.31,33.385,33.27,33.36,48242.00
2026-01-22 10:55:00-05:00,33.36,33.36,33.2,33.21,44548.00
2026-01-22 11:00:00-05:00,33.2051,33.26,33.15,33.187,46529.00
2026-01-22 11:05:00-05:00,33.18,33.21,33.15,33.185,27655.00
2026-01-22 11:10:00-05:00,33.19,33.2064,33.165,33.195,61394.00
2026-01-22 11:15:00-05:00,33.195,33.26,33.19,33.23,67714.00
2026-01-22 11:20:00-05:00,33.225,33.255,33.22,33.25,21835.00
2026-01-22 11:25:00-05:00,33.27,33.36,33.27,33.34,55004.00
2026-01-22 11:30:00-05:00,33.335,33.39,33.328,33.38,47455.00
2026-01-22 11:35:00-05:00,33.375,33.435,33.3201,33.41,77752.00
2026-01-22 11:40:00-05:00,33.395,33.445,33.39,33.42,39816.00
2026-01-22 11:45:00-05:00,33.42,33.49,33.41,33.477,70656.00
2026-01-22 11:50:00-05:00,33.48,33.52,33.475,33.475,45983.00
2026-01-22 11:55:00-05:00,33.48,33.49,33.4,33.425,43464.00
2026-01-22 12:00:00-05:00,33.425,33.47,33.405,33.47,26463.00
2026-01-22 12:05:00-05:00,33.475,33.565,33.45,33.55,27381.00
2026-01-22 12:10:00-05:00,33.56,33.58,33.525,33.525,23379.00
2026-01-22 12:15:00-05:00,33.52,33.5286,33.45,33.46,17272.00
2026-01-22 12:20:00-05:00,33.465,33.465,33.43,33.43,14484.00
2026-01-22 12:25:00-05:00,33.42,33.44,33.4,33.42,16085.00
2026-01-22 12:30:00-05:00,33.415,33.4498,33.4046,33.43,13381.00
2026-01-22 12:35:00-05:00,33.43,33.43,33.39,33.41,12714.00
2026-01-22 12:40:00-05:00,33.4,33.46,33.4,33.455,46697.00
2026-01-22 12:45:00-05:00,33.45,33.465,33.4255,33.44,15648.00
2026-01-22 12:50:00-05:00,33.45,33.45,33.42,33.43,10913.00
2026-01-22 12:55:00-05:00,33.41,33.42,33.4,33.4199,12902.00
2026-01-22 13:00:00-05:00,33.415,33.42,33.38,33.385,15014.00
2026-01-22 13:05:00-05:00,33.39,33.39,33.3125,33.315,25815.00
2026-01-22 13:10:00-05:00,33.315,33.315,33.29,33.31,9156.00
2026-01-22 13:15:00-05:00,33.305,33.34,33.305,33.335,11936.00
2026-01-22 13:20:00-05:00,33.34,33.38,33.34,33.38,11128.00
2026-01-22 13:25:00-05:00,33.385,33.42,33.37,33.405,10782.00
2026-01-22 13:30:00-05:00,33.405,33.435,33.405,33.42,13646.00
2026-01-22 13:35:00-05:00,33.42,33.425,33.39,33.4,12184.00
2026-01-22 13:40:00-05:00,33.405,33.4162,33.375,33.375,10511.00
2026-01-22 13:45:00-05:00,33.38,33.4,33.36,33.375,11019.00
2026-01-22 13:50:00-05:00,33.38,33.39,33.365,33.365,19793.00
2026-01-22 13:55:00-05:00,33.365,33.425,33.365,33.41,29887.00
2026-01-22 14:00:00-05:00,33.41,33.42,33.394,33.41,15049.00
2026-01-22 14:05:00-05:00,33.405,33.4255,33.39,33.4,10589.00
2026-01-22 14:10:00-05:00,33.405,33.42,33.4,33.42,12785.00
2026-01-22 14:15:00-05:00,33.42,33.425,33.4,33.415,12196.00
2026-01-22 14:20:00-05:00,33.42,33.425,33.38,33.42,15772.00
2026-01-22 14:25:00-05:00,33.42,33.43,33.39,33.395,10041.00
2026-01-22 14:30:00-05:00,33.395,33.41,33.37,33.41,23070.00
2026-01-22 14:35:00-05:00,33.42,33.42,33.3758,33.4097,30243.00
2026-01-22 14:40:00-05:00,33.41,33.415,33.385,33.41,28149.00
2026-01-22 14:45:00-05:00,33.4,33.435,33.39,33.395,23549.00
2026-01-22 14:50:00-05:00,33.4,33.43,33.385,33.39,18068.00
2026-01-22 14:55:00-05:00,33.39,33.39,33.35,33.38,18713.00
2026-01-22 15:00:00-05:00,33.39,33.42,33.379,33.38,31307.00
2026-01-22 15:05:00-05:00,33.385,33.415,33.36,33.39,28131.00
2026-01-22 15:10:00-05:00,33.4,33.435,33.345,33.3851,29266.00
2026-01-22 15:15:00-05:00,33.39,33.42,33.375,33.375,28613.00
2026-01-22 15:20:00-05:00,33.375,33.43,33.37,33.42,33345.00
2026-01-22 15:25:00-05:00,33.42,33.43,33.39,33.41,34839.00
2026-01-22 15:30:00-05:00,33.39,33.43,33.38,33.4,30412.00
2026-01-22 15:35:00-05:00,33.39,33.41,33.37,33.385,39532.00
2026-01-22 15:40:00-05:00,33.385,33.41,33.38,33.405,62282.00
2026-01-22 15:45:00-05:00,33.405,33.45,33.38,33.38,72883.00
2026-01-22 15:50:00-05:00,33.39,33.39,33.35,33.36,71186.00
2026-01-22 15:55:00-05:00,33.36,33.45,33.35,33.44,397553.00
2026-01-23 09:30:00-05:00,33.325,33.4,32.96,33.25,132621.00
2026-01-23 09:35:00-05:00,33.26,33.34,33.11,33.135,74411.00
2026-01-23 09:40:00-05:00,33.125,33.19,33.02,33.03,42790.00
2026-01-23 09:45:00-05:00,33.05,33.05,32.91,33,93843.00
2026-01-23 09:50:00-05:00,33.015,33.15,33,33.11,30351.00
2026-01-23 09:55:00-05:00,33.1,33.23,33.1,33.13,31470.00
2026-01-23 10:00:00-05:00,33.1312,33.19,33.105,33.12,37879.00
2026-01-23 10:05:00-05:00,33.1,33.11,32.96,32.96,47337.00
2026-01-23 10:10:00-05:00,32.97,33.08,32.95,32.95,60979.00
2026-01-23 10:15:00-05:00,32.965,32.97,32.89,32.91,42673.00
2026-01-23 10:20:00-05:00,32.91,33.2999,32.91,33.29,80113.00
2026-01-23 10:25:00-05:00,33.28,33.33,33.24,33.255,37374.00
2026-01-23 10:30:00-05:00,33.25,33.28,33.23,33.26,22188.00
2026-01-23 10:35:00-05:00,33.26,33.26,33.2,33.2,22143.00
2026-01-23 10:40:00-05:00,33.195,33.26,33.1735,33.215,29825.00
2026-01-23 10:45:00-05:00,33.205,33.23,33.19,33.1906,17385.00
2026-01-23 10:50:00-05:00,33.19,33.19,33.12,33.1782,16474.00
2026-01-23 10:55:00-05:00,33.1707,33.185,33.11,33.12,19158.00
2026-01-23 11:00:00-05:00,33.13,33.25,33.13,33.24,18081.00
2026-01-23 11:05:00-05:00,33.24,33.24,33.18,33.18,16322.00
2026-01-23 11:10:00-05:00,33.18,33.22,33.16,33.16,15911.00
2026-01-23 11:15:00-05:00,33.16,33.17,33.125,33.145,28828.00
2026-01-23 11:20:00-05:00,33.15,33.155,33.09,33.09,15475.00
2026-01-23 11:25:00-05:00,33.1,33.18,33.09,33.15,30662.00
2026-01-23 11:30:00-05:00,33.14,33.14,33.07,33.1,12162.00
2026-01-23 11:35:00-05:00,33.09,33.15,33.085,33.125,20368.00
2026-01-23 11:40:00-05:00,33.13,33.185,33.125,33.175,14518.00
2026-01-23 11:45:00-05:00,33.16,33.23,33.16,33.21,33376.00
2026-01-23 11:50:00-05:00,33.21,33.24,33.18,33.21,33534.00
2026-01-23 11:55:00-05:00,33.21,33.24,33.2,33.24,20901.00
2026-01-23 12:00:00-05:00,33.23,33.275,33.215,33.27,34008.00
2026-01-23 12:05:00-05:00,33.27,33.36,33.27,33.345,91858.00
2026-01-23 12:10:00-05:00,33.36,33.48,33.36,33.43,36169.00
2026-01-23 12:15:00-05:00,33.43,33.47,33.42,33.46,24764.00
2026-01-23 12:20:00-05:00,33.46,33.47,33.4101,33.4101,32583.00
2026-01-23 12:25:00-05:00,33.42,33.48,33.4146,33.46,21610.00
2026-01-23 12:30:00-05:00,33.46,33.49,33.44,33.46,27154.00
2026-01-23 12:35:00-05:00,33.45,33.4899,33.43,33.465,22101.00
2026-01-23 12:40:00-05:00,33.46,33.46,33.405,33.405,7245.00
2026-01-23 12:45:00-05:00,33.395,33.395,33.34,33.368,10791.00
2026-01-23 12:50:00-05:00,33.36,33.36,33.27,33.27,12007.00
2026-01-23 12:55:00-05:00,33.27,33.29,33.23,33.26,9660.00
2026-01-23 13:00:00-05:00,33.27,33.32,33.27,33.32,5557.00
2026-01-23 13:05:00-05:00,33.32,33.35,33.31,33.35,4925.00
2026-01-23 13:10:00-05:00,33.37,33.37,33.3441,33.3441,5812.00
2026-01-23 13:15:00-05:00,33.33,33.385,33.33,33.385,7031.00
2026-01-23 13:20:00-05:00,33.38,33.38,33.32,33.325,25122.00
2026-01-23 13:25:00-05:00,33.325,33.35,33.325,33.345,9804.00
2026-01-23 13:30:00-05:00,33.34,33.38,33.34,33.35,5769.00
2026-01-23 13:35:00-05:00,33.36,33.395,33.36,33.39,6837.00
2026-01-23 13:40:00-05:00,33.39,33.39,33.32,33.325,7801.00
2026-01-23 13:45:00-05:00,33.32,33.33,33.3,33.33,11131.00
2026-01-23 13:50:00-05:00,33.32,33.32,33.2946,33.305,5547.00
2026-01-23 13:55:00-05:00,33.305,33.32,33.3,33.315,7525.00
2026-01-23 14:00:00-05:00,33.31,33.31,33.26,33.27,13512.00
2026-01-23 14:05:00-05:00,33.27,33.305,33.27,33.3,8428.00
2026-01-23 14:10:00-05:00,33.295,33.32,33.295,33.3,7568.00
2026-01-23 14:15:00-05:00,33.295,33.305,33.275,33.28,6604.00
2026-01-23 14:20:00-05:00,33.29,33.31,33.265,33.3,8222.00
2026-01-23 14:25:00-05:00,33.28,33.29,33.265,33.27,14024.00
2026-01-23 14:30:00-05:00,33.275,33.305,33.27,33.27,11947.00
2026-01-23 14:35:00-05:00,33.28,33.28,33.25,33.255,14992.00
2026-01-23 14:40:00-05:00,33.25,33.285,33.24,33.285,7301.00
2026-01-23 14:45:00-05:00,33.29,33.3,33.26,33.26,11783.00
2026-01-23 14:50:00-05:00,33.275,33.295,33.27,33.28,9038.00
2026-01-23 14:55:00-05:00,33.275,33.29,33.27,33.27,10048.00
2026-01-23 15:00:00-05:00,33.27,33.27,33.16,33.2108,15165.00
2026-01-23 15:05:00-05:00,33.21,33.21,33.17,33.2,10546.00
2026-01-23 15:10:00-05:00,33.17,33.2,33.17,33.2,22975.00
2026-01-23 15:15:00-05:00,33.2,33.21,33.19,33.2,8666.00
2026-01-23 15:20:00-05:00,33.195,33.2,33.185,33.2,9239.00
2026-01-23 15:25:00-05:00,33.19,33.2305,33.185,33.2,21543.00
2026-01-23 15:30:00-05:00,33.18,33.24,33.14,33.22,55322.00
2026-01-23 15:35:00-05:00,33.245,33.32,33.245,33.32,35143.00
2026-01-23 15:40:00-05:00,33.31,33.35,33.29,33.29,24978.00
2026-01-23 15:45:00-05:00,33.295,33.32,33.275,33.315,26007.00
2026-01-23 15:50:00-05:00,33.32,33.36,33.31,33.34,62650.00
2026-01-23 15:55:00-05:00,33.335,33.43,33.29,33.42,202414.00
2026-01-26 09:30:00-05:00,32.78,32.85,32.6366,32.784,52369.00
2026-01-26 09:35:00-05:00,32.78,32.98,32.74,32.86,22321.00
2026-01-26 09:40:00-05:00,32.86,32.885,32.82,32.83,36728.00
2026-01-26 09:45:00-05:00,32.82,32.83,32.735,32.75,25484.00
2026-01-26 09:50:00-05:00,32.76,32.85,32.75,32.842,11909.00
2026-01-26 09:55:00-05:00,32.83,32.83,32.76,32.82,17789.00
2026-01-26 10:00:00-05:00,32.83,33.0199,32.82,32.99,15585.00
2026-01-26 10:05:00-05:00,33,33.01,32.96,32.99,10234.00
2026-01-26 10:10:00-05:00,32.995,33.01,32.92,32.98,30458.00
2026-01-26 10:15:00-05:00,32.995,33.02,32.97,33.02,17496.00
2026-01-26 10:20:00-05:00,33.02,33.1,32.976,33.08,19133.00
2026-01-26 10:25:00-05:00,33.07,33.22,33.01,33.08,41296.00
2026-01-26 10:30:00-05:00,33.08,33.15,33.04,33.14,8326.00
2026-01-26 10:35:00-05:00,33.14,33.17,33.1,33.17,17100.00
2026-01-26 10:40:00-05:00,33.17,33.185,33.09,33.12,13939.00
2026-01-26 10:45:00-05:00,33.12,33.17,33.11,33.135,9563.00
2026-01-26 10:50:00-05:00,33.14,33.17,33.1107,33.1107,8063.00
2026-01-26 10:55:00-05:00,33.13,33.17,33.11,33.11,11965.00
2026-01-26 11:00:00-05:00,33.1,33.16,33.1,33.14,9948.00
2026-01-26 11:05:00-05:00,33.135,33.21,33.13,33.17,17749.00
2026-01-26 11:10:00-05:00,33.18,33.18,33.13,33.155,8655.00
2026-01-26 11:15:00-05:00,33.16,33.16,33.11,33.13,8860.00
2026-01-26 11:20:00-05:00,33.12,33.175,33.11,33.17,15652.00
2026-01-26 11:25:00-05:00,33.165,33.215,33.165,33.19,9551.00
2026-01-26 11:30:00-05:00,33.19,33.2,33.185,33.2,2975.00
2026-01-26 11:35:00-05:00,33.1999,33.245,33.1999,33.24,9556.00
2026-01-26 11:40:00-05:00,33.225,33.25,33.225,33.2499,2257.00
2026-01-26 11:45:00-05:00,33.23,33.27,33.23,33.27,7047.00
2026-01-26 11:50:00-05:00,33.28,33.36,33.28,33.339,12162.00
2026-01-26 11:55:00-05:00,33.335,33.335,33.29,33.31,8726.00
2026-01-26 12:00:00-05:00,33.34,33.39,33.32,33.32,7624.00
2026-01-26 12:05:00-05:00,33.315,33.41,33.315,33.39,24023.00
2026-01-26 12:10:00-05:00,33.38,33.41,33.34,33.41,6646.00
2026-01-26 12:15:00-05:00,33.4,33.41,33.37,33.38,24936.00
2026-01-26 12:20:00-05:00,33.37,33.37,33.36,33.36,17016.00
2026-01-26 12:25:00-05:00,33.36,33.43,33.36,33.38,38771.00
2026-01-26 12:30:00-05:00,33.375,33.44,33.36,33.415,17165.00
2026-01-26 12:35:00-05:00,33.42,33.4875,33.42,33.48,11472.00
2026-01-26 12:40:00-05:00,33.49,33.59,33.49,33.58,30369.00
2026-01-26 12:45:00-05:00,33.58,33.58,33.495,33.55,10331.00
2026-01-26 12:50:00-05:00,33.54,33.5922,33.54,33.5922,31498.00
2026-01-26 12:55:00-05:00,33.58,33.5989,33.575,33.58,13075.00
2026-01-26 13:00:00-05:00,33.58,33.58,33.53,33.53,7554.00
2026-01-26 13:05:00-05:00,33.51,33.51,33.48,33.505,13742.00
2026-01-26 13:10:00-05:00,33.505,33.505,33.4526,33.48,14713.00
2026-01-26 13:15:00-05:00,33.4811,33.4811,33.445,33.4793,7569.00
2026-01-26 13:20:00-05:00,33.48,33.4877,33.465,33.4877,15784.00
2026-01-26 13:25:00-05:00,33.48,33.485,33.47,33.475,5604.00
2026-01-26 13:30:00-05:00,33.485,33.485,33.47,33.47,1919.00
2026-01-26 13:35:00-05:00,33.45,33.45,33.42,33.43,12058.00
2026-01-26 13:40:00-05:00,33.43,33.43,33.39,33.41,12047.00
2026-01-26 13:45:00-05:00,33.41,33.425,33.405,33.425,2670.00
2026-01-26 13:50:00-05:00,33.43,33.44,33.41,33.43,13604.00
2026-01-26 13:55:00-05:00,33.44,33.55,33.435,33.53,52266.00
2026-01-26 14:00:00-05:00,33.53,33.545,33.47,33.475,13458.00
2026-01-26 14:05:00-05:00,33.4699,33.485,33.46,33.46,10081.00
2026-01-26 14:10:00-05:00,33.47,33.49,33.45,33.475,18094.00
2026-01-26 14:15:00-05:00,33.4692,33.4692,33.42,33.42,7423.00
2026-01-26 14:20:00-05:00,33.41,33.41,33.3954,33.3954,6387.00
2026-01-26 14:25:00-05:00,33.39,33.43,33.385,33.41,7352.00
2026-01-26 14:30:00-05:00,33.43,33.4376,33.41,33.4376,7351.00
2026-01-26 14:35:00-05:00,33.43,33.43,33.385,33.385,17022.00
2026-01-26 14:40:00-05:00,33.38,33.38,33.36,33.36,5260.00
2026-01-26 14:45:00-05:00,33.36,33.36,33.33,33.34,9365.00
2026-01-26 14:50:00-05:00,33.345,33.345,33.321,33.33,9005.00
2026-01-26 14:55:00-05:00,33.34,33.36,33.34,33.34,4176.00
2026-01-26 15:00:00-05:00,33.34,33.345,33.32,33.34,13434.00
2026-01-26 15:05:00-05:00,33.34,33.355,33.33,33.35,9579.00
2026-01-26 15:10:00-05:00,33.36,33.37,33.295,33.3,13135.00
2026-01-26 15:15:00-05:00,33.3,33.31,33.27,33.31,10584.00
2026-01-26 15:20:00-05:00,33.32,33.33,33.305,33.33,13983.00
2026-01-26 15:25:00-05:00,33.335,33.34,33.315,33.33,6757.00
2026-01-26 15:30:00-05:00,33.325,33.355,33.3,33.32,25433.00
2026-01-26 15:35:00-05:00,33.32,33.331,33.3,33.305,18887.00
2026-01-26 15:40:00-05:00,33.3,33.33,33.28,33.32,15852.00
2026-01-26 15:45:00-05:00,33.32,33.355,33.32,33.34,22487.00
2026-01-26 15:50:00-05:00,33.34,33.39,33.3325,33.375,52847.00
2026-01-26 15:55:00-05:00,33.395,33.54,33.385,33.53,190597.00
2026-01-27 09:30:00-05:00,34.94,34.98,34.57,34.885,178215.00
2026-01-27 09:35:00-05:00,34.9,35.12,34.84,34.9602,183052.00
2026-01-27 09:40:00-05:00,34.96,35.019,34.91,35.019,110056.00
2026-01-27 09:45:00-05:00,35.015,35.08,34.8,34.81,143325.00
2026-01-27 09:50:00-05:00,34.815,34.89,34.775,34.82,64983.00
2026-01-27 09:55:00-05:00,34.81,34.87,34.79,34.79,40550.00
2026-01-27 10:00:00-05:00,34.775,34.9299,34.775,34.85,88875.00
2026-01-27 10:05:00-05:00,34.84,34.84,34.64,34.725,91234.00
2026-01-27 10:10:00-05:00,34.73,34.75,34.66,34.74,40225.00
2026-01-27 10:15:00-05:00,34.73,34.8425,34.72,34.84,45546.00
2026-01-27 10:20:00-05:00,34.835,34.865,34.825,34.835,25001.00
2026-01-27 10:25:00-05:00,34.84,34.85,34.785,34.805,15038.00
2026-01-27 10:30:00-05:00,34.8,34.8,34.745,34.7562,17418.00
2026-01-27 10:35:00-05:00,34.77,34.85,34.77,34.85,20050.00
2026-01-27 10:40:00-05:00,34.855,34.8747,34.8,34.8747,34031.00
2026-01-27 10:45:00-05:00,34.87,34.92,34.825,34.86,31678.00
2026-01-27 10:50:00-05:00,34.86,34.96,34.85,34.8794,47506.00
2026-01-27 10:55:00-05:00,34.87,34.93,34.86,34.89,20536.00
2026-01-27 11:00:00-05:00,34.885,34.96,34.872,34.8727,48396.00
2026-01-27 11:05:00-05:00,34.8654,34.8654,34.81,34.81,18888.00
2026-01-27 11:10:00-05:00,34.8099,34.9,34.8099,34.895,22809.00
2026-01-27 11:15:00-05:00,34.895,34.9,34.865,34.87,22918.00
2026-01-27 11:20:00-05:00,34.87,34.88,34.8,34.87,19247.00
2026-01-27 11:25:00-05:00,34.86,34.865,34.83,34.865,14052.00
2026-01-27 11:30:00-05:00,34.87,34.92,34.85,34.87,17631.00
2026-01-27 11:35:00-05:00,34.88,34.8997,34.8629,34.895,16639.00
2026-01-27 11:40:00-05:00,34.9,35,34.9,34.94,55519.00
2026-01-27 11:45:00-05:00,34.945,34.945,34.86,34.87,6469.00
2026-01-27 11:50:00-05:00,34.8799,34.88,34.83,34.83,15316.00
2026-01-27 11:55:00-05:00,34.82,34.84,34.7632,34.7693,6152.00
2026-01-27 12:00:00-05:00,34.7601,34.81,34.755,34.79,16531.00
2026-01-27 12:05:00-05:00,34.79,34.8,34.73,34.78,22462.00
2026-01-27 12:10:00-05:00,34.77,34.78,34.71,34.71,14253.00
2026-01-27 12:15:00-05:00,34.71,34.71,34.665,34.67,12909.00
2026-01-27 12:20:00-05:00,34.67,34.67,34.63,34.65,10955.00
2026-01-27 12:25:00-05:00,34.64,34.66,34.615,34.615,10518.00
2026-01-27 12:30:00-05:00,34.615,34.615,34.51,34.5425,20182.00
2026-01-27 12:35:00-05:00,34.535,34.58,34.525,34.575,14817.00
2026-01-27 12:40:00-05:00,34.58,34.6,34.515,34.525,32040.00
2026-01-27 12:45:00-05:00,34.53,34.53,34.44,34.5,18002.00
2026-01-27 12:50:00-05:00,34.5,34.51,34.4883,34.505,6189.00
2026-01-27 12:55:00-05:00,34.5,34.51,34.48,34.48,14028.00
2026-01-27 13:00:00-05:00,34.485,34.57,34.485,34.5566,32306.00
2026-01-27 13:05:00-05:00,34.55,34.57,34.53,34.555,8143.00
2026-01-27 13:10:00-05:00,34.555,34.57,34.53,34.53,10117.00
2026-01-27 13:15:00-05:00,34.54,34.61,34.54,34.61,8901.00
2026-01-27 13:20:00-05:00,34.605,34.61,34.585,34.59,7430.00
2026-01-27 13:25:00-05:00,34.595,34.63,34.595,34.6,6399.00
2026-01-27 13:30:00-05:00,34.6,34.61,34.49,34.52,20650.00
2026-01-27 13:35:00-05:00,34.515,34.53,34.5,34.5,7332.00
2026-01-27 13:40:00-05:00,34.505,34.53,34.49,34.51,9094.00
2026-01-27 13:45:00-05:00,34.5,34.54,34.5,34.5245,16514.00
2026-01-27 13:50:00-05:00,34.525,34.54,34.51,34.52,19961.00
2026-01-27 13:55:00-05:00,34.525,34.64,34.52,34.6,112399.00
2026-01-27 14:00:00-05:00,34.58,34.61,34.58,34.585,10065.00
2026-01-27 14:05:00-05:00,34.59,34.6,34.56,34.57,13413.00
2026-01-27 14:10:00-05:00,34.57,34.6,34.565,34.59,10204.00
2026-01-27 14:15:00-05:00,34.585,34.65,34.585,34.605,15134.00
2026-01-27 14:20:00-05:00,34.6,34.615,34.59,34.615,7832.00
2026-01-27 14:25:00-05:00,34.61,34.65,34.61,34.65,7751.00
2026-01-27 14:30:00-05:00,34.645,34.645,34.6299,34.63,7520.00
2026-01-27 14:35:00-05:00,34.64,34.67,34.64,34.65,6753.00
2026-01-27 14:40:00-05:00,34.655,34.665,34.64,34.665,10597.00
2026-01-27 14:45:00-05:00,34.66,34.69,34.655,34.68,34009.00
2026-01-27 14:50:00-05:00,34.685,34.685,34.66,34.67,10610.00
2026-01-27 14:55:00-05:00,34.67,34.69,34.66,34.69,11039.00
2026-01-27 15:00:00-05:00,34.69,34.698,34.685,34.69,9742.00
2026-01-27 15:05:00-05:00,34.68,34.695,34.67,34.69,14826.00
2026-01-27 15:10:00-05:00,34.69,34.73,34.68,34.715,12589.00
2026-01-27 15:15:00-05:00,34.7198,34.73,34.705,34.72,13942.00
2026-01-27 15:20:00-05:00,34.73,34.745,34.73,34.735,9732.00
2026-01-27 15:25:00-05:00,34.7307,34.755,34.705,34.74,21081.00
2026-01-27 15:30:00-05:00,34.73,34.73,34.67,34.675,28861.00
2026-01-27 15:35:00-05:00,34.675,34.675,34.64,34.675,27306.00
2026-01-27 15:40:00-05:00,34.68,34.68,34.6497,34.65,29070.00
2026-01-27 15:45:00-05:00,34.65,34.71,34.645,34.695,41140.00
2026-01-27 15:50:00-05:00,34.69,34.7,34.645,34.665,104656.00
2026-01-27 15:55:00-05:00,34.67,34.7,34.65,34.7,170200.00
2026-01-28 09:30:00-05:00,36.1,36.4,35.95,36.25,258299.00
2026-01-28 09:35:00-05:00,36.23,36.25,36.03,36.1,78539.00
2026-01-28 09:40:00-05:00,36.09,36.13,36.01,36.035,81574.00
2026-01-28 09:45:00-05:00,36.04,36.06,35.92,35.97,50935.00
2026-01-28 09:50:00-05:00,35.98,35.98,35.89,35.94,46803.00
2026-01-28 09:55:00-05:00,35.94,35.955,35.71,35.745,85214.00
2026-01-28 10:00:00-05:00,35.73,35.84,35.695,35.8,49889.00
2026-01-28 10:05:00-05:00,35.795,35.815,35.635,35.67,52153.00
2026-01-28 10:10:00-05:00,35.69,35.7,35.59,35.615,35949.00
2026-01-28 10:15:00-05:00,35.62,35.665,35.49,35.49,54293.00
2026-01-28 10:20:00-05:00,35.47,35.54,35.43,35.47,58002.00
2026-01-28 10:25:00-05:00,35.46,35.47,35.34,35.355,26422.00
2026-01-28 10:30:00-05:00,35.37,35.43,35.32,35.3499,27036.00
2026-01-28 10:35:00-05:00,35.345,35.46,35.34,35.46,27663.00
2026-01-28 10:40:00-05:00,35.455,35.565,35.45,35.54,39012.00
2026-01-28 10:45:00-05:00,35.545,35.61,35.41,35.515,52758.00
2026-01-28 10:50:00-05:00,35.52,35.59,35.51,35.55,25389.00
2026-01-28 10:55:00-05:00,35.54,35.57,35.435,35.445,32575.00
2026-01-28 11:00:00-05:00,35.45,35.575,35.45,35.575,30667.00
2026-01-28 11:05:00-05:00,35.57,35.645,35.57,35.62,10653.00
2026-01-28 11:10:00-05:00,35.62,35.72,35.61,35.7,29223.00
2026-01-28 11:15:00-05:00,35.7,35.725,35.685,35.71,16143.00
2026-01-28 11:20:00-05:00,35.715,35.715,35.68,35.69,15554.00
2026-01-28 11:25:00-05:00,35.69,35.71,35.66,35.68,19101.00
2026-01-28 11:30:00-05:00,35.66,35.67,35.61,35.625,27674.00
2026-01-28 11:35:00-05:00,35.62,35.635,35.6,35.63,22819.00
2026-01-28 11:40:00-05:00,35.63,35.64,35.585,35.6108,16281.00
2026-01-28 11:45:00-05:00,35.6,35.63,35.6,35.61,10474.00
2026-01-28 11:50:00-05:00,35.62,35.635,35.605,35.61,10997.00
2026-01-28 11:55:00-05:00,35.615,35.625,35.59,35.6,14814.00
2026-01-28 12:00:00-05:00,35.61,35.67,35.61,35.67,15874.00
2026-01-28 12:05:00-05:00,35.665,35.69,35.659,35.675,12112.00
2026-01-28 12:10:00-05:00,35.675,35.69,35.675,35.69,12712.00
2026-01-28 12:15:00-05:00,35.68,35.695,35.66,35.69,12409.00
2026-01-28 12:20:00-05:00,35.7,35.72,35.69,35.695,9022.00
2026-01-28 12:25:00-05:00,35.69,35.705,35.67,35.705,18589.00
2026-01-28 12:30:00-05:00,35.71,35.845,35.71,35.83,35493.00
2026-01-28 12:35:00-05:00,35.83,35.9,35.83,35.89,13487.00
2026-01-28 12:40:00-05:00,35.89,35.925,35.87,35.925,15385.00
2026-01-28 12:45:00-05:00,35.92,35.92,35.86,35.87,12378.00
2026-01-28 12:50:00-05:00,35.875,35.88,35.85,35.88,19650.00
2026-01-28 12:55:00-05:00,35.9,35.905,35.68,35.74,27467.00
2026-01-28 13:00:00-05:00,35.74,35.8,35.735,35.765,17967.00
2026-01-28 13:05:00-05:00,35.765,35.8,35.76,35.79,11489.00
2026-01-28 13:10:00-05:00,35.8,35.82,35.78,35.81,20643.00
2026-01-28 13:15:00-05:00,35.805,35.865,35.805,35.85,12547.00
2026-01-28 13:20:00-05:00,35.86,35.88,35.85,35.85,8675.00
2026-01-28 13:25:00-05:00,35.84,35.85,35.81,35.81,10988.00
2026-01-28 13:30:00-05:00,35.81,35.81,35.73,35.73,13179.00
2026-01-28 13:35:00-05:00,35.715,35.745,35.68,35.705,14500.00
2026-01-28 13:40:00-05:00,35.7,35.715,35.6835,35.71,7719.00
2026-01-28 13:45:00-05:00,35.7,35.7,35.68,35.695,6063.00
2026-01-28 13:50:00-05:00,35.7,35.71,35.68,35.69,16797.00
2026-01-28 13:55:00-05:00,35.685,35.75,35.67,35.695,22278.00
2026-01-28 14:00:00-05:00,35.72,35.74,35.68,35.72,13286.00
2026-01-28 14:05:00-05:00,35.725,35.74,35.71,35.74,8476.00
2026-01-28 14:10:00-05:00,35.73,35.76,35.72,35.72,12755.00
2026-01-28 14:15:00-05:00,35.73,35.7597,35.71,35.755,12616.00
2026-01-28 14:20:00-05:00,35.76,35.76,35.6999,35.74,21143.00
2026-01-28 14:25:00-05:00,35.74,35.77,35.52,35.52,30159.00
2026-01-28 14:30:00-05:00,35.53,35.75,35.36,35.64,89368.00
2026-01-28 14:35:00-05:00,35.69,35.74,35.68,35.735,14545.00
2026-01-28 14:40:00-05:00,35.74,35.83,35.71,35.825,25484.00
2026-01-28 14:45:00-05:00,35.83,35.95,35.805,35.94,29515.00
2026-01-28 14:50:00-05:00,35.94,35.985,35.93,35.9387,16261.00
2026-01-28 14:55:00-05:00,35.93,35.97,35.855,35.86,20066.00
2026-01-28 15:00:00-05:00,35.86,35.955,35.86,35.9297,22550.00
2026-01-28 15:05:00-05:00,35.93,35.95,35.92,35.945,17128.00
2026-01-28 15:10:00-05:00,35.945,35.98,35.94,35.96,26108.00
2026-01-28 15:15:00-05:00,35.96,35.99,35.955,35.975,16401.00
2026-01-28 15:20:00-05:00,35.975,35.975,35.93,35.965,17525.00
2026-01-28 15:25:00-05:00,35.96,35.96,35.87,35.89,19083.00
2026-01-28 15:30:00-05:00,35.89,35.96,35.89,35.925,31157.00
2026-01-28 15:35:00-05:00,35.92,35.93,35.895,35.91,27359.00
2026-01-28 15:40:00-05:00,35.92,35.935,35.88,35.895,31301.00
2026-01-28 15:45:00-05:00,35.895,35.91,35.855,35.865,45420.00
2026-01-28 15:50:00-05:00,35.86,35.9,35.79,35.815,102479.00
2026-01-28 15:55:00-05:00,35.815,35.93,35.79,35.93,220322.00
2026-01-29 09:30:00-05:00,35.5,35.61,35.43,35.47,82307.00
2026-01-29 09:35:00-05:00,35.45,35.6656,35.345,35.63,45579.00
2026-01-29 09:40:00-05:00,35.63,35.64,35.37,35.525,53136.00
2026-01-29 09:45:00-05:00,35.495,35.51,35.27,35.3,73581.00
2026-01-29 09:50:00-05:00,35.3,35.3,35.13,35.19,41438.00
2026-01-29 09:55:00-05:00,35.165,35.24,35.02,35.03,43745.00
2026-01-29 10:00:00-05:00,35.04,35.09,34.9601,35.03,46294.00
2026-01-29 10:05:00-05:00,35.03,35.09,34.85,34.9,68827.00
2026-01-29 10:10:00-05:00,34.89,35,34.83,34.92,59440.00
2026-01-29 10:15:00-05:00,34.905,34.91,34.65,34.71,81073.00
2026-01-29 10:20:00-05:00,34.6809,34.84,34.6809,34.71,38735.00
2026-01-29 10:25:00-05:00,34.7,34.77,34.67,34.68,40288.00
2026-01-29 10:30:00-05:00,34.68,34.77,34.66,34.67,26931.00
2026-01-29 10:35:00-05:00,34.66,34.68,34.556,34.6,27228.00
2026-01-29 10:40:00-05:00,34.57,34.585,34.48,34.49,35706.00
2026-01-29 10:45:00-05:00,34.49,34.67,34.485,34.495,32017.00
2026-01-29 10:50:00-05:00,34.47,34.47,34.34,34.38,76511.00
2026-01-29 10:55:00-05:00,34.355,34.5699,34.31,34.4,59706.00
2026-01-29 11:00:00-05:00,34.4,34.47,34.39,34.45,39153.00
2026-01-29 11:05:00-05:00,34.45,34.53,34.44,34.5,28510.00
2026-01-29 11:10:00-05:00,34.48,34.705,34.48,34.705,18880.00
2026-01-29 11:15:00-05:00,34.74,34.76,34.69,34.76,15148.00
2026-01-29 11:20:00-05:00,34.76,34.81,34.63,34.79,31725.00
2026-01-29 11:25:00-05:00,34.755,34.87,34.752,34.82,79387.00
2026-01-29 11:30:00-05:00,34.83,34.84,34.75,34.76,20643.00
2026-01-29 11:35:00-05:00,34.75,34.84,34.75,34.83,23148.00
2026-01-29 11:40:00-05:00,34.84,34.91,34.8333,34.86,40413.00
2026-01-29 11:45:00-05:00,34.84,34.93,34.83,34.9297,12149.00
2026-01-29 11:50:00-05:00,34.93,34.95,34.9,34.92,18069.00
2026-01-29 11:55:00-05:00,34.92,34.9699,34.92,34.92,17435.00
2026-01-29 12:00:00-05:00,34.93,34.96,34.91,34.96,20101.00
2026-01-29 12:05:00-05:00,34.96,35.03,34.96,35,28792.00
2026-01-29 12:10:00-05:00,35.015,35.045,34.9902,34.9902,38151.00
2026-01-29 12:15:00-05:00,35,35.12,35,35.12,20811.00
2026-01-29 12:20:00-05:00,35.13,35.15,35.11,35.14,11576.00
2026-01-29 12:25:00-05:00,35.15,35.155,35.1199,35.12,20682.00
2026-01-29 12:30:00-05:00,35.125,35.14,35.09,35.135,16045.00
2026-01-29 12:35:00-05:00,35.14,35.16,35.13,35.15,18136.00
2026-01-29 12:40:00-05:00,35.13,35.145,35.08,35.145,6168.00
2026-01-29 12:45:00-05:00,35.13,35.13,35.08,35.11,6078.00
2026-01-29 12:50:00-05:00,35.1,35.11,35.04,35.07,8322.00
2026-01-29 12:55:00-05:00,35.05,35.0954,35.04,35.09,6201.00
2026-01-29 13:00:00-05:00,35.08,35.12,35.02,35.12,11103.00
2026-01-29 13:05:00-05:00,35.13,35.21,35.13,35.18,5104.00
2026-01-29 13:10:00-05:00,35.22,35.25,35.22,35.24,5225.00
2026-01-29 13:15:00-05:00,35.24,35.24,35.185,35.19,4824.00
2026-01-29 13:20:00-05:00,35.19,35.22,35.17,35.21,17818.00
2026-01-29 13:25:00-05:00,35.21,35.26,35.21,35.25,6674.00
2026-01-29 13:30:00-05:00,35.23,35.23,35.18,35.21,5025.00
2026-01-29 13:35:00-05:00,35.22,35.24,35.22,35.22,10513.00
2026-01-29 13:40:00-05:00,35.23,35.23,35.19,35.2099,5546.00
2026-01-29 13:45:00-05:00,35.22,35.23,35.19,35.23,7653.00
2026-01-29 13:50:00-05:00,35.23,35.23,35.21,35.22,14192.00
2026-01-29 13:55:00-05:00,35.23,35.275,35.2,35.2,16083.00
2026-01-29 14:00:00-05:00,35.19,35.25,35.18,35.25,5938.00
2026-01-29 14:05:00-05:00,35.24,35.31,35.24,35.305,6892.00
2026-01-29 14:10:00-05:00,35.295,35.31,35.24,35.24,4060.00
2026-01-29 14:15:00-05:00,35.25,35.335,35.24,35.31,6762.00
2026-01-29 14:20:00-05:00,35.28,35.31,35.27,35.305,3924.00
2026-01-29 14:25:00-05:00,35.31,35.33,35.3,35.33,4230.00
2026-01-29 14:30:00-05:00,35.34,35.35,35.19,35.24,15927.00
2026-01-29 14:35:00-05:00,35.25,35.3,35.25,35.28,4958.00
2026-01-29 14:40:00-05:00,35.28,35.28,35.26,35.26,4728.00
2026-01-29 14:45:00-05:00,35.27,35.27,35.24,35.25,10182.00
2026-01-29 14:50:00-05:00,35.258,35.28,35.25,35.28,6750.00
2026-01-29 14:55:00-05:00,35.28,35.31,35.1,35.11,23749.00
2026-01-29 15:00:00-05:00,35.11,35.22,35.09,35.21,17278.00
2026-01-29 15:05:00-05:00,35.22,35.2601,35.22,35.245,8061.00
2026-01-29 15:10:00-05:00,35.25,35.25,35.22,35.23,6236.00
2026-01-29 15:15:00-05:00,35.2101,35.22,35.195,35.21,24529.00
2026-01-29 15:20:00-05:00,35.205,35.215,35.19,35.2,7543.00
2026-01-29 15:25:00-05:00,35.195,35.2,35.15,35.16,8580.00
2026-01-29 15:30:00-05:00,35.165,35.185,35.1533,35.165,15339.00
2026-01-29 15:35:00-05:00,35.17,35.18,35.145,35.17,22006.00
2026-01-29 15:40:00-05:00,35.17,35.24,35.165,35.225,29437.00
2026-01-29 15:45:00-05:00,35.22,35.26,35.2,35.215,31240.00
2026-01-29 15:50:00-05:00,35.22,35.355,35.215,35.355,61586.00
2026-01-29 15:55:00-05:00,35.355,35.45,35.352,35.44,158197.00
2026-01-30 09:30:00-05:00,34.87,35.338,34.75,35.13,66428.00
2026-01-30 09:35:00-05:00,35.18,35.3199,35.18,35.2367,13980.00
2026-01-30 09:40:00-05:00,35.22,35.225,35.09,35.15,22026.00
2026-01-30 09:45:00-05:00,35.12,35.19,35.0838,35.185,13944.00
2026-01-30 09:50:00-05:00,35.19,35.22,35.02,35.04,52818.00
2026-01-30 09:55:00-05:00,35.03,35.09,34.91,34.9112,35622.00
2026-01-30 10:00:00-05:00,34.94,35.02,34.8,34.8,60227.00
2026-01-30 10:05:00-05:00,34.8,34.97,34.75,34.76,84029.00
2026-01-30 10:10:00-05:00,34.76,34.8,34.67,34.68,72764.00
2026-01-30 10:15:00-05:00,34.685,34.88,34.66,34.81,49086.00
2026-01-30 10:20:00-05:00,34.805,34.92,34.805,34.91,24097.00
2026-01-30 10:25:00-05:00,34.87,34.87,34.53,34.59,54123.00
2026-01-30 10:30:00-05:00,34.58,34.72,34.52,34.5201,80152.00
2026-01-30 10:35:00-05:00,34.525,34.695,34.51,34.68,58287.00
2026-01-30 10:40:00-05:00,34.6827,34.7593,34.61,34.615,36414.00
2026-01-30 10:45:00-05:00,34.61,34.66,34.53,34.55,36850.00
2026-01-30 10:50:00-05:00,34.53,34.65,34.325,34.35,127415.00
2026-01-30 10:55:00-05:00,34.36,34.41,34.26,34.27,60885.00
2026-01-30 11:00:00-05:00,34.28,34.3,34.15,34.18,59099.00
2026-01-30 11:05:00-05:00,34.165,34.32,34.165,34.28,32477.00
2026-01-30 11:10:00-05:00,34.28,34.3,34.105,34.13,62894.00
2026-01-30 11:15:00-05:00,34.11,34.2,34.09,34.15,36218.00
2026-01-30 11:20:00-05:00,34.14,34.195,34.11,34.13,35624.00
2026-01-30 11:25:00-05:00,34.12,34.2501,34.1,34.2,33067.00
2026-01-30 11:30:00-05:00,34.18,34.21,34.1,34.115,68280.00
2026-01-30 11:35:00-05:00,34.12,34.16,34.05,34.065,59284.00
2026-01-30 11:40:00-05:00,34.06,34.2,34.06,34.15,36867.00
2026-01-30 11:45:00-05:00,34.13,34.29,34.13,34.24,20035.00
2026-01-30 11:50:00-05:00,34.23,34.3332,34.19,34.29,19741.00
2026-01-30 11:55:00-05:00,34.28,34.29,34.25,34.25,10758.00
2026-01-30 12:00:00-05:00,34.24,34.25,34.2124,34.22,10055.00
2026-01-30 12:05:00-05:00,34.21,34.21,34.17,34.17,11189.00
2026-01-30 12:10:00-05:00,34.17,34.23,34.07,34.11,67536.00
2026-01-30 12:15:00-05:00,34.1,34.19,34.09,34.185,13623.00
2026-01-30 12:20:00-05:00,34.2,34.26,34.19,34.24,9961.00
2026-01-30 12:25:00-05:00,34.26,34.3,34.25,34.3,11995.00
2026-01-30 12:30:00-05:00,34.29,34.35,34.27,34.27,12553.00
2026-01-30 12:35:00-05:00,34.24,34.34,34.23,34.26,23945.00
2026-01-30 12:40:00-05:00,34.24,34.25,34.21,34.24,9997.00
2026-01-30 12:45:00-05:00,34.23,34.25,34.17,34.18,8457.00
2026-01-30 12:50:00-05:00,34.18,34.2,34.115,34.14,14337.00
2026-01-30 12:55:00-05:00,34.13,34.15,34.03,34.03,20230.00
2026-01-30 13:00:00-05:00,34.02,34.1,33.97,34.09,28801.00
2026-01-30 13:05:00-05:00,34.09,34.13,34.05,34.05,11271.00
2026-01-30 13:10:00-05:00,34.04,34.05,33.98,33.99,22041.00
2026-01-30 13:15:00-05:00,33.99,33.995,33.86,33.87,42517.00
2026-01-30 13:20:00-05:00,33.86,33.87,33.72,33.81,54334.00
2026-01-30 13:25:00-05:00,33.815,33.88,33.77,33.83,37251.00
2026-01-30 13:30:00-05:00,33.83,33.855,33.68,33.79,94794.00
2026-01-30 13:35:00-05:00,33.785,33.82,33.75,33.76,25453.00
2026-01-30 13:40:00-05:00,33.77,33.88,33.77,33.8734,21013.00
2026-01-30 13:45:00-05:00,33.86,34.0791,33.86,34.0791,17533.00
2026-01-30 13:50:00-05:00,34.08,34.23,34.08,34.205,19085.00
2026-01-30 13:55:00-05:00,34.2,34.3131,34.185,34.28,19054.00
2026-01-30 14:00:00-05:00,34.29,34.358,34.28,34.32,14906.00
2026-01-30 14:05:00-05:00,34.32,34.38,34.3,34.35,29289.00
2026-01-30 14:10:00-05:00,34.37,34.43,34.33,34.35,25301.00
2026-01-30 14:15:00-05:00,34.35,34.36,34.3,34.35,38969.00
2026-01-30 14:20:00-05:00,34.35,34.385,34.305,34.305,8672.00
2026-01-30 14:25:00-05:00,34.31,34.35,34.14,34.145,19593.00
2026-01-30 14:30:00-05:00,34.13,34.19,34.06,34.155,17725.00
2026-01-30 14:35:00-05:00,34.17,34.18,34.09,34.095,14833.00
2026-01-30 14:40:00-05:00,34.095,34.13,34.02,34.11,25175.00
2026-01-30 14:45:00-05:00,34.09,34.15,34.08,34.11,17408.00
2026-01-30 14:50:00-05:00,34.11,34.18,34.095,34.18,19100.00
2026-01-30 14:55:00-05:00,34.2,34.21,34.07,34.07,14909.00
2026-01-30 15:00:00-05:00,34.08,34.13,34.075,34.095,20590.00
2026-01-30 15:05:00-05:00,34.095,34.105,34.07,34.08,15519.00
2026-01-30 15:10:00-05:00,34.07,34.07,34.035,34.05,20535.00
2026-01-30 15:15:00-05:00,34.04,34.04,34,34.015,23189.00
2026-01-30 15:20:00-05:00,34.01,34.03,33.995,34.015,32435.00
2026-01-30 15:25:00-05:00,34.01,34.025,33.97,34.01,43524.00
2026-01-30 15:30:00-05:00,33.999,34.07,33.99,34.07,42044.00
2026-01-30 15:35:00-05:00,34.06,34.105,34.05,34.08,25094.00
2026-01-30 15:40:00-05:00,34.075,34.15,34.075,34.14,45233.00
2026-01-30 15:45:00-05:00,34.145,34.21,34.145,34.185,32307.00
2026-01-30 15:50:00-05:00,34.19,34.285,34.18,34.19,116247.00
2026-01-30 15:55:00-05:00,34.19,34.195,34.03,34.04,195260.00
2026-02-02 09:30:00-05:00,33.115,33.59,33.05,33.53,119244.00
2026-02-02 09:35:00-05:00,33.49,33.57,33.41,33.545,60373.00
2026-02-02 09:40:00-05:00,33.53,33.6,33.43,33.56,30790.00
2026-02-02 09:45:00-05:00,33.55,33.55,33.38,33.38,30845.00
2026-02-02 09:50:00-05:00,33.39,33.39,33.28,33.29,33226.00
2026-02-02 09:55:00-05:00,33.28,33.28,33.13,33.1301,28091.00
2026-02-02 10:00:00-05:00,33.17,33.21,33.045,33.21,16812.00
2026-02-02 10:05:00-05:00,33.22,33.405,33.21,33.38,19441.00
2026-02-02 10:10:00-05:00,33.4,33.43,33.33,33.35,36850.00
2026-02-02 10:15:00-05:00,33.34,33.48,33.3,33.48,21122.00
2026-02-02 10:20:00-05:00,33.46,33.55,33.45,33.51,46556.00
2026-02-02 10:25:00-05:00,33.5,33.5103,33.455,33.51,28543.00
2026-02-02 10:30:00-05:00,33.51,33.53,33.49,33.53,18542.00
2026-02-02 10:35:00-05:00,33.535,33.68,33.535,33.68,17092.00
2026-02-02 10:40:00-05:00,33.69,33.7,33.63,33.68,14411.00
2026-02-02 10:45:00-05:00,33.6859,33.6859,33.52,33.53,33885.00
2026-02-02 10:50:00-05:00,33.525,33.58,33.505,33.57,27588.00
2026-02-02 10:55:00-05:00,33.565,33.57,33.49,33.5,28073.00
2026-02-02 11:00:00-05:00,33.49,33.49,33.43,33.44,18351.00
2026-02-02 11:05:00-05:00,33.44,33.45,33.37,33.41,48936.00
2026-02-02 11:10:00-05:00,33.4,33.52,33.39,33.5,59986.00
2026-02-02 11:15:00-05:00,33.5,33.505,33.45,33.47,31244.00
2026-02-02 11:20:00-05:00,33.47,33.61,33.47,33.52,52044.00
2026-02-02 11:25:00-05:00,33.51,33.54,33.47,33.52,21809.00
2026-02-02 11:30:00-05:00,33.51,33.51,33.47,33.48,13131.00
2026-02-02 11:35:00-05:00,33.475,33.48,33.405,33.47,16468.00
2026-02-02 11:40:00-05:00,33.47,33.51,33.47,33.49,29695.00
2026-02-02 11:45:00-05:00,33.495,33.495,33.415,33.44,20339.00
2026-02-02 11:50:00-05:00,33.44,33.44,33.425,33.44,9755.00
2026-02-02 11:55:00-05:00,33.445,33.57,33.425,33.515,35730.00
2026-02-02 12:00:00-05:00,33.51,33.57,33.505,33.57,25159.00
2026-02-02 12:05:00-05:00,33.56,33.595,33.545,33.59,21371.00
2026-02-02 12:10:00-05:00,33.59,33.615,33.5844,33.59,10653.00
2026-02-02 12:15:00-05:00,33.58,33.58,33.5406,33.55,12299.00
2026-02-02 12:20:00-05:00,33.545,33.55,33.47,33.52,14426.00
2026-02-02 12:25:00-05:00,33.52,33.53,33.51,33.525,13877.00
2026-02-02 12:30:00-05:00,33.52,33.53,33.49,33.53,10313.00
2026-02-02 12:35:00-05:00,33.52,33.54,33.49,33.5,7819.00
2026-02-02 12:40:00-05:00,33.49,33.53,33.49,33.53,7545.00
2026-02-02 12:45:00-05:00,33.53,33.57,33.53,33.545,10958.00
2026-02-02 12:50:00-05:00,33.56,33.58,33.55,33.57,13910.00
2026-02-02 12:55:00-05:00,33.58,33.59,33.565,33.57,9985.00
2026-02-02 13:00:00-05:00,33.565,33.61,33.54,33.6,7529.00
2026-02-02 13:05:00-05:00,33.59,33.61,33.59,33.6,7364.00
2026-02-02 13:10:00-05:00,33.61,33.61,33.5602,33.58,11381.00
2026-02-02 13:15:00-05:00,33.58,33.59,33.57,33.585,6993.00
2026-02-02 13:20:00-05:00,33.58,33.595,33.575,33.59,10735.00
2026-02-02 13:25:00-05:00,33.58,33.58,33.56,33.57,6252.00
2026-02-02 13:30:00-05:00,33.57,33.59,33.55,33.57,21676.00
2026-02-02 13:35:00-05:00,33.57,33.5797,33.57,33.5797,9378.00
2026-02-02 13:40:00-05:00,33.575,33.575,33.55,33.565,9429.00
2026-02-02 13:45:00-05:00,33.57,33.59,33.55,33.585,9796.00
2026-02-02 13:50:00-05:00,33.58,33.58,33.52,33.52,8152.00
2026-02-02 13:55:00-05:00,33.515,33.515,33.43,33.45,14418.00
2026-02-02 14:00:00-05:00,33.445,33.5,33.425,33.495,12102.00
2026-02-02 14:05:00-05:00,33.49,33.49,33.405,33.405,7920.00
2026-02-02 14:10:00-05:00,33.405,33.405,33.36,33.37,12353.00
2026-02-02 14:15:00-05:00,33.38,33.38,33.33,33.33,4577.00
2026-02-02 14:20:00-05:00,33.33,33.35,33.3,33.305,16884.00
2026-02-02 14:25:00-05:00,33.305,33.31,33.27,33.29,11817.00
2026-02-02 14:30:00-05:00,33.3,33.3,33.205,33.23,17941.00
2026-02-02 14:35:00-05:00,33.235,33.27,33.23,33.27,7091.00
2026-02-02 14:40:00-05:00,33.27,33.31,33.27,33.305,18403.00
2026-02-02 14:45:00-05:00,33.305,33.305,33.265,33.29,96487.00
2026-02-02 14:50:00-05:00,33.29,33.3,33.265,33.27,15448.00
2026-02-02 14:55:00-05:00,33.28,33.42,33.16,33.165,79985.00
2026-02-02 15:00:00-05:00,33.175,33.24,33.11,33.22,55057.00
2026-02-02 15:05:00-05:00,33.215,33.245,33.2,33.23,12241.00
2026-02-02 15:10:00-05:00,33.23,33.28,33.195,33.2,23570.00
2026-02-02 15:15:00-05:00,33.18,33.22,33.14,33.185,18429.00
2026-02-02 15:20:00-05:00,33.19,33.2,33.185,33.2,9534.00
2026-02-02 15:25:00-05:00,33.19,33.19,33.13,33.1375,24756.00
2026-02-02 15:30:00-05:00,33.14,33.17,33.1377,33.14,11937.00
2026-02-02 15:35:00-05:00,33.13,33.14,33.12,33.135,15026.00
2026-02-02 15:40:00-05:00,33.13,33.15,33.12,33.145,20056.00
2026-02-02 15:45:00-05:00,33.14,33.17,33.135,33.155,23821.00
2026-02-02 15:50:00-05:00,33.16,33.275,33.16,33.245,60058.00
2026-02-02 15:55:00-05:00,33.25,33.3,33.2,33.23,172150.00
2026-02-03 09:30:00-05:00,32.28,32.37,31.88,31.99,191582.00
2026-02-03 09:35:00-05:00,32,32.315,31.955,32.275,65431.00
2026-02-03 09:40:00-05:00,32.26,32.3,32.1301,32.205,32214.00
2026-02-03 09:45:00-05:00,32.205,32.4,32.18,32.39,36812.00
2026-02-03 09:50:00-05:00,32.37,32.37,32.23,32.23,21647.00
2026-02-03 09:55:00-05:00,32.215,32.23,31.995,32.02,26969.00
2026-02-03 10:00:00-05:00,32.02,32.065,31.87,32.04,74037.00
2026-02-03 10:05:00-05:00,32.03,32.09,31.89,31.96,42936.00
2026-02-03 10:10:00-05:00,31.97,31.98,31.895,31.91,35515.00
2026-02-03 10:15:00-05:00,31.905,32.05,31.9,32.03,38151.00
2026-02-03 10:20:00-05:00,32.02,32.08,31.895,31.895,30607.00
2026-02-03 10:25:00-05:00,31.9,32.04,31.895,31.98,21228.00
2026-02-03 10:30:00-05:00,31.98,32.05,31.94,31.95,30021.00
2026-02-03 10:35:00-05:00,31.955,31.96,31.89,31.95,26851.00
2026-02-03 10:40:00-05:00,31.95,31.95,31.8,31.825,47500.00
2026-02-03 10:45:00-05:00,31.82,31.89,31.795,31.89,53187.00
2026-02-03 10:50:00-05:00,31.89,32.06,31.89,32.05,44583.00
2026-02-03 10:55:00-05:00,32.052,32.145,32.05,32.13,13731.00
2026-02-03 11:00:00-05:00,32.12,32.13,32.04,32.09,16258.00
2026-02-03 11:05:00-05:00,32.08,32.1,32.03,32.045,11723.00
2026-02-03 11:10:00-05:00,32.045,32.06,31.995,32.02,16535.00
2026-02-03 11:15:00-05:00,32.01,32.05,32.01,32.03,12431.00
2026-02-03 11:20:00-05:00,32.04,32.04,31.935,31.935,20307.00
2026-02-03 11:25:00-05:00,31.935,31.98,31.85,31.85,24028.00
2026-02-03 11:30:00-05:00,31.86,31.86,31.81,31.85,17733.00
2026-02-03 11:35:00-05:00,31.84,31.87,31.79,31.815,12237.00
2026-02-03 11:40:00-05:00,31.82,31.848,31.82,31.825,6741.00
2026-02-03 11:45:00-05:00,31.83,31.875,31.805,31.86,12928.00
2026-02-03 11:50:00-05:00,31.86,31.8947,31.81,31.88,20373.00
2026-02-03 11:55:00-05:00,31.88,31.89,31.84,31.84,19160.00
2026-02-03 12:00:00-05:00,31.84,31.84,31.81,31.82,25287.00
2026-02-03 12:05:00-05:00,31.815,31.815,31.765,31.77,14558.00
2026-02-03 12:10:00-05:00,31.78,31.8,31.68,31.735,46877.00
2026-02-03 12:15:00-05:00,31.72,31.76,31.685,31.73,16380.00
2026-02-03 12:20:00-05:00,31.71,31.76,31.69,31.755,12743.00
2026-02-03 12:25:00-05:00,31.7561,31.785,31.695,31.71,11585.00
2026-02-03 12:30:00-05:00,31.71,31.72,31.69,31.69,15667.00
2026-02-03 12:35:00-05:00,31.7,31.74,31.675,31.73,24961.00
2026-02-03 12:40:00-05:00,31.731,31.75,31.69,31.735,11175.00
2026-02-03 12:45:00-05:00,31.735,31.735,31.68,31.72,11632.00
2026-02-03 12:50:00-05:00,31.725,31.77,31.7,31.73,8197.00
2026-02-03 12:55:00-05:00,31.73,31.735,31.7,31.7,8672.00
2026-02-03 13:00:00-05:00,31.7,31.72,31.66,31.66,9284.00
2026-02-03 13:05:00-05:00,31.655,31.72,31.655,31.71,13335.00
2026-02-03 13:10:00-05:00,31.71,31.71,31.56,31.605,20049.00
2026-02-03 13:15:00-05:00,31.62,31.635,31.54,31.56,16738.00
2026-02-03 13:20:00-05:00,31.56,31.57,31.54,31.54,19601.00
2026-02-03 13:25:00-05:00,31.52,31.615,31.5,31.54,31155.00
2026-02-03 13:30:00-05:00,31.54,31.58,31.525,31.5302,12006.00
2026-02-03 13:35:00-05:00,31.53,31.53,31.47,31.48,41856.00
2026-02-03 13:40:00-05:00,31.49,31.49,31.36,31.36,58310.00
2026-02-03 13:45:00-05:00,31.37,31.4,31.33,31.365,37884.00
2026-02-03 13:50:00-05:00,31.3701,31.39,31.325,31.39,38280.00
2026-02-03 13:55:00-05:00,31.4,31.49,31.35,31.35,64792.00
2026-02-03 14:00:00-05:00,31.33,31.35,31.28,31.3,55912.00
2026-02-03 14:05:00-05:00,31.31,31.33,31.26,31.3,12751.00
2026-02-03 14:10:00-05:00,31.31,31.49,31.31,31.49,21369.00
2026-02-03 14:15:00-05:00,31.5,31.6,31.5,31.59,22569.00
2026-02-03 14:20:00-05:00,31.59,31.66,31.59,31.59,26608.00
2026-02-03 14:25:00-05:00,31.59,31.59,31.5,31.545,14915.00
2026-02-03 14:30:00-05:00,31.52,31.56,31.43,31.43,20733.00
2026-02-03 14:35:00-05:00,31.44,31.55,31.44,31.54,13530.00
2026-02-03 14:40:00-05:00,31.55,31.62,31.54,31.6,19733.00
2026-02-03 14:45:00-05:00,31.6,31.6,31.58,31.59,13084.00
2026-02-03 14:50:00-05:00,31.605,31.71,31.59,31.65,46672.00
2026-02-03 14:55:00-05:00,31.65,31.74,31.65,31.7,17417.00
2026-02-03 15:00:00-05:00,31.7,31.7085,31.67,31.68,17918.00
2026-02-03 15:05:00-05:00,31.68,31.71,31.66,31.695,11624.00
2026-02-03 15:10:00-05:00,31.7,31.74,31.7,31.735,28498.00
2026-02-03 15:15:00-05:00,31.73,31.77,31.725,31.745,15385.00
2026-02-03 15:20:00-05:00,31.745,31.7902,31.71,31.78,19345.00
2026-02-03 15:25:00-05:00,31.775,31.81,31.775,31.795,11082.00
2026-02-03 15:30:00-05:00,31.79,31.865,31.78,31.835,23509.00
2026-02-03 15:35:00-05:00,31.83,31.845,31.79,31.8,43401.00
2026-02-03 15:40:00-05:00,31.8,31.815,31.76,31.785,25955.00
2026-02-03 15:45:00-05:00,31.785,31.88,31.7838,31.82,62393.00
2026-02-03 15:50:00-05:00,31.81,31.865,31.81,31.865,68422.00
2026-02-03 15:55:00-05:00,31.865,31.9,31.815,31.835,190752.00
2026-02-04 09:30:00-05:00,30.99,30.99,30.4,30.4805,216760.00
2026-02-04 09:35:00-05:00,30.47,30.56,30.41,30.44,526402.00
2026-02-04 09:40:00-05:00,30.432,30.44,30.1642,30.2459,127008.00
2026-02-04 09:45:00-05:00,30.23,30.268,30.13,30.155,118932.00
2026-02-04 09:50:00-05:00,30.15,30.16,29.95,30.015,161127.00
2026-02-04 09:55:00-05:00,30.01,30.01,29.76,29.79,183939.00
2026-02-04 10:00:00-05:00,29.78,29.91,29.65,29.87,217795.00
2026-02-04 10:05:00-05:00,29.87,29.99,29.79,29.94,54290.00
2026-02-04 10:10:00-05:00,29.94,30,29.87,29.99,68402.00
2026-02-04 10:15:00-05:00,29.9901,30.145,29.965,30.07,54942.00
2026-02-04 10:20:00-05:00,30.06,30.14,30.06,30.11,36801.00
2026-02-04 10:25:00-05:00,30.1001,30.18,30.055,30.09,41679.00
2026-02-04 10:30:00-05:00,30.1,30.1195,29.89,29.89,78180.00
2026-02-04 10:35:00-05:00,29.89,30.155,29.81,30.045,53114.00
2026-02-04 10:40:00-05:00,30.04,30.18,30.015,30.04,41800.00
2026-02-04 10:45:00-05:00,30.03,30.06,29.92,29.97,25641.00
2026-02-04 10:50:00-05:00,29.97,29.99,29.85,29.9,24266.00
2026-02-04 10:55:00-05:00,29.91,29.96,29.86,29.88,22229.00
2026-02-04 11:00:00-05:00,29.88,29.91,29.78,29.78,33553.00
2026-02-04 11:05:00-05:00,29.78,29.8,29.595,29.625,96275.00
2026-02-04 11:10:00-05:00,29.625,29.67,29.59,29.6,42501.00
2026-02-04 11:15:00-05:00,29.62,29.71,29.61,29.66,67738.00
2026-02-04 11:20:00-05:00,29.66,29.69,29.615,29.65,21304.00
2026-02-04 11:25:00-05:00,29.65,29.7665,29.61,29.76,71905.00
2026-02-04 11:30:00-05:00,29.755,29.825,29.73,29.75,16689.00
2026-02-04 11:35:00-05:00,29.74,29.81,29.72,29.735,33058.00
2026-02-04 11:40:00-05:00,29.71,29.72,29.59,29.59,28326.00
2026-02-04 11:45:00-05:00,29.585,29.59,29.46,29.48,30006.00
2026-02-04 11:50:00-05:00,29.49,29.53,29.46,29.52,36588.00
2026-02-04 11:55:00-05:00,29.53,29.7,29.53,29.7,20612.00
2026-02-04 12:00:00-05:00,29.7,29.715,29.641,29.685,25827.00
2026-02-04 12:05:00-05:00,29.67,29.68,29.61,29.65,20912.00
2026-02-04 12:10:00-05:00,29.6312,29.72,29.6312,29.705,20024.00
2026-02-04 12:15:00-05:00,29.71,29.725,29.565,29.565,32024.00
2026-02-04 12:20:00-05:00,29.56,29.58,29.525,29.525,17973.00
2026-02-04 12:25:00-05:00,29.525,29.525,29.34,29.375,44331.00
2026-02-04 12:30:00-05:00,29.37,29.425,29.34,29.385,28920.00
2026-02-04 12:35:00-05:00,29.38,29.38,29.27,29.28,37125.00
2026-02-04 12:40:00-05:00,29.28,29.32,29.25,29.31,33617.00
2026-02-04 12:45:00-05:00,29.32,29.34,29.24,29.245,21875.00
2026-02-04 12:50:00-05:00,29.235,29.34,29.21,29.32,42439.00
2026-02-04 12:55:00-05:00,29.33,29.41,29.32,29.39,19617.00
2026-02-04 13:00:00-05:00,29.38,29.41,29.32,29.41,36895.00
2026-02-04 13:05:00-05:00,29.42,29.46,29.3,29.3,20184.00
2026-02-04 13:10:00-05:00,29.3,29.37,29.3,29.34,17833.00
2026-02-04 13:15:00-05:00,29.33,29.35,29.27,29.275,16240.00
2026-02-04 13:20:00-05:00,29.2738,29.375,29.2738,29.375,21542.00
2026-02-04 13:25:00-05:00,29.375,29.48,29.37,29.47,22281.00
2026-02-04 13:30:00-05:00,29.4699,29.47,29.3294,29.35,37924.00
2026-02-04 13:35:00-05:00,29.36,29.4015,29.335,29.34,22771.00
2026-02-04 13:40:00-05:00,29.34,29.43,29.33,29.375,19077.00
2026-02-04 13:45:00-05:00,29.365,29.38,29.34,29.34,13097.00
2026-02-04 13:50:00-05:00,29.325,29.38,29.285,29.375,24290.00
2026-02-04 13:55:00-05:00,29.38,29.45,29.36,29.37,47104.00
2026-02-04 14:00:00-05:00,29.36,29.38,29.3,29.34,55804.00
2026-02-04 14:05:00-05:00,29.33,29.375,29.3,29.375,32815.00
2026-02-04 14:10:00-05:00,29.37,29.37,29.295,29.295,18141.00
2026-02-04 14:15:00-05:00,29.285,29.34,29.285,29.3,17986.00
2026-02-04 14:20:00-05:00,29.285,29.355,29.26,29.355,20960.00
2026-02-04 14:25:00-05:00,29.355,29.4,29.335,29.4,11517.00
2026-02-04 14:30:00-05:00,29.41,29.5,29.405,29.475,23725.00
2026-02-04 14:35:00-05:00,29.475,29.53,29.44,29.525,20650.00
2026-02-04 14:40:00-05:00,29.525,29.58,29.505,29.5699,28643.00
2026-02-04 14:45:00-05:00,29.565,29.79,29.565,29.735,71136.00
2026-02-04 14:50:00-05:00,29.73,29.78,29.69,29.77,37147.00
2026-02-04 14:55:00-05:00,29.76,29.855,29.76,29.845,24615.00
2026-02-04 15:00:00-05:00,29.85,29.85,29.775,29.8,39832.00
2026-02-04 15:05:00-05:00,29.82,29.825,29.785,29.805,18606.00
2026-02-04 15:10:00-05:00,29.805,29.805,29.7302,29.795,23514.00
2026-02-04 15:15:00-05:00,29.79,29.795,29.735,29.75,26713.00
2026-02-04 15:20:00-05:00,29.75,29.77,29.73,29.75,16614.00
2026-02-04 15:25:00-05:00,29.75,29.75,29.695,29.695,22318.00
2026-02-04 15:30:00-05:00,29.695,29.74,29.68,29.71,29000.00
2026-02-04 15:35:00-05:00,29.71,29.795,29.71,29.775,25677.00
2026-02-04 15:40:00-05:00,29.775,29.78,29.745,29.77,32512.00
2026-02-04 15:45:00-05:00,29.775,29.82,29.735,29.82,61386.00
2026-02-04 15:50:00-05:00,29.82,29.82,29.74,29.74,103039.00
2026-02-04 15:55:00-05:00,29.74,29.77,29.68,29.77,260681.00
2026-02-05 09:30:00-05:00,30.16,30.325,29.94,30.2,147761.00
2026-02-05 09:35:00-05:00,30.26,30.535,30.26,30.48,60373.00
2026-02-05 09:40:00-05:00,30.49,30.64,30.405,30.64,47587.00
2026-02-05 09:45:00-05:00,30.64,30.64,30.46,30.5499,28593.00
2026-02-05 09:50:00-05:00,30.555,30.6799,30.52,30.5325,18809.00
2026-02-05 09:55:00-05:00,30.54,30.54,30.36,30.38,21368.00
2026-02-05 10:00:00-05:00,30.37,30.42,30.17,30.19,74723.00
2026-02-05 10:05:00-05:00,30.2,30.245,30.0418,30.2023,40781.00
2026-02-05 10:10:00-05:00,30.19,30.22,29.9701,29.9701,41694.00
2026-02-05 10:15:00-05:00,29.98,30.155,29.98,30.04,38241.00
2026-02-05 10:20:00-05:00,30.03,30.12,30.0081,30.055,22851.00
2026-02-05 10:25:00-05:00,30.06,30.12,30,30.035,22065.00
2026-02-05 10:30:00-05:00,30.02,30.14,29.91,29.925,45450.00
2026-02-05 10:35:00-05:00,29.93,30.03,29.91,30,31652.00
2026-02-05 10:40:00-05:00,29.99,30.09,29.9491,30.07,22341.00
2026-02-05 10:45:00-05:00,30.06,30.08,29.9793,30.035,44150.00
2026-02-05 10:50:00-05:00,30.05,30.16,30.045,30.12,32376.00
2026-02-05 10:55:00-05:00,30.122,30.21,30.12,30.19,27983.00
2026-02-05 11:00:00-05:00,30.2,30.23,30.12,30.12,25749.00
2026-02-05 11:05:00-05:00,30.12,30.165,30.105,30.15,25184.00
2026-02-05 11:10:00-05:00,30.13,30.21,30.11,30.11,27597.00
2026-02-05 11:15:00-05:00,30.12,30.23,30.115,30.2295,27496.00
2026-02-05 11:20:00-05:00,30.23,30.43,30.225,30.43,29746.00
2026-02-05 11:25:00-05:00,30.445,30.57,30.3807,30.505,39868.00
2026-02-05 11:30:00-05:00,30.52,30.59,30.52,30.565,50851.00
2026-02-05 11:35:00-05:00,30.57,30.66,30.57,30.59,71325.00
2026-02-05 11:40:00-05:00,30.6,30.78,30.6,30.77,98959.00
2026-02-05 11:45:00-05:00,30.78,30.78,30.6162,30.72,65043.00
2026-02-05 11:50:00-05:00,30.73,30.86,30.72,30.82,100415.00
2026-02-05 11:55:00-05:00,30.82,30.84,30.775,30.83,22389.00
2026-02-05 12:00:00-05:00,30.83,30.84,30.7,30.72,128219.00
2026-02-05 12:05:00-05:00,30.72,30.79,30.72,30.73,21257.00
2026-02-05 12:10:00-05:00,30.73,30.73,30.6212,30.6212,125217.00
2026-02-05 12:15:00-05:00,30.62,30.65,30.5405,30.57,20186.00
2026-02-05 12:20:00-05:00,30.56,30.685,30.557,30.685,11179.00
2026-02-05 12:25:00-05:00,30.685,30.72,30.66,30.66,10200.00
2026-02-05 12:30:00-05:00,30.655,30.695,30.59,30.59,15991.00
2026-02-05 12:35:00-05:00,30.59,30.65,30.58,30.65,11553.00
2026-02-05 12:40:00-05:00,30.65,30.71,30.64,30.68,11510.00
2026-02-05 12:45:00-05:00,30.69,30.73,30.63,30.64,11969.00
2026-02-05 12:50:00-05:00,30.63,30.65,30.59,30.6,12405.00
2026-02-05 12:55:00-05:00,30.57,30.58,30.535,30.58,13471.00
2026-02-05 13:00:00-05:00,30.56,30.64,30.56,30.62,10367.00
2026-02-05 13:05:00-05:00,30.61,30.61,30.57,30.58,8103.00
2026-02-05 13:10:00-05:00,30.58,30.5975,30.52,30.56,8171.00
2026-02-05 13:15:00-05:00,30.555,30.585,30.495,30.515,8133.00
2026-02-05 13:20:00-05:00,30.52,30.52,30.47,30.5,10433.00
2026-02-05 13:25:00-05:00,30.49,30.5,30.47,30.48,6839.00
2026-02-05 13:30:00-05:00,30.485,30.52,30.48,30.515,9247.00
2026-02-05 13:35:00-05:00,30.51,30.51,30.38,30.4,13511.00
2026-02-05 13:40:00-05:00,30.38,30.47,30.38,30.465,31159.00
2026-02-05 13:45:00-05:00,30.45,30.46,30.35,30.35,11004.00
2026-02-05 13:50:00-05:00,30.33,30.345,30.31,30.3212,12185.00
2026-02-05 13:55:00-05:00,30.32,30.39,30.315,30.3679,23019.00
2026-02-05 14:00:00-05:00,30.36,30.4,30.32,30.4,15104.00
2026-02-05 14:05:00-05:00,30.395,30.47,30.36,30.41,61552.00
2026-02-05 14:10:00-05:00,30.44,30.48,30.44,30.46,9833.00
2026-02-05 14:15:00-05:00,30.46,30.5,30.4588,30.5,8887.00
2026-02-05 14:20:00-05:00,30.49,30.49,30.44,30.45,12598.00
2026-02-05 14:25:00-05:00,30.44,30.44,30.345,30.345,13172.00
2026-02-05 14:30:00-05:00,30.345,30.345,30.205,30.27,25335.00
2026-02-05 14:35:00-05:00,30.28,30.3,30.24,30.28,17012.00
2026-02-05 14:40:00-05:00,30.26,30.3,30.24,30.29,15977.00
2026-02-05 14:45:00-05:00,30.29,30.3,30.25,30.27,22845.00
2026-02-05 14:50:00-05:00,30.275,30.3,30.235,30.27,18008.00
2026-02-05 14:55:00-05:00,30.275,30.29,30.24,30.27,21574.00
2026-02-05 15:00:00-05:00,30.26,30.28,30.19,30.25,41614.00
2026-02-05 15:05:00-05:00,30.26,30.37,30.25,30.37,13950.00
2026-02-05 15:10:00-05:00,30.375,30.39,30.29,30.3,13437.00
2026-02-05 15:15:00-05:00,30.29,30.29,30.24,30.27,9168.00
2026-02-05 15:20:00-05:00,30.265,30.31,30.255,30.275,13406.00
2026-02-05 15:25:00-05:00,30.26,30.285,30.25,30.275,12838.00
2026-02-05 15:30:00-05:00,30.28,30.285,30.15,30.15,35341.00
2026-02-05 15:35:00-05:00,30.14,30.17,30.08,30.12,44692.00
2026-02-05 15:40:00-05:00,30.12,30.215,30.12,30.16,27725.00
2026-02-05 15:45:00-05:00,30.16,30.185,30.11,30.17,50062.00
2026-02-05 15:50:00-05:00,30.16,30.17,30.105,30.15,86404.00
2026-02-05 15:55:00-05:00,30.145,30.23,30.145,30.21,177605.00
2026-02-06 09:30:00-05:00,30.99,31.09,30.57,30.95,116814.00
2026-02-06 09:35:00-05:00,30.945,30.99,30.8,30.98,56452.00
2026-02-06 09:40:00-05:00,30.95,31,30.83,30.9963,64632.00
2026-02-06 09:45:00-05:00,31.01,31.01,30.83,30.94,44218.00
2026-02-06 09:50:00-05:00,30.95,31.06,30.9437,31,20428.00
2026-02-06 09:55:00-05:00,31.005,31.11,30.94,31.025,27755.00
2026-02-06 10:00:00-05:00,31.05,31.05,30.9,30.92,14608.00
2026-02-06 10:05:00-05:00,30.93,31.01,30.9,30.93,25014.00
2026-02-06 10:10:00-05:00,30.945,31.03,30.93,30.95,18742.00
2026-02-06 10:15:00-05:00,30.9397,31,30.86,30.99,20836.00
2026-02-06 10:20:00-05:00,31.03,31.14,30.98,30.995,38239.00
2026-02-06 10:25:00-05:00,31.02,31.11,31.02,31.09,18007.00
2026-02-06 10:30:00-05:00,31.08,31.17,31.01,31.13,30399.00
2026-02-06 10:35:00-05:00,31.12,31.14,31.08,31.11,21766.00
2026-02-06 10:40:00-05:00,31.11,31.15,31.1003,31.12,24853.00
2026-02-06 10:45:00-05:00,31.105,31.15,31.06,31.06,12922.00
2026-02-06 10:50:00-05:00,31.04,31.05,31.01,31.04,9209.00
2026-02-06 10:55:00-05:00,31.025,31.13,31.02,31.12,15779.00
2026-02-06 11:00:00-05:00,31.105,31.165,31.06,31.16,14972.00
2026-02-06 11:05:00-05:00,31.16,31.16,31.12,31.14,16778.00
2026-02-06 11:10:00-05:00,31.14,31.26,31.13,31.26,31802.00
2026-02-06 11:15:00-05:00,31.28,31.35,31.25,31.345,33208.00
2026-02-06 11:20:00-05:00,31.34,31.39,31.3,31.305,47536.00
2026-02-06 11:25:00-05:00,31.3,31.3,31.22,31.26,32851.00
2026-02-06 11:30:00-05:00,31.28,31.355,31.28,31.35,15638.00
2026-02-06 11:35:00-05:00,31.345,31.385,31.34,31.36,16558.00
2026-02-06 11:40:00-05:00,31.36,31.42,31.35,31.3808,19339.00
2026-02-06 11:45:00-05:00,31.39,31.44,31.39,31.42,11020.00
2026-02-06 11:50:00-05:00,31.42,31.43,31.36,31.385,12726.00
2026-02-06 11:55:00-05:00,31.375,31.375,31.29,31.33,13873.00
2026-02-06 12:00:00-05:00,31.32,31.34,31.3,31.31,16328.00
2026-02-06 12:05:00-05:00,31.31,31.385,31.31,31.385,12029.00
2026-02-06 12:10:00-05:00,31.39,31.4,31.32,31.35,22431.00
2026-02-06 12:15:00-05:00,31.35,31.38,31.34,31.36,11989.00
2026-02-06 12:20:00-05:00,31.35,31.375,31.33,31.35,10996.00
2026-02-06 12:25:00-05:00,31.34,31.38,31.34,31.375,10214.00
2026-02-06 12:30:00-05:00,31.38,31.415,31.38,31.4,17453.00
2026-02-06 12:35:00-05:00,31.39,31.39,31.35,31.37,10515.00
2026-02-06 12:40:00-05:00,31.37,31.39,31.365,31.39,9358.00
2026-02-06 12:45:00-05:00,31.4,31.455,31.4,31.455,15632.00
2026-02-06 12:50:00-05:00,31.46,31.51,31.455,31.475,12146.00
2026-02-06 12:55:00-05:00,31.48,31.5098,31.475,31.49,22631.00
2026-02-06 13:00:00-05:00,31.4998,31.54,31.4998,31.535,17388.00
2026-02-06 13:05:00-05:00,31.535,31.54,31.49,31.51,21126.00
2026-02-06 13:10:00-05:00,31.52,31.52,31.485,31.505,10238.00
2026-02-06 13:15:00-05:00,31.49,31.49,31.45,31.48,10610.00
2026-02-06 13:20:00-05:00,31.48,31.495,31.46,31.46,10930.00
2026-02-06 13:25:00-05:00,31.46,31.473,31.42,31.45,13571.00
2026-02-06 13:30:00-05:00,31.45,31.5,31.45,31.48,8764.00
2026-02-06 13:35:00-05:00,31.48,31.525,31.48,31.52,13450.00
2026-02-06 13:40:00-05:00,31.52,31.52,31.5,31.51,11071.00
2026-02-06 13:45:00-05:00,31.52,31.56,31.52,31.55,10807.00
2026-02-06 13:50:00-05:00,31.555,31.555,31.505,31.51,11554.00
2026-02-06 13:55:00-05:00,31.505,31.52,31.495,31.5,13513.00
2026-02-06 14:00:00-05:00,31.49,31.5,31.48,31.48,10475.00
2026-02-06 14:05:00-05:00,31.4797,31.495,31.47,31.48,10507.00
2026-02-06 14:10:00-05:00,31.48,31.48,31.44,31.44,11138.00
2026-02-06 14:15:00-05:00,31.44,31.44,31.395,31.42,14404.00
2026-02-06 14:20:00-05:00,31.42,31.44,31.41,31.44,10320.00
2026-02-06 14:25:00-05:00,31.435,31.455,31.43,31.45,11088.00
2026-02-06 14:30:00-05:00,31.455,31.455,31.435,31.44,11680.00
2026-02-06 14:35:00-05:00,31.445,31.445,31.42,31.42,8826.00
2026-02-06 14:40:00-05:00,31.41,31.43,31.39,31.43,14230.00
2026-02-06 14:45:00-05:00,31.43,31.48,31.43,31.47,18213.00
2026-02-06 14:50:00-05:00,31.465,31.465,31.43,31.43,15463.00
2026-02-06 14:55:00-05:00,31.425,31.425,31.38,31.39,13092.00
2026-02-06 15:00:00-05:00,31.38,31.385,31.33,31.375,15600.00
2026-02-06 15:05:00-05:00,31.38,31.43,31.38,31.39,17021.00
2026-02-06 15:10:00-05:00,31.4,31.42,31.395,31.42,8098.00
2026-02-06 15:15:00-05:00,31.415,31.45,31.415,31.44,15475.00
2026-02-06 15:20:00-05:00,31.44,31.5,31.44,31.495,14839.00
2026-02-06 15:25:00-05:00,31.5,31.5399,31.495,31.515,19227.00
2026-02-06 15:30:00-05:00,31.51,31.53,31.47,31.505,20104.00
2026-02-06 15:35:00-05:00,31.5,31.5,31.45,31.46,39812.00
2026-02-06 15:40:00-05:00,31.455,31.475,31.3918,31.405,52330.00
2026-02-06 15:45:00-05:00,31.405,31.42,31.405,31.42,28398.00
2026-02-06 15:50:00-05:00,31.42,31.515,31.42,31.4999,103461.00
2026-02-06 15:55:00-05:00,31.5,31.56,31.45,31.52,243054.00
2026-02-09 09:30:00-05:00,30.55,30.65,30.38,30.426,74320.00
2026-02-09 09:35:00-05:00,30.41,30.75,30.39,30.72,59466.00
2026-02-09 09:40:00-05:00,30.715,30.94,30.6586,30.94,31791.00
2026-02-09 09:45:00-05:00,30.95,30.989,30.87,30.915,26969.00
2026-02-09 09:50:00-05:00,30.89,30.89,30.7705,30.845,22376.00
2026-02-09 09:55:00-05:00,30.87,31,30.87,30.88,28864.00
2026-02-09 10:00:00-05:00,30.9,30.965,30.87,30.965,24649.00
2026-02-09 10:05:00-05:00,30.955,31.05,30.94,31.01,29713.00
2026-02-09 10:10:00-05:00,31.01,31.025,30.97,31.01,19277.00
2026-02-09 10:15:00-05:00,31.025,31.045,30.975,30.975,20722.00
2026-02-09 10:20:00-05:00,30.97,30.985,30.84,30.84,22284.00
2026-02-09 10:25:00-05:00,30.84,30.87,30.8,30.85,19608.00
2026-02-09 10:30:00-05:00,30.85,30.93,30.85,30.89,28648.00
2026-02-09 10:35:00-05:00,30.89,30.96,30.89,30.935,14956.00
2026-02-09 10:40:00-05:00,30.93,31.01,30.93,30.985,13864.00
2026-02-09 10:45:00-05:00,30.99,31.08,30.99,31.07,16991.00
2026-02-09 10:50:00-05:00,31.07,31.085,31.035,31.08,11663.00
2026-02-09 10:55:00-05:00,31.09,31.09,31.04,31.055,9767.00
2026-02-09 11:00:00-05:00,31.05,31.08,31.035,31.06,13656.00
2026-02-09 11:05:00-05:00,31.055,31.055,31.0107,31.025,15996.00
2026-02-09 11:10:00-05:00,31.02,31.085,31.015,31.06,51202.00
2026-02-09 11:15:00-05:00,31.065,31.08,31.045,31.045,15546.00
2026-02-09 11:20:00-05:00,31.05,31.08,31.05,31.08,8736.00
2026-02-09 11:25:00-05:00,31.08,31.09,31.045,31.05,20873.00
2026-02-09 11:30:00-05:00,31.045,31.05,31.005,31.005,20845.00
2026-02-09 11:35:00-05:00,31.005,31.005,30.96,30.985,13682.00
2026-02-09 11:40:00-05:00,30.99,30.99,30.91,30.93,51118.00
2026-02-09 11:45:00-05:00,30.94,30.94,30.88,30.915,10948.00
2026-02-09 11:50:00-05:00,30.9,30.91,30.865,30.9,9059.00
2026-02-09 11:55:00-05:00,30.89,30.9,30.85,30.85,9001.00
2026-02-09 12:00:00-05:00,30.84,30.87,30.83,30.84,18368.00
2026-02-09 12:05:00-05:00,30.84,30.84,30.72,30.765,41700.00
2026-02-09 12:10:00-05:00,30.77,30.81,30.765,30.765,14037.00
2026-02-09 12:15:00-05:00,30.77,30.775,30.76,30.765,16862.00
2026-02-09 12:20:00-05:00,30.76,30.77,30.725,30.745,34029.00
2026-02-09 12:25:00-05:00,30.74,30.74,30.6599,30.68,25725.00
2026-02-09 12:30:00-05:00,30.69,30.725,30.645,30.67,74047.00
2026-02-09 12:35:00-05:00,30.675,30.71,30.6423,30.66,31990.00
2026-02-09 12:40:00-05:00,30.66,30.69,30.655,30.68,16938.00
2026-02-09 12:45:00-05:00,30.69,30.725,30.68,30.72,8722.00
2026-02-09 12:50:00-05:00,30.73,30.73,30.695,30.7,5010.00
2026-02-09 12:55:00-05:00,30.69,30.7,30.655,30.66,7417.00
2026-02-09 13:00:00-05:00,30.65,30.69,30.65,30.67,6848.00
2026-02-09 13:05:00-05:00,30.675,30.705,30.67,30.705,6921.00
2026-02-09 13:10:00-05:00,30.69,30.715,30.6877,30.705,9145.00
2026-02-09 13:15:00-05:00,30.7,30.715,30.69,30.71,4321.00
2026-02-09 13:20:00-05:00,30.7,30.72,30.53,30.64,32258.00
2026-02-09 13:25:00-05:00,30.63,30.65,30.63,30.645,7193.00
2026-02-09 13:30:00-05:00,30.65,30.69,30.62,30.69,10695.00
2026-02-09 13:35:00-05:00,30.695,30.705,30.68,30.69,4278.00
2026-02-09 13:40:00-05:00,30.69,30.705,30.68,30.705,2972.00
2026-02-09 13:45:00-05:00,30.71,30.72,30.69,30.705,23340.00
2026-02-09 13:50:00-05:00,30.705,30.72,30.68,30.69,6671.00
2026-02-09 13:55:00-05:00,30.68,30.76,30.67,30.74,55057.00
2026-02-09 14:00:00-05:00,30.74,30.76,30.73,30.755,4321.00
2026-02-09 14:05:00-05:00,30.755,30.765,30.73,30.74,6897.00
2026-02-09 14:10:00-05:00,30.73,30.73,30.69,30.71,12862.00
2026-02-09 14:15:00-05:00,30.715,30.725,30.715,30.725,2425.00
2026-02-09 14:20:00-05:00,30.7201,30.725,30.705,30.72,4269.00
2026-02-09 14:25:00-05:00,30.73,30.77,30.73,30.755,8618.00
2026-02-09 14:30:00-05:00,30.76,30.785,30.76,30.775,7140.00
2026-02-09 14:35:00-05:00,30.775,30.805,30.775,30.79,5545.00
2026-02-09 14:40:00-05:00,30.79,30.79,30.785,30.79,3463.00
2026-02-09 14:45:00-05:00,30.78,30.78,30.76,30.765,6509.00
2026-02-09 14:50:00-05:00,30.77,30.77,30.715,30.715,14407.00
2026-02-09 14:55:00-05:00,30.715,30.715,30.65,30.655,17913.00
2026-02-09 15:00:00-05:00,30.64,30.71,30.64,30.7099,27400.00
2026-02-09 15:05:00-05:00,30.72,30.76,30.72,30.755,10684.00
2026-02-09 15:10:00-05:00,30.755,30.79,30.75,30.77,5224.00
2026-02-09 15:15:00-05:00,30.765,30.79,30.765,30.775,13402.00
2026-02-09 15:20:00-05:00,30.77,30.79,30.755,30.755,13277.00
2026-02-09 15:25:00-05:00,30.76,30.77,30.745,30.745,16633.00
2026-02-09 15:30:00-05:00,30.73,30.76,30.72,30.755,13896.00
2026-02-09 15:35:00-05:00,30.75,30.795,30.74,30.79,18358.00
2026-02-09 15:40:00-05:00,30.795,30.83,30.77,30.795,25590.00
2026-02-09 15:45:00-05:00,30.79,30.79,30.735,30.765,22605.00
2026-02-09 15:50:00-05:00,30.77,30.81,30.735,30.765,75991.00
2026-02-09 15:55:00-05:00,30.76,30.8,30.75,30.78,149386.00
2026-02-10 09:30:00-05:00,30.78,30.78,30.56,30.59,42997.00
2026-02-10 09:35:00-05:00,30.55,30.56,30.5,30.53,10376.00
2026-02-10 09:40:00-05:00,30.53,30.625,30.53,30.62,10506.00
2026-02-10 09:45:00-05:00,30.58,30.7,30.58,30.62,18588.00
2026-02-10 09:50:00-05:00,30.665,30.69,30.56,30.69,18361.00
2026-02-10 09:55:00-05:00,30.7,30.76,30.6901,30.72,12915.00
2026-02-10 10:00:00-05:00,30.72,30.79,30.7,30.75,17820.00
2026-02-10 10:05:00-05:00,30.76,30.79,30.76,30.76,10037.00
2026-02-10 10:10:00-05:00,30.76,30.77,30.68,30.695,8590.00
2026-02-10 10:15:00-05:00,30.7,30.78,30.7,30.77,13615.00
2026-02-10 10:20:00-05:00,30.78,30.83,30.745,30.75,100882.00
2026-02-10 10:25:00-05:00,30.76,30.82,30.76,30.775,23480.00
2026-02-10 10:30:00-05:00,30.77,30.82,30.765,30.82,8230.00
2026-02-10 10:35:00-05:00,30.83,30.86,30.82,30.86,7501.00
2026-02-10 10:40:00-05:00,30.86,30.965,30.86,30.96,9426.00
2026-02-10 10:45:00-05:00,30.9599,31.02,30.94,31.005,20377.00
2026-02-10 10:50:00-05:00,31.0298,31.045,30.99,30.998,13128.00
2026-02-10 10:55:00-05:00,31,31,30.89,30.93,8351.00
2026-02-10 11:00:00-05:00,30.935,31.0292,30.935,31.0292,12137.00
2026-02-10 11:05:00-05:00,31.03,31.03,30.935,30.97,8595.00
2026-02-10 11:10:00-05:00,30.96,30.995,30.96,30.98,6957.00
2026-02-10 11:15:00-05:00,30.985,31.025,30.96,30.965,14057.00
2026-02-10 11:20:00-05:00,30.96,30.985,30.935,30.965,13553.00
2026-02-10 11:25:00-05:00,30.97,31.015,30.96,30.99,12962.00
2026-02-10 11:30:00-05:00,30.99,31.07,30.99,31.04,22307.00
2026-02-10 11:35:00-05:00,31.06,31.095,31.055,31.075,9029.00
2026-02-10 11:40:00-05:00,31.08,31.1068,31.08,31.085,5571.00
2026-02-10 11:45:00-05:00,31.09,31.125,31.09,31.09,9298.00
2026-02-10 11:50:00-05:00,31.085,31.085,31.05,31.07,6912.00
2026-02-10 11:55:00-05:00,31.06,31.08,31.05,31.05,5739.00
2026-02-10 12:00:00-05:00,31.05,31.065,31.02,31.03,8582.00
2026-02-10 12:05:00-05:00,31.02,31.07,31.015,31.07,6658.00
2026-02-10 12:10:00-05:00,31.07,31.1,31.07,31.1,5586.00
2026-02-10 12:15:00-05:00,31.095,31.11,31.09,31.1098,8714.00
2026-02-10 12:20:00-05:00,31.105,31.11,31.075,31.105,24094.00
2026-02-10 12:25:00-05:00,31.105,31.16,31.105,31.13,10244.00
2026-02-10 12:30:00-05:00,31.14,31.215,31.14,31.18,10691.00
2026-02-10 12:35:00-05:00,31.2,31.245,31.2,31.24,6798.00
2026-02-10 12:40:00-05:00,31.235,31.26,31.22,31.255,7196.00
2026-02-10 12:45:00-05:00,31.25,31.25,31.2,31.205,19079.00
2026-02-10 12:50:00-05:00,31.2,31.215,31.19,31.2,6641.00
2026-02-10 12:55:00-05:00,31.195,31.21,31.195,31.2,4399.00
2026-02-10 13:00:00-05:00,31.19,31.21,31.175,31.21,10789.00
2026-02-10 13:05:00-05:00,31.205,31.215,31.15,31.155,5951.00
2026-02-10 13:10:00-05:00,31.15,31.155,31.105,31.105,6492.00
2026-02-10 13:15:00-05:00,31.11,31.11,31.06,31.08,14254.00
2026-02-10 13:20:00-05:00,31.08,31.09,31.05,31.075,4966.00
2026-02-10 13:25:00-05:00,31.07,31.07,31,31,11921.00
2026-02-10 13:30:00-05:00,30.99,31.0299,30.98,30.99,10224.00
2026-02-10 13:35:00-05:00,30.98,31,30.97,31,6758.00
2026-02-10 13:40:00-05:00,31.02,31.03,31.02,31.03,2891.00
2026-02-10 13:45:00-05:00,31.03,31.03,31.005,31.005,5757.00
2026-02-10 13:50:00-05:00,31.005,31.005,30.96,30.965,6318.00
2026-02-10 13:55:00-05:00,30.96,30.995,30.95,30.98,6229.00
2026-02-10 14:00:00-05:00,30.98,30.98,30.95,30.96,7308.00
2026-02-10 14:05:00-05:00,30.97,30.975,30.96,30.97,3240.00
2026-02-10 14:10:00-05:00,30.98,30.98,30.96,30.97,5252.00
2026-02-10 14:15:00-05:00,30.985,30.985,30.96,30.97,6704.00
2026-02-10 14:20:00-05:00,30.97,31.01,30.97,31.005,3024.00
2026-02-10 14:25:00-05:00,31,31.01,30.98,31.005,6656.00
2026-02-10 14:30:00-05:00,31,31.081,30.995,31.065,11438.00
2026-02-10 14:35:00-05:00,31.07,31.1,31.07,31.08,4455.00
2026-02-10 14:40:00-05:00,31.07,31.07,31.015,31.05,9298.00
2026-02-10 14:45:00-05:00,31.05,31.12,31.04,31.11,25012.00
2026-02-10 14:50:00-05:00,31.12,31.12,31.09,31.106,4485.00
2026-02-10 14:55:00-05:00,31.105,31.11,31.095,31.1,9963.00
2026-02-10 15:00:00-05:00,31.09,31.115,31.075,31.11,8165.00
2026-02-10 15:05:00-05:00,31.11,31.11,31.05,31.05,14305.00
2026-02-10 15:10:00-05:00,31.055,31.055,31.02,31.035,3268.00
2026-02-10 15:15:00-05:00,31.035,31.06,31.025,31.055,7787.00
2026-02-10 15:20:00-05:00,31.055,31.06,31,31.02,13201.00
2026-02-10 15:25:00-05:00,31.01,31.02,31,31.02,11617.00
2026-02-10 15:30:00-05:00,31.02,31.07,31.02,31.055,10539.00
2026-02-10 15:35:00-05:00,31.05,31.05,31,31,7623.00
2026-02-10 15:40:00-05:00,31.02,31.06,31.02,31.05,8846.00
2026-02-10 15:45:00-05:00,31.04,31.075,31.04,31.065,15940.00
2026-02-10 15:50:00-05:00,31.06,31.06,30.97,30.975,43341.00
2026-02-10 15:55:00-05:00,30.98,30.995,30.925,30.95,119237.00
2026-02-11 09:30:00-05:00,32.17,32.24,31.6445,31.66,159074.00
2026-02-11 09:35:00-05:00,31.67,31.86,31.67,31.73,30497.00
2026-02-11 09:40:00-05:00,31.75,31.79,31.64,31.705,42355.00
2026-02-11 09:45:00-05:00,31.738,31.84,31.7373,31.8,31140.00
2026-02-11 09:50:00-05:00,31.8095,31.87,31.74,31.87,25545.00
2026-02-11 09:55:00-05:00,31.89,31.9,31.66,31.66,26714.00
2026-02-11 10:00:00-05:00,31.69,31.75,31.63,31.72,14906.00
2026-02-11 10:05:00-05:00,31.72,31.74,31.62,31.65,111548.00
2026-02-11 10:10:00-05:00,31.65,31.65,31.495,31.6,25392.00
2026-02-11 10:15:00-05:00,31.58,31.62,31.495,31.5,11058.00
2026-02-11 10:20:00-05:00,31.51,31.51,31.28,31.28,34030.00
2026-02-11 10:25:00-05:00,31.33,31.4,31.29,31.38,26940.00
2026-02-11 10:30:00-05:00,31.37,31.5,31.37,31.5,19465.00
2026-02-11 10:35:00-05:00,31.495,31.58,31.48,31.5479,16205.00
2026-02-11 10:40:00-05:00,31.5456,31.58,31.51,31.54,11482.00
2026-02-11 10:45:00-05:00,31.56,31.56,31.445,31.46,14284.00
2026-02-11 10:50:00-05:00,31.425,31.57,31.425,31.57,12829.00
2026-02-11 10:55:00-05:00,31.578,31.6,31.53,31.55,17338.00
2026-02-11 11:00:00-05:00,31.56,31.585,31.49,31.5,10020.00
2026-02-11 11:05:00-05:00,31.525,31.56,31.47,31.56,17302.00
2026-02-11 11:10:00-05:00,31.53,31.58,31.53,31.56,10937.00
2026-02-11 11:15:00-05:00,31.56,31.58,31.53,31.57,8363.00
2026-02-11 11:20:00-05:00,31.59,31.62,31.56,31.6,10947.00
2026-02-11 11:25:00-05:00,31.61,31.61,31.48,31.505,26018.00
2026-02-11 11:30:00-05:00,31.49,31.53,31.46,31.46,13398.00
2026-02-11 11:35:00-05:00,31.48,31.51,31.45,31.51,17732.00
2026-02-11 11:40:00-05:00,31.53,31.58,31.53,31.57,8090.00
2026-02-11 11:45:00-05:00,31.57,31.63,31.56,31.62,11693.00
2026-02-11 11:50:00-05:00,31.62,31.64,31.6,31.6,7880.00
2026-02-11 11:55:00-05:00,31.61,31.62,31.58,31.6,4692.00
2026-02-11 12:00:00-05:00,31.59,31.6,31.5,31.54,11379.00
2026-02-11 12:05:00-05:00,31.53,31.62,31.53,31.62,6885.00
2026-02-11 12:10:00-05:00,31.63,31.67,31.6,31.65,10662.00
2026-02-11 12:15:00-05:00,31.64,31.73,31.64,31.7,17453.00
2026-02-11 12:20:00-05:00,31.7,31.76,31.69,31.74,35242.00
2026-02-11 12:25:00-05:00,31.745,31.77,31.7,31.71,11725.00
2026-02-11 12:30:00-05:00,31.72,31.74,31.68,31.68,16554.00
2026-02-11 12:35:00-05:00,31.695,31.7,31.68,31.69,8885.00
2026-02-11 12:40:00-05:00,31.69,31.74,31.69,31.71,5876.00
2026-02-11 12:45:00-05:00,31.7,31.7034,31.68,31.68,6403.00
2026-02-11 12:50:00-05:00,31.68,31.69,31.63,31.66,14659.00
2026-02-11 12:55:00-05:00,31.62,31.62,31.55,31.57,8083.00
2026-02-11 13:00:00-05:00,31.57,31.595,31.53,31.58,9716.00
2026-02-11 13:05:00-05:00,31.57,31.57,31.53,31.55,8916.00
2026-02-11 13:10:00-05:00,31.55,31.55,31.495,31.51,10960.00
2026-02-11 13:15:00-05:00,31.51,31.58,31.51,31.56,9089.00
2026-02-11 13:20:00-05:00,31.55,31.57,31.55,31.57,4446.00
2026-02-11 13:25:00-05:00,31.555,31.58,31.555,31.57,5137.00
2026-02-11 13:30:00-05:00,31.57,31.6,31.56,31.59,7682.00
2026-02-11 13:35:00-05:00,31.58,31.63,31.575,31.63,5761.00
2026-02-11 13:40:00-05:00,31.61,31.61,31.59,31.59,4592.00
2026-02-11 13:45:00-05:00,31.59,31.62,31.58,31.59,7275.00
2026-02-11 13:50:00-05:00,31.6,31.63,31.51,31.62,22960.00
2026-02-11 13:55:00-05:00,31.63,31.67,31.61,31.61,10194.00
2026-02-11 14:00:00-05:00,31.62,31.67,31.615,31.67,7689.00
2026-02-11 14:05:00-05:00,31.67,31.73,31.66,31.7,25178.00
2026-02-11 14:10:00-05:00,31.7,31.76,31.7,31.76,6396.00
2026-02-11 14:15:00-05:00,31.76,31.795,31.76,31.77,6941.00
2026-02-11 14:20:00-05:00,31.78,31.82,31.78,31.82,6547.00
2026-02-11 14:25:00-05:00,31.82,31.845,31.8,31.82,14307.00
2026-02-11 14:30:00-05:00,31.8,31.8,31.76,31.79,10767.00
2026-02-11 14:35:00-05:00,31.78,31.79,31.75,31.75,6403.00
2026-02-11 14:40:00-05:00,31.73,31.73,31.72,31.73,4752.00
2026-02-11 14:45:00-05:00,31.735,31.735,31.64,31.71,16591.00
2026-02-11 14:50:00-05:00,31.73,31.75,31.73,31.73,4284.00
2026-02-11 14:55:00-05:00,31.73,31.76,31.7,31.71,7340.00
2026-02-11 15:00:00-05:00,31.69,31.74,31.68,31.705,14074.00
2026-02-11 15:05:00-05:00,31.7,31.7104,31.69,31.69,6272.00
2026-02-11 15:10:00-05:00,31.69,31.7684,31.69,31.7684,13166.00
2026-02-11 15:15:00-05:00,31.775,31.8,31.77,31.78,10991.00
2026-02-11 15:20:00-05:00,31.78,31.795,31.765,31.79,8266.00
2026-02-11 15:25:00-05:00,31.7865,31.7865,31.75,31.755,16956.00
2026-02-11 15:30:00-05:00,31.75,31.78,31.745,31.75,17524.00
2026-02-11 15:35:00-05:00,31.745,31.76,31.705,31.74,26259.00
2026-02-11 15:40:00-05:00,31.735,31.78,31.73,31.76,21078.00
2026-02-11 15:45:00-05:00,31.77,31.815,31.75,31.815,32331.00
2026-02-11 15:50:00-05:00,31.82,31.85,31.81,31.84,57213.00
2026-02-11 15:55:00-05:00,31.84,31.85,31.8,31.84,138609.00
2026-02-12 09:30:00-05:00,31.38,31.435,31.13,31.13,74802.00
2026-02-12 09:35:00-05:00,31.14,31.275,31.11,31.275,49303.00
2026-02-12 09:40:00-05:00,31.26,31.3,31.095,31.095,76775.00
2026-02-12 09:45:00-05:00,31.09,31.095,30.91,30.925,44197.00
2026-02-12 09:50:00-05:00,30.93,31.05,30.91,31.018,25117.00
2026-02-12 09:55:00-05:00,31.02,31.03,30.945,30.945,35831.00
2026-02-12 10:00:00-05:00,30.955,31.09,30.89,31.01,42190.00
2026-02-12 10:05:00-05:00,30.99,31.02,30.865,30.87,27353.00
2026-02-12 10:10:00-05:00,30.87,30.91,30.805,30.91,50919.00
2026-02-12 10:15:00-05:00,30.92,31,30.92,30.99,14540.00
2026-02-12 10:20:00-05:00,30.99,31.09,30.95,30.99,20649.00
2026-02-12 10:25:00-05:00,30.995,31.02,30.915,30.92,23597.00
2026-02-12 10:30:00-05:00,30.93,30.95,30.87,30.88,25179.00
2026-02-12 10:35:00-05:00,30.875,30.88,30.635,30.69,47274.00
2026-02-12 10:40:00-05:00,30.69,30.7,30.55,30.62,61978.00
2026-02-12 10:45:00-05:00,30.6187,30.67,30.61,30.635,26976.00
2026-02-12 10:50:00-05:00,30.63,30.65,30.59,30.59,26350.00
2026-02-12 10:55:00-05:00,30.57,30.62,30.49,30.49,39755.00
2026-02-12 11:00:00-05:00,30.5,30.54,30.39,30.44,71173.00
2026-02-12 11:05:00-05:00,30.44,30.44,30.365,30.4,22176.00
2026-02-12 11:10:00-05:00,30.4,30.41,30.32,30.37,24645.00
2026-02-12 11:15:00-05:00,30.38,30.41,30.205,30.22,47906.00
2026-02-12 11:20:00-05:00,30.21,30.21,30.06,30.13,114098.00
2026-02-12 11:25:00-05:00,30.14,30.155,30.05,30.06,54943.00
2026-02-12 11:30:00-05:00,30.05,30.155,30.02,30.11,42827.00
2026-02-12 11:35:00-05:00,30.09,30.22,30.09,30.18,35013.00
2026-02-12 11:40:00-05:00,30.19,30.2,30.11,30.125,36599.00
2026-02-12 11:45:00-05:00,30.13,30.16,30.08,30.12,58458.00
2026-02-12 11:50:00-05:00,30.13,30.19,30.09,30.11,78234.00
2026-02-12 11:55:00-05:00,30.11,30.195,30.11,30.195,20534.00
2026-02-12 12:00:00-05:00,30.19,30.19,30.04,30.12,81993.00
2026-02-12 12:05:00-05:00,30.11,30.14,30.035,30.08,55575.00
2026-02-12 12:10:00-05:00,30.09,30.1,30.02,30.03,21002.00
2026-02-12 12:15:00-05:00,30.03,30.08,30.025,30.025,21321.00
2026-02-12 12:20:00-05:00,30.03,30.115,30.03,30.115,26315.00
2026-02-12 12:25:00-05:00,30.11,30.11,29.99,29.99,91861.00
2026-02-12 12:30:00-05:00,29.99,30.04,29.98,30.03,21890.00
2026-02-12 12:35:00-05:00,30.04,30.12,30.04,30.08,14839.00
2026-02-12 12:40:00-05:00,30.06,30.06,30.01,30.05,21624.00
2026-02-12 12:45:00-05:00,30.04,30.06,29.9719,29.985,27464.00
2026-02-12 12:50:00-05:00,29.99,30.01,29.92,29.99,36841.00
2026-02-12 12:55:00-05:00,30.0076,30.01,29.93,29.94,12924.00
2026-02-12 13:00:00-05:00,29.93,29.94,29.85,29.9,34751.00
2026-02-12 13:05:00-05:00,29.91,29.965,29.9,29.93,14792.00
2026-02-12 13:10:00-05:00,29.91,29.99,29.91,29.99,12341.00
2026-02-12 13:15:00-05:00,29.98,29.98,29.87,29.87,9557.00
2026-02-12 13:20:00-05:00,29.88,29.955,29.875,29.95,15137.00
2026-02-12 13:25:00-05:00,29.93,29.99,29.77,29.87,54128.00
2026-02-12 13:30:00-05:00,29.84,29.955,29.835,29.95,17042.00
2026-02-12 13:35:00-05:00,29.95,30,29.95,29.99,21281.00
2026-02-12 13:40:00-05:00,29.99,30.11,29.99,30.11,134312.00
2026-02-12 13:45:00-05:00,30.115,30.165,30.11,30.16,18752.00
2026-02-12 13:50:00-05:00,30.15,30.305,30.14,30.27,13765.00
2026-02-12 13:55:00-05:00,30.26,30.275,30.1,30.13,67010.00
2026-02-12 14:00:00-05:00,30.14,30.17,30.12,30.13,15937.00
2026-02-12 14:05:00-05:00,30.14,30.165,30.11,30.14,28828.00
2026-02-12 14:10:00-05:00,30.13,30.15,30.1,30.145,17797.00
2026-02-12 14:15:00-05:00,30.15,30.26,30.15,30.26,10724.00
2026-02-12 14:20:00-05:00,30.265,30.3,30.25,30.28,21631.00
2026-02-12 14:25:00-05:00,30.28,30.28,30.11,30.125,25176.00
2026-02-12 14:30:00-05:00,30.13,30.225,30.13,30.2,17718.00
2026-02-12 14:35:00-05:00,30.195,30.3,30.19,30.275,25973.00
2026-02-12 14:40:00-05:00,30.275,30.29,30.225,30.2723,17909.00
2026-02-12 14:45:00-05:00,30.275,30.31,30.275,30.31,23235.00
2026-02-12 14:50:00-05:00,30.32,30.35,30.295,30.315,23804.00
2026-02-12 14:55:00-05:00,30.315,30.345,30.165,30.24,38058.00
2026-02-12 15:00:00-05:00,30.24,30.275,30.23,30.2625,14946.00
2026-02-12 15:05:00-05:00,30.27,30.28,30.19,30.205,18704.00
2026-02-12 15:10:00-05:00,30.205,30.205,30.17,30.205,21895.00
2026-02-12 15:15:00-05:00,30.21,30.245,30.2,30.23,29613.00
2026-02-12 15:20:00-05:00,30.23,30.235,30.18,30.195,41033.00
2026-02-12 15:25:00-05:00,30.2,30.215,30.16,30.16,18991.00
2026-02-12 15:30:00-05:00,30.17,30.19,30.14,30.18,33943.00
2026-02-12 15:35:00-05:00,30.185,30.26,30.185,30.26,35353.00
2026-02-12 15:40:00-05:00,30.26,30.315,30.2545,30.31,44692.00
2026-02-12 15:45:00-05:00,30.31,30.31,30.235,30.245,32798.00
2026-02-12 15:50:00-05:00,30.245,30.31,30.24,30.29,71958.00
2026-02-12 15:55:00-05:00,30.28,30.31,30.26,30.29,224061.00
2026-02-13 09:30:00-05:00,30.24,30.74,30.225,30.53,86036.00
2026-02-13 09:35:00-05:00,30.55,30.64,30.47,30.48,60514.00
2026-02-13 09:40:00-05:00,30.44,30.56,30.275,30.55,53189.00
2026-02-13 09:45:00-05:00,30.546,30.63,30.41,30.41,53540.00
2026-02-13 09:50:00-05:00,30.43,30.63,30.38,30.55,39182.00
2026-02-13 09:55:00-05:00,30.575,30.645,30.39,30.465,44255.00
2026-02-13 10:00:00-05:00,30.47,30.59,30.47,30.56,24072.00
2026-02-13 10:05:00-05:00,30.52,30.64,30.52,30.635,45312.00
2026-02-13 10:10:00-05:00,30.63,30.71,30.59,30.595,23437.00
2026-02-13 10:15:00-05:00,30.59,30.635,30.55,30.565,13271.00
2026-02-13 10:20:00-05:00,30.585,30.65,30.55,30.65,13277.00
2026-02-13 10:25:00-05:00,30.655,30.76,30.655,30.73,12571.00
2026-02-13 10:30:00-05:00,30.74,30.79,30.71,30.77,22802.00
2026-02-13 10:35:00-05:00,30.77,30.845,30.73,30.76,19482.00
2026-02-13 10:40:00-05:00,30.74,30.74,30.64,30.64,21802.00
2026-02-13 10:45:00-05:00,30.64,30.66,30.58,30.595,13804.00
2026-02-13 10:50:00-05:00,30.62,30.78,30.62,30.74,11064.00
2026-02-13 10:55:00-05:00,30.75,30.795,30.705,30.73,10594.00
2026-02-13 11:00:00-05:00,30.745,30.77,30.72,30.77,7238.00
2026-02-13 11:05:00-05:00,30.77,30.835,30.77,30.81,20939.00
2026-02-13 11:10:00-05:00,30.81,30.81,30.72,30.74,18244.00
2026-02-13 11:15:00-05:00,30.75,30.82,30.735,30.735,11965.00
2026-02-13 11:20:00-05:00,30.73,30.74,30.66,30.69,18483.00
2026-02-13 11:25:00-05:00,30.68,30.78,30.67,30.755,15690.00
2026-02-13 11:30:00-05:00,30.755,30.8,30.68,30.74,17743.00
2026-02-13 11:35:00-05:00,30.74,30.82,30.735,30.82,16586.00
2026-02-13 11:40:00-05:00,30.81,30.84,30.8,30.84,7430.00
2026-02-13 11:45:00-05:00,30.85,30.89,30.8,30.825,9778.00
2026-02-13 11:50:00-05:00,30.84,30.9,30.84,30.875,12595.00
2026-02-13 11:55:00-05:00,30.88,30.9,30.83,30.835,9859.00
2026-02-13 12:00:00-05:00,30.83,30.88,30.825,30.86,6615.00
2026-02-13 12:05:00-05:00,30.86,30.9,30.855,30.875,7428.00
2026-02-13 12:10:00-05:00,30.88,30.91,30.88,30.89,6908.00
2026-02-13 12:15:00-05:00,30.89,30.91,30.81,30.82,9535.00
2026-02-13 12:20:00-05:00,30.83,30.875,30.83,30.8411,7066.00
2026-02-13 12:25:00-05:00,30.84,30.845,30.8,30.835,11970.00
2026-02-13 12:30:00-05:00,30.83,30.86,30.83,30.84,4730.00
2026-02-13 12:35:00-05:00,30.84,30.84,30.82,30.83,6874.00
2026-02-13 12:40:00-05:00,30.8201,30.86,30.8201,30.83,7024.00
2026-02-13 12:45:00-05:00,30.83,30.86,30.82,30.86,5530.00
2026-02-13 12:50:00-05:00,30.87,30.885,30.825,30.845,19098.00
2026-02-13 12:55:00-05:00,30.84,30.87,30.8,30.805,16622.00
2026-02-13 13:00:00-05:00,30.82,30.84,30.78,30.81,10467.00
2026-02-13 13:05:00-05:00,30.81,30.84,30.81,30.815,10545.00
2026-02-13 13:10:00-05:00,30.82,30.84,30.815,30.84,12378.00
2026-02-13 13:15:00-05:00,30.83,30.84,30.76,30.79,11562.00
2026-02-13 13:20:00-05:00,30.81,30.825,30.8,30.82,3829.00
2026-02-13 13:25:00-05:00,30.81,30.82,30.715,30.75,20770.00
2026-02-13 13:30:00-05:00,30.74,30.8,30.74,30.795,4871.00
2026-02-13 13:35:00-05:00,30.79,30.79,30.75,30.77,4118.00
2026-02-13 13:40:00-05:00,30.7601,30.78,30.75,30.78,3342.00
2026-02-13 13:45:00-05:00,30.79,30.835,30.78,30.83,5691.00
2026-02-13 13:50:00-05:00,30.82,30.83,30.8,30.83,7487.00
2026-02-13 13:55:00-05:00,30.83,30.84,30.82,30.84,4575.00
2026-02-13 14:00:00-05:00,30.84,30.84,30.78,30.78,7612.00
2026-02-13 14:05:00-05:00,30.8,30.84,30.8,30.83,6238.00
2026-02-13 14:10:00-05:00,30.84,30.85,30.78,30.81,8251.00
2026-02-13 14:15:00-05:00,30.81,30.82,30.805,30.81,3193.00
2026-02-13 14:20:00-05:00,30.82,30.83,30.81,30.83,1921.00
2026-02-13 14:25:00-05:00,30.82,30.83,30.66,30.7,27660.00
2026-02-13 14:30:00-05:00,30.705,30.78,30.685,30.77,14113.00
2026-02-13 14:35:00-05:00,30.77,30.79,30.75,30.76,7637.00
2026-02-13 14:40:00-05:00,30.77,30.78,30.74,30.77,9994.00
2026-02-13 14:45:00-05:00,30.77,30.8,30.73,30.73,8277.00
2026-02-13 14:50:00-05:00,30.74,30.745,30.7,30.71,8465.00
2026-02-13 14:55:00-05:00,30.71,30.72,30.61,30.62,12492.00
2026-02-13 15:00:00-05:00,30.615,30.68,30.615,30.67,4710.00
2026-02-13 15:05:00-05:00,30.67,30.675,30.63,30.64,7510.00
2026-02-13 15:10:00-05:00,30.639,30.67,30.59,30.59,6263.00
2026-02-13 15:15:00-05:00,30.6,30.63,30.58,30.63,8711.00
2026-02-13 15:20:00-05:00,30.63,30.63,30.56,30.57,12843.00
2026-02-13 15:25:00-05:00,30.56,30.59,30.53,30.54,14256.00
2026-02-13 15:30:00-05:00,30.54,30.6,30.53,30.5616,10761.00
2026-02-13 15:35:00-05:00,30.56,30.58,30.55,30.57,11641.00
2026-02-13 15:40:00-05:00,30.585,30.6,30.54,30.58,13595.00
2026-02-13 15:45:00-05:00,30.58,30.65,30.56,30.635,27570.00
2026-02-13 15:50:00-05:00,30.65,30.675,30.61,30.64,34305.00
2026-02-13 15:55:00-05:00,30.65,30.665,30.59,30.59,103081.00
2026-02-17 09:30:00-05:00,30.6,31.05,30.56,31.05,50258.00
2026-02-17 09:35:00-05:00,31.05,31.3,30.92,31.275,17778.00
2026-02-17 09:40:00-05:00,31.3,31.3,31.11,31.18,27293.00
2026-02-17 09:45:00-05:00,31.17,31.19,31.07,31.155,20238.00
2026-02-17 09:50:00-05:00,31.17,31.175,31.0144,31.0144,18953.00
2026-02-17 09:55:00-05:00,31.015,31.02,30.81,30.84,44081.00
2026-02-17 10:00:00-05:00,30.84,31,30.81,30.975,20960.00
2026-02-17 10:05:00-05:00,30.98,31.005,30.94,30.9698,21600.00
2026-02-17 10:10:00-05:00,31,31.06,30.9502,30.97,23439.00
2026-02-17 10:15:00-05:00,30.975,31.14,30.96,31.095,20655.00
2026-02-17 10:20:00-05:00,31.1,31.14,31,31,10178.00
2026-02-17 10:25:00-05:00,31,31.02,30.83,30.88,22793.00
2026-02-17 10:30:00-05:00,30.88,30.88,30.59,30.6307,22965.00
2026-02-17 10:35:00-05:00,30.635,30.76,30.635,30.67,17394.00
2026-02-17 10:40:00-05:00,30.67,30.7401,30.67,30.74,7784.00
2026-02-17 10:45:00-05:00,30.75,30.895,30.73,30.835,26829.00
2026-02-17 10:50:00-05:00,30.84,30.865,30.79,30.811,9464.00
2026-02-17 10:55:00-05:00,30.82,30.86,30.77,30.83,9379.00
2026-02-17 11:00:00-05:00,30.84,30.95,30.84,30.88,14618.00
2026-02-17 11:05:00-05:00,30.89,31.03,30.89,31.03,11564.00
2026-02-17 11:10:00-05:00,31.035,31.125,31.03,31.1,18469.00
2026-02-17 11:15:00-05:00,31.09,31.11,31.04,31.07,17054.00
2026-02-17 11:20:00-05:00,31.055,31.055,30.99,31.04,18688.00
2026-02-17 11:25:00-05:00,31.03,31.055,30.985,30.99,10108.00
2026-02-17 11:30:00-05:00,30.98,30.98,30.855,30.87,11327.00
2026-02-17 11:35:00-05:00,30.89,30.975,30.89,30.93,8569.00
2026-02-17 11:40:00-05:00,30.92,30.93,30.88,30.88,8724.00
2026-02-17 11:45:00-05:00,30.87,30.87,30.82,30.82,6074.00
2026-02-17 11:50:00-05:00,30.84,30.86,30.82,30.86,8851.00
2026-02-17 11:55:00-05:00,30.87,30.9,30.8,30.84,10778.00
2026-02-17 12:00:00-05:00,30.845,30.85,30.755,30.79,7047.00
2026-02-17 12:05:00-05:00,30.79,30.79,30.745,30.76,12404.00
2026-02-17 12:10:00-05:00,30.765,30.77,30.635,30.64,14717.00
2026-02-17 12:15:00-05:00,30.66,30.7,30.65,30.67,6554.00
2026-02-17 12:20:00-05:00,30.65,30.69,30.61,30.69,19948.00
2026-02-17 12:25:00-05:00,30.7,30.775,30.7,30.775,7896.00
2026-02-17 12:30:00-05:00,30.8,30.8,30.69,30.73,12497.00
2026-02-17 12:35:00-05:00,30.73,30.78,30.73,30.75,4600.00
2026-02-17 12:40:00-05:00,30.745,30.745,30.61,30.63,11032.00
2026-02-17 12:45:00-05:00,30.6,30.68,30.54,30.67,23438.00
2026-02-17 12:50:00-05:00,30.67,30.72,30.66,30.665,8564.00
2026-02-17 12:55:00-05:00,30.66,30.71,30.64,30.7,8675.00
2026-02-17 13:00:00-05:00,30.7,30.74,30.69,30.71,9342.00
2026-02-17 13:05:00-05:00,30.71,30.71,30.67,30.69,7984.00
2026-02-17 13:10:00-05:00,30.68,30.71,30.67,30.71,7145.00
2026-02-17 13:15:00-05:00,30.695,30.73,30.66,30.71,5735.00
2026-02-17 13:20:00-05:00,30.735,30.86,30.735,30.845,8426.00
2026-02-17 13:25:00-05:00,30.84,30.85,30.795,30.845,5298.00
2026-02-17 13:30:00-05:00,30.85,30.88,30.825,30.88,13300.00
2026-02-17 13:35:00-05:00,30.87,30.92,30.85,30.92,4216.00
2026-02-17 13:40:00-05:00,30.93,31.01,30.93,30.97,19518.00
2026-02-17 13:45:00-05:00,30.98,31,30.95,30.97,7573.00
2026-02-17 13:50:00-05:00,30.98,31.01,30.94,31.005,14043.00
2026-02-17 13:55:00-05:00,31,31.02,30.995,31.01,9312.00
2026-02-17 14:00:00-05:00,31.02,31.05,31.01,31.05,6787.00
2026-02-17 14:05:00-05:00,31.03,31.04,31.02,31.02,3959.00
2026-02-17 14:10:00-05:00,31.02,31.02,30.965,31,12679.00
2026-02-17 14:15:00-05:00,30.97,30.97,30.96,30.97,1281.00
2026-02-17 14:20:00-05:00,30.96,31.03,30.95,31.02,10173.00
2026-02-17 14:25:00-05:00,31.02,31.02,30.94,30.94,11581.00
2026-02-17 14:30:00-05:00,30.95,30.99,30.94,30.97,8955.00
2026-02-17 14:35:00-05:00,30.97,31.01,30.95,31.01,7119.00
2026-02-17 14:40:00-05:00,31.0099,31.04,31.0099,31.03,5356.00
2026-02-17 14:45:00-05:00,31.02,31.03,30.99,31.01,17882.00
2026-02-17 14:50:00-05:00,31.01,31.01,30.96,30.98,14170.00
2026-02-17 14:55:00-05:00,30.99,30.99,30.96,30.97,6998.00
2026-02-17 15:00:00-05:00,30.96,31,30.95,31,11175.00
2026-02-17 15:05:00-05:00,31,31,30.985,30.99,9793.00
2026-02-17 15:10:00-05:00,30.98,30.98,30.9445,30.95,4664.00
2026-02-17 15:15:00-05:00,30.95,30.955,30.92,30.92,6664.00
2026-02-17 15:20:00-05:00,30.92,30.92,30.88,30.89,8601.00
2026-02-17 15:25:00-05:00,30.9,30.9,30.87,30.9,9179.00
2026-02-17 15:30:00-05:00,30.88,30.9,30.85,30.87,18367.00
2026-02-17 15:35:00-05:00,30.865,30.89,30.86,30.875,11683.00
2026-02-17 15:40:00-05:00,30.88,30.935,30.88,30.9,13603.00
2026-02-17 15:45:00-05:00,30.9,30.92,30.87,30.87,15374.00
2026-02-17 15:50:00-05:00,30.86,30.875,30.815,30.875,38655.00
2026-02-17 15:55:00-05:00,30.87,30.92,30.865,30.91,100690.00
2026-02-18 09:30:00-05:00,31.06,31.09,30.91,31,25649.00
2026-02-18 09:35:00-05:00,30.95,31.065,30.95,31.03,18486.00
2026-02-18 09:40:00-05:00,31,31.09,30.9901,31,8917.00
2026-02-18 09:45:00-05:00,30.96,31.0012,30.92,30.92,7468.00
2026-02-18 09:50:00-05:00,30.91,31.05,30.91,31.045,6072.00
2026-02-18 09:55:00-05:00,31.04,31.06,31.02,31.06,6457.00
2026-02-18 10:00:00-05:00,31.04,31.11,31.01,31.11,15935.00
2026-02-18 10:05:00-05:00,31.11,31.13,31.08,31.1,9533.00
2026-02-18 10:10:00-05:00,31.105,31.15,31.07,31.15,10695.00
2026-02-18 10:15:00-05:00,31.15,31.205,31.14,31.14,12138.00
2026-02-18 10:20:00-05:00,31.13,31.15,31.07,31.08,7892.00
2026-02-18 10:25:00-05:00,31.08,31.15,31.06,31.15,12844.00
2026-02-18 10:30:00-05:00,31.15,31.16,31.12,31.125,5315.00
2026-02-18 10:35:00-05:00,31.14,31.205,31.14,31.1999,18957.00
2026-02-18 10:40:00-05:00,31.19,31.22,31.175,31.19,7701.00
2026-02-18 10:45:00-05:00,31.19,31.19,31.14,31.16,6453.00
2026-02-18 10:50:00-05:00,31.14,31.175,31.135,31.175,6693.00
2026-02-18 10:55:00-05:00,31.19,31.2,31.165,31.19,12709.00
2026-02-18 11:00:00-05:00,31.2,31.21,31.14,31.16,14313.00
2026-02-18 11:05:00-05:00,31.18,31.22,31.15,31.19,10038.00
2026-02-18 11:10:00-05:00,31.18,31.18,31.12,31.13,5882.00
2026-02-18 11:15:00-05:00,31.13,31.18,31.13,31.17,10728.00
2026-02-18 11:20:00-05:00,31.15,31.17,31.12,31.12,6276.00
2026-02-18 11:25:00-05:00,31.13,31.16,31.115,31.15,7006.00
2026-02-18 11:30:00-05:00,31.155,31.23,31.14,31.23,4913.00
2026-02-18 11:35:00-05:00,31.2253,31.23,31.2,31.215,5907.00
2026-02-18 11:40:00-05:00,31.22,31.22,31.2,31.22,3461.00
2026-02-18 11:45:00-05:00,31.22,31.225,31.2,31.2099,5975.00
2026-02-18 11:50:00-05:00,31.21,31.22,31.2097,31.21,5969.00
2026-02-18 11:55:00-05:00,31.22,31.28,31.22,31.24,6963.00
2026-02-18 12:00:00-05:00,31.23,31.3,31.23,31.295,5770.00
2026-02-18 12:05:00-05:00,31.2986,31.33,31.2986,31.32,8152.00
2026-02-18 12:10:00-05:00,31.32,31.32,31.27,31.31,5892.00
2026-02-18 12:15:00-05:00,31.31,31.33,31.29,31.33,7656.00
2026-02-18 12:20:00-05:00,31.31,31.325,31.3,31.3,7508.00
2026-02-18 12:25:00-05:00,31.31,31.31,31.25,31.25,6423.00
2026-02-18 12:30:00-05:00,31.25,31.265,31.24,31.25,6707.00
2026-02-18 12:35:00-05:00,31.25,31.315,31.25,31.29,20704.00
2026-02-18 12:40:00-05:00,31.3,31.3,31.27,31.29,2461.00
2026-02-18 12:45:00-05:00,31.275,31.29,31.26,31.26,4198.00
2026-02-18 12:50:00-05:00,31.265,31.28,31.265,31.28,3409.00
2026-02-18 12:55:00-05:00,31.28,31.29,31.2706,31.275,3990.00
2026-02-18 13:00:00-05:00,31.275,31.31,31.275,31.31,4684.00
2026-02-18 13:05:00-05:00,31.305,31.31,31.265,31.265,6584.00
2026-02-18 13:10:00-05:00,31.26,31.33,31.26,31.31,22393.00
2026-02-18 13:15:00-05:00,31.31,31.31,31.26,31.26,19710.00
2026-02-18 13:20:00-05:00,31.26,31.285,31.25,31.28,4399.00
2026-02-18 13:25:00-05:00,31.26,31.26,31.22,31.24,4135.00
2026-02-18 13:30:00-05:00,31.26,31.27,31.24,31.25,4198.00
2026-02-18 13:35:00-05:00,31.28,31.29,31.26,31.26,3362.00
2026-02-18 13:40:00-05:00,31.26,31.26,31.2,31.23,11372.00
2026-02-18 13:45:00-05:00,31.22,31.24,31.18,31.225,15611.00
2026-02-18 13:50:00-05:00,31.22,31.22,31.19,31.22,11215.00
2026-02-18 13:55:00-05:00,31.22,31.245,31.22,31.245,2819.00
2026-02-18 14:00:00-05:00,31.23,31.26,31.22,31.25,7827.00
2026-02-18 14:05:00-05:00,31.26,31.26,31.21,31.22,3081.00
2026-02-18 14:10:00-05:00,31.21,31.23,31.21,31.21,11947.00
2026-02-18 14:15:00-05:00,31.21,31.22,31.18,31.18,11308.00
2026-02-18 14:20:00-05:00,31.16,31.22,31.155,31.2,8539.00
2026-02-18 14:25:00-05:00,31.21,31.225,31.15,31.17,7417.00
2026-02-18 14:30:00-05:00,31.17,31.18,31.12,31.14,6982.00
2026-02-18 14:35:00-05:00,31.13,31.14,31.1,31.13,3861.00
2026-02-18 14:40:00-05:00,31.13,31.13,31.09,31.095,3161.00
2026-02-18 14:45:00-05:00,31.11,31.14,31.11,31.12,3607.00
2026-02-18 14:50:00-05:00,31.12,31.12,31.08,31.08,5703.00
2026-02-18 14:55:00-05:00,31.08,31.08,31.03,31.075,6384.00
2026-02-18 15:00:00-05:00,31.075,31.115,31.075,31.11,4440.00
2026-02-18 15:05:00-05:00,31.113,31.1186,31.08,31.08,8560.00
2026-02-18 15:10:00-05:00,31.084,31.084,31.04,31.06,7983.00
2026-02-18 15:15:00-05:00,31.06,31.075,31.035,31.06,6086.00
2026-02-18 15:20:00-05:00,31.06,31.08,31.045,31.08,4687.00
2026-02-18 15:25:00-05:00,31.07,31.085,31.05,31.05,5962.00
2026-02-18 15:30:00-05:00,31.04,31.12,31.04,31.12,6534.00
2026-02-18 15:35:00-05:00,31.1153,31.15,31.11,31.15,9084.00
2026-02-18 15:40:00-05:00,31.15,31.155,31.14,31.1435,7883.00
2026-02-18 15:45:00-05:00,31.14,31.2,31.13,31.185,13239.00
2026-02-18 15:50:00-05:00,31.18,31.185,31.13,31.14,37119.00
2026-02-18 15:55:00-05:00,31.15,31.1753,31.14,31.15,66773.00
2026-02-19 09:30:00-05:00,30.9,30.9,30.73,30.84,18555.00
2026-02-19 09:35:00-05:00,30.845,30.845,30.73,30.785,6031.00
2026-02-19 09:40:00-05:00,30.74,30.8,30.683,30.8,9235.00
2026-02-19 09:45:00-05:00,30.73,30.78,30.71,30.78,3667.00
2026-02-19 09:50:00-05:00,30.7,30.77,30.67,30.77,5657.00
2026-02-19 09:55:00-05:00,30.78,30.86,30.78,30.82,4667.00
2026-02-19 10:00:00-05:00,30.8,30.89,30.74,30.87,6750.00
2026-02-19 10:05:00-05:00,30.86,30.88,30.825,30.84,6129.00
2026-02-19 10:10:00-05:00,30.86,30.87,30.75,30.75,3906.00
2026-02-19 10:15:00-05:00,30.765,30.805,30.75,30.755,4909.00
2026-02-19 10:20:00-05:00,30.766,30.82,30.7,30.82,12232.00
2026-02-19 10:25:00-05:00,30.82,30.84,30.8,30.82,3124.00
2026-02-19 10:30:00-05:00,30.86,30.9,30.845,30.9,3756.00
2026-02-19 10:35:00-05:00,30.94,30.96,30.93,30.94,5464.00
2026-02-19 10:40:00-05:00,30.88,30.9,30.855,30.855,1990.00
2026-02-19 10:45:00-05:00,30.86,30.92,30.86,30.88,4279.00
2026-02-19 10:50:00-05:00,30.88,30.89,30.82,30.82,5296.00
2026-02-19 10:55:00-05:00,30.85,30.88,30.84,30.84,14290.00
2026-02-19 11:00:00-05:00,30.82,30.83,30.8,30.82,3216.00
2026-02-19 11:05:00-05:00,30.81,30.84,30.77,30.835,6928.00
2026-02-19 11:10:00-05:00,30.83,30.84,30.79,30.81,5914.00
2026-02-19 11:15:00-05:00,30.83,30.9,30.83,30.9,12125.00
2026-02-19 11:20:00-05:00,30.95,30.98,30.93,30.94,4348.00
2026-02-19 11:25:00-05:00,30.93,30.93,30.79,30.79,6560.00
2026-02-19 11:30:00-05:00,30.84,30.91,30.818,30.91,15182.00
2026-02-19 11:35:00-05:00,30.92,30.92,30.87,30.9,4243.00
2026-02-19 11:40:00-05:00,30.9,30.94,30.87,30.88,9488.00
2026-02-19 11:45:00-05:00,30.88,30.9,30.805,30.825,11538.00
2026-02-19 11:50:00-05:00,30.83,30.86,30.79,30.86,6024.00
2026-02-19 11:55:00-05:00,30.86,30.86,30.81,30.85,17705.00
2026-02-19 12:00:00-05:00,30.855,30.855,30.8,30.805,2388.00
2026-02-19 12:05:00-05:00,30.805,30.825,30.775,30.775,3511.00
2026-02-19 12:10:00-05:00,30.775,30.785,30.75,30.77,3292.00
2026-02-19 12:15:00-05:00,30.78,30.805,30.76,30.805,10567.00
2026-02-19 12:20:00-05:00,30.79,30.83,30.78,30.83,13991.00
2026-02-19 12:25:00-05:00,30.82,30.825,30.75,30.77,12772.00
2026-02-19 12:30:00-05:00,30.77,30.79,30.76,30.76,2410.00
2026-02-19 12:35:00-05:00,30.77,30.77,30.71,30.75,8970.00
2026-02-19 12:40:00-05:00,30.755,30.77,30.74,30.76,4556.00
2026-02-19 12:45:00-05:00,30.74,30.75,30.68,30.7,11480.00
2026-02-19 12:50:00-05:00,30.72,30.72,30.63,30.67,4881.00
2026-02-19 12:55:00-05:00,30.66,30.66,30.62,30.62,1523.00
2026-02-19 13:00:00-05:00,30.63,30.63,30.61,30.63,2081.00
2026-02-19 13:05:00-05:00,30.64,30.68,30.64,30.67,4095.00
2026-02-19 13:10:00-05:00,30.68,30.7,30.67,30.69,5264.00
2026-02-19 13:15:00-05:00,30.68,30.68,30.655,30.655,4320.00
2026-02-19 13:20:00-05:00,30.65,30.67,30.62,30.65,6003.00
2026-02-19 13:25:00-05:00,30.655,30.655,30.62,30.64,4139.00
2026-02-19 13:30:00-05:00,30.65,30.655,30.6,30.6,2981.00
2026-02-19 13:35:00-05:00,30.62,30.6201,30.6,30.615,4566.00
2026-02-19 13:40:00-05:00,30.61,30.65,30.605,30.65,3740.00
2026-02-19 13:45:00-05:00,30.645,30.77,30.645,30.77,8744.00
2026-02-19 13:50:00-05:00,30.775,30.78,30.765,30.765,8656.00
2026-02-19 13:55:00-05:00,30.76,30.78,30.735,30.75,7227.00
2026-02-19 14:00:00-05:00,30.755,30.755,30.74,30.75,6024.00
2026-02-19 14:05:00-05:00,30.75,30.76,30.75,30.7541,4890.00
2026-02-19 14:10:00-05:00,30.76,30.76,30.72,30.74,7773.00
2026-02-19 14:15:00-05:00,30.75,30.78,30.74,30.78,7655.00
2026-02-19 14:20:00-05:00,30.78,30.815,30.77,30.815,10281.00
2026-02-19 14:25:00-05:00,30.81,30.81,30.73,30.755,12124.00
2026-02-19 14:30:00-05:00,30.78,30.83,30.78,30.8,5120.00
2026-02-19 14:35:00-05:00,30.81,30.81,30.74,30.74,8743.00
2026-02-19 14:40:00-05:00,30.74,30.81,30.74,30.805,7783.00
2026-02-19 14:45:00-05:00,30.81,30.81,30.755,30.805,31385.00
2026-02-19 14:50:00-05:00,30.825,30.84,30.79,30.805,14442.00
2026-02-19 14:55:00-05:00,30.81,30.885,30.81,30.86,11878.00
2026-02-19 15:00:00-05:00,30.88,30.92,30.88,30.91,29520.00
2026-02-19 15:05:00-05:00,30.9,30.93,30.869,30.91,25678.00
2026-02-19 15:10:00-05:00,30.91,30.92,30.88,30.88,12316.00
2026-02-19 15:15:00-05:00,30.88,30.89,30.86,30.89,13107.00
2026-02-19 15:20:00-05:00,30.88,30.89,30.845,30.845,9970.00
2026-02-19 15:25:00-05:00,30.84,30.84,30.81,30.825,7457.00
2026-02-19 15:30:00-05:00,30.82,30.865,30.815,30.85,19577.00
2026-02-19 15:35:00-05:00,30.845,30.85,30.83,30.84,6886.00
2026-02-19 15:40:00-05:00,30.85,30.855,30.84,30.855,4814.00
2026-02-19 15:45:00-05:00,30.855,30.91,30.855,30.91,17023.00
2026-02-19 15:50:00-05:00,30.91,30.94,30.9,30.91,21979.00
2026-02-19 15:55:00-05:00,30.92,30.98,30.91,30.96,68713.00
2026-02-20 09:30:00-05:00,29.3,29.69,29.26,29.69,72377.00
2026-02-20 09:35:00-05:00,29.69,29.83,29.69,29.8,15471.00
2026-02-20 09:40:00-05:00,29.8,29.97,29.74,29.891,41292.00
2026-02-20 09:45:00-05:00,29.915,29.92,29.78,29.8,47900.00
2026-02-20 09:50:00-05:00,29.825,29.86,29.76,29.77,15559.00
2026-02-20 09:55:00-05:00,29.78,29.8,29.64,29.7,17711.00
2026-02-20 10:00:00-05:00,29.7,30.1,29.69,29.97,48974.00
2026-02-20 10:05:00-05:00,29.99,30.02,29.79,30.015,30077.00
2026-02-20 10:10:00-05:00,30.01,30.07,29.935,29.97,40097.00
2026-02-20 10:15:00-05:00,29.97,30.09,29.8792,30.05,16988.00
2026-02-20 10:20:00-05:00,30.02,30.12,30.02,30.11,14985.00
2026-02-20 10:25:00-05:00,30.11,30.205,30.05,30.05,31356.00
2026-02-20 10:30:00-05:00,30.06,30.08,29.99,30.04,10997.00
2026-02-20 10:35:00-05:00,29.97,30.14,29.96,30.1,15435.00
2026-02-20 10:40:00-05:00,30.09,30.13,30.01,30.12,10338.00
2026-02-20 10:45:00-05:00,30.1398,30.21,30.1193,30.15,18436.00
2026-02-20 10:50:00-05:00,30.13,30.2,30.1,30.2,10684.00
2026-02-20 10:55:00-05:00,30.2,30.21,30.13,30.2,22106.00
2026-02-20 11:00:00-05:00,30.19,30.22,30.165,30.18,14585.00
2026-02-20 11:05:00-05:00,30.175,30.25,30.17,30.225,11621.00
2026-02-20 11:10:00-05:00,30.22,30.255,30.18,30.18,29185.00
2026-02-20 11:15:00-05:00,30.1803,30.1803,30.105,30.145,20054.00
2026-02-20 11:20:00-05:00,30.13,30.14,30.1,30.13,12705.00
2026-02-20 11:25:00-05:00,30.12,30.12,30.07,30.075,18247.00
2026-02-20 11:30:00-05:00,30.045,30.12,30.045,30.1,7525.00
2026-02-20 11:35:00-05:00,30.09,30.14,30.07,30.14,9086.00
2026-02-20 11:40:00-05:00,30.12,30.15,30.105,30.105,6201.00
2026-02-20 11:45:00-05:00,30.12,30.18,30.12,30.16,8341.00
2026-02-20 11:50:00-05:00,30.16,30.17,30.15,30.15,5332.00
2026-02-20 11:55:00-05:00,30.15,30.19,30.13,30.16,15830.00
2026-02-20 12:00:00-05:00,30.18,30.2,30.16,30.19,6995.00
2026-02-20 12:05:00-05:00,30.18,30.21,30.16,30.17,6769.00
2026-02-20 12:10:00-05:00,30.155,30.155,30.085,30.11,8801.00
2026-02-20 12:15:00-05:00,30.08,30.08,30.03,30.05,12825.00
2026-02-20 12:20:00-05:00,30.0501,30.055,30.01,30.01,9061.00
2026-02-20 12:25:00-05:00,30.01,30.06,30.01,30.06,7270.00
2026-02-20 12:30:00-05:00,30.07,30.12,30.07,30.12,7907.00
2026-02-20 12:35:00-05:00,30.1,30.1,30.05,30.1,6041.00
2026-02-20 12:40:00-05:00,30.115,30.12,30.06,30.08,7910.00
2026-02-20 12:45:00-05:00,30.1,30.14,30.1,30.14,8079.00
2026-02-20 12:50:00-05:00,30.145,30.24,30.13,30.22,11892.00
2026-02-20 12:55:00-05:00,30.18,30.24,30.16,30.235,19948.00
2026-02-20 13:00:00-05:00,30.23,30.25,30.22,30.24,6842.00
2026-02-20 13:05:00-05:00,30.24,30.265,30.24,30.255,4587.00
2026-02-20 13:10:00-05:00,30.24,30.26,30.22,30.23,8406.00
2026-02-20 13:15:00-05:00,30.22,30.22,30.18,30.19,5762.00
2026-02-20 13:20:00-05:00,30.185,30.21,30.13,30.2,12048.00
2026-02-20 13:25:00-05:00,30.2,30.21,30.14,30.19,8945.00
2026-02-20 13:30:00-05:00,30.16,30.33,30.135,30.29,15166.00
2026-02-20 13:35:00-05:00,30.29,30.3,30.18,30.26,14650.00
2026-02-20 13:40:00-05:00,30.28,30.3,30.22,30.26,16954.00
2026-02-20 13:45:00-05:00,30.28,30.345,30.27,30.34,25517.00
2026-02-20 13:50:00-05:00,30.33,30.36,30.265,30.36,11576.00
2026-02-20 13:55:00-05:00,30.36,30.47,30.36,30.41,15206.00
2026-02-20 14:00:00-05:00,30.4,30.4,30.325,30.35,9949.00
2026-02-20 14:05:00-05:00,30.34,30.36,30.3,30.35,6840.00
2026-02-20 14:10:00-05:00,30.33,30.33,30.3,30.3,5870.00
2026-02-20 14:15:00-05:00,30.29,30.3,30.27,30.29,6013.00
2026-02-20 14:20:00-05:00,30.28,30.32,30.27,30.315,6855.00
2026-02-20 14:25:00-05:00,30.31,30.31,30.235,30.24,8722.00
2026-02-20 14:30:00-05:00,30.25,30.29,30.2,30.235,11334.00
2026-02-20 14:35:00-05:00,30.24,30.26,30.23,30.25,8774.00
2026-02-20 14:40:00-05:00,30.2502,30.26,30.22,30.23,6035.00
2026-02-20 14:45:00-05:00,30.24,30.24,30.21,30.24,6934.00
2026-02-20 14:50:00-05:00,30.24,30.26,30.22,30.23,7406.00
2026-02-20 14:55:00-05:00,30.23,30.23,30.145,30.17,10434.00
2026-02-20 15:00:00-05:00,30.175,30.225,30.17,30.225,8466.00
2026-02-20 15:05:00-05:00,30.225,30.27,30.22,30.26,6262.00
2026-02-20 15:10:00-05:00,30.26,30.265,30.24,30.255,5272.00
2026-02-20 15:15:00-05:00,30.25,30.26,30.25,30.25,6229.00
2026-02-20 15:20:00-05:00,30.25,30.26,30.22,30.26,7440.00
2026-02-20 15:25:00-05:00,30.26,30.27,30.25,30.27,6948.00
2026-02-20 15:30:00-05:00,30.27,30.295,30.27,30.28,11607.00
2026-02-20 15:35:00-05:00,30.275,30.31,30.2664,30.31,11569.00
2026-02-20 15:40:00-05:00,30.32,30.335,30.3,30.335,11925.00
2026-02-20 15:45:00-05:00,30.335,30.335,30.285,30.3,19047.00
2026-02-20 15:50:00-05:00,30.32,30.33,30.295,30.3,36720.00
2026-02-20 15:55:00-05:00,30.3,30.305,30.27,30.29,152488.00
2026-02-23 09:30:00-05:00,29.85,30.09,29.85,29.96,37994.34
2026-02-23 09:35:00-05:00,29.98,30.165,29.89,30.135,22234.30
2026-02-23 09:40:00-05:00,30.11,30.12,30.02,30.1183,9370.28
2026-02-23 09:45:00-05:00,30.085,30.18,30.08,30.18,11539.05
2026-02-23 09:50:00-05:00,30.235,30.285,30.23,30.27,6517.89
2026-02-23 09:55:00-05:00,30.28,30.29,30.125,30.17,15805.48
2026-02-23 10:00:00-05:00,30.1,30.16,30.07,30.08,15280.95
2026-02-23 10:05:00-05:00,30.08,30.09,30.02,30.04,10795.22
2026-02-23 10:10:00-05:00,30.07,30.18,30.07,30.17,12655.43
2026-02-23 10:15:00-05:00,30.18,30.19,30.13,30.16,11995.09
2026-02-23 10:20:00-05:00,30.17,30.17,30.11,30.14,6159.36
2026-02-23 10:25:00-05:00,30.13,30.15,30.04,30.04,12635.12
2026-02-23 10:30:00-05:00,30.06,30.1,30.03,30.03,5725.61
2026-02-23 10:35:00-05:00,30.02,30.04,30,30,35086.01
2026-02-23 10:40:00-05:00,30,30,29.87,29.87,188447.74
2026-02-23 10:45:00-05:00,29.82,29.88,29.77,29.81,26194.78
2026-02-23 10:50:00-05:00,29.82,29.88,29.79,29.865,8370.22
2026-02-23 10:55:00-05:00,29.87,29.895,29.8,29.8688,7108.33
2026-02-23 11:00:00-05:00,29.87,29.889,29.83,29.83,11115.50
2026-02-23 11:05:00-05:00,29.82,29.88,29.82,29.88,82536.00
2026-02-23 11:10:00-05:00,29.89,29.94,29.87,29.885,20955.36
2026-02-23 11:15:00-05:00,29.88,29.95,29.82,29.94,36191.71
2026-02-23 11:20:00-05:00,29.94,29.945,29.9,29.91,10083.06
2026-02-23 11:25:00-05:00,29.91,29.96,29.905,29.96,6722.83
2026-02-23 11:30:00-05:00,29.95,29.95,29.88,29.9,27992.68
2026-02-23 11:35:00-05:00,29.9,29.9228,29.885,29.91,6448.75
2026-02-23 11:40:00-05:00,29.92,29.96,29.91,29.9349,6972.64
2026-02-23 11:45:00-05:00,29.94,29.94,29.84,29.845,16913.46
2026-02-23 11:50:00-05:00,29.85,29.88,29.825,29.85,10064.67
2026-02-23 11:55:00-05:00,29.84,29.92,29.84,29.89,45136.87
2026-02-23 12:00:00-05:00,29.88,29.905,29.855,29.855,37351.59
2026-02-23 12:05:00-05:00,29.86,29.87,29.79,29.8,49850.79
2026-02-23 12:10:00-05:00,29.79,29.8,29.72,29.78,33187.90
2026-02-23 12:15:00-05:00,29.79,29.83,29.78,29.8,27383.17
2026-02-23 12:20:00-05:00,29.8,29.8,29.73,29.755,15024.04
2026-02-23 12:25:00-05:00,29.75,29.815,29.745,29.8,17548.87
2026-02-23 12:30:00-05:00,29.805,29.805,29.75,29.76,17092.00
2026-02-23 12:35:00-05:00,29.76,29.76,29.73,29.74,32433.00
2026-02-23 12:40:00-05:00,29.73,29.81,29.73,29.78,12060.22
2026-02-23 12:45:00-05:00,29.78,29.79,29.735,29.74,6499.19
2026-02-23 12:50:00-05:00,29.745,29.805,29.745,29.78,13899.02
2026-02-23 12:55:00-05:00,29.78,29.815,29.77,29.79,5653.38
2026-02-23 13:00:00-05:00,29.8,29.815,29.77,29.775,3873.70
2026-02-23 13:05:00-05:00,29.78,29.79,29.78,29.78,3876.18
2026-02-23 13:10:00-05:00,29.75,29.77,29.75,29.77,6829.00
2026-02-23 13:15:00-05:00,29.77,29.79,29.76,29.775,10387.00
2026-02-23 13:20:00-05:00,29.78,29.83,29.78,29.83,5512.00
2026-02-23 13:25:00-05:00,29.82,29.84,29.82,29.84,3639.03
2026-02-23 13:30:00-05:00,29.84,29.85,29.83,29.84,2243.00
2026-02-23 13:35:00-05:00,29.845,29.855,29.83,29.83,4368.17
2026-02-23 13:40:00-05:00,29.82,29.84,29.79,29.8,9585.00
2026-02-23 13:45:00-05:00,29.8,29.81,29.795,29.805,11624.75
2026-02-23 13:50:00-05:00,29.8,29.8,29.715,29.72,11259.28
2026-02-23 13:55:00-05:00,29.71,29.7191,29.64,29.64,11967.14
2026-02-23 14:00:00-05:00,29.65,29.67,29.65,29.67,7999.00
2026-02-23 14:05:00-05:00,29.67,29.69,29.655,29.67,7250.24
2026-02-23 14:10:00-05:00,29.67,29.7,29.65,29.68,8616.22
2026-02-23 14:15:00-05:00,29.7,29.7,29.625,29.64,10279.00
2026-02-23 14:20:00-05:00,29.65,29.66,29.62,29.65,5305.17
2026-02-23 14:25:00-05:00,29.655,29.66,29.635,29.64,7928.22
2026-02-23 14:30:00-05:00,29.64,29.68,29.64,29.67,13490.66
2026-02-23 14:35:00-05:00,29.66,29.66,29.64,29.66,9219.08
2026-02-23 14:40:00-05:00,29.67,29.675,29.65,29.675,17078.00
2026-02-23 14:45:00-05:00,29.68,29.71,29.68,29.71,4870.03
2026-02-23 14:50:00-05:00,29.71,29.73,29.69,29.725,7741.11
2026-02-23 14:55:00-05:00,29.72,29.76,29.68,29.73,10504.17
2026-02-23 15:00:00-05:00,29.73,29.77,29.725,29.74,11104.61
2026-02-23 15:05:00-05:00,29.745,29.75,29.71,29.73,10388.06
2026-02-23 15:10:00-05:00,29.73,29.73,29.69,29.69,6606.06
2026-02-23 15:15:00-05:00,29.7,29.7,29.68,29.69,9147.84
2026-02-23 15:20:00-05:00,29.69,29.69,29.665,29.6709,4929.18
2026-02-23 15:25:00-05:00,29.68,29.685,29.67,29.68,7738.37
2026-02-23 15:30:00-05:00,29.68,29.735,29.68,29.735,7982.62
2026-02-23 15:35:00-05:00,29.73,29.74,29.71,29.71,14273.00
2026-02-23 15:40:00-05:00,29.71,29.73,29.7,29.73,10270.02
2026-02-23 15:45:00-05:00,29.73,29.75,29.725,29.75,17004.23
2026-02-23 15:50:00-05:00,29.75,29.795,29.71,29.79,41033.94
2026-02-23 15:55:00-05:00,29.795,29.835,29.775,29.825,114827.00
2026-02-24 09:30:00-05:00,29.42,29.495,29.035,29.15,120560.09
2026-02-24 09:35:00-05:00,29.13,29.2556,29.01,29.13,141537.58
2026-02-24 09:40:00-05:00,29.125,29.22,29.1,29.21,75921.67
2026-02-24 09:45:00-05:00,29.2,29.275,29.1259,29.13,37077.68
2026-02-24 09:50:00-05:00,29.14,29.23,29.1,29.11,30960.69
2026-02-24 09:55:00-05:00,29.1,29.135,29.04,29.1,25753.48
2026-02-24 10:00:00-05:00,29.105,29.15,29.08,29.08,42542.51
2026-02-24 10:05:00-05:00,29.09,29.11,29.05,29.09,28899.07
2026-02-24 10:10:00-05:00,29.1,29.1495,29.09,29.13,20251.65
2026-02-24 10:15:00-05:00,29.12,29.12,29.0603,29.1,18731.10
2026-02-24 10:20:00-05:00,29.09,29.13,29.06,29.1,16039.69
2026-02-24 10:25:00-05:00,29.1,29.16,29.1,29.15,17248.31
2026-02-24 10:30:00-05:00,29.14,29.19,29.14,29.1527,20275.68
2026-02-24 10:35:00-05:00,29.16,29.31,29.13,29.3,95160.85
2026-02-24 10:40:00-05:00,29.29,29.32,29.2,29.25,175034.00
2026-02-24 10:45:00-05:00,29.25,29.345,29.235,29.32,45263.55
2026-02-24 10:50:00-05:00,29.31,29.385,29.3,29.365,27989.74
2026-02-24 10:55:00-05:00,29.36,29.405,29.34,29.36,27945.38
2026-02-24 11:00:00-05:00,29.36,29.46,29.33,29.46,36519.98
2026-02-24 11:05:00-05:00,29.46,29.48,29.415,29.435,32127.91
2026-02-24 11:10:00-05:00,29.445,29.495,29.445,29.48,38670.69
2026-02-24 11:15:00-05:00,29.48,29.485,29.44,29.465,17584.00
2026-02-24 11:20:00-05:00,29.46,29.48,29.45,29.45,15771.01
2026-02-24 11:25:00-05:00,29.45,29.485,29.45,29.47,14871.22
2026-02-24 11:30:00-05:00,29.46,29.46,29.415,29.415,12361.61
2026-02-24 11:35:00-05:00,29.415,29.475,29.415,29.47,13550.60
2026-02-24 11:40:00-05:00,29.4694,29.49,29.4584,29.49,13180.28
2026-02-24 11:45:00-05:00,29.5,29.55,29.48,29.53,19634.96
2026-02-24 11:50:00-05:00,29.53,29.59,29.53,29.58,13650.00
2026-02-24 11:55:00-05:00,29.585,29.59,29.5568,29.575,7226.65
2026-02-24 12:00:00-05:00,29.57,29.57,29.515,29.525,31141.19
2026-02-24 12:05:00-05:00,29.52,29.535,29.47,29.515,30993.38
2026-02-24 12:10:00-05:00,29.525,29.545,29.515,29.54,10557.70
2026-02-24 12:15:00-05:00,29.545,29.57,29.53,29.54,15019.52
2026-02-24 12:20:00-05:00,29.535,29.54,29.53,29.54,7172.31
2026-02-24 12:25:00-05:00,29.53,29.58,29.525,29.56,33369.03
2026-02-24 12:30:00-05:00,29.57,29.59,29.545,29.58,57916.00
2026-02-24 12:35:00-05:00,29.58,29.595,29.57,29.595,10734.00
2026-02-24 12:40:00-05:00,29.6,29.64,29.59,29.59,11909.02
2026-02-24 12:45:00-05:00,29.585,29.61,29.5503,29.59,16028.10
2026-02-24 12:50:00-05:00,29.595,29.62,29.585,29.595,12447.00
2026-02-24 12:55:00-05:00,29.6,29.6,29.54,29.55,11286.15
2026-02-24 13:00:00-05:00,29.55,29.57,29.52,29.56,9918.49
2026-02-24 13:05:00-05:00,29.56,29.58,29.535,29.535,22812.33
2026-02-24 13:10:00-05:00,29.53,29.58,29.52,29.555,44091.53
2026-02-24 13:15:00-05:00,29.555,29.555,29.51,29.54,21004.04
2026-02-24 13:20:00-05:00,29.54,29.555,29.44,29.44,14296.00
2026-02-24 13:25:00-05:00,29.44,29.45,29.42,29.44,9217.49
2026-02-24 13:30:00-05:00,29.44,29.49,29.435,29.48,10065.68
2026-02-24 13:35:00-05:00,29.485,29.55,29.485,29.5,21025.34
2026-02-24 13:40:00-05:00,29.495,29.52,29.48,29.4899,9250.01
2026-02-24 13:45:00-05:00,29.49,29.5,29.47,29.49,12963.30
2026-02-24 13:50:00-05:00,29.485,29.49,29.47,29.48,6584.00
2026-02-24 13:55:00-05:00,29.47,29.48,29.43,29.44,11413.00
2026-02-24 14:00:00-05:00,29.445,29.51,29.445,29.5,13012.80
2026-02-24 14:05:00-05:00,29.51,29.51,29.485,29.49,8564.01
2026-02-24 14:10:00-05:00,29.48,29.48,29.42,29.44,10384.62
2026-02-24 14:15:00-05:00,29.43,29.43,29.4,29.41,7189.06
2026-02-24 14:20:00-05:00,29.415,29.415,29.39,29.41,7053.14
2026-02-24 14:25:00-05:00,29.41,29.44,29.4,29.4,11100.00
2026-02-24 14:30:00-05:00,29.41,29.4704,29.41,29.4704,9575.00
2026-02-24 14:35:00-05:00,29.48,29.485,29.45,29.485,9866.00
2026-02-24 14:40:00-05:00,29.49,29.52,29.485,29.52,10860.63
2026-02-24 14:45:00-05:00,29.52,29.555,29.5,29.555,8108.16
2026-02-24 14:50:00-05:00,29.56,29.575,29.56,29.56,6633.00
2026-02-24 14:55:00-05:00,29.56,29.5984,29.55,29.57,10874.42
2026-02-24 15:00:00-05:00,29.57,29.62,29.57,29.585,17549.00
2026-02-24 15:05:00-05:00,29.59,29.59,29.54,29.56,12961.95
2026-02-24 15:10:00-05:00,29.57,29.59,29.55,29.59,20259.98
2026-02-24 15:15:00-05:00,29.585,29.585,29.565,29.57,9101.93
2026-02-24 15:20:00-05:00,29.58,29.63,29.58,29.62,21189.57
2026-02-24 15:25:00-05:00,29.615,29.615,29.59,29.59,7273.46
2026-02-24 15:30:00-05:00,29.585,29.6569,29.585,29.6569,10296.56
2026-02-24 15:35:00-05:00,29.65,29.685,29.65,29.68,16821.07
2026-02-24 15:40:00-05:00,29.675,29.701,29.665,29.69,13161.04
2026-02-24 15:45:00-05:00,29.7,29.71,29.685,29.69,23916.11
2026-02-24 15:50:00-05:00,29.69,29.73,29.68,29.695,42222.50
2026-02-24 15:55:00-05:00,29.695,29.71,29.66,29.69,142181.58
2026-02-25 09:30:00-05:00,29.32,29.57,29.3,29.43,45542.60
2026-02-25 09:35:00-05:00,29.43,29.505,29.4,29.4305,14057.64
2026-02-25 09:40:00-05:00,29.42,29.45,29.29,29.43,49595.90
2026-02-25 09:45:00-05:00,29.42,29.48,29.4,29.405,11047.30
2026-02-25 09:50:00-05:00,29.405,29.41,29.36,29.38,25026.15
2026-02-25 09:55:00-05:00,29.37,29.38,29.29,29.32,11430.37
2026-02-25 10:00:00-05:00,29.32,29.35,29.2856,29.32,16133.53
2026-02-25 10:05:00-05:00,29.32,29.32,29.165,29.165,31137.97
2026-02-25 10:10:00-05:00,29.165,29.22,29.165,29.2186,9375.16
2026-02-25 10:15:00-05:00,29.22,29.26,29.205,29.225,11596.84
2026-02-25 10:20:00-05:00,29.225,29.225,29.14,29.14,10513.81
2026-02-25 10:25:00-05:00,29.14,29.14,29.11,29.13,7393.29
2026-02-25 10:30:00-05:00,29.12,29.135,29.06,29.06,31593.89
2026-02-25 10:35:00-05:00,29.065,29.09,29.045,29.045,10036.51
2026-02-25 10:40:00-05:00,29.05,29.1,29.03,29.08,26446.09
2026-02-25 10:45:00-05:00,29.09,29.09,29.06,29.08,8606.01
2026-02-25 10:50:00-05:00,29.075,29.1,29.07,29.08,12498.42
2026-02-25 10:55:00-05:00,29.06,29.11,29.05,29.1,11178.88
2026-02-25 11:00:00-05:00,29.11,29.125,29.08,29.085,6247.92
2026-02-25 11:05:00-05:00,29.08,29.0892,29.04,29.05,8075.11
2026-02-25 11:10:00-05:00,29.0467,29.1,29.0467,29.0881,13089.00
2026-02-25 11:15:00-05:00,29.095,29.13,29.09,29.095,11431.00
2026-02-25 11:20:00-05:00,29.09,29.145,29.09,29.145,7014.92
2026-02-25 11:25:00-05:00,29.14,29.17,29.13,29.17,4769.00
2026-02-25 11:30:00-05:00,29.18,29.22,29.16,29.16,6954.48
2026-02-25 11:35:00-05:00,29.18,29.195,29.17,29.17,3560.29
2026-02-25 11:40:00-05:00,29.17,29.24,29.17,29.24,26835.26
2026-02-25 11:45:00-05:00,29.25,29.295,29.25,29.265,12815.00
2026-02-25 11:50:00-05:00,29.25,29.28,29.25,29.265,7897.74
2026-02-25 11:55:00-05:00,29.265,29.275,29.26,29.27,5990.36
2026-02-25 12:00:00-05:00,29.27,29.29,29.26,29.29,2574.00
2026-02-25 12:05:00-05:00,29.28,29.32,29.28,29.31,7629.44
2026-02-25 12:10:00-05:00,29.32,29.325,29.32,29.325,2816.67
2026-02-25 12:15:00-05:00,29.325,29.34,29.31,29.32,4470.26
2026-02-25 12:20:00-05:00,29.32,29.32,29.2869,29.29,2586.66
2026-02-25 12:25:00-05:00,29.28,29.29,29.27,29.27,6713.77
2026-02-25 12:30:00-05:00,29.26,29.29,29.255,29.255,5341.79
2026-02-25 12:35:00-05:00,29.255,29.26,29.24,29.26,9871.00
2026-02-25 12:40:00-05:00,29.27,29.31,29.27,29.3,6481.70
2026-02-25 12:45:00-05:00,29.3,29.3,29.29,29.29,3652.94
2026-02-25 12:50:00-05:00,29.31,29.32,29.3,29.3,3019.10
2026-02-25 12:55:00-05:00,29.3,29.325,29.29,29.32,5678.52
2026-02-25 13:00:00-05:00,29.325,29.35,29.31,29.32,9103.02
2026-02-25 13:05:00-05:00,29.335,29.335,29.315,29.3253,1943.00
2026-02-25 13:10:00-05:00,29.34,29.36,29.34,29.35,4068.00
2026-02-25 13:15:00-05:00,29.36,29.375,29.36,29.365,3585.13
2026-02-25 13:20:00-05:00,29.36,29.36,29.32,29.3235,19995.75
2026-02-25 13:25:00-05:00,29.325,29.345,29.32,29.33,6828.42
2026-02-25 13:30:00-05:00,29.34,29.35,29.325,29.33,5159.43
2026-02-25 13:35:00-05:00,29.335,29.335,29.305,29.31,3992.72
2026-02-25 13:40:00-05:00,29.31,29.32,29.3,29.32,5166.12
2026-02-25 13:45:00-05:00,29.33,29.335,29.32,29.32,5498.01
2026-02-25 13:50:00-05:00,29.33,29.355,29.33,29.345,14360.55
2026-02-25 13:55:00-05:00,29.345,29.349,29.32,29.3335,3363.62
2026-02-25 14:00:00-05:00,29.335,29.335,29.32,29.33,7806.03
2026-02-25 14:05:00-05:00,29.33,29.335,29.32,29.325,3482.42
2026-02-25 14:10:00-05:00,29.32,29.33,29.32,29.32,3462.00
2026-02-25 14:15:00-05:00,29.32,29.32,29.3,29.32,4947.23
2026-02-25 14:20:00-05:00,29.33,29.33,29.31,29.32,2959.64
2026-02-25 14:25:00-05:00,29.31,29.32,29.29,29.3,6790.05
2026-02-25 14:30:00-05:00,29.31,29.335,29.31,29.335,3840.30
2026-02-25 14:35:00-05:00,29.34,29.35,29.3301,29.3301,4608.55
2026-02-25 14:40:00-05:00,29.33,29.35,29.32,29.35,5354.34
2026-02-25 14:45:00-05:00,29.34,29.35,29.33,29.35,4187.02
2026-02-25 14:50:00-05:00,29.36,29.375,29.345,29.36,4681.99
2026-02-25 14:55:00-05:00,29.365,29.38,29.35,29.3535,4257.66
2026-02-25 15:00:00-05:00,29.355,29.36,29.34,29.34,4326.44
2026-02-25 15:05:00-05:00,29.34,29.3401,29.33,29.3401,3448.96
2026-02-25 15:10:00-05:00,29.34,29.36,29.34,29.36,5879.80
2026-02-25 15:15:00-05:00,29.36,29.36,29.3212,29.3212,2868.00
2026-02-25 15:20:00-05:00,29.335,29.35,29.335,29.34,5158.72
2026-02-25 15:25:00-05:00,29.33,29.33,29.31,29.32,8080.07
2026-02-25 15:30:00-05:00,29.3,29.35,29.3,29.35,12524.09
2026-02-25 15:35:00-05:00,29.36,29.36,29.34,29.36,6101.07
2026-02-25 15:40:00-05:00,29.36,29.3793,29.345,29.355,11832.65
2026-02-25 15:45:00-05:00,29.355,29.375,29.345,29.345,14426.09
2026-02-25 15:50:00-05:00,29.36,29.42,29.36,29.42,30015.02
2026-02-25 15:55:00-05:00,29.41,29.47,29.4,29.405,126792.98
2026-02-26 09:30:00-05:00,28,28.33,27.78,28.31,218135.00
2026-02-26 09:35:00-05:00,28.34,28.47,28.32,28.445,53838.02
2026-02-26 09:40:00-05:00,28.44,28.44,28.27,28.4,33084.38
2026-02-26 09:45:00-05:00,28.37,28.42,28.33,28.37,36668.88
2026-02-26 09:50:00-05:00,28.36,28.4,28.27,28.33,61830.89
2026-02-26 09:55:00-05:00,28.315,28.34,28.26,28.34,47757.34
2026-02-26 10:00:00-05:00,28.32,28.37,28.2896,28.335,27267.04
2026-02-26 10:05:00-05:00,28.3,28.35,28.27,28.325,41131.04
2026-02-26 10:10:00-05:00,28.335,28.335,28.225,28.23,58037.61
2026-02-26 10:15:00-05:00,28.235,28.239,28.05,28.08,50004.12
2026-02-26 10:20:00-05:00,28.08,28.12,27.985,28.05,63383.39
2026-02-26 10:25:00-05:00,28.06,28.125,28.02,28.08,105375.46
2026-02-26 10:30:00-05:00,28.07,28.1,27.98,27.98,39184.34
2026-02-26 10:35:00-05:00,27.99,28.155,27.99,28.155,16885.36
2026-02-26 10:40:00-05:00,28.15,28.245,28.15,28.245,22429.64
2026-02-26 10:45:00-05:00,28.24,28.37,28.24,28.355,24953.97
2026-02-26 10:50:00-05:00,28.35,28.43,28.34,28.42,10281.40
2026-02-26 10:55:00-05:00,28.405,28.42,28.35,28.38,16877.74
2026-02-26 11:00:00-05:00,28.375,28.39,28.32,28.37,13871.21
2026-02-26 11:05:00-05:00,28.38,28.4,28.3,28.315,13089.00
2026-02-26 11:10:00-05:00,28.32,28.355,28.25,28.295,13064.89
2026-02-26 11:15:00-05:00,28.3,28.36,28.3,28.34,14308.00
2026-02-26 11:20:00-05:00,28.33,28.37,28.32,28.36,10238.92
2026-02-26 11:25:00-05:00,28.37,28.375,28.27,28.27,13559.00
2026-02-26 11:30:00-05:00,28.27,28.33,28.27,28.31,17467.10
2026-02-26 11:35:00-05:00,28.3178,28.32,28.235,28.268,17625.07
2026-02-26 11:40:00-05:00,28.265,28.32,28.25,28.28,10984.17
2026-02-26 11:45:00-05:00,28.27,28.33,28.25,28.33,9055.00
2026-02-26 11:50:00-05:00,28.335,28.335,28.22,28.22,17830.84
2026-02-26 11:55:00-05:00,28.225,28.225,28.19,28.215,14120.85
2026-02-26 12:00:00-05:00,28.21,28.285,28.2,28.27,12231.66
2026-02-26 12:05:00-05:00,28.28,28.285,28.25,28.26,12741.35
2026-02-26 12:10:00-05:00,28.26,28.26,28.19,28.195,19013.00
2026-02-26 12:15:00-05:00,28.19,28.205,28.15,28.205,23832.40
2026-02-26 12:20:00-05:00,28.205,28.205,28.16,28.175,9862.33
2026-02-26 12:25:00-05:00,28.17,28.18,28.165,28.17,9472.99
2026-02-26 12:30:00-05:00,28.17,28.225,28.16,28.225,10140.93
2026-02-26 12:35:00-05:00,28.22,28.22,28.15,28.15,17966.07
2026-02-26 12:40:00-05:00,28.16,28.1691,28.14,28.14,15399.36
2026-02-26 12:45:00-05:00,28.135,28.2,28.13,28.15,28678.00
2026-02-26 12:50:00-05:00,28.16,28.17,28.0901,28.125,26643.78
2026-02-26 12:55:00-05:00,28.1,28.1,28.03,28.06,7659.61
2026-02-26 13:00:00-05:00,28.05,28.05,28,28.03,20169.52
2026-02-26 13:05:00-05:00,28.03,28.0311,27.99,28.03,15351.00
2026-02-26 13:10:00-05:00,28.07,28.09,28.065,28.071,4586.85
2026-02-26 13:15:00-05:00,28.07,28.1,28.06,28.1,7255.96
2026-02-26 13:20:00-05:00,28.09,28.16,28.09,28.16,12733.29
2026-02-26 13:25:00-05:00,28.1624,28.18,28.12,28.12,9267.00
2026-02-26 13:30:00-05:00,28.095,28.14,28.09,28.14,5173.00
2026-02-26 13:35:00-05:00,28.17,28.25,28.17,28.25,8160.11
2026-02-26 13:40:00-05:00,28.255,28.27,28.24,28.24,1859.00
2026-02-26 13:45:00-05:00,28.255,28.26,28.18,28.2,7363.80
2026-02-26 13:50:00-05:00,28.2073,28.225,28.18,28.21,7123.10
2026-02-26 13:55:00-05:00,28.19,28.2,28.16,28.175,9193.00
2026-02-26 14:00:00-05:00,28.17,28.21,28.16,28.21,9388.00
2026-02-26 14:05:00-05:00,28.205,28.22,28.205,28.22,1437.00
2026-02-26 14:10:00-05:00,28.21,28.295,28.21,28.29,12788.56
2026-02-26 14:15:00-05:00,28.3,28.33,28.2995,28.31,5695.71
2026-02-26 14:20:00-05:00,28.29,28.31,28.28,28.305,5125.90
2026-02-26 14:25:00-05:00,28.29,28.29,28.2,28.2,9255.63
2026-02-26 14:30:00-05:00,28.2,28.245,28.19,28.225,5533.73
2026-02-26 14:35:00-05:00,28.31,28.33,28.295,28.3,5607.00
2026-02-26 14:40:00-05:00,28.29,28.3,28.28,28.3,10395.95
2026-02-26 14:45:00-05:00,28.3,28.33,28.28,28.32,8960.39
2026-02-26 14:50:00-05:00,28.32,28.35,28.32,28.33,7451.55
2026-02-26 14:55:00-05:00,28.35,28.35,28.28,28.28,7514.41
2026-02-26 15:00:00-05:00,28.3,28.36,28.3,28.36,7946.00
2026-02-26 15:05:00-05:00,28.3618,28.3618,28.29,28.29,8065.23
2026-02-26 15:10:00-05:00,28.285,28.29,28.27,28.29,7925.00
2026-02-26 15:15:00-05:00,28.27,28.315,28.27,28.315,6241.16
2026-02-26 15:20:00-05:00,28.32,28.33,28.29,28.305,9888.00
2026-02-26 15:25:00-05:00,28.31,28.315,28.29,28.3,12996.00
2026-02-26 15:30:00-05:00,28.29,28.34,28.29,28.34,25978.87
2026-02-26 15:35:00-05:00,28.34,28.34,28.3,28.33,11059.00
2026-02-26 15:40:00-05:00,28.325,28.365,28.325,28.3517,18669.53
2026-02-26 15:45:00-05:00,28.35,28.42,28.33,28.395,74148.00
2026-02-26 15:50:00-05:00,28.39,28.4565,28.36,28.455,92600.00
2026-02-26 15:55:00-05:00,28.455,28.495,28.44,28.47,123278.55
2026-02-27 09:30:00-05:00,28.005,28.36,28,28.31,77742.71
2026-02-27 09:35:00-05:00,28.3,28.375,28.28,28.3105,14930.51
2026-02-27 09:40:00-05:00,28.32,28.32,28.2144,28.29,16174.47
2026-02-27 09:45:00-05:00,28.31,28.36,28.245,28.265,13266.98
2026-02-27 09:50:00-05:00,28.305,28.35,28.25,28.25,18191.77
2026-02-27 09:55:00-05:00,28.27,28.27,28.18,28.18,16337.20
2026-02-27 10:00:00-05:00,28.175,28.22,28.02,28.05,25879.25
2026-02-27 10:05:00-05:00,28.04,28.14,28.04,28.105,27348.49
2026-02-27 10:10:00-05:00,28.09,28.2,28.09,28.14,21251.15
2026-02-27 10:15:00-05:00,28.16,28.17,28.11,28.12,21817.86
2026-02-27 10:20:00-05:00,28.11,28.2,28.09,28.19,20922.85
2026-02-27 10:25:00-05:00,28.17,28.19,28.14,28.18,17141.37
2026-02-27 10:30:00-05:00,28.18,28.205,28.17,28.2,15962.00
2026-02-27 10:35:00-05:00,28.2,28.26,28.18,28.22,13871.55
2026-02-27 10:40:00-05:00,28.22,28.2374,28.16,28.19,17766.87
2026-02-27 10:45:00-05:00,28.18,28.215,28.16,28.18,15947.34
2026-02-27 10:50:00-05:00,28.18,28.18,28.11,28.145,37686.00
2026-02-27 10:55:00-05:00,28.16,28.2,28.16,28.1775,9947.00
2026-02-27 11:00:00-05:00,28.17,28.2,28.17,28.195,6621.79
2026-02-27 11:05:00-05:00,28.18,28.18,28.09,28.105,9186.00
2026-02-27 11:10:00-05:00,28.12,28.13,28.09,28.12,15247.00
2026-02-27 11:15:00-05:00,28.13,28.17,28.12,28.12,5848.00
2026-02-27 11:20:00-05:00,28.12,28.15,28.12,28.12,9763.07
2026-02-27 11:25:00-05:00,28.13,28.14,28.09,28.105,10126.31
2026-02-27 11:30:00-05:00,28.11,28.133,28.105,28.13,5425.62
2026-02-27 11:35:00-05:00,28.13,28.13,28.08,28.1,7299.48
2026-02-27 11:40:00-05:00,28.08,28.085,28.05,28.05,8033.33
2026-02-27 11:45:00-05:00,28.04,28.08,28.03,28.045,31028.00
2026-02-27 11:50:00-05:00,28.06,28.115,28.05,28.1,14714.31
2026-02-27 11:55:00-05:00,28.11,28.125,28.1,28.1,9335.47
2026-02-27 12:00:00-05:00,28.105,28.12,28.1,28.105,13713.00
2026-02-27 12:05:00-05:00,28.09,28.15,28.09,28.15,8008.33
2026-02-27 12:10:00-05:00,28.14,28.14,28.05,28.065,15247.00
2026-02-27 12:15:00-05:00,28.04,28.055,28.01,28.05,26219.83
2026-02-27 12:20:00-05:00,28.06,28.08,28.02,28.08,10886.11
2026-02-27 12:25:00-05:00,28.075,28.09,28.07,28.08,5157.94
2026-02-27 12:30:00-05:00,28.09,28.105,28.07,28.1,6019.00
2026-02-27 12:35:00-05:00,28.11,28.13,28.1,28.1,5593.99
2026-02-27 12:40:00-05:00,28.07,28.08,28.03,28.06,5226.03
2026-02-27 12:45:00-05:00,28.065,28.08,28.05,28.06,8791.00
2026-02-27 12:50:00-05:00,28.0641,28.07,28.05,28.07,3975.13
2026-02-27 12:55:00-05:00,28.07,28.07,28.05,28.06,4420.58
2026-02-27 13:00:00-05:00,28.05,28.05,28.03,28.03,6021.00
2026-02-27 13:05:00-05:00,28.025,28.045,28,28.02,8635.29
2026-02-27 13:10:00-05:00,28.01,28.03,27.92,27.94,20209.35
2026-02-27 13:15:00-05:00,27.93,27.93,27.91,27.92,5562.00
2026-02-27 13:20:00-05:00,27.93,27.93,27.89,27.91,6199.49
2026-02-27 13:25:00-05:00,27.91,27.915,27.88,27.91,8526.47
2026-02-27 13:30:00-05:00,27.94,27.94,27.89,27.91,5633.78
2026-02-27 13:35:00-05:00,27.9,27.92,27.89,27.92,10045.00
2026-02-27 13:40:00-05:00,27.93,27.94,27.91,27.92,8682.02
2026-02-27 13:45:00-05:00,27.91,27.91,27.88,27.885,9852.16
2026-02-27 13:50:00-05:00,27.89,27.91,27.85,27.9052,7904.35
2026-02-27 13:55:00-05:00,27.89,27.905,27.86,27.88,8304.00
2026-02-27 14:00:00-05:00,27.895,27.93,27.895,27.91,8749.31
2026-02-27 14:05:00-05:00,27.93,27.96,27.89,27.89,10513.24
2026-02-27 14:10:00-05:00,27.9,27.94,27.9,27.925,14870.83
2026-02-27 14:15:00-05:00,27.93,27.95,27.92,27.94,8179.35
2026-02-27 14:20:00-05:00,27.94,27.94,27.9,27.9,12361.00
2026-02-27 14:25:00-05:00,27.91,27.95,27.9,27.9,9314.36
2026-02-27 14:30:00-05:00,27.88,27.94,27.88,27.94,8372.40
2026-02-27 14:35:00-05:00,27.935,27.955,27.93,27.945,10059.00
2026-02-27 14:40:00-05:00,27.94,27.94,27.88,27.89,8351.24
2026-02-27 14:45:00-05:00,27.9,27.91,27.88,27.88,8362.12
2026-02-27 14:50:00-05:00,27.89,27.9,27.87,27.9,4883.00
2026-02-27 14:55:00-05:00,27.905,27.94,27.905,27.915,14342.93
2026-02-27 15:00:00-05:00,27.93,27.97,27.93,27.94,10233.77
2026-02-27 15:05:00-05:00,27.935,27.95,27.915,27.94,7059.61
2026-02-27 15:10:00-05:00,27.945,27.98,27.945,27.98,5906.59
2026-02-27 15:15:00-05:00,27.98,28,27.98,27.99,13406.07
2026-02-27 15:20:00-05:00,27.98,27.995,27.96,27.98,13162.54
2026-02-27 15:25:00-05:00,27.975,27.985,27.955,27.955,24326.00
2026-02-27 15:30:00-05:00,27.96,27.98,27.94,27.94,17131.62
2026-02-27 15:35:00-05:00,27.945,27.955,27.935,27.945,13220.32
2026-02-27 15:40:00-05:00,27.94,27.955,27.92,27.92,36826.22
2026-02-27 15:45:00-05:00,27.915,27.92,27.89,27.9,22920.00
2026-02-27 15:50:00-05:00,27.91,27.94,27.87,27.875,65359.93
2026-02-27 15:55:00-05:00,27.88,27.905,27.88,27.88,123445.01
2026-03-02 09:30:00-05:00,26.92,27.03,26.8001,27.03,86155.69
2026-03-02 09:35:00-05:00,27.04,27.13,27.02,27.03,59418.36
2026-03-02 09:40:00-05:00,27,27.13,26.99,27.08,23702.85
2026-03-02 09:45:00-05:00,27.05,27.1583,27.05,27.11,15335.91
2026-03-02 09:50:00-05:00,27.09,27.1,27.01,27.02,37540.11
2026-03-02 09:55:00-05:00,27,27.01,26.97,26.99,26769.92
2026-03-02 10:00:00-05:00,26.99,27.07,26.95,27.05,11564.89
2026-03-02 10:05:00-05:00,27.06,27.17,27.04,27.1,18539.55
2026-03-02 10:10:00-05:00,27.115,27.1571,27.11,27.15,6658.19
2026-03-02 10:15:00-05:00,27.16,27.16,27.07,27.07,8736.41
2026-03-02 10:20:00-05:00,27.066,27.07,27.01,27.025,9021.38
2026-03-02 10:25:00-05:00,27.03,27.04,26.9375,26.96,20037.18
2026-03-02 10:30:00-05:00,26.97,27.01,26.93,26.99,12991.37
2026-03-02 10:35:00-05:00,26.97,26.995,26.94,26.995,17232.99
2026-03-02 10:40:00-05:00,27,27.04,26.995,27.035,11711.92
2026-03-02 10:45:00-05:00,27.02,27.08,27.01,27.08,26612.03
2026-03-02 10:50:00-05:00,27.082,27.1,27,27,14236.37
2026-03-02 10:55:00-05:00,27.01,27.01,26.975,26.975,8077.51
2026-03-02 11:00:00-05:00,26.9742,26.98,26.929,26.98,12335.05
2026-03-02 11:05:00-05:00,26.98,27.09,26.97,27.09,22273.83
2026-03-02 11:10:00-05:00,27.08,27.12,27.0691,27.12,15250.88
2026-03-02 11:15:00-05:00,27.125,27.25,27.12,27.17,20408.26
2026-03-02 11:20:00-05:00,27.17,27.195,27.17,27.17,10175.38
2026-03-02 11:25:00-05:00,27.16,27.16,27.07,27.0825,7169.44
2026-03-02 11:30:00-05:00,27.08,27.09,27.03,27.09,27904.04
2026-03-02 11:35:00-05:00,27.1,27.18,27.09,27.175,8574.19
2026-03-02 11:40:00-05:00,27.185,27.215,27.16,27.21,12064.83
2026-03-02 11:45:00-05:00,27.21,27.26,27.2,27.205,26763.65
2026-03-02 11:50:00-05:00,27.2,27.23,27.17,27.2,21301.59
2026-03-02 11:55:00-05:00,27.2,27.225,27.19,27.225,11964.37
2026-03-02 12:00:00-05:00,27.22,27.24,27.215,27.22,27958.70
2026-03-02 12:05:00-05:00,27.24,27.25,27.2,27.245,9224.00
2026-03-02 12:10:00-05:00,27.25,27.28,27.225,27.28,24433.81
2026-03-02 12:15:00-05:00,27.2789,27.29,27.25,27.27,9875.37
2026-03-02 12:20:00-05:00,27.26,27.275,27.24,27.25,7728.81
2026-03-02 12:25:00-05:00,27.245,27.245,27.1962,27.1962,15885.87
2026-03-02 12:30:00-05:00,27.19,27.25,27.19,27.23,6809.40
2026-03-02 12:35:00-05:00,27.21,27.22,27.1752,27.19,6907.68
2026-03-02 12:40:00-05:00,27.19,27.21,27.165,27.19,10496.27
2026-03-02 12:45:00-05:00,27.195,27.21,27.19,27.21,6290.17
2026-03-02 12:50:00-05:00,27.22,27.225,27.1925,27.2,6956.99
2026-03-02 12:55:00-05:00,27.21,27.23,27.17,27.23,7072.07
2026-03-02 13:00:00-05:00,27.22,27.2207,27.2,27.21,5885.00
2026-03-02 13:05:00-05:00,27.2028,27.22,27.2,27.2,4980.58
2026-03-02 13:10:00-05:00,27.2091,27.21,27.19,27.2,6172.82
2026-03-02 13:15:00-05:00,27.2,27.2,27.18,27.19,7808.97
2026-03-02 13:20:00-05:00,27.18,27.22,27.18,27.22,9791.43
2026-03-02 13:25:00-05:00,27.22,27.265,27.22,27.24,5771.78
2026-03-02 13:30:00-05:00,27.23,27.27,27.23,27.25,14274.14
2026-03-02 13:35:00-05:00,27.25,27.29,27.23,27.285,9691.16
2026-03-02 13:40:00-05:00,27.28,27.31,27.27,27.31,9464.55
2026-03-02 13:45:00-05:00,27.31,27.335,27.28,27.29,11723.90
2026-03-02 13:50:00-05:00,27.295,27.32,27.29,27.3148,4664.00
2026-03-02 13:55:00-05:00,27.3,27.305,27.25,27.26,8240.56
2026-03-02 14:00:00-05:00,27.26,27.29,27.26,27.29,10986.11
2026-03-02 14:05:00-05:00,27.312,27.34,27.312,27.34,7434.82
2026-03-02 14:10:00-05:00,27.37,27.38,27.36,27.36,6247.10
2026-03-02 14:15:00-05:00,27.38,27.4,27.38,27.395,3838.07
2026-03-02 14:20:00-05:00,27.4,27.41,27.37,27.3818,5640.37
2026-03-02 14:25:00-05:00,27.37,27.42,27.365,27.42,7237.55
2026-03-02 14:30:00-05:00,27.42,27.42,27.4,27.41,5304.66
2026-03-02 14:35:00-05:00,27.41,27.41,27.37,27.38,16582.03
2026-03-02 14:40:00-05:00,27.369,27.37,27.31,27.32,17839.51
2026-03-02 14:45:00-05:00,27.325,27.345,27.32,27.33,6316.54
2026-03-02 14:50:00-05:00,27.33,27.33,27.29,27.3,25673.52
2026-03-02 14:55:00-05:00,27.31,27.31,27.29,27.29,4426.07
2026-03-02 15:00:00-05:00,27.29,27.29,27.265,27.28,7642.29
2026-03-02 15:05:00-05:00,27.29,27.3,27.2,27.2,25572.61
2026-03-02 15:10:00-05:00,27.185,27.19,27.13,27.13,20009.09
2026-03-02 15:15:00-05:00,27.12,27.17,27.115,27.14,9368.00
2026-03-02 15:20:00-05:00,27.14,27.16,27.13,27.13,37429.00
2026-03-02 15:25:00-05:00,27.12,27.13,27.105,27.11,8188.09
2026-03-02 15:30:00-05:00,27.12,27.145,27.12,27.13,12999.59
2026-03-02 15:35:00-05:00,27.135,27.19,27.13,27.19,25934.09
2026-03-02 15:40:00-05:00,27.2,27.2,27.1755,27.2,15127.00
2026-03-02 15:45:00-05:00,27.2197,27.2197,27.195,27.195,21863.82
2026-03-02 15:50:00-05:00,27.2,27.23,27.17,27.22,45256.20
2026-03-02 15:55:00-05:00,27.22,27.2782,27.215,27.24,128509.50
