timestamp,open,high,low,close,volume
2025-11-18 09:30:00-05:00,136.86,139.75,136.19,138.72,104561.0
2025-11-18 09:35:00-05:00,138.95,138.95,136.5,137.73,28497.0
2025-11-18 09:40:00-05:00,137.62,138.0058,135.1601,135.71,49500.0
2025-11-18 09:45:00-05:00,135.74,137.11,134.71,135.155,54628.0
2025-11-18 09:50:00-05:00,135.1375,135.59,133.5603,134.335,55311.0
2025-11-18 09:55:00-05:00,134.26,135.6,133.67,134.56,30552.0
2025-11-18 10:00:00-05:00,134.37,135.6,132.99,133.45,60746.0
2025-11-18 10:05:00-05:00,133.28,135.6401,133.28,134.93,52044.0
2025-11-18 10:10:00-05:00,134.93,135.47,133.66,135.17,52184.0
2025-11-18 10:15:00-05:00,135.1178,135.17,133.77,135.16,23412.0
2025-11-18 10:20:00-05:00,135.54,138.17,135.13,136.33,84087.0
2025-11-18 10:25:00-05:00,136.7,137.43,135.79,136.115,71210.0
2025-11-18 10:30:00-05:00,136.06,136.65,135.23,135.77,30779.0
2025-11-18 10:35:00-05:00,135.63,135.98,134.94,135.92,24763.0
2025-11-18 10:40:00-05:00,135.875,136.44,135.32,135.73,24462.0
2025-11-18 10:45:00-05:00,135.525,135.88,135.01,135.12,16987.0
2025-11-18 10:50:00-05:00,134.87,135.9,134.66,135.3401,40159.0
2025-11-18 10:55:00-05:00,135.67,136.3,135.15,135.395,18112.0
2025-11-18 11:00:00-05:00,135.2,135.38,133.7,134.48,53048.0
2025-11-18 11:05:00-05:00,134.41,135.82,134.28,135.61,55361.0
2025-11-18 11:10:00-05:00,135.615,136.11,135.3,135.41,32667.0
2025-11-18 11:15:00-05:00,135.34,135.54,134.67,135.44,28291.0
2025-11-18 11:20:00-05:00,135.43,135.875,135.22,135.66,25213.0
2025-11-18 11:25:00-05:00,135.71,136.7,135.71,136.08,69409.0
2025-11-18 11:30:00-05:00,136.215,137.025,136.21,136.79,56209.0
2025-11-18 11:35:00-05:00,136.75,137.525,136.45,136.7853,26705.0
2025-11-18 11:40:00-05:00,136.73,137.52,136.63,137.23,21782.0
2025-11-18 11:45:00-05:00,137.25,137.32,136.46,137.06,26033.0
2025-11-18 11:50:00-05:00,136.88,137.005,136.37,136.76,21660.0
2025-11-18 11:55:00-05:00,136.78,137.1,136.48,136.615,22607.0
2025-11-18 12:00:00-05:00,136.61,136.85,136.44,136.57,16372.0
2025-11-18 12:05:00-05:00,136.58,136.7655,136.13,136.33,18944.0
2025-11-18 12:10:00-05:00,136.3,136.46,135.94,136.07,21614.0
2025-11-18 12:15:00-05:00,136.115,136.37,135.815,135.82,19315.0
2025-11-18 12:20:00-05:00,135.94,136.5,135.76,135.88,18543.0
2025-11-18 12:25:00-05:00,135.885,136.035,134.94,135.425,28351.0
2025-11-18 12:30:00-05:00,135.43,135.5,135.02,135.495,59470.0
2025-11-18 12:35:00-05:00,135.49,136.7175,135.42,136.715,37106.0
2025-11-18 12:40:00-05:00,136.805,137.6,136.805,137.41,22939.0
2025-11-18 12:45:00-05:00,137.41,137.41,136.5,137.275,19769.0
2025-11-18 12:50:00-05:00,137.275,137.6,136.8,137.315,16603.0
2025-11-18 12:55:00-05:00,137.31,138.28,137.09,137.8,23303.0
2025-11-18 13:00:00-05:00,137.82,138.32,137.79,137.98,21668.0
2025-11-18 13:05:00-05:00,137.985,138.61,137.985,138.215,16115.0
2025-11-18 13:10:00-05:00,138.29,138.53,138.08,138.225,16610.0
2025-11-18 13:15:00-05:00,138.225,138.58,137.85,138.48,19049.0
2025-11-18 13:20:00-05:00,138.36,138.66,138.13,138.455,18311.0
2025-11-18 13:25:00-05:00,138.26,138.26,137.63,137.67,17116.0
2025-11-18 13:30:00-05:00,137.68,138.28,137.5201,138.145,14582.0
2025-11-18 13:35:00-05:00,138.145,138.865,137.64,138.79,52024.0
2025-11-18 13:40:00-05:00,138.91,139.28,137.81,138.375,49962.0
2025-11-18 13:45:00-05:00,138.51,138.785,138.31,138.73,21424.0
2025-11-18 13:50:00-05:00,138.73,138.985,138.11,138.18,23678.0
2025-11-18 13:55:00-05:00,138.045,138.23,137.21,137.82,30813.0
2025-11-18 14:00:00-05:00,137.84,138.78,137.6,137.65,19900.0
2025-11-18 14:05:00-05:00,137.655,138.35,137.5,138.205,22433.0
2025-11-18 14:10:00-05:00,138.22,138.48,138.08,138.26,17787.0
2025-11-18 14:15:00-05:00,138.325,138.33,137.515,138.12,16557.0
2025-11-18 14:20:00-05:00,138.12,138.15,137.58,137.75,15621.0
2025-11-18 14:25:00-05:00,137.8,138.06,137.6,137.78,18339.0
2025-11-18 14:30:00-05:00,137.825,138.11,137.49,137.905,26222.0
2025-11-18 14:35:00-05:00,138.03,139.05,137.905,138.9925,22769.0
2025-11-18 14:40:00-05:00,138.97,139.16,138.1,138.1,18960.0
2025-11-18 14:45:00-05:00,138.11,139.07,138.11,138.715,25994.0
2025-11-18 14:50:00-05:00,138.6166,138.7499,137.93,137.93,38635.0
2025-11-18 14:55:00-05:00,137.98,138.51,137.83,138.44,42471.0
2025-11-18 15:00:00-05:00,138.32,139.0,138.1175,138.255,40095.0
2025-11-18 15:05:00-05:00,138.15,138.39,138.01,138.215,17404.0
2025-11-18 15:10:00-05:00,138.215,138.68,138.15,138.555,16364.0
2025-11-18 15:15:00-05:00,138.56,138.89,138.29,138.54,25293.0
2025-11-18 15:20:00-05:00,138.54,138.91,137.87,137.87,35236.0
2025-11-18 15:25:00-05:00,137.86,138.53,137.66,138.52,48558.0
2025-11-18 15:30:00-05:00,138.66,138.81,138.0,138.11,39242.0
2025-11-18 15:35:00-05:00,138.12,138.585,138.07,138.47,29195.0
2025-11-18 15:40:00-05:00,138.28,138.28,137.56,137.58,39473.0
2025-11-18 15:45:00-05:00,137.67,137.9,137.22,137.22,45653.0
2025-11-18 15:50:00-05:00,137.28,138.4,137.28,137.97,82231.0
2025-11-18 15:55:00-05:00,137.94,138.55,137.79,138.15,288047.0
2025-11-19 09:30:00-05:00,138.68,141.87,137.87,141.38,160271.0
2025-11-19 09:35:00-05:00,141.73,142.82,141.26,142.21,58750.0
2025-11-19 09:40:00-05:00,141.8754,142.555,141.22,141.93,43598.0
2025-11-19 09:45:00-05:00,141.885,143.63,141.4,143.165,109537.0
2025-11-19 09:50:00-05:00,143.13,145.82,142.76,145.035,102069.0
2025-11-19 09:55:00-05:00,144.805,146.15,144.266,146.065,76160.0
2025-11-19 10:00:00-05:00,146.065,146.5,145.43,146.41,99935.0
2025-11-19 10:05:00-05:00,146.375,147.57,146.06,146.745,159900.0
2025-11-19 10:10:00-05:00,146.83,147.34,146.03,146.255,113077.0
2025-11-19 10:15:00-05:00,146.4,146.97,146.265,146.72,72435.0
2025-11-19 10:20:00-05:00,146.615,147.05,146.0,146.53,61499.0
2025-11-19 10:25:00-05:00,146.45,146.76,145.76,146.555,84314.0
2025-11-19 10:30:00-05:00,146.5775,146.84,146.19,146.36,62912.0
2025-11-19 10:35:00-05:00,146.3,146.58,145.77,145.885,31417.0
2025-11-19 10:40:00-05:00,146.02,146.51,145.02,146.37,71507.0
2025-11-19 10:45:00-05:00,146.4025,146.4025,144.57,144.64,42055.0
2025-11-19 10:50:00-05:00,144.635,145.42,144.5,144.86,61275.0
2025-11-19 10:55:00-05:00,144.895,145.145,144.13,145.05,42379.0
2025-11-19 11:00:00-05:00,144.95,145.3891,144.26,144.74,34751.0
2025-11-19 11:05:00-05:00,144.76,144.94,143.82,143.87,49434.0
2025-11-19 11:10:00-05:00,143.87,143.92,143.09,143.51,27291.0
2025-11-19 11:15:00-05:00,143.71,144.01,143.57,143.94,58147.0
2025-11-19 11:20:00-05:00,143.875,144.26,143.38,143.42,24353.0
2025-11-19 11:25:00-05:00,143.405,143.66,143.0,143.17,23941.0
2025-11-19 11:30:00-05:00,143.22,143.32,142.94,143.275,17408.0
2025-11-19 11:35:00-05:00,143.18,143.18,142.01,142.08,23456.0
2025-11-19 11:40:00-05:00,141.91,142.59,141.5,142.59,28679.0
2025-11-19 11:45:00-05:00,142.6,142.84,142.1,142.45,19991.0
2025-11-19 11:50:00-05:00,142.425,142.65,142.125,142.645,17748.0
2025-11-19 11:55:00-05:00,142.74,143.29,142.245,143.22,20199.0
2025-11-19 12:00:00-05:00,143.24,143.31,141.88,141.88,25249.0
2025-11-19 12:05:00-05:00,141.985,142.37,141.8275,142.07,17657.0
2025-11-19 12:10:00-05:00,141.97,141.97,141.45,141.59,18979.0
2025-11-19 12:15:00-05:00,141.59,141.885,141.15,141.49,19846.0
2025-11-19 12:20:00-05:00,141.49,142.265,141.4,141.57,20486.0
2025-11-19 12:25:00-05:00,141.57,141.57,141.0,141.2,23639.0
2025-11-19 12:30:00-05:00,141.02,141.49,140.63,140.66,29174.0
2025-11-19 12:35:00-05:00,140.66,140.77,140.3,140.6,20338.0
2025-11-19 12:40:00-05:00,140.6,142.07,140.44,141.65,41854.0
2025-11-19 12:45:00-05:00,141.78,141.95,141.21,141.41,20832.0
2025-11-19 12:50:00-05:00,141.61,142.17,141.59,141.59,32193.0
2025-11-19 12:55:00-05:00,141.95,142.27,141.74,141.82,18733.0
2025-11-19 13:00:00-05:00,141.76,142.24,141.67,142.14,13694.0
2025-11-19 13:05:00-05:00,142.185,142.26,141.3,141.78,26240.0
2025-11-19 13:10:00-05:00,141.825,142.37,141.64,142.14,20768.0
2025-11-19 13:15:00-05:00,142.25,142.5,141.52,141.6,10428.0
2025-11-19 13:20:00-05:00,141.76,142.07,141.58,141.88,15999.0
2025-11-19 13:25:00-05:00,141.95,142.11,141.25,141.39,22591.0
2025-11-19 13:30:00-05:00,141.35,141.8461,141.18,141.68,13845.0
2025-11-19 13:35:00-05:00,141.575,142.77,141.575,142.5,30961.0
2025-11-19 13:40:00-05:00,142.5,142.615,141.72,141.9,15589.0
2025-11-19 13:45:00-05:00,141.9,141.9,140.89,141.15,11515.0
2025-11-19 13:50:00-05:00,141.18,141.52,141.16,141.34,25039.0
2025-11-19 13:55:00-05:00,141.22,141.96,141.2,141.795,12335.0
2025-11-19 14:00:00-05:00,141.805,141.805,141.35,141.45,17260.0
2025-11-19 14:05:00-05:00,141.35,141.41,140.96,141.36,15682.0
2025-11-19 14:10:00-05:00,141.25,141.59,141.205,141.48,13055.0
2025-11-19 14:15:00-05:00,141.58,141.59,140.89,141.5,22509.0
2025-11-19 14:20:00-05:00,141.48,142.1,141.48,141.99,28262.0
2025-11-19 14:25:00-05:00,141.99,142.01,141.46,141.84,48351.0
2025-11-19 14:30:00-05:00,141.88,142.215,141.65,141.65,13010.0
2025-11-19 14:35:00-05:00,141.645,142.279,141.645,141.71,22192.0
2025-11-19 14:40:00-05:00,141.71,142.14,141.71,141.955,14978.0
2025-11-19 14:45:00-05:00,141.86,142.26,141.86,142.165,14522.0
2025-11-19 14:50:00-05:00,142.25,142.99,142.15,142.99,23774.0
2025-11-19 14:55:00-05:00,143.08,143.3,142.39,142.54,19981.0
2025-11-19 15:00:00-05:00,142.54,143.08,142.34,142.65,30469.0
2025-11-19 15:05:00-05:00,142.61,142.9,142.53,142.72,11877.0
2025-11-19 15:10:00-05:00,142.8699,143.35,142.61,143.35,21372.0
2025-11-19 15:15:00-05:00,143.37,144.545,143.24,144.4,34568.0
2025-11-19 15:20:00-05:00,144.545,144.83,143.78,144.13,56966.0
2025-11-19 15:25:00-05:00,144.13,144.4,143.95,144.285,38111.0
2025-11-19 15:30:00-05:00,144.19,144.294,143.64,143.765,44173.0
2025-11-19 15:35:00-05:00,143.86,144.81,143.7,144.32,115755.0
2025-11-19 15:40:00-05:00,144.34,144.34,143.65,143.96,50864.0
2025-11-19 15:45:00-05:00,143.97,143.99,143.35,143.51,58669.0
2025-11-19 15:50:00-05:00,143.47,143.99,143.35,143.4,109434.0
2025-11-19 15:55:00-05:00,143.48,144.113,142.94,143.01,306192.0
2025-11-20 09:30:00-05:00,150.0,150.77,148.8443,150.14,176821.0
2025-11-20 09:35:00-05:00,150.23,151.99,150.22,151.12,173979.0
2025-11-20 09:40:00-05:00,151.02,152.2,150.27,151.16,104101.0
2025-11-20 09:45:00-05:00,151.135,151.745,149.6,150.88,92359.0
2025-11-20 09:50:00-05:00,150.88,152.18,150.87,151.5225,61340.0
2025-11-20 09:55:00-05:00,151.72,153.91,151.58,153.685,165269.0
2025-11-20 10:00:00-05:00,153.8,154.42,153.51,154.42,61622.0
2025-11-20 10:05:00-05:00,154.41,154.41,153.5148,153.9978,77339.0
2025-11-20 10:10:00-05:00,154.08,154.32,153.5,153.69,89937.0
2025-11-20 10:15:00-05:00,153.65,154.88,153.03,154.77,48517.0
2025-11-20 10:20:00-05:00,154.82,154.98,153.49,154.605,56846.0
2025-11-20 10:25:00-05:00,154.575,155.13,154.02,154.8,52380.0
2025-11-20 10:30:00-05:00,154.87,155.54,154.7792,155.265,44182.0
2025-11-20 10:35:00-05:00,155.39,155.7,154.865,155.22,36491.0
2025-11-20 10:40:00-05:00,155.0901,155.4,154.436,154.79,48263.0
2025-11-20 10:45:00-05:00,154.745,154.86,154.01,154.08,40648.0
2025-11-20 10:50:00-05:00,154.0,154.3,153.31,153.41,57929.0
2025-11-20 10:55:00-05:00,153.05,153.385,151.79,152.04,89838.0
2025-11-20 11:00:00-05:00,152.11,152.43,151.25,151.25,61366.0
2025-11-20 11:05:00-05:00,151.18,152.0,150.755,150.88,70720.0
2025-11-20 11:10:00-05:00,150.7,150.92,149.5,149.65,80485.0
2025-11-20 11:15:00-05:00,149.64,149.92,148.68,148.735,69216.0
2025-11-20 11:20:00-05:00,148.88,149.26,147.84,148.09,39903.0
2025-11-20 11:25:00-05:00,148.02,148.09,146.8,146.84,72857.0
2025-11-20 11:30:00-05:00,146.82,147.2,145.66,145.9,74343.0
2025-11-20 11:35:00-05:00,145.92,145.92,144.635,145.6425,52291.0
2025-11-20 11:40:00-05:00,145.32,145.92,144.88,145.02,84550.0
2025-11-20 11:45:00-05:00,144.88,145.6499,144.15,144.38,135632.0
2025-11-20 11:50:00-05:00,144.47,145.34,142.58,142.74,132065.0
2025-11-20 11:55:00-05:00,142.76,143.3385,140.82,141.385,84706.0
2025-11-20 12:00:00-05:00,141.21,142.96,141.13,142.31,88045.0
2025-11-20 12:05:00-05:00,142.41,142.43,140.88,141.795,58957.0
2025-11-20 12:10:00-05:00,141.53,141.7,140.3,141.33,36614.0
2025-11-20 12:15:00-05:00,141.08,141.39,140.07,140.31,46211.0
2025-11-20 12:20:00-05:00,140.5,141.73,139.8,141.25,35746.0
2025-11-20 12:25:00-05:00,140.99,141.87,140.62,140.77,24553.0
2025-11-20 12:30:00-05:00,141.02,141.73,140.03,140.345,19774.0
2025-11-20 12:35:00-05:00,140.31,140.33,139.0,140.145,65397.0
2025-11-20 12:40:00-05:00,140.1303,140.71,139.08,139.56,41047.0
2025-11-20 12:45:00-05:00,139.41,139.62,138.77,139.4,34687.0
2025-11-20 12:50:00-05:00,139.4,140.48,139.06,139.585,56236.0
2025-11-20 12:55:00-05:00,139.73,139.89,139.18,139.485,81046.0
2025-11-20 13:00:00-05:00,139.485,140.84,139.09,140.5,37428.0
2025-11-20 13:05:00-05:00,140.62,141.495,140.57,140.98,23580.0
2025-11-20 13:10:00-05:00,141.03,142.525,140.66,142.51,56344.0
2025-11-20 13:15:00-05:00,142.75,143.0,141.84,142.14,59363.0
2025-11-20 13:20:00-05:00,142.18,142.28,141.32,141.64,116853.0
2025-11-20 13:25:00-05:00,141.64,141.89,141.27,141.71,32433.0
2025-11-20 13:30:00-05:00,141.72,142.26,141.0101,141.55,32268.0
2025-11-20 13:35:00-05:00,141.61,141.61,140.25,140.48,31643.0
2025-11-20 13:40:00-05:00,140.38,140.405,139.87,140.125,29861.0
2025-11-20 13:45:00-05:00,139.89,139.94,139.32,139.74,36085.0
2025-11-20 13:50:00-05:00,139.58,139.71,138.48,138.6,40764.0
2025-11-20 13:55:00-05:00,138.58,139.08,138.39,138.755,32038.0
2025-11-20 14:00:00-05:00,138.75,139.14,137.87,137.93,43705.0
2025-11-20 14:05:00-05:00,138.05,138.8824,137.89,138.8824,30306.0
2025-11-20 14:10:00-05:00,138.762,139.75,138.55,139.265,81391.0
2025-11-20 14:15:00-05:00,139.35,139.7189,138.86,139.41,53360.0
2025-11-20 14:20:00-05:00,139.45,139.975,139.1,139.23,28255.0
2025-11-20 14:25:00-05:00,139.36,140.1825,139.0,139.0,87373.0
2025-11-20 14:30:00-05:00,139.13,139.27,138.41,138.51,31379.0
2025-11-20 14:35:00-05:00,138.87,139.29,138.68,139.05,39259.0
2025-11-20 14:40:00-05:00,138.79,139.5035,138.26,139.39,43117.0
2025-11-20 14:45:00-05:00,139.5,139.515,138.2001,138.415,23507.0
2025-11-20 14:50:00-05:00,138.61,139.4,138.42,139.224,27828.0
2025-11-20 14:55:00-05:00,139.24,140.03,139.08,140.02,32077.0
2025-11-20 15:00:00-05:00,139.965,139.965,138.61,138.67,87808.0
2025-11-20 15:05:00-05:00,138.65,139.33,138.38,138.5,21535.0
2025-11-20 15:10:00-05:00,138.475,138.76,137.74,138.345,43529.0
2025-11-20 15:15:00-05:00,138.38,138.62,137.93,138.13,47460.0
2025-11-20 15:20:00-05:00,138.255,138.75,137.79,137.7901,41201.0
2025-11-20 15:25:00-05:00,137.835,138.13,137.5001,138.13,48759.0
2025-11-20 15:30:00-05:00,138.15,138.535,137.0423,137.255,53068.0
2025-11-20 15:35:00-05:00,137.2,137.26,136.15,136.24,70128.0
2025-11-20 15:40:00-05:00,136.2,136.48,135.32,135.32,69741.0
2025-11-20 15:45:00-05:00,135.325,135.49,133.24,133.25,168370.0
2025-11-20 15:50:00-05:00,133.2975,134.64,133.285,134.4,204454.0
2025-11-20 15:55:00-05:00,134.45,135.705,134.45,135.34,293172.0
2025-11-21 09:30:00-05:00,135.84,136.53,133.01,134.01,95732.0
2025-11-21 09:35:00-05:00,134.06,134.84,132.01,132.25,128951.0
2025-11-21 09:40:00-05:00,132.06,134.82,131.0,133.72,77416.0
2025-11-21 09:45:00-05:00,133.74,134.71,132.72,134.005,75126.0
2025-11-21 09:50:00-05:00,134.035,137.4399,134.035,137.17,109124.0
2025-11-21 09:55:00-05:00,137.43,137.44,134.13,136.255,108615.0
2025-11-21 10:00:00-05:00,135.55,136.9,133.8401,134.375,29554.0
2025-11-21 10:05:00-05:00,134.88,136.28,134.67,135.57,24454.0
2025-11-21 10:10:00-05:00,135.525,135.65,134.32,134.655,29824.0
2025-11-21 10:15:00-05:00,134.73,135.56,133.53,135.56,33719.0
2025-11-21 10:20:00-05:00,135.38,136.2014,133.405,135.5545,42629.0
2025-11-21 10:25:00-05:00,136.0,136.84,132.95,133.205,40000.0
2025-11-21 10:30:00-05:00,133.205,133.75,132.2,132.51,44212.0
2025-11-21 10:35:00-05:00,132.285,132.32,130.58,131.25,90381.0
2025-11-21 10:40:00-05:00,131.07,134.43,130.42,133.68,76247.0
2025-11-21 10:45:00-05:00,133.54,134.705,133.03,134.34,107761.0
2025-11-21 10:50:00-05:00,134.17,134.17,132.66,133.52,36118.0
2025-11-21 10:55:00-05:00,133.91,134.13,133.13,133.275,37458.0
2025-11-21 11:00:00-05:00,133.43,133.79,132.14,132.45,36774.0
2025-11-21 11:05:00-05:00,132.6,134.92,131.91,134.7,35272.0
2025-11-21 11:10:00-05:00,135.0,136.0,134.39,135.69,56838.0
2025-11-21 11:15:00-05:00,135.69,135.89,133.52,133.75,38405.0
2025-11-21 11:20:00-05:00,134.1,135.91,134.1,135.745,23685.0
2025-11-21 11:25:00-05:00,135.68,136.49,135.0,136.49,54756.0
2025-11-21 11:30:00-05:00,136.495,137.36,136.47,136.685,57496.0
2025-11-21 11:35:00-05:00,136.685,137.34,136.245,136.965,66891.0
2025-11-21 11:40:00-05:00,137.21,137.74,137.18,137.425,27569.0
2025-11-21 11:45:00-05:00,137.53,137.53,136.57,137.0956,25495.0
2025-11-21 11:50:00-05:00,136.995,137.5799,136.8734,137.005,12356.0
2025-11-21 11:55:00-05:00,137.2,138.62,137.07,138.59,34534.0
2025-11-21 12:00:00-05:00,138.39,138.66,137.5,138.59,96139.0
2025-11-21 12:05:00-05:00,138.78,139.0,138.1,138.915,39747.0
2025-11-21 12:10:00-05:00,138.915,139.16,138.5,138.8597,62060.0
2025-11-21 12:15:00-05:00,138.87,139.57,138.74,138.85,98965.0
2025-11-21 12:20:00-05:00,138.805,139.44,138.25,139.0,149146.0
2025-11-21 12:25:00-05:00,138.785,138.97,137.87,138.8159,47625.0
2025-11-21 12:30:00-05:00,138.76,139.38,138.71,138.955,38700.0
2025-11-21 12:35:00-05:00,138.66,138.9238,138.39,138.83,27965.0
2025-11-21 12:40:00-05:00,138.905,139.0,138.25,138.69,21838.0
2025-11-21 12:45:00-05:00,138.685,138.92,138.17,138.7599,16622.0
2025-11-21 12:50:00-05:00,138.53,138.83,137.85,138.83,22145.0
2025-11-21 12:55:00-05:00,138.9,139.19,138.405,138.61,21594.0
2025-11-21 13:00:00-05:00,138.82,138.9,137.76,137.965,24681.0
2025-11-21 13:05:00-05:00,137.97,138.11,137.5,137.73,24645.0
2025-11-21 13:10:00-05:00,137.68,137.83,137.199,137.58,29254.0
2025-11-21 13:15:00-05:00,137.5,137.72,137.01,137.71,26477.0
2025-11-21 13:20:00-05:00,137.77,138.385,137.34,137.44,19771.0
2025-11-21 13:25:00-05:00,137.44,138.05,137.26,137.75,16771.0
2025-11-21 13:30:00-05:00,137.72,138.77,137.69,138.26,14557.0
2025-11-21 13:35:00-05:00,138.22,139.01,138.22,138.97,25045.0
2025-11-21 13:40:00-05:00,139.0,139.45,138.8,139.12,40907.0
2025-11-21 13:45:00-05:00,139.25,141.005,138.7,140.79,48080.0
2025-11-21 13:50:00-05:00,140.99,141.585,139.8975,139.8975,61984.0
2025-11-21 13:55:00-05:00,139.99,140.45,139.7,140.05,21875.0
2025-11-21 14:00:00-05:00,139.95,140.6928,139.95,140.45,24471.0
2025-11-21 14:05:00-05:00,140.24,140.98,140.02,140.8,21699.0
2025-11-21 14:10:00-05:00,140.8,141.2,140.67,140.805,31818.0
2025-11-21 14:15:00-05:00,140.8,141.48,140.74,141.45,43994.0
2025-11-21 14:20:00-05:00,141.405,142.1699,141.17,142.05,81824.0
2025-11-21 14:25:00-05:00,142.05,142.85,141.87,142.41,58624.0
2025-11-21 14:30:00-05:00,142.475,142.7299,141.59,141.67,66586.0
2025-11-21 14:35:00-05:00,141.79,142.72,141.79,142.28,99203.0
2025-11-21 14:40:00-05:00,142.35,142.5,141.4,141.59,66549.0
2025-11-21 14:45:00-05:00,141.63,142.1899,141.31,141.3644,103919.0
2025-11-21 14:50:00-05:00,141.7,141.79,140.78,141.27,57263.0
2025-11-21 14:55:00-05:00,141.34,141.78,140.96,140.99,60661.0
2025-11-21 15:00:00-05:00,140.975,141.09,140.56,140.56,63233.0
2025-11-21 15:05:00-05:00,140.64,141.16,140.46,141.075,43177.0
2025-11-21 15:10:00-05:00,141.075,141.08,140.59,140.655,28627.0
2025-11-21 15:15:00-05:00,140.56,140.6925,140.12,140.6925,54657.0
2025-11-21 15:20:00-05:00,140.61,140.92,140.15,140.48,191928.0
2025-11-21 15:25:00-05:00,140.61,140.845,140.18,140.33,35658.0
2025-11-21 15:30:00-05:00,140.28,140.735,139.86,140.61,49721.0
2025-11-21 15:35:00-05:00,140.54,141.5,140.535,141.3,47564.0
2025-11-21 15:40:00-05:00,141.21,141.23,140.78,141.03,66548.0
2025-11-21 15:45:00-05:00,141.14,141.75,140.98,141.13,102478.0
2025-11-21 15:50:00-05:00,141.09,141.49,139.84,140.06,138695.0
2025-11-21 15:55:00-05:00,140.02,140.42,139.43,139.51,394852.0
2025-11-24 09:30:00-05:00,145.11,151.17,145.11,150.8459,223494.0
2025-11-24 09:35:00-05:00,150.66,152.25,150.15,151.085,170495.0
2025-11-24 09:40:00-05:00,151.085,151.67,149.44,151.13,153997.0
2025-11-24 09:45:00-05:00,151.075,153.23,150.74,152.19,247594.0
2025-11-24 09:50:00-05:00,151.58,151.79,149.92,150.98,271517.0
2025-11-24 09:55:00-05:00,150.98,152.1722,150.31,151.04,91718.0
2025-11-24 10:00:00-05:00,151.1,151.62,149.55,151.17,105470.0
2025-11-24 10:05:00-05:00,151.075,152.15,149.0,149.75,83395.0
2025-11-24 10:10:00-05:00,149.495,150.16,148.6,149.455,51344.0
2025-11-24 10:15:00-05:00,149.35,149.62,148.0,148.0,76508.0
2025-11-24 10:20:00-05:00,148.14,149.1421,147.6501,148.245,42044.0
2025-11-24 10:25:00-05:00,148.24,149.62,147.32,149.285,59981.0
2025-11-24 10:30:00-05:00,149.13,150.02,148.87,149.525,70877.0
2025-11-24 10:35:00-05:00,149.525,150.53,149.19,150.175,94635.0
2025-11-24 10:40:00-05:00,149.99,150.655,149.79,149.86,38527.0
2025-11-24 10:45:00-05:00,150.095,150.37,149.35,149.655,42751.0
2025-11-24 10:50:00-05:00,149.52,149.98,149.48,149.86,25726.0
2025-11-24 10:55:00-05:00,149.865,150.35,149.35,150.305,27239.0
2025-11-24 11:00:00-05:00,150.545,151.33,150.38,151.32,53759.0
2025-11-24 11:05:00-05:00,151.305,151.49,150.82,151.19,24343.0
2025-11-24 11:10:00-05:00,151.21,151.4,150.68,150.95,17037.0
2025-11-24 11:15:00-05:00,150.95,151.52,150.7308,151.29,28076.0
2025-11-24 11:20:00-05:00,151.275,152.11,151.23,151.725,36737.0
2025-11-24 11:25:00-05:00,151.81,151.94,151.4,151.5165,37210.0
2025-11-24 11:30:00-05:00,151.67,151.94,151.27,151.83,22492.0
2025-11-24 11:35:00-05:00,151.825,151.825,151.27,151.5,31057.0
2025-11-24 11:40:00-05:00,151.5,152.5,151.42,152.27,21397.0
2025-11-24 11:45:00-05:00,152.27,152.36,152.02,152.2,19193.0
2025-11-24 11:50:00-05:00,152.115,152.14,151.81,152.01,41317.0
2025-11-24 11:55:00-05:00,151.985,152.55,151.87,152.55,49810.0
2025-11-24 12:00:00-05:00,152.56,153.73,152.56,153.28,50996.0
2025-11-24 12:05:00-05:00,153.3782,153.81,153.155,153.37,31401.0
2025-11-24 12:10:00-05:00,153.32,153.73,153.31,153.685,25374.0
2025-11-24 12:15:00-05:00,153.6,154.26,153.54,154.0,31778.0
2025-11-24 12:20:00-05:00,154.0,154.7275,153.9,154.365,31070.0
2025-11-24 12:25:00-05:00,154.29,154.335,153.73,153.96,46435.0
2025-11-24 12:30:00-05:00,153.92,154.37,153.82,154.25,37966.0
2025-11-24 12:35:00-05:00,154.18,154.8,154.12,154.76,26564.0
2025-11-24 12:40:00-05:00,154.71,155.02,154.71,154.7901,29328.0
2025-11-24 12:45:00-05:00,154.8524,155.12,154.82,155.09,31604.0
2025-11-24 12:50:00-05:00,155.22,155.41,154.81,155.125,48437.0
2025-11-24 12:55:00-05:00,155.07,155.68,154.845,155.59,82819.0
2025-11-24 13:00:00-05:00,155.65,155.82,154.9106,155.005,57175.0
2025-11-24 13:05:00-05:00,155.005,155.01,154.27,154.56,44667.0
2025-11-24 13:10:00-05:00,154.535,154.925,154.37,154.92,24557.0
2025-11-24 13:15:00-05:00,154.92,155.07,154.01,154.275,25193.0
2025-11-24 13:20:00-05:00,154.35,154.35,153.35,153.815,33516.0
2025-11-24 13:25:00-05:00,153.715,154.0655,153.56,153.82,18182.0
2025-11-24 13:30:00-05:00,153.82,153.9799,153.45,153.62,14861.0
2025-11-24 13:35:00-05:00,153.605,153.89,153.34,153.365,29525.0
2025-11-24 13:40:00-05:00,153.365,153.78,153.21,153.42,69359.0
2025-11-24 13:45:00-05:00,153.52,153.62,152.8,152.805,64374.0
2025-11-24 13:50:00-05:00,153.01,153.04,152.5,153.03,22286.0
2025-11-24 13:55:00-05:00,153.06,153.06,152.53,152.75,25748.0
2025-11-24 14:00:00-05:00,152.82,152.91,152.69,152.69,26834.0
2025-11-24 14:05:00-05:00,152.73,152.75,152.19,152.24,18202.0
2025-11-24 14:10:00-05:00,152.12,152.46,152.12,152.365,17942.0
2025-11-24 14:15:00-05:00,152.365,152.68,152.24,152.41,20391.0
2025-11-24 14:20:00-05:00,152.46,152.46,151.95,152.21,35526.0
2025-11-24 14:25:00-05:00,152.02,152.18,151.37,151.43,57869.0
2025-11-24 14:30:00-05:00,151.425,152.14,151.3,151.75,86484.0
2025-11-24 14:35:00-05:00,151.69,151.69,151.07,151.51,26014.0
2025-11-24 14:40:00-05:00,151.5125,151.5125,151.18,151.22,25887.0
2025-11-24 14:45:00-05:00,151.29,151.515,150.77,151.255,83898.0
2025-11-24 14:50:00-05:00,151.255,151.255,150.53,150.97,24328.0
2025-11-24 14:55:00-05:00,151.18,151.19,150.65,150.84,18178.0
2025-11-24 15:00:00-05:00,150.85,151.87,150.85,151.76,16663.0
2025-11-24 15:05:00-05:00,151.8,152.18,151.34,151.93,45838.0
2025-11-24 15:10:00-05:00,151.88,151.95,151.26,151.485,37721.0
2025-11-24 15:15:00-05:00,151.425,151.785,151.3875,151.68,32245.0
2025-11-24 15:20:00-05:00,151.705,151.79,151.43,151.52,69884.0
2025-11-24 15:25:00-05:00,151.46,151.54,151.15,151.34,34153.0
2025-11-24 15:30:00-05:00,151.28,151.33,150.78,150.99,49220.0
2025-11-24 15:35:00-05:00,150.935,151.31,150.645,151.18,41238.0
2025-11-24 15:40:00-05:00,151.3299,151.63,150.8505,151.38,34440.0
2025-11-24 15:45:00-05:00,151.33,151.8899,150.89,151.03,115832.0
2025-11-24 15:50:00-05:00,151.11,151.52,150.68,151.24,122315.0
2025-11-24 15:55:00-05:00,151.225,151.82,151.07,151.71,374261.0
2025-11-25 09:30:00-05:00,146.2,147.0,142.5,144.23,326279.0
2025-11-25 09:35:00-05:00,144.4,144.84,143.35,144.54,232453.0
2025-11-25 09:40:00-05:00,144.44,144.77,143.51,144.36,343510.0
2025-11-25 09:45:00-05:00,144.345,144.345,142.87,143.035,170811.0
2025-11-25 09:50:00-05:00,143.035,146.005,142.46,145.98,304271.0
2025-11-25 09:55:00-05:00,145.98,148.1959,145.81,147.71,205506.0
2025-11-25 10:00:00-05:00,147.54,147.98,145.43,145.65,183859.0
2025-11-25 10:05:00-05:00,145.47,146.86,145.1,146.03,93546.0
2025-11-25 10:10:00-05:00,146.39,146.74,145.03,145.295,136432.0
2025-11-25 10:15:00-05:00,145.52,146.79,145.51,146.29,49247.0
2025-11-25 10:20:00-05:00,146.5,146.5,145.4,145.7,59676.0
2025-11-25 10:25:00-05:00,145.885,147.0,145.7,147.0,51588.0
2025-11-25 10:30:00-05:00,146.91,147.38,146.89,147.085,81145.0
2025-11-25 10:35:00-05:00,147.02,147.32,146.11,146.6,59870.0
2025-11-25 10:40:00-05:00,146.33,147.015,146.33,147.015,40403.0
2025-11-25 10:45:00-05:00,147.015,147.23,145.52,145.69,48378.0
2025-11-25 10:50:00-05:00,145.67,145.86,144.41,144.99,66825.0
2025-11-25 10:55:00-05:00,144.97,145.89,144.55,145.63,52327.0
2025-11-25 11:00:00-05:00,145.595,145.83,145.04,145.56,44803.0
2025-11-25 11:05:00-05:00,145.53,145.53,144.37,144.44,39255.0
2025-11-25 11:10:00-05:00,144.6,145.29,144.0,144.69,46223.0
2025-11-25 11:15:00-05:00,144.86,145.6,144.75,145.59,28238.0
2025-11-25 11:20:00-05:00,145.59,146.94,145.565,146.16,87836.0
2025-11-25 11:25:00-05:00,146.16,146.69,146.095,146.595,106820.0
2025-11-25 11:30:00-05:00,146.69,147.0,146.43,146.59,98304.0
2025-11-25 11:35:00-05:00,146.59,146.83,146.31,146.48,101621.0
2025-11-25 11:40:00-05:00,146.57,146.885,146.325,146.325,85223.0
2025-11-25 11:45:00-05:00,146.31,146.35,145.365,145.41,56756.0
2025-11-25 11:50:00-05:00,145.53,145.85,145.38,145.63,46301.0
2025-11-25 11:55:00-05:00,145.6,145.775,145.28,145.445,41034.0
2025-11-25 12:00:00-05:00,145.46,145.89,145.3,145.85,62934.0
2025-11-25 12:05:00-05:00,145.85,146.335,145.85,146.16,28317.0
2025-11-25 12:10:00-05:00,146.11,146.35,145.56,145.6,41041.0
2025-11-25 12:15:00-05:00,145.67,145.88,145.06,145.555,40109.0
2025-11-25 12:20:00-05:00,145.59,146.63,145.49,146.63,28109.0
2025-11-25 12:25:00-05:00,146.6,146.65,146.09,146.185,29618.0
2025-11-25 12:30:00-05:00,146.19,146.91,146.01,146.9,57859.0
2025-11-25 12:35:00-05:00,146.95,147.87,146.85,147.37,83589.0
2025-11-25 12:40:00-05:00,147.395,147.86,147.35,147.605,51587.0
2025-11-25 12:45:00-05:00,147.6,147.92,147.21,147.595,60113.0
2025-11-25 12:50:00-05:00,147.64,147.95,147.47,147.76,54763.0
2025-11-25 12:55:00-05:00,147.74,147.74,146.68,146.845,28856.0
2025-11-25 13:00:00-05:00,146.845,147.3,146.75,147.13,24080.0
2025-11-25 13:05:00-05:00,147.125,147.13,146.91,147.01,17262.0
2025-11-25 13:10:00-05:00,147.01,147.13,146.54,146.8,26622.0
2025-11-25 13:15:00-05:00,146.75,147.635,146.65,147.635,200120.0
2025-11-25 13:20:00-05:00,147.62,147.72,147.32,147.52,29977.0
2025-11-25 13:25:00-05:00,147.47,147.88,147.4,147.82,29177.0
2025-11-25 13:30:00-05:00,147.82,148.13,147.69,147.69,64945.0
2025-11-25 13:35:00-05:00,147.675,147.68,147.24,147.36,24852.0
2025-11-25 13:40:00-05:00,147.26,147.7,146.8,146.915,34075.0
2025-11-25 13:45:00-05:00,146.91,147.39,146.91,147.09,16530.0
2025-11-25 13:50:00-05:00,147.09,147.33,146.87,147.249,30635.0
2025-11-25 13:55:00-05:00,147.31,147.55,146.84,146.98,29450.0
2025-11-25 14:00:00-05:00,147.06,147.44,147.02,147.36,25110.0
2025-11-25 14:05:00-05:00,147.4499,147.48,147.051,147.37,26801.0
2025-11-25 14:10:00-05:00,147.36,147.91,147.3,147.75,59736.0
2025-11-25 14:15:00-05:00,147.72,147.77,147.32,147.635,66549.0
2025-11-25 14:20:00-05:00,147.54,147.545,147.06,147.12,41537.0
2025-11-25 14:25:00-05:00,147.01,147.25,147.01,147.09,29049.0
2025-11-25 14:30:00-05:00,147.16,147.43,147.08,147.38,38357.0
2025-11-25 14:35:00-05:00,147.4,147.46,147.1,147.11,32723.0
2025-11-25 14:40:00-05:00,147.1,147.31,146.98,147.25,56302.0
2025-11-25 14:45:00-05:00,147.21,147.58,147.06,147.49,53928.0
2025-11-25 14:50:00-05:00,147.48,148.05,147.47,147.88,30613.0
2025-11-25 14:55:00-05:00,147.89,148.33,147.82,148.1775,44993.0
2025-11-25 15:00:00-05:00,148.15,148.15,147.85,148.03,48925.0
2025-11-25 15:05:00-05:00,147.98,148.16,147.81,148.14,47923.0
2025-11-25 15:10:00-05:00,148.1,148.1599,147.84,147.94,59118.0
2025-11-25 15:15:00-05:00,147.935,148.0832,147.68,148.06,71895.0
2025-11-25 15:20:00-05:00,148.06,149.0,148.06,148.815,86043.0
2025-11-25 15:25:00-05:00,148.77,149.0,148.72,148.92,43981.0
2025-11-25 15:30:00-05:00,148.895,149.03,148.715,148.7836,50498.0
2025-11-25 15:35:00-05:00,148.83,148.93,148.65,148.795,37141.0
2025-11-25 15:40:00-05:00,148.795,148.95,148.7,148.78,61837.0
2025-11-25 15:45:00-05:00,148.78,149.09,148.335,148.335,129287.0
2025-11-25 15:50:00-05:00,148.36,148.855,148.335,148.72,132281.0
2025-11-25 15:55:00-05:00,148.71,148.99,148.435,148.85,393561.0
2025-11-26 09:30:00-05:00,148.47,150.96,148.3,149.095,116671.0
2025-11-26 09:35:00-05:00,149.095,152.0,148.85,150.25,149514.0
2025-11-26 09:40:00-05:00,150.2,151.16,149.57,150.78,136532.0
2025-11-26 09:45:00-05:00,150.77,151.39,150.21,150.49,58122.0
2025-11-26 09:50:00-05:00,150.49,150.5698,148.705,148.9,58002.0
2025-11-26 09:55:00-05:00,149.06,149.25,147.7101,148.1473,29677.0
2025-11-26 10:00:00-05:00,148.4,148.84,147.68,147.68,74672.0
2025-11-26 10:05:00-05:00,147.94,148.21,147.0,147.59,39890.0
2025-11-26 10:10:00-05:00,147.6,147.67,147.01,147.238,38124.0
2025-11-26 10:15:00-05:00,147.23,147.99,147.04,147.99,18280.0
2025-11-26 10:20:00-05:00,148.23,148.83,148.04,148.13,34123.0
2025-11-26 10:25:00-05:00,148.035,149.67,147.89,149.15,29384.0
2025-11-26 10:30:00-05:00,149.36,150.51,149.17,150.31,32697.0
2025-11-26 10:35:00-05:00,150.48,151.3,150.27,151.215,19371.0
2025-11-26 10:40:00-05:00,151.3636,151.3636,150.3501,151.09,31598.0
2025-11-26 10:45:00-05:00,150.97,150.97,150.53,150.705,21824.0
2025-11-26 10:50:00-05:00,150.59,150.89,150.39,150.845,28418.0
2025-11-26 10:55:00-05:00,150.84,150.89,149.99,150.58,29725.0
2025-11-26 11:00:00-05:00,150.605,151.5,150.56,151.5,30711.0
2025-11-26 11:05:00-05:00,151.36,151.76,151.24,151.665,29137.0
2025-11-26 11:10:00-05:00,151.76,151.8,151.08,151.08,16875.0
2025-11-26 11:15:00-05:00,151.16,151.58,151.16,151.25,17479.0
2025-11-26 11:20:00-05:00,151.35,151.58,151.05,151.41,35052.0
2025-11-26 11:25:00-05:00,151.4999,151.5,151.05,151.06,32591.0
2025-11-26 11:30:00-05:00,151.1425,151.58,151.015,151.16,28809.0
2025-11-26 11:35:00-05:00,151.16,151.8077,151.16,151.67,27844.0
2025-11-26 11:40:00-05:00,151.725,152.04,151.725,151.98,21574.0
2025-11-26 11:45:00-05:00,151.98,151.98,151.49,151.565,12428.0
2025-11-26 11:50:00-05:00,151.48,151.78,151.315,151.705,18439.0
2025-11-26 11:55:00-05:00,151.64,151.715,151.385,151.69,24918.0
2025-11-26 12:00:00-05:00,151.72,152.0,151.41,151.485,19664.0
2025-11-26 12:05:00-05:00,151.485,151.7,150.72,150.815,28721.0
2025-11-26 12:10:00-05:00,150.815,151.15,150.71,150.72,19561.0
2025-11-26 12:15:00-05:00,150.71,150.93,150.47,150.58,15634.0
2025-11-26 12:20:00-05:00,150.58,151.46,150.58,151.36,13916.0
2025-11-26 12:25:00-05:00,151.33,151.39,151.11,151.18,12623.0
2025-11-26 12:30:00-05:00,151.17,151.68,151.13,151.575,14173.0
2025-11-26 12:35:00-05:00,151.6,151.86,151.355,151.51,31408.0
2025-11-26 12:40:00-05:00,151.51,151.78,151.47,151.7,16890.0
2025-11-26 12:45:00-05:00,151.65,151.72,151.226,151.63,11834.0
2025-11-26 12:50:00-05:00,151.545,151.88,151.53,151.655,18513.0
2025-11-26 12:55:00-05:00,151.65,152.0,151.48,151.655,18662.0
2025-11-26 13:00:00-05:00,151.79,152.53,151.6701,152.365,34280.0
2025-11-26 13:05:00-05:00,152.26,152.42,151.41,151.78,23304.0
2025-11-26 13:10:00-05:00,151.84,153.88,151.73,152.84,119268.0
2025-11-26 13:15:00-05:00,153.37,153.85,153.09,153.85,23123.0
2025-11-26 13:20:00-05:00,153.88,153.99,153.5,153.6172,24626.0
2025-11-26 13:25:00-05:00,153.5,154.1,153.5,154.0,41744.0
2025-11-26 13:30:00-05:00,153.895,154.24,153.74,153.84,25616.0
2025-11-26 13:35:00-05:00,153.83,153.93,153.49,153.605,20427.0
2025-11-26 13:40:00-05:00,153.66,154.2,153.605,153.94,24239.0
2025-11-26 13:45:00-05:00,153.895,154.24,153.77,154.13,39252.0
2025-11-26 13:50:00-05:00,154.225,154.43,154.03,154.105,21434.0
2025-11-26 13:55:00-05:00,154.06,154.44,153.91,154.35,23633.0
2025-11-26 14:00:00-05:00,154.32,155.0,154.046,155.0,53953.0
2025-11-26 14:05:00-05:00,154.945,155.43,154.945,155.0,84338.0
2025-11-26 14:10:00-05:00,155.0,155.27,154.81,155.135,29115.0
2025-11-26 14:15:00-05:00,155.1434,155.315,154.7,155.24,42299.0
2025-11-26 14:20:00-05:00,155.125,155.35,155.07,155.275,12886.0
2025-11-26 14:25:00-05:00,155.34,155.945,155.15,155.83,28252.0
2025-11-26 14:30:00-05:00,155.76,156.08,155.5,155.63,63278.0
2025-11-26 14:35:00-05:00,155.72,155.86,155.485,155.66,39966.0
2025-11-26 14:40:00-05:00,155.78,155.83,155.21,155.51,54055.0
2025-11-26 14:45:00-05:00,155.55,155.91,155.105,155.15,34321.0
2025-11-26 14:50:00-05:00,155.17,155.67,154.96,155.57,28764.0
2025-11-26 14:55:00-05:00,155.66,155.86,155.24,155.565,25951.0
2025-11-26 15:00:00-05:00,155.565,155.96,155.46,155.71,77518.0
2025-11-26 15:05:00-05:00,155.61,155.85,154.97,155.85,32255.0
2025-11-26 15:10:00-05:00,155.85,156.17,155.85,155.88,37631.0
2025-11-26 15:15:00-05:00,156.0,156.05,155.49,155.54,23494.0
2025-11-26 15:20:00-05:00,155.53,155.72,155.24,155.31,25124.0
2025-11-26 15:25:00-05:00,155.25,155.35,155.005,155.005,40920.0
2025-11-26 15:30:00-05:00,155.005,155.14,154.39,154.942,48457.0
2025-11-26 15:35:00-05:00,154.9,155.29,154.72,155.19,42281.0
2025-11-26 15:40:00-05:00,155.28,155.445,155.1,155.16,39681.0
2025-11-26 15:45:00-05:00,155.16,155.37,154.75,154.815,58134.0
2025-11-26 15:50:00-05:00,154.78,154.91,154.41,154.67,133731.0
2025-11-26 15:55:00-05:00,154.69,154.76,153.98,154.03,240340.0
2025-11-28 09:30:00-05:00,158.36,159.74,156.28,156.87,138239.0
2025-11-28 09:35:00-05:00,156.85,159.79,156.565,158.785,117187.0
2025-11-28 09:40:00-05:00,159.025,159.11,157.0,158.57,97662.0
2025-11-28 09:45:00-05:00,158.505,159.3899,158.06,159.37,123733.0
2025-11-28 09:50:00-05:00,159.38,159.7199,158.73,159.46,95491.0
2025-11-28 09:55:00-05:00,159.495,160.115,158.8064,159.005,103896.0
2025-11-28 10:00:00-05:00,159.1,160.57,158.85,159.9,150927.0
2025-11-28 10:05:00-05:00,159.85,160.46,159.6,160.13,62430.0
2025-11-28 10:10:00-05:00,160.105,160.25,159.24,159.515,53031.0
2025-11-28 10:15:00-05:00,159.45,160.63,159.45,160.46,75119.0
2025-11-28 10:20:00-05:00,160.56,160.62,159.61,160.41,133168.0
2025-11-28 10:25:00-05:00,160.28,160.88,160.05,160.88,75111.0
2025-11-28 10:30:00-05:00,160.785,162.12,160.785,162.11,124441.0
2025-11-28 10:35:00-05:00,162.195,163.0,162.09,162.96,105073.0
2025-11-28 10:40:00-05:00,162.97,163.87,162.85,163.43,99779.0
2025-11-28 10:45:00-05:00,163.43,164.33,163.22,164.33,113981.0
2025-11-28 10:50:00-05:00,164.33,164.84,163.7,163.77,123396.0
2025-11-28 10:55:00-05:00,163.69,164.77,163.5,163.59,127566.0
2025-11-28 11:00:00-05:00,163.71,164.04,163.635,163.92,84466.0
2025-11-28 11:05:00-05:00,163.97,164.96,163.825,164.77,81466.0
2025-11-28 11:10:00-05:00,164.7225,165.24,164.67,165.21,75224.0
2025-11-28 11:15:00-05:00,165.195,166.44,165.18,166.2,151935.0
2025-11-28 11:20:00-05:00,166.2,166.3,165.59,166.115,131276.0
2025-11-28 11:25:00-05:00,166.06,166.8099,165.86,166.6925,116356.0
2025-11-28 11:30:00-05:00,166.7025,166.8,166.075,166.265,136990.0
2025-11-28 11:35:00-05:00,166.2675,166.2775,165.63,165.835,77474.0
2025-11-28 11:40:00-05:00,165.77,165.77,164.65,165.5,134396.0
2025-11-28 11:45:00-05:00,165.4854,165.64,164.9,164.9854,87752.0
2025-11-28 11:50:00-05:00,164.975,165.41,164.8,165.4,111995.0
2025-11-28 11:55:00-05:00,165.4,165.575,164.92,165.48,62617.0
2025-11-28 12:00:00-05:00,165.56,165.59,164.64,164.71,64748.0
2025-11-28 12:05:00-05:00,164.81,166.1,164.81,166.0,110755.0
2025-11-28 12:10:00-05:00,165.98,166.12,165.25,165.52,75803.0
2025-11-28 12:15:00-05:00,165.52,165.79,165.1,165.79,54026.0
2025-11-28 12:20:00-05:00,165.7,165.86,164.82,164.84,61671.0
2025-11-28 12:25:00-05:00,164.82,165.55,164.82,165.49,60176.0
2025-11-28 12:30:00-05:00,165.43,165.94,164.78,164.815,92874.0
2025-11-28 12:35:00-05:00,164.75,164.9,164.43,164.53,97501.0
2025-11-28 12:40:00-05:00,164.505,165.125,164.25,164.57,175933.0
2025-11-28 12:45:00-05:00,164.655,165.31,164.52,165.15,97675.0
2025-11-28 12:50:00-05:00,165.155,165.155,164.25,164.285,113115.0
2025-11-28 12:55:00-05:00,164.35,165.07,164.11,164.285,312452.0
2025-11-28 13:00:00-05:00,164.26,164.26,164.26,164.26,226171.0
2025-12-01 09:30:00-05:00,160.41,164.6,160.0,164.0,308417.0
2025-12-01 09:35:00-05:00,163.745,164.53,161.39,161.39,129883.0
2025-12-01 09:40:00-05:00,161.65,162.369,160.1475,162.369,48975.0
2025-12-01 09:45:00-05:00,161.83,162.72,161.35,162.3175,83149.0
2025-12-01 09:50:00-05:00,162.28,163.64,162.0,163.33,57212.0
2025-12-01 09:55:00-05:00,163.3,164.2,162.27,162.46,74431.0
2025-12-01 10:00:00-05:00,162.8,162.92,161.88,162.155,48959.0
2025-12-01 10:05:00-05:00,162.155,163.45,161.97,163.16,37489.0
2025-12-01 10:10:00-05:00,163.11,163.14,162.1,162.28,30908.0
2025-12-01 10:15:00-05:00,162.28,163.08,162.0,162.93,28469.0
2025-12-01 10:20:00-05:00,162.95,163.45,162.76,163.095,23196.0
2025-12-01 10:25:00-05:00,162.91,163.965,162.17,162.17,56019.0
2025-12-01 10:30:00-05:00,162.14,162.755,161.35,161.515,32403.0
2025-12-01 10:35:00-05:00,161.515,161.87,161.13,161.35,47050.0
2025-12-01 10:40:00-05:00,161.79,161.86,160.9601,161.195,57912.0
2025-12-01 10:45:00-05:00,161.19,161.49,160.81,161.1,26291.0
2025-12-01 10:50:00-05:00,161.015,161.95,160.93,161.73,118406.0
2025-12-01 10:55:00-05:00,161.71,162.57,161.45,162.08,31336.0
2025-12-01 11:00:00-05:00,162.03,162.14,160.985,160.985,32221.0
2025-12-01 11:05:00-05:00,160.87,160.98,160.15,160.385,21180.0
2025-12-01 11:10:00-05:00,160.295,161.0499,160.195,160.75,18425.0
2025-12-01 11:15:00-05:00,160.73,161.5,160.685,161.175,23185.0
2025-12-01 11:20:00-05:00,161.15,161.555,161.1,161.375,11756.0
2025-12-01 11:25:00-05:00,161.375,161.6,160.78,161.47,21597.0
2025-12-01 11:30:00-05:00,161.465,161.75,161.25,161.66,26293.0
2025-12-01 11:35:00-05:00,161.675,161.857,161.39,161.445,15044.0
2025-12-01 11:40:00-05:00,161.4,161.87,161.28,161.67,28943.0
2025-12-01 11:45:00-05:00,161.67,162.08,161.66,161.715,21579.0
2025-12-01 11:50:00-05:00,161.71,162.1,161.63,161.9575,33416.0
2025-12-01 11:55:00-05:00,161.91,162.18,161.855,162.0,22213.0
2025-12-01 12:00:00-05:00,162.13,162.735,162.055,162.645,21992.0
2025-12-01 12:05:00-05:00,162.58,162.74,162.43,162.58,18483.0
2025-12-01 12:10:00-05:00,162.585,162.9,162.34,162.34,21537.0
2025-12-01 12:15:00-05:00,162.22,162.47,161.83,162.19,14646.0
2025-12-01 12:20:00-05:00,162.17,162.97,162.055,162.87,21234.0
2025-12-01 12:25:00-05:00,162.87,162.94,162.56,162.83,20605.0
2025-12-01 12:30:00-05:00,162.82,163.17,162.55,163.17,28312.0
2025-12-01 12:35:00-05:00,163.04,163.24,162.71,162.84,21722.0
2025-12-01 12:40:00-05:00,162.845,163.57,162.77,163.5,38215.0
2025-12-01 12:45:00-05:00,163.55,164.1,163.55,164.015,15458.0
2025-12-01 12:50:00-05:00,163.94,163.94,163.27,163.28,13519.0
2025-12-01 12:55:00-05:00,163.46,163.55,163.16,163.18,26930.0
2025-12-01 13:00:00-05:00,163.3,163.54,163.26,163.365,11745.0
2025-12-01 13:05:00-05:00,163.43,163.57,163.2939,163.57,10934.0
2025-12-01 13:10:00-05:00,163.64,163.77,163.5,163.56,16519.0
2025-12-01 13:15:00-05:00,163.51,163.52,163.01,163.28,29635.0
2025-12-01 13:20:00-05:00,163.19,163.4,163.1033,163.31,18436.0
2025-12-01 13:25:00-05:00,163.4,163.63,163.29,163.57,22938.0
2025-12-01 13:30:00-05:00,163.54,164.07,163.54,164.04,221855.0
2025-12-01 13:35:00-05:00,164.06,164.18,163.835,163.84,23906.0
2025-12-01 13:40:00-05:00,163.85,164.38,163.81,164.35,19762.0
2025-12-01 13:45:00-05:00,164.18,164.5,164.03,164.39,16077.0
2025-12-01 13:50:00-05:00,164.395,165.32,164.395,165.17,32301.0
2025-12-01 13:55:00-05:00,165.12,165.4,164.94,165.215,30335.0
2025-12-01 14:00:00-05:00,165.15,165.73,164.89,165.525,66496.0
2025-12-01 14:05:00-05:00,165.45,165.53,164.885,165.03,124597.0
2025-12-01 14:10:00-05:00,165.07,165.07,164.53,164.79,18916.0
2025-12-01 14:15:00-05:00,164.67,164.745,163.74,164.2599,23810.0
2025-12-01 14:20:00-05:00,164.15,164.47,163.7,163.97,14981.0
2025-12-01 14:25:00-05:00,163.88,164.01,163.65,163.71,18280.0
2025-12-01 14:30:00-05:00,163.69,163.86,163.31,163.85,48306.0
2025-12-01 14:35:00-05:00,164.045,164.445,163.85,164.02,27544.0
2025-12-01 14:40:00-05:00,164.035,164.19,163.0601,163.0601,37755.0
2025-12-01 14:45:00-05:00,163.09,163.48,162.898,163.16,20005.0
2025-12-01 14:50:00-05:00,163.25,163.41,163.13,163.285,13709.0
2025-12-01 14:55:00-05:00,163.33,163.33,162.55,162.925,34299.0
2025-12-01 15:00:00-05:00,162.84,163.33,162.795,163.21,32577.0
2025-12-01 15:05:00-05:00,163.25,163.53,162.985,162.985,29159.0
2025-12-01 15:10:00-05:00,163.07,163.4,163.03,163.26,22841.0
2025-12-01 15:15:00-05:00,163.135,163.54,162.98,163.15,25124.0
2025-12-01 15:20:00-05:00,163.06,163.65,162.94,163.265,38342.0
2025-12-01 15:25:00-05:00,163.26,163.85,163.1,163.82,59136.0
2025-12-01 15:30:00-05:00,163.9,164.0,163.68,163.85,55381.0
2025-12-01 15:35:00-05:00,163.94,164.08,163.67,163.83,72429.0
2025-12-01 15:40:00-05:00,163.84,164.0,163.56,163.93,45932.0
2025-12-01 15:45:00-05:00,163.895,164.42,163.82,163.89,195906.0
2025-12-01 15:50:00-05:00,163.89,163.96,162.6901,163.08,186952.0
2025-12-01 15:55:00-05:00,163.17,163.87,162.96,163.49,347033.0
2025-12-02 09:30:00-05:00,168.0,170.945,167.92,170.37,204198.0
2025-12-02 09:35:00-05:00,170.51,172.58,170.2,171.99,177776.0
2025-12-02 09:40:00-05:00,172.24,172.58,170.975,171.87,143130.0
2025-12-02 09:45:00-05:00,171.66,172.0,167.2817,167.7655,190782.0
2025-12-02 09:50:00-05:00,167.815,170.73,167.8,170.355,183448.0
2025-12-02 09:55:00-05:00,170.41,172.49,170.0,172.42,192472.0
2025-12-02 10:00:00-05:00,172.03,172.235,171.235,172.065,122489.0
2025-12-02 10:05:00-05:00,171.975,172.09,171.14,171.735,147780.0
2025-12-02 10:10:00-05:00,171.6,171.6,170.21,170.725,81067.0
2025-12-02 10:15:00-05:00,170.785,171.25,169.0,169.83,119565.0
2025-12-02 10:20:00-05:00,169.7175,169.76,168.0,168.255,73337.0
2025-12-02 10:25:00-05:00,168.255,168.805,167.3601,167.56,100097.0
2025-12-02 10:30:00-05:00,167.56,167.77,165.91,166.425,120576.0
2025-12-02 10:35:00-05:00,166.425,166.58,164.3101,164.3101,79895.0
2025-12-02 10:40:00-05:00,164.43,166.41,164.43,165.755,64617.0
2025-12-02 10:45:00-05:00,165.46,167.1826,165.08,167.1826,35124.0
2025-12-02 10:50:00-05:00,166.94,167.26,165.63,166.09,57976.0
2025-12-02 10:55:00-05:00,166.23,166.31,163.95,164.36,51820.0
2025-12-02 11:00:00-05:00,164.36,164.86,163.73,164.26,56920.0
2025-12-02 11:05:00-05:00,163.805,164.3164,163.19,163.91,44044.0
2025-12-02 11:10:00-05:00,163.78,163.78,163.01,163.3,48032.0
2025-12-02 11:15:00-05:00,163.3,164.37,163.3,164.37,67569.0
2025-12-02 11:20:00-05:00,164.33,165.0399,162.895,163.08,59726.0
2025-12-02 11:25:00-05:00,163.085,163.61,163.0425,163.49,40735.0
2025-12-02 11:30:00-05:00,163.27,163.8425,162.27,163.12,134754.0
2025-12-02 11:35:00-05:00,163.03,163.99,162.84,163.94,40918.0
2025-12-02 11:40:00-05:00,163.98,164.5,163.04,163.07,45353.0
2025-12-02 11:45:00-05:00,162.99,163.61,162.75,162.755,20209.0
2025-12-02 11:50:00-05:00,163.0,163.72,162.77,163.3,23906.0
2025-12-02 11:55:00-05:00,163.46,163.535,162.76,163.36,26957.0
2025-12-02 12:00:00-05:00,163.55,164.07,163.46,164.03,16783.0
2025-12-02 12:05:00-05:00,163.965,163.97,162.45,162.54,33172.0
2025-12-02 12:10:00-05:00,162.67,163.2325,162.31,162.95,27266.0
2025-12-02 12:15:00-05:00,162.95,163.505,162.775,163.465,17838.0
2025-12-02 12:20:00-05:00,163.475,163.475,162.76,162.93,25372.0
2025-12-02 12:25:00-05:00,162.8725,163.96,162.74,163.78,25450.0
2025-12-02 12:30:00-05:00,163.78,165.09,163.77,164.44,73283.0
2025-12-02 12:35:00-05:00,164.44,164.76,163.87,163.9,52614.0
2025-12-02 12:40:00-05:00,163.905,164.57,163.81,164.565,44053.0
2025-12-02 12:45:00-05:00,164.57,164.82,164.39,164.755,23817.0
2025-12-02 12:50:00-05:00,164.745,165.245,164.39,165.15,29816.0
2025-12-02 12:55:00-05:00,165.08,165.15,164.2,164.21,14815.0
2025-12-02 13:00:00-05:00,164.18,164.97,164.17,164.97,16999.0
2025-12-02 13:05:00-05:00,164.89,165.81,164.7601,165.51,18005.0
2025-12-02 13:10:00-05:00,165.38,165.68,165.24,165.59,19452.0
2025-12-02 13:15:00-05:00,165.56,165.88,165.5225,165.825,14984.0
2025-12-02 13:20:00-05:00,165.75,166.0,165.67,165.85,13607.0
2025-12-02 13:25:00-05:00,165.84,166.16,165.55,166.09,15308.0
2025-12-02 13:30:00-05:00,166.09,166.51,165.97,165.995,24349.0
2025-12-02 13:35:00-05:00,165.92,166.32,165.6501,166.12,25142.0
2025-12-02 13:40:00-05:00,166.175,166.65,165.915,166.62,17493.0
2025-12-02 13:45:00-05:00,166.36,166.57,165.8011,166.37,22286.0
2025-12-02 13:50:00-05:00,166.37,166.49,166.16,166.49,16657.0
2025-12-02 13:55:00-05:00,166.34,166.34,165.6725,165.875,26179.0
2025-12-02 14:00:00-05:00,165.83,165.99,165.5,165.6125,24912.0
2025-12-02 14:05:00-05:00,165.75,166.3,165.695,165.82,19130.0
2025-12-02 14:10:00-05:00,165.965,166.0463,165.69,165.935,16861.0
2025-12-02 14:15:00-05:00,165.935,166.409,165.935,166.17,22224.0
2025-12-02 14:20:00-05:00,166.175,166.18,165.56,165.68,16393.0
2025-12-02 14:25:00-05:00,165.69,165.71,165.24,165.545,15595.0
2025-12-02 14:30:00-05:00,165.5175,166.07,165.5175,165.75,14776.0
2025-12-02 14:35:00-05:00,165.75,166.08,165.6101,165.975,45714.0
2025-12-02 14:40:00-05:00,165.96,166.1,165.43,165.595,26471.0
2025-12-02 14:45:00-05:00,165.75,165.76,165.43,165.5,16661.0
2025-12-02 14:50:00-05:00,165.585,165.71,165.2,165.29,13412.0
2025-12-02 14:55:00-05:00,165.09,165.49,165.09,165.27,20546.0
2025-12-02 15:00:00-05:00,165.15,165.28,164.7875,164.89,38454.0
2025-12-02 15:05:00-05:00,164.86,165.29,164.67,165.29,19039.0
2025-12-02 15:10:00-05:00,165.4205,165.4205,164.66,164.87,22571.0
2025-12-02 15:15:00-05:00,164.81,164.81,164.3503,164.63,17447.0
2025-12-02 15:20:00-05:00,164.68,164.94,164.62,164.85,16936.0
2025-12-02 15:25:00-05:00,164.78,164.91,164.58,164.83,20774.0
2025-12-02 15:30:00-05:00,164.91,165.1,164.77,165.055,33645.0
2025-12-02 15:35:00-05:00,165.04,165.24,164.6,164.675,49744.0
2025-12-02 15:40:00-05:00,164.555,164.76,164.12,164.215,44293.0
2025-12-02 15:45:00-05:00,164.16,164.39,164.07,164.37,49650.0
2025-12-02 15:50:00-05:00,164.41,165.69,164.41,165.425,83518.0
2025-12-02 15:55:00-05:00,165.49,165.6,164.79,164.8,266124.0
2025-12-03 09:30:00-05:00,164.37,165.13,161.66,161.75,95229.0
2025-12-03 09:35:00-05:00,161.66,163.27,159.06,159.26,87001.0
2025-12-03 09:40:00-05:00,159.26,161.08,158.2101,158.7205,106036.0
2025-12-03 09:45:00-05:00,158.85,161.68,158.85,161.37,73375.0
2025-12-03 09:50:00-05:00,161.37,161.68,159.46,160.975,74347.0
2025-12-03 09:55:00-05:00,161.01,162.71,161.01,161.285,29711.0
2025-12-03 10:00:00-05:00,161.285,163.1899,160.575,163.1899,78859.0
2025-12-03 10:05:00-05:00,163.05,163.6,162.56,163.0,45765.0
2025-12-03 10:10:00-05:00,162.83,163.42,162.02,163.2,35332.0
2025-12-03 10:15:00-05:00,163.37,164.43,163.37,163.69,23268.0
2025-12-03 10:20:00-05:00,163.593,164.83,163.593,164.83,73656.0
2025-12-03 10:25:00-05:00,164.91,165.37,164.26,164.8,25588.0
2025-12-03 10:30:00-05:00,164.75,165.39,163.815,165.0,30871.0
2025-12-03 10:35:00-05:00,164.57,166.3,164.57,165.9,48995.0
2025-12-03 10:40:00-05:00,165.94,167.59,165.94,166.985,54302.0
2025-12-03 10:45:00-05:00,166.98,167.91,166.8825,167.545,74455.0
2025-12-03 10:50:00-05:00,167.44,167.75,167.14,167.29,57962.0
2025-12-03 10:55:00-05:00,167.285,167.65,167.13,167.535,27608.0
2025-12-03 11:00:00-05:00,167.5534,168.3,167.5534,168.3,44440.0
2025-12-03 11:05:00-05:00,168.25,168.99,167.86,168.0,63817.0
2025-12-03 11:10:00-05:00,167.875,168.16,167.51,167.72,42552.0
2025-12-03 11:15:00-05:00,167.86,168.18,167.6,168.16,19836.0
2025-12-03 11:20:00-05:00,168.01,168.14,167.64,167.79,30831.0
2025-12-03 11:25:00-05:00,167.785,167.97,167.11,167.36,26546.0
2025-12-03 11:30:00-05:00,167.34,167.93,167.34,167.93,33341.0
2025-12-03 11:35:00-05:00,167.895,167.93,167.19,167.43,35925.0
2025-12-03 11:40:00-05:00,167.446,167.58,167.17,167.2525,18082.0
2025-12-03 11:45:00-05:00,167.12,167.43,166.78,166.925,31327.0
2025-12-03 11:50:00-05:00,166.85,167.0,166.34,166.34,20513.0
2025-12-03 11:55:00-05:00,166.345,166.61,166.01,166.455,24834.0
2025-12-03 12:00:00-05:00,166.525,167.03,166.525,166.75,21581.0
2025-12-03 12:05:00-05:00,166.76,166.76,165.97,166.44,65463.0
2025-12-03 12:10:00-05:00,166.42,166.68,166.09,166.62,39649.0
2025-12-03 12:15:00-05:00,166.62,166.84,166.39,166.79,40674.0
2025-12-03 12:20:00-05:00,166.83,166.85,166.61,166.675,11702.0
2025-12-03 12:25:00-05:00,166.675,166.675,166.1,166.61,19720.0
2025-12-03 12:30:00-05:00,166.59,166.81,165.97,165.995,24924.0
2025-12-03 12:35:00-05:00,166.055,166.34,165.91,166.34,21009.0
2025-12-03 12:40:00-05:00,166.315,166.7599,166.315,166.44,34977.0
2025-12-03 12:45:00-05:00,166.51,166.98,166.29,166.9,36265.0
2025-12-03 12:50:00-05:00,166.82,167.025,166.67,166.985,19110.0
2025-12-03 12:55:00-05:00,167.02,167.25,166.635,166.76,111286.0
2025-12-03 13:00:00-05:00,166.7443,167.8,166.7443,167.605,73591.0
2025-12-03 13:05:00-05:00,167.605,167.81,167.49,167.5,40564.0
2025-12-03 13:10:00-05:00,167.56,168.67,167.45,168.67,65418.0
2025-12-03 13:15:00-05:00,168.71,169.02,168.25,168.275,49778.0
2025-12-03 13:20:00-05:00,168.15,168.68,168.06,168.68,40303.0
2025-12-03 13:25:00-05:00,168.75,169.24,168.75,168.955,31430.0
2025-12-03 13:30:00-05:00,168.955,169.7079,168.955,169.35,192196.0
2025-12-03 13:35:00-05:00,169.13,169.28,168.94,169.13,19200.0
2025-12-03 13:40:00-05:00,169.13,169.55,169.01,169.055,24448.0
2025-12-03 13:45:00-05:00,169.07,169.32,168.94,168.94,16315.0
2025-12-03 13:50:00-05:00,168.93,169.03,168.71,168.955,38135.0
2025-12-03 13:55:00-05:00,168.9201,169.31,168.79,169.245,22734.0
2025-12-03 14:00:00-05:00,169.14,169.175,168.88,169.06,48566.0
2025-12-03 14:05:00-05:00,169.06,169.17,168.35,168.68,45489.0
2025-12-03 14:10:00-05:00,168.68,168.7,168.445,168.6,13253.0
2025-12-03 14:15:00-05:00,168.64,168.82,168.3,168.82,19245.0
2025-12-03 14:20:00-05:00,168.77,169.31,168.77,169.251,28031.0
2025-12-03 14:25:00-05:00,169.26,169.26,168.9,168.945,36127.0
2025-12-03 14:30:00-05:00,168.965,169.18,168.875,168.95,33017.0
2025-12-03 14:35:00-05:00,168.955,169.04,168.7598,168.8025,27949.0
2025-12-03 14:40:00-05:00,168.8,169.03,168.52,168.95,31626.0
2025-12-03 14:45:00-05:00,168.975,169.09,168.91,168.98,16934.0
2025-12-03 14:50:00-05:00,168.99,169.16,168.9214,169.145,14034.0
2025-12-03 14:55:00-05:00,169.115,169.21,168.95,169.0905,20704.0
2025-12-03 15:00:00-05:00,169.14,169.73,169.14,169.2875,29887.0
2025-12-03 15:05:00-05:00,169.37,169.83,169.3459,169.725,19606.0
2025-12-03 15:10:00-05:00,169.67,169.92,169.47,169.56,18170.0
2025-12-03 15:15:00-05:00,169.47,169.95,169.46,169.925,25596.0
2025-12-03 15:20:00-05:00,169.98,170.15,169.91,170.07,61484.0
2025-12-03 15:25:00-05:00,170.0,170.49,170.0,170.3975,27400.0
2025-12-03 15:30:00-05:00,170.4,170.41,170.15,170.285,58814.0
2025-12-03 15:35:00-05:00,170.3,170.37,169.94,170.0,36890.0
2025-12-03 15:40:00-05:00,170.01,170.21,169.94,170.14,46001.0
2025-12-03 15:45:00-05:00,170.07,170.44,169.73,169.8,132492.0
2025-12-03 15:50:00-05:00,169.87,170.61,169.75,170.295,112696.0
2025-12-03 15:55:00-05:00,170.34,171.18,170.26,170.88,311697.0
2025-12-04 09:30:00-05:00,169.6,173.71,169.37,172.26,116430.0
2025-12-04 09:35:00-05:00,172.64,175.91,172.3551,175.42,118728.0
2025-12-04 09:40:00-05:00,175.55,177.51,175.4341,176.7425,136277.0
2025-12-04 09:45:00-05:00,176.72,178.46,176.28,178.22,188228.0
2025-12-04 09:50:00-05:00,178.22,179.0,176.77,177.94,153427.0
2025-12-04 09:55:00-05:00,177.55,178.16,176.75,177.53,83417.0
2025-12-04 10:00:00-05:00,177.56,178.88,177.3923,178.71,71282.0
2025-12-04 10:05:00-05:00,178.74,180.42,178.665,180.34,201883.0
2025-12-04 10:10:00-05:00,180.375,181.28,178.93,181.1299,162380.0
2025-12-04 10:15:00-05:00,181.01,181.92,180.5765,181.355,165398.0
2025-12-04 10:20:00-05:00,181.355,182.79,181.1101,182.5593,137631.0
2025-12-04 10:25:00-05:00,182.53,183.67,181.885,183.365,92522.0
2025-12-04 10:30:00-05:00,183.36,183.96,182.98,183.88,131165.0
2025-12-04 10:35:00-05:00,183.65,184.73,183.57,184.46,119654.0
2025-12-04 10:40:00-05:00,184.4,185.0,183.84,184.26,138848.0
2025-12-04 10:45:00-05:00,184.34,185.58,184.26,185.51,118241.0
2025-12-04 10:50:00-05:00,185.5,186.18,184.95,185.16,234473.0
2025-12-04 10:55:00-05:00,185.0,186.48,184.61,185.855,151056.0
2025-12-04 11:00:00-05:00,185.855,186.25,184.0,184.192,94240.0
2025-12-04 11:05:00-05:00,184.165,184.51,183.595,183.834,77078.0
2025-12-04 11:10:00-05:00,183.8,183.825,182.46,182.465,59667.0
2025-12-04 11:15:00-05:00,182.725,182.83,181.89,182.355,85413.0
2025-12-04 11:20:00-05:00,182.355,183.28,182.355,182.95,74123.0
2025-12-04 11:25:00-05:00,183.22,183.22,181.925,182.1749,33942.0
2025-12-04 11:30:00-05:00,182.125,182.1361,181.425,181.535,45365.0
2025-12-04 11:35:00-05:00,181.32,182.28,181.25,181.7,37644.0
2025-12-04 11:40:00-05:00,181.7,181.76,181.35,181.535,24124.0
2025-12-04 11:45:00-05:00,181.5375,182.64,181.2,182.5125,124185.0
2025-12-04 11:50:00-05:00,182.495,183.15,181.995,182.52,59177.0
2025-12-04 11:55:00-05:00,182.615,183.0019,182.5,182.74,44984.0
2025-12-04 12:00:00-05:00,182.73,183.039,181.39,181.405,40743.0
2025-12-04 12:05:00-05:00,181.85,182.64,181.775,182.3,56504.0
2025-12-04 12:10:00-05:00,182.365,183.41,182.12,183.2,34697.0
2025-12-04 12:15:00-05:00,183.25,183.25,182.01,182.14,33417.0
2025-12-04 12:20:00-05:00,182.01,182.3,180.5,180.975,61094.0
2025-12-04 12:25:00-05:00,180.9615,181.6,180.9615,181.32,36881.0
2025-12-04 12:30:00-05:00,181.31,181.6784,180.96,181.61,64285.0
2025-12-04 12:35:00-05:00,181.655,181.73,181.23,181.66,37519.0
2025-12-04 12:40:00-05:00,181.79,182.36,181.64,182.0812,55860.0
2025-12-04 12:45:00-05:00,182.05,182.05,181.01,181.235,36978.0
2025-12-04 12:50:00-05:00,181.37,181.77,181.2725,181.6616,38026.0
2025-12-04 12:55:00-05:00,181.71,181.92,181.37,181.37,29409.0
2025-12-04 13:00:00-05:00,181.22,181.4,179.6046,179.83,69398.0
2025-12-04 13:05:00-05:00,179.9487,180.1825,179.2,179.9999,76669.0
2025-12-04 13:10:00-05:00,180.15,180.3,179.26,179.26,41154.0
2025-12-04 13:15:00-05:00,179.29,180.08,178.37,179.0,79653.0
2025-12-04 13:20:00-05:00,179.08,179.4,178.8,179.4,44936.0
2025-12-04 13:25:00-05:00,179.4,179.6045,179.22,179.24,46130.0
2025-12-04 13:30:00-05:00,179.22,179.87,179.12,179.8,36240.0
2025-12-04 13:35:00-05:00,179.8,180.09,179.7,180.0,30298.0
2025-12-04 13:40:00-05:00,180.03,180.2,179.66,180.11,21229.0
2025-12-04 13:45:00-05:00,179.98,180.31,179.9,180.06,20446.0
2025-12-04 13:50:00-05:00,180.2,180.47,179.8,180.24,35433.0
2025-12-04 13:55:00-05:00,180.03,180.19,179.83,180.11,13649.0
2025-12-04 14:00:00-05:00,180.03,180.03,179.2054,179.32,21985.0
2025-12-04 14:05:00-05:00,179.44,179.85,179.32,179.78,24773.0
2025-12-04 14:10:00-05:00,179.78,179.9599,178.32,178.43,120246.0
2025-12-04 14:15:00-05:00,178.44,178.63,177.88,178.03,57444.0
2025-12-04 14:20:00-05:00,177.88,178.17,177.03,177.66,61752.0
2025-12-04 14:25:00-05:00,177.83,179.21,177.76,178.94,149096.0
2025-12-04 14:30:00-05:00,178.89,179.78,178.59,179.77,42028.0
2025-12-04 14:35:00-05:00,179.89,179.99,179.21,179.47,29183.0
2025-12-04 14:40:00-05:00,179.51,179.66,179.18,179.38,27488.0
2025-12-04 14:45:00-05:00,179.58,179.64,179.295,179.37,24663.0
2025-12-04 14:50:00-05:00,179.5,179.73,179.2,179.55,35188.0
2025-12-04 14:55:00-05:00,179.68,179.89,179.42,179.89,49202.0
2025-12-04 15:00:00-05:00,179.9,180.11,179.35,179.405,41609.0
2025-12-04 15:05:00-05:00,179.29,179.54,179.11,179.27,31799.0
2025-12-04 15:10:00-05:00,179.15,179.6699,178.75,179.445,98904.0
2025-12-04 15:15:00-05:00,179.4,179.78,178.95,179.14,63461.0
2025-12-04 15:20:00-05:00,179.135,179.16,178.74,178.795,50307.0
2025-12-04 15:25:00-05:00,178.68,178.89,178.0,178.48,99807.0
2025-12-04 15:30:00-05:00,178.5,178.8053,178.19,178.19,77908.0
2025-12-04 15:35:00-05:00,178.24,179.03,177.85,178.45,121421.0
2025-12-04 15:40:00-05:00,178.45,178.75,178.19,178.19,47096.0
2025-12-04 15:45:00-05:00,178.13,178.9,177.88,178.9,101254.0
2025-12-04 15:50:00-05:00,178.93,179.57,178.56,178.56,139775.0
2025-12-04 15:55:00-05:00,178.81,178.81,177.22,177.34,369128.0
2025-12-05 09:30:00-05:00,186.0,187.78,181.83,183.71,333534.0
2025-12-05 09:35:00-05:00,183.91,185.31,183.2,183.7,206099.0
2025-12-05 09:40:00-05:00,183.44,185.96,182.62,185.65,138807.0
2025-12-05 09:45:00-05:00,186.0,187.0,184.99,185.9,138752.0
2025-12-05 09:50:00-05:00,186.19,186.73,184.63,186.0725,87358.0
2025-12-05 09:55:00-05:00,186.04,186.9999,185.06,185.7,58940.0
2025-12-05 10:00:00-05:00,185.4,187.5,184.8,186.95,87788.0
2025-12-05 10:05:00-05:00,187.18,187.8,186.56,186.76,94076.0
2025-12-05 10:10:00-05:00,186.84,188.36,186.84,187.67,85352.0
2025-12-05 10:15:00-05:00,187.82,187.955,186.37,186.49,69190.0
2025-12-05 10:20:00-05:00,186.495,187.58,185.98,187.24,158182.0
2025-12-05 10:25:00-05:00,187.24,187.25,185.59,186.255,103691.0
2025-12-05 10:30:00-05:00,186.255,187.08,185.96,186.37,72517.0
2025-12-05 10:35:00-05:00,186.37,186.58,184.3601,184.885,53630.0
2025-12-05 10:40:00-05:00,184.855,184.855,183.58,184.23,65520.0
2025-12-05 10:45:00-05:00,184.38,185.38,183.81,185.31,48828.0
2025-12-05 10:50:00-05:00,185.21,185.21,183.891,184.67,32677.0
2025-12-05 10:55:00-05:00,184.47,185.1,183.6346,184.33,64289.0
2025-12-05 11:00:00-05:00,184.23,184.62,183.61,183.61,34871.0
2025-12-05 11:05:00-05:00,183.61,184.525,183.39,183.775,39005.0
2025-12-05 11:10:00-05:00,183.76,184.52,183.34,183.94,37441.0
2025-12-05 11:15:00-05:00,183.85,183.9,183.01,183.58,40300.0
2025-12-05 11:20:00-05:00,183.54,184.445,183.36,183.68,42356.0
2025-12-05 11:25:00-05:00,183.78,184.345,183.64,183.78,33231.0
2025-12-05 11:30:00-05:00,183.61,184.22,183.07,183.955,58990.0
2025-12-05 11:35:00-05:00,184.08,184.43,183.2775,184.4002,43194.0
2025-12-05 11:40:00-05:00,184.31,185.72,184.03,185.4012,56452.0
2025-12-05 11:45:00-05:00,185.6,186.0,184.97,185.8,39254.0
2025-12-05 11:50:00-05:00,185.81,186.25,185.54,185.885,38614.0
2025-12-05 11:55:00-05:00,185.78,186.54,185.53,185.545,43808.0
2025-12-05 12:00:00-05:00,185.45,185.46,184.93,184.96,27581.0
2025-12-05 12:05:00-05:00,184.9,185.17,184.43,184.67,33244.0
2025-12-05 12:10:00-05:00,184.715,184.96,184.35,184.75,50626.0
2025-12-05 12:15:00-05:00,184.81,185.12,184.62,185.12,25334.0
2025-12-05 12:20:00-05:00,185.03,185.16,184.7,185.15,25606.0
2025-12-05 12:25:00-05:00,185.05,185.13,184.37,184.5425,49566.0
2025-12-05 12:30:00-05:00,184.54,184.74,183.95,183.97,29493.0
2025-12-05 12:35:00-05:00,183.99,184.37,183.895,184.28,28918.0
2025-12-05 12:40:00-05:00,184.15,184.31,183.89,184.04,26472.0
2025-12-05 12:45:00-05:00,183.96,184.64,183.91,184.545,37164.0
2025-12-05 12:50:00-05:00,184.44,185.45,184.38,185.31,30064.0
2025-12-05 12:55:00-05:00,185.135,185.43,184.91,185.33,26800.0
2025-12-05 13:00:00-05:00,185.33,185.6,185.1,185.6,26129.0
2025-12-05 13:05:00-05:00,185.54,185.83,184.95,185.33,38860.0
2025-12-05 13:10:00-05:00,185.4,185.4,184.91,185.09,23585.0
2025-12-05 13:15:00-05:00,185.09,185.09,184.585,184.69,20972.0
2025-12-05 13:20:00-05:00,184.61,184.74,184.2301,184.555,27761.0
2025-12-05 13:25:00-05:00,184.42,184.805,184.16,184.805,19791.0
2025-12-05 13:30:00-05:00,184.78,185.09,184.78,185.03,23331.0
2025-12-05 13:35:00-05:00,185.0444,185.97,185.03,185.75,52649.0
2025-12-05 13:40:00-05:00,185.8,186.0,185.41,185.695,31118.0
2025-12-05 13:45:00-05:00,185.675,185.675,185.22,185.46,21127.0
2025-12-05 13:50:00-05:00,185.27,185.27,184.819,184.965,29197.0
2025-12-05 13:55:00-05:00,185.05,185.05,184.55,184.58,58026.0
2025-12-05 14:00:00-05:00,184.59,184.63,183.8601,184.0,49941.0
2025-12-05 14:05:00-05:00,184.005,184.3199,183.86,183.89,25090.0
2025-12-05 14:10:00-05:00,183.89,183.95,183.54,183.61,16306.0
2025-12-05 14:15:00-05:00,183.61,183.61,183.17,183.425,21859.0
2025-12-05 14:20:00-05:00,183.435,183.61,182.97,182.97,15989.0
2025-12-05 14:25:00-05:00,183.02,183.29,182.98,183.01,33272.0
2025-12-05 14:30:00-05:00,183.035,183.32,182.63,182.71,52922.0
2025-12-05 14:35:00-05:00,182.75,183.065,182.74,183.03,44855.0
2025-12-05 14:40:00-05:00,182.99,183.11,182.75,182.87,22698.0
2025-12-05 14:45:00-05:00,182.79,183.07,182.71,182.912,35769.0
2025-12-05 14:50:00-05:00,183.0296,183.0296,182.465,182.575,32806.0
2025-12-05 14:55:00-05:00,182.64,182.76,182.41,182.72,32529.0
2025-12-05 15:00:00-05:00,182.68,182.78,182.34,182.35,47571.0
2025-12-05 15:05:00-05:00,182.34,182.83,182.28,182.665,28909.0
2025-12-05 15:10:00-05:00,182.56,183.04,182.5,182.93,34597.0
2025-12-05 15:15:00-05:00,182.88,183.03,182.66,182.955,53510.0
2025-12-05 15:20:00-05:00,182.95,182.97,182.53,182.74,41558.0
2025-12-05 15:25:00-05:00,182.75,182.825,182.45,182.535,47843.0
2025-12-05 15:30:00-05:00,182.5,182.86,182.21,182.86,73389.0
2025-12-05 15:35:00-05:00,182.78,182.895,182.36,182.45,61004.0
2025-12-05 15:40:00-05:00,182.38,182.62,182.09,182.5,104216.0
2025-12-05 15:45:00-05:00,182.43,182.52,181.8,182.19,114777.0
2025-12-05 15:50:00-05:00,182.19,182.515,182.1,182.39,171391.0
2025-12-05 15:55:00-05:00,182.41,182.45,181.48,181.78,413695.0
2025-12-08 09:30:00-05:00,187.24,189.16,185.11,186.47,401102.0
2025-12-08 09:35:00-05:00,186.52,188.38,185.7123,188.01,281858.0
2025-12-08 09:40:00-05:00,187.995,189.5,186.51,187.19,154469.0
2025-12-08 09:45:00-05:00,186.76,189.0,185.2,188.98,152315.0
2025-12-08 09:50:00-05:00,188.76,190.0,188.01,189.0,265259.0
2025-12-08 09:55:00-05:00,188.72,189.23,187.6844,189.23,86208.0
2025-12-08 10:00:00-05:00,189.31,190.85,188.0901,190.228,142329.0
2025-12-08 10:05:00-05:00,190.2,190.25,188.15,188.28,72950.0
2025-12-08 10:10:00-05:00,188.28,189.65,188.1,189.235,59668.0
2025-12-08 10:15:00-05:00,189.03,189.86,188.3,188.75,186252.0
2025-12-08 10:20:00-05:00,188.72,188.72,186.47,186.515,131656.0
2025-12-08 10:25:00-05:00,186.67,186.67,184.5,185.01,100527.0
2025-12-08 10:30:00-05:00,185.17,185.17,184.17,184.4351,108101.0
2025-12-08 10:35:00-05:00,184.37,185.4,184.26,184.895,149076.0
2025-12-08 10:40:00-05:00,184.78,185.21,183.5901,183.8601,107801.0
2025-12-08 10:45:00-05:00,183.8601,184.16,183.08,183.235,63555.0
2025-12-08 10:50:00-05:00,183.415,183.5,180.25,180.61,88173.0
2025-12-08 10:55:00-05:00,180.27,180.8413,179.0,180.0,154354.0
2025-12-08 11:00:00-05:00,179.98,180.21,179.17,179.42,72938.0
2025-12-08 11:05:00-05:00,179.41,180.745,179.26,180.01,103396.0
2025-12-08 11:10:00-05:00,180.07,181.0,179.71,179.72,55141.0
2025-12-08 11:15:00-05:00,179.74,180.235,179.41,179.98,45862.0
2025-12-08 11:20:00-05:00,180.12,181.4,180.06,181.06,42366.0
2025-12-08 11:25:00-05:00,181.01,181.78,180.9,181.45,43892.0
2025-12-08 11:30:00-05:00,181.45,181.45,180.5,180.63,40583.0
2025-12-08 11:35:00-05:00,180.6,181.78,180.5,181.39,26649.0
2025-12-08 11:40:00-05:00,181.33,181.33,180.57,180.6501,19139.0
2025-12-08 11:45:00-05:00,181.015,181.3,180.54,180.62,31600.0
2025-12-08 11:50:00-05:00,180.625,181.5,180.625,181.37,29353.0
2025-12-08 11:55:00-05:00,181.3,181.325,180.92,181.09,24122.0
2025-12-08 12:00:00-05:00,180.97,181.47,180.23,181.2179,41841.0
2025-12-08 12:05:00-05:00,181.08,182.07,181.08,182.03,45956.0
2025-12-08 12:10:00-05:00,182.13,182.22,181.61,181.825,30519.0
2025-12-08 12:15:00-05:00,181.76,182.15,181.62,181.74,20547.0
2025-12-08 12:20:00-05:00,181.8005,182.34,181.785,182.34,26510.0
2025-12-08 12:25:00-05:00,182.26,182.579,182.1,182.31,30060.0
2025-12-08 12:30:00-05:00,182.44,183.02,182.43,182.79,22549.0
2025-12-08 12:35:00-05:00,182.81,183.12,182.73,183.07,23699.0
2025-12-08 12:40:00-05:00,182.95,183.255,182.57,182.769,30872.0
2025-12-08 12:45:00-05:00,182.76,182.97,182.45,182.93,17075.0
2025-12-08 12:50:00-05:00,182.93,183.42,182.86,183.265,33466.0
2025-12-08 12:55:00-05:00,183.24,184.5,183.13,183.84,41799.0
2025-12-08 13:00:00-05:00,183.64,183.92,183.4,183.89,23968.0
2025-12-08 13:05:00-05:00,183.93,184.2,183.87,183.93,39071.0
2025-12-08 13:10:00-05:00,183.86,183.86,183.44,183.76,22993.0
2025-12-08 13:15:00-05:00,183.715,183.8,182.9511,183.31,22299.0
2025-12-08 13:20:00-05:00,183.45,183.54,183.13,183.13,16458.0
2025-12-08 13:25:00-05:00,183.1,183.1,182.35,182.35,22868.0
2025-12-08 13:30:00-05:00,182.3,182.78,182.3,182.525,25766.0
2025-12-08 13:35:00-05:00,182.43,183.42,182.2,183.21,22024.0
2025-12-08 13:40:00-05:00,183.1,183.47,182.67,183.47,17018.0
2025-12-08 13:45:00-05:00,183.34,183.92,183.22,183.635,26794.0
2025-12-08 13:50:00-05:00,183.635,183.635,183.13,183.24,14787.0
2025-12-08 13:55:00-05:00,183.255,183.255,182.66,182.895,37697.0
2025-12-08 14:00:00-05:00,182.91,183.11,181.71,182.715,27440.0
2025-12-08 14:05:00-05:00,182.55,182.9,182.3,182.355,20604.0
2025-12-08 14:10:00-05:00,182.36,182.36,181.88,181.95,29576.0
2025-12-08 14:15:00-05:00,182.08,182.365,182.05,182.27,42427.0
2025-12-08 14:20:00-05:00,182.275,182.28,181.93,182.08,37270.0
2025-12-08 14:25:00-05:00,182.08,182.31,181.875,182.09,32922.0
2025-12-08 14:30:00-05:00,182.11,182.44,182.0,182.26,38003.0
2025-12-08 14:35:00-05:00,182.26,182.57,182.1,182.52,34274.0
2025-12-08 14:40:00-05:00,182.61,182.7262,182.35,182.52,21095.0
2025-12-08 14:45:00-05:00,182.46,182.81,182.4,182.75,21113.0
2025-12-08 14:50:00-05:00,182.74,182.75,182.0,182.43,68138.0
2025-12-08 14:55:00-05:00,182.41,182.51,182.07,182.255,18216.0
2025-12-08 15:00:00-05:00,182.26,182.39,182.0,182.009,28540.0
2025-12-08 15:05:00-05:00,182.0,182.78,181.73,182.68,35812.0
2025-12-08 15:10:00-05:00,182.72,182.79,182.57,182.71,18481.0
2025-12-08 15:15:00-05:00,182.67,182.91,182.51,182.75,31565.0
2025-12-08 15:20:00-05:00,182.75,183.305,182.75,182.86,34320.0
2025-12-08 15:25:00-05:00,182.88,183.485,182.6883,183.485,42218.0
2025-12-08 15:30:00-05:00,183.38,183.49,182.86,182.86,43042.0
2025-12-08 15:35:00-05:00,182.85,183.26,182.611,183.2375,53327.0
2025-12-08 15:40:00-05:00,183.275,183.91,183.27,183.755,51759.0
2025-12-08 15:45:00-05:00,183.69,184.26,183.58,184.09,102649.0
2025-12-08 15:50:00-05:00,184.11,185.08,183.78,184.99,144235.0
2025-12-08 15:55:00-05:00,184.79,185.9,184.62,185.75,375917.0
2025-12-09 09:30:00-05:00,180.6,184.78,180.35,183.745,123541.0
2025-12-09 09:35:00-05:00,183.77,186.5,183.77,186.3661,93177.0
2025-12-09 09:40:00-05:00,186.37,189.065,186.175,188.9324,111331.0
2025-12-09 09:45:00-05:00,188.89,189.98,186.99,187.6461,159352.0
2025-12-09 09:50:00-05:00,187.38,189.5,187.12,187.12,115269.0
2025-12-09 09:55:00-05:00,187.5,190.315,186.58,190.2043,96791.0
2025-12-09 10:00:00-05:00,189.86,189.86,188.255,188.86,73049.0
2025-12-09 10:05:00-05:00,188.9,188.9,187.79,188.45,52376.0
2025-12-09 10:10:00-05:00,188.1,188.49,187.1,187.44,63921.0
2025-12-09 10:15:00-05:00,187.425,188.14,187.25,187.56,24602.0
2025-12-09 10:20:00-05:00,187.45,188.5,187.33,188.35,20541.0
2025-12-09 10:25:00-05:00,188.45,189.576,188.41,189.576,32158.0
2025-12-09 10:30:00-05:00,189.35,189.72,188.85,189.71,25103.0
2025-12-09 10:35:00-05:00,189.7,190.58,189.26,190.36,48743.0
2025-12-09 10:40:00-05:00,190.48,190.68,189.78,189.87,44463.0
2025-12-09 10:45:00-05:00,189.95,189.95,188.265,188.93,50589.0
2025-12-09 10:50:00-05:00,188.895,190.74,188.65,190.585,32535.0
2025-12-09 10:55:00-05:00,190.725,191.5,190.21,190.66,59099.0
2025-12-09 11:00:00-05:00,190.66,192.5,190.595,191.89,83062.0
2025-12-09 11:05:00-05:00,192.16,192.79,192.07,192.28,68941.0
2025-12-09 11:10:00-05:00,192.2635,194.0,192.07,193.73,148509.0
2025-12-09 11:15:00-05:00,193.73,195.0,193.62,194.465,195276.0
2025-12-09 11:20:00-05:00,194.46,194.95,193.42,193.68,93516.0
2025-12-09 11:25:00-05:00,193.71,193.94,192.8525,193.81,94559.0
2025-12-09 11:30:00-05:00,193.99,194.505,191.89,193.975,118935.0
2025-12-09 11:35:00-05:00,194.12,194.82,193.995,194.74,27889.0
2025-12-09 11:40:00-05:00,194.74,194.75,193.12,193.499,39269.0
2025-12-09 11:45:00-05:00,193.5,193.86,193.32,193.57,26801.0
2025-12-09 11:50:00-05:00,193.57,193.91,192.58,193.1,29559.0
2025-12-09 11:55:00-05:00,193.11,193.12,192.14,192.3925,50632.0
2025-12-09 12:00:00-05:00,192.46,192.66,192.01,192.54,33979.0
2025-12-09 12:05:00-05:00,192.48,192.98,192.08,192.41,19129.0
2025-12-09 12:10:00-05:00,192.5,193.0799,192.405,192.565,21899.0
2025-12-09 12:15:00-05:00,192.49,192.635,192.12,192.355,28728.0
2025-12-09 12:20:00-05:00,192.32,192.44,192.04,192.275,20847.0
2025-12-09 12:25:00-05:00,192.56,192.76,192.3,192.53,17677.0
2025-12-09 12:30:00-05:00,192.59,193.06,192.57,192.58,21006.0
2025-12-09 12:35:00-05:00,192.4956,192.93,192.485,192.75,14433.0
2025-12-09 12:40:00-05:00,192.81,192.81,192.32,192.74,16921.0
2025-12-09 12:45:00-05:00,192.74,192.88,192.525,192.79,25263.0
2025-12-09 12:50:00-05:00,192.83,193.83,192.79,193.38,53116.0
2025-12-09 12:55:00-05:00,193.38,194.225,193.355,194.085,28192.0
2025-12-09 13:00:00-05:00,194.0,194.226,193.8,194.11,20675.0
2025-12-09 13:05:00-05:00,194.1,194.14,193.475,193.545,39565.0
2025-12-09 13:10:00-05:00,193.545,193.804,193.28,193.59,14419.0
2025-12-09 13:15:00-05:00,193.89,194.01,193.73,193.75,8140.0
2025-12-09 13:20:00-05:00,193.66,193.66,193.345,193.55,12817.0
2025-12-09 13:25:00-05:00,193.46,193.47,193.2,193.31,9596.0
2025-12-09 13:30:00-05:00,193.16,193.2459,193.03,193.0331,8156.0
2025-12-09 13:35:00-05:00,193.07,193.255,192.895,192.895,10300.0
2025-12-09 13:40:00-05:00,193.03,193.28,192.9,192.9,9148.0
2025-12-09 13:45:00-05:00,192.88,193.36,192.59,193.36,13290.0
2025-12-09 13:50:00-05:00,193.13,193.29,192.97,193.1,6127.0
2025-12-09 13:55:00-05:00,193.1,193.215,192.74,193.1,19218.0
2025-12-09 14:00:00-05:00,193.105,193.41,192.66,192.875,13440.0
2025-12-09 14:05:00-05:00,193.035,193.229,192.73,192.98,11944.0
2025-12-09 14:10:00-05:00,193.12,193.3,192.729,192.945,12666.0
2025-12-09 14:15:00-05:00,193.11,193.48,192.8201,192.8201,13657.0
2025-12-09 14:20:00-05:00,193.2709,193.645,193.15,193.5,14800.0
2025-12-09 14:25:00-05:00,193.5,193.7685,193.22,193.675,27200.0
2025-12-09 14:30:00-05:00,193.675,194.04,193.55,193.81,32255.0
2025-12-09 14:35:00-05:00,193.93,194.39,193.665,194.37,22859.0
2025-12-09 14:40:00-05:00,194.2,194.34,193.59,193.79,15099.0
2025-12-09 14:45:00-05:00,193.795,193.9,193.51,193.71,19131.0
2025-12-09 14:50:00-05:00,193.72,193.72,193.395,193.63,15251.0
2025-12-09 14:55:00-05:00,193.66,193.76,193.51,193.675,10542.0
2025-12-09 15:00:00-05:00,193.675,193.87,193.5,193.8275,11137.0
2025-12-09 15:05:00-05:00,193.845,194.38,193.73,194.16,24658.0
2025-12-09 15:10:00-05:00,194.16,194.16,193.68,193.86,25089.0
2025-12-09 15:15:00-05:00,193.855,194.0,193.61,193.78,21699.0
2025-12-09 15:20:00-05:00,193.927,193.97,193.6,193.62,19715.0
2025-12-09 15:25:00-05:00,193.675,193.96,193.42,193.96,31375.0
2025-12-09 15:30:00-05:00,193.9,194.06,193.64,193.79,27868.0
2025-12-09 15:35:00-05:00,193.77,193.94,193.375,193.375,28295.0
2025-12-09 15:40:00-05:00,193.355,193.44,193.18,193.32,39067.0
2025-12-09 15:45:00-05:00,193.33,193.75,193.03,193.73,56975.0
2025-12-09 15:50:00-05:00,193.8,194.241,193.415,193.75,81349.0
2025-12-09 15:55:00-05:00,193.75,193.75,192.7347,192.75,302343.0
2025-12-10 09:30:00-05:00,193.32,195.64,191.48,194.54,116435.0
2025-12-10 09:35:00-05:00,194.6135,195.87,193.0,195.83,57945.0
2025-12-10 09:40:00-05:00,195.8699,197.71,195.16,195.6103,111362.0
2025-12-10 09:45:00-05:00,195.74,196.46,194.59,195.03,80306.0
2025-12-10 09:50:00-05:00,195.22,195.87,192.38,193.27,85713.0
2025-12-10 09:55:00-05:00,193.43,193.81,191.75,193.81,67695.0
2025-12-10 10:00:00-05:00,193.595,195.56,193.36,194.2175,95240.0
2025-12-10 10:05:00-05:00,193.99,195.32,193.92,194.04,34390.0
2025-12-10 10:10:00-05:00,194.0,194.33,192.955,193.35,68354.0
2025-12-10 10:15:00-05:00,193.4367,193.52,192.27,192.55,35849.0
2025-12-10 10:20:00-05:00,192.48,193.5225,192.0001,192.735,26526.0
2025-12-10 10:25:00-05:00,192.735,192.8006,192.29,192.67,16474.0
2025-12-10 10:30:00-05:00,192.73,193.14,192.42,192.55,27990.0
2025-12-10 10:35:00-05:00,192.75,193.07,192.07,192.22,24745.0
2025-12-10 10:40:00-05:00,192.07,192.36,191.5,191.86,36709.0
2025-12-10 10:45:00-05:00,191.86,193.04,191.63,193.04,22303.0
2025-12-10 10:50:00-05:00,193.07,193.58,192.4993,192.4993,30393.0
2025-12-10 10:55:00-05:00,192.42,193.41,191.44,192.6475,45109.0
2025-12-10 11:00:00-05:00,192.48,192.88,192.03,192.59,17482.0
2025-12-10 11:05:00-05:00,192.81,193.26,192.37,193.02,31158.0
2025-12-10 11:10:00-05:00,193.07,193.5,192.84,192.975,30449.0
2025-12-10 11:15:00-05:00,192.975,193.2,192.86,193.095,29155.0
2025-12-10 11:20:00-05:00,193.23,193.39,192.23,193.0075,19610.0
2025-12-10 11:25:00-05:00,192.72,193.99,192.52,193.99,22210.0
2025-12-10 11:30:00-05:00,193.78,194.33,193.55,193.69,33525.0
2025-12-10 11:35:00-05:00,193.87,193.89,192.915,193.1549,15627.0
2025-12-10 11:40:00-05:00,193.085,193.16,192.44,193.14,22286.0
2025-12-10 11:45:00-05:00,192.92,193.15,192.69,193.06,24836.0
2025-12-10 11:50:00-05:00,193.03,193.25,192.75,192.77,30104.0
2025-12-10 11:55:00-05:00,192.8981,193.0,192.43,192.435,27161.0
2025-12-10 12:00:00-05:00,192.4,192.83,192.05,192.2233,35275.0
2025-12-10 12:05:00-05:00,192.355,192.785,192.29,192.625,11162.0
2025-12-10 12:10:00-05:00,192.625,194.1844,192.3,194.05,60444.0
2025-12-10 12:15:00-05:00,193.91,195.11,193.9,193.9,65896.0
2025-12-10 12:20:00-05:00,193.53,194.3565,193.53,193.94,18995.0
2025-12-10 12:25:00-05:00,193.99,194.05,193.51,193.9857,16564.0
2025-12-10 12:30:00-05:00,193.88,193.88,193.45,193.655,13768.0
2025-12-10 12:35:00-05:00,193.66,193.93,193.54,193.76,19406.0
2025-12-10 12:40:00-05:00,193.65,194.07,193.615,193.8827,9712.0
2025-12-10 12:45:00-05:00,194.03,194.3,193.64,194.19,13495.0
2025-12-10 12:50:00-05:00,194.29,194.525,193.86,194.4,13036.0
2025-12-10 12:55:00-05:00,194.7,195.7,194.495,195.09,43766.0
2025-12-10 13:00:00-05:00,195.45,195.45,194.37,194.37,28855.0
2025-12-10 13:05:00-05:00,194.42,194.6,194.14,194.4,13881.0
2025-12-10 13:10:00-05:00,194.55,194.63,194.0,194.21,17972.0
2025-12-10 13:15:00-05:00,194.18,194.365,193.97,194.22,21172.0
2025-12-10 13:20:00-05:00,194.32,194.37,194.1195,194.315,17218.0
2025-12-10 13:25:00-05:00,194.38,194.68,194.0501,194.645,15593.0
2025-12-10 13:30:00-05:00,194.54,194.78,194.32,194.445,8855.0
2025-12-10 13:35:00-05:00,194.57,195.01,194.425,194.88,15965.0
2025-12-10 13:40:00-05:00,194.88,194.88,194.0,194.025,25644.0
2025-12-10 13:45:00-05:00,194.0,195.48,194.0,194.6226,54913.0
2025-12-10 13:50:00-05:00,194.735,194.92,194.25,194.25,8604.0
2025-12-10 13:55:00-05:00,194.6,194.6,194.1,194.28,11435.0
2025-12-10 14:00:00-05:00,194.51,196.5,194.3,195.09,52059.0
2025-12-10 14:05:00-05:00,195.45,197.51,195.05,196.365,42179.0
2025-12-10 14:10:00-05:00,196.78,197.0,195.4301,195.4301,39310.0
2025-12-10 14:15:00-05:00,195.82,196.2199,195.62,195.8365,33086.0
2025-12-10 14:20:00-05:00,195.98,196.0,194.58,194.58,34720.0
2025-12-10 14:25:00-05:00,194.72,195.07,193.66,194.65,50097.0
2025-12-10 14:30:00-05:00,194.695,196.84,194.695,196.56,30473.0
2025-12-10 14:35:00-05:00,196.91,196.96,195.23,195.91,49808.0
2025-12-10 14:40:00-05:00,195.75,196.03,194.48,195.88,47724.0
2025-12-10 14:45:00-05:00,195.83,197.0,195.8,196.36,39813.0
2025-12-10 14:50:00-05:00,196.37,198.55,195.75,198.42,71453.0
2025-12-10 14:55:00-05:00,198.55,200.03,198.32,200.03,108445.0
2025-12-10 15:00:00-05:00,199.95,200.19,198.045,199.23,47215.0
2025-12-10 15:05:00-05:00,199.34,199.37,198.54,198.98,41106.0
2025-12-10 15:10:00-05:00,199.0,199.31,198.1001,198.13,84880.0
2025-12-10 15:15:00-05:00,198.16,199.005,198.0,198.77,58083.0
2025-12-10 15:20:00-05:00,198.78,199.195,198.48,198.56,53555.0
2025-12-10 15:25:00-05:00,198.56,199.5,198.24,198.65,104418.0
2025-12-10 15:30:00-05:00,198.55,199.13,198.4106,198.7,49934.0
2025-12-10 15:35:00-05:00,198.675,198.8999,198.5,198.71,32964.0
2025-12-10 15:40:00-05:00,198.71,199.55,198.5,198.76,67561.0
2025-12-10 15:45:00-05:00,198.84,199.41,198.32,198.44,66120.0
2025-12-10 15:50:00-05:00,198.4,198.67,198.0,198.1,126068.0
2025-12-10 15:55:00-05:00,198.03,198.3,197.3,197.65,253072.0
2025-12-11 09:30:00-05:00,192.66,193.25,190.0,192.0,362374.0
2025-12-11 09:35:00-05:00,191.92,194.25,191.6625,192.62,151148.0
2025-12-11 09:40:00-05:00,192.495,193.7,191.73,192.96,134219.0
2025-12-11 09:45:00-05:00,193.09,194.4,191.6396,192.11,165467.0
2025-12-11 09:50:00-05:00,191.91,193.38,191.61,192.38,114592.0
2025-12-11 09:55:00-05:00,192.48,193.1,189.681,190.44,123751.0
2025-12-11 10:00:00-05:00,190.75,192.285,188.75,192.11,192445.0
2025-12-11 10:05:00-05:00,192.06,193.33,192.04,192.87,101784.0
2025-12-11 10:10:00-05:00,192.87,192.93,191.875,192.89,80391.0
2025-12-11 10:15:00-05:00,192.73,194.69,192.1001,194.055,156724.0
2025-12-11 10:20:00-05:00,194.44,195.62,194.22,195.4,125889.0
2025-12-11 10:25:00-05:00,195.22,196.03,195.0,195.44,66139.0
2025-12-11 10:30:00-05:00,195.47,196.01,194.6,194.79,77232.0
2025-12-11 10:35:00-05:00,194.79,194.98,194.3,194.63,48904.0
2025-12-11 10:40:00-05:00,194.63,194.64,193.0,193.46,74559.0
2025-12-11 10:45:00-05:00,193.45,193.6881,192.47,192.72,32035.0
2025-12-11 10:50:00-05:00,192.67,194.76,192.31,194.44,43417.0
2025-12-11 10:55:00-05:00,194.33,196.6999,194.2,196.54,89507.0
2025-12-11 11:00:00-05:00,196.52,197.27,195.85,197.12,59132.0
2025-12-11 11:05:00-05:00,197.1675,197.92,196.55,197.05,84151.0
2025-12-11 11:10:00-05:00,197.22,197.23,196.03,196.64,50477.0
2025-12-11 11:15:00-05:00,196.49,197.34,196.31,196.32,43317.0
2025-12-11 11:20:00-05:00,196.13,197.6899,196.0,197.53,61579.0
2025-12-11 11:25:00-05:00,197.505,197.505,196.25,196.425,54795.0
2025-12-11 11:30:00-05:00,196.58,197.35,196.475,197.21,22357.0
2025-12-11 11:35:00-05:00,197.25,198.03,197.1696,197.97,48940.0
2025-12-11 11:40:00-05:00,197.9,199.02,197.82,198.62,67389.0
2025-12-11 11:45:00-05:00,198.725,199.2,197.8098,198.19,79453.0
2025-12-11 11:50:00-05:00,198.34,198.52,197.37,197.89,40205.0
2025-12-11 11:55:00-05:00,197.96,198.62,197.82,198.34,44520.0
2025-12-11 12:00:00-05:00,198.025,198.72,197.87,198.72,40116.0
2025-12-11 12:05:00-05:00,198.65,199.0,198.36,198.89,27178.0
2025-12-11 12:10:00-05:00,198.825,199.64,198.825,199.64,50002.0
2025-12-11 12:15:00-05:00,199.52,200.01,199.38,200.0,38805.0
2025-12-11 12:20:00-05:00,200.0,200.0,199.74,199.88,26717.0
2025-12-11 12:25:00-05:00,199.915,199.92,199.26,199.34,31064.0
2025-12-11 12:30:00-05:00,199.365,199.56,199.22,199.32,27691.0
2025-12-11 12:35:00-05:00,199.31,199.44,199.02,199.22,45701.0
2025-12-11 12:40:00-05:00,199.22,199.49,198.8,199.49,40698.0
2025-12-11 12:45:00-05:00,199.635,199.6625,199.05,199.05,22689.0
2025-12-11 12:50:00-05:00,199.065,199.14,198.72,198.82,20339.0
2025-12-11 12:55:00-05:00,198.71,198.96,198.5,198.7,29548.0
2025-12-11 13:00:00-05:00,198.81,199.19,198.65,199.09,12362.0
2025-12-11 13:05:00-05:00,199.09,199.64,198.88,199.3,20645.0
2025-12-11 13:10:00-05:00,199.27,199.76,199.18,199.69,21760.0
2025-12-11 13:15:00-05:00,199.7199,199.9,199.53,199.83,15083.0
2025-12-11 13:20:00-05:00,199.81,199.99,199.25,199.4565,25955.0
2025-12-11 13:25:00-05:00,199.56,199.67,199.07,199.21,13664.0
2025-12-11 13:30:00-05:00,199.2,199.2,198.15,198.2101,30172.0
2025-12-11 13:35:00-05:00,198.49,199.09,198.05,199.09,49663.0
2025-12-11 13:40:00-05:00,199.01,199.16,198.65,198.76,24660.0
2025-12-11 13:45:00-05:00,198.84,198.97,198.03,198.25,33570.0
2025-12-11 13:50:00-05:00,198.25,198.805,198.15,198.325,26967.0
2025-12-11 13:55:00-05:00,198.325,199.09,198.325,199.09,24501.0
2025-12-11 14:00:00-05:00,199.09,199.31,198.82,199.06,14823.0
2025-12-11 14:05:00-05:00,199.09,199.19,198.43,198.77,21590.0
2025-12-11 14:10:00-05:00,198.8,199.375,198.561,199.21,30913.0
2025-12-11 14:15:00-05:00,199.38,199.6,199.33,199.37,30609.0
2025-12-11 14:20:00-05:00,199.45,200.0,199.16,199.835,24119.0
2025-12-11 14:25:00-05:00,199.835,199.88,199.3,199.32,28822.0
2025-12-11 14:30:00-05:00,199.27,199.43,197.87,197.93,49488.0
2025-12-11 14:35:00-05:00,197.965,199.06,197.86,198.56,41178.0
2025-12-11 14:40:00-05:00,198.58,199.09,198.58,198.83,18590.0
2025-12-11 14:45:00-05:00,198.905,199.135,198.62,198.98,27509.0
2025-12-11 14:50:00-05:00,199.03,199.31,198.75,198.815,18877.0
2025-12-11 14:55:00-05:00,198.7962,199.115,198.75,198.82,21362.0
2025-12-11 15:00:00-05:00,198.83,199.0874,198.61,198.74,28145.0
2025-12-11 15:05:00-05:00,198.75,198.76,198.42,198.45,45859.0
2025-12-11 15:10:00-05:00,198.445,199.16,198.32,198.84,28921.0
2025-12-11 15:15:00-05:00,198.88,199.1,198.62,198.92,29711.0
2025-12-11 15:20:00-05:00,198.89,199.0,198.5,198.64,25701.0
2025-12-11 15:25:00-05:00,198.55,198.8,198.26,198.6382,25834.0
2025-12-11 15:30:00-05:00,198.62,199.47,198.62,199.169,44758.0
2025-12-11 15:35:00-05:00,199.12,199.26,198.79,199.08,64543.0
2025-12-11 15:40:00-05:00,199.13,199.48,198.89,199.175,41850.0
2025-12-11 15:45:00-05:00,199.1,199.55,199.0,199.455,45290.0
2025-12-11 15:50:00-05:00,199.52,199.7886,198.37,198.46,114937.0
2025-12-11 15:55:00-05:00,198.44,198.84,198.16,198.53,252399.0
2025-12-12 09:30:00-05:00,195.0,195.8,193.0,193.5,127963.0
2025-12-12 09:35:00-05:00,193.72,195.635,193.45,195.27,57958.0
2025-12-12 09:40:00-05:00,194.95,196.0358,193.3478,194.38,54055.0
2025-12-12 09:45:00-05:00,194.66,195.42,192.52,192.74,87449.0
2025-12-12 09:50:00-05:00,192.59,192.67,190.74,192.655,75067.0
2025-12-12 09:55:00-05:00,193.1,193.17,190.12,190.325,57348.0
2025-12-12 10:00:00-05:00,190.21,190.32,184.07,184.715,343726.0
2025-12-12 10:05:00-05:00,184.7,186.93,184.31,184.94,155805.0
2025-12-12 10:10:00-05:00,185.0151,187.6196,184.76,186.455,118143.0
2025-12-12 10:15:00-05:00,186.26,186.98,185.0,186.325,101753.0
2025-12-12 10:20:00-05:00,186.54,186.69,183.54,184.395,172160.0
2025-12-12 10:25:00-05:00,184.4,185.19,182.2,182.5,223463.0
2025-12-12 10:30:00-05:00,182.58,185.2976,181.2001,184.9341,201915.0
2025-12-12 10:35:00-05:00,184.905,185.01,182.7,183.25,56636.0
2025-12-12 10:40:00-05:00,182.7,184.365,182.02,184.365,87210.0
2025-12-12 10:45:00-05:00,184.365,185.25,182.81,184.475,119797.0
2025-12-12 10:50:00-05:00,184.75,185.1,182.81,183.13,41650.0
2025-12-12 10:55:00-05:00,182.87,183.22,181.042,181.45,106948.0
2025-12-12 11:00:00-05:00,181.44,182.67,178.64,179.03,170619.0
2025-12-12 11:05:00-05:00,179.16,180.13,178.64,178.83,144757.0
2025-12-12 11:10:00-05:00,178.91,181.12,178.385,180.0,108042.0
2025-12-12 11:15:00-05:00,180.18,180.84,178.88,179.06,81088.0
2025-12-12 11:20:00-05:00,179.18,179.86,178.13,179.14,108276.0
2025-12-12 11:25:00-05:00,179.2,180.16,178.77,179.72,67464.0
2025-12-12 11:30:00-05:00,179.7,179.81,178.0,178.72,87880.0
2025-12-12 11:35:00-05:00,178.76,178.93,176.94,176.99,88074.0
2025-12-12 11:40:00-05:00,177.07,178.79,176.63,178.22,90598.0
2025-12-12 11:45:00-05:00,178.21,179.3,177.7,179.145,91960.0
2025-12-12 11:50:00-05:00,179.11,179.19,177.945,178.47,79663.0
2025-12-12 11:55:00-05:00,178.42,178.9775,178.21,178.8,56021.0
2025-12-12 12:00:00-05:00,178.74,180.44,178.58,179.94,186020.0
2025-12-12 12:05:00-05:00,179.89,181.87,179.89,180.84,70522.0
2025-12-12 12:10:00-05:00,180.86,182.005,180.62,181.95,47233.0
2025-12-12 12:15:00-05:00,182.005,182.3423,181.44,181.99,50526.0
2025-12-12 12:20:00-05:00,181.98,182.28,180.55,180.865,91261.0
2025-12-12 12:25:00-05:00,180.85,181.42,179.8,180.677,162373.0
2025-12-12 12:30:00-05:00,180.92,181.015,179.73,180.265,57388.0
2025-12-12 12:35:00-05:00,180.24,180.855,179.77,180.815,49726.0
2025-12-12 12:40:00-05:00,180.795,180.795,179.915,180.255,95425.0
2025-12-12 12:45:00-05:00,180.32,181.89,180.23,181.87,41950.0
2025-12-12 12:50:00-05:00,181.805,181.96,181.09,181.695,57133.0
2025-12-12 12:55:00-05:00,181.8,182.41,181.1,181.5,93948.0
2025-12-12 13:00:00-05:00,181.465,181.7899,181.17,181.3525,83091.0
2025-12-12 13:05:00-05:00,181.3275,181.3275,180.12,180.53,47525.0
2025-12-12 13:10:00-05:00,180.51,182.19,180.405,181.28,74795.0
2025-12-12 13:15:00-05:00,181.175,182.24,181.16,182.21,57372.0
2025-12-12 13:20:00-05:00,182.06,182.11,180.95,181.175,43042.0
2025-12-12 13:25:00-05:00,181.285,182.01,181.17,181.7891,25158.0
2025-12-12 13:30:00-05:00,182.0,182.1,181.43,181.7,40066.0
2025-12-12 13:35:00-05:00,181.49,181.715,181.07,181.595,22251.0
2025-12-12 13:40:00-05:00,181.53,181.77,180.51,180.63,27035.0
2025-12-12 13:45:00-05:00,180.64,181.37,180.5501,181.37,122525.0
2025-12-12 13:50:00-05:00,181.37,181.56,180.51,180.595,45998.0
2025-12-12 13:55:00-05:00,180.595,181.08,180.26,180.9,76325.0
2025-12-12 14:00:00-05:00,180.915,180.935,179.5,179.76,93550.0
2025-12-12 14:05:00-05:00,179.62,179.65,178.88,179.02,52618.0
2025-12-12 14:10:00-05:00,179.065,179.38,178.2,178.6,67585.0
2025-12-12 14:15:00-05:00,178.46,178.855,178.131,178.14,40863.0
2025-12-12 14:20:00-05:00,178.215,178.3892,177.232,177.8201,61734.0
2025-12-12 14:25:00-05:00,178.015,178.03,177.68,177.89,29446.0
2025-12-12 14:30:00-05:00,177.87,178.9999,177.86,178.62,36915.0
2025-12-12 14:35:00-05:00,178.56,179.23,178.41,178.84,42613.0
2025-12-12 14:40:00-05:00,178.9975,179.73,178.8,179.41,33649.0
2025-12-12 14:45:00-05:00,179.42,179.71,179.2,179.49,25730.0
2025-12-12 14:50:00-05:00,179.61,180.35,179.55,180.19,33087.0
2025-12-12 14:55:00-05:00,180.11,180.42,179.905,180.35,35725.0
2025-12-12 15:00:00-05:00,180.41,180.655,179.95,180.04,36651.0
2025-12-12 15:05:00-05:00,180.0,180.205,179.335,179.945,39502.0
2025-12-12 15:10:00-05:00,179.945,180.12,178.395,178.41,70760.0
2025-12-12 15:15:00-05:00,178.42,178.79,178.04,178.195,64967.0
2025-12-12 15:20:00-05:00,178.08,178.36,177.5,177.51,55152.0
2025-12-12 15:25:00-05:00,177.47,177.47,176.64,176.99,93125.0
2025-12-12 15:30:00-05:00,176.99,177.77,176.63,177.77,72902.0
2025-12-12 15:35:00-05:00,177.775,177.95,177.16,177.62,51865.0
2025-12-12 15:40:00-05:00,177.61,178.19,177.54,178.13,63938.0
2025-12-12 15:45:00-05:00,178.18,178.37,177.465,177.52,107595.0
2025-12-12 15:50:00-05:00,177.57,178.6,177.57,178.39,170328.0
2025-12-12 15:55:00-05:00,178.48,178.78,177.75,178.34,285965.0
2025-12-15 09:30:00-05:00,183.83,184.5,181.2,182.7575,240259.0
2025-12-15 09:35:00-05:00,182.755,186.19,182.755,183.055,186811.0
2025-12-15 09:40:00-05:00,183.04,184.73,181.845,184.36,140558.0
2025-12-15 09:45:00-05:00,184.285,186.53,184.0,186.0,158004.0
2025-12-15 09:50:00-05:00,186.18,186.207,182.64,183.1354,100767.0
2025-12-15 09:55:00-05:00,183.64,185.7,183.27,183.98,188132.0
2025-12-15 10:00:00-05:00,183.85,183.97,182.8,183.25,65533.0
2025-12-15 10:05:00-05:00,183.25,184.23,182.28,183.19,113669.0
2025-12-15 10:10:00-05:00,183.21,184.58,182.0,183.98,53634.0
2025-12-15 10:15:00-05:00,184.09,184.66,183.18,183.33,31431.0
2025-12-15 10:20:00-05:00,183.45,184.9,183.09,183.13,31059.0
2025-12-15 10:25:00-05:00,183.15,184.12,182.0,182.83,43943.0
2025-12-15 10:30:00-05:00,182.86,183.69,182.36,183.48,45997.0
2025-12-15 10:35:00-05:00,183.23,184.31,183.21,183.79,32734.0
2025-12-15 10:40:00-05:00,183.59,184.88,183.1956,184.8,29298.0
2025-12-15 10:45:00-05:00,184.96,185.21,183.5568,183.97,82318.0
2025-12-15 10:50:00-05:00,183.97,183.97,181.5401,181.98,69839.0
2025-12-15 10:55:00-05:00,181.98,182.295,181.8,181.8,37661.0
2025-12-15 11:00:00-05:00,181.9172,182.4,181.41,181.8,61116.0
2025-12-15 11:05:00-05:00,181.71,183.84,181.63,183.66,26574.0
2025-12-15 11:10:00-05:00,183.83,183.94,183.0,183.0,33431.0
2025-12-15 11:15:00-05:00,182.85,184.4,182.85,184.01,27624.0
2025-12-15 11:20:00-05:00,184.23,184.26,183.38,183.77,27829.0
2025-12-15 11:25:00-05:00,183.85,184.09,183.42,184.07,26589.0
2025-12-15 11:30:00-05:00,184.08,184.11,182.065,182.35,31527.0
2025-12-15 11:35:00-05:00,182.36,182.38,180.56,181.17,44302.0
2025-12-15 11:40:00-05:00,181.29,181.85,180.62,181.3551,28632.0
2025-12-15 11:45:00-05:00,181.37,181.41,180.45,181.2,30047.0
2025-12-15 11:50:00-05:00,181.2,182.14,180.98,182.12,43218.0
2025-12-15 11:55:00-05:00,182.035,182.28,181.21,181.81,37755.0
2025-12-15 12:00:00-05:00,181.66,182.0,181.0,181.37,25517.0
2025-12-15 12:05:00-05:00,181.36,181.56,180.465,180.515,26386.0
2025-12-15 12:10:00-05:00,180.53,180.585,180.01,180.1914,23705.0
2025-12-15 12:15:00-05:00,180.01,180.36,179.39,180.35,71611.0
2025-12-15 12:20:00-05:00,180.485,181.195,180.41,180.898,31879.0
2025-12-15 12:25:00-05:00,180.88,181.6433,180.88,181.4899,12396.0
2025-12-15 12:30:00-05:00,181.33,181.98,181.2,181.38,21737.0
2025-12-15 12:35:00-05:00,181.45,181.99,181.31,181.94,21894.0
2025-12-15 12:40:00-05:00,181.88,182.33,181.68,182.145,17012.0
2025-12-15 12:45:00-05:00,182.27,182.4,181.58,181.93,60387.0
2025-12-15 12:50:00-05:00,181.92,181.98,181.09,181.46,24632.0
2025-12-15 12:55:00-05:00,181.3,181.72,181.1,181.49,15492.0
2025-12-15 13:00:00-05:00,181.49,181.49,180.3,180.51,20734.0
2025-12-15 13:05:00-05:00,180.735,181.09,180.34,180.34,17021.0
2025-12-15 13:10:00-05:00,180.73,181.16,180.46,181.01,13405.0
2025-12-15 13:15:00-05:00,181.04,181.21,180.38,180.68,23754.0
2025-12-15 13:20:00-05:00,180.56,180.77,180.32,180.5,29080.0
2025-12-15 13:25:00-05:00,180.48,180.58,179.95,180.58,27660.0
2025-12-15 13:30:00-05:00,180.41,180.64,180.15,180.35,17494.0
2025-12-15 13:35:00-05:00,180.18,180.24,179.79,180.06,36233.0
2025-12-15 13:40:00-05:00,179.91,180.3675,179.875,179.91,14720.0
2025-12-15 13:45:00-05:00,179.905,180.585,179.76,180.45,19492.0
2025-12-15 13:50:00-05:00,180.4786,180.8,180.29,180.53,17449.0
2025-12-15 13:55:00-05:00,180.605,180.91,180.53,180.55,15276.0
2025-12-15 14:00:00-05:00,180.64,180.97,180.17,180.87,17040.0
2025-12-15 14:05:00-05:00,180.885,180.93,180.44,180.605,16888.0
2025-12-15 14:10:00-05:00,180.5,180.635,180.09,180.35,20268.0
2025-12-15 14:15:00-05:00,180.17,180.21,179.72,180.165,28116.0
2025-12-15 14:20:00-05:00,180.145,180.145,179.42,179.605,27207.0
2025-12-15 14:25:00-05:00,179.6,179.89,179.44,179.475,31905.0
2025-12-15 14:30:00-05:00,179.475,179.62,178.75,178.885,36561.0
2025-12-15 14:35:00-05:00,179.08,179.11,178.65,178.69,23618.0
2025-12-15 14:40:00-05:00,178.795,178.95,178.0,178.76,56551.0
2025-12-15 14:45:00-05:00,178.93,178.95,178.08,178.36,36017.0
2025-12-15 14:50:00-05:00,178.26,178.9,178.26,178.875,29087.0
2025-12-15 14:55:00-05:00,178.905,179.18,178.47,178.67,28711.0
2025-12-15 15:00:00-05:00,178.61,178.61,177.95,178.2,24455.0
2025-12-15 15:05:00-05:00,178.3542,178.64,178.2,178.44,20691.0
2025-12-15 15:10:00-05:00,178.3,178.66,177.87,178.0,41988.0
2025-12-15 15:15:00-05:00,178.01,178.825,177.98,178.725,18656.0
2025-12-15 15:20:00-05:00,178.6,178.65,178.15,178.39,27892.0
2025-12-15 15:25:00-05:00,178.37,178.47,177.67,178.0,47982.0
2025-12-15 15:30:00-05:00,178.045,178.34,177.76,177.82,47492.0
2025-12-15 15:35:00-05:00,177.76,178.46,177.66,178.44,45258.0
2025-12-15 15:40:00-05:00,178.385,178.39,177.38,177.6,47539.0
2025-12-15 15:45:00-05:00,177.56,177.815,177.17,177.4,55957.0
2025-12-15 15:50:00-05:00,177.365,177.84,177.0,177.3499,130830.0
2025-12-15 15:55:00-05:00,177.34,178.6,177.26,178.37,223754.0
2025-12-16 09:30:00-05:00,177.55,178.8,176.0,177.45,192310.0
2025-12-16 09:35:00-05:00,177.4,179.58,176.84,178.28,164289.0
2025-12-16 09:40:00-05:00,178.52,180.105,178.02,179.34,75961.0
2025-12-16 09:45:00-05:00,179.22,181.64,179.05,181.22,54709.0
2025-12-16 09:50:00-05:00,181.3144,182.5559,179.6,179.6,50047.0
2025-12-16 09:55:00-05:00,179.62,180.48,179.26,179.66,26071.0
2025-12-16 10:00:00-05:00,179.51,179.7,177.7878,178.51,55573.0
2025-12-16 10:05:00-05:00,178.675,179.92,178.35,178.69,37543.0
2025-12-16 10:10:00-05:00,178.805,178.9,177.89,177.92,35127.0
2025-12-16 10:15:00-05:00,177.95,178.1,175.69,175.88,70897.0
2025-12-16 10:20:00-05:00,175.78,175.85,174.4,174.43,82670.0
2025-12-16 10:25:00-05:00,174.48,175.4099,173.4403,175.225,112876.0
2025-12-16 10:30:00-05:00,175.41,176.58,175.03,175.48,59301.0
2025-12-16 10:35:00-05:00,175.61,176.71,175.47,176.34,31887.0
2025-12-16 10:40:00-05:00,176.38,176.38,174.435,175.5,34122.0
2025-12-16 10:45:00-05:00,175.58,176.0,174.9,174.9,18069.0
2025-12-16 10:50:00-05:00,175.19,175.7,174.04,175.35,47446.0
2025-12-16 10:55:00-05:00,175.34,176.255,175.09,176.255,24468.0
2025-12-16 11:00:00-05:00,176.365,176.7,174.85,175.18,30762.0
2025-12-16 11:05:00-05:00,175.185,175.55,173.87,173.87,32504.0
2025-12-16 11:10:00-05:00,173.915,174.47,173.4001,174.03,29833.0
2025-12-16 11:15:00-05:00,174.07,174.25,173.11,173.46,43368.0
2025-12-16 11:20:00-05:00,173.48,173.875,173.08,173.27,34911.0
2025-12-16 11:25:00-05:00,173.15,173.315,172.33,172.56,88446.0
2025-12-16 11:30:00-05:00,172.605,174.16,172.06,173.85,62432.0
2025-12-16 11:35:00-05:00,173.86,173.94,173.0,173.47,36214.0
2025-12-16 11:40:00-05:00,173.3,173.94,173.16,173.88,15717.0
2025-12-16 11:45:00-05:00,173.79,174.27,173.44,174.02,72245.0
2025-12-16 11:50:00-05:00,174.075,174.25,173.33,173.73,35903.0
2025-12-16 11:55:00-05:00,173.745,174.79,173.34,174.47,72275.0
2025-12-16 12:00:00-05:00,174.54,175.02,174.17,174.91,30098.0
2025-12-16 12:05:00-05:00,174.82,175.02,174.48,174.49,27396.0
2025-12-16 12:10:00-05:00,174.48,174.58,174.07,174.29,20582.0
2025-12-16 12:15:00-05:00,174.22,174.43,173.72,174.125,31010.0
2025-12-16 12:20:00-05:00,174.01,174.1,173.65,173.735,20596.0
2025-12-16 12:25:00-05:00,173.59,173.62,172.82,173.46,20492.0
2025-12-16 12:30:00-05:00,173.47,174.36,173.47,174.2,12727.0
2025-12-16 12:35:00-05:00,174.37,174.51,173.67,173.84,14562.0
2025-12-16 12:40:00-05:00,173.78,173.94,173.31,173.655,18983.0
2025-12-16 12:45:00-05:00,173.55,173.9008,173.32,173.4925,18223.0
2025-12-16 12:50:00-05:00,173.35,173.6,172.99,173.11,25882.0
2025-12-16 12:55:00-05:00,173.21,173.345,172.59,172.7509,33787.0
2025-12-16 13:00:00-05:00,172.58,173.21,172.11,173.03,41963.0
2025-12-16 13:05:00-05:00,173.09,173.09,172.2,172.64,38910.0
2025-12-16 13:10:00-05:00,172.59,173.08,172.34,173.05,20841.0
2025-12-16 13:15:00-05:00,173.08,173.455,173.03,173.3,46363.0
2025-12-16 13:20:00-05:00,173.2,173.88,173.2,173.88,17625.0
2025-12-16 13:25:00-05:00,173.83,174.22,173.7,174.0,54802.0
2025-12-16 13:30:00-05:00,174.15,175.295,173.95,175.06,56370.0
2025-12-16 13:35:00-05:00,175.03,176.11,175.03,175.81,72201.0
2025-12-16 13:40:00-05:00,175.81,176.115,175.42,175.615,31857.0
2025-12-16 13:45:00-05:00,175.74,176.25,175.31,175.44,47495.0
2025-12-16 13:50:00-05:00,175.4276,175.55,175.0,175.17,14647.0
2025-12-16 13:55:00-05:00,175.165,175.25,174.7,175.08,18152.0
2025-12-16 14:00:00-05:00,175.13,175.18,174.64,174.67,50492.0
2025-12-16 14:05:00-05:00,174.56,174.9,174.27,174.9,20687.0
2025-12-16 14:10:00-05:00,174.58,174.58,174.18,174.4425,25480.0
2025-12-16 14:15:00-05:00,174.425,175.05,174.01,174.06,77949.0
2025-12-16 14:20:00-05:00,174.01,175.27,174.01,174.995,90390.0
2025-12-16 14:25:00-05:00,175.0,175.64,175.0,175.33,17145.0
2025-12-16 14:30:00-05:00,175.315,176.275,175.2,176.1,67012.0
2025-12-16 14:35:00-05:00,176.11,176.47,175.27,175.4891,116368.0
2025-12-16 14:40:00-05:00,175.51,175.65,175.04,175.185,14895.0
2025-12-16 14:45:00-05:00,175.18,175.25,174.59,174.7898,14751.0
2025-12-16 14:50:00-05:00,174.71,175.32,174.7,174.995,14054.0
2025-12-16 14:55:00-05:00,174.9847,174.9847,174.12,174.485,30860.0
2025-12-16 15:00:00-05:00,174.62,175.075,174.56,174.82,43467.0
2025-12-16 15:05:00-05:00,174.955,175.43,174.83,175.42,10639.0
2025-12-16 15:10:00-05:00,175.42,175.44,175.0,175.352,17340.0
2025-12-16 15:15:00-05:00,175.18,175.44,175.12,175.3,16608.0
2025-12-16 15:20:00-05:00,175.33,175.49,174.88,175.085,17575.0
2025-12-16 15:25:00-05:00,175.135,175.16,174.96,175.08,14853.0
2025-12-16 15:30:00-05:00,174.98,175.23,174.74,175.14,23069.0
2025-12-16 15:35:00-05:00,175.06,175.655,175.01,175.01,34280.0
2025-12-16 15:40:00-05:00,175.08,175.52,174.895,175.18,36064.0
2025-12-16 15:45:00-05:00,175.09,175.39,175.02,175.39,143436.0
2025-12-16 15:50:00-05:00,175.48,175.88,174.93,175.01,65207.0
2025-12-16 15:55:00-05:00,174.94,175.4,174.73,175.06,283194.0
2025-12-17 09:30:00-05:00,180.0,186.67,178.8,183.2952,382383.0
2025-12-17 09:35:00-05:00,183.07,183.465,180.0,181.99,123556.0
2025-12-17 09:40:00-05:00,181.5,181.66,178.21,179.77,158619.0
2025-12-17 09:45:00-05:00,179.76,180.49,178.2,179.99,113507.0
2025-12-17 09:50:00-05:00,179.745,181.885,179.01,181.75,135053.0
2025-12-17 09:55:00-05:00,181.48,181.8275,180.34,181.04,64488.0
2025-12-17 10:00:00-05:00,181.1799,181.405,179.43,180.21,38096.0
2025-12-17 10:05:00-05:00,180.205,180.66,177.92,177.92,44787.0
2025-12-17 10:10:00-05:00,178.19,178.69,176.32,177.945,103292.0
2025-12-17 10:15:00-05:00,178.14,178.71,176.0667,176.08,59513.0
2025-12-17 10:20:00-05:00,176.325,178.4899,175.33,177.57,95027.0
2025-12-17 10:25:00-05:00,177.5,177.5,176.05,176.36,86700.0
2025-12-17 10:30:00-05:00,176.57,176.805,175.05,175.18,68099.0
2025-12-17 10:35:00-05:00,175.03,175.31,173.4,173.645,31366.0
2025-12-17 10:40:00-05:00,173.65,174.39,172.9,172.9,25025.0
2025-12-17 10:45:00-05:00,173.08,173.9,172.64,172.925,42967.0
2025-12-17 10:50:00-05:00,172.75,173.74,172.29,172.72,56015.0
2025-12-17 10:55:00-05:00,173.035,173.21,171.84,172.75,144003.0
2025-12-17 11:00:00-05:00,172.75,175.81,172.56,174.25,133406.0
2025-12-17 11:05:00-05:00,174.39,176.3299,173.955,176.25,66706.0
2025-12-17 11:10:00-05:00,176.13,176.7299,174.3,175.77,77547.0
2025-12-17 11:15:00-05:00,175.96,176.16,174.675,175.4,46608.0
2025-12-17 11:20:00-05:00,175.28,176.1399,174.9,175.4881,21279.0
2025-12-17 11:25:00-05:00,175.6,176.08,175.07,175.25,17087.0
2025-12-17 11:30:00-05:00,175.25,175.275,174.14,174.23,46178.0
2025-12-17 11:35:00-05:00,174.35,175.05,173.5,174.13,31379.0
2025-12-17 11:40:00-05:00,174.29,175.321,174.09,175.225,35816.0
2025-12-17 11:45:00-05:00,174.73,175.11,174.2101,174.73,21547.0
2025-12-17 11:50:00-05:00,174.94,175.08,173.62,174.07,52451.0
2025-12-17 11:55:00-05:00,174.08,174.7446,173.7,174.7446,12422.0
2025-12-17 12:00:00-05:00,174.89,175.0,173.75,174.06,20220.0
2025-12-17 12:05:00-05:00,174.34,174.35,173.32,173.32,24739.0
2025-12-17 12:10:00-05:00,173.34,173.81,173.17,173.21,19127.0
2025-12-17 12:15:00-05:00,173.1708,174.2,173.02,174.055,19963.0
2025-12-17 12:20:00-05:00,174.055,174.83,173.51,174.6835,29107.0
2025-12-17 12:25:00-05:00,174.66,174.82,173.6,173.7878,16433.0
2025-12-17 12:30:00-05:00,173.745,174.01,173.3901,173.7,15156.0
2025-12-17 12:35:00-05:00,173.655,174.17,173.375,173.375,21714.0
2025-12-17 12:40:00-05:00,173.35,174.0,173.2,173.72,19123.0
2025-12-17 12:45:00-05:00,173.33,173.62,173.09,173.255,10755.0
2025-12-17 12:50:00-05:00,173.19,173.33,172.715,172.715,31096.0
2025-12-17 12:55:00-05:00,172.865,173.63,172.5,173.4851,44932.0
2025-12-17 13:00:00-05:00,173.77,174.085,173.53,173.645,32330.0
2025-12-17 13:05:00-05:00,173.63,174.715,173.63,173.875,25059.0
2025-12-17 13:10:00-05:00,173.87,174.13,173.405,173.405,7149.0
2025-12-17 13:15:00-05:00,173.64,173.71,173.29,173.33,17734.0
2025-12-17 13:20:00-05:00,173.24,173.975,173.12,173.735,13536.0
2025-12-17 13:25:00-05:00,173.735,174.02,173.57,173.57,8578.0
2025-12-17 13:30:00-05:00,173.52,173.68,173.23,173.57,23514.0
2025-12-17 13:35:00-05:00,173.525,173.73,173.13,173.175,10255.0
2025-12-17 13:40:00-05:00,173.04,173.165,171.63,171.73,54613.0
2025-12-17 13:45:00-05:00,171.8,171.985,170.82,170.91,61524.0
2025-12-17 13:50:00-05:00,170.91,171.04,170.3776,170.955,66570.0
2025-12-17 13:55:00-05:00,170.94,171.77,170.85,171.59,26479.0
2025-12-17 14:00:00-05:00,171.67,172.675,171.67,172.66,38947.0
2025-12-17 14:05:00-05:00,172.37,172.65,171.86,172.38,29646.0
2025-12-17 14:10:00-05:00,172.48,172.88,172.44,172.78,26610.0
2025-12-17 14:15:00-05:00,172.84,172.84,171.64,171.64,21715.0
2025-12-17 14:20:00-05:00,171.88,171.92,171.3,171.455,19124.0
2025-12-17 14:25:00-05:00,171.36,171.78,171.08,171.595,23272.0
2025-12-17 14:30:00-05:00,171.6,171.88,170.85,170.86,32508.0
2025-12-17 14:35:00-05:00,170.77,171.0447,170.27,170.59,35827.0
2025-12-17 14:40:00-05:00,170.55,171.26,170.295,171.14,43316.0
2025-12-17 14:45:00-05:00,171.15,171.69,171.09,171.285,46299.0
2025-12-17 14:50:00-05:00,171.24,171.61,170.76,171.61,38658.0
2025-12-17 14:55:00-05:00,171.685,172.07,171.5,171.875,27952.0
2025-12-17 15:00:00-05:00,172.07,172.15,171.44,171.455,26785.0
2025-12-17 15:05:00-05:00,171.45,171.76,171.44,171.5,19210.0
2025-12-17 15:10:00-05:00,171.64,171.85,171.2,171.835,22759.0
2025-12-17 15:15:00-05:00,171.84,172.26,171.74,171.74,47712.0
2025-12-17 15:20:00-05:00,171.73,171.74,170.83,171.255,31078.0
2025-12-17 15:25:00-05:00,171.22,171.49,170.86,171.305,38776.0
2025-12-17 15:30:00-05:00,171.305,171.45,170.5,171.275,69730.0
2025-12-17 15:35:00-05:00,171.275,171.275,170.42,170.74,46618.0
2025-12-17 15:40:00-05:00,170.685,171.0,170.49,171.0,53306.0
2025-12-17 15:45:00-05:00,171.0503,171.47,170.71,171.3,62401.0
2025-12-17 15:50:00-05:00,171.3,171.51,170.32,170.725,107160.0
2025-12-17 15:55:00-05:00,170.84,171.0476,170.115,170.42,340574.0
2025-12-18 09:30:00-05:00,178.75,179.14,174.18,174.49,259038.0
2025-12-18 09:35:00-05:00,174.2,176.77,173.8,175.4825,238511.0
2025-12-18 09:40:00-05:00,175.04,175.64,172.14,173.56,111903.0
2025-12-18 09:45:00-05:00,173.56,174.5,170.61,172.31,96968.0
2025-12-18 09:50:00-05:00,171.995,174.35,171.76,174.1641,80836.0
2025-12-18 09:55:00-05:00,174.11,175.89,173.94,175.89,111814.0
2025-12-18 10:00:00-05:00,175.99,176.39,175.17,175.35,65064.0
2025-12-18 10:05:00-05:00,175.33,175.82,173.76,174.285,92739.0
2025-12-18 10:10:00-05:00,174.59,174.68,173.63,174.175,49310.0
2025-12-18 10:15:00-05:00,174.175,175.05,173.89,174.27,84207.0
2025-12-18 10:20:00-05:00,174.09,175.5799,173.68,175.295,126749.0
2025-12-18 10:25:00-05:00,175.295,179.18,175.2,178.33,159434.0
2025-12-18 10:30:00-05:00,178.33,179.16,177.12,177.57,119083.0
2025-12-18 10:35:00-05:00,177.365,179.5,177.365,179.03,67368.0
2025-12-18 10:40:00-05:00,178.78,179.37,177.48,177.935,47552.0
2025-12-18 10:45:00-05:00,177.845,178.31,176.95,177.74,51593.0
2025-12-18 10:50:00-05:00,177.365,177.73,176.2,177.005,79875.0
2025-12-18 10:55:00-05:00,177.005,177.08,176.0,176.83,48353.0
2025-12-18 11:00:00-05:00,176.83,176.86,175.91,176.71,29489.0
2025-12-18 11:05:00-05:00,176.58,177.13,176.51,176.75,25979.0
2025-12-18 11:10:00-05:00,176.745,177.38,176.59,176.94,42862.0
2025-12-18 11:15:00-05:00,176.76,177.34,176.55,177.19,30435.0
2025-12-18 11:20:00-05:00,177.32,177.87,176.85,176.93,42248.0
2025-12-18 11:25:00-05:00,176.86,177.11,176.5,176.86,32272.0
2025-12-18 11:30:00-05:00,176.9,177.19,176.74,176.94,22641.0
2025-12-18 11:35:00-05:00,176.88,177.27,176.86,177.06,24482.0
2025-12-18 11:40:00-05:00,177.02,177.1699,176.58,176.58,26378.0
2025-12-18 11:45:00-05:00,176.76,177.395,176.47,177.32,72619.0
2025-12-18 11:50:00-05:00,177.2,177.2,176.69,176.89,18146.0
2025-12-18 11:55:00-05:00,176.905,177.1,176.53,176.7125,22671.0
2025-12-18 12:00:00-05:00,176.7454,176.7454,176.0,176.12,51843.0
2025-12-18 12:05:00-05:00,176.01,176.01,174.87,174.92,60381.0
2025-12-18 12:10:00-05:00,174.92,175.5828,174.265,174.45,33539.0
2025-12-18 12:15:00-05:00,174.45,174.65,173.67,173.97,40934.0
2025-12-18 12:20:00-05:00,173.82,175.16,173.79,173.97,38656.0
2025-12-18 12:25:00-05:00,173.97,174.54,173.74,174.18,22713.0
2025-12-18 12:30:00-05:00,174.325,175.32,174.19,175.32,19946.0
2025-12-18 12:35:00-05:00,175.32,175.87,174.41,174.725,49830.0
2025-12-18 12:40:00-05:00,174.74,175.23,174.46,174.8625,26919.0
2025-12-18 12:45:00-05:00,175.04,175.3499,174.77,174.77,24624.0
2025-12-18 12:50:00-05:00,174.61,175.09,174.45,174.75,19312.0
2025-12-18 12:55:00-05:00,174.74,175.05,174.55,174.875,15527.0
2025-12-18 13:00:00-05:00,174.905,175.0999,174.7401,174.905,15535.0
2025-12-18 13:05:00-05:00,174.905,176.08,174.9,175.96,51747.0
2025-12-18 13:10:00-05:00,175.96,176.495,175.76,176.14,25815.0
2025-12-18 13:15:00-05:00,176.18,176.31,175.89,175.96,20172.0
2025-12-18 13:20:00-05:00,176.06,176.25,175.93,176.25,14636.0
2025-12-18 13:25:00-05:00,176.21,176.37,175.82,175.82,20756.0
2025-12-18 13:30:00-05:00,175.82,176.44,175.8,176.07,17912.0
2025-12-18 13:35:00-05:00,176.19,176.61,176.185,176.585,15720.0
2025-12-18 13:40:00-05:00,176.5491,176.66,176.1,176.1,17306.0
2025-12-18 13:45:00-05:00,176.05,176.34,175.835,175.835,19847.0
2025-12-18 13:50:00-05:00,175.85,176.1,175.66,175.81,29195.0
2025-12-18 13:55:00-05:00,175.81,176.1,175.65,175.675,15478.0
2025-12-18 14:00:00-05:00,175.665,175.78,175.31,175.47,28001.0
2025-12-18 14:05:00-05:00,175.5,176.395,175.46,176.395,23226.0
2025-12-18 14:10:00-05:00,176.31,176.82,174.84,175.465,119487.0
2025-12-18 14:15:00-05:00,175.52,175.795,175.26,175.74,24027.0
2025-12-18 14:20:00-05:00,175.73,175.84,175.48,175.6988,35052.0
2025-12-18 14:25:00-05:00,175.61,175.77,175.4,175.675,18521.0
2025-12-18 14:30:00-05:00,175.68,175.78,175.05,175.08,19472.0
2025-12-18 14:35:00-05:00,175.07,175.3,174.9441,175.205,25155.0
2025-12-18 14:40:00-05:00,175.215,175.24,174.61,174.61,24756.0
2025-12-18 14:45:00-05:00,174.695,175.27,174.57,175.08,19714.0
2025-12-18 14:50:00-05:00,175.225,175.36,174.65,174.65,19048.0
2025-12-18 14:55:00-05:00,174.53,174.6951,173.56,173.76,45587.0
2025-12-18 15:00:00-05:00,173.79,174.875,173.42,174.87,28431.0
2025-12-18 15:05:00-05:00,175.01,175.6,175.0,175.14,23010.0
2025-12-18 15:10:00-05:00,175.17,175.37,175.07,175.315,16763.0
2025-12-18 15:15:00-05:00,175.22,175.5,174.78,175.265,27721.0
2025-12-18 15:20:00-05:00,175.265,175.41,174.9,175.38,31492.0
2025-12-18 15:25:00-05:00,175.5,175.84,175.28,175.68,32450.0
2025-12-18 15:30:00-05:00,175.63,175.795,175.43,175.62,35964.0
2025-12-18 15:35:00-05:00,175.75,176.0,175.0,175.525,75364.0
2025-12-18 15:40:00-05:00,175.55,175.635,175.01,175.21,65506.0
2025-12-18 15:45:00-05:00,175.21,175.5,175.2,175.42,73699.0
2025-12-18 15:50:00-05:00,175.44,175.76,174.79,174.8,109435.0
2025-12-18 15:55:00-05:00,174.81,175.78,174.675,175.64,260999.0
2025-12-19 09:30:00-05:00,178.7,179.59,174.81,178.01,258075.0
2025-12-19 09:35:00-05:00,178.0756,180.36,178.01,179.42,147673.0
2025-12-19 09:40:00-05:00,179.31,181.62,178.92,181.36,95540.0
2025-12-19 09:45:00-05:00,181.4,182.5,180.2587,180.89,133460.0
2025-12-19 09:50:00-05:00,180.89,182.76,180.32,181.4,42469.0
2025-12-19 09:55:00-05:00,181.4,183.51,181.0,183.115,45396.0
2025-12-19 10:00:00-05:00,183.27,185.5,183.12,185.26,134945.0
2025-12-19 10:05:00-05:00,185.215,185.45,183.89,184.16,91375.0
2025-12-19 10:10:00-05:00,184.3182,184.85,182.2,182.34,101744.0
2025-12-19 10:15:00-05:00,182.3,183.46,181.88,183.27,48156.0
2025-12-19 10:20:00-05:00,183.14,183.49,182.39,182.39,36721.0
2025-12-19 10:25:00-05:00,182.385,182.91,181.9111,182.91,36753.0
2025-12-19 10:30:00-05:00,182.72,182.95,181.825,182.1,51873.0
2025-12-19 10:35:00-05:00,182.17,182.76,181.63,181.63,24477.0
2025-12-19 10:40:00-05:00,181.43,181.63,180.88,181.385,28853.0
2025-12-19 10:45:00-05:00,181.31,181.57,180.69,180.715,17730.0
2025-12-19 10:50:00-05:00,181.05,181.77,180.88,181.58,10947.0
2025-12-19 10:55:00-05:00,181.77,181.86,180.82,181.75,17216.0
2025-12-19 11:00:00-05:00,181.765,181.765,181.03,181.51,13821.0
2025-12-19 11:05:00-05:00,181.4,181.74,181.09,181.09,20255.0
2025-12-19 11:10:00-05:00,181.4,182.3,181.4,181.925,14826.0
2025-12-19 11:15:00-05:00,181.92,182.41,181.42,181.73,29656.0
2025-12-19 11:20:00-05:00,181.64,183.0,181.48,182.61,21747.0
2025-12-19 11:25:00-05:00,182.61,183.0,182.61,182.9,16852.0
2025-12-19 11:30:00-05:00,182.78,183.78,182.76,183.435,28210.0
2025-12-19 11:35:00-05:00,183.435,183.47,182.8,183.028,22532.0
2025-12-19 11:40:00-05:00,183.0,183.23,182.57,182.72,18265.0
2025-12-19 11:45:00-05:00,182.7,182.85,182.3,182.365,13642.0
2025-12-19 11:50:00-05:00,182.28,182.84,181.9701,182.77,27497.0
2025-12-19 11:55:00-05:00,182.85,182.95,182.61,182.79,11468.0
2025-12-19 12:00:00-05:00,182.94,183.45,182.94,183.45,19875.0
2025-12-19 12:05:00-05:00,183.45,183.94,183.37,183.55,22971.0
2025-12-19 12:10:00-05:00,183.49,183.9799,183.48,183.93,18667.0
2025-12-19 12:15:00-05:00,183.97,184.655,183.97,184.2,39954.0
2025-12-19 12:20:00-05:00,184.25,184.73,184.0652,184.635,22353.0
2025-12-19 12:25:00-05:00,184.59,184.93,184.2575,184.39,34717.0
2025-12-19 12:30:00-05:00,184.3893,184.43,183.82,183.95,14459.0
2025-12-19 12:35:00-05:00,183.87,184.34,183.69,184.18,13760.0
2025-12-19 12:40:00-05:00,184.05,184.14,183.9,183.92,9722.0
2025-12-19 12:45:00-05:00,183.83,184.22,183.5872,184.2,13538.0
2025-12-19 12:50:00-05:00,184.195,184.665,184.1,184.65,29995.0
2025-12-19 12:55:00-05:00,184.64,184.72,184.35,184.46,13432.0
2025-12-19 13:00:00-05:00,184.52,184.77,184.3,184.77,15739.0
2025-12-19 13:05:00-05:00,184.88,184.91,184.34,184.48,14931.0
2025-12-19 13:10:00-05:00,184.495,184.61,184.32,184.3985,14725.0
2025-12-19 13:15:00-05:00,184.5,184.5,184.1,184.38,16763.0
2025-12-19 13:20:00-05:00,184.33,184.805,184.33,184.47,18448.0
2025-12-19 13:25:00-05:00,184.36,184.61,184.22,184.57,10740.0
2025-12-19 13:30:00-05:00,184.63,185.44,184.63,185.04,23604.0
2025-12-19 13:35:00-05:00,185.04,185.26,184.73,184.97,14357.0
2025-12-19 13:40:00-05:00,184.71,184.87,184.535,184.57,17713.0
2025-12-19 13:45:00-05:00,184.565,185.34,184.56,184.9675,26656.0
2025-12-19 13:50:00-05:00,184.8401,185.275,184.8401,185.275,21415.0
2025-12-19 13:55:00-05:00,185.33,185.4199,185.08,185.18,12963.0
2025-12-19 14:00:00-05:00,185.19,185.66,185.19,185.34,30721.0
2025-12-19 14:05:00-05:00,185.305,185.8,185.305,185.79,13708.0
2025-12-19 14:10:00-05:00,185.6,185.61,185.11,185.29,16552.0
2025-12-19 14:15:00-05:00,185.25,185.38,185.07,185.18,11804.0
2025-12-19 14:20:00-05:00,185.27,185.38,185.0,185.17,18292.0
2025-12-19 14:25:00-05:00,185.1776,185.34,185.0,185.025,10525.0
2025-12-19 14:30:00-05:00,185.2,185.31,185.05,185.2599,7427.0
2025-12-19 14:35:00-05:00,185.24,185.37,185.03,185.14,23270.0
2025-12-19 14:40:00-05:00,185.0601,185.19,184.49,184.58,36521.0
2025-12-19 14:45:00-05:00,184.585,185.13,184.585,184.85,21015.0
2025-12-19 14:50:00-05:00,184.855,185.02,184.66,185.02,14709.0
2025-12-19 14:55:00-05:00,184.945,185.27,184.78,184.945,15930.0
2025-12-19 15:00:00-05:00,185.05,185.08,184.72,185.06,30170.0
2025-12-19 15:05:00-05:00,184.93,185.06,184.79,184.925,23237.0
2025-12-19 15:10:00-05:00,184.79,185.06,184.79,184.97,29535.0
2025-12-19 15:15:00-05:00,185.005,185.64,184.93,185.36,68373.0
2025-12-19 15:20:00-05:00,185.36,186.19,185.345,186.1,23571.0
2025-12-19 15:25:00-05:00,186.18,186.3596,186.1,186.28,27287.0
2025-12-19 15:30:00-05:00,186.33,186.5,186.0,186.315,30347.0
2025-12-19 15:35:00-05:00,186.315,186.51,186.1,186.28,32782.0
2025-12-19 15:40:00-05:00,186.32,186.8,186.245,186.74,53570.0
2025-12-19 15:45:00-05:00,186.79,187.01,186.13,186.26,72763.0
2025-12-19 15:50:00-05:00,186.21,187.06,186.21,186.84,121585.0
2025-12-19 15:55:00-05:00,186.93,187.12,185.58,185.69,319971.0
2025-12-22 09:30:00-05:00,192.87,197.21,192.18,192.7,267327.0
2025-12-22 09:35:00-05:00,192.96,194.24,191.1,191.58,154032.0
2025-12-22 09:40:00-05:00,191.58,192.92,191.25,192.19,60556.0
2025-12-22 09:45:00-05:00,192.04,192.87,190.51,191.198,98195.0
2025-12-22 09:50:00-05:00,191.2,192.0,190.8001,191.805,45089.0
2025-12-22 09:55:00-05:00,191.65,192.0,190.99,191.88,25490.0
2025-12-22 10:00:00-05:00,191.88,191.88,189.5,190.2372,52829.0
2025-12-22 10:05:00-05:00,190.17,191.2,190.17,191.02,48567.0
2025-12-22 10:10:00-05:00,191.045,191.2,190.0,190.51,47419.0
2025-12-22 10:15:00-05:00,190.75,193.0,190.74,192.74,82135.0
2025-12-22 10:20:00-05:00,192.85,193.2,191.8,192.9,38714.0
2025-12-22 10:25:00-05:00,192.69,192.9,191.41,191.75,30872.0
2025-12-22 10:30:00-05:00,191.83,192.26,191.49,191.805,51582.0
2025-12-22 10:35:00-05:00,191.71,192.51,191.35,192.41,95996.0
2025-12-22 10:40:00-05:00,192.28,193.25,191.915,192.43,61916.0
2025-12-22 10:45:00-05:00,192.51,193.56,192.51,193.395,59861.0
2025-12-22 10:50:00-05:00,193.415,194.2699,193.415,194.035,50801.0
2025-12-22 10:55:00-05:00,194.35,194.58,193.39,193.405,38715.0
2025-12-22 11:00:00-05:00,193.36,193.57,192.2,192.28,33659.0
2025-12-22 11:05:00-05:00,192.21,192.83,191.74,191.795,31879.0
2025-12-22 11:10:00-05:00,191.795,192.6499,191.795,192.42,53864.0
2025-12-22 11:15:00-05:00,192.42,192.81,192.305,192.55,18703.0
2025-12-22 11:20:00-05:00,192.645,192.66,191.94,192.62,21438.0
2025-12-22 11:25:00-05:00,192.64,193.18,192.64,192.76,16643.0
2025-12-22 11:30:00-05:00,192.75,193.0,192.43,192.735,17208.0
2025-12-22 11:35:00-05:00,192.72,193.48,192.72,193.28,14718.0
2025-12-22 11:40:00-05:00,193.48,193.81,193.32,193.68,23180.0
2025-12-22 11:45:00-05:00,193.68,193.68,193.3,193.515,13113.0
2025-12-22 11:50:00-05:00,193.65,193.77,193.26,193.35,28640.0
2025-12-22 11:55:00-05:00,193.34,193.34,192.43,192.56,32027.0
2025-12-22 12:00:00-05:00,192.56,193.88,192.515,193.86,30502.0
2025-12-22 12:05:00-05:00,193.58,193.73,193.42,193.68,15741.0
2025-12-22 12:10:00-05:00,193.8,193.905,193.46,193.535,9934.0
2025-12-22 12:15:00-05:00,193.62,193.9,193.62,193.865,9884.0
2025-12-22 12:20:00-05:00,193.77,193.92,193.57,193.66,20512.0
2025-12-22 12:25:00-05:00,193.62,193.65,193.25,193.56,14673.0
2025-12-22 12:30:00-05:00,193.69,193.69,193.26,193.38,12105.0
2025-12-22 12:35:00-05:00,193.3911,193.54,193.13,193.28,12985.0
2025-12-22 12:40:00-05:00,193.25,193.25,192.12,192.18,31690.0
2025-12-22 12:45:00-05:00,192.145,192.28,191.24,191.86,67526.0
2025-12-22 12:50:00-05:00,191.86,192.45,191.86,192.44,11168.0
2025-12-22 12:55:00-05:00,192.52,192.73,192.4402,192.665,8919.0
2025-12-22 13:00:00-05:00,192.75,192.82,192.45,192.65,15547.0
2025-12-22 13:05:00-05:00,192.6,192.635,192.25,192.25,12981.0
2025-12-22 13:10:00-05:00,192.24,192.37,191.99,192.11,18073.0
2025-12-22 13:15:00-05:00,192.03,192.18,191.69,192.06,32803.0
2025-12-22 13:20:00-05:00,192.06,192.43,192.05,192.1301,9852.0
2025-12-22 13:25:00-05:00,192.3739,192.63,192.27,192.42,8202.0
2025-12-22 13:30:00-05:00,192.35,192.35,191.17,191.26,24418.0
2025-12-22 13:35:00-05:00,191.26,191.32,190.74,191.2384,51297.0
2025-12-22 13:40:00-05:00,191.16,191.7402,191.0501,191.5639,33221.0
2025-12-22 13:45:00-05:00,191.6,191.73,191.48,191.675,7601.0
2025-12-22 13:50:00-05:00,191.61,192.05,191.56,192.0375,27330.0
2025-12-22 13:55:00-05:00,192.035,192.59,192.035,192.59,12957.0
2025-12-22 14:00:00-05:00,192.6,192.83,192.19,192.365,23235.0
2025-12-22 14:05:00-05:00,192.34,192.61,192.27,192.43,22150.0
2025-12-22 14:10:00-05:00,192.3,192.3,191.87,191.965,29396.0
2025-12-22 14:15:00-05:00,191.88,192.33,191.88,192.33,18114.0
2025-12-22 14:20:00-05:00,192.36,192.6,192.3,192.34,21484.0
2025-12-22 14:25:00-05:00,192.44,192.65,192.24,192.24,14667.0
2025-12-22 14:30:00-05:00,192.205,193.0,192.17,192.97,19643.0
2025-12-22 14:35:00-05:00,192.97,193.22,192.97,193.04,9044.0
2025-12-22 14:40:00-05:00,193.05,193.0855,192.55,192.615,19003.0
2025-12-22 14:45:00-05:00,192.6,192.69,192.31,192.31,13016.0
2025-12-22 14:50:00-05:00,192.4782,192.4782,191.95,192.105,11736.0
2025-12-22 14:55:00-05:00,192.095,192.34,192.075,192.34,6727.0
2025-12-22 15:00:00-05:00,192.34,192.71,192.245,192.71,14044.0
2025-12-22 15:05:00-05:00,192.5909,192.73,192.0,192.225,22959.0
2025-12-22 15:10:00-05:00,192.22,192.44,191.845,191.99,26027.0
2025-12-22 15:15:00-05:00,192.06,192.39,192.04,192.305,17817.0
2025-12-22 15:20:00-05:00,192.34,192.345,192.04,192.15,24041.0
2025-12-22 15:25:00-05:00,192.16,192.3,192.08,192.21,17751.0
2025-12-22 15:30:00-05:00,192.19,192.49,192.09,192.155,31960.0
2025-12-22 15:35:00-05:00,192.2,192.27,191.98,192.04,32625.0
2025-12-22 15:40:00-05:00,192.01,192.15,190.99,191.22,83619.0
2025-12-22 15:45:00-05:00,191.14,191.49,190.431,191.47,76685.0
2025-12-22 15:50:00-05:00,191.52,191.72,190.795,191.005,76878.0
2025-12-22 15:55:00-05:00,191.07,191.3025,190.6101,190.96,200982.0
2025-12-23 09:30:00-05:00,187.56,192.99,187.3,191.34,139603.0
2025-12-23 09:35:00-05:00,191.26,191.26,189.0,190.555,21452.0
2025-12-23 09:40:00-05:00,190.555,191.63,189.95,191.55,35345.0
2025-12-23 09:45:00-05:00,191.81,192.77,191.55,192.0,25620.0
2025-12-23 09:50:00-05:00,192.145,192.145,189.8087,189.84,16659.0
2025-12-23 09:55:00-05:00,189.925,189.925,187.78,188.79,47920.0
2025-12-23 10:00:00-05:00,188.45,188.7323,188.215,188.535,27603.0
2025-12-23 10:05:00-05:00,188.91,189.31,188.54,189.07,14257.0
2025-12-23 10:10:00-05:00,189.127,189.6024,188.83,189.285,9590.0
2025-12-23 10:15:00-05:00,189.47,191.21,189.31,191.21,13986.0
2025-12-23 10:20:00-05:00,191.45,191.8,190.545,191.1,25573.0
2025-12-23 10:25:00-05:00,191.04,191.2,190.17,190.83,14995.0
2025-12-23 10:30:00-05:00,190.425,190.83,190.02,190.65,7990.0
2025-12-23 10:35:00-05:00,190.71,190.91,190.59,190.765,7749.0
2025-12-23 10:40:00-05:00,190.91,191.55,190.91,191.34,15705.0
2025-12-23 10:45:00-05:00,191.19,191.19,190.59,190.695,13860.0
2025-12-23 10:50:00-05:00,190.7,191.0,190.52,190.77,13448.0
2025-12-23 10:55:00-05:00,190.945,191.7681,190.945,191.34,17092.0
2025-12-23 11:00:00-05:00,191.34,191.8,191.1,191.15,6573.0
2025-12-23 11:05:00-05:00,191.135,192.12,191.0,191.0,19843.0
2025-12-23 11:10:00-05:00,191.005,191.14,190.5075,190.73,11874.0
2025-12-23 11:15:00-05:00,190.64,190.98,190.4901,190.8251,12714.0
2025-12-23 11:20:00-05:00,191.0,191.19,190.89,190.95,9791.0
2025-12-23 11:25:00-05:00,191.0902,191.0925,190.55,190.72,12697.0
2025-12-23 11:30:00-05:00,190.79,190.81,190.56,190.59,9170.0
2025-12-23 11:35:00-05:00,190.68,191.16,190.68,191.065,10629.0
2025-12-23 11:40:00-05:00,191.09,191.52,191.01,191.39,13965.0
2025-12-23 11:45:00-05:00,191.5299,191.5299,191.31,191.425,7239.0
2025-12-23 11:50:00-05:00,191.425,191.93,191.425,191.81,16448.0
2025-12-23 11:55:00-05:00,191.83,192.5,191.83,192.135,12873.0
2025-12-23 12:00:00-05:00,192.14,192.2,191.84,191.84,9572.0
2025-12-23 12:05:00-05:00,191.63,191.91,191.31,191.91,11894.0
2025-12-23 12:10:00-05:00,191.95,192.02,191.47,191.47,12853.0
2025-12-23 12:15:00-05:00,191.47,191.64,191.46,191.64,6479.0
2025-12-23 12:20:00-05:00,191.68,191.99,191.55,191.8566,7282.0
2025-12-23 12:25:00-05:00,191.99,191.99,191.61,191.65,5605.0
2025-12-23 12:30:00-05:00,191.79,192.1599,191.52,191.99,10585.0
2025-12-23 12:35:00-05:00,192.07,192.1487,191.745,191.97,8093.0
2025-12-23 12:40:00-05:00,191.97,192.11,191.87,191.88,3729.0
2025-12-23 12:45:00-05:00,191.88,192.2,191.88,192.15,10653.0
2025-12-23 12:50:00-05:00,192.15,192.43,192.03,192.1,13840.0
2025-12-23 12:55:00-05:00,192.15,192.29,191.89,191.99,4818.0
2025-12-23 13:00:00-05:00,192.1,192.14,191.84,192.02,5604.0
2025-12-23 13:05:00-05:00,191.92,192.3,191.92,192.18,7327.0
2025-12-23 13:10:00-05:00,192.18,192.2321,191.8,191.87,21839.0
2025-12-23 13:15:00-05:00,192.13,192.13,191.68,191.68,11500.0
2025-12-23 13:20:00-05:00,191.6145,191.8,191.57,191.695,7185.0
2025-12-23 13:25:00-05:00,191.695,191.705,191.43,191.595,8038.0
2025-12-23 13:30:00-05:00,191.57,191.605,191.355,191.51,6515.0
2025-12-23 13:35:00-05:00,191.55,191.55,191.13,191.155,9149.0
2025-12-23 13:40:00-05:00,191.171,191.7,191.07,191.5592,17393.0
2025-12-23 13:45:00-05:00,191.7,191.71,191.36,191.415,10132.0
2025-12-23 13:50:00-05:00,191.35,191.495,191.06,191.06,7639.0
2025-12-23 13:55:00-05:00,191.07,191.37,191.07,191.37,7755.0
2025-12-23 14:00:00-05:00,191.39,191.83,191.39,191.78,14191.0
2025-12-23 14:05:00-05:00,191.81,192.14,191.7951,191.88,12383.0
2025-12-23 14:10:00-05:00,191.9011,192.0,191.885,191.9011,8670.0
2025-12-23 14:15:00-05:00,191.99,191.99,191.62,191.745,11880.0
2025-12-23 14:20:00-05:00,191.8858,192.125,191.8858,191.95,29365.0
2025-12-23 14:25:00-05:00,191.955,191.98,191.72,191.83,8213.0
2025-12-23 14:30:00-05:00,191.9199,192.105,191.74,191.84,20325.0
2025-12-23 14:35:00-05:00,191.88,191.89,191.675,191.77,11210.0
2025-12-23 14:40:00-05:00,191.71,191.89,191.6,191.83,8066.0
2025-12-23 14:45:00-05:00,191.835,191.8451,191.74,191.76,7969.0
2025-12-23 14:50:00-05:00,191.86,191.91,191.735,191.835,12132.0
2025-12-23 14:55:00-05:00,191.79,192.035,191.78,192.02,31411.0
2025-12-23 15:00:00-05:00,192.0,192.03,191.74,191.825,14385.0
2025-12-23 15:05:00-05:00,191.825,191.98,191.74,191.85,13323.0
2025-12-23 15:10:00-05:00,191.9245,192.12,191.78,191.99,52019.0
2025-12-23 15:15:00-05:00,192.0,192.03,191.725,191.725,17778.0
2025-12-23 15:20:00-05:00,191.71,191.94,191.63,191.84,18040.0
2025-12-23 15:25:00-05:00,191.62,191.78,191.4152,191.44,25108.0
2025-12-23 15:30:00-05:00,191.39,191.39,190.89,191.011,32426.0
2025-12-23 15:35:00-05:00,191.01,191.3648,190.925,191.3648,27786.0
2025-12-23 15:40:00-05:00,191.39,191.71,191.36,191.545,26083.0
2025-12-23 15:45:00-05:00,191.545,191.8,191.455,191.63,42973.0
2025-12-23 15:50:00-05:00,191.645,191.8,191.345,191.53,65503.0
2025-12-23 15:55:00-05:00,191.52,191.93,191.33,191.9,192054.0
2025-12-24 09:30:00-05:00,192.96,192.96,190.4001,191.57,71037.0
2025-12-24 09:35:00-05:00,191.57,192.27,190.3,190.455,46522.0
2025-12-24 09:40:00-05:00,190.455,191.63,189.58,191.175,80386.0
2025-12-24 09:45:00-05:00,191.175,192.39,190.7,192.38,67253.0
2025-12-24 09:50:00-05:00,192.38,193.57,191.5,192.145,31471.0
2025-12-24 09:55:00-05:00,192.01,193.53,192.01,193.0,59362.0
2025-12-24 10:00:00-05:00,193.005,194.57,192.5,194.175,73787.0
2025-12-24 10:05:00-05:00,193.78,194.4,193.4,194.085,56912.0
2025-12-24 10:10:00-05:00,194.085,194.78,193.52,194.57,24025.0
2025-12-24 10:15:00-05:00,194.85,195.24,193.68,194.06,55580.0
2025-12-24 10:20:00-05:00,194.06,194.09,191.945,192.11,58091.0
2025-12-24 10:25:00-05:00,192.36,192.36,191.14,191.76,26887.0
2025-12-24 10:30:00-05:00,191.8514,192.266,191.5,191.69,22347.0
2025-12-24 10:35:00-05:00,191.685,191.845,191.1,191.63,25967.0
2025-12-24 10:40:00-05:00,191.635,192.225,191.49,192.14,17289.0
2025-12-24 10:45:00-05:00,191.95,192.125,191.405,191.55,31857.0
2025-12-24 10:50:00-05:00,191.69,192.5,191.69,192.42,33773.0
2025-12-24 10:55:00-05:00,192.46,192.56,191.615,191.91,57621.0
2025-12-24 11:00:00-05:00,192.015,192.19,191.76,191.76,9838.0
2025-12-24 11:05:00-05:00,191.77,192.67,191.76,192.465,15056.0
2025-12-24 11:10:00-05:00,192.47,192.68,192.095,192.19,18423.0
2025-12-24 11:15:00-05:00,192.115,192.32,191.86,192.105,13892.0
2025-12-24 11:20:00-05:00,192.14,192.32,192.0101,192.32,17492.0
2025-12-24 11:25:00-05:00,192.131,192.25,192.025,192.025,7449.0
2025-12-24 11:30:00-05:00,192.0974,192.12,191.78,191.89,20052.0
2025-12-24 11:35:00-05:00,192.05,192.27,191.78,192.0,46441.0
2025-12-24 11:40:00-05:00,192.06,192.37,192.01,192.28,11400.0
2025-12-24 11:45:00-05:00,192.16,192.32,191.6565,191.835,19610.0
2025-12-24 11:50:00-05:00,191.71,191.84,191.1801,191.305,13829.0
2025-12-24 11:55:00-05:00,191.42,191.6,191.25,191.52,9521.0
2025-12-24 12:00:00-05:00,191.52,191.795,191.205,191.27,12592.0
2025-12-24 12:05:00-05:00,191.285,191.42,190.738,191.19,16059.0
2025-12-24 12:10:00-05:00,191.16,191.25,191.05,191.08,30727.0
2025-12-24 12:15:00-05:00,191.145,192.0,191.145,191.97,25495.0
2025-12-24 12:20:00-05:00,192.075,192.245,191.72,191.72,40420.0
2025-12-24 12:25:00-05:00,191.745,191.88,191.43,191.805,15459.0
2025-12-24 12:30:00-05:00,191.84,191.97,191.67,191.8,20493.0
2025-12-24 12:35:00-05:00,191.73,191.86,191.49,191.75,16721.0
2025-12-24 12:40:00-05:00,191.75,191.87,191.3,191.38,19696.0
2025-12-24 12:45:00-05:00,191.36,192.4,191.27,192.155,45764.0
2025-12-24 12:50:00-05:00,192.05,192.16,191.565,191.62,42932.0
2025-12-24 12:55:00-05:00,191.57,191.88,191.22,191.27,106037.0
2025-12-24 13:00:00-05:00,191.37,191.37,191.37,191.37,62048.0
2025-12-26 09:30:00-05:00,193.09,193.99,190.725,191.165,87003.0
2025-12-26 09:35:00-05:00,191.17,191.76,189.75,190.96,45088.0
2025-12-26 09:40:00-05:00,190.745,191.67,190.02,191.28,50650.0
2025-12-26 09:45:00-05:00,191.03,191.46,189.8201,190.32,25563.0
2025-12-26 09:50:00-05:00,190.44,191.21,189.8,189.895,29444.0
2025-12-26 09:55:00-05:00,190.09,190.2,189.28,189.735,24435.0
2025-12-26 10:00:00-05:00,189.735,189.81,188.772,189.38,29485.0
2025-12-26 10:05:00-05:00,189.5179,190.12,189.29,189.39,26885.0
2025-12-26 10:10:00-05:00,189.65,189.77,188.69,188.845,27604.0
2025-12-26 10:15:00-05:00,188.855,189.345,188.1046,188.885,58687.0
2025-12-26 10:20:00-05:00,188.99,189.71,188.545,189.2,26323.0
2025-12-26 10:25:00-05:00,189.49,189.49,188.76,189.37,16334.0
2025-12-26 10:30:00-05:00,189.27,189.8,189.25,189.8,12041.0
2025-12-26 10:35:00-05:00,189.67,189.7,188.28,188.32,31186.0
2025-12-26 10:40:00-05:00,188.41,188.83,188.16,188.27,25222.0
2025-12-26 10:45:00-05:00,188.335,189.93,188.25,189.93,42396.0
2025-12-26 10:50:00-05:00,189.59,190.4,189.59,190.4,20684.0
2025-12-26 10:55:00-05:00,190.4,190.53,189.95,190.49,15976.0
2025-12-26 11:00:00-05:00,190.6,190.76,189.92,190.02,27452.0
2025-12-26 11:05:00-05:00,190.12,190.2,189.85,189.95,17658.0
2025-12-26 11:10:00-05:00,190.0,190.05,189.66,189.66,9636.0
2025-12-26 11:15:00-05:00,189.65,189.76,189.4,189.495,19079.0
2025-12-26 11:20:00-05:00,189.5,190.5,189.43,190.4,11150.0
2025-12-26 11:25:00-05:00,190.3,190.3,189.72,190.065,11102.0
2025-12-26 11:30:00-05:00,189.985,190.63,189.91,190.63,20128.0
2025-12-26 11:35:00-05:00,190.61,190.615,190.17,190.36,17443.0
2025-12-26 11:40:00-05:00,190.505,190.505,190.28,190.39,5597.0
2025-12-26 11:45:00-05:00,190.39,190.395,190.02,190.09,23395.0
2025-12-26 11:50:00-05:00,190.095,190.13,189.94,189.96,5746.0
2025-12-26 11:55:00-05:00,189.89,190.15,189.665,190.025,14196.0
2025-12-26 12:00:00-05:00,190.02,190.21,189.8807,189.92,11098.0
2025-12-26 12:05:00-05:00,189.9,189.905,189.36,189.495,21195.0
2025-12-26 12:10:00-05:00,189.495,189.79,189.36,189.77,9024.0
2025-12-26 12:15:00-05:00,189.75,189.88,189.41,189.88,10173.0
2025-12-26 12:20:00-05:00,189.88,189.89,189.32,189.45,9780.0
2025-12-26 12:25:00-05:00,189.58,189.86,189.475,189.86,13538.0
2025-12-26 12:30:00-05:00,189.92,190.23,189.9,190.18,10803.0
2025-12-26 12:35:00-05:00,190.1,190.13,189.85,190.02,3341.0
2025-12-26 12:40:00-05:00,189.89,190.18,189.89,189.95,5357.0
2025-12-26 12:45:00-05:00,190.09,190.24,189.922,189.922,7019.0
2025-12-26 12:50:00-05:00,190.14,190.405,190.14,190.32,8000.0
2025-12-26 12:55:00-05:00,190.3048,190.69,190.3048,190.585,18306.0
2025-12-26 13:00:00-05:00,190.53,191.21,190.52,190.895,12844.0
2025-12-26 13:05:00-05:00,190.8,191.03,190.8,190.82,10754.0
2025-12-26 13:10:00-05:00,190.76,191.09,190.73,191.025,7042.0
2025-12-26 13:15:00-05:00,191.09,191.1,190.88,190.88,5480.0
2025-12-26 13:20:00-05:00,190.91,191.03,190.67,190.83,9981.0
2025-12-26 13:25:00-05:00,190.75,190.97,190.75,190.97,6950.0
2025-12-26 13:30:00-05:00,190.99,191.17,190.945,191.08,7819.0
2025-12-26 13:35:00-05:00,191.08,191.23,191.08,191.19,6638.0
2025-12-26 13:40:00-05:00,191.25,191.45,191.25,191.375,6225.0
2025-12-26 13:45:00-05:00,191.3,191.33,190.94,191.12,8213.0
2025-12-26 13:50:00-05:00,191.095,191.33,191.095,191.31,3676.0
2025-12-26 13:55:00-05:00,191.18,191.18,190.91,190.91,3616.0
2025-12-26 14:00:00-05:00,191.03,191.27,190.89,191.12,13307.0
2025-12-26 14:05:00-05:00,191.03,191.18,191.03,191.16,3982.0
2025-12-26 14:10:00-05:00,191.07,191.14,190.745,190.7537,9457.0
2025-12-26 14:15:00-05:00,190.9,191.1,190.82,190.94,11531.0
2025-12-26 14:20:00-05:00,191.03,191.03,190.89,190.95,3863.0
2025-12-26 14:25:00-05:00,190.89,191.0067,190.86,190.89,2818.0
2025-12-26 14:30:00-05:00,190.87,191.14,190.81,191.01,11893.0
2025-12-26 14:35:00-05:00,191.15,191.51,191.15,191.27,31688.0
2025-12-26 14:40:00-05:00,191.275,191.34,190.915,191.03,15863.0
2025-12-26 14:45:00-05:00,191.14,191.5,191.05,191.375,9236.0
2025-12-26 14:50:00-05:00,191.35,191.39,191.25,191.25,3091.0
2025-12-26 14:55:00-05:00,191.25,191.27,191.18,191.27,3064.0
2025-12-26 15:00:00-05:00,191.3899,191.54,191.21,191.47,12101.0
2025-12-26 15:05:00-05:00,191.47,191.7,191.36,191.36,13452.0
2025-12-26 15:10:00-05:00,191.37,191.62,191.32,191.51,8078.0
2025-12-26 15:15:00-05:00,191.44,191.65,191.3601,191.65,11313.0
2025-12-26 15:20:00-05:00,191.69,191.69,191.41,191.46,6423.0
2025-12-26 15:25:00-05:00,191.48,191.6,191.38,191.38,13743.0
2025-12-26 15:30:00-05:00,191.405,192.035,191.405,191.8,22777.0
2025-12-26 15:35:00-05:00,191.7175,192.02,191.7175,191.93,14489.0
2025-12-26 15:40:00-05:00,191.91,191.915,191.67,191.86,17468.0
2025-12-26 15:45:00-05:00,191.86,191.925,191.61,191.7625,29815.0
2025-12-26 15:50:00-05:00,191.82,192.1,191.66,191.85,47236.0
2025-12-26 15:55:00-05:00,191.78,191.85,191.41,191.72,118997.0
2025-12-29 09:30:00-05:00,187.95,188.79,184.22,188.27,128138.0
2025-12-29 09:35:00-05:00,188.27,190.75,188.27,190.4,52801.0
2025-12-29 09:40:00-05:00,190.1,190.665,189.51,189.6,30356.0
2025-12-29 09:45:00-05:00,189.59,189.76,185.64,186.31,71171.0
2025-12-29 09:50:00-05:00,186.265,187.115,185.975,186.41,56709.0
2025-12-29 09:55:00-05:00,186.21,186.74,185.14,185.93,33419.0
2025-12-29 10:00:00-05:00,185.6,186.01,184.93,184.93,41003.0
2025-12-29 10:05:00-05:00,184.89,185.22,184.23,184.345,54494.0
2025-12-29 10:10:00-05:00,184.23,185.2346,183.55,184.8375,54021.0
2025-12-29 10:15:00-05:00,185.13,186.73,185.095,186.02,41723.0
2025-12-29 10:20:00-05:00,186.06,186.8,185.88,186.18,31644.0
2025-12-29 10:25:00-05:00,186.39,186.71,186.01,186.23,14284.0
2025-12-29 10:30:00-05:00,186.13,186.5413,185.73,186.38,27562.0
2025-12-29 10:35:00-05:00,186.505,187.2,186.5,186.855,18248.0
2025-12-29 10:40:00-05:00,186.79,188.06,186.76,188.046,23637.0
2025-12-29 10:45:00-05:00,187.92,187.92,186.795,186.8425,19935.0
2025-12-29 10:50:00-05:00,186.81,187.0,186.3839,186.6923,15998.0
2025-12-29 10:55:00-05:00,186.5,187.71,186.5,187.17,19445.0
2025-12-29 11:00:00-05:00,187.18,187.85,187.0,187.12,22896.0
2025-12-29 11:05:00-05:00,187.14,187.555,186.8543,187.38,20527.0
2025-12-29 11:10:00-05:00,187.195,188.385,187.195,187.99,23305.0
2025-12-29 11:15:00-05:00,187.84,188.22,187.24,188.11,37674.0
2025-12-29 11:20:00-05:00,188.03,188.44,187.94,188.26,12292.0
2025-12-29 11:25:00-05:00,188.385,188.56,188.04,188.385,11179.0
2025-12-29 11:30:00-05:00,188.385,188.88,188.385,188.6,15393.0
2025-12-29 11:35:00-05:00,188.67,188.72,187.96,188.055,11178.0
2025-12-29 11:40:00-05:00,188.0701,188.31,187.77,188.145,14577.0
2025-12-29 11:45:00-05:00,188.15,188.45,187.99,188.195,33290.0
2025-12-29 11:50:00-05:00,188.1049,188.34,188.07,188.16,10490.0
2025-12-29 11:55:00-05:00,188.27,188.405,188.03,188.145,8841.0
2025-12-29 12:00:00-05:00,188.22,188.43,188.05,188.15,9482.0
2025-12-29 12:05:00-05:00,188.01,188.164,187.88,187.95,13453.0
2025-12-29 12:10:00-05:00,188.0699,188.07,187.61,187.8099,12429.0
2025-12-29 12:15:00-05:00,187.715,187.92,187.65,187.71,16291.0
2025-12-29 12:20:00-05:00,187.65,187.81,187.58,187.705,11221.0
2025-12-29 12:25:00-05:00,187.63,187.73,187.21,187.28,20140.0
2025-12-29 12:30:00-05:00,187.24,188.0,187.08,187.935,16517.0
2025-12-29 12:35:00-05:00,188.005,188.31,188.005,188.11,5707.0
2025-12-29 12:40:00-05:00,188.06,188.27,187.785,187.8925,10127.0
2025-12-29 12:45:00-05:00,187.82,187.98,187.6,187.705,8463.0
2025-12-29 12:50:00-05:00,187.81,188.14,187.6201,188.005,7692.0
2025-12-29 12:55:00-05:00,187.93,188.25,187.93,188.25,10834.0
2025-12-29 13:00:00-05:00,188.115,188.19,187.57,187.78,16061.0
2025-12-29 13:05:00-05:00,187.85,188.13,187.85,188.04,9584.0
2025-12-29 13:10:00-05:00,187.95,187.95,187.76,187.81,6491.0
2025-12-29 13:15:00-05:00,187.89,188.38,187.805,188.38,11559.0
2025-12-29 13:20:00-05:00,188.33,188.75,188.28,188.75,11776.0
2025-12-29 13:25:00-05:00,188.64,188.64,188.06,188.27,9709.0
2025-12-29 13:30:00-05:00,188.165,188.58,188.165,188.455,10345.0
2025-12-29 13:35:00-05:00,188.57,189.03,188.47,188.47,18913.0
2025-12-29 13:40:00-05:00,188.47,188.64,188.32,188.375,11762.0
2025-12-29 13:45:00-05:00,188.36,188.51,188.26,188.5028,5265.0
2025-12-29 13:50:00-05:00,188.37,188.5,188.26,188.375,5569.0
2025-12-29 13:55:00-05:00,188.48,188.48,188.12,188.4,11702.0
2025-12-29 14:00:00-05:00,188.27,188.41,188.01,188.4,19634.0
2025-12-29 14:05:00-05:00,188.49,188.49,188.2,188.2,5922.0
2025-12-29 14:10:00-05:00,188.17,188.35,188.08,188.35,11784.0
2025-12-29 14:15:00-05:00,188.38,188.48,188.29,188.39,5826.0
2025-12-29 14:20:00-05:00,188.37,188.76,188.32,188.685,8897.0
2025-12-29 14:25:00-05:00,188.62,188.8,188.57,188.8,9583.0
2025-12-29 14:30:00-05:00,188.85,188.96,188.71,188.71,9002.0
2025-12-29 14:35:00-05:00,188.76,188.91,188.76,188.79,7248.0
2025-12-29 14:40:00-05:00,188.82,189.01,188.74,188.9188,13503.0
2025-12-29 14:45:00-05:00,189.02,189.24,188.92,189.24,9424.0
2025-12-29 14:50:00-05:00,189.27,189.36,189.175,189.3599,8881.0
2025-12-29 14:55:00-05:00,189.17,189.4125,189.12,189.26,9269.0
2025-12-29 15:00:00-05:00,189.38,189.565,189.25,189.565,17813.0
2025-12-29 15:05:00-05:00,189.525,189.6,189.4,189.47,10489.0
2025-12-29 15:10:00-05:00,189.52,189.55,189.31,189.37,12030.0
2025-12-29 15:15:00-05:00,189.405,189.5,189.36,189.405,8760.0
2025-12-29 15:20:00-05:00,189.405,189.45,189.19,189.32,13007.0
2025-12-29 15:25:00-05:00,189.38,189.42,188.92,188.92,19452.0
2025-12-29 15:30:00-05:00,188.88,189.1299,188.38,188.566,19688.0
2025-12-29 15:35:00-05:00,188.4,188.73,188.15,188.42,48625.0
2025-12-29 15:40:00-05:00,188.3475,188.6777,188.3475,188.65,19123.0
2025-12-29 15:45:00-05:00,188.605,189.05,188.605,188.88,23492.0
2025-12-29 15:50:00-05:00,189.05,189.55,188.9,189.29,54393.0
2025-12-29 15:55:00-05:00,189.23,189.23,188.6797,189.02,159121.0
2025-12-30 09:30:00-05:00,190.0,190.0,187.0,188.62,46220.0
2025-12-30 09:35:00-05:00,188.61,189.46,186.89,187.0,31394.0
2025-12-30 09:40:00-05:00,186.59,187.52,186.43,187.3,22003.0
2025-12-30 09:45:00-05:00,187.49,189.0099,187.11,188.33,23658.0
2025-12-30 09:50:00-05:00,188.33,189.5,188.2874,189.49,27783.0
2025-12-30 09:55:00-05:00,189.75,190.185,188.29,188.44,28566.0
2025-12-30 10:00:00-05:00,188.69,188.77,187.73,188.37,22538.0
2025-12-30 10:05:00-05:00,188.5845,189.27,188.3,188.86,26721.0
2025-12-30 10:10:00-05:00,188.86,188.95,188.09,188.2572,11229.0
2025-12-30 10:15:00-05:00,188.34,188.78,188.21,188.32,17228.0
2025-12-30 10:20:00-05:00,188.18,189.0,188.18,188.43,14484.0
2025-12-30 10:25:00-05:00,188.43,188.52,188.2,188.39,5217.0
2025-12-30 10:30:00-05:00,188.26,188.575,188.07,188.54,10155.0
2025-12-30 10:35:00-05:00,188.68,189.44,188.4,188.92,14912.0
2025-12-30 10:40:00-05:00,188.78,189.05,188.61,189.04,10125.0
2025-12-30 10:45:00-05:00,189.08,189.3799,189.01,189.29,6664.0
2025-12-30 10:50:00-05:00,189.28,189.58,189.23,189.31,5880.0
2025-12-30 10:55:00-05:00,189.268,189.64,189.25,189.51,9314.0
2025-12-30 11:00:00-05:00,189.38,189.68,189.17,189.68,15568.0
2025-12-30 11:05:00-05:00,189.63,189.8,189.29,189.32,8714.0
2025-12-30 11:10:00-05:00,189.355,189.355,188.995,189.1975,11062.0
2025-12-30 11:15:00-05:00,189.28,189.58,189.28,189.36,5995.0
2025-12-30 11:20:00-05:00,189.47,190.01,189.47,189.8,22544.0
2025-12-30 11:25:00-05:00,189.59,189.83,189.53,189.71,4639.0
2025-12-30 11:30:00-05:00,189.69,189.9,189.575,189.86,8434.0
2025-12-30 11:35:00-05:00,189.78,189.78,189.245,189.41,5436.0
2025-12-30 11:40:00-05:00,189.23,189.54,189.215,189.35,8595.0
2025-12-30 11:45:00-05:00,189.4978,189.5,189.325,189.325,2764.0
2025-12-30 11:50:00-05:00,189.42,189.47,189.1924,189.31,5499.0
2025-12-30 11:55:00-05:00,189.3,189.35,188.795,188.93,20605.0
2025-12-30 12:00:00-05:00,188.9,189.0,188.74,188.74,5247.0
2025-12-30 12:05:00-05:00,188.79,189.68,188.79,189.18,10647.0
2025-12-30 12:10:00-05:00,189.14,189.26,188.94,189.03,7919.0
2025-12-30 12:15:00-05:00,189.09,189.09,188.85,188.92,7433.0
2025-12-30 12:20:00-05:00,188.93,189.08,188.92,189.0,8022.0
2025-12-30 12:25:00-05:00,188.91,188.99,188.79,188.94,2540.0
2025-12-30 12:30:00-05:00,188.875,189.29,188.875,189.25,8373.0
2025-12-30 12:35:00-05:00,189.29,189.36,189.08,189.21,2827.0
2025-12-30 12:40:00-05:00,189.12,189.19,189.05,189.165,3693.0
2025-12-30 12:45:00-05:00,189.13,189.13,188.99,189.065,3809.0
2025-12-30 12:50:00-05:00,189.15,189.15,189.01,189.07,2510.0
2025-12-30 12:55:00-05:00,189.01,189.19,188.98,189.02,6985.0
2025-12-30 13:00:00-05:00,188.91,188.91,188.35,188.6025,11562.0
2025-12-30 13:05:00-05:00,188.66,188.8,188.57,188.8,7975.0
2025-12-30 13:10:00-05:00,188.7999,188.7999,188.19,188.29,18087.0
2025-12-30 13:15:00-05:00,188.27,188.4,188.27,188.341,5601.0
2025-12-30 13:20:00-05:00,188.45,188.45,188.2,188.3899,7902.0
2025-12-30 13:25:00-05:00,188.38,188.4,187.95,188.12,9255.0
2025-12-30 13:30:00-05:00,188.09,188.33,187.93,188.08,17150.0
2025-12-30 13:35:00-05:00,188.08,188.08,187.83,187.84,4278.0
2025-12-30 13:40:00-05:00,187.81,187.81,187.64,187.65,6953.0
2025-12-30 13:45:00-05:00,187.72,188.0,187.72,187.89,10030.0
2025-12-30 13:50:00-05:00,187.95,187.95,187.6,187.66,8843.0
2025-12-30 13:55:00-05:00,187.62,187.76,187.62,187.74,3439.0
2025-12-30 14:00:00-05:00,187.6801,188.08,187.6801,188.0275,10247.0
2025-12-30 14:05:00-05:00,187.9,188.185,187.69,187.97,9732.0
2025-12-30 14:10:00-05:00,188.17,188.68,188.17,188.68,10644.0
2025-12-30 14:15:00-05:00,188.63,188.63,188.41,188.54,3319.0
2025-12-30 14:20:00-05:00,188.56,188.68,188.52,188.59,9342.0
2025-12-30 14:25:00-05:00,188.67,188.67,188.295,188.33,10121.0
2025-12-30 14:30:00-05:00,188.33,188.37,187.76,187.86,10010.0
2025-12-30 14:35:00-05:00,187.77,187.96,187.56,187.96,8514.0
2025-12-30 14:40:00-05:00,187.9,187.99,187.83,187.99,4234.0
2025-12-30 14:45:00-05:00,187.99,188.0,187.77,187.825,6747.0
2025-12-30 14:50:00-05:00,187.55,187.66,187.05,187.345,44252.0
2025-12-30 14:55:00-05:00,187.345,187.52,187.27,187.34,6575.0
2025-12-30 15:00:00-05:00,187.33,187.6,187.16,187.6,16396.0
2025-12-30 15:05:00-05:00,187.45,187.49,187.36,187.45,3344.0
2025-12-30 15:10:00-05:00,187.445,187.445,186.96,187.19,15055.0
2025-12-30 15:15:00-05:00,187.11,187.51,187.0501,187.36,8203.0
2025-12-30 15:20:00-05:00,187.47,187.59,187.21,187.39,15826.0
2025-12-30 15:25:00-05:00,187.31,187.31,187.02,187.06,8184.0
2025-12-30 15:30:00-05:00,187.04,187.09,186.87,186.91,12398.0
2025-12-30 15:35:00-05:00,186.955,187.1,186.76,186.9742,19184.0
2025-12-30 15:40:00-05:00,187.09,187.28,186.95,187.02,68143.0
2025-12-30 15:45:00-05:00,187.07,187.2,186.98,186.98,23461.0
2025-12-30 15:50:00-05:00,186.9,187.2,186.77,187.125,37360.0
2025-12-30 15:55:00-05:00,187.17,187.19,186.64,186.88,111351.0
2025-12-31 09:30:00-05:00,187.72,187.93,186.15,187.63,44809.0
2025-12-31 09:35:00-05:00,187.595,188.33,186.38,186.415,18834.0
2025-12-31 09:40:00-05:00,186.415,186.62,185.65,186.565,19439.0
2025-12-31 09:45:00-05:00,186.8,186.8,185.75,186.105,32163.0
2025-12-31 09:50:00-05:00,186.02,188.7,186.02,188.3,40726.0
2025-12-31 09:55:00-05:00,188.46,188.7,188.025,188.24,21775.0
2025-12-31 10:00:00-05:00,188.05,188.48,187.82,188.055,29354.0
2025-12-31 10:05:00-05:00,188.055,188.06,186.14,186.15,37478.0
2025-12-31 10:10:00-05:00,186.14,186.68,185.92,186.415,30696.0
2025-12-31 10:15:00-05:00,186.42,186.76,186.17,186.585,19936.0
2025-12-31 10:20:00-05:00,186.67,186.99,186.605,186.765,16180.0
2025-12-31 10:25:00-05:00,186.765,186.87,186.2,186.75,19697.0
2025-12-31 10:30:00-05:00,186.87,187.268,186.68,187.06,17910.0
2025-12-31 10:35:00-05:00,186.85,187.95,186.85,187.375,15411.0
2025-12-31 10:40:00-05:00,187.4,187.7,187.2,187.305,12016.0
2025-12-31 10:45:00-05:00,187.25,187.46,187.13,187.43,14257.0
2025-12-31 10:50:00-05:00,187.44,187.5,187.0,187.0,13676.0
2025-12-31 10:55:00-05:00,186.88,187.355,186.405,187.32,24852.0
2025-12-31 11:00:00-05:00,187.3375,187.97,187.3375,187.835,10817.0
2025-12-31 11:05:00-05:00,187.835,188.13,187.34,187.34,12490.0
2025-12-31 11:10:00-05:00,187.34,187.51,187.05,187.05,11782.0
2025-12-31 11:15:00-05:00,187.18,187.18,186.5324,186.58,32011.0
2025-12-31 11:20:00-05:00,186.645,186.78,186.3401,186.44,33602.0
2025-12-31 11:25:00-05:00,186.43,186.53,186.2101,186.53,13407.0
2025-12-31 11:30:00-05:00,186.42,186.57,186.085,186.31,24988.0
2025-12-31 11:35:00-05:00,186.39,186.39,185.8,186.04,18792.0
2025-12-31 11:40:00-05:00,186.05,186.05,185.65,185.78,9394.0
2025-12-31 11:45:00-05:00,185.8,186.05,185.8,185.9,5517.0
2025-12-31 11:50:00-05:00,185.905,186.26,185.905,185.9901,6343.0
2025-12-31 11:55:00-05:00,186.16,186.3699,185.99,186.21,14442.0
2025-12-31 12:00:00-05:00,186.315,186.3699,186.05,186.12,19428.0
2025-12-31 12:05:00-05:00,186.04,186.14,185.85,185.88,7508.0
2025-12-31 12:10:00-05:00,185.89,186.065,185.82,186.009,6870.0
2025-12-31 12:15:00-05:00,186.0,186.62,185.93,186.62,20315.0
2025-12-31 12:20:00-05:00,186.52,186.525,186.105,186.1575,8478.0
2025-12-31 12:25:00-05:00,186.15,186.62,186.145,186.365,20606.0
2025-12-31 12:30:00-05:00,186.22,186.22,185.91,185.95,10769.0
2025-12-31 12:35:00-05:00,186.005,186.13,185.77,185.9,18102.0
2025-12-31 12:40:00-05:00,185.87,186.03,185.72,185.73,7839.0
2025-12-31 12:45:00-05:00,185.6001,185.87,185.36,185.38,9457.0
2025-12-31 12:50:00-05:00,185.34,185.415,185.09,185.41,12373.0
2025-12-31 12:55:00-05:00,185.385,185.47,184.84,185.325,22185.0
2025-12-31 13:00:00-05:00,185.357,185.357,185.14,185.295,7516.0
2025-12-31 13:05:00-05:00,185.23,185.37,185.23,185.335,11955.0
2025-12-31 13:10:00-05:00,185.335,185.45,185.23,185.36,6899.0
2025-12-31 13:15:00-05:00,185.29,185.3025,185.06,185.09,10229.0
2025-12-31 13:20:00-05:00,185.025,185.1561,185.0,185.0109,4518.0
2025-12-31 13:25:00-05:00,185.05,185.44,185.05,185.28,19901.0
2025-12-31 13:30:00-05:00,185.28,185.53,185.24,185.4,10518.0
2025-12-31 13:35:00-05:00,185.375,185.39,185.21,185.335,16851.0
2025-12-31 13:40:00-05:00,185.335,185.49,185.29,185.38,9924.0
2025-12-31 13:45:00-05:00,185.38,185.51,185.14,185.14,6095.0
2025-12-31 13:50:00-05:00,185.13,185.25,185.0,185.09,10617.0
2025-12-31 13:55:00-05:00,185.36,185.36,185.0701,185.15,11421.0
2025-12-31 14:00:00-05:00,185.3399,185.52,185.25,185.335,14748.0
2025-12-31 14:05:00-05:00,185.27,185.56,185.22,185.33,24703.0
2025-12-31 14:10:00-05:00,185.37,185.74,185.35,185.56,35022.0
2025-12-31 14:15:00-05:00,185.74,185.74,185.21,185.305,12004.0
2025-12-31 14:20:00-05:00,185.23,185.66,185.18,185.45,12166.0
2025-12-31 14:25:00-05:00,185.45,185.47,184.81,184.845,11633.0
2025-12-31 14:30:00-05:00,184.865,184.87,183.83,183.9201,20173.0
2025-12-31 14:35:00-05:00,184.01,184.49,183.91,184.31,19391.0
2025-12-31 14:40:00-05:00,184.35,184.88,184.35,184.69,7160.0
2025-12-31 14:45:00-05:00,184.69,184.715,183.94,184.03,18720.0
2025-12-31 14:50:00-05:00,184.04,184.6,184.0,184.52,13361.0
2025-12-31 14:55:00-05:00,184.51,184.85,184.19,184.585,26672.0
2025-12-31 15:00:00-05:00,185.005,185.005,184.5201,184.61,8692.0
2025-12-31 15:05:00-05:00,184.47,184.83,184.18,184.25,11727.0
2025-12-31 15:10:00-05:00,184.18,184.48,183.9301,184.395,15596.0
2025-12-31 15:15:00-05:00,184.395,184.78,184.395,184.75,10255.0
2025-12-31 15:20:00-05:00,184.71,184.84,184.56,184.685,8442.0
2025-12-31 15:25:00-05:00,184.55,184.68,184.4,184.605,17955.0
2025-12-31 15:30:00-05:00,184.7799,185.03,184.605,184.99,14299.0
2025-12-31 15:35:00-05:00,184.98,185.26,184.935,185.04,15305.0
2025-12-31 15:40:00-05:00,185.03,185.34,184.93,185.3,18417.0
2025-12-31 15:45:00-05:00,185.3,185.35,184.45,184.45,33156.0
2025-12-31 15:50:00-05:00,184.26,184.47,183.8401,183.93,71793.0
2025-12-31 15:55:00-05:00,183.91,185.19,183.81,184.55,187858.0
2026-01-02 09:30:00-05:00,188.0,189.2552,187.0201,188.765,149429.0
2026-01-02 09:35:00-05:00,189.05,190.24,188.305,189.1256,215744.0
2026-01-02 09:40:00-05:00,189.2128,192.06,189.055,191.79,164024.0
2026-01-02 09:45:00-05:00,191.77,194.87,191.64,193.53,107654.0
2026-01-02 09:50:00-05:00,193.695,193.915,192.82,193.4,91101.0
2026-01-02 09:55:00-05:00,193.67,194.0,192.53,193.43,92239.0
2026-01-02 10:00:00-05:00,193.43,195.0,193.195,194.46,55356.0
2026-01-02 10:05:00-05:00,194.37,195.92,193.97,195.24,75730.0
2026-01-02 10:10:00-05:00,194.73,195.095,192.31,192.8,37862.0
2026-01-02 10:15:00-05:00,192.76,193.46,191.56,192.16,130202.0
2026-01-02 10:20:00-05:00,192.12,192.12,190.42,190.5464,54415.0
2026-01-02 10:25:00-05:00,190.75,191.44,190.0,191.08,65794.0
2026-01-02 10:30:00-05:00,191.18,193.4,190.3719,193.4,34148.0
2026-01-02 10:35:00-05:00,192.8,194.88,192.68,194.82,38202.0
2026-01-02 10:40:00-05:00,194.87,195.03,194.02,194.89,36549.0
2026-01-02 10:45:00-05:00,194.97,195.53,193.36,193.715,49541.0
2026-01-02 10:50:00-05:00,194.04,194.08,192.2901,193.09,39318.0
2026-01-02 10:55:00-05:00,193.01,193.26,191.16,191.39,32954.0
2026-01-02 11:00:00-05:00,191.4,192.595,191.14,192.024,43312.0
2026-01-02 11:05:00-05:00,191.77,192.475,191.36,192.18,22017.0
2026-01-02 11:10:00-05:00,192.0516,192.809,191.1382,192.545,35460.0
2026-01-02 11:15:00-05:00,192.54,192.99,192.17,192.725,30970.0
2026-01-02 11:20:00-05:00,192.8,193.31,192.32,192.56,29910.0
2026-01-02 11:25:00-05:00,192.47,192.89,192.12,192.27,15944.0
2026-01-02 11:30:00-05:00,192.18,193.0,191.7,192.79,37590.0
2026-01-02 11:35:00-05:00,192.66,193.28,192.53,192.82,25141.0
2026-01-02 11:40:00-05:00,192.84,193.17,192.49,193.17,19964.0
2026-01-02 11:45:00-05:00,193.21,193.256,192.05,192.295,34083.0
2026-01-02 11:50:00-05:00,192.305,192.305,190.99,191.2,36374.0
2026-01-02 11:55:00-05:00,191.28,191.63,191.03,191.63,19769.0
2026-01-02 12:00:00-05:00,191.75,191.79,191.12,191.13,14924.0
2026-01-02 12:05:00-05:00,191.245,192.195,191.245,192.0925,14591.0
2026-01-02 12:10:00-05:00,192.115,192.36,191.88,192.36,24511.0
2026-01-02 12:15:00-05:00,192.43,192.53,191.589,191.735,23503.0
2026-01-02 12:20:00-05:00,191.66,192.55,191.61,192.54,14302.0
2026-01-02 12:25:00-05:00,192.32,192.8193,192.12,192.345,21595.0
2026-01-02 12:30:00-05:00,192.46,192.65,192.35,192.48,10456.0
2026-01-02 12:35:00-05:00,192.4,192.52,192.04,192.52,14599.0
2026-01-02 12:40:00-05:00,192.63,192.88,192.44,192.88,18809.0
2026-01-02 12:45:00-05:00,192.88,193.2,192.515,192.54,19927.0
2026-01-02 12:50:00-05:00,192.54,193.93,192.32,193.84,27327.0
2026-01-02 12:55:00-05:00,193.84,194.07,193.175,193.6,27753.0
2026-01-02 13:00:00-05:00,193.54,193.94,193.3,193.9,15252.0
2026-01-02 13:05:00-05:00,193.855,194.0,193.56,193.58,17609.0
2026-01-02 13:10:00-05:00,193.65,194.015,193.07,193.2075,21402.0
2026-01-02 13:15:00-05:00,193.235,193.565,193.01,193.48,13894.0
2026-01-02 13:20:00-05:00,193.41,193.87,193.38,193.63,9266.0
2026-01-02 13:25:00-05:00,193.63,193.64,193.1,193.25,12335.0
2026-01-02 13:30:00-05:00,193.24,193.24,192.75,193.025,13884.0
2026-01-02 13:35:00-05:00,193.03,193.38,192.89,193.09,13986.0
2026-01-02 13:40:00-05:00,193.11,193.46,193.0,193.425,17170.0
2026-01-02 13:45:00-05:00,193.48,193.7822,192.61,192.61,25423.0
2026-01-02 13:50:00-05:00,192.61,192.61,191.91,192.2582,14073.0
2026-01-02 13:55:00-05:00,192.28,192.92,192.28,192.83,14952.0
2026-01-02 14:00:00-05:00,192.69,193.0,192.53,192.96,15282.0
2026-01-02 14:05:00-05:00,193.07,193.6,193.07,193.39,22829.0
2026-01-02 14:10:00-05:00,193.35,194.27,193.35,193.86,28649.0
2026-01-02 14:15:00-05:00,193.94,194.05,193.09,193.14,13580.0
2026-01-02 14:20:00-05:00,193.13,193.43,192.335,193.17,26360.0
2026-01-02 14:25:00-05:00,193.13,193.85,192.96,193.32,36872.0
2026-01-02 14:30:00-05:00,193.305,193.61,193.24,193.485,25092.0
2026-01-02 14:35:00-05:00,193.48,193.91,193.48,193.7975,24833.0
2026-01-02 14:40:00-05:00,193.86,194.25,193.77,193.86,22656.0
2026-01-02 14:45:00-05:00,193.975,194.17,193.82,194.07,19934.0
2026-01-02 14:50:00-05:00,194.06,194.08,193.71,193.85,13975.0
2026-01-02 14:55:00-05:00,193.88,194.17,193.55,193.7,20802.0
2026-01-02 15:00:00-05:00,193.615,193.73,193.47,193.57,10968.0
2026-01-02 15:05:00-05:00,193.57,193.805,193.44,193.59,20805.0
2026-01-02 15:10:00-05:00,193.63,194.0,193.585,193.995,23735.0
2026-01-02 15:15:00-05:00,194.05,194.2882,193.605,194.2882,20134.0
2026-01-02 15:20:00-05:00,194.21,194.55,194.06,194.55,24351.0
2026-01-02 15:25:00-05:00,194.56,195.0,194.23,194.86,31619.0
2026-01-02 15:30:00-05:00,194.865,194.95,194.485,194.705,20298.0
2026-01-02 15:35:00-05:00,194.76,195.025,194.56,194.83,46718.0
2026-01-02 15:40:00-05:00,194.64,194.79,194.36,194.36,34459.0
2026-01-02 15:45:00-05:00,194.3201,194.42,193.87,193.9,55738.0
2026-01-02 15:50:00-05:00,193.89,194.21,193.77,193.8162,78499.0
2026-01-02 15:55:00-05:00,193.87,194.45,193.5,194.28,174860.0
2026-01-05 09:30:00-05:00,197.66,200.18,195.28,195.565,391437.0
2026-01-05 09:35:00-05:00,195.455,197.01,189.13,191.07,300326.0
2026-01-05 09:40:00-05:00,190.99,191.66,185.86,186.9294,161164.0
2026-01-05 09:45:00-05:00,187.21,187.9899,183.7,184.0,130233.0
2026-01-05 09:50:00-05:00,184.475,185.62,180.13,181.69,193505.0
2026-01-05 09:55:00-05:00,181.69,183.5,179.75,182.67,172018.0
2026-01-05 10:00:00-05:00,182.29,186.39,180.9186,185.75,188697.0
2026-01-05 10:05:00-05:00,185.97,186.7,182.74,182.74,109976.0
2026-01-05 10:10:00-05:00,182.92,184.7,182.241,183.0,53916.0
2026-01-05 10:15:00-05:00,183.52,184.51,182.33,183.735,106235.0
2026-01-05 10:20:00-05:00,183.95,186.44,183.21,185.95,97953.0
2026-01-05 10:25:00-05:00,186.29,188.71,186.065,188.0821,66136.0
2026-01-05 10:30:00-05:00,188.1036,189.5,187.69,187.96,68453.0
2026-01-05 10:35:00-05:00,187.9198,188.42,186.74,186.74,46903.0
2026-01-05 10:40:00-05:00,187.04,187.32,186.28,186.86,39873.0
2026-01-05 10:45:00-05:00,186.805,187.73,186.52,187.41,38972.0
2026-01-05 10:50:00-05:00,187.27,188.79,187.24,188.065,63953.0
2026-01-05 10:55:00-05:00,188.07,188.71,187.49,187.865,40316.0
2026-01-05 11:00:00-05:00,187.89,187.8901,186.69,187.0,38810.0
2026-01-05 11:05:00-05:00,187.0,187.0,185.86,186.085,41429.0
2026-01-05 11:10:00-05:00,186.12,187.2668,185.86,186.41,24942.0
2026-01-05 11:15:00-05:00,186.435,186.76,185.847,186.63,38253.0
2026-01-05 11:20:00-05:00,186.45,186.652,184.71,184.71,45739.0
2026-01-05 11:25:00-05:00,184.71,185.2,184.17,184.28,37699.0
2026-01-05 11:30:00-05:00,184.29,184.58,183.29,183.425,49808.0
2026-01-05 11:35:00-05:00,183.5,184.28,183.18,183.82,58005.0
2026-01-05 11:40:00-05:00,183.5376,183.93,182.11,182.11,33569.0
2026-01-05 11:45:00-05:00,182.42,184.24,182.37,183.9838,33059.0
2026-01-05 11:50:00-05:00,184.11,186.74,183.9,186.71,189077.0
2026-01-05 11:55:00-05:00,186.18,186.74,183.86,183.91,133528.0
2026-01-05 12:00:00-05:00,183.91,184.8799,182.48,184.481,56771.0
2026-01-05 12:05:00-05:00,184.305,184.38,183.49,184.275,25062.0
2026-01-05 12:10:00-05:00,184.19,184.5351,183.7501,184.43,30543.0
2026-01-05 12:15:00-05:00,184.46,184.945,184.1647,184.79,22420.0
2026-01-05 12:20:00-05:00,184.885,185.26,184.63,184.835,45946.0
2026-01-05 12:25:00-05:00,184.824,185.75,184.76,185.75,24869.0
2026-01-05 12:30:00-05:00,185.78,185.78,184.36,184.6,23847.0
2026-01-05 12:35:00-05:00,184.59,184.95,183.56,183.915,29162.0
2026-01-05 12:40:00-05:00,183.9868,184.33,183.4,183.68,34642.0
2026-01-05 12:45:00-05:00,183.685,184.87,183.25,184.8,23778.0
2026-01-05 12:50:00-05:00,184.805,185.0,184.3,184.73,19840.0
2026-01-05 12:55:00-05:00,184.53,184.53,184.0,184.2,17445.0
2026-01-05 13:00:00-05:00,184.09,184.4,183.39,183.432,35516.0
2026-01-05 13:05:00-05:00,183.29,183.625,182.73,183.1351,70174.0
2026-01-05 13:10:00-05:00,183.11,183.65,183.01,183.65,30858.0
2026-01-05 13:15:00-05:00,183.3488,183.73,182.1789,182.86,37785.0
2026-01-05 13:20:00-05:00,182.61,183.84,182.5,183.775,11570.0
2026-01-05 13:25:00-05:00,183.815,184.36,183.45,183.6,29019.0
2026-01-05 13:30:00-05:00,183.56,184.15,183.05,183.05,18942.0
2026-01-05 13:35:00-05:00,183.16,183.8299,183.04,183.635,15150.0
2026-01-05 13:40:00-05:00,183.5,184.0,183.2,183.71,17952.0
2026-01-05 13:45:00-05:00,183.97,184.28,183.64,183.79,18064.0
2026-01-05 13:50:00-05:00,183.65,183.9,183.34,183.34,12586.0
2026-01-05 13:55:00-05:00,183.39,183.69,183.15,183.42,15375.0
2026-01-05 14:00:00-05:00,183.615,184.03,183.45,183.87,15199.0
2026-01-05 14:05:00-05:00,183.87,184.05,183.12,183.27,24033.0
2026-01-05 14:10:00-05:00,183.31,183.31,182.9208,183.105,16455.0
2026-01-05 14:15:00-05:00,183.22,183.3,182.25,182.755,67763.0
2026-01-05 14:20:00-05:00,182.5332,184.0,182.5332,184.0,75812.0
2026-01-05 14:25:00-05:00,183.9,185.63,183.8,185.63,68971.0
2026-01-05 14:30:00-05:00,185.6,185.81,184.53,184.985,32584.0
2026-01-05 14:35:00-05:00,184.99,185.7,184.9,185.29,22025.0
2026-01-05 14:40:00-05:00,185.2375,185.6399,185.08,185.08,17530.0
2026-01-05 14:45:00-05:00,185.14,185.69,184.7284,185.53,41076.0
2026-01-05 14:50:00-05:00,185.34,185.79,184.85,185.79,37243.0
2026-01-05 14:55:00-05:00,185.96,186.31,185.53,185.53,26855.0
2026-01-05 15:00:00-05:00,185.59,185.94,185.1,185.89,38402.0
2026-01-05 15:05:00-05:00,186.03,186.4522,185.885,186.17,36079.0
2026-01-05 15:10:00-05:00,186.26,186.81,186.25,186.675,19824.0
2026-01-05 15:15:00-05:00,186.81,187.06,186.22,186.22,41980.0
2026-01-05 15:20:00-05:00,186.65,186.81,186.23,186.725,26748.0
2026-01-05 15:25:00-05:00,186.65,187.15,186.63,186.9,30250.0
2026-01-05 15:30:00-05:00,186.85,186.94,186.365,186.43,113424.0
2026-01-05 15:35:00-05:00,186.44,187.0299,186.41,186.905,49831.0
2026-01-05 15:40:00-05:00,186.88,187.22,186.734,187.12,55122.0
2026-01-05 15:45:00-05:00,187.095,187.31,186.835,187.24,60738.0
2026-01-05 15:50:00-05:00,187.25,187.63,186.735,186.92,89219.0
2026-01-05 15:55:00-05:00,186.77,187.12,186.31,186.42,232614.0
2026-01-06 09:30:00-05:00,182.32,187.29,181.0,181.2,182354.0
2026-01-06 09:35:00-05:00,181.52,181.95,176.99,177.0201,279035.0
2026-01-06 09:40:00-05:00,177.815,181.07,177.08,180.49,108022.0
2026-01-06 09:45:00-05:00,180.79,183.83,180.365,181.47,100516.0
2026-01-06 09:50:00-05:00,181.38,183.54,181.17,182.74,90909.0
2026-01-06 09:55:00-05:00,183.0582,186.26,183.0582,185.6,74610.0
2026-01-06 10:00:00-05:00,185.6,189.17,185.115,188.19,91280.0
2026-01-06 10:05:00-05:00,188.2045,190.0,187.79,189.085,91752.0
2026-01-06 10:10:00-05:00,189.085,190.72,188.72,190.45,55291.0
2026-01-06 10:15:00-05:00,190.385,191.0,188.86,188.965,48138.0
2026-01-06 10:20:00-05:00,189.23,189.37,187.65,187.65,54991.0
2026-01-06 10:25:00-05:00,187.89,188.83,187.68,188.0945,41166.0
2026-01-06 10:30:00-05:00,188.095,188.1,186.38,186.66,67095.0
2026-01-06 10:35:00-05:00,186.625,186.99,185.14,185.24,61932.0
2026-01-06 10:40:00-05:00,185.54,185.675,184.1064,184.58,62243.0
2026-01-06 10:45:00-05:00,184.41,184.8,183.57,184.53,97698.0
2026-01-06 10:50:00-05:00,184.6,184.96,183.07,183.3184,63577.0
2026-01-06 10:55:00-05:00,183.32,184.125,182.63,183.855,44733.0
2026-01-06 11:00:00-05:00,183.91,185.2,183.53,184.96,42083.0
2026-01-06 11:05:00-05:00,184.96,184.96,183.71,183.885,34923.0
2026-01-06 11:10:00-05:00,183.541,184.3901,183.54,183.97,28807.0
2026-01-06 11:15:00-05:00,184.045,185.18,183.91,185.025,34675.0
2026-01-06 11:20:00-05:00,185.015,185.62,184.55,185.31,28923.0
2026-01-06 11:25:00-05:00,185.31,185.46,184.43,185.215,40780.0
2026-01-06 11:30:00-05:00,184.93,186.195,184.93,186.16,40046.0
2026-01-06 11:35:00-05:00,186.015,186.289,185.0,185.68,28985.0
2026-01-06 11:40:00-05:00,185.665,185.67,184.99,185.37,44929.0
2026-01-06 11:45:00-05:00,185.28,185.845,184.99,185.365,32341.0
2026-01-06 11:50:00-05:00,185.26,185.82,185.14,185.26,24419.0
2026-01-06 11:55:00-05:00,185.15,185.4,184.6457,185.2,28893.0
2026-01-06 12:00:00-05:00,185.27,185.415,184.7201,185.26,26392.0
2026-01-06 12:05:00-05:00,185.255,186.36,185.212,185.49,29883.0
2026-01-06 12:10:00-05:00,185.37,185.55,184.78,185.1,41236.0
2026-01-06 12:15:00-05:00,185.18,185.85,184.73,185.32,51870.0
2026-01-06 12:20:00-05:00,185.14,186.92,185.14,186.83,34161.0
2026-01-06 12:25:00-05:00,186.675,187.3699,186.675,186.9,45315.0
2026-01-06 12:30:00-05:00,186.72,188.18,186.51,188.11,31133.0
2026-01-06 12:35:00-05:00,188.11,188.55,187.67,187.69,33398.0
2026-01-06 12:40:00-05:00,187.8,189.98,187.8,189.45,66234.0
2026-01-06 12:45:00-05:00,189.825,190.9899,188.9,188.9823,250950.0
2026-01-06 12:50:00-05:00,189.135,189.5,188.52,188.99,29987.0
2026-01-06 12:55:00-05:00,188.78,189.6998,188.54,189.29,50634.0
2026-01-06 13:00:00-05:00,189.27,189.37,188.73,189.03,30758.0
2026-01-06 13:05:00-05:00,188.91,189.25,188.57,188.8464,30090.0
2026-01-06 13:10:00-05:00,189.06,189.7576,188.9,189.55,25881.0
2026-01-06 13:15:00-05:00,189.46,190.31,189.4,190.31,29104.0
2026-01-06 13:20:00-05:00,190.31,190.322,189.72,189.96,20688.0
2026-01-06 13:25:00-05:00,190.0,190.055,189.47,189.61,24139.0
2026-01-06 13:30:00-05:00,189.56,190.45,189.56,190.41,28075.0
2026-01-06 13:35:00-05:00,190.45,191.01,190.11,190.26,35767.0
2026-01-06 13:40:00-05:00,190.44,191.19,190.43,191.01,21434.0
2026-01-06 13:45:00-05:00,191.085,191.3,190.79,190.93,30951.0
2026-01-06 13:50:00-05:00,190.86,191.2999,190.84,191.15,34755.0
2026-01-06 13:55:00-05:00,191.15,191.5999,190.81,191.015,29269.0
2026-01-06 14:00:00-05:00,190.81,191.5048,190.52,191.2365,33030.0
2026-01-06 14:05:00-05:00,191.21,191.83,191.21,191.68,33710.0
2026-01-06 14:10:00-05:00,191.68,192.6499,191.37,192.645,99023.0
2026-01-06 14:15:00-05:00,192.51,192.67,192.18,192.395,32160.0
2026-01-06 14:20:00-05:00,192.18,192.9899,191.78,192.0808,55686.0
2026-01-06 14:25:00-05:00,191.9,192.53,191.47,191.97,36079.0
2026-01-06 14:30:00-05:00,192.02,192.21,191.71,192.065,24454.0
2026-01-06 14:35:00-05:00,192.0675,192.61,191.8421,192.432,26071.0
2026-01-06 14:40:00-05:00,192.63,192.63,192.19,192.2,27879.0
2026-01-06 14:45:00-05:00,192.21,192.515,192.21,192.3,22094.0
2026-01-06 14:50:00-05:00,192.29,192.34,191.92,192.15,34586.0
2026-01-06 14:55:00-05:00,192.155,193.22,192.03,192.95,28059.0
2026-01-06 15:00:00-05:00,192.99,193.62,192.84,193.1001,42047.0
2026-01-06 15:05:00-05:00,193.25,193.4,192.64,192.74,25717.0
2026-01-06 15:10:00-05:00,192.745,193.16,192.67,192.67,42105.0
2026-01-06 15:15:00-05:00,192.63,193.0399,192.63,192.82,27236.0
2026-01-06 15:20:00-05:00,192.91,193.46,192.81,192.99,50321.0
2026-01-06 15:25:00-05:00,193.1,193.19,192.74,192.74,46538.0
2026-01-06 15:30:00-05:00,192.845,193.125,192.64,192.86,61033.0
2026-01-06 15:35:00-05:00,192.93,193.125,192.7,193.08,45829.0
2026-01-06 15:40:00-05:00,192.93,192.98,192.43,192.98,60502.0
2026-01-06 15:45:00-05:00,192.98,193.19,192.485,192.91,57192.0
2026-01-06 15:50:00-05:00,192.86,193.27,192.5844,193.03,100261.0
2026-01-06 15:55:00-05:00,193.11,194.23,193.08,193.92,265043.0
2026-01-07 09:30:00-05:00,190.0,191.37,186.0,188.34,150023.0
2026-01-07 09:35:00-05:00,188.34,190.5618,186.99,187.27,63957.0
2026-01-07 09:40:00-05:00,187.98,188.42,185.5,185.64,91464.0
2026-01-07 09:45:00-05:00,186.015,186.7,185.0,185.4416,73235.0
2026-01-07 09:50:00-05:00,185.21,187.38,185.21,186.72,56332.0
2026-01-07 09:55:00-05:00,186.74,188.0775,185.5,186.275,72057.0
2026-01-07 10:00:00-05:00,185.74,187.64,185.12,187.64,64747.0
2026-01-07 10:05:00-05:00,187.46,187.95,186.45,187.16,64613.0
2026-01-07 10:10:00-05:00,187.16,187.525,186.31,186.573,47432.0
2026-01-07 10:15:00-05:00,186.94,187.11,185.5,185.73,80218.0
2026-01-07 10:20:00-05:00,185.71,189.36,185.7,189.34,58751.0
2026-01-07 10:25:00-05:00,189.19,190.93,188.31,190.45,70411.0
2026-01-07 10:30:00-05:00,190.27,192.45,190.19,192.0,68442.0
2026-01-07 10:35:00-05:00,191.9,192.85,191.0,191.42,68919.0
2026-01-07 10:40:00-05:00,191.63,192.53,191.31,192.24,81242.0
2026-01-07 10:45:00-05:00,192.24,193.59,191.82,193.08,31963.0
2026-01-07 10:50:00-05:00,193.34,193.3489,192.53,192.74,29155.0
2026-01-07 10:55:00-05:00,192.94,193.36,191.81,192.03,43726.0
2026-01-07 11:00:00-05:00,192.0,192.2499,191.46,192.2499,42629.0
2026-01-07 11:05:00-05:00,192.21,192.35,191.0,191.47,47470.0
2026-01-07 11:10:00-05:00,191.47,191.79,191.24,191.625,24806.0
2026-01-07 11:15:00-05:00,191.5993,192.2199,191.5993,191.93,17240.0
2026-01-07 11:20:00-05:00,191.93,192.19,191.24,191.455,17035.0
2026-01-07 11:25:00-05:00,191.33,191.72,190.87,191.37,42072.0
2026-01-07 11:30:00-05:00,191.37,191.81,190.72,191.67,26867.0
2026-01-07 11:35:00-05:00,191.685,191.795,191.24,191.69,11557.0
2026-01-07 11:40:00-05:00,191.68,191.81,190.82,191.0201,14298.0
2026-01-07 11:45:00-05:00,191.145,191.94,191.13,191.65,15293.0
2026-01-07 11:50:00-05:00,191.65,191.77,191.27,191.575,10224.0
2026-01-07 11:55:00-05:00,191.575,191.989,191.46,191.989,13022.0
2026-01-07 12:00:00-05:00,191.9,191.9,191.4,191.555,15463.0
2026-01-07 12:05:00-05:00,191.72,192.0,191.45,191.45,18253.0
2026-01-07 12:10:00-05:00,191.5699,191.5699,190.81,191.25,23548.0
2026-01-07 12:15:00-05:00,191.28,191.76,190.87,191.575,13586.0
2026-01-07 12:20:00-05:00,191.59,192.24,191.43,192.24,17325.0
2026-01-07 12:25:00-05:00,192.24,192.3499,191.72,192.3499,14787.0
2026-01-07 12:30:00-05:00,192.33,192.47,191.97,192.47,11063.0
2026-01-07 12:35:00-05:00,192.31,192.31,191.7701,192.165,13473.0
2026-01-07 12:40:00-05:00,192.0,192.0,191.6,191.755,8248.0
2026-01-07 12:45:00-05:00,191.85,191.98,191.66,191.88,7591.0
2026-01-07 12:50:00-05:00,191.74,191.79,191.28,191.37,15826.0
2026-01-07 12:55:00-05:00,191.24,191.275,190.28,190.3051,33440.0
2026-01-07 13:00:00-05:00,190.28,190.7699,189.935,190.56,31629.0
2026-01-07 13:05:00-05:00,190.45,190.81,190.32,190.7672,12537.0
2026-01-07 13:10:00-05:00,190.88,190.88,190.27,190.295,13300.0
2026-01-07 13:15:00-05:00,190.51,190.59,189.37,189.37,16927.0
2026-01-07 13:20:00-05:00,189.52,190.33,189.4901,189.9,11932.0
2026-01-07 13:25:00-05:00,189.9284,190.415,189.92,190.25,9889.0
2026-01-07 13:30:00-05:00,190.52,190.89,190.52,190.58,15779.0
2026-01-07 13:35:00-05:00,190.69,190.69,190.41,190.605,6200.0
2026-01-07 13:40:00-05:00,190.63,190.99,190.51,190.8342,8592.0
2026-01-07 13:45:00-05:00,190.61,190.9,190.13,190.81,15252.0
2026-01-07 13:50:00-05:00,191.06,191.22,190.94,190.975,9391.0
2026-01-07 13:55:00-05:00,190.96,191.46,190.79,191.46,13436.0
2026-01-07 14:00:00-05:00,191.465,191.89,191.46,191.89,7671.0
2026-01-07 14:05:00-05:00,191.8,191.81,191.56,191.725,13629.0
2026-01-07 14:10:00-05:00,191.62,191.71,190.86,191.33,23566.0
2026-01-07 14:15:00-05:00,191.4,192.14,191.29,192.11,22061.0
2026-01-07 14:20:00-05:00,192.25,193.005,192.25,192.66,16831.0
2026-01-07 14:25:00-05:00,192.59,192.883,192.45,192.85,14584.0
2026-01-07 14:30:00-05:00,192.75,193.09,192.48,192.5,36989.0
2026-01-07 14:35:00-05:00,192.73,192.92,192.35,192.61,15842.0
2026-01-07 14:40:00-05:00,192.47,192.79,192.29,192.79,13714.0
2026-01-07 14:45:00-05:00,192.8,192.87,192.48,192.6,21638.0
2026-01-07 14:50:00-05:00,192.505,192.64,192.01,192.205,27891.0
2026-01-07 14:55:00-05:00,192.205,192.9699,192.0701,192.09,30774.0
2026-01-07 15:00:00-05:00,192.31,192.8099,192.03,192.31,16950.0
2026-01-07 15:05:00-05:00,192.415,192.5399,191.95,192.155,15611.0
2026-01-07 15:10:00-05:00,192.155,192.56,191.94,192.0,16438.0
2026-01-07 15:15:00-05:00,191.84,192.11,191.6901,192.0,17624.0
2026-01-07 15:20:00-05:00,192.18,192.18,191.73,192.027,18028.0
2026-01-07 15:25:00-05:00,191.74,191.74,190.68,191.295,32405.0
2026-01-07 15:30:00-05:00,191.425,191.7,190.84,191.112,43744.0
2026-01-07 15:35:00-05:00,191.13,191.6025,190.925,191.6025,37677.0
2026-01-07 15:40:00-05:00,191.605,192.05,191.42,191.81,36736.0
2026-01-07 15:45:00-05:00,191.9485,192.1424,191.7,191.7,51880.0
2026-01-07 15:50:00-05:00,191.82,191.87,191.25,191.5,70250.0
2026-01-07 15:55:00-05:00,191.51,191.71,191.165,191.46,251069.0
2026-01-08 09:30:00-05:00,190.16,191.21,184.24,184.595,143369.0
2026-01-08 09:35:00-05:00,184.595,186.3022,183.5,184.5,69030.0
2026-01-08 09:40:00-05:00,184.6,185.3531,181.38,182.68,123258.0
2026-01-08 09:45:00-05:00,182.635,184.0,179.92,180.27,121281.0
2026-01-08 09:50:00-05:00,180.2,181.78,178.33,179.85,86039.0
2026-01-08 09:55:00-05:00,179.6763,180.35,178.4,178.68,84885.0
2026-01-08 10:00:00-05:00,178.65,178.96,176.4,178.41,179411.0
2026-01-08 10:05:00-05:00,178.28,178.7099,176.55,177.105,107663.0
2026-01-08 10:10:00-05:00,177.105,177.5,176.42,177.43,110293.0
2026-01-08 10:15:00-05:00,177.43,177.43,175.5,176.07,106962.0
2026-01-08 10:20:00-05:00,176.07,176.4111,174.72,175.0,96916.0
2026-01-08 10:25:00-05:00,175.235,176.64,175.09,175.98,164153.0
2026-01-08 10:30:00-05:00,175.92,176.81,174.68,174.86,139263.0
2026-01-08 10:35:00-05:00,174.76,175.505,174.1801,175.35,61012.0
2026-01-08 10:40:00-05:00,175.23,176.8699,174.73,175.92,58041.0
2026-01-08 10:45:00-05:00,176.155,176.2284,174.81,175.59,70730.0
2026-01-08 10:50:00-05:00,175.595,176.36,175.29,175.6,63115.0
2026-01-08 10:55:00-05:00,175.7512,177.85,175.629,177.55,37932.0
2026-01-08 11:00:00-05:00,177.5,178.0801,176.41,176.44,54046.0
2026-01-08 11:05:00-05:00,176.4,176.4,175.31,175.5121,37469.0
2026-01-08 11:10:00-05:00,175.48,175.71,174.68,174.96,40489.0
2026-01-08 11:15:00-05:00,175.17,175.64,174.63,175.34,64509.0
2026-01-08 11:20:00-05:00,175.569,176.06,175.06,175.82,100608.0
2026-01-08 11:25:00-05:00,175.82,175.82,174.62,174.92,41542.0
2026-01-08 11:30:00-05:00,174.89,174.89,174.0,174.3715,98217.0
2026-01-08 11:35:00-05:00,174.32,174.69,173.8099,174.4375,46528.0
2026-01-08 11:40:00-05:00,174.56,174.73,174.04,174.38,34856.0
2026-01-08 11:45:00-05:00,174.36,174.67,174.13,174.252,30826.0
2026-01-08 11:50:00-05:00,174.335,174.51,173.63,174.055,46894.0
2026-01-08 11:55:00-05:00,174.055,174.19,173.87,174.13,41344.0
2026-01-08 12:00:00-05:00,174.145,174.4,173.65,174.24,76368.0
2026-01-08 12:05:00-05:00,174.11,175.89,174.01,175.5,57441.0
2026-01-08 12:10:00-05:00,175.55,176.48,175.55,176.085,61813.0
2026-01-08 12:15:00-05:00,176.12,176.712,175.84,176.55,63874.0
2026-01-08 12:20:00-05:00,176.605,177.4412,176.5,176.78,72153.0
2026-01-08 12:25:00-05:00,176.78,176.78,175.64,175.75,37835.0
2026-01-08 12:30:00-05:00,175.75,176.13,175.62,176.11,40391.0
2026-01-08 12:35:00-05:00,175.965,177.095,175.86,176.58,74462.0
2026-01-08 12:40:00-05:00,176.58,177.84,176.58,177.61,41315.0
2026-01-08 12:45:00-05:00,177.61,177.61,176.96,176.96,31659.0
2026-01-08 12:50:00-05:00,176.91,177.43,176.69,176.826,30357.0
2026-01-08 12:55:00-05:00,176.79,176.82,176.14,176.2975,37784.0
2026-01-08 13:00:00-05:00,176.31,176.53,175.75,175.94,30537.0
2026-01-08 13:05:00-05:00,175.995,175.995,175.52,175.65,32101.0
2026-01-08 13:10:00-05:00,175.6318,175.65,175.255,175.49,29597.0
2026-01-08 13:15:00-05:00,175.49,176.01,175.41,175.89,27977.0
2026-01-08 13:20:00-05:00,175.99,176.1,175.43,175.432,31053.0
2026-01-08 13:25:00-05:00,175.41,175.455,175.06,175.12,27692.0
2026-01-08 13:30:00-05:00,175.12,175.12,174.51,174.721,43728.0
2026-01-08 13:35:00-05:00,174.805,175.115,174.805,174.97,24298.0
2026-01-08 13:40:00-05:00,174.91,175.2752,174.86,175.07,25668.0
2026-01-08 13:45:00-05:00,175.02,175.145,174.28,174.3604,58746.0
2026-01-08 13:50:00-05:00,174.375,174.48,173.89,173.89,30810.0
2026-01-08 13:55:00-05:00,173.9,174.195,173.6042,173.93,44657.0
2026-01-08 14:00:00-05:00,173.91,174.14,173.798,174.12,37532.0
2026-01-08 14:05:00-05:00,174.12,174.6,174.05,174.47,37490.0
2026-01-08 14:10:00-05:00,174.47,174.52,173.22,173.445,51413.0
2026-01-08 14:15:00-05:00,173.445,173.57,173.3,173.428,46207.0
2026-01-08 14:20:00-05:00,173.42,173.63,173.36,173.4,89964.0
2026-01-08 14:25:00-05:00,173.4,173.55,173.009,173.41,72040.0
2026-01-08 14:30:00-05:00,173.49,173.63,173.13,173.3101,97759.0
2026-01-08 14:35:00-05:00,173.37,173.41,172.91,173.09,52476.0
2026-01-08 14:40:00-05:00,173.155,173.36,173.0,173.115,48206.0
2026-01-08 14:45:00-05:00,173.055,173.35,173.055,173.25,63553.0
2026-01-08 14:50:00-05:00,173.25,173.32,173.03,173.18,56239.0
2026-01-08 14:55:00-05:00,173.128,173.13,171.8,172.76,100689.0
2026-01-08 15:00:00-05:00,172.725,173.01,172.47,172.85,65163.0
2026-01-08 15:05:00-05:00,172.875,173.02,172.47,172.58,44292.0
2026-01-08 15:10:00-05:00,172.58,173.262,172.32,173.205,61037.0
2026-01-08 15:15:00-05:00,173.205,173.305,172.856,173.24,67598.0
2026-01-08 15:20:00-05:00,173.205,173.98,172.9101,173.9335,49159.0
2026-01-08 15:25:00-05:00,173.925,174.62,173.84,173.85,71052.0
2026-01-08 15:30:00-05:00,173.83,174.36,173.44,174.15,85103.0
2026-01-08 15:35:00-05:00,174.215,174.99,174.09,174.635,76270.0
2026-01-08 15:40:00-05:00,174.6188,174.94,174.565,174.845,59553.0
2026-01-08 15:45:00-05:00,174.845,174.92,173.63,173.725,114824.0
2026-01-08 15:50:00-05:00,173.725,173.82,172.96,173.29,177656.0
2026-01-08 15:55:00-05:00,173.38,173.66,173.04,173.205,537562.0
2026-01-09 09:30:00-05:00,169.0,177.03,167.5,176.89,290790.0
2026-01-09 09:35:00-05:00,177.04,180.49,176.83,179.16,213715.0
2026-01-09 09:40:00-05:00,179.225,181.4,179.225,179.9,196789.0
2026-01-09 09:45:00-05:00,180.11,181.55,179.7,180.34,148909.0
2026-01-09 09:50:00-05:00,180.52,180.62,177.04,179.21,220544.0
2026-01-09 09:55:00-05:00,179.41,179.98,176.0,176.06,139427.0
2026-01-09 10:00:00-05:00,176.05,176.9999,174.99,175.215,130652.0
2026-01-09 10:05:00-05:00,175.195,175.67,174.04,175.6,101563.0
2026-01-09 10:10:00-05:00,175.57,176.91,175.28,176.395,56385.0
2026-01-09 10:15:00-05:00,176.6,176.96,173.33,175.56,124439.0
2026-01-09 10:20:00-05:00,175.5118,176.23,174.585,174.8,82078.0
2026-01-09 10:25:00-05:00,174.83,176.03,174.77,175.01,25776.0
2026-01-09 10:30:00-05:00,175.345,176.05,174.24,175.7575,71702.0
2026-01-09 10:35:00-05:00,175.715,177.27,175.61,176.285,89739.0
2026-01-09 10:40:00-05:00,176.285,176.42,175.43,175.82,45678.0
2026-01-09 10:45:00-05:00,175.9301,176.17,175.1683,175.47,48637.0
2026-01-09 10:50:00-05:00,175.47,176.845,175.47,176.26,51932.0
2026-01-09 10:55:00-05:00,176.27,177.035,176.26,176.87,60876.0
2026-01-09 11:00:00-05:00,176.9,177.17,176.313,177.15,34000.0
2026-01-09 11:05:00-05:00,177.1763,177.76,176.63,177.484,67834.0
2026-01-09 11:10:00-05:00,177.38,177.66,176.92,177.65,39315.0
2026-01-09 11:15:00-05:00,177.55,177.64,177.03,177.51,42218.0
2026-01-09 11:20:00-05:00,177.42,177.51,176.49,176.5025,42820.0
2026-01-09 11:25:00-05:00,176.28,176.46,175.81,176.21,37057.0
2026-01-09 11:30:00-05:00,176.235,176.235,175.15,175.75,41483.0
2026-01-09 11:35:00-05:00,175.625,176.79,175.59,176.11,43031.0
2026-01-09 11:40:00-05:00,176.33,176.365,175.8,176.02,50878.0
2026-01-09 11:45:00-05:00,176.1,176.135,175.36,175.52,51145.0
2026-01-09 11:50:00-05:00,175.56,175.605,174.75,175.22,94843.0
2026-01-09 11:55:00-05:00,175.17,175.9,174.71,175.805,59631.0
2026-01-09 12:00:00-05:00,175.815,176.32,174.78,174.84,79709.0
2026-01-09 12:05:00-05:00,174.83,175.34,174.455,175.11,47010.0
2026-01-09 12:10:00-05:00,175.18,175.2363,174.84,174.97,11748.0
2026-01-09 12:15:00-05:00,174.97,175.13,174.03,174.1,20392.0
2026-01-09 12:20:00-05:00,174.115,174.21,173.46,173.51,63556.0
2026-01-09 12:25:00-05:00,173.585,173.63,173.1,173.42,31884.0
2026-01-09 12:30:00-05:00,173.525,173.56,173.11,173.24,24593.0
2026-01-09 12:35:00-05:00,173.34,173.475,172.91,173.32,53108.0
2026-01-09 12:40:00-05:00,173.33,173.83,173.12,173.39,27017.0
2026-01-09 12:45:00-05:00,173.39,174.205,173.27,173.64,39428.0
2026-01-09 12:50:00-05:00,173.64,173.95,173.39,173.72,28684.0
2026-01-09 12:55:00-05:00,173.73,174.14,173.49,174.135,20119.0
2026-01-09 13:00:00-05:00,174.08,174.75,174.07,174.47,51818.0
2026-01-09 13:05:00-05:00,174.565,175.22,174.56,174.995,20986.0
2026-01-09 13:10:00-05:00,175.05,175.645,174.93,175.525,17352.0
2026-01-09 13:15:00-05:00,175.47,176.0,175.32,175.97,26418.0
2026-01-09 13:20:00-05:00,175.98,176.205,175.53,175.6,30041.0
2026-01-09 13:25:00-05:00,175.54,175.66,175.255,175.61,19096.0
2026-01-09 13:30:00-05:00,175.44,175.84,175.225,175.595,19270.0
2026-01-09 13:35:00-05:00,175.69,176.07,175.59,175.89,152240.0
2026-01-09 13:40:00-05:00,175.89,176.14,175.76,175.93,38731.0
2026-01-09 13:45:00-05:00,175.9,176.29,175.77,176.165,23350.0
2026-01-09 13:50:00-05:00,176.09,176.09,175.43,175.57,31223.0
2026-01-09 13:55:00-05:00,175.47,175.84,175.39,175.675,33505.0
2026-01-09 14:00:00-05:00,175.55,175.78,175.47,175.565,19352.0
2026-01-09 14:05:00-05:00,175.5,175.985,175.41,175.82,26241.0
2026-01-09 14:10:00-05:00,175.82,176.2,175.72,176.0,24815.0
2026-01-09 14:15:00-05:00,175.97,176.4556,175.95,176.315,45979.0
2026-01-09 14:20:00-05:00,176.25,176.31,176.04,176.255,20424.0
2026-01-09 14:25:00-05:00,176.26,176.44,176.14,176.25,57143.0
2026-01-09 14:30:00-05:00,176.26,176.275,175.83,176.0,26347.0
2026-01-09 14:35:00-05:00,176.015,176.12,175.58,175.66,21844.0
2026-01-09 14:40:00-05:00,175.655,176.5,175.61,176.32,31244.0
2026-01-09 14:45:00-05:00,176.2,176.49,176.14,176.27,18945.0
2026-01-09 14:50:00-05:00,176.2,176.2,175.875,175.92,13017.0
2026-01-09 14:55:00-05:00,175.94,177.17,175.9,177.135,63383.0
2026-01-09 15:00:00-05:00,177.17,177.53,177.0,177.45,37788.0
2026-01-09 15:05:00-05:00,177.415,177.5,177.16,177.29,26601.0
2026-01-09 15:10:00-05:00,177.23,177.65,177.17,177.45,55868.0
2026-01-09 15:15:00-05:00,177.45,177.88,177.35,177.79,144102.0
2026-01-09 15:20:00-05:00,177.785,178.27,177.78,177.975,40875.0
2026-01-09 15:25:00-05:00,178.12,178.22,177.66,177.67,48571.0
2026-01-09 15:30:00-05:00,177.7051,178.61,177.69,178.385,43012.0
2026-01-09 15:35:00-05:00,178.43,178.54,178.27,178.37,40806.0
2026-01-09 15:40:00-05:00,178.36,178.43,178.0,178.33,77523.0
2026-01-09 15:45:00-05:00,178.34,178.45,177.9,178.05,66273.0
2026-01-09 15:50:00-05:00,178.015,178.17,177.66,177.66,111861.0
2026-01-09 15:55:00-05:00,177.66,178.55,177.5,178.02,292990.0
2026-01-12 09:30:00-05:00,174.5,179.0,174.5,178.58,273305.0
2026-01-12 09:35:00-05:00,178.92,180.74,178.5264,179.4099,179742.0
2026-01-12 09:40:00-05:00,179.18,179.2,177.73,178.4,81681.0
2026-01-12 09:45:00-05:00,178.4075,179.8,178.19,179.7275,103127.0
2026-01-12 09:50:00-05:00,179.76,180.01,178.7,179.27,59034.0
2026-01-12 09:55:00-05:00,179.44,182.14,178.83,181.535,199522.0
2026-01-12 10:00:00-05:00,181.535,183.64,181.18,182.47,109971.0
2026-01-12 10:05:00-05:00,182.4611,183.6,180.83,183.105,163230.0
2026-01-12 10:10:00-05:00,183.0695,184.27,182.36,184.08,399404.0
2026-01-12 10:15:00-05:00,183.59,184.38,182.77,184.38,134663.0
2026-01-12 10:20:00-05:00,184.27,184.38,182.6612,183.0125,87497.0
2026-01-12 10:25:00-05:00,182.95,183.15,182.045,182.86,50256.0
2026-01-12 10:30:00-05:00,182.86,182.86,179.9,179.91,72355.0
2026-01-12 10:35:00-05:00,180.24,180.47,178.7625,179.08,88333.0
2026-01-12 10:40:00-05:00,179.215,179.74,178.45,178.525,254665.0
2026-01-12 10:45:00-05:00,178.52,179.33,178.09,178.475,88504.0
2026-01-12 10:50:00-05:00,178.48,179.88,178.17,179.54,51913.0
2026-01-12 10:55:00-05:00,179.54,180.545,179.25,179.86,112208.0
2026-01-12 11:00:00-05:00,179.8496,179.8987,178.99,179.465,43443.0
2026-01-12 11:05:00-05:00,179.47,179.975,179.4,179.705,35196.0
2026-01-12 11:10:00-05:00,179.705,179.935,179.03,179.48,26879.0
2026-01-12 11:15:00-05:00,179.36,179.67,178.95,179.3,34917.0
2026-01-12 11:20:00-05:00,179.3,179.51,178.68,179.05,54480.0
2026-01-12 11:25:00-05:00,179.015,179.21,178.46,178.78,42908.0
2026-01-12 11:30:00-05:00,178.82,179.17,178.44,178.44,39652.0
2026-01-12 11:35:00-05:00,178.525,178.91,178.21,178.885,29154.0
2026-01-12 11:40:00-05:00,178.9,179.29,178.727,178.895,30099.0
2026-01-12 11:45:00-05:00,179.0,179.58,178.88,179.42,60896.0
2026-01-12 11:50:00-05:00,179.495,182.13,179.44,181.675,249734.0
2026-01-12 11:55:00-05:00,181.715,181.9199,181.26,181.485,42612.0
2026-01-12 12:00:00-05:00,181.51,181.99,180.6201,181.44,114389.0
2026-01-12 12:05:00-05:00,181.3,181.34,180.82,181.05,22310.0
2026-01-12 12:10:00-05:00,180.92,181.32,180.81,181.145,30827.0
2026-01-12 12:15:00-05:00,181.06,181.35,180.9,181.225,22268.0
2026-01-12 12:20:00-05:00,181.235,181.63,181.165,181.355,25445.0
2026-01-12 12:25:00-05:00,181.4189,181.67,181.16,181.34,29268.0
2026-01-12 12:30:00-05:00,181.27,181.77,181.21,181.75,22331.0
2026-01-12 12:35:00-05:00,181.92,182.35,181.92,182.28,17659.0
2026-01-12 12:40:00-05:00,182.275,182.55,182.02,182.515,23149.0
2026-01-12 12:45:00-05:00,182.4751,183.0,182.46,183.0,24772.0
2026-01-12 12:50:00-05:00,182.905,183.7599,182.83,183.5875,165321.0
2026-01-12 12:55:00-05:00,183.57,183.58,182.62,182.98,21734.0
2026-01-12 13:00:00-05:00,182.885,183.37,182.885,183.31,31866.0
2026-01-12 13:05:00-05:00,183.255,183.37,182.8,183.19,22284.0
2026-01-12 13:10:00-05:00,183.135,183.49,182.65,183.05,55653.0
2026-01-12 13:15:00-05:00,183.05,183.2,182.78,183.14,23280.0
2026-01-12 13:20:00-05:00,183.13,183.19,183.05,183.06,11043.0
2026-01-12 13:25:00-05:00,183.14,183.6025,183.05,183.6025,18779.0
2026-01-12 13:30:00-05:00,183.47,183.6351,183.4,183.47,20386.0
2026-01-12 13:35:00-05:00,183.5999,183.69,183.42,183.59,14341.0
2026-01-12 13:40:00-05:00,183.42,183.59,183.28,183.4404,15745.0
2026-01-12 13:45:00-05:00,183.41,183.42,183.14,183.288,17602.0
2026-01-12 13:50:00-05:00,183.28,183.29,183.1101,183.255,7822.0
2026-01-12 13:55:00-05:00,183.24,183.63,183.23,183.56,25841.0
2026-01-12 14:00:00-05:00,183.44,183.65,182.96,183.0,34837.0
2026-01-12 14:05:00-05:00,183.0,183.28,182.945,183.15,21847.0
2026-01-12 14:10:00-05:00,183.27,185.39,183.1,185.37,177191.0
2026-01-12 14:15:00-05:00,185.22,185.81,185.11,185.71,39005.0
2026-01-12 14:20:00-05:00,185.8,185.8,185.035,185.59,33851.0
2026-01-12 14:25:00-05:00,185.58,185.75,185.385,185.685,28829.0
2026-01-12 14:30:00-05:00,185.685,185.88,185.53,185.585,19852.0
2026-01-12 14:35:00-05:00,185.72,185.92,185.62,185.77,16522.0
2026-01-12 14:40:00-05:00,185.67,185.7848,185.45,185.45,19937.0
2026-01-12 14:45:00-05:00,185.8,186.0,185.54,185.695,24977.0
2026-01-12 14:50:00-05:00,185.69,185.69,185.27,185.57,16621.0
2026-01-12 14:55:00-05:00,185.58,185.6,185.18,185.58,21122.0
2026-01-12 15:00:00-05:00,185.4,185.719,185.195,185.36,22728.0
2026-01-12 15:05:00-05:00,185.3,185.73,185.26,185.66,26643.0
2026-01-12 15:10:00-05:00,185.565,185.565,184.87,184.9638,28233.0
2026-01-12 15:15:00-05:00,184.89,185.09,184.66,184.68,44814.0
2026-01-12 15:20:00-05:00,184.705,184.88,184.58,184.87,29045.0
2026-01-12 15:25:00-05:00,184.87,185.15,184.785,184.83,36463.0
2026-01-12 15:30:00-05:00,184.89,185.21,184.74,184.88,41099.0
2026-01-12 15:35:00-05:00,184.85,185.22,184.7,184.84,47001.0
2026-01-12 15:40:00-05:00,184.81,184.93,184.63,184.78,49276.0
2026-01-12 15:45:00-05:00,184.78,185.02,184.44,184.44,67385.0
2026-01-12 15:50:00-05:00,184.43,185.5,184.11,185.44,143463.0
2026-01-12 15:55:00-05:00,185.28,185.52,184.72,185.15,336000.0
2026-01-13 09:30:00-05:00,189.08,194.39,186.98,193.82,215653.0
2026-01-13 09:35:00-05:00,193.945,195.45,192.56,194.4,199157.0
2026-01-13 09:40:00-05:00,194.595,195.5,192.33,193.795,98180.0
2026-01-13 09:45:00-05:00,193.7,193.79,191.3038,191.66,78422.0
2026-01-13 09:50:00-05:00,191.8382,192.32,191.225,192.055,73368.0
2026-01-13 09:55:00-05:00,192.18,193.52,192.15,192.51,60384.0
2026-01-13 10:00:00-05:00,192.58,193.115,191.59,192.24,50615.0
2026-01-13 10:05:00-05:00,192.4,192.78,191.92,192.28,48570.0
2026-01-13 10:10:00-05:00,192.28,192.7,191.95,192.54,42677.0
2026-01-13 10:15:00-05:00,192.54,192.78,191.86,192.17,64862.0
2026-01-13 10:20:00-05:00,192.19,192.69,191.5,192.16,84005.0
2026-01-13 10:25:00-05:00,192.3,192.93,191.91,192.135,48943.0
2026-01-13 10:30:00-05:00,192.228,192.717,191.9872,192.255,37504.0
2026-01-13 10:35:00-05:00,192.275,193.515,192.16,192.795,51370.0
2026-01-13 10:40:00-05:00,192.53,193.38,192.0101,193.38,24896.0
2026-01-13 10:45:00-05:00,193.24,193.51,191.73,191.73,43819.0
2026-01-13 10:50:00-05:00,191.7,193.43,191.22,193.1475,53772.0
2026-01-13 10:55:00-05:00,193.13,193.13,191.84,192.05,53729.0
2026-01-13 11:00:00-05:00,192.05,193.52,191.72,192.8975,73882.0
2026-01-13 11:05:00-05:00,192.98,193.6125,192.98,193.24,30399.0
2026-01-13 11:10:00-05:00,193.255,193.5799,193.01,193.15,38571.0
2026-01-13 11:15:00-05:00,193.03,193.3799,192.5,193.27,60754.0
2026-01-13 11:20:00-05:00,193.24,193.24,192.6,192.68,21373.0
2026-01-13 11:25:00-05:00,192.78,193.18,192.0,193.13,37010.0
2026-01-13 11:30:00-05:00,193.43,194.69,193.43,194.43,75651.0
2026-01-13 11:35:00-05:00,194.51,195.71,194.51,195.33,89392.0
2026-01-13 11:40:00-05:00,195.33,195.83,195.0,195.125,50880.0
2026-01-13 11:45:00-05:00,195.115,195.115,194.395,194.72,46876.0
2026-01-13 11:50:00-05:00,194.72,195.28,194.72,195.08,37740.0
2026-01-13 11:55:00-05:00,195.0575,195.89,194.46,194.46,47964.0
2026-01-13 12:00:00-05:00,194.47,194.61,194.0,194.08,25876.0
2026-01-13 12:05:00-05:00,194.0,194.745,193.765,193.765,67693.0
2026-01-13 12:10:00-05:00,193.7,194.04,193.465,193.745,24146.0
2026-01-13 12:15:00-05:00,193.75,193.76,193.11,193.26,35537.0
2026-01-13 12:20:00-05:00,193.2589,193.81,193.05,193.59,55120.0
2026-01-13 12:25:00-05:00,193.71,193.87,193.54,193.6675,26412.0
2026-01-13 12:30:00-05:00,193.6574,194.08,193.315,193.825,45742.0
2026-01-13 12:35:00-05:00,193.825,194.02,192.87,193.04,37040.0
2026-01-13 12:40:00-05:00,192.89,193.29,192.89,193.16,17694.0
2026-01-13 12:45:00-05:00,193.165,193.35,192.735,192.95,31376.0
2026-01-13 12:50:00-05:00,193.04,193.3,192.8,192.875,27387.0
2026-01-13 12:55:00-05:00,192.86,193.12,192.6,193.08,15077.0
2026-01-13 13:00:00-05:00,193.07,193.5,193.07,193.12,25932.0
2026-01-13 13:05:00-05:00,193.12,193.57,192.94,193.33,21364.0
2026-01-13 13:10:00-05:00,193.345,193.36,193.04,193.35,17579.0
2026-01-13 13:15:00-05:00,193.38,193.39,192.58,192.675,24089.0
2026-01-13 13:20:00-05:00,192.74,192.84,192.54,192.6601,20714.0
2026-01-13 13:25:00-05:00,192.72,193.0,192.52,192.74,18959.0
2026-01-13 13:30:00-05:00,192.73,192.73,191.75,191.95,33399.0
2026-01-13 13:35:00-05:00,191.895,192.33,191.6,191.925,32047.0
2026-01-13 13:40:00-05:00,191.84,191.925,191.03,191.44,30130.0
2026-01-13 13:45:00-05:00,191.44,191.92,191.19,191.19,17399.0
2026-01-13 13:50:00-05:00,191.2,191.2,190.29,190.755,35865.0
2026-01-13 13:55:00-05:00,190.67,190.72,188.62,189.375,72296.0
2026-01-13 14:00:00-05:00,189.47,189.98,189.21,189.48,49326.0
2026-01-13 14:05:00-05:00,189.34,189.49,189.07,189.17,44432.0
2026-01-13 14:10:00-05:00,189.08,190.01,188.67,189.4899,45515.0
2026-01-13 14:15:00-05:00,189.49,190.23,189.39,190.22,37749.0
2026-01-13 14:20:00-05:00,190.23,190.68,189.735,190.24,43773.0
2026-01-13 14:25:00-05:00,190.07,190.257,189.9,190.165,44910.0
2026-01-13 14:30:00-05:00,190.17,190.57,189.92,190.045,38494.0
2026-01-13 14:35:00-05:00,189.99,190.96,189.79,190.96,37997.0
2026-01-13 14:40:00-05:00,190.98,191.02,190.58,190.58,34057.0
2026-01-13 14:45:00-05:00,190.56,190.59,190.15,190.29,25945.0
2026-01-13 14:50:00-05:00,190.15,190.48,190.07,190.1975,26203.0
2026-01-13 14:55:00-05:00,190.185,190.49,189.935,190.215,21826.0
2026-01-13 15:00:00-05:00,190.14,190.14,188.9,189.27,46119.0
2026-01-13 15:05:00-05:00,189.2,189.885,189.16,189.41,25926.0
2026-01-13 15:10:00-05:00,189.38,189.38,188.847,189.105,25152.0
2026-01-13 15:15:00-05:00,189.105,189.105,188.6602,188.79,42023.0
2026-01-13 15:20:00-05:00,188.795,188.92,188.4201,188.875,43816.0
2026-01-13 15:25:00-05:00,188.8775,188.94,187.65,187.65,62909.0
2026-01-13 15:30:00-05:00,187.69,187.9,187.32,187.5971,66604.0
2026-01-13 15:35:00-05:00,187.55,187.79,187.385,187.68,79748.0
2026-01-13 15:40:00-05:00,187.8,189.05,187.73,188.92,57569.0
2026-01-13 15:45:00-05:00,188.905,189.37,188.61,188.75,68922.0
2026-01-13 15:50:00-05:00,188.62,189.005,188.18,188.6,103747.0
2026-01-13 15:55:00-05:00,188.635,190.06,188.27,189.95,437075.0
2026-01-14 09:30:00-05:00,190.74,196.73,190.74,196.095,161518.0
2026-01-14 09:35:00-05:00,196.035,196.6,190.03,190.39,91698.0
2026-01-14 09:40:00-05:00,190.3875,191.73,189.9,190.8,42656.0
2026-01-14 09:45:00-05:00,190.8,193.12,189.95,192.46,71793.0
2026-01-14 09:50:00-05:00,192.145,193.1895,190.6,190.7942,36638.0
2026-01-14 09:55:00-05:00,190.765,190.765,188.46,188.46,44417.0
2026-01-14 10:00:00-05:00,188.45,190.73,186.9,190.0,85800.0
2026-01-14 10:05:00-05:00,189.915,190.11,189.055,189.98,61614.0
2026-01-14 10:10:00-05:00,189.76,192.48,189.02,192.4,66655.0
2026-01-14 10:15:00-05:00,192.325,192.8,190.87,190.93,61271.0
2026-01-14 10:20:00-05:00,190.93,191.57,189.815,189.93,28484.0
2026-01-14 10:25:00-05:00,189.81,190.03,188.2,188.475,54889.0
2026-01-14 10:30:00-05:00,188.35,188.82,187.86,188.695,30472.0
2026-01-14 10:35:00-05:00,188.685,189.56,188.21,189.17,21647.0
2026-01-14 10:40:00-05:00,189.11,189.94,188.01,188.02,17327.0
2026-01-14 10:45:00-05:00,188.43,188.43,186.01,186.405,54198.0
2026-01-14 10:50:00-05:00,186.46,187.4,186.0,187.17,25759.0
2026-01-14 10:55:00-05:00,187.47,188.06,187.37,187.47,23283.0
2026-01-14 11:00:00-05:00,187.87,188.08,186.91,187.66,20986.0
2026-01-14 11:05:00-05:00,188.1,188.1,187.11,187.38,16856.0
2026-01-14 11:10:00-05:00,187.38,187.38,186.17,186.29,28575.0
2026-01-14 11:15:00-05:00,186.305,187.11,186.2,186.51,26147.0
2026-01-14 11:20:00-05:00,186.51,187.49,186.5,186.76,26377.0
2026-01-14 11:25:00-05:00,186.75,186.83,186.01,186.56,18405.0
2026-01-14 11:30:00-05:00,186.79,186.96,186.16,186.395,13517.0
2026-01-14 11:35:00-05:00,186.39,186.74,185.1,186.57,42083.0
2026-01-14 11:40:00-05:00,186.57,186.57,185.46,185.725,18568.0
2026-01-14 11:45:00-05:00,185.55,186.065,185.3,185.37,41578.0
2026-01-14 11:50:00-05:00,185.37,185.91,184.66,185.64,42310.0
2026-01-14 11:55:00-05:00,185.62,186.48,185.6,186.48,17881.0
2026-01-14 12:00:00-05:00,186.435,187.56,186.29,186.9,32448.0
2026-01-14 12:05:00-05:00,186.82,187.26,186.62,187.26,21278.0
2026-01-14 12:10:00-05:00,187.11,187.74,186.97,187.53,12465.0
2026-01-14 12:15:00-05:00,187.525,187.65,186.71,187.035,19546.0
2026-01-14 12:20:00-05:00,186.89,186.89,186.3405,186.78,21607.0
2026-01-14 12:25:00-05:00,186.645,187.11,186.59,186.7384,9933.0
2026-01-14 12:30:00-05:00,186.38,186.51,185.55,185.55,12478.0
2026-01-14 12:35:00-05:00,185.81,185.99,184.67,185.1588,12912.0
2026-01-14 12:40:00-05:00,185.31,185.78,184.88,185.655,12094.0
2026-01-14 12:45:00-05:00,185.645,185.885,185.03,185.03,7468.0
2026-01-14 12:50:00-05:00,185.11,185.11,184.2,184.67,16849.0
2026-01-14 12:55:00-05:00,184.57,184.8,184.14,184.16,13244.0
2026-01-14 13:00:00-05:00,184.14,185.32,184.0,185.07,25688.0
2026-01-14 13:05:00-05:00,185.19,185.22,184.83,185.0,18947.0
2026-01-14 13:10:00-05:00,185.0,185.56,184.82,185.11,17955.0
2026-01-14 13:15:00-05:00,185.12,185.5,184.9,184.96,17361.0
2026-01-14 13:20:00-05:00,185.08,185.24,184.64,184.6892,18563.0
2026-01-14 13:25:00-05:00,184.65,185.0,184.24,184.525,38944.0
2026-01-14 13:30:00-05:00,184.525,184.525,182.61,182.82,57606.0
2026-01-14 13:35:00-05:00,182.82,183.425,182.59,183.155,51335.0
2026-01-14 13:40:00-05:00,183.29,183.69,182.96,183.52,24303.0
2026-01-14 13:45:00-05:00,183.35,184.075,183.109,183.55,18205.0
2026-01-14 13:50:00-05:00,183.55,184.495,183.36,184.1772,20640.0
2026-01-14 13:55:00-05:00,184.295,184.8,184.15,184.6905,13647.0
2026-01-14 14:00:00-05:00,184.52,184.52,183.6801,183.89,28636.0
2026-01-14 14:05:00-05:00,184.17,184.28,183.81,183.93,12930.0
2026-01-14 14:10:00-05:00,183.97,183.98,183.63,183.815,17879.0
2026-01-14 14:15:00-05:00,183.65,184.14,183.2,184.015,24230.0
2026-01-14 14:20:00-05:00,184.01,184.1399,183.67,183.77,15502.0
2026-01-14 14:25:00-05:00,183.865,184.139,183.65,184.005,11534.0
2026-01-14 14:30:00-05:00,184.005,184.16,183.72,183.8,18181.0
2026-01-14 14:35:00-05:00,183.935,183.935,183.44,183.85,21759.0
2026-01-14 14:40:00-05:00,183.885,184.05,183.48,183.48,22173.0
2026-01-14 14:45:00-05:00,183.5,183.82,183.38,183.765,15687.0
2026-01-14 14:50:00-05:00,183.67,183.87,183.255,183.27,17338.0
2026-01-14 14:55:00-05:00,183.28,183.28,182.83,182.905,21860.0
2026-01-14 15:00:00-05:00,182.985,183.81,182.56,183.48,73325.0
2026-01-14 15:05:00-05:00,183.44,184.98,183.44,184.14,30254.0
2026-01-14 15:10:00-05:00,183.96,184.35,183.65,184.13,11999.0
2026-01-14 15:15:00-05:00,184.195,184.195,183.4436,183.895,21908.0
2026-01-14 15:20:00-05:00,183.77,184.09,183.59,183.85,18428.0
2026-01-14 15:25:00-05:00,183.71,184.0,183.54,183.66,30522.0
2026-01-14 15:30:00-05:00,183.66,184.72,183.66,184.26,44631.0
2026-01-14 15:35:00-05:00,184.26,184.56,184.13,184.13,25664.0
2026-01-14 15:40:00-05:00,184.13,184.38,184.03,184.24,28830.0
2026-01-14 15:45:00-05:00,184.295,184.49,183.76,184.03,44705.0
2026-01-14 15:50:00-05:00,184.07,184.665,183.52,183.67,58173.0
2026-01-14 15:55:00-05:00,183.675,184.37,183.65,183.94,217264.0
2026-01-15 09:30:00-05:00,192.33,198.05,190.95,198.05,278076.0
2026-01-15 09:35:00-05:00,197.758,201.0,197.6,200.7,294164.0
2026-01-15 09:40:00-05:00,200.8966,202.83,199.54,202.59,333717.0
2026-01-15 09:45:00-05:00,202.83,205.858,201.8675,204.55,262240.0
2026-01-15 09:50:00-05:00,204.54,206.97,203.7528,205.185,218898.0
2026-01-15 09:55:00-05:00,205.59,205.79,202.5592,204.76,201810.0
2026-01-15 10:00:00-05:00,204.38,206.5899,204.1209,205.2251,166403.0
2026-01-15 10:05:00-05:00,205.23,207.8299,205.0301,207.665,158752.0
2026-01-15 10:10:00-05:00,207.78,208.42,206.39,206.49,298368.0
2026-01-15 10:15:00-05:00,206.44,206.59,205.5,206.445,113035.0
2026-01-15 10:20:00-05:00,206.65,207.72,206.16,207.015,86838.0
2026-01-15 10:25:00-05:00,206.795,207.8294,206.31,207.665,151518.0
2026-01-15 10:30:00-05:00,207.665,208.734,207.4,208.61,156414.0
2026-01-15 10:35:00-05:00,208.5,210.9,208.23,210.06,229593.0
2026-01-15 10:40:00-05:00,210.05,210.15,207.53,208.93,125736.0
2026-01-15 10:45:00-05:00,208.94,209.62,206.35,206.74,105006.0
2026-01-15 10:50:00-05:00,206.84,207.67,205.41,205.89,74750.0
2026-01-15 10:55:00-05:00,205.89,206.57,205.0,206.07,94657.0
2026-01-15 11:00:00-05:00,206.23,206.72,205.7,205.97,132596.0
2026-01-15 11:05:00-05:00,206.12,207.3,205.59,206.6,98487.0
2026-01-15 11:10:00-05:00,206.5,206.68,204.0,204.125,104721.0
2026-01-15 11:15:00-05:00,204.0,204.52,203.03,204.5,133240.0
2026-01-15 11:20:00-05:00,204.5325,205.33,204.11,204.415,56757.0
2026-01-15 11:25:00-05:00,204.5,204.5,203.19,204.09,62590.0
2026-01-15 11:30:00-05:00,204.1945,205.69,203.97,205.48,63878.0
2026-01-15 11:35:00-05:00,205.42,205.78,204.48,204.665,72984.0
2026-01-15 11:40:00-05:00,204.67,204.675,203.518,203.89,29082.0
2026-01-15 11:45:00-05:00,203.71,203.95,202.35,202.875,51290.0
2026-01-15 11:50:00-05:00,202.72,203.09,202.07,202.62,46473.0
2026-01-15 11:55:00-05:00,202.7,203.44,202.0,202.42,103807.0
2026-01-15 12:00:00-05:00,202.86,203.8582,202.16,203.22,59156.0
2026-01-15 12:05:00-05:00,203.0,204.15,202.63,204.05,20689.0
2026-01-15 12:10:00-05:00,204.05,204.28,203.35,203.95,26670.0
2026-01-15 12:15:00-05:00,203.565,204.53,203.24,203.73,60233.0
2026-01-15 12:20:00-05:00,203.77,205.07,203.37,204.75,34685.0
2026-01-15 12:25:00-05:00,204.63,205.27,204.27,204.525,43070.0
2026-01-15 12:30:00-05:00,204.5,204.565,202.79,202.875,33646.0
2026-01-15 12:35:00-05:00,202.74,202.81,201.41,202.085,52710.0
2026-01-15 12:40:00-05:00,201.74,201.865,200.18,200.845,34924.0
2026-01-15 12:45:00-05:00,200.86,201.29,200.41,200.49,51723.0
2026-01-15 12:50:00-05:00,200.42,200.77,199.91,200.38,66207.0
2026-01-15 12:55:00-05:00,200.35,200.35,199.76,200.12,44479.0
2026-01-15 13:00:00-05:00,200.36,201.0,199.91,200.16,45967.0
2026-01-15 13:05:00-05:00,200.08,200.95,199.82,200.855,26431.0
2026-01-15 13:10:00-05:00,200.8962,201.3,200.56,201.0,31977.0
2026-01-15 13:15:00-05:00,201.045,201.05,200.264,200.27,20599.0
2026-01-15 13:20:00-05:00,200.36,200.8474,200.36,200.725,20219.0
2026-01-15 13:25:00-05:00,200.63,201.174,200.56,201.08,85266.0
2026-01-15 13:30:00-05:00,200.91,201.4299,200.58,200.605,23106.0
2026-01-15 13:35:00-05:00,200.605,200.98,199.36,199.95,44338.0
2026-01-15 13:40:00-05:00,200.06,200.73,199.98,200.58,26888.0
2026-01-15 13:45:00-05:00,200.33,200.45,199.895,200.315,23042.0
2026-01-15 13:50:00-05:00,200.305,200.305,198.9,199.08,39005.0
2026-01-15 13:55:00-05:00,199.08,199.4054,198.8,199.06,28699.0
2026-01-15 14:00:00-05:00,198.86,199.29,198.5,199.1,29343.0
2026-01-15 14:05:00-05:00,199.03,199.43,198.865,199.14,34023.0
2026-01-15 14:10:00-05:00,199.145,199.2399,198.34,199.2399,36239.0
2026-01-15 14:15:00-05:00,198.985,199.75,198.9,198.965,31121.0
2026-01-15 14:20:00-05:00,198.7301,198.95,198.4,198.81,24368.0
2026-01-15 14:25:00-05:00,198.96,198.97,198.0,198.68,54482.0
2026-01-15 14:30:00-05:00,198.63,198.88,198.15,198.53,29920.0
2026-01-15 14:35:00-05:00,198.3575,198.47,197.8301,197.93,33710.0
2026-01-15 14:40:00-05:00,198.05,198.4799,197.7,198.14,38788.0
2026-01-15 14:45:00-05:00,198.235,198.27,197.23,198.27,37164.0
2026-01-15 14:50:00-05:00,198.29,198.7,197.74,198.115,21120.0
2026-01-15 14:55:00-05:00,198.11,198.73,197.25,198.485,41465.0
2026-01-15 15:00:00-05:00,198.28,198.98,197.4971,198.83,24784.0
2026-01-15 15:05:00-05:00,198.835,198.835,197.855,198.125,21633.0
2026-01-15 15:10:00-05:00,198.05,198.59,197.38,197.38,26552.0
2026-01-15 15:15:00-05:00,197.38,197.9,197.11,197.69,35086.0
2026-01-15 15:20:00-05:00,197.665,198.06,197.33,197.425,25573.0
2026-01-15 15:25:00-05:00,197.585,197.68,197.13,197.42,32543.0
2026-01-15 15:30:00-05:00,197.44,197.89,197.14,197.375,42435.0
2026-01-15 15:35:00-05:00,197.52,197.7,196.7,196.92,59829.0
2026-01-15 15:40:00-05:00,196.92,197.13,196.0,196.5,57175.0
2026-01-15 15:45:00-05:00,196.455,196.69,195.13,195.15,62740.0
2026-01-15 15:50:00-05:00,195.325,195.7,194.5,195.19,139421.0
2026-01-15 15:55:00-05:00,195.02,196.0,194.46,195.76,375561.0
2026-01-16 09:30:00-05:00,197.0,201.49,195.96,199.54,232833.0
2026-01-16 09:35:00-05:00,199.71,201.93,198.45,198.6,128925.0
2026-01-16 09:40:00-05:00,199.305,201.89,199.305,199.92,80229.0
2026-01-16 09:45:00-05:00,199.68,201.0,198.01,199.27,125396.0
2026-01-16 09:50:00-05:00,199.56,200.53,199.26,199.96,58571.0
2026-01-16 09:55:00-05:00,199.96,199.96,194.87,195.21,101283.0
2026-01-16 10:00:00-05:00,195.1,197.67,194.0,196.33,131999.0
2026-01-16 10:05:00-05:00,196.33,197.89,196.05,197.415,66867.0
2026-01-16 10:10:00-05:00,197.41,198.91,195.833,196.52,80425.0
2026-01-16 10:15:00-05:00,196.52,197.04,195.75,196.05,41455.0
2026-01-16 10:20:00-05:00,196.1934,197.99,195.13,197.735,59046.0
2026-01-16 10:25:00-05:00,197.94,197.99,194.1,194.79,68716.0
2026-01-16 10:30:00-05:00,194.946,194.9599,192.53,193.48,84679.0
2026-01-16 10:35:00-05:00,193.59,193.6,192.23,193.57,63014.0
2026-01-16 10:40:00-05:00,193.7025,194.38,193.19,194.04,27760.0
2026-01-16 10:45:00-05:00,193.78,193.9299,192.945,193.505,24236.0
2026-01-16 10:50:00-05:00,193.5,193.63,192.58,193.44,33554.0
2026-01-16 10:55:00-05:00,193.275,194.79,193.19,194.355,37730.0
2026-01-16 11:00:00-05:00,194.57,194.57,193.33,193.37,27930.0
2026-01-16 11:05:00-05:00,193.365,193.7698,193.18,193.445,15239.0
2026-01-16 11:10:00-05:00,193.31,193.46,192.74,193.1135,35589.0
2026-01-16 11:15:00-05:00,193.005,193.16,192.6,193.13,22451.0
2026-01-16 11:20:00-05:00,193.13,193.4835,192.74,193.155,29715.0
2026-01-16 11:25:00-05:00,193.04,194.46,192.98,194.295,16829.0
2026-01-16 11:30:00-05:00,194.14,195.36,193.96,194.815,61918.0
2026-01-16 11:35:00-05:00,194.7001,195.92,194.7,195.42,39871.0
2026-01-16 11:40:00-05:00,195.3,196.3646,195.16,195.72,27002.0
2026-01-16 11:45:00-05:00,195.715,195.72,195.19,195.505,12451.0
2026-01-16 11:50:00-05:00,195.76,195.9,194.0,194.345,23791.0
2026-01-16 11:55:00-05:00,194.5075,194.5075,193.7,194.21,27728.0
2026-01-16 12:00:00-05:00,194.13,194.21,193.46,193.6,22007.0
2026-01-16 12:05:00-05:00,193.61,193.67,193.31,193.58,14688.0
2026-01-16 12:10:00-05:00,193.565,195.22,193.56,194.38,29976.0
2026-01-16 12:15:00-05:00,194.395,194.62,194.17,194.23,11285.0
2026-01-16 12:20:00-05:00,194.3647,194.595,194.1,194.455,9174.0
2026-01-16 12:25:00-05:00,194.37,194.37,193.79,193.97,21304.0
2026-01-16 12:30:00-05:00,193.88,194.26,193.88,194.24,17166.0
2026-01-16 12:35:00-05:00,194.2487,194.2487,193.965,194.055,10714.0
2026-01-16 12:40:00-05:00,193.91,194.21,193.66,194.13,18935.0
2026-01-16 12:45:00-05:00,194.025,194.03,193.57,193.7556,20725.0
2026-01-16 12:50:00-05:00,193.77,193.8,192.5601,192.66,26604.0
2026-01-16 12:55:00-05:00,192.55,192.65,192.1,192.22,21309.0
2026-01-16 13:00:00-05:00,192.15,192.625,192.05,192.08,20504.0
2026-01-16 13:05:00-05:00,192.08,192.47,192.0,192.22,17553.0
2026-01-16 13:10:00-05:00,192.05,192.42,191.6,192.42,45855.0
2026-01-16 13:15:00-05:00,192.38,193.0499,192.37,192.69,23667.0
2026-01-16 13:20:00-05:00,192.55,192.55,191.685,192.01,17950.0
2026-01-16 13:25:00-05:00,192.15,192.28,191.58,191.86,39100.0
2026-01-16 13:30:00-05:00,191.85,192.155,191.55,191.58,19301.0
2026-01-16 13:35:00-05:00,191.55,191.6695,191.28,191.33,24292.0
2026-01-16 13:40:00-05:00,191.3498,191.3498,190.43,190.51,46138.0
2026-01-16 13:45:00-05:00,190.67,190.8,190.105,190.15,39201.0
2026-01-16 13:50:00-05:00,190.18,190.365,189.59,190.21,45861.0
2026-01-16 13:55:00-05:00,190.25,190.76,190.06,190.59,22954.0
2026-01-16 14:00:00-05:00,190.71,191.21,190.41,191.2,19794.0
2026-01-16 14:05:00-05:00,191.19,191.73,190.78,190.91,20763.0
2026-01-16 14:10:00-05:00,190.905,190.92,190.6201,190.785,16107.0
2026-01-16 14:15:00-05:00,190.79,190.8364,190.49,190.64,17343.0
2026-01-16 14:20:00-05:00,190.79,190.82,190.42,190.62,20479.0
2026-01-16 14:25:00-05:00,190.56,190.85,190.36,190.835,15614.0
2026-01-16 14:30:00-05:00,190.835,191.85,190.68,190.68,52057.0
2026-01-16 14:35:00-05:00,190.695,191.03,190.45,190.92,19158.0
2026-01-16 14:40:00-05:00,190.8636,191.51,190.8636,191.26,22890.0
2026-01-16 14:45:00-05:00,191.27,191.665,191.12,191.54,19586.0
2026-01-16 14:50:00-05:00,191.51,191.555,191.19,191.45,19659.0
2026-01-16 14:55:00-05:00,191.34,191.97,191.2,191.24,48778.0
2026-01-16 15:00:00-05:00,191.28,192.18,191.08,191.83,50856.0
2026-01-16 15:05:00-05:00,191.7,192.15,191.2536,192.03,19692.0
2026-01-16 15:10:00-05:00,192.245,192.25,191.71,191.87,20691.0
2026-01-16 15:15:00-05:00,191.85,191.88,191.52,191.77,18802.0
2026-01-16 15:20:00-05:00,191.77,192.32,191.71,192.295,20025.0
2026-01-16 15:25:00-05:00,192.3,192.41,191.93,192.165,26215.0
2026-01-16 15:30:00-05:00,192.05,192.05,191.11,191.11,43299.0
2026-01-16 15:35:00-05:00,191.145,191.7102,191.12,191.21,35649.0
2026-01-16 15:40:00-05:00,191.205,191.43,191.05,191.235,30647.0
2026-01-16 15:45:00-05:00,191.13,191.35,190.88,190.89,43312.0
2026-01-16 15:50:00-05:00,190.94,191.36,190.84,191.02,74957.0
2026-01-16 15:55:00-05:00,190.94,191.19,190.52,190.89,272689.0
2026-01-20 09:30:00-05:00,186.31,193.49,186.03,193.145,205068.0
2026-01-20 09:35:00-05:00,193.145,196.44,191.795,195.77,153992.0
2026-01-20 09:40:00-05:00,195.54,195.8257,193.11,195.03,109255.0
2026-01-20 09:45:00-05:00,194.64,194.64,190.59,191.3537,89528.0
2026-01-20 09:50:00-05:00,191.09,194.73,190.87,194.22,175225.0
2026-01-20 09:55:00-05:00,193.73,194.84,191.98,193.77,82463.0
2026-01-20 10:00:00-05:00,193.64,194.9,192.3,193.9099,77521.0
2026-01-20 10:05:00-05:00,193.53,195.5,193.49,195.34,78669.0
2026-01-20 10:10:00-05:00,195.33,197.35,194.0001,196.77,140828.0
2026-01-20 10:15:00-05:00,196.87,197.14,195.32,195.6522,72410.0
2026-01-20 10:20:00-05:00,195.7,196.15,194.81,194.93,67023.0
2026-01-20 10:25:00-05:00,195.0,197.5,194.75,197.085,75751.0
2026-01-20 10:30:00-05:00,196.82,198.35,196.71,198.16,85408.0
2026-01-20 10:35:00-05:00,198.14,198.2299,195.98,196.2,36393.0
2026-01-20 10:40:00-05:00,196.24,196.9,195.49,195.5955,43761.0
2026-01-20 10:45:00-05:00,195.58,196.5,194.9401,196.15,58638.0
2026-01-20 10:50:00-05:00,196.16,196.85,195.83,196.63,33045.0
2026-01-20 10:55:00-05:00,196.63,197.1299,196.02,196.66,65565.0
2026-01-20 11:00:00-05:00,196.79,197.04,194.65,194.65,35937.0
2026-01-20 11:05:00-05:00,194.65,194.925,193.83,194.59,24522.0
2026-01-20 11:10:00-05:00,194.575,194.76,193.84,193.86,37766.0
2026-01-20 11:15:00-05:00,193.88,194.075,192.795,192.85,46502.0
2026-01-20 11:20:00-05:00,193.159,193.705,192.77,192.87,23575.0
2026-01-20 11:25:00-05:00,192.87,194.195,192.62,194.195,26978.0
2026-01-20 11:30:00-05:00,193.83,194.06,193.12,193.23,36529.0
2026-01-20 11:35:00-05:00,193.28,194.08,193.1501,194.07,19873.0
2026-01-20 11:40:00-05:00,194.15,194.17,193.0,193.08,35213.0
2026-01-20 11:45:00-05:00,193.25,194.12,192.91,194.03,25760.0
2026-01-20 11:50:00-05:00,194.01,194.25,193.45,193.47,23218.0
2026-01-20 11:55:00-05:00,193.64,194.58,193.47,194.08,22502.0
2026-01-20 12:00:00-05:00,193.88,194.22,193.04,193.04,29373.0
2026-01-20 12:05:00-05:00,193.245,193.26,192.2,192.2,20963.0
2026-01-20 12:10:00-05:00,192.46,193.18,191.81,192.92,37294.0
2026-01-20 12:15:00-05:00,192.72,193.2544,191.94,192.385,20122.0
2026-01-20 12:20:00-05:00,192.385,192.84,192.09,192.34,21783.0
2026-01-20 12:25:00-05:00,192.26,192.69,192.15,192.375,16148.0
2026-01-20 12:30:00-05:00,192.28,192.665,192.14,192.5,20829.0
2026-01-20 12:35:00-05:00,192.5,192.74,192.2,192.46,15858.0
2026-01-20 12:40:00-05:00,192.31,192.77,192.12,192.12,10552.0
2026-01-20 12:45:00-05:00,192.06,192.18,191.66,191.82,22956.0
2026-01-20 12:50:00-05:00,191.7,192.38,191.12,192.3,24757.0
2026-01-20 12:55:00-05:00,192.15,192.6091,191.9305,192.2425,21164.0
2026-01-20 13:00:00-05:00,192.25,192.62,191.97,191.97,34781.0
2026-01-20 13:05:00-05:00,191.87,191.94,191.56,191.925,18022.0
2026-01-20 13:10:00-05:00,191.88,192.23,191.79,191.85,10843.0
2026-01-20 13:15:00-05:00,191.8,191.97,191.59,191.71,12119.0
2026-01-20 13:20:00-05:00,191.93,192.0,191.53,191.55,13267.0
2026-01-20 13:25:00-05:00,191.53,191.7,191.13,191.57,20457.0
2026-01-20 13:30:00-05:00,191.57,191.67,191.27,191.59,21730.0
2026-01-20 13:35:00-05:00,191.56,191.66,191.07,191.44,18191.0
2026-01-20 13:40:00-05:00,191.498,191.59,190.955,191.2,22798.0
2026-01-20 13:45:00-05:00,191.27,191.33,190.86,191.08,19738.0
2026-01-20 13:50:00-05:00,191.06,191.15,190.6,190.69,18854.0
2026-01-20 13:55:00-05:00,190.76,191.89,190.76,191.23,27157.0
2026-01-20 14:00:00-05:00,191.5,191.9599,191.09,191.265,20751.0
2026-01-20 14:05:00-05:00,191.43,192.11,191.09,191.295,29593.0
2026-01-20 14:10:00-05:00,191.09,191.62,191.09,191.5,13195.0
2026-01-20 14:15:00-05:00,191.5,191.64,190.66,190.94,20852.0
2026-01-20 14:20:00-05:00,191.04,191.09,190.44,190.485,19549.0
2026-01-20 14:25:00-05:00,190.5,190.6978,190.05,190.425,30144.0
2026-01-20 14:30:00-05:00,190.22,190.53,189.72,189.92,41756.0
2026-01-20 14:35:00-05:00,189.915,190.48,189.68,190.4665,34877.0
2026-01-20 14:40:00-05:00,190.28,190.61,190.065,190.2,18500.0
2026-01-20 14:45:00-05:00,190.2,190.9,190.16,190.62,20725.0
2026-01-20 14:50:00-05:00,190.51,191.93,190.49,191.64,28369.0
2026-01-20 14:55:00-05:00,191.36,191.96,190.74,191.725,33169.0
2026-01-20 15:00:00-05:00,191.82,192.44,191.5,192.095,28172.0
2026-01-20 15:05:00-05:00,192.33,193.46,192.31,192.73,51440.0
2026-01-20 15:10:00-05:00,192.73,193.085,192.23,192.26,57966.0
2026-01-20 15:15:00-05:00,192.3,192.905,192.21,192.72,26572.0
2026-01-20 15:20:00-05:00,192.73,193.26,192.45,193.085,25802.0
2026-01-20 15:25:00-05:00,193.085,193.36,192.83,192.86,40451.0
2026-01-20 15:30:00-05:00,193.11,193.44,192.8,193.04,40073.0
2026-01-20 15:35:00-05:00,193.03,193.87,192.72,193.42,45080.0
2026-01-20 15:40:00-05:00,193.34,193.71,193.17,193.61,41861.0
2026-01-20 15:45:00-05:00,193.71,193.78,193.36,193.5,51392.0
2026-01-20 15:50:00-05:00,193.4,194.3611,193.4,193.79,101646.0
2026-01-20 15:55:00-05:00,193.62,193.63,192.675,193.39,302035.0
2026-01-21 09:30:00-05:00,197.51,198.0,192.55,192.905,192256.0
2026-01-21 09:35:00-05:00,192.84,194.49,191.0,194.225,123553.0
2026-01-21 09:40:00-05:00,194.45,197.0,193.53,196.31,66358.0
2026-01-21 09:45:00-05:00,196.085,198.42,195.71,197.23,158933.0
2026-01-21 09:50:00-05:00,196.81,197.45,194.398,197.45,102797.0
2026-01-21 09:55:00-05:00,197.23,199.0,196.6,198.51,132436.0
2026-01-21 10:00:00-05:00,198.49,199.0,197.49,198.315,149126.0
2026-01-21 10:05:00-05:00,198.315,200.89,198.01,200.69,97148.0
2026-01-21 10:10:00-05:00,200.595,200.69,199.17,200.2767,59069.0
2026-01-21 10:15:00-05:00,200.3419,201.399,199.8,200.74,62190.0
2026-01-21 10:20:00-05:00,200.545,201.3,199.745,200.84,71729.0
2026-01-21 10:25:00-05:00,200.98,202.64,200.42,202.345,130707.0
2026-01-21 10:30:00-05:00,202.3,203.94,202.06,203.1,271397.0
2026-01-21 10:35:00-05:00,203.1,205.8625,202.93,205.84,119599.0
2026-01-21 10:40:00-05:00,205.87,208.0,205.81,207.095,166732.0
2026-01-21 10:45:00-05:00,206.99,207.5,206.0,206.99,165308.0
2026-01-21 10:50:00-05:00,206.91,206.94,205.07,206.32,88747.0
2026-01-21 10:55:00-05:00,206.28,206.68,205.56,206.14,71469.0
2026-01-21 11:00:00-05:00,205.56,207.22,205.4784,206.715,62638.0
2026-01-21 11:05:00-05:00,206.715,207.42,205.5,205.82,70254.0
2026-01-21 11:10:00-05:00,205.53,206.4,205.28,205.995,46029.0
2026-01-21 11:15:00-05:00,206.0,207.59,205.9,207.59,70897.0
2026-01-21 11:20:00-05:00,207.59,207.9,206.19,207.15,62080.0
2026-01-21 11:25:00-05:00,206.73,207.74,206.07,207.185,34103.0
2026-01-21 11:30:00-05:00,207.185,208.1,206.4,207.9181,87010.0
2026-01-21 11:35:00-05:00,207.72,207.96,205.85,206.5,62718.0
2026-01-21 11:40:00-05:00,206.2,206.89,205.0,205.0,50355.0
2026-01-21 11:45:00-05:00,205.245,207.07,205.065,206.87,35582.0
2026-01-21 11:50:00-05:00,206.94,207.06,205.54,206.07,37198.0
2026-01-21 11:55:00-05:00,206.17,206.26,204.5101,204.83,77828.0
2026-01-21 12:00:00-05:00,204.94,205.72,203.95,204.91,98988.0
2026-01-21 12:05:00-05:00,204.77,204.91,203.21,203.84,59635.0
2026-01-21 12:10:00-05:00,203.73,203.94,201.2501,201.87,81071.0
2026-01-21 12:15:00-05:00,201.99,202.88,201.2601,202.34,41960.0
2026-01-21 12:20:00-05:00,202.33,202.59,201.22,201.59,102581.0
2026-01-21 12:25:00-05:00,201.253,201.89,199.0,199.97,141910.0
2026-01-21 12:30:00-05:00,199.98,200.13,196.56,196.785,116033.0
2026-01-21 12:35:00-05:00,196.835,197.685,196.48,197.395,63185.0
2026-01-21 12:40:00-05:00,197.395,197.395,195.0,195.955,135490.0
2026-01-21 12:45:00-05:00,195.9551,197.24,195.71,197.17,50394.0
2026-01-21 12:50:00-05:00,196.92,199.0,196.64,198.43,58138.0
2026-01-21 12:55:00-05:00,198.69,199.19,197.71,197.895,50828.0
2026-01-21 13:00:00-05:00,197.89,198.15,195.4,196.655,56671.0
2026-01-21 13:05:00-05:00,196.87,197.57,196.39,196.42,15244.0
2026-01-21 13:10:00-05:00,196.77,198.0504,196.72,197.21,33827.0
2026-01-21 13:15:00-05:00,197.21,197.53,195.415,195.88,23496.0
2026-01-21 13:20:00-05:00,195.5,196.71,195.28,195.395,31365.0
2026-01-21 13:25:00-05:00,195.2,196.41,195.2,196.22,19518.0
2026-01-21 13:30:00-05:00,196.215,196.86,196.04,196.79,28705.0
2026-01-21 13:35:00-05:00,196.71,196.71,196.01,196.3,26043.0
2026-01-21 13:40:00-05:00,196.45,196.75,196.0,196.62,15302.0
2026-01-21 13:45:00-05:00,196.49,197.87,196.2,197.87,17644.0
2026-01-21 13:50:00-05:00,197.65,198.2799,197.11,197.3025,35937.0
2026-01-21 13:55:00-05:00,197.105,197.47,196.9,197.34,21155.0
2026-01-21 14:00:00-05:00,197.27,197.28,196.7,196.94,15216.0
2026-01-21 14:05:00-05:00,196.79,197.84,196.41,196.92,31336.0
2026-01-21 14:10:00-05:00,197.15,197.42,196.47,196.78,13131.0
2026-01-21 14:15:00-05:00,196.65,197.38,196.32,197.0325,16053.0
2026-01-21 14:20:00-05:00,197.0,197.68,196.84,197.63,12095.0
2026-01-21 14:25:00-05:00,197.6,201.8099,197.515,200.84,49794.0
2026-01-21 14:30:00-05:00,200.95,201.81,200.365,201.46,41825.0
2026-01-21 14:35:00-05:00,201.48,203.03,201.3001,202.88,42682.0
2026-01-21 14:40:00-05:00,202.97,204.56,202.785,204.55,48727.0
2026-01-21 14:45:00-05:00,204.55,205.0,203.835,204.325,45587.0
2026-01-21 14:50:00-05:00,204.4867,204.59,203.26,204.16,41292.0
2026-01-21 14:55:00-05:00,204.18,204.64,203.76,204.17,34517.0
2026-01-21 15:00:00-05:00,204.18,204.35,203.54,203.895,34658.0
2026-01-21 15:05:00-05:00,203.96,204.77,203.42,204.605,50798.0
2026-01-21 15:10:00-05:00,204.72,204.72,203.82,203.985,47643.0
2026-01-21 15:15:00-05:00,203.91,204.48,203.82,204.0,58039.0
2026-01-21 15:20:00-05:00,204.13,204.76,203.8501,204.22,108830.0
2026-01-21 15:25:00-05:00,204.08,204.235,202.8,202.8,62559.0
2026-01-21 15:30:00-05:00,202.81,202.81,201.52,202.13,72878.0
2026-01-21 15:35:00-05:00,202.23,202.25,201.5,202.0,52024.0
2026-01-21 15:40:00-05:00,201.89,202.18,201.21,202.18,56367.0
2026-01-21 15:45:00-05:00,202.02,202.22,200.95,201.09,66340.0
2026-01-21 15:50:00-05:00,201.0,201.12,200.0,200.93,93366.0
2026-01-21 15:55:00-05:00,200.93,201.865,200.68,201.46,299002.0
2026-01-22 09:30:00-05:00,208.2,213.299,207.22,207.47,383908.0
2026-01-22 09:35:00-05:00,207.435,209.59,204.06,209.545,248414.0
2026-01-22 09:40:00-05:00,209.76,209.76,206.075,206.86,193610.0
2026-01-22 09:45:00-05:00,206.6,206.95,204.65,204.93,123200.0
2026-01-22 09:50:00-05:00,204.925,206.86,203.86,205.91,96393.0
2026-01-22 09:55:00-05:00,205.51,205.6299,204.0764,204.33,75238.0
2026-01-22 10:00:00-05:00,204.35,204.35,199.29,199.71,219851.0
2026-01-22 10:05:00-05:00,199.71,204.15,198.8,201.3,199790.0
2026-01-22 10:10:00-05:00,201.2669,202.16,199.8,200.74,64429.0
2026-01-22 10:15:00-05:00,200.62,202.81,199.51,200.37,46957.0
2026-01-22 10:20:00-05:00,200.05,202.385,199.815,200.34,58446.0
2026-01-22 10:25:00-05:00,200.37,202.88,199.89,202.2761,56520.0
2026-01-22 10:30:00-05:00,202.0,204.0,200.65,203.4,58954.0
2026-01-22 10:35:00-05:00,203.91,204.48,203.0,203.525,55121.0
2026-01-22 10:40:00-05:00,203.77,203.77,202.7,202.76,40313.0
2026-01-22 10:45:00-05:00,202.86,203.11,201.92,202.585,59819.0
2026-01-22 10:50:00-05:00,202.58,203.265,202.31,202.65,27468.0
2026-01-22 10:55:00-05:00,202.46,203.36,202.44,203.22,34484.0
2026-01-22 11:00:00-05:00,203.02,203.49,202.0,203.29,61770.0
2026-01-22 11:05:00-05:00,203.04,203.3,202.34,202.99,26054.0
2026-01-22 11:10:00-05:00,202.69,203.49,202.38,203.12,59855.0
2026-01-22 11:15:00-05:00,203.32,203.37,202.02,202.02,40791.0
2026-01-22 11:20:00-05:00,202.0,202.99,201.93,202.44,33077.0
2026-01-22 11:25:00-05:00,202.53,202.88,202.3,202.47,23122.0
2026-01-22 11:30:00-05:00,202.32,202.82,202.0,202.7,25695.0
2026-01-22 11:35:00-05:00,202.77,202.97,202.465,202.78,21655.0
2026-01-22 11:40:00-05:00,202.7,203.3,202.52,202.695,15797.0
2026-01-22 11:45:00-05:00,202.7,203.11,202.51,202.665,23924.0
2026-01-22 11:50:00-05:00,202.665,203.19,202.53,202.95,27524.0
2026-01-22 11:55:00-05:00,202.76,202.76,202.08,202.26,18290.0
2026-01-22 12:00:00-05:00,202.26,202.54,201.87,202.4,17944.0
2026-01-22 12:05:00-05:00,202.48,203.18,202.32,203.16,19901.0
2026-01-22 12:10:00-05:00,203.15,203.39,202.81,203.105,23389.0
2026-01-22 12:15:00-05:00,203.06,203.21,202.0,202.16,18988.0
2026-01-22 12:20:00-05:00,202.055,202.45,201.42,202.385,20791.0
2026-01-22 12:25:00-05:00,202.44,203.05,201.88,203.05,21260.0
2026-01-22 12:30:00-05:00,203.32,204.24,203.32,204.085,18251.0
2026-01-22 12:35:00-05:00,204.095,204.695,203.4,203.535,38603.0
2026-01-22 12:40:00-05:00,203.68,204.56,203.65,204.305,14174.0
2026-01-22 12:45:00-05:00,204.49,204.9999,204.3,204.675,35294.0
2026-01-22 12:50:00-05:00,204.62,204.79,203.99,204.47,16414.0
2026-01-22 12:55:00-05:00,204.48,204.84,204.23,204.475,15977.0
2026-01-22 13:00:00-05:00,204.36,204.5342,203.99,204.31,19946.0
2026-01-22 13:05:00-05:00,204.29,204.69,203.62,203.77,14900.0
2026-01-22 13:10:00-05:00,203.63,203.79,202.85,202.995,15860.0
2026-01-22 13:15:00-05:00,203.06,203.24,202.64,203.1,24264.0
2026-01-22 13:20:00-05:00,202.79,203.43,202.64,203.43,10841.0
2026-01-22 13:25:00-05:00,202.95,203.3,202.95,202.9752,17044.0
2026-01-22 13:30:00-05:00,202.98,203.39,202.92,203.39,9186.0
2026-01-22 13:35:00-05:00,203.15,203.34,202.82,203.12,11808.0
2026-01-22 13:40:00-05:00,202.9375,203.44,202.9,203.1675,14847.0
2026-01-22 13:45:00-05:00,203.29,203.5,202.94,203.5,6586.0
2026-01-22 13:50:00-05:00,203.26,203.405,202.8896,202.93,13815.0
2026-01-22 13:55:00-05:00,202.925,202.925,202.26,202.74,16032.0
2026-01-22 14:00:00-05:00,202.93,203.67,202.715,203.67,12629.0
2026-01-22 14:05:00-05:00,203.75,203.895,203.3,203.605,14521.0
2026-01-22 14:10:00-05:00,203.585,203.74,203.32,203.435,12449.0
2026-01-22 14:15:00-05:00,203.525,203.7,203.23,203.6,17226.0
2026-01-22 14:20:00-05:00,203.68,204.09,203.565,204.06,25033.0
2026-01-22 14:25:00-05:00,203.965,204.009,203.6,203.96,15009.0
2026-01-22 14:30:00-05:00,203.88,204.13,203.66,203.7358,17992.0
2026-01-22 14:35:00-05:00,203.845,204.0,203.39,203.39,25278.0
2026-01-22 14:40:00-05:00,203.36,203.8,203.0701,203.35,20126.0
2026-01-22 14:45:00-05:00,203.3,203.52,203.0,203.07,16720.0
2026-01-22 14:50:00-05:00,203.12,203.41,202.955,203.23,23453.0
2026-01-22 14:55:00-05:00,203.23,203.29,202.7,202.79,26980.0
2026-01-22 15:00:00-05:00,202.72,203.37,202.36,202.59,37181.0
2026-01-22 15:05:00-05:00,202.46,202.49,202.0,202.16,30893.0
2026-01-22 15:10:00-05:00,202.4246,202.43,201.61,201.65,18459.0
2026-01-22 15:15:00-05:00,201.765,202.26,201.05,201.89,30960.0
2026-01-22 15:20:00-05:00,201.785,202.39,201.735,202.225,26271.0
2026-01-22 15:25:00-05:00,202.38,202.53,201.82,201.95,37828.0
2026-01-22 15:30:00-05:00,201.82,202.2,201.555,201.72,36173.0
2026-01-22 15:35:00-05:00,201.68,202.08,201.63,201.85,33657.0
2026-01-22 15:40:00-05:00,201.84,202.3653,201.4901,202.1575,59913.0
2026-01-22 15:45:00-05:00,202.19,202.19,201.41,201.685,54593.0
2026-01-22 15:50:00-05:00,201.75,202.14,201.31,201.49,70980.0
2026-01-22 15:55:00-05:00,201.59,202.725,201.31,202.66,277255.0
2026-01-23 09:30:00-05:00,198.23,198.23,190.0,191.23,304894.0
2026-01-23 09:35:00-05:00,190.95,194.03,189.5,191.11,172758.0
2026-01-23 09:40:00-05:00,191.5,196.65,191.0,195.14,121829.0
2026-01-23 09:45:00-05:00,195.145,195.3642,192.48,193.57,65657.0
2026-01-23 09:50:00-05:00,193.61,196.69,193.5366,195.8,53208.0
2026-01-23 09:55:00-05:00,196.01,196.8,195.06,196.0,32888.0
2026-01-23 10:00:00-05:00,196.18,198.09,195.79,197.59,40397.0
2026-01-23 10:05:00-05:00,197.5502,198.76,197.1,197.1004,53690.0
2026-01-23 10:10:00-05:00,197.36,197.715,196.995,197.004,32255.0
2026-01-23 10:15:00-05:00,197.3,198.34,197.0,197.68,31979.0
2026-01-23 10:20:00-05:00,197.87,200.0,197.87,199.9,25902.0
2026-01-23 10:25:00-05:00,199.6349,199.655,198.3301,198.81,17606.0
2026-01-23 10:30:00-05:00,198.4501,199.99,198.23,199.56,19375.0
2026-01-23 10:35:00-05:00,199.4956,200.225,198.97,199.095,18127.0
2026-01-23 10:40:00-05:00,199.085,199.88,198.79,199.74,14418.0
2026-01-23 10:45:00-05:00,199.21,199.6099,198.58,198.93,16080.0
2026-01-23 10:50:00-05:00,198.89,199.04,198.19,198.28,13674.0
2026-01-23 10:55:00-05:00,198.195,198.7,197.81,197.99,18108.0
2026-01-23 11:00:00-05:00,197.81,198.69,197.25,197.445,24294.0
2026-01-23 11:05:00-05:00,197.26,197.495,196.3501,196.635,26995.0
2026-01-23 11:10:00-05:00,196.635,197.22,196.37,197.175,16846.0
2026-01-23 11:15:00-05:00,197.0,197.84,196.99,197.84,10067.0
2026-01-23 11:20:00-05:00,197.69,198.16,197.48,198.07,18645.0
2026-01-23 11:25:00-05:00,198.24,198.24,197.25,197.74,15352.0
2026-01-23 11:30:00-05:00,197.725,198.23,197.72,198.04,10949.0
2026-01-23 11:35:00-05:00,198.035,198.95,197.98,198.765,15080.0
2026-01-23 11:40:00-05:00,198.75,198.89,198.465,198.82,16642.0
2026-01-23 11:45:00-05:00,198.74,199.42,198.725,199.36,10845.0
2026-01-23 11:50:00-05:00,199.22,199.38,198.68,198.938,13635.0
2026-01-23 11:55:00-05:00,198.895,199.08,198.27,198.53,17015.0
2026-01-23 12:00:00-05:00,198.515,199.23,198.24,199.23,8629.0
2026-01-23 12:05:00-05:00,199.1775,199.29,198.386,198.975,13647.0
2026-01-23 12:10:00-05:00,198.965,199.14,198.69,199.07,6689.0
2026-01-23 12:15:00-05:00,199.11,199.35,198.26,198.4075,16064.0
2026-01-23 12:20:00-05:00,198.73,198.73,198.0,198.38,11203.0
2026-01-23 12:25:00-05:00,198.385,198.46,197.91,198.42,11157.0
2026-01-23 12:30:00-05:00,198.42,198.68,197.65,197.91,20600.0
2026-01-23 12:35:00-05:00,197.79,198.09,197.365,197.37,11078.0
2026-01-23 12:40:00-05:00,197.37,197.56,196.2,196.21,46217.0
2026-01-23 12:45:00-05:00,196.42,196.67,196.19,196.495,16033.0
2026-01-23 12:50:00-05:00,196.41,196.5043,196.0,196.176,15788.0
2026-01-23 12:55:00-05:00,196.34,196.9899,195.61,196.12,24373.0
2026-01-23 13:00:00-05:00,196.16,196.85,196.16,196.6601,13572.0
2026-01-23 13:05:00-05:00,196.67,197.58,196.63,197.31,15011.0
2026-01-23 13:10:00-05:00,197.46,197.79,196.91,196.9576,15487.0
2026-01-23 13:15:00-05:00,196.98,198.03,196.98,198.03,15914.0
2026-01-23 13:20:00-05:00,197.935,197.99,197.63,197.76,9964.0
2026-01-23 13:25:00-05:00,197.76,197.87,197.3701,197.635,9419.0
2026-01-23 13:30:00-05:00,197.74,198.15,197.37,197.4,22234.0
2026-01-23 13:35:00-05:00,197.29,197.76,197.265,197.68,7764.0
2026-01-23 13:40:00-05:00,197.56,197.56,197.12,197.15,7712.0
2026-01-23 13:45:00-05:00,197.02,197.65,197.02,197.5,10680.0
2026-01-23 13:50:00-05:00,197.66,197.79,197.3301,197.69,7935.0
2026-01-23 13:55:00-05:00,197.575,197.91,197.48,197.79,18177.0
2026-01-23 14:00:00-05:00,197.64,197.93,197.64,197.66,7601.0
2026-01-23 14:05:00-05:00,197.65,198.12,197.5,197.74,14013.0
2026-01-23 14:10:00-05:00,198.21,198.21,197.85,197.915,9544.0
2026-01-23 14:15:00-05:00,197.91,198.32,197.88,198.175,10347.0
2026-01-23 14:20:00-05:00,198.29,198.62,197.83,198.19,10064.0
2026-01-23 14:25:00-05:00,198.18,198.37,197.6469,197.77,12815.0
2026-01-23 14:30:00-05:00,197.649,197.95,197.649,197.7951,6735.0
2026-01-23 14:35:00-05:00,197.85,197.87,197.55,197.69,10047.0
2026-01-23 14:40:00-05:00,197.62,197.85,197.48,197.825,9521.0
2026-01-23 14:45:00-05:00,197.96,197.96,197.45,197.565,9723.0
2026-01-23 14:50:00-05:00,197.4,197.76,197.29,197.52,7496.0
2026-01-23 14:55:00-05:00,197.51,197.89,197.35,197.84,16220.0
2026-01-23 15:00:00-05:00,197.99,198.03,197.61,197.635,15251.0
2026-01-23 15:05:00-05:00,197.654,197.654,196.8401,196.945,23189.0
2026-01-23 15:10:00-05:00,197.0999,197.45,196.67,197.2,18707.0
2026-01-23 15:15:00-05:00,197.205,197.53,197.14,197.3325,17863.0
2026-01-23 15:20:00-05:00,197.33,197.47,196.675,196.675,20460.0
2026-01-23 15:25:00-05:00,196.68,196.91,196.615,196.8,20377.0
2026-01-23 15:30:00-05:00,196.74,197.25,196.3,197.24,35320.0
2026-01-23 15:35:00-05:00,197.24,197.63,196.49,196.725,39133.0
2026-01-23 15:40:00-05:00,196.83,197.11,196.64,196.755,22325.0
2026-01-23 15:45:00-05:00,196.73,197.03,196.68,196.845,23417.0
2026-01-23 15:50:00-05:00,196.71,197.655,196.71,197.075,53550.0
2026-01-23 15:55:00-05:00,196.97,197.0,195.8401,196.95,292307.0
2026-01-26 09:30:00-05:00,196.28,197.175,192.38,197.175,93661.0
2026-01-26 09:35:00-05:00,198.0,200.0,195.915,196.26,121369.0
2026-01-26 09:40:00-05:00,195.88,204.44,195.88,203.17,136707.0
2026-01-26 09:45:00-05:00,203.27,205.0,202.008,203.71,101485.0
2026-01-26 09:50:00-05:00,202.8255,204.6,202.7,202.72,38691.0
2026-01-26 09:55:00-05:00,203.245,204.88,202.72,204.485,62158.0
2026-01-26 10:00:00-05:00,204.635,204.88,201.495,201.66,78449.0
2026-01-26 10:05:00-05:00,201.66,203.0,201.66,202.295,67174.0
2026-01-26 10:10:00-05:00,202.42,202.43,200.77,200.925,44305.0
2026-01-26 10:15:00-05:00,200.93,201.58,200.13,200.81,57080.0
2026-01-26 10:20:00-05:00,201.005,201.2,199.17,199.99,38493.0
2026-01-26 10:25:00-05:00,199.5701,199.77,197.41,197.595,46068.0
2026-01-26 10:30:00-05:00,197.35,198.781,196.0,198.0,68318.0
2026-01-26 10:35:00-05:00,197.88,198.91,197.47,197.93,32336.0
2026-01-26 10:40:00-05:00,197.9727,198.36,197.35,197.83,20213.0
2026-01-26 10:45:00-05:00,197.67,199.67,197.67,199.5,36213.0
2026-01-26 10:50:00-05:00,199.59,200.51,199.49,199.89,46694.0
2026-01-26 10:55:00-05:00,199.8106,200.3,199.64,199.84,20496.0
2026-01-26 11:00:00-05:00,199.56,199.92,198.92,199.34,24834.0
2026-01-26 11:05:00-05:00,199.355,199.69,198.85,199.585,22416.0
2026-01-26 11:10:00-05:00,199.64,199.64,198.8,198.96,28243.0
2026-01-26 11:15:00-05:00,199.2,199.37,198.3,198.4,30044.0
2026-01-26 11:20:00-05:00,198.53,199.37,198.13,198.63,24916.0
2026-01-26 11:25:00-05:00,198.615,198.68,198.16,198.18,9190.0
2026-01-26 11:30:00-05:00,198.15,198.62,198.05,198.515,21973.0
2026-01-26 11:35:00-05:00,198.35,198.72,198.1,198.1,12634.0
2026-01-26 11:40:00-05:00,198.1,198.2,197.25,197.25,17870.0
2026-01-26 11:45:00-05:00,197.34,198.06,197.34,197.98,22064.0
2026-01-26 11:50:00-05:00,197.93,198.085,197.73,197.945,8019.0
2026-01-26 11:55:00-05:00,198.16,198.53,198.11,198.19,10427.0
2026-01-26 12:00:00-05:00,198.29,198.35,197.83,198.2,13801.0
2026-01-26 12:05:00-05:00,198.175,198.327,197.61,197.83,6546.0
2026-01-26 12:10:00-05:00,197.91,198.65,197.79,198.65,10781.0
2026-01-26 12:15:00-05:00,199.0,199.08,198.317,198.5,12902.0
2026-01-26 12:20:00-05:00,198.585,198.76,198.44,198.59,9285.0
2026-01-26 12:25:00-05:00,198.535,199.3,198.535,199.3,12104.0
2026-01-26 12:30:00-05:00,199.155,199.32,199.01,199.05,11449.0
2026-01-26 12:35:00-05:00,199.115,199.115,198.7,198.7,8182.0
2026-01-26 12:40:00-05:00,198.585,198.6,198.19,198.195,8849.0
2026-01-26 12:45:00-05:00,198.15,198.38,198.03,198.1,11100.0
2026-01-26 12:50:00-05:00,197.9,198.02,197.7601,197.935,14356.0
2026-01-26 12:55:00-05:00,198.0,198.1399,197.76,197.8,10297.0
2026-01-26 13:00:00-05:00,197.77,198.06,197.62,197.705,12571.0
2026-01-26 13:05:00-05:00,197.54,198.04,197.45,197.79,21235.0
2026-01-26 13:10:00-05:00,197.875,198.28,197.78,197.82,9725.0
2026-01-26 13:15:00-05:00,197.77,198.73,197.69,198.65,8325.0
2026-01-26 13:20:00-05:00,198.665,198.99,198.49,198.64,9262.0
2026-01-26 13:25:00-05:00,198.62,198.94,198.57,198.725,12317.0
2026-01-26 13:30:00-05:00,198.75,198.825,198.6,198.71,5418.0
2026-01-26 13:35:00-05:00,198.74,198.8,198.42,198.6242,13318.0
2026-01-26 13:40:00-05:00,198.75,199.42,198.41,199.35,14306.0
2026-01-26 13:45:00-05:00,199.14,199.3799,199.08,199.245,11922.0
2026-01-26 13:50:00-05:00,199.24,199.72,199.1,199.23,14413.0
2026-01-26 13:55:00-05:00,199.08,199.22,198.75,198.9,8883.0
2026-01-26 14:00:00-05:00,198.9,198.9,198.03,198.03,64650.0
2026-01-26 14:05:00-05:00,198.03,198.38,197.88,198.29,15818.0
2026-01-26 14:10:00-05:00,198.29,198.44,198.02,198.13,12859.0
2026-01-26 14:15:00-05:00,198.15,198.38,198.095,198.25,10134.0
2026-01-26 14:20:00-05:00,198.42,198.76,198.08,198.62,13237.0
2026-01-26 14:25:00-05:00,198.715,199.2,198.54,198.7744,13281.0
2026-01-26 14:30:00-05:00,198.72,199.21,198.6,198.91,16853.0
2026-01-26 14:35:00-05:00,198.9,199.06,198.57,198.7,13784.0
2026-01-26 14:40:00-05:00,198.69,199.22,198.6,199.17,18342.0
2026-01-26 14:45:00-05:00,199.01,199.22,198.37,198.6251,20416.0
2026-01-26 14:50:00-05:00,198.61,198.98,198.5476,198.89,20162.0
2026-01-26 14:55:00-05:00,198.73,198.75,198.3,198.425,33288.0
2026-01-26 15:00:00-05:00,198.14,198.4099,197.6,197.76,35534.0
2026-01-26 15:05:00-05:00,197.82,198.0499,197.36,197.471,17569.0
2026-01-26 15:10:00-05:00,197.76,197.83,197.0,197.12,19934.0
2026-01-26 15:15:00-05:00,197.1,197.245,196.68,196.87,29308.0
2026-01-26 15:20:00-05:00,196.91,197.2,196.54,197.08,30567.0
2026-01-26 15:25:00-05:00,197.085,197.25,196.78,197.25,43255.0
2026-01-26 15:30:00-05:00,197.095,197.24,196.73,196.775,25774.0
2026-01-26 15:35:00-05:00,196.73,197.59,196.65,197.59,33867.0
2026-01-26 15:40:00-05:00,197.44,197.47,196.71,196.845,30268.0
2026-01-26 15:45:00-05:00,196.7,197.085,196.5,197.085,50212.0
2026-01-26 15:50:00-05:00,197.12,198.0,196.64,197.835,112714.0
2026-01-26 15:55:00-05:00,197.805,198.04,197.21,197.69,291532.0
2026-01-27 09:30:00-05:00,201.38,206.5,200.6,206.1,209069.0
2026-01-27 09:35:00-05:00,205.88,207.5,203.54,206.99,193997.0
2026-01-27 09:40:00-05:00,206.4461,209.0,205.35,207.36,173181.0
2026-01-27 09:45:00-05:00,207.22,209.9,206.65,207.77,147215.0
2026-01-27 09:50:00-05:00,207.765,210.97,206.78,210.13,136292.0
2026-01-27 09:55:00-05:00,210.66,211.93,210.14,210.51,101174.0
2026-01-27 10:00:00-05:00,210.67,210.67,208.0,208.91,147021.0
2026-01-27 10:05:00-05:00,209.07,212.4099,208.85,211.36,82817.0
2026-01-27 10:10:00-05:00,211.6,212.5,210.36,211.905,59958.0
2026-01-27 10:15:00-05:00,211.905,214.79,211.33,214.07,172119.0
2026-01-27 10:20:00-05:00,214.19,215.0,213.4,215.0,67329.0
2026-01-27 10:25:00-05:00,214.79,216.04,213.33,213.6,141456.0
2026-01-27 10:30:00-05:00,213.4,214.6,213.035,214.565,99228.0
2026-01-27 10:35:00-05:00,214.42,215.2478,213.35,213.97,46667.0
2026-01-27 10:40:00-05:00,213.7,215.0,213.1,214.65,38868.0
2026-01-27 10:45:00-05:00,214.66,215.8,213.4801,213.8864,85091.0
2026-01-27 10:50:00-05:00,213.92,214.57,213.07,214.27,33878.0
2026-01-27 10:55:00-05:00,214.41,215.55,214.36,215.55,54533.0
2026-01-27 11:00:00-05:00,215.145,215.48,214.16,214.92,27273.0
2026-01-27 11:05:00-05:00,214.87,215.18,213.0101,213.35,39821.0
2026-01-27 11:10:00-05:00,213.3,213.74,213.07,213.26,23015.0
2026-01-27 11:15:00-05:00,213.36,213.8,212.21,212.22,42052.0
2026-01-27 11:20:00-05:00,212.21,212.91,211.9244,212.7,44886.0
2026-01-27 11:25:00-05:00,212.46,213.2,211.86,212.19,29305.0
2026-01-27 11:30:00-05:00,211.8,212.14,211.63,211.8,26843.0
2026-01-27 11:35:00-05:00,211.7175,212.2899,211.01,211.77,25997.0
2026-01-27 11:40:00-05:00,211.69,211.73,211.08,211.2,20366.0
2026-01-27 11:45:00-05:00,211.2189,211.6,210.9,210.93,29824.0
2026-01-27 11:50:00-05:00,211.035,211.09,210.41,210.4101,30767.0
2026-01-27 11:55:00-05:00,210.54,210.54,209.31,209.77,42545.0
2026-01-27 12:00:00-05:00,209.4928,210.41,209.4928,210.08,15825.0
2026-01-27 12:05:00-05:00,209.86,210.18,209.63,210.14,19669.0
2026-01-27 12:10:00-05:00,209.97,210.0,209.51,209.985,16043.0
2026-01-27 12:15:00-05:00,210.08,210.37,209.64,209.76,35826.0
2026-01-27 12:20:00-05:00,209.85,209.86,209.45,209.49,10881.0
2026-01-27 12:25:00-05:00,209.43,209.88,209.42,209.63,29458.0
2026-01-27 12:30:00-05:00,209.88,210.32,209.88,210.32,12040.0
2026-01-27 12:35:00-05:00,210.16,210.6995,209.885,210.42,18121.0
2026-01-27 12:40:00-05:00,210.57,210.6002,210.0,210.04,12706.0
2026-01-27 12:45:00-05:00,209.9366,210.34,209.93,210.34,32010.0
2026-01-27 12:50:00-05:00,209.999,210.2,209.34,209.58,11963.0
2026-01-27 12:55:00-05:00,209.6,209.74,209.11,209.67,15144.0
2026-01-27 13:00:00-05:00,209.36,209.5,209.06,209.3775,14876.0
2026-01-27 13:05:00-05:00,209.345,210.3,209.249,210.15,19389.0
2026-01-27 13:10:00-05:00,210.31,210.51,209.82,209.82,15122.0
2026-01-27 13:15:00-05:00,209.8225,210.08,209.69,209.69,9982.0
2026-01-27 13:20:00-05:00,209.795,210.42,209.745,210.335,16582.0
2026-01-27 13:25:00-05:00,210.335,210.335,209.86,210.13,9342.0
2026-01-27 13:30:00-05:00,210.4,210.61,210.12,210.28,10570.0
2026-01-27 13:35:00-05:00,210.275,210.53,209.98,210.4125,9180.0
2026-01-27 13:40:00-05:00,210.55,210.93,210.445,210.87,17643.0
2026-01-27 13:45:00-05:00,210.78,211.12,210.56,210.99,39142.0
2026-01-27 13:50:00-05:00,210.8454,211.645,210.8454,211.24,29739.0
2026-01-27 13:55:00-05:00,211.06,211.67,211.06,211.31,13519.0
2026-01-27 14:00:00-05:00,211.19,211.5,210.9901,211.01,17831.0
2026-01-27 14:05:00-05:00,211.01,211.6,210.98,211.425,9471.0
2026-01-27 14:10:00-05:00,211.3,211.3575,211.0,211.33,12407.0
2026-01-27 14:15:00-05:00,211.49,211.49,211.11,211.25,9420.0
2026-01-27 14:20:00-05:00,211.255,211.45,211.0,211.23,24706.0
2026-01-27 14:25:00-05:00,211.22,211.31,210.7,211.0,38229.0
2026-01-27 14:30:00-05:00,211.26,212.0,210.7,211.62,37600.0
2026-01-27 14:35:00-05:00,211.66,211.85,210.685,210.685,23878.0
2026-01-27 14:40:00-05:00,210.77,211.47,210.51,211.38,23138.0
2026-01-27 14:45:00-05:00,211.15,212.22,211.15,212.22,15459.0
2026-01-27 14:50:00-05:00,212.73,212.73,211.65,211.99,25038.0
2026-01-27 14:55:00-05:00,211.975,212.0,211.0801,211.43,14029.0
2026-01-27 15:00:00-05:00,211.39,211.989,211.39,211.83,21966.0
2026-01-27 15:05:00-05:00,211.8,212.31,211.7058,212.18,15140.0
2026-01-27 15:10:00-05:00,212.32,213.475,212.26,213.31,29754.0
2026-01-27 15:15:00-05:00,213.31,213.56,212.465,212.9145,28692.0
2026-01-27 15:20:00-05:00,212.72,212.88,212.0317,212.1001,24275.0
2026-01-27 15:25:00-05:00,212.1,212.19,211.31,211.46,28568.0
2026-01-27 15:30:00-05:00,211.405,211.82,210.56,211.76,46043.0
2026-01-27 15:35:00-05:00,211.81,212.73,211.81,212.33,34259.0
2026-01-27 15:40:00-05:00,212.445,212.62,212.28,212.54,25898.0
2026-01-27 15:45:00-05:00,212.54,212.89,212.43,212.6,54191.0
2026-01-27 15:50:00-05:00,212.65,213.095,212.32,212.73,75519.0
2026-01-27 15:55:00-05:00,212.96,214.15,212.12,214.0,277392.0
2026-01-28 09:30:00-05:00,214.01,219.24,214.01,216.6,300099.0
2026-01-28 09:35:00-05:00,216.1,217.5116,214.4101,217.28,110658.0
2026-01-28 09:40:00-05:00,217.1458,218.18,215.7,216.07,43724.0
2026-01-28 09:45:00-05:00,216.06,216.55,212.4374,213.21,85775.0
2026-01-28 09:50:00-05:00,213.19,215.09,212.98,214.58,72665.0
2026-01-28 09:55:00-05:00,214.74,216.98,212.98,212.98,155532.0
2026-01-28 10:00:00-05:00,212.94,214.14,212.5,212.72,40492.0
2026-01-28 10:05:00-05:00,212.57,213.15,212.02,212.0817,44073.0
2026-01-28 10:10:00-05:00,212.03,212.77,210.5521,212.49,63375.0
2026-01-28 10:15:00-05:00,212.48,213.99,212.3,213.01,35646.0
2026-01-28 10:20:00-05:00,212.67,214.3,212.67,214.01,39108.0
2026-01-28 10:25:00-05:00,214.01,214.49,213.21,214.09,29166.0
2026-01-28 10:30:00-05:00,214.0,215.14,213.38,213.38,35404.0
2026-01-28 10:35:00-05:00,213.28,214.42,213.0,214.03,24937.0
2026-01-28 10:40:00-05:00,214.005,214.35,212.88,213.01,34544.0
2026-01-28 10:45:00-05:00,213.18,214.29,213.18,214.22,19453.0
2026-01-28 10:50:00-05:00,214.22,214.49,213.59,213.85,21505.0
2026-01-28 10:55:00-05:00,213.9,214.125,213.02,213.02,18969.0
2026-01-28 11:00:00-05:00,212.93,214.8,212.92,214.68,23653.0
2026-01-28 11:05:00-05:00,214.655,215.17,214.34,215.1,47823.0
2026-01-28 11:10:00-05:00,214.89,215.68,214.51,215.3,35989.0
2026-01-28 11:15:00-05:00,215.3,215.95,215.17,215.8,69056.0
2026-01-28 11:20:00-05:00,215.795,216.7,215.68,216.325,45954.0
2026-01-28 11:25:00-05:00,216.31,216.5,215.93,216.2139,25997.0
2026-01-28 11:30:00-05:00,216.21,216.25,215.6801,216.115,19542.0
2026-01-28 11:35:00-05:00,216.29,216.88,216.23,216.38,23550.0
2026-01-28 11:40:00-05:00,216.3,216.41,215.66,215.68,42069.0
2026-01-28 11:45:00-05:00,215.595,216.11,215.13,215.805,32624.0
2026-01-28 11:50:00-05:00,215.65,216.56,215.51,216.32,58220.0
2026-01-28 11:55:00-05:00,216.32,216.72,215.25,215.25,32177.0
2026-01-28 12:00:00-05:00,215.26,215.58,214.61,215.525,17927.0
2026-01-28 12:05:00-05:00,215.563,215.9,215.3,215.8,25784.0
2026-01-28 12:10:00-05:00,215.84,216.31,215.82,216.125,12921.0
2026-01-28 12:15:00-05:00,216.23,216.81,215.96,216.71,23821.0
2026-01-28 12:20:00-05:00,216.5,216.6,215.895,215.895,7988.0
2026-01-28 12:25:00-05:00,216.16,216.16,215.0001,215.285,23385.0
2026-01-28 12:30:00-05:00,215.31,215.85,215.24,215.815,11466.0
2026-01-28 12:35:00-05:00,215.84,216.53,215.84,216.17,8691.0
2026-01-28 12:40:00-05:00,216.1,216.7399,216.1,216.11,15466.0
2026-01-28 12:45:00-05:00,216.12,216.29,215.745,216.2,11144.0
2026-01-28 12:50:00-05:00,216.155,216.75,216.155,216.61,14267.0
2026-01-28 12:55:00-05:00,216.58,216.7899,216.09,216.255,13982.0
2026-01-28 13:00:00-05:00,216.26,218.0,216.01,218.0,39649.0
2026-01-28 13:05:00-05:00,217.755,218.58,217.11,217.11,26429.0
2026-01-28 13:10:00-05:00,217.26,217.78,217.17,217.64,18377.0
2026-01-28 13:15:00-05:00,217.68,218.35,217.64,218.22,17739.0
2026-01-28 13:20:00-05:00,218.22,218.59,218.06,218.39,18504.0
2026-01-28 13:25:00-05:00,218.39,218.49,217.6201,218.02,15949.0
2026-01-28 13:30:00-05:00,217.91,218.8,217.6,218.79,28909.0
2026-01-28 13:35:00-05:00,218.72,219.369,218.07,218.18,103812.0
2026-01-28 13:40:00-05:00,218.32,219.29,217.965,218.99,50669.0
2026-01-28 13:45:00-05:00,218.84,218.95,217.56,217.62,40067.0
2026-01-28 13:50:00-05:00,217.6,218.61,217.5,218.41,31496.0
2026-01-28 13:55:00-05:00,218.1,218.39,217.64,217.925,9591.0
2026-01-28 14:00:00-05:00,217.64,219.3,217.6,218.66,35780.0
2026-01-28 14:05:00-05:00,218.52,219.83,218.23,219.585,48150.0
2026-01-28 14:10:00-05:00,219.515,220.2,219.22,219.85,42442.0
2026-01-28 14:15:00-05:00,220.0,220.4999,219.85,220.3,46515.0
2026-01-28 14:20:00-05:00,220.315,220.7499,219.4,220.48,45792.0
2026-01-28 14:25:00-05:00,220.51,220.77,219.57,219.61,24788.0
2026-01-28 14:30:00-05:00,219.41,221.34,216.44,221.1,121255.0
2026-01-28 14:35:00-05:00,220.94,222.85,220.54,221.58,56677.0
2026-01-28 14:40:00-05:00,221.58,222.04,219.84,220.335,35684.0
2026-01-28 14:45:00-05:00,220.335,220.825,219.96,220.54,34858.0
2026-01-28 14:50:00-05:00,220.48,221.34,220.34,221.2,28432.0
2026-01-28 14:55:00-05:00,221.2,221.67,220.86,220.905,50769.0
2026-01-28 15:00:00-05:00,220.66,221.46,220.32,221.35,25545.0
2026-01-28 15:05:00-05:00,221.29,221.6199,220.7,221.24,34777.0
2026-01-28 15:10:00-05:00,221.22,222.26,221.1762,222.0,48518.0
2026-01-28 15:15:00-05:00,221.92,222.97,221.91,222.085,100980.0
2026-01-28 15:20:00-05:00,222.09,222.6241,221.26,221.5,50086.0
2026-01-28 15:25:00-05:00,221.495,221.68,220.199,220.51,32951.0
2026-01-28 15:30:00-05:00,220.42,220.805,219.77,219.77,54565.0
2026-01-28 15:35:00-05:00,219.775,220.44,219.68,219.86,45180.0
2026-01-28 15:40:00-05:00,219.91,220.57,219.57,220.57,60017.0
2026-01-28 15:45:00-05:00,220.43,221.05,220.0,221.045,88762.0
2026-01-28 15:50:00-05:00,220.93,221.71,220.565,221.245,121877.0
2026-01-28 15:55:00-05:00,221.17,221.27,220.36,221.13,283966.0
2026-01-29 09:30:00-05:00,221.0,222.26,215.67,216.96,168874.0
2026-01-29 09:35:00-05:00,217.01,220.93,215.19,218.55,68375.0
2026-01-29 09:40:00-05:00,218.53,221.62,216.62,219.44,54119.0
2026-01-29 09:45:00-05:00,219.0,221.76,219.0,221.76,78481.0
2026-01-29 09:50:00-05:00,221.83,222.27,219.7706,220.42,103348.0
2026-01-29 09:55:00-05:00,220.24,221.62,219.0,219.21,31967.0
2026-01-29 10:00:00-05:00,219.155,219.55,216.27,217.89,120282.0
2026-01-29 10:05:00-05:00,217.89,218.15,215.01,215.69,90738.0
2026-01-29 10:10:00-05:00,215.37,215.37,213.71,214.03,112806.0
2026-01-29 10:15:00-05:00,213.81,214.64,211.8,212.155,122789.0
2026-01-29 10:20:00-05:00,212.15,216.045,210.82,216.0338,129146.0
2026-01-29 10:25:00-05:00,215.64,216.905,213.69,213.97,122745.0
2026-01-29 10:30:00-05:00,213.72,214.49,212.64,213.14,55192.0
2026-01-29 10:35:00-05:00,213.14,213.14,211.21,211.79,93728.0
2026-01-29 10:40:00-05:00,211.98,212.08,209.785,210.35,92520.0
2026-01-29 10:45:00-05:00,210.105,210.64,209.0095,209.05,43953.0
2026-01-29 10:50:00-05:00,209.04,209.04,206.14,206.52,125935.0
2026-01-29 10:55:00-05:00,206.725,210.49,206.32,209.04,191806.0
2026-01-29 11:00:00-05:00,209.02,209.38,207.14,207.925,47038.0
2026-01-29 11:05:00-05:00,208.04,208.47,207.54,208.05,36696.0
2026-01-29 11:10:00-05:00,207.7,210.99,207.27,210.94,140699.0
2026-01-29 11:15:00-05:00,210.935,212.9,210.935,211.76,80535.0
2026-01-29 11:20:00-05:00,211.78,213.6,211.78,212.6635,84794.0
2026-01-29 11:25:00-05:00,212.35,213.33,212.0,212.455,72759.0
2026-01-29 11:30:00-05:00,212.71,213.21,211.89,211.89,33320.0
2026-01-29 11:35:00-05:00,211.995,212.565,211.26,212.48,53817.0
2026-01-29 11:40:00-05:00,212.3,212.92,212.0,212.65,28936.0
2026-01-29 11:45:00-05:00,212.475,213.38,212.0,212.805,38773.0
2026-01-29 11:50:00-05:00,212.805,213.31,212.49,212.5,24826.0
2026-01-29 11:55:00-05:00,212.5,212.8,211.82,212.2975,27351.0
2026-01-29 12:00:00-05:00,212.21,212.59,211.9,212.26,18516.0
2026-01-29 12:05:00-05:00,212.56,213.0,212.15,212.27,20664.0
2026-01-29 12:10:00-05:00,212.265,213.19,212.19,213.19,20013.0
2026-01-29 12:15:00-05:00,213.17,213.43,212.745,212.93,28368.0
2026-01-29 12:20:00-05:00,212.93,214.581,212.93,214.1,29164.0
2026-01-29 12:25:00-05:00,214.03,214.4365,213.51,213.56,16431.0
2026-01-29 12:30:00-05:00,213.5,214.83,213.35,214.3701,27678.0
2026-01-29 12:35:00-05:00,214.8,215.12,214.35,214.42,11896.0
2026-01-29 12:40:00-05:00,214.42,214.52,213.22,213.9,30184.0
2026-01-29 12:45:00-05:00,213.71,214.58,213.48,214.24,19738.0
2026-01-29 12:50:00-05:00,213.97,214.06,213.129,213.4,16508.0
2026-01-29 12:55:00-05:00,213.46,213.85,213.15,213.62,15561.0
2026-01-29 13:00:00-05:00,213.84,214.58,213.81,214.49,46477.0
2026-01-29 13:05:00-05:00,214.56,215.42,214.54,215.225,27882.0
2026-01-29 13:10:00-05:00,215.2,216.3996,214.88,215.935,30688.0
2026-01-29 13:15:00-05:00,215.94,215.94,214.86,215.06,22913.0
2026-01-29 13:20:00-05:00,215.09,215.09,214.47,214.7,14503.0
2026-01-29 13:25:00-05:00,214.89,215.26,214.52,214.9,89779.0
2026-01-29 13:30:00-05:00,214.7,214.7,213.18,214.31,22009.0
2026-01-29 13:35:00-05:00,214.35,214.76,213.89,214.5925,20594.0
2026-01-29 13:40:00-05:00,214.675,215.15,214.64,214.99,24046.0
2026-01-29 13:45:00-05:00,214.925,215.52,214.71,215.32,25805.0
2026-01-29 13:50:00-05:00,215.36,215.39,214.69,214.87,14057.0
2026-01-29 13:55:00-05:00,214.95,215.285,213.93,213.93,24462.0
2026-01-29 14:00:00-05:00,213.88,214.42,213.51,214.22,22161.0
2026-01-29 14:05:00-05:00,214.308,214.84,214.11,214.545,17012.0
2026-01-29 14:10:00-05:00,214.41,215.08,214.23,214.955,25335.0
2026-01-29 14:15:00-05:00,214.97,215.375,214.705,214.85,22641.0
2026-01-29 14:20:00-05:00,214.85,215.43,214.79,215.16,16312.0
2026-01-29 14:25:00-05:00,215.24,215.48,214.665,215.0225,23042.0
2026-01-29 14:30:00-05:00,215.02,215.19,213.72,214.01,34095.0
2026-01-29 14:35:00-05:00,214.36,214.9,214.13,214.32,25043.0
2026-01-29 14:40:00-05:00,214.32,214.79,214.085,214.25,27798.0
2026-01-29 14:45:00-05:00,214.34,214.49,213.67,213.91,32319.0
2026-01-29 14:50:00-05:00,213.915,214.69,213.915,214.68,29396.0
2026-01-29 14:55:00-05:00,214.555,215.5,214.555,214.57,35383.0
2026-01-29 15:00:00-05:00,214.35,214.6,214.135,214.19,24253.0
2026-01-29 15:05:00-05:00,214.095,214.93,214.095,214.67,28323.0
2026-01-29 15:10:00-05:00,214.66,214.74,213.9618,214.19,26828.0
2026-01-29 15:15:00-05:00,214.195,214.55,214.04,214.51,20625.0
2026-01-29 15:20:00-05:00,214.5,214.5,213.565,213.8,26584.0
2026-01-29 15:25:00-05:00,213.73,213.73,212.61,212.755,34913.0
2026-01-29 15:30:00-05:00,212.755,213.56,212.63,213.4,48343.0
2026-01-29 15:35:00-05:00,213.4,214.09,213.4,213.72,62791.0
2026-01-29 15:40:00-05:00,213.725,214.44,213.725,214.32,51844.0
2026-01-29 15:45:00-05:00,214.29,215.08,214.06,214.77,65790.0
2026-01-29 15:50:00-05:00,214.75,215.41,214.75,215.185,102033.0
2026-01-29 15:55:00-05:00,215.09,216.025,214.93,215.96,317200.0
2026-01-30 09:30:00-05:00,221.57,233.82,221.325,231.56,558658.0
2026-01-30 09:35:00-05:00,231.74,233.8,227.51,233.705,330689.0
2026-01-30 09:40:00-05:00,233.24,237.18,231.51,233.2,385974.0
2026-01-30 09:45:00-05:00,232.83,234.46,229.7701,232.05,171727.0
2026-01-30 09:50:00-05:00,231.85,235.0,231.0,231.467,171966.0
2026-01-30 09:55:00-05:00,231.415,231.415,225.43,226.9965,193416.0
2026-01-30 10:00:00-05:00,227.26,228.61,225.375,225.78,258191.0
2026-01-30 10:05:00-05:00,225.21,230.88,225.21,229.62,149163.0
2026-01-30 10:10:00-05:00,229.9325,230.21,224.99,225.56,170206.0
2026-01-30 10:15:00-05:00,225.46,227.58,223.52,227.445,211757.0
2026-01-30 10:20:00-05:00,227.4,228.49,222.44,222.97,107290.0
2026-01-30 10:25:00-05:00,222.76,224.08,221.62,221.62,116669.0
2026-01-30 10:30:00-05:00,221.6,222.59,219.77,219.77,112233.0
2026-01-30 10:35:00-05:00,219.79,223.61,219.79,222.9601,95108.0
2026-01-30 10:40:00-05:00,223.2,224.41,222.5601,223.1875,87481.0
2026-01-30 10:45:00-05:00,223.185,225.5,222.8801,223.6584,121650.0
2026-01-30 10:50:00-05:00,223.945,223.945,221.2028,221.725,63168.0
2026-01-30 10:55:00-05:00,221.7425,222.3,219.7,219.7,53031.0
2026-01-30 11:00:00-05:00,219.8935,219.8935,218.71,219.58,71527.0
2026-01-30 11:05:00-05:00,219.49,220.16,218.805,218.805,38638.0
2026-01-30 11:10:00-05:00,219.345,220.02,219.06,219.71,35864.0
2026-01-30 11:15:00-05:00,219.66,219.66,217.61,217.955,48815.0
2026-01-30 11:20:00-05:00,218.0,218.59,217.46,218.055,52211.0
2026-01-30 11:25:00-05:00,218.06,218.14,216.705,216.73,61132.0
2026-01-30 11:30:00-05:00,217.13,218.42,216.79,218.08,55478.0
2026-01-30 11:35:00-05:00,218.075,219.7,218.075,219.42,122375.0
2026-01-30 11:40:00-05:00,219.425,220.54,219.1501,219.535,68127.0
2026-01-30 11:45:00-05:00,219.535,219.8899,216.93,217.0,43741.0
2026-01-30 11:50:00-05:00,216.865,217.21,216.0,216.62,33278.0
2026-01-30 11:55:00-05:00,216.8,216.85,215.5,215.75,48049.0
2026-01-30 12:00:00-05:00,215.84,216.7,215.21,216.48,38910.0
2026-01-30 12:05:00-05:00,216.48,216.89,215.18,216.055,82946.0
2026-01-30 12:10:00-05:00,216.24,217.14,216.08,217.0,32483.0
2026-01-30 12:15:00-05:00,216.88,216.97,215.755,216.24,21698.0
2026-01-30 12:20:00-05:00,216.28,217.22,215.85,216.98,33540.0
2026-01-30 12:25:00-05:00,217.19,219.25,216.98,218.33,52873.0
2026-01-30 12:30:00-05:00,218.325,218.58,216.47,216.52,22571.0
2026-01-30 12:35:00-05:00,216.68,217.04,215.765,216.4072,20390.0
2026-01-30 12:40:00-05:00,216.47,216.77,215.825,216.76,21418.0
2026-01-30 12:45:00-05:00,216.72,217.49,216.63,216.985,28218.0
2026-01-30 12:50:00-05:00,217.01,217.39,216.765,217.055,14591.0
2026-01-30 12:55:00-05:00,217.06,217.26,215.905,216.045,19661.0
2026-01-30 13:00:00-05:00,215.89,216.575,215.89,216.1,20182.0
2026-01-30 13:05:00-05:00,216.29,217.0,216.0,216.01,13740.0
2026-01-30 13:10:00-05:00,215.92,216.0,215.11,215.76,23765.0
2026-01-30 13:15:00-05:00,215.75,215.8,214.31,214.46,28151.0
2026-01-30 13:20:00-05:00,214.52,214.87,214.03,214.595,42644.0
2026-01-30 13:25:00-05:00,214.605,215.96,214.55,215.955,14476.0
2026-01-30 13:30:00-05:00,215.66,215.72,214.75,214.75,17322.0
2026-01-30 13:35:00-05:00,214.54,215.545,214.35,215.015,21252.0
2026-01-30 13:40:00-05:00,215.37,215.49,214.66,215.13,17798.0
2026-01-30 13:45:00-05:00,215.48,216.23,215.295,215.53,32513.0
2026-01-30 13:50:00-05:00,215.54,217.5,215.54,217.27,67855.0
2026-01-30 13:55:00-05:00,217.63,219.49,217.03,218.655,50845.0
2026-01-30 14:00:00-05:00,218.8225,219.71,217.8,219.15,36460.0
2026-01-30 14:05:00-05:00,219.345,220.485,219.1801,220.31,41113.0
2026-01-30 14:10:00-05:00,220.31,220.53,218.27,218.886,32532.0
2026-01-30 14:15:00-05:00,218.955,220.465,218.67,220.27,35593.0
2026-01-30 14:20:00-05:00,220.27,220.54,219.87,220.28,25362.0
2026-01-30 14:25:00-05:00,220.52,220.52,218.74,218.92,34102.0
2026-01-30 14:30:00-05:00,218.93,219.14,216.09,217.75,44130.0
2026-01-30 14:35:00-05:00,217.73,218.73,217.2501,218.325,28711.0
2026-01-30 14:40:00-05:00,218.325,218.46,217.3,218.25,31015.0
2026-01-30 14:45:00-05:00,218.25,218.71,217.08,217.095,21213.0
2026-01-30 14:50:00-05:00,217.1075,217.47,216.8401,217.04,32608.0
2026-01-30 14:55:00-05:00,217.01,217.285,215.89,216.025,24937.0
2026-01-30 15:00:00-05:00,216.025,216.19,215.04,215.395,24909.0
2026-01-30 15:05:00-05:00,215.4,215.4,214.4901,215.2,49770.0
2026-01-30 15:10:00-05:00,215.205,215.98,214.0,214.25,46112.0
2026-01-30 15:15:00-05:00,214.13,214.62,213.09,213.64,67826.0
2026-01-30 15:20:00-05:00,213.07,213.69,212.29,212.56,59924.0
2026-01-30 15:25:00-05:00,212.56,212.58,210.85,211.38,71146.0
2026-01-30 15:30:00-05:00,211.53,211.71,210.4801,211.37,72458.0
2026-01-30 15:35:00-05:00,211.39,212.0,210.87,211.29,79837.0
2026-01-30 15:40:00-05:00,211.19,212.46,210.845,212.33,63425.0
2026-01-30 15:45:00-05:00,212.4,212.67,211.48,212.63,86291.0
2026-01-30 15:50:00-05:00,212.74,213.3603,211.7,212.435,146504.0
2026-01-30 15:55:00-05:00,212.37,212.48,211.41,212.16,359239.0
2026-02-02 09:30:00-05:00,208.79,222.65,208.0416,220.56,426789.0
2026-02-02 09:35:00-05:00,220.5199,223.98,218.3401,222.94,211581.0
2026-02-02 09:40:00-05:00,222.71,222.71,216.4,216.91,107731.0
2026-02-02 09:45:00-05:00,216.58,221.8,216.58,220.0,87597.0
2026-02-02 09:50:00-05:00,219.54,220.76,217.5,218.0,110765.0
2026-02-02 09:55:00-05:00,217.71,219.255,217.15,217.75,60572.0
2026-02-02 10:00:00-05:00,218.16,220.58,218.01,219.485,72095.0
2026-02-02 10:05:00-05:00,219.57,222.66,219.555,222.5,110972.0
2026-02-02 10:10:00-05:00,222.16,224.94,222.05,224.665,181945.0
2026-02-02 10:15:00-05:00,224.33,226.99,223.25,226.97,118429.0
2026-02-02 10:20:00-05:00,226.97,227.11,224.97,226.38,89260.0
2026-02-02 10:25:00-05:00,226.26,227.5,225.94,226.89,86083.0
2026-02-02 10:30:00-05:00,226.91,228.15,226.39,228.11,106097.0
2026-02-02 10:35:00-05:00,228.11,228.15,226.66,227.0,83025.0
2026-02-02 10:40:00-05:00,227.14,227.975,226.31,226.755,55505.0
2026-02-02 10:45:00-05:00,226.77,227.0,226.03,226.37,54333.0
2026-02-02 10:50:00-05:00,226.38,227.79,226.13,227.56,44819.0
2026-02-02 10:55:00-05:00,227.5,227.69,225.46,225.85,69763.0
2026-02-02 11:00:00-05:00,225.58,225.96,224.91,225.56,47009.0
2026-02-02 11:05:00-05:00,225.63,226.315,224.86,226.07,48129.0
2026-02-02 11:10:00-05:00,226.22,226.29,224.64,224.93,43629.0
2026-02-02 11:15:00-05:00,225.0,226.18,225.0,225.71,24504.0
2026-02-02 11:20:00-05:00,225.875,226.6399,225.55,226.345,45097.0
2026-02-02 11:25:00-05:00,226.13,227.0,226.03,226.775,46074.0
2026-02-02 11:30:00-05:00,226.76,227.71,226.56,226.7639,37040.0
2026-02-02 11:35:00-05:00,226.7,226.95,226.35,226.59,30940.0
2026-02-02 11:40:00-05:00,226.45,226.645,226.06,226.06,24622.0
2026-02-02 11:45:00-05:00,226.1105,226.16,225.24,225.24,29064.0
2026-02-02 11:50:00-05:00,225.26,225.86,224.81,225.64,41911.0
2026-02-02 11:55:00-05:00,225.85,226.1099,225.3,225.62,41515.0
2026-02-02 12:00:00-05:00,225.48,226.19,225.18,226.03,30533.0
2026-02-02 12:05:00-05:00,226.03,226.19,225.33,225.345,35970.0
2026-02-02 12:10:00-05:00,225.34,225.4873,224.29,224.6884,41351.0
2026-02-02 12:15:00-05:00,224.54,225.73,224.54,225.73,26952.0
2026-02-02 12:20:00-05:00,225.585,225.83,224.94,225.51,28158.0
2026-02-02 12:25:00-05:00,225.44,225.69,224.77,225.3949,27292.0
2026-02-02 12:30:00-05:00,225.385,225.62,225.02,225.49,20734.0
2026-02-02 12:35:00-05:00,225.6,226.78,225.41,226.33,38574.0
2026-02-02 12:40:00-05:00,226.325,226.5,225.75,225.96,28160.0
2026-02-02 12:45:00-05:00,225.86,226.43,225.64,226.43,26023.0
2026-02-02 12:50:00-05:00,226.335,227.43,226.3,227.15,33281.0
2026-02-02 12:55:00-05:00,227.09,227.85,227.09,227.85,33671.0
2026-02-02 13:00:00-05:00,227.775,227.85,227.39,227.5,24765.0
2026-02-02 13:05:00-05:00,227.5,227.5,226.59,226.94,29165.0
2026-02-02 13:10:00-05:00,226.94,226.94,226.25,226.275,15853.0
2026-02-02 13:15:00-05:00,226.25,226.355,225.42,225.5347,22832.0
2026-02-02 13:20:00-05:00,225.2,226.08,225.0001,225.98,21993.0
2026-02-02 13:25:00-05:00,225.91,227.09,225.91,226.87,32676.0
2026-02-02 13:30:00-05:00,226.87,227.32,226.7654,227.205,20177.0
2026-02-02 13:35:00-05:00,227.195,228.01,227.1262,227.8979,76498.0
2026-02-02 13:40:00-05:00,227.77,229.36,227.7,228.5501,54915.0
2026-02-02 13:45:00-05:00,228.77,229.15,228.27,228.7,46270.0
2026-02-02 13:50:00-05:00,228.62,229.025,228.32,228.72,26050.0
2026-02-02 13:55:00-05:00,228.715,228.78,228.2,228.65,22275.0
2026-02-02 14:00:00-05:00,228.4,228.65,228.13,228.21,35875.0
2026-02-02 14:05:00-05:00,228.21,228.35,227.755,227.87,31912.0
2026-02-02 14:10:00-05:00,227.95,227.95,227.48,227.87,30122.0
2026-02-02 14:15:00-05:00,227.96,228.39,227.0,227.0651,60509.0
2026-02-02 14:20:00-05:00,227.25,227.29,226.63,227.005,52893.0
2026-02-02 14:25:00-05:00,227.14,227.2899,226.31,226.575,39528.0
2026-02-02 14:30:00-05:00,226.575,226.575,225.35,225.635,33893.0
2026-02-02 14:35:00-05:00,225.695,225.94,225.41,225.66,34273.0
2026-02-02 14:40:00-05:00,225.675,226.18,225.64,226.08,25235.0
2026-02-02 14:45:00-05:00,226.18,226.25,225.9,226.15,19326.0
2026-02-02 14:50:00-05:00,226.09,226.09,225.0,225.15,34341.0
2026-02-02 14:55:00-05:00,225.15,226.0,223.05,223.05,133706.0
2026-02-02 15:00:00-05:00,223.19,224.4199,222.0,224.04,69563.0
2026-02-02 15:05:00-05:00,224.04,224.27,223.54,223.85,29436.0
2026-02-02 15:10:00-05:00,223.85,224.3569,223.2313,223.29,30270.0
2026-02-02 15:15:00-05:00,223.45,223.45,222.68,222.985,22750.0
2026-02-02 15:20:00-05:00,223.1,223.43,222.85,222.885,38190.0
2026-02-02 15:25:00-05:00,222.8,222.8,221.42,222.02,50208.0
2026-02-02 15:30:00-05:00,221.78,222.13,221.51,221.605,49518.0
2026-02-02 15:35:00-05:00,221.7,221.97,221.1168,221.67,44378.0
2026-02-02 15:40:00-05:00,221.67,221.79,220.4,221.035,120201.0
2026-02-02 15:45:00-05:00,221.06,221.96,220.96,221.56,61167.0
2026-02-02 15:50:00-05:00,221.6,222.1,221.21,221.55,134616.0
2026-02-02 15:55:00-05:00,221.65,222.54,221.36,222.4,332608.0
2026-02-03 09:30:00-05:00,232.01,241.5,231.0,233.25,559377.0
2026-02-03 09:35:00-05:00,233.0,234.97,228.55,228.9,234970.0
2026-02-03 09:40:00-05:00,229.08,230.94,227.01,228.19,109913.0
2026-02-03 09:45:00-05:00,228.62,232.46,227.4,232.405,153294.0
2026-02-03 09:50:00-05:00,232.0,232.32,227.49,227.495,104769.0
2026-02-03 09:55:00-05:00,227.47,227.47,223.78,225.065,105239.0
2026-02-03 10:00:00-05:00,224.92,226.0,222.77,224.87,97821.0
2026-02-03 10:05:00-05:00,224.87,225.2899,221.05,222.22,125989.0
2026-02-03 10:10:00-05:00,222.31,224.85,222.04,224.655,121058.0
2026-02-03 10:15:00-05:00,224.66,226.1125,223.15,223.41,81609.0
2026-02-03 10:20:00-05:00,223.32,225.4,222.67,224.15,68577.0
2026-02-03 10:25:00-05:00,224.2,226.73,224.15,225.0,67411.0
2026-02-03 10:30:00-05:00,225.0,227.91,224.87,226.44,58065.0
2026-02-03 10:35:00-05:00,226.36,227.38,225.67,227.33,60612.0
2026-02-03 10:40:00-05:00,227.37,228.07,227.26,227.41,56476.0
2026-02-03 10:45:00-05:00,227.55,230.275,227.55,229.7,105546.0
2026-02-03 10:50:00-05:00,229.93,232.99,229.75,232.68,189523.0
2026-02-03 10:55:00-05:00,232.96,234.42,232.67,234.41,109341.0
2026-02-03 11:00:00-05:00,234.16,234.4,231.555,232.31,52181.0
2026-02-03 11:05:00-05:00,232.315,232.67,230.93,231.445,76417.0
2026-02-03 11:10:00-05:00,231.8,232.44,230.91,231.505,47626.0
2026-02-03 11:15:00-05:00,231.58,232.69,231.15,231.4825,33665.0
2026-02-03 11:20:00-05:00,231.745,232.13,231.0,231.38,48372.0
2026-02-03 11:25:00-05:00,231.38,232.59,230.885,230.885,44700.0
2026-02-03 11:30:00-05:00,230.91,231.54,229.955,231.12,32390.0
2026-02-03 11:35:00-05:00,231.24,232.09,230.44,230.97,33793.0
2026-02-03 11:40:00-05:00,231.23,231.51,230.19,230.54,32698.0
2026-02-03 11:45:00-05:00,230.76,231.41,230.22,231.12,42309.0
2026-02-03 11:50:00-05:00,231.24,231.66,230.89,231.135,33066.0
2026-02-03 11:55:00-05:00,231.335,232.61,231.335,232.335,37364.0
2026-02-03 12:00:00-05:00,232.3,232.75,231.55,231.71,51607.0
2026-02-03 12:05:00-05:00,231.62,232.39,230.84,231.73,43551.0
2026-02-03 12:10:00-05:00,231.74,231.9,229.26,229.97,59197.0
2026-02-03 12:15:00-05:00,230.25,230.35,229.24,229.24,31822.0
2026-02-03 12:20:00-05:00,229.5249,230.97,229.26,230.775,29904.0
2026-02-03 12:25:00-05:00,230.775,231.47,229.65,229.65,42357.0
2026-02-03 12:30:00-05:00,229.65,229.67,227.8,227.87,60704.0
2026-02-03 12:35:00-05:00,228.2399,228.525,226.5348,227.005,96302.0
2026-02-03 12:40:00-05:00,226.995,226.995,225.82,225.85,62303.0
2026-02-03 12:45:00-05:00,225.85,226.78,224.62,225.61,99139.0
2026-02-03 12:50:00-05:00,225.82,227.49,225.67,226.54,43237.0
2026-02-03 12:55:00-05:00,226.82,227.29,226.025,226.655,52628.0
2026-02-03 13:00:00-05:00,226.68,226.68,225.0,225.0,27697.0
2026-02-03 13:05:00-05:00,224.96,226.36,224.54,226.36,36325.0
2026-02-03 13:10:00-05:00,226.13,226.57,224.87,225.4,44325.0
2026-02-03 13:15:00-05:00,225.53,226.035,225.29,225.47,21897.0
2026-02-03 13:20:00-05:00,225.47,225.495,224.84,224.93,26880.0
2026-02-03 13:25:00-05:00,224.835,225.12,224.47,225.11,37871.0
2026-02-03 13:30:00-05:00,225.07,225.12,223.72,224.62,44420.0
2026-02-03 13:35:00-05:00,224.78,225.41,224.38,225.37,24595.0
2026-02-03 13:40:00-05:00,225.32,225.32,223.98,224.01,23487.0
2026-02-03 13:45:00-05:00,224.01,224.49,223.8,223.99,25061.0
2026-02-03 13:50:00-05:00,224.21,224.22,223.32,223.55,26706.0
2026-02-03 13:55:00-05:00,223.77,224.53,222.96,222.97,35668.0
2026-02-03 14:00:00-05:00,222.93,223.69,222.39,222.63,30541.0
2026-02-03 14:05:00-05:00,222.865,223.9042,222.65,223.9042,41542.0
2026-02-03 14:10:00-05:00,223.75,225.9799,223.16,225.52,75317.0
2026-02-03 14:15:00-05:00,225.52,227.08,225.29,226.47,54248.0
2026-02-03 14:20:00-05:00,226.65,227.5878,226.63,227.02,28637.0
2026-02-03 14:25:00-05:00,226.93,227.5,225.605,226.39,38484.0
2026-02-03 14:30:00-05:00,226.425,227.055,224.8,225.8,30147.0
2026-02-03 14:35:00-05:00,225.74,227.17,225.71,226.5901,25728.0
2026-02-03 14:40:00-05:00,226.59,226.79,225.74,225.985,37425.0
2026-02-03 14:45:00-05:00,225.99,226.44,225.51,225.6975,35482.0
2026-02-03 14:50:00-05:00,225.59,226.6,225.5101,226.36,34898.0
2026-02-03 14:55:00-05:00,226.345,227.76,226.21,227.49,27395.0
2026-02-03 15:00:00-05:00,227.68,228.17,227.31,227.47,42642.0
2026-02-03 15:05:00-05:00,227.44,227.79,226.53,226.76,38574.0
2026-02-03 15:10:00-05:00,226.73,227.04,226.04,227.04,49059.0
2026-02-03 15:15:00-05:00,227.05,227.5,226.14,227.23,40022.0
2026-02-03 15:20:00-05:00,227.21,227.35,226.58,227.35,37350.0
2026-02-03 15:25:00-05:00,227.245,227.35,226.66,226.77,46924.0
2026-02-03 15:30:00-05:00,226.87,228.41,226.725,228.1,56899.0
2026-02-03 15:35:00-05:00,228.095,229.46,228.095,229.4,81587.0
2026-02-03 15:40:00-05:00,229.26,229.47,228.97,229.38,69006.0
2026-02-03 15:45:00-05:00,229.38,230.1,229.08,229.805,83160.0
2026-02-03 15:50:00-05:00,229.98,230.02,229.06,229.15,101475.0
2026-02-03 15:55:00-05:00,229.155,229.675,228.95,229.3,320500.0
2026-02-04 09:30:00-05:00,232.65,234.99,228.115,231.24,432897.0
2026-02-04 09:35:00-05:00,231.5,236.0,227.47,235.7,352228.0
2026-02-04 09:40:00-05:00,235.49,236.55,232.56,234.295,282730.0
2026-02-04 09:45:00-05:00,234.574,240.39,234.26,239.8,283177.0
2026-02-04 09:50:00-05:00,239.91,240.27,233.66,236.76,227431.0
2026-02-04 09:55:00-05:00,236.755,237.19,234.32,235.3,125805.0
2026-02-04 10:00:00-05:00,235.39,235.58,231.24,234.36,197489.0
2026-02-04 10:05:00-05:00,234.36,235.94,230.634,235.25,103629.0
2026-02-04 10:10:00-05:00,235.48,236.02,231.11,231.948,94702.0
2026-02-04 10:15:00-05:00,231.69,231.8311,227.01,227.58,295965.0
2026-02-04 10:20:00-05:00,227.87,229.3325,225.81,228.5,204965.0
2026-02-04 10:25:00-05:00,228.6237,229.58,224.0,225.3,299541.0
2026-02-04 10:30:00-05:00,225.3,225.3,221.6177,222.52,264915.0
2026-02-04 10:35:00-05:00,222.6052,226.05,220.19,223.72,241461.0
2026-02-04 10:40:00-05:00,223.72,227.15,223.45,225.5,183335.0
2026-02-04 10:45:00-05:00,225.33,227.045,223.12,223.25,84627.0
2026-02-04 10:50:00-05:00,223.18,223.61,219.96,220.3,112456.0
2026-02-04 10:55:00-05:00,220.32,221.03,216.44,216.955,173633.0
2026-02-04 11:00:00-05:00,217.12,217.37,214.1,214.99,261237.0
2026-02-04 11:05:00-05:00,215.04,215.99,213.15,213.8049,122367.0
2026-02-04 11:10:00-05:00,213.54,217.79,213.32,217.19,137086.0
2026-02-04 11:15:00-05:00,217.405,217.7399,215.38,215.71,105318.0
2026-02-04 11:20:00-05:00,215.77,216.83,214.23,215.5,89426.0
2026-02-04 11:25:00-05:00,215.585,216.623,214.85,216.445,80812.0
2026-02-04 11:30:00-05:00,216.52,216.76,211.77,212.66,177828.0
2026-02-04 11:35:00-05:00,212.865,213.4599,211.8587,212.91,98558.0
2026-02-04 11:40:00-05:00,212.66,213.31,210.0006,210.6718,130163.0
2026-02-04 11:45:00-05:00,210.79,211.12,210.09,210.615,128391.0
2026-02-04 11:50:00-05:00,210.61,210.93,209.41,210.57,140304.0
2026-02-04 11:55:00-05:00,210.78,213.155,210.57,212.72,114488.0
2026-02-04 12:00:00-05:00,212.41,214.6873,212.23,214.16,82634.0
2026-02-04 12:05:00-05:00,214.215,214.215,212.29,212.29,71867.0
2026-02-04 12:10:00-05:00,212.31,212.88,211.0,211.93,78112.0
2026-02-04 12:15:00-05:00,212.09,212.441,210.15,210.55,52917.0
2026-02-04 12:20:00-05:00,210.7199,210.72,208.6,209.2493,74436.0
2026-02-04 12:25:00-05:00,209.145,210.075,207.55,208.13,88858.0
2026-02-04 12:30:00-05:00,208.34,208.425,206.05,207.54,263989.0
2026-02-04 12:35:00-05:00,207.21,207.37,205.5,206.11,74200.0
2026-02-04 12:40:00-05:00,206.175,206.19,204.88,205.56,102934.0
2026-02-04 12:45:00-05:00,205.78,205.96,204.44,204.995,81058.0
2026-02-04 12:50:00-05:00,205.23,206.61,204.82,206.25,76700.0
2026-02-04 12:55:00-05:00,206.41,207.43,206.19,206.9,99983.0
2026-02-04 13:00:00-05:00,207.0,207.38,205.66,206.8,75310.0
2026-02-04 13:05:00-05:00,206.79,207.51,204.71,204.89,62905.0
2026-02-04 13:10:00-05:00,205.18,205.86,204.45,204.45,59249.0
2026-02-04 13:15:00-05:00,204.35,204.625,203.5664,203.88,117167.0
2026-02-04 13:20:00-05:00,203.92,205.5275,203.33,204.71,70965.0
2026-02-04 13:25:00-05:00,204.56,207.48,204.54,207.02,48237.0
2026-02-04 13:30:00-05:00,206.88,206.88,203.54,205.75,101272.0
2026-02-04 13:35:00-05:00,205.5,206.3649,204.04,205.11,55661.0
2026-02-04 13:40:00-05:00,204.98,206.18,204.3801,204.87,74332.0
2026-02-04 13:45:00-05:00,205.0,206.3,204.7675,205.145,76862.0
2026-02-04 13:50:00-05:00,205.01,206.18,204.03,205.0791,134493.0
2026-02-04 13:55:00-05:00,205.06,208.31,204.91,207.11,165260.0
2026-02-04 14:00:00-05:00,207.26,207.52,205.38,205.83,84610.0
2026-02-04 14:05:00-05:00,205.73,206.795,205.02,206.43,53008.0
2026-02-04 14:10:00-05:00,206.59,206.68,205.41,205.83,101926.0
2026-02-04 14:15:00-05:00,205.83,207.8835,205.82,206.785,182354.0
2026-02-04 14:20:00-05:00,206.84,207.34,205.9373,207.3253,87972.0
2026-02-04 14:25:00-05:00,207.33,208.3099,206.935,207.62,87357.0
2026-02-04 14:30:00-05:00,207.74,209.63,207.64,209.59,115983.0
2026-02-04 14:35:00-05:00,209.6,210.55,209.0,209.31,137535.0
2026-02-04 14:40:00-05:00,209.6,210.42,209.01,210.07,108739.0
2026-02-04 14:45:00-05:00,210.11,212.87,209.43,212.56,147183.0
2026-02-04 14:50:00-05:00,212.57,213.16,211.38,211.76,132809.0
2026-02-04 14:55:00-05:00,211.73,212.8,211.21,212.66,156727.0
2026-02-04 15:00:00-05:00,212.7,213.3,211.69,211.96,129614.0
2026-02-04 15:05:00-05:00,212.0,212.19,211.32,211.81,77592.0
2026-02-04 15:10:00-05:00,211.81,211.81,210.0,210.88,103650.0
2026-02-04 15:15:00-05:00,210.875,211.16,209.61,209.61,87894.0
2026-02-04 15:20:00-05:00,209.57,210.71,209.1615,210.5,109137.0
2026-02-04 15:25:00-05:00,210.57,211.265,210.395,210.395,130088.0
2026-02-04 15:30:00-05:00,210.38,210.74,209.67,210.32,115606.0
2026-02-04 15:35:00-05:00,210.3,211.67,210.065,211.32,109048.0
2026-02-04 15:40:00-05:00,211.32,212.17,211.175,212.0,191482.0
2026-02-04 15:45:00-05:00,212.07,212.47,210.82,212.44,218561.0
2026-02-04 15:50:00-05:00,212.62,213.01,211.7775,212.21,273551.0
2026-02-04 15:55:00-05:00,212.17,212.3285,210.7,210.93,486212.0
2026-02-05 09:30:00-05:00,179.11,194.15,175.24,193.945,1255223.0
2026-02-05 09:35:00-05:00,194.15,198.08,193.37,198.08,519379.0
2026-02-05 09:40:00-05:00,199.52,208.0,199.01,206.27,489331.0
2026-02-05 09:45:00-05:00,206.49,209.99,203.01,203.61,403113.0
2026-02-05 09:50:00-05:00,203.106,207.94,199.0,200.95,871226.0
2026-02-05 09:55:00-05:00,201.21,204.2082,197.03,199.3201,307216.0
2026-02-05 10:00:00-05:00,199.6,201.2,196.94,199.01,306092.0
2026-02-05 10:05:00-05:00,198.99,202.0,198.12,199.33,247680.0
2026-02-05 10:10:00-05:00,199.265,199.6,195.0651,195.57,174823.0
2026-02-05 10:15:00-05:00,195.55,200.1505,195.23,198.27,159685.0
2026-02-05 10:20:00-05:00,198.83,199.48,196.36,197.13,108269.0
2026-02-05 10:25:00-05:00,197.09,199.48,194.01,195.81,177318.0
2026-02-05 10:30:00-05:00,195.745,198.25,195.745,196.81,113955.0
2026-02-05 10:35:00-05:00,196.96,202.35,196.55,202.34,123293.0
2026-02-05 10:40:00-05:00,202.35,208.23,201.31,206.79,212958.0
2026-02-05 10:45:00-05:00,206.785,207.47,203.64,204.005,165849.0
2026-02-05 10:50:00-05:00,204.33,205.9,203.15,203.515,129531.0
2026-02-05 10:55:00-05:00,204.08,205.015,203.445,204.21,95088.0
2026-02-05 11:00:00-05:00,204.49,205.0,202.06,202.52,71080.0
2026-02-05 11:05:00-05:00,202.19,204.49,201.43,201.89,81964.0
2026-02-05 11:10:00-05:00,201.65,203.0,201.0,202.21,75339.0
2026-02-05 11:15:00-05:00,202.44,206.01,202.44,204.55,108221.0
2026-02-05 11:20:00-05:00,204.72,207.01,204.72,207.01,98416.0
2026-02-05 11:25:00-05:00,207.24,208.3799,206.87,207.8901,44963.0
2026-02-05 11:30:00-05:00,207.89,209.34,207.63,208.32,73580.0
2026-02-05 11:35:00-05:00,208.28,208.28,206.0,206.64,53676.0
2026-02-05 11:40:00-05:00,206.43,207.5,205.95,206.0,58344.0
2026-02-05 11:45:00-05:00,206.2675,207.16,204.8,205.52,50248.0
2026-02-05 11:50:00-05:00,205.63,208.09,205.63,207.9799,52434.0
2026-02-05 11:55:00-05:00,207.86,208.87,207.62,208.5,92412.0
2026-02-05 12:00:00-05:00,208.5,209.2204,207.6131,208.96,75512.0
2026-02-05 12:05:00-05:00,208.47,210.74,208.47,210.195,115602.0
2026-02-05 12:10:00-05:00,210.18,210.87,208.3899,208.97,159488.0
2026-02-05 12:15:00-05:00,208.965,209.22,207.775,208.34,93224.0
2026-02-05 12:20:00-05:00,208.415,208.4151,206.09,207.03,67069.0
2026-02-05 12:25:00-05:00,207.32,209.01,207.1,208.54,71526.0
2026-02-05 12:30:00-05:00,208.545,208.545,206.28,206.819,73052.0
2026-02-05 12:35:00-05:00,206.78,209.23,206.76,207.99,61284.0
2026-02-05 12:40:00-05:00,207.975,209.47,207.29,208.02,41165.0
2026-02-05 12:45:00-05:00,208.05,209.43,207.106,207.106,61666.0
2026-02-05 12:50:00-05:00,207.37,207.49,206.08,206.35,69808.0
2026-02-05 12:55:00-05:00,206.0,206.7831,205.5678,206.63,50031.0
2026-02-05 13:00:00-05:00,206.63,206.72,204.92,205.76,62119.0
2026-02-05 13:05:00-05:00,205.51,205.68,204.51,204.625,51789.0
2026-02-05 13:10:00-05:00,204.46,205.67,204.42,205.515,35577.0
2026-02-05 13:15:00-05:00,205.515,205.81,203.39,203.475,56134.0
2026-02-05 13:20:00-05:00,203.48,203.85,203.2,203.44,33954.0
2026-02-05 13:25:00-05:00,203.39,204.4,203.222,204.28,51695.0
2026-02-05 13:30:00-05:00,204.13,204.91,204.0401,204.31,53257.0
2026-02-05 13:35:00-05:00,204.285,205.05,203.52,203.715,46183.0
2026-02-05 13:40:00-05:00,203.72,203.99,203.01,203.66,41552.0
2026-02-05 13:45:00-05:00,203.74,203.78,202.54,202.8,36136.0
2026-02-05 13:50:00-05:00,202.72,203.53,202.3401,203.37,54636.0
2026-02-05 13:55:00-05:00,203.505,203.88,203.04,203.46,60068.0
2026-02-05 14:00:00-05:00,203.46,205.5344,202.39,205.215,75013.0
2026-02-05 14:05:00-05:00,205.215,206.39,205.065,205.4035,40852.0
2026-02-05 14:10:00-05:00,205.62,207.395,205.35,207.07,76130.0
2026-02-05 14:15:00-05:00,206.85,206.85,205.48,205.81,79005.0
2026-02-05 14:20:00-05:00,206.01,207.99,205.96,207.12,116277.0
2026-02-05 14:25:00-05:00,206.95,207.29,206.48,207.05,49165.0
2026-02-05 14:30:00-05:00,207.05,207.05,204.62,205.7157,51871.0
2026-02-05 14:35:00-05:00,205.95,206.5135,205.52,205.985,38643.0
2026-02-05 14:40:00-05:00,205.99,206.175,205.47,205.575,39020.0
2026-02-05 14:45:00-05:00,205.62,205.64,204.665,204.86,36305.0
2026-02-05 14:50:00-05:00,204.94,206.9999,204.23,206.68,131470.0
2026-02-05 14:55:00-05:00,206.125,207.46,206.125,207.26,63711.0
2026-02-05 15:00:00-05:00,206.99,207.8,206.48,207.25,47589.0
2026-02-05 15:05:00-05:00,207.25,209.5,207.0,207.94,91411.0
2026-02-05 15:10:00-05:00,207.935,208.65,207.35,207.91,49912.0
2026-02-05 15:15:00-05:00,207.91,208.075,206.95,206.95,46978.0
2026-02-05 15:20:00-05:00,206.97,207.58,206.46,207.21,62834.0
2026-02-05 15:25:00-05:00,207.01,207.205,206.14,206.7,58459.0
2026-02-05 15:30:00-05:00,206.7,207.25,205.7626,206.135,83347.0
2026-02-05 15:35:00-05:00,206.32,207.24,205.85,207.22,75992.0
2026-02-05 15:40:00-05:00,207.17,208.95,206.62,208.46,171797.0
2026-02-05 15:45:00-05:00,208.76,209.2,207.8201,208.56,148082.0
2026-02-05 15:50:00-05:00,208.58,209.15,207.06,208.635,240897.0
2026-02-05 15:55:00-05:00,208.635,211.0,208.48,209.14,676367.0
2026-02-06 09:30:00-05:00,216.53,228.0,213.0,227.1443,613405.0
2026-02-06 09:35:00-05:00,227.0,227.88,223.0,224.0078,261254.0
2026-02-06 09:40:00-05:00,224.26,226.75,220.0,221.01,388716.0
2026-02-06 09:45:00-05:00,221.0,222.96,219.3759,221.065,186840.0
2026-02-06 09:50:00-05:00,221.21,225.8899,219.51,223.0425,140920.0
2026-02-06 09:55:00-05:00,223.055,224.9,221.62,221.62,53225.0
2026-02-06 10:00:00-05:00,221.61,221.61,218.12,221.07,123866.0
2026-02-06 10:05:00-05:00,220.91,222.0,217.31,219.69,88337.0
2026-02-06 10:10:00-05:00,220.0,222.4899,217.665,217.665,129834.0
2026-02-06 10:15:00-05:00,217.89,221.0942,217.17,217.66,79379.0
2026-02-06 10:20:00-05:00,217.4,222.21,217.4,220.235,118994.0
2026-02-06 10:25:00-05:00,220.23,222.77,219.92,221.29,58336.0
2026-02-06 10:30:00-05:00,221.21,224.08,220.26,224.08,61553.0
2026-02-06 10:35:00-05:00,224.09,224.19,221.7401,222.0,73651.0
2026-02-06 10:40:00-05:00,222.035,222.72,221.41,221.515,56045.0
2026-02-06 10:45:00-05:00,221.83,222.87,220.41,220.41,42538.0
2026-02-06 10:50:00-05:00,220.03,220.03,217.5,218.46,94044.0
2026-02-06 10:55:00-05:00,218.26,220.3815,217.76,220.2003,51834.0
2026-02-06 11:00:00-05:00,220.06,220.06,218.51,219.755,42667.0
2026-02-06 11:05:00-05:00,219.69,221.44,219.69,220.89,91109.0
2026-02-06 11:10:00-05:00,221.3999,222.025,221.08,221.66,50619.0
2026-02-06 11:15:00-05:00,221.86,222.27,220.83,221.0,39145.0
2026-02-06 11:20:00-05:00,221.14,221.56,220.71,221.01,33878.0
2026-02-06 11:25:00-05:00,220.8,221.87,220.75,221.25,48464.0
2026-02-06 11:30:00-05:00,221.48,222.91,221.23,222.91,35811.0
2026-02-06 11:35:00-05:00,222.941,224.831,222.84,224.8,53405.0
2026-02-06 11:40:00-05:00,224.695,225.7387,224.36,224.975,55631.0
2026-02-06 11:45:00-05:00,224.975,225.58,224.81,225.5795,40612.0
2026-02-06 11:50:00-05:00,225.34,225.7,224.235,225.0988,47037.0
2026-02-06 11:55:00-05:00,225.275,225.275,224.01,224.73,41310.0
2026-02-06 12:00:00-05:00,224.865,225.1,223.87,224.805,49686.0
2026-02-06 12:05:00-05:00,224.98,224.99,224.19,224.61,26685.0
2026-02-06 12:10:00-05:00,224.51,224.775,223.85,224.355,35537.0
2026-02-06 12:15:00-05:00,224.295,224.3099,223.575,224.2,26041.0
2026-02-06 12:20:00-05:00,224.2,225.0,223.8301,224.83,19926.0
2026-02-06 12:25:00-05:00,224.65,225.27,224.58,224.7,33544.0
2026-02-06 12:30:00-05:00,224.765,225.09,224.43,225.055,32871.0
2026-02-06 12:35:00-05:00,225.06,227.03,225.06,226.825,128504.0
2026-02-06 12:40:00-05:00,226.99,229.35,226.99,229.21,66799.0
2026-02-06 12:45:00-05:00,229.17,229.79,229.06,229.21,62348.0
2026-02-06 12:50:00-05:00,229.2001,229.575,228.7638,229.39,50972.0
2026-02-06 12:55:00-05:00,229.35,229.69,229.15,229.59,39797.0
2026-02-06 13:00:00-05:00,229.5,230.45,229.5,230.42,66880.0
2026-02-06 13:05:00-05:00,230.0,230.8399,229.9662,230.8399,41607.0
2026-02-06 13:10:00-05:00,230.6084,231.26,229.5301,230.59,76836.0
2026-02-06 13:15:00-05:00,230.63,231.38,230.49,231.08,44220.0
2026-02-06 13:20:00-05:00,230.88,231.29,230.87,231.13,42364.0
2026-02-06 13:25:00-05:00,231.135,231.77,230.97,231.7699,44082.0
2026-02-06 13:30:00-05:00,231.8,232.6045,231.61,232.28,51035.0
2026-02-06 13:35:00-05:00,232.26,233.0,231.8536,232.865,41789.0
2026-02-06 13:40:00-05:00,232.785,233.545,232.6301,233.23,45367.0
2026-02-06 13:45:00-05:00,233.3387,234.0,233.072,233.57,61643.0
2026-02-06 13:50:00-05:00,233.64,233.86,232.1,232.3,80713.0
2026-02-06 13:55:00-05:00,232.26,233.65,232.03,233.58,78523.0
2026-02-06 14:00:00-05:00,233.565,233.88,231.44,231.68,91702.0
2026-02-06 14:05:00-05:00,231.535,231.535,229.83,230.4291,71535.0
2026-02-06 14:10:00-05:00,230.23,230.48,229.28,230.0905,72544.0
2026-02-06 14:15:00-05:00,230.04,231.405,230.04,230.63,83997.0
2026-02-06 14:20:00-05:00,230.42,231.0,230.0101,230.32,28227.0
2026-02-06 14:25:00-05:00,230.32,230.46,229.72,229.72,23259.0
2026-02-06 14:30:00-05:00,229.81,230.72,229.71,230.33,33322.0
2026-02-06 14:35:00-05:00,230.31,230.34,229.6,230.09,34856.0
2026-02-06 14:40:00-05:00,230.04,230.29,228.968,229.58,26765.0
2026-02-06 14:45:00-05:00,229.74,230.32,229.59,230.13,38118.0
2026-02-06 14:50:00-05:00,230.025,230.27,229.68,229.91,26484.0
2026-02-06 14:55:00-05:00,229.79,230.2,229.0725,229.0725,23790.0
2026-02-06 15:00:00-05:00,229.04,229.51,228.765,229.37,38675.0
2026-02-06 15:05:00-05:00,229.38,230.0,229.38,229.8718,33116.0
2026-02-06 15:10:00-05:00,229.91,229.925,228.74,228.8,41571.0
2026-02-06 15:15:00-05:00,228.67,229.38,228.37,229.265,47550.0
2026-02-06 15:20:00-05:00,229.245,229.8,229.245,229.44,35365.0
2026-02-06 15:25:00-05:00,229.495,229.6799,228.84,228.99,46244.0
2026-02-06 15:30:00-05:00,229.11,229.52,228.16,228.57,56048.0
2026-02-06 15:35:00-05:00,228.57,229.55,228.44,229.0,52245.0
2026-02-06 15:40:00-05:00,229.0,229.47,228.71,229.13,55796.0
2026-02-06 15:45:00-05:00,229.18,230.15,228.99,229.515,98926.0
2026-02-06 15:50:00-05:00,229.47,230.59,229.26,230.18,127882.0
2026-02-06 15:55:00-05:00,230.08,230.08,227.49,227.59,308661.0
2026-02-09 09:30:00-05:00,227.0,229.0,221.109,221.109,221129.0
2026-02-09 09:35:00-05:00,221.24,225.78,219.68,225.1,124528.0
2026-02-09 09:40:00-05:00,225.05,229.0,225.0,228.61,224082.0
2026-02-09 09:45:00-05:00,228.63,232.88,228.04,231.961,167149.0
2026-02-09 09:50:00-05:00,232.45,232.5,229.88,232.0,145097.0
2026-02-09 09:55:00-05:00,232.17,234.56,232.17,233.78,203849.0
2026-02-09 10:00:00-05:00,233.79,233.79,231.16,233.13,127189.0
2026-02-09 10:05:00-05:00,233.09,235.72,232.76,234.92,90637.0
2026-02-09 10:10:00-05:00,235.01,236.5,234.18,236.085,100411.0
2026-02-09 10:15:00-05:00,236.135,238.0,236.135,237.215,125589.0
2026-02-09 10:20:00-05:00,237.21,237.92,236.04,237.0,113029.0
2026-02-09 10:25:00-05:00,237.03,237.81,236.27,237.0199,170390.0
2026-02-09 10:30:00-05:00,236.76,239.0,236.5,238.53,80758.0
2026-02-09 10:35:00-05:00,238.5,241.185,238.19,240.54,150602.0
2026-02-09 10:40:00-05:00,240.61,242.02,240.31,241.87,80189.0
2026-02-09 10:45:00-05:00,241.97,242.79,241.012,242.245,94099.0
2026-02-09 10:50:00-05:00,242.49,243.25,241.85,242.06,76157.0
2026-02-09 10:55:00-05:00,242.14,243.81,241.69,242.63,119586.0
2026-02-09 11:00:00-05:00,242.89,244.75,242.82,244.64,64027.0
2026-02-09 11:05:00-05:00,244.64,246.44,244.3874,246.43,163662.0
2026-02-09 11:10:00-05:00,246.39,246.43,244.7901,245.22,120812.0
2026-02-09 11:15:00-05:00,245.24,245.73,244.53,244.98,74174.0
2026-02-09 11:20:00-05:00,244.82,245.77,244.47,245.115,82286.0
2026-02-09 11:25:00-05:00,245.11,245.74,244.795,244.975,43553.0
2026-02-09 11:30:00-05:00,244.97,245.045,243.31,243.63,55178.0
2026-02-09 11:35:00-05:00,243.55,243.9699,242.18,242.65,65764.0
2026-02-09 11:40:00-05:00,242.23,243.461,241.88,243.3,78589.0
2026-02-09 11:45:00-05:00,243.05,244.6699,242.36,244.39,41525.0
2026-02-09 11:50:00-05:00,244.3,245.26,243.95,244.81,35977.0
2026-02-09 11:55:00-05:00,244.815,244.82,243.74,244.5,41339.0
2026-02-09 12:00:00-05:00,244.34,246.5,244.27,246.5,68072.0
2026-02-09 12:05:00-05:00,246.17,246.3378,245.44,245.57,77079.0
2026-02-09 12:10:00-05:00,245.565,246.47,244.99,245.91,48512.0
2026-02-09 12:15:00-05:00,245.91,246.67,245.6101,246.27,72083.0
2026-02-09 12:20:00-05:00,245.54,245.94,245.01,245.835,33358.0
2026-02-09 12:25:00-05:00,245.73,246.46,245.63,246.35,40158.0
2026-02-09 12:30:00-05:00,246.355,246.54,246.09,246.48,48536.0
2026-02-09 12:35:00-05:00,246.55,247.145,245.18,245.18,47793.0
2026-02-09 12:40:00-05:00,245.18,245.49,244.64,244.94,36269.0
2026-02-09 12:45:00-05:00,244.8387,245.07,244.4,244.7807,33012.0
2026-02-09 12:50:00-05:00,244.96,245.14,244.4821,244.59,29302.0
2026-02-09 12:55:00-05:00,244.35,244.54,244.0,244.53,24779.0
2026-02-09 13:00:00-05:00,244.415,245.19,244.28,244.59,27137.0
2026-02-09 13:05:00-05:00,244.655,244.7,244.24,244.505,18710.0
2026-02-09 13:10:00-05:00,244.48,244.86,243.185,243.985,46752.0
2026-02-09 13:15:00-05:00,243.9725,243.9725,242.88,242.88,29755.0
2026-02-09 13:20:00-05:00,242.84,242.87,240.35,241.5592,54267.0
2026-02-09 13:25:00-05:00,241.48,242.78,240.8501,242.535,33713.0
2026-02-09 13:30:00-05:00,242.59,243.385,241.9866,243.195,39965.0
2026-02-09 13:35:00-05:00,243.195,243.67,243.08,243.21,32197.0
2026-02-09 13:40:00-05:00,243.11,243.4,242.8038,243.115,19930.0
2026-02-09 13:45:00-05:00,243.115,243.6923,242.62,242.62,27047.0
2026-02-09 13:50:00-05:00,242.61,242.84,242.0301,242.71,21524.0
2026-02-09 13:55:00-05:00,242.535,242.7746,242.04,242.09,19896.0
2026-02-09 14:00:00-05:00,242.11,242.83,242.09,242.65,29038.0
2026-02-09 14:05:00-05:00,242.67,243.77,242.37,242.8799,47766.0
2026-02-09 14:10:00-05:00,242.6825,243.92,242.61,243.715,21906.0
2026-02-09 14:15:00-05:00,243.59,244.14,243.4,243.41,27362.0
2026-02-09 14:20:00-05:00,243.35,243.97,242.56,243.87,28317.0
2026-02-09 14:25:00-05:00,243.97,244.09,243.21,243.4,23591.0
2026-02-09 14:30:00-05:00,243.555,244.09,242.855,243.81,41291.0
2026-02-09 14:35:00-05:00,243.84,244.67,243.79,244.61,26044.0
2026-02-09 14:40:00-05:00,244.615,244.87,244.57,244.855,35865.0
2026-02-09 14:45:00-05:00,244.76,244.8,243.92,244.105,28637.0
2026-02-09 14:50:00-05:00,244.105,244.4899,243.915,244.35,22380.0
2026-02-09 14:55:00-05:00,244.29,244.355,243.74,243.8225,29193.0
2026-02-09 15:00:00-05:00,243.82,244.22,243.65,244.05,28746.0
2026-02-09 15:05:00-05:00,244.05,244.79,244.05,244.66,30253.0
2026-02-09 15:10:00-05:00,244.59,245.05,244.235,244.34,28776.0
2026-02-09 15:15:00-05:00,244.39,244.53,243.89,244.34,30902.0
2026-02-09 15:20:00-05:00,244.255,245.0,244.09,244.155,47043.0
2026-02-09 15:25:00-05:00,244.25,244.4249,243.14,243.14,42759.0
2026-02-09 15:30:00-05:00,243.09,243.45,242.215,243.44,109577.0
2026-02-09 15:35:00-05:00,243.25,243.51,242.41,243.16,60765.0
2026-02-09 15:40:00-05:00,243.105,243.6,242.82,243.12,59890.0
2026-02-09 15:45:00-05:00,243.09,243.18,242.5,242.89,69803.0
2026-02-09 15:50:00-05:00,242.95,243.3358,242.8,243.19,107729.0
2026-02-09 15:55:00-05:00,243.2,243.33,241.65,242.38,273637.0
2026-02-10 09:30:00-05:00,232.195,233.3,227.23,228.44,478782.0
2026-02-10 09:35:00-05:00,228.63,230.02,225.18,227.29,732317.0
2026-02-10 09:40:00-05:00,226.56,231.0,226.04,231.0,236773.0
2026-02-10 09:45:00-05:00,230.515,231.0,226.3,226.72,197601.0
2026-02-10 09:50:00-05:00,227.32,231.0,226.7101,230.4,147399.0
2026-02-10 09:55:00-05:00,230.27,232.26,230.15,230.79,160485.0
2026-02-10 10:00:00-05:00,230.93,231.43,229.01,230.53,109566.0
2026-02-10 10:05:00-05:00,230.51,233.35,229.28,233.35,185917.0
2026-02-10 10:10:00-05:00,233.205,233.6,231.8489,232.185,87087.0
2026-02-10 10:15:00-05:00,232.19,234.39,231.64,234.2,156601.0
2026-02-10 10:20:00-05:00,233.975,236.11,233.975,234.64,153936.0
2026-02-10 10:25:00-05:00,234.77,235.61,234.23,234.23,94637.0
2026-02-10 10:30:00-05:00,234.06,234.9999,232.865,232.94,150789.0
2026-02-10 10:35:00-05:00,233.08,233.22,232.03,232.39,49866.0
2026-02-10 10:40:00-05:00,232.39,232.4825,230.66,231.75,49843.0
2026-02-10 10:45:00-05:00,231.585,232.7736,231.31,232.33,100024.0
2026-02-10 10:50:00-05:00,232.21,232.625,230.75,230.75,42841.0
2026-02-10 10:55:00-05:00,230.59,230.94,229.985,230.2535,62947.0
2026-02-10 11:00:00-05:00,230.19,231.3,229.47,229.5,90529.0
2026-02-10 11:05:00-05:00,229.455,230.365,229.1701,229.59,49165.0
2026-02-10 11:10:00-05:00,229.675,231.12,229.675,231.005,44107.0
2026-02-10 11:15:00-05:00,231.0,232.325,230.44,232.1867,52488.0
2026-02-10 11:20:00-05:00,232.255,232.6799,231.265,232.405,44029.0
2026-02-10 11:25:00-05:00,232.55,232.69,231.67,231.8875,42181.0
2026-02-10 11:30:00-05:00,231.62,232.46,231.08,232.19,31569.0
2026-02-10 11:35:00-05:00,232.165,232.84,231.0,231.33,61322.0
2026-02-10 11:40:00-05:00,231.59,232.12,231.02,232.08,24067.0
2026-02-10 11:45:00-05:00,232.1,232.5398,231.91,231.92,24899.0
2026-02-10 11:50:00-05:00,231.6,231.7,230.68,231.295,34708.0
2026-02-10 11:55:00-05:00,231.19,231.56,230.91,231.12,16541.0
2026-02-10 12:00:00-05:00,231.135,231.61,230.87,231.17,32874.0
2026-02-10 12:05:00-05:00,231.185,233.0,231.185,232.38,41946.0
2026-02-10 12:10:00-05:00,232.605,232.84,232.21,232.78,23973.0
2026-02-10 12:15:00-05:00,232.705,233.69,232.56,233.33,59379.0
2026-02-10 12:20:00-05:00,233.36,233.45,232.46,232.83,30445.0
2026-02-10 12:25:00-05:00,232.66,233.64,232.55,233.5572,56496.0
2026-02-10 12:30:00-05:00,233.35,233.47,233.18,233.315,22451.0
2026-02-10 12:35:00-05:00,233.24,233.65,232.92,233.3107,53704.0
2026-02-10 12:40:00-05:00,233.385,234.46,233.0,234.36,111107.0
2026-02-10 12:45:00-05:00,234.36,234.65,234.0301,234.64,41929.0
2026-02-10 12:50:00-05:00,234.635,235.84,234.635,235.45,47855.0
2026-02-10 12:55:00-05:00,235.275,236.08,235.04,235.59,39608.0
2026-02-10 13:00:00-05:00,235.695,235.97,235.1622,235.32,43636.0
2026-02-10 13:05:00-05:00,235.195,235.64,235.0,235.17,40166.0
2026-02-10 13:10:00-05:00,235.0,235.135,234.13,234.14,34420.0
2026-02-10 13:15:00-05:00,234.225,234.67,233.24,234.155,56328.0
2026-02-10 13:20:00-05:00,233.98,234.04,232.875,232.93,46109.0
2026-02-10 13:25:00-05:00,233.015,233.13,232.4,232.4,40208.0
2026-02-10 13:30:00-05:00,232.52,232.74,231.86,232.01,56555.0
2026-02-10 13:35:00-05:00,232.13,232.535,231.73,231.79,37098.0
2026-02-10 13:40:00-05:00,231.6,231.94,231.4981,231.75,36518.0
2026-02-10 13:45:00-05:00,231.78,231.78,231.1,231.17,32758.0
2026-02-10 13:50:00-05:00,231.29,232.025,231.26,231.54,34377.0
2026-02-10 13:55:00-05:00,231.565,232.23,231.4,231.91,43034.0
2026-02-10 14:00:00-05:00,231.91,232.01,231.39,231.66,31028.0
2026-02-10 14:05:00-05:00,231.69,231.69,231.155,231.16,34961.0
2026-02-10 14:10:00-05:00,231.16,231.26,230.611,230.611,47568.0
2026-02-10 14:15:00-05:00,230.615,230.66,229.95,230.15,36345.0
2026-02-10 14:20:00-05:00,230.13,230.816,230.024,230.4,48288.0
2026-02-10 14:25:00-05:00,230.44,230.44,229.77,229.77,80869.0
2026-02-10 14:30:00-05:00,229.77,230.35,229.729,230.14,32935.0
2026-02-10 14:35:00-05:00,230.14,230.355,230.0,230.265,27855.0
2026-02-10 14:40:00-05:00,230.18,230.385,229.94,230.04,29706.0
2026-02-10 14:45:00-05:00,230.04,230.51,229.995,230.115,37737.0
2026-02-10 14:50:00-05:00,230.08,230.4,229.991,230.205,29891.0
2026-02-10 14:55:00-05:00,230.205,230.59,229.94,229.94,66220.0
2026-02-10 15:00:00-05:00,229.83,229.83,228.81,228.935,63228.0
2026-02-10 15:05:00-05:00,228.885,229.25,228.5,228.95,78878.0
2026-02-10 15:10:00-05:00,228.96,229.015,228.32,228.62,49761.0
2026-02-10 15:15:00-05:00,228.69,228.835,228.13,228.46,88615.0
2026-02-10 15:20:00-05:00,228.43,229.12,228.41,228.82,83528.0
2026-02-10 15:25:00-05:00,228.87,229.08,228.42,228.76,81625.0
2026-02-10 15:30:00-05:00,228.725,228.975,228.57,228.7025,93681.0
2026-02-10 15:35:00-05:00,228.73,228.91,228.22,228.25,99786.0
2026-02-10 15:40:00-05:00,228.25,229.92,228.25,229.25,122983.0
2026-02-10 15:45:00-05:00,229.29,230.03,228.96,229.98,117824.0
2026-02-10 15:50:00-05:00,229.79,230.59,228.8375,228.905,138716.0
2026-02-10 15:55:00-05:00,228.905,229.03,227.95,228.37,479856.0
2026-02-11 09:30:00-05:00,234.98,237.6,231.35,237.1,241349.0
2026-02-11 09:35:00-05:00,236.55,236.67,228.67,229.955,190751.0
2026-02-11 09:40:00-05:00,229.955,231.9999,228.11,231.44,151321.0
2026-02-11 09:45:00-05:00,231.01,233.25,230.02,231.89,116747.0
2026-02-11 09:50:00-05:00,231.89,232.13,228.61,229.905,121653.0
2026-02-11 09:55:00-05:00,229.905,230.75,228.99,230.22,75080.0
2026-02-11 10:00:00-05:00,230.54,230.545,227.04,228.13,131847.0
2026-02-11 10:05:00-05:00,228.365,228.95,226.58,227.3,62912.0
2026-02-11 10:10:00-05:00,227.07,227.29,224.05,224.6,116519.0
2026-02-11 10:15:00-05:00,224.47,224.65,221.0,221.52,140071.0
2026-02-11 10:20:00-05:00,221.52,222.69,219.24,220.105,178928.0
2026-02-11 10:25:00-05:00,220.14,222.425,218.84,221.01,211968.0
2026-02-11 10:30:00-05:00,221.03,222.98,220.575,221.935,76902.0
2026-02-11 10:35:00-05:00,221.94,223.577,220.93,222.95,77280.0
2026-02-11 10:40:00-05:00,222.65,223.68,222.13,223.0,53764.0
2026-02-11 10:45:00-05:00,223.23,224.3099,221.4,222.25,80034.0
2026-02-11 10:50:00-05:00,222.45,225.23,221.93,225.01,85195.0
2026-02-11 10:55:00-05:00,225.23,226.75,225.01,225.465,72769.0
2026-02-11 11:00:00-05:00,225.4675,225.99,222.9583,223.65,67827.0
2026-02-11 11:05:00-05:00,223.535,224.08,222.32,222.575,57453.0
2026-02-11 11:10:00-05:00,222.57,224.58,222.42,224.15,40728.0
2026-02-11 11:15:00-05:00,224.15,224.4,223.0801,223.76,45634.0
2026-02-11 11:20:00-05:00,224.01,224.94,223.71,224.505,42695.0
2026-02-11 11:25:00-05:00,224.51,225.03,222.53,222.63,41444.0
2026-02-11 11:30:00-05:00,222.52,223.34,222.22,222.93,50474.0
2026-02-11 11:35:00-05:00,223.02,223.7,222.7,223.32,26183.0
2026-02-11 11:40:00-05:00,223.71,224.415,223.2401,224.01,36412.0
2026-02-11 11:45:00-05:00,223.87,223.995,222.75,222.8,37783.0
2026-02-11 11:50:00-05:00,222.738,223.45,222.65,223.1566,31978.0
2026-02-11 11:55:00-05:00,223.11,223.28,222.19,222.265,35952.0
2026-02-11 12:00:00-05:00,222.16,222.27,221.25,221.8,44998.0
2026-02-11 12:05:00-05:00,221.45,222.56,221.42,222.56,21636.0
2026-02-11 12:10:00-05:00,222.76,223.565,222.2301,222.705,26552.0
2026-02-11 12:15:00-05:00,222.7,223.19,221.98,223.04,26423.0
2026-02-11 12:20:00-05:00,222.92,223.94,222.57,223.76,28792.0
2026-02-11 12:25:00-05:00,224.0,225.0,223.8,224.72,22888.0
2026-02-11 12:30:00-05:00,224.645,225.05,224.45,224.635,21043.0
2026-02-11 12:35:00-05:00,224.635,224.77,223.865,224.345,58772.0
2026-02-11 12:40:00-05:00,224.18,224.85,224.025,224.84,26411.0
2026-02-11 12:45:00-05:00,224.835,225.21,224.39,224.79,32033.0
2026-02-11 12:50:00-05:00,224.905,225.79,224.61,224.99,48586.0
2026-02-11 12:55:00-05:00,224.905,225.0,223.64,223.925,34350.0
2026-02-11 13:00:00-05:00,223.82,224.05,223.39,223.39,24435.0
2026-02-11 13:05:00-05:00,223.44,223.64,223.06,223.06,24371.0
2026-02-11 13:10:00-05:00,223.0,223.01,222.26,222.49,38251.0
2026-02-11 13:15:00-05:00,222.5,223.1,222.3,222.62,20073.0
2026-02-11 13:20:00-05:00,222.45,223.0299,222.295,222.86,20244.0
2026-02-11 13:25:00-05:00,222.68,223.8499,222.59,223.36,20427.0
2026-02-11 13:30:00-05:00,223.32,223.71,222.93,222.96,23179.0
2026-02-11 13:35:00-05:00,222.925,223.14,222.62,223.09,23196.0
2026-02-11 13:40:00-05:00,223.09,223.11,222.64,222.955,15307.0
2026-02-11 13:45:00-05:00,222.955,223.675,222.955,223.675,26477.0
2026-02-11 13:50:00-05:00,223.68,224.0,222.54,223.99,34329.0
2026-02-11 13:55:00-05:00,224.01,224.9,223.995,224.595,41149.0
2026-02-11 14:00:00-05:00,224.45,225.245,224.41,225.245,24661.0
2026-02-11 14:05:00-05:00,225.08,225.08,223.52,223.88,46098.0
2026-02-11 14:10:00-05:00,224.14,224.45,223.8,224.135,52893.0
2026-02-11 14:15:00-05:00,224.14,224.3699,223.785,224.0,39551.0
2026-02-11 14:20:00-05:00,223.935,225.31,223.935,225.21,26110.0
2026-02-11 14:25:00-05:00,225.21,225.21,224.89,225.0,19283.0
2026-02-11 14:30:00-05:00,225.06,225.12,224.78,224.945,25853.0
2026-02-11 14:35:00-05:00,225.01,225.32,224.86,225.16,36542.0
2026-02-11 14:40:00-05:00,225.08,225.5,224.78,225.5,27379.0
2026-02-11 14:45:00-05:00,225.56,225.74,224.25,225.32,50885.0
2026-02-11 14:50:00-05:00,225.45,225.8499,225.26,225.48,32530.0
2026-02-11 14:55:00-05:00,225.5,225.6,225.02,225.18,26146.0
2026-02-11 15:00:00-05:00,225.03,226.1,225.03,225.68,34372.0
2026-02-11 15:05:00-05:00,225.72,226.1,225.64,225.93,26599.0
2026-02-11 15:10:00-05:00,225.85,226.05,225.52,225.67,57198.0
2026-02-11 15:15:00-05:00,225.64,226.23,225.32,226.075,91708.0
2026-02-11 15:20:00-05:00,225.96,226.05,225.56,225.935,57219.0
2026-02-11 15:25:00-05:00,225.94,226.5,225.82,225.97,61551.0
2026-02-11 15:30:00-05:00,225.91,226.0159,225.43,225.585,66337.0
2026-02-11 15:35:00-05:00,225.585,226.08,225.38,225.7,49863.0
2026-02-11 15:40:00-05:00,225.72,226.12,224.86,225.12,66979.0
2026-02-11 15:45:00-05:00,225.09,225.13,224.67,224.99,73845.0
2026-02-11 15:50:00-05:00,225.07,225.4,224.52,224.9,122348.0
2026-02-11 15:55:00-05:00,224.93,225.2573,223.63,223.67,332253.0
2026-02-12 09:30:00-05:00,227.26,227.37,219.01,219.93,218706.0
2026-02-12 09:35:00-05:00,219.93,224.93,219.32,224.93,189155.0
2026-02-12 09:40:00-05:00,224.87,227.47,222.82,223.125,108327.0
2026-02-12 09:45:00-05:00,223.15,224.52,221.0,222.81,115521.0
2026-02-12 09:50:00-05:00,223.08,225.8,221.67,221.84,145081.0
2026-02-12 09:55:00-05:00,221.845,222.31,218.92,219.92,132009.0
2026-02-12 10:00:00-05:00,220.11,220.58,219.06,220.01,115667.0
2026-02-12 10:05:00-05:00,220.005,222.32,219.12,219.9,116480.0
2026-02-12 10:10:00-05:00,219.9298,220.68,218.97,220.49,94763.0
2026-02-12 10:15:00-05:00,220.71,222.025,220.16,221.45,58819.0
2026-02-12 10:20:00-05:00,221.48,222.6678,220.18,221.67,51572.0
2026-02-12 10:25:00-05:00,221.7,223.76,221.4,223.75,66381.0
2026-02-12 10:30:00-05:00,223.75,224.2008,221.24,221.57,76967.0
2026-02-12 10:35:00-05:00,221.3741,221.57,219.39,219.39,70817.0
2026-02-12 10:40:00-05:00,219.65,219.86,217.34,217.57,96667.0
2026-02-12 10:45:00-05:00,217.57,219.1299,217.255,218.075,99395.0
2026-02-12 10:50:00-05:00,217.75,219.13,217.158,217.29,77036.0
2026-02-12 10:55:00-05:00,217.31,218.3723,216.65,217.31,92411.0
2026-02-12 11:00:00-05:00,217.69,219.1799,217.2,217.98,79119.0
2026-02-12 11:05:00-05:00,218.225,218.44,215.24,215.44,118040.0
2026-02-12 11:10:00-05:00,215.44,215.64,213.73,214.08,130629.0
2026-02-12 11:15:00-05:00,214.06,214.285,212.46,213.63,230361.0
2026-02-12 11:20:00-05:00,213.645,214.285,213.18,213.51,109373.0
2026-02-12 11:25:00-05:00,213.51,213.69,210.1,210.29,143405.0
2026-02-12 11:30:00-05:00,210.24,212.17,209.2305,211.08,236802.0
2026-02-12 11:35:00-05:00,211.415,214.97,211.08,214.11,105899.0
2026-02-12 11:40:00-05:00,214.11,215.62,213.58,214.28,82229.0
2026-02-12 11:45:00-05:00,214.587,216.07,214.4455,215.59,49145.0
2026-02-12 11:50:00-05:00,215.12,215.94,214.55,215.67,31896.0
2026-02-12 11:55:00-05:00,215.79,217.48,215.65,216.55,81055.0
2026-02-12 12:00:00-05:00,216.37,218.2178,215.45,217.7,56771.0
2026-02-12 12:05:00-05:00,217.705,218.6,216.69,217.5,71646.0
2026-02-12 12:10:00-05:00,217.78,217.9899,215.94,216.645,38123.0
2026-02-12 12:15:00-05:00,216.64,217.06,216.01,216.46,23488.0
2026-02-12 12:20:00-05:00,216.75,218.46,216.5,218.46,55362.0
2026-02-12 12:25:00-05:00,218.38,220.0,217.59,218.575,67054.0
2026-02-12 12:30:00-05:00,218.585,219.23,216.94,218.52,45852.0
2026-02-12 12:35:00-05:00,218.53,219.76,218.38,218.91,45362.0
2026-02-12 12:40:00-05:00,218.62,219.24,218.34,218.34,15993.0
2026-02-12 12:45:00-05:00,218.32,218.59,218.13,218.44,12938.0
2026-02-12 12:50:00-05:00,218.67,219.58,218.35,218.36,19498.0
2026-02-12 12:55:00-05:00,218.12,218.32,217.06,217.48,26456.0
2026-02-12 13:00:00-05:00,217.31,218.37,216.9,217.67,30605.0
2026-02-12 13:05:00-05:00,218.02,219.0936,217.58,218.4,21441.0
2026-02-12 13:10:00-05:00,218.33,219.19,218.32,218.47,18837.0
2026-02-12 13:15:00-05:00,218.545,218.545,217.0,217.035,19448.0
2026-02-12 13:20:00-05:00,217.035,217.94,216.515,216.515,76199.0
2026-02-12 13:25:00-05:00,216.51,217.67,215.58,217.11,96980.0
2026-02-12 13:30:00-05:00,217.1,217.59,216.21,216.84,380909.0
2026-02-12 13:35:00-05:00,216.81,217.59,216.25,217.335,195995.0
2026-02-12 13:40:00-05:00,217.31,219.0,217.3,218.84,80309.0
2026-02-12 13:45:00-05:00,218.79,219.0449,218.25,218.755,17654.0
2026-02-12 13:50:00-05:00,218.55,219.05,218.31,218.65,24955.0
2026-02-12 13:55:00-05:00,218.67,219.24,217.3501,217.875,51633.0
2026-02-12 14:00:00-05:00,218.2,218.72,217.87,218.475,24167.0
2026-02-12 14:05:00-05:00,218.475,218.62,217.89,218.0,25329.0
2026-02-12 14:10:00-05:00,217.91,217.995,217.03,217.49,24822.0
2026-02-12 14:15:00-05:00,217.5075,218.7938,217.5075,218.51,28161.0
2026-02-12 14:20:00-05:00,218.79,219.4,218.355,218.78,50689.0
2026-02-12 14:25:00-05:00,218.62,218.62,217.5,217.885,28168.0
2026-02-12 14:30:00-05:00,217.63,218.58,217.63,218.26,26563.0
2026-02-12 14:35:00-05:00,218.26,218.615,217.59,218.002,25688.0
2026-02-12 14:40:00-05:00,218.055,218.885,217.89,218.555,39596.0
2026-02-12 14:45:00-05:00,218.565,218.735,218.13,218.34,21731.0
2026-02-12 14:50:00-05:00,218.58,218.9867,218.0,218.225,33683.0
2026-02-12 14:55:00-05:00,218.32,218.47,217.1666,217.65,41068.0
2026-02-12 15:00:00-05:00,217.84,218.05,217.37,217.6125,34478.0
2026-02-12 15:05:00-05:00,217.71,218.08,217.289,217.34,31302.0
2026-02-12 15:10:00-05:00,217.405,217.45,216.8701,217.32,40260.0
2026-02-12 15:15:00-05:00,217.31,217.32,216.58,216.745,22588.0
2026-02-12 15:20:00-05:00,216.75,217.24,216.525,216.93,32755.0
2026-02-12 15:25:00-05:00,216.85,216.99,216.31,216.345,35614.0
2026-02-12 15:30:00-05:00,216.345,216.71,215.955,216.47,56085.0
2026-02-12 15:35:00-05:00,216.39,216.85,216.22,216.82,34242.0
2026-02-12 15:40:00-05:00,216.83,217.51,216.59,216.78,52863.0
2026-02-12 15:45:00-05:00,216.76,216.785,215.805,215.85,57049.0
2026-02-12 15:50:00-05:00,215.78,216.1,215.235,215.98,102674.0
2026-02-12 15:55:00-05:00,215.76,216.37,215.7,216.35,377741.0
2026-02-13 09:30:00-05:00,222.01,222.86,216.43,218.02,187301.0
2026-02-13 09:35:00-05:00,218.58,220.0,214.05,214.15,98111.0
2026-02-13 09:40:00-05:00,214.5686,214.81,211.0,212.43,146564.0
2026-02-13 09:45:00-05:00,212.7,218.79,212.47,216.125,99673.0
2026-02-13 09:50:00-05:00,215.83,217.15,214.616,215.16,53490.0
2026-02-13 09:55:00-05:00,214.77,217.62,212.7701,214.005,79348.0
2026-02-13 10:00:00-05:00,214.13,217.49,213.915,215.23,75356.0
2026-02-13 10:05:00-05:00,215.52,218.28,214.27,217.53,48448.0
2026-02-13 10:10:00-05:00,217.58,218.41,216.52,216.62,60220.0
2026-02-13 10:15:00-05:00,216.95,218.41,216.1,216.69,50334.0
2026-02-13 10:20:00-05:00,216.61,218.91,216.57,218.58,48983.0
2026-02-13 10:25:00-05:00,218.33,219.4699,218.21,218.69,55427.0
2026-02-13 10:30:00-05:00,218.69,221.24,218.44,220.445,86488.0
2026-02-13 10:35:00-05:00,220.26,222.5,220.23,221.65,85269.0
2026-02-13 10:40:00-05:00,221.52,222.35,220.0,220.105,64383.0
2026-02-13 10:45:00-05:00,219.97,220.54,218.11,218.41,33394.0
2026-02-13 10:50:00-05:00,218.36,220.19,217.99,219.38,48795.0
2026-02-13 10:55:00-05:00,219.46,220.66,218.7975,219.52,41636.0
2026-02-13 11:00:00-05:00,219.84,221.6,219.74,221.56,25435.0
2026-02-13 11:05:00-05:00,221.85,222.49,221.4,221.5825,61835.0
2026-02-13 11:10:00-05:00,221.555,221.74,219.59,219.95,47369.0
2026-02-13 11:15:00-05:00,220.17,220.57,219.06,219.21,47119.0
2026-02-13 11:20:00-05:00,219.065,219.47,218.51,219.25,16758.0
2026-02-13 11:25:00-05:00,219.29,220.55,218.81,220.175,42010.0
2026-02-13 11:30:00-05:00,220.599,220.685,219.18,219.75,21979.0
2026-02-13 11:35:00-05:00,219.855,221.4,219.83,221.385,16332.0
2026-02-13 11:40:00-05:00,221.38,222.6,220.43,222.6,32272.0
2026-02-13 11:45:00-05:00,222.7,223.33,221.6,221.75,27788.0
2026-02-13 11:50:00-05:00,221.755,222.65,221.44,222.47,19422.0
2026-02-13 11:55:00-05:00,222.45,223.2899,221.43,221.43,39912.0
2026-02-13 12:00:00-05:00,221.32,222.15,221.0,221.6225,25538.0
2026-02-13 12:05:00-05:00,221.625,222.53,221.53,221.895,29789.0
2026-02-13 12:10:00-05:00,222.06,222.53,221.785,222.12,33085.0
2026-02-13 12:15:00-05:00,222.005,222.03,221.07,221.16,52607.0
2026-02-13 12:20:00-05:00,221.21,222.25,221.1252,221.95,34190.0
2026-02-13 12:25:00-05:00,222.0248,222.0248,221.105,221.71,31083.0
2026-02-13 12:30:00-05:00,221.53,222.72,221.52,222.11,44457.0
2026-02-13 12:35:00-05:00,222.145,222.815,222.11,222.815,22541.0
2026-02-13 12:40:00-05:00,222.745,223.38,222.72,222.97,25922.0
2026-02-13 12:45:00-05:00,223.13,223.3,222.58,222.8,25927.0
2026-02-13 12:50:00-05:00,222.69,222.69,221.4201,221.4704,45885.0
2026-02-13 12:55:00-05:00,221.545,221.64,220.865,221.07,45705.0
2026-02-13 13:00:00-05:00,221.07,221.56,220.525,220.6,49366.0
2026-02-13 13:05:00-05:00,220.6,221.08,220.0101,220.975,48861.0
2026-02-13 13:10:00-05:00,220.815,222.26,220.815,222.24,18937.0
2026-02-13 13:15:00-05:00,221.88,222.6799,221.2,221.6,37071.0
2026-02-13 13:20:00-05:00,221.6,222.295,221.6,221.935,14510.0
2026-02-13 13:25:00-05:00,221.78,222.41,220.73,220.84,42345.0
2026-02-13 13:30:00-05:00,221.25,222.47,221.11,222.46,27288.0
2026-02-13 13:35:00-05:00,222.465,222.71,221.52,222.4896,40744.0
2026-02-13 13:40:00-05:00,222.24,222.2699,221.49,221.755,11396.0
2026-02-13 13:45:00-05:00,222.0,223.01,221.5,222.61,31618.0
2026-02-13 13:50:00-05:00,222.19,222.265,220.95,221.195,19970.0
2026-02-13 13:55:00-05:00,221.04,221.34,220.79,220.87,22993.0
2026-02-13 14:00:00-05:00,220.86,221.14,220.25,220.25,25786.0
2026-02-13 14:05:00-05:00,220.4099,220.82,219.93,220.135,23461.0
2026-02-13 14:10:00-05:00,220.03,220.22,219.41,219.66,26106.0
2026-02-13 14:15:00-05:00,219.665,219.96,219.4,219.84,14523.0
2026-02-13 14:20:00-05:00,219.98,220.18,219.79,219.98,13156.0
2026-02-13 14:25:00-05:00,219.94,219.94,218.78,218.91,16881.0
2026-02-13 14:30:00-05:00,218.885,219.66,218.75,219.465,27717.0
2026-02-13 14:35:00-05:00,219.7,219.94,218.68,218.805,19409.0
2026-02-13 14:40:00-05:00,218.815,219.15,218.175,218.92,13585.0
2026-02-13 14:45:00-05:00,219.11,219.54,219.11,219.405,13209.0
2026-02-13 14:50:00-05:00,219.59,219.59,219.1,219.35,12184.0
2026-02-13 14:55:00-05:00,219.55,219.83,218.33,218.335,32384.0
2026-02-13 15:00:00-05:00,218.65,219.31,218.56,218.95,17573.0
2026-02-13 15:05:00-05:00,218.66,218.765,217.84,218.11,31735.0
2026-02-13 15:10:00-05:00,218.145,218.145,217.29,217.325,65621.0
2026-02-13 15:15:00-05:00,217.3,217.735,216.86,217.55,62113.0
2026-02-13 15:20:00-05:00,217.735,217.735,217.0,217.0,24625.0
2026-02-13 15:25:00-05:00,216.97,217.18,216.41,216.69,26149.0
2026-02-13 15:30:00-05:00,216.69,217.02,216.48,216.745,91739.0
2026-02-13 15:35:00-05:00,216.64,217.0,216.41,216.72,39988.0
2026-02-13 15:40:00-05:00,216.67,216.94,215.97,216.16,85039.0
2026-02-13 15:45:00-05:00,216.05,217.5,215.28,216.88,114335.0
2026-02-13 15:50:00-05:00,217.18,217.86,216.78,217.0775,83981.0
2026-02-13 15:55:00-05:00,217.04,217.68,216.82,217.22,270996.0
2026-02-17 09:30:00-05:00,212.4,212.75,207.915,210.305,327434.0
2026-02-17 09:35:00-05:00,209.73,212.58,208.0,210.0,201995.0
2026-02-17 09:40:00-05:00,210.16,210.56,208.345,209.12,126448.0
2026-02-17 09:45:00-05:00,209.165,209.58,206.2032,207.6,88710.0
2026-02-17 09:50:00-05:00,207.605,208.36,204.57,206.22,231126.0
2026-02-17 09:55:00-05:00,206.22,208.55,205.35,206.62,170387.0
2026-02-17 10:00:00-05:00,206.545,208.78,206.11,208.21,161265.0
2026-02-17 10:05:00-05:00,208.51,209.375,207.39,208.04,145387.0
2026-02-17 10:10:00-05:00,208.0,209.35,207.84,208.61,89726.0
2026-02-17 10:15:00-05:00,208.86,212.44,208.545,212.33,97902.0
2026-02-17 10:20:00-05:00,212.34,212.51,209.755,210.2,50424.0
2026-02-17 10:25:00-05:00,210.65,211.64,209.73,211.4666,50740.0
2026-02-17 10:30:00-05:00,211.385,212.5,210.6,210.875,116613.0
2026-02-17 10:35:00-05:00,210.9463,211.75,210.0,211.4,33413.0
2026-02-17 10:40:00-05:00,210.86,212.75,210.86,212.625,39104.0
2026-02-17 10:45:00-05:00,212.625,216.07,212.24,215.98,59266.0
2026-02-17 10:50:00-05:00,215.66,217.0,214.5409,216.65,53043.0
2026-02-17 10:55:00-05:00,216.65,219.025,216.39,219.025,55853.0
2026-02-17 11:00:00-05:00,219.15,221.5799,219.15,221.5799,156337.0
2026-02-17 11:05:00-05:00,221.58,222.4,221.23,222.045,69447.0
2026-02-17 11:10:00-05:00,222.22,222.34,220.4,221.03,48678.0
2026-02-17 11:15:00-05:00,221.01,221.57,219.8649,220.41,29018.0
2026-02-17 11:20:00-05:00,220.41,220.92,219.41,220.53,40433.0
2026-02-17 11:25:00-05:00,220.5,220.88,219.605,219.76,21581.0
2026-02-17 11:30:00-05:00,219.99,220.115,218.13,218.325,53287.0
2026-02-17 11:35:00-05:00,218.325,220.34,218.04,219.19,28806.0
2026-02-17 11:40:00-05:00,219.29,220.09,218.56,219.6601,13601.0
2026-02-17 11:45:00-05:00,219.85,219.89,219.2,219.35,15155.0
2026-02-17 11:50:00-05:00,219.545,220.2528,219.395,220.215,19645.0
2026-02-17 11:55:00-05:00,220.5,220.55,218.94,219.9,25594.0
2026-02-17 12:00:00-05:00,219.75,219.99,219.34,219.38,23320.0
2026-02-17 12:05:00-05:00,219.3,219.85,218.3401,218.87,25917.0
2026-02-17 12:10:00-05:00,219.29,219.29,218.1201,219.29,25079.0
2026-02-17 12:15:00-05:00,219.13,220.35,219.03,219.37,53489.0
2026-02-17 12:20:00-05:00,219.38,219.385,218.405,218.71,39079.0
2026-02-17 12:25:00-05:00,218.715,219.24,218.04,219.24,52751.0
2026-02-17 12:30:00-05:00,219.43,219.5,218.0,218.53,23331.0
2026-02-17 12:35:00-05:00,218.93,219.54,218.9067,219.0,20175.0
2026-02-17 12:40:00-05:00,219.02,219.02,217.61,217.61,15102.0
2026-02-17 12:45:00-05:00,217.48,218.61,217.11,218.15,36304.0
2026-02-17 12:50:00-05:00,218.25,218.93,217.97,218.13,12612.0
2026-02-17 12:55:00-05:00,218.05,220.1,218.0,220.09,25006.0
2026-02-17 13:00:00-05:00,219.88,220.01,219.5,219.52,12880.0
2026-02-17 13:05:00-05:00,220.02,220.02,218.535,219.1507,10887.0
2026-02-17 13:10:00-05:00,219.6,220.38,219.15,219.161,26799.0
2026-02-17 13:15:00-05:00,219.16,219.61,218.83,219.12,12190.0
2026-02-17 13:20:00-05:00,219.39,221.11,219.31,221.105,26691.0
2026-02-17 13:25:00-05:00,220.84,220.93,219.91,220.67,15946.0
2026-02-17 13:30:00-05:00,220.43,221.45,220.2,221.42,28211.0
2026-02-17 13:35:00-05:00,221.3,222.37,220.775,222.27,41881.0
2026-02-17 13:40:00-05:00,222.21,223.32,221.78,221.78,58073.0
2026-02-17 13:45:00-05:00,221.8,222.44,221.6265,222.29,15744.0
2026-02-17 13:50:00-05:00,221.83,223.34,221.83,223.34,38347.0
2026-02-17 13:55:00-05:00,223.34,223.69,222.765,222.92,36822.0
2026-02-17 14:00:00-05:00,223.06,223.15,222.2301,222.42,21609.0
2026-02-17 14:05:00-05:00,222.32,222.77,222.27,222.3909,11375.0
2026-02-17 14:10:00-05:00,222.29,222.58,221.8,222.175,19241.0
2026-02-17 14:15:00-05:00,222.35,222.62,221.84,222.5,21346.0
2026-02-17 14:20:00-05:00,222.65,223.74,222.63,223.575,16116.0
2026-02-17 14:25:00-05:00,223.62,223.655,222.57,222.8,41683.0
2026-02-17 14:30:00-05:00,223.0,224.13,222.855,223.905,28683.0
2026-02-17 14:35:00-05:00,223.91,224.39,223.415,223.45,27717.0
2026-02-17 14:40:00-05:00,223.39,223.77,223.1,223.225,13872.0
2026-02-17 14:45:00-05:00,223.21,223.21,221.8155,222.1825,20910.0
2026-02-17 14:50:00-05:00,222.22,222.225,221.34,221.72,37818.0
2026-02-17 14:55:00-05:00,222.03,222.2,221.61,221.8186,11845.0
2026-02-17 15:00:00-05:00,221.88,222.38,221.77,222.09,19364.0
2026-02-17 15:05:00-05:00,222.1,222.3,221.6396,221.7,15522.0
2026-02-17 15:10:00-05:00,221.8,222.08,221.5,221.98,15918.0
2026-02-17 15:15:00-05:00,221.88,221.943,221.04,221.04,22149.0
2026-02-17 15:20:00-05:00,221.19,221.39,220.6,220.99,27042.0
2026-02-17 15:25:00-05:00,220.98,221.11,220.2,220.395,35439.0
2026-02-17 15:30:00-05:00,220.22,220.35,219.81,220.15,26605.0
2026-02-17 15:35:00-05:00,220.03,220.21,219.7201,220.02,26288.0
2026-02-17 15:40:00-05:00,220.02,220.8,219.62,220.59,53928.0
2026-02-17 15:45:00-05:00,220.665,220.67,220.01,220.225,44673.0
2026-02-17 15:50:00-05:00,220.14,220.31,219.155,219.656,85475.0
2026-02-17 15:55:00-05:00,219.57,220.04,218.85,220.02,214897.0
2026-02-18 09:30:00-05:00,220.72,226.39,220.0,225.9,165408.0
2026-02-18 09:35:00-05:00,224.52,226.42,220.77,222.13,140248.0
2026-02-18 09:40:00-05:00,221.84,222.63,219.16,221.25,66170.0
2026-02-18 09:45:00-05:00,221.75,224.4,221.1787,222.48,61341.0
2026-02-18 09:50:00-05:00,222.2,223.43,220.995,223.43,35071.0
2026-02-18 09:55:00-05:00,222.885,223.14,221.88,222.905,26289.0
2026-02-18 10:00:00-05:00,222.91,226.24,222.91,226.24,51250.0
2026-02-18 10:05:00-05:00,226.38,226.99,224.29,224.57,74317.0
2026-02-18 10:10:00-05:00,224.82,226.24,224.0,225.89,119238.0
2026-02-18 10:15:00-05:00,225.895,226.88,225.59,226.51,36512.0
2026-02-18 10:20:00-05:00,226.51,227.0,226.21,226.77,69493.0
2026-02-18 10:25:00-05:00,226.9,227.21,225.85,226.08,75303.0
2026-02-18 10:30:00-05:00,226.08,226.7,225.45,226.7,65929.0
2026-02-18 10:35:00-05:00,226.7,227.31,226.0265,226.64,39918.0
2026-02-18 10:40:00-05:00,226.5,227.8,225.736,226.02,51965.0
2026-02-18 10:45:00-05:00,225.905,226.84,225.41,226.55,27898.0
2026-02-18 10:50:00-05:00,226.64,228.3,226.64,228.0987,83680.0
2026-02-18 10:55:00-05:00,228.17,228.4,227.6,228.33,42290.0
2026-02-18 11:00:00-05:00,228.33,228.4,227.34,227.87,31280.0
2026-02-18 11:05:00-05:00,227.7335,228.16,227.23,227.23,41188.0
2026-02-18 11:10:00-05:00,227.38,227.38,226.46,226.7,25415.0
2026-02-18 11:15:00-05:00,226.83,227.07,225.595,226.185,23606.0
2026-02-18 11:20:00-05:00,226.1817,226.38,225.38,225.995,35444.0
2026-02-18 11:25:00-05:00,226.28,226.62,225.86,226.62,22713.0
2026-02-18 11:30:00-05:00,226.5,227.0625,226.47,226.9893,23205.0
2026-02-18 11:35:00-05:00,226.925,227.17,226.5905,226.9825,15062.0
2026-02-18 11:40:00-05:00,227.05,227.645,226.68,227.185,22473.0
2026-02-18 11:45:00-05:00,227.175,227.51,226.94,227.08,21820.0
2026-02-18 11:50:00-05:00,227.23,227.465,226.93,227.465,30636.0
2026-02-18 11:55:00-05:00,227.37,227.68,227.24,227.645,18072.0
2026-02-18 12:00:00-05:00,227.67,228.59,227.66,228.55,20851.0
2026-02-18 12:05:00-05:00,228.54,229.0,228.15,228.32,29644.0
2026-02-18 12:10:00-05:00,228.31,228.5,227.48,227.87,19473.0
2026-02-18 12:15:00-05:00,227.54,228.63,227.54,228.48,20403.0
2026-02-18 12:20:00-05:00,228.38,228.38,227.29,227.755,25493.0
2026-02-18 12:25:00-05:00,227.67,227.83,227.385,227.385,18103.0
2026-02-18 12:30:00-05:00,227.415,227.97,227.415,227.59,29328.0
2026-02-18 12:35:00-05:00,227.545,228.31,227.545,228.26,13499.0
2026-02-18 12:40:00-05:00,228.185,228.3599,227.46,227.85,12227.0
2026-02-18 12:45:00-05:00,227.73,227.87,227.23,227.23,15848.0
2026-02-18 12:50:00-05:00,227.245,227.8,227.15,227.8,17547.0
2026-02-18 12:55:00-05:00,227.805,228.28,227.62,228.125,22505.0
2026-02-18 13:00:00-05:00,228.185,228.74,228.11,228.21,21356.0
2026-02-18 13:05:00-05:00,228.1425,228.38,227.63,227.63,17296.0
2026-02-18 13:10:00-05:00,227.83,228.35,227.64,228.02,31930.0
2026-02-18 13:15:00-05:00,228.1799,228.37,227.9201,228.33,17090.0
2026-02-18 13:20:00-05:00,228.27,228.665,227.8852,228.665,23674.0
2026-02-18 13:25:00-05:00,228.73,228.87,227.84,228.01,42685.0
2026-02-18 13:30:00-05:00,227.84,228.0199,227.01,227.37,27244.0
2026-02-18 13:35:00-05:00,227.44,228.07,227.18,227.21,20490.0
2026-02-18 13:40:00-05:00,227.19,227.205,226.1636,226.65,39850.0
2026-02-18 13:45:00-05:00,226.61,226.7,225.96,226.03,22233.0
2026-02-18 13:50:00-05:00,226.03,226.341,224.49,225.78,47351.0
2026-02-18 13:55:00-05:00,225.45,225.9,224.78,225.135,32244.0
2026-02-18 14:00:00-05:00,225.14,226.005,225.02,225.555,23737.0
2026-02-18 14:05:00-05:00,225.591,226.09,225.37,226.09,15792.0
2026-02-18 14:10:00-05:00,225.9595,226.32,225.5501,226.16,21175.0
2026-02-18 14:15:00-05:00,226.0375,226.22,225.44,225.57,17211.0
2026-02-18 14:20:00-05:00,225.625,226.09,225.19,225.4,24115.0
2026-02-18 14:25:00-05:00,225.405,225.405,224.04,224.51,19799.0
2026-02-18 14:30:00-05:00,224.51,224.51,223.21,223.71,28917.0
2026-02-18 14:35:00-05:00,223.7,223.99,222.955,223.095,23864.0
2026-02-18 14:40:00-05:00,223.27,223.7499,222.88,223.38,17247.0
2026-02-18 14:45:00-05:00,223.41,223.78,223.21,223.21,11904.0
2026-02-18 14:50:00-05:00,223.11,223.36,222.75,222.93,26312.0
2026-02-18 14:55:00-05:00,223.08,223.08,221.48,222.065,30118.0
2026-02-18 15:00:00-05:00,222.36,223.49,222.155,223.035,17686.0
2026-02-18 15:05:00-05:00,223.035,223.27,222.4,222.7599,17218.0
2026-02-18 15:10:00-05:00,222.3237,222.69,221.66,222.05,18572.0
2026-02-18 15:15:00-05:00,222.06,222.06,221.0198,221.55,20448.0
2026-02-18 15:20:00-05:00,221.47,222.0,221.2401,222.0,26790.0
2026-02-18 15:25:00-05:00,222.03,222.21,221.64,221.64,19554.0
2026-02-18 15:30:00-05:00,221.52,222.42,221.52,222.24,20198.0
2026-02-18 15:35:00-05:00,222.35,224.2299,222.22,223.93,36873.0
2026-02-18 15:40:00-05:00,223.84,224.15,223.63,224.02,25182.0
2026-02-18 15:45:00-05:00,224.055,224.71,223.86,224.545,38132.0
2026-02-18 15:50:00-05:00,224.65,224.79,223.98,224.225,73439.0
2026-02-18 15:55:00-05:00,224.36,224.73,223.51,224.03,257299.0
2026-02-19 09:30:00-05:00,221.96,223.89,219.55,220.91,55082.0
2026-02-19 09:35:00-05:00,220.02,221.69,219.5301,220.67,33105.0
2026-02-19 09:40:00-05:00,220.16,220.6,218.33,219.74,25744.0
2026-02-19 09:45:00-05:00,219.645,219.99,216.87,218.6,39658.0
2026-02-19 09:50:00-05:00,218.6,220.86,218.48,218.73,90388.0
2026-02-19 09:55:00-05:00,218.86,222.0,218.775,221.42,24476.0
2026-02-19 10:00:00-05:00,221.1,223.28,220.0,222.77,33759.0
2026-02-19 10:05:00-05:00,222.765,223.075,221.81,221.95,28932.0
2026-02-19 10:10:00-05:00,222.02,223.135,221.95,222.36,29545.0
2026-02-19 10:15:00-05:00,222.55,224.5,222.505,223.62,24207.0
2026-02-19 10:20:00-05:00,223.365,223.72,222.14,223.35,38091.0
2026-02-19 10:25:00-05:00,223.08,224.18,222.75,223.41,33440.0
2026-02-19 10:30:00-05:00,223.005,225.48,223.005,225.48,86112.0
2026-02-19 10:35:00-05:00,225.38,226.25,225.16,225.315,37605.0
2026-02-19 10:40:00-05:00,225.5,226.15,225.13,225.18,31785.0
2026-02-19 10:45:00-05:00,225.55,225.7,224.885,225.38,40892.0
2026-02-19 10:50:00-05:00,225.19,225.375,223.64,223.9,58552.0
2026-02-19 10:55:00-05:00,223.96,225.17,223.96,225.05,26487.0
2026-02-19 11:00:00-05:00,224.884,225.53,223.8325,223.97,34820.0
2026-02-19 11:05:00-05:00,223.93,224.61,223.73,224.6,24731.0
2026-02-19 11:10:00-05:00,224.49,225.0,223.585,225.0,21336.0
2026-02-19 11:15:00-05:00,225.22,226.39,225.0,226.18,20161.0
2026-02-19 11:20:00-05:00,226.145,226.63,226.0,226.0,21932.0
2026-02-19 11:25:00-05:00,225.8,226.43,225.355,225.465,26111.0
2026-02-19 11:30:00-05:00,225.56,226.27,225.475,226.17,33491.0
2026-02-19 11:35:00-05:00,226.0,226.2899,225.7351,225.8,25420.0
2026-02-19 11:40:00-05:00,225.925,226.11,224.6,224.63,31601.0
2026-02-19 11:45:00-05:00,224.43,224.84,223.7,223.935,18245.0
2026-02-19 11:50:00-05:00,223.89,224.7,223.55,224.7,21762.0
2026-02-19 11:55:00-05:00,224.575,224.815,223.93,224.08,28521.0
2026-02-19 12:00:00-05:00,223.89,223.9887,223.0,223.41,27238.0
2026-02-19 12:05:00-05:00,223.415,224.21,222.91,223.685,25379.0
2026-02-19 12:10:00-05:00,223.82,224.47,223.665,224.25,14908.0
2026-02-19 12:15:00-05:00,224.36,224.83,223.91,224.82,13511.0
2026-02-19 12:20:00-05:00,224.82,225.73,224.51,225.385,17479.0
2026-02-19 12:25:00-05:00,225.385,225.55,224.41,224.97,17867.0
2026-02-19 12:30:00-05:00,224.86,225.7,224.855,225.38,11650.0
2026-02-19 12:35:00-05:00,225.55,225.88,225.14,225.71,18672.0
2026-02-19 12:40:00-05:00,225.665,226.05,225.17,226.05,17213.0
2026-02-19 12:45:00-05:00,225.99,225.99,224.875,225.07,17783.0
2026-02-19 12:50:00-05:00,225.14,225.42,224.4,225.24,26154.0
2026-02-19 12:55:00-05:00,225.27,225.65,224.42,224.42,13078.0
2026-02-19 13:00:00-05:00,224.67,225.08,224.63,225.07,11221.0
2026-02-19 13:05:00-05:00,224.99,226.14,224.98,226.14,14240.0
2026-02-19 13:10:00-05:00,226.0,228.0,225.88,227.775,106295.0
2026-02-19 13:15:00-05:00,227.775,227.775,226.37,226.37,37408.0
2026-02-19 13:20:00-05:00,226.3,226.425,225.65,226.15,16750.0
2026-02-19 13:25:00-05:00,226.25,226.57,225.61,226.025,21045.0
2026-02-19 13:30:00-05:00,226.17,226.68,225.95,226.055,27343.0
2026-02-19 13:35:00-05:00,226.0575,227.07,225.46,226.86,43843.0
2026-02-19 13:40:00-05:00,227.0,228.46,226.75,228.17,123218.0
2026-02-19 13:45:00-05:00,228.21,230.42,228.16,229.74,127292.0
2026-02-19 13:50:00-05:00,229.8218,230.1357,229.46,229.73,45745.0
2026-02-19 13:55:00-05:00,229.57,229.57,228.5907,229.2,34581.0
2026-02-19 14:00:00-05:00,229.035,229.19,227.96,229.03,51544.0
2026-02-19 14:05:00-05:00,229.13,230.72,229.125,230.48,46974.0
2026-02-19 14:10:00-05:00,230.48,230.68,229.96,230.385,49767.0
2026-02-19 14:15:00-05:00,230.3975,231.4,230.385,231.12,58772.0
2026-02-19 14:20:00-05:00,231.26,232.12,231.175,231.885,103353.0
2026-02-19 14:25:00-05:00,231.87,232.259,230.49,231.1,67537.0
2026-02-19 14:30:00-05:00,231.09,231.7573,230.96,231.5,35140.0
2026-02-19 14:35:00-05:00,231.59,232.0,231.09,231.33,38316.0
2026-02-19 14:40:00-05:00,231.38,231.76,231.2029,231.75,48964.0
2026-02-19 14:45:00-05:00,231.64,231.87,231.26,231.72,18912.0
2026-02-19 14:50:00-05:00,231.62,232.205,231.51,231.7,49834.0
2026-02-19 14:55:00-05:00,231.56,231.62,230.35,230.51,40089.0
2026-02-19 15:00:00-05:00,230.42,231.3899,230.42,230.5,57586.0
2026-02-19 15:05:00-05:00,230.545,230.61,229.91,230.3,47396.0
2026-02-19 15:10:00-05:00,230.25,230.88,230.25,230.665,36997.0
2026-02-19 15:15:00-05:00,230.5668,232.145,230.16,231.89,34790.0
2026-02-19 15:20:00-05:00,231.78,231.93,231.3,231.45,33824.0
2026-02-19 15:25:00-05:00,231.39,231.89,231.39,231.72,41531.0
2026-02-19 15:30:00-05:00,231.72,232.06,231.5,231.69,74259.0
2026-02-19 15:35:00-05:00,231.7,232.37,231.6875,232.17,51132.0
2026-02-19 15:40:00-05:00,232.19,232.51,231.51,231.7,78583.0
2026-02-19 15:45:00-05:00,231.72,232.5,231.465,232.5,74277.0
2026-02-19 15:50:00-05:00,232.42,232.98,232.3,232.68,151921.0
2026-02-19 15:55:00-05:00,232.68,232.76,231.655,232.48,320999.0
2026-02-20 09:30:00-05:00,232.0,234.8999,229.51,233.32,112768.0
2026-02-20 09:35:00-05:00,233.35,236.1,232.685,236.0,160273.0
2026-02-20 09:40:00-05:00,235.855,242.03,235.82,241.15,397947.0
2026-02-20 09:45:00-05:00,241.2499,245.44,240.26,244.0,295028.0
2026-02-20 09:50:00-05:00,243.8,244.0,241.0915,241.955,116736.0
2026-02-20 09:55:00-05:00,241.56,243.455,241.56,242.59,54534.0
2026-02-20 10:00:00-05:00,242.84,248.6599,242.65,244.485,236014.0
2026-02-20 10:05:00-05:00,244.485,244.71,241.63,242.325,88530.0
2026-02-20 10:10:00-05:00,242.38,244.19,242.38,243.465,75129.0
2026-02-20 10:15:00-05:00,243.465,245.0,240.54,243.68,111512.0
2026-02-20 10:20:00-05:00,243.625,246.0,243.39,245.23,56153.0
2026-02-20 10:25:00-05:00,245.75,246.6,245.056,245.805,54628.0
2026-02-20 10:30:00-05:00,245.91,246.17,244.5029,245.47,73097.0
2026-02-20 10:35:00-05:00,245.49,247.21,244.81,246.965,69517.0
2026-02-20 10:40:00-05:00,246.54,248.72,246.395,248.26,84170.0
2026-02-20 10:45:00-05:00,248.23,249.68,247.26,249.03,175659.0
2026-02-20 10:50:00-05:00,249.01,250.16,248.62,249.365,146432.0
2026-02-20 10:55:00-05:00,249.36,251.275,249.36,251.01,144211.0
2026-02-20 11:00:00-05:00,250.81,251.89,250.36,251.01,173807.0
2026-02-20 11:05:00-05:00,250.64,251.88,249.74,251.45,80418.0
2026-02-20 11:10:00-05:00,251.6,252.49,250.03,250.49,86627.0
2026-02-20 11:15:00-05:00,250.49,250.88,249.07,249.69,77720.0
2026-02-20 11:20:00-05:00,249.69,249.87,248.47,248.685,49269.0
2026-02-20 11:25:00-05:00,248.54,249.97,247.81,249.305,52681.0
2026-02-20 11:30:00-05:00,249.16,251.1,249.0,250.39,77830.0
2026-02-20 11:35:00-05:00,250.5,250.5,248.38,250.12,47198.0
2026-02-20 11:40:00-05:00,250.11,250.42,249.51,249.835,68332.0
2026-02-20 11:45:00-05:00,250.0,250.75,249.92,250.17,72475.0
2026-02-20 11:50:00-05:00,250.17,250.74,249.7201,250.57,66927.0
2026-02-20 11:55:00-05:00,250.39,250.87,249.86,250.08,41046.0
2026-02-20 12:00:00-05:00,250.31,250.31,249.75,250.15,38494.0
2026-02-20 12:05:00-05:00,250.0,250.7599,249.79,249.945,45738.0
2026-02-20 12:10:00-05:00,249.86,250.05,247.49,247.55,70625.0
2026-02-20 12:15:00-05:00,247.5711,247.5711,245.57,246.24,52723.0
2026-02-20 12:20:00-05:00,246.215,246.84,245.49,245.89,55538.0
2026-02-20 12:25:00-05:00,245.845,247.425,245.48,247.025,49393.0
2026-02-20 12:30:00-05:00,247.03,248.99,247.03,248.35,45452.0
2026-02-20 12:35:00-05:00,248.25,248.5587,246.35,247.52,28723.0
2026-02-20 12:40:00-05:00,246.72,247.46,246.45,246.97,24585.0
2026-02-20 12:45:00-05:00,247.0,248.09,246.51,247.25,31781.0
2026-02-20 12:50:00-05:00,246.96,247.9,246.58,247.605,27266.0
2026-02-20 12:55:00-05:00,247.32,248.17,246.56,247.7,28106.0
2026-02-20 13:00:00-05:00,247.705,248.2399,247.4001,247.785,19927.0
2026-02-20 13:05:00-05:00,247.51,247.9,246.63,247.18,42034.0
2026-02-20 13:10:00-05:00,246.96,247.1799,245.5193,245.575,23958.0
2026-02-20 13:15:00-05:00,245.27,245.815,244.85,245.43,45170.0
2026-02-20 13:20:00-05:00,245.82,245.9,244.5456,244.5456,30775.0
2026-02-20 13:25:00-05:00,244.61,245.98,244.61,245.4,35571.0
2026-02-20 13:30:00-05:00,245.0,247.43,244.2301,246.69,36373.0
2026-02-20 13:35:00-05:00,246.2,246.7999,244.64,246.7999,23260.0
2026-02-20 13:40:00-05:00,244.74,246.18,244.74,245.42,16717.0
2026-02-20 13:45:00-05:00,245.06,246.23,245.06,246.05,25033.0
2026-02-20 13:50:00-05:00,246.06,248.06,245.13,247.605,73395.0
2026-02-20 13:55:00-05:00,247.52,248.7,247.4,248.01,48701.0
2026-02-20 14:00:00-05:00,247.85,248.6841,247.26,248.2,25251.0
2026-02-20 14:05:00-05:00,247.8,248.4,246.93,247.0,28907.0
2026-02-20 14:10:00-05:00,246.93,247.75,246.52,247.22,27225.0
2026-02-20 14:15:00-05:00,247.06,247.57,246.49,247.4842,26323.0
2026-02-20 14:20:00-05:00,247.01,248.45,247.01,248.07,29737.0
2026-02-20 14:25:00-05:00,248.07,248.29,246.815,247.21,25294.0
2026-02-20 14:30:00-05:00,247.04,247.75,246.4901,246.4901,23464.0
2026-02-20 14:35:00-05:00,246.49,247.04,246.0,246.955,59399.0
2026-02-20 14:40:00-05:00,246.955,247.0485,246.09,246.59,43461.0
2026-02-20 14:45:00-05:00,246.6,247.16,246.11,246.305,24536.0
2026-02-20 14:50:00-05:00,246.14,246.78,246.02,246.25,31692.0
2026-02-20 14:55:00-05:00,246.08,246.94,245.81,246.1,130392.0
2026-02-20 15:00:00-05:00,246.205,246.205,245.4,246.12,22224.0
2026-02-20 15:05:00-05:00,246.11,247.03,246.06,247.02,29455.0
2026-02-20 15:10:00-05:00,246.72,246.91,246.3,246.76,24584.0
2026-02-20 15:15:00-05:00,246.66,246.91,246.0,246.29,23052.0
2026-02-20 15:20:00-05:00,246.21,246.7899,246.0,246.57,41136.0
2026-02-20 15:25:00-05:00,246.68,247.09,246.4801,246.66,38741.0
2026-02-20 15:30:00-05:00,246.53,246.78,246.2,246.48,34090.0
2026-02-20 15:35:00-05:00,246.33,247.5,246.33,247.5,40969.0
2026-02-20 15:40:00-05:00,247.52,247.89,247.25,247.34,46210.0
2026-02-20 15:45:00-05:00,247.18,247.52,246.88,247.2,65347.0
2026-02-20 15:50:00-05:00,247.36,247.96,247.04,247.58,95921.0
2026-02-20 15:55:00-05:00,247.43,248.43,246.72,248.34,420825.0
2026-02-23 09:30:00-05:00,248.18,251.021,246.3,246.69,186895.35786000002
2026-02-23 09:35:00-05:00,246.69,251.32,246.28,250.1792,116848.990683
2026-02-23 09:40:00-05:00,249.5102,250.3,247.77,247.77,77774.654442
2026-02-23 09:45:00-05:00,247.98,250.91,247.0,250.43,77862.774723
2026-02-23 09:50:00-05:00,250.43,253.3,250.31,252.775,112157.385694
2026-02-23 09:55:00-05:00,252.51,253.3,250.6,252.16,127378.69909899999
2026-02-23 10:00:00-05:00,251.81,252.7193,251.1,252.03,81849.593657
2026-02-23 10:05:00-05:00,252.02,253.71,251.72,253.3,121902.61628700001
2026-02-23 10:10:00-05:00,253.51,254.95,253.31,254.11,137673.352102
2026-02-23 10:15:00-05:00,253.8,254.17,252.78,253.155,53287.123804999996
2026-02-23 10:20:00-05:00,253.31,255.0,252.92,253.84,57092.724514999994
2026-02-23 10:25:00-05:00,253.7,253.74,252.21,252.36,48345.251954
2026-02-23 10:30:00-05:00,252.6,253.4,251.055,251.1581,134286.92089100002
2026-02-23 10:35:00-05:00,251.365,252.0,250.0017,251.8,98938.452038
2026-02-23 10:40:00-05:00,251.75,251.87,249.39,249.6801,73524.251693
2026-02-23 10:45:00-05:00,249.59,250.05,248.5801,249.5775,89452.926331
2026-02-23 10:50:00-05:00,249.91,250.05,247.34,247.78,89638.16117
2026-02-23 10:55:00-05:00,248.24,248.43,247.4,247.92,107004.234443
2026-02-23 11:00:00-05:00,248.04,249.1,247.8,248.95,79955.269596
2026-02-23 11:05:00-05:00,249.44,249.44,247.52,248.485,45425.184337
2026-02-23 11:10:00-05:00,248.49,248.67,247.5,248.125,80578.165479
2026-02-23 11:15:00-05:00,248.205,249.7,247.5,249.565,42537.846097999995
2026-02-23 11:20:00-05:00,249.775,250.6,248.69,249.48,40531.275576
2026-02-23 11:25:00-05:00,249.48,250.8,249.48,250.78,41405.66042
2026-02-23 11:30:00-05:00,250.8,251.0,250.05,250.47,30017.643177
2026-02-23 11:35:00-05:00,250.47,251.53,250.25,250.8,29091.166701000002
2026-02-23 11:40:00-05:00,250.96,250.97,250.13,250.425,25249.801305
2026-02-23 11:45:00-05:00,250.425,250.425,249.3,249.9,23019.009628999996
2026-02-23 11:50:00-05:00,249.9,251.0,249.795,250.33,25888.842714
2026-02-23 11:55:00-05:00,250.33,250.6,249.65,249.945,19299.354044
2026-02-23 12:00:00-05:00,249.945,250.71,249.945,250.59,25673.211422
2026-02-23 12:05:00-05:00,250.6,250.745,250.0,250.27,36952.815970999996
2026-02-23 12:10:00-05:00,250.19,250.6,250.11,250.405,16359.470706
2026-02-23 12:15:00-05:00,250.28,250.89,250.0,250.0,17428.975299
2026-02-23 12:20:00-05:00,249.725,250.35,249.71,249.985,19794.076019
2026-02-23 12:25:00-05:00,249.98,250.6642,249.948,250.52,20130.181407
2026-02-23 12:30:00-05:00,250.47,250.5,249.1,249.33,45628.332147
2026-02-23 12:35:00-05:00,249.32,249.449,248.32,248.32,26109.59016
2026-02-23 12:40:00-05:00,248.3,248.89,247.73,248.585,69719.098992
2026-02-23 12:45:00-05:00,248.6,248.67,247.99,248.2,32404.600302
2026-02-23 12:50:00-05:00,248.185,249.11,248.145,248.305,30615.435727
2026-02-23 12:55:00-05:00,248.305,249.53,248.305,249.07,49040.61915600001
2026-02-23 13:00:00-05:00,249.12,249.12,248.59,248.79,30392.037058
2026-02-23 13:05:00-05:00,248.68,249.32,248.675,249.05,23418.298564
2026-02-23 13:10:00-05:00,249.085,250.26,248.92,250.26,39560.157915
2026-02-23 13:15:00-05:00,250.22,250.5,249.47,249.64,27968.841127
2026-02-23 13:20:00-05:00,249.63,250.4,249.6175,250.3,42314.607467
2026-02-23 13:25:00-05:00,250.3,250.3,249.07,249.07,30114.857218999998
2026-02-23 13:30:00-05:00,249.08,249.08,248.49,248.805,30068.177058
2026-02-23 13:35:00-05:00,248.8802,249.09,248.23,248.39,29484.487144
2026-02-23 13:40:00-05:00,248.28,248.41,247.85,248.1,27696.958682
2026-02-23 13:45:00-05:00,248.145,248.46,247.91,248.0,54422.229493000006
2026-02-23 13:50:00-05:00,248.085,248.085,247.33,247.495,66375.085525
2026-02-23 13:55:00-05:00,247.52,247.97,247.32,247.64,46402.781306
2026-02-23 14:00:00-05:00,247.85,248.0,247.58,247.83,29008.285116
2026-02-23 14:05:00-05:00,247.83,248.2099,247.685,247.975,33517.030564
2026-02-23 14:10:00-05:00,248.21,248.36,247.495,248.04,26977.689301
2026-02-23 14:15:00-05:00,248.14,249.04,247.911,248.74,28157.700921
2026-02-23 14:20:00-05:00,248.655,249.24,248.655,249.24,20861.945439
2026-02-23 14:25:00-05:00,249.27,249.27,248.55,248.7,26188.452802
2026-02-23 14:30:00-05:00,248.7,249.205,248.68,248.91,26543.795082
2026-02-23 14:35:00-05:00,248.81,249.1799,248.6,248.615,17275.865758
2026-02-23 14:40:00-05:00,248.54,248.69,247.83,248.09,27415.428882
2026-02-23 14:45:00-05:00,248.12,248.2095,247.385,247.72,25691.830066
2026-02-23 14:50:00-05:00,247.73,248.0599,247.46,247.855,18276.706815
2026-02-23 14:55:00-05:00,247.72,247.96,247.26,247.6436,32934.62891
2026-02-23 15:00:00-05:00,247.8,248.36,247.725,248.025,33537.565596
2026-02-23 15:05:00-05:00,248.025,248.025,247.44,247.9,31269.468543000003
2026-02-23 15:10:00-05:00,247.83,248.49,247.79,248.445,39671.497022
2026-02-23 15:15:00-05:00,248.445,248.66,247.96,248.34,43092.20172
2026-02-23 15:20:00-05:00,248.335,248.94,248.17,248.94,39567.224521
2026-02-23 15:25:00-05:00,248.975,249.1,248.68,249.01,51733.300829
2026-02-23 15:30:00-05:00,248.93,249.25,248.81,249.155,73717.686535
2026-02-23 15:35:00-05:00,249.1499,249.26,247.9,248.13,69581.97588
2026-02-23 15:40:00-05:00,248.28,248.61,248.25,248.59,61395.188157000004
2026-02-23 15:45:00-05:00,248.605,249.57,248.3,249.335,76516.186066
2026-02-23 15:50:00-05:00,249.46,250.045,249.3101,249.5,116063.703639
2026-02-23 15:55:00-05:00,249.49,249.495,248.19,248.98,251218.377389
