timestamp,open,high,low,close,volume
2025-11-24 09:30:00-05:00,137.04,143.81,137,143.74,259130.00
2025-11-24 09:35:00-05:00,143.5,145.88,143.03,145.78,165512.00
2025-11-24 09:40:00-05:00,145.85,145.95,142.243,142.99,164092.00
2025-11-24 09:45:00-05:00,142.825,145.76,142.51,144.9,102174.00
2025-11-24 09:50:00-05:00,144.67,147.34,144.36,146.33,146918.00
2025-11-24 09:55:00-05:00,146.66,148.78,145.63,148.78,158500.00
2025-11-24 10:00:00-05:00,148.95,149.5,148.2,148.775,92182.00
2025-11-24 10:05:00-05:00,149,149.67,146.01,146.835,102463.00
2025-11-24 10:10:00-05:00,146.76,147.995,145.66,147.395,95775.00
2025-11-24 10:15:00-05:00,147.49,148.45,146.7195,147.93,91659.00
2025-11-24 10:20:00-05:00,147.9,148.14,146.66,146.945,57125.00
2025-11-24 10:25:00-05:00,146.9,147.9,146,147.82,50199.00
2025-11-24 10:30:00-05:00,147.71,147.82,147.11,147.7,54904.00
2025-11-24 10:35:00-05:00,147.595,148.28,146.93,148.005,49905.00
2025-11-24 10:40:00-05:00,148,148.8,147.76,148.43,47000.00
2025-11-24 10:45:00-05:00,148.43,149.37,148.1,149.08,45676.00
2025-11-24 10:50:00-05:00,149.125,149.24,148.45,148.6982,62289.00
2025-11-24 10:55:00-05:00,148.47,148.81,147.935,148.81,50512.00
2025-11-24 11:00:00-05:00,148.81,149.2299,147.9,149.2299,42608.00
2025-11-24 11:05:00-05:00,149.2275,149.52,148.75,149.19,54500.00
2025-11-24 11:10:00-05:00,149.205,149.56,148.83,149.21,50546.00
2025-11-24 11:15:00-05:00,149.265,149.57,148.54,149.13,31630.00
2025-11-24 11:20:00-05:00,149.12,149.17,148.245,148.68,54477.00
2025-11-24 11:25:00-05:00,148.57,148.68,147.44,147.595,51196.00
2025-11-24 11:30:00-05:00,147.52,148,147.05,147.89,76731.00
2025-11-24 11:35:00-05:00,147.66,148.41,147.33,148.1693,47092.00
2025-11-24 11:40:00-05:00,148.35,148.79,148.245,148.35,26042.00
2025-11-24 11:45:00-05:00,148.455,148.56,147.5,147.71,21020.00
2025-11-24 11:50:00-05:00,147.6,147.91,147.03,147.46,31115.00
2025-11-24 11:55:00-05:00,147.4575,148,147.2201,147.715,29228.00
2025-11-24 12:00:00-05:00,147.79,147.87,147.2006,147.36,26508.00
2025-11-24 12:05:00-05:00,147.32,147.65,147.16,147.3518,22520.00
2025-11-24 12:10:00-05:00,147.38,147.84,147.1,147.335,49590.00
2025-11-24 12:15:00-05:00,147.22,147.63,146.9,147.055,40574.00
2025-11-24 12:20:00-05:00,147.005,147.27,146.76,147,33504.00
2025-11-24 12:25:00-05:00,147.15,147.22,146.7,147.11,26768.00
2025-11-24 12:30:00-05:00,147.11,147.265,146.82,147.22,27749.00
2025-11-24 12:35:00-05:00,147.15,147.4,146.9,147.38,30357.00
2025-11-24 12:40:00-05:00,147.45,148.2797,147.22,148.025,41180.00
2025-11-24 12:45:00-05:00,147.985,148.21,147.8,148.0125,29048.00
2025-11-24 12:50:00-05:00,148.14,148.37,147.68,147.8,36141.00
2025-11-24 12:55:00-05:00,147.71,147.86,147.38,147.72,29653.00
2025-11-24 13:00:00-05:00,147.59,148.225,147.3628,147.3628,24707.00
2025-11-24 13:05:00-05:00,147.34,147.43,146.85,147.24,27645.00
2025-11-24 13:10:00-05:00,147.25,147.48,146.87,147.41,25252.00
2025-11-24 13:15:00-05:00,147.49,147.745,147.03,147.25,32129.00
2025-11-24 13:20:00-05:00,147.37,147.75,147.03,147.7125,21045.00
2025-11-24 13:25:00-05:00,147.63,147.7,147.31,147.36,26456.00
2025-11-24 13:30:00-05:00,147.45,147.74,147.31,147.625,25871.00
2025-11-24 13:35:00-05:00,147.56,147.99,147.45,147.7,21792.00
2025-11-24 13:40:00-05:00,147.735,147.76,147.258,147.495,21685.00
2025-11-24 13:45:00-05:00,147.495,147.495,146.85,146.93,32464.00
2025-11-24 13:50:00-05:00,147.1625,147.526,147.05,147.3,29475.00
2025-11-24 13:55:00-05:00,147.32,147.48,146.96,147.38,27526.00
2025-11-24 14:00:00-05:00,147.325,148.3999,147.315,148.24,49260.00
2025-11-24 14:05:00-05:00,148.14,148.74,148.12,148.605,60439.00
2025-11-24 14:10:00-05:00,148.68,148.73,148.3,148.56,38516.00
2025-11-24 14:15:00-05:00,148.5376,149.17,148.5,148.605,67029.00
2025-11-24 14:20:00-05:00,148.5903,148.61,148.15,148.49,46255.00
2025-11-24 14:25:00-05:00,148.48,149.3499,148.38,148.655,66841.00
2025-11-24 14:30:00-05:00,148.75,148.9,148.44,148.71,38155.00
2025-11-24 14:35:00-05:00,148.72,149.1099,148.5139,148.9,42027.00
2025-11-24 14:40:00-05:00,148.95,148.99,147.8603,148.39,67145.00
2025-11-24 14:45:00-05:00,148.39,148.44,147.96,148.07,52333.00
2025-11-24 14:50:00-05:00,148.21,148.26,147.29,147.9,55528.00
2025-11-24 14:55:00-05:00,147.98,148.47,147.79,148.11,77545.00
2025-11-24 15:00:00-05:00,148.13,148.65,147.81,148.54,61923.00
2025-11-24 15:05:00-05:00,148.54,149.13,148.45,149.13,50703.00
2025-11-24 15:10:00-05:00,148.97,149.58,148.78,149.41,64489.00
2025-11-24 15:15:00-05:00,149.51,150.6,149.4101,150.53,90516.00
2025-11-24 15:20:00-05:00,150.54,150.67,150.01,150.02,85288.00
2025-11-24 15:25:00-05:00,150.03,150.03,148.89,148.92,110149.00
2025-11-24 15:30:00-05:00,148.9125,149.44,148.55,149.28,132357.00
2025-11-24 15:35:00-05:00,149.33,150.47,149.275,150.36,104074.00
2025-11-24 15:40:00-05:00,150.34,151.01,150.13,150.9775,136390.00
2025-11-24 15:45:00-05:00,150.91,151.03,150.345,150.5,174593.00
2025-11-24 15:50:00-05:00,150.47,152.38,149.5001,152.08,315976.00
2025-11-24 15:55:00-05:00,152.1,152.17,150.7,150.73,824142.00
2025-11-25 09:30:00-05:00,146.385,147.95,144.115,146.7613,155622.00
2025-11-25 09:35:00-05:00,146.43,146.57,142.11,142.8496,135882.00
2025-11-25 09:40:00-05:00,142.16,142.7899,140.1601,141.3374,151427.00
2025-11-25 09:45:00-05:00,141.18,141.1863,139,139.595,188764.00
2025-11-25 09:50:00-05:00,139.585,143.5,139.11,143.245,121510.00
2025-11-25 09:55:00-05:00,143.44,144.9511,142.96,144.535,91873.00
2025-11-25 10:00:00-05:00,144.535,144.54,142.35,142.74,103315.00
2025-11-25 10:05:00-05:00,142.429,143.49,141.91,142.8813,66823.00
2025-11-25 10:10:00-05:00,143.08,143.38,141.77,142.64,73877.00
2025-11-25 10:15:00-05:00,142.64,143.5,142.39,143.055,35837.00
2025-11-25 10:20:00-05:00,143.055,143.6699,142,142.6,59023.00
2025-11-25 10:25:00-05:00,142.93,144.28,142.795,144.2138,45834.00
2025-11-25 10:30:00-05:00,144.205,145.25,144.18,144.86,93157.00
2025-11-25 10:35:00-05:00,144.74,145.45,144.41,145.45,52326.00
2025-11-25 10:40:00-05:00,145.335,146.69,145.0201,146.6567,54305.00
2025-11-25 10:45:00-05:00,146.61,147,145.91,146.14,90155.00
2025-11-25 10:50:00-05:00,146.02,146.1,144.78,145,75755.00
2025-11-25 10:55:00-05:00,144.88,145.25,144.36,144.885,28687.00
2025-11-25 11:00:00-05:00,144.71,144.88,144.12,144.7,43350.00
2025-11-25 11:05:00-05:00,144.75,144.7874,143.8025,143.8593,35891.00
2025-11-25 11:10:00-05:00,143.97,144.45,143.3,144.185,33046.00
2025-11-25 11:15:00-05:00,144.12,144.48,143.96,144.255,30059.00
2025-11-25 11:20:00-05:00,144.48,145.85,144.48,145.4419,50509.00
2025-11-25 11:25:00-05:00,145.44,145.6,145.08,145.285,47472.00
2025-11-25 11:30:00-05:00,145.48,145.85,145.28,145.69,29921.00
2025-11-25 11:35:00-05:00,145.83,146.23,145.5001,146.125,34734.00
2025-11-25 11:40:00-05:00,146.22,146.82,146.07,146.7999,41669.00
2025-11-25 11:45:00-05:00,146.63,146.74,145.61,145.76,55300.00
2025-11-25 11:50:00-05:00,145.86,146.8,145.86,146.705,41313.00
2025-11-25 11:55:00-05:00,146.64,147.07,146.49,147.01,37361.00
2025-11-25 12:00:00-05:00,146.98,147.52,146.98,147.5,45446.00
2025-11-25 12:05:00-05:00,147.6,147.95,147.6,147.815,45973.00
2025-11-25 12:10:00-05:00,147.815,147.815,146.92,147.225,50369.00
2025-11-25 12:15:00-05:00,147.27,147.9,146.72,147.5,29092.00
2025-11-25 12:20:00-05:00,147.67,148.47,147.67,148.25,36375.00
2025-11-25 12:25:00-05:00,148.3443,148.55,147.61,147.955,41122.00
2025-11-25 12:30:00-05:00,148.03,149,147.99,148.865,31056.00
2025-11-25 12:35:00-05:00,148.88,149.575,148.875,149.245,40573.00
2025-11-25 12:40:00-05:00,149.39,149.66,149.17,149.305,38394.00
2025-11-25 12:45:00-05:00,149.35,149.97,149.19,149.52,65118.00
2025-11-25 12:50:00-05:00,149.52,149.86,149.5,149.71,50178.00
2025-11-25 12:55:00-05:00,149.7,149.7,148.3901,148.4,35248.00
2025-11-25 13:00:00-05:00,148.49,148.96,148.47,148.87,20865.00
2025-11-25 13:05:00-05:00,148.88,148.88,148.5,148.755,19135.00
2025-11-25 13:10:00-05:00,148.87,148.91,148.57,148.57,14772.00
2025-11-25 13:15:00-05:00,148.77,148.87,148.47,148.86,20300.00
2025-11-25 13:20:00-05:00,148.93,149.35,148.68,149.35,18707.00
2025-11-25 13:25:00-05:00,149.33,149.34,149.12,149.13,8146.00
2025-11-25 13:30:00-05:00,149.26,149.32,148.99,149.07,16950.00
2025-11-25 13:35:00-05:00,149.075,149.36,148.89,149.25,17392.00
2025-11-25 13:40:00-05:00,149.25,149.32,148.95,149.05,19549.00
2025-11-25 13:45:00-05:00,149.11,149.58,149.02,149.35,30944.00
2025-11-25 13:50:00-05:00,149.365,149.49,149.22,149.38,17235.00
2025-11-25 13:55:00-05:00,149.4225,149.425,148.98,149.34,31400.00
2025-11-25 14:00:00-05:00,149.15,149.44,148.56,148.6,21772.00
2025-11-25 14:05:00-05:00,148.5,148.86,148.48,148.82,17239.00
2025-11-25 14:10:00-05:00,148.6625,149.2999,148.66,148.885,20277.00
2025-11-25 14:15:00-05:00,148.96,148.96,148.205,148.925,26598.00
2025-11-25 14:20:00-05:00,148.89,149.23,148.6286,149.09,25547.00
2025-11-25 14:25:00-05:00,149.175,149.39,148.945,149.05,18100.00
2025-11-25 14:30:00-05:00,149.24,149.3,148.955,149.1,23667.00
2025-11-25 14:35:00-05:00,149.18,149.41,149.06,149.06,19821.00
2025-11-25 14:40:00-05:00,149.12,149.485,148.89,149.485,17934.00
2025-11-25 14:45:00-05:00,149.35,149.585,149.31,149.48,17465.00
2025-11-25 14:50:00-05:00,149.51,149.94,149.51,149.82,16704.00
2025-11-25 14:55:00-05:00,149.82,150.1,149.7425,149.894,25620.00
2025-11-25 15:00:00-05:00,149.97,150.3989,149.9,150.29,24342.00
2025-11-25 15:05:00-05:00,150.23,151.141,150.125,150.96,48411.00
2025-11-25 15:10:00-05:00,150.93,151.84,150.85,151.7,75492.00
2025-11-25 15:15:00-05:00,151.84,152.34,151.49,151.99,60891.00
2025-11-25 15:20:00-05:00,151.88,152.04,151.57,151.9,30787.00
2025-11-25 15:25:00-05:00,151.9,152.03,151.61,151.975,45063.00
2025-11-25 15:30:00-05:00,152.01,152.43,151.86,152.095,34187.00
2025-11-25 15:35:00-05:00,152.22,152.46,152.0055,152.38,40172.00
2025-11-25 15:40:00-05:00,152.38,152.9,152.2325,152.76,62623.00
2025-11-25 15:45:00-05:00,152.795,153.7,152.7,153.66,111120.00
2025-11-25 15:50:00-05:00,153.7,154.1,153.2792,154.02,167060.00
2025-11-25 15:55:00-05:00,153.95,154.3,153.76,154.22,389858.00
2025-11-26 09:30:00-05:00,156.4,158.96,155.52,158.81,194481.00
2025-11-26 09:35:00-05:00,158.7029,159.81,157.18,157.75,123964.00
2025-11-26 09:40:00-05:00,158.05,160.87,157.9905,160.5,110041.00
2025-11-26 09:45:00-05:00,160.49,161.52,159.55,160.14,139480.00
2025-11-26 09:50:00-05:00,160.18,161,158.7012,159.29,99515.00
2025-11-26 09:55:00-05:00,159.2285,159.265,157.78,158.34,73100.00
2025-11-26 10:00:00-05:00,158.12,160.45,157.98,159.91,75595.00
2025-11-26 10:05:00-05:00,159.905,161.04,159.4,161.03,82208.00
2025-11-26 10:10:00-05:00,161.055,161.3,159.415,159.415,52417.00
2025-11-26 10:15:00-05:00,159.63,160.6499,158.77,160,41561.00
2025-11-26 10:20:00-05:00,160.17,161.53,160.17,160.6,69719.00
2025-11-26 10:25:00-05:00,160.5607,162.27,160.26,161.24,73177.00
2025-11-26 10:30:00-05:00,161.25,162.5,161.25,162.375,54147.00
2025-11-26 10:35:00-05:00,162.47,163.14,162.0631,163.07,96281.00
2025-11-26 10:40:00-05:00,163.0168,163.25,162,162.65,67638.00
2025-11-26 10:45:00-05:00,162.645,163.05,162.375,163,70112.00
2025-11-26 10:50:00-05:00,162.91,164.0763,162.8,163.8436,73965.00
2025-11-26 10:55:00-05:00,163.81,163.85,162.62,163.51,68938.00
2025-11-26 11:00:00-05:00,163.3564,164.07,163.2082,163.82,54032.00
2025-11-26 11:05:00-05:00,163.8155,164.47,163.56,164.24,48822.00
2025-11-26 11:10:00-05:00,164.03,164.44,163.4067,163.525,53274.00
2025-11-26 11:15:00-05:00,163.4,163.6114,162.6957,163.16,56721.00
2025-11-26 11:20:00-05:00,162.95,163.35,162.73,163.03,66440.00
2025-11-26 11:25:00-05:00,162.95,163.27,162.725,163,62989.00
2025-11-26 11:30:00-05:00,163.03,163.47,162.76,163.37,38173.00
2025-11-26 11:35:00-05:00,163.225,163.8257,163.22,163.605,31702.00
2025-11-26 11:40:00-05:00,163.7699,163.7699,163.023,163.07,32704.00
2025-11-26 11:45:00-05:00,163.155,163.25,162.32,162.3449,59978.00
2025-11-26 11:50:00-05:00,162.2232,162.49,161.8,162.3,48881.00
2025-11-26 11:55:00-05:00,162.19,162.44,161.6699,161.7,35012.00
2025-11-26 12:00:00-05:00,161.7,162.1,161.1201,161.8713,50526.00
2025-11-26 12:05:00-05:00,161.991,162.8,161.6174,162.02,37316.00
2025-11-26 12:10:00-05:00,162.1,162.78,161.96,162.12,68808.00
2025-11-26 12:15:00-05:00,162.065,162.065,161.25,161.67,26606.00
2025-11-26 12:20:00-05:00,161.7916,163,161.6712,162.9,51629.00
2025-11-26 12:25:00-05:00,162.87,162.97,162.5,162.7122,22872.00
2025-11-26 12:30:00-05:00,162.605,162.94,162.1642,162.56,21757.00
2025-11-26 12:35:00-05:00,162.73,163.03,162.34,163,32203.00
2025-11-26 12:40:00-05:00,163.06,163.62,162.915,163.3162,30841.00
2025-11-26 12:45:00-05:00,163.5,163.54,162.95,163.05,23513.00
2025-11-26 12:50:00-05:00,162.895,162.93,162.575,162.7494,19879.00
2025-11-26 12:55:00-05:00,162.65,163.26,162.5988,162.98,21678.00
2025-11-26 13:00:00-05:00,162.92,163.47,162.785,163.39,10458.00
2025-11-26 13:05:00-05:00,163.31,163.77,162.155,162.73,44336.00
2025-11-26 13:10:00-05:00,162.5,163.62,162.5,163.5062,24910.00
2025-11-26 13:15:00-05:00,163.69,163.69,163.34,163.435,19338.00
2025-11-26 13:20:00-05:00,163.24,163.69,163.1188,163.58,19510.00
2025-11-26 13:25:00-05:00,163.58,164.1,163.45,163.895,24506.00
2025-11-26 13:30:00-05:00,164,164,163.43,163.505,21025.00
2025-11-26 13:35:00-05:00,163.48,164.06,163.465,163.85,45789.00
2025-11-26 13:40:00-05:00,163.785,163.904,163.4,163.51,28713.00
2025-11-26 13:45:00-05:00,163.5425,163.91,163.5,163.905,24832.00
2025-11-26 13:50:00-05:00,163.835,164.17,163.71,163.961,29850.00
2025-11-26 13:55:00-05:00,163.76,163.825,163.22,163.59,21752.00
2025-11-26 14:00:00-05:00,163.59,164.09,163.43,164.09,23324.00
2025-11-26 14:05:00-05:00,163.73,164.14,163.685,164.03,23577.00
2025-11-26 14:10:00-05:00,164.09,164.47,163.74,164.46,30839.00
2025-11-26 14:15:00-05:00,164.35,164.44,164.2,164.34,29796.00
2025-11-26 14:20:00-05:00,164.34,164.74,164.25,164.73,25028.00
2025-11-26 14:25:00-05:00,164.755,165.35,164.6301,164.81,65250.00
2025-11-26 14:30:00-05:00,164.81,165.45,164.81,165.175,40717.00
2025-11-26 14:35:00-05:00,165.1725,165.39,164.7673,165.09,44121.00
2025-11-26 14:40:00-05:00,165.09,165.3999,164.89,165.08,45456.00
2025-11-26 14:45:00-05:00,165.07,165.44,164.99,165.16,23517.00
2025-11-26 14:50:00-05:00,165.12,165.43,164.89,165.42,34105.00
2025-11-26 14:55:00-05:00,165.3192,166.18,165.2799,166.085,55071.00
2025-11-26 15:00:00-05:00,166.06,166.54,166.05,166.45,52621.00
2025-11-26 15:05:00-05:00,166.445,166.445,165.569,166.26,47370.00
2025-11-26 15:10:00-05:00,166.26,166.46,166.0558,166.215,47576.00
2025-11-26 15:15:00-05:00,166.215,166.47,166,166.35,41410.00
2025-11-26 15:20:00-05:00,166.39,166.62,166.19,166.395,42766.00
2025-11-26 15:25:00-05:00,166.33,166.48,166.1,166.305,39690.00
2025-11-26 15:30:00-05:00,166.305,166.98,166.2,166.265,81380.00
2025-11-26 15:35:00-05:00,166.42,166.45,166.1052,166.415,57858.00
2025-11-26 15:40:00-05:00,166.44,166.66,165.852,165.86,74262.00
2025-11-26 15:45:00-05:00,165.915,166,165.48,165.675,87377.00
2025-11-26 15:50:00-05:00,165.62,166.32,165.03,165.03,181330.00
2025-11-26 15:55:00-05:00,165,165.175,163.54,164.07,435918.00
2025-11-28 09:30:00-05:00,167.5,171.35,167.48,170.33,302434.00
2025-11-28 09:35:00-05:00,170.52,172.47,169.7,172.155,266735.00
2025-11-28 09:40:00-05:00,172.155,174.04,171.02,172.4,333189.00
2025-11-28 09:45:00-05:00,172.1499,173.98,171.47,173.74,186600.00
2025-11-28 09:50:00-05:00,173.66,174.45,172.275,174.2,228322.00
2025-11-28 09:55:00-05:00,174.31,174.74,173.72,174.52,198761.00
2025-11-28 10:00:00-05:00,174.34,174.97,173.3956,174.24,158756.00
2025-11-28 10:05:00-05:00,174.08,175.54,173.7901,175.33,129983.00
2025-11-28 10:10:00-05:00,175.4,175.73,173.765,174.76,134638.00
2025-11-28 10:15:00-05:00,174.86,175.21,174.49,174.87,82976.00
2025-11-28 10:20:00-05:00,174.91,175.564,174.71,175.48,85674.00
2025-11-28 10:25:00-05:00,175.34,175.34,173.21,174.13,107568.00
2025-11-28 10:30:00-05:00,174.1175,174.825,173.39,174.745,68196.00
2025-11-28 10:35:00-05:00,174.77,174.77,173.9,174.475,70911.00
2025-11-28 10:40:00-05:00,174.56,175.23,174.2,174.32,58241.00
2025-11-28 10:45:00-05:00,174.23,175.3,173.96,175.26,66976.00
2025-11-28 10:50:00-05:00,175.29,175.42,174.3401,174.765,45121.00
2025-11-28 10:55:00-05:00,174.765,174.81,173.43,173.65,70650.00
2025-11-28 11:00:00-05:00,173.56,174.26,173.4,173.955,71159.00
2025-11-28 11:05:00-05:00,173.94,174.95,173.7601,174.945,49695.00
2025-11-28 11:10:00-05:00,174.67,175.58,174.67,174.87,70395.00
2025-11-28 11:15:00-05:00,174.73,175.02,174.42,174.84,40119.00
2025-11-28 11:20:00-05:00,174.785,175.415,174.62,175.415,57148.00
2025-11-28 11:25:00-05:00,175.41,175.415,174.695,175.29,38361.00
2025-11-28 11:30:00-05:00,175.215,176.47,175.01,176.4,81432.00
2025-11-28 11:35:00-05:00,176.29,177.11,175.9001,176.745,83456.00
2025-11-28 11:40:00-05:00,176.8,177.12,176.41,176.68,93445.00
2025-11-28 11:45:00-05:00,176.66,177.11,176.135,176.28,86986.00
2025-11-28 11:50:00-05:00,176.37,176.62,176.18,176.3,106671.00
2025-11-28 11:55:00-05:00,176.3,176.3,175.86,176.15,67977.00
2025-11-28 12:00:00-05:00,176.08,176.41,175.4901,176.39,61730.00
2025-11-28 12:05:00-05:00,176.4,177.13,175.742,176.16,87093.00
2025-11-28 12:10:00-05:00,176.01,176.56,175.93,176.355,53898.00
2025-11-28 12:15:00-05:00,176.27,176.35,175.7,176.04,95949.00
2025-11-28 12:20:00-05:00,176.075,176.15,175.69,175.935,82349.00
2025-11-28 12:25:00-05:00,175.89,176.17,175.47,175.9,96039.00
2025-11-28 12:30:00-05:00,175.89,175.89,175.3675,175.64,71746.00
2025-11-28 12:35:00-05:00,175.65,175.87,174.605,174.66,91234.00
2025-11-28 12:40:00-05:00,174.69,174.89,174.51,174.58,91312.00
2025-11-28 12:45:00-05:00,174.53,174.93,174.53,174.54,100743.00
2025-11-28 12:50:00-05:00,174.59,176.125,174.59,176.11,151709.00
2025-11-28 12:55:00-05:00,176.06,177.98,176.06,177.71,528748.00
2025-11-28 13:00:00-05:00,177.6,177.6,177.6,177.6,502683.00
2025-12-01 09:30:00-05:00,172.022,175.45,171.51,174.425,332747.00
2025-12-01 09:35:00-05:00,174.6,176.74,173.405,174.39,280710.00
2025-12-01 09:40:00-05:00,174.36,175.59,172.109,173.655,168371.00
2025-12-01 09:45:00-05:00,173.65,177.57,173.0501,177.47,236163.00
2025-12-01 09:50:00-05:00,177.47,180.72,177.47,180.3,329877.00
2025-12-01 09:55:00-05:00,180.4,181.785,180.07,180.8501,247147.00
2025-12-01 10:00:00-05:00,181.1,181.57,179.235,180.01,266659.00
2025-12-01 10:05:00-05:00,179.96,183.69,179.6005,183.415,165529.00
2025-12-01 10:10:00-05:00,183.415,183.485,180.3,180.5,254271.00
2025-12-01 10:15:00-05:00,180.5,181.35,179.55,180.73,153032.00
2025-12-01 10:20:00-05:00,180.72,181,178.36,178.564,96107.00
2025-12-01 10:25:00-05:00,178.915,180.35,178.49,179.47,79652.00
2025-12-01 10:30:00-05:00,179.56,180.57,178.81,179.365,86702.00
2025-12-01 10:35:00-05:00,179.365,180.05,178.5,179.84,68217.00
2025-12-01 10:40:00-05:00,180,180.14,178.0901,178.78,54226.00
2025-12-01 10:45:00-05:00,178.84,179.2535,178.4,178.41,47261.00
2025-12-01 10:50:00-05:00,178.358,179.859,178.358,179.66,81619.00
2025-12-01 10:55:00-05:00,179.595,179.6199,178.49,178.8078,60686.00
2025-12-01 11:00:00-05:00,178.98,180.0199,178.5,179.4,65898.00
2025-12-01 11:05:00-05:00,179.32,179.334,178.199,179.06,63844.00
2025-12-01 11:10:00-05:00,178.88,179.07,177.9,178.44,63092.00
2025-12-01 11:15:00-05:00,178.2078,178.65,177.9,177.985,53370.00
2025-12-01 11:20:00-05:00,178.065,179,178.04,178.12,62010.00
2025-12-01 11:25:00-05:00,178.215,178.36,177.69,177.78,54014.00
2025-12-01 11:30:00-05:00,177.885,178.31,177.75,177.93,51727.00
2025-12-01 11:35:00-05:00,177.81,178.17,177.21,177.38,42842.00
2025-12-01 11:40:00-05:00,177.39,177.61,176.92,176.925,48240.00
2025-12-01 11:45:00-05:00,176.98,178,176.6,177.76,72983.00
2025-12-01 11:50:00-05:00,177.79,177.99,177.48,177.514,37049.00
2025-12-01 11:55:00-05:00,177.52,178.14,177.42,178,47646.00
2025-12-01 12:00:00-05:00,178,178.79,177.96,178.71,63734.00
2025-12-01 12:05:00-05:00,178.73,179,178.38,178.55,42377.00
2025-12-01 12:10:00-05:00,178.4863,179.14,178.1592,178.1592,40081.00
2025-12-01 12:15:00-05:00,178.4,178.47,177.8,177.935,27681.00
2025-12-01 12:20:00-05:00,177.85,178.63,177.77,178.36,38792.00
2025-12-01 12:25:00-05:00,178.53,178.96,178.245,178.27,39331.00
2025-12-01 12:30:00-05:00,178.44,179.01,178.19,178.8305,36875.00
2025-12-01 12:35:00-05:00,178.97,179.205,178.6474,178.92,36630.00
2025-12-01 12:40:00-05:00,178.79,179.05,178.255,178.255,38451.00
2025-12-01 12:45:00-05:00,178.245,178.9,178.1477,178.6,34391.00
2025-12-01 12:50:00-05:00,178.58,178.59,178.06,178.17,46984.00
2025-12-01 12:55:00-05:00,178.155,178.46,177.61,177.61,43913.00
2025-12-01 13:00:00-05:00,177.61,178.19,177.2462,177.29,42951.00
2025-12-01 13:05:00-05:00,177.3,177.91,177.22,177.8,32715.00
2025-12-01 13:10:00-05:00,177.765,178.36,177.6301,178.32,41860.00
2025-12-01 13:15:00-05:00,178.27,178.3369,177.75,178.1,83948.00
2025-12-01 13:20:00-05:00,178.095,178.24,177.22,178.07,99147.00
2025-12-01 13:25:00-05:00,178.07,178.72,177.929,178.7,37212.00
2025-12-01 13:30:00-05:00,178.71,179.6,178.71,179.6,76059.00
2025-12-01 13:35:00-05:00,179.49,180.04,178.25,178.275,84676.00
2025-12-01 13:40:00-05:00,178.275,178.53,178.0001,178.19,43870.00
2025-12-01 13:45:00-05:00,178.165,179.005,178.08,178.78,55694.00
2025-12-01 13:50:00-05:00,178.78,179.56,178.78,179.56,53602.00
2025-12-01 13:55:00-05:00,179.4,179.61,178.86,178.86,73482.00
2025-12-01 14:00:00-05:00,178.86,178.91,178.13,178.61,60569.00
2025-12-01 14:05:00-05:00,178.605,178.605,177.685,177.75,40058.00
2025-12-01 14:10:00-05:00,177.86,178.13,177.3294,177.98,31008.00
2025-12-01 14:15:00-05:00,177.98,178.1,176.2318,176.74,68043.00
2025-12-01 14:20:00-05:00,176.765,177.28,176.55,176.605,65593.00
2025-12-01 14:25:00-05:00,176.605,176.945,176.1401,176.335,38210.00
2025-12-01 14:30:00-05:00,176.335,176.39,175.08,175.98,71992.00
2025-12-01 14:35:00-05:00,176.13,176.9,176.03,176.89,57922.00
2025-12-01 14:40:00-05:00,177,177.12,176.38,176.57,53567.00
2025-12-01 14:45:00-05:00,176.54,176.57,176.03,176.4544,39608.00
2025-12-01 14:50:00-05:00,176.49,176.89,176.28,176.49,38641.00
2025-12-01 14:55:00-05:00,176.365,176.365,175.8,175.965,49049.00
2025-12-01 15:00:00-05:00,176.11,176.26,175.86,175.95,66460.00
2025-12-01 15:05:00-05:00,175.94,176.41,175.94,176.18,58076.00
2025-12-01 15:10:00-05:00,176.29,177.035,176.11,176.19,71256.00
2025-12-01 15:15:00-05:00,176.2,176.57,175.335,175.6,78351.00
2025-12-01 15:20:00-05:00,175.62,176,174.687,174.755,134766.00
2025-12-01 15:25:00-05:00,174.72,174.9,173.62,173.65,144028.00
2025-12-01 15:30:00-05:00,173.65,174.0503,173,173.325,150692.00
2025-12-01 15:35:00-05:00,173.35,173.93,173.3,173.665,121444.00
2025-12-01 15:40:00-05:00,173.67,173.82,173.18,173.745,122092.00
2025-12-01 15:45:00-05:00,173.745,174.65,173.5301,174.4,165651.00
2025-12-01 15:50:00-05:00,174.45,174.6938,173.1,173.39,302275.00
2025-12-01 15:55:00-05:00,173.36,173.36,171.21,171.491,847497.00
2025-12-02 09:30:00-05:00,195.635,207,186.83,206.12,2047605.00
2025-12-02 09:35:00-05:00,206.08,210.8,203.71,208.8,1214606.00
2025-12-02 09:40:00-05:00,208.98,213.8,208.55,210.05,722136.00
2025-12-02 09:45:00-05:00,210.41,212.5,208.6,209.13,516281.00
2025-12-02 09:50:00-05:00,209.13,211.99,208.02,211.53,436590.00
2025-12-02 09:55:00-05:00,211.5078,213.35,209.35,212.41,279456.00
2025-12-02 10:00:00-05:00,212.41,213.6,207,208.4,326892.00
2025-12-02 10:05:00-05:00,208.5,208.5,204.71,206.2316,368633.00
2025-12-02 10:10:00-05:00,206.28,206.389,201.425,202.94,466492.00
2025-12-02 10:15:00-05:00,202.91,205.0386,201.2,203.49,287751.00
2025-12-02 10:20:00-05:00,203.46,203.79,199.75,200.5,263729.00
2025-12-02 10:25:00-05:00,200.69,201.99,199.51,201.8029,232970.00
2025-12-02 10:30:00-05:00,201.67,201.67,197.42,197.68,264492.00
2025-12-02 10:35:00-05:00,197.9499,198.21,193.62,193.9999,433726.00
2025-12-02 10:40:00-05:00,193.88,197.8699,193.7,196.035,300195.00
2025-12-02 10:45:00-05:00,196.04,199.36,194.149,198.345,258090.00
2025-12-02 10:50:00-05:00,198.345,199.34,195.1,195.6975,221784.00
2025-12-02 10:55:00-05:00,195.695,196,192.51,193.19,285115.00
2025-12-02 11:00:00-05:00,193.42,195.15,192.25,194.67,201713.00
2025-12-02 11:05:00-05:00,194.6,195.5,191.33,192.1958,178644.00
2025-12-02 11:10:00-05:00,192.01,193.69,190.51,192.5,233501.00
2025-12-02 11:15:00-05:00,192.42,194.77,192.13,194.525,134633.00
2025-12-02 11:20:00-05:00,194.25,195.58,193.61,194.405,141121.00
2025-12-02 11:25:00-05:00,194.26,195.86,193.78,194.58,134125.00
2025-12-02 11:30:00-05:00,194.58,196,193.99,195.22,169471.00
2025-12-02 11:35:00-05:00,195.325,198.9125,195.1,198.9125,163987.00
2025-12-02 11:40:00-05:00,198.875,200.682,196.34,197.355,218628.00
2025-12-02 11:45:00-05:00,197.355,199.69,196.74,197.47,109069.00
2025-12-02 11:50:00-05:00,197.95,198.8812,197.38,198.04,80785.00
2025-12-02 11:55:00-05:00,197.83,199.4,196.04,196.57,146655.00
2025-12-02 12:00:00-05:00,196.83,197.45,195.57,196.085,94907.00
2025-12-02 12:05:00-05:00,196,196.46,194.03,195.26,96668.00
2025-12-02 12:10:00-05:00,195.2,195.82,194.63,195.075,80118.00
2025-12-02 12:15:00-05:00,195.0605,195.85,194.26,194.88,89450.00
2025-12-02 12:20:00-05:00,194.88,194.88,193.1368,193.29,81953.00
2025-12-02 12:25:00-05:00,193.1,195.4025,192.87,195.15,108722.00
2025-12-02 12:30:00-05:00,194.86,195.8031,193.61,194.595,67908.00
2025-12-02 12:35:00-05:00,194.745,195.24,193.93,194.34,65021.00
2025-12-02 12:40:00-05:00,194.4199,195.6475,193.92,195.12,85904.00
2025-12-02 12:45:00-05:00,195.2,195.829,194.83,195.245,53946.00
2025-12-02 12:50:00-05:00,195.31,195.35,193.5873,194.63,66402.00
2025-12-02 12:55:00-05:00,194.635,194.74,192.71,193.34,82490.00
2025-12-02 13:00:00-05:00,193.2,196.42,193.04,196.4099,120037.00
2025-12-02 13:05:00-05:00,195.99,197.51,195.581,197.315,91637.00
2025-12-02 13:10:00-05:00,197.5,197.79,196.9501,197.205,84517.00
2025-12-02 13:15:00-05:00,197.1862,197.82,196.9,197.67,81929.00
2025-12-02 13:20:00-05:00,197.75,198.5,197.27,197.8555,86492.00
2025-12-02 13:25:00-05:00,197.9,198.8899,197.3,198.44,73512.00
2025-12-02 13:30:00-05:00,198.32,198.56,197.7,198.12,62780.00
2025-12-02 13:35:00-05:00,198.1,198.1,196.51,196.74,66231.00
2025-12-02 13:40:00-05:00,196.7079,198.41,196.45,196.8975,82242.00
2025-12-02 13:45:00-05:00,196.91,196.975,195.21,195.9934,75550.00
2025-12-02 13:50:00-05:00,195.95,196.13,195.15,195.465,46403.00
2025-12-02 13:55:00-05:00,195.38,195.465,194.6,194.6712,70903.00
2025-12-02 14:00:00-05:00,194.8,195.23,194.26,195.23,78267.00
2025-12-02 14:05:00-05:00,195.15,195.33,193.81,194.33,84714.00
2025-12-02 14:10:00-05:00,194.23,194.27,193.38,193.9925,45896.00
2025-12-02 14:15:00-05:00,194.15,194.39,193.66,193.85,49633.00
2025-12-02 14:20:00-05:00,193.82,194.64,193.5,193.65,54901.00
2025-12-02 14:25:00-05:00,193.639,193.97,192.8601,193.535,65571.00
2025-12-02 14:30:00-05:00,193.47,194,193.13,193.5,46848.00
2025-12-02 14:35:00-05:00,193.39,193.55,191.6,191.685,107163.00
2025-12-02 14:40:00-05:00,191.66,192.18,191.32,191.675,79396.00
2025-12-02 14:45:00-05:00,191.675,191.8,190.73,190.815,134421.00
2025-12-02 14:50:00-05:00,190.815,191.9415,190.515,191.0671,72092.00
2025-12-02 14:55:00-05:00,190.86,193.2159,190.66,192.68,136655.00
2025-12-02 15:00:00-05:00,192.725,192.83,191.3891,191.845,53796.00
2025-12-02 15:05:00-05:00,191.9799,192.06,190.77,191.275,118957.00
2025-12-02 15:10:00-05:00,191.275,191.5,190.4,190.525,78994.00
2025-12-02 15:15:00-05:00,190.59,191.01,189.77,190.765,123216.00
2025-12-02 15:20:00-05:00,190.68,190.9,190.1201,190.425,61688.00
2025-12-02 15:25:00-05:00,190.27,191.21,189.038,189.44,122174.00
2025-12-02 15:30:00-05:00,189.365,189.85,188.7103,189.72,92794.00
2025-12-02 15:35:00-05:00,189.72,189.87,189.14,189.36,83445.00
2025-12-02 15:40:00-05:00,189.3,189.64,189.164,189.43,77702.00
2025-12-02 15:45:00-05:00,189.4,189.97,188.08,189.62,144185.00
2025-12-02 15:50:00-05:00,189.66,191.49,189.41,190.56,205656.00
2025-12-02 15:55:00-05:00,190.3,190.32,188.07,188.16,473636.00
2025-12-03 09:30:00-05:00,188.365,189.73,177.98,178.325,711250.00
2025-12-03 09:35:00-05:00,177.98,181.4,177.21,177.715,355273.00
2025-12-03 09:40:00-05:00,177.6,180.81,176,178.01,220114.00
2025-12-03 09:45:00-05:00,178.5,179.65,176,179.22,267376.00
2025-12-03 09:50:00-05:00,179.3,179.99,177.6,178.0238,210695.00
2025-12-03 09:55:00-05:00,177.92,181.58,177.6,180.13,185026.00
2025-12-03 10:00:00-05:00,180.42,184.0873,180.42,183.781,201486.00
2025-12-03 10:05:00-05:00,183.6,184.73,183.15,183.38,165404.00
2025-12-03 10:10:00-05:00,183.35,184.1025,181.2501,182.1,94369.00
2025-12-03 10:15:00-05:00,182.41,185.21,182.34,183.4,121426.00
2025-12-03 10:20:00-05:00,183.5337,185.39,183.5337,185.17,59619.00
2025-12-03 10:25:00-05:00,184.98,185.3,183.225,183.3114,48424.00
2025-12-03 10:30:00-05:00,183.4228,184.61,182.99,184.13,60245.00
2025-12-03 10:35:00-05:00,184.45,186.71,184.175,186.115,96656.00
2025-12-03 10:40:00-05:00,186.245,187.08,186,186.713,148310.00
2025-12-03 10:45:00-05:00,186.59,186.6437,185.71,185.71,49532.00
2025-12-03 10:50:00-05:00,185.76,186.25,184.56,185.085,68568.00
2025-12-03 10:55:00-05:00,184.85,185.4999,183.7027,184.23,51500.00
2025-12-03 11:00:00-05:00,184.19,185.45,183.96,184.7302,52826.00
2025-12-03 11:05:00-05:00,184.62,184.65,182.59,182.7725,62308.00
2025-12-03 11:10:00-05:00,182.75,183.24,182,182.565,56753.00
2025-12-03 11:15:00-05:00,182.565,183.555,182.39,183.54,43180.00
2025-12-03 11:20:00-05:00,183.2337,183.9215,182.65,182.685,43994.00
2025-12-03 11:25:00-05:00,182.705,182.84,181.585,182.335,45790.00
2025-12-03 11:30:00-05:00,182.35,183.14,181.5,181.8259,95514.00
2025-12-03 11:35:00-05:00,181.53,182.2282,180.75,181.175,73809.00
2025-12-03 11:40:00-05:00,181,181.5,180.45,180.695,69485.00
2025-12-03 11:45:00-05:00,180.69,181,179.75,180.29,52965.00
2025-12-03 11:50:00-05:00,180.06,180.16,179,179.16,56001.00
2025-12-03 11:55:00-05:00,179,179.8,178.97,179.66,47973.00
2025-12-03 12:00:00-05:00,179.605,181.06,179.605,180.8301,81004.00
2025-12-03 12:05:00-05:00,181,181.85,180.72,181.6951,43545.00
2025-12-03 12:10:00-05:00,181.851,182.72,181,182.59,43285.00
2025-12-03 12:15:00-05:00,182.6905,182.89,182.39,182.88,37520.00
2025-12-03 12:20:00-05:00,182.75,182.75,181.96,182.37,34832.00
2025-12-03 12:25:00-05:00,182.37,182.55,181.975,182.43,22640.00
2025-12-03 12:30:00-05:00,182.3,182.44,181.03,181.235,28752.00
2025-12-03 12:35:00-05:00,181.235,181.99,181.235,181.97,28397.00
2025-12-03 12:40:00-05:00,181.9,182.67,181.8,182.125,30530.00
2025-12-03 12:45:00-05:00,182.115,182.69,181.99,182.635,25776.00
2025-12-03 12:50:00-05:00,182.6962,183.18,182.38,183.06,35363.00
2025-12-03 12:55:00-05:00,183.06,183.46,182.18,182.406,35113.00
2025-12-03 13:00:00-05:00,182.44,183,182.44,182.73,27929.00
2025-12-03 13:05:00-05:00,182.73,182.88,182,182.19,24212.00
2025-12-03 13:10:00-05:00,182.165,182.7,181.9201,182.21,41561.00
2025-12-03 13:15:00-05:00,182.265,182.67,182.051,182.39,18827.00
2025-12-03 13:20:00-05:00,182.5,182.74,181.9232,182.014,27636.00
2025-12-03 13:25:00-05:00,182.16,182.5999,182.16,182.22,12467.00
2025-12-03 13:30:00-05:00,182.23,183.1299,182.19,183.1299,25285.00
2025-12-03 13:35:00-05:00,183.01,183.37,182.59,183.315,35869.00
2025-12-03 13:40:00-05:00,183.3278,184.13,183.17,183.845,41024.00
2025-12-03 13:45:00-05:00,183.57,183.645,183.03,183.365,43292.00
2025-12-03 13:50:00-05:00,183.47,184.21,183.3,183.83,58094.00
2025-12-03 13:55:00-05:00,183.83,183.83,183.25,183.49,26365.00
2025-12-03 14:00:00-05:00,183.67,184.78,183.5,184.76,42305.00
2025-12-03 14:05:00-05:00,184.71,185.1076,184.525,184.83,39321.00
2025-12-03 14:10:00-05:00,184.76,185.432,184.44,184.915,59056.00
2025-12-03 14:15:00-05:00,184.91,185.62,184.91,185.23,37325.00
2025-12-03 14:20:00-05:00,185.3,185.53,185.16,185.235,31282.00
2025-12-03 14:25:00-05:00,185.235,185.75,185.0101,185.635,31018.00
2025-12-03 14:30:00-05:00,185.635,186.05,185.5301,185.73,42660.00
2025-12-03 14:35:00-05:00,185.6933,185.9099,185.14,185.49,36464.00
2025-12-03 14:40:00-05:00,185.4,185.82,185.12,185.7,36518.00
2025-12-03 14:45:00-05:00,185.54,186.1457,185.39,185.79,53424.00
2025-12-03 14:50:00-05:00,185.725,186.2,185.6001,185.75,38419.00
2025-12-03 14:55:00-05:00,185.73,186.47,185.68,186.32,40471.00
2025-12-03 15:00:00-05:00,186.26,186.77,185.72,185.72,50343.00
2025-12-03 15:05:00-05:00,185.64,186.18,185.535,186.07,57641.00
2025-12-03 15:10:00-05:00,186.07,186.82,186.07,186.82,40451.00
2025-12-03 15:15:00-05:00,186.875,186.88,186.14,186.245,44589.00
2025-12-03 15:20:00-05:00,186.36,186.54,186.197,186.285,31564.00
2025-12-03 15:25:00-05:00,186.285,186.85,186.08,186.85,52915.00
2025-12-03 15:30:00-05:00,186.775,186.775,186.25,186.4,42417.00
2025-12-03 15:35:00-05:00,186.415,186.58,186.06,186.21,45253.00
2025-12-03 15:40:00-05:00,186.199,187.05,186.19,186.59,64587.00
2025-12-03 15:45:00-05:00,186.63,187.66,186.63,187.66,84007.00
2025-12-03 15:50:00-05:00,187.71,189.49,187.62,188.58,249742.00
2025-12-03 15:55:00-05:00,188.77,190.41,188.55,189.22,611509.00
2025-12-04 09:30:00-05:00,187,188.7714,183.94,185.57,199837.00
2025-12-04 09:35:00-05:00,187.1625,189.0399,185.57,187.92,108848.00
2025-12-04 09:40:00-05:00,188.22,189.18,186.6903,187.4586,81600.00
2025-12-04 09:45:00-05:00,187.25,187.43,183.58,185.345,100621.00
2025-12-04 09:50:00-05:00,185.35,185.5,182.6101,183.375,93545.00
2025-12-04 09:55:00-05:00,183.575,183.94,181.21,181.405,89426.00
2025-12-04 10:00:00-05:00,181.32,181.64,180.07,181.215,187215.00
2025-12-04 10:05:00-05:00,181.1307,181.295,180.11,180.8308,100678.00
2025-12-04 10:10:00-05:00,180.58,180.7723,178.26,179.1,213800.00
2025-12-04 10:15:00-05:00,179.27,181.45,178.55,181.1,107174.00
2025-12-04 10:20:00-05:00,181,181.9999,180.74,181.165,80286.00
2025-12-04 10:25:00-05:00,181.05,181.71,180.234,181.51,79528.00
2025-12-04 10:30:00-05:00,181.62,181.73,180.05,180.67,62465.00
2025-12-04 10:35:00-05:00,180.67,181.32,180.1756,180.4075,72753.00
2025-12-04 10:40:00-05:00,180.41,180.46,179.01,179.4,87051.00
2025-12-04 10:45:00-05:00,179.4429,179.8,178.58,179.04,84324.00
2025-12-04 10:50:00-05:00,179.0985,179.87,178.85,179.54,56683.00
2025-12-04 10:55:00-05:00,179.545,179.545,176.5,176.89,195935.00
2025-12-04 11:00:00-05:00,176.89,177.59,176.69,177.355,125541.00
2025-12-04 11:05:00-05:00,177.355,178.64,177.28,178.33,74466.00
2025-12-04 11:10:00-05:00,178.36,179.08,177.675,178.86,43888.00
2025-12-04 11:15:00-05:00,178.855,178.855,177.8,178.5,51226.00
2025-12-04 11:20:00-05:00,178.31,179.02,178.26,178.78,69976.00
2025-12-04 11:25:00-05:00,178.78,178.87,177.7,178.87,82157.00
2025-12-04 11:30:00-05:00,178.7052,179.17,178.57,178.695,56113.00
2025-12-04 11:35:00-05:00,178.5368,179.5,178.5,179.39,67484.00
2025-12-04 11:40:00-05:00,179.39,180.46,179.13,179.21,55473.00
2025-12-04 11:45:00-05:00,179.4,180.49,179.21,180.205,34650.00
2025-12-04 11:50:00-05:00,180.144,181.3962,179.95,181.2561,56115.00
2025-12-04 11:55:00-05:00,181.315,182.11,181.3,181.885,47789.00
2025-12-04 12:00:00-05:00,181.885,183.677,181.8213,183.64,70411.00
2025-12-04 12:05:00-05:00,183.52,184.849,183.21,184.64,139637.00
2025-12-04 12:10:00-05:00,184.65,184.76,183,183.72,117552.00
2025-12-04 12:15:00-05:00,183.785,183.785,182.648,182.865,37011.00
2025-12-04 12:20:00-05:00,182.865,183.06,181.1796,181.44,36126.00
2025-12-04 12:25:00-05:00,181.44,182.59,181.2885,182.55,57504.00
2025-12-04 12:30:00-05:00,182.31,184.125,182.01,183.95,46649.00
2025-12-04 12:35:00-05:00,183.98,184.155,183.17,183.32,33432.00
2025-12-04 12:40:00-05:00,183.27,184.69,183.205,184.5465,29694.00
2025-12-04 12:45:00-05:00,184.46,184.558,183.84,183.955,34669.00
2025-12-04 12:50:00-05:00,183.975,184.64,183.6934,184.5,44495.00
2025-12-04 12:55:00-05:00,184.51,184.59,183.5001,184.2,54022.00
2025-12-04 13:00:00-05:00,184.21,184.26,182.58,183.51,39471.00
2025-12-04 13:05:00-05:00,183.4925,184.55,182.91,184.4,42517.00
2025-12-04 13:10:00-05:00,184.55,185.14,183.745,185,58596.00
2025-12-04 13:15:00-05:00,185.0354,185.38,184.19,184.295,46848.00
2025-12-04 13:20:00-05:00,184.46,184.82,184.17,184.59,26588.00
2025-12-04 13:25:00-05:00,184.78,184.9,183.5943,184.48,37904.00
2025-12-04 13:30:00-05:00,184.35,184.56,184.15,184.41,21633.00
2025-12-04 13:35:00-05:00,184.35,184.6,183.79,183.945,58442.00
2025-12-04 13:40:00-05:00,184.06,184.06,183.435,183.515,24838.00
2025-12-04 13:45:00-05:00,183.63,183.7218,183.3,183.3,15149.00
2025-12-04 13:50:00-05:00,183.2615,183.899,182.73,183.665,29254.00
2025-12-04 13:55:00-05:00,183.5,184.21,183.31,183.8597,22288.00
2025-12-04 14:00:00-05:00,183.72,183.8899,183.22,183.41,15621.00
2025-12-04 14:05:00-05:00,183.41,183.46,182.58,183.15,27762.00
2025-12-04 14:10:00-05:00,182.9974,183.42,182.3717,182.75,21280.00
2025-12-04 14:15:00-05:00,182.51,182.7202,182.1,182.1685,24780.00
2025-12-04 14:20:00-05:00,182.185,182.2015,181.36,181.73,40189.00
2025-12-04 14:25:00-05:00,181.77,183.67,181.77,183.19,47925.00
2025-12-04 14:30:00-05:00,183.3151,184,182.93,183.72,26525.00
2025-12-04 14:35:00-05:00,183.72,183.9099,183.085,183.325,36166.00
2025-12-04 14:40:00-05:00,183.32,183.59,182.8,183.1,33039.00
2025-12-04 14:45:00-05:00,182.965,182.965,182.46,182.585,26454.00
2025-12-04 14:50:00-05:00,182.68,183,182.45,182.6439,21635.00
2025-12-04 14:55:00-05:00,182.71,182.8399,182.07,182.225,25223.00
2025-12-04 15:00:00-05:00,182.2,182.33,181.54,181.54,26111.00
2025-12-04 15:05:00-05:00,181.685,181.95,180.8087,181.6446,39813.00
2025-12-04 15:10:00-05:00,181.84,182.28,181.66,182.07,30313.00
2025-12-04 15:15:00-05:00,182.02,182.13,181.03,181.21,36314.00
2025-12-04 15:20:00-05:00,181.205,181.31,180.5,180.745,57088.00
2025-12-04 15:25:00-05:00,180.63,181.24,180.63,180.845,40489.00
2025-12-04 15:30:00-05:00,180.79,181.01,180.62,180.775,48832.00
2025-12-04 15:35:00-05:00,180.95,180.95,180.1,180.2,59611.00
2025-12-04 15:40:00-05:00,180.285,180.45,180,180.33,66729.00
2025-12-04 15:45:00-05:00,180.305,180.9468,180.16,180.45,57976.00
2025-12-04 15:50:00-05:00,180.51,181.8426,180.195,180.5,120828.00
2025-12-04 15:55:00-05:00,180.9,181.21,180.395,180.96,273703.00
2025-12-05 09:30:00-05:00,185.17,186.5,182.7,184.51,207329.00
2025-12-05 09:35:00-05:00,184.82,185.98,182.28,182.28,77142.00
2025-12-05 09:40:00-05:00,182.3,184.4384,180.6003,183.76,101439.00
2025-12-05 09:45:00-05:00,183.755,184.7027,182.06,182.365,81159.00
2025-12-05 09:50:00-05:00,182.3725,182.39,180.79,181.395,72650.00
2025-12-05 09:55:00-05:00,181.05,181.09,179.68,179.95,66486.00
2025-12-05 10:00:00-05:00,180.14,180.24,179,179.585,80180.00
2025-12-05 10:05:00-05:00,179.585,180.68,179.52,180.5,58213.00
2025-12-05 10:10:00-05:00,180.53,181.72,180.24,180.98,79695.00
2025-12-05 10:15:00-05:00,180.9,181.9899,180.87,181.355,66151.00
2025-12-05 10:20:00-05:00,181.355,181.355,179.5901,179.795,54302.00
2025-12-05 10:25:00-05:00,179.795,180.37,179.1087,179.6,46373.00
2025-12-05 10:30:00-05:00,179.7,179.9599,178.76,179.2768,45752.00
2025-12-05 10:35:00-05:00,179.19,179.56,177.23,177.23,58147.00
2025-12-05 10:40:00-05:00,177.43,178.42,177.28,177.88,47655.00
2025-12-05 10:45:00-05:00,177.86,178.58,177.3,178.44,42875.00
2025-12-05 10:50:00-05:00,178.38,178.43,177.3407,178.29,49462.00
2025-12-05 10:55:00-05:00,178.15,178.93,177.65,178.6001,40495.00
2025-12-05 11:00:00-05:00,178.77,179.01,177.42,177.5556,53477.00
2025-12-05 11:05:00-05:00,177.52,177.93,175.68,175.83,109420.00
2025-12-05 11:10:00-05:00,175.77,175.9,174.3,174.43,169467.00
2025-12-05 11:15:00-05:00,174.37,175.3,173.9,174.8548,67709.00
2025-12-05 11:20:00-05:00,174.73,175.84,174.5054,174.851,60126.00
2025-12-05 11:25:00-05:00,174.93,176.05,174.93,175.885,66064.00
2025-12-05 11:30:00-05:00,175.76,175.785,174.6,175.115,61723.00
2025-12-05 11:35:00-05:00,174.93,175.795,174.315,175.605,48656.00
2025-12-05 11:40:00-05:00,175.42,176.73,175.07,176.38,42840.00
2025-12-05 11:45:00-05:00,176.445,177.49,176.221,177.02,57497.00
2025-12-05 11:50:00-05:00,177.27,177.8,176.9001,177.64,25239.00
2025-12-05 11:55:00-05:00,177.6672,177.78,176.89,176.89,39179.00
2025-12-05 12:00:00-05:00,176.765,177.061,175.68,176.7,76837.00
2025-12-05 12:05:00-05:00,176.7,176.91,176.14,176.55,30807.00
2025-12-05 12:10:00-05:00,176.84,176.84,175.511,176.3619,43278.00
2025-12-05 12:15:00-05:00,176.235,177.27,176.235,176.88,29129.00
2025-12-05 12:20:00-05:00,176.88,177.39,176.88,177.1682,36844.00
2025-12-05 12:25:00-05:00,177.155,177.2,176.4742,176.56,26873.00
2025-12-05 12:30:00-05:00,176.56,176.7,175.41,175.84,36547.00
2025-12-05 12:35:00-05:00,175.605,176.5,175.37,176.2,28732.00
2025-12-05 12:40:00-05:00,176.135,176.79,176.125,176.5,15208.00
2025-12-05 12:45:00-05:00,176.525,176.99,176.25,176.97,21300.00
2025-12-05 12:50:00-05:00,176.957,177.91,176.865,177.55,38175.00
2025-12-05 12:55:00-05:00,177.47,177.47,177.13,177.28,32744.00
2025-12-05 13:00:00-05:00,177.31,177.32,176.585,176.7,38410.00
2025-12-05 13:05:00-05:00,176.7,177.7068,176.55,177.5044,49085.00
2025-12-05 13:10:00-05:00,177.635,177.85,177.3,177.62,28203.00
2025-12-05 13:15:00-05:00,177.67,178.5,177.6137,177.95,57681.00
2025-12-05 13:20:00-05:00,178.0075,178.93,177.9473,178.61,47256.00
2025-12-05 13:25:00-05:00,178.56,179.2,178.555,179.05,40373.00
2025-12-05 13:30:00-05:00,179.09,179.0965,178.67,178.8691,22074.00
2025-12-05 13:35:00-05:00,178.94,179.14,178.74,179.04,28980.00
2025-12-05 13:40:00-05:00,178.87,178.93,177.83,178.82,50129.00
2025-12-05 13:45:00-05:00,178.69,178.69,177.9,178.25,21115.00
2025-12-05 13:50:00-05:00,178.155,178.155,177.8,178.08,23214.00
2025-12-05 13:55:00-05:00,178,178.11,177.67,177.685,17321.00
2025-12-05 14:00:00-05:00,177.685,177.685,176.67,176.92,44433.00
2025-12-05 14:05:00-05:00,177.115,177.25,176.59,176.82,19951.00
2025-12-05 14:10:00-05:00,176.82,177.32,176.736,177.195,26304.00
2025-12-05 14:15:00-05:00,177.1537,177.57,176.9022,177.1,28785.00
2025-12-05 14:20:00-05:00,177.105,177.25,176.95,177.0515,24890.00
2025-12-05 14:25:00-05:00,177.015,177.56,176.85,177.42,31954.00
2025-12-05 14:30:00-05:00,177.2696,177.39,176.4,176.42,32822.00
2025-12-05 14:35:00-05:00,176.4,177.13,176.18,177.13,91169.00
2025-12-05 14:40:00-05:00,177.13,177.13,176.3,176.41,22585.00
2025-12-05 14:45:00-05:00,176.41,176.68,176.2901,176.5175,26116.00
2025-12-05 14:50:00-05:00,176.54,176.75,176.28,176.41,18461.00
2025-12-05 14:55:00-05:00,176.31,176.64,175.822,176.63,37765.00
2025-12-05 15:00:00-05:00,176.63,176.7179,176.05,176.47,25804.00
2025-12-05 15:05:00-05:00,176.41,176.83,176.28,176.785,20789.00
2025-12-05 15:10:00-05:00,176.7824,176.7824,176.32,176.395,28104.00
2025-12-05 15:15:00-05:00,176.25,176.58,176,176.2,54657.00
2025-12-05 15:20:00-05:00,176.22,176.22,175.5,175.685,37982.00
2025-12-05 15:25:00-05:00,175.685,175.94,175.44,175.6,37689.00
2025-12-05 15:30:00-05:00,175.55,175.775,175.35,175.62,41980.00
2025-12-05 15:35:00-05:00,175.615,175.68,175.14,175.29,39800.00
2025-12-05 15:40:00-05:00,175.23,175.75,175,175.715,66577.00
2025-12-05 15:45:00-05:00,175.71,175.71,174.86,175.195,113869.00
2025-12-05 15:50:00-05:00,175.14,176.24,174.83,176.15,134150.00
2025-12-05 15:55:00-05:00,176.24,177.25,175.64,175.99,449660.00
2025-12-08 09:30:00-05:00,179.54,181,177.85,178.34,225973.00
2025-12-08 09:35:00-05:00,178.44,179.3799,176.91,177.8,101957.00
2025-12-08 09:40:00-05:00,177.5,178.21,176.6469,177.79,83255.00
2025-12-08 09:45:00-05:00,177.99,179.01,177.109,178.68,120644.00
2025-12-08 09:50:00-05:00,178.6587,179.27,177.5,177.695,131522.00
2025-12-08 09:55:00-05:00,177.6,177.7,174.48,175.22,126201.00
2025-12-08 10:00:00-05:00,175.22,175.93,174.75,175.8,63073.00
2025-12-08 10:05:00-05:00,175.74,175.74,171.51,171.71,181466.00
2025-12-08 10:10:00-05:00,171.51,171.7699,170.05,171.26,265118.00
2025-12-08 10:15:00-05:00,171.24,172.471,170.38,171.37,158211.00
2025-12-08 10:20:00-05:00,171.2,172.11,170.89,171.08,59342.00
2025-12-08 10:25:00-05:00,171.07,171.3004,170.0901,170.63,75600.00
2025-12-08 10:30:00-05:00,170.49,172,170.02,171.595,93733.00
2025-12-08 10:35:00-05:00,171.6512,172,170.91,171.43,58195.00
2025-12-08 10:40:00-05:00,171.3615,172.1799,171.33,171.4156,42843.00
2025-12-08 10:45:00-05:00,171.5,172.0399,171.28,171.28,43081.00
2025-12-08 10:50:00-05:00,171.6,171.959,170.82,171.24,44078.00
2025-12-08 10:55:00-05:00,171.1,171.1,170.0801,170.36,57959.00
2025-12-08 11:00:00-05:00,170.7402,170.7402,169.39,169.7535,125050.00
2025-12-08 11:05:00-05:00,169.71,170.382,169.44,170.2,38786.00
2025-12-08 11:10:00-05:00,170.2,171.12,170,170.51,62635.00
2025-12-08 11:15:00-05:00,170.28,170.5155,169.96,170.28,43475.00
2025-12-08 11:20:00-05:00,170.19,170.6549,170.14,170.36,52131.00
2025-12-08 11:25:00-05:00,170.26,171.8246,170.2,171.6701,78802.00
2025-12-08 11:30:00-05:00,171.625,172.3263,171.15,171.68,54709.00
2025-12-08 11:35:00-05:00,171.6449,173.33,171.51,172.48,69426.00
2025-12-08 11:40:00-05:00,172.8599,172.8599,171.51,172.439,38837.00
2025-12-08 11:45:00-05:00,172.435,173.2613,172.34,172.94,45542.00
2025-12-08 11:50:00-05:00,172.83,173.2108,171.71,172.1113,34505.00
2025-12-08 11:55:00-05:00,172.07,172.47,171.89,172.19,27871.00
2025-12-08 12:00:00-05:00,172.06,172.37,171.61,171.625,30678.00
2025-12-08 12:05:00-05:00,171.57,172.08,171.57,171.72,38526.00
2025-12-08 12:10:00-05:00,171.81,172.01,171.67,172,25398.00
2025-12-08 12:15:00-05:00,171.93,172.17,171.11,171.33,57676.00
2025-12-08 12:20:00-05:00,171.27,171.89,171.2,171.86,22193.00
2025-12-08 12:25:00-05:00,171.73,172.015,171.12,171.705,35362.00
2025-12-08 12:30:00-05:00,171.705,172.17,171.7,172.005,38165.00
2025-12-08 12:35:00-05:00,171.92,172,171.5,171.605,26265.00
2025-12-08 12:40:00-05:00,171.56,172,171.34,171.46,24549.00
2025-12-08 12:45:00-05:00,171.42,171.89,171.12,171.89,20546.00
2025-12-08 12:50:00-05:00,171.8315,172.63,171.72,172.46,34575.00
2025-12-08 12:55:00-05:00,172.42,174.59,172.21,173.715,65499.00
2025-12-08 13:00:00-05:00,173.715,174.39,173.61,173.94,31949.00
2025-12-08 13:05:00-05:00,174.01,174.87,174.01,174.62,54384.00
2025-12-08 13:10:00-05:00,174.75,174.86,174.29,174.43,54412.00
2025-12-08 13:15:00-05:00,174.3512,174.8196,173.907,174.3075,39477.00
2025-12-08 13:20:00-05:00,174.26,174.98,174.1,174.8425,31754.00
2025-12-08 13:25:00-05:00,174.73,175.29,174.35,175.03,49388.00
2025-12-08 13:30:00-05:00,174.89,175.17,174.5228,174.67,43584.00
2025-12-08 13:35:00-05:00,174.57,175.84,174.46,175.69,92368.00
2025-12-08 13:40:00-05:00,175.6,175.6308,175.14,175.54,21815.00
2025-12-08 13:45:00-05:00,175.465,175.69,174.9743,175.42,25005.00
2025-12-08 13:50:00-05:00,175.485,175.67,174.9,175.36,25173.00
2025-12-08 13:55:00-05:00,175.49,175.49,174.66,175.03,37864.00
2025-12-08 14:00:00-05:00,174.9,174.95,173.92,174.255,38096.00
2025-12-08 14:05:00-05:00,174.255,174.89,174.06,174.52,33111.00
2025-12-08 14:10:00-05:00,174.61,175,174.465,174.95,19763.00
2025-12-08 14:15:00-05:00,175.06,175.53,175.05,175.5,22902.00
2025-12-08 14:20:00-05:00,175.36,175.6,175.09,175.235,22103.00
2025-12-08 14:25:00-05:00,175.235,175.5,175,175.185,25138.00
2025-12-08 14:30:00-05:00,175.1755,176.2,175.1755,176.1995,40605.00
2025-12-08 14:35:00-05:00,176.15,176.88,176.15,176.6099,56944.00
2025-12-08 14:40:00-05:00,176.61,177.2094,176.45,176.995,56934.00
2025-12-08 14:45:00-05:00,176.9,177.02,176.3,176.685,35151.00
2025-12-08 14:50:00-05:00,176.51,177.33,176.28,177.22,39150.00
2025-12-08 14:55:00-05:00,177.22,177.22,176.55,176.805,29068.00
2025-12-08 15:00:00-05:00,177,177,176.22,176.62,33154.00
2025-12-08 15:05:00-05:00,176.23,176.75,176.1,176.75,32937.00
2025-12-08 15:10:00-05:00,176.5,176.99,176.5,176.97,28479.00
2025-12-08 15:15:00-05:00,176.8075,176.98,176.65,176.89,29801.00
2025-12-08 15:20:00-05:00,176.8,177.15,176.8,177.0693,36338.00
2025-12-08 15:25:00-05:00,177.0325,177.12,176.46,176.69,38867.00
2025-12-08 15:30:00-05:00,176.69,176.98,176.52,176.825,36307.00
2025-12-08 15:35:00-05:00,176.825,176.88,176.24,176.465,39834.00
2025-12-08 15:40:00-05:00,176.44,177.19,176.41,177.005,46048.00
2025-12-08 15:45:00-05:00,177.005,177.83,177.005,177.61,99828.00
2025-12-08 15:50:00-05:00,177.59,179.14,177.59,178,170209.00
2025-12-08 15:55:00-05:00,177.93,179.19,177.7,179.06,479785.00
2025-12-09 09:30:00-05:00,175.36,176.5084,173.42,175.48,103002.00
2025-12-09 09:35:00-05:00,175.015,176.7365,175,176.175,43047.00
2025-12-09 09:40:00-05:00,176.04,176.175,173.66,174.195,68747.00
2025-12-09 09:45:00-05:00,174.25,174.38,170.16,171.69,222860.00
2025-12-09 09:50:00-05:00,171.6,173.1899,170.3619,170.775,169699.00
2025-12-09 09:55:00-05:00,171,171.69,170.1676,171.1101,143888.00
2025-12-09 10:00:00-05:00,171.1,172.29,170.6,171.535,133623.00
2025-12-09 10:05:00-05:00,171.54,171.98,171.3,171.33,55454.00
2025-12-09 10:10:00-05:00,171.32,171.85,170.3,171.16,67453.00
2025-12-09 10:15:00-05:00,171.15,171.7,170.43,171.64,70593.00
2025-12-09 10:20:00-05:00,171.6,172.26,171.21,171.48,72240.00
2025-12-09 10:25:00-05:00,171.465,172.29,170.835,172.0525,47380.00
2025-12-09 10:30:00-05:00,172.16,172.1836,171.07,171.585,34730.00
2025-12-09 10:35:00-05:00,171.335,172.2,171.3,172.01,45344.00
2025-12-09 10:40:00-05:00,172.015,172.49,171.7,172.29,43260.00
2025-12-09 10:45:00-05:00,172.43,172.5,170.56,171.0897,48738.00
2025-12-09 10:50:00-05:00,171.16,171.82,171.02,171.2425,32526.00
2025-12-09 10:55:00-05:00,171.42,171.58,170.6634,171.14,42218.00
2025-12-09 11:00:00-05:00,171.09,171.94,170.475,170.54,64570.00
2025-12-09 11:05:00-05:00,170.5097,171.57,170.4723,170.84,53824.00
2025-12-09 11:10:00-05:00,170.88,171.48,170.6,171.28,53166.00
2025-12-09 11:15:00-05:00,171.26,171.36,170.64,170.71,34030.00
2025-12-09 11:20:00-05:00,170.7,170.775,168.75,169.69,195020.00
2025-12-09 11:25:00-05:00,169.555,170.02,169.22,169.567,55972.00
2025-12-09 11:30:00-05:00,169.355,169.65,168.55,169.04,87000.00
2025-12-09 11:35:00-05:00,169.14,169.27,168.2,168.3,60714.00
2025-12-09 11:40:00-05:00,168.22,168.57,167.75,168.05,79423.00
2025-12-09 11:45:00-05:00,168.22,169.1606,168.05,169,54726.00
2025-12-09 11:50:00-05:00,169.15,169.6349,168.83,169.3799,37045.00
2025-12-09 11:55:00-05:00,169.4,169.45,168.92,169.245,28139.00
2025-12-09 12:00:00-05:00,169.24,169.7499,168.85,169.625,35525.00
2025-12-09 12:05:00-05:00,169.56,170.084,169.3,169.63,34644.00
2025-12-09 12:10:00-05:00,169.64,169.76,169.35,169.52,20919.00
2025-12-09 12:15:00-05:00,169.5,169.58,168.9589,168.96,23449.00
2025-12-09 12:20:00-05:00,169.115,169.28,168.55,168.75,36049.00
2025-12-09 12:25:00-05:00,168.7976,169.03,168.7,168.87,25509.00
2025-12-09 12:30:00-05:00,169.02,169.02,168.16,168.4633,30061.00
2025-12-09 12:35:00-05:00,168.41,168.8499,168.11,168.83,31113.00
2025-12-09 12:40:00-05:00,168.83,169.26,168.72,169.02,30238.00
2025-12-09 12:45:00-05:00,169.332,169.461,168.92,168.96,26154.00
2025-12-09 12:50:00-05:00,168.94,169.3455,168.35,168.88,58637.00
2025-12-09 12:55:00-05:00,168.79,169.74,168.65,169.57,42163.00
2025-12-09 13:00:00-05:00,169.5975,169.64,168.69,168.94,44244.00
2025-12-09 13:05:00-05:00,168.94,168.9988,168.4974,168.6128,22447.00
2025-12-09 13:10:00-05:00,168.5,168.98,168.5,168.72,20795.00
2025-12-09 13:15:00-05:00,168.875,169.295,168.875,169.21,36536.00
2025-12-09 13:20:00-05:00,169.17,169.175,168.85,168.85,11887.00
2025-12-09 13:25:00-05:00,168.85,168.875,168.47,168.65,25871.00
2025-12-09 13:30:00-05:00,168.72,168.9892,168.45,168.48,22146.00
2025-12-09 13:35:00-05:00,168.5,168.5,167.18,168.03,93567.00
2025-12-09 13:40:00-05:00,168.09,168.48,167.9125,168.3532,23368.00
2025-12-09 13:45:00-05:00,168.43,169.78,168.425,169.7145,57047.00
2025-12-09 13:50:00-05:00,169.63,169.95,169.4248,169.4248,36183.00
2025-12-09 13:55:00-05:00,169.42,169.66,169.26,169.56,20762.00
2025-12-09 14:00:00-05:00,169.585,169.7,168.8982,169.44,28531.00
2025-12-09 14:05:00-05:00,169.0101,169.6112,168.63,169.5,22863.00
2025-12-09 14:10:00-05:00,169.555,170.11,169.465,169.9535,35286.00
2025-12-09 14:15:00-05:00,169.93,171.71,169.93,171.645,99155.00
2025-12-09 14:20:00-05:00,171.645,172.58,171.22,171.62,81851.00
2025-12-09 14:25:00-05:00,171.57,172.0599,171.57,171.7,52845.00
2025-12-09 14:30:00-05:00,171.84,171.95,171.355,171.4801,28868.00
2025-12-09 14:35:00-05:00,171.41,171.59,171.16,171.29,24683.00
2025-12-09 14:40:00-05:00,171.284,171.47,170.53,170.64,45656.00
2025-12-09 14:45:00-05:00,170.8284,170.86,170.4,170.67,23731.00
2025-12-09 14:50:00-05:00,170.61,171.23,170.58,171.03,37602.00
2025-12-09 14:55:00-05:00,171,171.67,170.97,171.56,55096.00
2025-12-09 15:00:00-05:00,171.56,171.94,171.47,171.87,40712.00
2025-12-09 15:05:00-05:00,171.8825,172.21,171.58,172.12,49703.00
2025-12-09 15:10:00-05:00,172.175,173.25,171.82,172.145,135832.00
2025-12-09 15:15:00-05:00,171.99,172.07,171.64,171.9699,23466.00
2025-12-09 15:20:00-05:00,171.5301,171.745,170.99,171.02,32760.00
2025-12-09 15:25:00-05:00,171.01,171.48,170.57,170.895,33748.00
2025-12-09 15:30:00-05:00,170.91,171.32,170.8,171.145,26450.00
2025-12-09 15:35:00-05:00,171.07,171.4699,170.92,170.92,49150.00
2025-12-09 15:40:00-05:00,170.89,170.93,169.94,170.415,83897.00
2025-12-09 15:45:00-05:00,170.6099,170.91,169.75,169.82,47602.00
2025-12-09 15:50:00-05:00,169.82,172,169.82,171.86,111218.00
2025-12-09 15:55:00-05:00,171.6,171.6174,170.18,170.19,199193.00
2025-12-10 09:30:00-05:00,168.27,169.64,165.12,165.62,244861.00
2025-12-10 09:35:00-05:00,165.38,166.98,164.15,165.635,144404.00
2025-12-10 09:40:00-05:00,165.77,167.5,165.51,166.975,79339.00
2025-12-10 09:45:00-05:00,166.975,167.68,165.15,166.005,64826.00
2025-12-10 09:50:00-05:00,165.79,166.8325,163.5,164.1,126711.00
2025-12-10 09:55:00-05:00,164.07,165.36,162.74,165.06,133856.00
2025-12-10 10:00:00-05:00,165.125,165.74,164.87,165.29,83972.00
2025-12-10 10:05:00-05:00,165.75,165.75,163.26,163.4565,87330.00
2025-12-10 10:10:00-05:00,163.21,163.4704,161.4,161.8478,191206.00
2025-12-10 10:15:00-05:00,161.81,162.32,161.24,161.385,146784.00
2025-12-10 10:20:00-05:00,161.385,162.56,161.0001,162.015,123716.00
2025-12-10 10:25:00-05:00,162.035,162.6,161.34,162.6,60564.00
2025-12-10 10:30:00-05:00,162.425,163.22,162.13,162.45,68406.00
2025-12-10 10:35:00-05:00,162.43,162.91,161.58,161.58,97153.00
2025-12-10 10:40:00-05:00,161.69,161.69,160.73,160.81,125529.00
2025-12-10 10:45:00-05:00,160.8,161.74,160.77,161.545,61502.00
2025-12-10 10:50:00-05:00,161.38,162.1,161.38,162,56700.00
2025-12-10 10:55:00-05:00,161.85,162.82,161.44,162.285,87236.00
2025-12-10 11:00:00-05:00,162.31,162.31,161.22,161.5,38547.00
2025-12-10 11:05:00-05:00,161.5443,162.23,161.29,161.92,47521.00
2025-12-10 11:10:00-05:00,161.9955,162.2814,160.05,160.335,113657.00
2025-12-10 11:15:00-05:00,160.26,160.6123,160.02,160.1,85505.00
2025-12-10 11:20:00-05:00,160.2,160.469,159.5701,160.26,137496.00
2025-12-10 11:25:00-05:00,160.07,160.7336,159.85,160.08,79420.00
2025-12-10 11:30:00-05:00,160.145,160.44,159,159.25,125134.00
2025-12-10 11:35:00-05:00,159.41,159.77,158.68,159.145,113701.00
2025-12-10 11:40:00-05:00,159.1093,159.35,158.68,158.97,95893.00
2025-12-10 11:45:00-05:00,158.94,159.3499,158.6,159.215,54664.00
2025-12-10 11:50:00-05:00,159.215,159.77,158.804,158.98,74384.00
2025-12-10 11:55:00-05:00,158.92,159.04,158.03,158.33,72519.00
2025-12-10 12:00:00-05:00,158.33,158.4599,157.73,158.38,103583.00
2025-12-10 12:05:00-05:00,158.31,158.9999,158.225,158.34,73048.00
2025-12-10 12:10:00-05:00,158.43,158.98,157.8648,158.7725,103652.00
2025-12-10 12:15:00-05:00,158.66,158.82,157.955,157.975,66344.00
2025-12-10 12:20:00-05:00,157.9,157.9,157.03,157.225,103020.00
2025-12-10 12:25:00-05:00,157.2999,157.2999,156.7,156.955,114439.00
2025-12-10 12:30:00-05:00,156.91,157.17,156.695,156.895,68999.00
2025-12-10 12:35:00-05:00,156.8458,157.37,156.73,156.95,77069.00
2025-12-10 12:40:00-05:00,156.89,157.9999,156.78,157.7625,100978.00
2025-12-10 12:45:00-05:00,157.835,158.3,157.52,157.9089,72138.00
2025-12-10 12:50:00-05:00,157.93,158.54,157.885,158.455,69135.00
2025-12-10 12:55:00-05:00,158.455,159.64,158.23,159.28,83119.00
2025-12-10 13:00:00-05:00,159.24,159.38,158.05,158.38,63378.00
2025-12-10 13:05:00-05:00,158.315,158.49,158.05,158.4246,25430.00
2025-12-10 13:10:00-05:00,158.3989,158.53,158.07,158.24,43857.00
2025-12-10 13:15:00-05:00,158.24,158.6,158.13,158.29,38753.00
2025-12-10 13:20:00-05:00,158.3006,158.31,157.7,157.8125,43072.00
2025-12-10 13:25:00-05:00,157.82,157.935,157.4,157.87,62141.00
2025-12-10 13:30:00-05:00,157.835,158.3199,157.45,157.63,67396.00
2025-12-10 13:35:00-05:00,157.6155,158.0504,157.6155,157.825,44958.00
2025-12-10 13:40:00-05:00,157.825,158.08,157.64,157.91,41391.00
2025-12-10 13:45:00-05:00,157.96,158.35,157.2172,157.775,70318.00
2025-12-10 13:50:00-05:00,157.6863,157.85,156.985,157.2983,92915.00
2025-12-10 13:55:00-05:00,157.235,157.33,156.01,156.79,148754.00
2025-12-10 14:00:00-05:00,156.92,158.99,156.62,157.94,175273.00
2025-12-10 14:05:00-05:00,157.99,160.225,157.9158,159.44,171307.00
2025-12-10 14:10:00-05:00,159.3519,159.7499,158.7,159.06,73161.00
2025-12-10 14:15:00-05:00,158.88,159.5057,157.8995,158.34,83955.00
2025-12-10 14:20:00-05:00,158.23,158.7,156.5,156.609,66742.00
2025-12-10 14:25:00-05:00,156.68,157,155.5,156.102,223804.00
2025-12-10 14:30:00-05:00,156.03,157.6,155.93,157.42,237644.00
2025-12-10 14:35:00-05:00,157.24,158.259,156.41,156.7,110660.00
2025-12-10 14:40:00-05:00,156.65,157.09,155.51,156.965,134285.00
2025-12-10 14:45:00-05:00,156.82,157.67,156.65,156.66,113490.00
2025-12-10 14:50:00-05:00,156.6,158.38,156.18,158.2,111580.00
2025-12-10 14:55:00-05:00,158.26,159.4,157.63,158.98,138558.00
2025-12-10 15:00:00-05:00,159.03,159.23,157.26,158.4,106713.00
2025-12-10 15:05:00-05:00,158.5,158.5,157.29,157.91,66630.00
2025-12-10 15:10:00-05:00,158,158.29,157.62,157.74,63123.00
2025-12-10 15:15:00-05:00,157.75,157.92,156.7,156.81,90182.00
2025-12-10 15:20:00-05:00,156.73,158.05,156.73,157.89,100355.00
2025-12-10 15:25:00-05:00,158,158.74,157.6,157.645,135133.00
2025-12-10 15:30:00-05:00,157.6275,157.77,156.65,156.68,113532.00
2025-12-10 15:35:00-05:00,156.68,157.45,156.61,157.345,85929.00
2025-12-10 15:40:00-05:00,157.29,157.95,157.285,157.635,84792.00
2025-12-10 15:45:00-05:00,157.59,158.1,157.1301,157.445,91887.00
2025-12-10 15:50:00-05:00,157.45,158,156.73,157.88,218955.00
2025-12-10 15:55:00-05:00,158,158.98,157.73,157.82,420018.00
2025-12-11 09:30:00-05:00,159.6,160.27,156.0001,156.56,282864.00
2025-12-11 09:35:00-05:00,156.755,159.5299,156.69,157,138335.00
2025-12-11 09:40:00-05:00,156.81,157.09,155.54,156.01,98025.00
2025-12-11 09:45:00-05:00,155.9332,156.8,153.6,154.325,145351.00
2025-12-11 09:50:00-05:00,154.295,154.99,153.05,153.375,115710.00
2025-12-11 09:55:00-05:00,153.375,154.1499,151,151.02,244250.00
2025-12-11 10:00:00-05:00,151.205,153.69,150.37,153.425,226977.00
2025-12-11 10:05:00-05:00,153.59,155.72,153.16,155.635,136541.00
2025-12-11 10:10:00-05:00,155.45,155.45,154.1,154.215,76012.00
2025-12-11 10:15:00-05:00,154.05,155.1701,153.94,154.35,85055.00
2025-12-11 10:20:00-05:00,154.405,155.16,154.31,154.9,78281.00
2025-12-11 10:25:00-05:00,154.69,154.954,152.52,152.85,78218.00
2025-12-11 10:30:00-05:00,152.8,153.62,152.37,152.86,76270.00
2025-12-11 10:35:00-05:00,152.74,152.87,152.15,152.31,75232.00
2025-12-11 10:40:00-05:00,152.255,152.275,151,151.2,85624.00
2025-12-11 10:45:00-05:00,151.3035,151.98,150.8,150.87,66387.00
2025-12-11 10:50:00-05:00,150.81,151.52,150.05,151.1743,168607.00
2025-12-11 10:55:00-05:00,151.1775,151.4799,150.82,151.005,111833.00
2025-12-11 11:00:00-05:00,150.99,151.26,150.2401,150.885,85449.00
2025-12-11 11:05:00-05:00,150.885,150.885,149.32,149.585,149703.00
2025-12-11 11:10:00-05:00,149.585,150.2435,149.585,149.9,105386.00
2025-12-11 11:15:00-05:00,149.92,150.2,149.27,149.85,89980.00
2025-12-11 11:20:00-05:00,149.75,149.94,148.88,149.94,160234.00
2025-12-11 11:25:00-05:00,149.795,149.8315,148.86,149.105,93125.00
2025-12-11 11:30:00-05:00,149.075,149.5099,148.93,149.13,109198.00
2025-12-11 11:35:00-05:00,149.11,149.6099,149.01,149.42,91986.00
2025-12-11 11:40:00-05:00,149.42,151.19,149.36,150.8576,147145.00
2025-12-11 11:45:00-05:00,150.85,151.14,150.476,150.6,63962.00
2025-12-11 11:50:00-05:00,150.42,150.65,150.0101,150.32,40110.00
2025-12-11 11:55:00-05:00,150.49,151.17,150.38,150.855,42592.00
2025-12-11 12:00:00-05:00,150.855,151.76,150.855,151.5,57917.00
2025-12-11 12:05:00-05:00,151.432,151.47,150.71,150.8401,41488.00
2025-12-11 12:10:00-05:00,150.92,151.59,150.72,151.27,27315.00
2025-12-11 12:15:00-05:00,151.28,152.64,151.16,152.2782,76417.00
2025-12-11 12:20:00-05:00,152.3,152.61,152.03,152.455,49171.00
2025-12-11 12:25:00-05:00,152.32,152.785,151.77,151.905,56738.00
2025-12-11 12:30:00-05:00,151.84,152.8,151.84,152.49,40912.00
2025-12-11 12:35:00-05:00,152.63,153.09,152.5,153.005,55615.00
2025-12-11 12:40:00-05:00,153.03,153.62,152.9101,153.27,57265.00
2025-12-11 12:45:00-05:00,153.23,153.45,152.91,152.93,32224.00
2025-12-11 12:50:00-05:00,152.87,152.87,151.8,152.16,42276.00
2025-12-11 12:55:00-05:00,152.14,152.25,151.54,152.15,38304.00
2025-12-11 13:00:00-05:00,152.1315,152.6554,152.045,152.475,28744.00
2025-12-11 13:05:00-05:00,152.36,152.66,152.32,152.44,35412.00
2025-12-11 13:10:00-05:00,152.5,153.1699,152.46,153.06,30105.00
2025-12-11 13:15:00-05:00,152.995,153.3,152.743,153.2493,21585.00
2025-12-11 13:20:00-05:00,153.255,153.33,152.5901,152.72,23779.00
2025-12-11 13:25:00-05:00,152.815,153,152.5,152.51,34178.00
2025-12-11 13:30:00-05:00,152.43,152.54,151.56,151.57,31968.00
2025-12-11 13:35:00-05:00,151.68,152.4,151.68,152.4,64778.00
2025-12-11 13:40:00-05:00,152.555,153.03,152.39,152.95,25054.00
2025-12-11 13:45:00-05:00,152.95,153.1154,152.69,152.825,21704.00
2025-12-11 13:50:00-05:00,152.82,152.85,152.21,152.285,33100.00
2025-12-11 13:55:00-05:00,152.37,153.08,152.3,152.62,36052.00
2025-12-11 14:00:00-05:00,152.46,153.11,152.46,153.1,24550.00
2025-12-11 14:05:00-05:00,153.045,153.33,152.805,153.0588,28572.00
2025-12-11 14:10:00-05:00,153.04,153.336,152.84,153.24,28479.00
2025-12-11 14:15:00-05:00,153.24,153.7035,153.12,153.59,92519.00
2025-12-11 14:20:00-05:00,153.59,153.7799,153.32,153.61,41216.00
2025-12-11 14:25:00-05:00,153.7,153.97,153.68,153.9241,31012.00
2025-12-11 14:30:00-05:00,153.96,154.25,153.79,154.04,36459.00
2025-12-11 14:35:00-05:00,153.91,154.5,153.87,154.3236,42475.00
2025-12-11 14:40:00-05:00,154.09,154.34,153.98,154.04,28056.00
2025-12-11 14:45:00-05:00,153.96,154.075,153.4128,153.53,33043.00
2025-12-11 14:50:00-05:00,153.66,154.4299,153.37,153.4079,73980.00
2025-12-11 14:55:00-05:00,153.43,153.5413,153.11,153.3,28880.00
2025-12-11 15:00:00-05:00,153.24,153.9499,153.13,153.75,37941.00
2025-12-11 15:05:00-05:00,153.71,154.52,153.5575,153.865,70693.00
2025-12-11 15:10:00-05:00,153.5,154.11,153.39,153.835,44050.00
2025-12-11 15:15:00-05:00,153.805,154.25,153.72,153.97,58816.00
2025-12-11 15:20:00-05:00,153.94,154.48,153.87,154.0618,64159.00
2025-12-11 15:25:00-05:00,153.94,153.99,153.21,153.225,38243.00
2025-12-11 15:30:00-05:00,153.22,153.42,152.64,152.84,54764.00
2025-12-11 15:35:00-05:00,152.69,153.12,152.69,153.0101,62132.00
2025-12-11 15:40:00-05:00,153.01,153.08,152.54,152.785,66252.00
2025-12-11 15:45:00-05:00,152.69,152.8,152.35,152.705,76777.00
2025-12-11 15:50:00-05:00,152.78,154.78,152.78,154.52,174903.00
2025-12-11 15:55:00-05:00,154.52,154.78,153.79,154.45,421130.00
2025-12-12 09:30:00-05:00,151,152.5499,149.5,151.5825,136386.00
2025-12-12 09:35:00-05:00,151.3,154,151.02,152.51,116076.00
2025-12-12 09:40:00-05:00,152.5,153.3027,148.81,148.81,104683.00
2025-12-12 09:45:00-05:00,148.81,150.06,148.08,148.27,187940.00
2025-12-12 09:50:00-05:00,148.335,149.6875,147.91,149.31,175370.00
2025-12-12 09:55:00-05:00,149.12,149.6,147.53,148.125,129229.00
2025-12-12 10:00:00-05:00,148.13,148.16,145.595,145.7499,187118.00
2025-12-12 10:05:00-05:00,145.99,147.2,145.6,146.335,136019.00
2025-12-12 10:10:00-05:00,146.6,147.74,146.525,146.65,105213.00
2025-12-12 10:15:00-05:00,146.68,147.9399,146.26,147.685,65655.00
2025-12-12 10:20:00-05:00,147.53,147.8,145.19,145.46,79075.00
2025-12-12 10:25:00-05:00,145.5865,146.08,144.39,144.4889,144327.00
2025-12-12 10:30:00-05:00,144.39,146.905,144.11,146.865,164433.00
2025-12-12 10:35:00-05:00,146.77,147.035,145.85,146.64,103483.00
2025-12-12 10:40:00-05:00,146.23,147.07,145.38,147.06,87060.00
2025-12-12 10:45:00-05:00,147.065,147.61,146.6,146.9,63627.00
2025-12-12 10:50:00-05:00,146.915,147.195,145.61,145.61,49611.00
2025-12-12 10:55:00-05:00,145.68,145.89,144.38,144.955,91112.00
2025-12-12 11:00:00-05:00,144.6,145.66,143.1,143.1,114312.00
2025-12-12 11:05:00-05:00,143.17,144.3549,143.17,143.8,122765.00
2025-12-12 11:10:00-05:00,143.73,144.706,143.31,143.94,92307.00
2025-12-12 11:15:00-05:00,143.94,144.3999,143.15,143.2929,74235.00
2025-12-12 11:20:00-05:00,143.46,143.8,142.49,143.08,140596.00
2025-12-12 11:25:00-05:00,143.09,144.1447,142.73,143.95,79708.00
2025-12-12 11:30:00-05:00,143.91,143.91,142.35,142.74,75213.00
2025-12-12 11:35:00-05:00,142.9201,143.405,142.35,142.81,78103.00
2025-12-12 11:40:00-05:00,142.93,143.95,142.4301,143.916,53890.00
2025-12-12 11:45:00-05:00,143.83,143.97,143.1,143.56,58217.00
2025-12-12 11:50:00-05:00,143.39,143.8,143.05,143.64,56805.00
2025-12-12 11:55:00-05:00,143.59,144,142.81,143.75,71000.00
2025-12-12 12:00:00-05:00,143.7,145.52,143.49,145.265,74794.00
2025-12-12 12:05:00-05:00,145.265,146.77,145.26,146,66585.00
2025-12-12 12:10:00-05:00,145.96,146.56,145.5,146.13,47665.00
2025-12-12 12:15:00-05:00,146.23,147.4599,146.11,147.06,52892.00
2025-12-12 12:20:00-05:00,147.06,147.41,146.1301,146.52,60599.00
2025-12-12 12:25:00-05:00,146.8,146.8,145.02,145.19,93602.00
2025-12-12 12:30:00-05:00,145.29,146.03,144.5,145.84,39325.00
2025-12-12 12:35:00-05:00,145.7,146.5,145.39,146.47,35390.00
2025-12-12 12:40:00-05:00,146.55,146.7876,145.87,145.87,50218.00
2025-12-12 12:45:00-05:00,145.99,147.11,145.99,146.9392,72228.00
2025-12-12 12:50:00-05:00,146.82,147.0166,145.92,146.2928,47855.00
2025-12-12 12:55:00-05:00,146.085,146.365,145.62,145.825,27942.00
2025-12-12 13:00:00-05:00,145.7,146.06,145.25,145.94,27543.00
2025-12-12 13:05:00-05:00,145.94,146.36,145.821,146.3,19553.00
2025-12-12 13:10:00-05:00,146.09,147.66,145.9737,146.65,42858.00
2025-12-12 13:15:00-05:00,146.665,148.48,146.665,147.98,89523.00
2025-12-12 13:20:00-05:00,147.89,148.08,147.285,147.98,64045.00
2025-12-12 13:25:00-05:00,147.97,148.105,146.63,146.88,68554.00
2025-12-12 13:30:00-05:00,147.12,147.22,146.644,147.09,35849.00
2025-12-12 13:35:00-05:00,146.945,147.6299,146.8401,147.07,32641.00
2025-12-12 13:40:00-05:00,147.2319,147.34,146.01,146.21,47664.00
2025-12-12 13:45:00-05:00,146.4,146.9267,146.3475,146.8125,30565.00
2025-12-12 13:50:00-05:00,146.96,147.5396,146.88,147.43,30612.00
2025-12-12 13:55:00-05:00,147.3,147.3,146.1501,146.47,74852.00
2025-12-12 14:00:00-05:00,146.45,146.75,146.0435,146.49,35981.00
2025-12-12 14:05:00-05:00,146.37,146.6063,146,146.17,27156.00
2025-12-12 14:10:00-05:00,146.1,146.39,145.47,145.66,30674.00
2025-12-12 14:15:00-05:00,145.51,146.2,145.395,145.62,45784.00
2025-12-12 14:20:00-05:00,145.8,145.98,145.11,145.945,47302.00
2025-12-12 14:25:00-05:00,146.0193,146.0193,145.41,145.61,28564.00
2025-12-12 14:30:00-05:00,145.74,146.75,145.64,146.555,38689.00
2025-12-12 14:35:00-05:00,146.73,147.18,146.31,146.64,39096.00
2025-12-12 14:40:00-05:00,146.675,146.94,146.57,146.93,32761.00
2025-12-12 14:45:00-05:00,146.99,147,146.57,146.775,50118.00
2025-12-12 14:50:00-05:00,146.72,147,146.35,146.445,40838.00
2025-12-12 14:55:00-05:00,146.47,146.83,146.44,146.79,24798.00
2025-12-12 15:00:00-05:00,146.76,146.99,146.61,146.62,26909.00
2025-12-12 15:05:00-05:00,146.58,146.7951,145.63,145.64,78809.00
2025-12-12 15:10:00-05:00,145.82,146,144.73,144.769,73688.00
2025-12-12 15:15:00-05:00,144.72,144.99,144,144.34,47483.00
2025-12-12 15:20:00-05:00,144.37,144.7,144.19,144.6,55631.00
2025-12-12 15:25:00-05:00,144.625,144.75,144.01,144.265,91025.00
2025-12-12 15:30:00-05:00,144.2625,144.415,143.66,143.9,79753.00
2025-12-12 15:35:00-05:00,143.85,143.88,142.879,143.03,102667.00
2025-12-12 15:40:00-05:00,143.14,143.52,142.92,143.03,102673.00
2025-12-12 15:45:00-05:00,143.05,143.7499,142.81,143.16,125666.00
2025-12-12 15:50:00-05:00,143.28,145.15,143.27,144.995,176714.00
2025-12-12 15:55:00-05:00,144.85,145.12,143.9,143.9,292467.00
2025-12-15 09:30:00-05:00,147.015,147.7838,145.5,145.895,249907.00
2025-12-15 09:35:00-05:00,146.09,147.28,144.1,144.1,154688.00
2025-12-15 09:40:00-05:00,144.25,145.94,144.04,145.24,106883.00
2025-12-15 09:45:00-05:00,145.535,145.88,143.93,144.975,65026.00
2025-12-15 09:50:00-05:00,145.19,145.22,142.21,142.785,129949.00
2025-12-15 09:55:00-05:00,142.8,143.3,142.12,143.01,70789.00
2025-12-15 10:00:00-05:00,143.28,143.63,142.7449,142.78,62186.00
2025-12-15 10:05:00-05:00,142.665,144.36,142.665,143.15,100313.00
2025-12-15 10:10:00-05:00,143.25,145.51,143.12,145.0557,80544.00
2025-12-15 10:15:00-05:00,144.87,145.17,143.43,144,54082.00
2025-12-15 10:20:00-05:00,144.2,145.17,143.2,143.26,52494.00
2025-12-15 10:25:00-05:00,143.43,143.6,142.48,143.08,50661.00
2025-12-15 10:30:00-05:00,142.9,143.95,142.505,143.305,61866.00
2025-12-15 10:35:00-05:00,143.12,143.6745,142.3001,142.51,90139.00
2025-12-15 10:40:00-05:00,142.485,144,142.35,143.895,136730.00
2025-12-15 10:45:00-05:00,143.895,144.655,143.68,144.275,206834.00
2025-12-15 10:50:00-05:00,144.16,144.5,142.42,142.86,45111.00
2025-12-15 10:55:00-05:00,142.865,143.99,142.7654,143.73,40808.00
2025-12-15 11:00:00-05:00,143.96,144.27,143.5901,143.81,26286.00
2025-12-15 11:05:00-05:00,143.94,146.02,143.94,146.02,67660.00
2025-12-15 11:10:00-05:00,145.73,146.28,145,145.1,53093.00
2025-12-15 11:15:00-05:00,145.205,146.2565,145.1,146.1,36424.00
2025-12-15 11:20:00-05:00,146.25,146.78,146.1,146.59,47842.00
2025-12-15 11:25:00-05:00,146.61,146.79,146.07,146.56,40792.00
2025-12-15 11:30:00-05:00,146.365,146.49,145.785,145.92,61441.00
2025-12-15 11:35:00-05:00,146.13,146.2,144.72,144.8925,27464.00
2025-12-15 11:40:00-05:00,144.895,145.23,144.52,144.89,40771.00
2025-12-15 11:45:00-05:00,145.06,145.26,144.26,144.86,24804.00
2025-12-15 11:50:00-05:00,144.94,145.6,144.88,145.6,30490.00
2025-12-15 11:55:00-05:00,145.575,145.75,145,145.53,21730.00
2025-12-15 12:00:00-05:00,145.53,145.5999,144.8,145,20578.00
2025-12-15 12:05:00-05:00,144.98,145.24,144.6,144.7564,14106.00
2025-12-15 12:10:00-05:00,144.51,145.18,144.51,144.875,29062.00
2025-12-15 12:15:00-05:00,144.875,145.32,144.71,145.1275,30538.00
2025-12-15 12:20:00-05:00,145.215,145.69,145.12,145.36,20918.00
2025-12-15 12:25:00-05:00,145.34,145.6,145.24,145.4,21739.00
2025-12-15 12:30:00-05:00,145.38,146.03,145.32,145.78,29094.00
2025-12-15 12:35:00-05:00,145.6975,145.79,145.26,145.485,12659.00
2025-12-15 12:40:00-05:00,145.49,145.9,145.24,145.87,28160.00
2025-12-15 12:45:00-05:00,145.78,145.98,145.4285,145.44,14639.00
2025-12-15 12:50:00-05:00,145.44,145.44,144.285,144.285,37091.00
2025-12-15 12:55:00-05:00,144.33,144.69,144.285,144.47,30796.00
2025-12-15 13:00:00-05:00,144.435,144.435,143.21,144.19,30045.00
2025-12-15 13:05:00-05:00,144.19,144.82,144.18,144.73,28784.00
2025-12-15 13:10:00-05:00,144.82,145.34,144.74,145.21,24364.00
2025-12-15 13:15:00-05:00,145.16,145.42,144.69,144.885,21066.00
2025-12-15 13:20:00-05:00,144.8,144.95,143.928,143.94,25111.00
2025-12-15 13:25:00-05:00,143.93,144.22,143.7,144.22,24221.00
2025-12-15 13:30:00-05:00,144.02,144.4999,143.91,144.07,16856.00
2025-12-15 13:35:00-05:00,144.12,144.38,143.87,144.02,14633.00
2025-12-15 13:40:00-05:00,143.99,144.68,143.91,144.28,21300.00
2025-12-15 13:45:00-05:00,144.48,145.11,144.4,144.985,21134.00
2025-12-15 13:50:00-05:00,144.965,145.28,144.95,145.1492,15700.00
2025-12-15 13:55:00-05:00,145.17,145.6371,145.08,145.1053,18493.00
2025-12-15 14:00:00-05:00,145.0608,145.4115,144.83,145.4115,20207.00
2025-12-15 14:05:00-05:00,145.29,145.569,145.2,145.315,15470.00
2025-12-15 14:10:00-05:00,145.2,145.45,144.8475,144.8475,17162.00
2025-12-15 14:15:00-05:00,144.85,144.95,144.65,144.904,14425.00
2025-12-15 14:20:00-05:00,144.87,144.8734,144.57,144.58,15174.00
2025-12-15 14:25:00-05:00,144.87,144.9,144.56,144.56,13051.00
2025-12-15 14:30:00-05:00,144.62,144.8,144.2,144.4575,28788.00
2025-12-15 14:35:00-05:00,144.5,144.51,143.7,143.76,25195.00
2025-12-15 14:40:00-05:00,143.915,144,143.05,143.08,38521.00
2025-12-15 14:45:00-05:00,143.04,143.29,142.9103,143.15,37504.00
2025-12-15 14:50:00-05:00,143.17,143.24,142.725,143.205,47430.00
2025-12-15 14:55:00-05:00,143.16,143.37,143,143.125,41164.00
2025-12-15 15:00:00-05:00,143.01,143.11,142.34,142.94,43605.00
2025-12-15 15:05:00-05:00,142.97,143.5,142.96,143.443,32047.00
2025-12-15 15:10:00-05:00,143.41,143.625,143.09,143.23,33425.00
2025-12-15 15:15:00-05:00,143.285,143.51,142.96,143.007,33403.00
2025-12-15 15:20:00-05:00,143.08,143.08,142.44,142.72,28646.00
2025-12-15 15:25:00-05:00,142.74,142.74,142.17,142.5325,38510.00
2025-12-15 15:30:00-05:00,142.48,142.52,141.5,141.97,55023.00
2025-12-15 15:35:00-05:00,141.96,142.04,141.71,141.87,69932.00
2025-12-15 15:40:00-05:00,141.78,142,141.55,141.73,56352.00
2025-12-15 15:45:00-05:00,141.84,141.9085,141.14,141.2631,106266.00
2025-12-15 15:50:00-05:00,141.34,142.05,141.06,141.505,186363.00
2025-12-15 15:55:00-05:00,141.51,142.23,141.51,141.95,445854.00
2025-12-16 09:30:00-05:00,139.76,141.7553,139.28,139.915,157772.00
2025-12-16 09:35:00-05:00,139.92,142.3,139.915,141.5,112044.00
2025-12-16 09:40:00-05:00,141.15,142.2,139.48,139.75,105075.00
2025-12-16 09:45:00-05:00,139.79,139.79,137.905,138.49,182045.00
2025-12-16 09:50:00-05:00,138.68,140.835,138.26,139.91,106538.00
2025-12-16 09:55:00-05:00,139.91,141.89,139.91,141.55,63748.00
2025-12-16 10:00:00-05:00,141.4,141.6,140.5,141.47,56481.00
2025-12-16 10:05:00-05:00,141.345,141.95,140.62,141.255,70505.00
2025-12-16 10:10:00-05:00,141.165,141.94,141,141.47,55507.00
2025-12-16 10:15:00-05:00,141.38,141.6725,140.15,140.59,47397.00
2025-12-16 10:20:00-05:00,140.4,141.9,139.95,140.38,47680.00
2025-12-16 10:25:00-05:00,140.1,140.45,138.5,140.3,56820.00
2025-12-16 10:30:00-05:00,140.5,140.8248,139.56,140.75,64919.00
2025-12-16 10:35:00-05:00,140.7313,141.18,139.5,140.11,72328.00
2025-12-16 10:40:00-05:00,139.9,139.91,138,139.335,47310.00
2025-12-16 10:45:00-05:00,139.34,140.2974,139.33,139.42,49326.00
2025-12-16 10:50:00-05:00,139.74,140.5737,139.39,140.27,32891.00
2025-12-16 10:55:00-05:00,140.18,141.13,140.18,140.355,33802.00
2025-12-16 11:00:00-05:00,140.5,140.79,139.1,139.98,48208.00
2025-12-16 11:05:00-05:00,140.03,140.19,138.77,139,49437.00
2025-12-16 11:10:00-05:00,138.76,139.01,138.3,138.51,34172.00
2025-12-16 11:15:00-05:00,138.575,138.83,138.24,138.48,31062.00
2025-12-16 11:20:00-05:00,138.45,139.13,138.17,138.575,25366.00
2025-12-16 11:25:00-05:00,138.45,138.88,138.29,138.675,23579.00
2025-12-16 11:30:00-05:00,138.83,139,138.44,138.55,28246.00
2025-12-16 11:35:00-05:00,138.72,138.83,137.27,137.825,78699.00
2025-12-16 11:40:00-05:00,137.76,138.22,137.43,137.98,25337.00
2025-12-16 11:45:00-05:00,137.97,139.12,137.79,139.055,33518.00
2025-12-16 11:50:00-05:00,139.26,139.47,138.8601,138.8601,28376.00
2025-12-16 11:55:00-05:00,139.01,139.74,138.955,139.37,18011.00
2025-12-16 12:00:00-05:00,139.36,139.8,139.2,139.58,21770.00
2025-12-16 12:05:00-05:00,139.42,139.68,138.7372,138.75,18547.00
2025-12-16 12:10:00-05:00,138.72,138.85,138.39,138.4355,29357.00
2025-12-16 12:15:00-05:00,138.67,138.67,138.2944,138.47,16723.00
2025-12-16 12:20:00-05:00,138.5017,138.6,138.21,138.3172,17610.00
2025-12-16 12:25:00-05:00,138.0701,138.58,137.8,138.06,22935.00
2025-12-16 12:30:00-05:00,138.05,138.735,138.05,138.71,17800.00
2025-12-16 12:35:00-05:00,138.845,139.04,138.0703,138.16,31666.00
2025-12-16 12:40:00-05:00,138.15,138.25,137.79,138.125,24382.00
2025-12-16 12:45:00-05:00,138.125,139.45,138.125,139.39,37345.00
2025-12-16 12:50:00-05:00,139.275,139.57,139.06,139.495,19872.00
2025-12-16 12:55:00-05:00,139.495,139.495,138.255,138.335,38342.00
2025-12-16 13:00:00-05:00,138.375,140.21,138.15,139.94,49563.00
2025-12-16 13:05:00-05:00,139.97,139.985,139.01,139.255,23211.00
2025-12-16 13:10:00-05:00,139.255,139.65,139.0201,139.44,19614.00
2025-12-16 13:15:00-05:00,139.42,140.05,139.27,139.575,31174.00
2025-12-16 13:20:00-05:00,139.575,140,139.38,139.93,24954.00
2025-12-16 13:25:00-05:00,139.975,140,139.54,139.64,26200.00
2025-12-16 13:30:00-05:00,139.71,140.44,139.52,140.43,28662.00
2025-12-16 13:35:00-05:00,140.45,140.93,140.415,140.6375,44379.00
2025-12-16 13:40:00-05:00,140.685,140.96,140.44,140.68,21079.00
2025-12-16 13:45:00-05:00,140.705,140.93,140.62,140.765,15721.00
2025-12-16 13:50:00-05:00,140.72,140.77,140.09,140.245,19876.00
2025-12-16 13:55:00-05:00,140.25,140.4056,139.86,139.86,23601.00
2025-12-16 14:00:00-05:00,139.8,140.229,139.41,139.55,28346.00
2025-12-16 14:05:00-05:00,139.55,139.8,139.41,139.41,19491.00
2025-12-16 14:10:00-05:00,139.49,139.635,138.67,138.7825,40992.00
2025-12-16 14:15:00-05:00,138.775,139.2488,138.48,138.81,23191.00
2025-12-16 14:20:00-05:00,138.81,139.58,138.63,139.34,31325.00
2025-12-16 14:25:00-05:00,139.19,139.89,139.11,139.71,23103.00
2025-12-16 14:30:00-05:00,139.71,140.0499,139.56,139.96,24527.00
2025-12-16 14:35:00-05:00,139.99,140.11,139.68,139.68,15165.00
2025-12-16 14:40:00-05:00,139.68,139.7903,139.47,139.58,21516.00
2025-12-16 14:45:00-05:00,139.525,139.81,139.35,139.625,18878.00
2025-12-16 14:50:00-05:00,139.625,140.22,139.625,139.855,24336.00
2025-12-16 14:55:00-05:00,139.855,139.99,139.67,139.68,28176.00
2025-12-16 15:00:00-05:00,139.7,140.2499,139.7,139.945,23544.00
2025-12-16 15:05:00-05:00,139.945,140.19,139.8,140.18,17779.00
2025-12-16 15:10:00-05:00,140.125,140.337,139.91,140.125,25038.00
2025-12-16 15:15:00-05:00,140.05,140.2199,139.75,139.86,23376.00
2025-12-16 15:20:00-05:00,139.86,140.2,139.86,140.1396,19067.00
2025-12-16 15:25:00-05:00,140.09,140.19,139.685,139.995,29063.00
2025-12-16 15:30:00-05:00,140.005,140.2221,139.795,139.83,37607.00
2025-12-16 15:35:00-05:00,139.92,140.78,139.845,140.24,75639.00
2025-12-16 15:40:00-05:00,140.29,140.5699,140.02,140.47,68578.00
2025-12-16 15:45:00-05:00,140.56,140.7299,139.99,140.01,52617.00
2025-12-16 15:50:00-05:00,140.17,140.76,140.06,140.485,123945.00
2025-12-16 15:55:00-05:00,140.37,140.71,140.24,140.32,308560.00
2025-12-17 09:30:00-05:00,142.325,143.99,141.41,142.1416,233743.00
2025-12-17 09:35:00-05:00,141.83,142.5,139.74,140.545,113544.00
2025-12-17 09:40:00-05:00,140.31,140.97,139.67,140.5879,82189.00
2025-12-17 09:45:00-05:00,141,141.72,140.12,140.925,141092.00
2025-12-17 09:50:00-05:00,141.01,143,140.552,141.68,118778.00
2025-12-17 09:55:00-05:00,141.52,143.34,141.235,143.205,51610.00
2025-12-17 10:00:00-05:00,143.345,143.77,141.445,142.36,78426.00
2025-12-17 10:05:00-05:00,142.225,143.08,140.6,140.8,55597.00
2025-12-17 10:10:00-05:00,141.01,142.5,140.27,142.21,67867.00
2025-12-17 10:15:00-05:00,142.2,142.69,141,141.37,31399.00
2025-12-17 10:20:00-05:00,141.85,143.79,141.45,143.25,54005.00
2025-12-17 10:25:00-05:00,143.05,143.4,142.15,142.215,51989.00
2025-12-17 10:30:00-05:00,142.215,142.58,140.5694,140.7,61199.00
2025-12-17 10:35:00-05:00,140.53,140.85,139.01,139.1765,67506.00
2025-12-17 10:40:00-05:00,139.38,140.0517,137.5,137.7637,112596.00
2025-12-17 10:45:00-05:00,137.85,139.2,137.36,138,70115.00
2025-12-17 10:50:00-05:00,138.06,138.325,137.1801,137.825,42052.00
2025-12-17 10:55:00-05:00,137.94,137.95,136.43,137.33,82320.00
2025-12-17 11:00:00-05:00,137.41,139.05,137.17,138.4701,52833.00
2025-12-17 11:05:00-05:00,138.9,139.96,138.885,139.56,41188.00
2025-12-17 11:10:00-05:00,139.56,140.1,138.3,138.6,45303.00
2025-12-17 11:15:00-05:00,138.78,139.02,138.0101,138.265,25574.00
2025-12-17 11:20:00-05:00,138.12,139.01,137.88,138.88,30713.00
2025-12-17 11:25:00-05:00,138.88,139.2,138.4,138.505,37411.00
2025-12-17 11:30:00-05:00,138.41,138.41,136.88,136.88,41878.00
2025-12-17 11:35:00-05:00,137.05,137.63,136.05,136.335,44770.00
2025-12-17 11:40:00-05:00,136.335,137.5122,136.305,137.12,32566.00
2025-12-17 11:45:00-05:00,137.12,137.38,136.35,136.35,26183.00
2025-12-17 11:50:00-05:00,136.565,136.96,135.8,136.55,56505.00
2025-12-17 11:55:00-05:00,136.49,137.15,136.2,137.15,13296.00
2025-12-17 12:00:00-05:00,137.05,137.115,135.67,135.93,72162.00
2025-12-17 12:05:00-05:00,135.93,136.5,135.16,135.53,23556.00
2025-12-17 12:10:00-05:00,135.16,136.14,135.1,135.535,33699.00
2025-12-17 12:15:00-05:00,135.53,136.6337,135.36,136.41,24355.00
2025-12-17 12:20:00-05:00,136.1342,137,135.83,136.68,19264.00
2025-12-17 12:25:00-05:00,136.84,136.85,135.67,135.735,19209.00
2025-12-17 12:30:00-05:00,135.735,136.6756,135.735,136.27,17835.00
2025-12-17 12:35:00-05:00,136.325,136.805,136.05,136.235,18390.00
2025-12-17 12:40:00-05:00,136.107,136.36,135.55,135.68,20099.00
2025-12-17 12:45:00-05:00,135.695,135.94,135.59,135.94,18075.00
2025-12-17 12:50:00-05:00,136.0699,136.42,135.89,135.9901,33822.00
2025-12-17 12:55:00-05:00,136.18,136.75,136.18,136.545,11918.00
2025-12-17 13:00:00-05:00,136.74,137.1999,136.74,136.975,30306.00
2025-12-17 13:05:00-05:00,137.07,137.58,136.965,137.13,17933.00
2025-12-17 13:10:00-05:00,137.04,137.115,136.61,136.61,15181.00
2025-12-17 13:15:00-05:00,136.7,136.755,136.36,136.515,12971.00
2025-12-17 13:20:00-05:00,136.41,136.6,136.23,136.6,13692.00
2025-12-17 13:25:00-05:00,136.5857,136.79,136,136.05,28947.00
2025-12-17 13:30:00-05:00,136.195,136.36,135.95,136.28,17627.00
2025-12-17 13:35:00-05:00,136.27,136.585,136.01,136.1188,20800.00
2025-12-17 13:40:00-05:00,136.09,136.12,135,135.0301,51237.00
2025-12-17 13:45:00-05:00,135.06,135.365,134.5,135.145,69114.00
2025-12-17 13:50:00-05:00,135.1666,135.1666,134.4899,134.81,24296.00
2025-12-17 13:55:00-05:00,134.63,135.13,134.5672,134.95,21151.00
2025-12-17 14:00:00-05:00,135.13,135.385,134.57,134.79,27222.00
2025-12-17 14:05:00-05:00,134.81,134.97,134.43,134.8515,25414.00
2025-12-17 14:10:00-05:00,134.815,135.02,134.67,134.67,16438.00
2025-12-17 14:15:00-05:00,134.6976,134.6976,133.61,134,46060.00
2025-12-17 14:20:00-05:00,133.815,134.19,133.66,133.955,32983.00
2025-12-17 14:25:00-05:00,133.985,134.15,133.69,133.9,36801.00
2025-12-17 14:30:00-05:00,134.03,134.28,133.7,133.7024,48650.00
2025-12-17 14:35:00-05:00,133.62,134.28,133.58,134.14,35334.00
2025-12-17 14:40:00-05:00,134.0201,134.27,133.93,134.23,33154.00
2025-12-17 14:45:00-05:00,134.18,134.385,133.42,133.685,53256.00
2025-12-17 14:50:00-05:00,133.67,134.87,133.36,134.795,50563.00
2025-12-17 14:55:00-05:00,134.5932,135.1241,134.56,134.56,28259.00
2025-12-17 15:00:00-05:00,134.5622,134.595,134.25,134.25,19959.00
2025-12-17 15:05:00-05:00,134.355,134.46,133.59,133.78,29372.00
2025-12-17 15:10:00-05:00,133.92,134.23,133.5295,133.83,29056.00
2025-12-17 15:15:00-05:00,133.9475,134.59,133.69,133.975,69470.00
2025-12-17 15:20:00-05:00,133.97,133.975,133.349,133.545,60584.00
2025-12-17 15:25:00-05:00,133.34,133.7399,132.91,133.2953,66345.00
2025-12-17 15:30:00-05:00,133.38,133.73,132.98,133.65,53172.00
2025-12-17 15:35:00-05:00,133.68,133.84,133.27,133.63,52714.00
2025-12-17 15:40:00-05:00,133.6655,133.87,133.52,133.69,62055.00
2025-12-17 15:45:00-05:00,133.745,133.91,133.33,133.88,56745.00
2025-12-17 15:50:00-05:00,133.83,133.945,132.79,133.63,110985.00
2025-12-17 15:55:00-05:00,133.63,134.25,132.76,134.1,300369.00
2025-12-18 09:30:00-05:00,140.95,142.87,140.06,141.985,313745.00
2025-12-18 09:35:00-05:00,141.985,142.9699,141.06,141.76,219839.00
2025-12-18 09:40:00-05:00,141.76,142.2,139.21,140.08,166687.00
2025-12-18 09:45:00-05:00,140.085,140.54,138,139.295,99105.00
2025-12-18 09:50:00-05:00,139.27,140.18,138.95,139.99,81738.00
2025-12-18 09:55:00-05:00,139.93,140.04,139,139.74,63640.00
2025-12-18 10:00:00-05:00,139.745,140.01,139.17,139.32,54955.00
2025-12-18 10:05:00-05:00,139.29,139.67,137.81,138.64,84724.00
2025-12-18 10:10:00-05:00,138.82,138.82,136.57,137.705,95790.00
2025-12-18 10:15:00-05:00,137.77,138.84,137.42,138.1852,47881.00
2025-12-18 10:20:00-05:00,138.5,140.56,138.01,140.45,69286.00
2025-12-18 10:25:00-05:00,140.45,141.57,140.02,140.82,113507.00
2025-12-18 10:30:00-05:00,140.73,141.1794,139.8,140.59,67088.00
2025-12-18 10:35:00-05:00,140.605,141.4,140.27,140.79,85838.00
2025-12-18 10:40:00-05:00,140.73,141.36,140.4,140.595,71736.00
2025-12-18 10:45:00-05:00,140.595,141,140.25,140.87,88229.00
2025-12-18 10:50:00-05:00,140.86,140.86,139.29,139.44,103440.00
2025-12-18 10:55:00-05:00,139.53,139.71,139.06,139.69,45814.00
2025-12-18 11:00:00-05:00,139.7,139.74,138.38,138.825,57977.00
2025-12-18 11:05:00-05:00,138.96,139.73,138.89,139.37,41396.00
2025-12-18 11:10:00-05:00,139.29,139.59,138.65,138.765,40218.00
2025-12-18 11:15:00-05:00,138.83,138.83,137.89,137.9,38801.00
2025-12-18 11:20:00-05:00,137.9,138.3999,137.6,138.07,37080.00
2025-12-18 11:25:00-05:00,138.08,138.66,138.05,138.37,41329.00
2025-12-18 11:30:00-05:00,138.39,139.01,138.33,138.865,37558.00
2025-12-18 11:35:00-05:00,138.855,139.4599,138.31,138.76,76118.00
2025-12-18 11:40:00-05:00,138.54,139.34,138.4046,139,45039.00
2025-12-18 11:45:00-05:00,138.78,139.3899,138.55,139.17,27224.00
2025-12-18 11:50:00-05:00,139.13,139.38,139.03,139.18,13523.00
2025-12-18 11:55:00-05:00,139.175,139.515,139.02,139.1,29429.00
2025-12-18 12:00:00-05:00,139.01,139.01,138.335,138.46,40056.00
2025-12-18 12:05:00-05:00,138.465,138.62,137.8,138.15,72231.00
2025-12-18 12:10:00-05:00,138.15,138.63,137.505,137.54,31464.00
2025-12-18 12:15:00-05:00,137.6319,138,137,138,22279.00
2025-12-18 12:20:00-05:00,137.8964,138.68,137.825,138.19,39506.00
2025-12-18 12:25:00-05:00,138.21,138.41,137.75,138.245,24142.00
2025-12-18 12:30:00-05:00,138.1,138.91,138.06,138.91,23941.00
2025-12-18 12:35:00-05:00,138.77,139.2999,138.56,138.79,29690.00
2025-12-18 12:40:00-05:00,138.8299,139.34,138.8,139.34,18711.00
2025-12-18 12:45:00-05:00,139.36,139.82,138.98,139.22,26596.00
2025-12-18 12:50:00-05:00,139.19,139.369,138.7176,139.19,17873.00
2025-12-18 12:55:00-05:00,139.1084,139.669,139.1084,139.4752,11963.00
2025-12-18 13:00:00-05:00,139.51,139.96,139.2,139.9,28995.00
2025-12-18 13:05:00-05:00,139.825,140.48,139.825,140.35,33484.00
2025-12-18 13:10:00-05:00,140.46,140.58,139.76,139.79,54036.00
2025-12-18 13:15:00-05:00,139.78,140.05,139.73,139.795,18457.00
2025-12-18 13:20:00-05:00,139.85,140.07,139.7,139.945,15962.00
2025-12-18 13:25:00-05:00,139.91,139.925,139.3856,139.3856,16963.00
2025-12-18 13:30:00-05:00,139.45,139.72,139.45,139.49,20931.00
2025-12-18 13:35:00-05:00,139.56,139.97,139.45,139.81,18479.00
2025-12-18 13:40:00-05:00,139.81,139.91,139.6,139.6,16500.00
2025-12-18 13:45:00-05:00,139.53,139.69,139.05,139.205,27273.00
2025-12-18 13:50:00-05:00,139.21,139.52,139.17,139.39,20592.00
2025-12-18 13:55:00-05:00,139.4,139.58,139.16,139.28,12448.00
2025-12-18 14:00:00-05:00,139.235,139.385,138.85,138.97,16745.00
2025-12-18 14:05:00-05:00,138.85,139.48,138.75,139.48,26764.00
2025-12-18 14:10:00-05:00,139.57,139.9698,138.7,138.925,119786.00
2025-12-18 14:15:00-05:00,138.93,139.1099,138.62,138.9999,38812.00
2025-12-18 14:20:00-05:00,138.85,139.21,138.65,138.98,34529.00
2025-12-18 14:25:00-05:00,139.035,139.21,138.67,138.91,28598.00
2025-12-18 14:30:00-05:00,138.97,139.13,138.76,138.885,21249.00
2025-12-18 14:35:00-05:00,138.89,139.16,138.5,138.97,45259.00
2025-12-18 14:40:00-05:00,138.995,138.995,138.42,138.45,17885.00
2025-12-18 14:45:00-05:00,138.4,138.86,138.3,138.86,22483.00
2025-12-18 14:50:00-05:00,138.825,138.95,138.37,138.555,21650.00
2025-12-18 14:55:00-05:00,138.41,138.52,137.81,137.93,36245.00
2025-12-18 15:00:00-05:00,138.11,138.9,137.59,138.675,24978.00
2025-12-18 15:05:00-05:00,138.78,139.14,138.68,138.81,30463.00
2025-12-18 15:10:00-05:00,138.975,139.2693,138.83,138.965,35506.00
2025-12-18 15:15:00-05:00,138.965,139.515,138.87,139.26,35046.00
2025-12-18 15:20:00-05:00,139.1709,139.68,139.1709,139.6065,37561.00
2025-12-18 15:25:00-05:00,139.71,139.795,139.39,139.74,35675.00
2025-12-18 15:30:00-05:00,139.74,139.89,138.9,139.07,74753.00
2025-12-18 15:35:00-05:00,139.125,139.4,138.97,139.09,57519.00
2025-12-18 15:40:00-05:00,139.1,139.375,138.93,139.29,64898.00
2025-12-18 15:45:00-05:00,139.26,139.5599,139.01,139.225,60838.00
2025-12-18 15:50:00-05:00,139.19,139.33,138.5,138.78,118478.00
2025-12-18 15:55:00-05:00,138.79,138.865,138.5,138.51,270339.00
2025-12-19 09:30:00-05:00,142.96,145.64,141.84,143.07,315834.00
2025-12-19 09:35:00-05:00,143.5,143.65,142.17,143.04,89475.00
2025-12-19 09:40:00-05:00,143.04,144.43,141.36,144.42,93045.00
2025-12-19 09:45:00-05:00,144.0908,145.239,143.6,144.28,203164.00
2025-12-19 09:50:00-05:00,144.39,145.56,143.8,144.8552,170452.00
2025-12-19 09:55:00-05:00,144.675,145.48,143.73,144.405,162942.00
2025-12-19 10:00:00-05:00,144.65,146.64,144.405,146.2391,153653.00
2025-12-19 10:05:00-05:00,146.445,146.67,145.05,145.05,126071.00
2025-12-19 10:10:00-05:00,145.34,145.8,143.9,144.02,74487.00
2025-12-19 10:15:00-05:00,144.02,144.135,142.52,143.9799,81115.00
2025-12-19 10:20:00-05:00,143.47,144,142.92,143.73,43621.00
2025-12-19 10:25:00-05:00,143.635,143.7454,142.84,143.5,60467.00
2025-12-19 10:30:00-05:00,143.25,144.4519,142.37,143.28,199791.00
2025-12-19 10:35:00-05:00,143.31,143.9036,142.76,142.89,49699.00
2025-12-19 10:40:00-05:00,142.89,143.2499,142.695,143,36549.00
2025-12-19 10:45:00-05:00,142.89,142.91,142.14,142.22,41216.00
2025-12-19 10:50:00-05:00,142.22,142.76,142.09,142.5999,51205.00
2025-12-19 10:55:00-05:00,142.45,142.92,142.26,142.525,42368.00
2025-12-19 11:00:00-05:00,142.34,142.82,141.09,142.63,91272.00
2025-12-19 11:05:00-05:00,142.69,143.25,142.51,142.72,41857.00
2025-12-19 11:10:00-05:00,142.701,144.96,142.701,144.64,78202.00
2025-12-19 11:15:00-05:00,144.62,145.88,144.38,144.74,61027.00
2025-12-19 11:20:00-05:00,144.6861,145.29,144.24,144.475,56637.00
2025-12-19 11:25:00-05:00,144.475,145.38,144.2448,145.16,32581.00
2025-12-19 11:30:00-05:00,145.17,145.81,145.13,145.56,34420.00
2025-12-19 11:35:00-05:00,145.45,145.88,145.36,145.475,38545.00
2025-12-19 11:40:00-05:00,145.415,145.68,144.98,144.9955,41172.00
2025-12-19 11:45:00-05:00,144.84,145.43,144.81,145,39286.00
2025-12-19 11:50:00-05:00,144.9,145.09,144.6456,144.89,23962.00
2025-12-19 11:55:00-05:00,144.935,146.26,144.865,146.14,58516.00
2025-12-19 12:00:00-05:00,146.2356,147.26,146.0701,147.1,78323.00
2025-12-19 12:05:00-05:00,147.05,147.77,146.93,147.31,74809.00
2025-12-19 12:10:00-05:00,147.31,147.77,147.2001,147.77,64903.00
2025-12-19 12:15:00-05:00,147.8,148.66,147.7,148.2,99321.00
2025-12-19 12:20:00-05:00,148.465,148.48,147.4824,147.85,57101.00
2025-12-19 12:25:00-05:00,147.85,148.105,147.52,147.67,48462.00
2025-12-19 12:30:00-05:00,147.6,147.93,147.35,147.83,98563.00
2025-12-19 12:35:00-05:00,147.83,148.49,147.7935,148.36,40327.00
2025-12-19 12:40:00-05:00,148.39,149,148.24,148.3715,72358.00
2025-12-19 12:45:00-05:00,148.4,148.87,147.64,148.3837,42309.00
2025-12-19 12:50:00-05:00,148.505,148.69,148.04,148.39,37989.00
2025-12-19 12:55:00-05:00,148.39,148.86,148,148.15,45614.00
2025-12-19 13:00:00-05:00,148.13,148.58,148,148.58,26438.00
2025-12-19 13:05:00-05:00,148.6,149.23,148.4992,149.08,37063.00
2025-12-19 13:10:00-05:00,149.06,149.829,149,149.5,74544.00
2025-12-19 13:15:00-05:00,149.43,149.71,149.27,149.6499,44198.00
2025-12-19 13:20:00-05:00,149.6,149.69,148.91,148.9146,45064.00
2025-12-19 13:25:00-05:00,148.97,149.28,148.755,148.89,50372.00
2025-12-19 13:30:00-05:00,148.89,149.2,148.63,149.09,40287.00
2025-12-19 13:35:00-05:00,148.93,148.94,148.3,148.48,32191.00
2025-12-19 13:40:00-05:00,148.4801,148.73,147.89,148.095,40699.00
2025-12-19 13:45:00-05:00,148.095,148.9,148,148.845,23757.00
2025-12-19 13:50:00-05:00,148.9661,149.21,148.5901,149.16,36001.00
2025-12-19 13:55:00-05:00,149.12,149.38,149.09,149.24,15476.00
2025-12-19 14:00:00-05:00,149.35,149.67,149.24,149.47,44045.00
2025-12-19 14:05:00-05:00,149.4501,149.57,149.24,149.445,25590.00
2025-12-19 14:10:00-05:00,149.38,149.45,148.94,149.21,30683.00
2025-12-19 14:15:00-05:00,149.1886,149.24,148.9,148.99,24497.00
2025-12-19 14:20:00-05:00,148.99,149.09,148.7,148.965,28515.00
2025-12-19 14:25:00-05:00,148.965,149.29,148.78,149.26,34580.00
2025-12-19 14:30:00-05:00,149.3,149.42,149.18,149.2,29424.00
2025-12-19 14:35:00-05:00,149.165,149.19,148.5,148.69,99881.00
2025-12-19 14:40:00-05:00,148.66,148.88,148.4478,148.8,27025.00
2025-12-19 14:45:00-05:00,148.84,149,148.64,148.83,42123.00
2025-12-19 14:50:00-05:00,148.83,149.06,148.42,148.87,33011.00
2025-12-19 14:55:00-05:00,148.85,149.2,148.8,148.96,39280.00
2025-12-19 15:00:00-05:00,148.96,149.3099,148.79,148.8196,41063.00
2025-12-19 15:05:00-05:00,148.805,149.3,148.805,149.24,33594.00
2025-12-19 15:10:00-05:00,149.245,149.43,149.0007,149.43,58724.00
2025-12-19 15:15:00-05:00,149.418,149.418,149,149.07,47067.00
2025-12-19 15:20:00-05:00,149.13,149.4,148.8909,149.39,65385.00
2025-12-19 15:25:00-05:00,149.39,149.8,149.31,149.7999,47424.00
2025-12-19 15:30:00-05:00,149.69,149.95,149.51,149.95,103288.00
2025-12-19 15:35:00-05:00,149.81,150.2,149.75,149.93,76878.00
2025-12-19 15:40:00-05:00,150.0599,150.31,149.31,149.85,91675.00
2025-12-19 15:45:00-05:00,149.87,150.31,149.71,150.18,103141.00
2025-12-19 15:50:00-05:00,150.13,151.4203,150.1,150.95,261611.00
2025-12-19 15:55:00-05:00,150.95,151.09,149.82,150.14,429132.00
2025-12-22 09:30:00-05:00,155.72,156.09,152.2392,154.05,390920.00
2025-12-22 09:35:00-05:00,154.25,155.6899,151.76,152.29,193009.00
2025-12-22 09:40:00-05:00,152.52,153.5,151.91,152.8,142012.00
2025-12-22 09:45:00-05:00,152.94,154.52,151.9,152.11,133304.00
2025-12-22 09:50:00-05:00,152.11,153.16,151,152.985,147926.00
2025-12-22 09:55:00-05:00,153.09,153.87,152,153,73463.00
2025-12-22 10:00:00-05:00,153.09,153.32,151.5598,152.515,53557.00
2025-12-22 10:05:00-05:00,152.51,154.593,152.33,154.21,69243.00
2025-12-22 10:10:00-05:00,154.38,154.38,152.97,153.26,77296.00
2025-12-22 10:15:00-05:00,153.47,154.95,153.47,154.75,63416.00
2025-12-22 10:20:00-05:00,154.86,155.1,153.06,154.24,81901.00
2025-12-22 10:25:00-05:00,154.02,154.02,152.25,152.67,72886.00
2025-12-22 10:30:00-05:00,152.52,153.05,151.35,151.35,95162.00
2025-12-22 10:35:00-05:00,151.36,151.4,149.23,149.26,229695.00
2025-12-22 10:40:00-05:00,149.41,150.5,149.34,150.43,108359.00
2025-12-22 10:45:00-05:00,150.325,150.35,149.25,149.35,46921.00
2025-12-22 10:50:00-05:00,149.35,150.5,149.3266,150.43,46231.00
2025-12-22 10:55:00-05:00,150.32,150.5,149.9,150.36,34875.00
2025-12-22 11:00:00-05:00,150.43,150.43,148.34,148.6601,113866.00
2025-12-22 11:05:00-05:00,148.7,149.9799,148.6,149.04,51608.00
2025-12-22 11:10:00-05:00,149.11,150.03,149.052,149.68,39170.00
2025-12-22 11:15:00-05:00,149.62,149.865,149.305,149.5224,22355.00
2025-12-22 11:20:00-05:00,149.34,150.11,149.34,149.77,37516.00
2025-12-22 11:25:00-05:00,149.775,150.5,149.6001,150.168,31723.00
2025-12-22 11:30:00-05:00,150.1,150.5184,149.89,150.07,32587.00
2025-12-22 11:35:00-05:00,149.998,151,149.998,150.7,91595.00
2025-12-22 11:40:00-05:00,150.695,151.24,150.695,150.85,26255.00
2025-12-22 11:45:00-05:00,150.83,150.97,150.47,150.71,32655.00
2025-12-22 11:50:00-05:00,150.51,151.9599,150.51,151.9,49220.00
2025-12-22 11:55:00-05:00,151.97,152.48,151.5,152.48,165948.00
2025-12-22 12:00:00-05:00,152.38,152.38,151.93,152,38242.00
2025-12-22 12:05:00-05:00,152.14,152.25,151.91,152.22,29175.00
2025-12-22 12:10:00-05:00,152.12,152.28,151.7,151.9,39688.00
2025-12-22 12:15:00-05:00,151.89,151.91,151.4601,151.4601,34481.00
2025-12-22 12:20:00-05:00,151.85,151.9,151.63,151.87,45883.00
2025-12-22 12:25:00-05:00,151.88,152.0341,151.65,151.8575,41608.00
2025-12-22 12:30:00-05:00,151.8952,152.01,151.5,151.74,30444.00
2025-12-22 12:35:00-05:00,151.67,152.24,151.53,151.66,31610.00
2025-12-22 12:40:00-05:00,151.635,151.66,150.68,150.92,70694.00
2025-12-22 12:45:00-05:00,150.83,151.36,150.75,151.025,16516.00
2025-12-22 12:50:00-05:00,151.02,151.465,150.8592,151.44,18472.00
2025-12-22 12:55:00-05:00,151.45,151.56,151.14,151.37,16884.00
2025-12-22 13:00:00-05:00,151.3818,151.6412,151.32,151.47,10041.00
2025-12-22 13:05:00-05:00,151.445,151.445,150.75,151.15,19369.00
2025-12-22 13:10:00-05:00,150.91,150.97,150.53,150.5514,19712.00
2025-12-22 13:15:00-05:00,150.53,150.595,150.13,150.36,19330.00
2025-12-22 13:20:00-05:00,150.35,150.38,150.07,150.35,43197.00
2025-12-22 13:25:00-05:00,150.35,150.92,150.35,150.68,26167.00
2025-12-22 13:30:00-05:00,150.635,150.68,149.23,149.345,65214.00
2025-12-22 13:35:00-05:00,149.35,149.97,149.12,149.57,48922.00
2025-12-22 13:40:00-05:00,149.76,150.29,149,149.15,28616.00
2025-12-22 13:45:00-05:00,149.08,149.565,149.075,149.5,26519.00
2025-12-22 13:50:00-05:00,149.5192,149.575,149.1,149.38,19424.00
2025-12-22 13:55:00-05:00,149.39,149.9201,149.26,149.765,19602.00
2025-12-22 14:00:00-05:00,149.75,149.91,149.33,149.75,24909.00
2025-12-22 14:05:00-05:00,149.68,150.37,149.68,150.34,34676.00
2025-12-22 14:10:00-05:00,150.44,150.71,149.5,149.8,69318.00
2025-12-22 14:15:00-05:00,149.725,149.91,149.11,149.735,31133.00
2025-12-22 14:20:00-05:00,149.82,149.9357,149.64,149.71,14762.00
2025-12-22 14:25:00-05:00,149.83,150.55,149.83,150.385,21002.00
2025-12-22 14:30:00-05:00,150.54,150.911,150.435,150.53,54641.00
2025-12-22 14:35:00-05:00,150.35,150.62,150.1601,150.29,16621.00
2025-12-22 14:40:00-05:00,150.18,150.33,149.9,150.0401,16593.00
2025-12-22 14:45:00-05:00,150.035,150.15,149.6,149.9,25476.00
2025-12-22 14:50:00-05:00,149.95,149.98,149.4,149.4325,22533.00
2025-12-22 14:55:00-05:00,149.385,149.85,149.385,149.85,20240.00
2025-12-22 15:00:00-05:00,149.7,150.1399,149.65,149.69,23364.00
2025-12-22 15:05:00-05:00,149.725,149.87,149.385,149.495,21377.00
2025-12-22 15:10:00-05:00,149.43,149.54,149.09,149.2,27741.00
2025-12-22 15:15:00-05:00,149.225,149.46,149.12,149.25,19713.00
2025-12-22 15:20:00-05:00,149.255,149.38,148.84,149.095,35234.00
2025-12-22 15:25:00-05:00,149.17,149.42,149.17,149.3,17771.00
2025-12-22 15:30:00-05:00,149.21,149.48,149.18,149.395,24459.00
2025-12-22 15:35:00-05:00,149.46,149.5429,149.05,149.115,31140.00
2025-12-22 15:40:00-05:00,149.115,149.2,148.7201,148.895,39281.00
2025-12-22 15:45:00-05:00,148.9,149.57,148.8101,149.53,66681.00
2025-12-22 15:50:00-05:00,149.53,149.72,148.7,149.68,93579.00
2025-12-22 15:55:00-05:00,149.72,150.115,149.39,150.11,212053.00
2025-12-23 09:30:00-05:00,146.69,147.75,143.75,146.24,197878.00
2025-12-23 09:35:00-05:00,146.23,146.78,145.24,145.82,83113.00
2025-12-23 09:40:00-05:00,145.715,146.14,145.2,145.79,74290.00
2025-12-23 09:45:00-05:00,145.92,146.515,144.6267,145.77,88030.00
2025-12-23 09:50:00-05:00,145.76,146.14,144.61,144.65,53148.00
2025-12-23 09:55:00-05:00,144.765,145.0802,143.75,144.48,84582.00
2025-12-23 10:00:00-05:00,144.64,144.755,143.27,143.41,112173.00
2025-12-23 10:05:00-05:00,143.39,145.08,143.12,145.03,63787.00
2025-12-23 10:10:00-05:00,144.99,145.42,144.32,145.005,28496.00
2025-12-23 10:15:00-05:00,144.8,146.35,144.8,146.3127,39249.00
2025-12-23 10:20:00-05:00,146.29,147.36,146.215,146.93,50352.00
2025-12-23 10:25:00-05:00,146.99,147.17,146.1,146.62,40170.00
2025-12-23 10:30:00-05:00,147,147.2518,146.0827,146.34,24052.00
2025-12-23 10:35:00-05:00,146.62,147.19,146.33,147.19,14622.00
2025-12-23 10:40:00-05:00,147.25,148.07,147.25,147.945,59352.00
2025-12-23 10:45:00-05:00,147.79,147.8599,147.5,147.825,33353.00
2025-12-23 10:50:00-05:00,147.8,148.03,147.43,147.85,20338.00
2025-12-23 10:55:00-05:00,147.77,148.79,147.77,148.625,32750.00
2025-12-23 11:00:00-05:00,148.6,148.96,148.4,148.82,35622.00
2025-12-23 11:05:00-05:00,148.66,149.845,148.66,149.5,96837.00
2025-12-23 11:10:00-05:00,149.57,149.62,148.37,148.71,47831.00
2025-12-23 11:15:00-05:00,148.67,149.58,148.67,149.565,12935.00
2025-12-23 11:20:00-05:00,149.5,149.7,148.95,149.2,27892.00
2025-12-23 11:25:00-05:00,149.14,149.15,148.38,148.38,34902.00
2025-12-23 11:30:00-05:00,148.48,148.7364,147.75,148.18,35220.00
2025-12-23 11:35:00-05:00,148.624,148.95,148.0101,148.7,18501.00
2025-12-23 11:40:00-05:00,148.7,149.11,148.6,148.8743,13994.00
2025-12-23 11:45:00-05:00,148.76,148.9667,148.64,148.945,7718.00
2025-12-23 11:50:00-05:00,148.95,149.4,148.91,149.0729,19416.00
2025-12-23 11:55:00-05:00,149.15,149.83,149.07,149.83,28198.00
2025-12-23 12:00:00-05:00,149.755,149.78,149.26,149.5,21694.00
2025-12-23 12:05:00-05:00,149.425,150.16,149.33,150.03,46848.00
2025-12-23 12:10:00-05:00,150.03,150.19,149.5781,149.69,30166.00
2025-12-23 12:15:00-05:00,149.69,149.8649,149.25,149.3,14680.00
2025-12-23 12:20:00-05:00,149.295,149.49,149.295,149.35,10011.00
2025-12-23 12:25:00-05:00,149.35,149.5,149.0182,149.16,18636.00
2025-12-23 12:30:00-05:00,149.06,149.34,148.89,149.31,20223.00
2025-12-23 12:35:00-05:00,149.31,149.533,149.015,149.205,16000.00
2025-12-23 12:40:00-05:00,149.26,149.26,148.93,148.97,8807.00
2025-12-23 12:45:00-05:00,148.98,149.12,148.81,149.035,15333.00
2025-12-23 12:50:00-05:00,149.04,149.1292,148.9,148.92,8880.00
2025-12-23 12:55:00-05:00,148.91,149.1,148.8,148.9611,10593.00
2025-12-23 13:00:00-05:00,149.03,149.3,148.94,149.07,14143.00
2025-12-23 13:05:00-05:00,149.15,149.3601,149.15,149.36,6230.00
2025-12-23 13:10:00-05:00,149.355,149.48,149.23,149.37,6125.00
2025-12-23 13:15:00-05:00,149.3,149.5,148.9365,149.09,11002.00
2025-12-23 13:20:00-05:00,149.3,149.4,148.98,149.26,9316.00
2025-12-23 13:25:00-05:00,149.09,149.173,148.4,148.48,28074.00
2025-12-23 13:30:00-05:00,148.3901,148.85,148.3901,148.695,15513.00
2025-12-23 13:35:00-05:00,148.71,148.7114,147.68,148.375,53718.00
2025-12-23 13:40:00-05:00,148.2994,148.51,148.1,148.23,10899.00
2025-12-23 13:45:00-05:00,148.29,148.5,148.11,148.21,10116.00
2025-12-23 13:50:00-05:00,148.1601,148.305,147.53,147.53,24324.00
2025-12-23 13:55:00-05:00,147.51,147.9,147.4392,147.9,29982.00
2025-12-23 14:00:00-05:00,147.77,148.3935,147.77,148.27,16047.00
2025-12-23 14:05:00-05:00,148.1929,148.57,148.08,148.4063,10075.00
2025-12-23 14:10:00-05:00,148.42,148.88,148.17,148.35,22847.00
2025-12-23 14:15:00-05:00,148.34,148.415,148.075,148.38,11087.00
2025-12-23 14:20:00-05:00,148.225,148.47,148.1,148.17,12730.00
2025-12-23 14:25:00-05:00,148.2952,148.326,148.03,148.14,12860.00
2025-12-23 14:30:00-05:00,148.17,148.4715,148.17,148.3547,7673.00
2025-12-23 14:35:00-05:00,148.37,148.68,148.23,148.3,12437.00
2025-12-23 14:40:00-05:00,148.265,148.59,148.19,148.59,11927.00
2025-12-23 14:45:00-05:00,148.5799,148.72,148.43,148.555,9624.00
2025-12-23 14:50:00-05:00,148.555,148.555,148.335,148.42,8015.00
2025-12-23 14:55:00-05:00,148.325,148.51,148.22,148.32,11101.00
2025-12-23 15:00:00-05:00,148.33,148.41,148.18,148.32,9595.00
2025-12-23 15:05:00-05:00,148.38,149.105,148.19,148.98,39672.00
2025-12-23 15:10:00-05:00,148.89,148.985,148.531,148.86,13296.00
2025-12-23 15:15:00-05:00,148.9,149.14,148.8177,149,13302.00
2025-12-23 15:20:00-05:00,149.1299,149.34,149.05,149.19,18866.00
2025-12-23 15:25:00-05:00,149.1003,149.22,148.7,148.83,15760.00
2025-12-23 15:30:00-05:00,148.74,148.97,148.74,148.96,15202.00
2025-12-23 15:35:00-05:00,148.88,148.99,148.6,148.6,16404.00
2025-12-23 15:40:00-05:00,148.68,148.83,148.57,148.685,21699.00
2025-12-23 15:45:00-05:00,148.5,148.825,148.5,148.64,31169.00
2025-12-23 15:50:00-05:00,148.64,148.7,147.81,148.17,97154.00
2025-12-23 15:55:00-05:00,148.01,148.01,147.51,147.8,129836.00
2025-12-24 09:30:00-05:00,147,150.2534,146.9091,150.2534,71026.00
2025-12-24 09:35:00-05:00,150.02,151.285,149.48,149.5347,123567.00
2025-12-24 09:40:00-05:00,149.7,150.86,149.4285,150.225,87961.00
2025-12-24 09:45:00-05:00,150.55,151.23,148.699,149.28,129123.00
2025-12-24 09:50:00-05:00,149.28,150,149,149.94,62720.00
2025-12-24 09:55:00-05:00,150.1103,150.45,149.255,149.59,42574.00
2025-12-24 10:00:00-05:00,149.51,150.31,149.29,150.31,32291.00
2025-12-24 10:05:00-05:00,150.175,150.668,149.79,150.49,48370.00
2025-12-24 10:10:00-05:00,150.43,151.88,150.3,151.27,115544.00
2025-12-24 10:15:00-05:00,151.15,151.8599,150.7334,150.7334,45560.00
2025-12-24 10:20:00-05:00,150.7,151.205,149.86,150.25,48301.00
2025-12-24 10:25:00-05:00,150.25,150.59,150.1,150.3934,28382.00
2025-12-24 10:30:00-05:00,150.63,151.5,150.63,151.37,34597.00
2025-12-24 10:35:00-05:00,151.5,151.9,151.0102,151.3601,51348.00
2025-12-24 10:40:00-05:00,151.36,151.73,150.5201,150.53,22696.00
2025-12-24 10:45:00-05:00,150.63,150.67,150.108,150.2675,37522.00
2025-12-24 10:50:00-05:00,150.2525,151,150.12,150.52,35448.00
2025-12-24 10:55:00-05:00,150.35,150.465,149.5534,149.94,35155.00
2025-12-24 11:00:00-05:00,149.94,150.095,149.4494,149.615,38933.00
2025-12-24 11:05:00-05:00,149.615,149.7,149.28,149.7,20571.00
2025-12-24 11:10:00-05:00,149.85,149.97,149.5,149.79,17259.00
2025-12-24 11:15:00-05:00,149.79,150.4399,149.62,149.89,26499.00
2025-12-24 11:20:00-05:00,149.99,150.32,149.85,150.06,12656.00
2025-12-24 11:25:00-05:00,150.06,150.2699,149.735,150.06,22692.00
2025-12-24 11:30:00-05:00,149.86,150.41,149.86,149.91,20752.00
2025-12-24 11:35:00-05:00,150.03,150.18,149.71,150.01,23437.00
2025-12-24 11:40:00-05:00,150.01,150.03,149.675,149.795,27816.00
2025-12-24 11:45:00-05:00,149.8,150.13,149.71,149.965,23656.00
2025-12-24 11:50:00-05:00,149.97,150.2,149.85,149.88,19569.00
2025-12-24 11:55:00-05:00,149.84,149.87,149.58,149.86,9742.00
2025-12-24 12:00:00-05:00,149.745,150.05,149.6148,149.82,19553.00
2025-12-24 12:05:00-05:00,149.79,149.92,149.637,149.7,14601.00
2025-12-24 12:10:00-05:00,150.005,150.17,149.8,150.04,13436.00
2025-12-24 12:15:00-05:00,150.04,150.43,150.005,150.33,27636.00
2025-12-24 12:20:00-05:00,150.43,150.73,150.4225,150.56,29042.00
2025-12-24 12:25:00-05:00,150.6,150.6,150.04,150.3,19921.00
2025-12-24 12:30:00-05:00,150.35,150.58,150.1,150.475,22040.00
2025-12-24 12:35:00-05:00,150.475,150.475,149.6097,149.94,27219.00
2025-12-24 12:40:00-05:00,149.915,150.5,149.835,150.3,28536.00
2025-12-24 12:45:00-05:00,150.32,150.32,149.42,149.82,53792.00
2025-12-24 12:50:00-05:00,149.83,150.45,149.66,149.84,79350.00
2025-12-24 12:55:00-05:00,149.87,150.335,149.67,150.06,140233.00
2025-12-24 13:00:00-05:00,150.19,150.19,150.19,150.19,132374.00
2025-12-26 09:30:00-05:00,152.22,152.3,148.67,148.67,138067.00
2025-12-26 09:35:00-05:00,148.96,150.5,148.6,149.73,64951.00
2025-12-26 09:40:00-05:00,149.24,149.58,148.41,149.24,71975.00
2025-12-26 09:45:00-05:00,149.3,149.4199,147.54,148.5,62797.00
2025-12-26 09:50:00-05:00,148.48,148.72,147.49,147.9,36844.00
2025-12-26 09:55:00-05:00,147.95,148.84,147.88,148.275,20837.00
2025-12-26 10:00:00-05:00,147.91,148.24,147,147.345,76094.00
2025-12-26 10:05:00-05:00,147.37,147.78,146.5,147.2,66760.00
2025-12-26 10:10:00-05:00,147.33,147.45,146.18,146.1801,40518.00
2025-12-26 10:15:00-05:00,146.35,146.91,145.68,146.86,55894.00
2025-12-26 10:20:00-05:00,146.905,147.535,146.82,147.03,28539.00
2025-12-26 10:25:00-05:00,147.13,147.5045,146.34,147.35,82029.00
2025-12-26 10:30:00-05:00,147.4,148.175,147.021,147.8,37246.00
2025-12-26 10:35:00-05:00,147.7,147.72,146.88,146.88,26507.00
2025-12-26 10:40:00-05:00,146.94,147.31,146.76,147,26150.00
2025-12-26 10:45:00-05:00,147.09,147.39,146.6,147.2094,22523.00
2025-12-26 10:50:00-05:00,147.5,148,147.43,147.85,20126.00
2025-12-26 10:55:00-05:00,147.8932,148.04,147.67,147.87,11848.00
2025-12-26 11:00:00-05:00,147.87,148.12,147.66,147.785,13012.00
2025-12-26 11:05:00-05:00,147.785,147.85,147.495,147.495,13243.00
2025-12-26 11:10:00-05:00,147.45,147.65,147.28,147.29,7878.00
2025-12-26 11:15:00-05:00,147.3,147.33,147.02,147.2,14004.00
2025-12-26 11:20:00-05:00,147.18,147.8,147.15,147.58,13475.00
2025-12-26 11:25:00-05:00,147.5573,147.5573,147.33,147.415,7883.00
2025-12-26 11:30:00-05:00,147.57,147.72,147.45,147.72,5644.00
2025-12-26 11:35:00-05:00,147.74,147.965,147.55,147.745,10723.00
2025-12-26 11:40:00-05:00,147.69,148.07,147.58,147.9,10057.00
2025-12-26 11:45:00-05:00,148.04,148.04,147.62,147.78,9927.00
2025-12-26 11:50:00-05:00,147.804,147.865,147.51,147.635,7729.00
2025-12-26 11:55:00-05:00,147.6163,147.71,147.45,147.45,12132.00
2025-12-26 12:00:00-05:00,147.39,147.56,147.25,147.43,14765.00
2025-12-26 12:05:00-05:00,147.275,147.4,147.16,147.16,7763.00
2025-12-26 12:10:00-05:00,147.25,147.25,146.61,146.715,21411.00
2025-12-26 12:15:00-05:00,146.715,146.715,146.0954,146.27,30288.00
2025-12-26 12:20:00-05:00,146.15,146.71,146,146.22,19166.00
2025-12-26 12:25:00-05:00,146.445,146.8,146.41,146.6101,8224.00
2025-12-26 12:30:00-05:00,146.45,147.03,146.45,146.75,14095.00
2025-12-26 12:35:00-05:00,146.585,146.59,146.34,146.54,7023.00
2025-12-26 12:40:00-05:00,146.35,146.54,146.11,146.11,10402.00
2025-12-26 12:45:00-05:00,146.245,146.605,146.245,146.455,10028.00
2025-12-26 12:50:00-05:00,146.49,147.14,146.3801,147.11,22307.00
2025-12-26 12:55:00-05:00,147.1,147.68,147.035,147.15,47999.00
2025-12-26 13:00:00-05:00,147.37,147.68,147.3,147.56,10368.00
2025-12-26 13:05:00-05:00,147.56,147.88,147.251,147.28,33531.00
2025-12-26 13:10:00-05:00,147.42,147.82,147.32,147.35,32071.00
2025-12-26 13:15:00-05:00,147.35,147.645,147.27,147.4201,25297.00
2025-12-26 13:20:00-05:00,147.53,147.61,147.25,147.58,18332.00
2025-12-26 13:25:00-05:00,147.61,147.8599,147.39,147.6,9184.00
2025-12-26 13:30:00-05:00,147.48,147.71,147.35,147.445,13852.00
2025-12-26 13:35:00-05:00,147.35,147.355,146.44,146.83,19998.00
2025-12-26 13:40:00-05:00,146.8912,146.8912,146.66,146.725,7249.00
2025-12-26 13:45:00-05:00,146.725,146.99,146.5,146.96,10456.00
2025-12-26 13:50:00-05:00,146.89,146.89,146.5,146.6701,34448.00
2025-12-26 13:55:00-05:00,146.905,146.905,146.4,146.49,26725.00
2025-12-26 14:00:00-05:00,146.49,146.695,146.3,146.475,27612.00
2025-12-26 14:05:00-05:00,146.56,146.56,146.23,146.475,13009.00
2025-12-26 14:10:00-05:00,146.54,146.61,146.36,146.58,8816.00
2025-12-26 14:15:00-05:00,146.595,146.96,146.5,146.66,12971.00
2025-12-26 14:20:00-05:00,146.7,146.72,146.31,146.4905,8390.00
2025-12-26 14:25:00-05:00,146.51,146.689,146.36,146.51,7729.00
2025-12-26 14:30:00-05:00,146.5,146.68,146.3101,146.55,7631.00
2025-12-26 14:35:00-05:00,146.58,146.851,146.538,146.56,9718.00
2025-12-26 14:40:00-05:00,146.56,146.676,146.25,146.25,22736.00
2025-12-26 14:45:00-05:00,146.22,146.5804,146.03,146.5,27651.00
2025-12-26 14:50:00-05:00,146.415,146.4365,146.22,146.22,10045.00
2025-12-26 14:55:00-05:00,146.3,146.44,146.145,146.25,8994.00
2025-12-26 15:00:00-05:00,146.33,146.33,146.01,146.09,13810.00
2025-12-26 15:05:00-05:00,146.1,146.26,145.9597,146.1939,19975.00
2025-12-26 15:10:00-05:00,146.2237,146.3,146.02,146.3,20321.00
2025-12-26 15:15:00-05:00,146.38,146.39,146.05,146.13,12412.00
2025-12-26 15:20:00-05:00,146.13,146.29,146,146.18,29991.00
2025-12-26 15:25:00-05:00,146.1872,146.24,146,146.24,12868.00
2025-12-26 15:30:00-05:00,146.26,146.32,145.91,146.06,25996.00
2025-12-26 15:35:00-05:00,146.03,146.055,145.02,145.44,53556.00
2025-12-26 15:40:00-05:00,145.41,145.81,145.3414,145.78,33472.00
2025-12-26 15:45:00-05:00,145.5101,145.85,145.03,145.1,33870.00
2025-12-26 15:50:00-05:00,145.18,145.67,144.84,145.01,72001.00
2025-12-26 15:55:00-05:00,145.09,145.63,144.66,144.66,291631.00
2025-12-29 09:30:00-05:00,141.33,142.35,139.88,142.225,223625.00
2025-12-29 09:35:00-05:00,142.44,144.3,141.939,143.345,100224.00
2025-12-29 09:40:00-05:00,143.345,145.18,142.95,144.603,70876.00
2025-12-29 09:45:00-05:00,144.56,145.16,142.59,142.91,68115.00
2025-12-29 09:50:00-05:00,142.835,143.25,141.55,142.5593,69776.00
2025-12-29 09:55:00-05:00,142.34,143.04,142.25,142.48,33213.00
2025-12-29 10:00:00-05:00,142.48,142.96,142.15,142.513,23292.00
2025-12-29 10:05:00-05:00,142.58,142.969,141.56,141.574,50245.00
2025-12-29 10:10:00-05:00,141.56,142.2599,141.11,141.645,56227.00
2025-12-29 10:15:00-05:00,141.705,142.675,141.65,142.535,28284.00
2025-12-29 10:20:00-05:00,142.75,143.155,142.75,143.15,37299.00
2025-12-29 10:25:00-05:00,143.15,143.32,142.61,142.65,46895.00
2025-12-29 10:30:00-05:00,142.815,142.8755,142.13,142.8755,28462.00
2025-12-29 10:35:00-05:00,142.755,142.92,142.04,142.24,19124.00
2025-12-29 10:40:00-05:00,142.3,142.48,141.45,142.4,27178.00
2025-12-29 10:45:00-05:00,142.46,142.625,142,142.38,37719.00
2025-12-29 10:50:00-05:00,142.35,142.57,141.585,141.96,50612.00
2025-12-29 10:55:00-05:00,141.83,142.175,141.63,142.1,57063.00
2025-12-29 11:00:00-05:00,142.065,142.9,141.59,141.66,37906.00
2025-12-29 11:05:00-05:00,141.67,142.33,141.604,142.215,26792.00
2025-12-29 11:10:00-05:00,142.33,143.36,142.32,142.7,30546.00
2025-12-29 11:15:00-05:00,142.718,142.8866,142.23,142.8428,22145.00
2025-12-29 11:20:00-05:00,142.755,143.5125,142.755,143.4,16152.00
2025-12-29 11:25:00-05:00,143.4,143.4768,142.963,143.31,23141.00
2025-12-29 11:30:00-05:00,143.335,143.69,143.25,143.345,14954.00
2025-12-29 11:35:00-05:00,143.31,143.3999,142.9743,142.99,13855.00
2025-12-29 11:40:00-05:00,142.907,143.45,142.67,143.23,21104.00
2025-12-29 11:45:00-05:00,143.235,143.63,143.235,143.53,8810.00
2025-12-29 11:50:00-05:00,143.434,143.65,143.13,143.2,21237.00
2025-12-29 11:55:00-05:00,143.21,143.31,142.35,142.616,19698.00
2025-12-29 12:00:00-05:00,142.616,142.99,142.6,142.724,17118.00
2025-12-29 12:05:00-05:00,142.71,142.9,142.59,142.9,11391.00
2025-12-29 12:10:00-05:00,142.729,143,142.729,143,13173.00
2025-12-29 12:15:00-05:00,142.98,143.45,142.845,143.09,14395.00
2025-12-29 12:20:00-05:00,143.028,143.115,142.85,142.95,13508.00
2025-12-29 12:25:00-05:00,142.981,143.21,142.73,142.745,22289.00
2025-12-29 12:30:00-05:00,142.73,143.32,142.6201,143.32,17315.00
2025-12-29 12:35:00-05:00,143.2,143.54,143.01,143.01,19640.00
2025-12-29 12:40:00-05:00,143.13,143.43,143.034,143.2,12759.00
2025-12-29 12:45:00-05:00,143.27,143.435,143.2,143.36,9452.00
2025-12-29 12:50:00-05:00,143.36,143.65,143.273,143.57,8507.00
2025-12-29 12:55:00-05:00,143.57,143.7,143.42,143.575,11255.00
2025-12-29 13:00:00-05:00,143.51,143.675,143.43,143.64,12899.00
2025-12-29 13:05:00-05:00,143.66,143.71,143.43,143.531,17302.00
2025-12-29 13:10:00-05:00,143.52,143.57,143.231,143.301,13942.00
2025-12-29 13:15:00-05:00,143.39,143.44,143,143.315,22635.00
2025-12-29 13:20:00-05:00,143.45,143.72,143.38,143.64,14148.00
2025-12-29 13:25:00-05:00,143.62,143.62,143.37,143.5,11261.00
2025-12-29 13:30:00-05:00,143.419,144,143.41,143.93,19498.00
2025-12-29 13:35:00-05:00,144,144.19,143.85,143.85,21004.00
2025-12-29 13:40:00-05:00,143.88,143.96,143.76,143.77,12502.00
2025-12-29 13:45:00-05:00,143.9,144.07,143.54,143.63,17739.00
2025-12-29 13:50:00-05:00,143.625,143.79,143.538,143.66,15002.00
2025-12-29 13:55:00-05:00,143.6,143.73,143.49,143.58,10272.00
2025-12-29 14:00:00-05:00,143.58,143.66,143.09,143.47,18832.00
2025-12-29 14:05:00-05:00,143.38,143.885,143.34,143.726,17185.00
2025-12-29 14:10:00-05:00,143.825,143.87,143.62,143.75,16092.00
2025-12-29 14:15:00-05:00,143.74,144.04,143.74,143.877,12215.00
2025-12-29 14:20:00-05:00,143.89,144.03,143.81,143.85,14368.00
2025-12-29 14:25:00-05:00,143.79,144,143.762,143.89,10142.00
2025-12-29 14:30:00-05:00,143.89,144.08,143.83,143.9945,14143.00
2025-12-29 14:35:00-05:00,143.95,144.25,143.95,144.14,20524.00
2025-12-29 14:40:00-05:00,144.14,144.24,144.0942,144.19,14296.00
2025-12-29 14:45:00-05:00,144.19,144.46,144.01,144.365,17362.00
2025-12-29 14:50:00-05:00,144.35,144.67,144.35,144.6095,19919.00
2025-12-29 14:55:00-05:00,144.68,145,144.595,144.61,25352.00
2025-12-29 15:00:00-05:00,144.67,144.71,144.15,144.2,15415.00
2025-12-29 15:05:00-05:00,144.152,144.339,144.13,144.18,17586.00
2025-12-29 15:10:00-05:00,144.11,144.18,144.02,144.13,17161.00
2025-12-29 15:15:00-05:00,144.14,144.6399,144.11,144.575,17233.00
2025-12-29 15:20:00-05:00,144.571,144.72,144.3,144.5,17668.00
2025-12-29 15:25:00-05:00,144.43,144.6499,144.31,144.52,23493.00
2025-12-29 15:30:00-05:00,144.52,144.65,144.34,144.59,17321.00
2025-12-29 15:35:00-05:00,144.59,144.65,144.06,144.07,34648.00
2025-12-29 15:40:00-05:00,144.05,144.5,143.96,144.5,49675.00
2025-12-29 15:45:00-05:00,144.42,145,144.33,144.49,40318.00
2025-12-29 15:50:00-05:00,144.49,145.18,144.07,144.25,77688.00
2025-12-29 15:55:00-05:00,144.54,144.78,144.16,144.77,215112.00
2025-12-30 09:30:00-05:00,144.43,145.81,143.95,145.69,67514.00
2025-12-30 09:35:00-05:00,145.64,146.65,143.67,143.7,44203.00
2025-12-30 09:40:00-05:00,143.77,144.01,143.201,143.325,33845.00
2025-12-30 09:45:00-05:00,143.315,144.1,142.3,144,58200.00
2025-12-30 09:50:00-05:00,144.02,145.24,143.985,145.031,38278.00
2025-12-30 09:55:00-05:00,145.13,145.21,144.12,144.5266,30848.00
2025-12-30 10:00:00-05:00,144.41,145.03,144.13,145.03,21450.00
2025-12-30 10:05:00-05:00,144.9965,144.9965,144.33,144.415,14946.00
2025-12-30 10:10:00-05:00,144.415,144.8,144.36,144.73,20985.00
2025-12-30 10:15:00-05:00,144.8,145.5467,144.54,145.08,32653.00
2025-12-30 10:20:00-05:00,145.1131,146,144.97,145.49,22004.00
2025-12-30 10:25:00-05:00,145.28,145.4633,145.046,145.1,17168.00
2025-12-30 10:30:00-05:00,145.235,145.43,144.96,145.37,17353.00
2025-12-30 10:35:00-05:00,145.22,146,145.21,145.8967,16501.00
2025-12-30 10:40:00-05:00,146,146.505,145.8201,146.25,27116.00
2025-12-30 10:45:00-05:00,146.25,146.87,146.245,146.77,34774.00
2025-12-30 10:50:00-05:00,146.76,147.4,146.6,147.05,37261.00
2025-12-30 10:55:00-05:00,146.99,147.41,146.8,147.3789,21592.00
2025-12-30 11:00:00-05:00,147.45,147.57,146.67,147.4,38239.00
2025-12-30 11:05:00-05:00,147.205,147.54,146.49,146.63,26785.00
2025-12-30 11:10:00-05:00,146.64,146.75,146.13,146.385,43197.00
2025-12-30 11:15:00-05:00,146.275,147.06,146.18,146.92,23714.00
2025-12-30 11:20:00-05:00,147.03,147.52,146.8,147.365,26741.00
2025-12-30 11:25:00-05:00,147.365,147.365,146.64,146.9,26652.00
2025-12-30 11:30:00-05:00,146.9,147.72,146.72,147.575,42365.00
2025-12-30 11:35:00-05:00,147.5,147.6499,147.045,147.5419,27346.00
2025-12-30 11:40:00-05:00,147.5,147.7,147.11,147.17,23760.00
2025-12-30 11:45:00-05:00,147.165,147.3899,147.0001,147.205,15080.00
2025-12-30 11:50:00-05:00,147.29,147.29,146.62,146.89,25986.00
2025-12-30 11:55:00-05:00,147,147,146.595,146.68,25922.00
2025-12-30 12:00:00-05:00,146.63,146.735,146.4,146.5,21037.00
2025-12-30 12:05:00-05:00,146.5,147.45,146.5,147.126,31114.00
2025-12-30 12:10:00-05:00,147.32,147.4299,146.99,147.075,14023.00
2025-12-30 12:15:00-05:00,147.075,147.22,146.92,147.1,15303.00
2025-12-30 12:20:00-05:00,146.91,147.18,146.7525,146.7525,11227.00
2025-12-30 12:25:00-05:00,146.75,147.05,146.7,146.9,8488.00
2025-12-30 12:30:00-05:00,146.9,147.03,146.51,146.84,18189.00
2025-12-30 12:35:00-05:00,146.715,147.05,146.6,146.915,8515.00
2025-12-30 12:40:00-05:00,146.975,146.9801,146.83,146.95,8615.00
2025-12-30 12:45:00-05:00,146.86,146.99,146.5,146.6062,20714.00
2025-12-30 12:50:00-05:00,146.58,147.1323,146.58,147.1323,9235.00
2025-12-30 12:55:00-05:00,147.085,147.1,147.01,147.1,9784.00
2025-12-30 13:00:00-05:00,147.06,147.07,146.31,146.5,31837.00
2025-12-30 13:05:00-05:00,146.5,146.77,146.44,146.72,9238.00
2025-12-30 13:10:00-05:00,146.71,146.875,146.635,146.8549,9731.00
2025-12-30 13:15:00-05:00,146.685,146.8,146.54,146.545,7215.00
2025-12-30 13:20:00-05:00,146.62,146.62,146.38,146.44,9005.00
2025-12-30 13:25:00-05:00,146.43,146.78,146.29,146.655,11536.00
2025-12-30 13:30:00-05:00,146.66,146.87,146.55,146.725,14292.00
2025-12-30 13:35:00-05:00,146.725,146.725,146.31,146.31,25450.00
2025-12-30 13:40:00-05:00,146.31,146.645,146.31,146.575,14552.00
2025-12-30 13:45:00-05:00,146.592,146.64,146.45,146.525,7600.00
2025-12-30 13:50:00-05:00,146.53,146.82,146.53,146.61,20191.00
2025-12-30 13:55:00-05:00,146.595,146.7,146.46,146.461,8930.00
2025-12-30 14:00:00-05:00,146.56,146.67,146.088,146.205,14411.00
2025-12-30 14:05:00-05:00,146.088,146.48,146.06,146.38,21171.00
2025-12-30 14:10:00-05:00,146.34,146.875,146.26,146.76,16090.00
2025-12-30 14:15:00-05:00,146.91,146.91,146.13,146.405,14055.00
2025-12-30 14:20:00-05:00,146.405,146.66,146.34,146.58,9252.00
2025-12-30 14:25:00-05:00,146.59,146.67,146.41,146.41,13101.00
2025-12-30 14:30:00-05:00,146.47,146.575,146.4,146.427,12194.00
2025-12-30 14:35:00-05:00,146.49,146.76,146.15,146.625,24511.00
2025-12-30 14:40:00-05:00,146.685,146.759,146.41,146.41,8869.00
2025-12-30 14:45:00-05:00,146.4722,146.56,146.25,146.25,10657.00
2025-12-30 14:50:00-05:00,146.23,146.33,145.8,145.895,24570.00
2025-12-30 14:55:00-05:00,145.89,145.89,145.425,145.425,14584.00
2025-12-30 15:00:00-05:00,145.38,145.92,145.17,145.91,27935.00
2025-12-30 15:05:00-05:00,145.99,146.16,145.7393,145.8076,14840.00
2025-12-30 15:10:00-05:00,145.68,145.7596,145.23,145.44,18928.00
2025-12-30 15:15:00-05:00,145.515,146.025,145.515,145.88,29578.00
2025-12-30 15:20:00-05:00,145.84,146.385,145.84,146.114,21366.00
2025-12-30 15:25:00-05:00,146.15,146.15,145.75,145.75,27153.00
2025-12-30 15:30:00-05:00,145.73,145.93,145.645,145.75,24722.00
2025-12-30 15:35:00-05:00,145.78,146.25,145.76,146.24,55025.00
2025-12-30 15:40:00-05:00,146.25,146.37,145.72,145.93,50041.00
2025-12-30 15:45:00-05:00,145.98,145.98,145.04,145.15,35222.00
2025-12-30 15:50:00-05:00,145.28,145.63,145.14,145.62,53045.00
2025-12-30 15:55:00-05:00,145.67,145.71,144.77,144.91,178970.00
2025-12-31 09:30:00-05:00,144.2,145.05,143.25,144.79,45354.00
2025-12-31 09:35:00-05:00,144.94,146.02,144.2417,145.05,39247.00
2025-12-31 09:40:00-05:00,144.84,145.07,144.08,144.67,16819.00
2025-12-31 09:45:00-05:00,144.61,144.762,143.5,143.84,31754.00
2025-12-31 09:50:00-05:00,144.1,145.53,143.99,144.87,39161.00
2025-12-31 09:55:00-05:00,144.7807,146,144.7807,145.64,29794.00
2025-12-31 10:00:00-05:00,145.64,146,144.92,145.645,23300.00
2025-12-31 10:05:00-05:00,145.7305,145.755,144.01,144.41,58723.00
2025-12-31 10:10:00-05:00,144.29,144.755,143.51,144.472,31734.00
2025-12-31 10:15:00-05:00,144.48,144.59,143.9443,144.07,23471.00
2025-12-31 10:20:00-05:00,144.195,144.3,143.98,144.3,12052.00
2025-12-31 10:25:00-05:00,144.4,144.67,144.0201,144.661,17461.00
2025-12-31 10:30:00-05:00,144.65,144.9499,144.14,144.685,11812.00
2025-12-31 10:35:00-05:00,144.695,145.24,144.46,144.93,10410.00
2025-12-31 10:40:00-05:00,144.9,145.175,144.87,145.0201,12987.00
2025-12-31 10:45:00-05:00,145.04,145.38,144.835,145.38,9251.00
2025-12-31 10:50:00-05:00,145.31,145.31,144.9001,145.04,12600.00
2025-12-31 10:55:00-05:00,144.86,145.18,144.7101,145.18,26221.00
2025-12-31 11:00:00-05:00,144.96,145.78,144.937,145.545,34029.00
2025-12-31 11:05:00-05:00,145.58,145.8499,145.01,145.14,26655.00
2025-12-31 11:10:00-05:00,145.07,145.235,144.65,144.71,37738.00
2025-12-31 11:15:00-05:00,144.71,144.8699,144.515,144.6159,12699.00
2025-12-31 11:20:00-05:00,144.595,144.775,144.3205,144.43,30403.00
2025-12-31 11:25:00-05:00,144.42,144.67,144.41,144.6423,31990.00
2025-12-31 11:30:00-05:00,144.545,144.99,144.32,144.8037,24644.00
2025-12-31 11:35:00-05:00,144.65,144.99,144.51,144.99,19937.00
2025-12-31 11:40:00-05:00,144.99,145,144,144.22,23614.00
2025-12-31 11:45:00-05:00,144.265,145.56,144.13,145.47,44954.00
2025-12-31 11:50:00-05:00,145.34,146.18,145.25,146.125,30455.00
2025-12-31 11:55:00-05:00,145.98,146.3,145.73,145.85,28868.00
2025-12-31 12:00:00-05:00,146,146,145.615,145.7725,11753.00
2025-12-31 12:05:00-05:00,145.71,145.71,145.31,145.36,14879.00
2025-12-31 12:10:00-05:00,145.36,145.62,145.21,145.305,22417.00
2025-12-31 12:15:00-05:00,145.32,145.32,145.15,145.27,7494.00
2025-12-31 12:20:00-05:00,145.23,145.63,145.02,145.505,44450.00
2025-12-31 12:25:00-05:00,145.505,145.71,145.46,145.6,13497.00
2025-12-31 12:30:00-05:00,145.6,145.77,145.585,145.72,7248.00
2025-12-31 12:35:00-05:00,145.727,145.93,145.49,145.635,10415.00
2025-12-31 12:40:00-05:00,145.6,145.71,145.385,145.49,9610.00
2025-12-31 12:45:00-05:00,145.425,145.425,145.07,145.1,11224.00
2025-12-31 12:50:00-05:00,145.095,145.31,144.86,145.3,21063.00
2025-12-31 12:55:00-05:00,145.38,145.4,145.125,145.33,4343.00
2025-12-31 13:00:00-05:00,145.2825,145.44,145.11,145.43,6716.00
2025-12-31 13:05:00-05:00,145.31,145.33,145.1575,145.22,4772.00
2025-12-31 13:10:00-05:00,145.22,145.367,145.215,145.22,4530.00
2025-12-31 13:15:00-05:00,145.22,145.3699,145,145.0879,10057.00
2025-12-31 13:20:00-05:00,145,145.065,144.85,144.95,14566.00
2025-12-31 13:25:00-05:00,144.95,145,144.76,144.88,15411.00
2025-12-31 13:30:00-05:00,144.875,145,144.8261,144.905,6896.00
2025-12-31 13:35:00-05:00,144.905,145.085,144.82,144.99,20157.00
2025-12-31 13:40:00-05:00,144.99,144.99,144.885,144.885,4459.00
2025-12-31 13:45:00-05:00,144.88,145,144.855,144.925,11451.00
2025-12-31 13:50:00-05:00,144.85,144.8875,144.61,144.8475,13231.00
2025-12-31 13:55:00-05:00,144.91,145.245,144.785,144.82,13215.00
2025-12-31 14:00:00-05:00,145.11,145.26,144.9,144.9,4434.00
2025-12-31 14:05:00-05:00,145.02,145.04,144.78,145,17525.00
2025-12-31 14:10:00-05:00,144.905,145.05,144.7938,144.965,6840.00
2025-12-31 14:15:00-05:00,144.99,144.99,144.8,144.8,9369.00
2025-12-31 14:20:00-05:00,144.8,144.85,144.645,144.83,19549.00
2025-12-31 14:25:00-05:00,144.81,144.86,144.33,144.37,11440.00
2025-12-31 14:30:00-05:00,144.395,144.49,143.82,144.015,20823.00
2025-12-31 14:35:00-05:00,143.98,144.59,143.98,144.5,13605.00
2025-12-31 14:40:00-05:00,144.95,144.95,144.71,144.845,6544.00
2025-12-31 14:45:00-05:00,144.76,144.8595,144.615,144.75,8233.00
2025-12-31 14:50:00-05:00,144.655,145.06,144.5061,144.5061,21531.00
2025-12-31 14:55:00-05:00,144.7,144.8225,144.675,144.74,7846.00
2025-12-31 15:00:00-05:00,144.8,144.8,144.32,144.52,10556.00
2025-12-31 15:05:00-05:00,144.54,144.71,144.4229,144.5999,13503.00
2025-12-31 15:10:00-05:00,144.505,144.51,143.9313,144.24,25978.00
2025-12-31 15:15:00-05:00,144.1,144.53,144.1,144.25,12410.00
2025-12-31 15:20:00-05:00,144.24,144.31,143.627,143.7,19226.00
2025-12-31 15:25:00-05:00,143.735,143.735,143.11,143.165,27777.00
2025-12-31 15:30:00-05:00,143.09,144.1,143.09,144.1,42954.00
2025-12-31 15:35:00-05:00,144.21,144.43,143.96,144.295,18376.00
2025-12-31 15:40:00-05:00,144.38,144.82,144.09,144.2,40696.00
2025-12-31 15:45:00-05:00,144.185,144.45,143.99,144.43,44792.00
2025-12-31 15:50:00-05:00,144.23,144.48,143.87,144.27,141735.00
2025-12-31 15:55:00-05:00,144.09,144.35,143.73,143.915,304369.00
2026-01-02 09:30:00-05:00,148.4,149.8,146.609,148.215,191047.00
2026-01-02 09:35:00-05:00,148.215,148.63,146.83,147.88,132205.00
2026-01-02 09:40:00-05:00,147.88,151,147.7476,150.64,222597.00
2026-01-02 09:45:00-05:00,150.601,152,150.315,150.945,212738.00
2026-01-02 09:50:00-05:00,151.055,151.055,148.9,149.16,121893.00
2026-01-02 09:55:00-05:00,149.24,149.3699,147.68,147.7803,78657.00
2026-01-02 10:00:00-05:00,147.81,148.8514,147.255,147.38,119764.00
2026-01-02 10:05:00-05:00,147.255,147.6,146.45,146.705,117227.00
2026-01-02 10:10:00-05:00,146.705,146.94,143.1185,143.28,127269.00
2026-01-02 10:15:00-05:00,143.2,143.89,142.25,142.9773,107481.00
2026-01-02 10:20:00-05:00,143.12,143.51,142.31,142.91,73170.00
2026-01-02 10:25:00-05:00,142.86,143.07,141.85,142.8567,76347.00
2026-01-02 10:30:00-05:00,142.83,143.8399,142.45,143.12,63378.00
2026-01-02 10:35:00-05:00,143.12,144.3,142.89,144.3,75243.00
2026-01-02 10:40:00-05:00,144.37,144.66,143.6994,143.96,75654.00
2026-01-02 10:45:00-05:00,144.015,144.015,142.6901,142.7887,62495.00
2026-01-02 10:50:00-05:00,142.87,142.87,141.9558,142.73,81353.00
2026-01-02 10:55:00-05:00,142.66,143,141.26,141.4,77658.00
2026-01-02 11:00:00-05:00,141.55,141.89,140.59,141.28,70484.00
2026-01-02 11:05:00-05:00,141.3405,141.65,140.8,141.37,38577.00
2026-01-02 11:10:00-05:00,141.415,142.4,141,142.24,62967.00
2026-01-02 11:15:00-05:00,142.36,142.64,142.03,142.575,63292.00
2026-01-02 11:20:00-05:00,142.575,143,142.0752,142.72,43634.00
2026-01-02 11:25:00-05:00,142.72,144.05,142.6387,143.97,61958.00
2026-01-02 11:30:00-05:00,143.945,144.42,143.47,144.295,43986.00
2026-01-02 11:35:00-05:00,144.38,144.5,143.903,144.08,39092.00
2026-01-02 11:40:00-05:00,143.77,144.105,143.38,144.05,36718.00
2026-01-02 11:45:00-05:00,144.01,144.01,142.64,142.64,41253.00
2026-01-02 11:50:00-05:00,142.72,142.87,142.12,142.28,53205.00
2026-01-02 11:55:00-05:00,142.36,143,142.27,142.98,89011.00
2026-01-02 12:00:00-05:00,142.95,143.01,142.61,142.69,32207.00
2026-01-02 12:05:00-05:00,142.83,143.35,142.73,142.79,39559.00
2026-01-02 12:10:00-05:00,142.88,143.1,142.5,142.89,54330.00
2026-01-02 12:15:00-05:00,142.89,143.04,142.51,142.775,24797.00
2026-01-02 12:20:00-05:00,142.795,143.27,142.795,143.175,20145.00
2026-01-02 12:25:00-05:00,143.11,143.41,143.01,143.33,32722.00
2026-01-02 12:30:00-05:00,143.35,143.63,143.22,143.52,23138.00
2026-01-02 12:35:00-05:00,143.33,143.5,142.57,143.17,33622.00
2026-01-02 12:40:00-05:00,143.31,143.54,143.1065,143.265,29503.00
2026-01-02 12:45:00-05:00,143.24,143.53,142.98,143.02,60917.00
2026-01-02 12:50:00-05:00,142.97,143.41,142.3513,143.41,48222.00
2026-01-02 12:55:00-05:00,143.44,143.5,143.03,143.2,39432.00
2026-01-02 13:00:00-05:00,143.17,143.38,143.06,143.3045,15746.00
2026-01-02 13:05:00-05:00,143.21,143.38,142.55,142.69,56239.00
2026-01-02 13:10:00-05:00,142.69,142.99,142.53,142.6586,20044.00
2026-01-02 13:15:00-05:00,142.665,142.725,142.27,142.63,26404.00
2026-01-02 13:20:00-05:00,142.66,143.043,142.4,142.42,34402.00
2026-01-02 13:25:00-05:00,142.42,142.6,142.16,142.28,28004.00
2026-01-02 13:30:00-05:00,142.36,142.36,142,142.205,42404.00
2026-01-02 13:35:00-05:00,142.205,142.79,142.14,142.7,27464.00
2026-01-02 13:40:00-05:00,142.64,143.195,142.62,143.05,29937.00
2026-01-02 13:45:00-05:00,143.19,143.2625,142.59,142.61,33013.00
2026-01-02 13:50:00-05:00,142.635,142.72,142.24,142.425,26456.00
2026-01-02 13:55:00-05:00,142.49,142.785,142.41,142.7,21972.00
2026-01-02 14:00:00-05:00,142.91,143.18,142.75,143.115,33800.00
2026-01-02 14:05:00-05:00,143.135,143.64,143.135,143.43,58737.00
2026-01-02 14:10:00-05:00,143.41,143.69,143.33,143.4,32774.00
2026-01-02 14:15:00-05:00,143.4086,143.44,142.635,142.685,24204.00
2026-01-02 14:20:00-05:00,142.685,142.815,142,142.71,40870.00
2026-01-02 14:25:00-05:00,142.75,142.809,142.305,142.57,24132.00
2026-01-02 14:30:00-05:00,142.74,142.92,142.555,142.63,25410.00
2026-01-02 14:35:00-05:00,142.56,142.8,142.52,142.69,31793.00
2026-01-02 14:40:00-05:00,142.64,142.91,142.08,142.2,32008.00
2026-01-02 14:45:00-05:00,142.26,142.41,141.82,141.99,35057.00
2026-01-02 14:50:00-05:00,141.9849,142.09,141.76,141.77,36775.00
2026-01-02 14:55:00-05:00,141.74,142.049,141.74,141.88,27636.00
2026-01-02 15:00:00-05:00,141.89,142.03,141.4303,141.9192,51454.00
2026-01-02 15:05:00-05:00,141.85,141.9,141.287,141.4,46657.00
2026-01-02 15:10:00-05:00,141.46,142.45,141.46,142.35,37443.00
2026-01-02 15:15:00-05:00,142.25,142.32,141.93,142.32,32535.00
2026-01-02 15:20:00-05:00,142.31,142.97,142.26,142.97,61453.00
2026-01-02 15:25:00-05:00,142.92,143.0843,142.76,142.91,35619.00
2026-01-02 15:30:00-05:00,142.88,143.14,142.56,143.0675,43449.00
2026-01-02 15:35:00-05:00,142.9929,143.13,142.67,142.71,53791.00
2026-01-02 15:40:00-05:00,142.71,142.85,142.46,142.525,58565.00
2026-01-02 15:45:00-05:00,142.55,142.84,141.92,142.075,77019.00
2026-01-02 15:50:00-05:00,142.04,142.72,141.5,142.58,150989.00
2026-01-02 15:55:00-05:00,142.8,143.55,142.735,143.22,466706.00
2026-01-05 09:30:00-05:00,145.85,148.15,142.435,142.46,366950.00
2026-01-05 09:35:00-05:00,142.58,144.01,141.52,142.835,181810.00
2026-01-05 09:40:00-05:00,142.835,143.142,140.57,141.89,125585.00
2026-01-05 09:45:00-05:00,141.89,142.335,138.06,138.66,250163.00
2026-01-05 09:50:00-05:00,138.48,139.05,135.89,136.265,257656.00
2026-01-05 09:55:00-05:00,136.2,137.62,135.0855,136.355,199180.00
2026-01-05 10:00:00-05:00,136.59,136.975,135.3,136.48,154729.00
2026-01-05 10:05:00-05:00,136.52,136.89,135.16,135.56,189837.00
2026-01-05 10:10:00-05:00,135.56,136.155,134.63,134.825,191673.00
2026-01-05 10:15:00-05:00,134.825,136.115,134.6701,135.6825,128455.00
2026-01-05 10:20:00-05:00,135.7,135.93,135.02,135.708,85461.00
2026-01-05 10:25:00-05:00,135.75,136.79,135.5,136.555,120900.00
2026-01-05 10:30:00-05:00,136.555,136.88,136.11,136.23,170408.00
2026-01-05 10:35:00-05:00,136.24,136.8,135.985,136.6499,101057.00
2026-01-05 10:40:00-05:00,136.64,136.8,135.378,135.94,122552.00
2026-01-05 10:45:00-05:00,135.95,136.59,135.49,135.59,85836.00
2026-01-05 10:50:00-05:00,135.551,136.6,135.5,135.95,88092.00
2026-01-05 10:55:00-05:00,135.94,136.08,135.43,135.82,78291.00
2026-01-05 11:00:00-05:00,135.67,135.79,134.88,135.3088,84828.00
2026-01-05 11:05:00-05:00,135.43,136.2,135,135.41,139831.00
2026-01-05 11:10:00-05:00,135.265,136.185,135.145,135.745,77817.00
2026-01-05 11:15:00-05:00,135.74,136.16,134.88,134.96,151219.00
2026-01-05 11:20:00-05:00,135.01,135.755,134.87,135.755,113575.00
2026-01-05 11:25:00-05:00,135.885,136.39,135.632,136.29,128662.00
2026-01-05 11:30:00-05:00,136.2,136.33,135.88,135.9,77059.00
2026-01-05 11:35:00-05:00,135.88,136.23,135.65,135.88,70704.00
2026-01-05 11:40:00-05:00,135.8686,136.145,135.44,136.1,91861.00
2026-01-05 11:45:00-05:00,136.19,136.3,135.85,136.075,73178.00
2026-01-05 11:50:00-05:00,136.15,136.23,135.645,136.23,55676.00
2026-01-05 11:55:00-05:00,136.22,136.22,135.47,135.66,69223.00
2026-01-05 12:00:00-05:00,135.67,135.7608,134.9,135.2,96700.00
2026-01-05 12:05:00-05:00,135.23,135.44,134.85,135.3,61691.00
2026-01-05 12:10:00-05:00,135.315,135.94,135.18,135.82,93554.00
2026-01-05 12:15:00-05:00,135.82,136.085,135.485,135.765,77296.00
2026-01-05 12:20:00-05:00,135.755,135.88,135.1801,135.23,59432.00
2026-01-05 12:25:00-05:00,135.163,136.325,135,136.01,74816.00
2026-01-05 12:30:00-05:00,135.95,136.01,135.29,135.505,58042.00
2026-01-05 12:35:00-05:00,135.525,135.97,135.45,135.51,52326.00
2026-01-05 12:40:00-05:00,135.58,135.8,135.0701,135.33,49286.00
2026-01-05 12:45:00-05:00,135.33,135.5,135.14,135.3,71769.00
2026-01-05 12:50:00-05:00,135.33,135.42,134.9,135.0257,87630.00
2026-01-05 12:55:00-05:00,135.045,135.18,134.75,135.06,48247.00
2026-01-05 13:00:00-05:00,135.03,135.27,134.91,135.11,35418.00
2026-01-05 13:05:00-05:00,135.01,135.01,134,134.288,86952.00
2026-01-05 13:10:00-05:00,134.305,134.42,133.94,134.0069,69475.00
2026-01-05 13:15:00-05:00,134.074,134.074,133.11,133.41,77687.00
2026-01-05 13:20:00-05:00,133.3756,134.3177,133.15,134.3177,55677.00
2026-01-05 13:25:00-05:00,134.18,134.5,134.05,134.38,50118.00
2026-01-05 13:30:00-05:00,134.46,135,134.35,134.36,64687.00
2026-01-05 13:35:00-05:00,134.36,134.59,134.2754,134.48,31876.00
2026-01-05 13:40:00-05:00,134.5,134.855,134.22,134.855,61698.00
2026-01-05 13:45:00-05:00,134.88,134.91,134.6885,134.73,42232.00
2026-01-05 13:50:00-05:00,134.73,134.8,134.395,134.5,38349.00
2026-01-05 13:55:00-05:00,134.56,134.7,134.361,134.51,29745.00
2026-01-05 14:00:00-05:00,134.59,134.59,134.13,134.155,38783.00
2026-01-05 14:05:00-05:00,134.21,134.35,134,134.06,44036.00
2026-01-05 14:10:00-05:00,134.16,134.28,133.95,134.021,30887.00
2026-01-05 14:15:00-05:00,134.065,134.31,134.02,134.2085,31509.00
2026-01-05 14:20:00-05:00,134.215,134.45,134.08,134.1834,28196.00
2026-01-05 14:25:00-05:00,134.2365,134.4186,133.865,133.97,35188.00
2026-01-05 14:30:00-05:00,133.89,134.09,133.7607,133.99,29176.00
2026-01-05 14:35:00-05:00,133.9365,134.2099,133.91,134.17,29406.00
2026-01-05 14:40:00-05:00,134.17,134.67,134.13,134.44,53749.00
2026-01-05 14:45:00-05:00,134.505,135,134.44,134.81,60932.00
2026-01-05 14:50:00-05:00,134.81,136.06,134.675,135.947,98591.00
2026-01-05 14:55:00-05:00,136.0401,136.5799,135.89,136.38,60273.00
2026-01-05 15:00:00-05:00,136.365,136.81,136.261,136.3,49943.00
2026-01-05 15:05:00-05:00,136.34,137.23,136.0961,137.13,54640.00
2026-01-05 15:10:00-05:00,137.12,137.75,136.98,137.72,62834.00
2026-01-05 15:15:00-05:00,137.7,139.3862,137.42,139,106389.00
2026-01-05 15:20:00-05:00,138.93,139,138.0101,138.791,85780.00
2026-01-05 15:25:00-05:00,138.71,139.03,138.4,138.98,40775.00
2026-01-05 15:30:00-05:00,138.94,139.4999,138.721,139.18,117888.00
2026-01-05 15:35:00-05:00,139.19,139.5695,139.02,139.331,60333.00
2026-01-05 15:40:00-05:00,139.465,139.62,139.1401,139.5,61908.00
2026-01-05 15:45:00-05:00,139.43,140.31,139.43,140.19,141436.00
2026-01-05 15:50:00-05:00,140.2,140.8925,139.791,140.28,141558.00
2026-01-05 15:55:00-05:00,140.06,140.45,139.65,140.32,349140.00
2026-01-06 09:30:00-05:00,139.88,139.88,133.8808,134.355,340151.00
2026-01-06 09:35:00-05:00,134.315,134.6027,131.86,132.2844,267033.00
2026-01-06 09:40:00-05:00,132.14,132.26,129.51,131.52,317427.00
2026-01-06 09:45:00-05:00,131.52,133.69,131,131.68,267800.00
2026-01-06 09:50:00-05:00,131.57,134.2179,131.2,133.8499,151929.00
2026-01-06 09:55:00-05:00,133.445,134.9,133.05,133.93,150394.00
2026-01-06 10:00:00-05:00,133.73,135.4,133.6,135.235,108888.00
2026-01-06 10:05:00-05:00,135.1,136.03,134.22,135.95,130978.00
2026-01-06 10:10:00-05:00,135.9,137,135.01,136.92,152324.00
2026-01-06 10:15:00-05:00,136.83,137.84,136.5553,136.715,108936.00
2026-01-06 10:20:00-05:00,136.63,136.88,135.5,136.7499,97751.00
2026-01-06 10:25:00-05:00,136.175,137.03,136.175,136.63,70440.00
2026-01-06 10:30:00-05:00,136.51,136.55,135.4022,135.6,61068.00
2026-01-06 10:35:00-05:00,135.54,135.56,134.0901,134.12,81194.00
2026-01-06 10:40:00-05:00,134.15,134.68,132.6801,132.74,101349.00
2026-01-06 10:45:00-05:00,132.69,133.3399,132.5,133.11,93889.00
2026-01-06 10:50:00-05:00,133.06,133.62,132.5001,132.8593,56296.00
2026-01-06 10:55:00-05:00,132.84,133.32,132.57,133.015,47006.00
2026-01-06 11:00:00-05:00,132.87,133.279,132.55,133.14,50503.00
2026-01-06 11:05:00-05:00,133.15,133.43,132.55,132.86,43404.00
2026-01-06 11:10:00-05:00,132.76,133.559,132.72,133.23,75029.00
2026-01-06 11:15:00-05:00,133.2,133.6967,133,133.21,52405.00
2026-01-06 11:20:00-05:00,133.17,133.5305,132.59,132.59,99626.00
2026-01-06 11:25:00-05:00,132.6,132.7367,132,132.5525,79556.00
2026-01-06 11:30:00-05:00,132.41,133.314,132.245,132.5616,78906.00
2026-01-06 11:35:00-05:00,132.62,132.63,131.67,131.94,59436.00
2026-01-06 11:40:00-05:00,131.91,132.23,131.65,131.99,67532.00
2026-01-06 11:45:00-05:00,131.99,132,131.55,131.785,56436.00
2026-01-06 11:50:00-05:00,131.68,131.86,131.55,131.7,79806.00
2026-01-06 11:55:00-05:00,131.61,131.61,130.82,131.16,127495.00
2026-01-06 12:00:00-05:00,131.16,131.75,130.94,131.732,45472.00
2026-01-06 12:05:00-05:00,131.64,132.4999,131.5482,131.7104,70650.00
2026-01-06 12:10:00-05:00,131.7,131.8458,131.39,131.4,29315.00
2026-01-06 12:15:00-05:00,131.4105,131.5664,131,131.11,27736.00
2026-01-06 12:20:00-05:00,131.165,131.88,131.12,131.55,58425.00
2026-01-06 12:25:00-05:00,131.5,131.69,131,131.35,52841.00
2026-01-06 12:30:00-05:00,131.26,131.68,131.0001,131.68,41226.00
2026-01-06 12:35:00-05:00,131.72,132.38,131.6,131.93,73786.00
2026-01-06 12:40:00-05:00,131.69,131.93,131.22,131.28,51763.00
2026-01-06 12:45:00-05:00,131.35,131.74,131.29,131.6,48055.00
2026-01-06 12:50:00-05:00,131.52,132,131.38,131.91,57509.00
2026-01-06 12:55:00-05:00,131.915,132.21,131.8189,132,40664.00
2026-01-06 13:00:00-05:00,131.96,132.26,131.77,132.135,62782.00
2026-01-06 13:05:00-05:00,131.98,132.5,131.81,132.345,34714.00
2026-01-06 13:10:00-05:00,132.28,132.57,132.2,132.4,28279.00
2026-01-06 13:15:00-05:00,132.264,132.8199,132.17,132.63,73665.00
2026-01-06 13:20:00-05:00,132.58,132.8,132.52,132.69,56267.00
2026-01-06 13:25:00-05:00,132.74,133.87,132.67,133.775,113676.00
2026-01-06 13:30:00-05:00,133.65,134.5,133.53,133.92,74142.00
2026-01-06 13:35:00-05:00,133.71,134.32,133.62,134.3,32620.00
2026-01-06 13:40:00-05:00,134.375,134.98,134.27,134.695,35663.00
2026-01-06 13:45:00-05:00,134.59,135.14,134.54,134.78,44767.00
2026-01-06 13:50:00-05:00,134.9506,135.3,134.7801,135.085,55695.00
2026-01-06 13:55:00-05:00,135.05,135.34,134.8601,135.34,31865.00
2026-01-06 14:00:00-05:00,135.34,135.69,134.75,134.92,51078.00
2026-01-06 14:05:00-05:00,134.89,135.075,134.3,134.3,31697.00
2026-01-06 14:10:00-05:00,134.32,135,134.2,134.725,51261.00
2026-01-06 14:15:00-05:00,134.69,135.09,134.67,134.99,39404.00
2026-01-06 14:20:00-05:00,134.93,135.265,134.87,135.07,41928.00
2026-01-06 14:25:00-05:00,135.125,135.3,134.85,135.2764,38609.00
2026-01-06 14:30:00-05:00,135.22,135.795,135.215,135.795,41305.00
2026-01-06 14:35:00-05:00,135.81,135.93,135.6501,135.8078,33100.00
2026-01-06 14:40:00-05:00,135.735,135.99,135.5501,135.8,37751.00
2026-01-06 14:45:00-05:00,135.9,136.13,135.57,135.66,40912.00
2026-01-06 14:50:00-05:00,135.61,136.1,135.57,136.01,42213.00
2026-01-06 14:55:00-05:00,135.97,136.56,135.97,136.2644,39721.00
2026-01-06 15:00:00-05:00,136.365,136.86,135.248,135.25,63853.00
2026-01-06 15:05:00-05:00,135.32,135.34,134.3833,134.5,66577.00
2026-01-06 15:10:00-05:00,134.43,134.949,134.35,134.45,45518.00
2026-01-06 15:15:00-05:00,134.4,134.6,134.18,134.475,69249.00
2026-01-06 15:20:00-05:00,134.41,134.65,134,134.1782,80133.00
2026-01-06 15:25:00-05:00,134.05,134.3199,133.63,133.66,67415.00
2026-01-06 15:30:00-05:00,133.77,133.96,133.15,133.315,87156.00
2026-01-06 15:35:00-05:00,133.315,133.8872,133.25,133.36,66759.00
2026-01-06 15:40:00-05:00,133.34,133.77,133.1001,133.48,134704.00
2026-01-06 15:45:00-05:00,133.4575,133.72,133.27,133.395,132764.00
2026-01-06 15:50:00-05:00,133.3,133.87,133.21,133.35,206686.00
2026-01-06 15:55:00-05:00,133.3,133.37,132.8,132.88,344896.00
2026-01-07 09:30:00-05:00,128.83,129.36,124.7001,127.2,686984.00
2026-01-07 09:35:00-05:00,127.2,129.9,126.88,129.695,255760.00
2026-01-07 09:40:00-05:00,129.75,130.418,128.854,129.758,156974.00
2026-01-07 09:45:00-05:00,129.68,129.85,128.67,129.19,126011.00
2026-01-07 09:50:00-05:00,129.24,129.71,128.5,128.92,95405.00
2026-01-07 09:55:00-05:00,128.8987,129.757,128.6,128.8,81344.00
2026-01-07 10:00:00-05:00,128.76,129.75,128.33,129.6495,121556.00
2026-01-07 10:05:00-05:00,129.46,131.05,129.14,130.75,148617.00
2026-01-07 10:10:00-05:00,130.75,130.805,129.63,129.84,87113.00
2026-01-07 10:15:00-05:00,129.875,129.95,129.1265,129.57,81145.00
2026-01-07 10:20:00-05:00,129.61,130.49,129.475,130.18,137613.00
2026-01-07 10:25:00-05:00,130.17,130.83,129.81,130.055,118089.00
2026-01-07 10:30:00-05:00,130.1,130.15,129.61,129.6359,62572.00
2026-01-07 10:35:00-05:00,129.705,130.24,129.19,129.75,85227.00
2026-01-07 10:40:00-05:00,129.75,130.27,128.85,129.6808,75276.00
2026-01-07 10:45:00-05:00,129.45,131.18,129.45,130.65,77470.00
2026-01-07 10:50:00-05:00,130.87,131.5,130.37,130.83,88691.00
2026-01-07 10:55:00-05:00,130.97,132.37,130.935,132.2,144324.00
2026-01-07 11:00:00-05:00,132.19,132.4177,131.22,131.7699,78601.00
2026-01-07 11:05:00-05:00,131.77,132.045,131.5528,131.7803,46042.00
2026-01-07 11:10:00-05:00,131.93,134.39,131.8586,134.345,209114.00
2026-01-07 11:15:00-05:00,134.3006,136.08,134.18,136.04,253321.00
2026-01-07 11:20:00-05:00,136.0061,136.43,135.2582,136.1401,170830.00
2026-01-07 11:25:00-05:00,136.3166,136.71,136,136.365,120218.00
2026-01-07 11:30:00-05:00,136.49,136.57,135.95,136.2,115476.00
2026-01-07 11:35:00-05:00,136.22,137.2,136.19,137.17,107058.00
2026-01-07 11:40:00-05:00,137.1782,137.84,136.668,137.78,91971.00
2026-01-07 11:45:00-05:00,137.695,138.56,137.695,137.95,107260.00
2026-01-07 11:50:00-05:00,137.955,138.08,136.5,136.625,170799.00
2026-01-07 11:55:00-05:00,136.54,136.57,135.3375,135.3697,84304.00
2026-01-07 12:00:00-05:00,135.375,135.5978,134.805,135.175,93637.00
2026-01-07 12:05:00-05:00,135.23,135.39,134.98,135.145,51163.00
2026-01-07 12:10:00-05:00,135.185,135.3599,134.65,135,65489.00
2026-01-07 12:15:00-05:00,134.925,135.9599,134.925,135.405,64230.00
2026-01-07 12:20:00-05:00,135.4974,136.5,135.405,136.125,143393.00
2026-01-07 12:25:00-05:00,136.1275,136.5,135.51,136.17,155872.00
2026-01-07 12:30:00-05:00,136.08,137.6225,136.0001,137.6225,55941.00
2026-01-07 12:35:00-05:00,137.54,139.3199,137.385,139.145,120545.00
2026-01-07 12:40:00-05:00,139.2899,139.2899,138.61,138.75,76795.00
2026-01-07 12:45:00-05:00,138.725,139.02,138.21,138.4,69053.00
2026-01-07 12:50:00-05:00,138.49,139.27,138,138.62,83735.00
2026-01-07 12:55:00-05:00,138.62,138.97,138.39,138.8996,42580.00
2026-01-07 13:00:00-05:00,138.98,140.8799,138.7416,140.39,132745.00
2026-01-07 13:05:00-05:00,140.34,141.7731,140.34,141.635,137442.00
2026-01-07 13:10:00-05:00,141.65,142,141.07,141.765,120577.00
2026-01-07 13:15:00-05:00,141.6401,142.4999,141.15,141.1986,126520.00
2026-01-07 13:20:00-05:00,141.2,141.5,140.85,141.3457,85800.00
2026-01-07 13:25:00-05:00,141.2859,141.39,140.58,140.63,55027.00
2026-01-07 13:30:00-05:00,140.63,141.33,140.5,141.33,63357.00
2026-01-07 13:35:00-05:00,141.2683,141.83,141.12,141.66,46937.00
2026-01-07 13:40:00-05:00,141.665,142.84,141.6,142.75,65591.00
2026-01-07 13:45:00-05:00,142.745,143.2,142.41,142.66,71044.00
2026-01-07 13:50:00-05:00,142.61,142.9,142.3301,142.58,45945.00
2026-01-07 13:55:00-05:00,142.4451,142.6,142.12,142.2001,43510.00
2026-01-07 14:00:00-05:00,142.4011,142.4011,141.18,141.82,50486.00
2026-01-07 14:05:00-05:00,141.67,141.8681,141.43,141.52,29061.00
2026-01-07 14:10:00-05:00,141.41,141.44,140.84,141.2664,44291.00
2026-01-07 14:15:00-05:00,141.39,141.785,141.26,141.74,55822.00
2026-01-07 14:20:00-05:00,141.69,142.32,141.68,141.777,56656.00
2026-01-07 14:25:00-05:00,141.66,141.78,141.15,141.62,34999.00
2026-01-07 14:30:00-05:00,141.645,142.0801,141.4803,141.87,39647.00
2026-01-07 14:35:00-05:00,141.87,142,141.3,141.4506,29801.00
2026-01-07 14:40:00-05:00,141.31,141.8,140.91,141.8,30225.00
2026-01-07 14:45:00-05:00,141.85,142.06,141.342,141.64,41638.00
2026-01-07 14:50:00-05:00,141.51,141.68,141.01,141.27,54071.00
2026-01-07 14:55:00-05:00,141.34,141.52,140.65,141.03,47903.00
2026-01-07 15:00:00-05:00,141.15,141.21,140.91,140.96,24320.00
2026-01-07 15:05:00-05:00,141.06,141.51,141.06,141.24,55564.00
2026-01-07 15:10:00-05:00,141.2014,141.42,140.68,140.715,51864.00
2026-01-07 15:15:00-05:00,140.75,141.215,140.3618,141.02,46507.00
2026-01-07 15:20:00-05:00,141,141.06,140.115,140.2,57893.00
2026-01-07 15:25:00-05:00,140.245,140.42,140,140.4,58890.00
2026-01-07 15:30:00-05:00,140.275,140.98,140.035,140.945,57254.00
2026-01-07 15:35:00-05:00,140.83,141.0694,140.46,140.575,111979.00
2026-01-07 15:40:00-05:00,140.575,140.7699,140.195,140.3172,69534.00
2026-01-07 15:45:00-05:00,140.28,141.07,140.28,140.85,76228.00
2026-01-07 15:50:00-05:00,140.93,141.49,140.5401,141.255,156161.00
2026-01-07 15:55:00-05:00,141.18,141.18,140.77,141.05,402532.00
2026-01-08 09:30:00-05:00,140.44,142.9413,140,142.685,230241.00
2026-01-08 09:35:00-05:00,142.67,142.85,139.55,139.8525,197201.00
2026-01-08 09:40:00-05:00,139.93,140.25,136.565,136.6,216445.00
2026-01-08 09:45:00-05:00,136.745,139.035,136.3423,137.78,168086.00
2026-01-08 09:50:00-05:00,137.78,140.59,137.495,140.445,139038.00
2026-01-08 09:55:00-05:00,140.33,140.395,137.5,138.155,155126.00
2026-01-08 10:00:00-05:00,138.15,138.52,136.7,137.43,153365.00
2026-01-08 10:05:00-05:00,137.27,137.7363,136.67,136.98,109478.00
2026-01-08 10:10:00-05:00,137,137.75,135.76,137.52,167117.00
2026-01-08 10:15:00-05:00,137.52,138.2,136.8201,137.76,65676.00
2026-01-08 10:20:00-05:00,137.73,138.6131,137.41,137.65,44637.00
2026-01-08 10:25:00-05:00,137.73,138.255,137,137.26,44625.00
2026-01-08 10:30:00-05:00,137.3,137.42,136,136.24,56714.00
2026-01-08 10:35:00-05:00,136.2,136.39,135.07,135.99,97207.00
2026-01-08 10:40:00-05:00,135.74,136.56,135.25,136.2,55908.00
2026-01-08 10:45:00-05:00,136.31,136.57,135.65,136.22,31474.00
2026-01-08 10:50:00-05:00,136.225,136.7,136.11,136.465,55362.00
2026-01-08 10:55:00-05:00,136.3672,138.18,136.3672,138.13,52987.00
2026-01-08 11:00:00-05:00,138.319,138.4199,137.64,137.95,54261.00
2026-01-08 11:05:00-05:00,137.945,137.98,137.16,137.5,79184.00
2026-01-08 11:10:00-05:00,137.56,138.38,137.08,137.78,48974.00
2026-01-08 11:15:00-05:00,137.66,137.97,137.2,137.92,47136.00
2026-01-08 11:20:00-05:00,138,138.91,137.84,138.25,58207.00
2026-01-08 11:25:00-05:00,138.14,138.49,137.765,137.765,39084.00
2026-01-08 11:30:00-05:00,137.76,137.96,137.21,137.945,58598.00
2026-01-08 11:35:00-05:00,137.78,138.37,137.55,138.19,47451.00
2026-01-08 11:40:00-05:00,138.2,139.27,138.11,139.05,58596.00
2026-01-08 11:45:00-05:00,139.24,139.5099,139.07,139.295,43422.00
2026-01-08 11:50:00-05:00,139.41,139.58,138.78,138.87,63747.00
2026-01-08 11:55:00-05:00,138.87,139.64,138.78,139.64,70377.00
2026-01-08 12:00:00-05:00,139.475,139.631,138.8,139.09,32749.00
2026-01-08 12:05:00-05:00,139.035,140.4,139.02,140.4,47859.00
2026-01-08 12:10:00-05:00,140.24,140.79,140.14,140.79,35506.00
2026-01-08 12:15:00-05:00,140.74,141.6,140.62,141.5,49458.00
2026-01-08 12:20:00-05:00,141.48,142.3,140.73,140.81,86681.00
2026-01-08 12:25:00-05:00,140.885,141.2,140.5,141.01,43936.00
2026-01-08 12:30:00-05:00,141.16,141.7,140.96,141.32,49463.00
2026-01-08 12:35:00-05:00,141.3484,141.98,141.3484,141.8,59838.00
2026-01-08 12:40:00-05:00,141.84,142.1,141.74,142.03,57599.00
2026-01-08 12:45:00-05:00,142.08,142.19,140.88,141.105,66627.00
2026-01-08 12:50:00-05:00,141.135,142,141.095,141.845,21955.00
2026-01-08 12:55:00-05:00,141.99,142.12,141.34,141.3546,58144.00
2026-01-08 13:00:00-05:00,141.25,141.46,140.1201,140.33,48784.00
2026-01-08 13:05:00-05:00,140.28,140.43,140.04,140.15,23728.00
2026-01-08 13:10:00-05:00,140.15,140.72,140.03,140.72,55097.00
2026-01-08 13:15:00-05:00,140.615,140.91,140.33,140.91,23891.00
2026-01-08 13:20:00-05:00,140.96,141.2,140.61,140.835,35246.00
2026-01-08 13:25:00-05:00,140.82,141.27,140.64,140.8412,26687.00
2026-01-08 13:30:00-05:00,140.795,141.19,140.55,141.07,25448.00
2026-01-08 13:35:00-05:00,141.07,141.33,140.955,141.14,25437.00
2026-01-08 13:40:00-05:00,141.185,141.79,141.185,141.675,42972.00
2026-01-08 13:45:00-05:00,141.68,142.0099,141.359,141.97,28192.00
2026-01-08 13:50:00-05:00,141.98,142.03,141.6,141.88,34744.00
2026-01-08 13:55:00-05:00,141.77,141.83,141.31,141.385,30632.00
2026-01-08 14:00:00-05:00,141.42,141.81,141.42,141.63,31798.00
2026-01-08 14:05:00-05:00,141.64,142.04,141.62,142.04,44151.00
2026-01-08 14:10:00-05:00,141.99,142.165,141.51,141.5625,39465.00
2026-01-08 14:15:00-05:00,141.5348,141.85,141.29,141.78,48421.00
2026-01-08 14:20:00-05:00,141.85,141.9,140.625,140.79,47125.00
2026-01-08 14:25:00-05:00,140.725,141.0931,140.43,140.97,32509.00
2026-01-08 14:30:00-05:00,140.86,141.25,140.8517,141.0375,23848.00
2026-01-08 14:35:00-05:00,141.09,141.15,140.725,140.87,41059.00
2026-01-08 14:40:00-05:00,140.87,140.87,140.52,140.52,21449.00
2026-01-08 14:45:00-05:00,140.545,140.91,140.39,140.86,31040.00
2026-01-08 14:50:00-05:00,140.86,141.8026,140.7688,141.76,41876.00
2026-01-08 14:55:00-05:00,141.745,141.745,140.9,141.2375,39304.00
2026-01-08 15:00:00-05:00,141.15,141.2394,140.98,141.19,21261.00
2026-01-08 15:05:00-05:00,141.27,141.32,141,141.06,25387.00
2026-01-08 15:10:00-05:00,141.125,141.56,141.1,141.15,35879.00
2026-01-08 15:15:00-05:00,141.12,141.45,141.07,141.32,32892.00
2026-01-08 15:20:00-05:00,141.3,141.35,141.05,141.1,42786.00
2026-01-08 15:25:00-05:00,141.24,141.65,141.03,141.04,37160.00
2026-01-08 15:30:00-05:00,141.195,141.38,140.41,140.565,45706.00
2026-01-08 15:35:00-05:00,140.67,141.39,140.66,141.34,44820.00
2026-01-08 15:40:00-05:00,141.26,141.4,141.04,141.275,38567.00
2026-01-08 15:45:00-05:00,141.27,141.61,141.2,141.385,69596.00
2026-01-08 15:50:00-05:00,141.43,141.9,141.28,141.88,168486.00
2026-01-08 15:55:00-05:00,141.825,141.825,141.1,141.6,425988.00
2026-01-09 09:30:00-05:00,145.53,149.48,143.62,148.89,265253.00
2026-01-09 09:35:00-05:00,149.0073,152.1999,148.75,151.415,360010.00
2026-01-09 09:40:00-05:00,151.2848,153.9,150.0617,153.64,213574.00
2026-01-09 09:45:00-05:00,153.35,153.7247,149.18,150.65,161931.00
2026-01-09 09:50:00-05:00,150.66,151.44,149.22,151,122618.00
2026-01-09 09:55:00-05:00,151,151.9,150.1001,151.16,94265.00
2026-01-09 10:00:00-05:00,151.21,151.68,149.5544,149.65,111552.00
2026-01-09 10:05:00-05:00,149.695,150.89,148.3,148.65,186850.00
2026-01-09 10:10:00-05:00,148.905,151.2,148.8042,150.76,110672.00
2026-01-09 10:15:00-05:00,150.94,153.33,150.715,153.28,140502.00
2026-01-09 10:20:00-05:00,153.04,154.12,152.555,153.08,135039.00
2026-01-09 10:25:00-05:00,153.431,154.85,152.52,154.85,141867.00
2026-01-09 10:30:00-05:00,154.7288,156.6999,154.51,156.5,376638.00
2026-01-09 10:35:00-05:00,156.48,156.645,155.01,155.2,158382.00
2026-01-09 10:40:00-05:00,155.02,155.2301,153.69,154.25,140149.00
2026-01-09 10:45:00-05:00,154.4,156.28,154.15,155.985,92872.00
2026-01-09 10:50:00-05:00,156.29,157.5,156.25,156.5417,106407.00
2026-01-09 10:55:00-05:00,156.56,157.2745,155.77,156.1,100473.00
2026-01-09 11:00:00-05:00,156.01,156.49,155.6471,156.02,57312.00
2026-01-09 11:05:00-05:00,156.105,156.76,155.8,156.405,82568.00
2026-01-09 11:10:00-05:00,156.51,156.69,155,155.45,78268.00
2026-01-09 11:15:00-05:00,155.52,155.52,154.1807,154.98,70255.00
2026-01-09 11:20:00-05:00,154.9,154.99,154.42,154.495,52317.00
2026-01-09 11:25:00-05:00,154.39,154.64,154.0201,154.245,52643.00
2026-01-09 11:30:00-05:00,154.245,154.99,153.2117,153.39,95708.00
2026-01-09 11:35:00-05:00,153.4,153.57,152.36,152.63,83378.00
2026-01-09 11:40:00-05:00,152.5647,154.18,152.1501,153.99,78726.00
2026-01-09 11:45:00-05:00,153.9,154.47,153.6,154.29,42674.00
2026-01-09 11:50:00-05:00,154.265,154.78,153.81,154.125,42260.00
2026-01-09 11:55:00-05:00,154.125,154.21,153.61,153.96,23678.00
2026-01-09 12:00:00-05:00,153.96,153.96,153,153.185,33744.00
2026-01-09 12:05:00-05:00,153.11,153.85,153.11,153.8,24443.00
2026-01-09 12:10:00-05:00,153.61,153.7599,153.09,153.45,48205.00
2026-01-09 12:15:00-05:00,153.45,153.665,153.01,153.145,22129.00
2026-01-09 12:20:00-05:00,153.0797,153.96,153.0797,153.88,19790.00
2026-01-09 12:25:00-05:00,153.88,153.94,153.09,153.1,28434.00
2026-01-09 12:30:00-05:00,153.14,153.14,152.25,152.395,59413.00
2026-01-09 12:35:00-05:00,152.395,152.83,152.2,152.59,64059.00
2026-01-09 12:40:00-05:00,152.51,153.41,152.35,152.95,33968.00
2026-01-09 12:45:00-05:00,152.91,153.52,152.91,153.17,62699.00
2026-01-09 12:50:00-05:00,153.17,153.64,152.5,153.45,59123.00
2026-01-09 12:55:00-05:00,153.31,153.57,153.15,153.29,24798.00
2026-01-09 13:00:00-05:00,153.21,153.3,152.6101,152.9325,24136.00
2026-01-09 13:05:00-05:00,152.895,153.16,152.7122,152.9,25898.00
2026-01-09 13:10:00-05:00,153.1,153.2799,152.9,153.14,25795.00
2026-01-09 13:15:00-05:00,153.28,153.78,152.84,153.17,52974.00
2026-01-09 13:20:00-05:00,153.22,153.75,152.861,153.71,22851.00
2026-01-09 13:25:00-05:00,153.625,154.1499,153.55,153.872,67351.00
2026-01-09 13:30:00-05:00,153.7901,154.38,153.71,153.855,49074.00
2026-01-09 13:35:00-05:00,153.855,154.01,153.25,153.455,29595.00
2026-01-09 13:40:00-05:00,153.48,153.68,153.11,153.125,37159.00
2026-01-09 13:45:00-05:00,153.01,153.74,152.81,153.32,34782.00
2026-01-09 13:50:00-05:00,153.45,153.87,153.26,153.43,24243.00
2026-01-09 13:55:00-05:00,153.29,153.88,153.29,153.84,31517.00
2026-01-09 14:00:00-05:00,153.86,153.86,152.7472,152.78,32434.00
2026-01-09 14:05:00-05:00,152.69,152.77,152.09,152.56,52365.00
2026-01-09 14:10:00-05:00,152.63,152.77,152.34,152.36,20496.00
2026-01-09 14:15:00-05:00,152.36,152.435,152.04,152.22,31947.00
2026-01-09 14:20:00-05:00,152.31,152.41,151.74,152.245,42066.00
2026-01-09 14:25:00-05:00,152.2708,152.3718,152,152.085,29011.00
2026-01-09 14:30:00-05:00,152.17,152.3,151.94,152,27969.00
2026-01-09 14:35:00-05:00,151.92,151.99,151.615,151.615,20694.00
2026-01-09 14:40:00-05:00,151.615,152.31,151.615,152.15,33715.00
2026-01-09 14:45:00-05:00,152.19,152.73,152.0601,152.215,34897.00
2026-01-09 14:50:00-05:00,152.36,152.5138,152.17,152.4299,22117.00
2026-01-09 14:55:00-05:00,152.295,152.87,152.295,152.46,45842.00
2026-01-09 15:00:00-05:00,152.37,153.54,152.0705,153.17,33060.00
2026-01-09 15:05:00-05:00,153.28,153.7,153,153.125,43934.00
2026-01-09 15:10:00-05:00,153.2,153.37,152.8902,153.11,34414.00
2026-01-09 15:15:00-05:00,153.29,154.15,153.2,154,37211.00
2026-01-09 15:20:00-05:00,154.13,154.51,153.9711,154.305,50523.00
2026-01-09 15:25:00-05:00,154.305,154.68,153.75,153.96,64602.00
2026-01-09 15:30:00-05:00,153.96,154.245,153.84,154.19,50148.00
2026-01-09 15:35:00-05:00,154,154.23,153.76,153.845,56772.00
2026-01-09 15:40:00-05:00,153.94,154.21,153.76,154.03,73157.00
2026-01-09 15:45:00-05:00,154.14,154.38,153.21,153.21,88105.00
2026-01-09 15:50:00-05:00,153.18,153.58,151.45,151.465,209617.00
2026-01-09 15:55:00-05:00,151.465,151.72,150.28,150.31,683436.00
2026-01-12 09:30:00-05:00,148.745,152.4384,147.36,151.371,198606.00
2026-01-12 09:35:00-05:00,152.08,154.43,151.895,152.76,128981.00
2026-01-12 09:40:00-05:00,152.56,152.64,150.74,151.7501,81053.00
2026-01-12 09:45:00-05:00,151.99,152.14,149.44,150.49,70495.00
2026-01-12 09:50:00-05:00,150.4508,151.54,149.4,149.56,62421.00
2026-01-12 09:55:00-05:00,149.484,150.7578,148.8,150.305,65152.00
2026-01-12 10:00:00-05:00,150.31,151,149.825,149.91,55104.00
2026-01-12 10:05:00-05:00,149.78,150.27,149.5001,149.61,41206.00
2026-01-12 10:10:00-05:00,149.5,150.77,148.9,150.3,53032.00
2026-01-12 10:15:00-05:00,150.5399,150.9,149.76,150.57,39807.00
2026-01-12 10:20:00-05:00,150.75,151.22,150.1649,150.8001,35050.00
2026-01-12 10:25:00-05:00,150.9932,151.22,150.3556,151.0761,27225.00
2026-01-12 10:30:00-05:00,151.09,151.47,150.45,150.66,46210.00
2026-01-12 10:35:00-05:00,150.81,151.685,150.57,151.62,48809.00
2026-01-12 10:40:00-05:00,151.62,151.8799,151.2479,151.34,33063.00
2026-01-12 10:45:00-05:00,151.34,151.68,150.82,151.44,33765.00
2026-01-12 10:50:00-05:00,151.554,152,151.19,151.3899,33788.00
2026-01-12 10:55:00-05:00,151.31,151.61,150.75,151.005,29994.00
2026-01-12 11:00:00-05:00,150.81,150.99,150.2,150.88,37932.00
2026-01-12 11:05:00-05:00,150.99,151.105,150.7254,151.105,21122.00
2026-01-12 11:10:00-05:00,151.11,151.87,151.11,151.72,29295.00
2026-01-12 11:15:00-05:00,151.555,152.14,151.555,151.87,44464.00
2026-01-12 11:20:00-05:00,151.87,152.09,151.5,151.995,34118.00
2026-01-12 11:25:00-05:00,151.995,152.27,151.865,152.09,30397.00
2026-01-12 11:30:00-05:00,152.14,152.15,151.55,151.585,31046.00
2026-01-12 11:35:00-05:00,151.585,153.27,151.0401,153.261,47361.00
2026-01-12 11:40:00-05:00,153.26,153.53,153.01,153.3,61277.00
2026-01-12 11:45:00-05:00,153.5,154,153.255,153.72,38477.00
2026-01-12 11:50:00-05:00,153.64,153.91,153.56,153.84,28080.00
2026-01-12 11:55:00-05:00,153.91,154.59,153.875,154.16,46535.00
2026-01-12 12:00:00-05:00,154.1335,154.625,154.1335,154.39,45817.00
2026-01-12 12:05:00-05:00,154.16,154.38,153.24,153.37,54501.00
2026-01-12 12:10:00-05:00,153.48,153.8,153.33,153.48,27065.00
2026-01-12 12:15:00-05:00,153.4,153.53,152.77,152.99,21261.00
2026-01-12 12:20:00-05:00,152.8496,152.99,152.09,152.09,42763.00
2026-01-12 12:25:00-05:00,152.04,152.33,151.7,152.2,39399.00
2026-01-12 12:30:00-05:00,152.22,152.4627,151.97,152.39,26830.00
2026-01-12 12:35:00-05:00,152.19,152.58,152,152.12,19829.00
2026-01-12 12:40:00-05:00,152.15,152.4399,152,152.24,17593.00
2026-01-12 12:45:00-05:00,152.185,152.44,151.74,152.21,23407.00
2026-01-12 12:50:00-05:00,152.28,152.29,151.77,151.95,12732.00
2026-01-12 12:55:00-05:00,151.75,151.92,151.5,151.864,15696.00
2026-01-12 13:00:00-05:00,151.8,152,151.6,151.9484,17174.00
2026-01-12 13:05:00-05:00,152.07,152.2054,151.96,152.03,22488.00
2026-01-12 13:10:00-05:00,151.98,152.25,151.8525,152.25,23291.00
2026-01-12 13:15:00-05:00,152.135,152.24,151.9,152.05,24712.00
2026-01-12 13:20:00-05:00,152.045,152.045,151.5,151.5989,27071.00
2026-01-12 13:25:00-05:00,151.6,152.18,151.38,152.0655,49015.00
2026-01-12 13:30:00-05:00,152.16,153.09,152.0711,153.01,45674.00
2026-01-12 13:35:00-05:00,153.07,153.39,152.57,152.85,30253.00
2026-01-12 13:40:00-05:00,152.88,153.4,152.88,153.25,29576.00
2026-01-12 13:45:00-05:00,153.5,154.15,153.5,154,24853.00
2026-01-12 13:50:00-05:00,153.99,154.64,153.72,154.335,35012.00
2026-01-12 13:55:00-05:00,154.35,154.455,153.9747,154.42,31171.00
2026-01-12 14:00:00-05:00,154.41,155,153.97,154.42,65248.00
2026-01-12 14:05:00-05:00,154.59,154.88,154.1144,154.88,24450.00
2026-01-12 14:10:00-05:00,154.87,155.07,154.35,154.78,92664.00
2026-01-12 14:15:00-05:00,154.7425,154.89,154.42,154.7375,28947.00
2026-01-12 14:20:00-05:00,154.81,155.419,154.6,155.419,22265.00
2026-01-12 14:25:00-05:00,155.195,156,155.12,155.99,42430.00
2026-01-12 14:30:00-05:00,156.02,156.43,155.975,156.07,35877.00
2026-01-12 14:35:00-05:00,156.05,156.05,155.72,155.85,28930.00
2026-01-12 14:40:00-05:00,155.825,156.04,155.55,155.65,26402.00
2026-01-12 14:45:00-05:00,155.55,155.99,155.35,155.65,26792.00
2026-01-12 14:50:00-05:00,155.7,155.96,155.5,155.8499,32072.00
2026-01-12 14:55:00-05:00,155.725,156,155.08,155.09,61965.00
2026-01-12 15:00:00-05:00,155.1275,155.67,155.1,155.1238,31384.00
2026-01-12 15:05:00-05:00,155.1,155.44,154.8152,155.23,42223.00
2026-01-12 15:10:00-05:00,155.21,155.21,154.57,154.73,53295.00
2026-01-12 15:15:00-05:00,154.8241,154.95,154.61,154.86,39784.00
2026-01-12 15:20:00-05:00,154.84,155.415,154.84,155.2585,25091.00
2026-01-12 15:25:00-05:00,155.24,156.29,155.2359,156.29,62454.00
2026-01-12 15:30:00-05:00,156.185,156.4,155.81,155.99,99432.00
2026-01-12 15:35:00-05:00,155.97,156.152,155.2901,155.5099,49397.00
2026-01-12 15:40:00-05:00,155.29,156,155.1501,155.84,54449.00
2026-01-12 15:45:00-05:00,155.78,156.2,155.28,155.3081,64906.00
2026-01-12 15:50:00-05:00,155.27,155.76,155.1674,155.445,90806.00
2026-01-12 15:55:00-05:00,155.485,156.2,155.485,155.91,335631.00
2026-01-13 09:30:00-05:00,157.675,158.05,154.41,155.13,157060.00
2026-01-13 09:35:00-05:00,154.94,157.25,154.88,157.17,72711.00
2026-01-13 09:40:00-05:00,157.04,157.91,155.99,157.365,121391.00
2026-01-13 09:45:00-05:00,157.52,158.9,156.5,157.47,112182.00
2026-01-13 09:50:00-05:00,157.59,158.98,156.5,156.7051,74764.00
2026-01-13 09:55:00-05:00,156.705,158.075,156.705,158.075,47573.00
2026-01-13 10:00:00-05:00,157.9225,158.09,156.43,156.95,72734.00
2026-01-13 10:05:00-05:00,156.95,157.32,154.681,155.32,70056.00
2026-01-13 10:10:00-05:00,155.325,156.0059,154.85,155.7085,48089.00
2026-01-13 10:15:00-05:00,155.61,155.71,154.9,155.27,44969.00
2026-01-13 10:20:00-05:00,155.25,155.9899,154.52,155.58,44330.00
2026-01-13 10:25:00-05:00,155.67,156.25,155.48,156.23,34109.00
2026-01-13 10:30:00-05:00,156.1456,156.72,155.81,156,30319.00
2026-01-13 10:35:00-05:00,155.8,156.79,155.48,155.605,28655.00
2026-01-13 10:40:00-05:00,155.61,157.4377,155.605,157.37,33684.00
2026-01-13 10:45:00-05:00,157.2689,158.34,156.63,156.64,39319.00
2026-01-13 10:50:00-05:00,156.63,157.5,155.88,157.4,44493.00
2026-01-13 10:55:00-05:00,157.12,157.63,156.61,157.215,27481.00
2026-01-13 11:00:00-05:00,157.63,157.93,157.1,157.77,30343.00
2026-01-13 11:05:00-05:00,157.59,158,157.19,157.49,25893.00
2026-01-13 11:10:00-05:00,157.69,158.206,157.17,157.56,28361.00
2026-01-13 11:15:00-05:00,157.66,158.325,157.25,158.055,66807.00
2026-01-13 11:20:00-05:00,157.77,157.9867,157.39,157.7,16226.00
2026-01-13 11:25:00-05:00,157.97,158.59,157,158.34,52163.00
2026-01-13 11:30:00-05:00,158.48,160.96,158.34,160.96,141623.00
2026-01-13 11:35:00-05:00,160.97,161.75,160.54,161.75,86062.00
2026-01-13 11:40:00-05:00,161.73,162.07,161.28,162.03,98412.00
2026-01-13 11:45:00-05:00,162.03,162.89,161.755,162.8347,74099.00
2026-01-13 11:50:00-05:00,162.87,162.95,162.38,162.64,59045.00
2026-01-13 11:55:00-05:00,162.64,162.98,162.0001,162.435,77817.00
2026-01-13 12:00:00-05:00,162.5,162.65,161.0401,162.38,66800.00
2026-01-13 12:05:00-05:00,162.195,162.55,161.96,162.4499,30768.00
2026-01-13 12:10:00-05:00,162.11,162.7747,162,162.42,49615.00
2026-01-13 12:15:00-05:00,162.43,162.5,161.58,162.34,46510.00
2026-01-13 12:20:00-05:00,162.4,162.65,162.175,162.595,39827.00
2026-01-13 12:25:00-05:00,162.6105,162.85,162,162.8,56169.00
2026-01-13 12:30:00-05:00,162.79,162.95,161.62,162.79,45039.00
2026-01-13 12:35:00-05:00,162.785,163.52,162.655,162.665,53960.00
2026-01-13 12:40:00-05:00,162.7,163.75,162.68,163.44,50854.00
2026-01-13 12:45:00-05:00,163.4308,163.87,163,163.82,34503.00
2026-01-13 12:50:00-05:00,163.84,163.87,163,163.065,23616.00
2026-01-13 12:55:00-05:00,163.15,163.35,162.5001,162.85,30403.00
2026-01-13 13:00:00-05:00,162.8495,163.22,161.5,162.08,44391.00
2026-01-13 13:05:00-05:00,162.149,162.88,161.95,162.81,21727.00
2026-01-13 13:10:00-05:00,162.72,163.01,162.435,163.01,29524.00
2026-01-13 13:15:00-05:00,162.94,163.5,162.8031,163.13,33646.00
2026-01-13 13:20:00-05:00,163.19,163.26,162.345,162.345,21914.00
2026-01-13 13:25:00-05:00,162.345,162.5,161.86,162.47,41458.00
2026-01-13 13:30:00-05:00,162.245,162.69,161.85,161.905,30315.00
2026-01-13 13:35:00-05:00,162.11,162.52,161.7501,162.46,39141.00
2026-01-13 13:40:00-05:00,162.46,162.499,161.85,162.03,34711.00
2026-01-13 13:45:00-05:00,162.12,162.6,161.78,162.4,27401.00
2026-01-13 13:50:00-05:00,162.19,162.34,161.6501,162.2,17828.00
2026-01-13 13:55:00-05:00,162.27,163.27,162.11,163.18,67054.00
2026-01-13 14:00:00-05:00,163.18,163.4,162.57,162.95,33677.00
2026-01-13 14:05:00-05:00,162.7089,162.94,162.14,162.27,24506.00
2026-01-13 14:10:00-05:00,162.27,162.49,161.83,162.23,43738.00
2026-01-13 14:15:00-05:00,162.41,163.09,161.9,163.05,18241.00
2026-01-13 14:20:00-05:00,163.29,163.5,162.8401,163.12,24308.00
2026-01-13 14:25:00-05:00,163.22,163.69,162.84,163.4425,22120.00
2026-01-13 14:30:00-05:00,163.44,163.71,163.3,163.3374,16946.00
2026-01-13 14:35:00-05:00,163.32,163.8,163.2,163.7225,23393.00
2026-01-13 14:40:00-05:00,163.8,163.87,163.46,163.55,24735.00
2026-01-13 14:45:00-05:00,163.485,163.68,163.26,163.6,35213.00
2026-01-13 14:50:00-05:00,163.555,164.5,163.555,164.48,51343.00
2026-01-13 14:55:00-05:00,164.39,164.74,164.12,164.35,26136.00
2026-01-13 15:00:00-05:00,164.445,164.455,163.785,163.93,28205.00
2026-01-13 15:05:00-05:00,163.8,164.66,163.6501,164.24,28295.00
2026-01-13 15:10:00-05:00,164.1,164.23,163.05,163.31,51061.00
2026-01-13 15:15:00-05:00,163.38,163.38,162.57,162.61,55266.00
2026-01-13 15:20:00-05:00,162.675,162.675,160.975,161.29,93321.00
2026-01-13 15:25:00-05:00,161.29,161.86,161.0701,161.22,51782.00
2026-01-13 15:30:00-05:00,161.088,162.34,160.41,161.605,79952.00
2026-01-13 15:35:00-05:00,161.605,162.355,161.035,162.18,66505.00
2026-01-13 15:40:00-05:00,162.19,162.19,161.37,161.41,34563.00
2026-01-13 15:45:00-05:00,161.41,161.76,161.12,161.4415,87415.00
2026-01-13 15:50:00-05:00,161.37,161.95,161.19,161.575,137816.00
2026-01-13 15:55:00-05:00,161.575,161.98,160.3901,161.4,273445.00
2026-01-14 09:30:00-05:00,159.5,160,155.69,156.1201,188024.00
2026-01-14 09:35:00-05:00,156.36,156.989,152.36,152.89,184854.00
2026-01-14 09:40:00-05:00,152.89,153.5199,151.52,152.56,115707.00
2026-01-14 09:45:00-05:00,152.8554,156.8,152.46,156.6725,179063.00
2026-01-14 09:50:00-05:00,156.57,156.81,153.39,153.495,118521.00
2026-01-14 09:55:00-05:00,153.77,153.78,152.0492,152.285,101396.00
2026-01-14 10:00:00-05:00,152.01,152.39,150.3791,151.86,194454.00
2026-01-14 10:05:00-05:00,151.99,152.43,151.23,152.115,53844.00
2026-01-14 10:10:00-05:00,152.0615,154.105,151.59,154.1025,81164.00
2026-01-14 10:15:00-05:00,154.12,154.34,152.76,153.45,86341.00
2026-01-14 10:20:00-05:00,153.69,154.09,152.2,152.765,62516.00
2026-01-14 10:25:00-05:00,152.495,153.48,152.25,152.5,57566.00
2026-01-14 10:30:00-05:00,152.495,152.94,151.7325,152.22,74799.00
2026-01-14 10:35:00-05:00,152.22,152.6899,151.76,152.3402,34514.00
2026-01-14 10:40:00-05:00,152.465,152.8075,150.7,150.85,70741.00
2026-01-14 10:45:00-05:00,150.7,150.71,148.58,148.77,130173.00
2026-01-14 10:50:00-05:00,148.77,150.96,148.5801,150.795,103557.00
2026-01-14 10:55:00-05:00,150.99,151.5,150.38,151.4313,54210.00
2026-01-14 11:00:00-05:00,151.5,152.71,151.5,152.41,44904.00
2026-01-14 11:05:00-05:00,152.46,152.49,151.5,151.55,45032.00
2026-01-14 11:10:00-05:00,151.39,151.6885,150.69,151.19,24138.00
2026-01-14 11:15:00-05:00,151.04,151.4,150.75,151.17,28402.00
2026-01-14 11:20:00-05:00,151.08,151.96,150.77,151.1,34264.00
2026-01-14 11:25:00-05:00,151.135,151.51,150.74,150.94,43241.00
2026-01-14 11:30:00-05:00,150.95,151.005,149.9,150.724,58187.00
2026-01-14 11:35:00-05:00,150.64,150.96,150.33,150.9,58998.00
2026-01-14 11:40:00-05:00,150.9,150.9,150.253,150.86,31838.00
2026-01-14 11:45:00-05:00,150.71,151.66,150.66,151.54,21307.00
2026-01-14 11:50:00-05:00,151.54,151.54,150.45,151.13,22840.00
2026-01-14 11:55:00-05:00,151.03,151.9,150.85,151.82,28034.00
2026-01-14 12:00:00-05:00,151.8,152.42,151.51,152.215,61303.00
2026-01-14 12:05:00-05:00,152.09,153.3499,152,153,52709.00
2026-01-14 12:10:00-05:00,153.2999,153.4,152.68,153.146,17540.00
2026-01-14 12:15:00-05:00,153.01,153.261,152.78,153.1,25506.00
2026-01-14 12:20:00-05:00,153.095,153.25,151.53,152.04,32253.00
2026-01-14 12:25:00-05:00,152.09,152.59,151.7301,151.82,32719.00
2026-01-14 12:30:00-05:00,151.9,151.93,151,151.43,38880.00
2026-01-14 12:35:00-05:00,151.505,151.64,150.51,150.745,43909.00
2026-01-14 12:40:00-05:00,150.885,151.7499,150.745,151.61,22235.00
2026-01-14 12:45:00-05:00,151.65,151.83,151,151.26,19285.00
2026-01-14 12:50:00-05:00,151.315,151.315,150.3135,150.88,44966.00
2026-01-14 12:55:00-05:00,150.73,150.96,150.105,150.105,20657.00
2026-01-14 13:00:00-05:00,150.04,151.06,149.8,150.98,77884.00
2026-01-14 13:05:00-05:00,151.1894,151.5,150.6275,151.5,19862.00
2026-01-14 13:10:00-05:00,151.56,151.7299,151.32,151.575,24105.00
2026-01-14 13:15:00-05:00,151.575,152.5,151.35,152.5,30266.00
2026-01-14 13:20:00-05:00,152.455,152.71,151.91,152.09,28397.00
2026-01-14 13:25:00-05:00,152.12,152.57,151.8376,152.5,22305.00
2026-01-14 13:30:00-05:00,152.5217,152.5217,151.51,151.51,33112.00
2026-01-14 13:35:00-05:00,151.74,152.49,151.555,152.26,37708.00
2026-01-14 13:40:00-05:00,152.1,152.39,151.8,152.07,30353.00
2026-01-14 13:45:00-05:00,151.9328,152.56,151.9328,152.54,22720.00
2026-01-14 13:50:00-05:00,152.555,153.3,152.555,153.09,18573.00
2026-01-14 13:55:00-05:00,153.2141,154.09,152.9775,153.87,34669.00
2026-01-14 14:00:00-05:00,153.79,154.29,153.42,154.01,30131.00
2026-01-14 14:05:00-05:00,153.94,154.32,153.9151,154.32,24478.00
2026-01-14 14:10:00-05:00,154.215,154.215,153.43,153.85,52060.00
2026-01-14 14:15:00-05:00,153.66,154.18,153.56,154.03,15036.00
2026-01-14 14:20:00-05:00,154.05,154.63,153.95,154.31,28472.00
2026-01-14 14:25:00-05:00,154.18,154.32,153.88,154.32,31455.00
2026-01-14 14:30:00-05:00,154.05,154.44,153.42,153.865,64315.00
2026-01-14 14:35:00-05:00,153.745,154.01,153.01,153.58,24289.00
2026-01-14 14:40:00-05:00,153.62,153.75,153.0001,153.45,46446.00
2026-01-14 14:45:00-05:00,153.445,153.94,153.445,153.62,12808.00
2026-01-14 14:50:00-05:00,153.5,153.8418,153,153,19925.00
2026-01-14 14:55:00-05:00,153,153.39,152.81,153.02,27105.00
2026-01-14 15:00:00-05:00,153.04,153.49,152.5,153.49,30867.00
2026-01-14 15:05:00-05:00,153.58,154.5,153.58,154.215,42822.00
2026-01-14 15:10:00-05:00,154.1178,154.1178,153.61,153.61,25389.00
2026-01-14 15:15:00-05:00,153.81,153.81,153.2,153.57,26652.00
2026-01-14 15:20:00-05:00,153.45,153.65,153.06,153.525,29651.00
2026-01-14 15:25:00-05:00,153.62,154.26,153.58,154.11,57635.00
2026-01-14 15:30:00-05:00,154.05,154.88,153.93,154.67,44794.00
2026-01-14 15:35:00-05:00,154.8543,154.86,154.0001,154.275,55682.00
2026-01-14 15:40:00-05:00,154.27,154.5342,153.94,154.455,44897.00
2026-01-14 15:45:00-05:00,154.32,155.31,154.075,155.28,68454.00
2026-01-14 15:50:00-05:00,155.44,156.54,155.39,156.39,164390.00
2026-01-14 15:55:00-05:00,156.34,156.99,155.92,156.94,333511.00
2026-01-15 09:30:00-05:00,163.37,164.15,159.94,161.1988,262083.00
2026-01-15 09:35:00-05:00,161.37,163.58,160.36,163,76255.00
2026-01-15 09:40:00-05:00,162.7,164.49,161.0101,164.13,100252.00
2026-01-15 09:45:00-05:00,164.26,164.8,162.6786,162.76,97492.00
2026-01-15 09:50:00-05:00,162.755,163,160,161.55,89090.00
2026-01-15 09:55:00-05:00,161.55,161.6508,159.28,159.34,98365.00
2026-01-15 10:00:00-05:00,159.32,160.981,159.28,160.585,103900.00
2026-01-15 10:05:00-05:00,160.6,160.66,158.82,159.43,63071.00
2026-01-15 10:10:00-05:00,159.5,159.5,157.62,157.655,66274.00
2026-01-15 10:15:00-05:00,157.56,157.84,156.919,157.1,61267.00
2026-01-15 10:20:00-05:00,157.28,157.95,156.625,156.935,85378.00
2026-01-15 10:25:00-05:00,157.195,157.195,153.3124,154.81,155674.00
2026-01-15 10:30:00-05:00,154.68,156.1,154.225,156.09,94779.00
2026-01-15 10:35:00-05:00,156.14,156.38,155.305,155.615,106288.00
2026-01-15 10:40:00-05:00,155.88,156.05,153.56,154.255,76793.00
2026-01-15 10:45:00-05:00,154.22,154.45,152,152.14,112808.00
2026-01-15 10:50:00-05:00,152.18,153.5679,152.12,152.87,113033.00
2026-01-15 10:55:00-05:00,152.84,154.321,151.8,154.1,124632.00
2026-01-15 11:00:00-05:00,154.045,154.515,152.9001,154.35,141157.00
2026-01-15 11:05:00-05:00,154.35,154.89,153.89,154.855,113164.00
2026-01-15 11:10:00-05:00,154.389,155.48,154.389,155.01,61703.00
2026-01-15 11:15:00-05:00,154.775,155.63,154.775,155.26,36404.00
2026-01-15 11:20:00-05:00,155.26,155.76,154.77,155.6899,54666.00
2026-01-15 11:25:00-05:00,155.33,156.41,155.1,156.32,33424.00
2026-01-15 11:30:00-05:00,156.32,157.12,155.92,155.995,64979.00
2026-01-15 11:35:00-05:00,155.995,156.55,155.9,156.49,30604.00
2026-01-15 11:40:00-05:00,156.5417,157.54,156.34,157.2606,98143.00
2026-01-15 11:45:00-05:00,157.5399,158.78,157.32,158.32,87251.00
2026-01-15 11:50:00-05:00,158.32,158.6899,157.85,158.16,72864.00
2026-01-15 11:55:00-05:00,158.0705,158.23,157.32,157.64,56325.00
2026-01-15 12:00:00-05:00,157.37,157.56,156.6,157.2699,35305.00
2026-01-15 12:05:00-05:00,157.27,157.54,157,157.54,24852.00
2026-01-15 12:10:00-05:00,157.32,157.45,156.06,156.06,29454.00
2026-01-15 12:15:00-05:00,156.27,156.375,155.6,156.07,42970.00
2026-01-15 12:20:00-05:00,156.07,157.4174,155.85,157.4174,49054.00
2026-01-15 12:25:00-05:00,157.29,157.47,156.81,156.81,21525.00
2026-01-15 12:30:00-05:00,156.72,156.72,156.35,156.44,23553.00
2026-01-15 12:35:00-05:00,156.44,156.68,155.85,156.05,41728.00
2026-01-15 12:40:00-05:00,156.02,156.6799,156.02,156.6799,27086.00
2026-01-15 12:45:00-05:00,156.64,156.83,156.29,156.48,18389.00
2026-01-15 12:50:00-05:00,156.28,157.04,156.28,156.325,27799.00
2026-01-15 12:55:00-05:00,156.325,156.605,156.19,156.605,18345.00
2026-01-15 13:00:00-05:00,156.52,157,156.515,157,12100.00
2026-01-15 13:05:00-05:00,157,157.71,156.885,157.69,20112.00
2026-01-15 13:10:00-05:00,157.51,157.59,156.63,156.63,14703.00
2026-01-15 13:15:00-05:00,156.81,157.19,156.53,157.05,13773.00
2026-01-15 13:20:00-05:00,157.18,157.395,157.14,157.34,12021.00
2026-01-15 13:25:00-05:00,157.2011,157.78,157.2,157.76,14946.00
2026-01-15 13:30:00-05:00,157.695,158.24,157.21,157.305,36325.00
2026-01-15 13:35:00-05:00,157.23,157.4,156.72,156.785,17532.00
2026-01-15 13:40:00-05:00,156.7,157.26,156.68,157.08,18638.00
2026-01-15 13:45:00-05:00,156.94,157.36,156.73,156.73,17623.00
2026-01-15 13:50:00-05:00,156.7376,157.03,156.405,156.41,22436.00
2026-01-15 13:55:00-05:00,156.505,156.51,155.34,155.6,29429.00
2026-01-15 14:00:00-05:00,155.3401,155.58,154.94,155.56,45975.00
2026-01-15 14:05:00-05:00,155.445,156.06,155.3,155.905,17568.00
2026-01-15 14:10:00-05:00,155.93,156.2,154.56,154.98,56004.00
2026-01-15 14:15:00-05:00,154.845,155.09,154.55,154.8,19478.00
2026-01-15 14:20:00-05:00,154.92,155.03,154.55,154.55,22372.00
2026-01-15 14:25:00-05:00,154.645,154.71,154.245,154.57,42540.00
2026-01-15 14:30:00-05:00,154.67,154.675,153.5001,153.8699,58583.00
2026-01-15 14:35:00-05:00,153.52,153.63,153,153.4,53939.00
2026-01-15 14:40:00-05:00,153.285,154.8,153.27,154.125,38545.00
2026-01-15 14:45:00-05:00,153.85,154.09,153.7,153.88,19096.00
2026-01-15 14:50:00-05:00,154.1199,154.535,153.65,153.765,22562.00
2026-01-15 14:55:00-05:00,153.66,154.13,153,154.025,91671.00
2026-01-15 15:00:00-05:00,154.025,154.36,153.32,154.2,35797.00
2026-01-15 15:05:00-05:00,154.24,154.295,153.0901,153.2421,29852.00
2026-01-15 15:10:00-05:00,153.22,153.77,153.215,153.49,23179.00
2026-01-15 15:15:00-05:00,153.435,153.435,152.955,153.215,48590.00
2026-01-15 15:20:00-05:00,153.08,153.94,152.91,153.23,31845.00
2026-01-15 15:25:00-05:00,153.23,153.63,153.0147,153.2,28563.00
2026-01-15 15:30:00-05:00,153.2,153.63,153,153.0875,27034.00
2026-01-15 15:35:00-05:00,153.1,153.33,152.28,152.465,49348.00
2026-01-15 15:40:00-05:00,152.465,152.95,151.61,151.705,72322.00
2026-01-15 15:45:00-05:00,151.7,152,150.829,150.95,98010.00
2026-01-15 15:50:00-05:00,150.97,151.31,150.0021,150.245,175315.00
2026-01-15 15:55:00-05:00,150.12,150.12,149,149.17,455051.00
2026-01-16 09:30:00-05:00,150.05,152,148.8115,149.725,177986.00
2026-01-16 09:35:00-05:00,149.725,151.2,149.12,149.85,65893.00
2026-01-16 09:40:00-05:00,149.8601,151,149.33,150.51,58397.00
2026-01-16 09:45:00-05:00,150.215,153,150.215,152.395,93649.00
2026-01-16 09:50:00-05:00,152.5,153.44,151.775,153.3,50896.00
2026-01-16 09:55:00-05:00,153.141,153.5,149.52,149.62,68525.00
2026-01-16 10:00:00-05:00,149.52,152.78,149.26,152.37,76074.00
2026-01-16 10:05:00-05:00,152.15,154.1,151.59,153.72,131926.00
2026-01-16 10:10:00-05:00,153.7718,155,153.24,154.15,162292.00
2026-01-16 10:15:00-05:00,154.1,154.15,152.21,152.21,85393.00
2026-01-16 10:20:00-05:00,152.605,154.65,152.2803,154.275,73292.00
2026-01-16 10:25:00-05:00,154.6,154.6,150.1,150.885,85772.00
2026-01-16 10:30:00-05:00,150.1,151.88,150.05,151.388,86093.00
2026-01-16 10:35:00-05:00,151.39,151.85,150.2027,151.335,38478.00
2026-01-16 10:40:00-05:00,151.42,151.42,150,151.2,133342.00
2026-01-16 10:45:00-05:00,150.675,152.21,150.1501,152.07,51687.00
2026-01-16 10:50:00-05:00,152.19,152.585,151,152.285,57028.00
2026-01-16 10:55:00-05:00,152.07,155.1,152.07,155.1,158419.00
2026-01-16 11:00:00-05:00,155.09,155.41,154.1378,154.565,59167.00
2026-01-16 11:05:00-05:00,154.26,154.72,153.49,153.49,31115.00
2026-01-16 11:10:00-05:00,153.425,153.88,153.15,153.43,15360.00
2026-01-16 11:15:00-05:00,153.43,153.6,152.6781,152.875,16171.00
2026-01-16 11:20:00-05:00,152.8946,154.39,152.875,153.95,25328.00
2026-01-16 11:25:00-05:00,153.94,155.1,153.845,155.08,30897.00
2026-01-16 11:30:00-05:00,154.99,155.16,154.68,154.68,23743.00
2026-01-16 11:35:00-05:00,154.6701,155,154.3596,154.89,17044.00
2026-01-16 11:40:00-05:00,154.9,154.99,154.11,154.34,15519.00
2026-01-16 11:45:00-05:00,154,154.78,153.5861,154.78,22721.00
2026-01-16 11:50:00-05:00,154.95,155.15,154.455,154.5,32448.00
2026-01-16 11:55:00-05:00,154.45,155.3,154.3,154.99,21007.00
2026-01-16 12:00:00-05:00,154.89,155.17,154.2,154.59,17402.00
2026-01-16 12:05:00-05:00,154.565,154.85,154.4,154.6944,16010.00
2026-01-16 12:10:00-05:00,154.615,154.915,154.27,154.57,31199.00
2026-01-16 12:15:00-05:00,154.4,154.7,154,154,18562.00
2026-01-16 12:20:00-05:00,154,154.67,153.975,154.67,8680.00
2026-01-16 12:25:00-05:00,154.74,154.74,154.131,154.37,7806.00
2026-01-16 12:30:00-05:00,154.315,154.8,154.12,154.77,11675.00
2026-01-16 12:35:00-05:00,154.67,154.81,154.28,154.29,15306.00
2026-01-16 12:40:00-05:00,154.313,154.59,154.26,154.4,12619.00
2026-01-16 12:45:00-05:00,154.27,154.38,153.68,153.845,24975.00
2026-01-16 12:50:00-05:00,153.85,153.9299,152.67,152.87,66247.00
2026-01-16 12:55:00-05:00,153.082,153.605,152.97,153.335,32135.00
2026-01-16 13:00:00-05:00,153.335,153.43,152.51,152.56,33711.00
2026-01-16 13:05:00-05:00,152.75,153.15,152.676,152.676,17447.00
2026-01-16 13:10:00-05:00,152.7,152.71,152,152.19,29041.00
2026-01-16 13:15:00-05:00,152.19,152.85,152.12,152.705,16229.00
2026-01-16 13:20:00-05:00,152.82,153,152.52,152.975,15944.00
2026-01-16 13:25:00-05:00,152.975,153.13,152.66,152.775,13879.00
2026-01-16 13:30:00-05:00,152.7643,153,152.585,152.615,13098.00
2026-01-16 13:35:00-05:00,152.59,152.89,152.59,152.825,11507.00
2026-01-16 13:40:00-05:00,152.69,152.88,152.23,152.88,40039.00
2026-01-16 13:45:00-05:00,152.92,153.05,152.43,152.66,18013.00
2026-01-16 13:50:00-05:00,152.7,152.8,152.43,152.64,11524.00
2026-01-16 13:55:00-05:00,152.64,152.95,152.5,152.76,27415.00
2026-01-16 14:00:00-05:00,152.61,153.37,152.2,153.37,24788.00
2026-01-16 14:05:00-05:00,153.23,153.46,152.5001,152.6,17868.00
2026-01-16 14:10:00-05:00,152.5,152.61,151.3,151.57,26456.00
2026-01-16 14:15:00-05:00,151.8,151.845,151.129,151.33,23441.00
2026-01-16 14:20:00-05:00,151.41,151.4852,150.82,150.83,18104.00
2026-01-16 14:25:00-05:00,150.83,151.01,150.78,150.9646,16052.00
2026-01-16 14:30:00-05:00,151,151.3099,150.5,150.655,29989.00
2026-01-16 14:35:00-05:00,150.53,150.79,150.53,150.79,9719.00
2026-01-16 14:40:00-05:00,150.725,150.81,150.3647,150.415,48164.00
2026-01-16 14:45:00-05:00,150.415,150.855,150.415,150.5925,17185.00
2026-01-16 14:50:00-05:00,150.64,150.67,150.36,150.475,21624.00
2026-01-16 14:55:00-05:00,150.58,150.6531,150.07,150.25,57601.00
2026-01-16 15:00:00-05:00,150.05,151,149.9,150.6051,114860.00
2026-01-16 15:05:00-05:00,150.7,151,150.285,150.9,30430.00
2026-01-16 15:10:00-05:00,150.95,151.0909,150.6,150.94,30192.00
2026-01-16 15:15:00-05:00,150.71,151.39,150.46,151.39,22202.00
2026-01-16 15:20:00-05:00,151.39,151.41,150.85,150.85,27174.00
2026-01-16 15:25:00-05:00,151.08,151.13,150.82,150.97,29918.00
2026-01-16 15:30:00-05:00,150.9,151.07,150.5,150.805,35954.00
2026-01-16 15:35:00-05:00,150.8275,150.97,150.4,150.665,53610.00
2026-01-16 15:40:00-05:00,150.665,150.9,150.42,150.605,39909.00
2026-01-16 15:45:00-05:00,150.47,150.7,150.18,150.19,43763.00
2026-01-16 15:50:00-05:00,150.25,150.78,150,150.57,139214.00
2026-01-16 15:55:00-05:00,150.67,151.26,150.6,150.861,332241.00
2026-01-20 09:30:00-05:00,144.73,149.56,143.8001,149.56,354816.00
2026-01-20 09:35:00-05:00,149.555,150.75,148.655,150.2,155739.00
2026-01-20 09:40:00-05:00,150.49,152,149.42,151.76,183036.00
2026-01-20 09:45:00-05:00,151.76,151.76,149.78,150.72,122121.00
2026-01-20 09:50:00-05:00,150.79,152.74,150.6,151.4347,88535.00
2026-01-20 09:55:00-05:00,151.645,152.92,150.955,151.94,80681.00
2026-01-20 10:00:00-05:00,152.02,153.47,150.48,151.75,65336.00
2026-01-20 10:05:00-05:00,152.07,153,151.86,152.67,51547.00
2026-01-20 10:10:00-05:00,152.74,153.34,152.38,153.175,48057.00
2026-01-20 10:15:00-05:00,153.175,153.4999,151.65,152.25,67967.00
2026-01-20 10:20:00-05:00,152.16,153.4466,152.16,152.68,60634.00
2026-01-20 10:25:00-05:00,152.6644,154.1917,152.6644,154.06,52922.00
2026-01-20 10:30:00-05:00,154,155.19,153.61,155.13,87720.00
2026-01-20 10:35:00-05:00,155.11,155.38,154.1,154.3,84287.00
2026-01-20 10:40:00-05:00,154.02,155.12,154.02,154.51,40191.00
2026-01-20 10:45:00-05:00,154.505,154.9999,153.96,154.52,91180.00
2026-01-20 10:50:00-05:00,154.52,156,154.43,155.725,90182.00
2026-01-20 10:55:00-05:00,155.56,156,155.165,155.56,44350.00
2026-01-20 11:00:00-05:00,155.53,156.61,155.3701,155.625,60375.00
2026-01-20 11:05:00-05:00,155.72,156.59,155.5457,156.314,39623.00
2026-01-20 11:10:00-05:00,156.33,157.95,156.2532,156.8,78800.00
2026-01-20 11:15:00-05:00,156.8186,157.0999,156.62,157,42046.00
2026-01-20 11:20:00-05:00,156.85,157.6,156.581,157.2211,57937.00
2026-01-20 11:25:00-05:00,157.25,158.82,157.25,158.5,55795.00
2026-01-20 11:30:00-05:00,158.475,158.865,158.07,158.41,114554.00
2026-01-20 11:35:00-05:00,158.39,158.86,157,157.55,96883.00
2026-01-20 11:40:00-05:00,157.5874,157.5874,156.58,156.99,72757.00
2026-01-20 11:45:00-05:00,157.2,157.7,157.105,157.4,29660.00
2026-01-20 11:50:00-05:00,157.475,157.67,156.65,156.785,35631.00
2026-01-20 11:55:00-05:00,156.785,158.42,156.78,157.9,48775.00
2026-01-20 12:00:00-05:00,157.9,158.18,157.64,158,36231.00
2026-01-20 12:05:00-05:00,157.97,158.3899,157.8314,157.885,25821.00
2026-01-20 12:10:00-05:00,157.885,158.12,157.73,158,55956.00
2026-01-20 12:15:00-05:00,157.865,158.29,157.36,157.4845,35554.00
2026-01-20 12:20:00-05:00,157.4,157.48,156.77,157.15,26151.00
2026-01-20 12:25:00-05:00,157.15,157.2399,155.8001,156.005,64975.00
2026-01-20 12:30:00-05:00,156.005,156.245,155.5001,155.645,50153.00
2026-01-20 12:35:00-05:00,155.645,156.46,155.501,156.23,24181.00
2026-01-20 12:40:00-05:00,156.3699,156.9,155.7901,156.1116,36959.00
2026-01-20 12:45:00-05:00,155.99,156,155,155.88,21445.00
2026-01-20 12:50:00-05:00,155.78,156.49,155.2249,156.465,20073.00
2026-01-20 12:55:00-05:00,156.47,157.63,156.2,156.8965,21898.00
2026-01-20 13:00:00-05:00,156.88,157.86,156.88,156.9906,19558.00
2026-01-20 13:05:00-05:00,157.09,157.13,156.59,156.975,34247.00
2026-01-20 13:10:00-05:00,156.78,156.95,156.4,156.66,16693.00
2026-01-20 13:15:00-05:00,156.68,156.75,155.9302,156,28478.00
2026-01-20 13:20:00-05:00,156.02,156.675,155.8,156.3,31804.00
2026-01-20 13:25:00-05:00,156.18,156.52,155.97,156.34,55763.00
2026-01-20 13:30:00-05:00,156.34,156.63,155.83,156,21614.00
2026-01-20 13:35:00-05:00,155.9901,156.25,155.45,155.7782,62061.00
2026-01-20 13:40:00-05:00,155.77,155.925,155.45,155.73,24101.00
2026-01-20 13:45:00-05:00,155.88,156.73,155.88,156.41,38884.00
2026-01-20 13:50:00-05:00,156.4,156.4,155.6242,156.005,30502.00
2026-01-20 13:55:00-05:00,155.9,156.81,155.89,156.2,30832.00
2026-01-20 14:00:00-05:00,156.3,156.765,156.08,156.76,67710.00
2026-01-20 14:05:00-05:00,156.75,157.4,155.985,156.89,49618.00
2026-01-20 14:10:00-05:00,156.8,157.01,156.51,156.87,12478.00
2026-01-20 14:15:00-05:00,156.775,157.08,156.31,156.355,25004.00
2026-01-20 14:20:00-05:00,156.355,156.57,155.03,155.52,58835.00
2026-01-20 14:25:00-05:00,155.45,156.31,155.31,155.51,69145.00
2026-01-20 14:30:00-05:00,155.68,155.75,154.24,155.095,129205.00
2026-01-20 14:35:00-05:00,155.095,155.72,154.3501,155.595,45359.00
2026-01-20 14:40:00-05:00,155.47,155.865,155,155.215,27925.00
2026-01-20 14:45:00-05:00,155.22,155.79,155.22,155.77,26081.00
2026-01-20 14:50:00-05:00,155.58,156.5939,155.5,156.36,25138.00
2026-01-20 14:55:00-05:00,156.25,156.8439,155.68,156.455,23860.00
2026-01-20 15:00:00-05:00,156.37,156.6,155.39,155.905,32096.00
2026-01-20 15:05:00-05:00,155.9,156.6,155.77,156.2,29638.00
2026-01-20 15:10:00-05:00,156.1125,156.5,155.11,155.26,39606.00
2026-01-20 15:15:00-05:00,155.34,155.56,155.02,155.395,26096.00
2026-01-20 15:20:00-05:00,155.4,155.4,154.66,154.96,35693.00
2026-01-20 15:25:00-05:00,154.855,155.18,154.63,154.68,33595.00
2026-01-20 15:30:00-05:00,154.79,155.37,154.6675,155.12,23231.00
2026-01-20 15:35:00-05:00,154.98,155.5,154.69,155.225,37463.00
2026-01-20 15:40:00-05:00,155.055,155.34,154.77,155.29,26322.00
2026-01-20 15:45:00-05:00,155.3825,155.5,155.1,155.3,38668.00
2026-01-20 15:50:00-05:00,155.4,155.72,153.62,153.9075,123001.00
2026-01-20 15:55:00-05:00,153.91,153.91,153.0401,153.205,337863.00
2026-01-21 09:30:00-05:00,153.17,153.4,148.02,148.535,275840.00
2026-01-21 09:35:00-05:00,148.48,149.9899,146,148.27,203906.00
2026-01-21 09:40:00-05:00,148.28,148.99,145.65,145.65,346518.00
2026-01-21 09:45:00-05:00,145.57,147.99,144.88,147.555,268391.00
2026-01-21 09:50:00-05:00,147.45,149.54,146.73,149.4222,113887.00
2026-01-21 09:55:00-05:00,149.37,151.58,149.21,150.6275,166748.00
2026-01-21 10:00:00-05:00,150.52,150.79,149.37,149.645,92874.00
2026-01-21 10:05:00-05:00,149.38,150.84,149.27,149.6,45646.00
2026-01-21 10:10:00-05:00,149.62,149.62,147.9,148.29,72118.00
2026-01-21 10:15:00-05:00,148.4682,148.7111,147,147.225,64626.00
2026-01-21 10:20:00-05:00,147.1,147.2,145.2,145.58,214146.00
2026-01-21 10:25:00-05:00,145.6,145.6,143.13,143.65,213404.00
2026-01-21 10:30:00-05:00,143.5,143.95,142.8,142.95,139982.00
2026-01-21 10:35:00-05:00,143.01,144.98,142.67,144.61,114519.00
2026-01-21 10:40:00-05:00,144.655,145.4,144,144.8858,85070.00
2026-01-21 10:45:00-05:00,145,145.06,143.91,143.98,78198.00
2026-01-21 10:50:00-05:00,144.06,145.09,143.8,144.49,61172.00
2026-01-21 10:55:00-05:00,144.29,144.79,143.76,144.165,55764.00
2026-01-21 11:00:00-05:00,144.15,144.75,144.075,144.35,57836.00
2026-01-21 11:05:00-05:00,144.25,144.4,142.23,142.36,115270.00
2026-01-21 11:10:00-05:00,142.48,143.39,142.23,142.495,91108.00
2026-01-21 11:15:00-05:00,142.59,143.02,141.84,142.28,71252.00
2026-01-21 11:20:00-05:00,142.27,142.6999,141.68,142.5981,77918.00
2026-01-21 11:25:00-05:00,142.5675,142.74,141.7601,142.1,48166.00
2026-01-21 11:30:00-05:00,142.1,142.11,141.04,141.485,76859.00
2026-01-21 11:35:00-05:00,141.4,141.4,140.55,140.735,65122.00
2026-01-21 11:40:00-05:00,140.8,141.23,139.6,139.7225,175938.00
2026-01-21 11:45:00-05:00,139.64,140.34,139.37,140.04,65044.00
2026-01-21 11:50:00-05:00,140.01,140.165,138.64,139.15,102655.00
2026-01-21 11:55:00-05:00,139,139.5,138.28,139.33,113626.00
2026-01-21 12:00:00-05:00,139.25,139.56,138.7,138.8,116555.00
2026-01-21 12:05:00-05:00,138.895,139.41,138.669,138.925,43176.00
2026-01-21 12:10:00-05:00,138.925,139.16,138.06,138.2401,41670.00
2026-01-21 12:15:00-05:00,138.2813,139.61,138.05,139,90718.00
2026-01-21 12:20:00-05:00,139,139.54,138.86,139.185,70482.00
2026-01-21 12:25:00-05:00,139.3699,139.49,138.78,139.165,67285.00
2026-01-21 12:30:00-05:00,139.155,139.155,138.0324,138.23,64021.00
2026-01-21 12:35:00-05:00,138.3,138.76,137.83,138.7459,106621.00
2026-01-21 12:40:00-05:00,138.68,138.98,135.55,135.7933,227727.00
2026-01-21 12:45:00-05:00,135.839,136.0964,134.68,135.13,255023.00
2026-01-21 12:50:00-05:00,135,136.19,134.68,135.61,145035.00
2026-01-21 12:55:00-05:00,135.66,137.39,135.3101,136.8,166006.00
2026-01-21 13:00:00-05:00,136.9,137,135.2901,135.845,135438.00
2026-01-21 13:05:00-05:00,135.8,136.06,135.1801,135.4175,81153.00
2026-01-21 13:10:00-05:00,135.415,136.83,135.4,135.97,63572.00
2026-01-21 13:15:00-05:00,135.99,136.0178,134.8,134.975,74854.00
2026-01-21 13:20:00-05:00,134.9472,135.3509,134.15,135.095,76607.00
2026-01-21 13:25:00-05:00,135.28,136.13,135.0027,136.09,69327.00
2026-01-21 13:30:00-05:00,136.09,136.125,134.6,134.695,75986.00
2026-01-21 13:35:00-05:00,134.7,135.65,134.3228,135.43,80144.00
2026-01-21 13:40:00-05:00,135.6399,136.2858,135.4,135.8,60948.00
2026-01-21 13:45:00-05:00,135.9211,136.83,135.64,136.7418,42774.00
2026-01-21 13:50:00-05:00,136.6,136.7799,136.153,136.53,50068.00
2026-01-21 13:55:00-05:00,136.415,137.585,136.15,137.275,70597.00
2026-01-21 14:00:00-05:00,137.2956,137.97,136.88,137.84,70164.00
2026-01-21 14:05:00-05:00,137.86,137.97,137.01,137.44,64580.00
2026-01-21 14:10:00-05:00,137.4166,137.9,137.0301,137.87,49747.00
2026-01-21 14:15:00-05:00,137.725,138.16,137.29,138.16,62469.00
2026-01-21 14:20:00-05:00,138.19,138.99,138,138.99,68706.00
2026-01-21 14:25:00-05:00,138.955,141.04,138.33,140.49,116517.00
2026-01-21 14:30:00-05:00,140.5,142.24,140.46,142.1689,140986.00
2026-01-21 14:35:00-05:00,142.23,143.9,142.12,143.56,183129.00
2026-01-21 14:40:00-05:00,143.55,144,143.1995,143.86,157922.00
2026-01-21 14:45:00-05:00,143.94,144.07,143.19,143.5699,126863.00
2026-01-21 14:50:00-05:00,143.57,143.9316,142.6,143.64,74251.00
2026-01-21 14:55:00-05:00,143.72,144,140.38,143.4001,38829.00
2026-01-21 15:00:00-05:00,143.48,143.63,143,143.63,64550.00
2026-01-21 15:05:00-05:00,143.65,144.65,143.405,144.45,47661.00
2026-01-21 15:10:00-05:00,144.46,144.68,143.441,143.99,100635.00
2026-01-21 15:15:00-05:00,143.98,144.465,143.1,143.745,99526.00
2026-01-21 15:20:00-05:00,143.9,144.35,143.54,144.155,74642.00
2026-01-21 15:25:00-05:00,144.29,144.35,143.28,143.31,125730.00
2026-01-21 15:30:00-05:00,143.29,143.29,142.26,143.065,127749.00
2026-01-21 15:35:00-05:00,143.0725,143.41,142,142,99391.00
2026-01-21 15:40:00-05:00,142,142.14,141.5779,142.09,109264.00
2026-01-21 15:45:00-05:00,142.015,142.17,140.595,140.64,133570.00
2026-01-21 15:50:00-05:00,140.64,141.21,140.2801,140.76,190554.00
2026-01-21 15:55:00-05:00,140.74,140.74,139.1,139.11,398129.00
2026-01-22 09:30:00-05:00,143,144.065,140.57,140.61,266852.00
2026-01-22 09:35:00-05:00,140.58,142.37,139.3,142.185,224276.00
2026-01-22 09:40:00-05:00,142.15,142.57,139.795,140.81,159416.00
2026-01-22 09:45:00-05:00,140.725,140.75,138.23,138.475,164593.00
2026-01-22 09:50:00-05:00,138.22,139.075,137.61,138.06,146877.00
2026-01-22 09:55:00-05:00,138.06,138.68,136.36,136.495,103692.00
2026-01-22 10:00:00-05:00,136.63,136.63,134,134.0007,227444.00
2026-01-22 10:05:00-05:00,134.095,135,133.76,133.76,254061.00
2026-01-22 10:10:00-05:00,133.76,134.2,132.5,133.1422,326514.00
2026-01-22 10:15:00-05:00,132.91,134.27,132.5,133.106,245235.00
2026-01-22 10:20:00-05:00,133.3799,134.3,132.86,133.28,149866.00
2026-01-22 10:25:00-05:00,133.22,134.39,132.54,133.2112,178012.00
2026-01-22 10:30:00-05:00,132.89,134.4399,132.5,134.368,105619.00
2026-01-22 10:35:00-05:00,134.17,134.63,133.5,134.24,141142.00
2026-01-22 10:40:00-05:00,134.18,134.6365,133.8,134.27,75630.00
2026-01-22 10:45:00-05:00,134.25,134.59,133.85,134.2,91838.00
2026-01-22 10:50:00-05:00,134,135.02,133.53,134.2,277330.00
2026-01-22 10:55:00-05:00,134.1989,134.73,133.53,134.58,97620.00
2026-01-22 11:00:00-05:00,134.73,134.9,133.61,134,93256.00
2026-01-22 11:05:00-05:00,134.09,134.88,133.35,134.5833,98036.00
2026-01-22 11:10:00-05:00,134.45,134.85,133.69,133.69,101660.00
2026-01-22 11:15:00-05:00,133.85,134.0096,133.04,133.1,58445.00
2026-01-22 11:20:00-05:00,133.1576,135,133.095,134.7872,111638.00
2026-01-22 11:25:00-05:00,134.59,135.7399,134.28,135.285,159731.00
2026-01-22 11:30:00-05:00,135.18,135.95,134.8601,135.825,77557.00
2026-01-22 11:35:00-05:00,135.825,135.9899,134.46,134.68,89457.00
2026-01-22 11:40:00-05:00,134.775,135.74,134.68,135.73,59337.00
2026-01-22 11:45:00-05:00,135.73,135.78,134.6501,135.03,56438.00
2026-01-22 11:50:00-05:00,135.09,135.4,134.94,135.165,31013.00
2026-01-22 11:55:00-05:00,135.17,135.17,134.26,135.05,44632.00
2026-01-22 12:00:00-05:00,134.88,135.6,134.79,135.225,41999.00
2026-01-22 12:05:00-05:00,135.23,135.95,135.18,135.895,37112.00
2026-01-22 12:10:00-05:00,135.96,136.38,135.71,136.28,74776.00
2026-01-22 12:15:00-05:00,136.33,136.4,135.58,135.805,47198.00
2026-01-22 12:20:00-05:00,135.82,136.41,135.72,136.355,46402.00
2026-01-22 12:25:00-05:00,136.29,136.41,136.05,136.25,34244.00
2026-01-22 12:30:00-05:00,136.255,136.4385,135.725,136.4385,43141.00
2026-01-22 12:35:00-05:00,136.37,136.9,136.1201,136.4,90498.00
2026-01-22 12:40:00-05:00,136.33,136.66,136.02,136.49,45494.00
2026-01-22 12:45:00-05:00,136.54,137.07,136.54,136.9775,34129.00
2026-01-22 12:50:00-05:00,137.065,137.65,137.01,137.62,33433.00
2026-01-22 12:55:00-05:00,137.73,137.75,137.1,137.22,24712.00
2026-01-22 13:00:00-05:00,137.2,137.8694,137.09,137.75,65179.00
2026-01-22 13:05:00-05:00,137.855,137.8625,137.1766,137.33,43836.00
2026-01-22 13:10:00-05:00,137.28,137.3301,136.61,136.8204,28147.00
2026-01-22 13:15:00-05:00,136.82,136.94,136.64,136.68,19949.00
2026-01-22 13:20:00-05:00,136.9,137.22,136.9,137.18,27483.00
2026-01-22 13:25:00-05:00,137.1,137.19,136.93,136.9301,15340.00
2026-01-22 13:30:00-05:00,136.8901,137.03,136.53,136.56,17610.00
2026-01-22 13:35:00-05:00,136.64,137.18,136.57,136.99,27719.00
2026-01-22 13:40:00-05:00,136.95,137.19,136.83,136.85,20018.00
2026-01-22 13:45:00-05:00,136.85,137.19,136.5,137.03,26393.00
2026-01-22 13:50:00-05:00,136.96,137.052,136.88,136.945,22049.00
2026-01-22 13:55:00-05:00,136.83,137.11,136.77,137.095,20917.00
2026-01-22 14:00:00-05:00,137.095,137.405,136.89,137.405,19929.00
2026-01-22 14:05:00-05:00,137.4,138.42,137.36,138.42,33222.00
2026-01-22 14:10:00-05:00,138.31,138.82,138.31,138.595,50366.00
2026-01-22 14:15:00-05:00,138.5225,138.6099,138.3,138.46,42510.00
2026-01-22 14:20:00-05:00,138.3925,138.61,138.24,138.61,31010.00
2026-01-22 14:25:00-05:00,138.61,138.69,138.43,138.6599,31881.00
2026-01-22 14:30:00-05:00,138.6589,138.88,138.5101,138.88,27535.00
2026-01-22 14:35:00-05:00,138.935,139.02,138.13,138.1807,54176.00
2026-01-22 14:40:00-05:00,138.2,138.55,138.15,138.2,32807.00
2026-01-22 14:45:00-05:00,138.2,138.26,137.93,138.225,28111.00
2026-01-22 14:50:00-05:00,138.18,138.39,138.01,138.31,37955.00
2026-01-22 14:55:00-05:00,138.21,138.48,138.1,138.425,38146.00
2026-01-22 15:00:00-05:00,138.4,138.52,138.1207,138.34,19058.00
2026-01-22 15:05:00-05:00,138.41,138.41,137.645,137.95,37927.00
2026-01-22 15:10:00-05:00,137.86,137.86,137.3201,137.59,38085.00
2026-01-22 15:15:00-05:00,137.57,137.9399,137.0955,137.255,51021.00
2026-01-22 15:20:00-05:00,137.33,137.4099,136.891,137.06,56747.00
2026-01-22 15:25:00-05:00,137.03,137.15,136.69,137.0199,47998.00
2026-01-22 15:30:00-05:00,136.79,136.86,136.08,136.17,67712.00
2026-01-22 15:35:00-05:00,136.21,136.56,136,136.5,52153.00
2026-01-22 15:40:00-05:00,136.47,136.69,136.3,136.69,50341.00
2026-01-22 15:45:00-05:00,136.72,136.78,135.7,136.37,104811.00
2026-01-22 15:50:00-05:00,136.395,136.545,135.17,135.32,191291.00
2026-01-22 15:55:00-05:00,135.32,135.37,134.63,135.09,470885.00
2026-01-23 09:30:00-05:00,135.975,136.89,131.88,132.08,216660.00
2026-01-23 09:35:00-05:00,131.93,133.98,131.68,133.5825,125090.00
2026-01-23 09:40:00-05:00,133.685,135.59,133.6,134.51,65378.00
2026-01-23 09:45:00-05:00,134.6,135.09,133.47,135.09,54458.00
2026-01-23 09:50:00-05:00,134.755,136.12,134.755,135.33,51694.00
2026-01-23 09:55:00-05:00,135.355,136.2,135.075,135.405,58670.00
2026-01-23 10:00:00-05:00,135.7,135.7,135.03,135.45,87111.00
2026-01-23 10:05:00-05:00,135.39,135.82,135.021,135.681,74903.00
2026-01-23 10:10:00-05:00,135.57,135.7,135.02,135.64,54566.00
2026-01-23 10:15:00-05:00,135.64,137.35,135.5124,136.71,97816.00
2026-01-23 10:20:00-05:00,136.61,138.2045,136.6,137.0718,71481.00
2026-01-23 10:25:00-05:00,137.375,138.03,136.98,137.38,53364.00
2026-01-23 10:30:00-05:00,137.19,138.24,136.9901,137.98,38526.00
2026-01-23 10:35:00-05:00,137.82,138.1301,137.04,137.23,39403.00
2026-01-23 10:40:00-05:00,137.225,137.225,136.251,136.395,42792.00
2026-01-23 10:45:00-05:00,136.3975,136.696,135.651,136.46,35989.00
2026-01-23 10:50:00-05:00,136.47,136.5155,135.67,135.7651,31847.00
2026-01-23 10:55:00-05:00,135.69,135.78,135.11,135.3551,47313.00
2026-01-23 11:00:00-05:00,135.36,135.67,134.87,135.52,49445.00
2026-01-23 11:05:00-05:00,135.52,135.67,134.01,134.52,65452.00
2026-01-23 11:10:00-05:00,134.82,135.33,134.38,135.19,34573.00
2026-01-23 11:15:00-05:00,135.25,135.27,134.99,135.215,21481.00
2026-01-23 11:20:00-05:00,135.295,135.3399,135.02,135.17,16175.00
2026-01-23 11:25:00-05:00,135.115,135.115,134.23,134.39,37428.00
2026-01-23 11:30:00-05:00,134.36,134.57,134.1901,134.45,23267.00
2026-01-23 11:35:00-05:00,134.34,135.06,134.3,134.945,32669.00
2026-01-23 11:40:00-05:00,134.83,134.94,134.57,134.755,21480.00
2026-01-23 11:45:00-05:00,134.695,135.0216,134.63,134.88,20824.00
2026-01-23 11:50:00-05:00,134.97,135.04,134.6795,134.93,16771.00
2026-01-23 11:55:00-05:00,134.84,134.914,134.57,134.57,27355.00
2026-01-23 12:00:00-05:00,134.51,135.04,134.2001,134.9,34771.00
2026-01-23 12:05:00-05:00,134.97,134.97,134.44,134.5101,21640.00
2026-01-23 12:10:00-05:00,134.56,135.0134,134.465,135.0134,23533.00
2026-01-23 12:15:00-05:00,134.94,135.13,134.541,134.75,25375.00
2026-01-23 12:20:00-05:00,134.78,134.78,134.37,134.54,19345.00
2026-01-23 12:25:00-05:00,134.53,134.5375,134.31,134.505,22671.00
2026-01-23 12:30:00-05:00,134.505,134.86,134.2,134.825,34905.00
2026-01-23 12:35:00-05:00,134.8082,134.88,134.27,134.27,13229.00
2026-01-23 12:40:00-05:00,134.3,134.53,133.89,134.025,29375.00
2026-01-23 12:45:00-05:00,134.1,134.36,133.99,134.36,28501.00
2026-01-23 12:50:00-05:00,134.24,134.26,133.86,133.89,23732.00
2026-01-23 12:55:00-05:00,133.93,134.35,133.74,133.98,24670.00
2026-01-23 13:00:00-05:00,133.97,134.36,133.87,134.285,21311.00
2026-01-23 13:05:00-05:00,134.29,135.105,134.29,135.105,28588.00
2026-01-23 13:10:00-05:00,135.06,135.175,134.665,134.665,16145.00
2026-01-23 13:15:00-05:00,134.77,134.9899,134.485,134.9,23305.00
2026-01-23 13:20:00-05:00,134.81,135.175,134.7,135.03,13445.00
2026-01-23 13:25:00-05:00,135.055,135.16,134.82,134.82,13466.00
2026-01-23 13:30:00-05:00,134.82,134.88,134.4,134.51,20733.00
2026-01-23 13:35:00-05:00,134.575,134.71,134.43,134.538,11223.00
2026-01-23 13:40:00-05:00,134.54,134.62,134.07,134.1701,25614.00
2026-01-23 13:45:00-05:00,134.17,134.4,134.115,134.255,18311.00
2026-01-23 13:50:00-05:00,134.2999,134.44,134.21,134.32,16698.00
2026-01-23 13:55:00-05:00,134.35,134.73,134.3,134.415,30902.00
2026-01-23 14:00:00-05:00,134.41,134.46,134.06,134.06,19490.00
2026-01-23 14:05:00-05:00,134.15,134.28,133.65,134.11,43675.00
2026-01-23 14:10:00-05:00,134.195,134.365,134.01,134.16,22051.00
2026-01-23 14:15:00-05:00,134.2,134.3776,134.13,134.26,21421.00
2026-01-23 14:20:00-05:00,134.19,134.599,134.15,134.2,21594.00
2026-01-23 14:25:00-05:00,134.25,134.25,133.47,133.47,34660.00
2026-01-23 14:30:00-05:00,133.57,133.74,133.3801,133.47,26343.00
2026-01-23 14:35:00-05:00,133.535,133.6,133.1,133.1,26409.00
2026-01-23 14:40:00-05:00,133.17,133.45,133.03,133.42,27652.00
2026-01-23 14:45:00-05:00,133.395,133.57,133.12,133.12,20740.00
2026-01-23 14:50:00-05:00,133.15,133.5,133.1206,133.37,20634.00
2026-01-23 14:55:00-05:00,133.41,133.445,133.21,133.29,23613.00
2026-01-23 15:00:00-05:00,133.335,133.71,133.01,133.12,39720.00
2026-01-23 15:05:00-05:00,133.195,133.195,131.76,131.77,117361.00
2026-01-23 15:10:00-05:00,131.89,132.3012,131.14,132.225,100072.00
2026-01-23 15:15:00-05:00,132.265,132.61,131.8757,132.536,43819.00
2026-01-23 15:20:00-05:00,132.44,132.6,132.015,132.1,38257.00
2026-01-23 15:25:00-05:00,132.07,132.2,131.84,131.84,38996.00
2026-01-23 15:30:00-05:00,131.81,132.43,131.76,132.3168,124842.00
2026-01-23 15:35:00-05:00,132.27,132.88,132.27,132.87,66647.00
2026-01-23 15:40:00-05:00,132.96,134.25,132.96,133.995,84325.00
2026-01-23 15:45:00-05:00,134,134.17,133.61,133.79,61840.00
2026-01-23 15:50:00-05:00,133.78,134.05,133.21,133.28,132025.00
2026-01-23 15:55:00-05:00,133.25,133.41,132.88,133.2,369778.00
2026-01-26 09:30:00-05:00,131.22,131.5999,130.0201,131.08,164238.00
2026-01-26 09:35:00-05:00,131.26,132.6,131.055,131.51,87256.00
2026-01-26 09:40:00-05:00,131.3,134.49,130.5837,133.8,121860.00
2026-01-26 09:45:00-05:00,133.82,134.02,132.02,132.52,58845.00
2026-01-26 09:50:00-05:00,132.5126,132.84,131.71,131.93,55312.00
2026-01-26 09:55:00-05:00,131.91,132.15,131.54,131.6601,65720.00
2026-01-26 10:00:00-05:00,131.72,132,131.19,131.585,64807.00
2026-01-26 10:05:00-05:00,131.55,131.93,131.21,131.73,57797.00
2026-01-26 10:10:00-05:00,131.77,131.93,131.05,131.715,33266.00
2026-01-26 10:15:00-05:00,131.7101,132.8,131.47,132.595,56067.00
2026-01-26 10:20:00-05:00,132.69,132.79,131.49,132.222,44521.00
2026-01-26 10:25:00-05:00,132.16,132.41,131.45,131.475,35148.00
2026-01-26 10:30:00-05:00,131.33,131.6,130.89,131.22,45054.00
2026-01-26 10:35:00-05:00,131.195,131.9799,131.19,131.56,28449.00
2026-01-26 10:40:00-05:00,131.53,131.76,130.85,130.98,36997.00
2026-01-26 10:45:00-05:00,131.065,131.82,131.04,131.66,33245.00
2026-01-26 10:50:00-05:00,131.68,131.9,131.43,131.62,27222.00
2026-01-26 10:55:00-05:00,131.62,131.96,131.305,131.43,45376.00
2026-01-26 11:00:00-05:00,131.31,131.57,130.81,131.15,34131.00
2026-01-26 11:05:00-05:00,131.155,131.7099,131.01,131.46,79447.00
2026-01-26 11:10:00-05:00,131.3601,131.85,131.1301,131.71,28694.00
2026-01-26 11:15:00-05:00,131.7,132,131.18,131.3,26478.00
2026-01-26 11:20:00-05:00,131.365,132.2,131.22,131.86,26431.00
2026-01-26 11:25:00-05:00,131.73,131.77,131.2,131.66,24264.00
2026-01-26 11:30:00-05:00,131.59,132,131.5,131.695,18651.00
2026-01-26 11:35:00-05:00,131.695,131.72,130.68,130.7,43391.00
2026-01-26 11:40:00-05:00,130.5666,130.83,130.4,130.635,50300.00
2026-01-26 11:45:00-05:00,130.6814,131.28,130.68,130.91,43099.00
2026-01-26 11:50:00-05:00,131.11,131.18,130.73,130.995,31394.00
2026-01-26 11:55:00-05:00,130.91,131.02,130.07,130.185,55950.00
2026-01-26 12:00:00-05:00,130.15,130.38,130.05,130.05,45959.00
2026-01-26 12:05:00-05:00,130.07,130.25,129.61,129.89,158064.00
2026-01-26 12:10:00-05:00,129.85,130.18,129.83,130.095,33475.00
2026-01-26 12:15:00-05:00,130.12,130.515,129.86,130.515,35762.00
2026-01-26 12:20:00-05:00,130.5036,131,130.46,130.7901,34481.00
2026-01-26 12:25:00-05:00,130.8,131.4578,130.79,131.23,23986.00
2026-01-26 12:30:00-05:00,131.135,131.435,130.77,131.36,26379.00
2026-01-26 12:35:00-05:00,131.365,131.365,131.0101,131.055,20208.00
2026-01-26 12:40:00-05:00,131.05,131.11,130.5,130.56,30936.00
2026-01-26 12:45:00-05:00,130.51,130.78,130.43,130.495,15738.00
2026-01-26 12:50:00-05:00,130.49,130.5,130.2,130.3,23693.00
2026-01-26 12:55:00-05:00,130.31,130.56,130.22,130.49,29645.00
2026-01-26 13:00:00-05:00,130.495,130.495,130.024,130.05,24363.00
2026-01-26 13:05:00-05:00,130.04,130.2,129.82,130.005,38476.00
2026-01-26 13:10:00-05:00,130.005,130.2599,129.78,129.83,40078.00
2026-01-26 13:15:00-05:00,129.81,130.29,129.81,130.15,28689.00
2026-01-26 13:20:00-05:00,130.155,130.21,130.01,130.12,19965.00
2026-01-26 13:25:00-05:00,130.1999,130.21,129.91,130.025,27618.00
2026-01-26 13:30:00-05:00,130.173,130.6,130.085,130.5001,29978.00
2026-01-26 13:35:00-05:00,130.56,130.7245,130.25,130.49,24417.00
2026-01-26 13:40:00-05:00,130.46,130.64,130.32,130.34,13177.00
2026-01-26 13:45:00-05:00,130.34,130.755,130.32,130.72,42267.00
2026-01-26 13:50:00-05:00,130.79,131.08,130.46,130.46,49390.00
2026-01-26 13:55:00-05:00,130.565,130.65,130.4401,130.55,14544.00
2026-01-26 14:00:00-05:00,130.575,130.575,130.25,130.3,29677.00
2026-01-26 14:05:00-05:00,130.34,130.59,130.3,130.37,34315.00
2026-01-26 14:10:00-05:00,130.35,130.6,130.135,130.32,34515.00
2026-01-26 14:15:00-05:00,130.21,130.42,130.01,130.11,32510.00
2026-01-26 14:20:00-05:00,130.16,130.37,130.06,130.29,14937.00
2026-01-26 14:25:00-05:00,130.28,130.35,130.12,130.165,16670.00
2026-01-26 14:30:00-05:00,130.23,130.24,129.4,129.62,54890.00
2026-01-26 14:35:00-05:00,129.55,129.81,129.5,129.7425,31290.00
2026-01-26 14:40:00-05:00,129.69,130.18,129.69,130.02,26976.00
2026-01-26 14:45:00-05:00,130,130.06,129.7,129.935,30135.00
2026-01-26 14:50:00-05:00,129.94,129.94,129.7,129.82,32935.00
2026-01-26 14:55:00-05:00,129.82,130.2,129.81,130.155,21859.00
2026-01-26 15:00:00-05:00,130.11,130.11,129.8001,129.95,34388.00
2026-01-26 15:05:00-05:00,130.01,130.11,129.5,129.675,50010.00
2026-01-26 15:10:00-05:00,129.75,129.84,129.45,129.576,46092.00
2026-01-26 15:15:00-05:00,129.5895,129.6,129.02,129.02,62600.00
2026-01-26 15:20:00-05:00,129.08,129.1,128.5,128.63,106444.00
2026-01-26 15:25:00-05:00,128.6,128.9,128.38,128.75,66072.00
2026-01-26 15:30:00-05:00,128.755,128.99,128.63,128.775,64495.00
2026-01-26 15:35:00-05:00,128.77,129.0575,128.43,128.52,76552.00
2026-01-26 15:40:00-05:00,128.52,128.585,128.2,128.31,112931.00
2026-01-26 15:45:00-05:00,128.28,128.425,128.03,128.03,122058.00
2026-01-26 15:50:00-05:00,128.02,128.25,127.6,127.6,219223.00
2026-01-26 15:55:00-05:00,127.68,128.12,127.33,128.07,553908.00
2026-01-27 09:30:00-05:00,130.77,130.95,128.33,129,168147.00
2026-01-27 09:35:00-05:00,129.12,129.5,127.7,128.04,96271.00
2026-01-27 09:40:00-05:00,128.31,130,128.02,129.0499,118739.00
2026-01-27 09:45:00-05:00,128.9,129.35,128,128.3917,48542.00
2026-01-27 09:50:00-05:00,128.4,130.38,128.325,130.148,67955.00
2026-01-27 09:55:00-05:00,130.24,130.8999,129.8,130.125,108735.00
2026-01-27 10:00:00-05:00,129.93,130.7,129.07,130.43,44784.00
2026-01-27 10:05:00-05:00,130.23,131.13,130.04,131.025,65731.00
2026-01-27 10:10:00-05:00,131.03,131.17,130.445,130.8975,55278.00
2026-01-27 10:15:00-05:00,130.8,131.5,130.61,131.15,79776.00
2026-01-27 10:20:00-05:00,131.19,131.35,130.23,130.67,50211.00
2026-01-27 10:25:00-05:00,130.6,130.6801,130.08,130.555,40406.00
2026-01-27 10:30:00-05:00,130.48,131.14,130.45,131.1,97959.00
2026-01-27 10:35:00-05:00,131.14,131.75,130.71,130.71,50385.00
2026-01-27 10:40:00-05:00,130.95,130.95,130.53,130.73,25680.00
2026-01-27 10:45:00-05:00,130.76,131.23,130.51,130.825,44455.00
2026-01-27 10:50:00-05:00,130.63,130.87,130.48,130.71,59421.00
2026-01-27 10:55:00-05:00,130.71,131.0703,130.45,131.035,44012.00
2026-01-27 11:00:00-05:00,130.98,131.04,130.07,130.27,66034.00
2026-01-27 11:05:00-05:00,130.37,130.73,130.21,130.2728,41404.00
2026-01-27 11:10:00-05:00,130.26,131.09,130.26,130.985,65909.00
2026-01-27 11:15:00-05:00,130.985,131.2,130.72,130.785,18838.00
2026-01-27 11:20:00-05:00,130.7915,131.5414,130.785,131.34,55234.00
2026-01-27 11:25:00-05:00,131.324,132.25,131.324,132.07,80539.00
2026-01-27 11:30:00-05:00,131.9,132.3672,131.66,132.13,65753.00
2026-01-27 11:35:00-05:00,132.19,132.3578,131.9,132,54586.00
2026-01-27 11:40:00-05:00,132,132.38,131.73,132.25,71729.00
2026-01-27 11:45:00-05:00,132.225,132.25,131.86,132.1,28272.00
2026-01-27 11:50:00-05:00,132.0001,132.125,131.68,132.1,31598.00
2026-01-27 11:55:00-05:00,132.04,132.2,131.37,131.6599,25293.00
2026-01-27 12:00:00-05:00,131.365,131.69,131.01,131.59,45218.00
2026-01-27 12:05:00-05:00,131.6,132.08,131.52,131.8401,25084.00
2026-01-27 12:10:00-05:00,131.985,132,131.6,131.76,32420.00
2026-01-27 12:15:00-05:00,131.8218,131.9099,131.57,131.825,16614.00
2026-01-27 12:20:00-05:00,131.8,132.3699,131.76,132.33,42332.00
2026-01-27 12:25:00-05:00,132.33,133,132.305,132.42,65998.00
2026-01-27 12:30:00-05:00,132.42,132.79,132.05,132.09,31438.00
2026-01-27 12:35:00-05:00,132.19,132.2899,131.7,131.74,39652.00
2026-01-27 12:40:00-05:00,131.755,131.8,131.39,131.53,32694.00
2026-01-27 12:45:00-05:00,131.51,131.51,131.1527,131.2325,16275.00
2026-01-27 12:50:00-05:00,131.15,131.44,130.89,131.01,38383.00
2026-01-27 12:55:00-05:00,130.9379,131.16,130.42,130.5,32123.00
2026-01-27 13:00:00-05:00,130.52,131.02,130.31,131.02,30520.00
2026-01-27 13:05:00-05:00,130.88,131,130.64,130.81,19891.00
2026-01-27 13:10:00-05:00,130.82,130.96,130.68,130.77,19474.00
2026-01-27 13:15:00-05:00,130.89,131,130.64,130.842,50515.00
2026-01-27 13:20:00-05:00,130.73,130.78,130.5101,130.665,11837.00
2026-01-27 13:25:00-05:00,130.642,130.7879,130.55,130.57,24584.00
2026-01-27 13:30:00-05:00,130.55,130.64,130.51,130.6278,27975.00
2026-01-27 13:35:00-05:00,130.66,130.66,130.3413,130.535,22030.00
2026-01-27 13:40:00-05:00,130.535,130.62,130.45,130.525,15326.00
2026-01-27 13:45:00-05:00,130.525,130.57,130.41,130.42,18959.00
2026-01-27 13:50:00-05:00,130.41,130.53,130.3501,130.53,13705.00
2026-01-27 13:55:00-05:00,130.53,130.66,130.48,130.59,21035.00
2026-01-27 14:00:00-05:00,130.5,131.0668,130.5,130.62,47153.00
2026-01-27 14:05:00-05:00,130.694,130.86,130.6401,130.7445,15143.00
2026-01-27 14:10:00-05:00,130.64,130.95,130.55,130.89,36571.00
2026-01-27 14:15:00-05:00,130.88,131.1,130.815,131.025,24234.00
2026-01-27 14:20:00-05:00,130.99,131.2266,130.8801,130.95,17912.00
2026-01-27 14:25:00-05:00,130.955,130.955,130.63,130.805,27696.00
2026-01-27 14:30:00-05:00,130.75,130.795,129.82,129.8201,52739.00
2026-01-27 14:35:00-05:00,129.9488,130.37,129.7,130.23,26656.00
2026-01-27 14:40:00-05:00,130.06,130.16,129.72,130.095,20260.00
2026-01-27 14:45:00-05:00,130.1,130.1,129.7,129.93,30755.00
2026-01-27 14:50:00-05:00,129.92,130.05,129.81,129.83,29346.00
2026-01-27 14:55:00-05:00,129.91,130.0899,129.78,129.84,38392.00
2026-01-27 15:00:00-05:00,129.84,129.89,129.62,129.735,31962.00
2026-01-27 15:05:00-05:00,129.68,130.17,129.575,130.01,41495.00
2026-01-27 15:10:00-05:00,130.085,130.2351,129.8,130.07,49565.00
2026-01-27 15:15:00-05:00,130.1695,130.1695,129.87,130.01,27850.00
2026-01-27 15:20:00-05:00,130.02,130.32,129.97,130.1075,101820.00
2026-01-27 15:25:00-05:00,130.2,130.2,129.8,129.85,48697.00
2026-01-27 15:30:00-05:00,129.81,129.81,129.2065,129.605,90787.00
2026-01-27 15:35:00-05:00,129.61,129.85,129.41,129.77,46220.00
2026-01-27 15:40:00-05:00,129.71,129.895,129.49,129.665,43679.00
2026-01-27 15:45:00-05:00,129.65,129.69,129.41,129.47,73795.00
2026-01-27 15:50:00-05:00,129.44,129.73,129.1,129.58,130660.00
2026-01-27 15:55:00-05:00,129.58,129.7699,129.18,129.64,322093.00
2026-01-28 09:30:00-05:00,131.77,134.5,130.7613,132.99,231116.00
2026-01-28 09:35:00-05:00,132.39,133,129.27,130.43,199915.00
2026-01-28 09:40:00-05:00,130.48,130.8319,129.2,129.91,124151.00
2026-01-28 09:45:00-05:00,129.91,130.05,128.02,128.17,140520.00
2026-01-28 09:50:00-05:00,128.26,129.41,128.25,128.945,193136.00
2026-01-28 09:55:00-05:00,128.85,128.9,126.53,126.79,268856.00
2026-01-28 10:00:00-05:00,126.8,127.917,126.6901,127.45,130341.00
2026-01-28 10:05:00-05:00,127.425,128.07,127.11,127.47,130847.00
2026-01-28 10:10:00-05:00,127.53,128.95,126.92,128.2286,204609.00
2026-01-28 10:15:00-05:00,128.1,129.33,127.885,128.4299,115351.00
2026-01-28 10:20:00-05:00,128.18,129.31,128,129.31,58005.00
2026-01-28 10:25:00-05:00,129.2492,129.2492,128.65,128.8,37572.00
2026-01-28 10:30:00-05:00,128.86,129.5,128.47,128.7834,52922.00
2026-01-28 10:35:00-05:00,128.59,128.85,128.33,128.84,30637.00
2026-01-28 10:40:00-05:00,128.8042,128.8042,128.29,128.45,27348.00
2026-01-28 10:45:00-05:00,128.34,128.85,128.26,128.7275,36895.00
2026-01-28 10:50:00-05:00,128.725,128.84,128.285,128.75,30530.00
2026-01-28 10:55:00-05:00,128.75,129.04,128.17,128.17,37299.00
2026-01-28 11:00:00-05:00,128.22,128.7299,128.16,128.4675,21239.00
2026-01-28 11:05:00-05:00,128.465,130.1099,128.34,130.04,80791.00
2026-01-28 11:10:00-05:00,129.92,130.1,129.2,129.42,54834.00
2026-01-28 11:15:00-05:00,129.38,129.97,128.99,129.01,44205.00
2026-01-28 11:20:00-05:00,129.07,129.24,128.8201,129.11,39820.00
2026-01-28 11:25:00-05:00,129.08,129.325,128.78,128.825,39479.00
2026-01-28 11:30:00-05:00,128.82,128.9595,128.5,128.715,29994.00
2026-01-28 11:35:00-05:00,128.715,128.83,128.17,128.17,24990.00
2026-01-28 11:40:00-05:00,128.19,128.2699,127.8,127.92,59037.00
2026-01-28 11:45:00-05:00,127.8,128.17,127.7261,128.03,26964.00
2026-01-28 11:50:00-05:00,128.4173,128.4173,127.86,128,18337.00
2026-01-28 11:55:00-05:00,127.955,128.43,127.82,127.82,37498.00
2026-01-28 12:00:00-05:00,127.86,128.5,127.84,128.3942,24524.00
2026-01-28 12:05:00-05:00,128.3,128.62,128.27,128.56,31365.00
2026-01-28 12:10:00-05:00,128.565,128.89,128.31,128.46,17355.00
2026-01-28 12:15:00-05:00,128.7671,128.83,128.27,128.78,19951.00
2026-01-28 12:20:00-05:00,128.6,129.2,128.6,128.9,24610.00
2026-01-28 12:25:00-05:00,129,129.24,128.79,129.24,17484.00
2026-01-28 12:30:00-05:00,129.14,129.21,128.7371,128.7371,17878.00
2026-01-28 12:35:00-05:00,128.69,128.83,128.48,128.48,16902.00
2026-01-28 12:40:00-05:00,128.4239,128.9518,128.2901,128.7,20544.00
2026-01-28 12:45:00-05:00,128.785,129.2476,128.6,129.2476,20348.00
2026-01-28 12:50:00-05:00,129.1201,129.9,129.1201,129.9,18996.00
2026-01-28 12:55:00-05:00,129.73,130.1799,129.49,129.505,39351.00
2026-01-28 13:00:00-05:00,129.51,129.84,129.3,129.82,29218.00
2026-01-28 13:05:00-05:00,129.935,130.35,129.8575,130.065,40590.00
2026-01-28 13:10:00-05:00,130.065,130.6299,129.99,130.54,19204.00
2026-01-28 13:15:00-05:00,130.62,130.85,130.3,130.45,23309.00
2026-01-28 13:20:00-05:00,130.45,130.86,130.3,130.3,31980.00
2026-01-28 13:25:00-05:00,130.31,130.3399,129.93,130.02,25778.00
2026-01-28 13:30:00-05:00,130.09,130.34,130,130.28,17126.00
2026-01-28 13:35:00-05:00,130.28,130.72,130.2,130.259,25528.00
2026-01-28 13:40:00-05:00,130.3712,130.63,130.2,130.435,9926.00
2026-01-28 13:45:00-05:00,130.44,130.69,130.04,130.27,27935.00
2026-01-28 13:50:00-05:00,130.27,130.27,129.75,129.86,26841.00
2026-01-28 13:55:00-05:00,129.945,130,129.565,129.75,14937.00
2026-01-28 14:00:00-05:00,129.62,130.21,129.26,129.99,42976.00
2026-01-28 14:05:00-05:00,129.89,130.18,129.63,129.87,20242.00
2026-01-28 14:10:00-05:00,129.93,130.31,129.75,129.9,28583.00
2026-01-28 14:15:00-05:00,129.87,130.12,129.6904,129.93,20612.00
2026-01-28 14:20:00-05:00,129.93,130.165,129.41,130.165,25138.00
2026-01-28 14:25:00-05:00,130.165,130.34,129.475,129.5,30745.00
2026-01-28 14:30:00-05:00,129.41,130.81,127.21,130.365,138352.00
2026-01-28 14:35:00-05:00,130.37,131.08,130,130.6899,60386.00
2026-01-28 14:40:00-05:00,130.485,130.75,130.01,130.2,39725.00
2026-01-28 14:45:00-05:00,130.2,130.46,129.9,130.4,29557.00
2026-01-28 14:50:00-05:00,130.38,131.25,130.38,131.1,33665.00
2026-01-28 14:55:00-05:00,131.1,131.25,129.251,129.251,76497.00
2026-01-28 15:00:00-05:00,129.55,130.01,129.11,129.76,34200.00
2026-01-28 15:05:00-05:00,129.78,130.02,129.67,129.875,19642.00
2026-01-28 15:10:00-05:00,129.875,130.07,129.51,129.6,26598.00
2026-01-28 15:15:00-05:00,129.6,129.8099,129.09,129.41,30467.00
2026-01-28 15:20:00-05:00,129.355,129.65,129.24,129.6,24718.00
2026-01-28 15:25:00-05:00,129.6,129.67,129.4,129.48,28556.00
2026-01-28 15:30:00-05:00,129.44,129.7,129.095,129.39,40718.00
2026-01-28 15:35:00-05:00,129.29,129.7999,129.27,129.655,59720.00
2026-01-28 15:40:00-05:00,129.68,129.7999,129.21,129.32,52135.00
2026-01-28 15:45:00-05:00,129.32,129.57,129.31,129.4,48883.00
2026-01-28 15:50:00-05:00,129.34,129.53,128.75,129.02,82288.00
2026-01-28 15:55:00-05:00,129.29,129.72,129.165,129.67,209132.00
2026-01-29 09:30:00-05:00,131.42,135.03,130.95,132.3,311072.00
2026-01-29 09:35:00-05:00,132.305,133.8611,130.2,132.32,147709.00
2026-01-29 09:40:00-05:00,132.45,133.13,131,131.685,126021.00
2026-01-29 09:45:00-05:00,131.685,133.78,131.68,133.34,88539.00
2026-01-29 09:50:00-05:00,133.19,133.27,132.2,132.335,98599.00
2026-01-29 09:55:00-05:00,132.335,132.4,129.5,129.65,106184.00
2026-01-29 10:00:00-05:00,129.66,129.84,126.42,127.195,222491.00
2026-01-29 10:05:00-05:00,127.19,127.4299,126.11,126.27,118438.00
2026-01-29 10:10:00-05:00,126.1,126.8298,125.81,126.04,134586.00
2026-01-29 10:15:00-05:00,126,126.83,126,126.4,66402.00
2026-01-29 10:20:00-05:00,126.4,127.48,126.25,127.28,55160.00
2026-01-29 10:25:00-05:00,127.32,127.83,125.5,125.725,90008.00
2026-01-29 10:30:00-05:00,125.74,127.0599,125.7,125.7,71658.00
2026-01-29 10:35:00-05:00,125.72,126,125.06,125.215,99978.00
2026-01-29 10:40:00-05:00,125.2,125.23,124.5,124.51,117774.00
2026-01-29 10:45:00-05:00,124.59,125.11,124.33,124.47,111540.00
2026-01-29 10:50:00-05:00,124.41,124.41,123.25,123.41,145468.00
2026-01-29 10:55:00-05:00,123.57,124.86,123.52,124.14,76264.00
2026-01-29 11:00:00-05:00,124.2,124.4199,123.44,123.6,54484.00
2026-01-29 11:05:00-05:00,123.5,123.9037,123.25,123.7,68662.00
2026-01-29 11:10:00-05:00,123.61,124.55,123.59,124.46,101632.00
2026-01-29 11:15:00-05:00,124.46,125,124.3,124.9038,76855.00
2026-01-29 11:20:00-05:00,124.8,126.11,124.7,125.91,88320.00
2026-01-29 11:25:00-05:00,125.835,126.7757,125.6775,126.405,56893.00
2026-01-29 11:30:00-05:00,126.23,126.43,125.66,125.83,77425.00
2026-01-29 11:35:00-05:00,125.73,126.17,125.4,126,58753.00
2026-01-29 11:40:00-05:00,125.92,126.39,125.66,126.11,65583.00
2026-01-29 11:45:00-05:00,126.21,127.3333,126.01,126.4999,84589.00
2026-01-29 11:50:00-05:00,126.47,126.9599,126.4,126.74,48612.00
2026-01-29 11:55:00-05:00,126.73,126.74,125.65,125.7,55145.00
2026-01-29 12:00:00-05:00,125.71,126.33,125.7,126.25,38049.00
2026-01-29 12:05:00-05:00,126.2,126.38,125.7801,125.94,47007.00
2026-01-29 12:10:00-05:00,125.95,126.75,125.85,126.75,37354.00
2026-01-29 12:15:00-05:00,126.75,127.28,126.62,126.695,64823.00
2026-01-29 12:20:00-05:00,126.8,127.9634,126.77,127.46,76759.00
2026-01-29 12:25:00-05:00,127.315,127.5799,126.75,126.965,18910.00
2026-01-29 12:30:00-05:00,127.16,127.68,127.16,127.565,40912.00
2026-01-29 12:35:00-05:00,127.68,128.2,127.36,127.86,49280.00
2026-01-29 12:40:00-05:00,127.835,128.11,127.5,127.58,30804.00
2026-01-29 12:45:00-05:00,127.58,127.8333,127.2205,127.7024,37353.00
2026-01-29 12:50:00-05:00,127.5,127.53,127.02,127.02,24305.00
2026-01-29 12:55:00-05:00,127.09,127.21,126.915,127.1,18778.00
2026-01-29 13:00:00-05:00,127.22,128.2,127.22,128.015,29246.00
2026-01-29 13:05:00-05:00,128,128.22,127.77,128.0735,23722.00
2026-01-29 13:10:00-05:00,128.1,128.22,127.62,127.815,21106.00
2026-01-29 13:15:00-05:00,127.73,127.94,127.345,127.4011,28827.00
2026-01-29 13:20:00-05:00,127.45,127.53,127.14,127.22,17062.00
2026-01-29 13:25:00-05:00,127.265,127.5,127.265,127.445,14405.00
2026-01-29 13:30:00-05:00,127.4,127.4,126.51,126.865,23752.00
2026-01-29 13:35:00-05:00,126.97,127.281,126.89,127.281,18671.00
2026-01-29 13:40:00-05:00,127.485,127.8099,127.22,127.3,18980.00
2026-01-29 13:45:00-05:00,127.23,127.5952,127.12,127.495,12046.00
2026-01-29 13:50:00-05:00,127.63,127.8132,127.18,127.22,26158.00
2026-01-29 13:55:00-05:00,127.32,127.5,127.09,127.09,23419.00
2026-01-29 14:00:00-05:00,127.1,127.37,126.96,127.025,21401.00
2026-01-29 14:05:00-05:00,127.12,127.69,127.12,127.305,22040.00
2026-01-29 14:10:00-05:00,127.4099,127.52,127.2,127.42,15220.00
2026-01-29 14:15:00-05:00,127.3503,127.53,126.96,127.0368,29266.00
2026-01-29 14:20:00-05:00,126.88,127.27,126.88,127.155,18714.00
2026-01-29 14:25:00-05:00,127.155,127.405,126.89,127.33,24504.00
2026-01-29 14:30:00-05:00,127.25,127.4,126.14,126.201,44166.00
2026-01-29 14:35:00-05:00,126.3301,126.68,126.305,126.435,17372.00
2026-01-29 14:40:00-05:00,126.48,126.7,126.3801,126.42,19157.00
2026-01-29 14:45:00-05:00,126.495,126.71,126.4,126.44,16808.00
2026-01-29 14:50:00-05:00,126.465,126.71,126.36,126.68,24382.00
2026-01-29 14:55:00-05:00,126.66,126.73,126.25,126.25,37226.00
2026-01-29 15:00:00-05:00,126.35,126.61,126.13,126.52,23939.00
2026-01-29 15:05:00-05:00,126.525,127.22,126.44,126.88,40918.00
2026-01-29 15:10:00-05:00,126.89,127,126.57,126.63,22239.00
2026-01-29 15:15:00-05:00,126.6,126.78,126.32,126.6993,19639.00
2026-01-29 15:20:00-05:00,126.595,126.595,126.185,126.2,20870.00
2026-01-29 15:25:00-05:00,126.22,126.3075,125.8,125.8273,37860.00
2026-01-29 15:30:00-05:00,125.85,126.22,125.83,125.92,41559.00
2026-01-29 15:35:00-05:00,125.98,126.53,125.98,126.37,30119.00
2026-01-29 15:40:00-05:00,126.28,127.1499,126.28,127.06,41143.00
2026-01-29 15:45:00-05:00,127.1,128.15,127.1,127.865,104271.00
2026-01-29 15:50:00-05:00,127.97,129.17,127.87,128.925,157766.00
2026-01-29 15:55:00-05:00,128.925,129.51,128.925,129.46,297951.00
2026-01-30 09:30:00-05:00,128.495,129.2,126.9,127.41,103210.00
2026-01-30 09:35:00-05:00,127.4,129.43,126.7801,128.735,78476.00
2026-01-30 09:40:00-05:00,128.72,130.59,128,128.455,100570.00
2026-01-30 09:45:00-05:00,128.455,128.79,127.5726,128.22,46974.00
2026-01-30 09:50:00-05:00,128.36,129.25,126.83,127.0523,83039.00
2026-01-30 09:55:00-05:00,127.01,128.5,127,127.17,60629.00
2026-01-30 10:00:00-05:00,127.165,127.69,126.54,126.86,80449.00
2026-01-30 10:05:00-05:00,126.835,128.7799,126.83,128.58,31497.00
2026-01-30 10:10:00-05:00,128.58,128.7899,127.96,128.3901,32407.00
2026-01-30 10:15:00-05:00,128.535,129.7755,128.44,129.76,42210.00
2026-01-30 10:20:00-05:00,129.76,129.89,128.3801,128.4,36958.00
2026-01-30 10:25:00-05:00,128.48,128.99,128.02,128.56,31081.00
2026-01-30 10:30:00-05:00,128.3503,129,128.24,128.8,31455.00
2026-01-30 10:35:00-05:00,128.81,129.7564,128.65,129.49,40227.00
2026-01-30 10:40:00-05:00,129.54,130.7,129.49,130.6599,54567.00
2026-01-30 10:45:00-05:00,130.45,130.85,130.23,130.46,23762.00
2026-01-30 10:50:00-05:00,130.2186,131.33,130.03,130.995,46517.00
2026-01-30 10:55:00-05:00,131.37,131.75,129.9,130.75,69875.00
2026-01-30 11:00:00-05:00,130.5041,130.9692,130.4,130.91,34888.00
2026-01-30 11:05:00-05:00,130.794,131.25,130.14,130.14,63305.00
2026-01-30 11:10:00-05:00,130.2714,130.5,129.44,129.44,39890.00
2026-01-30 11:15:00-05:00,129.86,129.86,129,129.105,44163.00
2026-01-30 11:20:00-05:00,129.11,129.65,128.93,128.99,45561.00
2026-01-30 11:25:00-05:00,129,129.62,128.82,129.49,32241.00
2026-01-30 11:30:00-05:00,129.34,129.81,129.15,129.425,42385.00
2026-01-30 11:35:00-05:00,129.43,130.19,129.3,129.94,32880.00
2026-01-30 11:40:00-05:00,129.99,130.7599,129.83,130.25,52455.00
2026-01-30 11:45:00-05:00,130.25,130.25,129.16,129.635,41465.00
2026-01-30 11:50:00-05:00,129.71,130.105,129.35,129.815,52920.00
2026-01-30 11:55:00-05:00,129.815,129.82,129.37,129.82,33918.00
2026-01-30 12:00:00-05:00,129.79,129.88,129.37,129.81,23378.00
2026-01-30 12:05:00-05:00,129.81,129.96,129.49,129.86,38673.00
2026-01-30 12:10:00-05:00,129.785,130.09,129.75,129.92,32799.00
2026-01-30 12:15:00-05:00,129.91,129.96,129.0726,129.28,44070.00
2026-01-30 12:20:00-05:00,129.35,130.19,129.1,129.9975,69761.00
2026-01-30 12:25:00-05:00,130.09,130.76,130.06,130.74,50954.00
2026-01-30 12:30:00-05:00,130.625,131.5999,130.52,130.745,62365.00
2026-01-30 12:35:00-05:00,130.745,131.59,130.6,131.44,97863.00
2026-01-30 12:40:00-05:00,131.46,131.6,131.15,131.55,42691.00
2026-01-30 12:45:00-05:00,131.59,132.2,131.35,131.895,95747.00
2026-01-30 12:50:00-05:00,131.95,131.95,130.705,131.015,91684.00
2026-01-30 12:55:00-05:00,131.015,131.36,130.665,130.7,45495.00
2026-01-30 13:00:00-05:00,130.69,131.07,130.38,130.4,55679.00
2026-01-30 13:05:00-05:00,130.47,130.55,129.87,130.195,32562.00
2026-01-30 13:10:00-05:00,130.07,130.26,129.9772,130.01,29595.00
2026-01-30 13:15:00-05:00,130.115,130.27,129.32,129.38,50789.00
2026-01-30 13:20:00-05:00,129.38,129.64,128.5113,129.265,53541.00
2026-01-30 13:25:00-05:00,129.34,130.38,129.34,130.285,68577.00
2026-01-30 13:30:00-05:00,130.19,130.72,130.1198,130.313,46009.00
2026-01-30 13:35:00-05:00,130.23,130.35,129.57,129.58,43861.00
2026-01-30 13:40:00-05:00,129.78,129.91,129.0801,129.32,39449.00
2026-01-30 13:45:00-05:00,129.325,129.58,129.08,129.26,37264.00
2026-01-30 13:50:00-05:00,129.24,129.96,129.24,129.77,48627.00
2026-01-30 13:55:00-05:00,129.85,130.4923,129.37,130.4899,26272.00
2026-01-30 14:00:00-05:00,129.98,130.1634,128.78,129.15,37217.00
2026-01-30 14:05:00-05:00,129,129.4299,128.95,129.4299,26364.00
2026-01-30 14:10:00-05:00,129.3124,129.49,128.5,128.605,28868.00
2026-01-30 14:15:00-05:00,128.55,128.56,127.8045,128.47,56700.00
2026-01-30 14:20:00-05:00,128.33,129.156,128.32,128.96,40884.00
2026-01-30 14:25:00-05:00,129.1335,129.4699,128.5001,128.55,37493.00
2026-01-30 14:30:00-05:00,128.76,128.89,127.5901,128.38,53042.00
2026-01-30 14:35:00-05:00,128.38,128.71,128.19,128.52,15351.00
2026-01-30 14:40:00-05:00,128.55,128.55,127.85,127.94,34211.00
2026-01-30 14:45:00-05:00,127.94,128.22,127.72,127.72,29019.00
2026-01-30 14:50:00-05:00,127.76,127.78,127.0301,127.3,69398.00
2026-01-30 14:55:00-05:00,127.2901,127.635,126.8,126.905,45365.00
2026-01-30 15:00:00-05:00,126.98,127.15,126.63,126.8,47906.00
2026-01-30 15:05:00-05:00,126.71,126.725,126.2,126.28,44097.00
2026-01-30 15:10:00-05:00,126.305,126.4709,125.39,125.705,91643.00
2026-01-30 15:15:00-05:00,125.64,125.68,124.77,124.78,67845.00
2026-01-30 15:20:00-05:00,124.8,125,124.0101,124.83,132012.00
2026-01-30 15:25:00-05:00,124.8856,124.8856,123.89,123.95,61941.00
2026-01-30 15:30:00-05:00,123.97,124.5699,123.92,124.075,68674.00
2026-01-30 15:35:00-05:00,124.2,124.21,123.6,123.975,81889.00
2026-01-30 15:40:00-05:00,124.0547,124.08,123.5901,123.91,77729.00
2026-01-30 15:45:00-05:00,124,125.32,123.99,125.19,101735.00
2026-01-30 15:50:00-05:00,125.28,125.7054,125.02,125.27,187436.00
2026-01-30 15:55:00-05:00,125.16,125.45,124.36,125.28,511503.00
2026-02-02 09:30:00-05:00,121.71,123.085,119.38,120.725,407463.00
2026-02-02 09:35:00-05:00,121.01,123.75,120.6853,122.99,133386.00
2026-02-02 09:40:00-05:00,122.7,122.73,120.51,120.99,63533.00
2026-02-02 09:45:00-05:00,120.81,122.825,120.5,121.86,108650.00
2026-02-02 09:50:00-05:00,121.72,122,120.5,121.04,104339.00
2026-02-02 09:55:00-05:00,120.98,121.86,120.51,120.73,66474.00
2026-02-02 10:00:00-05:00,120.735,121.78,120.62,121.78,82724.00
2026-02-02 10:05:00-05:00,121.64,122.01,120.71,121.61,99702.00
2026-02-02 10:10:00-05:00,121.63,122.44,121.53,122.29,66304.00
2026-02-02 10:15:00-05:00,122.585,122.585,121.27,122.4052,63374.00
2026-02-02 10:20:00-05:00,122.73,122.73,121.209,121.39,54309.00
2026-02-02 10:25:00-05:00,121.21,121.585,120.57,120.7,97242.00
2026-02-02 10:30:00-05:00,120.74,121.2799,120.1901,121.055,119693.00
2026-02-02 10:35:00-05:00,120.8901,121.72,120.8901,121.62,46049.00
2026-02-02 10:40:00-05:00,121.62,121.8174,120.86,121.2125,54792.00
2026-02-02 10:45:00-05:00,121.22,121.88,121.03,121.755,47952.00
2026-02-02 10:50:00-05:00,121.8601,122.32,121.5101,122.0067,43927.00
2026-02-02 10:55:00-05:00,122,122.13,121.51,121.52,27539.00
2026-02-02 11:00:00-05:00,121.57,121.644,121.19,121.545,41815.00
2026-02-02 11:05:00-05:00,121.54,122.21,121.072,122.205,34561.00
2026-02-02 11:10:00-05:00,122.25,123.2117,122.1,122.201,50937.00
2026-02-02 11:15:00-05:00,122.49,123.61,122.49,123.45,70784.00
2026-02-02 11:20:00-05:00,123.29,123.3226,122.56,122.72,30055.00
2026-02-02 11:25:00-05:00,122.72,123.11,122.6769,122.95,18070.00
2026-02-02 11:30:00-05:00,122.7726,122.89,122.4725,122.4725,22225.00
2026-02-02 11:35:00-05:00,122.465,122.47,121.66,121.9,33173.00
2026-02-02 11:40:00-05:00,121.89,122.3299,121.765,122.25,35630.00
2026-02-02 11:45:00-05:00,122.09,122.09,121.26,121.33,25679.00
2026-02-02 11:50:00-05:00,121.37,121.52,120.835,121.355,53736.00
2026-02-02 11:55:00-05:00,121.37,121.37,121.1,121.14,29243.00
2026-02-02 12:00:00-05:00,121.11,121.2,120.55,121.14,74563.00
2026-02-02 12:05:00-05:00,121.15,121.16,120.61,120.82,51530.00
2026-02-02 12:10:00-05:00,120.82,121.02,120.285,120.285,46790.00
2026-02-02 12:15:00-05:00,120.29,120.625,120.29,120.39,29595.00
2026-02-02 12:20:00-05:00,120.39,120.6,120.3483,120.555,20677.00
2026-02-02 12:25:00-05:00,120.58,120.794,120.475,120.56,34817.00
2026-02-02 12:30:00-05:00,120.56,120.6,120.27,120.4321,29015.00
2026-02-02 12:35:00-05:00,120.5,120.6,120.03,120.495,54257.00
2026-02-02 12:40:00-05:00,120.56,120.595,120.25,120.5026,52400.00
2026-02-02 12:45:00-05:00,120.46,120.75,120.35,120.49,38822.00
2026-02-02 12:50:00-05:00,120.49,121.02,120.4808,120.975,31949.00
2026-02-02 12:55:00-05:00,120.97,121.38,120.9393,121.17,32650.00
2026-02-02 13:00:00-05:00,121.17,121.45,120.8801,121.34,33880.00
2026-02-02 13:05:00-05:00,121.24,121.47,121.1601,121.37,45762.00
2026-02-02 13:10:00-05:00,121.35,121.7449,121.35,121.48,23038.00
2026-02-02 13:15:00-05:00,121.42,121.48,121.15,121.31,29288.00
2026-02-02 13:20:00-05:00,121.3565,121.585,121.22,121.39,18082.00
2026-02-02 13:25:00-05:00,121.43,121.57,121.26,121.305,14963.00
2026-02-02 13:30:00-05:00,121.305,121.42,121.11,121.335,29095.00
2026-02-02 13:35:00-05:00,121.335,121.75,121.26,121.31,16786.00
2026-02-02 13:40:00-05:00,121.335,121.74,121.26,121.62,28199.00
2026-02-02 13:45:00-05:00,121.625,122,121.36,121.86,27455.00
2026-02-02 13:50:00-05:00,121.88,122.01,121.7,121.7,26464.00
2026-02-02 13:55:00-05:00,121.63,121.88,121.531,121.77,28616.00
2026-02-02 14:00:00-05:00,121.78,121.86,121.64,121.755,24179.00
2026-02-02 14:05:00-05:00,121.755,121.775,121.28,121.3,29934.00
2026-02-02 14:10:00-05:00,121.2881,121.515,121,121.47,58443.00
2026-02-02 14:15:00-05:00,121.44,121.7499,121.35,121.47,24778.00
2026-02-02 14:20:00-05:00,121.48,121.64,121.41,121.64,23944.00
2026-02-02 14:25:00-05:00,121.705,121.84,121.54,121.74,31356.00
2026-02-02 14:30:00-05:00,121.775,121.775,121.25,121.25,31999.00
2026-02-02 14:35:00-05:00,121.245,121.29,120.92,121.275,26698.00
2026-02-02 14:40:00-05:00,121.31,121.31,120.44,120.53,25425.00
2026-02-02 14:45:00-05:00,120.53,120.77,120.255,120.4,24839.00
2026-02-02 14:50:00-05:00,120.3101,120.55,120.1323,120.3,48994.00
2026-02-02 14:55:00-05:00,120.3599,121.04,119.6,119.76,89414.00
2026-02-02 15:00:00-05:00,119.8,120.29,119.205,119.8401,84927.00
2026-02-02 15:05:00-05:00,120.08,120.67,119.87,120.1,64407.00
2026-02-02 15:10:00-05:00,120.19,120.3991,119.5,119.54,41348.00
2026-02-02 15:15:00-05:00,119.51,120.03,119.485,119.875,48101.00
2026-02-02 15:20:00-05:00,119.875,120.125,119.77,119.905,49129.00
2026-02-02 15:25:00-05:00,119.89,119.9,119.33,119.4579,65995.00
2026-02-02 15:30:00-05:00,119.415,119.7,119.15,119.365,92288.00
2026-02-02 15:35:00-05:00,119.3001,119.935,119.2,119.665,53631.00
2026-02-02 15:40:00-05:00,119.59,119.93,119.46,119.47,51561.00
2026-02-02 15:45:00-05:00,119.46,119.555,118.61,118.94,128206.00
2026-02-02 15:50:00-05:00,118.94,119.16,118.53,119.07,141471.00
2026-02-02 15:55:00-05:00,119.16,120.03,119.16,119.95,346432.00
2026-02-03 09:30:00-05:00,121.105,124.21,119.8,120.355,189586.00
2026-02-03 09:35:00-05:00,120.355,121.6706,118.6001,119.034,71586.00
2026-02-03 09:40:00-05:00,119.5,119.595,116.8,117.03,123093.00
2026-02-03 09:45:00-05:00,117.025,117.4885,115.69,115.75,342868.00
2026-02-03 09:50:00-05:00,115.8465,115.88,113.64,113.885,208912.00
2026-02-03 09:55:00-05:00,113.53,113.935,112,112.97,213372.00
2026-02-03 10:00:00-05:00,112.8375,113.97,112.1,113.555,205707.00
2026-02-03 10:05:00-05:00,113.39,114,112.32,113.04,195648.00
2026-02-03 10:10:00-05:00,113.05,113.19,111.83,112.0446,163478.00
2026-02-03 10:15:00-05:00,112.19,112.9199,111.64,112.58,171137.00
2026-02-03 10:20:00-05:00,112.48,113.14,111.27,111.4,127056.00
2026-02-03 10:25:00-05:00,111.43,112.875,111.32,112.24,162644.00
2026-02-03 10:30:00-05:00,112.345,112.6,111.5,111.71,118943.00
2026-02-03 10:35:00-05:00,111.715,111.87,110.99,111.7,156655.00
2026-02-03 10:40:00-05:00,111.75,112.3,111.69,111.965,71762.00
2026-02-03 10:45:00-05:00,111.99,112.41,111.41,112.27,100802.00
2026-02-03 10:50:00-05:00,112.4,112.8199,111.8597,112.65,114387.00
2026-02-03 10:55:00-05:00,112.63,113.45,112.63,112.84,103807.00
2026-02-03 11:00:00-05:00,112.92,112.92,111.26,111.3637,89147.00
2026-02-03 11:05:00-05:00,111.37,111.38,110.2785,110.6,214582.00
2026-02-03 11:10:00-05:00,110.6794,110.6794,109.7,110.28,189551.00
2026-02-03 11:15:00-05:00,110.28,110.57,110.15,110.29,92295.00
2026-02-03 11:20:00-05:00,110.29,110.62,110.17,110.59,123824.00
2026-02-03 11:25:00-05:00,110.57,111.24,110.24,110.41,256954.00
2026-02-03 11:30:00-05:00,110.385,110.66,109.19,109.91,125148.00
2026-02-03 11:35:00-05:00,109.99,110.43,109.0501,109.52,98725.00
2026-02-03 11:40:00-05:00,109.61,109.9099,109,109.48,81116.00
2026-02-03 11:45:00-05:00,109.5,109.655,109.03,109.49,76889.00
2026-02-03 11:50:00-05:00,109.49,109.53,108.925,109.2963,77960.00
2026-02-03 11:55:00-05:00,109.32,109.54,108.87,108.89,75192.00
2026-02-03 12:00:00-05:00,108.83,109.38,108.69,109.21,100478.00
2026-02-03 12:05:00-05:00,109.2,109.69,109.19,109.61,66469.00
2026-02-03 12:10:00-05:00,109.68,109.72,108.42,108.8001,77034.00
2026-02-03 12:15:00-05:00,109.0584,109.5,108.91,108.98,67112.00
2026-02-03 12:20:00-05:00,108.94,109.3799,108.7552,109.24,80117.00
2026-02-03 12:25:00-05:00,109.24,109.31,108.51,108.55,76833.00
2026-02-03 12:30:00-05:00,108.56,108.615,108.18,108.22,136972.00
2026-02-03 12:35:00-05:00,108.16,108.27,107.88,107.9665,83397.00
2026-02-03 12:40:00-05:00,107.84,107.9599,107.6,107.8,100508.00
2026-02-03 12:45:00-05:00,107.8396,108.72,107.59,108.065,71416.00
2026-02-03 12:50:00-05:00,108.06,108.36,107.65,108.11,117541.00
2026-02-03 12:55:00-05:00,108.07,108.125,107.465,107.7,56112.00
2026-02-03 13:00:00-05:00,107.7,107.78,107.46,107.46,59980.00
2026-02-03 13:05:00-05:00,107.48,107.7299,107.2206,107.36,78614.00
2026-02-03 13:10:00-05:00,107.31,107.54,107.12,107.19,48379.00
2026-02-03 13:15:00-05:00,107.32,107.51,106.82,107.32,100019.00
2026-02-03 13:20:00-05:00,107.22,107.22,106.51,106.51,55880.00
2026-02-03 13:25:00-05:00,106.525,106.7,106.11,106.56,82038.00
2026-02-03 13:30:00-05:00,106.66,106.74,106.06,106.44,77231.00
2026-02-03 13:35:00-05:00,106.5,106.54,106.1,106.46,91067.00
2026-02-03 13:40:00-05:00,106.46,106.6599,106.07,106.17,84149.00
2026-02-03 13:45:00-05:00,106.14,106.15,105.72,105.975,162836.00
2026-02-03 13:50:00-05:00,105.97,105.97,105.27,105.5,84270.00
2026-02-03 13:55:00-05:00,105.49,105.85,105.1,105.11,79988.00
2026-02-03 14:00:00-05:00,105.11,105.615,104.95,105.24,147124.00
2026-02-03 14:05:00-05:00,105.21,105.76,105.19,105.665,88572.00
2026-02-03 14:10:00-05:00,105.665,106.94,105.57,106.915,122756.00
2026-02-03 14:15:00-05:00,106.92,107.62,106.67,107.41,163807.00
2026-02-03 14:20:00-05:00,107.45,107.6327,107.29,107.4199,90591.00
2026-02-03 14:25:00-05:00,107.34,107.34,106.2,106.74,102095.00
2026-02-03 14:30:00-05:00,106.82,107.28,106.325,106.69,100030.00
2026-02-03 14:35:00-05:00,106.71,106.98,106.08,106.15,93327.00
2026-02-03 14:40:00-05:00,106.14,106.4,105.9,106.02,91422.00
2026-02-03 14:45:00-05:00,106.06,106.8,105.95,106.648,108122.00
2026-02-03 14:50:00-05:00,106.6,106.92,105.8,106.775,190596.00
2026-02-03 14:55:00-05:00,106.9,107.75,106.9,107.24,82461.00
2026-02-03 15:00:00-05:00,107.23,107.45,106.665,106.78,75436.00
2026-02-03 15:05:00-05:00,106.73,106.96,106.4701,106.54,71727.00
2026-02-03 15:10:00-05:00,106.54,107.07,106.43,107.07,102154.00
2026-02-03 15:15:00-05:00,107.045,107.495,106.76,107.295,97206.00
2026-02-03 15:20:00-05:00,107.23,107.59,106.96,107.52,103460.00
2026-02-03 15:25:00-05:00,107.57,108.53,107.305,108.04,110825.00
2026-02-03 15:30:00-05:00,108.055,109.07,108.03,109.01,124774.00
2026-02-03 15:35:00-05:00,109.04,109.88,108.36,109.77,166489.00
2026-02-03 15:40:00-05:00,109.86,109.86,108.93,109.43,169593.00
2026-02-03 15:45:00-05:00,109.43,111.11,109.3,110.48,386175.00
2026-02-03 15:50:00-05:00,110.51,111.19,110.51,110.98,246491.00
2026-02-03 15:55:00-05:00,110.92,111.5,110.75,111.34,516273.00
2026-02-04 09:30:00-05:00,108.04,108.08,102,102.625,586899.00
2026-02-04 09:35:00-05:00,102.25,104.9999,101,104.6,310239.00
2026-02-04 09:40:00-05:00,104.32,104.66,102.6,103.7084,246268.00
2026-02-04 09:45:00-05:00,103.53,103.89,102.09,102.57,157910.00
2026-02-04 09:50:00-05:00,102.63,103.245,101,102.2894,203469.00
2026-02-04 09:55:00-05:00,102.55,102.64,100.11,100.255,206438.00
2026-02-04 10:00:00-05:00,100.25,100.662,99,100.26,379619.00
2026-02-04 10:05:00-05:00,100.31,101.08,99.7,100.5601,175198.00
2026-02-04 10:10:00-05:00,100.68,101.44,99.9351,101.33,155498.00
2026-02-04 10:15:00-05:00,101.285,101.7,99.81,99.88,207275.00
2026-02-04 10:20:00-05:00,99.915,102.11,99.53,102.01,206896.00
2026-02-04 10:25:00-05:00,102.115,103.2395,101.401,101.88,257734.00
2026-02-04 10:30:00-05:00,101.92,102.3699,100.72,100.805,152804.00
2026-02-04 10:35:00-05:00,100.795,102.19,100.17,101.41,243633.00
2026-02-04 10:40:00-05:00,101.415,103.222,101.23,102.82,160522.00
2026-02-04 10:45:00-05:00,102.84,102.99,101.9001,102.215,189686.00
2026-02-04 10:50:00-05:00,102.1725,102.5,101.56,102.31,97989.00
2026-02-04 10:55:00-05:00,102.385,102.477,100.6101,100.72,129831.00
2026-02-04 11:00:00-05:00,100.81,101.06,99.18,99.33,319377.00
2026-02-04 11:05:00-05:00,99.32,99.95,99.14,99.33,173025.00
2026-02-04 11:10:00-05:00,99.27,101.58,99.27,100.84,370921.00
2026-02-04 11:15:00-05:00,100.855,101.065,99.75,100.16,144747.00
2026-02-04 11:20:00-05:00,100.2475,101,99.82,100.58,112724.00
2026-02-04 11:25:00-05:00,100.54,101.1999,100.42,100.49,147747.00
2026-02-04 11:30:00-05:00,100.5,100.68,99.84,99.84,101031.00
2026-02-04 11:35:00-05:00,99.83,99.9899,99.14,99.1401,104943.00
2026-02-04 11:40:00-05:00,99.14,99.23,98.36,98.44,248502.00
2026-02-04 11:45:00-05:00,98.445,98.61,97.93,98.4,202882.00
2026-02-04 11:50:00-05:00,98.51,99.35,98.5,99.25,179765.00
2026-02-04 11:55:00-05:00,99.27,100.74,99.27,100.185,104912.00
2026-02-04 12:00:00-05:00,100.185,100.3,99.7,99.915,89339.00
2026-02-04 12:05:00-05:00,99.935,100.3,99.31,99.31,129943.00
2026-02-04 12:10:00-05:00,99.475,99.7,98.7001,99.23,79725.00
2026-02-04 12:15:00-05:00,99.14,99.235,98.04,98.08,170768.00
2026-02-04 12:20:00-05:00,98.06,98.1,97.26,97.54,122679.00
2026-02-04 12:25:00-05:00,97.555,97.65,96.51,96.685,146688.00
2026-02-04 12:30:00-05:00,96.7,97.4396,96.31,96.615,162045.00
2026-02-04 12:35:00-05:00,96.61,96.61,95.38,95.435,155426.00
2026-02-04 12:40:00-05:00,95.5,95.88,95.115,95.64,273777.00
2026-02-04 12:45:00-05:00,95.66,95.8,95.1,95.34,120233.00
2026-02-04 12:50:00-05:00,95.22,96.36,95.07,96.225,149276.00
2026-02-04 12:55:00-05:00,96.2,96.58,96.06,96.37,89847.00
2026-02-04 13:00:00-05:00,96.39,96.59,95.43,96.05,97122.00
2026-02-04 13:05:00-05:00,96.09,96.54,95.81,95.81,101009.00
2026-02-04 13:10:00-05:00,95.8,96.33,95.74,96.1,95772.00
2026-02-04 13:15:00-05:00,96.05,96.2182,95.72,95.9721,85205.00
2026-02-04 13:20:00-05:00,95.88,96.75,95.6901,96.3,84747.00
2026-02-04 13:25:00-05:00,96.295,97.525,96.295,97.375,105006.00
2026-02-04 13:30:00-05:00,97.375,97.375,96.02,96.225,140045.00
2026-02-04 13:35:00-05:00,96.32,96.71,96,96.49,72562.00
2026-02-04 13:40:00-05:00,96.5,97.5743,96.34,97.04,58303.00
2026-02-04 13:45:00-05:00,96.97,97,95.71,95.79,88385.00
2026-02-04 13:50:00-05:00,95.69,96.14,95.1701,96.01,144327.00
2026-02-04 13:55:00-05:00,96.0724,96.52,95.9,96.2,116744.00
2026-02-04 14:00:00-05:00,96.245,96.28,95.53,96.13,108597.00
2026-02-04 14:05:00-05:00,95.9,96.24,95.57,96.19,94065.00
2026-02-04 14:10:00-05:00,96.08,96.305,95.65,95.895,102820.00
2026-02-04 14:15:00-05:00,95.94,96.64,95.93,96.11,123838.00
2026-02-04 14:20:00-05:00,96.21,96.3,95.6,96.1701,116141.00
2026-02-04 14:25:00-05:00,96.29,96.57,95.99,96.505,66366.00
2026-02-04 14:30:00-05:00,96.58,96.86,96.42,96.79,87417.00
2026-02-04 14:35:00-05:00,96.85,96.88,96.19,96.25,94746.00
2026-02-04 14:40:00-05:00,96.25,97.05,96.13,96.75,202567.00
2026-02-04 14:45:00-05:00,96.76,98.35,96.53,98.14,304584.00
2026-02-04 14:50:00-05:00,98.19,98.81,97.945,98.005,157112.00
2026-02-04 14:55:00-05:00,97.94,98.83,97.86,98.35,88667.00
2026-02-04 15:00:00-05:00,98.415,98.59,97.34,97.495,78066.00
2026-02-04 15:05:00-05:00,97.495,98.17,97.3601,98.117,85176.00
2026-02-04 15:10:00-05:00,98.11,98.1486,96.92,97.575,80589.00
2026-02-04 15:15:00-05:00,97.575,97.82,97.18,97.4485,101422.00
2026-02-04 15:20:00-05:00,97.32,98.18,97.15,97.68,193590.00
2026-02-04 15:25:00-05:00,97.67,97.76,97,97.03,97856.00
2026-02-04 15:30:00-05:00,97.06,97.905,96.94,97.67,133632.00
2026-02-04 15:35:00-05:00,97.68,97.8,97.0722,97.65,120709.00
2026-02-04 15:40:00-05:00,97.65,98.48,97.56,97.795,125549.00
2026-02-04 15:45:00-05:00,97.7399,97.82,97.4,97.7935,140769.00
2026-02-04 15:50:00-05:00,97.81,97.84,97.06,97.33,276111.00
2026-02-04 15:55:00-05:00,97.35,97.4,96.21,96.97,1123775.00
2026-02-05 09:30:00-05:00,95.998,98.16,94.187,98.12,371457.00
2026-02-05 09:35:00-05:00,98.18,99.87,97.1,99.16,267704.00
2026-02-05 09:40:00-05:00,99.19,100.08,97.87,99.4,185770.00
2026-02-05 09:45:00-05:00,99.32,100.9999,99.32,100.44,201540.00
2026-02-05 09:50:00-05:00,100.47,101.48,100.195,100.84,249182.00
2026-02-05 09:55:00-05:00,100.96,101.24,99.65,99.98,185819.00
2026-02-05 10:00:00-05:00,99.7,99.8451,97.72,98.16,170115.00
2026-02-05 10:05:00-05:00,98.035,98.6,97.6901,98.43,143377.00
2026-02-05 10:10:00-05:00,98.335,98.91,97.11,97.19,100596.00
2026-02-05 10:15:00-05:00,97.36,97.95,96.8,97.85,116381.00
2026-02-05 10:20:00-05:00,97.83,98.74,97.33,97.775,92754.00
2026-02-05 10:25:00-05:00,97.91,98.85,97.4675,98.13,108943.00
2026-02-05 10:30:00-05:00,98.25,98.7,96.6057,96.85,147196.00
2026-02-05 10:35:00-05:00,96.79,98.99,96.77,98.7882,104110.00
2026-02-05 10:40:00-05:00,98.77,100.4,98.77,100.005,116546.00
2026-02-05 10:45:00-05:00,100.1,100.305,97.86,98.07,95791.00
2026-02-05 10:50:00-05:00,98.03,99.0847,98.03,98.795,58974.00
2026-02-05 10:55:00-05:00,98.81,99.3255,98.57,98.99,59328.00
2026-02-05 11:00:00-05:00,99.12,99.295,98.28,98.465,57261.00
2026-02-05 11:05:00-05:00,98.465,98.91,98.189,98.44,39992.00
2026-02-05 11:10:00-05:00,98.515,98.78,97.74,97.82,53903.00
2026-02-05 11:15:00-05:00,97.94,99.64,97.82,99.53,54440.00
2026-02-05 11:20:00-05:00,99.605,100.52,99.305,100.52,85849.00
2026-02-05 11:25:00-05:00,100.6,101.1,99.975,100.7501,93670.00
2026-02-05 11:30:00-05:00,100.89,101.11,99.77,99.95,97539.00
2026-02-05 11:35:00-05:00,99.9,100.14,99.56,99.78,65504.00
2026-02-05 11:40:00-05:00,99.79,100.45,99.5,99.88,65481.00
2026-02-05 11:45:00-05:00,99.91,99.91,99.3001,99.51,70268.00
2026-02-05 11:50:00-05:00,99.67,100.67,99.56,100.248,79346.00
2026-02-05 11:55:00-05:00,100.36,100.8,99.9542,100.73,74652.00
2026-02-05 12:00:00-05:00,100.68,100.7699,99.38,99.6,34337.00
2026-02-05 12:05:00-05:00,99.665,99.92,99.2726,99.65,32628.00
2026-02-05 12:10:00-05:00,99.585,99.99,99.41,99.785,47064.00
2026-02-05 12:15:00-05:00,99.78,99.785,99.53,99.715,31056.00
2026-02-05 12:20:00-05:00,99.6955,100.23,99.38,100.19,42691.00
2026-02-05 12:25:00-05:00,100.1892,100.49,100.04,100.14,33800.00
2026-02-05 12:30:00-05:00,100.1,100.96,100.04,100.435,101804.00
2026-02-05 12:35:00-05:00,100.435,100.98,100.435,100.5026,58920.00
2026-02-05 12:40:00-05:00,100.47,101.44,100.44,101.33,68258.00
2026-02-05 12:45:00-05:00,101.4,101.82,100.82,101.085,70188.00
2026-02-05 12:50:00-05:00,101,101.055,100.71,100.84,32983.00
2026-02-05 12:55:00-05:00,100.7247,100.91,100.4546,100.82,36044.00
2026-02-05 13:00:00-05:00,100.825,101.2,100.7001,100.945,47591.00
2026-02-05 13:05:00-05:00,100.84,100.9499,100.44,100.44,41372.00
2026-02-05 13:10:00-05:00,100.33,100.745,99.9,100.651,57698.00
2026-02-05 13:15:00-05:00,100.651,100.71,99.81,100.08,50311.00
2026-02-05 13:20:00-05:00,99.99,100.055,99.57,99.92,46285.00
2026-02-05 13:25:00-05:00,99.83,100,99.37,99.41,44731.00
2026-02-05 13:30:00-05:00,99.37,99.6349,99.194,99.32,41100.00
2026-02-05 13:35:00-05:00,99.39,99.41,98.94,99.095,35862.00
2026-02-05 13:40:00-05:00,99.1172,99.88,98.9172,99.725,92159.00
2026-02-05 13:45:00-05:00,99.725,99.76,99.12,99.5,82645.00
2026-02-05 13:50:00-05:00,99.415,99.48,99.2001,99.45,29142.00
2026-02-05 13:55:00-05:00,99.45,100.035,99.21,99.81,66792.00
2026-02-05 14:00:00-05:00,99.76,99.895,99.4201,99.77,82532.00
2026-02-05 14:05:00-05:00,99.71,99.94,99.34,99.48,54549.00
2026-02-05 14:10:00-05:00,99.58,99.77,99.265,99.3959,71334.00
2026-02-05 14:15:00-05:00,99.34,99.73,99.29,99.48,114763.00
2026-02-05 14:20:00-05:00,99.46,99.46,98.62,98.62,43747.00
2026-02-05 14:25:00-05:00,98.55,98.63,97.98,98.0299,97956.00
2026-02-05 14:30:00-05:00,97.99,98.1,97.67,97.935,55995.00
2026-02-05 14:35:00-05:00,98.02,98.54,97.6601,98.48,55557.00
2026-02-05 14:40:00-05:00,98.48,98.93,98.32,98.76,117049.00
2026-02-05 14:45:00-05:00,98.73,98.86,98.54,98.8105,82571.00
2026-02-05 14:50:00-05:00,98.76,98.935,97.8001,98.205,95423.00
2026-02-05 14:55:00-05:00,98.18,98.79,98.07,98.3529,45368.00
2026-02-05 15:00:00-05:00,98.15,98.72,98.05,98.7,49003.00
2026-02-05 15:05:00-05:00,98.62,99.4099,98.4201,99.315,38328.00
2026-02-05 15:10:00-05:00,99.315,99.455,98.36,98.465,47361.00
2026-02-05 15:15:00-05:00,98.33,98.72,98.07,98.315,49905.00
2026-02-05 15:20:00-05:00,98.3,98.35,97.96,97.97,64392.00
2026-02-05 15:25:00-05:00,98.045,98.045,97.48,97.51,47309.00
2026-02-05 15:30:00-05:00,97.51,97.68,97.2201,97.5709,83254.00
2026-02-05 15:35:00-05:00,97.58,97.93,97.47,97.725,66899.00
2026-02-05 15:40:00-05:00,97.68,98.05,97.56,97.72,72298.00
2026-02-05 15:45:00-05:00,97.72,97.835,97.46,97.7661,107232.00
2026-02-05 15:50:00-05:00,97.77,97.83,97.29,97.68,191975.00
2026-02-05 15:55:00-05:00,97.59,98.29,97.22,98.27,558059.00
2026-02-06 09:30:00-05:00,103.11,105.8,102.3,104.83,335290.00
2026-02-06 09:35:00-05:00,104.855,107.08,104.75,106.96,247941.00
2026-02-06 09:40:00-05:00,106.97,108.42,106.67,108.32,236034.00
2026-02-06 09:45:00-05:00,108.32,109.32,108.08,108.5,258524.00
2026-02-06 09:50:00-05:00,108.74,109.735,108.33,108.96,214914.00
2026-02-06 09:55:00-05:00,108.84,109.45,107,107.12,150284.00
2026-02-06 10:00:00-05:00,107.12,107.23,106.01,106.745,181343.00
2026-02-06 10:05:00-05:00,106.7,107.87,106.2372,107.1992,134379.00
2026-02-06 10:10:00-05:00,107.05,107.895,106.17,106.32,99478.00
2026-02-06 10:15:00-05:00,106.465,107.225,105.61,106.245,123526.00
2026-02-06 10:20:00-05:00,106.245,108,106.15,107.25,94824.00
2026-02-06 10:25:00-05:00,107.24,108.4768,106.965,108.075,87968.00
2026-02-06 10:30:00-05:00,108.075,108.27,107.65,108.085,82829.00
2026-02-06 10:35:00-05:00,108.085,108.1,107.115,107.195,105859.00
2026-02-06 10:40:00-05:00,107.195,107.92,107.0011,107.515,79354.00
2026-02-06 10:45:00-05:00,107.61,108.7,107.51,108.34,64659.00
2026-02-06 10:50:00-05:00,108.34,108.34,107.66,107.93,75206.00
2026-02-06 10:55:00-05:00,107.73,109.025,107.65,108.78,73201.00
2026-02-06 11:00:00-05:00,108.79,109.49,108.54,109.49,66324.00
2026-02-06 11:05:00-05:00,109.48,109.77,109.22,109.56,62602.00
2026-02-06 11:10:00-05:00,109.58,110.47,109.46,110.47,114702.00
2026-02-06 11:15:00-05:00,110.48,110.6,109.7852,110.0627,79423.00
2026-02-06 11:20:00-05:00,110.085,110.6,109.96,110.44,99230.00
2026-02-06 11:25:00-05:00,110.44,110.74,110.17,110.73,99696.00
2026-02-06 11:30:00-05:00,110.74,111.5,110.74,111.37,144765.00
2026-02-06 11:35:00-05:00,111.375,112,111.375,111.97,156725.00
2026-02-06 11:40:00-05:00,111.97,112.3,111.67,112.2786,169581.00
2026-02-06 11:45:00-05:00,112.25,112.36,111.98,112.29,74152.00
2026-02-06 11:50:00-05:00,112.275,112.4398,111.88,112.09,102471.00
2026-02-06 11:55:00-05:00,112.13,112.565,111.5705,112.49,96179.00
2026-02-06 12:00:00-05:00,112.4889,112.6598,112.07,112.62,85228.00
2026-02-06 12:05:00-05:00,112.63,112.8,112.03,112.4,92433.00
2026-02-06 12:10:00-05:00,112.5,112.62,112.16,112.55,85071.00
2026-02-06 12:15:00-05:00,112.55,112.65,112.34,112.37,90957.00
2026-02-06 12:20:00-05:00,112.38,112.45,112.107,112.22,77760.00
2026-02-06 12:25:00-05:00,112.32,112.54,112,112.14,72360.00
2026-02-06 12:30:00-05:00,112.135,112.54,112,112.13,83658.00
2026-02-06 12:35:00-05:00,112.205,112.395,111.39,111.68,61179.00
2026-02-06 12:40:00-05:00,111.71,112.175,111.6201,111.7201,50468.00
2026-02-06 12:45:00-05:00,111.72,111.9099,111.57,111.83,29670.00
2026-02-06 12:50:00-05:00,111.875,112.16,111.67,112.085,218046.00
2026-02-06 12:55:00-05:00,112.085,112.5,111.92,112.5,57061.00
2026-02-06 13:00:00-05:00,112.49,113.32,112.36,113.32,68917.00
2026-02-06 13:05:00-05:00,113.35,113.63,112.83,112.9,124123.00
2026-02-06 13:10:00-05:00,112.875,112.91,112.54,112.778,52889.00
2026-02-06 13:15:00-05:00,112.77,112.845,112.18,112.73,72790.00
2026-02-06 13:20:00-05:00,112.75,113.36,112.535,113.32,74719.00
2026-02-06 13:25:00-05:00,113.28,113.35,113.03,113.19,109042.00
2026-02-06 13:30:00-05:00,113.2,113.4,112.505,112.505,64590.00
2026-02-06 13:35:00-05:00,112.49,112.77,112.37,112.74,46972.00
2026-02-06 13:40:00-05:00,112.7377,113.13,112.44,112.945,89893.00
2026-02-06 13:45:00-05:00,112.85,113.21,112.85,113,68894.00
2026-02-06 13:50:00-05:00,112.99,112.9999,112.14,112.36,54172.00
2026-02-06 13:55:00-05:00,112.3,112.5,111.339,111.46,92191.00
2026-02-06 14:00:00-05:00,111.46,111.52,110.58,110.58,124579.00
2026-02-06 14:05:00-05:00,110.655,110.91,110.31,110.62,126526.00
2026-02-06 14:10:00-05:00,110.57,110.66,110.2301,110.5,63477.00
2026-02-06 14:15:00-05:00,110.535,110.7084,110.275,110.4,66002.00
2026-02-06 14:20:00-05:00,110.4,110.92,110.3887,110.89,23766.00
2026-02-06 14:25:00-05:00,110.9,110.93,110.57,110.75,42668.00
2026-02-06 14:30:00-05:00,110.75,111.68,110.665,110.965,88350.00
2026-02-06 14:35:00-05:00,110.84,111,110.56,110.69,34160.00
2026-02-06 14:40:00-05:00,110.69,110.69,109.86,110.115,76294.00
2026-02-06 14:45:00-05:00,110.12,110.32,110.03,110.185,38643.00
2026-02-06 14:50:00-05:00,110.14,110.19,109.78,110.12,44060.00
2026-02-06 14:55:00-05:00,110.06,110.0846,109.455,109.515,54418.00
2026-02-06 15:00:00-05:00,109.45,109.77,108.85,109.61,120946.00
2026-02-06 15:05:00-05:00,109.61,109.84,109.58,109.743,56697.00
2026-02-06 15:10:00-05:00,109.72,109.96,109.62,109.66,46430.00
2026-02-06 15:15:00-05:00,109.76,110.1,109.64,109.93,47459.00
2026-02-06 15:20:00-05:00,110.02,110.23,109.5,109.65,82380.00
2026-02-06 15:25:00-05:00,109.698,110.27,109.674,110.16,100432.00
2026-02-06 15:30:00-05:00,110.1,110.35,109.9,110.07,100012.00
2026-02-06 15:35:00-05:00,110.1,111,110.1,110.51,138320.00
2026-02-06 15:40:00-05:00,110.45,111.05,110.45,111.01,88267.00
2026-02-06 15:45:00-05:00,111.04,111.39,110.9407,111.39,96288.00
2026-02-06 15:50:00-05:00,111.22,111.64,110.92,111.43,233153.00
2026-02-06 15:55:00-05:00,111.37,111.55,111.17,111.44,514918.00
2026-02-09 09:30:00-05:00,113.405,115.297,111.0758,114.85,378309.00
2026-02-09 09:35:00-05:00,114.73,117.5,113.4101,116.953,290393.00
2026-02-09 09:40:00-05:00,117.06,118.75,117,118.74,248975.00
2026-02-09 09:45:00-05:00,118.62,119.5,118,119.46,207246.00
2026-02-09 09:50:00-05:00,119.46,119.55,117,117.79,194406.00
2026-02-09 09:55:00-05:00,117.78,119.18,117.17,118.43,225135.00
2026-02-09 10:00:00-05:00,118.3,119.92,118.3,119.74,140045.00
2026-02-09 10:05:00-05:00,119.9799,120.27,119.3658,119.715,120272.00
2026-02-09 10:10:00-05:00,119.82,120.3299,119.3,119.975,112029.00
2026-02-09 10:15:00-05:00,119.83,120.45,119.64,120.28,93077.00
2026-02-09 10:20:00-05:00,120.3,120.8,119.7448,120.36,124764.00
2026-02-09 10:25:00-05:00,120.33,120.42,119.7645,119.95,114802.00
2026-02-09 10:30:00-05:00,119.99,120.98,119.99,120.69,97808.00
2026-02-09 10:35:00-05:00,120.57,121.2599,120.44,120.87,133499.00
2026-02-09 10:40:00-05:00,120.88,120.99,119.76,119.76,80149.00
2026-02-09 10:45:00-05:00,119.85,120.41,119.5,120.085,69747.00
2026-02-09 10:50:00-05:00,120.24,121.19,120.21,121.19,52288.00
2026-02-09 10:55:00-05:00,121.17,121.96,120.95,121.17,62771.00
2026-02-09 11:00:00-05:00,121.22,122,121.15,121.96,56356.00
2026-02-09 11:05:00-05:00,121.97,122.42,121.64,122.24,76288.00
2026-02-09 11:10:00-05:00,122.26,122.84,122.0559,122.83,132272.00
2026-02-09 11:15:00-05:00,122.79,123.07,122.51,122.61,88690.00
2026-02-09 11:20:00-05:00,122.63,123.44,122.53,123.305,80741.00
2026-02-09 11:25:00-05:00,123.3,123.6755,123.09,123.22,85726.00
2026-02-09 11:30:00-05:00,123.1926,123.51,121.5613,121.79,253080.00
2026-02-09 11:35:00-05:00,121.81,122.78,121.475,122.76,64933.00
2026-02-09 11:40:00-05:00,122.69,122.96,121.96,122.85,50714.00
2026-02-09 11:45:00-05:00,122.85,123.83,122.84,123.35,92307.00
2026-02-09 11:50:00-05:00,123.3267,123.65,123,123.37,38789.00
2026-02-09 11:55:00-05:00,123.37,124.01,123.24,123.82,75989.00
2026-02-09 12:00:00-05:00,123.82,124.1998,123.5901,123.915,68881.00
2026-02-09 12:05:00-05:00,123.91,123.93,123.6,123.7848,31600.00
2026-02-09 12:10:00-05:00,123.6,124.07,123.6,124.065,54156.00
2026-02-09 12:15:00-05:00,123.94,124.33,123.66,123.83,56078.00
2026-02-09 12:20:00-05:00,123.775,124.01,123.68,123.9699,36985.00
2026-02-09 12:25:00-05:00,123.8,124.11,123.76,123.945,38403.00
2026-02-09 12:30:00-05:00,123.94,124.04,123.57,123.57,63530.00
2026-02-09 12:35:00-05:00,123.5701,124.08,123.57,123.92,47298.00
2026-02-09 12:40:00-05:00,123.865,124.06,123.64,123.7798,51689.00
2026-02-09 12:45:00-05:00,123.81,123.88,123.4,123.71,51040.00
2026-02-09 12:50:00-05:00,123.71,123.7899,123.14,123.28,32770.00
2026-02-09 12:55:00-05:00,123.28,123.39,122.72,123.01,40852.00
2026-02-09 13:00:00-05:00,123.04,123.25,122.81,122.81,29085.00
2026-02-09 13:05:00-05:00,122.87,122.98,122.12,122.39,45240.00
2026-02-09 13:10:00-05:00,122.385,122.465,122.1892,122.1892,41540.00
2026-02-09 13:15:00-05:00,122.25,122.25,121.3,121.64,66907.00
2026-02-09 13:20:00-05:00,121.76,121.81,120.3395,121.59,87913.00
2026-02-09 13:25:00-05:00,121.46,122.06,121.4,121.865,29048.00
2026-02-09 13:30:00-05:00,121.865,122.911,121.505,122.75,43400.00
2026-02-09 13:35:00-05:00,122.575,122.68,122.17,122.39,23462.00
2026-02-09 13:40:00-05:00,122.39,122.56,122.21,122.37,15445.00
2026-02-09 13:45:00-05:00,122.54,122.54,122.145,122.26,21503.00
2026-02-09 13:50:00-05:00,122.27,122.27,121.95,121.95,26185.00
2026-02-09 13:55:00-05:00,121.91,122.5171,121.82,122.4,31782.00
2026-02-09 14:00:00-05:00,122.48,123.1,122.465,123.06,33985.00
2026-02-09 14:05:00-05:00,122.9645,123.39,122.56,122.61,63576.00
2026-02-09 14:10:00-05:00,122.5801,122.9,122.41,122.41,22209.00
2026-02-09 14:15:00-05:00,122.43,122.75,122.4,122.625,18953.00
2026-02-09 14:20:00-05:00,122.83,123.17,122.58,123.15,25660.00
2026-02-09 14:25:00-05:00,123.2,123.34,122.89,122.98,25449.00
2026-02-09 14:30:00-05:00,122.92,123.14,122.92,123.14,21731.00
2026-02-09 14:35:00-05:00,123.12,123.7,123.1,123.62,54426.00
2026-02-09 14:40:00-05:00,123.605,123.65,123.1,123.22,22585.00
2026-02-09 14:45:00-05:00,123.21,123.323,122.7873,123.03,31994.00
2026-02-09 14:50:00-05:00,122.92,123.01,122.5,122.69,57708.00
2026-02-09 14:55:00-05:00,122.71,122.71,122.37,122.425,18128.00
2026-02-09 15:00:00-05:00,122.43,122.75,122.32,122.63,45108.00
2026-02-09 15:05:00-05:00,122.63,123.37,122.63,123.165,38270.00
2026-02-09 15:10:00-05:00,123.165,123.59,123.02,123.215,37080.00
2026-02-09 15:15:00-05:00,123.215,123.215,122.58,122.585,30111.00
2026-02-09 15:20:00-05:00,122.65,123.12,122.6484,122.96,47162.00
2026-02-09 15:25:00-05:00,122.9,122.93,122.51,122.51,39671.00
2026-02-09 15:30:00-05:00,122.6,122.77,122.33,122.77,45733.00
2026-02-09 15:35:00-05:00,122.71,123.39,122.705,123.185,53668.00
2026-02-09 15:40:00-05:00,123.185,123.57,123.0759,123.365,73511.00
2026-02-09 15:45:00-05:00,123.39,123.72,123.01,123.235,84267.00
2026-02-09 15:50:00-05:00,123.31,123.43,122.96,123.26,176183.00
2026-02-09 15:55:00-05:00,123.22,123.57,122.91,123.55,433900.00
2026-02-10 09:30:00-05:00,141.075,142,133.12,134.99,1289551.00
2026-02-10 09:35:00-05:00,134.695,138,132.88,133.225,697605.00
2026-02-10 09:40:00-05:00,133.16,134,131.2601,133.84,542653.00
2026-02-10 09:45:00-05:00,133.91,134.5899,132.51,134.22,410151.00
2026-02-10 09:50:00-05:00,134.235,136.6448,134.0422,136.6448,499668.00
2026-02-10 09:55:00-05:00,136.6,138.4599,136.1,137.1,474112.00
2026-02-10 10:00:00-05:00,137.095,137.5299,135.83,136.22,226846.00
2026-02-10 10:05:00-05:00,136.135,138.43,136.0175,136.5476,225036.00
2026-02-10 10:10:00-05:00,136.58,136.9099,135.41,135.5,174546.00
2026-02-10 10:15:00-05:00,135.6,136.56,135.1501,136.15,106543.00
2026-02-10 10:20:00-05:00,136.2,136.68,135.1801,135.22,153181.00
2026-02-10 10:25:00-05:00,135.31,136.51,135.18,136.285,109263.00
2026-02-10 10:30:00-05:00,136.379,137.74,136.12,137.32,160809.00
2026-02-10 10:35:00-05:00,137.32,138.18,137.3,137.715,180588.00
2026-02-10 10:40:00-05:00,137.49,137.66,136.74,137.05,112124.00
2026-02-10 10:45:00-05:00,136.98,137.215,136.5,137.07,65062.00
2026-02-10 10:50:00-05:00,136.895,137.5,136.4001,136.8,56312.00
2026-02-10 10:55:00-05:00,136.81,138.47,136.1,138.24,159069.00
2026-02-10 11:00:00-05:00,138.47,139.14,138.22,138.802,188112.00
2026-02-10 11:05:00-05:00,138.81,139.1,137.84,137.85,162565.00
2026-02-10 11:10:00-05:00,137.78,139.49,137.76,138.62,154053.00
2026-02-10 11:15:00-05:00,138.65,138.88,137.51,138.48,112857.00
2026-02-10 11:20:00-05:00,138.5936,138.7075,137.95,138.675,106690.00
2026-02-10 11:25:00-05:00,138.77,138.92,137.7401,137.94,122312.00
2026-02-10 11:30:00-05:00,137.96,138.34,137.5,138.09,76482.00
2026-02-10 11:35:00-05:00,138.085,138.22,136.7,136.855,124931.00
2026-02-10 11:40:00-05:00,136.845,137.155,136.26,136.9,121255.00
2026-02-10 11:45:00-05:00,136.88,137.84,136.82,137.84,54808.00
2026-02-10 11:50:00-05:00,137.84,137.84,136.9,137.36,43491.00
2026-02-10 11:55:00-05:00,137.36,138.69,137.25,138.515,91108.00
2026-02-10 12:00:00-05:00,138.57,139.1,137.36,138.214,133103.00
2026-02-10 12:05:00-05:00,138.195,138.32,137.785,137.83,55234.00
2026-02-10 12:10:00-05:00,137.83,137.85,137.12,137.48,47580.00
2026-02-10 12:15:00-05:00,137.55,138.58,137.37,138.55,69245.00
2026-02-10 12:20:00-05:00,138.6,138.85,137.8886,138.1492,84212.00
2026-02-10 12:25:00-05:00,138.15,138.21,137.95,138.0599,29691.00
2026-02-10 12:30:00-05:00,137.975,138.09,137.7,138.008,27927.00
2026-02-10 12:35:00-05:00,137.97,138.32,137.604,138.17,69402.00
2026-02-10 12:40:00-05:00,138.115,138.87,138.115,138.485,60128.00
2026-02-10 12:45:00-05:00,138.485,138.5038,137.68,137.92,34090.00
2026-02-10 12:50:00-05:00,137.838,138.75,137.838,138.53,42203.00
2026-02-10 12:55:00-05:00,138.62,138.77,138.16,138.47,41233.00
2026-02-10 13:00:00-05:00,138.53,139.13,138.3334,138.7805,61932.00
2026-02-10 13:05:00-05:00,138.71,138.92,138.518,138.645,46700.00
2026-02-10 13:10:00-05:00,138.7,138.7499,138.01,138.1,65805.00
2026-02-10 13:15:00-05:00,138.095,138.125,137.3577,137.61,53844.00
2026-02-10 13:20:00-05:00,137.465,137.6,136.69,137.12,71092.00
2026-02-10 13:25:00-05:00,137.095,137.34,136.77,136.85,47335.00
2026-02-10 13:30:00-05:00,136.85,137.4998,136.76,137.0588,40877.00
2026-02-10 13:35:00-05:00,137.2099,137.54,137.05,137.54,42917.00
2026-02-10 13:40:00-05:00,137.465,137.58,137.1,137.35,31127.00
2026-02-10 13:45:00-05:00,137.36,137.39,136.81,136.87,24617.00
2026-02-10 13:50:00-05:00,136.97,137.17,135.25,135.25,129879.00
2026-02-10 13:55:00-05:00,135.34,136.5,135.1,136.34,142419.00
2026-02-10 14:00:00-05:00,136.34,136.45,135.93,136.1845,38882.00
2026-02-10 14:05:00-05:00,136.4,136.75,136.23,136.66,34262.00
2026-02-10 14:10:00-05:00,136.8,136.83,136.21,136.6599,30046.00
2026-02-10 14:15:00-05:00,136.555,136.59,135.78,136,38244.00
2026-02-10 14:20:00-05:00,135.83,136.07,135.78,135.9999,40340.00
2026-02-10 14:25:00-05:00,135.89,136.04,135.1169,135.325,78037.00
2026-02-10 14:30:00-05:00,135.25,135.78,135.2,135.68,72737.00
2026-02-10 14:35:00-05:00,135.54,135.8999,135.3,135.3,46854.00
2026-02-10 14:40:00-05:00,135.295,135.36,134.79,134.815,67021.00
2026-02-10 14:45:00-05:00,134.925,135.04,134.22,134.72,60483.00
2026-02-10 14:50:00-05:00,134.81,134.8799,134.05,134.77,48990.00
2026-02-10 14:55:00-05:00,134.71,135.24,134.71,135.17,44627.00
2026-02-10 15:00:00-05:00,135.095,135.15,134.32,134.4,60885.00
2026-02-10 15:05:00-05:00,134.34,134.44,133.8,133.895,53085.00
2026-02-10 15:10:00-05:00,133.91,133.99,133.37,133.785,72508.00
2026-02-10 15:15:00-05:00,133.84,134.25,133.51,133.51,84122.00
2026-02-10 15:20:00-05:00,133.52,134.24,133.2444,134.16,77826.00
2026-02-10 15:25:00-05:00,134.26,134.6,134.03,134.53,56419.00
2026-02-10 15:30:00-05:00,134.58,135.15,134.34,134.749,109771.00
2026-02-10 15:35:00-05:00,134.96,135.02,134.13,134.655,124663.00
2026-02-10 15:40:00-05:00,134.78,135.4,134.675,135.34,83226.00
2026-02-10 15:45:00-05:00,135.325,135.8,135.125,135.125,120314.00
2026-02-10 15:50:00-05:00,135.22,135.5299,134.71,134.955,141604.00
2026-02-10 15:55:00-05:00,134.9,135.1,134.26,134.671,369281.00
2026-02-11 09:30:00-05:00,134.35,134.786,130.3,132.21,359887.00
2026-02-11 09:35:00-05:00,132.34,132.34,127.8,128.43,386025.00
2026-02-11 09:40:00-05:00,128.406,128.92,126.2101,127.4,304854.00
2026-02-11 09:45:00-05:00,127.3,128,126.2,126.69,248030.00
2026-02-11 09:50:00-05:00,126.63,126.82,124.8,125.31,301938.00
2026-02-11 09:55:00-05:00,125.49,125.84,123.38,123.82,284144.00
2026-02-11 10:00:00-05:00,123.93,123.94,122.5,123.2,226861.00
2026-02-11 10:05:00-05:00,123.1043,123.2999,121.21,121.385,245417.00
2026-02-11 10:10:00-05:00,121.385,121.59,120.2301,120.75,323599.00
2026-02-11 10:15:00-05:00,120.84,121.95,120.4001,121.6299,329050.00
2026-02-11 10:20:00-05:00,121.465,122.8,121.12,121.39,178413.00
2026-02-11 10:25:00-05:00,121.34,122.2,120.7,121.19,134072.00
2026-02-11 10:30:00-05:00,120.975,121.68,120.1,120.2601,144827.00
2026-02-11 10:35:00-05:00,120.32,120.7099,119.38,120.09,257810.00
2026-02-11 10:40:00-05:00,120.15,121.6,119.8,120.99,212099.00
2026-02-11 10:45:00-05:00,121.03,121.57,119.61,120.07,179813.00
2026-02-11 10:50:00-05:00,120.06,122.49,119.7817,122.2976,158687.00
2026-02-11 10:55:00-05:00,122.49,124,122.4301,123.53,246428.00
2026-02-11 11:00:00-05:00,123.53,123.83,122.02,122.52,109804.00
2026-02-11 11:05:00-05:00,122.63,122.81,122.225,122.5501,89215.00
2026-02-11 11:10:00-05:00,122.7,124.09,122.66,123.63,124127.00
2026-02-11 11:15:00-05:00,123.63,124.045,123.34,123.47,80240.00
2026-02-11 11:20:00-05:00,123.9499,125.08,123.4875,124.99,208826.00
2026-02-11 11:25:00-05:00,125.0415,125.5999,123.53,123.71,205497.00
2026-02-11 11:30:00-05:00,123.58,123.8899,122.85,122.965,76971.00
2026-02-11 11:35:00-05:00,123,124.24,122.8,124.22,75343.00
2026-02-11 11:40:00-05:00,124.18,124.85,124.18,124.72,71321.00
2026-02-11 11:45:00-05:00,124.72,125.5475,124.68,124.91,98667.00
2026-02-11 11:50:00-05:00,124.91,125.6399,124.77,125.4,56698.00
2026-02-11 11:55:00-05:00,125.37,125.8,124.731,125,70730.00
2026-02-11 12:00:00-05:00,125,125.25,123.8,124.06,169424.00
2026-02-11 12:05:00-05:00,124.01,125.24,124.01,124.775,139563.00
2026-02-11 12:10:00-05:00,124.65,125.15,124.01,124.084,32914.00
2026-02-11 12:15:00-05:00,124.02,124.31,123.75,123.775,43216.00
2026-02-11 12:20:00-05:00,123.775,124.53,123.23,124.32,62113.00
2026-02-11 12:25:00-05:00,124.335,124.87,124.02,124.46,44149.00
2026-02-11 12:30:00-05:00,124.2569,125.3099,124.02,124.8,37771.00
2026-02-11 12:35:00-05:00,124.9862,125.08,124.43,124.93,35940.00
2026-02-11 12:40:00-05:00,124.93,125.21,124.585,125.095,34047.00
2026-02-11 12:45:00-05:00,125.03,125.8,124.87,125.64,47430.00
2026-02-11 12:50:00-05:00,125.7399,125.7399,125.17,125.4564,37681.00
2026-02-11 12:55:00-05:00,125.42,125.42,124.65,125.06,45184.00
2026-02-11 13:00:00-05:00,124.975,125.18,124.5508,124.93,40943.00
2026-02-11 13:05:00-05:00,124.82,125.06,124.2501,124.3,35864.00
2026-02-11 13:10:00-05:00,124.25,124.3,123.5,123.615,45204.00
2026-02-11 13:15:00-05:00,123.62,124.3,123.58,124.04,42070.00
2026-02-11 13:20:00-05:00,124.08,124.27,123.835,123.84,47697.00
2026-02-11 13:25:00-05:00,123.9,124.05,123.53,123.9425,43289.00
2026-02-11 13:30:00-05:00,124.02,124.775,123.99,124.405,39678.00
2026-02-11 13:35:00-05:00,124.44,125.07,124.3899,124.9318,36297.00
2026-02-11 13:40:00-05:00,125.0785,125.24,124.66,124.82,47946.00
2026-02-11 13:45:00-05:00,124.72,125.766,124.72,125.766,41867.00
2026-02-11 13:50:00-05:00,125.78,127.08,125.27,126.73,210916.00
2026-02-11 13:55:00-05:00,126.78,127.41,126.5401,126.95,86038.00
2026-02-11 14:00:00-05:00,126.9828,127.2999,126.4401,126.8601,45692.00
2026-02-11 14:05:00-05:00,127.03,127.03,126.01,126.36,46903.00
2026-02-11 14:10:00-05:00,126.37,126.68,126.26,126.26,24903.00
2026-02-11 14:15:00-05:00,126.4,127.099,126.28,127.05,35793.00
2026-02-11 14:20:00-05:00,127.09,127.7,126.915,127.445,38649.00
2026-02-11 14:25:00-05:00,127.44,127.53,127.07,127.195,29059.00
2026-02-11 14:30:00-05:00,127.15,127.24,126.8,127.09,33414.00
2026-02-11 14:35:00-05:00,127.05,127.28,126.835,127.17,36992.00
2026-02-11 14:40:00-05:00,127.065,127.22,126.7,126.79,40751.00
2026-02-11 14:45:00-05:00,126.79,127.06,126.2001,127.035,65364.00
2026-02-11 14:50:00-05:00,127.03,127.74,126.82,127.3801,70009.00
2026-02-11 14:55:00-05:00,127.48,127.48,126.5063,126.605,33698.00
2026-02-11 15:00:00-05:00,126.605,127.3,126.285,127.3,43452.00
2026-02-11 15:05:00-05:00,127.295,127.545,127,127.2776,31562.00
2026-02-11 15:10:00-05:00,127.26,127.69,127.2,127.46,42564.00
2026-02-11 15:15:00-05:00,127.46,127.96,127.285,127.78,51603.00
2026-02-11 15:20:00-05:00,127.72,128.19,127.435,127.92,91136.00
2026-02-11 15:25:00-05:00,127.9,128.13,127.72,127.89,77718.00
2026-02-11 15:30:00-05:00,127.8467,127.87,127.49,127.54,73693.00
2026-02-11 15:35:00-05:00,127.54,127.7,126.82,127.61,97540.00
2026-02-11 15:40:00-05:00,127.6054,128.9,127.6054,128.9,126280.00
2026-02-11 15:45:00-05:00,128.88,129.24,128.38,129.075,177292.00
2026-02-11 15:50:00-05:00,129.13,129.46,128.76,129.44,187794.00
2026-02-11 15:55:00-05:00,129.42,129.74,128.395,128.4,432661.00
2026-02-12 09:30:00-05:00,131.06,132,126.0719,128.27,272701.00
2026-02-12 09:35:00-05:00,128.26,129.41,127,127.44,104142.00
2026-02-12 09:40:00-05:00,127.7,129.4799,127.2,127.43,105378.00
2026-02-12 09:45:00-05:00,127.5,128.26,124.56,124.57,268191.00
2026-02-12 09:50:00-05:00,124.58,128.65,124.5,126,188643.00
2026-02-12 09:55:00-05:00,126.281,126.53,125,126.53,158033.00
2026-02-12 10:00:00-05:00,126.385,129.66,125.8001,128.9124,167888.00
2026-02-12 10:05:00-05:00,129.21,130.2,128.32,129.145,133136.00
2026-02-12 10:10:00-05:00,129.0712,129.38,128.22,129.38,54025.00
2026-02-12 10:15:00-05:00,129.48,129.49,128.13,128.265,48178.00
2026-02-12 10:20:00-05:00,128.27,129.54,127.5101,129.04,67241.00
2026-02-12 10:25:00-05:00,129.16,129.57,128.57,128.95,66151.00
2026-02-12 10:30:00-05:00,128.97,129.33,127.89,128.015,82487.00
2026-02-12 10:35:00-05:00,128.01,128.01,126.53,127.1,177698.00
2026-02-12 10:40:00-05:00,127.33,127.37,126.42,126.7698,141447.00
2026-02-12 10:45:00-05:00,126.87,127.855,126.81,127.48,45966.00
2026-02-12 10:50:00-05:00,127.77,128.21,127.18,127.39,77882.00
2026-02-12 10:55:00-05:00,127.41,128.35,127,127.06,39732.00
2026-02-12 11:00:00-05:00,127.065,127.7,126.72,126.72,56621.00
2026-02-12 11:05:00-05:00,126.7,127.3,126.6004,127.105,60663.00
2026-02-12 11:10:00-05:00,127.105,127.4,126.6,126.73,91488.00
2026-02-12 11:15:00-05:00,126.68,127,125.6096,126.38,117032.00
2026-02-12 11:20:00-05:00,126.24,126.375,125.1001,125.5,132392.00
2026-02-12 11:25:00-05:00,125.6,125.77,124.005,124.02,91400.00
2026-02-12 11:30:00-05:00,124.06,125.06,123.71,124.27,106284.00
2026-02-12 11:35:00-05:00,124.265,125.68,124.26,125.6,87842.00
2026-02-12 11:40:00-05:00,125.6,126,125,125.04,42700.00
2026-02-12 11:45:00-05:00,125.085,125.42,124.3435,124.78,65012.00
2026-02-12 11:50:00-05:00,124.81,124.9,123.71,124,48386.00
2026-02-12 11:55:00-05:00,124.06,124.78,124,124.63,28378.00
2026-02-12 12:00:00-05:00,124.63,125.31,123.8042,125,82585.00
2026-02-12 12:05:00-05:00,124.93,125.39,124.39,125.305,23639.00
2026-02-12 12:10:00-05:00,125.305,125.305,124.437,124.725,24272.00
2026-02-12 12:15:00-05:00,124.9,125.015,124.58,124.755,19659.00
2026-02-12 12:20:00-05:00,124.84,125.806,124.84,125.493,40966.00
2026-02-12 12:25:00-05:00,125.4812,126.87,125.09,126.04,65822.00
2026-02-12 12:30:00-05:00,126.005,126.42,125.36,125.695,37499.00
2026-02-12 12:35:00-05:00,125.6225,126.47,125.5,125.6,26533.00
2026-02-12 12:40:00-05:00,125.75,126.36,125.51,125.785,26224.00
2026-02-12 12:45:00-05:00,125.569,126.36,125.3875,125.7388,30832.00
2026-02-12 12:50:00-05:00,125.83,126.42,125.3,125.41,25174.00
2026-02-12 12:55:00-05:00,125.435,125.65,124.98,125.165,32984.00
2026-02-12 13:00:00-05:00,125.16,125.51,124.5801,125.31,36361.00
2026-02-12 13:05:00-05:00,125.45,126.2,124.9795,125.49,21732.00
2026-02-12 13:10:00-05:00,125.47,125.55,125,125.415,16656.00
2026-02-12 13:15:00-05:00,125.415,125.84,124.88,124.88,27715.00
2026-02-12 13:20:00-05:00,124.9,125.7799,124.8,125.48,36134.00
2026-02-12 13:25:00-05:00,125.43,125.86,124.785,125.41,24707.00
2026-02-12 13:30:00-05:00,125.245,125.48,124.4628,124.725,29968.00
2026-02-12 13:35:00-05:00,124.61,125.185,124.5,125.115,25613.00
2026-02-12 13:40:00-05:00,125.02,125.25,124.855,125.25,14481.00
2026-02-12 13:45:00-05:00,125.185,125.42,124.935,125.26,16786.00
2026-02-12 13:50:00-05:00,125.14,125.9299,125.05,125.52,21697.00
2026-02-12 13:55:00-05:00,125.615,126,125.11,125.1738,29984.00
2026-02-12 14:00:00-05:00,125.23,125.82,125.23,125.5908,36494.00
2026-02-12 14:05:00-05:00,125.77,126.03,125.475,125.475,27586.00
2026-02-12 14:10:00-05:00,125.38,125.65,125.038,125.5225,31851.00
2026-02-12 14:15:00-05:00,125.5,125.97,125.5,125.7,23280.00
2026-02-12 14:20:00-05:00,125.675,125.91,125.59,125.7,26153.00
2026-02-12 14:25:00-05:00,125.73,125.765,124.21,124.27,60514.00
2026-02-12 14:30:00-05:00,124.29,124.9699,124.29,124.58,30280.00
2026-02-12 14:35:00-05:00,124.515,124.94,124.5,124.62,44675.00
2026-02-12 14:40:00-05:00,124.67,124.83,124.37,124.685,33954.00
2026-02-12 14:45:00-05:00,124.84,125.05,124.685,124.9738,19668.00
2026-02-12 14:50:00-05:00,125.03,125.07,124.415,124.415,27728.00
2026-02-12 14:55:00-05:00,124.48,124.58,123.61,123.7,55083.00
2026-02-12 15:00:00-05:00,123.78,123.99,122.2695,122.49,139471.00
2026-02-12 15:05:00-05:00,122.5,122.81,121.85,122.39,92374.00
2026-02-12 15:10:00-05:00,122.31,122.45,121.81,122.32,72129.00
2026-02-12 15:15:00-05:00,122.185,122.35,121.88,122.0125,44282.00
2026-02-12 15:20:00-05:00,121.95,122.325,121.88,122.2,57060.00
2026-02-12 15:25:00-05:00,122.2,122.5099,121.78,122.49,63565.00
2026-02-12 15:30:00-05:00,122.3775,122.86,122.2,122.755,45678.00
2026-02-12 15:35:00-05:00,122.78,122.97,122.28,122.65,174950.00
2026-02-12 15:40:00-05:00,122.699,122.97,122.41,122.41,42157.00
2026-02-12 15:45:00-05:00,122.66,122.66,122.12,122.58,58069.00
2026-02-12 15:50:00-05:00,122.53,122.995,122.25,122.435,159575.00
2026-02-12 15:55:00-05:00,122.435,122.66,121.67,121.78,508816.00
2026-02-13 09:30:00-05:00,122.275,123.44,119.55,121.42,188224.00
2026-02-13 09:35:00-05:00,121.59,124.01,120.01,120.44,77318.00
2026-02-13 09:40:00-05:00,120.44,120.7,117.01,118.95,262102.00
2026-02-13 09:45:00-05:00,118.91,123.7,118.91,122.28,129237.00
2026-02-13 09:50:00-05:00,122.06,122.3246,120.2745,120.7958,75330.00
2026-02-13 09:55:00-05:00,120.85,122.4999,119.455,119.705,59013.00
2026-02-13 10:00:00-05:00,119.555,121.25,119.4895,120.92,43962.00
2026-02-13 10:05:00-05:00,120.63,121.67,119.88,121.67,39604.00
2026-02-13 10:10:00-05:00,121.535,121.815,120.79,121.125,65859.00
2026-02-13 10:15:00-05:00,121.3999,121.92,120.94,121.255,34482.00
2026-02-13 10:20:00-05:00,121.5,122.19,120.87,121.74,35033.00
2026-02-13 10:25:00-05:00,121.71,122.25,121.32,121.72,48947.00
2026-02-13 10:30:00-05:00,121.68,122.75,121.675,122.56,36227.00
2026-02-13 10:35:00-05:00,122.32,122.93,121.14,121.45,91217.00
2026-02-13 10:40:00-05:00,121.3,121.62,120,120.24,56576.00
2026-02-13 10:45:00-05:00,120.25,120.7,119.01,119.415,38171.00
2026-02-13 10:50:00-05:00,119.42,120.45,119.3216,120.2,30905.00
2026-02-13 10:55:00-05:00,120.255,120.75,119.5,119.75,43100.00
2026-02-13 11:00:00-05:00,119.78,120.55,119.35,120.55,51456.00
2026-02-13 11:05:00-05:00,120.625,120.82,119.82,120.02,29998.00
2026-02-13 11:10:00-05:00,120.16,120.16,118.6,119.53,63422.00
2026-02-13 11:15:00-05:00,119.55,119.79,119.06,119.06,36029.00
2026-02-13 11:20:00-05:00,119,119.2372,118.59,118.97,53142.00
2026-02-13 11:25:00-05:00,118.985,119.89,118.94,119.56,41141.00
2026-02-13 11:30:00-05:00,119.4,120.01,119.11,119.315,44331.00
2026-02-13 11:35:00-05:00,119.3024,120.2448,119.01,120.2448,29757.00
2026-02-13 11:40:00-05:00,120.17,120.3,119.9,120.205,39537.00
2026-02-13 11:45:00-05:00,120.1,120.4,119.76,119.76,26186.00
2026-02-13 11:50:00-05:00,119.855,120.46,119.69,120.46,31163.00
2026-02-13 11:55:00-05:00,120.3275,121.2,119.88,120.075,29657.00
2026-02-13 12:00:00-05:00,119.86,120.5543,119.65,120.22,29195.00
2026-02-13 12:05:00-05:00,120.29,120.73,120.16,120.65,26613.00
2026-02-13 12:10:00-05:00,120.61,121.79,120.53,121.6,46183.00
2026-02-13 12:15:00-05:00,121.685,122.53,121.67,122.165,53686.00
2026-02-13 12:20:00-05:00,122.05,122.8,121.93,121.9701,40857.00
2026-02-13 12:25:00-05:00,122.33,122.36,121.86,122.18,30653.00
2026-02-13 12:30:00-05:00,122.06,122.65,121.9,122,52312.00
2026-02-13 12:35:00-05:00,122.1,122.64,121.72,122.48,33701.00
2026-02-13 12:40:00-05:00,122.58,123,122.42,122.46,45061.00
2026-02-13 12:45:00-05:00,122.514,122.514,121.9,122.26,18579.00
2026-02-13 12:50:00-05:00,122.11,122.23,121.63,121.6675,20465.00
2026-02-13 12:55:00-05:00,121.66,121.66,120.72,120.72,55269.00
2026-02-13 13:00:00-05:00,120.795,121.1899,120.2907,120.825,56313.00
2026-02-13 13:05:00-05:00,120.825,120.895,120.3,120.525,27738.00
2026-02-13 13:10:00-05:00,120.525,120.9699,120.27,120.845,38909.00
2026-02-13 13:15:00-05:00,120.845,121.67,120.72,120.843,44483.00
2026-02-13 13:20:00-05:00,121,121.35,120.755,121.215,25632.00
2026-02-13 13:25:00-05:00,121.215,121.38,120.22,120.3,36224.00
2026-02-13 13:30:00-05:00,120.47,121.7,120.47,121.65,20037.00
2026-02-13 13:35:00-05:00,121.565,121.7,121,121.23,21928.00
2026-02-13 13:40:00-05:00,121.44,121.48,120.91,120.99,12629.00
2026-02-13 13:45:00-05:00,120.985,121.72,120.81,121.4013,24458.00
2026-02-13 13:50:00-05:00,121.33,121.33,120.695,120.94,22494.00
2026-02-13 13:55:00-05:00,120.7,121.04,120.53,120.61,17435.00
2026-02-13 14:00:00-05:00,120.55,120.585,120.02,120.1,30863.00
2026-02-13 14:05:00-05:00,120.2,121.19,120.15,121.19,21706.00
2026-02-13 14:10:00-05:00,121.1,121.5,120.7,121.22,34054.00
2026-02-13 14:15:00-05:00,121.055,121.2499,120.89,121.065,19226.00
2026-02-13 14:20:00-05:00,121.125,121.36,120.8,121.265,29227.00
2026-02-13 14:25:00-05:00,121.265,121.38,120.225,120.39,17492.00
2026-02-13 14:30:00-05:00,120.5,121.26,120.5,121.1325,26305.00
2026-02-13 14:35:00-05:00,121.3,121.43,120.59,120.66,15802.00
2026-02-13 14:40:00-05:00,120.885,121.18,120.59,121.09,19692.00
2026-02-13 14:45:00-05:00,121.15,121.35,120.965,120.965,24537.00
2026-02-13 14:50:00-05:00,120.97,121.1617,120.48,120.72,28460.00
2026-02-13 14:55:00-05:00,120.76,120.86,119.86,120.3001,37823.00
2026-02-13 15:00:00-05:00,120.49,121.14,120.425,121.005,25907.00
2026-02-13 15:05:00-05:00,121.16,121.24,120.85,121.035,19486.00
2026-02-13 15:10:00-05:00,121.15,121.15,120.4,120.425,32338.00
2026-02-13 15:15:00-05:00,120.45,122.05,120.41,121.95,72425.00
2026-02-13 15:20:00-05:00,121.96,122.06,121.6048,121.6048,62065.00
2026-02-13 15:25:00-05:00,121.66,121.66,120.2,120.2,60343.00
2026-02-13 15:30:00-05:00,120.3875,120.85,120.1,120.1,47564.00
2026-02-13 15:35:00-05:00,120.16,120.2201,119.89,120.07,59918.00
2026-02-13 15:40:00-05:00,120.095,120.66,120.095,120.525,52476.00
2026-02-13 15:45:00-05:00,120.52,120.84,120.365,120.685,48290.00
2026-02-13 15:50:00-05:00,120.58,120.82,120.1,120.54,92722.00
2026-02-13 15:55:00-05:00,120.63,121.47,120.54,121.47,341044.00
2026-02-17 09:30:00-05:00,117.5,118.5,114.1001,118.465,292761.00
2026-02-17 09:35:00-05:00,118.465,119.325,116.99,118.601,109628.00
2026-02-17 09:40:00-05:00,118.905,119.1234,117.5,117.97,66514.00
2026-02-17 09:45:00-05:00,117.97,117.97,116.595,117.485,49086.00
2026-02-17 09:50:00-05:00,117.045,117.93,115.76,115.86,65721.00
2026-02-17 09:55:00-05:00,115.85,116.36,115.185,115.185,114539.00
2026-02-17 10:00:00-05:00,115.185,117.005,114.9183,116.815,105481.00
2026-02-17 10:05:00-05:00,116.815,117.08,115.11,115.33,134695.00
2026-02-17 10:10:00-05:00,115.33,116.12,115,116.07,46524.00
2026-02-17 10:15:00-05:00,116.07,119.1699,115.92,119.1699,64973.00
2026-02-17 10:20:00-05:00,118.635,119.16,116.3,117.285,69835.00
2026-02-17 10:25:00-05:00,117.48,117.69,116.51,116.51,35728.00
2026-02-17 10:30:00-05:00,116.78,116.89,116.0063,116.155,43046.00
2026-02-17 10:35:00-05:00,116.3,117.0568,116.125,116.125,34587.00
2026-02-17 10:40:00-05:00,116.26,117.0499,116,117.0499,45899.00
2026-02-17 10:45:00-05:00,116.95,117.91,116.73,117.23,70882.00
2026-02-17 10:50:00-05:00,117.2,117.72,116.88,117.72,36097.00
2026-02-17 10:55:00-05:00,117.555,119.36,117.555,119.315,38342.00
2026-02-17 11:00:00-05:00,119.4178,120.18,119.4178,120.1615,40550.00
2026-02-17 11:05:00-05:00,120.15,120.99,120.09,120.93,55000.00
2026-02-17 11:10:00-05:00,120.765,121.23,120.75,121,62297.00
2026-02-17 11:15:00-05:00,121,121,120.5601,120.925,38286.00
2026-02-17 11:20:00-05:00,120.925,121.305,120.675,120.88,37619.00
2026-02-17 11:25:00-05:00,120.92,121.27,120.67,120.88,33436.00
2026-02-17 11:30:00-05:00,120.98,121.16,120.55,121.13,25029.00
2026-02-17 11:35:00-05:00,121.02,121.91,120.91,121.46,38587.00
2026-02-17 11:40:00-05:00,121.51,121.81,121,121.595,22670.00
2026-02-17 11:45:00-05:00,121.595,121.82,121.2,121.545,11955.00
2026-02-17 11:50:00-05:00,121.61,122.057,121.55,121.9575,34150.00
2026-02-17 11:55:00-05:00,121.9,122.2768,121.1,122.005,49374.00
2026-02-17 12:00:00-05:00,122.005,122.005,121.02,121.525,26514.00
2026-02-17 12:05:00-05:00,121.46,121.82,121.28,121.435,15578.00
2026-02-17 12:10:00-05:00,121.395,121.5999,120.995,121.38,22400.00
2026-02-17 12:15:00-05:00,121.27,122.22,121.25,122.03,22256.00
2026-02-17 12:20:00-05:00,122.05,122.05,121.26,121.41,22970.00
2026-02-17 12:25:00-05:00,121.51,121.94,121.21,121.9,20729.00
2026-02-17 12:30:00-05:00,121.81,122,120.85,121.4,31667.00
2026-02-17 12:35:00-05:00,121.315,121.735,120.71,121.495,13955.00
2026-02-17 12:40:00-05:00,121.495,121.5,120.93,120.93,25609.00
2026-02-17 12:45:00-05:00,120.99,121.749,120.5301,121.749,27430.00
2026-02-17 12:50:00-05:00,121.76,121.99,121.2049,121.64,14227.00
2026-02-17 12:55:00-05:00,121.445,122.4899,121.41,122.4899,17746.00
2026-02-17 13:00:00-05:00,122.365,122.45,121.94,121.94,30186.00
2026-02-17 13:05:00-05:00,122.19,122.78,121.6062,122.52,32452.00
2026-02-17 13:10:00-05:00,122.67,122.67,121.965,121.99,16917.00
2026-02-17 13:15:00-05:00,121.93,122.16,121.7,121.83,19520.00
2026-02-17 13:20:00-05:00,121.96,123.37,121.66,122.96,50351.00
2026-02-17 13:25:00-05:00,122.81,123.26,122.51,122.995,21603.00
2026-02-17 13:30:00-05:00,122.995,124.39,122.995,124.12,85176.00
2026-02-17 13:35:00-05:00,124.04,124.24,123.44,124.12,76851.00
2026-02-17 13:40:00-05:00,124.24,124.45,123.83,124.25,68609.00
2026-02-17 13:45:00-05:00,124.22,124.83,124.12,124.33,72040.00
2026-02-17 13:50:00-05:00,124.5228,125.4099,124.12,125.205,70297.00
2026-02-17 13:55:00-05:00,125.25,125.88,125.12,125.7425,101834.00
2026-02-17 14:00:00-05:00,125.76,125.88,125.0846,125.595,40646.00
2026-02-17 14:05:00-05:00,125.595,125.71,125.33,125.41,24663.00
2026-02-17 14:10:00-05:00,125.275,125.89,124.91,125.87,43990.00
2026-02-17 14:15:00-05:00,125.8799,125.88,125.05,125.62,27350.00
2026-02-17 14:20:00-05:00,125.73,125.75,125.3633,125.51,15581.00
2026-02-17 14:25:00-05:00,125.4,125.57,124.84,124.895,31502.00
2026-02-17 14:30:00-05:00,124.89,125.68,124.805,125.67,47079.00
2026-02-17 14:35:00-05:00,125.6012,126.0799,125.545,125.92,28049.00
2026-02-17 14:40:00-05:00,125.91,126.07,125.5501,125.83,33573.00
2026-02-17 14:45:00-05:00,125.71,126.66,125.71,126.625,60308.00
2026-02-17 14:50:00-05:00,126.78,126.96,125.8163,126.02,52198.00
2026-02-17 14:55:00-05:00,126.11,126.338,125.42,125.4215,26541.00
2026-02-17 15:00:00-05:00,125.5,126,125.5,125.93,24529.00
2026-02-17 15:05:00-05:00,125.85,125.9496,125.475,125.55,24143.00
2026-02-17 15:10:00-05:00,125.52,125.7,125.1,125.53,38196.00
2026-02-17 15:15:00-05:00,125.7,125.84,125.33,125.4,28994.00
2026-02-17 15:20:00-05:00,125.365,125.68,125.365,125.51,20525.00
2026-02-17 15:25:00-05:00,125.59,125.66,125.08,125.215,36767.00
2026-02-17 15:30:00-05:00,125,125.01,124.5,124.78,55510.00
2026-02-17 15:35:00-05:00,124.7716,124.925,124.41,124.49,39584.00
2026-02-17 15:40:00-05:00,124.51,125.99,124.46,125.89,57246.00
2026-02-17 15:45:00-05:00,125.83,125.99,125.51,125.77,40000.00
2026-02-17 15:50:00-05:00,125.81,126.03,125.045,125.52,88970.00
2026-02-17 15:55:00-05:00,125.46,125.46,124.52,124.79,263833.00
2026-02-18 09:30:00-05:00,124.35,124.9329,121.41,122.855,210865.00
2026-02-18 09:35:00-05:00,122.86,124.8,122.0954,124.745,86420.00
2026-02-18 09:40:00-05:00,124.545,126.3,124.37,125.875,83476.00
2026-02-18 09:45:00-05:00,125.875,127.34,125.6,126.4468,72712.00
2026-02-18 09:50:00-05:00,126.34,128.11,126.29,127.28,75972.00
2026-02-18 09:55:00-05:00,127.28,128.5,127.01,128.01,36561.00
2026-02-18 10:00:00-05:00,128.3285,129.43,128.01,129.32,57737.00
2026-02-18 10:05:00-05:00,129.39,129.54,128.62,128.915,66457.00
2026-02-18 10:10:00-05:00,128.82,129.3699,128.45,129,43867.00
2026-02-18 10:15:00-05:00,129.1499,129.56,128.78,129.04,46692.00
2026-02-18 10:20:00-05:00,129,129.7706,128.7282,129.7706,55867.00
2026-02-18 10:25:00-05:00,129.77,129.93,129.205,129.23,32489.00
2026-02-18 10:30:00-05:00,129,129.67,128.88,129.365,29296.00
2026-02-18 10:35:00-05:00,129.24,129.555,129.01,129.345,43836.00
2026-02-18 10:40:00-05:00,129.49,129.7899,129.43,129.55,18394.00
2026-02-18 10:45:00-05:00,129.41,129.935,129.2,129.275,62737.00
2026-02-18 10:50:00-05:00,129.2525,130.17,129.03,130.13,40963.00
2026-02-18 10:55:00-05:00,130.15,130.24,129.745,129.87,30412.00
2026-02-18 11:00:00-05:00,129.94,130.22,129.855,130.16,17356.00
2026-02-18 11:05:00-05:00,130.09,130.28,129.74,129.775,24213.00
2026-02-18 11:10:00-05:00,129.89,130.02,129.14,129.59,48442.00
2026-02-18 11:15:00-05:00,129.5,129.74,129.42,129.71,22294.00
2026-02-18 11:20:00-05:00,129.635,129.69,129.31,129.67,23626.00
2026-02-18 11:25:00-05:00,129.64,129.99,129.42,129.85,21909.00
2026-02-18 11:30:00-05:00,129.96,130.24,129.69,130.13,23993.00
2026-02-18 11:35:00-05:00,130.2,130.4,130.1,130.1801,20133.00
2026-02-18 11:40:00-05:00,130.275,130.63,130.153,130.415,47790.00
2026-02-18 11:45:00-05:00,130.47,130.47,130.19,130.225,25540.00
2026-02-18 11:50:00-05:00,130.22,130.34,129.671,129.8301,23933.00
2026-02-18 11:55:00-05:00,129.83,129.9899,129.61,129.73,18338.00
2026-02-18 12:00:00-05:00,129.79,130.69,129.74,130.605,76715.00
2026-02-18 12:05:00-05:00,130.58,131,130.39,130.57,39783.00
2026-02-18 12:10:00-05:00,130.455,130.55,129.8001,129.9312,20570.00
2026-02-18 12:15:00-05:00,130.03,130.65,130.03,130.535,25935.00
2026-02-18 12:20:00-05:00,130.535,130.62,130.0717,130.2,12322.00
2026-02-18 12:25:00-05:00,130.08,130.3,130.08,130.23,14043.00
2026-02-18 12:30:00-05:00,130.14,130.48,130.14,130.4799,17608.00
2026-02-18 12:35:00-05:00,130.47,130.55,130.28,130.47,24349.00
2026-02-18 12:40:00-05:00,130.47,130.55,130.2425,130.44,38134.00
2026-02-18 12:45:00-05:00,130.405,131.45,130.405,131.15,59814.00
2026-02-18 12:50:00-05:00,131.14,131.47,131.03,131.45,39119.00
2026-02-18 12:55:00-05:00,131.41,131.47,131.0801,131.23,18962.00
2026-02-18 13:00:00-05:00,131.23,131.9,131.17,131.82,34432.00
2026-02-18 13:05:00-05:00,131.9,131.99,131.69,131.73,44649.00
2026-02-18 13:10:00-05:00,131.77,131.97,131.66,131.8,29734.00
2026-02-18 13:15:00-05:00,131.766,131.88,131.71,131.735,18462.00
2026-02-18 13:20:00-05:00,131.79,131.91,131.5201,131.736,26611.00
2026-02-18 13:25:00-05:00,131.765,131.85,131.37,131.725,28649.00
2026-02-18 13:30:00-05:00,131.74,132.14,131.65,132.12,33296.00
2026-02-18 13:35:00-05:00,132.01,132.4,131.99,132.125,45595.00
2026-02-18 13:40:00-05:00,132.125,132.25,131.57,131.945,43566.00
2026-02-18 13:45:00-05:00,131.945,131.96,131.44,131.5875,24125.00
2026-02-18 13:50:00-05:00,131.65,131.97,131.14,131.84,31015.00
2026-02-18 13:55:00-05:00,131.865,132,131.715,131.825,22947.00
2026-02-18 14:00:00-05:00,131.83,132.32,131.8,132.32,22707.00
2026-02-18 14:05:00-05:00,132.166,132.49,131.9,132.06,33080.00
2026-02-18 14:10:00-05:00,132.14,132.48,132.135,132.245,28874.00
2026-02-18 14:15:00-05:00,132.29,132.41,132.02,132.12,40136.00
2026-02-18 14:20:00-05:00,132.08,132.18,131.79,131.89,32929.00
2026-02-18 14:25:00-05:00,131.99,131.99,130.88,131.02,76294.00
2026-02-18 14:30:00-05:00,131.03,131.1,130.05,130.35,30886.00
2026-02-18 14:35:00-05:00,130.46,130.62,129.75,129.99,52513.00
2026-02-18 14:40:00-05:00,130.07,130.17,129.3,129.45,55229.00
2026-02-18 14:45:00-05:00,129.44,129.94,129.39,129.76,31359.00
2026-02-18 14:50:00-05:00,129.76,129.76,129.2,129.29,31289.00
2026-02-18 14:55:00-05:00,129.29,129.29,128.09,128.42,53809.00
2026-02-18 15:00:00-05:00,128.44,128.9099,128.345,128.57,31133.00
2026-02-18 15:05:00-05:00,128.56,128.7087,128.2322,128.7087,25760.00
2026-02-18 15:10:00-05:00,128.51,128.515,127.26,127.555,133916.00
2026-02-18 15:15:00-05:00,127.555,127.555,126.84,127.13,55163.00
2026-02-18 15:20:00-05:00,127.13,127.15,126.42,126.88,43021.00
2026-02-18 15:25:00-05:00,126.8175,127.06,126.16,126.16,28849.00
2026-02-18 15:30:00-05:00,126.14,127.6999,126.14,127.4,41417.00
2026-02-18 15:35:00-05:00,127.42,127.97,127.37,127.665,41604.00
2026-02-18 15:40:00-05:00,127.665,128.16,127.3101,128.04,36835.00
2026-02-18 15:45:00-05:00,128.05,128.85,127.97,128.68,48319.00
2026-02-18 15:50:00-05:00,128.71,128.72,127.7,127.75,86962.00
2026-02-18 15:55:00-05:00,127.82,128.07,127.5,128.07,257229.00
2026-02-19 09:30:00-05:00,129.995,131.16,128.65,129.72,171783.00
2026-02-19 09:35:00-05:00,129.74,130.175,127.8,129.089,142062.00
2026-02-19 09:40:00-05:00,129.28,130.29,128.15,129.3601,63975.00
2026-02-19 09:45:00-05:00,129.985,130.74,128.78,130.18,78535.00
2026-02-19 09:50:00-05:00,130.245,131.39,130.025,130.13,76179.00
2026-02-19 09:55:00-05:00,130.13,130.94,129.88,130.1078,97264.00
2026-02-19 10:00:00-05:00,130.105,131.63,129.6,131.1265,44286.00
2026-02-19 10:05:00-05:00,131.13,131.53,130.25,130.78,29138.00
2026-02-19 10:10:00-05:00,130.98,131.26,130.45,130.45,25292.00
2026-02-19 10:15:00-05:00,130.45,130.86,129.5,129.54,48733.00
2026-02-19 10:20:00-05:00,129.5,129.744,128.5,129.27,33941.00
2026-02-19 10:25:00-05:00,129.095,129.43,128.5,128.73,57957.00
2026-02-19 10:30:00-05:00,128.78,130.2699,128.725,130.2699,44912.00
2026-02-19 10:35:00-05:00,130.135,130.27,129.0501,129.6,26731.00
2026-02-19 10:40:00-05:00,129.325,129.86,129.04,129.45,22967.00
2026-02-19 10:45:00-05:00,129.455,130.58,129.455,130.58,30513.00
2026-02-19 10:50:00-05:00,130.39,130.505,129.63,129.965,27339.00
2026-02-19 10:55:00-05:00,130.1,130.625,129.9801,129.9801,29002.00
2026-02-19 11:00:00-05:00,130.265,130.5,129.7499,129.8575,19949.00
2026-02-19 11:05:00-05:00,129.92,129.92,129.29,129.59,22307.00
2026-02-19 11:10:00-05:00,129.86,129.92,129.61,129.92,12321.00
2026-02-19 11:15:00-05:00,129.93,130.41,129.81,130.265,14224.00
2026-02-19 11:20:00-05:00,130.35,130.7,130.07,130.07,18444.00
2026-02-19 11:25:00-05:00,130.16,130.16,129,129,23566.00
2026-02-19 11:30:00-05:00,129.07,129.74,129.0202,129.515,22609.00
2026-02-19 11:35:00-05:00,129.52,129.5275,129.16,129.51,19498.00
2026-02-19 11:40:00-05:00,129.445,129.445,128.36,128.43,19479.00
2026-02-19 11:45:00-05:00,128.42,128.56,127.91,128.24,40074.00
2026-02-19 11:50:00-05:00,128.29,129.035,127.98,128.91,32544.00
2026-02-19 11:55:00-05:00,128.87,129,128.3799,128.405,18827.00
2026-02-19 12:00:00-05:00,128.25,128.26,127.54,127.625,30140.00
2026-02-19 12:05:00-05:00,127.625,128.15,127.34,127.711,26095.00
2026-02-19 12:10:00-05:00,127.7,128.08,127.7,127.98,51898.00
2026-02-19 12:15:00-05:00,128.0695,128.41,127.59,128.22,45020.00
2026-02-19 12:20:00-05:00,128.4,128.7011,128.2374,128.45,17121.00
2026-02-19 12:25:00-05:00,128.47,128.47,127.955,128.02,12419.00
2026-02-19 12:30:00-05:00,128,128.82,128,128.305,16196.00
2026-02-19 12:35:00-05:00,128.3,128.3,127.95,128.025,16931.00
2026-02-19 12:40:00-05:00,128.07,128.07,127.7,127.835,11023.00
2026-02-19 12:45:00-05:00,127.835,127.89,127.105,127.2273,23640.00
2026-02-19 12:50:00-05:00,127.3,127.63,127.09,127.62,26679.00
2026-02-19 12:55:00-05:00,127.7,127.89,127.33,127.34,13694.00
2026-02-19 13:00:00-05:00,127.56,127.63,127.1,127.26,21820.00
2026-02-19 13:05:00-05:00,127.32,128.34,127.315,128.34,19702.00
2026-02-19 13:10:00-05:00,128.3899,129,128.195,128.93,24682.00
2026-02-19 13:15:00-05:00,128.92,130.01,128.9,129.2601,80397.00
2026-02-19 13:20:00-05:00,129.45,129.45,128.85,129.015,19860.00
2026-02-19 13:25:00-05:00,129.01,129.14,128.7,128.945,19126.00
2026-02-19 13:30:00-05:00,129,129.28,128.8403,129.1,25640.00
2026-02-19 13:35:00-05:00,129.12,129.265,128.8,129.05,12157.00
2026-02-19 13:40:00-05:00,128.945,129.07,128.6,128.65,18719.00
2026-02-19 13:45:00-05:00,128.74,129.15,128.72,128.87,14252.00
2026-02-19 13:50:00-05:00,128.865,128.97,128.54,128.8,15276.00
2026-02-19 13:55:00-05:00,128.7,129.06,128.391,129.06,21161.00
2026-02-19 14:00:00-05:00,128.8501,129.05,128.62,128.7,26971.00
2026-02-19 14:05:00-05:00,128.71,128.7899,128.4037,128.695,27234.00
2026-02-19 14:10:00-05:00,128.6,128.61,128.155,128.31,15158.00
2026-02-19 14:15:00-05:00,128.34,128.68,128.31,128.63,32865.00
2026-02-19 14:20:00-05:00,128.66,128.86,128.4301,128.665,18789.00
2026-02-19 14:25:00-05:00,128.5935,128.655,127.8,127.95,21246.00
2026-02-19 14:30:00-05:00,127.945,128.4,127.85,128.2601,25768.00
2026-02-19 14:35:00-05:00,128.31,128.64,128.19,128.25,19845.00
2026-02-19 14:40:00-05:00,128.2,128.51,127.785,128.02,29036.00
2026-02-19 14:45:00-05:00,127.93,128.13,127.57,127.89,17491.00
2026-02-19 14:50:00-05:00,127.97,128.13,127.81,128.08,19996.00
2026-02-19 14:55:00-05:00,128.06,128.63,128.06,128.515,31985.00
2026-02-19 15:00:00-05:00,128.39,129.25,128.39,129.135,17987.00
2026-02-19 15:05:00-05:00,128.94,129.17,128.625,128.625,10427.00
2026-02-19 15:10:00-05:00,128.77,128.78,128.079,128.45,14403.00
2026-02-19 15:15:00-05:00,128.4475,128.8,128.255,128.8,15329.00
2026-02-19 15:20:00-05:00,128.8753,129.01,128.72,128.86,17827.00
2026-02-19 15:25:00-05:00,128.61,128.64,128.11,128.45,18338.00
2026-02-19 15:30:00-05:00,128.37,128.68,128.24,128.65,24914.00
2026-02-19 15:35:00-05:00,128.63,128.7,128.395,128.555,21152.00
2026-02-19 15:40:00-05:00,128.6,129.69,128.55,129.68,41988.00
2026-02-19 15:45:00-05:00,129.67,130.77,129.53,130.015,125173.00
2026-02-19 15:50:00-05:00,129.97,130.17,129.67,129.76,56376.00
2026-02-19 15:55:00-05:00,129.82,130.74,129.79,130.67,232597.00
2026-02-20 09:30:00-05:00,128.935,130.91,127.7,130,124647.00
2026-02-20 09:35:00-05:00,130.1,131.98,129.5,129.5,91570.00
2026-02-20 09:40:00-05:00,129.5,130.9899,129.049,129.76,76317.00
2026-02-20 09:45:00-05:00,129.76,130.53,128.6001,129.0695,95997.00
2026-02-20 09:50:00-05:00,129.36,129.36,127.9,128.21,114222.00
2026-02-20 09:55:00-05:00,128.3201,128.9508,127.94,128.095,51930.00
2026-02-20 10:00:00-05:00,128.095,130.11,127.8,128.15,136173.00
2026-02-20 10:05:00-05:00,128.15,128.15,125.16,125.5999,158289.00
2026-02-20 10:10:00-05:00,125.4101,126.29,124.99,125.0101,129909.00
2026-02-20 10:15:00-05:00,125.3715,125.66,123.7501,124.72,149084.00
2026-02-20 10:20:00-05:00,124.65,125.64,124.2253,124.7475,79241.00
2026-02-20 10:25:00-05:00,124.695,125.8454,124.155,125.06,124846.00
2026-02-20 10:30:00-05:00,125.11,125.47,124.11,124.52,99385.00
2026-02-20 10:35:00-05:00,124.635,125.6599,124.47,125.42,91477.00
2026-02-20 10:40:00-05:00,125.37,126.4,124.26,126.36,101406.00
2026-02-20 10:45:00-05:00,126.24,127.63,126.0212,127.085,90568.00
2026-02-20 10:50:00-05:00,127.11,128.34,127.0624,128.0014,56817.00
2026-02-20 10:55:00-05:00,128.085,128.8,127.73,128.335,76982.00
2026-02-20 11:00:00-05:00,128.48,129.11,128.0501,128.79,52340.00
2026-02-20 11:05:00-05:00,128.79,129.16,128.1001,129.04,44946.00
2026-02-20 11:10:00-05:00,129.04,129.58,127.75,127.75,62919.00
2026-02-20 11:15:00-05:00,128.09,128.12,127.47,127.68,67174.00
2026-02-20 11:20:00-05:00,127.74,128,127.31,127.93,29432.00
2026-02-20 11:25:00-05:00,127.93,128.885,127.557,127.95,73518.00
2026-02-20 11:30:00-05:00,127.76,128.78,127.3901,128.55,30995.00
2026-02-20 11:35:00-05:00,128.55,129.25,128.1325,129.2003,29565.00
2026-02-20 11:40:00-05:00,129.22,129.52,128.61,128.735,33523.00
2026-02-20 11:45:00-05:00,128.735,129.36,128.58,128.64,75502.00
2026-02-20 11:50:00-05:00,128.5401,129.1,128.43,128.86,19515.00
2026-02-20 11:55:00-05:00,128.88,128.88,128.3101,128.365,25564.00
2026-02-20 12:00:00-05:00,128.39,128.56,127.8,128.0025,28888.00
2026-02-20 12:05:00-05:00,128.005,128.135,127.76,127.82,19540.00
2026-02-20 12:10:00-05:00,127.95,127.95,126.7,126.885,41438.00
2026-02-20 12:15:00-05:00,127.0799,127.08,126.3501,126.61,31003.00
2026-02-20 12:20:00-05:00,126.75,126.8,125.8,125.8,72421.00
2026-02-20 12:25:00-05:00,125.86,126.02,125.51,125.78,56115.00
2026-02-20 12:30:00-05:00,125.775,126.615,125.5,126.06,47261.00
2026-02-20 12:35:00-05:00,126.22,126.55,125.75,126.4267,29296.00
2026-02-20 12:40:00-05:00,126.39,126.42,125.3,125.55,24642.00
2026-02-20 12:45:00-05:00,125.5,125.98,124.91,125.73,53734.00
2026-02-20 12:50:00-05:00,125.8,126.53,125.61,126.455,23468.00
2026-02-20 12:55:00-05:00,126.58,126.595,125.53,125.875,50826.00
2026-02-20 13:00:00-05:00,125.9156,126.57,125.51,126.57,51551.00
2026-02-20 13:05:00-05:00,126.55,126.91,125.9702,126.4,33595.00
2026-02-20 13:10:00-05:00,126.44,126.44,125.5,125.675,182417.00
2026-02-20 13:15:00-05:00,125.61,125.61,124.63,124.88,41035.00
2026-02-20 13:20:00-05:00,124.84,125.0251,124,124.4,40610.00
2026-02-20 13:25:00-05:00,124.25,124.44,123.5,123.645,70096.00
2026-02-20 13:30:00-05:00,123.65,125.09,123.43,124.75,52002.00
2026-02-20 13:35:00-05:00,124.73,125.07,124,124.515,29792.00
2026-02-20 13:40:00-05:00,124.82,125.12,124.55,125.1099,26612.00
2026-02-20 13:45:00-05:00,125.01,125.84,125.005,125.45,24862.00
2026-02-20 13:50:00-05:00,125.2215,125.8,125,125.6313,25964.00
2026-02-20 13:55:00-05:00,125.67,126,125.57,125.73,21926.00
2026-02-20 14:00:00-05:00,125.79,125.81,125.3372,125.6603,28794.00
2026-02-20 14:05:00-05:00,125.6,125.69,125.22,125.2852,19185.00
2026-02-20 14:10:00-05:00,125.3,125.44,125.1,125.23,19841.00
2026-02-20 14:15:00-05:00,125.23,125.44,124.848,125.32,39886.00
2026-02-20 14:20:00-05:00,125.4,125.9377,125.4,125.79,26730.00
2026-02-20 14:25:00-05:00,125.845,125.92,125.285,125.285,17636.00
2026-02-20 14:30:00-05:00,125.4155,126.28,125.285,125.83,48734.00
2026-02-20 14:35:00-05:00,125.91,125.97,125.575,125.575,12272.00
2026-02-20 14:40:00-05:00,125.58,125.75,124.775,124.775,22591.00
2026-02-20 14:45:00-05:00,124.89,124.9655,124.5205,124.8,28132.00
2026-02-20 14:50:00-05:00,124.755,125.1,124.7,124.7,19578.00
2026-02-20 14:55:00-05:00,124.705,124.95,124.48,124.525,30663.00
2026-02-20 15:00:00-05:00,124.56,124.88,124.35,124.88,24403.00
2026-02-20 15:05:00-05:00,124.97,125.33,124.88,125.305,29791.00
2026-02-20 15:10:00-05:00,125.31,125.315,124.89,125,24242.00
2026-02-20 15:15:00-05:00,125.01,125.215,124.8,125.15,31247.00
2026-02-20 15:20:00-05:00,125.15,125.15,124.8,125.1,22947.00
2026-02-20 15:25:00-05:00,125.08,125.23,124.88,125.02,29973.00
2026-02-20 15:30:00-05:00,124.96,125.2,124.89,125.17,28690.00
2026-02-20 15:35:00-05:00,125.1343,125.73,125.09,125.66,28001.00
2026-02-20 15:40:00-05:00,125.66,125.94,125.62,125.7,35799.00
2026-02-20 15:45:00-05:00,125.6901,125.74,125.32,125.43,49733.00
2026-02-20 15:50:00-05:00,125.43,125.52,123.63,123.95,193724.00
2026-02-20 15:55:00-05:00,123.8,124.25,123.46,124.1,341857.00
2026-02-23 09:30:00-05:00,122.4,122.4,119.52,121.255,161644.14
2026-02-23 09:35:00-05:00,121.01,123.18,120.66,122.1,66874.76
2026-02-23 09:40:00-05:00,121.69,122.14,120.88,121,50705.93
2026-02-23 09:45:00-05:00,120.75,121.07,119.73,120.71,138098.67
2026-02-23 09:50:00-05:00,120.76,123.5,120.35,123.5,83045.84
2026-02-23 09:55:00-05:00,123.31,124.15,122.5101,123.305,79644.62
2026-02-23 10:00:00-05:00,123.34,123.59,122.75,122.82,68797.57
2026-02-23 10:05:00-05:00,122.94,124,122.75,123.73,50787.66
2026-02-23 10:10:00-05:00,123.4065,124.305,123.2236,123.64,59119.82
2026-02-23 10:15:00-05:00,123.47,123.825,122.5,123.825,70756.33
2026-02-23 10:20:00-05:00,123.8616,124.41,123.51,123.985,45349.12
2026-02-23 10:25:00-05:00,123.85,124.185,123.165,123.38,39369.06
2026-02-23 10:30:00-05:00,123.3675,123.6,122.6,122.69,39421.09
2026-02-23 10:35:00-05:00,122.74,123.105,122.01,122.1875,37941.36
2026-02-23 10:40:00-05:00,122.269,122.3899,121.7,121.88,26049.26
2026-02-23 10:45:00-05:00,121.84,122.45,121.57,121.715,37400.96
2026-02-23 10:50:00-05:00,121.715,122.14,121,121.085,47621.09
2026-02-23 10:55:00-05:00,121.085,121.215,120.41,120.56,68960.27
2026-02-23 11:00:00-05:00,120.6575,121.2699,120.46,121.2699,32196.47
2026-02-23 11:05:00-05:00,121.27,121.27,120.25,120.54,37626.02
2026-02-23 11:10:00-05:00,120.31,120.85,120.19,120.29,42977.53
2026-02-23 11:15:00-05:00,120.29,121.29,119.9847,121.29,47801.59
2026-02-23 11:20:00-05:00,121.18,121.47,120.99,121.29,28541.81
2026-02-23 11:25:00-05:00,121.36,122,121.36,121.825,32885.78
2026-02-23 11:30:00-05:00,121.8,121.82,121.26,121.475,15881.05
2026-02-23 11:35:00-05:00,121.41,121.88,121,121.625,27177.29
2026-02-23 11:40:00-05:00,121.5,121.77,120.92,120.92,24668.35
2026-02-23 11:45:00-05:00,121,121.1,120.2001,120.465,34398.54
2026-02-23 11:50:00-05:00,120.52,120.5906,119.95,119.995,54167.46
2026-02-23 11:55:00-05:00,119.91,120.67,119.83,120.22,67262.85
2026-02-23 12:00:00-05:00,120.28,120.68,119.71,120.025,36941.76
2026-02-23 12:05:00-05:00,120.11,120.27,119.72,119.83,43642.75
2026-02-23 12:10:00-05:00,119.83,120,119.6,119.8,35181.93
2026-02-23 12:15:00-05:00,119.76,120.5146,119.33,119.41,30133.47
2026-02-23 12:20:00-05:00,119.44,119.635,119.2401,119.38,25953.56
2026-02-23 12:25:00-05:00,119.365,119.73,119.26,119.4,29502.54
2026-02-23 12:30:00-05:00,119.41,119.5287,119.3,119.41,24652.20
2026-02-23 12:35:00-05:00,119.41,119.41,118.89,118.93,53524.58
2026-02-23 12:40:00-05:00,118.975,119.74,118.88,119.5,27114.49
2026-02-23 12:45:00-05:00,119.64,119.6585,119.31,119.34,10908.10
2026-02-23 12:50:00-05:00,119.47,120.1,119.47,120.0016,19110.08
2026-02-23 12:55:00-05:00,120.09,120.19,119.8961,120,21534.72
2026-02-23 13:00:00-05:00,119.8,120.15,119.8,119.85,15495.96
2026-02-23 13:05:00-05:00,119.85,120.33,119.85,120.245,14995.34
2026-02-23 13:10:00-05:00,120.245,120.3994,120.03,120.36,9076.96
2026-02-23 13:15:00-05:00,120.335,120.46,120.04,120.04,14513.53
2026-02-23 13:20:00-05:00,120.13,120.4375,120.02,120.405,18177.33
2026-02-23 13:25:00-05:00,120.35,120.405,120.0407,120.215,15128.16
2026-02-23 13:30:00-05:00,120.215,120.215,119.86,119.969,13080.03
2026-02-23 13:35:00-05:00,119.93,121.335,119.9,121.215,51276.21
2026-02-23 13:40:00-05:00,121.1825,121.77,121.1825,121.69,43309.00
2026-02-23 13:45:00-05:00,121.74,122.24,121.72,121.93,54875.80
2026-02-23 13:50:00-05:00,121.86,121.905,120.395,120.405,33141.64
2026-02-23 13:55:00-05:00,120.4143,120.559,119.9,120.11,19600.44
2026-02-23 14:00:00-05:00,120.16,120.7299,120.13,120.365,22218.03
2026-02-23 14:05:00-05:00,120.35,120.3987,120.14,120.29,22869.09
2026-02-23 14:10:00-05:00,120.265,120.56,120.165,120.34,29367.50
2026-02-23 14:15:00-05:00,120.46,120.5,120.15,120.28,16830.00
2026-02-23 14:20:00-05:00,120.31,120.31,119.9,120.05,38506.04
2026-02-23 14:25:00-05:00,120.1,120.84,120.1,120.545,31796.45
2026-02-23 14:30:00-05:00,120.545,120.78,120.5,120.71,20560.81
2026-02-23 14:35:00-05:00,120.78,120.78,120.19,120.29,24290.41
2026-02-23 14:40:00-05:00,120.3118,120.3118,119.672,119.815,26821.48
2026-02-23 14:45:00-05:00,119.79,119.89,119.56,119.75,18896.98
2026-02-23 14:50:00-05:00,119.745,119.93,119.745,119.93,8583.95
2026-02-23 14:55:00-05:00,119.89,120.36,119.8,119.96,24767.26
2026-02-23 15:00:00-05:00,120.01,120.26,119.99,120.26,10051.37
2026-02-23 15:05:00-05:00,120.2075,120.26,119.77,119.89,24373.48
2026-02-23 15:10:00-05:00,119.89,120.47,119.76,120.38,28750.40
2026-02-23 15:15:00-05:00,120.32,120.54,120.05,120.1,18819.17
2026-02-23 15:20:00-05:00,120.045,120.34,120.045,120.34,13572.52
2026-02-23 15:25:00-05:00,120.45,120.49,120.2,120.385,24609.55
2026-02-23 15:30:00-05:00,120.28,121.45,120.25,121.45,46173.36
2026-02-23 15:35:00-05:00,121.385,121.68,121.0426,121.59,59957.38
2026-02-23 15:40:00-05:00,121.63,122.17,121.51,122.17,56043.88
2026-02-23 15:45:00-05:00,122.12,122.64,122.04,122.59,67400.41
2026-02-23 15:50:00-05:00,122.64,123.4,122.52,123.285,105849.44
2026-02-23 15:55:00-05:00,123.25,124.17,123.03,124.119,310155.48
2026-02-24 09:30:00-05:00,124.01,124.69,121,121.9,179852.66
2026-02-24 09:35:00-05:00,122,124.94,121.77,124.18,111884.58
2026-02-24 09:40:00-05:00,124.27,125.56,123.5001,124.7625,84952.06
2026-02-24 09:45:00-05:00,124.755,125.5,123.5,123.5,39481.35
2026-02-24 09:50:00-05:00,123.36,123.86,122.55,122.835,58103.97
2026-02-24 09:55:00-05:00,123.0403,123.14,121.805,121.975,43472.62
2026-02-24 10:00:00-05:00,121.975,121.975,120.7201,120.85,128700.58
2026-02-24 10:05:00-05:00,120.845,121.21,119.8767,120.78,122334.25
2026-02-24 10:10:00-05:00,120.785,121.555,120.61,121.03,87342.89
2026-02-24 10:15:00-05:00,121.1,121.98,120.52,121.825,60841.50
2026-02-24 10:20:00-05:00,121.7,122.66,121.62,122.425,57327.23
2026-02-24 10:25:00-05:00,122.35,122.845,122.244,122.845,46758.17
2026-02-24 10:30:00-05:00,122.81,123.3,122.24,122.96,40720.33
2026-02-24 10:35:00-05:00,122.86,123.48,122.51,123.34,51902.07
2026-02-24 10:40:00-05:00,123.2,123.92,123.2,123.7,33134.51
2026-02-24 10:45:00-05:00,123.6862,123.74,123.3,123.47,22045.71
2026-02-24 10:50:00-05:00,123.41,123.47,123.035,123.2191,32656.71
2026-02-24 10:55:00-05:00,123.27,123.61,123.11,123.19,28719.21
2026-02-24 11:00:00-05:00,123.28,123.5298,123.04,123.11,26616.45
2026-02-24 11:05:00-05:00,123.18,123.5,122.7501,123.18,25754.14
2026-02-24 11:10:00-05:00,122.92,123.75,122.92,123.145,32770.78
2026-02-24 11:15:00-05:00,123.22,123.41,123,123.1,24917.10
2026-02-24 11:20:00-05:00,123.0703,123.3,122.82,123.04,22678.19
2026-02-24 11:25:00-05:00,123.17,123.62,123.05,123.55,31117.08
2026-02-24 11:30:00-05:00,123.65,123.65,122.5,122.705,24363.44
2026-02-24 11:35:00-05:00,122.705,122.99,122.5,122.82,27818.38
2026-02-24 11:40:00-05:00,122.92,123.37,122.86,123.24,26652.83
2026-02-24 11:45:00-05:00,123.36,123.36,122.775,122.9499,13483.23
2026-02-24 11:50:00-05:00,122.9499,123.09,122.65,123.01,22786.03
2026-02-24 11:55:00-05:00,123.1012,123.6,122.92,123.59,25538.35
2026-02-24 12:00:00-05:00,123.55,123.77,123.29,123.485,23359.97
2026-02-24 12:05:00-05:00,123.57,123.7144,123.44,123.525,15265.87
2026-02-24 12:10:00-05:00,123.56,123.64,123.1145,123.34,31361.62
2026-02-24 12:15:00-05:00,123.26,123.32,123.06,123.27,26666.36
2026-02-24 12:20:00-05:00,123.26,123.75,123.26,123.53,21454.63
2026-02-24 12:25:00-05:00,123.54,123.56,123.146,123.26,14512.84
2026-02-24 12:30:00-05:00,123.16,123.83,123.15,123.715,23804.77
2026-02-24 12:35:00-05:00,123.69,124.06,123.69,123.8602,23218.15
2026-02-24 12:40:00-05:00,123.75,123.85,123.58,123.8,16021.78
2026-02-24 12:45:00-05:00,123.76,123.83,123.63,123.83,15329.84
2026-02-24 12:50:00-05:00,123.7,123.87,123.61,123.67,14640.58
2026-02-24 12:55:00-05:00,123.61,123.62,123.42,123.5001,13669.31
2026-02-24 13:00:00-05:00,123.5,123.63,123.31,123.44,14305.60
2026-02-24 13:05:00-05:00,123.43,123.65,123.23,123.32,28995.77
2026-02-24 13:10:00-05:00,123.305,123.45,123.16,123.315,25838.49
2026-02-24 13:15:00-05:00,123.24,123.39,122.945,122.985,29380.00
2026-02-24 13:20:00-05:00,123.0584,123.06,122.86,122.89,13944.68
2026-02-24 13:25:00-05:00,122.9,123.25,122.85,123.25,19442.35
2026-02-24 13:30:00-05:00,123.1605,123.41,123.1511,123.23,14708.58
2026-02-24 13:35:00-05:00,123.11,123.18,122.86,122.95,15840.74
2026-02-24 13:40:00-05:00,122.93,122.97,122.73,122.78,24879.06
2026-02-24 13:45:00-05:00,122.78,122.78,122.42,122.615,22527.50
2026-02-24 13:50:00-05:00,122.68,122.8,122.4861,122.76,17246.95
2026-02-24 13:55:00-05:00,122.72,123.01,122.62,123,21527.62
2026-02-24 14:00:00-05:00,122.98,123.26,122.93,123.095,28924.58
2026-02-24 14:05:00-05:00,123.14,123.24,122.93,123.01,17631.84
2026-02-24 14:10:00-05:00,123.01,123.01,122.3713,122.53,42197.87
2026-02-24 14:15:00-05:00,122.53,122.75,122.32,122.52,29382.21
2026-02-24 14:20:00-05:00,122.58,122.84,122.545,122.66,12092.63
2026-02-24 14:25:00-05:00,122.71,122.91,122.71,122.785,18219.37
2026-02-24 14:30:00-05:00,122.7317,122.91,122.665,122.72,15492.64
2026-02-24 14:35:00-05:00,122.84,122.93,122.59,122.81,23883.53
2026-02-24 14:40:00-05:00,122.7996,122.95,122.6,122.84,30576.05
2026-02-24 14:45:00-05:00,122.785,123.1294,122.785,123.03,24841.87
2026-02-24 14:50:00-05:00,122.975,123.07,122.685,122.685,37734.34
2026-02-24 14:55:00-05:00,122.63,122.74,122.43,122.6,23717.41
2026-02-24 15:00:00-05:00,122.6,122.77,122.5,122.6,16098.64
2026-02-24 15:05:00-05:00,122.66,123.32,122.58,122.71,90028.91
2026-02-24 15:10:00-05:00,122.7,123.06,122.68,122.915,20160.53
2026-02-24 15:15:00-05:00,122.89,122.94,122.62,122.94,58067.36
2026-02-24 15:20:00-05:00,122.98,123.03,122.3401,122.39,34585.08
2026-02-24 15:25:00-05:00,122.4,123,122.17,122.81,47127.16
2026-02-24 15:30:00-05:00,122.89,123.34,122.89,123.15,60592.13
2026-02-24 15:35:00-05:00,123.18,123.46,123.03,123.46,51446.63
2026-02-24 15:40:00-05:00,123.46,123.575,123.19,123.32,38645.51
2026-02-24 15:45:00-05:00,123.32,123.44,123.2,123.2,38602.83
2026-02-24 15:50:00-05:00,123.27,123.54,122,122,148806.86
2026-02-24 15:55:00-05:00,122,122.07,120.67,120.75,548643.00
2026-02-25 09:30:00-05:00,118.805,120.38,115.15,115.25,280199.58
2026-02-25 09:35:00-05:00,115.25,116.87,114.65,116.54,291308.95
2026-02-25 09:40:00-05:00,116.565,117.54,115.83,116.6,169359.22
2026-02-25 09:45:00-05:00,116.68,118.03,116.32,117.78,151387.19
2026-02-25 09:50:00-05:00,117.65,119.7,117.65,119.6,93564.25
2026-02-25 09:55:00-05:00,119.69,120.3,119.04,119.22,121534.16
2026-02-25 10:00:00-05:00,119.22,119.431,118.1801,119.2899,112061.00
2026-02-25 10:05:00-05:00,119.205,119.68,118.95,119.05,59216.86
2026-02-25 10:10:00-05:00,119.01,119.1,118.05,118.43,67879.54
2026-02-25 10:15:00-05:00,118.43,119.2769,118.38,119.135,55797.41
2026-02-25 10:20:00-05:00,119.135,119.25,118.52,119.25,57900.90
2026-02-25 10:25:00-05:00,119.11,119.42,118.59,119.4,49688.26
2026-02-25 10:30:00-05:00,119.35,119.48,118.97,119.3,21398.81
2026-02-25 10:35:00-05:00,119.3799,120.048,119.01,119.5,51533.18
2026-02-25 10:40:00-05:00,119.49,119.91,118.9,119.07,56159.74
2026-02-25 10:45:00-05:00,119.05,119.52,119.03,119.305,22255.67
2026-02-25 10:50:00-05:00,119.21,119.8,118.95,119.52,34246.91
2026-02-25 10:55:00-05:00,119.565,120.1,119.41,119.41,39602.24
2026-02-25 11:00:00-05:00,119.415,119.82,118.58,119,175061.58
2026-02-25 11:05:00-05:00,119.07,119.55,118.98,119.32,15761.10
2026-02-25 11:10:00-05:00,119.19,119.7,118.5,119.4598,61048.13
2026-02-25 11:15:00-05:00,119.47,119.96,119,119.095,36179.16
2026-02-25 11:20:00-05:00,119.3,119.3,118.49,118.9,26675.11
2026-02-25 11:25:00-05:00,118.9,119.19,118.75,119.105,19689.95
2026-02-25 11:30:00-05:00,119.0915,119.6,119,119.235,28096.14
2026-02-25 11:35:00-05:00,119.27,119.57,118.865,119.21,85468.61
2026-02-25 11:40:00-05:00,119.215,119.8499,119.205,119.57,113700.39
2026-02-25 11:45:00-05:00,119.57,120.02,119.57,119.63,68507.38
2026-02-25 11:50:00-05:00,119.76,120.4,119.5801,119.8773,114697.88
2026-02-25 11:55:00-05:00,119.87,120.18,119.5,119.67,96309.82
2026-02-25 12:00:00-05:00,119.78,120.47,119.75,120.32,68887.26
2026-02-25 12:05:00-05:00,120.32,120.91,120.09,120.21,88312.22
2026-02-25 12:10:00-05:00,120.21,120.66,120.125,120.375,47592.06
2026-02-25 12:15:00-05:00,120.375,121.165,120.035,120.91,52314.92
2026-02-25 12:20:00-05:00,120.95,121.17,120.59,121.05,36959.04
2026-02-25 12:25:00-05:00,121.145,121.35,120.91,121.1,24118.72
2026-02-25 12:30:00-05:00,121.145,121.376,120.825,121.22,27633.43
2026-02-25 12:35:00-05:00,121.3,121.59,121.28,121.455,22163.54
2026-02-25 12:40:00-05:00,121.5,121.525,121.24,121.525,27049.39
2026-02-25 12:45:00-05:00,121.59,121.81,121.3403,121.3501,43648.64
2026-02-25 12:50:00-05:00,121.52,121.55,121.21,121.39,19570.19
2026-02-25 12:55:00-05:00,121.34,121.89,121.21,121.88,23202.36
2026-02-25 13:00:00-05:00,121.855,121.905,121.1601,121.33,29671.33
2026-02-25 13:05:00-05:00,121.335,121.355,121.12,121.245,12472.54
2026-02-25 13:10:00-05:00,121.245,121.44,121.1401,121.435,16077.70
2026-02-25 13:15:00-05:00,121.37,121.59,121.2101,121.59,19084.50
2026-02-25 13:20:00-05:00,121.5317,121.69,121.34,121.4,21153.27
2026-02-25 13:25:00-05:00,121.4,121.45,121.1912,121.31,20033.26
2026-02-25 13:30:00-05:00,121.315,121.73,121.28,121.59,16305.03
2026-02-25 13:35:00-05:00,121.6,121.86,121.5,121.62,20658.54
2026-02-25 13:40:00-05:00,121.71,121.77,121.5,121.73,27315.54
2026-02-25 13:45:00-05:00,121.74,121.9899,121.57,121.776,20801.51
2026-02-25 13:50:00-05:00,121.8,121.9437,121.51,121.63,16080.65
2026-02-25 13:55:00-05:00,121.5,122.07,121.5,121.75,54496.34
2026-02-25 14:00:00-05:00,121.84,122.02,121.68,121.89,23490.21
2026-02-25 14:05:00-05:00,121.9,122,121.76,121.765,27555.71
2026-02-25 14:10:00-05:00,121.765,121.82,121.6,121.7,27713.33
2026-02-25 14:15:00-05:00,121.6601,121.9,121.54,121.81,16117.95
2026-02-25 14:20:00-05:00,121.85,122.23,121.785,121.925,19958.43
2026-02-25 14:25:00-05:00,121.87,122.66,121.85,122.18,70258.16
2026-02-25 14:30:00-05:00,122.32,122.5,122.05,122.065,31979.12
2026-02-25 14:35:00-05:00,122.06,122.25,122.02,122.19,17444.41
2026-02-25 14:40:00-05:00,122.1,122.74,122.1,122.66,27551.96
2026-02-25 14:45:00-05:00,122.75,123.2,122.7,123.17,36110.21
2026-02-25 14:50:00-05:00,123.17,123.2,122.84,123.04,30166.30
2026-02-25 14:55:00-05:00,123.075,123.43,123.0404,123.34,42613.61
2026-02-25 15:00:00-05:00,123.43,123.67,123.275,123.36,43060.78
2026-02-25 15:05:00-05:00,123.1749,123.61,123.12,123.485,58258.50
2026-02-25 15:10:00-05:00,123.485,123.64,123.385,123.64,24070.95
2026-02-25 15:15:00-05:00,123.65,124.215,123.49,124.215,62647.63
2026-02-25 15:20:00-05:00,124.19,124.34,123.96,124.24,49887.24
2026-02-25 15:25:00-05:00,124.36,124.69,124.13,124.4,78770.25
2026-02-25 15:30:00-05:00,124.245,124.6,124.16,124.57,36561.52
2026-02-25 15:35:00-05:00,124.57,124.57,124.18,124.18,48736.54
2026-02-25 15:40:00-05:00,124.1,124.34,124.02,124.245,52490.77
2026-02-25 15:45:00-05:00,124.25,124.48,124.1548,124.18,46873.66
2026-02-25 15:50:00-05:00,124.17,124.29,123.54,123.58,133397.79
2026-02-25 15:55:00-05:00,123.46,123.7,123,123.45,315046.01
2026-02-26 09:30:00-05:00,124.465,124.5,119,120.05,225053.42
2026-02-26 09:35:00-05:00,120.05,120.63,118.74,118.88,92944.54
2026-02-26 09:40:00-05:00,119.05,119.7,118.02,118.95,138120.03
2026-02-26 09:45:00-05:00,119.15,119.529,117.58,118.06,156719.41
2026-02-26 09:50:00-05:00,117.9975,118.61,116.05,117,216749.97
2026-02-26 09:55:00-05:00,116.99,118.25,116.81,117.41,129718.88
2026-02-26 10:00:00-05:00,117.345,118.23,116.41,118.1707,131247.25
2026-02-26 10:05:00-05:00,117.75,118.19,117.3,117.3,53622.84
2026-02-26 10:10:00-05:00,117.45,117.62,116.75,116.825,76657.84
2026-02-26 10:15:00-05:00,116.7,116.87,115.0501,115.13,183513.12
2026-02-26 10:20:00-05:00,115.21,115.41,114.3101,114.33,141566.21
2026-02-26 10:25:00-05:00,114.39,115.37,114.2,114.71,144937.07
2026-02-26 10:30:00-05:00,114.6,115.6523,114.35,114.73,120807.56
2026-02-26 10:35:00-05:00,114.85,115.59,114.85,115.3,87457.22
2026-02-26 10:40:00-05:00,115.305,115.53,113.83,114.28,187532.86
2026-02-26 10:45:00-05:00,114.36,114.5799,113.68,114.5,93090.08
2026-02-26 10:50:00-05:00,114.4,114.72,114.02,114.585,88749.12
2026-02-26 10:55:00-05:00,114.72,115.04,114.1,114.85,93184.16
2026-02-26 11:00:00-05:00,114.99,115.71,114.78,115,120771.90
2026-02-26 11:05:00-05:00,114.925,115.28,114.19,114.49,123825.37
2026-02-26 11:10:00-05:00,114.47,114.98,114.2,114.335,69425.88
2026-02-26 11:15:00-05:00,114.36,115.2766,114.33,115.16,49261.02
2026-02-26 11:20:00-05:00,115.16,115.66,115.1,115.3,39547.25
2026-02-26 11:25:00-05:00,115.48,115.8,114.95,115.15,67320.35
2026-02-26 11:30:00-05:00,115.35,115.46,114.87,115.16,71403.72
2026-02-26 11:35:00-05:00,115.08,115.2,114.11,114.13,86289.37
2026-02-26 11:40:00-05:00,114.1,114.2175,113.48,113.51,96188.23
2026-02-26 11:45:00-05:00,113.5,113.57,113.2,113.44,109829.31
2026-02-26 11:50:00-05:00,113.44,113.63,112.74,112.795,156131.06
2026-02-26 11:55:00-05:00,112.83,112.98,112.52,112.63,85365.14
2026-02-26 12:00:00-05:00,112.64,113.34,112.62,113.2007,59799.04
2026-02-26 12:05:00-05:00,113.22,113.42,112.81,112.875,76581.72
2026-02-26 12:10:00-05:00,112.84,112.84,111.65,111.7166,154515.16
2026-02-26 12:15:00-05:00,111.72,112,111.5314,111.72,127831.35
2026-02-26 12:20:00-05:00,111.745,112.17,111.4,111.9,102076.61
2026-02-26 12:25:00-05:00,111.86,112.74,111.81,112.0112,62649.56
2026-02-26 12:30:00-05:00,112.18,113.44,112.0322,113.335,128237.85
2026-02-26 12:35:00-05:00,113.335,113.5,112.43,112.605,94503.40
2026-02-26 12:40:00-05:00,112.6075,112.89,112.055,112.125,42485.50
2026-02-26 12:45:00-05:00,112.125,112.2699,111.7601,111.83,50455.94
2026-02-26 12:50:00-05:00,111.82,112.4359,111.76,112.4359,48288.99
2026-02-26 12:55:00-05:00,112.31,112.31,111.57,111.57,37586.84
2026-02-26 13:00:00-05:00,111.655,111.75,111.24,111.37,93839.40
2026-02-26 13:05:00-05:00,111.4048,111.42,110.88,110.98,95392.06
2026-02-26 13:10:00-05:00,111.08,111.21,110.87,111,51537.01
2026-02-26 13:15:00-05:00,110.985,111.69,110.68,111.69,67984.90
2026-02-26 13:20:00-05:00,111.6495,111.69,111.18,111.64,46745.65
2026-02-26 13:25:00-05:00,111.57,111.57,111.13,111.245,20577.68
2026-02-26 13:30:00-05:00,111.18,112.14,111.095,112.1153,65328.26
2026-02-26 13:35:00-05:00,112,112.65,111.87,112.35,91599.33
2026-02-26 13:40:00-05:00,112.25,112.7868,112.08,112.569,95549.64
2026-02-26 13:45:00-05:00,112.49,112.7691,112.18,112.29,42069.97
2026-02-26 13:50:00-05:00,112.3793,112.57,112.28,112.5699,33305.87
2026-02-26 13:55:00-05:00,112.47,112.57,112.095,112.095,29282.91
2026-02-26 14:00:00-05:00,112.0975,113.17,112.03,113.015,64993.63
2026-02-26 14:05:00-05:00,112.99,113.17,112.78,113.125,46078.07
2026-02-26 14:10:00-05:00,113.12,113.35,113.12,113.315,53962.44
2026-02-26 14:15:00-05:00,113.38,113.53,113.0457,113.24,41157.36
2026-02-26 14:20:00-05:00,113.28,114.335,113.24,114.12,69057.10
2026-02-26 14:25:00-05:00,114.05,114.05,113.4279,113.85,39036.60
2026-02-26 14:30:00-05:00,113.85,114.4195,113.755,114.29,41590.72
2026-02-26 14:35:00-05:00,114.29,114.32,114.05,114.21,43568.00
2026-02-26 14:40:00-05:00,114.2,114.5,114.01,114.2,87307.29
2026-02-26 14:45:00-05:00,114.3,114.635,114.1105,114.41,70404.38
2026-02-26 14:50:00-05:00,114.35,114.99,114.23,114.62,67154.92
2026-02-26 14:55:00-05:00,114.5834,114.83,114.29,114.415,38955.50
2026-02-26 15:00:00-05:00,114.4075,114.47,114.09,114.24,42362.31
2026-02-26 15:05:00-05:00,114.26,114.37,113.27,113.27,68586.65
2026-02-26 15:10:00-05:00,113.305,113.47,113.09,113.33,70750.89
2026-02-26 15:15:00-05:00,113.23,114.03,113.18,113.82,92276.33
2026-02-26 15:20:00-05:00,113.85,113.95,113.43,113.44,39517.74
2026-02-26 15:25:00-05:00,113.52,113.685,113.15,113.215,72653.04
2026-02-26 15:30:00-05:00,113.27,114.0397,113.23,113.92,71960.17
2026-02-26 15:35:00-05:00,113.89,113.98,113.75,113.8501,64320.31
2026-02-26 15:40:00-05:00,113.9,114.02,113.69,113.99,91790.87
2026-02-26 15:45:00-05:00,114,114.11,113.77,113.98,122595.95
2026-02-26 15:50:00-05:00,114.02,114.63,113.985,114.63,160061.36
2026-02-26 15:55:00-05:00,114.615,114.82,114.14,114.25,466737.41
2026-02-27 09:30:00-05:00,111.06,111.9,108.88,111.24,376068.75
2026-02-27 09:35:00-05:00,111.32,112.855,110.88,111.3905,141281.56
2026-02-27 09:40:00-05:00,111.34,111.51,109.61,110.36,116370.69
2026-02-27 09:45:00-05:00,110.32,111.26,109.59,111.065,126982.96
2026-02-27 09:50:00-05:00,111.07,111.14,109.34,109.4675,155196.86
2026-02-27 09:55:00-05:00,109.41,109.906,109.27,109.52,98346.18
2026-02-27 10:00:00-05:00,109.625,110.585,109.43,110.28,169333.40
2026-02-27 10:05:00-05:00,110.275,111.4999,110.13,110.9801,236362.02
2026-02-27 10:10:00-05:00,111.12,112.38,111.08,111.98,185744.65
2026-02-27 10:15:00-05:00,111.97,112.41,111,111.9,174839.41
2026-02-27 10:20:00-05:00,111.885,112,111.185,111.65,94079.68
2026-02-27 10:25:00-05:00,111.635,112,111.0001,111.81,52584.81
2026-02-27 10:30:00-05:00,111.705,112.38,111.6001,111.765,49939.86
2026-02-27 10:35:00-05:00,111.63,112.77,111.63,112.25,87259.19
2026-02-27 10:40:00-05:00,112.15,112.38,111.84,111.975,83914.00
2026-02-27 10:45:00-05:00,111.975,112.48,111.875,112.3,73303.74
2026-02-27 10:50:00-05:00,112.3,112.41,111.62,111.785,39609.17
2026-02-27 10:55:00-05:00,111.785,112.3,111.6401,111.97,60440.00
2026-02-27 11:00:00-05:00,111.93,112.41,111.65,112.33,67417.31
2026-02-27 11:05:00-05:00,112.4,112.4,111.89,112.14,55376.12
2026-02-27 11:10:00-05:00,112.14,112.8,112.14,112.685,73548.59
2026-02-27 11:15:00-05:00,112.685,112.865,112.19,112.255,66208.09
2026-02-27 11:20:00-05:00,112.34,112.44,111.93,112.23,72327.11
2026-02-27 11:25:00-05:00,112.23,112.44,111.69,111.85,65720.56
2026-02-27 11:30:00-05:00,111.85,112.649,111.845,112.49,47594.77
2026-02-27 11:35:00-05:00,112.4,112.55,112.0823,112.215,30157.94
2026-02-27 11:40:00-05:00,112.29,112.38,111.67,111.74,65282.21
2026-02-27 11:45:00-05:00,111.64,112.555,111.52,112.44,52751.89
2026-02-27 11:50:00-05:00,112.36,112.79,112.36,112.64,37523.82
2026-02-27 11:55:00-05:00,112.65,112.89,112.25,112.27,89582.02
2026-02-27 12:00:00-05:00,112.27,112.68,112.21,112.605,28305.49
2026-02-27 12:05:00-05:00,112.615,112.96,112.43,112.8025,29112.47
2026-02-27 12:10:00-05:00,112.815,112.82,111.82,112.06,59338.08
2026-02-27 12:15:00-05:00,112.07,112.2,111.8,111.8,28821.56
2026-02-27 12:20:00-05:00,111.82,112.13,111.71,112.08,52209.66
2026-02-27 12:25:00-05:00,111.9654,112.13,111.455,111.655,50422.48
2026-02-27 12:30:00-05:00,111.75,112.14,111.34,112.07,110669.88
2026-02-27 12:35:00-05:00,112.07,112.15,111.51,111.6188,47085.71
2026-02-27 12:40:00-05:00,111.595,111.595,110.95,111.38,79687.64
2026-02-27 12:45:00-05:00,111.46,111.78,111.32,111.54,33689.33
2026-02-27 12:50:00-05:00,111.59,111.99,111.54,111.9,48280.42
2026-02-27 12:55:00-05:00,111.95,112.535,111.89,112.4,52193.96
2026-02-27 13:00:00-05:00,112.39,112.395,111.9,111.9,26947.78
2026-02-27 13:05:00-05:00,111.85,111.865,111.545,111.63,36401.08
2026-02-27 13:10:00-05:00,111.53,111.74,111.4,111.41,49541.14
2026-02-27 13:15:00-05:00,111.44,111.55,111.22,111.22,87677.05
2026-02-27 13:20:00-05:00,111.25,111.44,111.11,111.11,27711.00
2026-02-27 13:25:00-05:00,111.185,111.46,110.99,111.3775,80011.62
2026-02-27 13:30:00-05:00,111.4429,111.4429,110.51,110.55,58311.12
2026-02-27 13:35:00-05:00,110.64,110.93,110.365,110.795,45354.91
2026-02-27 13:40:00-05:00,111,111.6499,111,111.435,31578.33
2026-02-27 13:45:00-05:00,111.435,111.96,111.3001,111.755,37939.46
2026-02-27 13:50:00-05:00,111.77,111.775,111.418,111.54,33809.42
2026-02-27 13:55:00-05:00,111.48,111.55,111,111.31,34886.47
2026-02-27 14:00:00-05:00,111.36,111.71,111.19,111.535,46342.67
2026-02-27 14:05:00-05:00,111.47,111.64,110.82,110.84,43851.52
2026-02-27 14:10:00-05:00,110.84,110.89,110.56,110.625,41585.67
2026-02-27 14:15:00-05:00,110.62,110.7775,110.33,110.4952,41997.16
2026-02-27 14:20:00-05:00,110.51,110.59,110.36,110.415,45928.02
2026-02-27 14:25:00-05:00,110.37,110.67,110.28,110.5827,52599.18
2026-02-27 14:30:00-05:00,110.59,110.75,110.48,110.65,35278.58
2026-02-27 14:35:00-05:00,110.67,110.97,110.43,110.87,38611.22
2026-02-27 14:40:00-05:00,110.84,110.85,110.3685,110.41,39406.80
2026-02-27 14:45:00-05:00,110.4,110.54,110.32,110.42,27422.87
2026-02-27 14:50:00-05:00,110.425,110.56,110.38,110.48,31157.15
2026-02-27 14:55:00-05:00,110.44,111.04,110.39,110.7,41409.93
2026-02-27 15:00:00-05:00,110.69,111.05,110.5,110.6,31359.11
2026-02-27 15:05:00-05:00,110.635,110.67,110.36,110.36,45680.22
2026-02-27 15:10:00-05:00,110.35,110.85,110.2,110.49,53372.78
2026-02-27 15:15:00-05:00,110.52,111,110.52,110.94,50093.51
2026-02-27 15:20:00-05:00,110.9,111.36,110.72,111.2925,65315.96
2026-02-27 15:25:00-05:00,111.295,111.295,110.78,110.8175,56035.74
2026-02-27 15:30:00-05:00,110.815,111.6,110.73,111.555,77046.99
2026-02-27 15:35:00-05:00,111.555,111.84,111.345,111.605,63370.45
2026-02-27 15:40:00-05:00,111.68,111.87,111.33,111.38,81485.12
2026-02-27 15:45:00-05:00,111.355,111.9,111.27,111.79,143016.76
2026-02-27 15:50:00-05:00,111.75,111.77,110.95,111.31,251144.19
2026-02-27 15:55:00-05:00,111.22,112.3,111.21,112.26,453127.25
