timestamp,open,high,low,close,volume
2025-11-18 09:30:00-05:00,245.35,247.5,240.93,243.31,264988.0
2025-11-18 09:35:00-05:00,242.58,246.69,242.58,244.46,174836.0
2025-11-18 09:40:00-05:00,244.26,245.71,240.835,241.7,238571.0
2025-11-18 09:45:00-05:00,241.95,245.5,241.8,243.16,174266.0
2025-11-18 09:50:00-05:00,243.16,244.0,240.625,242.19,147637.0
2025-11-18 09:55:00-05:00,243.04,244.16,240.0,240.16,210852.0
2025-11-18 10:00:00-05:00,240.55,243.3,236.55,237.38,133445.0
2025-11-18 10:05:00-05:00,237.51,240.84,236.5,238.515,204401.0
2025-11-18 10:10:00-05:00,238.61,239.78,233.5,235.795,284947.0
2025-11-18 10:15:00-05:00,235.02,235.795,232.11,234.0,82354.0
2025-11-18 10:20:00-05:00,234.41,244.099,234.27,240.325,125428.0
2025-11-18 10:25:00-05:00,240.09,242.84,239.1201,239.87,85865.0
2025-11-18 10:30:00-05:00,239.875,241.19,237.405,238.06,67911.0
2025-11-18 10:35:00-05:00,237.33,237.93,235.2,236.99,38184.0
2025-11-18 10:40:00-05:00,237.275,238.72,236.56,237.4599,63266.0
2025-11-18 10:45:00-05:00,237.16,238.99,236.4,237.16,60590.0
2025-11-18 10:50:00-05:00,236.83,238.76,235.3,238.4,30782.0
2025-11-18 10:55:00-05:00,238.6241,239.65,237.21,238.18,26411.0
2025-11-18 11:00:00-05:00,237.45,238.33,234.258,236.19,38918.0
2025-11-18 11:05:00-05:00,236.6,239.35,236.49,238.51,54349.0
2025-11-18 11:10:00-05:00,239.0,241.51,238.5,240.415,58493.0
2025-11-18 11:15:00-05:00,240.415,241.89,239.22,240.94,58681.0
2025-11-18 11:20:00-05:00,240.77,243.1883,240.39,242.5,103268.0
2025-11-18 11:25:00-05:00,242.04,245.042,242.01,244.37,106464.0
2025-11-18 11:30:00-05:00,244.37,247.49,244.37,247.1,87438.0
2025-11-18 11:35:00-05:00,246.98,250.99,246.64,249.5,188011.0
2025-11-18 11:40:00-05:00,249.5,250.7,248.21,249.785,39786.0
2025-11-18 11:45:00-05:00,250.07,250.9,248.15,248.94,47482.0
2025-11-18 11:50:00-05:00,249.295,249.79,246.85,248.865,47811.0
2025-11-18 11:55:00-05:00,248.865,249.18,247.1,247.355,24746.0
2025-11-18 12:00:00-05:00,246.7601,249.73,246.7601,248.67,45324.0
2025-11-18 12:05:00-05:00,248.33,248.69,246.73,247.83,26315.0
2025-11-18 12:10:00-05:00,248.0,248.29,246.9601,247.53,29097.0
2025-11-18 12:15:00-05:00,247.7,248.71,247.245,247.66,33123.0
2025-11-18 12:20:00-05:00,247.915,249.2208,247.74,247.89,31506.0
2025-11-18 12:25:00-05:00,248.19,248.86,246.64,247.72,58444.0
2025-11-18 12:30:00-05:00,247.72,247.72,244.7,245.41,71922.0
2025-11-18 12:35:00-05:00,245.42,248.52,245.14,248.39,29575.0
2025-11-18 12:40:00-05:00,248.8335,249.0,247.105,248.1,52335.0
2025-11-18 12:45:00-05:00,247.94,248.6,246.515,248.2,34370.0
2025-11-18 12:50:00-05:00,248.09,249.55,247.57,249.55,33296.0
2025-11-18 12:55:00-05:00,249.43,252.66,248.78,251.87,63946.0
2025-11-18 13:00:00-05:00,252.1,252.83,250.75,251.05,70593.0
2025-11-18 13:05:00-05:00,251.12,252.37,250.43,250.895,78308.0
2025-11-18 13:10:00-05:00,251.0,251.75,250.71,251.395,21819.0
2025-11-18 13:15:00-05:00,251.0,252.43,250.71,251.0,26482.0
2025-11-18 13:20:00-05:00,251.64,252.4299,250.76,251.48,31688.0
2025-11-18 13:25:00-05:00,250.97,251.485,249.34,249.62,37694.0
2025-11-18 13:30:00-05:00,249.99,250.795,249.66,250.115,28903.0
2025-11-18 13:35:00-05:00,250.11,250.11,248.1,249.46,23218.0
2025-11-18 13:40:00-05:00,249.17,251.1599,248.97,249.87,23147.0
2025-11-18 13:45:00-05:00,249.9,250.43,249.17,250.24,14281.0
2025-11-18 13:50:00-05:00,249.81,250.255,248.5709,248.74,13104.0
2025-11-18 13:55:00-05:00,248.715,248.73,246.0,246.305,35659.0
2025-11-18 14:00:00-05:00,246.73,248.35,246.5901,247.62,16468.0
2025-11-18 14:05:00-05:00,247.62,248.5,247.0001,248.435,20614.0
2025-11-18 14:10:00-05:00,248.415,249.5,248.23,248.87,21003.0
2025-11-18 14:15:00-05:00,249.055,249.1125,247.95,248.91,17756.0
2025-11-18 14:20:00-05:00,248.7534,249.57,247.95,248.32,19823.0
2025-11-18 14:25:00-05:00,248.57,248.98,247.875,248.47,18478.0
2025-11-18 14:30:00-05:00,248.87,248.89,247.74,247.975,16031.0
2025-11-18 14:35:00-05:00,248.24,250.0,248.215,250.0,21282.0
2025-11-18 14:40:00-05:00,249.825,250.4643,248.535,248.92,24922.0
2025-11-18 14:45:00-05:00,249.24,250.2,248.59,249.625,32180.0
2025-11-18 14:50:00-05:00,249.625,249.74,248.23,248.24,21070.0
2025-11-18 14:55:00-05:00,248.09,249.65,248.02,249.2,42612.0
2025-11-18 15:00:00-05:00,249.22,249.895,247.71,248.32,58037.0
2025-11-18 15:05:00-05:00,248.25,249.53,248.205,248.915,18014.0
2025-11-18 15:10:00-05:00,248.91,249.49,248.14,249.035,37045.0
2025-11-18 15:15:00-05:00,249.34,250.0,248.395,248.74,38640.0
2025-11-18 15:20:00-05:00,248.85,249.09,246.85,246.9,32654.0
2025-11-18 15:25:00-05:00,246.8529,247.27,246.165,247.1975,56556.0
2025-11-18 15:30:00-05:00,247.41,248.0,246.89,247.16,35961.0
2025-11-18 15:35:00-05:00,247.45,248.21,247.29,247.51,38009.0
2025-11-18 15:40:00-05:00,247.775,248.18,247.15,247.91,32580.0
2025-11-18 15:45:00-05:00,247.9,248.67,247.8,247.81,53820.0
2025-11-18 15:50:00-05:00,248.1,249.38,247.98,249.04,92801.0
2025-11-18 15:55:00-05:00,248.955,249.11,247.09,247.32,212720.0
2025-11-19 09:30:00-05:00,258.96,262.0,253.95,260.1889,407494.0
2025-11-19 09:35:00-05:00,260.4959,262.0,259.2,259.98,167757.0
2025-11-19 09:40:00-05:00,260.06,262.32,259.21,261.94,194778.0
2025-11-19 09:45:00-05:00,261.91,269.8,261.39,269.125,435913.0
2025-11-19 09:50:00-05:00,269.205,273.36,268.13,272.045,298869.0
2025-11-19 09:55:00-05:00,272.045,274.0397,270.0,273.71,239166.0
2025-11-19 10:00:00-05:00,273.335,276.0,271.1689,274.59,152782.0
2025-11-19 10:05:00-05:00,273.87,277.8,273.67,276.12,203191.0
2025-11-19 10:10:00-05:00,276.34,276.9899,274.54,276.43,175485.0
2025-11-19 10:15:00-05:00,276.44,280.0,276.44,278.865,174260.0
2025-11-19 10:20:00-05:00,278.9715,279.0198,276.8,278.058,111747.0
2025-11-19 10:25:00-05:00,278.15,280.22,275.7001,279.75,149796.0
2025-11-19 10:30:00-05:00,279.84,279.97,274.27,274.74,181440.0
2025-11-19 10:35:00-05:00,274.61,276.08,274.45,274.855,87114.0
2025-11-19 10:40:00-05:00,274.765,277.64,273.71,277.035,78665.0
2025-11-19 10:45:00-05:00,277.035,277.035,272.22,272.505,68405.0
2025-11-19 10:50:00-05:00,272.51,274.969,272.21,274.12,69831.0
2025-11-19 10:55:00-05:00,273.81,275.7904,272.4,274.55,62988.0
2025-11-19 11:00:00-05:00,274.2701,275.32,270.05,271.625,109414.0
2025-11-19 11:05:00-05:00,271.92,272.44,270.47,270.98,64416.0
2025-11-19 11:10:00-05:00,270.51,271.305,269.56,270.0351,49186.0
2025-11-19 11:15:00-05:00,270.035,270.7,269.36,269.705,73665.0
2025-11-19 11:20:00-05:00,269.5875,270.49,267.8,268.18,102728.0
2025-11-19 11:25:00-05:00,268.14,268.5,266.44,266.615,84697.0
2025-11-19 11:30:00-05:00,266.61,266.93,265.7901,266.14,58427.0
2025-11-19 11:35:00-05:00,266.14,266.379,264.01,264.565,41872.0
2025-11-19 11:40:00-05:00,264.02,265.12,263.67,264.6,38046.0
2025-11-19 11:45:00-05:00,264.595,266.0,264.0,265.24,53851.0
2025-11-19 11:50:00-05:00,265.4599,265.84,263.76,265.67,55781.0
2025-11-19 11:55:00-05:00,265.59,266.63,264.66,266.53,56920.0
2025-11-19 12:00:00-05:00,266.58,267.27,262.79,262.795,75849.0
2025-11-19 12:05:00-05:00,262.94,263.63,261.81,262.34,35263.0
2025-11-19 12:10:00-05:00,262.5,262.5,259.73,260.03,50900.0
2025-11-19 12:15:00-05:00,259.73,260.56,258.4982,259.985,38997.0
2025-11-19 12:20:00-05:00,259.995,262.46,259.63,260.8,36553.0
2025-11-19 12:25:00-05:00,260.75,261.57,260.35,261.49,41994.0
2025-11-19 12:30:00-05:00,261.42,261.73,258.79,258.79,45109.0
2025-11-19 12:35:00-05:00,258.79,260.7565,257.42,260.31,48190.0
2025-11-19 12:40:00-05:00,260.14,264.8,260.06,263.58,97046.0
2025-11-19 12:45:00-05:00,264.11,264.71,262.61,263.805,41478.0
2025-11-19 12:50:00-05:00,264.04,267.269,264.0,264.925,74152.0
2025-11-19 12:55:00-05:00,265.25,266.0,264.9,265.75,22316.0
2025-11-19 13:00:00-05:00,265.425,266.78,265.1,266.49,26544.0
2025-11-19 13:05:00-05:00,266.4701,266.77,264.65,266.025,26923.0
2025-11-19 13:10:00-05:00,266.135,267.55,265.0801,266.92,25735.0
2025-11-19 13:15:00-05:00,266.94,267.04,265.97,266.18,28055.0
2025-11-19 13:20:00-05:00,266.43,267.31,266.24,266.51,42533.0
2025-11-19 13:25:00-05:00,266.68,267.1,265.06,265.1221,22378.0
2025-11-19 13:30:00-05:00,265.1625,266.97,265.1625,266.97,21009.0
2025-11-19 13:35:00-05:00,266.9699,268.86,266.24,268.02,29385.0
2025-11-19 13:40:00-05:00,268.14,268.14,265.24,266.2299,29458.0
2025-11-19 13:45:00-05:00,265.99,266.05,263.85,263.9805,36476.0
2025-11-19 13:50:00-05:00,264.54,266.14,264.54,265.24,18784.0
2025-11-19 13:55:00-05:00,265.01,266.55,265.0,265.695,24862.0
2025-11-19 14:00:00-05:00,265.84,265.89,263.5501,264.33,20353.0
2025-11-19 14:05:00-05:00,264.46,264.695,263.48,264.5,19300.0
2025-11-19 14:10:00-05:00,264.5,265.41,264.31,265.24,20279.0
2025-11-19 14:15:00-05:00,264.87,264.89,264.0,264.7974,18711.0
2025-11-19 14:20:00-05:00,264.8,266.02,264.7999,264.91,18930.0
2025-11-19 14:25:00-05:00,264.92,265.21,263.7,264.86,16297.0
2025-11-19 14:30:00-05:00,264.95,265.866,264.72,265.29,13633.0
2025-11-19 14:35:00-05:00,265.26,265.82,264.3,264.3,20595.0
2025-11-19 14:40:00-05:00,264.15,265.1,264.0,265.1,13954.0
2025-11-19 14:45:00-05:00,265.1,265.96,265.09,265.88,14181.0
2025-11-19 14:50:00-05:00,265.88,267.98,265.74,267.98,20006.0
2025-11-19 14:55:00-05:00,267.98,268.27,265.92,266.65,26803.0
2025-11-19 15:00:00-05:00,266.49,267.51,266.49,266.865,24873.0
2025-11-19 15:05:00-05:00,266.4,267.16,266.23,266.23,13375.0
2025-11-19 15:10:00-05:00,266.4,267.115,266.11,267.01,23926.0
2025-11-19 15:15:00-05:00,267.23,269.3,267.23,269.3,30376.0
2025-11-19 15:20:00-05:00,268.92,269.59,267.88,268.1799,40121.0
2025-11-19 15:25:00-05:00,268.43,268.43,267.39,267.615,29744.0
2025-11-19 15:30:00-05:00,267.97,268.0,267.14,267.3,23033.0
2025-11-19 15:35:00-05:00,267.39,269.39,267.39,268.63,33098.0
2025-11-19 15:40:00-05:00,268.65,268.78,267.57,267.87,48883.0
2025-11-19 15:45:00-05:00,267.87,268.07,267.1,267.27,52875.0
2025-11-19 15:50:00-05:00,267.23,269.56,267.03,269.48,93483.0
2025-11-19 15:55:00-05:00,269.59,271.16,268.717,268.93,228574.0
2025-11-20 09:30:00-05:00,280.0,282.3999,274.09,274.5386,402126.0
2025-11-20 09:35:00-05:00,274.6675,280.0,273.6438,275.1859,208616.0
2025-11-20 09:40:00-05:00,275.31,277.48,273.735,273.99,163700.0
2025-11-20 09:45:00-05:00,274.0,275.8237,269.765,272.02,131559.0
2025-11-20 09:50:00-05:00,272.38,276.27,272.15,276.11,60397.0
2025-11-20 09:55:00-05:00,276.07,281.8162,275.77,279.92,114651.0
2025-11-20 10:00:00-05:00,280.0,280.71,277.345,279.3375,82445.0
2025-11-20 10:05:00-05:00,279.4,279.75,277.34,277.34,63589.0
2025-11-20 10:10:00-05:00,277.67,278.71,276.13,276.95,100074.0
2025-11-20 10:15:00-05:00,276.495,280.71,276.23,278.87,75718.0
2025-11-20 10:20:00-05:00,278.68,278.68,274.07,277.335,56204.0
2025-11-20 10:25:00-05:00,276.7,280.11,275.8,279.61,100089.0
2025-11-20 10:30:00-05:00,279.61,281.72,279.21,281.72,67937.0
2025-11-20 10:35:00-05:00,281.73,282.6599,280.01,281.54,101483.0
2025-11-20 10:40:00-05:00,281.05,282.36,279.82,281.19,62297.0
2025-11-20 10:45:00-05:00,281.255,281.825,279.35,279.56,70858.0
2025-11-20 10:50:00-05:00,279.57,279.935,275.0,275.495,57923.0
2025-11-20 10:55:00-05:00,275.44,275.47,272.0,272.0001,44861.0
2025-11-20 11:00:00-05:00,272.47,274.5925,271.6872,272.815,66262.0
2025-11-20 11:05:00-05:00,272.9,272.9,271.3,271.31,41551.0
2025-11-20 11:10:00-05:00,271.815,271.815,268.44,268.93,115578.0
2025-11-20 11:15:00-05:00,268.93,269.37,266.92,267.715,50901.0
2025-11-20 11:20:00-05:00,268.03,268.565,263.955,263.955,76254.0
2025-11-20 11:25:00-05:00,264.25,264.48,262.49,263.215,123649.0
2025-11-20 11:30:00-05:00,262.78,263.01,260.4155,260.61,127263.0
2025-11-20 11:35:00-05:00,260.28,260.65,255.0,256.275,336760.0
2025-11-20 11:40:00-05:00,255.56,258.59,254.495,255.91,169662.0
2025-11-20 11:45:00-05:00,255.8,258.64,254.0728,258.49,111616.0
2025-11-20 11:50:00-05:00,258.49,259.9499,252.95,253.445,89989.0
2025-11-20 11:55:00-05:00,253.45,254.77,252.17,252.73,64977.0
2025-11-20 12:00:00-05:00,252.715,255.52,252.37,254.0,56958.0
2025-11-20 12:05:00-05:00,254.32,254.63,251.86,253.61,40202.0
2025-11-20 12:10:00-05:00,253.77,253.77,249.61,251.68,195983.0
2025-11-20 12:15:00-05:00,251.42,251.42,248.74,250.34,66086.0
2025-11-20 12:20:00-05:00,250.0,252.82,249.46,250.57,78455.0
2025-11-20 12:25:00-05:00,251.2619,252.7,249.8695,250.94,68227.0
2025-11-20 12:30:00-05:00,251.26,252.57,249.51,249.6801,55000.0
2025-11-20 12:35:00-05:00,250.06,250.3372,247.45,249.49,60642.0
2025-11-20 12:40:00-05:00,248.97,250.18,245.68,245.69,98728.0
2025-11-20 12:45:00-05:00,245.7,247.22,244.67,245.93,100073.0
2025-11-20 12:50:00-05:00,245.7,247.53,244.13,245.065,65538.0
2025-11-20 12:55:00-05:00,244.92,246.66,244.67,245.92,61229.0
2025-11-20 13:00:00-05:00,245.2,246.095,244.36,245.04,50427.0
2025-11-20 13:05:00-05:00,244.9961,248.2,244.9901,248.2,64889.0
2025-11-20 13:10:00-05:00,247.93,252.725,247.0,252.7,152603.0
2025-11-20 13:15:00-05:00,253.0,254.37,250.7001,252.965,161559.0
2025-11-20 13:20:00-05:00,252.98,254.345,248.42,248.8883,156694.0
2025-11-20 13:25:00-05:00,248.9352,249.75,248.0171,248.08,54396.0
2025-11-20 13:30:00-05:00,248.64,250.86,247.77,249.27,54862.0
2025-11-20 13:35:00-05:00,249.06,249.06,245.9,246.3629,17342.0
2025-11-20 13:40:00-05:00,245.97,246.6199,245.52,245.775,33594.0
2025-11-20 13:45:00-05:00,245.1709,245.62,243.4,244.5,44695.0
2025-11-20 13:50:00-05:00,244.2,244.95,243.08,243.47,41568.0
2025-11-20 13:55:00-05:00,243.2238,243.4,241.4001,243.07,77254.0
2025-11-20 14:00:00-05:00,243.07,243.68,241.305,241.805,48472.0
2025-11-20 14:05:00-05:00,241.77,242.08,239.01,241.635,68854.0
2025-11-20 14:10:00-05:00,241.81,243.14,241.15,242.005,39850.0
2025-11-20 14:15:00-05:00,241.67,241.67,239.67,240.24,64738.0
2025-11-20 14:20:00-05:00,240.65,242.02,240.22,240.82,47790.0
2025-11-20 14:25:00-05:00,240.755,244.0899,240.755,242.3,42417.0
2025-11-20 14:30:00-05:00,242.0,242.09,239.43,239.52,26045.0
2025-11-20 14:35:00-05:00,239.785,240.71,239.0,239.56,50942.0
2025-11-20 14:40:00-05:00,239.3212,240.73,238.121,240.47,24635.0
2025-11-20 14:45:00-05:00,240.59,240.94,239.5,239.565,21754.0
2025-11-20 14:50:00-05:00,239.3003,241.56,239.06,241.33,29105.0
2025-11-20 14:55:00-05:00,241.33,242.97,241.0,242.45,22068.0
2025-11-20 15:00:00-05:00,242.3,242.3,238.38,239.01,40979.0
2025-11-20 15:05:00-05:00,239.08,240.43,238.15,238.54,53100.0
2025-11-20 15:10:00-05:00,238.36,239.21,238.0,239.01,38021.0
2025-11-20 15:15:00-05:00,238.86,239.34,238.0,238.795,136014.0
2025-11-20 15:20:00-05:00,238.8,239.41,236.34,236.59,92120.0
2025-11-20 15:25:00-05:00,237.06,237.15,235.45,237.1,66555.0
2025-11-20 15:30:00-05:00,237.5861,237.61,234.0,234.845,91671.0
2025-11-20 15:35:00-05:00,234.74,235.655,234.06,234.45,127985.0
2025-11-20 15:40:00-05:00,234.45,234.934,233.3301,233.3301,77406.0
2025-11-20 15:45:00-05:00,233.68,234.03,230.855,230.98,116534.0
2025-11-20 15:50:00-05:00,231.145,232.17,229.585,230.52,207505.0
2025-11-20 15:55:00-05:00,230.85,233.78,230.85,233.111,299027.0
2025-11-21 09:30:00-05:00,249.5,259.0,249.0001,253.1,918596.0
2025-11-21 09:35:00-05:00,253.04,253.78,240.15,242.0,342298.0
2025-11-21 09:40:00-05:00,241.605,252.0,240.11,250.61,245813.0
2025-11-21 09:45:00-05:00,252.0,252.0,244.7,248.2,182774.0
2025-11-21 09:50:00-05:00,248.04,254.43,248.04,253.165,211883.0
2025-11-21 09:55:00-05:00,253.69,253.69,245.0101,245.0101,139214.0
2025-11-21 10:00:00-05:00,246.0,249.15,241.2681,243.68,154247.0
2025-11-21 10:05:00-05:00,244.17,248.38,242.9801,243.9405,103979.0
2025-11-21 10:10:00-05:00,244.65,244.65,239.24,242.27,276075.0
2025-11-21 10:15:00-05:00,242.0101,244.07,239.03,242.4299,170024.0
2025-11-21 10:20:00-05:00,242.045,245.8,239.57,244.61,123049.0
2025-11-21 10:25:00-05:00,244.5,245.49,238.79,238.95,120949.0
2025-11-21 10:30:00-05:00,238.68,238.81,234.74,234.74,156153.0
2025-11-21 10:35:00-05:00,234.94,237.17,233.72,237.17,129611.0
2025-11-21 10:40:00-05:00,236.49,241.999,235.375,240.1272,137376.0
2025-11-21 10:45:00-05:00,240.02,244.6,237.6,244.3,190827.0
2025-11-21 10:50:00-05:00,243.75,243.75,238.45,241.38,139229.0
2025-11-21 10:55:00-05:00,241.05,242.19,239.6531,240.86,45758.0
2025-11-21 11:00:00-05:00,240.96,241.6687,238.01,239.08,59519.0
2025-11-21 11:05:00-05:00,238.8,242.31,237.625,242.2,82220.0
2025-11-21 11:10:00-05:00,243.0,243.78,241.86,243.08,64627.0
2025-11-21 11:15:00-05:00,243.08,243.72,239.84,239.84,36987.0
2025-11-21 11:20:00-05:00,240.22,245.12,240.21,243.42,111467.0
2025-11-21 11:25:00-05:00,243.205,245.2,241.6,244.84,99595.0
2025-11-21 11:30:00-05:00,244.99,246.735,244.36,244.8,134008.0
2025-11-21 11:35:00-05:00,244.79,247.5,244.55,246.1,78682.0
2025-11-21 11:40:00-05:00,246.27,247.36,246.03,246.64,29439.0
2025-11-21 11:45:00-05:00,246.1701,247.22,245.435,246.81,54374.0
2025-11-21 11:50:00-05:00,246.5175,247.99,245.4201,247.43,104657.0
2025-11-21 11:55:00-05:00,247.62,248.65,246.96,247.29,127565.0
2025-11-21 12:00:00-05:00,247.29,249.86,245.495,249.72,99322.0
2025-11-21 12:05:00-05:00,249.7,250.37,247.7,249.745,52230.0
2025-11-21 12:10:00-05:00,249.735,249.735,246.98,247.915,117787.0
2025-11-21 12:15:00-05:00,247.76,248.94,246.7,246.75,34273.0
2025-11-21 12:20:00-05:00,246.7,249.56,246.3196,249.16,44714.0
2025-11-21 12:25:00-05:00,248.5,248.7144,246.33,247.62,27051.0
2025-11-21 12:30:00-05:00,248.29,248.66,247.5825,248.1267,13874.0
2025-11-21 12:35:00-05:00,247.76,248.58,247.425,248.09,20039.0
2025-11-21 12:40:00-05:00,247.7301,248.58,247.0,247.6975,18270.0
2025-11-21 12:45:00-05:00,247.795,249.61,247.48,249.55,37229.0
2025-11-21 12:50:00-05:00,249.5,251.52,248.5325,251.09,43958.0
2025-11-21 12:55:00-05:00,250.7,251.42,249.65,250.08,25030.0
2025-11-21 13:00:00-05:00,250.34,250.55,248.0,248.26,45349.0
2025-11-21 13:05:00-05:00,248.0001,248.94,246.435,248.25,35318.0
2025-11-21 13:10:00-05:00,248.6985,248.94,246.66,247.1865,30853.0
2025-11-21 13:15:00-05:00,247.15,247.94,246.29,247.59,23863.0
2025-11-21 13:20:00-05:00,247.78,248.39,246.14,246.37,17232.0
2025-11-21 13:25:00-05:00,246.37,248.0099,246.1401,247.05,13345.0
2025-11-21 13:30:00-05:00,247.0,248.79,246.9,247.5652,19465.0
2025-11-21 13:35:00-05:00,247.915,248.68,247.84,248.34,9214.0
2025-11-21 13:40:00-05:00,248.35,248.74,247.5975,248.215,18605.0
2025-11-21 13:45:00-05:00,248.378,252.51,247.01,252.32,47370.0
2025-11-21 13:50:00-05:00,252.55,253.67,251.6,252.0,34725.0
2025-11-21 13:55:00-05:00,251.41,252.65,251.38,252.24,27230.0
2025-11-21 14:00:00-05:00,252.43,253.688,252.0,253.275,31826.0
2025-11-21 14:05:00-05:00,253.26,254.0,252.41,253.7,25847.0
2025-11-21 14:10:00-05:00,253.685,254.41,252.74,253.165,47445.0
2025-11-21 14:15:00-05:00,253.23,253.89,252.5805,253.89,28798.0
2025-11-21 14:20:00-05:00,253.63,254.86,253.18,254.6154,33316.0
2025-11-21 14:25:00-05:00,254.855,255.86,254.77,255.7275,25991.0
2025-11-21 14:30:00-05:00,255.85,255.9,252.4538,252.775,51141.0
2025-11-21 14:35:00-05:00,253.05,255.01,252.5401,253.74,27012.0
2025-11-21 14:40:00-05:00,253.97,254.24,252.1,252.845,33712.0
2025-11-21 14:45:00-05:00,252.55,252.96,251.65,251.88,57547.0
2025-11-21 14:50:00-05:00,252.01,252.4,250.45,251.68,31070.0
2025-11-21 14:55:00-05:00,252.09,253.08,252.09,253.08,20289.0
2025-11-21 15:00:00-05:00,252.71,254.04,252.4401,253.01,23169.0
2025-11-21 15:05:00-05:00,252.665,254.1,252.36,253.535,25058.0
2025-11-21 15:10:00-05:00,253.68,254.291,253.14,253.41,38975.0
2025-11-21 15:15:00-05:00,253.29,253.83,252.4,253.42,24715.0
2025-11-21 15:20:00-05:00,253.58,254.16,252.98,254.16,29907.0
2025-11-21 15:25:00-05:00,254.23,254.5,253.65,254.05,30705.0
2025-11-21 15:30:00-05:00,253.995,253.995,252.81,253.66,37538.0
2025-11-21 15:35:00-05:00,253.9,255.08,253.79,254.675,58036.0
2025-11-21 15:40:00-05:00,254.675,255.18,253.7901,255.16,59299.0
2025-11-21 15:45:00-05:00,255.16,256.45,254.9201,256.09,78308.0
2025-11-21 15:50:00-05:00,255.97,256.71,254.5,255.355,133419.0
2025-11-21 15:55:00-05:00,255.1301,256.42,255.0201,255.529,322150.0
2025-11-24 09:30:00-05:00,267.2,277.9827,266.005,276.26,513621.0
2025-11-24 09:35:00-05:00,275.755,282.0,274.0,281.75,428428.0
2025-11-24 09:40:00-05:00,281.66,285.23,277.66,283.49,384418.0
2025-11-24 09:45:00-05:00,283.46,288.91,283.0,286.2894,321085.0
2025-11-24 09:50:00-05:00,286.5,289.67,285.1101,287.76,246416.0
2025-11-24 09:55:00-05:00,287.47,291.66,286.17,289.92,214577.0
2025-11-24 10:00:00-05:00,289.69,292.46,288.75,290.68,184639.0
2025-11-24 10:05:00-05:00,290.98,291.95,286.68,287.2473,179766.0
2025-11-24 10:10:00-05:00,286.8,288.42,285.825,287.05,103109.0
2025-11-24 10:15:00-05:00,287.2108,288.66,284.9391,285.36,95171.0
2025-11-24 10:20:00-05:00,285.355,288.88,285.11,286.1472,96324.0
2025-11-24 10:25:00-05:00,286.13,289.11,284.55,287.75,105976.0
2025-11-24 10:30:00-05:00,287.1625,288.45,286.03,288.45,48614.0
2025-11-24 10:35:00-05:00,288.46,291.38,288.12,291.14,77562.0
2025-11-24 10:40:00-05:00,290.76,291.36,289.685,290.79,72339.0
2025-11-24 10:45:00-05:00,290.46,291.9399,290.19,291.705,71081.0
2025-11-24 10:50:00-05:00,291.52,291.89,286.03,286.72,108239.0
2025-11-24 10:55:00-05:00,286.7534,286.8999,284.86,284.93,122522.0
2025-11-24 11:00:00-05:00,285.04,287.76,284.835,287.22,186244.0
2025-11-24 11:05:00-05:00,287.03,289.7531,287.03,289.22,68074.0
2025-11-24 11:10:00-05:00,289.225,289.25,287.465,288.88,38474.0
2025-11-24 11:15:00-05:00,288.9,290.71,288.27,290.7,59952.0
2025-11-24 11:20:00-05:00,290.7,291.29,288.62,291.25,75216.0
2025-11-24 11:25:00-05:00,291.1105,291.39,289.2901,289.95,62370.0
2025-11-24 11:30:00-05:00,289.44,291.2,289.4107,290.74,48243.0
2025-11-24 11:35:00-05:00,290.68,291.8,289.35,290.48,54477.0
2025-11-24 11:40:00-05:00,290.55,292.05,289.83,291.43,44430.0
2025-11-24 11:45:00-05:00,291.43,292.6,291.07,291.4,61070.0
2025-11-24 11:50:00-05:00,291.34,291.36,289.6,289.95,37250.0
2025-11-24 11:55:00-05:00,289.78,290.0,288.77,289.75,39755.0
2025-11-24 12:00:00-05:00,290.0,291.285,290.0,290.815,58911.0
2025-11-24 12:05:00-05:00,290.99,291.86,290.41,291.18,26516.0
2025-11-24 12:10:00-05:00,290.99,291.93,290.99,291.7,25178.0
2025-11-24 12:15:00-05:00,291.6093,293.7,291.51,293.2,60515.0
2025-11-24 12:20:00-05:00,293.375,295.05,292.9,294.205,71808.0
2025-11-24 12:25:00-05:00,294.04,294.205,293.1,293.98,31925.0
2025-11-24 12:30:00-05:00,293.99,295.15,293.78,294.675,51600.0
2025-11-24 12:35:00-05:00,294.535,294.61,293.08,294.61,45674.0
2025-11-24 12:40:00-05:00,294.61,295.31,294.1601,294.965,54159.0
2025-11-24 12:45:00-05:00,295.05,295.4,294.17,294.66,59815.0
2025-11-24 12:50:00-05:00,294.545,294.8999,293.6,293.67,68129.0
2025-11-24 12:55:00-05:00,293.49,294.22,293.25,294.095,58170.0
2025-11-24 13:00:00-05:00,294.2,294.93,293.68,293.8539,34485.0
2025-11-24 13:05:00-05:00,293.67,293.825,292.6,293.245,32151.0
2025-11-24 13:10:00-05:00,293.39,295.02,293.38,294.97,40524.0
2025-11-24 13:15:00-05:00,294.99,295.15,293.3301,293.78,49640.0
2025-11-24 13:20:00-05:00,293.77,294.06,292.3,293.41,28458.0
2025-11-24 13:25:00-05:00,293.28,293.8,292.765,293.0,17107.0
2025-11-24 13:30:00-05:00,293.15,293.48,292.6681,292.865,19004.0
2025-11-24 13:35:00-05:00,293.01,294.02,292.6691,293.88,33175.0
2025-11-24 13:40:00-05:00,293.82,293.93,293.34,293.67,44307.0
2025-11-24 13:45:00-05:00,293.74,293.95,292.78,293.14,64631.0
2025-11-24 13:50:00-05:00,293.14,293.14,291.33,292.52,27743.0
2025-11-24 13:55:00-05:00,292.44,293.0,291.98,292.37,29677.0
2025-11-24 14:00:00-05:00,292.295,293.5,292.295,292.555,24784.0
2025-11-24 14:05:00-05:00,292.65,292.81,291.97,292.16,28325.0
2025-11-24 14:10:00-05:00,292.07,293.169,292.07,292.92,44094.0
2025-11-24 14:15:00-05:00,293.09,294.3,292.94,294.12,26677.0
2025-11-24 14:20:00-05:00,294.11,294.76,293.73,294.4,42787.0
2025-11-24 14:25:00-05:00,294.38,294.9,294.19,294.31,39681.0
2025-11-24 14:30:00-05:00,294.31,294.72,293.56,294.3,26815.0
2025-11-24 14:35:00-05:00,293.9,294.66,293.04,294.66,29317.0
2025-11-24 14:40:00-05:00,294.38,294.6,293.59,294.1571,16566.0
2025-11-24 14:45:00-05:00,294.43,294.56,293.5,293.69,110760.0
2025-11-24 14:50:00-05:00,293.9,293.97,292.04,293.09,40003.0
2025-11-24 14:55:00-05:00,293.17,293.34,292.44,292.5391,30300.0
2025-11-24 15:00:00-05:00,292.79,295.04,292.7684,294.8177,41198.0
2025-11-24 15:05:00-05:00,295.0632,295.64,294.2,295.2,42089.0
2025-11-24 15:10:00-05:00,295.085,295.68,294.765,295.68,39965.0
2025-11-24 15:15:00-05:00,295.67,296.89,295.63,296.44,40852.0
2025-11-24 15:20:00-05:00,296.3,296.54,295.68,295.68,67544.0
2025-11-24 15:25:00-05:00,295.4,295.7824,295.0401,295.45,35519.0
2025-11-24 15:30:00-05:00,295.4,296.74,295.07,295.54,57186.0
2025-11-24 15:35:00-05:00,295.425,296.7,295.198,296.3,49519.0
2025-11-24 15:40:00-05:00,296.25,297.08,295.12,295.46,68468.0
2025-11-24 15:45:00-05:00,295.48,297.48,295.48,297.46,89852.0
2025-11-24 15:50:00-05:00,297.48,299.17,297.27,298.98,161800.0
2025-11-24 15:55:00-05:00,299.04,300.0,297.88,299.375,370948.0
2025-11-25 09:30:00-05:00,293.28,293.28,286.36,290.77,509085.0
2025-11-25 09:35:00-05:00,290.49,290.7,284.55,287.51,237934.0
2025-11-25 09:40:00-05:00,287.54,288.55,283.07,284.2,201900.0
2025-11-25 09:45:00-05:00,283.695,286.29,281.045,283.5,169059.0
2025-11-25 09:50:00-05:00,283.1,290.1,282.5001,289.7625,157335.0
2025-11-25 09:55:00-05:00,289.98,295.9226,289.2,294.785,169790.0
2025-11-25 10:00:00-05:00,294.58,294.9,289.81,290.305,146167.0
2025-11-25 10:05:00-05:00,289.72,292.5,288.1,290.0,77719.0
2025-11-25 10:10:00-05:00,290.28,291.23,286.37,286.825,78850.0
2025-11-25 10:15:00-05:00,286.77,290.0,286.68,289.25,57745.0
2025-11-25 10:20:00-05:00,289.2745,291.1099,287.87,288.695,60380.0
2025-11-25 10:25:00-05:00,288.99,291.27,288.77,291.14,93460.0
2025-11-25 10:30:00-05:00,291.285,293.01,290.43,290.815,68401.0
2025-11-25 10:35:00-05:00,290.5,291.8,289.1,290.235,101052.0
2025-11-25 10:40:00-05:00,290.235,291.36,289.44,290.73,50541.0
2025-11-25 10:45:00-05:00,290.79,291.6299,288.35,288.35,70442.0
2025-11-25 10:50:00-05:00,288.0,289.7553,286.01,286.11,58929.0
2025-11-25 10:55:00-05:00,286.36,287.4,284.75,286.34,97930.0
2025-11-25 11:00:00-05:00,285.71,286.015,284.01,284.7,53600.0
2025-11-25 11:05:00-05:00,285.17,285.17,282.29,282.37,71973.0
2025-11-25 11:10:00-05:00,282.33,283.89,281.55,283.02,85622.0
2025-11-25 11:15:00-05:00,283.0201,285.11,282.99,284.9,44017.0
2025-11-25 11:20:00-05:00,284.96,287.02,284.835,284.89,44304.0
2025-11-25 11:25:00-05:00,285.27,285.33,283.34,283.36,34481.0
2025-11-25 11:30:00-05:00,283.95,284.705,283.08,284.005,90992.0
2025-11-25 11:35:00-05:00,284.02,284.065,282.93,283.26,32345.0
2025-11-25 11:40:00-05:00,283.69,283.76,282.7722,283.24,63355.0
2025-11-25 11:45:00-05:00,283.38,283.9599,281.81,281.81,48917.0
2025-11-25 11:50:00-05:00,282.0,283.6137,282.0,282.6601,58302.0
2025-11-25 11:55:00-05:00,282.66,283.1,281.82,282.52,65892.0
2025-11-25 12:00:00-05:00,282.69,283.05,281.94,282.48,29198.0
2025-11-25 12:05:00-05:00,282.56,283.03,282.0,282.46,48395.0
2025-11-25 12:10:00-05:00,282.32,283.09,281.55,283.07,44610.0
2025-11-25 12:15:00-05:00,282.86,283.1362,280.63,282.52,63313.0
2025-11-25 12:20:00-05:00,282.51,284.34,282.005,283.9969,62760.0
2025-11-25 12:25:00-05:00,284.05,284.2,282.17,282.495,31135.0
2025-11-25 12:30:00-05:00,282.33,284.7299,282.33,284.42,47186.0
2025-11-25 12:35:00-05:00,284.53,286.82,284.25,285.05,62438.0
2025-11-25 12:40:00-05:00,285.025,286.7023,284.7571,286.51,26883.0
2025-11-25 12:45:00-05:00,286.31,287.1944,285.02,285.77,45558.0
2025-11-25 12:50:00-05:00,285.56,286.89,284.69,285.69,31489.0
2025-11-25 12:55:00-05:00,285.59,286.42,285.11,285.39,30760.0
2025-11-25 13:00:00-05:00,285.76,287.73,285.76,287.72,85581.0
2025-11-25 13:05:00-05:00,287.73,288.53,287.35,287.93,37021.0
2025-11-25 13:10:00-05:00,288.0,288.68,287.33,287.965,28677.0
2025-11-25 13:15:00-05:00,288.19,288.3298,287.57,287.85,18461.0
2025-11-25 13:20:00-05:00,287.85,289.05,287.52,288.8364,21976.0
2025-11-25 13:25:00-05:00,288.54,289.03,288.18,289.03,113424.0
2025-11-25 13:30:00-05:00,289.04,289.23,288.54,288.9,28280.0
2025-11-25 13:35:00-05:00,289.065,289.47,288.2801,289.265,24318.0
2025-11-25 13:40:00-05:00,289.26,290.1,288.5001,289.06,32367.0
2025-11-25 13:45:00-05:00,289.06,290.84,288.785,289.625,34847.0
2025-11-25 13:50:00-05:00,289.64,289.72,288.679,289.45,32335.0
2025-11-25 13:55:00-05:00,289.63,289.63,288.66,288.66,16712.0
2025-11-25 14:00:00-05:00,289.02,289.73,288.83,289.34,16537.0
2025-11-25 14:05:00-05:00,289.4899,290.36,289.37,290.29,23034.0
2025-11-25 14:10:00-05:00,290.175,291.17,290.175,290.83,27011.0
2025-11-25 14:15:00-05:00,290.87,291.04,290.18,291.04,22691.0
2025-11-25 14:20:00-05:00,290.95,291.64,290.42,290.45,31776.0
2025-11-25 14:25:00-05:00,290.32,290.9699,290.2,290.8125,20178.0
2025-11-25 14:30:00-05:00,290.88,291.05,290.12,291.05,16341.0
2025-11-25 14:35:00-05:00,290.835,291.16,289.66,289.96,30673.0
2025-11-25 14:40:00-05:00,289.875,290.0,289.21,289.68,19055.0
2025-11-25 14:45:00-05:00,289.78,290.65,289.78,290.37,19067.0
2025-11-25 14:50:00-05:00,290.23,291.58,290.23,291.0901,21141.0
2025-11-25 14:55:00-05:00,291.08,292.09,291.08,292.07,23386.0
2025-11-25 15:00:00-05:00,292.24,292.86,292.08,292.725,23542.0
2025-11-25 15:05:00-05:00,292.59,292.78,291.81,292.005,29298.0
2025-11-25 15:10:00-05:00,291.74,291.745,290.44,291.06,34795.0
2025-11-25 15:15:00-05:00,290.85,291.06,290.155,290.26,22370.0
2025-11-25 15:20:00-05:00,290.31,290.55,289.7242,290.55,27219.0
2025-11-25 15:25:00-05:00,290.3925,290.6763,290.06,290.3,24907.0
2025-11-25 15:30:00-05:00,290.34,290.99,290.2023,290.73,21413.0
2025-11-25 15:35:00-05:00,290.71,290.8,290.27,290.36,18430.0
2025-11-25 15:40:00-05:00,290.67,291.1699,290.34,290.54,33566.0
2025-11-25 15:45:00-05:00,290.47,291.69,290.03,291.04,38183.0
2025-11-25 15:50:00-05:00,291.05,292.32,290.8158,291.1499,71448.0
2025-11-25 15:55:00-05:00,291.15,291.73,290.59,291.399,195478.0
2025-11-26 09:30:00-05:00,289.76,291.0,279.06,284.865,245993.0
2025-11-26 09:35:00-05:00,285.21,289.76,282.88,289.75,120968.0
2025-11-26 09:40:00-05:00,289.76,295.99,288.7,295.236,122879.0
2025-11-26 09:45:00-05:00,295.55,297.18,293.0,295.89,88887.0
2025-11-26 09:50:00-05:00,295.245,296.92,292.7168,294.485,81485.0
2025-11-26 09:55:00-05:00,294.48,295.0,291.66,292.625,75562.0
2025-11-26 10:00:00-05:00,292.23,298.0,291.115,296.565,94251.0
2025-11-26 10:05:00-05:00,296.5195,297.69,294.8444,296.54,57512.0
2025-11-26 10:10:00-05:00,295.7901,297.87,294.8,295.53,68241.0
2025-11-26 10:15:00-05:00,295.73,297.18,294.67,295.94,50292.0
2025-11-26 10:20:00-05:00,295.98,299.7699,295.5,297.16,84335.0
2025-11-26 10:25:00-05:00,297.16,301.0,297.145,299.29,116625.0
2025-11-26 10:30:00-05:00,299.5,302.5,298.59,302.2,147456.0
2025-11-26 10:35:00-05:00,302.01,303.97,301.1701,303.97,59965.0
2025-11-26 10:40:00-05:00,304.0,304.85,302.5,303.3811,101223.0
2025-11-26 10:45:00-05:00,303.04,303.17,300.0,300.725,61278.0
2025-11-26 10:50:00-05:00,300.5,300.97,298.2,299.87,155818.0
2025-11-26 10:55:00-05:00,299.5,300.0,297.0,298.495,94964.0
2025-11-26 11:00:00-05:00,298.29,301.29,297.87,301.289,55456.0
2025-11-26 11:05:00-05:00,301.0,302.245,300.3802,301.88,55948.0
2025-11-26 11:10:00-05:00,302.045,303.33,301.321,301.875,31265.0
2025-11-26 11:15:00-05:00,301.925,302.05,300.06,300.07,46566.0
2025-11-26 11:20:00-05:00,300.6,301.0,300.49,300.505,9227.0
2025-11-26 11:25:00-05:00,300.0,302.28,299.64,301.255,23470.0
2025-11-26 11:30:00-05:00,301.04,302.8,300.69,301.29,15026.0
2025-11-26 11:35:00-05:00,301.29,302.58,300.0,301.16,53109.0
2025-11-26 11:40:00-05:00,301.17,301.83,300.65,301.42,21905.0
2025-11-26 11:45:00-05:00,301.12,301.7,300.61,300.75,12186.0
2025-11-26 11:50:00-05:00,300.47,302.24,300.08,301.525,16271.0
2025-11-26 11:55:00-05:00,301.755,302.5,301.2,301.43,7633.0
2025-11-26 12:00:00-05:00,301.79,302.43,300.5,300.635,15164.0
2025-11-26 12:05:00-05:00,300.595,301.35,298.79,299.96,31520.0
2025-11-26 12:10:00-05:00,300.02,300.72,297.28,298.2,30106.0
2025-11-26 12:15:00-05:00,298.2,298.65,296.735,297.0,16496.0
2025-11-26 12:20:00-05:00,297.0,299.265,297.0,299.265,11811.0
2025-11-26 12:25:00-05:00,299.275,299.66,298.14,298.35,10712.0
2025-11-26 12:30:00-05:00,298.48,299.3499,298.48,298.705,9776.0
2025-11-26 12:35:00-05:00,298.84,298.93,298.32,298.8794,6769.0
2025-11-26 12:40:00-05:00,298.98,299.14,298.28,298.925,6193.0
2025-11-26 12:45:00-05:00,298.82,298.94,298.0,298.58,10743.0
2025-11-26 12:50:00-05:00,298.45,298.56,297.71,297.917,9692.0
2025-11-26 12:55:00-05:00,298.28,299.2,297.9,298.54,6045.0
2025-11-26 13:00:00-05:00,298.33,300.2293,298.33,299.57,12810.0
2025-11-26 13:05:00-05:00,299.2,300.43,297.6,297.8744,15168.0
2025-11-26 13:10:00-05:00,299.07,306.75,298.8,305.5408,107357.0
2025-11-26 13:15:00-05:00,305.435,305.91,303.51,304.62,55241.0
2025-11-26 13:20:00-05:00,303.97,304.99,303.0,303.87,23287.0
2025-11-26 13:25:00-05:00,303.845,304.7299,303.5,304.095,27555.0
2025-11-26 13:30:00-05:00,304.06,305.7,303.5,304.27,16481.0
2025-11-26 13:35:00-05:00,304.69,306.0,304.54,305.64,23857.0
2025-11-26 13:40:00-05:00,305.64,306.99,305.45,306.3357,26689.0
2025-11-26 13:45:00-05:00,306.3188,307.5757,306.28,306.51,15466.0
2025-11-26 13:50:00-05:00,306.74,307.87,306.46,306.5,32146.0
2025-11-26 13:55:00-05:00,306.42,307.1799,305.3501,306.65,27442.0
2025-11-26 14:00:00-05:00,306.675,309.05,306.3,308.815,53356.0
2025-11-26 14:05:00-05:00,308.7485,309.6999,308.36,308.57,32703.0
2025-11-26 14:10:00-05:00,308.475,309.42,307.61,309.42,22790.0
2025-11-26 14:15:00-05:00,309.2499,309.849,308.51,309.44,22348.0
2025-11-26 14:20:00-05:00,309.83,309.87,308.7438,309.2501,23055.0
2025-11-26 14:25:00-05:00,309.25,310.62,309.1,310.47,23310.0
2025-11-26 14:30:00-05:00,310.475,311.7599,310.18,310.835,71593.0
2025-11-26 14:35:00-05:00,310.705,310.91,310.14,310.5,29746.0
2025-11-26 14:40:00-05:00,309.8801,311.23,309.73,310.74,28870.0
2025-11-26 14:45:00-05:00,310.96,312.0,309.76,310.21,41842.0
2025-11-26 14:50:00-05:00,310.2,310.865,309.75,310.23,18532.0
2025-11-26 14:55:00-05:00,310.19,310.8,309.54,310.56,14918.0
2025-11-26 15:00:00-05:00,310.41,311.83,310.22,311.57,37726.0
2025-11-26 15:05:00-05:00,311.5173,312.0,310.96,311.6,17420.0
2025-11-26 15:10:00-05:00,311.45,312.99,311.27,312.63,52458.0
2025-11-26 15:15:00-05:00,312.255,312.54,311.25,311.435,13963.0
2025-11-26 15:20:00-05:00,311.3387,312.3581,310.64,310.88,28404.0
2025-11-26 15:25:00-05:00,310.61,310.61,309.405,309.405,30707.0
2025-11-26 15:30:00-05:00,309.365,310.18,308.03,309.92,34044.0
2025-11-26 15:35:00-05:00,309.46,310.6,309.1,309.5588,35808.0
2025-11-26 15:40:00-05:00,309.69,311.27,309.28,310.9335,25812.0
2025-11-26 15:45:00-05:00,311.13,312.21,310.6,310.93,46980.0
2025-11-26 15:50:00-05:00,311.34,311.55,307.69,308.0,69531.0
2025-11-26 15:55:00-05:00,308.33,308.75,307.385,308.26,239148.0
2025-11-28 09:30:00-05:00,307.74,312.74,306.02,309.92,234803.0
2025-11-28 09:35:00-05:00,309.92,315.0,309.36,311.0,100406.0
2025-11-28 09:40:00-05:00,310.96,312.98,307.0,311.855,114014.0
2025-11-28 09:45:00-05:00,311.58,311.58,308.37,310.07,66962.0
2025-11-28 09:50:00-05:00,310.9,311.19,308.3601,309.805,41940.0
2025-11-28 09:55:00-05:00,309.42,312.74,309.11,311.56,32555.0
2025-11-28 10:00:00-05:00,311.86,312.745,310.96,311.87,28878.0
2025-11-28 10:05:00-05:00,312.19,313.4851,310.32,313.1811,57553.0
2025-11-28 10:10:00-05:00,313.0,313.16,310.1,311.6,36532.0
2025-11-28 10:15:00-05:00,312.7625,313.8748,311.98,313.71,40955.0
2025-11-28 10:20:00-05:00,313.9,314.43,312.7001,314.185,30150.0
2025-11-28 10:25:00-05:00,314.175,315.8,313.0,313.77,37375.0
2025-11-28 10:30:00-05:00,313.83,315.8,312.51,315.04,40059.0
2025-11-28 10:35:00-05:00,315.69,316.19,314.63,316.17,46555.0
2025-11-28 10:40:00-05:00,316.36,317.265,315.815,316.1,31507.0
2025-11-28 10:45:00-05:00,316.0104,318.97,316.0104,318.58,32286.0
2025-11-28 10:50:00-05:00,319.32,319.5,317.0401,317.81,44476.0
2025-11-28 10:55:00-05:00,317.65,317.81,316.66,317.57,26213.0
2025-11-28 11:00:00-05:00,317.46,318.13,317.3442,317.935,15627.0
2025-11-28 11:05:00-05:00,317.94,320.31,317.6501,319.9,46975.0
2025-11-28 11:10:00-05:00,319.77,320.1,319.21,319.34,24718.0
2025-11-28 11:15:00-05:00,319.3,319.783,318.04,318.6,41077.0
2025-11-28 11:20:00-05:00,318.13,319.045,317.26,319.0,35434.0
2025-11-28 11:25:00-05:00,318.92,319.035,317.0201,318.775,21105.0
2025-11-28 11:30:00-05:00,318.77,319.585,317.985,319.215,30867.0
2025-11-28 11:35:00-05:00,319.06,319.585,318.37,319.2184,27490.0
2025-11-28 11:40:00-05:00,319.29,319.57,318.31,319.26,22580.0
2025-11-28 11:45:00-05:00,319.57,319.94,318.05,318.45,27721.0
2025-11-28 11:50:00-05:00,318.38,319.57,318.38,319.45,17941.0
2025-11-28 11:55:00-05:00,319.355,320.515,319.14,320.44,30290.0
2025-11-28 12:00:00-05:00,320.58,320.66,319.52,320.66,34212.0
2025-11-28 12:05:00-05:00,320.68,322.0699,320.68,321.41,32039.0
2025-11-28 12:10:00-05:00,322.06,322.635,321.29,321.96,32722.0
2025-11-28 12:15:00-05:00,322.165,322.535,321.19,322.08,33625.0
2025-11-28 12:20:00-05:00,322.1234,322.54,321.41,321.445,31465.0
2025-11-28 12:25:00-05:00,321.5032,322.3,321.29,322.3,38675.0
2025-11-28 12:30:00-05:00,322.29,323.17,322.1,322.34,46418.0
2025-11-28 12:35:00-05:00,322.745,323.46,322.19,322.41,41791.0
2025-11-28 12:40:00-05:00,322.26,323.25,321.5001,322.105,57403.0
2025-11-28 12:45:00-05:00,321.86,323.56,321.81,323.23,37185.0
2025-11-28 12:50:00-05:00,323.13,324.578,322.921,323.34,95580.0
2025-11-28 12:55:00-05:00,323.53,325.46,323.445,325.16,152455.0
2025-11-28 13:00:00-05:00,325.16,325.16,325.16,325.16,88110.0
2025-12-01 09:30:00-05:00,314.99,316.0,312.0,313.72,208730.0
2025-12-01 09:35:00-05:00,314.0,315.0,310.47,310.47,156025.0
2025-12-01 09:40:00-05:00,310.245,311.54,307.51,310.875,203258.0
2025-12-01 09:45:00-05:00,311.165,317.0,310.0,314.575,162158.0
2025-12-01 09:50:00-05:00,315.0,316.5,314.0,315.375,128247.0
2025-12-01 09:55:00-05:00,315.375,316.0,310.26,310.66,125311.0
2025-12-01 10:00:00-05:00,310.77,311.14,306.1601,308.9341,274304.0
2025-12-01 10:05:00-05:00,308.73,315.4,308.64,314.5048,101121.0
2025-12-01 10:10:00-05:00,313.95,315.0,312.4593,313.31,85608.0
2025-12-01 10:15:00-05:00,313.14,316.0,312.8,315.99,73513.0
2025-12-01 10:20:00-05:00,315.99,316.35,314.0,314.72,108152.0
2025-12-01 10:25:00-05:00,314.24,316.3499,313.83,314.8,78922.0
2025-12-01 10:30:00-05:00,315.7475,316.84,312.95,313.49,50422.0
2025-12-01 10:35:00-05:00,313.485,318.0,312.865,315.67,90156.0
2025-12-01 10:40:00-05:00,316.51,317.65,314.29,317.65,56087.0
2025-12-01 10:45:00-05:00,317.66,318.79,317.2,318.5274,49188.0
2025-12-01 10:50:00-05:00,318.79,321.32,318.4,319.56,94251.0
2025-12-01 10:55:00-05:00,319.995,319.995,318.25,318.4,33307.0
2025-12-01 11:00:00-05:00,318.395,318.4547,315.519,316.265,45634.0
2025-12-01 11:05:00-05:00,316.265,316.265,314.02,314.365,26777.0
2025-12-01 11:10:00-05:00,314.17,317.03,313.54,317.02,31536.0
2025-12-01 11:15:00-05:00,317.03,317.98,316.32,316.6,37458.0
2025-12-01 11:20:00-05:00,316.64,318.77,316.6,317.305,15824.0
2025-12-01 11:25:00-05:00,317.25,318.77,317.16,317.7799,25586.0
2025-12-01 11:30:00-05:00,317.31,317.82,315.17,317.105,23630.0
2025-12-01 11:35:00-05:00,317.7,317.83,316.37,316.87,9827.0
2025-12-01 11:40:00-05:00,317.11,317.12,316.02,316.225,22736.0
2025-12-01 11:45:00-05:00,316.43,316.7753,315.19,315.295,178833.0
2025-12-01 11:50:00-05:00,315.015,315.79,314.55,315.475,17825.0
2025-12-01 11:55:00-05:00,315.21,316.385,315.18,316.16,13531.0
2025-12-01 12:00:00-05:00,316.43,318.34,316.43,317.92,26706.0
2025-12-01 12:05:00-05:00,317.95,317.95,317.0001,317.33,19433.0
2025-12-01 12:10:00-05:00,317.65,317.65,316.67,317.04,16154.0
2025-12-01 12:15:00-05:00,316.825,317.1293,315.7401,315.7401,24494.0
2025-12-01 12:20:00-05:00,316.16,317.5799,315.81,317.185,11045.0
2025-12-01 12:25:00-05:00,317.25,317.56,316.75,317.38,19428.0
2025-12-01 12:30:00-05:00,317.345,318.38,317.345,318.14,14401.0
2025-12-01 12:35:00-05:00,317.94,318.88,317.91,318.3,16271.0
2025-12-01 12:40:00-05:00,318.44,319.2,318.1836,319.1682,17906.0
2025-12-01 12:45:00-05:00,319.21,319.93,319.01,319.525,15698.0
2025-12-01 12:50:00-05:00,319.37,319.428,317.5,317.925,20610.0
2025-12-01 12:55:00-05:00,317.925,318.08,317.32,317.32,14241.0
2025-12-01 13:00:00-05:00,317.59,317.74,316.44,317.105,26238.0
2025-12-01 13:05:00-05:00,317.11,317.3,316.329,317.105,18673.0
2025-12-01 13:10:00-05:00,317.48,318.5,317.135,318.115,12385.0
2025-12-01 13:15:00-05:00,318.125,318.7,317.87,318.325,13985.0
2025-12-01 13:20:00-05:00,318.32,319.1,317.6,318.8433,19075.0
2025-12-01 13:25:00-05:00,319.02,320.3,318.99,319.95,13646.0
2025-12-01 13:30:00-05:00,320.14,320.91,319.55,320.91,25179.0
2025-12-01 13:35:00-05:00,320.55,320.72,317.92,318.42,22988.0
2025-12-01 13:40:00-05:00,318.14,319.08,317.575,319.01,29686.0
2025-12-01 13:45:00-05:00,318.975,320.01,318.84,320.01,7909.0
2025-12-01 13:50:00-05:00,319.965,321.18,319.96,321.0,12493.0
2025-12-01 13:55:00-05:00,320.735,321.18,320.4,320.44,20729.0
2025-12-01 14:00:00-05:00,320.4,320.535,319.16,319.54,13408.0
2025-12-01 14:05:00-05:00,319.545,319.545,317.56,317.675,18867.0
2025-12-01 14:10:00-05:00,317.675,318.7,317.2,318.28,14369.0
2025-12-01 14:15:00-05:00,318.29,318.69,317.2,317.44,20094.0
2025-12-01 14:20:00-05:00,317.44,318.12,316.2401,316.755,20833.0
2025-12-01 14:25:00-05:00,316.755,317.88,316.755,317.88,6932.0
2025-12-01 14:30:00-05:00,317.365,317.5,316.1501,317.19,34987.0
2025-12-01 14:35:00-05:00,317.53,318.51,317.08,317.75,18412.0
2025-12-01 14:40:00-05:00,317.565,318.1199,316.0,316.38,18326.0
2025-12-01 14:45:00-05:00,316.67,318.5,316.32,318.5,16902.0
2025-12-01 14:50:00-05:00,318.53,319.75,318.324,319.43,12329.0
2025-12-01 14:55:00-05:00,319.53,319.6,318.8,319.05,34276.0
2025-12-01 15:00:00-05:00,319.07,320.5,319.07,320.05,42791.0
2025-12-01 15:05:00-05:00,320.25,320.9699,319.8,320.01,16456.0
2025-12-01 15:10:00-05:00,320.06,321.0,319.795,320.5,25244.0
2025-12-01 15:15:00-05:00,320.44,321.2,319.2,319.64,47198.0
2025-12-01 15:20:00-05:00,319.78,320.285,319.5,319.67,25648.0
2025-12-01 15:25:00-05:00,319.59,320.34,319.33,320.29,22702.0
2025-12-01 15:30:00-05:00,320.44,320.9,319.83,320.08,27610.0
2025-12-01 15:35:00-05:00,320.23,320.395,319.0001,319.77,36182.0
2025-12-01 15:40:00-05:00,319.9,320.33,319.4456,320.15,49775.0
2025-12-01 15:45:00-05:00,320.21,322.0,320.14,320.6,100018.0
2025-12-01 15:50:00-05:00,320.79,321.35,319.39,320.41,92479.0
2025-12-01 15:55:00-05:00,320.17,320.31,317.54,317.63,226031.0
2025-12-02 09:30:00-05:00,320.78,321.44,315.58,316.04,180492.0
2025-12-02 09:35:00-05:00,316.07,320.33,314.0,317.2378,185890.0
2025-12-02 09:40:00-05:00,317.33,320.44,313.26,315.0,70667.0
2025-12-02 09:45:00-05:00,315.54,315.77,310.35,313.999,156480.0
2025-12-02 09:50:00-05:00,312.9,318.1,312.07,316.65,86719.0
2025-12-02 09:55:00-05:00,317.485,323.5,317.35,322.155,109528.0
2025-12-02 10:00:00-05:00,322.5599,322.95,319.1,319.855,63731.0
2025-12-02 10:05:00-05:00,320.185,320.3,317.6,318.77,39877.0
2025-12-02 10:10:00-05:00,318.57,319.75,317.73,318.45,41775.0
2025-12-02 10:15:00-05:00,318.86,319.575,311.45,312.015,74953.0
2025-12-02 10:20:00-05:00,312.2,313.1998,308.0,308.69,115666.0
2025-12-02 10:25:00-05:00,308.64,311.27,307.0401,308.09,72782.0
2025-12-02 10:30:00-05:00,307.935,308.09,299.22,301.1623,222275.0
2025-12-02 10:35:00-05:00,300.98,302.0,297.0,298.26,193960.0
2025-12-02 10:40:00-05:00,298.475,303.85,297.93,302.79,131862.0
2025-12-02 10:45:00-05:00,302.79,304.98,299.92,303.18,95873.0
2025-12-02 10:50:00-05:00,303.7755,305.5,298.01,298.13,140189.0
2025-12-02 10:55:00-05:00,298.53,301.01,297.46,300.7,88980.0
2025-12-02 11:00:00-05:00,300.51,301.43,298.11,300.96,55566.0
2025-12-02 11:05:00-05:00,300.0,300.6,297.7,298.6,67052.0
2025-12-02 11:10:00-05:00,298.805,299.7,297.14,298.49,78124.0
2025-12-02 11:15:00-05:00,298.57,300.59,297.51,300.57,131719.0
2025-12-02 11:20:00-05:00,300.36,300.65,295.6,296.61,141144.0
2025-12-02 11:25:00-05:00,296.75,299.0,296.75,298.04,57290.0
2025-12-02 11:30:00-05:00,298.33,299.75,295.63,298.56,79013.0
2025-12-02 11:35:00-05:00,298.6761,301.7136,297.2401,301.41,67049.0
2025-12-02 11:40:00-05:00,301.06,303.57,296.06,297.14,58845.0
2025-12-02 11:45:00-05:00,296.51,298.54,292.9001,294.295,122813.0
2025-12-02 11:50:00-05:00,294.295,295.61,293.23,295.09,103384.0
2025-12-02 11:55:00-05:00,295.11,295.99,294.19,295.99,37886.0
2025-12-02 12:00:00-05:00,295.91,297.5899,295.76,297.3,52464.0
2025-12-02 12:05:00-05:00,296.65,297.06,295.0,295.15,44642.0
2025-12-02 12:10:00-05:00,295.34,297.51,295.04,296.37,37747.0
2025-12-02 12:15:00-05:00,297.45,297.45,296.2,297.105,32313.0
2025-12-02 12:20:00-05:00,297.11,297.2999,295.94,295.94,34667.0
2025-12-02 12:25:00-05:00,296.0,299.4,295.945,299.4,36546.0
2025-12-02 12:30:00-05:00,299.44,300.53,299.0,299.2824,24661.0
2025-12-02 12:35:00-05:00,299.345,300.61,299.25,300.145,12699.0
2025-12-02 12:40:00-05:00,300.14,301.01,299.58,300.14,41001.0
2025-12-02 12:45:00-05:00,300.085,301.86,299.83,301.18,29026.0
2025-12-02 12:50:00-05:00,301.06,301.48,299.075,301.2928,348105.0
2025-12-02 12:55:00-05:00,301.48,301.76,297.84,298.49,24891.0
2025-12-02 13:00:00-05:00,298.16,301.02,298.16,300.68,28556.0
2025-12-02 13:05:00-05:00,301.0,303.17,300.61,302.355,33793.0
2025-12-02 13:10:00-05:00,302.38,304.0,302.38,303.38,23335.0
2025-12-02 13:15:00-05:00,303.21,305.06,303.03,304.43,26911.0
2025-12-02 13:20:00-05:00,304.6101,306.42,304.1275,306.06,30977.0
2025-12-02 13:25:00-05:00,306.0,307.4,305.66,307.4,23601.0
2025-12-02 13:30:00-05:00,307.155,307.8,306.4433,307.5199,31706.0
2025-12-02 13:35:00-05:00,307.2666,308.35,307.075,308.22,79556.0
2025-12-02 13:40:00-05:00,307.815,308.21,307.183,307.62,19090.0
2025-12-02 13:45:00-05:00,307.57,308.0825,306.83,307.64,18369.0
2025-12-02 13:50:00-05:00,307.52,308.77,307.41,308.055,25870.0
2025-12-02 13:55:00-05:00,308.055,308.25,306.45,308.04,24286.0
2025-12-02 14:00:00-05:00,308.7,308.7,307.2824,308.5,17363.0
2025-12-02 14:05:00-05:00,308.465,309.58,308.04,308.92,18060.0
2025-12-02 14:10:00-05:00,308.965,310.0,308.965,309.91,19677.0
2025-12-02 14:15:00-05:00,309.99,310.85,309.8141,310.08,48343.0
2025-12-02 14:20:00-05:00,309.88,309.91,308.76,309.125,23001.0
2025-12-02 14:25:00-05:00,309.2275,309.34,307.45,308.37,27260.0
2025-12-02 14:30:00-05:00,308.365,310.59,308.365,310.05,21246.0
2025-12-02 14:35:00-05:00,309.755,310.72,309.41,309.49,17268.0
2025-12-02 14:40:00-05:00,309.41,309.95,308.46,308.9825,30773.0
2025-12-02 14:45:00-05:00,309.3,310.26,308.33,308.99,16925.0
2025-12-02 14:50:00-05:00,308.72,308.82,307.52,307.75,38715.0
2025-12-02 14:55:00-05:00,307.76,308.66,307.635,308.06,43446.0
2025-12-02 15:00:00-05:00,308.315,308.315,307.27,307.8,21596.0
2025-12-02 15:05:00-05:00,307.695,308.23,307.36,307.41,18479.0
2025-12-02 15:10:00-05:00,308.04,308.17,306.7058,307.34,26843.0
2025-12-02 15:15:00-05:00,307.335,307.335,305.83,306.575,20883.0
2025-12-02 15:20:00-05:00,306.58,306.63,305.695,305.96,39371.0
2025-12-02 15:25:00-05:00,306.11,306.24,305.5,305.8,32746.0
2025-12-02 15:30:00-05:00,305.79,306.04,304.01,304.07,72924.0
2025-12-02 15:35:00-05:00,304.01,304.42,303.2451,303.49,49025.0
2025-12-02 15:40:00-05:00,303.5,303.5,301.971,302.07,66798.0
2025-12-02 15:45:00-05:00,302.0,302.83,301.22,301.31,69588.0
2025-12-02 15:50:00-05:00,301.23,303.64,300.94,302.23,122126.0
2025-12-02 15:55:00-05:00,301.95,303.23,301.17,303.23,268953.0
2025-12-03 09:30:00-05:00,306.97,306.97,296.5,296.5,153350.0
2025-12-03 09:35:00-05:00,296.0,297.0,291.2,292.115,93395.0
2025-12-03 09:40:00-05:00,292.34,296.08,289.8,290.505,93907.0
2025-12-03 09:45:00-05:00,290.01,293.2,289.15,289.505,110970.0
2025-12-03 09:50:00-05:00,289.36,292.52,289.0,291.01,110194.0
2025-12-03 09:55:00-05:00,290.09,292.0,288.5,290.97,88301.0
2025-12-03 10:00:00-05:00,290.96,297.29,290.4,296.685,113581.0
2025-12-03 10:05:00-05:00,296.685,297.56,293.88,293.969,60957.0
2025-12-03 10:10:00-05:00,293.75,294.69,291.0748,293.24,56097.0
2025-12-03 10:15:00-05:00,293.55,295.34,292.85,293.0,65392.0
2025-12-03 10:20:00-05:00,293.0,295.015,292.885,293.9075,36686.0
2025-12-03 10:25:00-05:00,293.72,294.155,291.47,291.75,34499.0
2025-12-03 10:30:00-05:00,291.76,293.01,290.41,292.96,69143.0
2025-12-03 10:35:00-05:00,292.955,295.55,292.72,295.5,71510.0
2025-12-03 10:40:00-05:00,295.65,299.4999,295.65,298.66,66164.0
2025-12-03 10:45:00-05:00,298.5872,301.025,298.57,300.48,72691.0
2025-12-03 10:50:00-05:00,300.475,300.75,297.14,297.4674,40050.0
2025-12-03 10:55:00-05:00,297.01,298.3417,296.42,298.11,50174.0
2025-12-03 11:00:00-05:00,298.12,299.53,297.86,299.32,14050.0
2025-12-03 11:05:00-05:00,299.08,299.8,297.0306,297.345,25258.0
2025-12-03 11:10:00-05:00,297.4075,297.4075,295.845,295.845,28291.0
2025-12-03 11:15:00-05:00,295.99,296.59,295.16,296.58,26446.0
2025-12-03 11:20:00-05:00,296.31,296.58,295.22,295.415,23822.0
2025-12-03 11:25:00-05:00,295.43,295.49,293.74,294.4322,28238.0
2025-12-03 11:30:00-05:00,294.14,294.88,293.81,294.5875,25623.0
2025-12-03 11:35:00-05:00,294.56,294.56,293.41,293.875,26846.0
2025-12-03 11:40:00-05:00,293.64,293.89,293.01,293.465,29991.0
2025-12-03 11:45:00-05:00,293.88,294.56,292.79,292.85,18252.0
2025-12-03 11:50:00-05:00,292.6,292.69,291.23,291.28,35279.0
2025-12-03 11:55:00-05:00,291.21,292.3699,290.7,291.74,21901.0
2025-12-03 12:00:00-05:00,292.24,293.48,291.6,293.3,20315.0
2025-12-03 12:05:00-05:00,293.13,293.5,292.8,293.0601,13134.0
2025-12-03 12:10:00-05:00,293.29,294.585,293.29,294.415,13608.0
2025-12-03 12:15:00-05:00,294.54,295.86,294.23,295.62,14162.0
2025-12-03 12:20:00-05:00,295.705,296.44,295.6055,296.09,15576.0
2025-12-03 12:25:00-05:00,296.1,296.135,294.535,294.695,20892.0
2025-12-03 12:30:00-05:00,294.535,295.9,294.535,295.04,23859.0
2025-12-03 12:35:00-05:00,295.415,296.29,295.145,296.29,29255.0
2025-12-03 12:40:00-05:00,296.29,297.12,296.22,297.12,17418.0
2025-12-03 12:45:00-05:00,297.23,299.31,296.63,299.2,44126.0
2025-12-03 12:50:00-05:00,299.2,299.2,297.4115,298.87,20574.0
2025-12-03 12:55:00-05:00,298.615,299.0,298.26,298.85,26961.0
2025-12-03 13:00:00-05:00,298.7542,299.21,298.5659,299.12,18095.0
2025-12-03 13:05:00-05:00,299.205,299.585,298.707,299.04,20029.0
2025-12-03 13:10:00-05:00,299.0114,299.94,299.0114,299.595,30476.0
2025-12-03 13:15:00-05:00,299.63,300.1,299.11,299.18,19075.0
2025-12-03 13:20:00-05:00,299.0101,300.88,298.905,300.6687,30459.0
2025-12-03 13:25:00-05:00,300.7,301.0,300.2312,300.2312,19449.0
2025-12-03 13:30:00-05:00,300.44,300.9999,300.08,300.68,24140.0
2025-12-03 13:35:00-05:00,300.85,301.4099,300.02,301.2388,19502.0
2025-12-03 13:40:00-05:00,301.4,302.0,301.07,301.625,14949.0
2025-12-03 13:45:00-05:00,301.38,301.97,300.81,300.81,21698.0
2025-12-03 13:50:00-05:00,300.9,301.01,299.93,300.2872,14348.0
2025-12-03 13:55:00-05:00,300.2551,300.7899,300.1201,300.645,18451.0
2025-12-03 14:00:00-05:00,300.443,301.04,300.32,300.605,7186.0
2025-12-03 14:05:00-05:00,300.83,300.9,300.21,300.66,10425.0
2025-12-03 14:10:00-05:00,300.22,300.795,300.16,300.795,12000.0
2025-12-03 14:15:00-05:00,300.67,301.7999,300.34,301.6401,13865.0
2025-12-03 14:20:00-05:00,301.645,302.4,301.42,302.3,13737.0
2025-12-03 14:25:00-05:00,302.305,302.305,301.34,301.395,14689.0
2025-12-03 14:30:00-05:00,301.425,301.69,300.59,301.105,19502.0
2025-12-03 14:35:00-05:00,301.31,301.865,300.85,300.87,10619.0
2025-12-03 14:40:00-05:00,301.15,302.26,301.15,302.26,17626.0
2025-12-03 14:45:00-05:00,302.26,302.81,301.87,302.81,21133.0
2025-12-03 14:50:00-05:00,302.645,303.27,302.645,303.0725,32094.0
2025-12-03 14:55:00-05:00,303.07,303.5,302.91,303.5,17935.0
2025-12-03 15:00:00-05:00,303.5,304.645,303.45,304.3397,36493.0
2025-12-03 15:05:00-05:00,304.355,305.3,304.355,305.3,29160.0
2025-12-03 15:10:00-05:00,305.4599,305.7424,302.94,303.0,36514.0
2025-12-03 15:15:00-05:00,303.02,303.96,303.02,303.84,14535.0
2025-12-03 15:20:00-05:00,303.7401,305.3671,303.7401,305.34,30086.0
2025-12-03 15:25:00-05:00,305.4,305.96,304.79,305.96,23659.0
2025-12-03 15:30:00-05:00,305.53,305.99,304.27,304.35,47503.0
2025-12-03 15:35:00-05:00,304.355,304.57,303.3458,303.495,27055.0
2025-12-03 15:40:00-05:00,303.495,304.33,303.44,304.05,29827.0
2025-12-03 15:45:00-05:00,303.99,304.33,302.1778,302.205,36894.0
2025-12-03 15:50:00-05:00,302.4,304.96,302.37,303.4009,50291.0
2025-12-03 15:55:00-05:00,303.3,304.14,302.53,303.25,150554.0
2025-12-04 09:30:00-05:00,309.53,312.9899,306.0,310.62,157798.0
2025-12-04 09:35:00-05:00,311.1435,315.93,309.715,315.075,177224.0
2025-12-04 09:40:00-05:00,315.33,317.21,312.39,313.1,125809.0
2025-12-04 09:45:00-05:00,312.98,317.6558,312.3301,317.07,91364.0
2025-12-04 09:50:00-05:00,317.5999,318.85,312.4775,315.19,65037.0
2025-12-04 09:55:00-05:00,315.0075,316.79,313.1,314.48,61346.0
2025-12-04 10:00:00-05:00,314.48,315.5,313.8,315.0,59227.0
2025-12-04 10:05:00-05:00,314.5285,315.82,313.16,314.655,74144.0
2025-12-04 10:10:00-05:00,314.0,314.765,311.0,314.51,53942.0
2025-12-04 10:15:00-05:00,314.035,316.32,313.53,315.59,51966.0
2025-12-04 10:20:00-05:00,315.575,319.76,315.0,317.19,81590.0
2025-12-04 10:25:00-05:00,317.19,322.1475,315.8274,322.1475,72136.0
2025-12-04 10:30:00-05:00,321.975,322.7299,318.955,320.315,64616.0
2025-12-04 10:35:00-05:00,320.56,321.5,319.6839,320.18,22768.0
2025-12-04 10:40:00-05:00,320.18,320.59,318.06,319.06,36836.0
2025-12-04 10:45:00-05:00,318.825,319.6199,316.075,316.795,48709.0
2025-12-04 10:50:00-05:00,316.89,319.69,316.52,317.355,58957.0
2025-12-04 10:55:00-05:00,318.005,321.72,317.23,321.095,31764.0
2025-12-04 11:00:00-05:00,321.09,322.53,320.98,321.67,74698.0
2025-12-04 11:05:00-05:00,321.89,324.0,321.1133,321.35,82371.0
2025-12-04 11:10:00-05:00,321.5403,321.69,319.66,319.66,42095.0
2025-12-04 11:15:00-05:00,320.37,321.51,319.66,320.96,23901.0
2025-12-04 11:20:00-05:00,320.86,323.33,320.58,322.92,25926.0
2025-12-04 11:25:00-05:00,322.77,322.8818,320.765,321.2475,16280.0
2025-12-04 11:30:00-05:00,321.27,321.89,319.65,320.12,16655.0
2025-12-04 11:35:00-05:00,319.99,321.57,319.99,320.5,18181.0
2025-12-04 11:40:00-05:00,320.755,321.2199,319.68,319.75,22408.0
2025-12-04 11:45:00-05:00,320.2,323.375,319.55,322.505,62953.0
2025-12-04 11:50:00-05:00,322.7,324.03,322.54,323.815,35370.0
2025-12-04 11:55:00-05:00,324.2,325.0,323.28,324.59,52876.0
2025-12-04 12:00:00-05:00,324.605,324.9999,323.39,324.26,18354.0
2025-12-04 12:05:00-05:00,324.13,325.15,323.845,324.68,25783.0
2025-12-04 12:10:00-05:00,324.51,326.0,324.5,325.95,21436.0
2025-12-04 12:15:00-05:00,325.76,325.89,324.08,324.3,19407.0
2025-12-04 12:20:00-05:00,324.345,324.345,322.93,323.385,44286.0
2025-12-04 12:25:00-05:00,323.385,324.9299,323.25,323.57,19372.0
2025-12-04 12:30:00-05:00,323.9,325.38,323.68,324.94,19311.0
2025-12-04 12:35:00-05:00,324.91,326.0,324.62,325.17,36455.0
2025-12-04 12:40:00-05:00,325.475,327.87,325.4013,326.33,66889.0
2025-12-04 12:45:00-05:00,326.21,326.66,325.29,326.65,23954.0
2025-12-04 12:50:00-05:00,326.59,327.07,326.19,326.795,28121.0
2025-12-04 12:55:00-05:00,326.9118,327.04,325.81,326.53,12965.0
2025-12-04 13:00:00-05:00,326.3,326.41,324.5,324.96,27565.0
2025-12-04 13:05:00-05:00,324.96,325.52,324.04,325.5,40816.0
2025-12-04 13:10:00-05:00,325.3055,325.989,323.85,324.81,17265.0
2025-12-04 13:15:00-05:00,325.01,325.67,323.8283,324.55,33509.0
2025-12-04 13:20:00-05:00,324.56,325.13,324.56,324.705,28151.0
2025-12-04 13:25:00-05:00,324.75,325.8714,324.57,325.765,15960.0
2025-12-04 13:30:00-05:00,325.7493,326.31,325.02,326.3,24742.0
2025-12-04 13:35:00-05:00,326.0,326.999,325.99,326.999,13244.0
2025-12-04 13:40:00-05:00,326.735,326.7799,326.3,326.64,10733.0
2025-12-04 13:45:00-05:00,326.79,327.5,326.6725,327.075,18180.0
2025-12-04 13:50:00-05:00,327.0525,327.69,327.0525,327.655,21950.0
2025-12-04 13:55:00-05:00,327.47,327.73,326.69,326.82,25254.0
2025-12-04 14:00:00-05:00,326.7825,326.925,326.3,326.31,20217.0
2025-12-04 14:05:00-05:00,326.34,327.41,326.1688,327.235,27868.0
2025-12-04 14:10:00-05:00,327.235,327.35,326.2,326.47,18586.0
2025-12-04 14:15:00-05:00,326.81,326.81,325.6,325.82,31891.0
2025-12-04 14:20:00-05:00,325.66,326.165,324.7,325.93,31870.0
2025-12-04 14:25:00-05:00,325.915,327.4,325.915,327.265,22020.0
2025-12-04 14:30:00-05:00,326.95,328.0,326.7,327.94,176495.0
2025-12-04 14:35:00-05:00,327.6861,328.415,327.6861,328.13,26483.0
2025-12-04 14:40:00-05:00,328.255,328.61,327.6533,327.82,19862.0
2025-12-04 14:45:00-05:00,327.905,328.06,326.895,328.0,22857.0
2025-12-04 14:50:00-05:00,328.02,329.11,327.925,328.75,30845.0
2025-12-04 14:55:00-05:00,328.55,329.88,328.27,329.7049,39564.0
2025-12-04 15:00:00-05:00,329.779,329.9,328.86,328.95,47003.0
2025-12-04 15:05:00-05:00,328.865,329.21,327.98,329.1187,23291.0
2025-12-04 15:10:00-05:00,329.03,330.3,328.5801,330.04,34597.0
2025-12-04 15:15:00-05:00,330.12,330.12,328.37,328.64,39532.0
2025-12-04 15:20:00-05:00,328.61,328.61,327.625,328.12,30434.0
2025-12-04 15:25:00-05:00,328.2,328.77,328.12,328.405,29135.0
2025-12-04 15:30:00-05:00,328.405,329.495,328.405,329.165,32090.0
2025-12-04 15:35:00-05:00,329.1,329.13,328.39,328.613,33422.0
2025-12-04 15:40:00-05:00,328.63,328.82,327.2101,327.72,43096.0
2025-12-04 15:45:00-05:00,327.3,328.89,326.99,328.28,50206.0
2025-12-04 15:50:00-05:00,328.21,329.23,327.4701,327.4701,72578.0
2025-12-04 15:55:00-05:00,327.76,328.55,327.425,327.9,200339.0
2025-12-05 09:30:00-05:00,340.96,344.0,334.77,338.97,390864.0
2025-12-05 09:35:00-05:00,339.35,341.8797,335.0,336.3877,201743.0
2025-12-05 09:40:00-05:00,336.755,340.94,335.89,337.65,127895.0
2025-12-05 09:45:00-05:00,337.93,340.69,336.37,338.12,50471.0
2025-12-05 09:50:00-05:00,338.14,342.99,336.021,341.435,67804.0
2025-12-05 09:55:00-05:00,341.435,341.89,337.65,338.69,68318.0
2025-12-05 10:00:00-05:00,339.835,341.15,338.91,340.01,65616.0
2025-12-05 10:05:00-05:00,340.0,340.089,336.0,337.7487,41838.0
2025-12-05 10:10:00-05:00,337.505,338.05,335.3,335.615,43172.0
2025-12-05 10:15:00-05:00,335.6,336.09,333.0,333.225,82185.0
2025-12-05 10:20:00-05:00,333.2221,333.7001,328.8,331.15,136178.0
2025-12-05 10:25:00-05:00,331.145,331.68,328.22,329.48,62810.0
2025-12-05 10:30:00-05:00,329.49,332.1299,329.49,331.13,31613.0
2025-12-05 10:35:00-05:00,331.42,331.74,328.48,329.555,55748.0
2025-12-05 10:40:00-05:00,329.56,330.43,328.23,330.3858,37055.0
2025-12-05 10:45:00-05:00,330.39,331.2499,329.2537,329.5,38494.0
2025-12-05 10:50:00-05:00,329.505,329.505,327.2201,328.565,41990.0
2025-12-05 10:55:00-05:00,328.67,328.671,326.4001,328.2,56559.0
2025-12-05 11:00:00-05:00,328.0,328.81,325.84,326.065,37865.0
2025-12-05 11:05:00-05:00,326.065,328.23,325.68,325.9953,30981.0
2025-12-05 11:10:00-05:00,326.26,328.0,326.195,327.72,26900.0
2025-12-05 11:15:00-05:00,327.71,328.305,326.645,327.635,26424.0
2025-12-05 11:20:00-05:00,327.63,329.7399,327.14,328.34,37800.0
2025-12-05 11:25:00-05:00,328.97,330.0,327.8,328.4,48748.0
2025-12-05 11:30:00-05:00,328.11,328.49,326.99,327.99,18907.0
2025-12-05 11:35:00-05:00,327.9999,328.475,326.29,328.22,33207.0
2025-12-05 11:40:00-05:00,328.22,330.82,327.94,330.06,21733.0
2025-12-05 11:45:00-05:00,330.06,331.539,330.06,330.66,18851.0
2025-12-05 11:50:00-05:00,330.655,332.18,330.655,331.72,18729.0
2025-12-05 11:55:00-05:00,331.72,331.8,329.75,329.75,17127.0
2025-12-05 12:00:00-05:00,329.3,329.985,329.07,329.52,12846.0
2025-12-05 12:05:00-05:00,329.325,331.0108,329.04,330.19,14785.0
2025-12-05 12:10:00-05:00,330.0,330.0,328.6,328.63,40712.0
2025-12-05 12:15:00-05:00,328.755,330.29,328.3,330.03,19786.0
2025-12-05 12:20:00-05:00,330.63,332.14,330.54,331.735,13862.0
2025-12-05 12:25:00-05:00,331.47,331.9899,330.92,331.295,14757.0
2025-12-05 12:30:00-05:00,331.305,332.55,331.13,331.86,17274.0
2025-12-05 12:35:00-05:00,331.31,332.64,331.16,332.595,12588.0
2025-12-05 12:40:00-05:00,332.595,332.9,331.99,332.08,23760.0
2025-12-05 12:45:00-05:00,332.0,333.0,331.86,332.485,31503.0
2025-12-05 12:50:00-05:00,332.08,334.36,332.01,334.0025,47420.0
2025-12-05 12:55:00-05:00,334.01,334.34,333.2201,334.26,23917.0
2025-12-05 13:00:00-05:00,334.26,334.56,333.22,334.49,24759.0
2025-12-05 13:05:00-05:00,334.36,334.62,332.11,332.395,20515.0
2025-12-05 13:10:00-05:00,332.5,332.5,331.001,332.198,17567.0
2025-12-05 13:15:00-05:00,331.61,332.15,331.37,331.76,8406.0
2025-12-05 13:20:00-05:00,331.564,331.62,330.82,331.4,14710.0
2025-12-05 13:25:00-05:00,331.04,332.5003,330.81,332.4775,10599.0
2025-12-05 13:30:00-05:00,332.505,332.62,331.6246,332.11,16686.0
2025-12-05 13:35:00-05:00,331.74,332.03,331.27,332.03,17570.0
2025-12-05 13:40:00-05:00,331.915,331.915,330.61,331.68,15816.0
2025-12-05 13:45:00-05:00,331.59,331.86,330.3712,331.22,8247.0
2025-12-05 13:50:00-05:00,331.27,331.5,330.73,331.15,8974.0
2025-12-05 13:55:00-05:00,330.76,331.025,330.25,330.755,21316.0
2025-12-05 14:00:00-05:00,330.76,330.76,329.95,330.73,18064.0
2025-12-05 14:05:00-05:00,330.73,331.76,330.56,331.14,41110.0
2025-12-05 14:10:00-05:00,330.79,331.135,329.99,330.29,15568.0
2025-12-05 14:15:00-05:00,330.07,330.509,329.46,329.725,20327.0
2025-12-05 14:20:00-05:00,329.675,330.18,328.78,329.31,14631.0
2025-12-05 14:25:00-05:00,329.74,330.265,329.32,329.77,12169.0
2025-12-05 14:30:00-05:00,329.68,330.01,328.99,329.77,12394.0
2025-12-05 14:35:00-05:00,329.08,330.355,328.99,330.335,209958.0
2025-12-05 14:40:00-05:00,330.34,330.34,329.275,329.55,44051.0
2025-12-05 14:45:00-05:00,329.665,330.19,329.665,329.8,8600.0
2025-12-05 14:50:00-05:00,329.585,329.79,327.66,327.95,21429.0
2025-12-05 14:55:00-05:00,327.79,328.54,327.66,328.25,11722.0
2025-12-05 15:00:00-05:00,328.24,328.5,327.21,327.72,28356.0
2025-12-05 15:05:00-05:00,327.8064,327.97,327.405,327.559,13676.0
2025-12-05 15:10:00-05:00,327.31,327.6,326.6,326.71,26137.0
2025-12-05 15:15:00-05:00,326.65,327.0,326.28,326.88,17217.0
2025-12-05 15:20:00-05:00,327.1099,327.22,325.96,327.03,33646.0
2025-12-05 15:25:00-05:00,327.035,328.22,327.0,328.1263,24351.0
2025-12-05 15:30:00-05:00,328.2099,328.2099,326.99,328.12,20799.0
2025-12-05 15:35:00-05:00,328.02,328.32,327.59,328.065,20624.0
2025-12-05 15:40:00-05:00,327.79,329.16,327.79,328.975,16460.0
2025-12-05 15:45:00-05:00,328.64,329.8529,328.3,329.475,39658.0
2025-12-05 15:50:00-05:00,329.41,331.15,329.41,330.815,73158.0
2025-12-05 15:55:00-05:00,330.895,331.72,330.64,331.47,156126.0
2025-12-08 09:30:00-05:00,343.6,344.5198,336.4021,336.4021,283017.0
2025-12-08 09:35:00-05:00,336.2864,340.255,335.95,339.025,98029.0
2025-12-08 09:40:00-05:00,338.68,340.42,335.0,335.01,76659.0
2025-12-08 09:45:00-05:00,335.9984,335.9984,330.2143,334.835,94203.0
2025-12-08 09:50:00-05:00,334.76,339.9845,334.01,337.44,55679.0
2025-12-08 09:55:00-05:00,337.79,338.0,330.19,330.95,73777.0
2025-12-08 10:00:00-05:00,331.3178,335.71,331.3178,333.355,40761.0
2025-12-08 10:05:00-05:00,332.88,334.2,330.0,334.1347,59924.0
2025-12-08 10:10:00-05:00,333.255,335.87,333.12,334.84,30928.0
2025-12-08 10:15:00-05:00,334.7,337.0,334.7,335.355,36104.0
2025-12-08 10:20:00-05:00,334.93,336.52,334.18,335.255,34449.0
2025-12-08 10:25:00-05:00,334.67,335.2572,331.82,334.8279,40521.0
2025-12-08 10:30:00-05:00,333.93,336.99,332.985,336.84,20784.0
2025-12-08 10:35:00-05:00,337.4599,338.45,336.32,337.88,31865.0
2025-12-08 10:40:00-05:00,338.275,339.9599,338.275,338.86,43036.0
2025-12-08 10:45:00-05:00,338.68,338.96,335.23,336.73,22155.0
2025-12-08 10:50:00-05:00,336.92,336.92,332.79,332.79,22870.0
2025-12-08 10:55:00-05:00,333.085,333.085,329.34,330.22,54867.0
2025-12-08 11:00:00-05:00,330.77,330.9322,328.554,330.0,38334.0
2025-12-08 11:05:00-05:00,329.5,331.189,329.5,330.03,20390.0
2025-12-08 11:10:00-05:00,330.56,333.1304,330.56,333.1304,10611.0
2025-12-08 11:15:00-05:00,332.32,334.52,331.83,334.41,20003.0
2025-12-08 11:20:00-05:00,334.85,335.79,334.0,335.75,18592.0
2025-12-08 11:25:00-05:00,335.22,337.46,335.01,337.04,15386.0
2025-12-08 11:30:00-05:00,336.999,338.55,336.3049,338.24,19739.0
2025-12-08 11:35:00-05:00,338.33,340.4699,337.39,338.69,33581.0
2025-12-08 11:40:00-05:00,338.8,339.15,337.51,339.15,17114.0
2025-12-08 11:45:00-05:00,338.66,339.1999,338.06,338.155,15817.0
2025-12-08 11:50:00-05:00,338.185,338.9999,337.92,338.48,10951.0
2025-12-08 11:55:00-05:00,338.395,338.8,337.9205,338.4425,9647.0
2025-12-08 12:00:00-05:00,338.5,339.2602,338.0,338.96,22229.0
2025-12-08 12:05:00-05:00,338.86,341.42,338.86,341.28,27677.0
2025-12-08 12:10:00-05:00,341.5,341.57,340.66,341.45,11704.0
2025-12-08 12:15:00-05:00,341.38,342.8,341.38,341.66,39434.0
2025-12-08 12:20:00-05:00,341.8875,342.7745,341.28,342.5699,16599.0
2025-12-08 12:25:00-05:00,341.71,342.77,340.66,341.3401,18600.0
2025-12-08 12:30:00-05:00,341.88,342.79,340.85,342.79,17251.0
2025-12-08 12:35:00-05:00,342.71,342.989,341.82,342.24,11157.0
2025-12-08 12:40:00-05:00,342.21,343.7,341.85,341.9714,28332.0
2025-12-08 12:45:00-05:00,341.85,342.74,341.85,342.74,8604.0
2025-12-08 12:50:00-05:00,342.2922,344.0,342.2922,343.34,30302.0
2025-12-08 12:55:00-05:00,343.595,345.15,342.84,343.15,56909.0
2025-12-08 13:00:00-05:00,343.5506,344.88,342.7001,344.11,22480.0
2025-12-08 13:05:00-05:00,344.5,345.13,343.8,344.375,19111.0
2025-12-08 13:10:00-05:00,344.375,344.375,342.5396,343.105,8872.0
2025-12-08 13:15:00-05:00,343.18,343.409,342.07,342.375,16271.0
2025-12-08 13:20:00-05:00,342.74,342.96,342.23,342.23,16704.0
2025-12-08 13:25:00-05:00,342.01,342.5,341.59,341.98,18312.0
2025-12-08 13:30:00-05:00,342.41,342.52,341.93,342.235,8231.0
2025-12-08 13:35:00-05:00,342.235,344.42,341.99,343.88,40893.0
2025-12-08 13:40:00-05:00,343.6,344.25,342.92,344.25,73143.0
2025-12-08 13:45:00-05:00,344.7499,344.8499,343.15,343.15,40326.0
2025-12-08 13:50:00-05:00,343.14,343.36,342.8013,343.2,3631.0
2025-12-08 13:55:00-05:00,343.035,343.4,341.93,342.49,19316.0
2025-12-08 14:00:00-05:00,342.4,342.63,340.69,341.2205,19063.0
2025-12-08 14:05:00-05:00,341.8225,342.0,340.91,341.64,54664.0
2025-12-08 14:10:00-05:00,341.39,341.7,340.5,341.44,68521.0
2025-12-08 14:15:00-05:00,341.31,343.69,341.31,343.095,10272.0
2025-12-08 14:20:00-05:00,343.37,343.7629,342.72,343.14,20261.0
2025-12-08 14:25:00-05:00,343.115,343.39,342.43,342.78,63134.0
2025-12-08 14:30:00-05:00,342.685,344.43,342.59,344.43,13159.0
2025-12-08 14:35:00-05:00,344.025,344.47,343.11,343.315,33059.0
2025-12-08 14:40:00-05:00,343.36,344.225,343.0,344.0,35119.0
2025-12-08 14:45:00-05:00,344.16,344.16,343.615,344.0,8085.0
2025-12-08 14:50:00-05:00,344.49,344.92,343.44,344.61,28743.0
2025-12-08 14:55:00-05:00,344.6293,344.78,343.89,344.14,13873.0
2025-12-08 15:00:00-05:00,344.13,344.25,343.6806,343.91,12818.0
2025-12-08 15:05:00-05:00,343.9,344.525,343.41,344.525,10322.0
2025-12-08 15:10:00-05:00,344.46,345.72,344.4,345.72,42579.0
2025-12-08 15:15:00-05:00,345.24,345.615,344.12,344.635,29778.0
2025-12-08 15:20:00-05:00,344.28,344.88,343.92,344.05,13606.0
2025-12-08 15:25:00-05:00,344.095,344.535,343.42,344.375,12502.0
2025-12-08 15:30:00-05:00,344.4938,344.6,343.56,343.826,32629.0
2025-12-08 15:35:00-05:00,344.24,344.8,343.8,343.94,25570.0
2025-12-08 15:40:00-05:00,343.91,345.0,343.85,344.37,75841.0
2025-12-08 15:45:00-05:00,344.37,344.57,342.784,342.784,24759.0
2025-12-08 15:50:00-05:00,343.24,344.44,341.9,342.145,59603.0
2025-12-08 15:55:00-05:00,342.15,343.09,341.3,342.58,145558.0
2025-12-09 09:30:00-05:00,342.72,342.72,336.5,338.43,133117.0
2025-12-09 09:35:00-05:00,338.43,345.2,335.51,344.5,100328.0
2025-12-09 09:40:00-05:00,344.425,351.0,343.645,349.77,322153.0
2025-12-09 09:45:00-05:00,350.29,351.3044,342.25,346.2989,241754.0
2025-12-09 09:50:00-05:00,346.195,351.0,345.7,347.515,109690.0
2025-12-09 09:55:00-05:00,347.515,350.62,345.2,349.65,123342.0
2025-12-09 10:00:00-05:00,349.34,350.76,348.32,349.265,54823.0
2025-12-09 10:05:00-05:00,349.35,350.4,348.0001,350.06,46909.0
2025-12-09 10:10:00-05:00,350.02,351.21,347.3,347.715,91923.0
2025-12-09 10:15:00-05:00,348.0,348.14,345.84,347.425,47491.0
2025-12-09 10:20:00-05:00,347.195,349.0,346.12,348.44,60823.0
2025-12-09 10:25:00-05:00,348.165,351.18,348.16,351.0,39201.0
2025-12-09 10:30:00-05:00,351.17,353.4,350.881,352.905,102728.0
2025-12-09 10:35:00-05:00,352.935,354.41,351.01,354.12,88285.0
2025-12-09 10:40:00-05:00,354.12,354.88,351.99,354.0,101233.0
2025-12-09 10:45:00-05:00,354.3799,354.38,352.0,353.2425,51137.0
2025-12-09 10:50:00-05:00,353.61,356.4,353.12,356.125,44706.0
2025-12-09 10:55:00-05:00,356.4,357.99,356.0,356.3901,79504.0
2025-12-09 11:00:00-05:00,356.45,358.5,356.12,358.5,98587.0
2025-12-09 11:05:00-05:00,358.51,359.55,357.64,358.245,61007.0
2025-12-09 11:10:00-05:00,358.255,359.8799,357.3053,359.8799,43601.0
2025-12-09 11:15:00-05:00,359.51,361.0,359.4608,360.4,97166.0
2025-12-09 11:20:00-05:00,360.63,361.0,358.79,359.395,52983.0
2025-12-09 11:25:00-05:00,359.15,359.89,357.85,359.14,56619.0
2025-12-09 11:30:00-05:00,359.31,359.51,357.85,359.235,38721.0
2025-12-09 11:35:00-05:00,359.55,359.57,358.5718,359.4,38390.0
2025-12-09 11:40:00-05:00,359.075,359.48,357.8351,358.32,31705.0
2025-12-09 11:45:00-05:00,358.33,359.57,358.325,358.8547,38857.0
2025-12-09 11:50:00-05:00,358.55,359.17,357.33,358.12,22922.0
2025-12-09 11:55:00-05:00,357.71,357.91,355.65,356.29,28808.0
2025-12-09 12:00:00-05:00,356.28,358.0199,355.15,357.125,39526.0
2025-12-09 12:05:00-05:00,357.79,358.67,357.0,358.67,21628.0
2025-12-09 12:10:00-05:00,358.485,359.87,357.76,357.81,34468.0
2025-12-09 12:15:00-05:00,357.845,358.25,356.69,357.145,31969.0
2025-12-09 12:20:00-05:00,357.17,357.6762,356.61,357.5,28762.0
2025-12-09 12:25:00-05:00,357.5,358.085,356.59,357.06,16867.0
2025-12-09 12:30:00-05:00,357.175,357.9,357.0,357.0,23280.0
2025-12-09 12:35:00-05:00,357.01,358.0,356.59,357.63,19730.0
2025-12-09 12:40:00-05:00,356.6,356.83,355.57,355.945,19426.0
2025-12-09 12:45:00-05:00,355.945,356.46,355.15,355.93,30427.0
2025-12-09 12:50:00-05:00,355.9162,356.445,355.8175,356.4,21315.0
2025-12-09 12:55:00-05:00,356.305,357.08,355.62,357.08,18079.0
2025-12-09 13:00:00-05:00,357.08,357.61,356.11,357.61,15313.0
2025-12-09 13:05:00-05:00,357.73,359.885,357.5,359.885,31645.0
2025-12-09 13:10:00-05:00,359.9,359.91,358.92,359.195,40116.0
2025-12-09 13:15:00-05:00,359.195,359.25,357.59,359.181,91299.0
2025-12-09 13:20:00-05:00,359.23,359.31,357.95,358.345,55875.0
2025-12-09 13:25:00-05:00,358.345,358.3625,357.24,357.89,18137.0
2025-12-09 13:30:00-05:00,357.79,359.14,357.43,358.64,17076.0
2025-12-09 13:35:00-05:00,358.635,358.635,357.29,357.5525,22050.0
2025-12-09 13:40:00-05:00,358.02,358.22,357.79,358.03,10030.0
2025-12-09 13:45:00-05:00,357.93,358.19,357.25,358.19,13817.0
2025-12-09 13:50:00-05:00,358.025,358.89,357.81,358.87,25090.0
2025-12-09 13:55:00-05:00,358.79,358.85,357.4101,357.87,19927.0
2025-12-09 14:00:00-05:00,358.0,358.135,357.0,357.36,17726.0
2025-12-09 14:05:00-05:00,357.261,358.03,356.38,358.0,15621.0
2025-12-09 14:10:00-05:00,357.67,358.5,357.4354,358.3819,12676.0
2025-12-09 14:15:00-05:00,358.66,359.64,358.39,359.188,20478.0
2025-12-09 14:20:00-05:00,359.64,360.5,359.225,360.42,22325.0
2025-12-09 14:25:00-05:00,360.17,361.13,359.7,359.9,45276.0
2025-12-09 14:30:00-05:00,359.9,360.55,359.7,360.5088,21346.0
2025-12-09 14:35:00-05:00,360.17,361.1,360.17,361.1,23421.0
2025-12-09 14:40:00-05:00,361.1,361.47,359.84,359.965,30477.0
2025-12-09 14:45:00-05:00,360.02,360.4699,359.0255,360.4699,26422.0
2025-12-09 14:50:00-05:00,360.47,360.9639,360.1434,360.765,19804.0
2025-12-09 14:55:00-05:00,360.72,361.13,360.44,360.98,18525.0
2025-12-09 15:00:00-05:00,360.88,361.41,360.1481,361.18,28431.0
2025-12-09 15:05:00-05:00,360.93,361.6,360.86,361.48,37822.0
2025-12-09 15:10:00-05:00,361.175,362.43,361.1435,361.625,53817.0
2025-12-09 15:15:00-05:00,361.625,362.03,360.71,361.6,32345.0
2025-12-09 15:20:00-05:00,361.365,361.48,360.02,360.765,31828.0
2025-12-09 15:25:00-05:00,360.44,361.0,359.7,360.98,36482.0
2025-12-09 15:30:00-05:00,360.77,361.1799,359.81,359.81,25413.0
2025-12-09 15:35:00-05:00,360.0201,360.08,357.7,358.28,73396.0
2025-12-09 15:40:00-05:00,358.28,360.02,358.0,359.98,45365.0
2025-12-09 15:45:00-05:00,359.68,360.525,358.6,360.525,74000.0
2025-12-09 15:50:00-05:00,360.55,361.55,359.24,360.19,98944.0
2025-12-09 15:55:00-05:00,360.39,362.15,360.035,360.53,203240.0
2025-12-10 09:30:00-05:00,353.82,362.22,353.66,357.68,232400.0
2025-12-10 09:35:00-05:00,357.9,360.4,355.2701,357.14,69686.0
2025-12-10 09:40:00-05:00,356.61,363.09,356.0,358.945,91699.0
2025-12-10 09:45:00-05:00,359.01,363.48,358.71,360.8185,50920.0
2025-12-10 09:50:00-05:00,361.5,362.92,357.22,359.845,86287.0
2025-12-10 09:55:00-05:00,359.6647,360.98,357.39,360.72,65704.0
2025-12-10 10:00:00-05:00,360.06,362.73,359.7805,361.91,40930.0
2025-12-10 10:05:00-05:00,362.305,365.0,361.42,361.525,63848.0
2025-12-10 10:10:00-05:00,361.525,362.78,360.02,361.49,65481.0
2025-12-10 10:15:00-05:00,361.2,362.9,361.07,362.64,38541.0
2025-12-10 10:20:00-05:00,361.2,364.98,361.2,362.415,58418.0
2025-12-10 10:25:00-05:00,362.195,364.68,361.79,364.3,36583.0
2025-12-10 10:30:00-05:00,364.41,365.0,363.4,363.81,35467.0
2025-12-10 10:35:00-05:00,363.658,365.0,362.75,363.2635,42023.0
2025-12-10 10:40:00-05:00,362.96,363.22,361.39,362.68,26646.0
2025-12-10 10:45:00-05:00,362.2259,365.21,362.2259,365.15,28920.0
2025-12-10 10:50:00-05:00,364.885,367.98,364.6881,366.29,59388.0
2025-12-10 10:55:00-05:00,366.21,367.0,364.33,365.27,55371.0
2025-12-10 11:00:00-05:00,365.01,366.67,363.42,365.79,45572.0
2025-12-10 11:05:00-05:00,365.83,368.67,364.6901,368.12,94775.0
2025-12-10 11:10:00-05:00,368.32,369.48,367.5,368.49,69183.0
2025-12-10 11:15:00-05:00,367.9825,368.75,367.0501,368.0,38455.0
2025-12-10 11:20:00-05:00,368.69,369.41,367.425,369.39,24733.0
2025-12-10 11:25:00-05:00,369.2,370.56,368.71,369.27,47676.0
2025-12-10 11:30:00-05:00,369.22,373.0,369.22,372.8725,63910.0
2025-12-10 11:35:00-05:00,372.56,372.605,370.0,370.59,35669.0
2025-12-10 11:40:00-05:00,370.5536,370.88,368.27,370.39,53571.0
2025-12-10 11:45:00-05:00,370.08,370.08,368.0,369.535,48854.0
2025-12-10 11:50:00-05:00,368.75,369.52,366.41,366.65,28542.0
2025-12-10 11:55:00-05:00,366.41,366.8986,363.28,364.3135,46627.0
2025-12-10 12:00:00-05:00,364.0,365.79,363.26,364.8,40394.0
2025-12-10 12:05:00-05:00,365.1455,365.5999,363.55,363.795,36278.0
2025-12-10 12:10:00-05:00,363.55,366.2608,362.54,365.86,32269.0
2025-12-10 12:15:00-05:00,365.83,367.0599,364.0,364.0,13359.0
2025-12-10 12:20:00-05:00,363.82,364.575,362.01,362.44,50284.0
2025-12-10 12:25:00-05:00,362.545,362.5724,360.58,360.73,32382.0
2025-12-10 12:30:00-05:00,360.79,362.27,360.2726,362.2,65232.0
2025-12-10 12:35:00-05:00,362.275,364.8699,362.2,363.25,15642.0
2025-12-10 12:40:00-05:00,363.4,363.56,363.0,363.54,10645.0
2025-12-10 12:45:00-05:00,363.09,363.6285,362.22,362.62,17398.0
2025-12-10 12:50:00-05:00,363.08,364.84,363.02,364.84,15626.0
2025-12-10 12:55:00-05:00,364.51,368.0,364.31,366.82,68325.0
2025-12-10 13:00:00-05:00,366.84,367.915,366.1801,366.84,19827.0
2025-12-10 13:05:00-05:00,366.84,367.045,366.265,367.04,10150.0
2025-12-10 13:10:00-05:00,367.01,367.01,365.42,365.55,12882.0
2025-12-10 13:15:00-05:00,365.6764,366.09,364.771,365.42,12176.0
2025-12-10 13:20:00-05:00,365.585,365.85,364.9,365.31,15852.0
2025-12-10 13:25:00-05:00,365.425,365.85,364.4471,365.42,20395.0
2025-12-10 13:30:00-05:00,365.02,367.5,365.0,367.33,53174.0
2025-12-10 13:35:00-05:00,367.799,368.29,365.52,366.56,64301.0
2025-12-10 13:40:00-05:00,366.705,367.01,365.05,365.335,38090.0
2025-12-10 13:45:00-05:00,365.335,365.79,365.15,365.699,64779.0
2025-12-10 13:50:00-05:00,365.425,365.9725,365.07,365.73,27028.0
2025-12-10 13:55:00-05:00,365.84,366.08,364.8,365.61,29729.0
2025-12-10 14:00:00-05:00,366.0,371.0,365.81,367.415,57469.0
2025-12-10 14:05:00-05:00,368.0,373.0,367.53,370.08,58761.0
2025-12-10 14:10:00-05:00,370.3581,371.2,368.87,370.0,60474.0
2025-12-10 14:15:00-05:00,370.32,372.58,370.21,371.99,59355.0
2025-12-10 14:20:00-05:00,371.99,372.58,369.54,370.19,43847.0
2025-12-10 14:25:00-05:00,370.25,371.18,367.67,370.15,57349.0
2025-12-10 14:30:00-05:00,370.48,373.9151,370.48,373.77,35330.0
2025-12-10 14:35:00-05:00,373.48,374.2,370.37,371.6,49196.0
2025-12-10 14:40:00-05:00,371.79,372.77,369.01,371.96,52687.0
2025-12-10 14:45:00-05:00,371.54,374.35,371.49,373.35,45640.0
2025-12-10 14:50:00-05:00,373.2,374.96,372.02,373.98,104099.0
2025-12-10 14:55:00-05:00,374.1,375.3,373.315,374.625,39342.0
2025-12-10 15:00:00-05:00,374.71,376.53,372.74,376.2665,40744.0
2025-12-10 15:05:00-05:00,376.1,376.5,372.6,373.68,49114.0
2025-12-10 15:10:00-05:00,373.76,374.69,373.12,374.135,14471.0
2025-12-10 15:15:00-05:00,373.66,374.13,372.64,372.9475,27842.0
2025-12-10 15:20:00-05:00,372.78,373.65,370.06,370.11,86360.0
2025-12-10 15:25:00-05:00,370.35,371.97,369.72,369.72,85795.0
2025-12-10 15:30:00-05:00,369.57,371.8099,369.53,370.1,52097.0
2025-12-10 15:35:00-05:00,369.7675,371.75,369.7675,371.75,35097.0
2025-12-10 15:40:00-05:00,371.53,373.31,368.67,368.67,52576.0
2025-12-10 15:45:00-05:00,368.785,369.94,367.81,368.195,62915.0
2025-12-10 15:50:00-05:00,368.41,369.89,367.2601,368.34,149852.0
2025-12-10 15:55:00-05:00,368.34,368.43,365.77,365.83,226166.0
2025-12-11 09:30:00-05:00,365.19,365.19,356.0,360.0,199993.0
2025-12-11 09:35:00-05:00,360.635,361.01,357.41,359.005,103976.0
2025-12-11 09:40:00-05:00,359.005,359.17,354.46,358.03,94921.0
2025-12-11 09:45:00-05:00,358.03,360.0,353.52,356.465,80197.0
2025-12-11 09:50:00-05:00,355.7,360.98,355.66,356.75,75662.0
2025-12-11 09:55:00-05:00,357.01,358.18,349.3,350.53,118531.0
2025-12-11 10:00:00-05:00,351.73,356.14,348.01,355.3,117666.0
2025-12-11 10:05:00-05:00,355.45,360.0,354.56,359.515,83848.0
2025-12-11 10:10:00-05:00,359.1465,361.21,357.17,359.16,47531.0
2025-12-11 10:15:00-05:00,359.14,363.51,358.765,362.06,49764.0
2025-12-11 10:20:00-05:00,362.52,368.17,361.5101,367.23,44000.0
2025-12-11 10:25:00-05:00,367.31,367.825,365.08,365.6601,59013.0
2025-12-11 10:30:00-05:00,365.8636,367.31,365.0,366.6,35468.0
2025-12-11 10:35:00-05:00,366.53,366.92,364.985,365.17,45477.0
2025-12-11 10:40:00-05:00,365.12,365.36,362.1201,363.615,45764.0
2025-12-11 10:45:00-05:00,363.615,364.59,360.5,360.84,25007.0
2025-12-11 10:50:00-05:00,360.84,365.01,360.1,364.52,15067.0
2025-12-11 10:55:00-05:00,364.66,368.0,364.66,367.0595,30064.0
2025-12-11 11:00:00-05:00,367.18,368.86,364.01,366.355,39485.0
2025-12-11 11:05:00-05:00,365.99,366.91,364.49,364.64,24985.0
2025-12-11 11:10:00-05:00,364.65,364.68,362.2175,364.08,44008.0
2025-12-11 11:15:00-05:00,363.705,364.65,363.0,364.0174,13710.0
2025-12-11 11:20:00-05:00,363.435,366.79,363.425,366.79,18202.0
2025-12-11 11:25:00-05:00,366.86,367.07,363.5,364.785,15923.0
2025-12-11 11:30:00-05:00,363.6,366.1299,363.6,364.01,15011.0
2025-12-11 11:35:00-05:00,365.03,365.9999,364.0,365.9999,9313.0
2025-12-11 11:40:00-05:00,365.38,368.7,365.0425,368.29,49322.0
2025-12-11 11:45:00-05:00,367.91,370.365,365.02,365.97,38681.0
2025-12-11 11:50:00-05:00,366.31,366.345,363.77,365.15,11837.0
2025-12-11 11:55:00-05:00,366.0,366.5999,365.29,365.52,7300.0
2025-12-11 12:00:00-05:00,365.975,367.28,365.975,367.13,6927.0
2025-12-11 12:05:00-05:00,366.74,366.97,366.02,366.41,9215.0
2025-12-11 12:10:00-05:00,366.49,367.5191,366.36,367.5092,11819.0
2025-12-11 12:15:00-05:00,367.5092,368.22,366.81,368.22,14915.0
2025-12-11 12:20:00-05:00,368.0,368.2625,367.2981,367.4813,9641.0
2025-12-11 12:25:00-05:00,367.87,367.87,365.45,365.45,17170.0
2025-12-11 12:30:00-05:00,365.35,367.235,365.35,366.96,13050.0
2025-12-11 12:35:00-05:00,366.75,367.61,366.43,367.37,20678.0
2025-12-11 12:40:00-05:00,367.315,368.52,367.03,368.52,10221.0
2025-12-11 12:45:00-05:00,368.57,368.79,367.871,368.52,23574.0
2025-12-11 12:50:00-05:00,368.41,369.48,367.695,367.695,15804.0
2025-12-11 12:55:00-05:00,367.4729,368.53,366.8,367.57,8737.0
2025-12-11 13:00:00-05:00,367.92,368.4299,366.81,367.37,12747.0
2025-12-11 13:05:00-05:00,367.29,368.72,366.9501,368.5,26296.0
2025-12-11 13:10:00-05:00,368.5806,369.8459,367.745,369.485,19403.0
2025-12-11 13:15:00-05:00,369.05,369.68,368.895,369.61,8823.0
2025-12-11 13:20:00-05:00,369.765,370.1188,364.8141,365.71,38446.0
2025-12-11 13:25:00-05:00,365.01,366.91,364.86,365.6,24265.0
2025-12-11 13:30:00-05:00,365.25,365.25,358.0,361.305,55076.0
2025-12-11 13:35:00-05:00,360.33,362.305,359.49,362.305,24746.0
2025-12-11 13:40:00-05:00,362.305,364.6287,361.65,364.6287,23714.0
2025-12-11 13:45:00-05:00,364.3,365.01,363.19,363.94,17189.0
2025-12-11 13:50:00-05:00,364.51,366.3499,363.515,364.3651,14809.0
2025-12-11 13:55:00-05:00,364.55,366.27,364.55,365.99,35904.0
2025-12-11 14:00:00-05:00,366.25,367.71,365.35,367.71,16941.0
2025-12-11 14:05:00-05:00,367.04,367.1351,365.713,366.31,12663.0
2025-12-11 14:10:00-05:00,366.53,367.0,366.1483,366.67,9341.0
2025-12-11 14:15:00-05:00,366.835,368.26,366.835,367.97,38307.0
2025-12-11 14:20:00-05:00,368.26,369.11,366.0101,369.11,57769.0
2025-12-11 14:25:00-05:00,369.14,369.62,367.04,368.4498,16369.0
2025-12-11 14:30:00-05:00,368.94,369.9,368.3325,369.2,10162.0
2025-12-11 14:35:00-05:00,369.36,370.1974,368.0101,368.0101,28882.0
2025-12-11 14:40:00-05:00,368.52,368.55,367.61,367.85,14389.0
2025-12-11 14:45:00-05:00,368.09,369.0,368.09,368.6,7430.0
2025-12-11 14:50:00-05:00,369.0,369.26,368.66,369.04,10814.0
2025-12-11 14:55:00-05:00,369.04,369.46,368.66,369.325,18169.0
2025-12-11 15:00:00-05:00,369.32,369.88,368.8725,369.4375,16830.0
2025-12-11 15:05:00-05:00,369.6586,370.0,369.27,369.77,13214.0
2025-12-11 15:10:00-05:00,369.41,370.2,369.22,369.705,13730.0
2025-12-11 15:15:00-05:00,369.705,370.86,368.82,370.56,28504.0
2025-12-11 15:20:00-05:00,370.46,372.0,370.26,371.49,34945.0
2025-12-11 15:25:00-05:00,371.275,372.42,370.68,372.05,54439.0
2025-12-11 15:30:00-05:00,372.045,373.5,371.2343,373.24,80088.0
2025-12-11 15:35:00-05:00,373.24,374.8593,372.18,373.6401,58127.0
2025-12-11 15:40:00-05:00,373.78,374.75,372.91,374.44,27458.0
2025-12-11 15:45:00-05:00,374.4442,374.97,372.151,373.64,54086.0
2025-12-11 15:50:00-05:00,373.885,374.33,372.625,373.3075,39482.0
2025-12-11 15:55:00-05:00,373.215,373.215,370.621,372.24,126129.0
2025-12-12 09:30:00-05:00,362.56,365.88,355.54,359.045,152781.0
2025-12-12 09:35:00-05:00,359.045,362.5399,357.0,359.06,89160.0
2025-12-12 09:40:00-05:00,359.5625,362.0,356.34,357.395,76003.0
2025-12-12 09:45:00-05:00,356.96,358.7,352.0,352.08,99228.0
2025-12-12 09:50:00-05:00,352.26,352.3273,345.73,351.92,161603.0
2025-12-12 09:55:00-05:00,351.4,353.45,346.9556,347.18,100073.0
2025-12-12 10:00:00-05:00,348.0,349.54,341.0,341.7645,104273.0
2025-12-12 10:05:00-05:00,341.005,341.9999,337.04,338.37,153783.0
2025-12-12 10:10:00-05:00,338.375,346.78,338.33,343.32,259569.0
2025-12-12 10:15:00-05:00,343.32,347.97,342.385,346.87,203525.0
2025-12-12 10:20:00-05:00,346.27,347.0,342.845,344.2525,100576.0
2025-12-12 10:25:00-05:00,343.65,344.22,340.23,340.23,119295.0
2025-12-12 10:30:00-05:00,340.251,344.2,339.2,342.19,142026.0
2025-12-12 10:35:00-05:00,342.12,343.53,337.2,337.661,109075.0
2025-12-12 10:40:00-05:00,337.64,341.35,335.1,341.06,170986.0
2025-12-12 10:45:00-05:00,340.7,341.9499,338.67,339.825,70404.0
2025-12-12 10:50:00-05:00,339.765,341.3959,336.46,337.09,55670.0
2025-12-12 10:55:00-05:00,336.5,337.79,333.33,333.33,104168.0
2025-12-12 11:00:00-05:00,333.2,335.7136,326.98,327.2101,289618.0
2025-12-12 11:05:00-05:00,327.21,331.42,327.0301,327.74,123649.0
2025-12-12 11:10:00-05:00,327.57,331.435,326.5,329.39,188037.0
2025-12-12 11:15:00-05:00,329.59,331.99,328.0,328.59,60101.0
2025-12-12 11:20:00-05:00,329.225,330.89,326.89,330.07,51162.0
2025-12-12 11:25:00-05:00,329.96,334.17,329.5,332.26,65459.0
2025-12-12 11:30:00-05:00,332.36,332.53,329.72,331.04,72455.0
2025-12-12 11:35:00-05:00,331.43,331.43,326.31,327.13,83974.0
2025-12-12 11:40:00-05:00,326.96,332.42,326.421,331.99,30548.0
2025-12-12 11:45:00-05:00,332.1,335.72,331.89,334.38,73560.0
2025-12-12 11:50:00-05:00,334.21,335.59,332.01,333.04,36112.0
2025-12-12 11:55:00-05:00,334.3769,334.3769,332.14,333.08,42063.0
2025-12-12 12:00:00-05:00,332.54,335.525,332.49,334.115,41258.0
2025-12-12 12:05:00-05:00,334.47,338.77,334.4,336.97,89052.0
2025-12-12 12:10:00-05:00,336.81,338.5,336.075,338.0,59631.0
2025-12-12 12:15:00-05:00,338.0558,340.09,337.7701,339.56,41137.0
2025-12-12 12:20:00-05:00,339.7,340.09,337.0,337.095,43876.0
2025-12-12 12:25:00-05:00,337.105,337.105,334.71,335.71,60480.0
2025-12-12 12:30:00-05:00,335.83,337.22,333.4705,334.535,32086.0
2025-12-12 12:35:00-05:00,334.235,336.23,333.17,336.115,32197.0
2025-12-12 12:40:00-05:00,335.92,336.14,334.58,335.21,25690.0
2025-12-12 12:45:00-05:00,335.23,338.63,335.12,337.61,27271.0
2025-12-12 12:50:00-05:00,337.72,338.0,335.85,337.34,42641.0
2025-12-12 12:55:00-05:00,337.78,338.18,335.63,335.96,36435.0
2025-12-12 13:00:00-05:00,335.4801,337.195,334.31,334.7,39333.0
2025-12-12 13:05:00-05:00,334.3101,334.57,333.0,333.355,78802.0
2025-12-12 13:10:00-05:00,333.08,337.23,332.54,335.69,107104.0
2025-12-12 13:15:00-05:00,335.37,338.155,335.01,336.23,88790.0
2025-12-12 13:20:00-05:00,336.015,336.015,335.0,335.21,28311.0
2025-12-12 13:25:00-05:00,335.04,336.015,334.77,335.8516,27675.0
2025-12-12 13:30:00-05:00,335.8,336.01,333.735,334.385,45753.0
2025-12-12 13:35:00-05:00,334.22,336.0,333.12,333.18,56864.0
2025-12-12 13:40:00-05:00,333.1801,334.1,331.535,331.86,40138.0
2025-12-12 13:45:00-05:00,331.6,332.2499,329.6,330.72,61500.0
2025-12-12 13:50:00-05:00,330.49,331.38,328.77,328.92,29123.0
2025-12-12 13:55:00-05:00,328.92,329.445,327.79,329.0545,61008.0
2025-12-12 14:00:00-05:00,329.365,329.365,326.43,327.495,40638.0
2025-12-12 14:05:00-05:00,327.26,327.46,325.68,326.265,44476.0
2025-12-12 14:10:00-05:00,325.95,327.03,325.0501,326.11,43054.0
2025-12-12 14:15:00-05:00,326.15,326.18,324.5,325.2451,66725.0
2025-12-12 14:20:00-05:00,325.05,325.64,324.15,325.0,40768.0
2025-12-12 14:25:00-05:00,324.8401,325.1117,323.0,324.76,46461.0
2025-12-12 14:30:00-05:00,324.6301,325.43,323.66,324.0,44743.0
2025-12-12 14:35:00-05:00,323.8401,325.3,323.66,325.075,39242.0
2025-12-12 14:40:00-05:00,324.7,326.6,323.947,324.1,37763.0
2025-12-12 14:45:00-05:00,323.9601,326.03,323.67,324.52,51173.0
2025-12-12 14:50:00-05:00,324.52,327.81,324.52,327.0,50167.0
2025-12-12 14:55:00-05:00,326.75,327.4,325.51,327.22,41831.0
2025-12-12 15:00:00-05:00,326.93,327.16,325.745,326.75,29417.0
2025-12-12 15:05:00-05:00,326.36,326.575,325.09,325.6,34736.0
2025-12-12 15:10:00-05:00,325.52,325.735,323.25,324.4,64450.0
2025-12-12 15:15:00-05:00,324.05,324.515,322.82,322.82,32287.0
2025-12-12 15:20:00-05:00,322.9,323.17,321.22,321.59,53898.0
2025-12-12 15:25:00-05:00,321.59,321.65,320.29,320.93,61583.0
2025-12-12 15:30:00-05:00,320.88,321.15,319.64,320.825,64096.0
2025-12-12 15:35:00-05:00,320.825,320.9899,319.29,320.27,76078.0
2025-12-12 15:40:00-05:00,320.45,322.82,320.12,321.94,102393.0
2025-12-12 15:45:00-05:00,321.825,323.0399,320.07,320.26,85001.0
2025-12-12 15:50:00-05:00,320.79,324.68,320.38,324.04,167375.0
2025-12-12 15:55:00-05:00,324.1,325.0,323.045,324.25,319650.0
2025-12-15 09:30:00-05:00,341.475,342.5,333.17,337.455,379162.0
2025-12-15 09:35:00-05:00,337.96,347.2299,337.39,340.8025,355759.0
2025-12-15 09:40:00-05:00,341.12,347.6,339.0,344.17,161336.0
2025-12-15 09:45:00-05:00,343.8712,348.75,342.58,346.63,194134.0
2025-12-15 09:50:00-05:00,347.05,347.78,339.24,343.3,131060.0
2025-12-15 09:55:00-05:00,343.33,345.0,336.0,337.37,135168.0
2025-12-15 10:00:00-05:00,337.37,339.46,336.0,336.0,62290.0
2025-12-15 10:05:00-05:00,335.64,342.01,334.34,337.02,90113.0
2025-12-15 10:10:00-05:00,337.51,341.5,335.5,340.92,36400.0
2025-12-15 10:15:00-05:00,340.2,341.99,338.153,339.46,63970.0
2025-12-15 10:20:00-05:00,339.465,344.0,339.44,342.22,72741.0
2025-12-15 10:25:00-05:00,342.04,344.49,336.75,338.185,86947.0
2025-12-15 10:30:00-05:00,337.48,339.81,334.52,337.495,69817.0
2025-12-15 10:35:00-05:00,337.02,339.78,336.64,336.64,52577.0
2025-12-15 10:40:00-05:00,337.15,341.0,335.85,340.61,40687.0
2025-12-15 10:45:00-05:00,340.7701,342.13,338.83,339.355,39375.0
2025-12-15 10:50:00-05:00,339.63,339.63,333.73,335.0523,49395.0
2025-12-15 10:55:00-05:00,334.795,336.67,333.1764,335.35,31061.0
2025-12-15 11:00:00-05:00,335.53,337.575,335.53,336.28,31724.0
2025-12-15 11:05:00-05:00,336.9,342.28,336.9,342.2,45175.0
2025-12-15 11:10:00-05:00,342.11,343.8,339.21,339.21,70572.0
2025-12-15 11:15:00-05:00,339.5,342.64,338.866,341.4,40497.0
2025-12-15 11:20:00-05:00,341.8,344.34,341.56,341.7,62950.0
2025-12-15 11:25:00-05:00,341.92,342.77,340.5,340.5159,24343.0
2025-12-15 11:30:00-05:00,340.97,341.42,339.375,339.47,28778.0
2025-12-15 11:35:00-05:00,339.37,340.35,336.02,337.22,34864.0
2025-12-15 11:40:00-05:00,337.665,339.27,337.18,337.59,15554.0
2025-12-15 11:45:00-05:00,337.29,337.72,336.01,336.825,18684.0
2025-12-15 11:50:00-05:00,337.11,339.51,336.83,339.0503,16096.0
2025-12-15 11:55:00-05:00,339.31,340.21,338.6,340.15,24630.0
2025-12-15 12:00:00-05:00,339.58,340.03,337.32,337.32,20420.0
2025-12-15 12:05:00-05:00,337.495,337.71,335.9,336.335,32748.0
2025-12-15 12:10:00-05:00,336.52,336.8,335.79,336.03,24528.0
2025-12-15 12:15:00-05:00,336.3626,336.3626,335.38,335.91,44884.0
2025-12-15 12:20:00-05:00,335.68,338.225,335.68,337.79,24403.0
2025-12-15 12:25:00-05:00,338.34,338.78,338.05,338.05,15712.0
2025-12-15 12:30:00-05:00,338.05,340.94,337.91,339.275,45066.0
2025-12-15 12:35:00-05:00,339.41,341.2,339.41,341.2,22187.0
2025-12-15 12:40:00-05:00,341.16,342.0,340.6,340.6861,38490.0
2025-12-15 12:45:00-05:00,341.045,343.22,340.9928,343.025,45718.0
2025-12-15 12:50:00-05:00,342.905,343.12,339.74,341.82,39064.0
2025-12-15 12:55:00-05:00,341.82,342.65,340.84,341.34,16988.0
2025-12-15 13:00:00-05:00,341.29,341.295,338.83,339.16,38341.0
2025-12-15 13:05:00-05:00,339.245,340.415,338.705,338.705,18754.0
2025-12-15 13:10:00-05:00,338.705,340.385,338.22,340.385,19714.0
2025-12-15 13:15:00-05:00,340.385,340.52,338.62,339.0,13506.0
2025-12-15 13:20:00-05:00,338.995,339.78,338.0,338.965,51735.0
2025-12-15 13:25:00-05:00,338.965,339.165,337.535,338.795,19268.0
2025-12-15 13:30:00-05:00,338.795,339.7799,338.1193,338.44,44128.0
2025-12-15 13:35:00-05:00,338.3085,339.21,338.0,338.52,28763.0
2025-12-15 13:40:00-05:00,337.865,338.62,337.68,338.325,14830.0
2025-12-15 13:45:00-05:00,338.49,338.82,338.1,338.32,19984.0
2025-12-15 13:50:00-05:00,338.1,338.94,337.66,337.8,22235.0
2025-12-15 13:55:00-05:00,337.68,338.43,337.56,337.9,14591.0
2025-12-15 14:00:00-05:00,337.74,338.06,337.06,337.79,22391.0
2025-12-15 14:05:00-05:00,337.79,338.97,337.2001,338.755,23100.0
2025-12-15 14:10:00-05:00,338.675,339.3499,338.34,338.55,8743.0
2025-12-15 14:15:00-05:00,338.0,338.0,336.24,337.44,45104.0
2025-12-15 14:20:00-05:00,336.71,338.26,336.0,338.1,23029.0
2025-12-15 14:25:00-05:00,338.29,338.63,336.41,336.71,19268.0
2025-12-15 14:30:00-05:00,336.88,336.88,335.29,336.26,21078.0
2025-12-15 14:35:00-05:00,336.18,336.685,335.2,335.425,31581.0
2025-12-15 14:40:00-05:00,335.2,335.55,334.41,335.125,39387.0
2025-12-15 14:45:00-05:00,335.125,335.28,334.01,334.975,22796.0
2025-12-15 14:50:00-05:00,334.89,335.41,334.69,335.13,16416.0
2025-12-15 14:55:00-05:00,335.13,336.1,334.9101,335.235,19635.0
2025-12-15 15:00:00-05:00,335.225,336.24,334.72,336.24,37717.0
2025-12-15 15:05:00-05:00,336.58,339.515,336.15,338.08,71335.0
2025-12-15 15:10:00-05:00,337.61,339.2499,336.4,336.85,14898.0
2025-12-15 15:15:00-05:00,336.47,338.04,336.47,337.4678,24729.0
2025-12-15 15:20:00-05:00,337.2,338.025,336.73,338.025,34050.0
2025-12-15 15:25:00-05:00,337.79,338.1,336.51,337.01,27822.0
2025-12-15 15:30:00-05:00,337.0,337.0,335.0015,335.61,26700.0
2025-12-15 15:35:00-05:00,335.75,337.495,335.31,337.32,28991.0
2025-12-15 15:40:00-05:00,336.934,337.32,333.03,334.1699,91441.0
2025-12-15 15:45:00-05:00,334.2,335.5,333.74,334.885,53492.0
2025-12-15 15:50:00-05:00,334.675,335.78,333.16,334.84,152738.0
2025-12-15 15:55:00-05:00,334.74,335.46,333.935,334.73,199862.0
2025-12-16 09:30:00-05:00,326.01,330.69,320.0001,323.065,267712.0
2025-12-16 09:35:00-05:00,323.39,329.7,322.79,329.48,122215.0
2025-12-16 09:40:00-05:00,329.19,331.44,323.29,323.4,136294.0
2025-12-16 09:45:00-05:00,323.36,326.51,321.7601,323.31,91469.0
2025-12-16 09:50:00-05:00,323.25,329.27,323.19,325.78,72743.0
2025-12-16 09:55:00-05:00,325.01,327.24,323.1,327.22,67244.0
2025-12-16 10:00:00-05:00,326.37,328.5,325.2,327.32,36918.0
2025-12-16 10:05:00-05:00,326.74,327.15,323.4373,324.33,16768.0
2025-12-16 10:10:00-05:00,323.0,324.4,321.25,321.92,56790.0
2025-12-16 10:15:00-05:00,321.15,322.24,315.37,316.61,165000.0
2025-12-16 10:20:00-05:00,316.69,317.5,313.0,315.915,145387.0
2025-12-16 10:25:00-05:00,315.84,319.28,314.17,318.8775,80089.0
2025-12-16 10:30:00-05:00,319.1,322.57,319.03,321.47,77970.0
2025-12-16 10:35:00-05:00,321.58,323.03,320.03,321.27,63896.0
2025-12-16 10:40:00-05:00,321.28,321.28,316.48,317.91,43104.0
2025-12-16 10:45:00-05:00,317.91,320.205,316.4,316.4,57660.0
2025-12-16 10:50:00-05:00,317.06,318.07,314.38,317.75,71857.0
2025-12-16 10:55:00-05:00,318.05,319.38,317.465,318.61,53751.0
2025-12-16 11:00:00-05:00,318.605,319.56,314.74,315.99,57093.0
2025-12-16 11:05:00-05:00,316.51,316.66,312.54,312.54,56882.0
2025-12-16 11:10:00-05:00,313.0521,315.47,312.0,313.56,49838.0
2025-12-16 11:15:00-05:00,313.6,314.04,311.82,312.73,68338.0
2025-12-16 11:20:00-05:00,312.3,312.78,310.57,311.19,64553.0
2025-12-16 11:25:00-05:00,311.22,311.75,310.2,310.4201,63094.0
2025-12-16 11:30:00-05:00,310.965,312.96,310.42,312.871,40944.0
2025-12-16 11:35:00-05:00,312.96,314.16,310.91,312.3148,48073.0
2025-12-16 11:40:00-05:00,312.315,312.8,310.961,312.0,36850.0
2025-12-16 11:45:00-05:00,311.915,314.5299,311.703,314.47,28506.0
2025-12-16 11:50:00-05:00,314.275,317.77,313.68,317.38,122833.0
2025-12-16 11:55:00-05:00,316.83,321.5323,315.5139,318.985,88416.0
2025-12-16 12:00:00-05:00,318.51,320.85,318.02,320.24,167099.0
2025-12-16 12:05:00-05:00,320.24,320.37,315.99,316.1058,67298.0
2025-12-16 12:10:00-05:00,316.335,316.5,314.62,314.83,25050.0
2025-12-16 12:15:00-05:00,314.22,315.485,313.0,314.6,34696.0
2025-12-16 12:20:00-05:00,314.135,314.5,312.8,313.0,42487.0
2025-12-16 12:25:00-05:00,313.09,313.205,311.37,312.96,49828.0
2025-12-16 12:30:00-05:00,312.53,315.06,312.52,315.06,27602.0
2025-12-16 12:35:00-05:00,314.65,315.25,312.1501,313.1,38273.0
2025-12-16 12:40:00-05:00,313.1,313.56,312.27,313.01,37416.0
2025-12-16 12:45:00-05:00,312.79,313.94,312.17,313.49,23028.0
2025-12-16 12:50:00-05:00,313.06,313.905,312.55,313.2261,17097.0
2025-12-16 12:55:00-05:00,313.51,313.655,310.59,310.59,72494.0
2025-12-16 13:00:00-05:00,310.7,312.31,309.07,311.37,49887.0
2025-12-16 13:05:00-05:00,311.845,311.845,310.13,310.9,45107.0
2025-12-16 13:10:00-05:00,310.995,313.06,310.49,312.65,56160.0
2025-12-16 13:15:00-05:00,312.35,313.37,311.7,311.9233,30124.0
2025-12-16 13:20:00-05:00,312.01,312.89,311.25,312.74,22352.0
2025-12-16 13:25:00-05:00,312.585,312.91,311.4,312.27,46237.0
2025-12-16 13:30:00-05:00,312.46,314.3,312.46,314.3,32902.0
2025-12-16 13:35:00-05:00,314.31,315.59,314.2,315.06,35237.0
2025-12-16 13:40:00-05:00,315.055,316.32,315.05,315.81,19905.0
2025-12-16 13:45:00-05:00,316.156,316.51,315.27,316.51,26440.0
2025-12-16 13:50:00-05:00,316.15,317.57,315.59,316.82,27160.0
2025-12-16 13:55:00-05:00,316.62,317.93,315.71,317.7,40122.0
2025-12-16 14:00:00-05:00,317.45,317.87,315.52,315.87,23886.0
2025-12-16 14:05:00-05:00,315.625,316.2,314.5,314.63,22463.0
2025-12-16 14:10:00-05:00,314.75,314.79,313.16,313.3,23313.0
2025-12-16 14:15:00-05:00,313.18,313.54,312.6901,312.995,20923.0
2025-12-16 14:20:00-05:00,313.09,314.81,312.99,313.97,15125.0
2025-12-16 14:25:00-05:00,313.95,315.3,313.7,314.92,29530.0
2025-12-16 14:30:00-05:00,315.01,316.2,314.815,316.0,25130.0
2025-12-16 14:35:00-05:00,315.815,316.25,314.68,314.68,13544.0
2025-12-16 14:40:00-05:00,314.2894,314.98,314.05,314.65,19845.0
2025-12-16 14:45:00-05:00,313.92,314.51,313.47,314.51,14645.0
2025-12-16 14:50:00-05:00,314.25,314.91,313.57,314.11,30362.0
2025-12-16 14:55:00-05:00,314.14,314.83,313.9,314.08,25724.0
2025-12-16 15:00:00-05:00,314.0,314.72,313.94,314.39,35418.0
2025-12-16 15:05:00-05:00,314.19,315.3,313.82,315.29,36672.0
2025-12-16 15:10:00-05:00,315.26,315.53,314.009,314.68,19707.0
2025-12-16 15:15:00-05:00,314.83,314.89,313.2,314.655,24676.0
2025-12-16 15:20:00-05:00,314.41,314.91,313.6659,314.6,25687.0
2025-12-16 15:25:00-05:00,314.41,314.53,313.395,313.815,24044.0
2025-12-16 15:30:00-05:00,313.76,314.21,313.2,313.69,33084.0
2025-12-16 15:35:00-05:00,313.64,316.22,313.64,315.005,88781.0
2025-12-16 15:40:00-05:00,315.1,317.45,315.1,316.595,74411.0
2025-12-16 15:45:00-05:00,316.58,316.75,315.17,316.0346,71842.0
2025-12-16 15:50:00-05:00,316.065,317.77,316.065,316.96,94689.0
2025-12-16 15:55:00-05:00,316.76,317.38,315.81,315.96,244412.0
2025-12-17 09:30:00-05:00,337.91,337.91,329.465,331.0,201787.0
2025-12-17 09:35:00-05:00,331.45,331.51,327.0,328.28,113134.0
2025-12-17 09:40:00-05:00,328.62,329.03,324.0,326.38,151220.0
2025-12-17 09:45:00-05:00,327.08,329.5999,327.08,329.04,84540.0
2025-12-17 09:50:00-05:00,329.01,334.14,328.85,331.365,87342.0
2025-12-17 09:55:00-05:00,331.19,332.299,328.91,331.25,52126.0
2025-12-17 10:00:00-05:00,330.625,331.55,327.25,329.65,69726.0
2025-12-17 10:05:00-05:00,328.2,329.69,324.65,325.31,49808.0
2025-12-17 10:10:00-05:00,325.31,328.9,325.12,328.9,35996.0
2025-12-17 10:15:00-05:00,329.01,329.58,327.295,327.375,73150.0
2025-12-17 10:20:00-05:00,327.285,330.68,326.805,330.045,37693.0
2025-12-17 10:25:00-05:00,329.58,330.045,325.57,326.21,107037.0
2025-12-17 10:30:00-05:00,326.29,326.53,322.5409,323.305,44899.0
2025-12-17 10:35:00-05:00,323.19,323.43,318.035,318.93,77357.0
2025-12-17 10:40:00-05:00,319.245,320.138,315.0,316.5,57541.0
2025-12-17 10:45:00-05:00,316.645,320.392,316.33,317.5,68675.0
2025-12-17 10:50:00-05:00,317.38,318.52,315.35,317.79,82583.0
2025-12-17 10:55:00-05:00,317.8,319.73,316.0,319.5,40338.0
2025-12-17 11:00:00-05:00,319.73,323.5,319.72,323.4,46200.0
2025-12-17 11:05:00-05:00,323.5,327.25,323.5,326.87,72723.0
2025-12-17 11:10:00-05:00,326.3,327.6799,321.25,322.18,48103.0
2025-12-17 11:15:00-05:00,322.04,322.595,320.63,321.62,37622.0
2025-12-17 11:20:00-05:00,320.95,322.85,320.0101,321.11,61345.0
2025-12-17 11:25:00-05:00,320.01,320.8,318.4004,318.87,40246.0
2025-12-17 11:30:00-05:00,318.59,319.06,317.11,317.19,27202.0
2025-12-17 11:35:00-05:00,317.4,319.5,316.75,318.0,23742.0
2025-12-17 11:40:00-05:00,317.87,320.64,317.34,320.32,55573.0
2025-12-17 11:45:00-05:00,321.0,322.164,320.05,321.6385,23863.0
2025-12-17 11:50:00-05:00,320.67,321.86,319.0,321.22,36635.0
2025-12-17 11:55:00-05:00,321.285,322.86,320.62,322.45,31524.0
2025-12-17 12:00:00-05:00,322.125,322.81,320.9,322.16,15406.0
2025-12-17 12:05:00-05:00,322.17,323.0,321.76,322.57,25550.0
2025-12-17 12:10:00-05:00,322.18,324.0,322.01,323.35,21823.0
2025-12-17 12:15:00-05:00,323.14,325.03,322.145,324.33,30288.0
2025-12-17 12:20:00-05:00,324.0,325.0,323.015,324.75,19018.0
2025-12-17 12:25:00-05:00,324.4,324.6799,322.11,322.89,19271.0
2025-12-17 12:30:00-05:00,323.145,324.15,322.59,323.685,21767.0
2025-12-17 12:35:00-05:00,324.05,324.97,323.69,324.18,25362.0
2025-12-17 12:40:00-05:00,324.37,324.64,323.5101,323.655,21521.0
2025-12-17 12:45:00-05:00,324.0,325.275,323.67,324.365,29697.0
2025-12-17 12:50:00-05:00,324.36,324.56,323.35,323.35,26489.0
2025-12-17 12:55:00-05:00,323.595,325.75,323.595,325.2,11696.0
2025-12-17 13:00:00-05:00,325.6,327.53,325.32,326.0425,42264.0
2025-12-17 13:05:00-05:00,325.79,326.975,324.731,324.88,13045.0
2025-12-17 13:10:00-05:00,325.09,325.27,323.96,323.96,18651.0
2025-12-17 13:15:00-05:00,324.06,325.085,323.64,323.95,11373.0
2025-12-17 13:20:00-05:00,324.0,325.4,324.0,324.68,12421.0
2025-12-17 13:25:00-05:00,324.0601,325.765,324.06,325.07,11512.0
2025-12-17 13:30:00-05:00,325.035,325.39,324.47,325.305,14450.0
2025-12-17 13:35:00-05:00,325.27,325.52,324.02,324.114,12085.0
2025-12-17 13:40:00-05:00,324.26,324.991,322.45,322.45,34129.0
2025-12-17 13:45:00-05:00,321.96,323.39,320.0,321.25,29963.0
2025-12-17 13:50:00-05:00,321.0,321.44,319.0,321.275,33756.0
2025-12-17 13:55:00-05:00,321.28,323.98,320.75,323.1,16368.0
2025-12-17 14:00:00-05:00,323.89,324.3956,322.95,323.33,15894.0
2025-12-17 14:05:00-05:00,323.13,323.39,321.38,322.06,15356.0
2025-12-17 14:10:00-05:00,322.34,323.67,321.75,321.77,13585.0
2025-12-17 14:15:00-05:00,322.03,322.06,320.12,320.12,12711.0
2025-12-17 14:20:00-05:00,320.18,321.71,319.86,321.14,21834.0
2025-12-17 14:25:00-05:00,321.0,321.33,320.2,320.92,27641.0
2025-12-17 14:30:00-05:00,321.0,321.84,320.44,320.575,15418.0
2025-12-17 14:35:00-05:00,320.3736,320.5801,319.58,320.55,16397.0
2025-12-17 14:40:00-05:00,320.19,321.51,319.8,321.24,30932.0
2025-12-17 14:45:00-05:00,321.39,321.39,319.61,320.3221,17209.0
2025-12-17 14:50:00-05:00,320.17,320.39,319.14,320.17,12339.0
2025-12-17 14:55:00-05:00,320.7,321.36,320.54,321.0,28554.0
2025-12-17 15:00:00-05:00,321.4,321.41,320.28,321.06,28828.0
2025-12-17 15:05:00-05:00,321.39,321.65,320.82,320.91,15898.0
2025-12-17 15:10:00-05:00,321.0275,321.52,320.45,320.78,27938.0
2025-12-17 15:15:00-05:00,320.74,322.2,320.74,321.3,10972.0
2025-12-17 15:20:00-05:00,321.0092,321.17,320.01,320.01,19135.0
2025-12-17 15:25:00-05:00,320.0,320.59,318.72,320.59,39716.0
2025-12-17 15:30:00-05:00,320.78,320.95,318.7608,320.02,59876.0
2025-12-17 15:35:00-05:00,320.22,320.47,318.91,319.37,31585.0
2025-12-17 15:40:00-05:00,319.27,320.58,318.99,320.58,32510.0
2025-12-17 15:45:00-05:00,320.575,321.69,320.155,321.22,32628.0
2025-12-17 15:50:00-05:00,321.18,321.7111,319.975,321.35,90079.0
2025-12-17 15:55:00-05:00,321.78,322.22,319.79,320.12,290330.0
2025-12-18 09:30:00-05:00,336.4,343.65,335.75,340.56,269117.0
2025-12-18 09:35:00-05:00,340.94,342.41,337.5,342.0,135193.0
2025-12-18 09:40:00-05:00,341.0,342.365,337.0001,337.74,71440.0
2025-12-18 09:45:00-05:00,337.72,340.8956,334.0,334.75,115100.0
2025-12-18 09:50:00-05:00,335.33,338.2,334.51,336.82,65669.0
2025-12-18 09:55:00-05:00,336.48,338.999,335.985,336.0001,54876.0
2025-12-18 10:00:00-05:00,336.55,336.555,332.15,332.715,89932.0
2025-12-18 10:05:00-05:00,332.715,333.13,327.49,329.165,97509.0
2025-12-18 10:10:00-05:00,329.53,329.72,326.05,328.25,79438.0
2025-12-18 10:15:00-05:00,328.99,330.76,328.69,329.59,56801.0
2025-12-18 10:20:00-05:00,329.395,333.26,328.1,333.2536,28034.0
2025-12-18 10:25:00-05:00,333.275,338.46,332.565,337.27,71392.0
2025-12-18 10:30:00-05:00,337.5972,340.88,336.391,340.69,72921.0
2025-12-18 10:35:00-05:00,340.445,343.5,340.445,342.165,81103.0
2025-12-18 10:40:00-05:00,341.925,342.53,340.41,341.25,48290.0
2025-12-18 10:45:00-05:00,341.0752,342.62,340.225,341.558,45714.0
2025-12-18 10:50:00-05:00,341.1301,342.79,340.95,341.34,44355.0
2025-12-18 10:55:00-05:00,341.34,341.5,338.0201,339.5763,35106.0
2025-12-18 11:00:00-05:00,339.29,339.991,337.45,339.71,31031.0
2025-12-18 11:05:00-05:00,339.69,340.82,339.0638,339.55,31314.0
2025-12-18 11:10:00-05:00,339.45,341.5,339.3,340.5,17249.0
2025-12-18 11:15:00-05:00,340.45,341.13,339.0,340.345,15780.0
2025-12-18 11:20:00-05:00,340.345,341.71,340.325,340.83,12852.0
2025-12-18 11:25:00-05:00,341.11,341.5,339.0,339.68,33038.0
2025-12-18 11:30:00-05:00,340.23,342.08,339.55,341.92,46122.0
2025-12-18 11:35:00-05:00,342.09,342.34,341.18,342.23,17774.0
2025-12-18 11:40:00-05:00,341.635,341.96,341.07,341.42,15814.0
2025-12-18 11:45:00-05:00,341.275,342.29,341.17,341.315,10316.0
2025-12-18 11:50:00-05:00,341.6,341.8912,340.415,340.415,14889.0
2025-12-18 11:55:00-05:00,340.4,341.13,340.01,340.765,31526.0
2025-12-18 12:00:00-05:00,340.765,341.19,339.29,339.58,45279.0
2025-12-18 12:05:00-05:00,339.3,339.3,337.389,337.47,16078.0
2025-12-18 12:10:00-05:00,337.94,338.58,335.6793,336.73,22056.0
2025-12-18 12:15:00-05:00,336.9639,338.289,336.53,338.08,14490.0
2025-12-18 12:20:00-05:00,337.52,339.3686,337.3,337.3,24087.0
2025-12-18 12:25:00-05:00,337.2,337.95,336.0,336.47,30939.0
2025-12-18 12:30:00-05:00,336.0,337.0,335.845,336.83,41451.0
2025-12-18 12:35:00-05:00,336.77,337.71,335.0,335.505,49052.0
2025-12-18 12:40:00-05:00,335.49,336.03,334.24,335.13,22487.0
2025-12-18 12:45:00-05:00,335.42,336.31,334.29,334.97,26484.0
2025-12-18 12:50:00-05:00,334.61,335.2,333.4,334.95,16632.0
2025-12-18 12:55:00-05:00,335.155,335.35,334.45,335.1,12452.0
2025-12-18 13:00:00-05:00,334.7067,335.5,334.38,335.14,32596.0
2025-12-18 13:05:00-05:00,335.005,337.4558,335.005,336.37,13448.0
2025-12-18 13:10:00-05:00,337.005,337.21,336.04,336.13,18217.0
2025-12-18 13:15:00-05:00,335.76,336.23,335.66,335.9,13444.0
2025-12-18 13:20:00-05:00,336.25,337.0,335.88,336.7,16148.0
2025-12-18 13:25:00-05:00,336.5,336.62,335.84,336.235,7555.0
2025-12-18 13:30:00-05:00,336.43,338.94,336.16,338.33,15534.0
2025-12-18 13:35:00-05:00,338.749,339.51,338.61,339.1,17042.0
2025-12-18 13:40:00-05:00,338.96,340.14,337.41,337.64,15328.0
2025-12-18 13:45:00-05:00,337.845,337.92,336.59,336.77,8820.0
2025-12-18 13:50:00-05:00,337.751,337.76,335.99,336.9,10585.0
2025-12-18 13:55:00-05:00,336.292,337.305,335.4,335.4,9097.0
2025-12-18 14:00:00-05:00,335.8028,336.09,335.045,335.29,11236.0
2025-12-18 14:05:00-05:00,335.29,335.78,334.8,335.485,9823.0
2025-12-18 14:10:00-05:00,335.5629,338.95,334.3965,334.3965,52797.0
2025-12-18 14:15:00-05:00,334.51,335.125,333.94,334.88,13469.0
2025-12-18 14:20:00-05:00,334.855,335.824,333.9401,333.9401,16124.0
2025-12-18 14:25:00-05:00,334.5532,334.97,333.42,334.35,12261.0
2025-12-18 14:30:00-05:00,334.145,334.56,332.595,332.6,11505.0
2025-12-18 14:35:00-05:00,332.94,333.67,332.0,332.0,10783.0
2025-12-18 14:40:00-05:00,332.01,332.13,330.62,330.62,14878.0
2025-12-18 14:45:00-05:00,331.1,332.42,330.79,332.085,22217.0
2025-12-18 14:50:00-05:00,332.09,332.58,331.1,331.84,11291.0
2025-12-18 14:55:00-05:00,331.11,331.16,329.28,329.28,15363.0
2025-12-18 15:00:00-05:00,329.18,332.21,328.66,331.755,25449.0
2025-12-18 15:05:00-05:00,331.9,333.68,331.81,332.1,22776.0
2025-12-18 15:10:00-05:00,332.1,333.24,331.775,332.8,100254.0
2025-12-18 15:15:00-05:00,333.0,334.09,332.62,333.24,29173.0
2025-12-18 15:20:00-05:00,332.88,333.64,332.445,333.535,10314.0
2025-12-18 15:25:00-05:00,333.6,334.8,333.2919,334.225,33283.0
2025-12-18 15:30:00-05:00,334.22,334.69,333.83,334.34,27889.0
2025-12-18 15:35:00-05:00,334.56,335.0999,333.54,334.21,19124.0
2025-12-18 15:40:00-05:00,334.2,334.62,333.68,333.97,13972.0
2025-12-18 15:45:00-05:00,333.97,335.17,333.795,335.17,32738.0
2025-12-18 15:50:00-05:00,335.23,337.3675,335.03,337.335,146259.0
2025-12-18 15:55:00-05:00,337.37,337.88,336.59,337.15,211415.0
2025-12-19 09:30:00-05:00,339.07,351.425,339.03,350.0,193196.0
2025-12-19 09:35:00-05:00,350.44,351.632,347.4,348.0,53925.0
2025-12-19 09:40:00-05:00,347.49,349.215,343.99,348.15,44228.0
2025-12-19 09:45:00-05:00,348.125,352.3,346.79,351.475,71034.0
2025-12-19 09:50:00-05:00,351.75,355.92,351.02,354.91,84620.0
2025-12-19 09:55:00-05:00,355.17,358.43,354.5,357.825,74883.0
2025-12-19 10:00:00-05:00,357.785,363.23,357.785,362.98,116743.0
2025-12-19 10:05:00-05:00,362.61,362.86,358.955,359.5815,80349.0
2025-12-19 10:10:00-05:00,360.34,360.34,356.5,357.195,76890.0
2025-12-19 10:15:00-05:00,357.69,358.225,354.5,356.48,83137.0
2025-12-19 10:20:00-05:00,356.18,358.0,355.2325,355.3,30714.0
2025-12-19 10:25:00-05:00,355.01,356.28,353.039,354.505,39439.0
2025-12-19 10:30:00-05:00,354.02,355.566,353.62,353.62,27059.0
2025-12-19 10:35:00-05:00,353.715,357.0,353.715,355.61,35964.0
2025-12-19 10:40:00-05:00,355.12,356.3,354.4,355.5751,24090.0
2025-12-19 10:45:00-05:00,355.28,355.4,353.885,354.06,36455.0
2025-12-19 10:50:00-05:00,354.15,355.66,353.92,355.225,24261.0
2025-12-19 10:55:00-05:00,355.4384,355.66,353.66,354.6161,34475.0
2025-12-19 11:00:00-05:00,354.5,355.585,353.37,355.295,34801.0
2025-12-19 11:05:00-05:00,355.18,356.1,353.93,354.49,32378.0
2025-12-19 11:10:00-05:00,355.08,357.6,354.49,357.48,41633.0
2025-12-19 11:15:00-05:00,356.58,358.6624,355.1484,357.32,19190.0
2025-12-19 11:20:00-05:00,356.96,359.98,356.48,358.13,34445.0
2025-12-19 11:25:00-05:00,358.1101,358.88,358.1101,358.405,11788.0
2025-12-19 11:30:00-05:00,358.395,359.37,358.32,359.22,14731.0
2025-12-19 11:35:00-05:00,359.0,359.135,357.52,358.575,20053.0
2025-12-19 11:40:00-05:00,358.54,358.854,355.14,356.166,25101.0
2025-12-19 11:45:00-05:00,356.02,356.28,354.46,356.28,30842.0
2025-12-19 11:50:00-05:00,355.57,356.96,354.59,356.61,7189.0
2025-12-19 11:55:00-05:00,356.585,357.11,356.485,356.805,6360.0
2025-12-19 12:00:00-05:00,357.06,358.3699,356.925,357.67,9777.0
2025-12-19 12:05:00-05:00,357.01,359.24,357.01,358.225,29204.0
2025-12-19 12:10:00-05:00,358.22,359.93,358.14,359.93,18046.0
2025-12-19 12:15:00-05:00,359.96,360.89,359.88,360.28,26377.0
2025-12-19 12:20:00-05:00,360.19,360.65,359.76,360.435,12404.0
2025-12-19 12:25:00-05:00,360.33,360.45,359.365,359.37,15089.0
2025-12-19 12:30:00-05:00,359.36,359.68,359.05,359.385,4630.0
2025-12-19 12:35:00-05:00,359.29,360.46,359.29,360.46,9796.0
2025-12-19 12:40:00-05:00,360.44,361.98,360.17,361.5801,39543.0
2025-12-19 12:45:00-05:00,361.52,362.74,361.3,362.03,46233.0
2025-12-19 12:50:00-05:00,361.57,362.22,361.57,362.21,17232.0
2025-12-19 12:55:00-05:00,361.76,362.22,361.48,361.985,28874.0
2025-12-19 13:00:00-05:00,361.985,363.7699,361.05,363.25,161612.0
2025-12-19 13:05:00-05:00,363.24,364.39,363.0001,363.835,22450.0
2025-12-19 13:10:00-05:00,363.95,364.5,363.83,364.43,23849.0
2025-12-19 13:15:00-05:00,364.48,364.55,364.1034,364.26,9262.0
2025-12-19 13:20:00-05:00,364.26,365.51,364.26,364.79,27156.0
2025-12-19 13:25:00-05:00,364.63,365.495,364.18,365.33,19028.0
2025-12-19 13:30:00-05:00,365.625,365.97,365.27,365.645,15904.0
2025-12-19 13:35:00-05:00,365.64,365.68,363.915,364.59,54470.0
2025-12-19 13:40:00-05:00,364.33,364.56,363.5835,364.4,40752.0
2025-12-19 13:45:00-05:00,364.4,365.82,364.26,364.8722,21131.0
2025-12-19 13:50:00-05:00,364.91,365.57,364.71,365.57,15306.0
2025-12-19 13:55:00-05:00,365.66,366.095,365.1115,366.05,15627.0
2025-12-19 14:00:00-05:00,366.04,366.54,365.77,366.085,16376.0
2025-12-19 14:05:00-05:00,366.08,367.0,365.5101,365.885,19111.0
2025-12-19 14:10:00-05:00,365.93,366.835,365.515,366.1425,20916.0
2025-12-19 14:15:00-05:00,366.94,367.19,366.5,366.97,37551.0
2025-12-19 14:20:00-05:00,366.855,367.04,366.01,366.82,20436.0
2025-12-19 14:25:00-05:00,366.93,367.47,366.63,367.22,24015.0
2025-12-19 14:30:00-05:00,367.22,367.9,366.71,367.72,34779.0
2025-12-19 14:35:00-05:00,367.72,368.2,367.26,367.83,23112.0
2025-12-19 14:40:00-05:00,367.635,367.65,366.328,367.14,15492.0
2025-12-19 14:45:00-05:00,367.535,368.035,367.21,367.54,11109.0
2025-12-19 14:50:00-05:00,367.59,368.41,367.0,368.3485,21180.0
2025-12-19 14:55:00-05:00,368.01,368.35,367.83,367.86,17155.0
2025-12-19 15:00:00-05:00,368.13,368.6799,367.15,367.21,20932.0
2025-12-19 15:05:00-05:00,367.68,368.0999,366.16,366.565,39999.0
2025-12-19 15:10:00-05:00,366.56,367.56,366.16,367.56,39799.0
2025-12-19 15:15:00-05:00,367.65,367.735,366.89,366.94,17486.0
2025-12-19 15:20:00-05:00,366.96,368.87,366.96,368.4075,22038.0
2025-12-19 15:25:00-05:00,368.65,368.7,368.02,368.39,33307.0
2025-12-19 15:30:00-05:00,368.23,369.11,368.2,369.05,16665.0
2025-12-19 15:35:00-05:00,369.225,369.38,367.3725,367.6525,28732.0
2025-12-19 15:40:00-05:00,367.93,368.39,367.65,368.26,18566.0
2025-12-19 15:45:00-05:00,368.46,369.2999,368.01,368.53,39870.0
2025-12-19 15:50:00-05:00,368.36,372.6,368.36,372.105,116635.0
2025-12-19 15:55:00-05:00,372.58,373.34,370.24,371.45,311643.0
2025-12-22 09:30:00-05:00,382.65,386.23,376.03,380.0,261808.0
2025-12-22 09:35:00-05:00,381.09,383.33,375.15,383.0,111933.0
2025-12-22 09:40:00-05:00,383.435,387.02,382.6542,385.48,97358.0
2025-12-22 09:45:00-05:00,385.0,386.94,381.189,382.04,83872.0
2025-12-22 09:50:00-05:00,382.45,385.5,381.01,383.785,60444.0
2025-12-22 09:55:00-05:00,383.78,385.015,383.18,384.24,40812.0
2025-12-22 10:00:00-05:00,384.79,385.37,381.05,382.585,87224.0
2025-12-22 10:05:00-05:00,382.52,384.51,382.34,383.88,35675.0
2025-12-22 10:10:00-05:00,384.05,384.16,381.21,382.5918,34392.0
2025-12-22 10:15:00-05:00,382.5701,387.13,382.5701,386.28,66304.0
2025-12-22 10:20:00-05:00,386.65,387.85,383.82,386.55,43663.0
2025-12-22 10:25:00-05:00,386.38,386.74,383.42,384.1125,41394.0
2025-12-22 10:30:00-05:00,384.205,384.205,380.4898,381.09,35408.0
2025-12-22 10:35:00-05:00,381.085,383.17,379.12,381.7,57275.0
2025-12-22 10:40:00-05:00,382.75,384.42,380.52,383.63,31745.0
2025-12-22 10:45:00-05:00,383.9,385.0,383.0,384.33,22912.0
2025-12-22 10:50:00-05:00,384.51,385.86,383.58,385.86,28718.0
2025-12-22 10:55:00-05:00,385.665,386.89,384.52,385.01,26820.0
2025-12-22 11:00:00-05:00,384.98,385.33,383.12,383.685,32484.0
2025-12-22 11:05:00-05:00,383.64,384.9799,383.3,384.0,16835.0
2025-12-22 11:10:00-05:00,384.82,385.32,384.29,384.9644,18730.0
2025-12-22 11:15:00-05:00,385.29,385.5,384.22,385.0,16677.0
2025-12-22 11:20:00-05:00,384.7954,385.1,383.47,384.92,28498.0
2025-12-22 11:25:00-05:00,385.01,386.29,384.8899,385.565,24971.0
2025-12-22 11:30:00-05:00,385.51,385.85,385.065,385.585,16114.0
2025-12-22 11:35:00-05:00,385.585,386.32,385.395,385.975,19526.0
2025-12-22 11:40:00-05:00,385.965,387.3,385.965,387.08,34242.0
2025-12-22 11:45:00-05:00,387.08,387.08,384.3217,385.35,30012.0
2025-12-22 11:50:00-05:00,385.41,387.29,384.62,386.74,27142.0
2025-12-22 11:55:00-05:00,386.74,386.825,385.18,386.5961,20705.0
2025-12-22 12:00:00-05:00,386.25,387.17,385.85,386.4,34700.0
2025-12-22 12:05:00-05:00,386.4,386.99,385.795,386.56,19352.0
2025-12-22 12:10:00-05:00,386.73,387.1,386.13,386.49,10167.0
2025-12-22 12:15:00-05:00,386.87,388.35,386.36,387.5016,21798.0
2025-12-22 12:20:00-05:00,387.88,388.44,386.85,387.625,15127.0
2025-12-22 12:25:00-05:00,387.72,389.4,387.1901,389.35,16197.0
2025-12-22 12:30:00-05:00,388.96,389.76,388.3,388.43,11688.0
2025-12-22 12:35:00-05:00,388.5,388.88,387.01,387.57,32413.0
2025-12-22 12:40:00-05:00,387.53,387.87,383.25,383.7572,55177.0
2025-12-22 12:45:00-05:00,384.02,385.535,383.74,383.905,22078.0
2025-12-22 12:50:00-05:00,383.9,386.9899,383.9,385.72,13767.0
2025-12-22 12:55:00-05:00,385.9873,386.27,385.43,385.98,7647.0
2025-12-22 13:00:00-05:00,385.97,386.51,385.7501,386.51,5943.0
2025-12-22 13:05:00-05:00,386.21,386.57,385.5,386.01,20218.0
2025-12-22 13:10:00-05:00,385.82,386.39,385.2,385.65,14929.0
2025-12-22 13:15:00-05:00,385.38,386.6,385.15,386.07,21535.0
2025-12-22 13:20:00-05:00,386.2,386.92,385.89,386.8,17147.0
2025-12-22 13:25:00-05:00,386.59,388.0,386.5,387.54,19322.0
2025-12-22 13:30:00-05:00,387.515,387.515,386.73,386.73,8567.0
2025-12-22 13:35:00-05:00,386.57,387.51,386.2401,387.3276,15380.0
2025-12-22 13:40:00-05:00,387.09,387.67,386.7583,387.105,6680.0
2025-12-22 13:45:00-05:00,387.17,387.42,386.09,387.255,13148.0
2025-12-22 13:50:00-05:00,387.28,387.28,386.49,386.8,5867.0
2025-12-22 13:55:00-05:00,387.24,387.57,387.08,387.245,3579.0
2025-12-22 14:00:00-05:00,386.77,387.21,386.52,386.61,8427.0
2025-12-22 14:05:00-05:00,387.14,387.15,386.39,386.717,22722.0
2025-12-22 14:10:00-05:00,386.6,387.44,386.3,386.67,14207.0
2025-12-22 14:15:00-05:00,386.3,387.0,385.055,385.915,74680.0
2025-12-22 14:20:00-05:00,385.915,387.14,385.915,386.38,8155.0
2025-12-22 14:25:00-05:00,386.28,387.8,386.058,386.96,11684.0
2025-12-22 14:30:00-05:00,387.11,388.34,387.11,387.28,11355.0
2025-12-22 14:35:00-05:00,387.715,388.88,387.35,388.37,11719.0
2025-12-22 14:40:00-05:00,388.57,389.0,388.23,388.565,11517.0
2025-12-22 14:45:00-05:00,388.86,389.68,388.46,389.55,19766.0
2025-12-22 14:50:00-05:00,389.5,389.73,387.41,388.88,47805.0
2025-12-22 14:55:00-05:00,388.68,389.7,388.68,389.38,15176.0
2025-12-22 15:00:00-05:00,389.38,390.35,389.0,389.6,24631.0
2025-12-22 15:05:00-05:00,389.24,389.68,387.85,387.95,27731.0
2025-12-22 15:10:00-05:00,388.02,388.5,387.9,388.24,16425.0
2025-12-22 15:15:00-05:00,388.215,388.95,387.85,388.95,24789.0
2025-12-22 15:20:00-05:00,388.75,388.99,388.27,388.99,6833.0
2025-12-22 15:25:00-05:00,388.68,389.68,388.68,389.505,17298.0
2025-12-22 15:30:00-05:00,389.505,390.39,389.33,390.35,18935.0
2025-12-22 15:35:00-05:00,390.44,390.85,389.94,390.35,27153.0
2025-12-22 15:40:00-05:00,390.63,390.69,389.69,390.07,33092.0
2025-12-22 15:45:00-05:00,389.845,390.49,389.36,390.28,44566.0
2025-12-22 15:50:00-05:00,390.38,391.2,388.27,388.425,92701.0
2025-12-22 15:55:00-05:00,388.92,390.0,388.42,389.88,137189.0
2025-12-23 09:30:00-05:00,380.96,388.7,380.91,386.39,115248.0
2025-12-23 09:35:00-05:00,386.015,388.3045,384.14,387.11,69632.0
2025-12-23 09:40:00-05:00,386.995,388.7977,385.72,387.9,43610.0
2025-12-23 09:45:00-05:00,387.52,390.41,387.03,390.02,32209.0
2025-12-23 09:50:00-05:00,390.0,390.0,385.6,386.28,34810.0
2025-12-23 09:55:00-05:00,385.895,385.93,381.51,382.8854,56934.0
2025-12-23 10:00:00-05:00,383.08,383.18,381.01,381.66,56133.0
2025-12-23 10:05:00-05:00,381.65,384.1,381.43,384.1,33852.0
2025-12-23 10:10:00-05:00,383.56,384.5616,381.5701,382.58,18268.0
2025-12-23 10:15:00-05:00,383.02,385.28,382.695,385.28,22199.0
2025-12-23 10:20:00-05:00,385.4006,385.9,383.36,384.0,13636.0
2025-12-23 10:25:00-05:00,384.18,385.69,381.31,382.4,23924.0
2025-12-23 10:30:00-05:00,382.0478,382.56,381.07,382.48,30152.0
2025-12-23 10:35:00-05:00,382.22,382.85,382.0133,382.76,17613.0
2025-12-23 10:40:00-05:00,382.465,384.22,382.03,382.03,29073.0
2025-12-23 10:45:00-05:00,382.03,383.04,381.6,382.725,16747.0
2025-12-23 10:50:00-05:00,382.31,384.49,382.31,384.49,9093.0
2025-12-23 10:55:00-05:00,382.7301,384.72,382.7301,384.03,16513.0
2025-12-23 11:00:00-05:00,383.93,384.28,383.07,383.6,9404.0
2025-12-23 11:05:00-05:00,383.32,383.535,382.62,382.66,5697.0
2025-12-23 11:10:00-05:00,382.57,382.98,382.0,382.505,11890.0
2025-12-23 11:15:00-05:00,382.09,383.5487,382.09,383.12,9355.0
2025-12-23 11:20:00-05:00,383.11,384.38,383.01,383.985,15597.0
2025-12-23 11:25:00-05:00,383.79,384.78,383.05,384.555,15433.0
2025-12-23 11:30:00-05:00,384.31,384.31,383.2,383.845,10336.0
2025-12-23 11:35:00-05:00,383.845,385.6,383.845,385.22,15983.0
2025-12-23 11:40:00-05:00,384.845,386.455,384.43,386.455,12836.0
2025-12-23 11:45:00-05:00,386.4,387.015,386.073,387.0,8615.0
2025-12-23 11:50:00-05:00,387.015,387.9,386.04,386.565,19273.0
2025-12-23 11:55:00-05:00,386.565,388.36,386.56,388.36,12661.0
2025-12-23 12:00:00-05:00,387.93,388.15,386.8197,387.66,17649.0
2025-12-23 12:05:00-05:00,387.475,387.82,386.7005,387.74,7648.0
2025-12-23 12:10:00-05:00,387.2334,388.35,387.2334,387.38,4401.0
2025-12-23 12:15:00-05:00,388.0,388.17,387.1001,388.1699,6170.0
2025-12-23 12:20:00-05:00,388.17,388.28,387.36,387.58,5447.0
2025-12-23 12:25:00-05:00,387.22,387.97,386.87,387.05,4933.0
2025-12-23 12:30:00-05:00,387.02,388.135,387.02,388.0,4591.0
2025-12-23 12:35:00-05:00,387.595,387.66,386.9001,387.385,8963.0
2025-12-23 12:40:00-05:00,387.74,387.75,387.09,387.365,3415.0
2025-12-23 12:45:00-05:00,387.04,387.265,386.39,386.5,15131.0
2025-12-23 12:50:00-05:00,386.86,387.5,386.04,387.5,11833.0
2025-12-23 12:55:00-05:00,386.7058,387.14,385.8575,386.42,10625.0
2025-12-23 13:00:00-05:00,386.42,387.0109,386.37,386.38,6770.0
2025-12-23 13:05:00-05:00,386.38,386.77,385.29,385.612,16665.0
2025-12-23 13:10:00-05:00,385.34,385.4999,385.01,385.175,7009.0
2025-12-23 13:15:00-05:00,385.175,385.18,384.45,384.765,5930.0
2025-12-23 13:20:00-05:00,384.94,386.0499,384.81,385.42,8868.0
2025-12-23 13:25:00-05:00,385.71,387.37,385.35,385.59,20025.0
2025-12-23 13:30:00-05:00,385.47,385.47,384.775,385.36,6502.0
2025-12-23 13:35:00-05:00,385.72,385.72,384.45,385.29,7516.0
2025-12-23 13:40:00-05:00,384.605,385.9345,384.43,385.9345,15897.0
2025-12-23 13:45:00-05:00,385.52,385.655,385.52,385.655,1703.0
2025-12-23 13:50:00-05:00,385.655,385.7925,385.205,385.205,6266.0
2025-12-23 13:55:00-05:00,385.6246,385.88,385.09,385.88,6672.0
2025-12-23 14:00:00-05:00,385.75,386.7899,385.2704,386.29,9505.0
2025-12-23 14:05:00-05:00,386.37,386.97,385.9551,386.52,5023.0
2025-12-23 14:10:00-05:00,386.875,387.22,386.87,386.87,5091.0
2025-12-23 14:15:00-05:00,386.6,386.73,386.43,386.43,3341.0
2025-12-23 14:20:00-05:00,386.715,387.47,386.715,387.205,9194.0
2025-12-23 14:25:00-05:00,387.28,387.93,386.76,387.61,9132.0
2025-12-23 14:30:00-05:00,387.47,387.715,387.215,387.215,8078.0
2025-12-23 14:35:00-05:00,387.22,387.325,386.47,386.8399,6387.0
2025-12-23 14:40:00-05:00,386.36,386.7,386.25,386.45,7686.0
2025-12-23 14:45:00-05:00,386.455,386.9641,386.07,386.62,7977.0
2025-12-23 14:50:00-05:00,386.79,386.79,386.23,386.5286,4927.0
2025-12-23 14:55:00-05:00,386.46,386.93,386.23,386.93,11401.0
2025-12-23 15:00:00-05:00,386.956,387.38,386.8901,386.8901,8041.0
2025-12-23 15:05:00-05:00,387.0941,387.13,386.81,387.055,5751.0
2025-12-23 15:10:00-05:00,386.875,387.72,386.86,387.72,10566.0
2025-12-23 15:15:00-05:00,387.54,389.3873,387.49,389.0,13266.0
2025-12-23 15:20:00-05:00,388.85,390.0,387.515,387.81,42856.0
2025-12-23 15:25:00-05:00,387.81,387.81,386.69,386.69,17584.0
2025-12-23 15:30:00-05:00,386.645,386.895,386.01,386.14,12780.0
2025-12-23 15:35:00-05:00,386.08,386.79,386.08,386.75,16653.0
2025-12-23 15:40:00-05:00,386.76,388.38,386.76,388.25,20273.0
2025-12-23 15:45:00-05:00,388.255,388.88,387.98,388.18,22387.0
2025-12-23 15:50:00-05:00,387.71,387.9624,386.35,387.4729,36590.0
2025-12-23 15:55:00-05:00,387.4,388.31,386.92,387.05,137761.0
2025-12-24 09:30:00-05:00,387.75,390.67,385.2,389.755,79810.0
2025-12-24 09:35:00-05:00,391.0,396.499,390.21,391.715,90085.0
2025-12-24 09:40:00-05:00,391.0,393.24,389.755,392.4592,65193.0
2025-12-24 09:45:00-05:00,390.97,394.91,390.97,394.37,32537.0
2025-12-24 09:50:00-05:00,395.0,397.84,394.05,397.4799,98637.0
2025-12-24 09:55:00-05:00,396.75,401.6,396.5056,397.58,186285.0
2025-12-24 10:00:00-05:00,397.09,400.225,396.18,399.91,64144.0
2025-12-24 10:05:00-05:00,399.99,400.7,397.97,397.97,51129.0
2025-12-24 10:10:00-05:00,398.18,399.6,397.0,398.83,38209.0
2025-12-24 10:15:00-05:00,399.26,400.8999,398.01,400.0101,47737.0
2025-12-24 10:20:00-05:00,400.01,400.06,395.02,395.55,29259.0
2025-12-24 10:25:00-05:00,395.55,397.02,395.2001,397.02,26751.0
2025-12-24 10:30:00-05:00,397.12,397.71,396.27,396.62,13644.0
2025-12-24 10:35:00-05:00,396.325,396.7399,394.43,394.44,29935.0
2025-12-24 10:40:00-05:00,394.61,395.795,393.36,393.5001,18290.0
2025-12-24 10:45:00-05:00,393.51,393.725,391.82,392.29,28495.0
2025-12-24 10:50:00-05:00,392.23,395.785,392.23,394.965,31997.0
2025-12-24 10:55:00-05:00,394.9,395.99,393.4401,394.7,18183.0
2025-12-24 11:00:00-05:00,394.795,395.1,394.0,394.81,18607.0
2025-12-24 11:05:00-05:00,394.52,395.48,394.0,394.95,19563.0
2025-12-24 11:10:00-05:00,394.95,395.5,393.509,394.08,7320.0
2025-12-24 11:15:00-05:00,393.79,394.39,393.2119,393.84,18466.0
2025-12-24 11:20:00-05:00,393.83,395.05,393.68,393.83,24202.0
2025-12-24 11:25:00-05:00,394.0,394.9,393.865,394.8,13352.0
2025-12-24 11:30:00-05:00,394.5,395.0,394.35,394.45,11801.0
2025-12-24 11:35:00-05:00,394.56,394.91,393.33,393.345,21423.0
2025-12-24 11:40:00-05:00,393.83,394.03,393.42,393.465,6077.0
2025-12-24 11:45:00-05:00,393.63,394.255,393.63,394.0,9104.0
2025-12-24 11:50:00-05:00,393.96,394.42,393.5294,394.0729,15907.0
2025-12-24 11:55:00-05:00,394.35,394.47,393.155,393.99,25283.0
2025-12-24 12:00:00-05:00,394.205,394.205,392.95,393.3,14441.0
2025-12-24 12:05:00-05:00,393.54,394.09,392.95,394.09,17076.0
2025-12-24 12:10:00-05:00,393.94,394.8,393.8825,394.615,11192.0
2025-12-24 12:15:00-05:00,394.7,395.5,393.86,394.305,19738.0
2025-12-24 12:20:00-05:00,394.34,394.71,393.86,393.86,9083.0
2025-12-24 12:25:00-05:00,393.89,394.15,393.01,394.15,11208.0
2025-12-24 12:30:00-05:00,394.2,395.27,394.1703,395.189,13461.0
2025-12-24 12:35:00-05:00,394.75,394.98,393.2,393.2,34888.0
2025-12-24 12:40:00-05:00,393.15,394.07,392.7,393.84,26966.0
2025-12-24 12:45:00-05:00,394.0,394.81,393.685,394.66,29642.0
2025-12-24 12:50:00-05:00,394.79,395.39,394.2,394.56,36317.0
2025-12-24 12:55:00-05:00,394.44,396.295,394.44,395.93,84359.0
2025-12-24 13:00:00-05:00,395.92,395.92,395.92,395.92,54662.0
2025-12-26 09:30:00-05:00,397.73,400.89,394.83,396.23,111327.0
2025-12-26 09:35:00-05:00,396.53,397.2497,392.88,395.0,59413.0
2025-12-26 09:40:00-05:00,395.31,398.28,394.0101,397.14,39886.0
2025-12-26 09:45:00-05:00,397.14,397.8899,392.0,394.66,43762.0
2025-12-26 09:50:00-05:00,395.0,395.065,391.23,391.3976,54944.0
2025-12-26 09:55:00-05:00,391.735,393.97,390.5743,393.97,27789.0
2025-12-26 10:00:00-05:00,393.41,395.4548,392.12,394.64,45082.0
2025-12-26 10:05:00-05:00,394.54,396.0,392.47,392.99,30200.0
2025-12-26 10:10:00-05:00,393.21,393.21,388.788,389.51,60413.0
2025-12-26 10:15:00-05:00,388.8568,390.95,386.4901,388.705,44713.0
2025-12-26 10:20:00-05:00,388.87,391.43,387.3,390.6075,36909.0
2025-12-26 10:25:00-05:00,390.27,390.27,389.24,389.29,18788.0
2025-12-26 10:30:00-05:00,389.02,390.8,388.57,389.5946,26416.0
2025-12-26 10:35:00-05:00,389.855,390.45,385.89,386.1101,54440.0
2025-12-26 10:40:00-05:00,386.05,386.7,384.63,385.7401,34901.0
2025-12-26 10:45:00-05:00,385.76,389.4,385.755,388.9,27353.0
2025-12-26 10:50:00-05:00,389.4,389.899,387.7001,387.7001,15867.0
2025-12-26 10:55:00-05:00,388.31,389.75,388.31,389.75,10251.0
2025-12-26 11:00:00-05:00,389.89,391.08,389.55,390.025,17347.0
2025-12-26 11:05:00-05:00,390.06,390.18,388.2,388.6,11596.0
2025-12-26 11:10:00-05:00,388.7,389.1,388.1,388.365,11232.0
2025-12-26 11:15:00-05:00,388.3253,388.73,387.43,387.6,10832.0
2025-12-26 11:20:00-05:00,387.62,389.809,387.62,389.505,11899.0
2025-12-26 11:25:00-05:00,389.51,389.51,388.5498,389.18,5984.0
2025-12-26 11:30:00-05:00,389.13,390.19,389.13,390.115,12217.0
2025-12-26 11:35:00-05:00,390.12,390.12,389.37,389.52,3968.0
2025-12-26 11:40:00-05:00,389.74,389.89,389.03,389.34,5638.0
2025-12-26 11:45:00-05:00,389.275,389.49,388.4563,389.22,13883.0
2025-12-26 11:50:00-05:00,388.85,389.44,388.2001,388.47,5968.0
2025-12-26 11:55:00-05:00,388.29,388.7,387.9,388.345,12566.0
2025-12-26 12:00:00-05:00,388.24,388.81,388.07,388.55,19350.0
2025-12-26 12:05:00-05:00,388.5,388.5,387.03,387.07,13954.0
2025-12-26 12:10:00-05:00,387.1,387.32,386.08,386.63,25883.0
2025-12-26 12:15:00-05:00,386.44,387.0,386.28,386.63,10473.0
2025-12-26 12:20:00-05:00,386.645,386.9,386.07,386.9,6903.0
2025-12-26 12:25:00-05:00,386.6225,387.49,386.59,387.36,18644.0
2025-12-26 12:30:00-05:00,387.56,388.379,386.88,387.83,8677.0
2025-12-26 12:35:00-05:00,387.63,388.1,387.63,387.72,6079.0
2025-12-26 12:40:00-05:00,387.53,388.32,387.37,387.57,11546.0
2025-12-26 12:45:00-05:00,387.92,388.14,387.81,388.14,4773.0
2025-12-26 12:50:00-05:00,387.72,390.185,387.69,389.31,25653.0
2025-12-26 12:55:00-05:00,389.3925,390.58,389.3,390.48,9215.0
2025-12-26 13:00:00-05:00,390.64,392.5,390.4451,391.58,51366.0
2025-12-26 13:05:00-05:00,390.94,390.94,389.85,390.0688,20230.0
2025-12-26 13:10:00-05:00,389.91,390.55,389.85,390.14,14119.0
2025-12-26 13:15:00-05:00,389.395,390.17,389.36,389.5,10478.0
2025-12-26 13:20:00-05:00,389.435,389.6,388.985,388.985,8399.0
2025-12-26 13:25:00-05:00,389.14,389.98,389.14,389.855,9664.0
2025-12-26 13:30:00-05:00,389.84,390.18,389.49,389.6,7087.0
2025-12-26 13:35:00-05:00,389.5,389.5,388.755,389.46,6359.0
2025-12-26 13:40:00-05:00,389.32,389.371,388.95,388.95,1770.0
2025-12-26 13:45:00-05:00,389.145,389.145,388.59,388.59,3706.0
2025-12-26 13:50:00-05:00,388.89,390.01,388.89,390.001,7959.0
2025-12-26 13:55:00-05:00,389.705,389.98,389.4001,389.42,5068.0
2025-12-26 14:00:00-05:00,389.705,390.31,389.41,389.41,10903.0
2025-12-26 14:05:00-05:00,389.02,389.36,388.885,389.04,5613.0
2025-12-26 14:10:00-05:00,389.53,389.53,388.735,388.768,4397.0
2025-12-26 14:15:00-05:00,388.815,389.1,388.42,389.03,5883.0
2025-12-26 14:20:00-05:00,389.23,389.23,388.5432,388.835,5486.0
2025-12-26 14:25:00-05:00,388.57,389.29,388.57,389.29,5828.0
2025-12-26 14:30:00-05:00,389.27,389.755,389.175,389.54,11170.0
2025-12-26 14:35:00-05:00,389.73,391.09,389.73,390.58,10860.0
2025-12-26 14:40:00-05:00,390.72,390.89,390.14,390.29,8821.0
2025-12-26 14:45:00-05:00,390.29,390.8351,390.29,390.71,7994.0
2025-12-26 14:50:00-05:00,390.95,391.5,390.71,391.13,13839.0
2025-12-26 14:55:00-05:00,390.8,391.18,390.0,391.15,7497.0
2025-12-26 15:00:00-05:00,391.005,392.34,390.83,391.82,9938.0
2025-12-26 15:05:00-05:00,391.82,392.2,391.38,391.445,6644.0
2025-12-26 15:10:00-05:00,391.49,391.98,391.25,391.56,9369.0
2025-12-26 15:15:00-05:00,391.3412,392.27,391.3412,392.27,6424.0
2025-12-26 15:20:00-05:00,392.0534,392.32,391.28,391.6663,13984.0
2025-12-26 15:25:00-05:00,391.8,391.98,390.99,391.3,13851.0
2025-12-26 15:30:00-05:00,391.2,391.71,391.2,391.31,11217.0
2025-12-26 15:35:00-05:00,391.31,391.65,391.18,391.54,12617.0
2025-12-26 15:40:00-05:00,391.36,391.645,390.93,391.645,15741.0
2025-12-26 15:45:00-05:00,391.6,392.65,391.585,391.77,20320.0
2025-12-26 15:50:00-05:00,391.79,392.42,391.31,391.88,28901.0
2025-12-26 15:55:00-05:00,391.9,392.69,390.68,390.76,78387.0
2025-12-29 09:30:00-05:00,377.51,384.565,373.0,382.305,164383.0
2025-12-29 09:35:00-05:00,382.0,385.705,380.62,384.58,121347.0
2025-12-29 09:40:00-05:00,384.99,387.105,382.22,384.29,175300.0
2025-12-29 09:45:00-05:00,384.12,384.17,377.3001,378.87,72763.0
2025-12-29 09:50:00-05:00,379.73,380.77,376.36,376.47,92560.0
2025-12-29 09:55:00-05:00,376.47,376.54,371.2201,373.92,132627.0
2025-12-29 10:00:00-05:00,373.92,374.66,368.3739,368.655,92450.0
2025-12-29 10:05:00-05:00,368.655,370.0,366.09,366.09,115658.0
2025-12-29 10:10:00-05:00,366.03,368.69,364.02,367.05,90834.0
2025-12-29 10:15:00-05:00,368.315,371.26,368.0,368.455,80487.0
2025-12-29 10:20:00-05:00,368.81,369.94,367.59,368.25,41885.0
2025-12-29 10:25:00-05:00,368.45,368.9937,366.7201,368.075,47877.0
2025-12-29 10:30:00-05:00,367.92,369.01,367.25,369.0,41857.0
2025-12-29 10:35:00-05:00,368.41,371.4433,368.32,371.0,42603.0
2025-12-29 10:40:00-05:00,371.01,374.57,369.67,374.09,55089.0
2025-12-29 10:45:00-05:00,373.77,373.9999,369.7,369.7,28487.0
2025-12-29 10:50:00-05:00,369.7,370.58,369.0,370.0,27907.0
2025-12-29 10:55:00-05:00,369.41,372.19,369.41,370.765,20953.0
2025-12-29 11:00:00-05:00,371.31,373.89,370.54,372.29,29536.0
2025-12-29 11:05:00-05:00,372.325,374.04,372.325,373.98,31497.0
2025-12-29 11:10:00-05:00,374.02,375.32,373.235,373.47,42186.0
2025-12-29 11:15:00-05:00,373.27,375.0,372.49,375.0,16134.0
2025-12-29 11:20:00-05:00,374.82,376.58,373.985,376.2693,21517.0
2025-12-29 11:25:00-05:00,376.2851,376.62,374.32,376.475,26773.0
2025-12-29 11:30:00-05:00,376.03,377.55,375.48,377.095,24415.0
2025-12-29 11:35:00-05:00,376.64,376.64,375.5,375.5,18716.0
2025-12-29 11:40:00-05:00,375.17,376.06,374.15,376.05,13156.0
2025-12-29 11:45:00-05:00,376.8499,377.0,375.43,375.765,21012.0
2025-12-29 11:50:00-05:00,375.67,376.1925,375.44,375.7,11977.0
2025-12-29 11:55:00-05:00,376.1,376.255,374.66,374.81,11969.0
2025-12-29 12:00:00-05:00,374.76,375.17,373.2674,373.47,13927.0
2025-12-29 12:05:00-05:00,373.44,374.6899,373.1401,374.22,13302.0
2025-12-29 12:10:00-05:00,374.55,374.55,373.845,373.98,5491.0
2025-12-29 12:15:00-05:00,374.08,374.68,373.56,374.1,17473.0
2025-12-29 12:20:00-05:00,374.41,374.71,373.82,373.82,11722.0
2025-12-29 12:25:00-05:00,373.86,374.47,373.42,373.64,17803.0
2025-12-29 12:30:00-05:00,373.43,375.0,373.2,374.805,17078.0
2025-12-29 12:35:00-05:00,374.81,375.92,373.87,375.0,13056.0
2025-12-29 12:40:00-05:00,374.66,375.09,374.26,374.5251,8287.0
2025-12-29 12:45:00-05:00,374.615,374.74,373.71,373.71,6525.0
2025-12-29 12:50:00-05:00,373.865,375.255,373.8284,375.0,7603.0
2025-12-29 12:55:00-05:00,374.66,375.6,374.66,375.59,13266.0
2025-12-29 13:00:00-05:00,375.61,376.185,374.93,375.27,12013.0
2025-12-29 13:05:00-05:00,374.98,375.505,374.01,374.46,13198.0
2025-12-29 13:10:00-05:00,374.44,374.57,373.19,373.66,22880.0
2025-12-29 13:15:00-05:00,373.9,375.2,373.9,374.92,7648.0
2025-12-29 13:20:00-05:00,374.67,376.365,374.64,375.96,9221.0
2025-12-29 13:25:00-05:00,375.73,376.45,375.63,376.13,14485.0
2025-12-29 13:30:00-05:00,376.37,380.0,376.06,377.15,48187.0
2025-12-29 13:35:00-05:00,377.22,378.04,376.416,376.79,12274.0
2025-12-29 13:40:00-05:00,376.63,376.63,375.24,375.59,14543.0
2025-12-29 13:45:00-05:00,375.74,375.88,374.985,375.67,13698.0
2025-12-29 13:50:00-05:00,375.245,375.45,375.0,375.0,5976.0
2025-12-29 13:55:00-05:00,374.99,375.37,374.88,374.89,11054.0
2025-12-29 14:00:00-05:00,375.01,375.52,374.01,375.38,10226.0
2025-12-29 14:05:00-05:00,375.2,375.76,374.6301,375.065,7837.0
2025-12-29 14:10:00-05:00,375.1237,375.1237,373.68,374.26,11562.0
2025-12-29 14:15:00-05:00,374.2607,374.95,374.13,374.8592,11673.0
2025-12-29 14:20:00-05:00,374.97,376.25,374.875,375.99,17071.0
2025-12-29 14:25:00-05:00,375.715,376.999,375.03,375.83,15899.0
2025-12-29 14:30:00-05:00,375.74,376.26,375.74,376.015,11163.0
2025-12-29 14:35:00-05:00,376.02,376.04,374.825,374.94,22898.0
2025-12-29 14:40:00-05:00,375.11,375.29,374.0001,374.76,20275.0
2025-12-29 14:45:00-05:00,374.77,375.33,374.5501,374.9601,12084.0
2025-12-29 14:50:00-05:00,375.02,376.03,374.795,375.615,18822.0
2025-12-29 14:55:00-05:00,375.595,377.22,375.595,376.15,19688.0
2025-12-29 15:00:00-05:00,376.505,376.7,375.82,376.34,12353.0
2025-12-29 15:05:00-05:00,376.31,376.31,375.305,375.94,14577.0
2025-12-29 15:10:00-05:00,375.54,375.7099,374.84,375.555,25302.0
2025-12-29 15:15:00-05:00,375.7,376.48,375.495,376.42,11046.0
2025-12-29 15:20:00-05:00,376.435,376.72,375.83,376.16,16304.0
2025-12-29 15:25:00-05:00,375.935,376.52,375.44,375.62,13726.0
2025-12-29 15:30:00-05:00,375.44,375.89,375.01,375.8869,26865.0
2025-12-29 15:35:00-05:00,375.42,375.715,373.305,373.48,28031.0
2025-12-29 15:40:00-05:00,373.83,374.55,373.22,374.01,26997.0
2025-12-29 15:45:00-05:00,373.84,374.72,373.72,374.38,24001.0
2025-12-29 15:50:00-05:00,374.59,376.13,373.44,373.5275,53180.0
2025-12-29 15:55:00-05:00,373.28,373.59,372.01,372.87,147184.0
2025-12-30 09:30:00-05:00,373.97,380.05,373.3,379.1,83958.0
2025-12-30 09:35:00-05:00,379.16,380.32,375.0,375.605,64625.0
2025-12-30 09:40:00-05:00,375.86,379.0,375.6,378.515,37055.0
2025-12-30 09:45:00-05:00,378.46,379.0,375.01,376.56,62031.0
2025-12-30 09:50:00-05:00,377.185,378.8613,376.2,377.01,35025.0
2025-12-30 09:55:00-05:00,377.26,379.5,376.01,376.575,42908.0
2025-12-30 10:00:00-05:00,376.11,377.255,374.702,376.805,40247.0
2025-12-30 10:05:00-05:00,376.98,377.17,372.5,374.99,46734.0
2025-12-30 10:10:00-05:00,374.82,375.108,371.3455,371.83,38430.0
2025-12-30 10:15:00-05:00,371.83,373.4,371.77,372.19,27673.0
2025-12-30 10:20:00-05:00,372.719,374.72,372.19,372.5283,32087.0
2025-12-30 10:25:00-05:00,372.565,373.05,371.04,371.2,17722.0
2025-12-30 10:30:00-05:00,371.3457,372.16,370.0,372.025,23060.0
2025-12-30 10:35:00-05:00,372.31,373.625,371.8,373.33,11206.0
2025-12-30 10:40:00-05:00,373.77,374.7,373.06,374.21,13267.0
2025-12-30 10:45:00-05:00,374.21,374.5,373.465,373.96,16844.0
2025-12-30 10:50:00-05:00,373.995,375.8099,373.76,374.71,24726.0
2025-12-30 10:55:00-05:00,374.76,376.19,374.76,376.05,20574.0
2025-12-30 11:00:00-05:00,375.935,376.88,375.64,376.66,13340.0
2025-12-30 11:05:00-05:00,376.871,377.175,375.845,376.0,16115.0
2025-12-30 11:10:00-05:00,375.935,377.0,374.8001,376.01,15892.0
2025-12-30 11:15:00-05:00,376.09,377.8,376.01,377.47,12076.0
2025-12-30 11:20:00-05:00,377.79,379.139,377.6794,379.139,24068.0
2025-12-30 11:25:00-05:00,379.175,379.175,377.83,378.175,16649.0
2025-12-30 11:30:00-05:00,378.26,378.7999,377.96,378.7999,10454.0
2025-12-30 11:35:00-05:00,378.0,378.42,377.28,377.335,8711.0
2025-12-30 11:40:00-05:00,377.5,378.7,377.385,378.245,12140.0
2025-12-30 11:45:00-05:00,378.11,378.615,378.11,378.17,5259.0
2025-12-30 11:50:00-05:00,377.7501,378.52,377.32,377.43,9467.0
2025-12-30 11:55:00-05:00,377.66,377.92,376.01,376.2465,21754.0
2025-12-30 12:00:00-05:00,376.3,377.16,376.16,376.635,11899.0
2025-12-30 12:05:00-05:00,376.71,377.62,376.47,377.13,9467.0
2025-12-30 12:10:00-05:00,377.51,378.12,377.01,377.01,7734.0
2025-12-30 12:15:00-05:00,377.07,377.2132,376.25,376.3705,10487.0
2025-12-30 12:20:00-05:00,376.275,376.89,376.23,376.89,6654.0
2025-12-30 12:25:00-05:00,376.88,376.88,376.5,376.5,1302.0
2025-12-30 12:30:00-05:00,376.31,376.9419,375.92,376.89,14500.0
2025-12-30 12:35:00-05:00,376.58,377.06,376.3801,376.9861,6537.0
2025-12-30 12:40:00-05:00,377.09,377.09,376.58,376.7952,4167.0
2025-12-30 12:45:00-05:00,376.9099,376.9099,376.2652,376.61,8895.0
2025-12-30 12:50:00-05:00,376.62,376.96,376.33,376.9245,3826.0
2025-12-30 12:55:00-05:00,377.2,377.92,377.18,377.2,8953.0
2025-12-30 13:00:00-05:00,377.14,377.14,375.84,376.0,7947.0
2025-12-30 13:05:00-05:00,376.09,377.18,376.09,376.77,5051.0
2025-12-30 13:10:00-05:00,376.81,376.81,376.2,376.2878,5995.0
2025-12-30 13:15:00-05:00,376.255,376.7,376.18,376.62,6903.0
2025-12-30 13:20:00-05:00,376.44,376.6177,376.13,376.29,5932.0
2025-12-30 13:25:00-05:00,376.29,376.31,374.71,375.2151,18679.0
2025-12-30 13:30:00-05:00,375.29,375.915,375.29,375.8599,9368.0
2025-12-30 13:35:00-05:00,375.36,375.4,374.81,374.82,6795.0
2025-12-30 13:40:00-05:00,374.94,375.17,374.57,375.17,9141.0
2025-12-30 13:45:00-05:00,375.27,375.66,375.05,375.35,5051.0
2025-12-30 13:50:00-05:00,375.23,375.23,374.03,374.1675,9738.0
2025-12-30 13:55:00-05:00,374.03,374.9,374.0,374.06,8813.0
2025-12-30 14:00:00-05:00,374.29,375.659,372.51,372.9475,56388.0
2025-12-30 14:05:00-05:00,372.865,373.58,372.3701,373.05,29874.0
2025-12-30 14:10:00-05:00,373.05,375.65,372.6801,375.65,20312.0
2025-12-30 14:15:00-05:00,376.0,376.0,374.15,374.15,7638.0
2025-12-30 14:20:00-05:00,374.87,374.95,374.1375,374.68,5412.0
2025-12-30 14:25:00-05:00,374.02,374.26,373.62,373.62,4178.0
2025-12-30 14:30:00-05:00,373.835,373.88,372.13,372.44,12602.0
2025-12-30 14:35:00-05:00,372.44,372.82,371.68,372.5613,11812.0
2025-12-30 14:40:00-05:00,372.45,372.82,372.19,372.655,9013.0
2025-12-30 14:45:00-05:00,372.45,372.81,372.18,372.81,5945.0
2025-12-30 14:50:00-05:00,372.3122,372.3153,371.74,372.07,9992.0
2025-12-30 14:55:00-05:00,372.2042,372.2042,371.84,371.88,2284.0
2025-12-30 15:00:00-05:00,371.82,372.59,371.39,372.46,14978.0
2025-12-30 15:05:00-05:00,372.261,372.405,371.39,371.39,8923.0
2025-12-30 15:10:00-05:00,371.19,371.425,370.04,370.28,11924.0
2025-12-30 15:15:00-05:00,370.1,370.83,370.1,370.83,12644.0
2025-12-30 15:20:00-05:00,370.94,371.57,370.9033,371.0901,14414.0
2025-12-30 15:25:00-05:00,371.09,371.09,370.39,370.76,9803.0
2025-12-30 15:30:00-05:00,370.58,371.01,370.39,370.42,8411.0
2025-12-30 15:35:00-05:00,370.63,371.21,370.35,371.19,14571.0
2025-12-30 15:40:00-05:00,371.19,371.21,370.02,370.63,19878.0
2025-12-30 15:45:00-05:00,370.24,370.8767,370.2,370.67,25932.0
2025-12-30 15:50:00-05:00,370.67,372.88,370.2,372.88,48767.0
2025-12-30 15:55:00-05:00,372.82,373.2,370.84,371.12,106355.0
2025-12-31 09:30:00-05:00,372.99,374.9,371.23,373.87,34094.0
2025-12-31 09:35:00-05:00,374.97,376.22,370.24,371.425,36185.0
2025-12-31 09:40:00-05:00,371.85,372.35,369.72,372.14,29895.0
2025-12-31 09:45:00-05:00,371.62,371.62,370.19,370.64,17491.0
2025-12-31 09:50:00-05:00,371.05,377.0,371.0,376.89,46476.0
2025-12-31 09:55:00-05:00,376.46,378.51,375.59,378.41,51177.0
2025-12-31 10:00:00-05:00,377.755,379.5,376.0,376.11,72447.0
2025-12-31 10:05:00-05:00,376.11,376.7208,372.0,372.69,29029.0
2025-12-31 10:10:00-05:00,372.55,377.0,372.55,374.1,34691.0
2025-12-31 10:15:00-05:00,374.435,374.68,373.0,373.7758,21599.0
2025-12-31 10:20:00-05:00,374.48,375.15,373.5475,375.0,15822.0
2025-12-31 10:25:00-05:00,374.92,376.88,374.71,376.395,33920.0
2025-12-31 10:30:00-05:00,376.69,376.8999,374.68,376.5765,29158.0
2025-12-31 10:35:00-05:00,376.33,378.17,376.31,376.63,20125.0
2025-12-31 10:40:00-05:00,376.63,376.98,375.93,375.99,12321.0
2025-12-31 10:45:00-05:00,375.89,377.2672,375.5272,376.56,20877.0
2025-12-31 10:50:00-05:00,376.085,376.47,375.55,375.75,12233.0
2025-12-31 10:55:00-05:00,375.72,376.35,374.02,376.16,22919.0
2025-12-31 11:00:00-05:00,376.36,378.11,376.2474,376.6601,17672.0
2025-12-31 11:05:00-05:00,376.3948,377.1099,375.92,375.92,11878.0
2025-12-31 11:10:00-05:00,375.69,375.89,373.58,373.7924,14746.0
2025-12-31 11:15:00-05:00,373.5,373.5,372.4,372.805,19350.0
2025-12-31 11:20:00-05:00,373.11,373.635,372.64,372.9117,11012.0
2025-12-31 11:25:00-05:00,373.195,373.505,371.02,371.47,19156.0
2025-12-31 11:30:00-05:00,371.59,372.11,370.95,371.5,15003.0
2025-12-31 11:35:00-05:00,371.5,371.5,369.03,369.0837,22650.0
2025-12-31 11:40:00-05:00,369.3506,370.3632,367.41,369.0281,46117.0
2025-12-31 11:45:00-05:00,368.295,368.55,368.0,368.2607,10017.0
2025-12-31 11:50:00-05:00,368.475,371.205,368.475,370.42,32187.0
2025-12-31 11:55:00-05:00,370.58,370.74,369.38,369.63,18697.0
2025-12-31 12:00:00-05:00,369.72,370.34,369.1,369.1,13356.0
2025-12-31 12:05:00-05:00,369.02,369.42,368.35,368.75,9865.0
2025-12-31 12:10:00-05:00,368.615,369.79,368.39,369.68,13798.0
2025-12-31 12:15:00-05:00,369.54,370.38,369.48,369.98,8357.0
2025-12-31 12:20:00-05:00,370.0,370.305,370.0,370.01,5778.0
2025-12-31 12:25:00-05:00,370.15,371.3146,370.15,370.75,10151.0
2025-12-31 12:30:00-05:00,370.43,371.365,370.01,371.165,9354.0
2025-12-31 12:35:00-05:00,371.3,371.3,370.39,370.66,10990.0
2025-12-31 12:40:00-05:00,370.66,370.96,370.31,370.43,7372.0
2025-12-31 12:45:00-05:00,370.4931,370.6199,369.29,369.31,12818.0
2025-12-31 12:50:00-05:00,369.275,369.84,369.01,369.839,9462.0
2025-12-31 12:55:00-05:00,369.785,369.9909,369.36,369.735,10583.0
2025-12-31 13:00:00-05:00,369.58,369.7,369.24,369.24,5457.0
2025-12-31 13:05:00-05:00,369.41,369.99,369.02,369.7782,12217.0
2025-12-31 13:10:00-05:00,369.99,370.4125,369.55,370.02,10723.0
2025-12-31 13:15:00-05:00,369.55,369.8,369.355,369.7625,7540.0
2025-12-31 13:20:00-05:00,369.9,369.97,369.6282,369.71,8215.0
2025-12-31 13:25:00-05:00,369.71,370.49,369.71,370.255,11256.0
2025-12-31 13:30:00-05:00,370.26,370.76,370.03,370.1,14230.0
2025-12-31 13:35:00-05:00,370.025,370.105,369.94,370.105,2385.0
2025-12-31 13:40:00-05:00,370.105,370.48,370.105,370.165,5652.0
2025-12-31 13:45:00-05:00,370.12,370.28,369.81,369.895,9780.0
2025-12-31 13:50:00-05:00,369.75,369.75,369.25,369.74,8192.0
2025-12-31 13:55:00-05:00,369.88,369.93,369.54,369.565,7881.0
2025-12-31 14:00:00-05:00,369.97,371.795,369.97,371.61,10291.0
2025-12-31 14:05:00-05:00,371.23,371.55,370.66,370.971,9832.0
2025-12-31 14:10:00-05:00,370.6646,372.285,370.6646,371.08,27157.0
2025-12-31 14:15:00-05:00,370.9,371.0255,370.22,370.23,3479.0
2025-12-31 14:20:00-05:00,370.52,370.52,370.02,370.225,4138.0
2025-12-31 14:25:00-05:00,370.225,370.225,369.19,369.23,14222.0
2025-12-31 14:30:00-05:00,369.56,369.73,368.0,368.0,19977.0
2025-12-31 14:35:00-05:00,368.0,369.57,368.0,368.9,16160.0
2025-12-31 14:40:00-05:00,369.18,370.185,369.055,370.185,4465.0
2025-12-31 14:45:00-05:00,370.09,370.22,367.841,368.27,10382.0
2025-12-31 14:50:00-05:00,368.27,369.85,368.23,369.275,9359.0
2025-12-31 14:55:00-05:00,369.03,369.7451,368.3729,368.8,9516.0
2025-12-31 15:00:00-05:00,368.97,369.125,367.87,368.41,13653.0
2025-12-31 15:05:00-05:00,368.77,369.455,368.3519,368.8,12646.0
2025-12-31 15:10:00-05:00,368.96,369.6,368.25,369.6,10108.0
2025-12-31 15:15:00-05:00,369.22,370.31,369.22,369.89,9246.0
2025-12-31 15:20:00-05:00,369.9,370.255,369.27,369.8228,13202.0
2025-12-31 15:25:00-05:00,369.56,369.7699,368.8901,369.7699,6505.0
2025-12-31 15:30:00-05:00,369.375,369.59,368.69,369.355,23287.0
2025-12-31 15:35:00-05:00,369.35,369.89,369.04,369.72,11537.0
2025-12-31 15:40:00-05:00,369.1751,370.25,369.1751,369.69,13046.0
2025-12-31 15:45:00-05:00,369.785,369.91,368.265,368.28,17091.0
2025-12-31 15:50:00-05:00,368.02,369.19,367.1201,369.18,45848.0
2025-12-31 15:55:00-05:00,369.29,370.31,368.36,368.36,119682.0
2026-01-02 09:30:00-05:00,379.38,382.49,375.35,382.49,114920.0
2026-01-02 09:35:00-05:00,382.5,382.62,376.0,376.21,53210.0
2026-01-02 09:40:00-05:00,375.61,378.075,375.0,376.875,60064.0
2026-01-02 09:45:00-05:00,376.78,381.64,376.69,377.4,97945.0
2026-01-02 09:50:00-05:00,377.68,383.45,376.555,380.48,87979.0
2026-01-02 09:55:00-05:00,381.0,382.0977,379.0,379.0,41468.0
2026-01-02 10:00:00-05:00,380.24,386.0,378.5,384.92,65443.0
2026-01-02 10:05:00-05:00,384.95,385.5,382.3501,382.6701,55487.0
2026-01-02 10:10:00-05:00,383.22,384.9999,380.2801,381.145,46569.0
2026-01-02 10:15:00-05:00,381.075,381.49,378.2,380.325,36408.0
2026-01-02 10:20:00-05:00,379.97,379.97,377.156,377.5,34526.0
2026-01-02 10:25:00-05:00,378.125,381.5,378.05,380.051,47442.0
2026-01-02 10:30:00-05:00,379.92,383.0,378.38,383.0,29899.0
2026-01-02 10:35:00-05:00,383.255,387.9999,382.36,386.99,42313.0
2026-01-02 10:40:00-05:00,387.0,389.3,386.87,388.05,73351.0
2026-01-02 10:45:00-05:00,388.99,392.0,387.33,389.93,76058.0
2026-01-02 10:50:00-05:00,389.93,390.6998,387.45,389.02,56045.0
2026-01-02 10:55:00-05:00,389.17,389.62,385.0,385.68,34666.0
2026-01-02 11:00:00-05:00,385.61,386.95,383.98,383.98,41612.0
2026-01-02 11:05:00-05:00,383.62,384.12,382.0,382.655,33236.0
2026-01-02 11:10:00-05:00,382.64,383.66,380.35,382.01,46598.0
2026-01-02 11:15:00-05:00,382.97,383.995,379.02,380.5753,78806.0
2026-01-02 11:20:00-05:00,380.17,382.0635,379.25,381.36,25570.0
2026-01-02 11:25:00-05:00,380.92,382.38,380.5,380.68,20196.0
2026-01-02 11:30:00-05:00,380.68,380.88,378.7,380.28,26769.0
2026-01-02 11:35:00-05:00,380.72,381.28,379.68,379.68,15715.0
2026-01-02 11:40:00-05:00,379.835,380.26,378.4463,380.075,24738.0
2026-01-02 11:45:00-05:00,379.9605,379.99,377.52,377.53,29994.0
2026-01-02 11:50:00-05:00,377.51,377.8351,375.19,375.46,35688.0
2026-01-02 11:55:00-05:00,375.63,378.0,375.14,376.6785,16715.0
2026-01-02 12:00:00-05:00,376.61,377.14,375.71,375.71,13432.0
2026-01-02 12:05:00-05:00,376.31,378.48,375.89,378.36,21693.0
2026-01-02 12:10:00-05:00,378.36,378.485,377.08,378.4401,18830.0
2026-01-02 12:15:00-05:00,378.73,379.01,377.24,378.2,28375.0
2026-01-02 12:20:00-05:00,378.27,379.24,377.99,378.3981,5154.0
2026-01-02 12:25:00-05:00,378.605,380.3,378.41,380.2,16677.0
2026-01-02 12:30:00-05:00,380.43,381.97,380.4,381.565,19026.0
2026-01-02 12:35:00-05:00,381.75,383.03,380.96,383.03,12663.0
2026-01-02 12:40:00-05:00,383.025,385.5,382.89,384.84,32325.0
2026-01-02 12:45:00-05:00,384.92,386.37,384.43,385.03,24994.0
2026-01-02 12:50:00-05:00,385.0725,386.795,384.2501,386.795,25532.0
2026-01-02 12:55:00-05:00,386.85,387.23,385.715,385.7553,18179.0
2026-01-02 13:00:00-05:00,385.86,386.695,385.4501,386.695,13817.0
2026-01-02 13:05:00-05:00,386.33,386.84,385.95,386.36,12312.0
2026-01-02 13:10:00-05:00,386.3333,387.17,386.23,386.42,12153.0
2026-01-02 13:15:00-05:00,386.4,386.96,385.98,386.8099,12925.0
2026-01-02 13:20:00-05:00,386.78,387.7,386.78,386.98,15711.0
2026-01-02 13:25:00-05:00,387.22,387.7,385.97,387.02,10952.0
2026-01-02 13:30:00-05:00,386.61,386.855,386.31,386.31,11336.0
2026-01-02 13:35:00-05:00,386.33,387.365,385.5,386.98,16374.0
2026-01-02 13:40:00-05:00,387.025,387.99,386.74,387.73,8218.0
2026-01-02 13:45:00-05:00,387.74,389.0,386.14,386.14,23320.0
2026-01-02 13:50:00-05:00,386.09,386.55,384.6701,385.13,21199.0
2026-01-02 13:55:00-05:00,385.39,386.66,385.28,385.69,16458.0
2026-01-02 14:00:00-05:00,385.83,387.9,385.49,386.3,12791.0
2026-01-02 14:05:00-05:00,386.205,388.56,386.205,388.42,18234.0
2026-01-02 14:10:00-05:00,388.42,389.3,388.39,388.67,36341.0
2026-01-02 14:15:00-05:00,388.68,388.89,387.81,388.2299,16323.0
2026-01-02 14:20:00-05:00,387.9,388.2,387.32,387.885,12916.0
2026-01-02 14:25:00-05:00,387.74,388.0,386.26,387.3925,29524.0
2026-01-02 14:30:00-05:00,387.79,387.92,387.1,387.24,21330.0
2026-01-02 14:35:00-05:00,387.24,387.48,386.49,386.515,26293.0
2026-01-02 14:40:00-05:00,386.71,387.64,386.36,386.385,29483.0
2026-01-02 14:45:00-05:00,386.58,386.989,385.23,385.72,25456.0
2026-01-02 14:50:00-05:00,385.62,386.98,383.98,384.18,26671.0
2026-01-02 14:55:00-05:00,384.63,384.74,384.0,384.74,15817.0
2026-01-02 15:00:00-05:00,384.39,384.73,382.88,383.08,21848.0
2026-01-02 15:05:00-05:00,383.055,383.31,381.5,382.17,30584.0
2026-01-02 15:10:00-05:00,382.045,383.39,381.6545,382.09,30850.0
2026-01-02 15:15:00-05:00,382.675,382.675,380.76,381.475,30020.0
2026-01-02 15:20:00-05:00,381.73,383.8843,381.62,383.315,22477.0
2026-01-02 15:25:00-05:00,383.31,383.9453,382.14,383.9453,28693.0
2026-01-02 15:30:00-05:00,383.96,384.249,382.875,383.825,24109.0
2026-01-02 15:35:00-05:00,383.835,384.425,383.25,383.525,33167.0
2026-01-02 15:40:00-05:00,383.525,384.82,383.525,384.07,46717.0
2026-01-02 15:45:00-05:00,384.07,384.9422,383.49,384.545,45858.0
2026-01-02 15:50:00-05:00,384.88,387.41,384.4845,385.36,64378.0
2026-01-02 15:55:00-05:00,385.51,386.66,385.5,386.0,140089.0
2026-01-05 09:30:00-05:00,388.34,393.0,355.37,358.68,502209.0
2026-01-05 09:35:00-05:00,359.0,365.0,352.0,358.55,254440.0
2026-01-05 09:40:00-05:00,359.17,360.5,351.12,355.2962,209803.0
2026-01-05 09:45:00-05:00,357.03,360.23,350.05,350.955,167254.0
2026-01-05 09:50:00-05:00,350.955,352.41,345.0,345.61,228399.0
2026-01-05 09:55:00-05:00,346.0,355.0,344.67,353.26,240808.0
2026-01-05 10:00:00-05:00,352.68,356.9799,345.72,355.4,144911.0
2026-01-05 10:05:00-05:00,355.44,357.0,347.17,348.1601,119059.0
2026-01-05 10:10:00-05:00,348.79,352.2121,345.02,345.73,140074.0
2026-01-05 10:15:00-05:00,345.965,351.38,345.56,350.69,89705.0
2026-01-05 10:20:00-05:00,350.7,356.4,349.18,355.43,134571.0
2026-01-05 10:25:00-05:00,355.6675,363.4425,355.58,361.9,169493.0
2026-01-05 10:30:00-05:00,360.83,364.1997,359.0001,359.0001,126475.0
2026-01-05 10:35:00-05:00,359.835,362.12,357.49,358.13,120210.0
2026-01-05 10:40:00-05:00,358.0001,360.76,355.3,357.13,67449.0
2026-01-05 10:45:00-05:00,357.13,359.4,356.27,358.745,71025.0
2026-01-05 10:50:00-05:00,358.66,365.81,358.36,364.45,106578.0
2026-01-05 10:55:00-05:00,364.1,364.1,357.99,358.52,78451.0
2026-01-05 11:00:00-05:00,357.93,361.9501,355.45,359.88,105921.0
2026-01-05 11:05:00-05:00,358.985,361.53,358.87,359.72,40954.0
2026-01-05 11:10:00-05:00,360.05,360.86,358.13,358.55,38091.0
2026-01-05 11:15:00-05:00,358.93,359.21,357.2601,358.64,27481.0
2026-01-05 11:20:00-05:00,358.63,358.822,355.29,355.505,47537.0
2026-01-05 11:25:00-05:00,355.555,355.73,354.0,354.91,44673.0
2026-01-05 11:30:00-05:00,355.55,355.55,351.84,352.1,54990.0
2026-01-05 11:35:00-05:00,352.5,354.125,351.53,352.514,60400.0
2026-01-05 11:40:00-05:00,352.395,352.5445,348.153,348.153,60395.0
2026-01-05 11:45:00-05:00,348.575,353.97,347.3,353.32,91211.0
2026-01-05 11:50:00-05:00,353.1,354.97,351.74,353.6015,44739.0
2026-01-05 11:55:00-05:00,353.462,353.8,351.73,352.9999,42798.0
2026-01-05 12:00:00-05:00,351.45,351.77,349.101,349.7,32607.0
2026-01-05 12:05:00-05:00,349.0,349.77,347.77,347.87,43888.0
2026-01-05 12:10:00-05:00,347.87,349.3799,347.3001,347.97,38863.0
2026-01-05 12:15:00-05:00,348.3396,352.0662,347.919,351.6,28281.0
2026-01-05 12:20:00-05:00,351.66,353.0003,351.0132,352.62,130419.0
2026-01-05 12:25:00-05:00,352.87,354.705,352.2601,354.31,40367.0
2026-01-05 12:30:00-05:00,354.31,354.34,352.52,353.0,21111.0
2026-01-05 12:35:00-05:00,352.47,356.9,352.16,355.1857,59403.0
2026-01-05 12:40:00-05:00,355.96,356.9799,353.23,353.67,38899.0
2026-01-05 12:45:00-05:00,353.76,355.07,352.91,354.595,17140.0
2026-01-05 12:50:00-05:00,354.03,355.0,353.18,354.99,20901.0
2026-01-05 12:55:00-05:00,354.945,356.7399,354.38,355.07,19143.0
2026-01-05 13:00:00-05:00,355.06,356.8127,354.77,356.0214,16353.0
2026-01-05 13:05:00-05:00,356.19,356.9,355.08,355.08,22941.0
2026-01-05 13:10:00-05:00,355.05,356.0999,354.0,355.725,36361.0
2026-01-05 13:15:00-05:00,355.35,355.73,353.26,353.79,17927.0
2026-01-05 13:20:00-05:00,353.6,355.864,352.77,355.2,10920.0
2026-01-05 13:25:00-05:00,355.02,356.91,354.25,354.93,26023.0
2026-01-05 13:30:00-05:00,355.0,356.15,354.4,354.48,17989.0
2026-01-05 13:35:00-05:00,354.13,354.87,353.66,354.85,7469.0
2026-01-05 13:40:00-05:00,353.81,354.1405,352.63,353.055,14332.0
2026-01-05 13:45:00-05:00,353.4214,354.1,352.6816,352.99,12098.0
2026-01-05 13:50:00-05:00,353.18,354.15,352.29,352.29,123164.0
2026-01-05 13:55:00-05:00,352.45,353.1831,351.74,352.28,20174.0
2026-01-05 14:00:00-05:00,352.2701,352.5901,350.94,352.335,20526.0
2026-01-05 14:05:00-05:00,352.33,353.2499,351.93,353.03,17969.0
2026-01-05 14:10:00-05:00,353.05,353.05,351.62,351.765,13910.0
2026-01-05 14:15:00-05:00,351.98,352.18,349.8066,350.5,37002.0
2026-01-05 14:20:00-05:00,350.5,354.73,350.445,354.72,41550.0
2026-01-05 14:25:00-05:00,354.68,355.7012,354.395,354.835,28162.0
2026-01-05 14:30:00-05:00,354.835,357.6199,354.521,355.76,44265.0
2026-01-05 14:35:00-05:00,355.79,357.3531,355.62,356.805,29497.0
2026-01-05 14:40:00-05:00,356.83,357.37,355.72,356.36,28699.0
2026-01-05 14:45:00-05:00,356.565,358.19,356.06,357.27,31390.0
2026-01-05 14:50:00-05:00,357.089,359.531,356.25,358.89,34690.0
2026-01-05 14:55:00-05:00,359.05,360.0,355.5001,355.9279,49214.0
2026-01-05 15:00:00-05:00,356.14,357.0139,355.01,356.265,18027.0
2026-01-05 15:05:00-05:00,356.71,357.3634,356.3,356.7,17019.0
2026-01-05 15:10:00-05:00,356.7,358.77,356.7,357.97,27364.0
2026-01-05 15:15:00-05:00,357.97,358.59,356.24,356.24,96909.0
2026-01-05 15:20:00-05:00,356.15,356.48,354.72,354.9,30287.0
2026-01-05 15:25:00-05:00,355.22,356.01,354.065,354.25,33844.0
2026-01-05 15:30:00-05:00,354.125,355.5576,353.86,355.41,33702.0
2026-01-05 15:35:00-05:00,355.415,356.95,355.415,356.32,24334.0
2026-01-05 15:40:00-05:00,356.32,357.0062,356.09,356.33,48544.0
2026-01-05 15:45:00-05:00,356.36,358.185,355.8,357.905,58966.0
2026-01-05 15:50:00-05:00,358.15,359.38,356.69,356.69,114397.0
2026-01-05 15:55:00-05:00,356.7,358.2,355.05,357.15,236552.0
2026-01-06 09:30:00-05:00,355.675,358.9,348.628,350.8401,168012.0
2026-01-06 09:35:00-05:00,352.2,352.26,339.0205,342.275,358741.0
2026-01-06 09:40:00-05:00,341.895,349.18,340.08,346.315,158444.0
2026-01-06 09:45:00-05:00,346.315,351.92,344.0002,344.755,162238.0
2026-01-06 09:50:00-05:00,344.755,355.255,343.1779,354.5,87194.0
2026-01-06 09:55:00-05:00,354.88,364.0,354.23,361.55,182143.0
2026-01-06 10:00:00-05:00,360.99,371.78,359.85,369.1,271553.0
2026-01-06 10:05:00-05:00,368.81,374.999,368.09,372.0,198665.0
2026-01-06 10:10:00-05:00,371.95,376.155,370.07,373.1275,136459.0
2026-01-06 10:15:00-05:00,374.02,377.99,372.875,374.9483,101211.0
2026-01-06 10:20:00-05:00,376.04,376.64,370.1,372.9899,57509.0
2026-01-06 10:25:00-05:00,372.935,377.0,372.1134,372.58,88619.0
2026-01-06 10:30:00-05:00,372.1701,373.62,370.25,371.66,67549.0
2026-01-06 10:35:00-05:00,371.66,372.5,367.51,369.1,64432.0
2026-01-06 10:40:00-05:00,368.08,369.12,364.84,365.68,82783.0
2026-01-06 10:45:00-05:00,365.3637,367.75,363.8439,365.245,80879.0
2026-01-06 10:50:00-05:00,364.86,366.575,360.0,360.66,75306.0
2026-01-06 10:55:00-05:00,360.04,362.29,359.17,361.6,77927.0
2026-01-06 11:00:00-05:00,362.28,365.18,360.7801,364.85,37437.0
2026-01-06 11:05:00-05:00,364.98,366.6899,362.6201,365.1,57664.0
2026-01-06 11:10:00-05:00,365.11,367.43,364.605,365.75,61541.0
2026-01-06 11:15:00-05:00,366.31,371.56,366.11,371.56,67895.0
2026-01-06 11:20:00-05:00,371.685,373.21,370.51,373.21,39368.0
2026-01-06 11:25:00-05:00,373.42,373.42,368.35,369.26,50645.0
2026-01-06 11:30:00-05:00,369.48,372.165,369.37,371.57,38631.0
2026-01-06 11:35:00-05:00,371.74,371.84,369.22,371.18,29458.0
2026-01-06 11:40:00-05:00,371.575,373.9799,371.27,373.9,42499.0
2026-01-06 11:45:00-05:00,373.3997,375.5,372.9301,373.97,59275.0
2026-01-06 11:50:00-05:00,374.26,375.49,373.26,373.86,45944.0
2026-01-06 11:55:00-05:00,373.71,375.3422,372.3401,374.71,44641.0
2026-01-06 12:00:00-05:00,375.05,375.4,373.52,374.96,24817.0
2026-01-06 12:05:00-05:00,375.49,377.7981,375.211,375.62,29061.0
2026-01-06 12:10:00-05:00,375.31,378.744,375.31,377.67,33801.0
2026-01-06 12:15:00-05:00,377.675,377.675,374.99,375.45,29665.0
2026-01-06 12:20:00-05:00,375.64,380.77,375.46,380.38,60471.0
2026-01-06 12:25:00-05:00,380.85,381.4065,379.61,380.32,34108.0
2026-01-06 12:30:00-05:00,379.93,381.81,378.72,380.21,34709.0
2026-01-06 12:35:00-05:00,380.0,382.69,379.865,381.92,40466.0
2026-01-06 12:40:00-05:00,381.68,382.0,379.92,380.64,49696.0
2026-01-06 12:45:00-05:00,380.4701,383.9,380.4701,383.9,50461.0
2026-01-06 12:50:00-05:00,383.785,386.0,383.41,385.1,68629.0
2026-01-06 12:55:00-05:00,384.6101,386.01,384.07,384.89,35258.0
2026-01-06 13:00:00-05:00,384.9939,385.5239,383.31,384.735,37512.0
2026-01-06 13:05:00-05:00,384.64,386.6,384.0,386.04,33382.0
2026-01-06 13:10:00-05:00,386.22,387.25,385.53,387.0,25513.0
2026-01-06 13:15:00-05:00,387.0,388.7,386.751,388.07,61589.0
2026-01-06 13:20:00-05:00,388.62,389.9,387.75,389.5,47725.0
2026-01-06 13:25:00-05:00,389.345,390.1,387.9506,389.39,72840.0
2026-01-06 13:30:00-05:00,389.585,392.77,389.4,391.6601,72510.0
2026-01-06 13:35:00-05:00,391.87,392.53,390.3005,390.96,34084.0
2026-01-06 13:40:00-05:00,390.965,392.46,390.89,390.94,19331.0
2026-01-06 13:45:00-05:00,390.94,392.02,390.94,391.43,26180.0
2026-01-06 13:50:00-05:00,391.33,392.62,391.33,391.751,30547.0
2026-01-06 13:55:00-05:00,391.93,391.93,390.351,390.351,28951.0
2026-01-06 14:00:00-05:00,390.58,390.86,389.33,390.49,37496.0
2026-01-06 14:05:00-05:00,390.7979,390.88,389.4,390.4,26734.0
2026-01-06 14:10:00-05:00,390.91,394.0,390.39,393.91,43774.0
2026-01-06 14:15:00-05:00,393.91,395.31,393.21,395.135,72850.0
2026-01-06 14:20:00-05:00,395.11,395.89,393.38,393.38,26433.0
2026-01-06 14:25:00-05:00,393.64,394.12,392.68,393.85,32138.0
2026-01-06 14:30:00-05:00,393.5701,393.9,391.5001,393.08,40521.0
2026-01-06 14:35:00-05:00,393.26,394.5568,393.26,394.1917,25374.0
2026-01-06 14:40:00-05:00,394.54,394.63,393.55,393.92,24021.0
2026-01-06 14:45:00-05:00,394.07,395.25,393.98,395.2499,28575.0
2026-01-06 14:50:00-05:00,395.2499,395.89,394.5101,395.66,48135.0
2026-01-06 14:55:00-05:00,395.64,396.45,395.06,395.06,47139.0
2026-01-06 15:00:00-05:00,395.08,396.28,393.94,396.005,57406.0
2026-01-06 15:05:00-05:00,395.955,396.5599,394.52,395.345,41552.0
2026-01-06 15:10:00-05:00,395.45,395.8299,393.96,394.545,40780.0
2026-01-06 15:15:00-05:00,394.92,395.66,393.305,395.66,50040.0
2026-01-06 15:20:00-05:00,395.97,399.7199,395.68,399.2832,117617.0
2026-01-06 15:25:00-05:00,399.3999,399.45,397.47,397.785,47273.0
2026-01-06 15:30:00-05:00,397.56,398.2,395.4665,397.29,100511.0
2026-01-06 15:35:00-05:00,397.57,398.19,397.02,397.745,46949.0
2026-01-06 15:40:00-05:00,397.37,397.59,395.47,396.97,70965.0
2026-01-06 15:45:00-05:00,396.8,397.225,394.855,395.56,62566.0
2026-01-06 15:50:00-05:00,395.3,396.635,394.365,395.64,123025.0
2026-01-06 15:55:00-05:00,396.0,398.04,395.35,397.41,216876.0
2026-01-07 09:30:00-05:00,378.02,385.0,370.02,371.0,353174.0
2026-01-07 09:35:00-05:00,373.68,381.1999,372.0,375.225,139160.0
2026-01-07 09:40:00-05:00,375.04,377.99,370.02,370.1,112524.0
2026-01-07 09:45:00-05:00,371.0,372.5663,365.47,366.155,154034.0
2026-01-07 09:50:00-05:00,366.09,373.72,365.5387,371.73,112987.0
2026-01-07 09:55:00-05:00,371.36,376.8,370.8,371.79,83049.0
2026-01-07 10:00:00-05:00,372.06,373.99,369.88,373.8028,59320.0
2026-01-07 10:05:00-05:00,373.68,375.1586,371.76,374.33,54160.0
2026-01-07 10:10:00-05:00,374.005,378.35,372.61,376.83,70218.0
2026-01-07 10:15:00-05:00,377.21,377.765,374.76,376.21,45788.0
2026-01-07 10:20:00-05:00,376.37,381.01,376.3,381.01,55665.0
2026-01-07 10:25:00-05:00,381.78,384.73,379.0,380.518,51359.0
2026-01-07 10:30:00-05:00,381.7533,384.99,381.38,383.0,38922.0
2026-01-07 10:35:00-05:00,383.14,384.9799,380.56,381.3,48207.0
2026-01-07 10:40:00-05:00,381.49,383.94,378.47,380.505,38996.0
2026-01-07 10:45:00-05:00,380.406,382.17,379.44,380.91,46395.0
2026-01-07 10:50:00-05:00,381.395,381.395,376.4,376.5,42164.0
2026-01-07 10:55:00-05:00,376.79,378.13,375.55,376.61,51656.0
2026-01-07 11:00:00-05:00,376.61,376.61,372.75,373.39,48032.0
2026-01-07 11:05:00-05:00,373.735,374.74,371.5333,374.115,35473.0
2026-01-07 11:10:00-05:00,374.33,374.7899,373.01,373.922,23932.0
2026-01-07 11:15:00-05:00,373.93,375.73,373.0,373.11,26677.0
2026-01-07 11:20:00-05:00,373.5,375.96,372.5,375.84,34535.0
2026-01-07 11:25:00-05:00,376.1417,377.94,375.78,376.6346,40590.0
2026-01-07 11:30:00-05:00,376.775,377.04,375.46,376.3375,20027.0
2026-01-07 11:35:00-05:00,376.236,377.25,375.51,376.71,25251.0
2026-01-07 11:40:00-05:00,377.105,377.22,375.93,376.66,10933.0
2026-01-07 11:45:00-05:00,376.38,379.4099,376.33,378.77,27765.0
2026-01-07 11:50:00-05:00,378.28,379.41,377.86,379.09,21885.0
2026-01-07 11:55:00-05:00,379.0899,379.0899,376.61,377.88,21105.0
2026-01-07 12:00:00-05:00,377.5,378.5,376.955,378.315,14438.0
2026-01-07 12:05:00-05:00,378.32,379.73,378.07,378.07,19498.0
2026-01-07 12:10:00-05:00,378.865,378.89,375.03,375.84,45110.0
2026-01-07 12:15:00-05:00,376.1,377.99,375.75,377.99,18383.0
2026-01-07 12:20:00-05:00,377.57,378.68,377.27,378.64,15532.0
2026-01-07 12:25:00-05:00,378.37,379.12,377.66,378.83,17588.0
2026-01-07 12:30:00-05:00,378.75,378.95,378.08,378.66,56968.0
2026-01-07 12:35:00-05:00,378.6,378.715,377.725,378.57,15055.0
2026-01-07 12:40:00-05:00,378.46,379.22,377.48,378.59,23837.0
2026-01-07 12:45:00-05:00,378.7101,378.7101,376.8977,378.02,15085.0
2026-01-07 12:50:00-05:00,377.84,377.94,377.0,377.525,18432.0
2026-01-07 12:55:00-05:00,377.06,377.5599,376.1,376.7925,11788.0
2026-01-07 13:00:00-05:00,376.345,377.51,376.08,377.21,32097.0
2026-01-07 13:05:00-05:00,377.05,378.31,376.89,377.63,5627.0
2026-01-07 13:10:00-05:00,378.27,378.27,377.34,378.055,11640.0
2026-01-07 13:15:00-05:00,377.92,379.2899,377.42,377.8999,22680.0
2026-01-07 13:20:00-05:00,377.695,380.29,377.645,379.65,15031.0
2026-01-07 13:25:00-05:00,380.19,381.63,379.82,381.145,24629.0
2026-01-07 13:30:00-05:00,381.34,382.46,381.17,381.6399,22445.0
2026-01-07 13:35:00-05:00,381.385,382.216,380.31,380.31,18398.0
2026-01-07 13:40:00-05:00,380.635,381.8,380.2001,380.48,14527.0
2026-01-07 13:45:00-05:00,380.27,380.995,379.4419,380.33,20503.0
2026-01-07 13:50:00-05:00,380.7222,381.46,380.41,381.1,14085.0
2026-01-07 13:55:00-05:00,380.85,384.5,380.525,384.03,39468.0
2026-01-07 14:00:00-05:00,383.985,385.18,383.49,385.18,56617.0
2026-01-07 14:05:00-05:00,385.17,389.54,384.51,389.54,72530.0
2026-01-07 14:10:00-05:00,389.78,390.41,388.36,390.36,75886.0
2026-01-07 14:15:00-05:00,390.57,394.0,390.51,393.46,102948.0
2026-01-07 14:20:00-05:00,393.44,397.27,392.861,395.8,76974.0
2026-01-07 14:25:00-05:00,395.95,399.01,395.2,399.01,113140.0
2026-01-07 14:30:00-05:00,399.0,402.7949,397.411,400.9952,147510.0
2026-01-07 14:35:00-05:00,401.51,402.1799,401.0,401.615,57938.0
2026-01-07 14:40:00-05:00,401.615,401.68,399.0001,400.385,79808.0
2026-01-07 14:45:00-05:00,400.4202,401.04,398.7,399.61,38690.0
2026-01-07 14:50:00-05:00,399.43,401.29,397.715,397.78,61507.0
2026-01-07 14:55:00-05:00,399.195,399.6499,397.11,399.255,49509.0
2026-01-07 15:00:00-05:00,399.6,401.12,398.99,399.1,46862.0
2026-01-07 15:05:00-05:00,399.03,399.9999,398.2564,399.43,47141.0
2026-01-07 15:10:00-05:00,399.43,400.14,398.444,398.7013,56103.0
2026-01-07 15:15:00-05:00,399.27,399.69,397.99,399.13,60025.0
2026-01-07 15:20:00-05:00,399.29,399.39,397.5,397.5,55074.0
2026-01-07 15:25:00-05:00,398.39,398.39,395.98,395.98,37299.0
2026-01-07 15:30:00-05:00,396.16,396.6256,393.15,395.48,56904.0
2026-01-07 15:35:00-05:00,395.085,396.585,393.57,396.148,40185.0
2026-01-07 15:40:00-05:00,396.26,396.68,394.13,394.86,63346.0
2026-01-07 15:45:00-05:00,394.8,396.04,394.46,395.59,81763.0
2026-01-07 15:50:00-05:00,396.0,396.89,392.54,393.06,154931.0
2026-01-07 15:55:00-05:00,393.02,394.58,392.61,392.8,210586.0
2026-01-08 09:30:00-05:00,394.3,395.04,371.26,373.75,280150.0
2026-01-08 09:35:00-05:00,375.0,375.63,369.5,372.215,186564.0
2026-01-08 09:40:00-05:00,371.5101,373.44,362.58,367.79,185794.0
2026-01-08 09:45:00-05:00,367.61,368.33,357.12,360.2737,228719.0
2026-01-08 09:50:00-05:00,359.47,359.47,354.86,357.512,190044.0
2026-01-08 09:55:00-05:00,357.88,359.3299,353.02,354.295,171480.0
2026-01-08 10:00:00-05:00,354.295,358.04,351.62,358.0,162115.0
2026-01-08 10:05:00-05:00,357.57,360.1094,349.69,350.335,201114.0
2026-01-08 10:10:00-05:00,350.04,351.5099,347.0,349.61,143913.0
2026-01-08 10:15:00-05:00,349.5999,351.51,347.27,347.27,106700.0
2026-01-08 10:20:00-05:00,347.8375,350.195,347.03,348.81,72046.0
2026-01-08 10:25:00-05:00,348.31,352.5,347.99,349.82,87780.0
2026-01-08 10:30:00-05:00,349.865,351.679,344.85,345.905,125008.0
2026-01-08 10:35:00-05:00,346.51,346.68,345.0,345.056,75182.0
2026-01-08 10:40:00-05:00,345.36,346.94,343.65,346.415,86911.0
2026-01-08 10:45:00-05:00,346.51,349.105,344.39,347.525,69150.0
2026-01-08 10:50:00-05:00,347.37,349.94,346.52,347.7,53911.0
2026-01-08 10:55:00-05:00,347.905,350.1013,347.23,349.4554,98877.0
2026-01-08 11:00:00-05:00,349.6961,350.02,343.0,345.36,112658.0
2026-01-08 11:05:00-05:00,345.59,348.62,343.54,348.25,57788.0
2026-01-08 11:10:00-05:00,348.25,350.7113,347.0,347.475,61962.0
2026-01-08 11:15:00-05:00,347.05,348.7,345.68,348.47,36247.0
2026-01-08 11:20:00-05:00,348.76,352.4999,348.1,351.33,76980.0
2026-01-08 11:25:00-05:00,351.33,351.61,349.0,350.335,68103.0
2026-01-08 11:30:00-05:00,350.45,350.45,345.84,346.01,48832.0
2026-01-08 11:35:00-05:00,345.9,348.9481,345.62,346.5,33100.0
2026-01-08 11:40:00-05:00,347.57,349.8,347.24,348.1001,44557.0
2026-01-08 11:45:00-05:00,348.1001,350.19,348.1001,349.61,35010.0
2026-01-08 11:50:00-05:00,349.3301,350.2,348.54,349.29,46046.0
2026-01-08 11:55:00-05:00,349.25,350.55,348.589,349.37,21405.0
2026-01-08 12:00:00-05:00,349.09,349.94,346.79,348.7,36763.0
2026-01-08 12:05:00-05:00,348.785,352.39,348.25,351.2147,31415.0
2026-01-08 12:10:00-05:00,351.65,354.6,351.08,354.2,33470.0
2026-01-08 12:15:00-05:00,354.45,357.6,354.09,355.643,63509.0
2026-01-08 12:20:00-05:00,356.63,357.0,352.3,352.31,43248.0
2026-01-08 12:25:00-05:00,352.53,353.01,349.3,349.3,34686.0
2026-01-08 12:30:00-05:00,349.03,350.5439,348.0,350.0,30105.0
2026-01-08 12:35:00-05:00,349.91,352.05,349.81,351.236,27504.0
2026-01-08 12:40:00-05:00,351.425,354.0,351.425,353.53,20674.0
2026-01-08 12:45:00-05:00,353.97,354.8199,353.22,353.98,34044.0
2026-01-08 12:50:00-05:00,353.93,354.58,353.17,353.32,24325.0
2026-01-08 12:55:00-05:00,353.0,353.351,351.9,352.81,22273.0
2026-01-08 13:00:00-05:00,352.01,352.99,351.2601,351.7332,26264.0
2026-01-08 13:05:00-05:00,351.31,352.5863,350.44,352.19,32514.0
2026-01-08 13:10:00-05:00,352.24,352.47,349.62,349.62,34360.0
2026-01-08 13:15:00-05:00,349.5601,351.49,349.56,350.99,30174.0
2026-01-08 13:20:00-05:00,351.7207,351.7915,350.0,350.285,23705.0
2026-01-08 13:25:00-05:00,350.285,350.285,348.63,349.225,30203.0
2026-01-08 13:30:00-05:00,349.225,349.61,348.66,348.9,23461.0
2026-01-08 13:35:00-05:00,349.135,349.33,348.02,348.46,28944.0
2026-01-08 13:40:00-05:00,348.8799,351.3624,348.52,350.86,25360.0
2026-01-08 13:45:00-05:00,351.105,351.72,349.63,349.92,26667.0
2026-01-08 13:50:00-05:00,350.185,350.346,347.64,347.64,22964.0
2026-01-08 13:55:00-05:00,347.52,348.2399,346.0101,346.7,29656.0
2026-01-08 14:00:00-05:00,346.5,348.5281,346.5,348.31,21903.0
2026-01-08 14:05:00-05:00,348.355,349.79,348.355,349.32,17961.0
2026-01-08 14:10:00-05:00,349.38,349.52,346.81,346.81,21353.0
2026-01-08 14:15:00-05:00,346.57,347.7899,346.33,347.5876,21324.0
2026-01-08 14:20:00-05:00,347.565,347.75,345.89,345.89,31051.0
2026-01-08 14:25:00-05:00,345.91,348.0,345.595,347.37,29226.0
2026-01-08 14:30:00-05:00,347.2485,349.01,347.2485,348.31,30538.0
2026-01-08 14:35:00-05:00,348.3245,348.3245,346.63,347.01,22655.0
2026-01-08 14:40:00-05:00,346.91,347.9938,346.91,347.6,37594.0
2026-01-08 14:45:00-05:00,347.93,349.3796,347.7541,349.1,29742.0
2026-01-08 14:50:00-05:00,349.25,350.5741,348.61,349.22,40179.0
2026-01-08 14:55:00-05:00,348.92,349.0908,347.64,348.6357,31097.0
2026-01-08 15:00:00-05:00,348.76,348.76,346.695,347.77,24013.0
2026-01-08 15:05:00-05:00,347.79,347.79,346.01,346.78,16645.0
2026-01-08 15:10:00-05:00,346.78,350.8986,346.78,350.485,31802.0
2026-01-08 15:15:00-05:00,350.96,353.88,350.855,353.755,68307.0
2026-01-08 15:20:00-05:00,353.8319,353.8319,351.36,353.625,57976.0
2026-01-08 15:25:00-05:00,353.415,355.51,352.29,353.4777,46406.0
2026-01-08 15:30:00-05:00,353.185,355.1676,352.18,352.4772,31756.0
2026-01-08 15:35:00-05:00,352.89,353.229,351.8801,352.97,30378.0
2026-01-08 15:40:00-05:00,353.0,354.3962,352.56,354.0,42125.0
2026-01-08 15:45:00-05:00,353.8,354.23,348.49,348.6265,67892.0
2026-01-08 15:50:00-05:00,348.88,349.965,346.248,348.455,87642.0
2026-01-08 15:55:00-05:00,348.455,349.295,347.205,348.264,177470.0
2026-01-09 09:30:00-05:00,334.302,346.83,333.01,345.005,383276.0
2026-01-09 09:35:00-05:00,345.5661,355.9,342.35,352.905,239519.0
2026-01-09 09:40:00-05:00,353.43,359.99,352.45,356.41,299959.0
2026-01-09 09:45:00-05:00,356.38,360.17,352.0001,356.235,247663.0
2026-01-09 09:50:00-05:00,355.02,356.8,350.0,356.0,130677.0
2026-01-09 09:55:00-05:00,355.35,359.89,352.5001,359.5,159831.0
2026-01-09 10:00:00-05:00,358.65,362.72,354.52,356.02,161467.0
2026-01-09 10:05:00-05:00,356.0,356.03,349.02,351.1563,92094.0
2026-01-09 10:10:00-05:00,351.73,358.63,351.73,357.86,100830.0
2026-01-09 10:15:00-05:00,357.845,359.36,354.2,357.31,70824.0
2026-01-09 10:20:00-05:00,357.29,358.791,352.81,353.06,42162.0
2026-01-09 10:25:00-05:00,353.61,354.3952,351.76,353.665,34811.0
2026-01-09 10:30:00-05:00,353.67,356.19,352.8601,353.74,68143.0
2026-01-09 10:35:00-05:00,353.74,354.5,351.31,352.8,83809.0
2026-01-09 10:40:00-05:00,352.82,354.4143,351.7701,353.65,53335.0
2026-01-09 10:45:00-05:00,354.45,357.65,354.05,354.98,42043.0
2026-01-09 10:50:00-05:00,355.175,356.72,351.23,351.835,121290.0
2026-01-09 10:55:00-05:00,352.28,355.68,350.63,354.062,64783.0
2026-01-09 11:00:00-05:00,353.9,356.0,352.72,352.87,39199.0
2026-01-09 11:05:00-05:00,352.32,354.74,352.13,353.0301,54387.0
2026-01-09 11:10:00-05:00,353.57,353.57,350.3,351.7,62114.0
2026-01-09 11:15:00-05:00,351.57,351.6675,347.75,348.335,72000.0
2026-01-09 11:20:00-05:00,348.33,348.35,343.28,343.96,97774.0
2026-01-09 11:25:00-05:00,343.69,343.69,340.021,340.41,95421.0
2026-01-09 11:30:00-05:00,340.33,340.95,337.02,338.505,107769.0
2026-01-09 11:35:00-05:00,339.3899,343.37,337.6201,341.61,79863.0
2026-01-09 11:40:00-05:00,341.58,343.3,340.0101,340.15,45999.0
2026-01-09 11:45:00-05:00,340.22,340.965,338.7,339.515,63819.0
2026-01-09 11:50:00-05:00,339.52,341.66,338.28,341.55,62316.0
2026-01-09 11:55:00-05:00,341.7999,342.92,340.61,340.61,55347.0
2026-01-09 12:00:00-05:00,340.92,341.55,339.01,339.3,30580.0
2026-01-09 12:05:00-05:00,339.32,342.71,338.6388,341.7,46129.0
2026-01-09 12:10:00-05:00,341.9,342.62,340.45,342.475,42947.0
2026-01-09 12:15:00-05:00,342.5,342.5,339.9,339.9,36207.0
2026-01-09 12:20:00-05:00,340.23,341.09,340.09,340.445,16305.0
2026-01-09 12:25:00-05:00,340.45,341.68,340.04,340.515,36950.0
2026-01-09 12:30:00-05:00,340.17,340.545,338.05,338.54,34631.0
2026-01-09 12:35:00-05:00,338.55,340.48,337.0,339.86,79161.0
2026-01-09 12:40:00-05:00,339.87,341.77,339.54,340.005,27795.0
2026-01-09 12:45:00-05:00,339.87,342.0,339.52,340.62,30984.0
2026-01-09 12:50:00-05:00,340.605,341.0,340.32,340.865,15046.0
2026-01-09 12:55:00-05:00,341.104,341.92,340.5,341.33,25685.0
2026-01-09 13:00:00-05:00,341.345,341.68,340.62,341.49,28473.0
2026-01-09 13:05:00-05:00,341.19,341.99,340.57,341.26,22071.0
2026-01-09 13:10:00-05:00,341.34,344.2,340.51,343.9482,32698.0
2026-01-09 13:15:00-05:00,343.74,346.97,343.59,346.565,34210.0
2026-01-09 13:20:00-05:00,346.9,347.69,345.22,347.04,48547.0
2026-01-09 13:25:00-05:00,347.0,348.04,346.355,347.51,30471.0
2026-01-09 13:30:00-05:00,347.955,348.9799,346.89,347.74,33346.0
2026-01-09 13:35:00-05:00,347.62,348.2673,346.54,346.88,24329.0
2026-01-09 13:40:00-05:00,346.89,347.29,345.0001,346.2135,22228.0
2026-01-09 13:45:00-05:00,346.34,346.34,345.23,345.615,9216.0
2026-01-09 13:50:00-05:00,345.615,346.59,345.33,346.1,18430.0
2026-01-09 13:55:00-05:00,345.89,346.98,345.89,346.97,18477.0
2026-01-09 14:00:00-05:00,346.96,347.54,346.65,347.16,17223.0
2026-01-09 14:05:00-05:00,346.94,347.8733,346.25,347.14,27486.0
2026-01-09 14:10:00-05:00,347.75,347.75,346.27,346.4,19769.0
2026-01-09 14:15:00-05:00,346.835,348.73,346.55,348.73,232168.0
2026-01-09 14:20:00-05:00,349.0,349.0,347.57,348.68,325328.0
2026-01-09 14:25:00-05:00,348.36,351.7499,348.36,349.55,56382.0
2026-01-09 14:30:00-05:00,349.94,350.32,349.56,349.63,24813.0
2026-01-09 14:35:00-05:00,349.72,350.4902,349.59,349.61,24925.0
2026-01-09 14:40:00-05:00,349.765,350.77,349.02,350.42,43464.0
2026-01-09 14:45:00-05:00,350.575,351.5,350.01,350.49,29899.0
2026-01-09 14:50:00-05:00,350.5,350.5,348.22,349.34,34981.0
2026-01-09 14:55:00-05:00,349.34,351.5,349.1,351.15,24243.0
2026-01-09 15:00:00-05:00,351.18,353.38,351.18,353.12,30796.0
2026-01-09 15:05:00-05:00,353.13,353.8223,352.34,353.05,38940.0
2026-01-09 15:10:00-05:00,353.24,354.69,352.89,353.67,38779.0
2026-01-09 15:15:00-05:00,353.63,353.63,351.91,352.85,45287.0
2026-01-09 15:20:00-05:00,352.89,354.1446,352.51,352.515,29285.0
2026-01-09 15:25:00-05:00,352.53,352.675,349.41,349.91,50767.0
2026-01-09 15:30:00-05:00,349.91,351.7,349.19,351.37,47719.0
2026-01-09 15:35:00-05:00,351.38,351.505,349.5,351.207,59650.0
2026-01-09 15:40:00-05:00,350.83,350.9,349.34,350.075,66232.0
2026-01-09 15:45:00-05:00,350.04,351.55,348.685,349.34,96845.0
2026-01-09 15:50:00-05:00,349.215,350.4,348.9202,349.49,102779.0
2026-01-09 15:55:00-05:00,349.405,351.78,349.045,351.41,191398.0
2026-01-12 09:30:00-05:00,340.36,340.36,326.59,336.905,519810.0
2026-01-12 09:35:00-05:00,336.91,343.8,336.8,339.3513,198327.0
2026-01-12 09:40:00-05:00,339.375,339.75,332.6,335.32,152815.0
2026-01-12 09:45:00-05:00,335.4,337.95,333.38,333.89,144546.0
2026-01-12 09:50:00-05:00,333.99,336.2,332.13,333.6,138197.0
2026-01-12 09:55:00-05:00,333.06,337.53,330.3,335.61,107455.0
2026-01-12 10:00:00-05:00,335.25,340.98,333.59,334.9,157669.0
2026-01-12 10:05:00-05:00,334.9,336.7399,331.0,332.54,95789.0
2026-01-12 10:10:00-05:00,332.9,334.37,331.21,332.6,85841.0
2026-01-12 10:15:00-05:00,332.06,335.66,331.86,335.065,59527.0
2026-01-12 10:20:00-05:00,334.86,336.75,331.05,331.83,87220.0
2026-01-12 10:25:00-05:00,331.5666,334.18,331.0,334.0,85165.0
2026-01-12 10:30:00-05:00,333.61,333.61,328.3,328.93,88995.0
2026-01-12 10:35:00-05:00,329.1,329.43,326.87,327.745,133440.0
2026-01-12 10:40:00-05:00,327.745,327.745,324.16,324.5,162436.0
2026-01-12 10:45:00-05:00,324.93,325.07,322.69,324.13,117020.0
2026-01-12 10:50:00-05:00,324.06,328.0,323.76,327.18,71969.0
2026-01-12 10:55:00-05:00,327.04,328.53,326.4,327.46,74609.0
2026-01-12 11:00:00-05:00,327.74,329.0,325.655,328.7,55753.0
2026-01-12 11:05:00-05:00,328.45,329.98,328.15,329.33,47109.0
2026-01-12 11:10:00-05:00,329.55,330.49,328.0201,329.305,37727.0
2026-01-12 11:15:00-05:00,329.57,331.3,329.31,330.8,31007.0
2026-01-12 11:20:00-05:00,330.865,330.87,328.12,330.61,61672.0
2026-01-12 11:25:00-05:00,330.24,333.5,330.11,332.26,55715.0
2026-01-12 11:30:00-05:00,332.17,334.0,332.05,333.8,66255.0
2026-01-12 11:35:00-05:00,333.54,333.8,331.75,333.215,61318.0
2026-01-12 11:40:00-05:00,333.3,333.87,331.935,332.18,30053.0
2026-01-12 11:45:00-05:00,332.51,334.268,332.18,334.09,38789.0
2026-01-12 11:50:00-05:00,334.1,334.69,333.53,334.23,73419.0
2026-01-12 11:55:00-05:00,334.2,334.23,333.23,333.87,53420.0
2026-01-12 12:00:00-05:00,333.87,334.8499,333.01,333.73,75998.0
2026-01-12 12:05:00-05:00,333.66,334.85,333.0101,334.205,56331.0
2026-01-12 12:10:00-05:00,334.2,335.0,334.115,335.0,41380.0
2026-01-12 12:15:00-05:00,335.0,335.81,334.46,335.29,45445.0
2026-01-12 12:20:00-05:00,335.76,336.79,334.56,335.87,33441.0
2026-01-12 12:25:00-05:00,336.205,336.39,333.83,334.85,227815.0
2026-01-12 12:30:00-05:00,334.88,336.79,334.6,335.96,28053.0
2026-01-12 12:35:00-05:00,336.15,337.51,335.85,337.51,23813.0
2026-01-12 12:40:00-05:00,337.23,340.48,336.9401,340.48,47106.0
2026-01-12 12:45:00-05:00,340.5,340.885,339.42,339.57,42936.0
2026-01-12 12:50:00-05:00,340.0,340.975,339.5001,340.6,25890.0
2026-01-12 12:55:00-05:00,340.03,340.69,338.55,338.666,38314.0
2026-01-12 13:00:00-05:00,338.63,339.08,337.8,338.1835,31107.0
2026-01-12 13:05:00-05:00,338.22,339.79,338.03,339.79,23482.0
2026-01-12 13:10:00-05:00,339.46,341.47,339.34,339.705,77273.0
2026-01-12 13:15:00-05:00,339.45,339.94,337.94,338.1,47084.0
2026-01-12 13:20:00-05:00,338.41,339.41,337.62,339.11,33656.0
2026-01-12 13:25:00-05:00,339.0,341.01,338.55,340.32,24703.0
2026-01-12 13:30:00-05:00,340.78,341.46,340.3996,340.815,38470.0
2026-01-12 13:35:00-05:00,340.9481,341.01,339.35,339.55,28219.0
2026-01-12 13:40:00-05:00,339.28,340.0,338.935,339.82,20440.0
2026-01-12 13:45:00-05:00,339.65,339.76,338.14,339.07,21460.0
2026-01-12 13:50:00-05:00,338.96,339.4,338.43,339.4,19758.0
2026-01-12 13:55:00-05:00,339.4,339.4,336.76,336.88,42968.0
2026-01-12 14:00:00-05:00,337.09,337.09,336.05,336.4501,29149.0
2026-01-12 14:05:00-05:00,336.435,336.435,335.29,335.37,31103.0
2026-01-12 14:10:00-05:00,335.4,336.65,335.3,336.595,40767.0
2026-01-12 14:15:00-05:00,336.595,337.23,336.435,337.23,34554.0
2026-01-12 14:20:00-05:00,337.155,337.23,335.54,336.405,45074.0
2026-01-12 14:25:00-05:00,336.405,337.69,336.03,337.69,30394.0
2026-01-12 14:30:00-05:00,338.06,338.06,336.775,337.121,31910.0
2026-01-12 14:35:00-05:00,337.26,337.4,335.755,336.28,37627.0
2026-01-12 14:40:00-05:00,336.31,337.41,336.09,337.04,14059.0
2026-01-12 14:45:00-05:00,337.18,338.79,337.0138,337.38,25965.0
2026-01-12 14:50:00-05:00,337.275,338.255,337.1,338.255,19032.0
2026-01-12 14:55:00-05:00,338.175,338.28,337.33,338.0,19722.0
2026-01-12 15:00:00-05:00,337.95,338.5,336.58,337.23,54105.0
2026-01-12 15:05:00-05:00,336.98,337.6,336.98,337.5201,19347.0
2026-01-12 15:10:00-05:00,337.53,337.66,336.1,337.66,25545.0
2026-01-12 15:15:00-05:00,337.66,340.0,337.51,340.0,42916.0
2026-01-12 15:20:00-05:00,340.005,340.49,339.27,340.185,34570.0
2026-01-12 15:25:00-05:00,339.8501,341.99,339.8501,340.81,41663.0
2026-01-12 15:30:00-05:00,341.15,341.86,340.62,340.62,77262.0
2026-01-12 15:35:00-05:00,340.81,341.03,339.88,340.31,38864.0
2026-01-12 15:40:00-05:00,340.48,340.75,339.935,340.52,28044.0
2026-01-12 15:45:00-05:00,340.695,341.2,338.76,338.86,68461.0
2026-01-12 15:50:00-05:00,338.82,340.2599,338.22,339.715,105772.0
2026-01-12 15:55:00-05:00,339.665,340.9,339.5147,339.87,237337.0
2026-01-13 09:30:00-05:00,336.935,343.0,333.34,342.73,254699.0
2026-01-13 09:35:00-05:00,342.4425,350.95,340.06,349.09,187191.0
2026-01-13 09:40:00-05:00,349.36,354.655,347.72,354.1373,130882.0
2026-01-13 09:45:00-05:00,353.76,354.05,349.448,350.125,75469.0
2026-01-13 09:50:00-05:00,351.2399,353.295,348.46,352.545,61816.0
2026-01-13 09:55:00-05:00,352.93,355.6235,352.39,353.49,103220.0
2026-01-13 10:00:00-05:00,353.24,354.61,351.4176,354.225,62417.0
2026-01-13 10:05:00-05:00,354.69,355.28,352.99,353.16,89075.0
2026-01-13 10:10:00-05:00,353.04,353.19,350.6,352.925,95431.0
2026-01-13 10:15:00-05:00,353.4999,353.4999,349.03,350.385,76694.0
2026-01-13 10:20:00-05:00,350.72,353.8,350.01,352.9501,84293.0
2026-01-13 10:25:00-05:00,353.415,355.046,352.145,352.99,59969.0
2026-01-13 10:30:00-05:00,352.93,354.1168,350.69,351.32,38813.0
2026-01-13 10:35:00-05:00,350.71,353.2151,350.6,352.48,33131.0
2026-01-13 10:40:00-05:00,352.53,354.3,351.57,354.05,28617.0
2026-01-13 10:45:00-05:00,354.3,355.445,351.33,352.32,57749.0
2026-01-13 10:50:00-05:00,351.885,354.9999,351.45,354.415,25338.0
2026-01-13 10:55:00-05:00,354.415,355.1,353.84,354.4325,40271.0
2026-01-13 11:00:00-05:00,354.11,355.25,353.11,354.41,40126.0
2026-01-13 11:05:00-05:00,354.665,354.9299,353.88,354.1,24736.0
2026-01-13 11:10:00-05:00,354.45,355.08,353.5,353.5,28307.0
2026-01-13 11:15:00-05:00,353.365,354.0,352.94,353.32,16384.0
2026-01-13 11:20:00-05:00,353.5,354.1899,352.62,352.7,27507.0
2026-01-13 11:25:00-05:00,353.0071,358.3,352.81,358.3,98575.0
2026-01-13 11:30:00-05:00,358.3,359.0,356.55,356.81,40194.0
2026-01-13 11:35:00-05:00,357.11,357.73,354.85,357.22,25926.0
2026-01-13 11:40:00-05:00,357.23,360.355,357.23,358.08,42626.0
2026-01-13 11:45:00-05:00,358.38,358.83,356.42,358.15,19587.0
2026-01-13 11:50:00-05:00,357.9313,359.45,357.9313,358.975,18176.0
2026-01-13 11:55:00-05:00,359.22,359.81,358.311,358.88,38961.0
2026-01-13 12:00:00-05:00,358.5,358.87,357.12,357.635,14819.0
2026-01-13 12:05:00-05:00,357.63,358.16,356.84,357.27,19734.0
2026-01-13 12:10:00-05:00,357.1,358.9999,356.84,357.8195,18569.0
2026-01-13 12:15:00-05:00,358.5,358.5,356.99,357.84,17053.0
2026-01-13 12:20:00-05:00,357.73,357.845,356.57,357.33,20855.0
2026-01-13 12:25:00-05:00,356.99,357.8256,356.63,357.5,11877.0
2026-01-13 12:30:00-05:00,357.99,359.81,357.71,358.5,21817.0
2026-01-13 12:35:00-05:00,359.04,359.58,358.29,358.45,16086.0
2026-01-13 12:40:00-05:00,358.61,359.5,358.32,358.7242,11545.0
2026-01-13 12:45:00-05:00,358.615,358.665,358.0501,358.54,8672.0
2026-01-13 12:50:00-05:00,358.59,358.91,357.43,357.675,25679.0
2026-01-13 12:55:00-05:00,357.68,358.66,357.45,358.66,18923.0
2026-01-13 13:00:00-05:00,358.83,359.179,358.18,358.72,19079.0
2026-01-13 13:05:00-05:00,358.6608,360.911,358.6608,359.68,30443.0
2026-01-13 13:10:00-05:00,359.675,360.205,359.0,360.205,14656.0
2026-01-13 13:15:00-05:00,360.0,360.5,359.17,360.0,23149.0
2026-01-13 13:20:00-05:00,359.92,360.92,359.75,360.5843,12084.0
2026-01-13 13:25:00-05:00,360.495,362.445,360.495,361.0,29737.0
2026-01-13 13:30:00-05:00,361.34,361.72,360.1,361.63,20311.0
2026-01-13 13:35:00-05:00,361.02,362.48,361.02,361.26,16823.0
2026-01-13 13:40:00-05:00,361.6799,361.86,361.1,361.1,13047.0
2026-01-13 13:45:00-05:00,361.5,362.4,361.5,361.9668,14555.0
2026-01-13 13:50:00-05:00,361.61,362.18,360.9,361.78,13233.0
2026-01-13 13:55:00-05:00,361.78,361.795,360.3,360.4,25357.0
2026-01-13 14:00:00-05:00,360.52,361.9,360.0099,360.72,30426.0
2026-01-13 14:05:00-05:00,361.34,362.04,360.73,361.045,14178.0
2026-01-13 14:10:00-05:00,361.09,362.56,360.5,362.095,25349.0
2026-01-13 14:15:00-05:00,361.91,362.11,360.62,361.32,30229.0
2026-01-13 14:20:00-05:00,361.445,362.089,360.54,361.22,15480.0
2026-01-13 14:25:00-05:00,360.54,362.0,360.3001,361.67,17484.0
2026-01-13 14:30:00-05:00,361.765,362.8999,361.65,362.515,23079.0
2026-01-13 14:35:00-05:00,362.4,364.4825,362.04,364.4825,44069.0
2026-01-13 14:40:00-05:00,364.505,364.505,362.81,363.13,21999.0
2026-01-13 14:45:00-05:00,363.045,363.125,362.05,362.45,29137.0
2026-01-13 14:50:00-05:00,362.54,362.9108,362.04,362.04,19039.0
2026-01-13 14:55:00-05:00,362.485,363.67,361.1,361.43,30494.0
2026-01-13 15:00:00-05:00,361.43,361.48,360.0,360.64,17291.0
2026-01-13 15:05:00-05:00,360.5209,362.62,360.2701,361.865,23852.0
2026-01-13 15:10:00-05:00,361.51,361.69,360.81,361.405,19053.0
2026-01-13 15:15:00-05:00,361.745,361.99,361.05,361.75,25556.0
2026-01-13 15:20:00-05:00,361.655,361.91,360.03,360.135,55055.0
2026-01-13 15:25:00-05:00,360.05,360.63,359.04,359.04,40953.0
2026-01-13 15:30:00-05:00,359.02,359.08,357.708,359.0,37761.0
2026-01-13 15:35:00-05:00,358.73,360.68,358.51,360.335,36151.0
2026-01-13 15:40:00-05:00,360.335,361.56,360.125,361.1884,47046.0
2026-01-13 15:45:00-05:00,361.08,361.53,360.16,360.16,67741.0
2026-01-13 15:50:00-05:00,360.16,360.95,359.54,360.72,78943.0
2026-01-13 15:55:00-05:00,360.58,362.42,360.01,361.28,203147.0
2026-01-14 09:30:00-05:00,354.15,357.0,348.31,355.29,142813.0
2026-01-14 09:35:00-05:00,356.54,356.54,344.8,345.23,85033.0
2026-01-14 09:40:00-05:00,344.8,346.5,340.0,341.61,110121.0
2026-01-14 09:45:00-05:00,341.5661,347.6,340.08,347.315,93925.0
2026-01-14 09:50:00-05:00,347.5,350.8,344.53,347.74,60303.0
2026-01-14 09:55:00-05:00,347.34,347.34,339.82,340.21,75147.0
2026-01-14 10:00:00-05:00,339.9,343.7101,338.1,342.92,75807.0
2026-01-14 10:05:00-05:00,342.93,344.1099,341.6601,343.345,29129.0
2026-01-14 10:10:00-05:00,342.61,349.5,342.42,349.5,48494.0
2026-01-14 10:15:00-05:00,349.21,350.6899,346.69,347.025,47743.0
2026-01-14 10:20:00-05:00,346.37,347.65,344.0,344.65,34081.0
2026-01-14 10:25:00-05:00,344.65,345.335,343.5,344.38,21914.0
2026-01-14 10:30:00-05:00,344.38,344.96,343.33,344.82,37484.0
2026-01-14 10:35:00-05:00,344.42,345.52,343.76,345.0,21241.0
2026-01-14 10:40:00-05:00,344.535,345.7,342.94,342.94,19219.0
2026-01-14 10:45:00-05:00,343.44,344.22,341.0,341.05,47414.0
2026-01-14 10:50:00-05:00,341.0,342.53,340.41,342.145,33047.0
2026-01-14 10:55:00-05:00,342.15,343.2,341.3,341.31,20886.0
2026-01-14 11:00:00-05:00,341.89,341.89,340.0,340.98,32122.0
2026-01-14 11:05:00-05:00,340.8,340.8,339.82,340.78,32945.0
2026-01-14 11:10:00-05:00,340.5,340.9699,338.22,338.53,36252.0
2026-01-14 11:15:00-05:00,338.52,339.86,338.22,339.355,19017.0
2026-01-14 11:20:00-05:00,339.07,340.8799,338.8,339.27,22296.0
2026-01-14 11:25:00-05:00,338.94,339.57,337.6501,339.185,44014.0
2026-01-14 11:30:00-05:00,338.94,340.21,337.68,338.22,44332.0
2026-01-14 11:35:00-05:00,338.49,338.49,336.4388,338.2838,33923.0
2026-01-14 11:40:00-05:00,338.03,338.255,336.01,336.34,20389.0
2026-01-14 11:45:00-05:00,336.33,337.4099,335.71,336.53,32053.0
2026-01-14 11:50:00-05:00,336.52,336.53,334.75,335.275,37269.0
2026-01-14 11:55:00-05:00,335.275,336.35,335.04,336.26,27288.0
2026-01-14 12:00:00-05:00,336.06,337.57,335.51,336.16,27128.0
2026-01-14 12:05:00-05:00,336.27,338.2599,336.14,337.8059,17304.0
2026-01-14 12:10:00-05:00,338.24,339.33,337.23,339.33,18375.0
2026-01-14 12:15:00-05:00,339.26,339.26,337.5,337.73,19963.0
2026-01-14 12:20:00-05:00,337.64,338.13,337.0,337.9,12407.0
2026-01-14 12:25:00-05:00,337.88,338.96,337.83,338.64,15997.0
2026-01-14 12:30:00-05:00,338.3,338.3,336.75,336.75,14109.0
2026-01-14 12:35:00-05:00,337.14,337.89,336.05,336.89,28485.0
2026-01-14 12:40:00-05:00,336.7,337.19,335.9,337.05,19114.0
2026-01-14 12:45:00-05:00,337.3,337.3,336.18,336.18,10459.0
2026-01-14 12:50:00-05:00,335.6,335.89,334.71,335.3844,22681.0
2026-01-14 12:55:00-05:00,335.25,335.61,334.56,334.56,18924.0
2026-01-14 13:00:00-05:00,334.28,335.82,334.045,335.43,25786.0
2026-01-14 13:05:00-05:00,335.431,336.21,335.2,335.2,19900.0
2026-01-14 13:10:00-05:00,335.195,335.6,334.14,334.77,32889.0
2026-01-14 13:15:00-05:00,334.34,334.445,333.45,333.64,35594.0
2026-01-14 13:20:00-05:00,333.64,333.65,332.02,332.315,46994.0
2026-01-14 13:25:00-05:00,332.22,332.62,331.27,332.33,35522.0
2026-01-14 13:30:00-05:00,332.33,332.35,330.105,330.63,37964.0
2026-01-14 13:35:00-05:00,330.72,331.14,330.08,330.23,25341.0
2026-01-14 13:40:00-05:00,330.55,331.09,329.54,330.93,99364.0
2026-01-14 13:45:00-05:00,330.93,332.01,329.78,331.325,37722.0
2026-01-14 13:50:00-05:00,331.365,333.24,331.03,332.15,17157.0
2026-01-14 13:55:00-05:00,331.01,333.79,331.01,333.04,16461.0
2026-01-14 14:00:00-05:00,332.0,332.595,328.6,328.94,124746.0
2026-01-14 14:05:00-05:00,328.65,329.5,328.5,329.355,41029.0
2026-01-14 14:10:00-05:00,329.64,330.3,329.36,329.81,39566.0
2026-01-14 14:15:00-05:00,329.58,330.0764,329.1,329.625,30931.0
2026-01-14 14:20:00-05:00,329.625,330.2,329.05,329.51,27020.0
2026-01-14 14:25:00-05:00,329.695,330.2679,329.01,329.915,17433.0
2026-01-14 14:30:00-05:00,329.915,329.915,328.5,328.6,33592.0
2026-01-14 14:35:00-05:00,328.82,329.31,328.52,328.85,19029.0
2026-01-14 14:40:00-05:00,329.02,329.83,328.47,328.73,21805.0
2026-01-14 14:45:00-05:00,328.465,329.04,328.25,328.61,139940.0
2026-01-14 14:50:00-05:00,328.32,328.525,327.38,328.13,34627.0
2026-01-14 14:55:00-05:00,327.86,330.0,327.46,329.29,157598.0
2026-01-14 15:00:00-05:00,329.1,330.985,328.27,330.46,38312.0
2026-01-14 15:05:00-05:00,330.34,333.47,330.33,331.75,44581.0
2026-01-14 15:10:00-05:00,331.75,332.6199,330.425,330.825,28490.0
2026-01-14 15:15:00-05:00,331.07,331.65,330.55,331.18,20513.0
2026-01-14 15:20:00-05:00,331.0,331.81,330.48,330.88,28927.0
2026-01-14 15:25:00-05:00,330.49,330.93,330.05,330.625,25478.0
2026-01-14 15:30:00-05:00,330.5,332.31,330.11,331.82,29432.0
2026-01-14 15:35:00-05:00,331.67,332.23,331.26,331.83,33234.0
2026-01-14 15:40:00-05:00,331.52,332.88,330.5,330.635,53376.0
2026-01-14 15:45:00-05:00,330.4669,330.8399,329.185,329.88,65678.0
2026-01-14 15:50:00-05:00,330.02,330.65,329.4283,329.74,78366.0
2026-01-14 15:55:00-05:00,329.99,332.2,329.735,331.53,183838.0
2026-01-15 09:30:00-05:00,334.865,337.94,329.0,336.01,407021.0
2026-01-15 09:35:00-05:00,337.94,344.74,337.75,344.065,138001.0
2026-01-15 09:40:00-05:00,344.525,346.0,340.5,344.8,171931.0
2026-01-15 09:45:00-05:00,345.17,354.0,344.22,349.66,225741.0
2026-01-15 09:50:00-05:00,349.97,354.5,347.28,352.805,145980.0
2026-01-15 09:55:00-05:00,352.79,353.0,347.5,349.115,101320.0
2026-01-15 10:00:00-05:00,348.24,350.35,344.1,344.1,88544.0
2026-01-15 10:05:00-05:00,344.71,347.4,342.2101,347.065,81892.0
2026-01-15 10:10:00-05:00,346.835,348.31,345.3,345.8,41741.0
2026-01-15 10:15:00-05:00,346.87,346.87,344.29,345.3525,48897.0
2026-01-15 10:20:00-05:00,345.12,346.53,344.31,345.57,46489.0
2026-01-15 10:25:00-05:00,345.09,346.16,343.5001,346.155,42367.0
2026-01-15 10:30:00-05:00,346.3,347.1,345.715,347.06,38470.0
2026-01-15 10:35:00-05:00,347.25,348.52,346.57,347.75,43915.0
2026-01-15 10:40:00-05:00,347.79,348.88,346.355,346.59,36243.0
2026-01-15 10:45:00-05:00,346.8,347.17,345.1852,346.0,34274.0
2026-01-15 10:50:00-05:00,346.16,348.0,345.86,346.13,39036.0
2026-01-15 10:55:00-05:00,346.44,347.56,344.73,347.17,32469.0
2026-01-15 11:00:00-05:00,347.26,348.38,346.07,346.3925,19454.0
2026-01-15 11:05:00-05:00,346.335,346.8399,344.6391,345.985,18192.0
2026-01-15 11:10:00-05:00,346.0936,347.78,345.3501,347.21,30184.0
2026-01-15 11:15:00-05:00,347.385,349.54,347.0,349.3633,24360.0
2026-01-15 11:20:00-05:00,348.9,349.52,347.94,348.3,29306.0
2026-01-15 11:25:00-05:00,348.65,349.21,348.29,349.025,15892.0
2026-01-15 11:30:00-05:00,349.46,351.86,348.87,351.48,40351.0
2026-01-15 11:35:00-05:00,351.3878,352.28,350.3001,350.56,24846.0
2026-01-15 11:40:00-05:00,350.36,351.22,349.399,350.305,17574.0
2026-01-15 11:45:00-05:00,351.14,351.77,349.87,351.2299,18851.0
2026-01-15 11:50:00-05:00,350.6,351.88,350.18,350.98,24459.0
2026-01-15 11:55:00-05:00,350.82,352.75,350.63,352.34,40746.0
2026-01-15 12:00:00-05:00,352.24,353.34,351.98,352.78,42967.0
2026-01-15 12:05:00-05:00,352.76,352.8021,351.57,352.1231,16851.0
2026-01-15 12:10:00-05:00,352.7599,352.7599,350.52,350.52,12124.0
2026-01-15 12:15:00-05:00,350.3675,350.53,349.39,350.35,15740.0
2026-01-15 12:20:00-05:00,350.3,352.0816,350.161,351.785,17152.0
2026-01-15 12:25:00-05:00,351.77,354.48,351.52,353.21,45730.0
2026-01-15 12:30:00-05:00,353.15,353.46,351.6701,351.78,11907.0
2026-01-15 12:35:00-05:00,352.12,352.63,351.64,352.28,13241.0
2026-01-15 12:40:00-05:00,352.63,352.63,350.7,351.52,25468.0
2026-01-15 12:45:00-05:00,351.5,352.745,351.02,351.02,9567.0
2026-01-15 12:50:00-05:00,352.176,352.176,350.6597,351.22,6879.0
2026-01-15 12:55:00-05:00,351.14,351.22,349.921,350.15,15719.0
2026-01-15 13:00:00-05:00,349.6667,350.56,349.3,350.0381,28679.0
2026-01-15 13:05:00-05:00,350.3,351.88,349.8501,351.88,9371.0
2026-01-15 13:10:00-05:00,351.42,351.9,350.74,351.275,11881.0
2026-01-15 13:15:00-05:00,351.55,351.7,349.9101,350.58,14211.0
2026-01-15 13:20:00-05:00,350.79,352.27,350.57,352.07,10930.0
2026-01-15 13:25:00-05:00,351.89,352.73,351.75,352.61,16514.0
2026-01-15 13:30:00-05:00,352.61,353.29,352.14,352.444,17128.0
2026-01-15 13:35:00-05:00,352.14,352.25,351.39,351.39,17572.0
2026-01-15 13:40:00-05:00,351.4,351.97,351.15,351.64,17446.0
2026-01-15 13:45:00-05:00,351.92,351.92,351.19,351.46,15350.0
2026-01-15 13:50:00-05:00,351.5799,351.5799,349.1601,349.55,19243.0
2026-01-15 13:55:00-05:00,349.555,350.16,349.38,349.86,11096.0
2026-01-15 14:00:00-05:00,349.62,349.93,349.2,349.79,12626.0
2026-01-15 14:05:00-05:00,349.785,350.46,349.21,349.75,28025.0
2026-01-15 14:10:00-05:00,349.9798,349.9798,348.4929,349.05,18099.0
2026-01-15 14:15:00-05:00,349.05,349.92,348.89,349.295,14348.0
2026-01-15 14:20:00-05:00,348.97,349.3,348.3625,349.16,14009.0
2026-01-15 14:25:00-05:00,349.19,349.43,347.41,347.92,29556.0
2026-01-15 14:30:00-05:00,348.1,348.1,345.5,345.96,45595.0
2026-01-15 14:35:00-05:00,346.0,346.1,344.01,344.7237,39872.0
2026-01-15 14:40:00-05:00,344.505,345.2548,343.63,345.19,40744.0
2026-01-15 14:45:00-05:00,344.72,345.08,344.01,344.325,15529.0
2026-01-15 14:50:00-05:00,344.63,345.13,343.64,343.776,21940.0
2026-01-15 14:55:00-05:00,343.735,345.3422,342.17,344.905,23707.0
2026-01-15 15:00:00-05:00,344.79,345.22,343.49,345.22,22716.0
2026-01-15 15:05:00-05:00,345.35,345.5,344.42,345.4,17438.0
2026-01-15 15:10:00-05:00,345.05,346.255,344.91,345.3617,13963.0
2026-01-15 15:15:00-05:00,345.1901,346.34,345.19,345.8,23097.0
2026-01-15 15:20:00-05:00,345.8,346.12,345.065,345.065,18069.0
2026-01-15 15:25:00-05:00,345.0236,346.17,344.69,346.17,14985.0
2026-01-15 15:30:00-05:00,346.005,346.005,344.58,344.845,17473.0
2026-01-15 15:35:00-05:00,345.08,346.1,344.88,345.2286,20131.0
2026-01-15 15:40:00-05:00,345.24,345.64,344.0301,344.56,30802.0
2026-01-15 15:45:00-05:00,344.3701,344.685,343.1025,344.205,41536.0
2026-01-15 15:50:00-05:00,344.45,345.6034,344.118,345.6034,52338.0
2026-01-15 15:55:00-05:00,345.16,345.16,342.625,343.12,141935.0
2026-01-16 09:30:00-05:00,348.58,354.0,343.28,349.45,216809.0
2026-01-16 09:35:00-05:00,349.52,352.4586,345.21,345.21,81594.0
2026-01-16 09:40:00-05:00,345.605,348.345,345.0,345.0,66191.0
2026-01-16 09:45:00-05:00,344.72,348.88,341.25,342.55,78544.0
2026-01-16 09:50:00-05:00,343.08,344.01,333.0,333.0,175681.0
2026-01-16 09:55:00-05:00,334.1504,334.28,324.11,325.055,212059.0
2026-01-16 10:00:00-05:00,325.7416,330.305,324.11,327.48,198414.0
2026-01-16 10:05:00-05:00,328.0,336.1687,328.0,334.345,110668.0
2026-01-16 10:10:00-05:00,334.195,334.6,327.63,329.08,88599.0
2026-01-16 10:15:00-05:00,329.08,330.0,327.575,327.61,61856.0
2026-01-16 10:20:00-05:00,327.59,328.8321,326.51,328.56,55522.0
2026-01-16 10:25:00-05:00,328.57,328.79,326.05,327.4,47196.0
2026-01-16 10:30:00-05:00,327.19,328.22,325.8,325.93,56012.0
2026-01-16 10:35:00-05:00,325.8,326.79,324.5,326.79,56598.0
2026-01-16 10:40:00-05:00,326.3618,329.27,326.31,326.58,41944.0
2026-01-16 10:45:00-05:00,326.51,327.61,324.5,326.575,25816.0
2026-01-16 10:50:00-05:00,326.53,328.68,326.19,328.2,28922.0
2026-01-16 10:55:00-05:00,328.38,331.11,328.12,331.11,155475.0
2026-01-16 11:00:00-05:00,330.895,331.0,326.71,328.19,43219.0
2026-01-16 11:05:00-05:00,328.17,329.12,327.5801,328.1445,26546.0
2026-01-16 11:10:00-05:00,329.1323,329.1323,327.34,328.1,23032.0
2026-01-16 11:15:00-05:00,328.14,328.451,327.3242,327.71,12364.0
2026-01-16 11:20:00-05:00,328.0,329.17,328.0,329.17,14408.0
2026-01-16 11:25:00-05:00,329.17,331.27,328.63,330.565,29675.0
2026-01-16 11:30:00-05:00,330.3,331.0,329.41,330.295,25178.0
2026-01-16 11:35:00-05:00,330.067,332.86,330.067,332.755,24109.0
2026-01-16 11:40:00-05:00,332.7794,334.0,332.53,332.795,38965.0
2026-01-16 11:45:00-05:00,332.85,334.0,332.0,333.56,31631.0
2026-01-16 11:50:00-05:00,334.0,334.2,330.0,330.0,21276.0
2026-01-16 11:55:00-05:00,330.43,331.0699,329.41,329.9552,17609.0
2026-01-16 12:00:00-05:00,329.93,330.48,328.44,328.58,13629.0
2026-01-16 12:05:00-05:00,328.58,329.05,328.0,328.385,13285.0
2026-01-16 12:10:00-05:00,328.67,330.92,328.53,329.35,29507.0
2026-01-16 12:15:00-05:00,328.61,331.66,328.61,330.115,16873.0
2026-01-16 12:20:00-05:00,330.76,330.77,329.25,329.675,10964.0
2026-01-16 12:25:00-05:00,329.75,330.35,328.95,329.901,16867.0
2026-01-16 12:30:00-05:00,329.61,330.13,329.06,329.76,12187.0
2026-01-16 12:35:00-05:00,329.76,330.005,329.53,329.61,9203.0
2026-01-16 12:40:00-05:00,330.02,330.26,329.185,329.605,11346.0
2026-01-16 12:45:00-05:00,329.155,329.395,327.04,327.04,27135.0
2026-01-16 12:50:00-05:00,327.22,327.56,325.22,325.64,27227.0
2026-01-16 12:55:00-05:00,325.63,325.9799,324.5,324.5,18432.0
2026-01-16 13:00:00-05:00,324.24,325.0,323.11,323.37,39642.0
2026-01-16 13:05:00-05:00,323.37,324.11,321.72,323.38,60426.0
2026-01-16 13:10:00-05:00,323.495,324.63,323.36,324.52,28860.0
2026-01-16 13:15:00-05:00,324.6,325.44,324.09,324.5,24553.0
2026-01-16 13:20:00-05:00,324.5,324.78,322.97,322.995,17117.0
2026-01-16 13:25:00-05:00,322.995,323.19,320.8,320.8,37133.0
2026-01-16 13:30:00-05:00,320.94,321.6499,320.885,321.0,23338.0
2026-01-16 13:35:00-05:00,320.68,321.0999,318.5,318.52,66800.0
2026-01-16 13:40:00-05:00,318.815,319.77,317.44,318.56,65460.0
2026-01-16 13:45:00-05:00,318.5,319.2999,317.6,318.67,39715.0
2026-01-16 13:50:00-05:00,318.43,320.27,317.8,320.27,37039.0
2026-01-16 13:55:00-05:00,320.3,323.27,320.0886,323.27,38254.0
2026-01-16 14:00:00-05:00,323.11,323.952,322.28,323.2101,23951.0
2026-01-16 14:05:00-05:00,323.495,324.3418,322.66,322.99,24015.0
2026-01-16 14:10:00-05:00,322.73,323.5,322.1701,323.445,14995.0
2026-01-16 14:15:00-05:00,323.33,323.33,322.17,323.07,36746.0
2026-01-16 14:20:00-05:00,322.725,323.14,321.4701,321.735,32249.0
2026-01-16 14:25:00-05:00,321.59,322.89,320.7732,322.89,25547.0
2026-01-16 14:30:00-05:00,323.0,324.77,322.5201,323.455,18230.0
2026-01-16 14:35:00-05:00,323.28,324.0,322.59,323.13,17272.0
2026-01-16 14:40:00-05:00,324.3,325.51,323.6743,325.0747,23456.0
2026-01-16 14:45:00-05:00,324.905,325.8,324.77,325.535,12465.0
2026-01-16 14:50:00-05:00,325.33,325.4999,324.0,325.08,25737.0
2026-01-16 14:55:00-05:00,325.085,326.0,324.5,325.0,25586.0
2026-01-16 15:00:00-05:00,324.94,326.14,324.5001,325.64,16742.0
2026-01-16 15:05:00-05:00,325.935,326.0,325.31,325.69,16438.0
2026-01-16 15:10:00-05:00,325.7,326.98,324.96,326.74,21974.0
2026-01-16 15:15:00-05:00,326.735,326.735,325.41,326.025,10284.0
2026-01-16 15:20:00-05:00,326.115,326.23,325.1741,325.705,14572.0
2026-01-16 15:25:00-05:00,325.99,326.26,324.5,326.26,28529.0
2026-01-16 15:30:00-05:00,325.79,326.98,324.57,324.57,35587.0
2026-01-16 15:35:00-05:00,324.47,326.12,324.14,325.735,38599.0
2026-01-16 15:40:00-05:00,325.975,326.58,325.67,326.17,26833.0
2026-01-16 15:45:00-05:00,326.17,326.33,325.0101,325.5,31581.0
2026-01-16 15:50:00-05:00,325.41,328.39,325.23,326.01,71931.0
2026-01-16 15:55:00-05:00,325.77,326.68,323.99,324.17,167546.0
2026-01-20 09:30:00-05:00,323.825,337.1699,320.31,335.18,472615.0
2026-01-20 09:35:00-05:00,335.0305,341.37,333.1084,340.53,204092.0
2026-01-20 09:40:00-05:00,340.815,341.62,332.82,336.93,185907.0
2026-01-20 09:45:00-05:00,337.16,337.67,332.0,332.74,97781.0
2026-01-20 09:50:00-05:00,332.185,339.81,331.99,337.835,126590.0
2026-01-20 09:55:00-05:00,337.6,342.0,337.34,337.535,121016.0
2026-01-20 10:00:00-05:00,338.07,341.99,337.12,341.03,79275.0
2026-01-20 10:05:00-05:00,341.04,347.15,340.56,347.04,168135.0
2026-01-20 10:10:00-05:00,346.745,348.46,343.99,347.29,80915.0
2026-01-20 10:15:00-05:00,347.6575,349.0,346.0727,346.9,77926.0
2026-01-20 10:20:00-05:00,347.2625,348.1,344.22,344.3416,79074.0
2026-01-20 10:25:00-05:00,344.0,349.89,344.0,349.24,123549.0
2026-01-20 10:30:00-05:00,349.06,350.75,347.72,348.165,87716.0
2026-01-20 10:35:00-05:00,348.0,349.7067,347.58,348.85,43970.0
2026-01-20 10:40:00-05:00,349.11,350.245,348.5,349.01,64450.0
2026-01-20 10:45:00-05:00,349.322,349.98,347.138,347.36,54888.0
2026-01-20 10:50:00-05:00,347.38,349.075,347.0,348.34,37905.0
2026-01-20 10:55:00-05:00,348.16,348.5,347.3801,348.255,43133.0
2026-01-20 11:00:00-05:00,348.36,348.72,346.04,346.47,47126.0
2026-01-20 11:05:00-05:00,346.7298,348.93,345.41,348.49,40855.0
2026-01-20 11:10:00-05:00,348.93,350.07,347.6,347.6,82820.0
2026-01-20 11:15:00-05:00,347.63,349.1958,346.0,346.47,47616.0
2026-01-20 11:20:00-05:00,346.44,351.0,346.33,350.17,83296.0
2026-01-20 11:25:00-05:00,350.355,351.6,349.13,351.32,66577.0
2026-01-20 11:30:00-05:00,351.01,351.24,348.07,348.07,53403.0
2026-01-20 11:35:00-05:00,348.03,349.53,347.8,349.53,37317.0
2026-01-20 11:40:00-05:00,349.53,350.68,347.68,348.035,80071.0
2026-01-20 11:45:00-05:00,348.04,348.93,347.77,348.625,76641.0
2026-01-20 11:50:00-05:00,348.705,349.7,347.72,348.07,25428.0
2026-01-20 11:55:00-05:00,348.335,351.5,348.2,351.24,51844.0
2026-01-20 12:00:00-05:00,351.29,354.32,350.945,353.933,84382.0
2026-01-20 12:05:00-05:00,353.823,354.055,352.9,353.125,27627.0
2026-01-20 12:10:00-05:00,352.89,354.66,352.0288,354.495,63251.0
2026-01-20 12:15:00-05:00,354.4699,355.6,353.95,355.145,43220.0
2026-01-20 12:20:00-05:00,355.145,356.0,353.52,354.185,59347.0
2026-01-20 12:25:00-05:00,354.185,355.2986,353.0,353.515,40564.0
2026-01-20 12:30:00-05:00,353.485,353.88,351.92,353.77,48216.0
2026-01-20 12:35:00-05:00,353.66,354.06,352.6,353.515,52206.0
2026-01-20 12:40:00-05:00,353.45,355.43,353.4,354.24,48986.0
2026-01-20 12:45:00-05:00,353.8,354.5683,352.53,352.64,44411.0
2026-01-20 12:50:00-05:00,352.875,353.12,351.4801,353.0,30809.0
2026-01-20 12:55:00-05:00,353.0,353.5577,352.33,353.35,39217.0
2026-01-20 13:00:00-05:00,353.23,354.7,352.93,352.93,24834.0
2026-01-20 13:05:00-05:00,352.44,352.7,351.56,352.285,15635.0
2026-01-20 13:10:00-05:00,352.29,352.545,351.0,351.3,23773.0
2026-01-20 13:15:00-05:00,351.29,352.43,351.17,352.43,39643.0
2026-01-20 13:20:00-05:00,352.285,353.06,350.55,350.87,44260.0
2026-01-20 13:25:00-05:00,350.785,350.87,347.69,349.85,112840.0
2026-01-20 13:30:00-05:00,349.585,351.11,349.26,350.42,20975.0
2026-01-20 13:35:00-05:00,350.67,350.98,349.88,350.68,30092.0
2026-01-20 13:40:00-05:00,350.6437,351.19,349.63,350.11,43826.0
2026-01-20 13:45:00-05:00,350.09,350.11,349.07,349.4,25742.0
2026-01-20 13:50:00-05:00,349.16,349.56,348.465,349.175,22318.0
2026-01-20 13:55:00-05:00,349.27,350.97,348.695,349.165,34919.0
2026-01-20 14:00:00-05:00,349.38,350.12,349.31,350.0,20400.0
2026-01-20 14:05:00-05:00,350.0,351.7685,350.0,350.48,30150.0
2026-01-20 14:10:00-05:00,350.05,350.47,349.7347,350.035,16576.0
2026-01-20 14:15:00-05:00,350.14,350.14,349.04,349.4,17102.0
2026-01-20 14:20:00-05:00,349.44,350.39,349.06,349.43,26866.0
2026-01-20 14:25:00-05:00,349.435,349.435,347.87,348.05,19646.0
2026-01-20 14:30:00-05:00,347.96,348.135,346.6,346.84,31655.0
2026-01-20 14:35:00-05:00,346.84,347.4,346.09,347.07,41200.0
2026-01-20 14:40:00-05:00,347.1879,348.7,347.1879,348.36,30512.0
2026-01-20 14:45:00-05:00,348.2,350.37,348.18,350.05,26028.0
2026-01-20 14:50:00-05:00,350.42,352.5,349.96,352.055,36051.0
2026-01-20 14:55:00-05:00,351.67,353.29,350.385,353.27,47932.0
2026-01-20 15:00:00-05:00,353.24,356.0,353.0,355.51,57557.0
2026-01-20 15:05:00-05:00,355.388,356.38,354.0201,354.17,37803.0
2026-01-20 15:10:00-05:00,354.33,355.31,354.33,354.42,31411.0
2026-01-20 15:15:00-05:00,354.365,355.18,354.1401,354.67,32214.0
2026-01-20 15:20:00-05:00,354.83,355.24,354.2325,354.47,36920.0
2026-01-20 15:25:00-05:00,354.7,354.99,353.86,354.2,27783.0
2026-01-20 15:30:00-05:00,354.323,355.02,353.56,353.8,40453.0
2026-01-20 15:35:00-05:00,353.8,355.791,353.56,355.335,42875.0
2026-01-20 15:40:00-05:00,355.19,356.1,354.42,355.78,64371.0
2026-01-20 15:45:00-05:00,355.72,357.0,355.57,356.685,60499.0
2026-01-20 15:50:00-05:00,356.42,357.66,355.52,355.52,86467.0
2026-01-20 15:55:00-05:00,355.5,357.21,355.49,356.82,235102.0
2026-01-21 09:30:00-05:00,373.6,374.61,359.0,361.39,377990.0
2026-01-21 09:35:00-05:00,362.125,363.88,357.68,362.085,149198.0
2026-01-21 09:40:00-05:00,362.49,367.785,361.0,365.02,193420.0
2026-01-21 09:45:00-05:00,365.02,365.74,360.52,362.6,103572.0
2026-01-21 09:50:00-05:00,361.91,362.3633,355.32,361.09,136092.0
2026-01-21 09:55:00-05:00,361.1,363.0,358.46,362.96,75555.0
2026-01-21 10:00:00-05:00,362.04,363.0,359.0,362.94,65916.0
2026-01-21 10:05:00-05:00,361.96,364.88,361.83,362.57,71232.0
2026-01-21 10:10:00-05:00,362.54,362.7603,360.0,362.6,51236.0
2026-01-21 10:15:00-05:00,362.63,367.83,361.9601,367.215,72442.0
2026-01-21 10:20:00-05:00,367.215,367.215,363.685,364.78,43626.0
2026-01-21 10:25:00-05:00,364.0,367.0,363.96,366.29,47404.0
2026-01-21 10:30:00-05:00,366.29,369.06,366.01,367.2,88376.0
2026-01-21 10:35:00-05:00,367.67,373.99,366.975,373.0,78951.0
2026-01-21 10:40:00-05:00,372.21,376.54,371.79,374.3,116733.0
2026-01-21 10:45:00-05:00,374.3,375.48,371.39,372.66,57837.0
2026-01-21 10:50:00-05:00,372.0,372.65,369.81,370.86,46585.0
2026-01-21 10:55:00-05:00,370.9,371.31,369.12,369.785,41936.0
2026-01-21 11:00:00-05:00,369.63,370.39,368.69,369.74,70097.0
2026-01-21 11:05:00-05:00,369.925,371.4773,369.12,370.66,36951.0
2026-01-21 11:10:00-05:00,370.41,372.5,370.05,372.0951,25535.0
2026-01-21 11:15:00-05:00,371.9167,373.88,371.9167,372.95,34469.0
2026-01-21 11:20:00-05:00,372.52,373.56,370.801,372.475,32188.0
2026-01-21 11:25:00-05:00,372.2509,374.97,371.4,373.13,25534.0
2026-01-21 11:30:00-05:00,372.56,375.87,371.65,375.87,46650.0
2026-01-21 11:35:00-05:00,374.995,375.88,371.42,372.21,56349.0
2026-01-21 11:40:00-05:00,372.1,373.83,368.8,368.8,47700.0
2026-01-21 11:45:00-05:00,369.9237,371.27,368.7,371.175,30663.0
2026-01-21 11:50:00-05:00,371.175,371.175,368.81,369.97,25103.0
2026-01-21 11:55:00-05:00,369.82,370.7599,368.21,370.37,61447.0
2026-01-21 12:00:00-05:00,370.215,370.6,368.0,368.35,30042.0
2026-01-21 12:05:00-05:00,368.35,369.04,365.54,365.8701,61406.0
2026-01-21 12:10:00-05:00,366.108,367.36,364.16,365.725,85402.0
2026-01-21 12:15:00-05:00,365.81,366.14,362.0,362.0,119996.0
2026-01-21 12:20:00-05:00,361.59,363.155,361.04,361.65,35760.0
2026-01-21 12:25:00-05:00,361.21,361.21,356.5,357.54,63774.0
2026-01-21 12:30:00-05:00,357.015,357.13,352.67,353.225,87711.0
2026-01-21 12:35:00-05:00,353.34,355.125,353.251,354.44,59017.0
2026-01-21 12:40:00-05:00,354.4048,355.5022,351.905,352.37,47510.0
2026-01-21 12:45:00-05:00,352.19,355.245,352.19,355.2,43494.0
2026-01-21 12:50:00-05:00,355.2,360.55,355.18,359.68,58799.0
2026-01-21 12:55:00-05:00,359.03,361.88,358.135,360.81,44260.0
2026-01-21 13:00:00-05:00,360.7938,360.82,355.2501,355.84,29342.0
2026-01-21 13:05:00-05:00,355.87,356.64,354.885,355.15,24333.0
2026-01-21 13:10:00-05:00,355.145,356.99,354.8329,354.935,38660.0
2026-01-21 13:15:00-05:00,354.77,355.395,352.88,353.065,26686.0
2026-01-21 13:20:00-05:00,352.88,353.65,350.45,350.45,26788.0
2026-01-21 13:25:00-05:00,350.785,353.07,350.275,352.9451,29247.0
2026-01-21 13:30:00-05:00,352.58,354.0,352.11,354.0,22435.0
2026-01-21 13:35:00-05:00,353.41,353.41,351.23,352.52,22203.0
2026-01-21 13:40:00-05:00,352.66,353.485,352.59,353.1,17741.0
2026-01-21 13:45:00-05:00,353.25,355.18,352.81,354.5,25024.0
2026-01-21 13:50:00-05:00,354.49,355.57,353.53,353.74,26492.0
2026-01-21 13:55:00-05:00,353.665,355.95,353.65,354.7,25612.0
2026-01-21 14:00:00-05:00,354.755,355.9999,352.18,352.47,17554.0
2026-01-21 14:05:00-05:00,352.75,352.895,350.5001,350.875,28031.0
2026-01-21 14:10:00-05:00,351.23,351.75,350.01,350.37,22563.0
2026-01-21 14:15:00-05:00,350.87,352.15,350.1001,352.15,20006.0
2026-01-21 14:20:00-05:00,351.64,353.2323,351.3,353.0199,16256.0
2026-01-21 14:25:00-05:00,353.01,360.6899,352.6301,358.785,49580.0
2026-01-21 14:30:00-05:00,358.33,361.8799,357.86,360.385,39999.0
2026-01-21 14:35:00-05:00,360.3019,363.98,360.3019,363.88,58686.0
2026-01-21 14:40:00-05:00,363.675,366.4,363.675,366.4,35971.0
2026-01-21 14:45:00-05:00,367.44,368.11,366.27,367.18,28937.0
2026-01-21 14:50:00-05:00,367.53,367.57,364.19,364.955,48716.0
2026-01-21 14:55:00-05:00,365.14,367.53,365.02,365.78,48943.0
2026-01-21 15:00:00-05:00,365.97,367.18,364.0,366.805,38970.0
2026-01-21 15:05:00-05:00,366.6121,369.66,366.215,368.615,55515.0
2026-01-21 15:10:00-05:00,368.48,368.67,366.76,367.59,28055.0
2026-01-21 15:15:00-05:00,367.37,367.7232,366.0001,366.4,41719.0
2026-01-21 15:20:00-05:00,366.4,367.0,365.2587,366.895,34070.0
2026-01-21 15:25:00-05:00,366.4966,366.93,364.295,364.33,29690.0
2026-01-21 15:30:00-05:00,363.7325,363.96,361.7,363.75,36394.0
2026-01-21 15:35:00-05:00,363.69,364.38,361.7801,361.925,30159.0
2026-01-21 15:40:00-05:00,361.9,363.4,360.9,363.24,30721.0
2026-01-21 15:45:00-05:00,363.48,364.31,362.66,362.85,28842.0
2026-01-21 15:50:00-05:00,363.025,363.91,361.25,363.495,72119.0
2026-01-21 15:55:00-05:00,363.47,363.965,362.01,362.25,124370.0
2026-01-22 09:30:00-05:00,375.865,391.46,375.66,380.48,698351.0
2026-01-22 09:35:00-05:00,381.47,384.0,375.1,383.24,199340.0
2026-01-22 09:40:00-05:00,382.7625,382.7625,371.18,374.5,120429.0
2026-01-22 09:45:00-05:00,374.5,375.0,369.868,373.94,114514.0
2026-01-22 09:50:00-05:00,373.29,374.9697,371.4,373.51,79900.0
2026-01-22 09:55:00-05:00,373.52,373.73,360.88,361.585,171262.0
2026-01-22 10:00:00-05:00,361.645,361.645,350.5,350.51,321711.0
2026-01-22 10:05:00-05:00,351.3125,357.75,350.0,353.41,142390.0
2026-01-22 10:10:00-05:00,353.61,357.655,352.64,353.06,75511.0
2026-01-22 10:15:00-05:00,354.01,355.6299,351.0,352.52,54067.0
2026-01-22 10:20:00-05:00,352.51,360.0,352.0,357.26,81002.0
2026-01-22 10:25:00-05:00,357.3749,364.0,357.3749,360.485,83033.0
2026-01-22 10:30:00-05:00,359.68,362.9999,357.18,361.58,39055.0
2026-01-22 10:35:00-05:00,362.0,362.55,358.1948,358.429,23783.0
2026-01-22 10:40:00-05:00,358.76,360.33,357.0,359.47,28517.0
2026-01-22 10:45:00-05:00,359.0,361.65,357.91,361.5899,34136.0
2026-01-22 10:50:00-05:00,361.015,362.99,359.88,361.525,43988.0
2026-01-22 10:55:00-05:00,361.395,363.08,360.63,361.11,71161.0
2026-01-22 11:00:00-05:00,360.87,361.7,359.1875,360.765,43899.0
2026-01-22 11:05:00-05:00,360.32,360.845,359.0,359.92,41838.0
2026-01-22 11:10:00-05:00,360.24,360.24,356.09,357.085,46568.0
2026-01-22 11:15:00-05:00,357.16,357.1804,354.6201,356.77,81705.0
2026-01-22 11:20:00-05:00,356.39,359.4099,356.39,359.4099,24048.0
2026-01-22 11:25:00-05:00,358.61,360.97,358.51,360.74,38058.0
2026-01-22 11:30:00-05:00,360.9,361.06,358.77,359.12,42523.0
2026-01-22 11:35:00-05:00,359.2,359.7192,358.56,359.36,24312.0
2026-01-22 11:40:00-05:00,359.36,361.33,359.07,359.7723,55172.0
2026-01-22 11:45:00-05:00,360.59,360.665,358.79,358.905,19445.0
2026-01-22 11:50:00-05:00,358.9,359.59,358.89,359.42,13675.0
2026-01-22 11:55:00-05:00,359.25,359.79,357.07,357.55,41880.0
2026-01-22 12:00:00-05:00,357.56,358.435,357.07,357.84,14827.0
2026-01-22 12:05:00-05:00,357.91,359.54,357.91,359.54,20813.0
2026-01-22 12:10:00-05:00,359.38,360.48,357.92,357.92,32578.0
2026-01-22 12:15:00-05:00,357.85,358.64,355.81,355.82,18743.0
2026-01-22 12:20:00-05:00,355.5,356.38,354.58,355.975,26331.0
2026-01-22 12:25:00-05:00,356.33,356.89,355.05,356.86,18737.0
2026-01-22 12:30:00-05:00,356.98,359.21,356.98,359.07,17726.0
2026-01-22 12:35:00-05:00,359.1325,359.25,355.0,355.0,19548.0
2026-01-22 12:40:00-05:00,355.5,357.9299,355.12,355.43,10628.0
2026-01-22 12:45:00-05:00,355.92,356.64,355.32,356.43,13923.0
2026-01-22 12:50:00-05:00,356.1334,356.625,355.0,356.625,40605.0
2026-01-22 12:55:00-05:00,356.54,357.08,355.87,356.95,11486.0
2026-01-22 13:00:00-05:00,356.91,357.13,356.02,356.54,15261.0
2026-01-22 13:05:00-05:00,356.54,357.59,356.0,356.4436,12097.0
2026-01-22 13:10:00-05:00,356.625,356.6522,355.42,356.0,16458.0
2026-01-22 13:15:00-05:00,355.83,355.97,354.63,355.06,11787.0
2026-01-22 13:20:00-05:00,355.06,357.06,354.33,356.41,26071.0
2026-01-22 13:25:00-05:00,356.415,357.61,356.415,356.52,14629.0
2026-01-22 13:30:00-05:00,357.07,357.999,356.62,357.25,11790.0
2026-01-22 13:35:00-05:00,357.23,358.6634,357.159,358.36,58742.0
2026-01-22 13:40:00-05:00,358.52,358.88,357.88,357.98,14322.0
2026-01-22 13:45:00-05:00,358.22,358.43,357.53,358.12,7399.0
2026-01-22 13:50:00-05:00,358.33,358.33,356.02,356.1,15212.0
2026-01-22 13:55:00-05:00,356.38,356.385,354.0,355.8075,26863.0
2026-01-22 14:00:00-05:00,355.52,357.09,355.52,357.0,16659.0
2026-01-22 14:05:00-05:00,357.0024,357.41,356.53,356.93,13494.0
2026-01-22 14:10:00-05:00,357.14,357.33,356.925,357.015,11816.0
2026-01-22 14:15:00-05:00,357.015,357.015,355.01,356.75,41665.0
2026-01-22 14:20:00-05:00,356.94,357.53,356.59,357.33,10493.0
2026-01-22 14:25:00-05:00,357.2367,357.42,356.3201,356.8,15715.0
2026-01-22 14:30:00-05:00,356.94,358.5,356.94,357.945,14385.0
2026-01-22 14:35:00-05:00,357.945,357.945,356.35,356.4,15611.0
2026-01-22 14:40:00-05:00,356.1906,357.82,356.1906,357.5219,18417.0
2026-01-22 14:45:00-05:00,357.73,358.2499,357.17,357.17,10673.0
2026-01-22 14:50:00-05:00,357.41,358.62,357.15,358.62,17170.0
2026-01-22 14:55:00-05:00,358.42,358.614,357.25,357.35,15600.0
2026-01-22 15:00:00-05:00,357.1401,358.25,356.59,356.74,31784.0
2026-01-22 15:05:00-05:00,356.885,357.11,356.31,356.73,10737.0
2026-01-22 15:10:00-05:00,356.865,356.925,355.78,356.77,19472.0
2026-01-22 15:15:00-05:00,356.78,357.18,356.045,356.385,13224.0
2026-01-22 15:20:00-05:00,356.7,357.06,355.71,357.06,28192.0
2026-01-22 15:25:00-05:00,357.065,357.64,356.46,356.88,24572.0
2026-01-22 15:30:00-05:00,356.79,356.84,354.56,354.62,47449.0
2026-01-22 15:35:00-05:00,354.59,355.59,354.24,354.87,32006.0
2026-01-22 15:40:00-05:00,355.18,355.849,353.255,354.32,90091.0
2026-01-22 15:45:00-05:00,354.31,355.3,353.54,354.21,48142.0
2026-01-22 15:50:00-05:00,354.0,354.3775,352.0,353.47,87983.0
2026-01-22 15:55:00-05:00,353.455,354.93,352.5,354.59,218340.0
2026-01-23 09:30:00-05:00,354.49,354.9675,337.64,339.82,192426.0
2026-01-23 09:35:00-05:00,338.01,340.47,335.57,336.485,96536.0
2026-01-23 09:40:00-05:00,337.39,341.0,336.0,339.54,134317.0
2026-01-23 09:45:00-05:00,339.9,340.5,334.0,335.91,100618.0
2026-01-23 09:50:00-05:00,335.62,339.23,335.475,338.17,79397.0
2026-01-23 09:55:00-05:00,338.655,345.02,338.08,343.14,100895.0
2026-01-23 10:00:00-05:00,343.8,348.0499,343.55,346.415,70533.0
2026-01-23 10:05:00-05:00,346.415,347.07,343.675,345.25,84360.0
2026-01-23 10:10:00-05:00,345.72,346.51,343.0,343.615,34810.0
2026-01-23 10:15:00-05:00,343.615,347.23,343.07,344.0,51113.0
2026-01-23 10:20:00-05:00,343.6,347.96,343.6,346.775,65940.0
2026-01-23 10:25:00-05:00,347.17,347.7,345.26,346.4,41540.0
2026-01-23 10:30:00-05:00,346.39,348.0,345.3,347.12,33942.0
2026-01-23 10:35:00-05:00,346.57,347.7,345.6,345.73,58887.0
2026-01-23 10:40:00-05:00,346.0,346.005,343.81,344.5,25607.0
2026-01-23 10:45:00-05:00,344.68,345.21,341.62,342.08,32917.0
2026-01-23 10:50:00-05:00,341.9,341.9,339.32,339.32,56335.0
2026-01-23 10:55:00-05:00,339.44,339.83,338.11,339.48,49320.0
2026-01-23 11:00:00-05:00,339.485,341.05,338.0,339.74,47703.0
2026-01-23 11:05:00-05:00,340.205,340.205,337.04,337.425,57446.0
2026-01-23 11:10:00-05:00,337.425,340.75,337.04,340.21,30210.0
2026-01-23 11:15:00-05:00,340.21,341.4701,339.32,340.5191,27314.0
2026-01-23 11:20:00-05:00,339.08,340.1988,338.87,340.1599,17817.0
2026-01-23 11:25:00-05:00,339.51,339.76,338.02,339.76,18753.0
2026-01-23 11:30:00-05:00,339.22,340.4,338.89,339.9425,14228.0
2026-01-23 11:35:00-05:00,339.74,341.15,339.69,340.92,16891.0
2026-01-23 11:40:00-05:00,341.21,341.5,340.4618,341.125,20107.0
2026-01-23 11:45:00-05:00,341.14,342.72,341.1,342.415,22624.0
2026-01-23 11:50:00-05:00,342.05,344.04,341.7901,342.25,13435.0
2026-01-23 11:55:00-05:00,342.3,342.3,340.0,340.01,22426.0
2026-01-23 12:00:00-05:00,340.475,340.72,339.32,340.515,44493.0
2026-01-23 12:05:00-05:00,340.515,341.48,339.9,341.0,63211.0
2026-01-23 12:10:00-05:00,341.175,341.3,340.565,341.085,96527.0
2026-01-23 12:15:00-05:00,341.0851,341.99,340.6,341.245,28464.0
2026-01-23 12:20:00-05:00,341.0,341.76,340.02,341.08,18210.0
2026-01-23 12:25:00-05:00,341.07,342.52,340.58,342.275,13569.0
2026-01-23 12:30:00-05:00,342.275,342.75,340.68,340.85,13089.0
2026-01-23 12:35:00-05:00,341.235,341.83,340.81,341.28,17807.0
2026-01-23 12:40:00-05:00,341.2,341.3,340.49,341.18,10967.0
2026-01-23 12:45:00-05:00,340.82,342.2334,340.5101,340.85,15061.0
2026-01-23 12:50:00-05:00,340.6,341.0,340.07,340.83,19712.0
2026-01-23 12:55:00-05:00,341.29,342.109,339.48,339.92,38749.0
2026-01-23 13:00:00-05:00,340.01,342.48,339.7601,342.32,14603.0
2026-01-23 13:05:00-05:00,342.25,343.74,341.1201,343.34,16830.0
2026-01-23 13:10:00-05:00,343.49,344.0,342.0,342.09,18136.0
2026-01-23 13:15:00-05:00,342.615,344.0,342.1,343.61,22027.0
2026-01-23 13:20:00-05:00,343.4,344.155,343.4,343.75,14035.0
2026-01-23 13:25:00-05:00,343.76,343.84,342.71,342.83,13508.0
2026-01-23 13:30:00-05:00,343.18,344.0,343.18,343.46,16416.0
2026-01-23 13:35:00-05:00,343.63,344.0,343.12,343.13,16389.0
2026-01-23 13:40:00-05:00,343.555,343.555,342.8,342.93,13092.0
2026-01-23 13:45:00-05:00,342.94,343.86,342.87,343.16,15907.0
2026-01-23 13:50:00-05:00,343.455,343.98,343.08,343.715,11040.0
2026-01-23 13:55:00-05:00,343.8475,344.23,343.69,343.96,27167.0
2026-01-23 14:00:00-05:00,344.0,344.26,343.81,343.91,23797.0
2026-01-23 14:05:00-05:00,343.9,343.94,343.29,343.49,24836.0
2026-01-23 14:10:00-05:00,343.49,343.61,343.101,343.555,80766.0
2026-01-23 14:15:00-05:00,343.565,344.88,343.42,344.235,33851.0
2026-01-23 14:20:00-05:00,344.545,345.0699,344.03,344.05,55809.0
2026-01-23 14:25:00-05:00,344.03,344.52,343.66,343.74,28578.0
2026-01-23 14:30:00-05:00,343.56,343.9,342.76,343.24,25656.0
2026-01-23 14:35:00-05:00,343.4799,343.4799,342.68,342.84,18587.0
2026-01-23 14:40:00-05:00,342.73,343.2,342.0873,342.87,22585.0
2026-01-23 14:45:00-05:00,343.1,343.2,342.84,342.99,7998.0
2026-01-23 14:50:00-05:00,342.84,343.16,341.61,342.02,23669.0
2026-01-23 14:55:00-05:00,342.18,343.04,341.5,342.33,26055.0
2026-01-23 15:00:00-05:00,342.18,342.25,340.7,341.6648,24410.0
2026-01-23 15:05:00-05:00,341.65,341.82,340.34,341.01,28954.0
2026-01-23 15:10:00-05:00,340.775,342.08,340.595,341.235,36860.0
2026-01-23 15:15:00-05:00,341.525,342.06,341.5,341.68,10795.0
2026-01-23 15:20:00-05:00,341.53,341.53,339.13,339.455,50409.0
2026-01-23 15:25:00-05:00,339.39,339.9999,339.07,339.325,23745.0
2026-01-23 15:30:00-05:00,339.28,340.34,338.97,339.76,37838.0
2026-01-23 15:35:00-05:00,339.76,339.9,339.16,339.33,32755.0
2026-01-23 15:40:00-05:00,339.35,340.0599,339.25,339.855,33111.0
2026-01-23 15:45:00-05:00,339.65,340.2199,338.62,339.02,52495.0
2026-01-23 15:50:00-05:00,339.3,340.7099,339.11,339.62,54207.0
2026-01-23 15:55:00-05:00,339.8,340.5,338.83,338.86,326555.0
2026-01-26 09:30:00-05:00,337.75,338.09,327.29,330.985,143797.0
2026-01-26 09:35:00-05:00,330.985,337.6925,330.985,335.02,73970.0
2026-01-26 09:40:00-05:00,334.56,348.7,334.07,347.8,117956.0
2026-01-26 09:45:00-05:00,348.32,350.68,345.51,346.24,107192.0
2026-01-26 09:50:00-05:00,346.24,348.35,345.35,346.94,45524.0
2026-01-26 09:55:00-05:00,346.94,347.41,345.0,346.055,75630.0
2026-01-26 10:00:00-05:00,346.62,347.0499,341.83,342.19,62759.0
2026-01-26 10:05:00-05:00,342.99,345.79,342.22,345.15,39566.0
2026-01-26 10:10:00-05:00,344.97,344.97,339.45,340.36,31025.0
2026-01-26 10:15:00-05:00,340.56,341.94,338.31,340.0,31042.0
2026-01-26 10:20:00-05:00,339.31,340.5,336.0501,337.21,44385.0
2026-01-26 10:25:00-05:00,336.18,336.92,334.1301,334.58,40496.0
2026-01-26 10:30:00-05:00,334.575,336.6499,332.94,336.0,33729.0
2026-01-26 10:35:00-05:00,335.61,337.4876,335.51,336.57,43620.0
2026-01-26 10:40:00-05:00,336.3,336.54,334.595,334.825,24960.0
2026-01-26 10:45:00-05:00,334.83,339.96,334.83,339.75,39176.0
2026-01-26 10:50:00-05:00,339.63,340.87,339.4284,340.42,25198.0
2026-01-26 10:55:00-05:00,340.115,340.9999,336.995,337.15,27104.0
2026-01-26 11:00:00-05:00,337.14,337.74,335.0001,336.4,31252.0
2026-01-26 11:05:00-05:00,335.91,336.5379,335.4,335.965,30241.0
2026-01-26 11:10:00-05:00,336.01,337.35,335.55,337.04,24549.0
2026-01-26 11:15:00-05:00,337.19,338.49,335.591,335.83,27401.0
2026-01-26 11:20:00-05:00,335.935,337.27,335.5561,337.11,14240.0
2026-01-26 11:25:00-05:00,336.71,337.69,335.385,336.2,17626.0
2026-01-26 11:30:00-05:00,336.48,337.94,336.35,337.94,16378.0
2026-01-26 11:35:00-05:00,337.38,338.21,337.19,337.19,11155.0
2026-01-26 11:40:00-05:00,337.54,337.54,336.0,336.25,14913.0
2026-01-26 11:45:00-05:00,336.03,337.2,335.95,337.2,39635.0
2026-01-26 11:50:00-05:00,337.28,338.02,337.2,337.805,15664.0
2026-01-26 11:55:00-05:00,337.765,339.265,337.765,338.82,28176.0
2026-01-26 12:00:00-05:00,338.82,339.27,337.25,337.7,27015.0
2026-01-26 12:05:00-05:00,337.77,338.35,337.49,337.49,30041.0
2026-01-26 12:10:00-05:00,337.52,338.17,336.96,337.985,11101.0
2026-01-26 12:15:00-05:00,338.1855,339.32,337.33,339.32,12429.0
2026-01-26 12:20:00-05:00,338.91,340.4,338.59,340.175,12541.0
2026-01-26 12:25:00-05:00,340.52,341.27,339.77,340.25,17358.0
2026-01-26 12:30:00-05:00,340.37,340.64,340.01,340.04,9154.0
2026-01-26 12:35:00-05:00,340.03,341.23,340.03,341.13,84070.0
2026-01-26 12:40:00-05:00,341.13,341.13,339.89,340.175,13396.0
2026-01-26 12:45:00-05:00,339.89,340.46,339.62,339.62,9009.0
2026-01-26 12:50:00-05:00,339.83,340.6,338.85,339.93,33354.0
2026-01-26 12:55:00-05:00,340.12,340.61,339.93,340.0,11276.0
2026-01-26 13:00:00-05:00,340.215,340.27,339.11,339.11,10070.0
2026-01-26 13:05:00-05:00,339.11,339.73,338.62,339.01,18533.0
2026-01-26 13:10:00-05:00,339.2904,339.78,338.82,338.82,12138.0
2026-01-26 13:15:00-05:00,339.265,340.53,338.82,340.265,16114.0
2026-01-26 13:20:00-05:00,340.04,340.18,339.81,339.945,9248.0
2026-01-26 13:25:00-05:00,340.05,340.75,339.71,340.18,12123.0
2026-01-26 13:30:00-05:00,340.29,340.86,339.9,339.965,26592.0
2026-01-26 13:35:00-05:00,339.81,340.19,339.6,339.6,12685.0
2026-01-26 13:40:00-05:00,339.8,340.495,339.6001,340.09,14379.0
2026-01-26 13:45:00-05:00,340.09,340.68,339.95,340.66,11183.0
2026-01-26 13:50:00-05:00,340.41,341.0,339.82,339.88,13069.0
2026-01-26 13:55:00-05:00,339.64,340.07,338.791,338.88,19697.0
2026-01-26 14:00:00-05:00,338.76,338.92,337.49,337.61,30775.0
2026-01-26 14:05:00-05:00,337.54,337.54,336.95,337.225,21588.0
2026-01-26 14:10:00-05:00,337.2035,337.44,336.765,337.035,26057.0
2026-01-26 14:15:00-05:00,337.035,338.1275,337.035,338.125,11307.0
2026-01-26 14:20:00-05:00,338.055,338.2,337.62,337.9,10328.0
2026-01-26 14:25:00-05:00,337.89,338.55,337.66,338.335,37178.0
2026-01-26 14:30:00-05:00,338.5,338.5,336.4,336.9318,11523.0
2026-01-26 14:35:00-05:00,336.62,337.005,336.0,336.0,14996.0
2026-01-26 14:40:00-05:00,336.04,337.46,336.0,337.02,31877.0
2026-01-26 14:45:00-05:00,337.3181,337.3181,335.61,335.9948,17645.0
2026-01-26 14:50:00-05:00,335.61,336.0,333.63,334.15,25075.0
2026-01-26 14:55:00-05:00,333.9175,334.0699,333.49,333.59,15046.0
2026-01-26 15:00:00-05:00,333.52,333.52,331.7,332.15,25160.0
2026-01-26 15:05:00-05:00,332.235,332.33,330.505,331.0,39114.0
2026-01-26 15:10:00-05:00,331.1,331.1,329.99,330.01,22296.0
2026-01-26 15:15:00-05:00,330.1085,330.52,329.11,330.28,43966.0
2026-01-26 15:20:00-05:00,330.0796,330.4333,329.91,330.04,17408.0
2026-01-26 15:25:00-05:00,329.97,330.25,329.8,330.08,16606.0
2026-01-26 15:30:00-05:00,330.01,330.52,329.27,329.27,37255.0
2026-01-26 15:35:00-05:00,329.495,330.2975,328.62,330.21,42736.0
2026-01-26 15:40:00-05:00,330.01,330.14,328.77,328.77,28466.0
2026-01-26 15:45:00-05:00,328.89,330.1099,328.89,329.815,41845.0
2026-01-26 15:50:00-05:00,329.81,331.58,329.54,330.69,73558.0
2026-01-26 15:55:00-05:00,330.69,332.45,330.68,332.45,196998.0
2026-01-27 09:30:00-05:00,341.87,357.8,340.0,355.0,281856.0
2026-01-27 09:35:00-05:00,353.81,357.0,348.88,352.4985,125657.0
2026-01-27 09:40:00-05:00,353.0,356.5,346.0,348.971,164590.0
2026-01-27 09:45:00-05:00,348.495,353.41,348.495,350.6,75043.0
2026-01-27 09:50:00-05:00,351.25,361.01,350.79,359.75,124422.0
2026-01-27 09:55:00-05:00,359.49,362.45,359.0001,361.815,85818.0
2026-01-27 10:00:00-05:00,361.37,362.99,359.3,362.21,71709.0
2026-01-27 10:05:00-05:00,361.67,363.13,359.02,361.88,90778.0
2026-01-27 10:10:00-05:00,361.67,365.7,361.0,364.635,51244.0
2026-01-27 10:15:00-05:00,364.625,368.69,363.0604,367.967,80692.0
2026-01-27 10:20:00-05:00,367.195,367.86,362.88,365.205,78933.0
2026-01-27 10:25:00-05:00,365.2,367.2,363.86,367.1627,68767.0
2026-01-27 10:30:00-05:00,366.735,369.57,366.735,369.3,60853.0
2026-01-27 10:35:00-05:00,369.305,372.29,368.04,369.37,125007.0
2026-01-27 10:40:00-05:00,369.68,373.9999,369.11,373.07,68591.0
2026-01-27 10:45:00-05:00,373.07,373.81,367.5,367.995,74813.0
2026-01-27 10:50:00-05:00,367.505,369.57,366.6,369.57,40397.0
2026-01-27 10:55:00-05:00,369.475,371.68,368.615,371.149,44080.0
2026-01-27 11:00:00-05:00,371.08,371.9599,368.5,371.19,45034.0
2026-01-27 11:05:00-05:00,370.87,371.01,367.09,368.62,44911.0
2026-01-27 11:10:00-05:00,368.388,370.4999,367.33,370.3,38969.0
2026-01-27 11:15:00-05:00,369.76,370.3899,365.4,365.48,43027.0
2026-01-27 11:20:00-05:00,365.44,366.229,364.231,365.1912,63108.0
2026-01-27 11:25:00-05:00,365.09,366.6,364.31,364.545,21898.0
2026-01-27 11:30:00-05:00,364.0,365.0199,363.37,364.65,20365.0
2026-01-27 11:35:00-05:00,364.65,366.9047,364.3,366.66,15251.0
2026-01-27 11:40:00-05:00,366.505,366.5517,363.825,363.85,24682.0
2026-01-27 11:45:00-05:00,363.69,364.26,363.28,364.01,17413.0
2026-01-27 11:50:00-05:00,363.95,364.17,363.0201,363.535,12471.0
2026-01-27 11:55:00-05:00,363.16,363.1886,362.0,362.9,24448.0
2026-01-27 12:00:00-05:00,362.5,363.4999,362.37,362.75,13165.0
2026-01-27 12:05:00-05:00,362.75,363.755,361.9,363.49,21818.0
2026-01-27 12:10:00-05:00,363.5768,363.5768,362.555,362.94,11043.0
2026-01-27 12:15:00-05:00,363.33,363.7003,362.67,363.7003,16293.0
2026-01-27 12:20:00-05:00,363.32,364.48,362.67,364.185,13464.0
2026-01-27 12:25:00-05:00,364.19,366.25,363.97,365.85,17916.0
2026-01-27 12:30:00-05:00,365.8115,368.0,365.8115,367.99,22986.0
2026-01-27 12:35:00-05:00,368.0,368.8799,366.37,368.435,28713.0
2026-01-27 12:40:00-05:00,368.435,370.0,368.36,369.62,31717.0
2026-01-27 12:45:00-05:00,369.63,370.58,368.2,368.875,23803.0
2026-01-27 12:50:00-05:00,368.778,369.03,366.8301,367.685,23823.0
2026-01-27 12:55:00-05:00,367.685,367.685,366.37,366.685,16739.0
2026-01-27 13:00:00-05:00,366.56,367.5,366.4662,366.645,11913.0
2026-01-27 13:05:00-05:00,366.685,368.09,366.39,367.68,9403.0
2026-01-27 13:10:00-05:00,367.865,368.0,366.83,366.83,10683.0
2026-01-27 13:15:00-05:00,367.05,368.3,366.6,368.3,10813.0
2026-01-27 13:20:00-05:00,368.24,369.42,368.24,368.985,11144.0
2026-01-27 13:25:00-05:00,368.66,369.45,368.35,368.83,11793.0
2026-01-27 13:30:00-05:00,368.6,371.88,368.6,371.4,27724.0
2026-01-27 13:35:00-05:00,370.78,370.78,369.0,370.59,11461.0
2026-01-27 13:40:00-05:00,370.36,371.335,370.0712,370.99,14990.0
2026-01-27 13:45:00-05:00,371.0,371.079,369.5,369.56,11939.0
2026-01-27 13:50:00-05:00,369.75,370.0,368.61,368.61,11627.0
2026-01-27 13:55:00-05:00,368.81,369.19,368.38,368.595,15436.0
2026-01-27 14:00:00-05:00,368.29,368.78,367.3014,368.669,15653.0
2026-01-27 14:05:00-05:00,368.594,369.27,367.145,368.41,17878.0
2026-01-27 14:10:00-05:00,368.48,368.999,367.11,367.58,27043.0
2026-01-27 14:15:00-05:00,367.94,368.64,367.405,368.189,9159.0
2026-01-27 14:20:00-05:00,367.55,367.82,366.73,367.12,93320.0
2026-01-27 14:25:00-05:00,367.12,367.38,365.04,367.1,23357.0
2026-01-27 14:30:00-05:00,367.185,367.57,366.755,367.0,26628.0
2026-01-27 14:35:00-05:00,367.09,367.34,366.7966,367.34,5465.0
2026-01-27 14:40:00-05:00,366.78,367.505,366.56,366.85,18330.0
2026-01-27 14:45:00-05:00,366.87,368.72,366.8,367.905,19796.0
2026-01-27 14:50:00-05:00,368.1172,368.1172,365.76,365.81,57280.0
2026-01-27 14:55:00-05:00,365.68,367.53,365.68,366.93,9156.0
2026-01-27 15:00:00-05:00,366.855,367.31,366.33,366.87,6464.0
2026-01-27 15:05:00-05:00,366.86,368.075,366.34,368.075,14343.0
2026-01-27 15:10:00-05:00,368.07,368.74,367.65,368.67,13842.0
2026-01-27 15:15:00-05:00,368.495,368.675,367.9936,367.9936,8770.0
2026-01-27 15:20:00-05:00,368.68,368.68,367.015,367.315,14509.0
2026-01-27 15:25:00-05:00,367.18,367.18,365.86,366.05,19299.0
2026-01-27 15:30:00-05:00,366.19,367.5,362.95,367.4,46465.0
2026-01-27 15:35:00-05:00,366.935,368.345,366.935,367.95,15370.0
2026-01-27 15:40:00-05:00,367.86,369.245,367.77,368.98,143981.0
2026-01-27 15:45:00-05:00,369.0125,369.17,367.5901,368.15,28327.0
2026-01-27 15:50:00-05:00,367.85,368.1399,366.44,366.715,45962.0
2026-01-27 15:55:00-05:00,367.34,370.7,366.94,370.67,145232.0
2026-01-28 09:30:00-05:00,375.915,389.0,374.91,387.0,240591.0
2026-01-28 09:35:00-05:00,387.0,390.0,381.02,387.84,172467.0
2026-01-28 09:40:00-05:00,387.26,394.0,386.5,393.7613,176440.0
2026-01-28 09:45:00-05:00,393.045,394.0,383.995,384.97,160450.0
2026-01-28 09:50:00-05:00,385.255,389.7599,383.5,389.34,101958.0
2026-01-28 09:55:00-05:00,389.76,391.83,386.23,386.23,80665.0
2026-01-28 10:00:00-05:00,386.8901,388.95,385.0,385.0,95863.0
2026-01-28 10:05:00-05:00,385.86,385.86,381.0,383.4,66084.0
2026-01-28 10:10:00-05:00,382.205,382.5,376.0,378.79,144458.0
2026-01-28 10:15:00-05:00,379.35,381.13,375.351,377.28,60678.0
2026-01-28 10:20:00-05:00,377.28,380.5,376.39,379.915,70479.0
2026-01-28 10:25:00-05:00,378.83,380.0,373.57,376.0101,81525.0
2026-01-28 10:30:00-05:00,378.57,380.3999,378.145,380.0,59978.0
2026-01-28 10:35:00-05:00,379.185,380.0,378.1,379.005,24860.0
2026-01-28 10:40:00-05:00,379.01,379.6181,376.0,376.745,32487.0
2026-01-28 10:45:00-05:00,376.39,378.9999,376.19,378.415,33558.0
2026-01-28 10:50:00-05:00,378.315,379.99,377.9201,378.9,47604.0
2026-01-28 10:55:00-05:00,378.78,379.9999,377.71,377.71,27834.0
2026-01-28 11:00:00-05:00,378.17,380.8,378.0,379.53,27274.0
2026-01-28 11:05:00-05:00,381.045,382.0,379.435,381.13,52181.0
2026-01-28 11:10:00-05:00,381.125,382.0,380.64,381.37,20968.0
2026-01-28 11:15:00-05:00,381.3,381.7,379.48,379.609,19276.0
2026-01-28 11:20:00-05:00,380.155,380.175,378.69,379.1,21807.0
2026-01-28 11:25:00-05:00,378.58,379.6002,378.0,378.325,37988.0
2026-01-28 11:30:00-05:00,378.325,379.03,377.35,377.47,23165.0
2026-01-28 11:35:00-05:00,377.91,378.67,377.91,378.67,15697.0
2026-01-28 11:40:00-05:00,378.63,378.63,376.88,377.57,25286.0
2026-01-28 11:45:00-05:00,377.68,378.12,377.0,377.79,12269.0
2026-01-28 11:50:00-05:00,377.81,378.27,377.4374,377.86,7240.0
2026-01-28 11:55:00-05:00,377.665,378.9599,377.37,377.93,27234.0
2026-01-28 12:00:00-05:00,377.915,378.93,376.935,377.78,27838.0
2026-01-28 12:05:00-05:00,377.79,378.01,377.02,377.86,10223.0
2026-01-28 12:10:00-05:00,377.495,379.04,377.4,378.895,13363.0
2026-01-28 12:15:00-05:00,379.26,380.5228,378.6,380.1475,15970.0
2026-01-28 12:20:00-05:00,380.15,380.55,379.24,380.245,15289.0
2026-01-28 12:25:00-05:00,379.69,379.78,378.37,378.985,24208.0
2026-01-28 12:30:00-05:00,379.33,379.97,378.985,379.41,11183.0
2026-01-28 12:35:00-05:00,379.8,380.9999,379.8,380.45,17498.0
2026-01-28 12:40:00-05:00,380.3,382.345,380.3,381.601,19840.0
2026-01-28 12:45:00-05:00,381.48,382.34,380.91,382.26,7934.0
2026-01-28 12:50:00-05:00,382.124,382.79,381.84,381.93,23673.0
2026-01-28 12:55:00-05:00,382.465,383.49,382.12,382.745,23734.0
2026-01-28 13:00:00-05:00,382.75,383.08,381.13,383.08,14630.0
2026-01-28 13:05:00-05:00,383.21,384.0825,382.2601,383.16,11336.0
2026-01-28 13:10:00-05:00,382.41,382.84,381.04,382.29,10370.0
2026-01-28 13:15:00-05:00,382.75,385.3544,382.31,385.11,50758.0
2026-01-28 13:20:00-05:00,385.37,387.0,385.01,385.965,21987.0
2026-01-28 13:25:00-05:00,385.312,387.45,385.312,386.2,10556.0
2026-01-28 13:30:00-05:00,386.274,387.64,385.1401,387.64,15419.0
2026-01-28 13:35:00-05:00,387.27,389.51,386.36,386.38,38749.0
2026-01-28 13:40:00-05:00,386.75,387.5999,385.001,385.57,17738.0
2026-01-28 13:45:00-05:00,385.57,385.7514,383.51,383.51,23006.0
2026-01-28 13:50:00-05:00,383.4675,383.56,382.38,383.0351,14545.0
2026-01-28 13:55:00-05:00,382.762,383.56,381.0001,383.56,13746.0
2026-01-28 14:00:00-05:00,383.04,384.91,382.33,384.91,35598.0
2026-01-28 14:05:00-05:00,384.785,385.49,383.87,385.4,14588.0
2026-01-28 14:10:00-05:00,385.05,387.01,384.92,386.76,17721.0
2026-01-28 14:15:00-05:00,386.825,387.88,386.111,387.03,15431.0
2026-01-28 14:20:00-05:00,386.32,387.0,384.06,386.6628,21570.0
2026-01-28 14:25:00-05:00,386.38,387.0499,384.79,384.79,15944.0
2026-01-28 14:30:00-05:00,385.505,389.08,378.0,388.675,57589.0
2026-01-28 14:35:00-05:00,387.77,391.48,385.64,389.44,51524.0
2026-01-28 14:40:00-05:00,389.7,390.83,389.0,389.44,33434.0
2026-01-28 14:45:00-05:00,389.95,390.38,388.25,389.32,29191.0
2026-01-28 14:50:00-05:00,389.69,391.9899,389.29,390.661,24279.0
2026-01-28 14:55:00-05:00,390.6601,391.976,388.0001,388.88,35970.0
2026-01-28 15:00:00-05:00,388.66,390.54,388.09,390.48,38131.0
2026-01-28 15:05:00-05:00,390.48,392.32,389.81,392.0,30755.0
2026-01-28 15:10:00-05:00,392.39,394.0,392.22,393.19,38454.0
2026-01-28 15:15:00-05:00,392.85,394.88,392.37,393.6489,83796.0
2026-01-28 15:20:00-05:00,394.1,394.83,390.84,391.35,51264.0
2026-01-28 15:25:00-05:00,391.0,392.0,389.48,389.48,33819.0
2026-01-28 15:30:00-05:00,389.503,390.37,388.4,389.28,81631.0
2026-01-28 15:35:00-05:00,389.385,389.66,387.455,388.03,50406.0
2026-01-28 15:40:00-05:00,387.86,388.275,387.06,387.955,51813.0
2026-01-28 15:45:00-05:00,388.1,388.59,387.52,387.86,65459.0
2026-01-28 15:50:00-05:00,387.45,388.28,385.75,385.75,121122.0
2026-01-28 15:55:00-05:00,386.24,388.76,384.94,384.98,358918.0
2026-01-29 09:30:00-05:00,388.0,390.5,379.0287,383.69,190478.0
2026-01-29 09:35:00-05:00,383.69,389.9999,382.0,386.0,78564.0
2026-01-29 09:40:00-05:00,387.0,390.0,382.18,387.96,173210.0
2026-01-29 09:45:00-05:00,388.67,398.0,386.2,397.44,125652.0
2026-01-29 09:50:00-05:00,397.74,398.16,385.65,387.45,139579.0
2026-01-29 09:55:00-05:00,388.6699,392.0,386.29,386.29,84197.0
2026-01-29 10:00:00-05:00,386.29,386.8,381.163,381.62,81750.0
2026-01-29 10:05:00-05:00,382.51,383.937,377.11,380.4178,89094.0
2026-01-29 10:10:00-05:00,379.68,380.42,376.05,376.635,60597.0
2026-01-29 10:15:00-05:00,376.27,379.7,374.05,374.8,80949.0
2026-01-29 10:20:00-05:00,374.0,380.31,372.58,379.51,54261.0
2026-01-29 10:25:00-05:00,379.54,381.27,375.97,376.625,48815.0
2026-01-29 10:30:00-05:00,375.77,379.39,375.77,376.33,34644.0
2026-01-29 10:35:00-05:00,377.05,377.05,371.0,372.45,134934.0
2026-01-29 10:40:00-05:00,371.07,372.37,368.16,368.83,94229.0
2026-01-29 10:45:00-05:00,369.05,370.11,367.56,368.98,64727.0
2026-01-29 10:50:00-05:00,368.99,369.19,364.19,365.68,86714.0
2026-01-29 10:55:00-05:00,365.84,371.7997,365.3872,369.19,71649.0
2026-01-29 11:00:00-05:00,368.66,369.94,365.0,365.75,51476.0
2026-01-29 11:05:00-05:00,366.371,367.915,365.22,366.19,29655.0
2026-01-29 11:10:00-05:00,366.2,374.06,366.2,374.0,34225.0
2026-01-29 11:15:00-05:00,373.61,377.99,373.61,375.5,47540.0
2026-01-29 11:20:00-05:00,375.03,378.6137,374.16,375.01,50010.0
2026-01-29 11:25:00-05:00,374.38,376.8052,373.0201,375.36,27006.0
2026-01-29 11:30:00-05:00,374.78,375.95,373.35,374.31,20464.0
2026-01-29 11:35:00-05:00,374.08,375.66,373.01,374.55,17735.0
2026-01-29 11:40:00-05:00,374.8851,375.625,374.15,374.74,21171.0
2026-01-29 11:45:00-05:00,375.07,376.44,374.6201,375.35,46156.0
2026-01-29 11:50:00-05:00,375.5,376.2399,374.11,374.11,20282.0
2026-01-29 11:55:00-05:00,374.975,374.975,372.77,373.13,18554.0
2026-01-29 12:00:00-05:00,373.095,374.68,372.66,373.71,15798.0
2026-01-29 12:05:00-05:00,373.52,375.55,373.29,373.94,40163.0
2026-01-29 12:10:00-05:00,373.94,375.1342,373.0,374.18,20600.0
2026-01-29 12:15:00-05:00,374.785,376.845,374.19,374.64,39045.0
2026-01-29 12:20:00-05:00,375.0,377.94,374.23,376.765,48770.0
2026-01-29 12:25:00-05:00,377.37,377.8871,374.05,374.05,27101.0
2026-01-29 12:30:00-05:00,374.01,377.51,374.01,376.155,29494.0
2026-01-29 12:35:00-05:00,376.155,376.94,375.79,376.05,16039.0
2026-01-29 12:40:00-05:00,376.05,376.89,374.64,375.5,22810.0
2026-01-29 12:45:00-05:00,375.675,377.96,374.81,376.465,20465.0
2026-01-29 12:50:00-05:00,375.58,376.125,374.0,374.11,5189.0
2026-01-29 12:55:00-05:00,374.4,376.0,374.0,375.21,15598.0
2026-01-29 13:00:00-05:00,375.22,379.61,375.22,379.5701,16943.0
2026-01-29 13:05:00-05:00,379.575,381.8313,379.575,379.96,10979.0
2026-01-29 13:10:00-05:00,381.3589,381.3589,380.43,380.945,16976.0
2026-01-29 13:15:00-05:00,380.945,380.945,379.57,379.57,23810.0
2026-01-29 13:20:00-05:00,379.865,381.6745,378.98,380.695,29956.0
2026-01-29 13:25:00-05:00,380.47,382.74,380.42,382.4,23587.0
2026-01-29 13:30:00-05:00,382.02,382.4,379.86,380.575,27230.0
2026-01-29 13:35:00-05:00,380.575,380.845,379.65,380.76,7594.0
2026-01-29 13:40:00-05:00,380.76,381.73,380.22,380.32,15426.0
2026-01-29 13:45:00-05:00,380.32,381.692,380.32,381.62,11597.0
2026-01-29 13:50:00-05:00,381.625,381.8441,380.51,380.685,17341.0
2026-01-29 13:55:00-05:00,380.75,381.2,379.08,379.46,16611.0
2026-01-29 14:00:00-05:00,379.04,379.41,377.85,378.36,20528.0
2026-01-29 14:05:00-05:00,378.005,378.9,377.6075,378.085,10634.0
2026-01-29 14:10:00-05:00,377.75,379.25,377.64,379.25,15165.0
2026-01-29 14:15:00-05:00,379.32,379.48,378.35,378.83,15509.0
2026-01-29 14:20:00-05:00,378.73,380.0141,378.73,379.375,23592.0
2026-01-29 14:25:00-05:00,379.79,381.07,378.92,380.845,29224.0
2026-01-29 14:30:00-05:00,380.4,380.96,378.22,379.23,12861.0
2026-01-29 14:35:00-05:00,378.93,381.35,378.93,380.04,13633.0
2026-01-29 14:40:00-05:00,379.83,381.5899,378.5401,380.5,7506.0
2026-01-29 14:45:00-05:00,380.16,380.16,378.66,379.63,12496.0
2026-01-29 14:50:00-05:00,379.94,381.02,379.66,381.0,17932.0
2026-01-29 14:55:00-05:00,381.0,382.0,380.38,381.1,16488.0
2026-01-29 15:00:00-05:00,380.43,381.44,379.902,381.44,8885.0
2026-01-29 15:05:00-05:00,380.83,381.72,378.55,378.69,22383.0
2026-01-29 15:10:00-05:00,378.63,378.63,374.59,376.48,32069.0
2026-01-29 15:15:00-05:00,375.7249,377.055,375.59,376.475,18542.0
2026-01-29 15:20:00-05:00,376.28,376.67,375.0529,375.22,18158.0
2026-01-29 15:25:00-05:00,374.84,375.695,374.28,375.17,30292.0
2026-01-29 15:30:00-05:00,374.86,375.65,373.88,375.33,44231.0
2026-01-29 15:35:00-05:00,375.34,376.695,375.34,376.025,29140.0
2026-01-29 15:40:00-05:00,375.97,378.165,375.41,377.04,41100.0
2026-01-29 15:45:00-05:00,377.04,378.39,376.56,378.355,43675.0
2026-01-29 15:50:00-05:00,377.85,381.14,376.19,380.66,99353.0
2026-01-29 15:55:00-05:00,381.15,381.66,378.715,381.41,267421.0
2026-01-30 09:30:00-05:00,406.25,436.8799,404.0,435.495,547406.0
2026-01-30 09:35:00-05:00,435.495,439.25,428.0,436.51,287273.0
2026-01-30 09:40:00-05:00,436.64,448.0,436.0001,444.9999,278217.0
2026-01-30 09:45:00-05:00,444.51,445.0,426.0,429.5503,429198.0
2026-01-30 09:50:00-05:00,428.89,440.0,428.0,429.0,175785.0
2026-01-30 09:55:00-05:00,428.715,431.27,422.1,422.1,133163.0
2026-01-30 10:00:00-05:00,422.76,423.3797,417.07,418.04,195250.0
2026-01-30 10:05:00-05:00,418.04,424.42,416.32,421.07,201707.0
2026-01-30 10:10:00-05:00,421.07,421.33,405.0,405.54,228160.0
2026-01-30 10:15:00-05:00,406.1,414.18,400.015,413.095,208043.0
2026-01-30 10:20:00-05:00,412.5,417.33,403.889,405.46,92993.0
2026-01-30 10:25:00-05:00,404.66,408.6,401.23,404.44,104085.0
2026-01-30 10:30:00-05:00,404.965,405.741,401.42,401.51,71995.0
2026-01-30 10:35:00-05:00,401.6297,410.0,401.6297,409.14,170112.0
2026-01-30 10:40:00-05:00,409.09,413.71,408.18,410.53,95708.0
2026-01-30 10:45:00-05:00,410.53,414.7995,410.53,412.24,78478.0
2026-01-30 10:50:00-05:00,411.8,414.535,410.5364,411.64,43495.0
2026-01-30 10:55:00-05:00,411.615,413.169,405.3101,406.44,68293.0
2026-01-30 11:00:00-05:00,407.579,410.35,405.3,409.2,35775.0
2026-01-30 11:05:00-05:00,409.81,410.72,406.01,406.59,66933.0
2026-01-30 11:10:00-05:00,406.79,411.21,406.59,411.2,42250.0
2026-01-30 11:15:00-05:00,411.4,411.4,405.0,405.38,50758.0
2026-01-30 11:20:00-05:00,405.0,405.58,402.5,403.83,56401.0
2026-01-30 11:25:00-05:00,403.64,407.05,403.32,406.5599,45973.0
2026-01-30 11:30:00-05:00,405.78,408.86,404.81,406.53,31144.0
2026-01-30 11:35:00-05:00,406.74,411.7499,406.37,411.4153,26564.0
2026-01-30 11:40:00-05:00,411.02,414.235,409.99,410.12,30822.0
2026-01-30 11:45:00-05:00,410.655,410.76,400.38,401.11,94662.0
2026-01-30 11:50:00-05:00,400.47,404.81,399.59,402.0,98774.0
2026-01-30 11:55:00-05:00,401.0,403.095,398.43,398.43,186696.0
2026-01-30 12:00:00-05:00,398.67,399.545,395.7401,397.59,77957.0
2026-01-30 12:05:00-05:00,397.85,398.755,395.09,397.23,38138.0
2026-01-30 12:10:00-05:00,397.14,402.5,397.12,401.92,37762.0
2026-01-30 12:15:00-05:00,402.22,402.7,398.03,399.215,79593.0
2026-01-30 12:20:00-05:00,400.2,405.79,399.1,403.0,22604.0
2026-01-30 12:25:00-05:00,402.991,405.51,402.2774,405.51,29906.0
2026-01-30 12:30:00-05:00,405.26,407.12,402.48,403.4,56159.0
2026-01-30 12:35:00-05:00,403.17,404.58,401.6401,403.71,28788.0
2026-01-30 12:40:00-05:00,403.87,405.305,402.795,405.305,20490.0
2026-01-30 12:45:00-05:00,404.515,406.0,403.86,404.605,27292.0
2026-01-30 12:50:00-05:00,404.6695,406.9361,404.4325,405.15,19141.0
2026-01-30 12:55:00-05:00,405.235,406.02,401.08,402.22,35047.0
2026-01-30 13:00:00-05:00,401.76,404.24,401.5,402.305,25600.0
2026-01-30 13:05:00-05:00,402.74,405.0,402.29,402.2901,18948.0
2026-01-30 13:10:00-05:00,402.79,403.38,401.85,402.0,20824.0
2026-01-30 13:15:00-05:00,402.265,402.265,398.13,400.75,29919.0
2026-01-30 13:20:00-05:00,399.755,401.6299,399.21,399.94,35640.0
2026-01-30 13:25:00-05:00,400.455,404.5,400.455,402.955,27654.0
2026-01-30 13:30:00-05:00,402.98,403.49,399.22,400.07,31187.0
2026-01-30 13:35:00-05:00,399.58,400.3633,397.77,399.25,22776.0
2026-01-30 13:40:00-05:00,399.25,401.13,398.88,401.13,19609.0
2026-01-30 13:45:00-05:00,401.1401,403.005,400.29,402.4489,20998.0
2026-01-30 13:50:00-05:00,402.46,404.4816,401.99,402.81,32727.0
2026-01-30 13:55:00-05:00,402.92,404.9999,401.1901,403.505,31920.0
2026-01-30 14:00:00-05:00,403.04,403.25,400.0,402.3201,35501.0
2026-01-30 14:05:00-05:00,402.94,405.0,402.725,404.0306,20203.0
2026-01-30 14:10:00-05:00,404.88,405.99,403.46,403.725,24251.0
2026-01-30 14:15:00-05:00,403.77,405.0,403.06,404.345,18583.0
2026-01-30 14:20:00-05:00,404.55,405.73,403.675,403.675,22967.0
2026-01-30 14:25:00-05:00,404.23,404.63,399.93,399.93,27661.0
2026-01-30 14:30:00-05:00,399.41,400.69,396.0,396.2801,33783.0
2026-01-30 14:35:00-05:00,395.71,399.515,395.71,399.515,12744.0
2026-01-30 14:40:00-05:00,399.1,399.735,397.33,399.015,14091.0
2026-01-30 14:45:00-05:00,399.51,399.72,396.4617,397.07,23935.0
2026-01-30 14:50:00-05:00,396.9,399.0,396.2301,397.16,156819.0
2026-01-30 14:55:00-05:00,397.73,398.94,396.2801,396.75,23743.0
2026-01-30 15:00:00-05:00,396.2301,396.88,393.21,393.88,63678.0
2026-01-30 15:05:00-05:00,393.64,394.55,391.82,392.78,55387.0
2026-01-30 15:10:00-05:00,393.37,394.0,389.1038,389.705,64846.0
2026-01-30 15:15:00-05:00,389.7,391.595,389.26,389.885,37190.0
2026-01-30 15:20:00-05:00,389.28,390.1,387.55,389.39,47397.0
2026-01-30 15:25:00-05:00,388.895,389.26,386.23,387.235,50141.0
2026-01-30 15:30:00-05:00,387.235,389.1599,384.65,386.12,56806.0
2026-01-30 15:35:00-05:00,386.67,386.8397,384.33,385.39,44436.0
2026-01-30 15:40:00-05:00,385.26,388.08,384.5,388.06,45046.0
2026-01-30 15:45:00-05:00,387.79,391.31,387.0,391.165,62041.0
2026-01-30 15:50:00-05:00,390.35,391.205,388.23,390.11,116795.0
2026-01-30 15:55:00-05:00,389.76,392.925,389.63,391.92,186613.0
2026-02-02 09:30:00-05:00,405.49,429.945,404.99,420.19,464513.0
2026-02-02 09:35:00-05:00,420.19,434.0,419.045,428.0,252708.0
2026-02-02 09:40:00-05:00,428.5125,429.7799,415.0001,417.285,151884.0
2026-02-02 09:45:00-05:00,415.6,422.0,414.0,418.37,146281.0
2026-02-02 09:50:00-05:00,418.5,425.0,415.29,417.19,153594.0
2026-02-02 09:55:00-05:00,417.5303,419.6,415.0,416.135,68517.0
2026-02-02 10:00:00-05:00,417.315,421.65,416.11,420.72,63230.0
2026-02-02 10:05:00-05:00,420.43,429.0,420.43,428.85,94437.0
2026-02-02 10:10:00-05:00,429.09,436.44,428.56,432.735,159051.0
2026-02-02 10:15:00-05:00,432.88,433.82,428.0,433.5,67082.0
2026-02-02 10:20:00-05:00,432.6,434.63,430.83,433.56,51593.0
2026-02-02 10:25:00-05:00,433.56,436.0,431.87,434.52,80720.0
2026-02-02 10:30:00-05:00,433.83,438.77,433.63,438.77,92825.0
2026-02-02 10:35:00-05:00,438.4,439.5,436.7401,437.94,67667.0
2026-02-02 10:40:00-05:00,438.3,439.5,436.83,439.4578,56775.0
2026-02-02 10:45:00-05:00,439.36,443.0,438.941,442.15,85419.0
2026-02-02 10:50:00-05:00,441.8,445.0,440.62,441.62,113498.0
2026-02-02 10:55:00-05:00,441.39,441.39,436.0,438.8,94438.0
2026-02-02 11:00:00-05:00,438.75,441.11,438.0996,439.4,54851.0
2026-02-02 11:05:00-05:00,439.69,441.92,437.2201,441.355,41390.0
2026-02-02 11:10:00-05:00,440.8001,441.88,440.04,440.51,44208.0
2026-02-02 11:15:00-05:00,440.43,442.95,440.1663,441.11,38940.0
2026-02-02 11:20:00-05:00,441.04,443.56,440.47,442.88,56418.0
2026-02-02 11:25:00-05:00,442.86,444.37,442.0,443.65,39845.0
2026-02-02 11:30:00-05:00,443.51,445.0,442.4,443.215,65778.0
2026-02-02 11:35:00-05:00,443.084,444.0,441.21,443.75,63883.0
2026-02-02 11:40:00-05:00,443.94,443.94,441.78,442.075,68830.0
2026-02-02 11:45:00-05:00,441.68,443.32,441.2533,441.808,50366.0
2026-02-02 11:50:00-05:00,441.98,442.4099,439.22,442.22,57142.0
2026-02-02 11:55:00-05:00,442.41,442.878,439.2,439.895,60598.0
2026-02-02 12:00:00-05:00,439.895,441.15,439.0101,440.99,51895.0
2026-02-02 12:05:00-05:00,440.915,441.88,437.2799,438.0,49243.0
2026-02-02 12:10:00-05:00,437.78,437.86,435.0,437.205,42792.0
2026-02-02 12:15:00-05:00,436.6,439.2,436.405,439.18,44961.0
2026-02-02 12:20:00-05:00,438.78,440.0,436.609,437.08,57435.0
2026-02-02 12:25:00-05:00,436.93,439.4999,436.295,438.06,51594.0
2026-02-02 12:30:00-05:00,438.01,438.01,436.57,437.32,40190.0
2026-02-02 12:35:00-05:00,437.31,438.8399,436.0,436.2903,32945.0
2026-02-02 12:40:00-05:00,436.03,436.35,433.91,435.7199,53056.0
2026-02-02 12:45:00-05:00,435.27,436.8199,434.88,434.88,29250.0
2026-02-02 12:50:00-05:00,434.93,435.9,434.4,434.79,25254.0
2026-02-02 12:55:00-05:00,434.41,437.0,434.34,436.125,26545.0
2026-02-02 13:00:00-05:00,435.6,437.36,435.6,436.7378,32427.0
2026-02-02 13:05:00-05:00,436.4475,437.16,434.86,437.0185,32734.0
2026-02-02 13:10:00-05:00,436.91,437.35,436.42,436.885,21844.0
2026-02-02 13:15:00-05:00,436.88,436.88,433.98,434.71,26837.0
2026-02-02 13:20:00-05:00,434.0,434.8,432.5,432.98,29579.0
2026-02-02 13:25:00-05:00,433.65,434.32,432.9801,434.055,16906.0
2026-02-02 13:30:00-05:00,434.25,434.8,433.95,434.05,24647.0
2026-02-02 13:35:00-05:00,434.13,436.62,433.9,435.767,33169.0
2026-02-02 13:40:00-05:00,435.97,439.8099,435.6,439.68,39503.0
2026-02-02 13:45:00-05:00,439.27,440.005,436.655,438.28,60991.0
2026-02-02 13:50:00-05:00,437.52,437.52,434.4901,436.15,18672.0
2026-02-02 13:55:00-05:00,436.7,436.7,435.0,436.05,25399.0
2026-02-02 14:00:00-05:00,436.0,436.515,435.17,436.215,18596.0
2026-02-02 14:05:00-05:00,435.9,436.115,434.86,435.495,47478.0
2026-02-02 14:10:00-05:00,435.65,436.76,435.2694,436.6,20139.0
2026-02-02 14:15:00-05:00,436.49,436.49,433.4001,435.0,42798.0
2026-02-02 14:20:00-05:00,434.26,435.0,432.79,434.89,37556.0
2026-02-02 14:25:00-05:00,435.17,435.52,434.076,434.285,25735.0
2026-02-02 14:30:00-05:00,433.76,433.76,430.0001,431.12,44003.0
2026-02-02 14:35:00-05:00,431.43,431.78,428.3001,431.43,34052.0
2026-02-02 14:40:00-05:00,431.5837,431.81,430.0,431.5,21203.0
2026-02-02 14:45:00-05:00,431.76,432.3,431.62,432.15,21227.0
2026-02-02 14:50:00-05:00,432.34,433.1814,431.1601,431.77,27783.0
2026-02-02 14:55:00-05:00,431.7,432.95,425.65,426.32,40653.0
2026-02-02 15:00:00-05:00,426.871,429.0646,422.74,428.4998,56279.0
2026-02-02 15:05:00-05:00,428.04,428.49,426.79,428.0,35001.0
2026-02-02 15:10:00-05:00,427.7,429.36,426.78,426.795,38373.0
2026-02-02 15:15:00-05:00,426.73,426.925,423.375,423.375,48177.0
2026-02-02 15:20:00-05:00,423.99,424.68,422.1001,423.34,36741.0
2026-02-02 15:25:00-05:00,423.0,423.26,420.0,420.14,72065.0
2026-02-02 15:30:00-05:00,420.208,421.02,418.1101,419.8401,73755.0
2026-02-02 15:35:00-05:00,419.999,420.93,418.06,419.02,75821.0
2026-02-02 15:40:00-05:00,418.49,419.64,417.0,418.08,65547.0
2026-02-02 15:45:00-05:00,418.08,419.54,417.58,418.0,54804.0
2026-02-02 15:50:00-05:00,417.76,422.36,417.3182,420.705,103284.0
2026-02-02 15:55:00-05:00,420.69,423.8,420.6,423.41,236459.0
2026-02-03 09:30:00-05:00,451.74,464.0,444.08,452.03,772618.0
2026-02-03 09:35:00-05:00,451.39,459.4116,446.2718,449.76,268585.0
2026-02-03 09:40:00-05:00,448.0,454.96,446.5364,447.2551,181931.0
2026-02-03 09:45:00-05:00,447.26,449.75,439.0,448.0,196142.0
2026-02-03 09:50:00-05:00,447.5,451.0,438.68,438.955,125421.0
2026-02-03 09:55:00-05:00,438.5,438.5,432.2001,435.41,118952.0
2026-02-03 10:00:00-05:00,435.495,441.29,431.1,439.505,123969.0
2026-02-03 10:05:00-05:00,438.01,442.0,433.66,437.115,99677.0
2026-02-03 10:10:00-05:00,437.19,439.44,432.39,437.33,102672.0
2026-02-03 10:15:00-05:00,437.4,440.58,435.34,437.095,85869.0
2026-02-03 10:20:00-05:00,437.8721,440.39,435.34,438.415,88350.0
2026-02-03 10:25:00-05:00,438.3,446.0,438.18,443.26,97989.0
2026-02-03 10:30:00-05:00,443.37,445.99,440.0,441.649,87990.0
2026-02-03 10:35:00-05:00,440.9,444.8,438.3801,444.15,53737.0
2026-02-03 10:40:00-05:00,443.795,445.26,441.67,443.5,63283.0
2026-02-03 10:45:00-05:00,443.93,449.63,442.89,449.0,55271.0
2026-02-03 10:50:00-05:00,448.51,454.62,448.3,453.8,106916.0
2026-02-03 10:55:00-05:00,453.96,456.99,453.38,455.165,95295.0
2026-02-03 11:00:00-05:00,455.165,456.17,449.65,451.5,109550.0
2026-02-03 11:05:00-05:00,451.76,451.76,447.41,450.18,61945.0
2026-02-03 11:10:00-05:00,449.7704,451.0,448.67,449.485,67064.0
2026-02-03 11:15:00-05:00,449.4,451.02,447.23,447.2501,73567.0
2026-02-03 11:20:00-05:00,448.65,449.23,446.75,448.0744,70344.0
2026-02-03 11:25:00-05:00,447.845,448.101,444.5901,444.975,68030.0
2026-02-03 11:30:00-05:00,444.88,445.73,441.7586,443.205,93561.0
2026-02-03 11:35:00-05:00,444.01,445.54,442.4012,443.0175,57330.0
2026-02-03 11:40:00-05:00,444.33,444.35,442.22,443.365,42619.0
2026-02-03 11:45:00-05:00,443.02,443.02,441.05,441.77,69678.0
2026-02-03 11:50:00-05:00,441.51,441.8,439.85,440.8,115760.0
2026-02-03 11:55:00-05:00,440.8,447.4598,440.8,446.95,117459.0
2026-02-03 12:00:00-05:00,447.19,448.59,445.24,445.6901,46536.0
2026-02-03 12:05:00-05:00,446.31,446.95,442.6101,446.23,52316.0
2026-02-03 12:10:00-05:00,446.7622,446.7622,440.695,444.15,50815.0
2026-02-03 12:15:00-05:00,444.14,444.14,439.2228,439.2228,63000.0
2026-02-03 12:20:00-05:00,439.2,442.11,438.58,440.805,52407.0
2026-02-03 12:25:00-05:00,440.6277,441.5899,437.2,437.63,39407.0
2026-02-03 12:30:00-05:00,437.28,437.31,434.4,435.04,70888.0
2026-02-03 12:35:00-05:00,435.03,437.5999,434.35,436.185,40273.0
2026-02-03 12:40:00-05:00,435.7,436.19,433.5,434.81,60433.0
2026-02-03 12:45:00-05:00,434.93,436.185,432.79,434.195,62564.0
2026-02-03 12:50:00-05:00,434.195,436.66,433.69,435.97,36602.0
2026-02-03 12:55:00-05:00,435.985,436.5,432.55,433.58,55177.0
2026-02-03 13:00:00-05:00,433.455,434.5397,431.5,432.54,33875.0
2026-02-03 13:05:00-05:00,431.28,434.31,430.44,433.32,30594.0
2026-02-03 13:10:00-05:00,433.32,433.51,429.609,430.45,33613.0
2026-02-03 13:15:00-05:00,430.87,432.52,430.5425,431.14,34847.0
2026-02-03 13:20:00-05:00,431.2,431.2445,428.0,428.01,38541.0
2026-02-03 13:25:00-05:00,428.0,429.77,427.45,428.68,34999.0
2026-02-03 13:30:00-05:00,428.74,431.0,426.25,430.685,31297.0
2026-02-03 13:35:00-05:00,430.69,433.8026,430.69,433.8026,36771.0
2026-02-03 13:40:00-05:00,433.0,433.505,430.88,431.12,38124.0
2026-02-03 13:45:00-05:00,430.0,431.26,429.7,430.36,14103.0
2026-02-03 13:50:00-05:00,429.61,429.61,427.1401,429.175,24524.0
2026-02-03 13:55:00-05:00,429.315,430.48,426.0,426.05,31354.0
2026-02-03 14:00:00-05:00,426.25,427.915,424.52,425.29,59788.0
2026-02-03 14:05:00-05:00,425.63,430.0399,425.58,429.5,22085.0
2026-02-03 14:10:00-05:00,429.6691,433.8099,428.7,432.75,64615.0
2026-02-03 14:15:00-05:00,432.99,437.6,432.21,436.255,65437.0
2026-02-03 14:20:00-05:00,435.78,439.0799,435.66,438.435,57264.0
2026-02-03 14:25:00-05:00,437.89,438.76,434.24,435.08,57915.0
2026-02-03 14:30:00-05:00,435.545,437.28,431.49,433.9,45768.0
2026-02-03 14:35:00-05:00,434.45,435.26,433.6,434.44,35193.0
2026-02-03 14:40:00-05:00,434.43,434.43,431.0001,432.78,62673.0
2026-02-03 14:45:00-05:00,433.5289,433.93,431.2101,432.9,52305.0
2026-02-03 14:50:00-05:00,433.56,435.2,432.09,434.48,40564.0
2026-02-03 14:55:00-05:00,434.73,439.89,434.725,439.0,42260.0
2026-02-03 15:00:00-05:00,439.0,439.9499,437.88,438.83,48141.0
2026-02-03 15:05:00-05:00,438.88,439.33,433.6,434.72,50640.0
2026-02-03 15:10:00-05:00,435.0,436.42,433.88,436.42,42120.0
2026-02-03 15:15:00-05:00,436.9527,438.5299,435.14,437.61,41408.0
2026-02-03 15:20:00-05:00,437.14,437.61,434.39,435.765,46468.0
2026-02-03 15:25:00-05:00,435.765,436.38,432.13,432.45,72947.0
2026-02-03 15:30:00-05:00,432.7,435.775,432.3017,434.975,62559.0
2026-02-03 15:35:00-05:00,434.8101,439.48,434.8101,437.7979,49076.0
2026-02-03 15:40:00-05:00,437.879,438.25,435.18,436.985,94804.0
2026-02-03 15:45:00-05:00,436.56,439.48,436.41,438.3,81411.0
2026-02-03 15:50:00-05:00,438.3,438.51,433.3826,435.9999,177867.0
2026-02-03 15:55:00-05:00,434.955,436.18,433.16,435.0,316238.0
2026-02-04 09:30:00-05:00,473.12,486.0,452.21,475.92,1060143.0
2026-02-04 09:35:00-05:00,475.1176,482.8,467.03,482.15,473561.0
2026-02-04 09:40:00-05:00,482.444,483.9,464.2041,482.4004,328075.0
2026-02-04 09:45:00-05:00,483.9,498.88,482.1723,497.9147,520499.0
2026-02-04 09:50:00-05:00,497.56,504.58,482.7901,487.39,425043.0
2026-02-04 09:55:00-05:00,488.08,492.0,481.0,489.855,241004.0
2026-02-04 10:00:00-05:00,489.855,491.93,476.3072,481.9729,359166.0
2026-02-04 10:05:00-05:00,481.5,490.2961,475.0,479.375,239816.0
2026-02-04 10:10:00-05:00,480.0,482.29,470.0,474.84,223446.0
2026-02-04 10:15:00-05:00,476.0,477.33,467.44,473.0,164479.0
2026-02-04 10:20:00-05:00,473.45,481.45,463.6001,478.985,205631.0
2026-02-04 10:25:00-05:00,478.87,481.85,465.07,468.76,290913.0
2026-02-04 10:30:00-05:00,469.49,471.57,461.0,461.75,160282.0
2026-02-04 10:35:00-05:00,462.53,474.3999,461.0,470.16,141309.0
2026-02-04 10:40:00-05:00,469.07,479.0,467.2701,471.48,83765.0
2026-02-04 10:45:00-05:00,470.68,471.9754,457.2001,457.2001,121916.0
2026-02-04 10:50:00-05:00,458.33,458.7368,450.2101,455.0,158745.0
2026-02-04 10:55:00-05:00,454.01,455.3454,443.4,444.19,156140.0
2026-02-04 11:00:00-05:00,444.18,450.61,443.5,448.19,145109.0
2026-02-04 11:05:00-05:00,448.19,454.95,446.49,452.5,110516.0
2026-02-04 11:10:00-05:00,453.0,466.6499,452.68,462.5,117218.0
2026-02-04 11:15:00-05:00,462.37,463.99,458.345,463.35,120733.0
2026-02-04 11:20:00-05:00,463.58,465.09,459.0,464.0337,122226.0
2026-02-04 11:25:00-05:00,464.335,468.9799,461.7278,466.33,96242.0
2026-02-04 11:30:00-05:00,465.415,467.5,453.17,454.53,105227.0
2026-02-04 11:35:00-05:00,454.1648,458.49,452.41,456.155,61928.0
2026-02-04 11:40:00-05:00,455.81,458.0,455.01,457.68,48313.0
2026-02-04 11:45:00-05:00,457.1025,458.3399,453.5638,455.51,101777.0
2026-02-04 11:50:00-05:00,454.68,457.65,453.0,454.25,94780.0
2026-02-04 11:55:00-05:00,454.26,461.99,452.3,461.78,131929.0
2026-02-04 12:00:00-05:00,461.04,461.76,455.6367,456.655,81773.0
2026-02-04 12:05:00-05:00,457.91,460.235,453.0,453.0,52659.0
2026-02-04 12:10:00-05:00,454.16,454.37,446.6003,450.27,77645.0
2026-02-04 12:15:00-05:00,449.825,450.0,444.1801,445.0,88244.0
2026-02-04 12:20:00-05:00,445.6133,447.34,439.8,440.78,83284.0
2026-02-04 12:25:00-05:00,441.08,444.7999,440.0,440.3,105885.0
2026-02-04 12:30:00-05:00,440.47,446.0714,440.0,445.03,66357.0
2026-02-04 12:35:00-05:00,444.62,445.59,440.01,442.13,41187.0
2026-02-04 12:40:00-05:00,442.14,442.7,438.22,438.47,68455.0
2026-02-04 12:45:00-05:00,438.23,442.77,436.0,440.0,70007.0
2026-02-04 12:50:00-05:00,438.335,443.3299,436.815,442.65,31784.0
2026-02-04 12:55:00-05:00,442.78,445.38,439.6,442.77,101508.0
2026-02-04 13:00:00-05:00,443.74,444.0,436.33,440.88,122096.0
2026-02-04 13:05:00-05:00,440.85,442.63,435.5,436.29,68741.0
2026-02-04 13:10:00-05:00,436.87,438.8699,435.2001,436.25,42457.0
2026-02-04 13:15:00-05:00,436.48,436.55,430.23,431.79,108109.0
2026-02-04 13:20:00-05:00,431.5,437.0599,430.08,435.305,60318.0
2026-02-04 13:25:00-05:00,435.39,445.0,434.8001,443.95,74465.0
2026-02-04 13:30:00-05:00,443.0,444.02,434.25,436.97,83678.0
2026-02-04 13:35:00-05:00,437.84,441.68,436.045,436.39,55177.0
2026-02-04 13:40:00-05:00,436.46,436.655,432.58,433.3,49578.0
2026-02-04 13:45:00-05:00,432.47,432.6326,427.88,428.525,66142.0
2026-02-04 13:50:00-05:00,428.05,432.01,426.05,430.505,63922.0
2026-02-04 13:55:00-05:00,432.0,434.5499,430.37,431.735,56680.0
2026-02-04 14:00:00-05:00,433.05,433.525,429.0,431.805,40710.0
2026-02-04 14:05:00-05:00,430.69,439.52,429.82,439.315,42895.0
2026-02-04 14:10:00-05:00,439.32,439.9999,434.8301,435.75,51736.0
2026-02-04 14:15:00-05:00,435.93,442.8699,435.3679,438.69,72388.0
2026-02-04 14:20:00-05:00,439.575,442.79,436.45,442.7,51628.0
2026-02-04 14:25:00-05:00,442.18,444.8999,440.0,441.835,70241.0
2026-02-04 14:30:00-05:00,441.94,447.4629,441.9,446.655,93834.0
2026-02-04 14:35:00-05:00,447.41,452.5399,445.0,449.85,134442.0
2026-02-04 14:40:00-05:00,449.855,452.98,448.5,452.89,61672.0
2026-02-04 14:45:00-05:00,453.04,459.93,452.8,458.72,134537.0
2026-02-04 14:50:00-05:00,458.88,461.73,458.01,459.045,78774.0
2026-02-04 14:55:00-05:00,458.995,461.02,456.97,460.28,60017.0
2026-02-04 15:00:00-05:00,460.42,463.99,459.8,462.475,93073.0
2026-02-04 15:05:00-05:00,461.885,464.98,460.4,464.225,66063.0
2026-02-04 15:10:00-05:00,464.92,465.7,457.5,461.08,114270.0
2026-02-04 15:15:00-05:00,463.41,463.41,455.505,455.69,57171.0
2026-02-04 15:20:00-05:00,456.44,459.28,453.15,458.52,65488.0
2026-02-04 15:25:00-05:00,459.27,460.91,457.87,458.8,64282.0
2026-02-04 15:30:00-05:00,459.29,459.99,457.07,457.55,52855.0
2026-02-04 15:35:00-05:00,457.08,460.041,455.19,459.825,88072.0
2026-02-04 15:40:00-05:00,459.91,461.75,457.08,460.24,133369.0
2026-02-04 15:45:00-05:00,460.414,462.95,458.79,462.805,121019.0
2026-02-04 15:50:00-05:00,462.805,467.39,462.59,465.39,197228.0
2026-02-04 15:55:00-05:00,465.38,467.49,461.525,465.435,412836.0
2026-02-05 09:30:00-05:00,436.22,441.96,425.01,438.995,489501.0
2026-02-05 09:35:00-05:00,440.99,473.54,440.99,472.44,280718.0
2026-02-05 09:40:00-05:00,470.84,496.0,470.0001,490.015,340399.0
2026-02-05 09:45:00-05:00,490.5,504.33,488.0005,492.79,382760.0
2026-02-05 09:50:00-05:00,492.6,503.0,488.331,491.39,245628.0
2026-02-05 09:55:00-05:00,491.39,495.7955,481.7801,482.13,220859.0
2026-02-05 10:00:00-05:00,481.78,485.99,475.0,485.76,155463.0
2026-02-05 10:05:00-05:00,485.42,490.01,478.0,481.605,112470.0
2026-02-05 10:10:00-05:00,481.605,484.0,472.658,473.68,114108.0
2026-02-05 10:15:00-05:00,473.71,482.4275,469.54,471.36,268264.0
2026-02-05 10:20:00-05:00,472.47,481.0,469.65,470.83,123122.0
2026-02-05 10:25:00-05:00,470.47,477.56,463.31,471.01,161760.0
2026-02-05 10:30:00-05:00,472.0,472.8,463.0,463.49,79285.0
2026-02-05 10:35:00-05:00,463.5,480.96,462.1987,478.0,101967.0
2026-02-05 10:40:00-05:00,479.41,498.0,477.0101,493.675,163105.0
2026-02-05 10:45:00-05:00,493.0,495.83,477.0001,477.795,97714.0
2026-02-05 10:50:00-05:00,477.795,483.0,476.9992,478.53,67695.0
2026-02-05 10:55:00-05:00,478.745,480.92,476.01,479.505,62712.0
2026-02-05 11:00:00-05:00,479.84,481.17,475.0,475.0,45987.0
2026-02-05 11:05:00-05:00,475.0,476.95,469.79,471.25,86921.0
2026-02-05 11:10:00-05:00,470.1305,474.18,467.41,472.47,61030.0
2026-02-05 11:15:00-05:00,473.62,483.9799,473.49,481.605,55984.0
2026-02-05 11:20:00-05:00,481.0,491.6,478.47,485.885,79242.0
2026-02-05 11:25:00-05:00,486.99,489.025,482.97,487.99,51026.0
2026-02-05 11:30:00-05:00,487.79,494.0797,487.43,488.76,71383.0
2026-02-05 11:35:00-05:00,489.5,492.88,487.55,492.295,54883.0
2026-02-05 11:40:00-05:00,492.45,494.55,488.68,488.68,68739.0
2026-02-05 11:45:00-05:00,490.32,491.06,487.0801,489.77,83129.0
2026-02-05 11:50:00-05:00,489.77,495.59,488.985,494.36,69254.0
2026-02-05 11:55:00-05:00,494.0,497.0,490.8,491.2,79757.0
2026-02-05 12:00:00-05:00,490.7964,491.32,486.489,488.285,40964.0
2026-02-05 12:05:00-05:00,489.39,493.95,489.06,491.03,38634.0
2026-02-05 12:10:00-05:00,490.6863,492.5628,486.51,487.91,31326.0
2026-02-05 12:15:00-05:00,487.445,487.85,486.0,486.19,21960.0
2026-02-05 12:20:00-05:00,485.86,487.0,481.61,486.4,35214.0
2026-02-05 12:25:00-05:00,486.77,488.62,486.0,487.2,20891.0
2026-02-05 12:30:00-05:00,486.77,487.47,484.66,485.785,25993.0
2026-02-05 12:35:00-05:00,485.775,489.85,485.77,487.68,25726.0
2026-02-05 12:40:00-05:00,487.21,490.72,486.67,489.19,35580.0
2026-02-05 12:45:00-05:00,489.53,494.67,488.47,489.8394,22453.0
2026-02-05 12:50:00-05:00,489.19,489.19,485.51,487.4099,25866.0
2026-02-05 12:55:00-05:00,486.455,489.17,485.57,488.15,18237.0
2026-02-05 13:00:00-05:00,488.14,488.78,484.65,486.125,20036.0
2026-02-05 13:05:00-05:00,485.82,485.82,480.0,480.55,38098.0
2026-02-05 13:10:00-05:00,481.08,485.0899,480.0,484.2225,20633.0
2026-02-05 13:15:00-05:00,484.0328,484.305,480.9,481.67,13757.0
2026-02-05 13:20:00-05:00,480.9804,482.16,479.0401,479.93,20769.0
2026-02-05 13:25:00-05:00,480.52,481.98,479.4001,481.98,21111.0
2026-02-05 13:30:00-05:00,481.94,487.3,481.475,486.67,32447.0
2026-02-05 13:35:00-05:00,485.83,487.0,483.0,483.69,25478.0
2026-02-05 13:40:00-05:00,482.73,485.62,482.6431,485.62,29017.0
2026-02-05 13:45:00-05:00,486.12,486.12,481.7364,481.7364,41315.0
2026-02-05 13:50:00-05:00,480.9101,483.5999,479.77,482.68,23706.0
2026-02-05 13:55:00-05:00,481.79,485.88,481.5,485.88,16591.0
2026-02-05 14:00:00-05:00,484.53,487.48,482.715,487.48,16617.0
2026-02-05 14:05:00-05:00,487.47,489.7843,486.549,488.495,30370.0
2026-02-05 14:10:00-05:00,488.495,493.3899,487.47,492.67,42698.0
2026-02-05 14:15:00-05:00,492.26,493.99,491.42,492.145,21763.0
2026-02-05 14:20:00-05:00,492.44,494.89,491.995,493.16,25660.0
2026-02-05 14:25:00-05:00,492.69,495.9999,491.71,493.165,38871.0
2026-02-05 14:30:00-05:00,493.52,494.93,491.17,493.485,67806.0
2026-02-05 14:35:00-05:00,494.16,496.9899,493.54,495.52,43777.0
2026-02-05 14:40:00-05:00,495.94,496.64,492.8092,494.08,56300.0
2026-02-05 14:45:00-05:00,493.38,494.8,492.08,493.93,27569.0
2026-02-05 14:50:00-05:00,493.96,494.945,492.52,494.78,35375.0
2026-02-05 14:55:00-05:00,494.9,499.6,494.63,498.195,98055.0
2026-02-05 15:00:00-05:00,499.085,504.8,498.41,504.28,128004.0
2026-02-05 15:05:00-05:00,504.83,507.55,503.47,507.52,134716.0
2026-02-05 15:10:00-05:00,507.509,507.51,501.0001,504.07,100759.0
2026-02-05 15:15:00-05:00,504.74,504.74,500.01,500.63,83167.0
2026-02-05 15:20:00-05:00,500.63,503.0,497.25,497.72,75681.0
2026-02-05 15:25:00-05:00,497.95,501.34,497.905,500.165,76658.0
2026-02-05 15:30:00-05:00,500.29,501.97,495.45,496.8,73748.0
2026-02-05 15:35:00-05:00,496.8,500.23,496.61,500.07,67438.0
2026-02-05 15:40:00-05:00,498.7109,501.49,497.7347,498.155,53093.0
2026-02-05 15:45:00-05:00,498.68,502.16,496.865,501.7,82780.0
2026-02-05 15:50:00-05:00,501.0,504.705,494.0,503.725,191256.0
2026-02-05 15:55:00-05:00,503.75,505.18,501.0201,504.36,306748.0
2026-02-06 09:30:00-05:00,540.0,558.0,523.06,547.23,592796.0
2026-02-06 09:35:00-05:00,547.985,548.8966,531.9439,543.23,262592.0
2026-02-06 09:40:00-05:00,544.015,547.6,532.01,542.86,141438.0
2026-02-06 09:45:00-05:00,543.325,546.75,536.5,537.0,133163.0
2026-02-06 09:50:00-05:00,538.87,550.0,535.396,542.2807,102114.0
2026-02-06 09:55:00-05:00,543.155,553.0,540.41,543.0,158393.0
2026-02-06 10:00:00-05:00,541.0,541.2512,528.94,532.915,132830.0
2026-02-06 10:05:00-05:00,533.623,536.8,525.4,528.8,100178.0
2026-02-06 10:10:00-05:00,527.06,530.0,515.6,516.745,117137.0
2026-02-06 10:15:00-05:00,516.85,523.93,514.671,517.29,101540.0
2026-02-06 10:20:00-05:00,518.0,526.5799,516.05,519.9065,63875.0
2026-02-06 10:25:00-05:00,519.5,524.8099,519.0,519.4501,36218.0
2026-02-06 10:30:00-05:00,521.07,528.6,517.06,526.92,61471.0
2026-02-06 10:35:00-05:00,528.6,529.17,522.81,525.13,46980.0
2026-02-06 10:40:00-05:00,525.12,527.32,519.665,520.27,37749.0
2026-02-06 10:45:00-05:00,521.12,525.0,516.02,516.63,43746.0
2026-02-06 10:50:00-05:00,516.02,519.5499,513.28,518.25,42720.0
2026-02-06 10:55:00-05:00,518.25,524.0,517.2498,521.005,62983.0
2026-02-06 11:00:00-05:00,520.09,523.74,517.33,522.0,48414.0
2026-02-06 11:05:00-05:00,522.625,526.0,522.625,524.05,30275.0
2026-02-06 11:10:00-05:00,524.9,531.68,524.32,531.3356,49729.0
2026-02-06 11:15:00-05:00,531.56,532.86,529.085,530.05,37900.0
2026-02-06 11:20:00-05:00,530.605,532.9797,530.0,531.0,26947.0
2026-02-06 11:25:00-05:00,530.5,531.98,529.1525,531.315,23072.0
2026-02-06 11:30:00-05:00,531.98,537.0799,531.795,536.475,29677.0
2026-02-06 11:35:00-05:00,536.6,539.53,535.2,539.499,32297.0
2026-02-06 11:40:00-05:00,539.41,541.3399,536.9401,540.405,44052.0
2026-02-06 11:45:00-05:00,541.19,542.14,540.0001,541.77,33089.0
2026-02-06 11:50:00-05:00,541.51,541.51,537.9001,541.22,35711.0
2026-02-06 11:55:00-05:00,540.775,540.825,531.9921,535.47,85196.0
2026-02-06 12:00:00-05:00,534.61,538.24,533.4522,537.13,36473.0
2026-02-06 12:05:00-05:00,537.035,541.7599,537.035,537.65,47325.0
2026-02-06 12:10:00-05:00,537.81,539.2,535.87,537.55,77332.0
2026-02-06 12:15:00-05:00,538.0,538.0,534.29,534.29,34667.0
2026-02-06 12:20:00-05:00,534.16,537.27,533.27,536.26,50693.0
2026-02-06 12:25:00-05:00,535.735,539.43,535.5,536.0,42201.0
2026-02-06 12:30:00-05:00,536.32,538.5,535.69,536.375,33035.0
2026-02-06 12:35:00-05:00,536.375,537.03,535.05,536.44,31278.0
2026-02-06 12:40:00-05:00,536.83,542.67,536.52,542.29,83774.0
2026-02-06 12:45:00-05:00,542.285,545.64,541.63,541.63,179548.0
2026-02-06 12:50:00-05:00,541.63,544.96,541.0,541.62,106284.0
2026-02-06 12:55:00-05:00,541.63,542.21,538.45,539.42,63583.0
2026-02-06 13:00:00-05:00,539.42,543.0,538.54,542.155,57248.0
2026-02-06 13:05:00-05:00,542.15,542.49,540.22,541.155,31264.0
2026-02-06 13:10:00-05:00,541.47,543.93,540.0,541.695,38798.0
2026-02-06 13:15:00-05:00,542.58,547.26,540.735,546.12,95788.0
2026-02-06 13:20:00-05:00,546.12,546.1755,541.52,544.855,64071.0
2026-02-06 13:25:00-05:00,545.76,548.47,545.0,547.9854,112432.0
2026-02-06 13:30:00-05:00,547.795,550.0,545.37,546.01,75926.0
2026-02-06 13:35:00-05:00,546.08,547.86,544.065,547.71,91446.0
2026-02-06 13:40:00-05:00,547.86,549.435,547.024,547.7,77363.0
2026-02-06 13:45:00-05:00,547.8,551.0,547.7,549.685,44529.0
2026-02-06 13:50:00-05:00,549.55,554.5399,549.07,552.43,79543.0
2026-02-06 13:55:00-05:00,551.995,556.65,551.995,555.85,85930.0
2026-02-06 14:00:00-05:00,556.4693,557.8,555.5,556.275,74219.0
2026-02-06 14:05:00-05:00,556.275,556.48,553.23,554.995,95468.0
2026-02-06 14:10:00-05:00,555.7,555.8599,551.13,554.0,50707.0
2026-02-06 14:15:00-05:00,554.83,556.9699,551.25,551.9,48805.0
2026-02-06 14:20:00-05:00,551.95,554.71,551.0,554.14,60242.0
2026-02-06 14:25:00-05:00,554.0,554.16,550.38,550.84,36779.0
2026-02-06 14:30:00-05:00,550.84,555.14,550.84,552.0,45292.0
2026-02-06 14:35:00-05:00,550.5,551.74,549.0,550.1,30633.0
2026-02-06 14:40:00-05:00,549.95,554.65,549.04,554.65,35110.0
2026-02-06 14:45:00-05:00,554.81,558.38,553.5073,555.17,53150.0
2026-02-06 14:50:00-05:00,554.52,557.0,553.88,555.68,23497.0
2026-02-06 14:55:00-05:00,555.2049,556.0,551.6991,551.6991,35812.0
2026-02-06 15:00:00-05:00,551.51,554.09,550.0,553.595,40756.0
2026-02-06 15:05:00-05:00,553.595,556.0,553.48,555.155,37079.0
2026-02-06 15:10:00-05:00,555.45,555.99,550.56,550.56,57835.0
2026-02-06 15:15:00-05:00,550.52,550.84,547.01,549.36,83218.0
2026-02-06 15:20:00-05:00,549.885,550.83,548.0001,548.705,25595.0
2026-02-06 15:25:00-05:00,548.3,548.58,543.61,545.9364,84396.0
2026-02-06 15:30:00-05:00,545.67,545.81,542.69,543.98,46852.0
2026-02-06 15:35:00-05:00,543.975,546.09,542.69,544.0,77460.0
2026-02-06 15:40:00-05:00,544.44,549.32,544.0,548.99,60063.0
2026-02-06 15:45:00-05:00,549.348,551.97,548.06,550.86,93012.0
2026-02-06 15:50:00-05:00,549.575,552.5099,547.0,550.34,116877.0
2026-02-06 15:55:00-05:00,551.14,552.81,550.65,552.32,168039.0
2026-02-09 09:30:00-05:00,556.72,576.98,555.35,568.58,467806.0
2026-02-09 09:35:00-05:00,566.45,576.41,557.0001,574.02,314242.0
2026-02-09 09:40:00-05:00,574.02,583.47,573.865,580.4,282470.0
2026-02-09 09:45:00-05:00,580.31,594.18,579.59,593.775,266299.0
2026-02-09 09:50:00-05:00,593.3694,598.4,587.35,593.1386,265266.0
2026-02-09 09:55:00-05:00,593.24,598.0,582.78,583.39,226519.0
2026-02-09 10:00:00-05:00,583.28,586.8,579.3201,584.08,209907.0
2026-02-09 10:05:00-05:00,584.79,592.6,583.89,591.675,135906.0
2026-02-09 10:10:00-05:00,591.297,594.22,588.77,593.8929,68412.0
2026-02-09 10:15:00-05:00,593.98,599.5,593.98,595.995,132521.0
2026-02-09 10:20:00-05:00,595.94,596.7,585.2555,586.93,119828.0
2026-02-09 10:25:00-05:00,586.0825,588.8599,583.0,584.9119,109842.0
2026-02-09 10:30:00-05:00,584.12,588.1899,582.11,585.1,65186.0
2026-02-09 10:35:00-05:00,585.0,591.4599,584.645,587.08,75436.0
2026-02-09 10:40:00-05:00,586.82,590.21,585.2,589.8499,74813.0
2026-02-09 10:45:00-05:00,589.01,594.0,587.26,593.05,51798.0
2026-02-09 10:50:00-05:00,593.005,596.5,591.6,592.13,47009.0
2026-02-09 10:55:00-05:00,592.37,592.73,589.0,589.655,71409.0
2026-02-09 11:00:00-05:00,590.93,592.79,590.0,592.31,52264.0
2026-02-09 11:05:00-05:00,592.32,592.46,581.01,582.3,105094.0
2026-02-09 11:10:00-05:00,582.0,583.7799,580.0,580.0,98000.0
2026-02-09 11:15:00-05:00,579.49,581.445,579.09,580.895,44188.0
2026-02-09 11:20:00-05:00,580.89,581.59,579.0,579.6,35455.0
2026-02-09 11:25:00-05:00,579.47,580.06,576.0401,577.56,48397.0
2026-02-09 11:30:00-05:00,577.99,578.175,574.0,575.86,78781.0
2026-02-09 11:35:00-05:00,575.19,576.19,571.09,571.505,54393.0
2026-02-09 11:40:00-05:00,571.09,572.0,567.0301,568.135,107319.0
2026-02-09 11:45:00-05:00,569.23,575.094,567.206,574.6999,164439.0
2026-02-09 11:50:00-05:00,574.7,578.34,572.48,577.78,42248.0
2026-02-09 11:55:00-05:00,578.0,579.18,574.4605,577.4,38797.0
2026-02-09 12:00:00-05:00,576.665,579.405,575.24,578.14,39967.0
2026-02-09 12:05:00-05:00,578.14,579.0,574.44,575.185,32175.0
2026-02-09 12:10:00-05:00,574.7282,576.68,573.0,576.16,34468.0
2026-02-09 12:15:00-05:00,576.28,579.0,574.56,574.74,41110.0
2026-02-09 12:20:00-05:00,574.19,575.81,572.2742,575.33,28892.0
2026-02-09 12:25:00-05:00,575.33,577.78,573.66,574.095,41683.0
2026-02-09 12:30:00-05:00,573.71,575.24,572.59,573.18,18080.0
2026-02-09 12:35:00-05:00,574.0,574.4,571.06,571.92,22096.0
2026-02-09 12:40:00-05:00,570.96,571.93,569.439,570.54,24923.0
2026-02-09 12:45:00-05:00,570.365,575.0,569.21,573.54,25700.0
2026-02-09 12:50:00-05:00,572.99,575.49,572.62,574.62,28332.0
2026-02-09 12:55:00-05:00,574.885,576.44,573.5,574.665,25773.0
2026-02-09 13:00:00-05:00,574.67,575.5011,573.5975,573.75,15465.0
2026-02-09 13:05:00-05:00,573.675,573.74,571.77,573.69,11771.0
2026-02-09 13:10:00-05:00,573.14,573.8,571.52,572.97,18257.0
2026-02-09 13:15:00-05:00,572.635,572.635,569.19,569.19,21823.0
2026-02-09 13:20:00-05:00,569.19,569.38,561.0,567.0881,92953.0
2026-02-09 13:25:00-05:00,566.64,568.705,566.1101,568.705,18801.0
2026-02-09 13:30:00-05:00,568.69,570.99,567.41,570.03,25911.0
2026-02-09 13:35:00-05:00,570.52,571.41,569.9001,570.715,22435.0
2026-02-09 13:40:00-05:00,570.99,572.46,570.52,570.93,21655.0
2026-02-09 13:45:00-05:00,570.8,571.82,569.08,570.0,19593.0
2026-02-09 13:50:00-05:00,569.685,570.96,568.0,570.7651,18509.0
2026-02-09 13:55:00-05:00,570.56,571.79,569.065,570.51,18965.0
2026-02-09 14:00:00-05:00,570.02,573.0,568.0194,571.73,30697.0
2026-02-09 14:05:00-05:00,571.13,571.96,570.38,571.45,11466.0
2026-02-09 14:10:00-05:00,570.43,574.02,570.43,573.75,25513.0
2026-02-09 14:15:00-05:00,573.63,576.0,573.28,575.54,32049.0
2026-02-09 14:20:00-05:00,575.17,579.6545,573.7,579.145,34422.0
2026-02-09 14:25:00-05:00,579.145,580.17,577.09,579.44,29117.0
2026-02-09 14:30:00-05:00,579.76,580.65,578.6301,579.325,26834.0
2026-02-09 14:35:00-05:00,579.92,582.17,579.92,582.17,30549.0
2026-02-09 14:40:00-05:00,582.035,583.15,582.035,582.77,32054.0
2026-02-09 14:45:00-05:00,582.77,583.83,580.71,581.71,37482.0
2026-02-09 14:50:00-05:00,581.4505,582.2399,578.9,580.285,20038.0
2026-02-09 14:55:00-05:00,580.39,580.93,578.5,578.9925,22167.0
2026-02-09 15:00:00-05:00,578.895,579.54,578.07,579.01,26355.0
2026-02-09 15:05:00-05:00,579.32,579.56,578.71,578.75,15357.0
2026-02-09 15:10:00-05:00,578.7472,579.56,578.28,578.9,17092.0
2026-02-09 15:15:00-05:00,578.82,578.82,575.09,576.01,27840.0
2026-02-09 15:20:00-05:00,576.085,576.355,575.24,575.555,22565.0
2026-02-09 15:25:00-05:00,575.63,576.19,574.0301,574.08,21825.0
2026-02-09 15:30:00-05:00,574.07,574.82,572.445,573.64,31777.0
2026-02-09 15:35:00-05:00,573.64,576.2,573.61,575.88,26512.0
2026-02-09 15:40:00-05:00,576.06,576.78,574.62,575.395,23011.0
2026-02-09 15:45:00-05:00,575.67,578.06,575.11,577.23,46523.0
2026-02-09 15:50:00-05:00,577.14,580.83,576.27,580.83,61485.0
2026-02-09 15:55:00-05:00,580.015,580.015,576.865,577.47,158424.0
2026-02-10 09:30:00-05:00,548.22,553.11,530.2901,532.965,472227.0
2026-02-10 09:35:00-05:00,533.205,544.0,530.47,538.375,330491.0
2026-02-10 09:40:00-05:00,539.75,555.6,537.01,552.0,307049.0
2026-02-10 09:45:00-05:00,551.39,552.75,546.0,550.0,144429.0
2026-02-10 09:50:00-05:00,550.52,565.8,550.11,565.0,199537.0
2026-02-10 09:55:00-05:00,564.32,568.88,558.0,560.36,133015.0
2026-02-10 10:00:00-05:00,560.98,562.5384,550.8,556.45,103966.0
2026-02-10 10:05:00-05:00,557.85,564.05,555.25,563.0,56090.0
2026-02-10 10:10:00-05:00,562.89,564.0,557.32,560.903,45495.0
2026-02-10 10:15:00-05:00,561.0,567.47,559.14,566.4951,87708.0
2026-02-10 10:20:00-05:00,566.11,573.0,566.11,566.71,104291.0
2026-02-10 10:25:00-05:00,566.745,570.97,566.0,569.44,45250.0
2026-02-10 10:30:00-05:00,569.7,574.69,568.56,569.64,50486.0
2026-02-10 10:35:00-05:00,569.425,569.425,563.8404,567.42,42775.0
2026-02-10 10:40:00-05:00,566.97,566.98,558.19,563.43,81881.0
2026-02-10 10:45:00-05:00,562.88,564.0,560.0,561.23,41091.0
2026-02-10 10:50:00-05:00,561.39,561.74,558.75,558.75,27634.0
2026-02-10 10:55:00-05:00,559.46,559.46,554.0,555.0,58750.0
2026-02-10 11:00:00-05:00,554.42,558.51,552.78,552.99,60647.0
2026-02-10 11:05:00-05:00,552.66,553.1699,549.0,550.0,76811.0
2026-02-10 11:10:00-05:00,549.64,559.0,549.57,559.0,60981.0
2026-02-10 11:15:00-05:00,558.54,563.68,557.13,562.5775,52300.0
2026-02-10 11:20:00-05:00,562.5,563.18,559.04,562.19,34946.0
2026-02-10 11:25:00-05:00,562.035,566.35,562.035,564.17,33654.0
2026-02-10 11:30:00-05:00,563.74,565.26,562.665,564.4301,22460.0
2026-02-10 11:35:00-05:00,564.845,566.1794,562.2101,563.98,25514.0
2026-02-10 11:40:00-05:00,564.0,564.59,560.76,561.405,25425.0
2026-02-10 11:45:00-05:00,561.3283,561.73,558.0,558.84,58013.0
2026-02-10 11:50:00-05:00,559.75,560.43,556.0,559.28,41667.0
2026-02-10 11:55:00-05:00,558.74,560.11,553.69,554.605,36503.0
2026-02-10 12:00:00-05:00,554.605,557.28,551.79,556.5,32203.0
2026-02-10 12:05:00-05:00,556.375,560.88,555.4,559.955,29949.0
2026-02-10 12:10:00-05:00,559.57,561.13,558.65,560.53,31095.0
2026-02-10 12:15:00-05:00,560.5301,562.93,560.0,562.065,48183.0
2026-02-10 12:20:00-05:00,562.7,563.98,560.35,560.46,31193.0
2026-02-10 12:25:00-05:00,559.59,563.8,559.48,562.7,28318.0
2026-02-10 12:30:00-05:00,562.7,563.69,562.0,562.93,14205.0
2026-02-10 12:35:00-05:00,562.64,563.0,561.59,562.7775,23479.0
2026-02-10 12:40:00-05:00,562.775,563.95,561.84,562.36,42402.0
2026-02-10 12:45:00-05:00,562.34,563.0,560.47,561.72,19017.0
2026-02-10 12:50:00-05:00,561.72,565.0,561.696,563.79,30532.0
2026-02-10 12:55:00-05:00,564.35,565.5,563.5,564.425,13174.0
2026-02-10 13:00:00-05:00,564.01,565.56,564.01,564.97,17155.0
2026-02-10 13:05:00-05:00,564.915,565.48,564.0,564.24,17962.0
2026-02-10 13:10:00-05:00,563.88,564.344,562.02,562.54,13859.0
2026-02-10 13:15:00-05:00,562.01,562.01,558.83,561.04,25888.0
2026-02-10 13:20:00-05:00,559.8211,560.5228,558.268,558.49,22303.0
2026-02-10 13:25:00-05:00,558.63,558.63,555.75,556.8,29201.0
2026-02-10 13:30:00-05:00,557.56,560.56,556.75,559.63,23696.0
2026-02-10 13:35:00-05:00,560.38,561.08,558.0001,558.895,12623.0
2026-02-10 13:40:00-05:00,558.895,559.25,558.1,558.1,9685.0
2026-02-10 13:45:00-05:00,558.0,559.72,556.1,558.64,20725.0
2026-02-10 13:50:00-05:00,559.73,561.71,559.275,560.54,12137.0
2026-02-10 13:55:00-05:00,560.0,564.03,560.0,563.53,12769.0
2026-02-10 14:00:00-05:00,563.53,565.4079,562.28,565.4079,27816.0
2026-02-10 14:05:00-05:00,564.39,565.5,563.35,564.555,18494.0
2026-02-10 14:10:00-05:00,564.5036,565.39,563.51,564.66,14189.0
2026-02-10 14:15:00-05:00,564.665,564.665,561.61,561.61,38841.0
2026-02-10 14:20:00-05:00,561.555,562.43,561.0,561.615,22335.0
2026-02-10 14:25:00-05:00,561.545,562.45,560.58,561.925,15994.0
2026-02-10 14:30:00-05:00,561.45,562.5,561.45,562.46,5937.0
2026-02-10 14:35:00-05:00,562.0,562.0525,560.35,561.5075,16224.0
2026-02-10 14:40:00-05:00,561.43,561.72,560.3501,560.3501,13596.0
2026-02-10 14:45:00-05:00,560.715,561.8,560.5,560.96,11676.0
2026-02-10 14:50:00-05:00,560.76,561.64,560.3531,561.05,9792.0
2026-02-10 14:55:00-05:00,561.58,562.89,560.9301,561.35,22873.0
2026-02-10 15:00:00-05:00,560.93,561.21,559.83,560.06,20832.0
2026-02-10 15:05:00-05:00,560.375,561.7,559.54,561.52,15549.0
2026-02-10 15:10:00-05:00,561.52,561.61,557.95,558.825,25525.0
2026-02-10 15:15:00-05:00,559.3369,562.06,557.96,561.28,32268.0
2026-02-10 15:20:00-05:00,560.17,562.2,559.58,560.97,23730.0
2026-02-10 15:25:00-05:00,560.97,562.5,560.25,561.155,25735.0
2026-02-10 15:30:00-05:00,561.215,561.89,559.94,561.48,27254.0
2026-02-10 15:35:00-05:00,561.17,562.04,560.31,561.725,38194.0
2026-02-10 15:40:00-05:00,561.725,564.28,561.0,563.56,65247.0
2026-02-10 15:45:00-05:00,563.75,564.28,560.42,560.92,73013.0
2026-02-10 15:50:00-05:00,560.76,561.46,556.655,559.39,92266.0
2026-02-10 15:55:00-05:00,559.64,562.1799,559.38,560.835,199406.0
2026-02-11 09:30:00-05:00,563.245,589.8,560.88,587.78,236532.0
2026-02-11 09:35:00-05:00,588.61,593.0,582.1615,593.0,178756.0
2026-02-11 09:40:00-05:00,592.8,597.0,581.0,584.5,134264.0
2026-02-11 09:45:00-05:00,584.5,589.2,581.0,584.71,83811.0
2026-02-11 09:50:00-05:00,584.745,585.98,582.0,583.47,47710.0
2026-02-11 09:55:00-05:00,583.81,587.0,575.14,579.58,92125.0
2026-02-11 10:00:00-05:00,578.785,580.48,573.26,576.69,84946.0
2026-02-11 10:05:00-05:00,576.69,577.81,570.81,573.545,80031.0
2026-02-11 10:10:00-05:00,573.545,573.545,563.59,569.09,102242.0
2026-02-11 10:15:00-05:00,568.51,569.81,559.2,560.44,103435.0
2026-02-11 10:20:00-05:00,559.71,560.39,553.51,558.0,83370.0
2026-02-11 10:25:00-05:00,556.51,558.38,551.37,551.37,71010.0
2026-02-11 10:30:00-05:00,551.165,555.97,546.7138,549.6,93062.0
2026-02-11 10:35:00-05:00,549.245,555.3157,545.88,554.02,79316.0
2026-02-11 10:40:00-05:00,554.85,557.915,554.23,555.89,60568.0
2026-02-11 10:45:00-05:00,555.445,558.0,548.0,550.38,50377.0
2026-02-11 10:50:00-05:00,549.987,557.48,547.0,556.3601,75834.0
2026-02-11 10:55:00-05:00,556.95,561.79,556.36,560.03,60581.0
2026-02-11 11:00:00-05:00,560.235,561.06,553.0,554.98,34223.0
2026-02-11 11:05:00-05:00,554.99,556.2,550.92,552.4,30557.0
2026-02-11 11:10:00-05:00,552.0,560.98,551.0,559.82,39680.0
2026-02-11 11:15:00-05:00,559.74,559.9999,554.935,556.66,18683.0
2026-02-11 11:20:00-05:00,557.25,559.0,555.77,556.405,22693.0
2026-02-11 11:25:00-05:00,555.15,556.435,548.05,548.88,52026.0
2026-02-11 11:30:00-05:00,548.1,552.4725,547.5397,550.42,32490.0
2026-02-11 11:35:00-05:00,550.77,553.105,550.64,553.105,25237.0
2026-02-11 11:40:00-05:00,554.52,555.7799,553.82,554.695,19196.0
2026-02-11 11:45:00-05:00,553.89,554.04,550.79,551.6751,18887.0
2026-02-11 11:50:00-05:00,550.79,554.2,550.58,554.0,26240.0
2026-02-11 11:55:00-05:00,553.0,553.335,550.915,550.915,13518.0
2026-02-11 12:00:00-05:00,550.91,552.82,550.11,550.13,25739.0
2026-02-11 12:05:00-05:00,550.3927,553.04,550.11,552.5416,34800.0
2026-02-11 12:10:00-05:00,552.65,554.2735,551.78,551.78,28691.0
2026-02-11 12:15:00-05:00,551.78,554.95,550.5,553.465,22472.0
2026-02-11 12:20:00-05:00,552.78,554.46,550.43,554.46,25664.0
2026-02-11 12:25:00-05:00,555.185,560.59,554.93,560.58,36685.0
2026-02-11 12:30:00-05:00,559.81,561.15,556.86,560.2,32884.0
2026-02-11 12:35:00-05:00,559.55,562.5,559.28,562.01,19677.0
2026-02-11 12:40:00-05:00,562.16,564.5999,561.18,564.11,16015.0
2026-02-11 12:45:00-05:00,563.87,565.99,561.965,564.27,22061.0
2026-02-11 12:50:00-05:00,563.83,564.925,561.4401,562.05,12673.0
2026-02-11 12:55:00-05:00,561.68,562.155,558.3,559.725,16868.0
2026-02-11 13:00:00-05:00,560.326,560.7381,559.33,559.69,8026.0
2026-02-11 13:05:00-05:00,559.97,560.32,557.0,557.01,12499.0
2026-02-11 13:10:00-05:00,556.92,557.9699,554.47,554.61,24484.0
2026-02-11 13:15:00-05:00,555.485,558.77,555.4236,557.0,16130.0
2026-02-11 13:20:00-05:00,556.75,558.08,556.38,557.85,7941.0
2026-02-11 13:25:00-05:00,557.85,560.19,557.85,560.19,12335.0
2026-02-11 13:30:00-05:00,559.67,560.37,558.61,558.61,13803.0
2026-02-11 13:35:00-05:00,558.42,560.0,558.42,560.0,6654.0
2026-02-11 13:40:00-05:00,559.3,559.3,556.31,557.17,9090.0
2026-02-11 13:45:00-05:00,557.505,558.19,556.3201,557.355,23008.0
2026-02-11 13:50:00-05:00,557.36,557.36,552.44,556.61,61827.0
2026-02-11 13:55:00-05:00,556.61,558.99,556.0,558.405,17103.0
2026-02-11 14:00:00-05:00,557.64,559.38,556.87,559.28,16227.0
2026-02-11 14:05:00-05:00,559.76,559.76,555.69,556.21,23939.0
2026-02-11 14:10:00-05:00,556.275,560.0,555.41,559.03,24703.0
2026-02-11 14:15:00-05:00,559.03,560.0,558.46,558.54,17022.0
2026-02-11 14:20:00-05:00,558.84,561.12,558.415,561.02,25226.0
2026-02-11 14:25:00-05:00,560.925,561.79,558.34,558.57,31089.0
2026-02-11 14:30:00-05:00,559.18,559.34,557.99,559.065,14549.0
2026-02-11 14:35:00-05:00,558.95,560.015,558.93,558.96,16495.0
2026-02-11 14:40:00-05:00,559.01,563.0,559.0,561.3975,24628.0
2026-02-11 14:45:00-05:00,563.7,567.8,559.365,567.4698,38942.0
2026-02-11 14:50:00-05:00,567.89,570.9999,566.92,568.11,33420.0
2026-02-11 14:55:00-05:00,569.0,569.68,563.93,565.77,22989.0
2026-02-11 15:00:00-05:00,564.72,568.45,564.4,566.9734,13886.0
2026-02-11 15:05:00-05:00,567.295,567.48,566.05,566.95,18731.0
2026-02-11 15:10:00-05:00,566.95,569.315,566.95,569.02,14942.0
2026-02-11 15:15:00-05:00,568.48,571.9999,567.57,570.79,34927.0
2026-02-11 15:20:00-05:00,570.42,572.13,569.3301,571.11,35813.0
2026-02-11 15:25:00-05:00,571.8299,572.45,570.51,571.09,22676.0
2026-02-11 15:30:00-05:00,570.8,570.8,568.5,569.005,26241.0
2026-02-11 15:35:00-05:00,568.89,571.45,568.7,570.945,21011.0
2026-02-11 15:40:00-05:00,571.34,571.54,568.7086,569.37,22184.0
2026-02-11 15:45:00-05:00,569.81,571.4,567.72,571.03,33603.0
2026-02-11 15:50:00-05:00,571.63,574.26,571.15,574.26,76326.0
2026-02-11 15:55:00-05:00,574.4999,575.3999,572.9656,573.49,169465.0
2026-02-12 09:30:00-05:00,593.35,603.83,585.0,587.0,382447.0
2026-02-12 09:35:00-05:00,586.005,598.0,585.91,592.7,135546.0
2026-02-12 09:40:00-05:00,594.3843,599.36,588.0,589.87,110312.0
2026-02-12 09:45:00-05:00,590.74,595.0,584.05,589.039,107569.0
2026-02-12 09:50:00-05:00,588.83,598.25,587.0001,590.28,125921.0
2026-02-12 09:55:00-05:00,589.2,590.99,576.75,579.0,142719.0
2026-02-12 10:00:00-05:00,578.01,582.15,575.41,580.47,96005.0
2026-02-12 10:05:00-05:00,580.47,587.54,577.5,580.205,107391.0
2026-02-12 10:10:00-05:00,581.0,592.51,581.0,592.45,97519.0
2026-02-12 10:15:00-05:00,592.0,595.87,586.4701,592.0,103904.0
2026-02-12 10:20:00-05:00,592.5,594.79,589.8,591.99,64395.0
2026-02-12 10:25:00-05:00,592.305,599.52,591.13,598.31,93086.0
2026-02-12 10:30:00-05:00,598.5,598.5,589.4918,590.27,68694.0
2026-02-12 10:35:00-05:00,590.1,592.44,588.51,590.5,61668.0
2026-02-12 10:40:00-05:00,589.06,592.3999,585.01,585.82,49132.0
2026-02-12 10:45:00-05:00,586.05,590.8,586.0,589.9,30885.0
2026-02-12 10:50:00-05:00,589.9,594.75,588.09,594.0,53847.0
2026-02-12 10:55:00-05:00,594.33,600.0,594.0,596.0125,88885.0
2026-02-12 11:00:00-05:00,595.9225,600.8799,593.9,597.145,60288.0
2026-02-12 11:05:00-05:00,597.15,597.3,589.0,592.27,52514.0
2026-02-12 11:10:00-05:00,593.2801,595.91,590.44,594.845,42595.0
2026-02-12 11:15:00-05:00,594.71,596.0,583.01,586.31,94468.0
2026-02-12 11:20:00-05:00,586.615,587.828,581.0,582.0,67107.0
2026-02-12 11:25:00-05:00,582.0,582.58,570.5666,570.87,103077.0
2026-02-12 11:30:00-05:00,570.38,574.771,568.2,573.73,87927.0
2026-02-12 11:35:00-05:00,573.93,587.44,573.62,587.21,100978.0
2026-02-12 11:40:00-05:00,586.01,590.88,584.0,584.0,45947.0
2026-02-12 11:45:00-05:00,586.14,589.1999,584.3901,586.115,32669.0
2026-02-12 11:50:00-05:00,586.0075,586.115,582.77,584.155,33053.0
2026-02-12 11:55:00-05:00,583.905,589.81,583.905,589.18,34470.0
2026-02-12 12:00:00-05:00,587.855,592.99,584.06,592.37,60159.0
2026-02-12 12:05:00-05:00,590.49,595.79,590.18,593.15,46590.0
2026-02-12 12:10:00-05:00,593.8,594.05,589.33,590.8099,31066.0
2026-02-12 12:15:00-05:00,590.81,591.22,587.09,587.57,30657.0
2026-02-12 12:20:00-05:00,587.97,594.86,587.97,593.835,32120.0
2026-02-12 12:25:00-05:00,594.88,598.97,592.4,594.4,75873.0
2026-02-12 12:30:00-05:00,594.955,596.4,589.91,593.9159,23030.0
2026-02-12 12:35:00-05:00,592.12,593.24,589.75,590.625,35392.0
2026-02-12 12:40:00-05:00,590.625,592.74,588.0,588.15,32093.0
2026-02-12 12:45:00-05:00,588.745,590.68,587.94,590.595,30100.0
2026-02-12 12:50:00-05:00,591.47,596.49,589.01,589.945,37429.0
2026-02-12 12:55:00-05:00,589.01,589.47,585.0,586.0,38434.0
2026-02-12 13:00:00-05:00,585.0,586.0,582.99,585.7,55551.0
2026-02-12 13:05:00-05:00,585.0,588.425,584.59,587.14,14774.0
2026-02-12 13:10:00-05:00,587.485,587.485,585.28,587.02,15633.0
2026-02-12 13:15:00-05:00,586.41,588.0,582.0,583.6,19900.0
2026-02-12 13:20:00-05:00,583.93,589.8588,583.93,589.035,13302.0
2026-02-12 13:25:00-05:00,589.045,589.36,582.84,586.2,26754.0
2026-02-12 13:30:00-05:00,586.21,587.99,584.66,586.17,12166.0
2026-02-12 13:35:00-05:00,586.305,588.6606,586.0,587.69,10894.0
2026-02-12 13:40:00-05:00,587.72,591.23,587.17,590.84,14592.0
2026-02-12 13:45:00-05:00,590.415,593.9999,589.99,591.01,20725.0
2026-02-12 13:50:00-05:00,591.97,593.57,590.54,593.15,16247.0
2026-02-12 13:55:00-05:00,593.15,594.77,587.5,589.3188,26734.0
2026-02-12 14:00:00-05:00,589.4775,590.9912,588.71,590.075,16735.0
2026-02-12 14:05:00-05:00,590.4706,591.6,589.0,589.51,23644.0
2026-02-12 14:10:00-05:00,588.14,588.66,585.88,587.215,16981.0
2026-02-12 14:15:00-05:00,588.11,590.48,587.73,588.635,20142.0
2026-02-12 14:20:00-05:00,589.0,589.6,588.2,588.2,12016.0
2026-02-12 14:25:00-05:00,589.07,589.07,583.5401,585.0,24685.0
2026-02-12 14:30:00-05:00,586.3,588.5799,585.0,586.62,16030.0
2026-02-12 14:35:00-05:00,587.35,589.0,585.48,587.96,18135.0
2026-02-12 14:40:00-05:00,587.77,590.98,586.71,589.99,22321.0
2026-02-12 14:45:00-05:00,590.64,591.4,588.8,588.8,17357.0
2026-02-12 14:50:00-05:00,589.91,591.48,589.1,589.805,20859.0
2026-02-12 14:55:00-05:00,589.705,589.705,585.87,586.495,17222.0
2026-02-12 15:00:00-05:00,586.98,587.86,586.0,587.3,23391.0
2026-02-12 15:05:00-05:00,587.99,588.505,585.86,585.87,16889.0
2026-02-12 15:10:00-05:00,585.22,586.75,583.2,586.3,21465.0
2026-02-12 15:15:00-05:00,586.305,586.64,585.24,586.45,18561.0
2026-02-12 15:20:00-05:00,585.71,586.04,583.22,584.6521,23716.0
2026-02-12 15:25:00-05:00,585.04,586.535,582.7,582.7,17559.0
2026-02-12 15:30:00-05:00,582.76,583.72,580.3,581.215,27463.0
2026-02-12 15:35:00-05:00,581.0,582.5647,580.8,582.15,28231.0
2026-02-12 15:40:00-05:00,582.46,582.9,578.0101,578.51,31749.0
2026-02-12 15:45:00-05:00,579.37,579.9599,578.34,578.615,34733.0
2026-02-12 15:50:00-05:00,578.22,582.8199,576.0001,581.79,77907.0
2026-02-12 15:55:00-05:00,582.82,584.81,581.915,582.04,189342.0
2026-02-13 09:30:00-05:00,581.54,586.0,548.0,553.64,383053.0
2026-02-13 09:35:00-05:00,553.52,564.64,545.31,546.71,249111.0
2026-02-13 09:40:00-05:00,547.18,549.29,539.18,540.0,271397.0
2026-02-13 09:45:00-05:00,542.56,559.0,540.08,550.5,160137.0
2026-02-13 09:50:00-05:00,550.5,555.0,546.4081,547.41,107730.0
2026-02-13 09:55:00-05:00,547.41,558.98,542.92,542.99,107171.0
2026-02-13 10:00:00-05:00,542.71,552.0,540.0,548.13,111492.0
2026-02-13 10:05:00-05:00,548.01,555.0,544.23,554.5,78601.0
2026-02-13 10:10:00-05:00,553.49,557.0,551.37,552.84,88578.0
2026-02-13 10:15:00-05:00,553.06,554.73,547.0,550.095,60505.0
2026-02-13 10:20:00-05:00,549.94,555.1,549.5,552.05,53675.0
2026-02-13 10:25:00-05:00,551.975,560.0,551.975,557.19,54364.0
2026-02-13 10:30:00-05:00,557.8799,565.8,557.8799,563.0001,76789.0
2026-02-13 10:35:00-05:00,563.765,569.0,560.82,562.41,89287.0
2026-02-13 10:40:00-05:00,562.41,569.445,560.8401,566.735,75767.0
2026-02-13 10:45:00-05:00,566.87,567.99,558.18,559.0,53600.0
2026-02-13 10:50:00-05:00,559.0286,565.99,559.0,565.15,24495.0
2026-02-13 10:55:00-05:00,564.02,567.0,560.76,563.105,19077.0
2026-02-13 11:00:00-05:00,563.96,570.51,563.96,569.34,31237.0
2026-02-13 11:05:00-05:00,568.85,571.8299,568.85,570.49,29770.0
2026-02-13 11:10:00-05:00,570.055,570.065,565.35,566.83,20262.0
2026-02-13 11:15:00-05:00,566.83,568.21,563.86,564.445,21790.0
2026-02-13 11:20:00-05:00,564.0,569.23,563.885,569.23,23752.0
2026-02-13 11:25:00-05:00,568.8425,572.92,567.58,570.9525,25375.0
2026-02-13 11:30:00-05:00,571.05,572.28,568.43,569.01,16325.0
2026-02-13 11:35:00-05:00,568.58,573.37,568.58,573.36,18302.0
2026-02-13 11:40:00-05:00,572.31,578.93,570.51,578.93,29747.0
2026-02-13 11:45:00-05:00,579.0,579.89,575.7501,579.89,25164.0
2026-02-13 11:50:00-05:00,577.745,580.41,577.74,578.36,32270.0
2026-02-13 11:55:00-05:00,578.36,580.88,577.83,578.05,26196.0
2026-02-13 12:00:00-05:00,577.88,579.67,577.38,577.38,19426.0
2026-02-13 12:05:00-05:00,578.03,585.805,578.01,584.785,46568.0
2026-02-13 12:10:00-05:00,583.65,586.0,582.87,585.98,41480.0
2026-02-13 12:15:00-05:00,586.0,588.8,582.67,584.66,40425.0
2026-02-13 12:20:00-05:00,584.88,588.0,584.05,586.72,33117.0
2026-02-13 12:25:00-05:00,586.9,587.39,584.19,586.67,46551.0
2026-02-13 12:30:00-05:00,586.48,589.98,585.51,588.5,41618.0
2026-02-13 12:35:00-05:00,588.53,592.0,588.53,591.735,33511.0
2026-02-13 12:40:00-05:00,591.725,593.4,591.5,592.13,52521.0
2026-02-13 12:45:00-05:00,591.68,592.8799,588.72,589.875,52143.0
2026-02-13 12:50:00-05:00,589.875,589.92,586.54,587.505,46225.0
2026-02-13 12:55:00-05:00,587.91,588.27,584.53,585.16,27769.0
2026-02-13 13:00:00-05:00,585.32,587.71,584.86,584.86,19443.0
2026-02-13 13:05:00-05:00,584.91,587.92,584.11,587.92,16407.0
2026-02-13 13:10:00-05:00,586.84,588.0,585.6,586.62,16087.0
2026-02-13 13:15:00-05:00,586.3,586.3,581.0,582.14,28830.0
2026-02-13 13:20:00-05:00,583.09,585.3999,581.9401,582.5,19750.0
2026-02-13 13:25:00-05:00,582.01,583.14,578.88,579.27,27389.0
2026-02-13 13:30:00-05:00,578.83,580.622,578.49,580.622,29308.0
2026-02-13 13:35:00-05:00,580.622,581.09,576.78,578.84,21661.0
2026-02-13 13:40:00-05:00,578.55,579.15,577.63,577.7801,15633.0
2026-02-13 13:45:00-05:00,578.12,584.0,578.12,581.895,15119.0
2026-02-13 13:50:00-05:00,580.33,580.445,575.38,575.93,22596.0
2026-02-13 13:55:00-05:00,575.69,576.6518,574.2824,574.93,32273.0
2026-02-13 14:00:00-05:00,575.0,575.68,572.0101,572.13,20865.0
2026-02-13 14:05:00-05:00,572.56,573.4999,571.571,572.1332,17072.0
2026-02-13 14:10:00-05:00,572.21,572.65,569.6173,570.475,26452.0
2026-02-13 14:15:00-05:00,569.5789,571.5,569.11,571.5,12106.0
2026-02-13 14:20:00-05:00,570.05,571.0049,568.39,568.69,33320.0
2026-02-13 14:25:00-05:00,568.54,568.5675,565.6,566.345,45293.0
2026-02-13 14:30:00-05:00,567.46,569.87,565.87,567.02,32642.0
2026-02-13 14:35:00-05:00,567.2121,567.75,562.83,564.31,65439.0
2026-02-13 14:40:00-05:00,562.88,565.5,561.3001,565.315,34712.0
2026-02-13 14:45:00-05:00,565.33,568.01,565.0401,566.19,47363.0
2026-02-13 14:50:00-05:00,566.4,566.95,563.2801,564.21,42193.0
2026-02-13 14:55:00-05:00,564.97,566.04,558.3001,560.99,37115.0
2026-02-13 15:00:00-05:00,561.45,562.15,559.5,560.04,36193.0
2026-02-13 15:05:00-05:00,559.9251,560.0,556.0,558.4899,36344.0
2026-02-13 15:10:00-05:00,557.82,558.4899,554.35,556.015,33129.0
2026-02-13 15:15:00-05:00,556.0,558.8899,554.0101,558.8899,53888.0
2026-02-13 15:20:00-05:00,558.6,558.6,554.79,554.79,37281.0
2026-02-13 15:25:00-05:00,555.0,556.1499,552.665,554.46,30484.0
2026-02-13 15:30:00-05:00,555.0,555.0,552.78,553.36,41919.0
2026-02-13 15:35:00-05:00,553.305,553.92,552.41,553.6999,29747.0
2026-02-13 15:40:00-05:00,553.45,554.3,551.2,552.305,69664.0
2026-02-13 15:45:00-05:00,552.315,559.2,550.55,556.07,76585.0
2026-02-13 15:50:00-05:00,556.99,562.98,556.99,559.75,107453.0
2026-02-13 15:55:00-05:00,560.31,562.88,559.24,562.74,281159.0
2026-02-17 09:30:00-05:00,538.0,543.99,528.01,540.67,322318.0
2026-02-17 09:35:00-05:00,540.11,555.46,537.56,552.945,145105.0
2026-02-17 09:40:00-05:00,551.89,557.94,547.96,554.465,137078.0
2026-02-17 09:45:00-05:00,554.465,559.19,550.0,557.61,105522.0
2026-02-17 09:50:00-05:00,557.85,558.06,547.59,550.25,88801.0
2026-02-17 09:55:00-05:00,550.25,556.62,545.95,547.66,56269.0
2026-02-17 10:00:00-05:00,547.13,554.7999,545.81,554.075,97156.0
2026-02-17 10:05:00-05:00,554.48,555.86,544.01,548.84,69639.0
2026-02-17 10:10:00-05:00,549.53,551.66,546.08,550.495,64679.0
2026-02-17 10:15:00-05:00,550.815,570.99,550.815,570.86,110977.0
2026-02-17 10:20:00-05:00,571.5,572.83,563.88,567.11,90225.0
2026-02-17 10:25:00-05:00,568.59,574.9428,562.89,572.7,95906.0
2026-02-17 10:30:00-05:00,572.78,581.0,572.78,578.845,115905.0
2026-02-17 10:35:00-05:00,579.28,582.6,571.4301,571.4301,79007.0
2026-02-17 10:40:00-05:00,572.28,575.32,570.33,574.91,53219.0
2026-02-17 10:45:00-05:00,575.2067,583.99,572.49,581.23,69199.0
2026-02-17 10:50:00-05:00,580.56,585.9999,578.17,581.855,74905.0
2026-02-17 10:55:00-05:00,581.86,587.24,581.86,587.0,42130.0
2026-02-17 11:00:00-05:00,588.0,590.16,586.15,587.93,106897.0
2026-02-17 11:05:00-05:00,586.8983,595.0,586.8983,594.3909,84529.0
2026-02-17 11:10:00-05:00,595.0,597.98,591.7801,594.6,85373.0
2026-02-17 11:15:00-05:00,594.475,595.9205,589.12,591.58,100604.0
2026-02-17 11:20:00-05:00,591.5,592.3,589.1201,590.18,48336.0
2026-02-17 11:25:00-05:00,590.5,591.78,587.44,589.88,38661.0
2026-02-17 11:30:00-05:00,589.8,594.16,589.29,593.7999,38742.0
2026-02-17 11:35:00-05:00,592.625,597.84,592.3967,593.93,54331.0
2026-02-17 11:40:00-05:00,593.9,594.72,590.0,592.5,62381.0
2026-02-17 11:45:00-05:00,593.49,593.73,590.93,591.3,50031.0
2026-02-17 11:50:00-05:00,591.44,593.5,590.01,593.5,36737.0
2026-02-17 11:55:00-05:00,591.9414,597.5,591.9414,597.5,48048.0
2026-02-17 12:00:00-05:00,596.75,603.4,596.0,602.29,128489.0
2026-02-17 12:05:00-05:00,602.11,602.87,597.67,597.6701,68146.0
2026-02-17 12:10:00-05:00,597.3201,599.59,592.67,594.68,36932.0
2026-02-17 12:15:00-05:00,595.52,602.39,595.2,601.0,46450.0
2026-02-17 12:20:00-05:00,600.75,601.07,598.02,600.445,29804.0
2026-02-17 12:25:00-05:00,600.99,603.0,597.0,598.905,59959.0
2026-02-17 12:30:00-05:00,598.72,598.725,592.35,594.0,67580.0
2026-02-17 12:35:00-05:00,593.87,597.66,592.6301,596.88,28443.0
2026-02-17 12:40:00-05:00,596.14,597.27,593.0,594.12,34112.0
2026-02-17 12:45:00-05:00,593.19,599.31,592.63,598.43,33881.0
2026-02-17 12:50:00-05:00,599.4599,600.0,592.83,594.03,49728.0
2026-02-17 12:55:00-05:00,594.035,600.04,594.01,599.5,38223.0
2026-02-17 13:00:00-05:00,599.49,600.5,597.0,598.62,35045.0
2026-02-17 13:05:00-05:00,598.08,598.08,595.37,597.99,35584.0
2026-02-17 13:10:00-05:00,597.5,603.89,597.13,602.55,65138.0
2026-02-17 13:15:00-05:00,601.32,604.88,599.4323,601.76,35611.0
2026-02-17 13:20:00-05:00,600.0,608.68,600.0,607.665,78859.0
2026-02-17 13:25:00-05:00,607.02,607.5,601.4801,604.245,37759.0
2026-02-17 13:30:00-05:00,604.245,607.5,603.0001,606.845,33836.0
2026-02-17 13:35:00-05:00,606.39,609.93,604.7001,608.16,65751.0
2026-02-17 13:40:00-05:00,607.605,612.5,607.605,610.47,75650.0
2026-02-17 13:45:00-05:00,609.75,611.5,608.0,609.045,32192.0
2026-02-17 13:50:00-05:00,610.0,612.93,608.16,612.93,40483.0
2026-02-17 13:55:00-05:00,612.49,613.5,607.54,609.54,39931.0
2026-02-17 14:00:00-05:00,609.91,611.26,604.5145,606.06,65541.0
2026-02-17 14:05:00-05:00,605.51,610.0,605.0,608.95,29164.0
2026-02-17 14:10:00-05:00,608.94,608.9999,604.48,608.2,18869.0
2026-02-17 14:15:00-05:00,608.53,612.95,607.81,611.955,37118.0
2026-02-17 14:20:00-05:00,612.225,614.66,610.51,613.23,57441.0
2026-02-17 14:25:00-05:00,612.7,613.84,609.6,609.9,57806.0
2026-02-17 14:30:00-05:00,609.875,614.65,609.875,611.9904,51170.0
2026-02-17 14:35:00-05:00,611.75,616.52,610.39,611.24,70011.0
2026-02-17 14:40:00-05:00,611.11,613.88,609.81,610.87,43467.0
2026-02-17 14:45:00-05:00,611.16,612.9848,609.05,612.9848,40215.0
2026-02-17 14:50:00-05:00,612.43,612.43,609.0,610.69,46648.0
2026-02-17 14:55:00-05:00,611.9999,612.17,609.1701,610.0,17959.0
2026-02-17 15:00:00-05:00,610.16,612.0,609.77,611.13,38504.0
2026-02-17 15:05:00-05:00,611.335,611.94,607.33,608.21,62656.0
2026-02-17 15:10:00-05:00,608.21,609.2899,607.1101,607.9,29248.0
2026-02-17 15:15:00-05:00,608.01,609.52,605.67,606.0,32780.0
2026-02-17 15:20:00-05:00,606.6,606.66,601.01,601.965,60509.0
2026-02-17 15:25:00-05:00,602.12,603.82,600.0001,600.91,50006.0
2026-02-17 15:30:00-05:00,601.01,601.9,596.61,599.055,98079.0
2026-02-17 15:35:00-05:00,599.0,602.2699,598.49,600.715,53659.0
2026-02-17 15:40:00-05:00,600.715,603.69,600.02,603.08,50893.0
2026-02-17 15:45:00-05:00,602.51,606.26,601.0,605.97,53929.0
2026-02-17 15:50:00-05:00,605.0,605.01,597.2,602.0,95716.0
2026-02-17 15:55:00-05:00,601.81,601.99,599.07,600.22,216242.0
2026-02-18 09:30:00-05:00,602.09,606.58,587.0,599.0,249275.0
2026-02-18 09:35:00-05:00,598.995,605.5,593.51,596.5379,89810.0
2026-02-18 09:40:00-05:00,596.535,607.0,593.523,604.99,98930.0
2026-02-18 09:45:00-05:00,604.98,610.3,601.12,604.17,81956.0
2026-02-18 09:50:00-05:00,603.865,605.2,597.0001,600.81,62951.0
2026-02-18 09:55:00-05:00,601.145,604.37,600.0,603.68,33697.0
2026-02-18 10:00:00-05:00,603.57,605.45,601.82,603.01,37378.0
2026-02-18 10:05:00-05:00,603.09,603.49,593.88,596.3458,80585.0
2026-02-18 10:10:00-05:00,595.96,600.51,595.2001,597.715,54871.0
2026-02-18 10:15:00-05:00,598.67,600.77,597.2901,597.2901,33865.0
2026-02-18 10:20:00-05:00,597.8,599.9997,595.2,597.095,33683.0
2026-02-18 10:25:00-05:00,597.13,601.33,595.57,597.67,81492.0
2026-02-18 10:30:00-05:00,598.0,598.02,595.0,596.7175,39567.0
2026-02-18 10:35:00-05:00,597.19,602.9999,597.19,602.99,37955.0
2026-02-18 10:40:00-05:00,602.9,605.3,602.01,602.49,32979.0
2026-02-18 10:45:00-05:00,602.52,605.8,600.3201,604.8,34026.0
2026-02-18 10:50:00-05:00,605.48,608.85,605.395,608.18,41227.0
2026-02-18 10:55:00-05:00,607.97,607.97,603.55,606.67,20973.0
2026-02-18 11:00:00-05:00,606.67,608.23,605.84,606.47,25533.0
2026-02-18 11:05:00-05:00,605.4101,606.2,602.2399,603.57,21828.0
2026-02-18 11:10:00-05:00,603.6,603.6,599.0001,600.53,29952.0
2026-02-18 11:15:00-05:00,600.785,601.32,596.635,597.46,57746.0
2026-02-18 11:20:00-05:00,597.9,600.01,596.87,599.42,33323.0
2026-02-18 11:25:00-05:00,599.775,604.0,599.5125,603.59,20645.0
2026-02-18 11:30:00-05:00,603.68,603.955,599.755,601.6,27479.0
2026-02-18 11:35:00-05:00,601.835,603.2,600.2218,602.18,21590.0
2026-02-18 11:40:00-05:00,602.18,603.6,601.0,601.405,17690.0
2026-02-18 11:45:00-05:00,600.24,602.51,600.24,600.3,8475.0
2026-02-18 11:50:00-05:00,600.0001,600.57,598.181,599.63,15041.0
2026-02-18 11:55:00-05:00,598.94,599.17,597.2134,599.0,16176.0
2026-02-18 12:00:00-05:00,598.5579,601.9399,598.5579,601.57,29074.0
2026-02-18 12:05:00-05:00,602.025,602.025,597.0,598.4072,27808.0
2026-02-18 12:10:00-05:00,597.74,598.755,595.0,596.96,35127.0
2026-02-18 12:15:00-05:00,597.2481,598.03,596.435,597.36,11581.0
2026-02-18 12:20:00-05:00,598.17,598.68,596.93,598.68,12398.0
2026-02-18 12:25:00-05:00,598.26,599.9899,597.65,599.15,6861.0
2026-02-18 12:30:00-05:00,599.89,600.13,597.8743,597.8743,10435.0
2026-02-18 12:35:00-05:00,597.66,598.57,597.345,598.57,7912.0
2026-02-18 12:40:00-05:00,598.84,598.85,597.31,597.95,13693.0
2026-02-18 12:45:00-05:00,598.61,600.1,597.95,598.05,22538.0
2026-02-18 12:50:00-05:00,598.39,599.19,597.79,598.84,6758.0
2026-02-18 12:55:00-05:00,598.5,600.73,598.5,600.29,16097.0
2026-02-18 13:00:00-05:00,600.73,604.36,599.77,600.33,33314.0
2026-02-18 13:05:00-05:00,601.0,601.55,599.5,599.5,10237.0
2026-02-18 13:10:00-05:00,598.93,599.62,598.0101,598.0101,16697.0
2026-02-18 13:15:00-05:00,598.475,601.17,598.42,600.6,20104.0
2026-02-18 13:20:00-05:00,600.67,600.67,598.668,598.94,6009.0
2026-02-18 13:25:00-05:00,598.71,599.1443,597.0,598.71,14398.0
2026-02-18 13:30:00-05:00,598.77,598.77,595.69,597.35,22678.0
2026-02-18 13:35:00-05:00,597.2,599.12,597.2,598.715,9657.0
2026-02-18 13:40:00-05:00,598.02,598.02,596.0,596.4618,11287.0
2026-02-18 13:45:00-05:00,597.0,597.0,594.21,595.6,26319.0
2026-02-18 13:50:00-05:00,595.5,596.16,592.88,596.16,22779.0
2026-02-18 13:55:00-05:00,595.5,597.49,595.21,595.985,17666.0
2026-02-18 14:00:00-05:00,596.28,599.0,595.63,597.0,18582.0
2026-02-18 14:05:00-05:00,597.145,599.54,596.9,599.54,10437.0
2026-02-18 14:10:00-05:00,598.8275,601.37,598.05,600.2,21343.0
2026-02-18 14:15:00-05:00,600.71,603.18,600.69,603.18,21832.0
2026-02-18 14:20:00-05:00,602.54,604.3,599.04,600.945,69654.0
2026-02-18 14:25:00-05:00,600.615,600.675,596.5001,597.695,18613.0
2026-02-18 14:30:00-05:00,598.29,598.59,594.1,597.2,19870.0
2026-02-18 14:35:00-05:00,596.0,597.24,593.84,594.1601,19749.0
2026-02-18 14:40:00-05:00,594.82,595.71,592.88,593.885,17901.0
2026-02-18 14:45:00-05:00,594.0,598.0,594.0,597.7214,20246.0
2026-02-18 14:50:00-05:00,597.48,597.48,595.48,596.0,15807.0
2026-02-18 14:55:00-05:00,595.935,596.21,592.77,594.1799,16991.0
2026-02-18 15:00:00-05:00,593.12,596.66,592.5801,595.82,19447.0
2026-02-18 15:05:00-05:00,595.65,596.06,593.31,593.745,16760.0
2026-02-18 15:10:00-05:00,592.89,593.66,590.37,590.91,33364.0
2026-02-18 15:15:00-05:00,590.66,591.77,588.88,591.27,40704.0
2026-02-18 15:20:00-05:00,591.2303,591.2303,588.01,590.79,36583.0
2026-02-18 15:25:00-05:00,590.67,591.88,589.4,590.165,15543.0
2026-02-18 15:30:00-05:00,590.165,592.61,589.0,591.93,29236.0
2026-02-18 15:35:00-05:00,591.61,594.7299,590.82,594.025,34625.0
2026-02-18 15:40:00-05:00,594.66,596.98,594.03,596.58,43176.0
2026-02-18 15:45:00-05:00,596.74,600.8899,596.5,598.09,66767.0
2026-02-18 15:50:00-05:00,597.84,599.1499,596.88,598.17,35989.0
2026-02-18 15:55:00-05:00,598.41,598.41,593.52,594.01,113913.0
2026-02-19 09:30:00-05:00,592.565,598.0,578.3,580.933,108169.0
2026-02-19 09:35:00-05:00,579.0,591.3016,578.7,591.09,44086.0
2026-02-19 09:40:00-05:00,590.81,590.81,585.0,589.0,32072.0
2026-02-19 09:45:00-05:00,589.135,589.7,579.36,585.185,50862.0
2026-02-19 09:50:00-05:00,585.74,593.99,585.74,587.66,31142.0
2026-02-19 09:55:00-05:00,586.27,593.0,586.27,590.3201,28039.0
2026-02-19 10:00:00-05:00,589.72,593.49,586.5,590.355,51305.0
2026-02-19 10:05:00-05:00,590.0,591.6,588.08,590.74,24114.0
2026-02-19 10:10:00-05:00,590.5,593.5,590.5,591.305,28115.0
2026-02-19 10:15:00-05:00,592.27,597.37,591.925,595.575,42234.0
2026-02-19 10:20:00-05:00,595.38,596.6,592.02,594.9,58442.0
2026-02-19 10:25:00-05:00,594.2,595.6,592.0,593.15,25831.0
2026-02-19 10:30:00-05:00,593.245,597.39,592.075,596.5605,50551.0
2026-02-19 10:35:00-05:00,597.17,599.026,595.81,597.25,27191.0
2026-02-19 10:40:00-05:00,597.9,602.0,597.82,599.595,46721.0
2026-02-19 10:45:00-05:00,599.69,604.19,599.19,604.19,43805.0
2026-02-19 10:50:00-05:00,603.85,605.445,601.245,603.58,40639.0
2026-02-19 10:55:00-05:00,603.51,608.8499,603.32,607.01,49480.0
2026-02-19 11:00:00-05:00,607.99,611.635,607.0216,607.15,68287.0
2026-02-19 11:05:00-05:00,607.61,611.7799,606.83,611.04,45540.0
2026-02-19 11:10:00-05:00,610.95,611.71,608.0001,608.42,24720.0
2026-02-19 11:15:00-05:00,608.83,612.4699,607.66,611.585,58774.0
2026-02-19 11:20:00-05:00,612.0,616.89,611.98,615.5,74313.0
2026-02-19 11:25:00-05:00,614.5001,619.22,614.4975,618.0625,83135.0
2026-02-19 11:30:00-05:00,618.8,624.5899,618.205,624.22,79278.0
2026-02-19 11:35:00-05:00,623.825,625.6,622.0,624.655,62984.0
2026-02-19 11:40:00-05:00,624.61,625.2064,621.0,622.77,44672.0
2026-02-19 11:45:00-05:00,621.5401,623.99,619.2211,619.71,56822.0
2026-02-19 11:50:00-05:00,619.42,624.43,618.46,624.105,54330.0
2026-02-19 11:55:00-05:00,624.105,624.24,616.74,617.855,33943.0
2026-02-19 12:00:00-05:00,617.45,618.0564,612.0,613.8,78256.0
2026-02-19 12:05:00-05:00,613.61,618.57,612.0,614.25,48457.0
2026-02-19 12:10:00-05:00,614.0,616.43,612.7109,614.25,22514.0
2026-02-19 12:15:00-05:00,614.25,618.99,614.25,618.6731,28138.0
2026-02-19 12:20:00-05:00,618.4326,622.0,617.4,621.5,52227.0
2026-02-19 12:25:00-05:00,620.79,621.53,619.0,620.32,25950.0
2026-02-19 12:30:00-05:00,620.54,623.0,620.54,622.2,40204.0
2026-02-19 12:35:00-05:00,622.485,623.7781,621.3001,622.62,43363.0
2026-02-19 12:40:00-05:00,622.62,622.8,619.66,620.855,24001.0
2026-02-19 12:45:00-05:00,620.855,620.88,619.0,619.89,28206.0
2026-02-19 12:50:00-05:00,619.92,623.0,617.59,622.8,53104.0
2026-02-19 12:55:00-05:00,622.105,624.8023,620.75,620.75,25091.0
2026-02-19 13:00:00-05:00,620.0,622.54,620.0,621.05,13052.0
2026-02-19 13:05:00-05:00,620.43,627.97,620.43,626.53,51235.0
2026-02-19 13:10:00-05:00,626.22,629.9499,625.6885,629.26,32760.0
2026-02-19 13:15:00-05:00,629.23,629.42,626.66,627.07,31253.0
2026-02-19 13:20:00-05:00,627.11,628.19,624.0,624.53,28647.0
2026-02-19 13:25:00-05:00,624.17,626.71,623.42,624.7801,20543.0
2026-02-19 13:30:00-05:00,624.27,629.0,624.27,627.03,80486.0
2026-02-19 13:35:00-05:00,627.5,628.03,623.75,626.06,18982.0
2026-02-19 13:40:00-05:00,626.18,627.0,623.9,626.405,36469.0
2026-02-19 13:45:00-05:00,626.5,630.8,626.165,628.98,43084.0
2026-02-19 13:50:00-05:00,628.98,630.16,626.14,626.255,33062.0
2026-02-19 13:55:00-05:00,626.0,626.12,621.49,625.01,59390.0
2026-02-19 14:00:00-05:00,625.39,625.7699,620.3201,622.135,20797.0
2026-02-19 14:05:00-05:00,622.135,631.1,622.135,630.3,50414.0
2026-02-19 14:10:00-05:00,631.08,631.08,627.0,627.1675,26273.0
2026-02-19 14:15:00-05:00,627.5857,628.16,624.0,628.16,23077.0
2026-02-19 14:20:00-05:00,627.6,633.37,627.255,631.0,38693.0
2026-02-19 14:25:00-05:00,631.1,632.0,628.01,628.87,36692.0
2026-02-19 14:30:00-05:00,630.12,631.9271,629.3169,630.755,25388.0
2026-02-19 14:35:00-05:00,630.755,631.26,628.0,628.0558,23101.0
2026-02-19 14:40:00-05:00,627.5,629.97,625.88,628.275,27307.0
2026-02-19 14:45:00-05:00,628.29,629.9999,627.0801,629.85,31783.0
2026-02-19 14:50:00-05:00,629.3344,630.5799,628.81,629.72,34534.0
2026-02-19 14:55:00-05:00,629.66,630.02,627.02,627.245,29752.0
2026-02-19 15:00:00-05:00,627.99,630.57,627.1027,629.97,32664.0
2026-02-19 15:05:00-05:00,629.425,629.96,627.67,628.31,22129.0
2026-02-19 15:10:00-05:00,628.11,630.285,628.11,629.0,25556.0
2026-02-19 15:15:00-05:00,629.18,630.7,627.67,630.7,39244.0
2026-02-19 15:20:00-05:00,630.53,631.04,627.98,627.98,34001.0
2026-02-19 15:25:00-05:00,628.155,628.61,627.0,627.07,71801.0
2026-02-19 15:30:00-05:00,626.5,630.89,626.0,629.79,42631.0
2026-02-19 15:35:00-05:00,630.37,631.991,629.51,631.285,28154.0
2026-02-19 15:40:00-05:00,632.0,633.81,631.48,633.6724,42299.0
2026-02-19 15:45:00-05:00,633.67,633.81,632.39,632.77,36565.0
2026-02-19 15:50:00-05:00,632.52,636.68,628.04,635.5,114543.0
2026-02-19 15:55:00-05:00,636.0,636.24,633.52,635.72,158141.0
2026-02-20 09:30:00-05:00,638.0,649.25,636.0,647.5,175998.0
2026-02-20 09:35:00-05:00,648.5,657.52,642.9,647.0,195621.0
2026-02-20 09:40:00-05:00,646.82,657.69,645.63,653.81,112458.0
2026-02-20 09:45:00-05:00,653.31,662.0,651.43,659.72,149829.0
2026-02-20 09:50:00-05:00,659.9,659.9,650.01,654.45,114988.0
2026-02-20 09:55:00-05:00,653.8975,659.5,652.1,653.3514,68498.0
2026-02-20 10:00:00-05:00,654.44,664.0,653.7867,657.88,131553.0
2026-02-20 10:05:00-05:00,658.0,659.64,651.5,653.5,68699.0
2026-02-20 10:10:00-05:00,654.0,657.6,651.6001,652.46,57978.0
2026-02-20 10:15:00-05:00,652.875,659.33,650.5,656.115,55002.0
2026-02-20 10:20:00-05:00,656.115,659.96,653.65,656.21,56926.0
2026-02-20 10:25:00-05:00,657.215,659.67,656.7743,657.53,44541.0
2026-02-20 10:30:00-05:00,657.55,660.045,655.0,660.045,53012.0
2026-02-20 10:35:00-05:00,660.05,667.42,658.14,666.69,112053.0
2026-02-20 10:40:00-05:00,666.69,671.257,663.6,669.25,140070.0
2026-02-20 10:45:00-05:00,668.99,671.998,666.0,668.81,72426.0
2026-02-20 10:50:00-05:00,668.29,669.89,665.83,668.5,48956.0
2026-02-20 10:55:00-05:00,668.44,674.0,668.44,673.43,70034.0
2026-02-20 11:00:00-05:00,673.45,675.72,671.635,673.635,78547.0
2026-02-20 11:05:00-05:00,673.0925,675.78,671.43,675.36,44324.0
2026-02-20 11:10:00-05:00,675.36,678.0,675.0632,675.96,58132.0
2026-02-20 11:15:00-05:00,675.53,677.665,673.1,676.99,52564.0
2026-02-20 11:20:00-05:00,677.46,677.5629,674.5,674.5,48746.0
2026-02-20 11:25:00-05:00,674.23,675.0,671.39,671.39,64020.0
2026-02-20 11:30:00-05:00,671.575,675.34,671.0,673.74,33402.0
2026-02-20 11:35:00-05:00,674.47,676.0,671.01,673.0,45033.0
2026-02-20 11:40:00-05:00,673.58,674.04,670.84,671.47,45676.0
2026-02-20 11:45:00-05:00,672.34,674.8,671.81,672.08,31199.0
2026-02-20 11:50:00-05:00,672.74,675.4099,671.82,675.4099,36120.0
2026-02-20 11:55:00-05:00,675.0,675.02,671.0001,673.4299,49835.0
2026-02-20 12:00:00-05:00,672.36,672.68,670.2,671.56,21357.0
2026-02-20 12:05:00-05:00,672.0249,674.03,671.0,671.74,46195.0
2026-02-20 12:10:00-05:00,671.82,672.3,668.13,668.66,43420.0
2026-02-20 12:15:00-05:00,669.405,670.1799,666.8662,669.145,35355.0
2026-02-20 12:20:00-05:00,668.4301,672.6098,667.45,670.65,34567.0
2026-02-20 12:25:00-05:00,670.2,671.18,668.08,669.165,57604.0
2026-02-20 12:30:00-05:00,668.67,672.4,667.47,670.6,39169.0
2026-02-20 12:35:00-05:00,670.77,670.795,668.31,670.59,22185.0
2026-02-20 12:40:00-05:00,670.14,673.17,669.47,672.535,24288.0
2026-02-20 12:45:00-05:00,673.49,676.75,673.0,674.86,34206.0
2026-02-20 12:50:00-05:00,675.0,676.0,673.5,674.87,21571.0
2026-02-20 12:55:00-05:00,674.87,674.87,671.09,671.14,28761.0
2026-02-20 13:00:00-05:00,671.79,674.66,671.3001,674.24,20658.0
2026-02-20 13:05:00-05:00,674.48,674.5899,671.4,671.85,20046.0
2026-02-20 13:10:00-05:00,671.25,671.83,668.3273,669.4,27562.0
2026-02-20 13:15:00-05:00,669.4,669.85,666.25,669.32,29117.0
2026-02-20 13:20:00-05:00,667.59,669.04,665.58,667.69,25815.0
2026-02-20 13:25:00-05:00,667.69,669.47,666.99,667.724,13381.0
2026-02-20 13:30:00-05:00,668.0,673.48,667.0,672.2,26989.0
2026-02-20 13:35:00-05:00,671.03,673.17,668.0,670.2,21796.0
2026-02-20 13:40:00-05:00,670.985,672.9474,670.985,671.1,7048.0
2026-02-20 13:45:00-05:00,671.32,674.0,671.32,672.66,22305.0
2026-02-20 13:50:00-05:00,673.07,674.76,671.4,672.88,17536.0
2026-02-20 13:55:00-05:00,673.635,673.6825,670.975,670.975,15677.0
2026-02-20 14:00:00-05:00,671.61,671.72,668.2074,670.0399,18318.0
2026-02-20 14:05:00-05:00,668.32,668.9,667.2,667.47,15613.0
2026-02-20 14:10:00-05:00,667.48,670.79,667.0,668.54,14565.0
2026-02-20 14:15:00-05:00,668.4108,668.61,667.63,667.63,10365.0
2026-02-20 14:20:00-05:00,668.21,668.36,666.2201,667.18,18881.0
2026-02-20 14:25:00-05:00,667.185,667.23,664.26,664.92,21896.0
2026-02-20 14:30:00-05:00,665.0,667.51,664.29,665.43,31194.0
2026-02-20 14:35:00-05:00,665.44,667.18,663.06,664.265,41490.0
2026-02-20 14:40:00-05:00,663.969,664.7,660.97,661.92,46675.0
2026-02-20 14:45:00-05:00,662.335,664.05,660.7561,661.79,26215.0
2026-02-20 14:50:00-05:00,661.815,662.4549,659.2,660.115,24953.0
2026-02-20 14:55:00-05:00,660.3988,661.29,659.84,659.84,12036.0
2026-02-20 15:00:00-05:00,659.84,660.58,659.0,660.0,33385.0
2026-02-20 15:05:00-05:00,660.26,661.99,658.8001,661.385,39588.0
2026-02-20 15:10:00-05:00,660.89,661.7799,659.4,661.24,35760.0
2026-02-20 15:15:00-05:00,661.24,661.92,658.9,659.23,35725.0
2026-02-20 15:20:00-05:00,659.145,659.55,656.15,657.78,32117.0
2026-02-20 15:25:00-05:00,658.28,662.3925,657.78,661.47,33752.0
2026-02-20 15:30:00-05:00,661.14,664.76,661.14,663.65,39449.0
2026-02-20 15:35:00-05:00,663.7138,665.92,662.92,665.175,29306.0
2026-02-20 15:40:00-05:00,665.46,668.28,665.0,667.755,45569.0
2026-02-20 15:45:00-05:00,667.69,667.69,665.01,665.5,36884.0
2026-02-20 15:50:00-05:00,665.85,666.74,664.6,666.49,54467.0
2026-02-20 15:55:00-05:00,665.83,668.88,664.59,668.08,178654.0
2026-02-23 09:30:00-05:00,664.05,667.77,653.46,653.46,231481.06701100004
2026-02-23 09:35:00-05:00,654.9,664.38,652.21,660.32,160800.88019
2026-02-23 09:40:00-05:00,660.945,668.9141,656.95,658.6,128149.450006
2026-02-23 09:45:00-05:00,658.0,673.65,656.72,671.94,118551.488745
2026-02-23 09:50:00-05:00,672.3999,679.88,671.65,678.0,158311.378218
2026-02-23 09:55:00-05:00,678.0,679.88,670.2,672.24,115129.014169
2026-02-23 10:00:00-05:00,672.24,677.5,670.61,676.5,116840.47533700001
2026-02-23 10:05:00-05:00,676.55,683.7523,676.55,681.6,125894.165236
2026-02-23 10:10:00-05:00,681.4024,684.45,680.0,680.27,85259.776617
2026-02-23 10:15:00-05:00,679.63,684.0,677.6,682.8,71051.79982500001
2026-02-23 10:20:00-05:00,682.8,687.4,682.5,685.0,68822.210114
2026-02-23 10:25:00-05:00,684.865,685.68,682.13,683.11,43063.418862
2026-02-23 10:30:00-05:00,683.0,688.07,682.82,683.0,62401.409557000006
2026-02-23 10:35:00-05:00,682.8,683.8899,680.0,681.65,40770.65023
2026-02-23 10:40:00-05:00,681.025,681.025,669.0301,671.23,122247.35848599998
2026-02-23 10:45:00-05:00,671.235,672.0,668.91,669.91,42544.512430999996
2026-02-23 10:50:00-05:00,670.13,672.78,666.12,667.0,57564.38573400001
2026-02-23 10:55:00-05:00,667.5,669.1522,665.36,668.74,37114.173375
2026-02-23 11:00:00-05:00,669.27,676.4299,669.0,675.715,79966.132739
2026-02-23 11:05:00-05:00,676.4299,676.985,672.03,673.79,32329.412693000002
2026-02-23 11:10:00-05:00,674.31,675.305,671.09,673.965,25604.255770000003
2026-02-23 11:15:00-05:00,674.55,678.21,673.21,677.58,30832.438197
2026-02-23 11:20:00-05:00,677.73,679.4699,674.04,675.11,42042.498114
2026-02-23 11:25:00-05:00,674.65,676.7999,672.05,673.0,44263.780576
2026-02-23 11:30:00-05:00,673.25,674.99,671.0,674.99,18339.376419
2026-02-23 11:35:00-05:00,674.09,677.34,673.2001,675.275,23257.571529
2026-02-23 11:40:00-05:00,675.305,676.05,672.6,673.67,25858.371737999998
2026-02-23 11:45:00-05:00,673.67,674.4081,671.3601,671.3601,14351.622272
2026-02-23 11:50:00-05:00,672.98,676.29,671.98,673.72,25576.826713000002
2026-02-23 11:55:00-05:00,673.73,675.33,672.87,672.905,22334.329612999998
2026-02-23 12:00:00-05:00,672.1,674.5,670.0,672.64,94821.62310199998
2026-02-23 12:05:00-05:00,672.69,673.0,668.85,668.85,37172.197871
2026-02-23 12:10:00-05:00,669.18,670.51,667.5,670.49,28315.100786000003
2026-02-23 12:15:00-05:00,670.0,672.635,669.7392,671.1465,18681.71252
2026-02-23 12:20:00-05:00,670.36,673.0,669.52,672.0,14307.830122
2026-02-23 12:25:00-05:00,671.64,673.0,670.96,671.99,15915.220038
2026-02-23 12:30:00-05:00,671.99,672.5,669.83,669.98,24781.995254
2026-02-23 12:35:00-05:00,669.83,670.11,666.31,670.11,28387.411077999997
2026-02-23 12:40:00-05:00,669.48,671.41,668.47,670.99,12287.510159999998
2026-02-23 12:45:00-05:00,671.78,671.78,668.796,668.8,10746.753491
2026-02-23 12:50:00-05:00,669.65,672.17,669.18,670.42,34291.625895
2026-02-23 12:55:00-05:00,670.75,673.0,669.75,670.26,22729.282251
2026-02-23 13:00:00-05:00,670.05,670.14,665.22,667.24,56760.607639
2026-02-23 13:05:00-05:00,666.58,670.59,666.5,669.42,24481.358282
2026-02-23 13:10:00-05:00,669.005,672.45,668.5,671.65,15807.252026999999
2026-02-23 13:15:00-05:00,670.9,673.95,670.9,671.53,21846.602919999998
2026-02-23 13:20:00-05:00,671.5,672.29,670.5,671.16,152753.97578399998
2026-02-23 13:25:00-05:00,671.16,672.04,669.05,671.92,33382.007928
2026-02-23 13:30:00-05:00,670.915,671.07,666.0,667.2701,37113.349729999994
2026-02-23 13:35:00-05:00,667.77,667.77,663.17,663.59,38192.496636
2026-02-23 13:40:00-05:00,665.38,665.61,663.75,664.4,14677.719932
2026-02-23 13:45:00-05:00,664.4,664.43,660.31,661.0,33206.39421700001
2026-02-23 13:50:00-05:00,661.0,661.6539,658.01,660.0,38761.617308
2026-02-23 13:55:00-05:00,659.02,661.13,658.4,661.045,19770.661291999997
2026-02-23 14:00:00-05:00,661.63,665.9999,660.0,665.9999,28203.415816
2026-02-23 14:05:00-05:00,664.71,668.72,662.4,668.31,47866.164338999995
2026-02-23 14:10:00-05:00,667.25,667.53,664.8925,665.325,22305.741817
2026-02-23 14:15:00-05:00,664.65,667.95,664.63,666.825,28610.619501
2026-02-23 14:20:00-05:00,668.0,671.51,667.3969,670.56,21645.040824
2026-02-23 14:25:00-05:00,671.03,671.03,668.23,669.925,18225.737935
2026-02-23 14:30:00-05:00,670.5,672.615,669.78,672.36,22708.867169
2026-02-23 14:35:00-05:00,673.0,673.23,669.105,670.253,25447.016859
2026-02-23 14:40:00-05:00,669.84,670.23,667.67,668.66,28014.180727
2026-02-23 14:45:00-05:00,668.23,668.26,665.3314,667.26,12472.850458
2026-02-23 14:50:00-05:00,667.27,667.59,665.61,667.07,20931.804921
2026-02-23 14:55:00-05:00,666.5,668.12,665.76,666.42,17528.677413
2026-02-23 15:00:00-05:00,666.445,668.3599,666.445,667.075,18688.016875999998
2026-02-23 15:05:00-05:00,667.77,667.8,666.0,666.22,14027.48111
2026-02-23 15:10:00-05:00,666.03,668.4,665.5,668.1299,28567.989969
2026-02-23 15:15:00-05:00,668.12,668.4,665.0,665.0,28326.246078000004
2026-02-23 15:20:00-05:00,665.915,667.02,664.8,667.02,22345.191034999996
2026-02-23 15:25:00-05:00,667.4102,667.78,666.6,667.78,21578.318471
2026-02-23 15:30:00-05:00,667.64,669.5,666.75,668.69,37169.298296
2026-02-23 15:35:00-05:00,668.5,669.26,666.14,666.14,38889.226715000004
2026-02-23 15:40:00-05:00,666.26,672.99,666.26,670.505,65788.132352
2026-02-23 15:45:00-05:00,670.6908,673.76,670.53,673.105,59780.048426
2026-02-23 15:50:00-05:00,673.29,679.685,673.1,678.515,116159.79662600001
2026-02-23 15:55:00-05:00,678.14,678.14,672.9,674.78,202220.29776499997
