timestamp,open,high,low,close,volume
2025-11-24 09:30:00-05:00,325.05,328.91,324.36,328.32,87171.00
2025-11-24 09:35:00-05:00,328.34,332.04,328.33,329.89,36899.00
2025-11-24 09:40:00-05:00,329.89,331.49,327.77,328.11,38089.00
2025-11-24 09:45:00-05:00,328.11,330,327.47,328.1,27622.00
2025-11-24 09:50:00-05:00,327.39,331.29,327.08,330.74,23766.00
2025-11-24 09:55:00-05:00,330.45,331.3,329.6,330.05,25902.00
2025-11-24 10:00:00-05:00,330.01,331.5,329.64,331.035,32388.00
2025-11-24 10:05:00-05:00,331.09,332.2,329.91,330.055,29271.00
2025-11-24 10:10:00-05:00,330,330.215,328.77,330.12,16643.00
2025-11-24 10:15:00-05:00,329.91,330.26,329.27,329.815,16133.00
2025-11-24 10:20:00-05:00,329.815,330.84,329.115,330.41,15148.00
2025-11-24 10:25:00-05:00,330.395,331.33,329.3,330.8,10216.00
2025-11-24 10:30:00-05:00,330.63,331.44,329.77,331.005,9607.00
2025-11-24 10:35:00-05:00,330.73,330.98,329.77,330.78,12729.00
2025-11-24 10:40:00-05:00,331.13,331.2308,329.8,330.495,9892.00
2025-11-24 10:45:00-05:00,330.5,331.94,330.5,331.3606,12123.00
2025-11-24 10:50:00-05:00,331.56,331.77,330.73,330.8138,9638.00
2025-11-24 10:55:00-05:00,330.78,331.04,330.19,330.51,9434.00
2025-11-24 11:00:00-05:00,330.71,331.31,330.51,331.02,11485.00
2025-11-24 11:05:00-05:00,331.005,331.56,330.31,330.74,8530.00
2025-11-24 11:10:00-05:00,330.7,331.54,330.46,330.9,7632.00
2025-11-24 11:15:00-05:00,330.87,331.99,330.86,331.77,7798.00
2025-11-24 11:20:00-05:00,331.765,331.97,331.08,331.8225,9794.00
2025-11-24 11:25:00-05:00,331.815,332.11,331.26,331.9,13535.00
2025-11-24 11:30:00-05:00,331.98,332.67,331.68,332.25,9033.00
2025-11-24 11:35:00-05:00,331.91,331.91,331.17,331.315,11301.00
2025-11-24 11:40:00-05:00,331.285,332.71,331.25,332.57,11165.00
2025-11-24 11:45:00-05:00,332.5152,333.22,332.31,332.66,13454.00
2025-11-24 11:50:00-05:00,332.54,333.63,332.43,333.47,18441.00
2025-11-24 11:55:00-05:00,333.27,333.43,332.13,332.675,11757.00
2025-11-24 12:00:00-05:00,332.68,333.68,332.45,333.38,10451.00
2025-11-24 12:05:00-05:00,333.1201,333.44,332.68,333.02,7589.00
2025-11-24 12:10:00-05:00,332.845,332.845,332.39,332.6,6666.00
2025-11-24 12:15:00-05:00,332.78,333.4,332.05,332.49,10031.00
2025-11-24 12:20:00-05:00,332.36,333.4,332.36,333.2,12264.00
2025-11-24 12:25:00-05:00,333.09,333.19,332.6301,332.86,4663.00
2025-11-24 12:30:00-05:00,332.86,333.17,332.51,332.59,6008.00
2025-11-24 12:35:00-05:00,332.63,333.03,332.18,332.91,5610.00
2025-11-24 12:40:00-05:00,333.15,333.26,332.49,332.58,7470.00
2025-11-24 12:45:00-05:00,332.5,333.11,332.48,332.9758,7596.00
2025-11-24 12:50:00-05:00,333.01,333.065,332.27,332.525,7219.00
2025-11-24 12:55:00-05:00,332.21,332.3,331.985,332.15,5152.00
2025-11-24 13:00:00-05:00,332.36,332.89,332.2,332.745,10287.00
2025-11-24 13:05:00-05:00,332.69,334.65,332.6,334,37440.00
2025-11-24 13:10:00-05:00,333.82,334.38,333.69,334.25,6327.00
2025-11-24 13:15:00-05:00,334.165,334.23,332.845,333.03,11940.00
2025-11-24 13:20:00-05:00,333.01,333.51,332.8,333.215,17219.00
2025-11-24 13:25:00-05:00,333.145,333.1527,332.15,332.305,26086.00
2025-11-24 13:30:00-05:00,332.305,332.58,330.87,331.62,18915.00
2025-11-24 13:35:00-05:00,331.54,332.31,330.33,331.18,42401.00
2025-11-24 13:40:00-05:00,330.975,331.15,330.32,330.6825,15472.00
2025-11-24 13:45:00-05:00,330.89,330.925,330.43,330.445,15619.00
2025-11-24 13:50:00-05:00,330.6475,330.6475,329.84,329.9,14176.00
2025-11-24 13:55:00-05:00,329.935,330.475,329.47,330.425,15665.00
2025-11-24 14:00:00-05:00,330.425,331.1,330.17,330.78,13697.00
2025-11-24 14:05:00-05:00,330.785,330.785,330.06,330.18,11181.00
2025-11-24 14:10:00-05:00,330.06,330.125,329.28,329.28,9694.00
2025-11-24 14:15:00-05:00,329.38,329.44,328.27,328.59,29010.00
2025-11-24 14:20:00-05:00,328.67,329.27,328.5442,328.92,11957.00
2025-11-24 14:25:00-05:00,328.82,329.26,328.52,328.95,13635.00
2025-11-24 14:30:00-05:00,328.89,329.61,328.87,329.26,18430.00
2025-11-24 14:35:00-05:00,329.18,329.56,328.92,329.09,11467.00
2025-11-24 14:40:00-05:00,329.16,329.3057,328,328.22,13748.00
2025-11-24 14:45:00-05:00,328.3511,328.39,327.69,327.87,16834.00
2025-11-24 14:50:00-05:00,327.87,328.565,327.87,328.555,17809.00
2025-11-24 14:55:00-05:00,328.62,328.65,328.07,328.26,8267.00
2025-11-24 15:00:00-05:00,328.26,328.59,327.54,328.4,33427.00
2025-11-24 15:05:00-05:00,328.37,328.695,327.96,327.96,19454.00
2025-11-24 15:10:00-05:00,327.97,327.97,327.57,327.695,15503.00
2025-11-24 15:15:00-05:00,327.695,328,327,327.4842,20550.00
2025-11-24 15:20:00-05:00,327.35,328,327,327.48,20601.00
2025-11-24 15:25:00-05:00,327.39,327.685,326.92,327.075,14598.00
2025-11-24 15:30:00-05:00,327.075,327.075,325.99,326.5098,26603.00
2025-11-24 15:35:00-05:00,326.605,326.74,326.08,326.465,26056.00
2025-11-24 15:40:00-05:00,326.47,327.055,326.19,326.895,22992.00
2025-11-24 15:45:00-05:00,326.78,326.85,325.95,326.255,38964.00
2025-11-24 15:50:00-05:00,326.3,329.65,326.08,329.53,98747.00
2025-11-24 15:55:00-05:00,329.51,331.6,329.51,330.55,305282.00
2025-11-25 09:30:00-05:00,329.57,330.08,326.335,327.23,27900.00
2025-11-25 09:35:00-05:00,327.22,328.05,326.37,326.8,15748.00
2025-11-25 09:40:00-05:00,327.165,327.165,323.32,323.71,17163.00
2025-11-25 09:45:00-05:00,323.36,325.02,322.53,323.16,15516.00
2025-11-25 09:50:00-05:00,323.515,325.92,322.545,325.33,17642.00
2025-11-25 09:55:00-05:00,325.73,326,323.985,325.105,11905.00
2025-11-25 10:00:00-05:00,324.84,325.44,323.42,324.145,12419.00
2025-11-25 10:05:00-05:00,323.79,326.67,323.78,326.365,26638.00
2025-11-25 10:10:00-05:00,326.58,326.725,324.26,324.5,24686.00
2025-11-25 10:15:00-05:00,325.31,327.4,325.17,327.165,24876.00
2025-11-25 10:20:00-05:00,327.16,327.605,324.825,325.3,16899.00
2025-11-25 10:25:00-05:00,325.37,327.54,325.37,327.42,12728.00
2025-11-25 10:30:00-05:00,327.42,328.49,327,327.08,22202.00
2025-11-25 10:35:00-05:00,326.93,328.385,326.225,328.1499,23638.00
2025-11-25 10:40:00-05:00,327.89,328.79,327.57,328.5,7972.00
2025-11-25 10:45:00-05:00,328.5,329.57,328.04,328.2,21225.00
2025-11-25 10:50:00-05:00,328.2,328.2,326.59,326.87,17401.00
2025-11-25 10:55:00-05:00,326.48,328.07,326.01,328.065,21889.00
2025-11-25 11:00:00-05:00,327.98,329,327.98,328.7,19888.00
2025-11-25 11:05:00-05:00,328.69,329.88,328.21,328.48,10848.00
2025-11-25 11:10:00-05:00,328.52,329.11,328.3,328.47,18112.00
2025-11-25 11:15:00-05:00,328.62,329.27,328.26,329.09,10638.00
2025-11-25 11:20:00-05:00,329.295,330,329.09,330,20670.00
2025-11-25 11:25:00-05:00,329.815,330.28,329.4,329.73,20717.00
2025-11-25 11:30:00-05:00,329.73,330.12,329.4874,329.68,7292.00
2025-11-25 11:35:00-05:00,330.12,330.2,329.58,330,8727.00
2025-11-25 11:40:00-05:00,329.85,330.54,329.5,329.845,11504.00
2025-11-25 11:45:00-05:00,329.69,330.36,329.24,330.36,9179.00
2025-11-25 11:50:00-05:00,330.3375,331.6974,330.3375,331.44,6667.00
2025-11-25 11:55:00-05:00,331.38,331.38,329.67,329.8,15085.00
2025-11-25 12:00:00-05:00,329.975,330.78,329.975,330.48,9439.00
2025-11-25 12:05:00-05:00,330.64,331.56,330.64,331.16,7343.00
2025-11-25 12:10:00-05:00,331.03,331.54,330.88,330.99,6099.00
2025-11-25 12:15:00-05:00,330.71,330.88,329.82,330.0167,6553.00
2025-11-25 12:20:00-05:00,330.16,331.775,330.07,331.775,8680.00
2025-11-25 12:25:00-05:00,331.59,331.93,331.04,331.59,6286.00
2025-11-25 12:30:00-05:00,331.595,332.43,331.26,331.98,8272.00
2025-11-25 12:35:00-05:00,331.99,332.45,331.8,331.93,7513.00
2025-11-25 12:40:00-05:00,332.14,332.14,330.29,330.52,16290.00
2025-11-25 12:45:00-05:00,330.67,331.06,329.97,330.6,11100.00
2025-11-25 12:50:00-05:00,330.585,331.31,330.468,330.805,5631.00
2025-11-25 12:55:00-05:00,330.6,330.99,330.44,330.585,12132.00
2025-11-25 13:00:00-05:00,330.76,331.01,330.4,330.4,12244.00
2025-11-25 13:05:00-05:00,330.6,330.6,329.85,330.38,11851.00
2025-11-25 13:10:00-05:00,330.435,330.66,330.1,330.29,11513.00
2025-11-25 13:15:00-05:00,330.25,330.48,329.655,329.875,12597.00
2025-11-25 13:20:00-05:00,330.05,330.62,329.77,330.35,8803.00
2025-11-25 13:25:00-05:00,330.12,330.31,329.86,329.98,7976.00
2025-11-25 13:30:00-05:00,329.98,330.37,329.84,330.03,7486.00
2025-11-25 13:35:00-05:00,330.02,330.305,329.82,330.305,11019.00
2025-11-25 13:40:00-05:00,330.16,330.305,329.64,329.9,13630.00
2025-11-25 13:45:00-05:00,329.915,330.87,329.8,330.63,11617.00
2025-11-25 13:50:00-05:00,330.68,330.73,330.35,330.7,5740.00
2025-11-25 13:55:00-05:00,330.74,330.89,330.45,330.65,7222.00
2025-11-25 14:00:00-05:00,330.65,331.265,330.65,331.01,10221.00
2025-11-25 14:05:00-05:00,331.1,331.5101,330.93,331.155,9882.00
2025-11-25 14:10:00-05:00,331.16,331.78,331.16,331.53,7262.00
2025-11-25 14:15:00-05:00,331.62,331.63,329.43,329.81,21767.00
2025-11-25 14:20:00-05:00,329.86,329.89,328.86,329.33,20184.00
2025-11-25 14:25:00-05:00,329.28,329.45,328.89,328.99,12175.00
2025-11-25 14:30:00-05:00,329.19,329.6,329.19,329.345,7530.00
2025-11-25 14:35:00-05:00,329.17,329.31,328.65,328.65,10922.00
2025-11-25 14:40:00-05:00,328.6,328.6,327.76,328.39,12843.00
2025-11-25 14:45:00-05:00,328.3,328.47,328.03,328.42,12980.00
2025-11-25 14:50:00-05:00,328.31,330.17,328.31,330.07,18865.00
2025-11-25 14:55:00-05:00,330.07,331.3399,329.65,331.28,31285.00
2025-11-25 15:00:00-05:00,331.28,331.64,331.16,331.62,29276.00
2025-11-25 15:05:00-05:00,331.61,332.34,331.54,331.75,23390.00
2025-11-25 15:10:00-05:00,331.745,332.075,331.55,332.05,11926.00
2025-11-25 15:15:00-05:00,332.09,332.5,331.85,332.03,16696.00
2025-11-25 15:20:00-05:00,331.95,332.805,331.71,332.73,15712.00
2025-11-25 15:25:00-05:00,332.76,333.34,332.62,333,14564.00
2025-11-25 15:30:00-05:00,333.05,333.51,332.6,332.78,18840.00
2025-11-25 15:35:00-05:00,332.9,333.16,331.84,332.71,29573.00
2025-11-25 15:40:00-05:00,332.79,332.79,332.04,332.57,17314.00
2025-11-25 15:45:00-05:00,332.51,332.98,332.38,332.69,23007.00
2025-11-25 15:50:00-05:00,332.64,332.64,331.86,331.92,61497.00
2025-11-25 15:55:00-05:00,331.77,331.9,331.41,331.73,155770.00
2025-11-26 09:30:00-05:00,331.28,331.28,326.0124,328.07,38344.00
2025-11-26 09:35:00-05:00,328,329.795,326.97,329.795,11947.00
2025-11-26 09:40:00-05:00,329.7,331.43,329.22,330.895,18337.00
2025-11-26 09:45:00-05:00,330.895,331.74,330.37,331.3475,6691.00
2025-11-26 09:50:00-05:00,331.235,331.8,329.44,330.045,10301.00
2025-11-26 09:55:00-05:00,329.46,329.68,328.17,328.35,7830.00
2025-11-26 10:00:00-05:00,328.31,328.75,327.54,327.54,13736.00
2025-11-26 10:05:00-05:00,327.44,328.35,326.65,327.8325,18110.00
2025-11-26 10:10:00-05:00,327.99,328.37,327.16,327.9,12768.00
2025-11-26 10:15:00-05:00,327.9,328.31,327.1,328.1725,12302.00
2025-11-26 10:20:00-05:00,328.35,328.595,325.61,325.76,12181.00
2025-11-26 10:25:00-05:00,325.63,326.59,325,325.74,16113.00
2025-11-26 10:30:00-05:00,326.11,327.07,325.6,326.88,10558.00
2025-11-26 10:35:00-05:00,327.24,328.295,327.01,327.34,9174.00
2025-11-26 10:40:00-05:00,327.4275,327.92,326.55,326.935,10027.00
2025-11-26 10:45:00-05:00,326.7,327.09,326.1118,326.77,7600.00
2025-11-26 10:50:00-05:00,326.77,328.24,326.6585,327.88,10183.00
2025-11-26 10:55:00-05:00,328.28,328.67,327.84,328.32,11002.00
2025-11-26 11:00:00-05:00,328.68,329.0099,327.445,328.2975,15780.00
2025-11-26 11:05:00-05:00,328.23,328.94,327.775,328.13,8995.00
2025-11-26 11:10:00-05:00,328.0901,328.755,328.09,328.755,15405.00
2025-11-26 11:15:00-05:00,328.755,329.68,328.65,329.465,7726.00
2025-11-26 11:20:00-05:00,329.555,330.1763,329.37,329.5303,8984.00
2025-11-26 11:25:00-05:00,329.44,329.59,328.68,328.87,13763.00
2025-11-26 11:30:00-05:00,329.05,329.31,328.6,328.935,18793.00
2025-11-26 11:35:00-05:00,328.6501,329.21,328.6501,329.18,4658.00
2025-11-26 11:40:00-05:00,329.08,329.21,328.72,328.895,19418.00
2025-11-26 11:45:00-05:00,328.99,329.03,327.405,327.555,33084.00
2025-11-26 11:50:00-05:00,327.41,328.45,327.41,328.345,10433.00
2025-11-26 11:55:00-05:00,328.16,328.87,328.16,328.66,6643.00
2025-11-26 12:00:00-05:00,328.81,329.18,328.21,328.345,5330.00
2025-11-26 12:05:00-05:00,328.345,328.73,328,328.135,5134.00
2025-11-26 12:10:00-05:00,328.185,328.58,327.8325,327.8325,7663.00
2025-11-26 12:15:00-05:00,327.73,328.11,327.44,327.61,5223.00
2025-11-26 12:20:00-05:00,327.49,328.5,327.49,328.33,3778.00
2025-11-26 12:25:00-05:00,328.325,328.75,327.64,327.89,6794.00
2025-11-26 12:30:00-05:00,328,328.61,327.86,328.61,8456.00
2025-11-26 12:35:00-05:00,328.54,328.78,328.41,328.53,3991.00
2025-11-26 12:40:00-05:00,328.83,329.4,328.83,329.13,6599.00
2025-11-26 12:45:00-05:00,329.2,329.285,328.67,328.67,6204.00
2025-11-26 12:50:00-05:00,328.58,329.34,328.4,329.03,7327.00
2025-11-26 12:55:00-05:00,329.28,329.8,329.28,329.5,3864.00
2025-11-26 13:00:00-05:00,329.51,329.88,329.51,329.75,5206.00
2025-11-26 13:05:00-05:00,329.75,329.84,328,328.8,13643.00
2025-11-26 13:10:00-05:00,328.86,329.97,328.785,329.755,7125.00
2025-11-26 13:15:00-05:00,329.89,330,329.41,329.82,8860.00
2025-11-26 13:20:00-05:00,329.82,330.24,329.475,329.79,6355.00
2025-11-26 13:25:00-05:00,329.79,330.44,329.6148,330.25,3322.00
2025-11-26 13:30:00-05:00,330.255,330.39,329.68,329.84,7989.00
2025-11-26 13:35:00-05:00,329.86,330.27,329.67,330.155,7524.00
2025-11-26 13:40:00-05:00,330.05,331,330.03,330.64,12589.00
2025-11-26 13:45:00-05:00,330.64,331.19,330.615,331.19,9387.00
2025-11-26 13:50:00-05:00,331.19,331.19,330.415,330.75,13095.00
2025-11-26 13:55:00-05:00,330.51,330.55,329.7,330.26,7381.00
2025-11-26 14:00:00-05:00,330.27,330.58,330,330.23,11496.00
2025-11-26 14:05:00-05:00,330.06,330.06,329.31,329.455,10310.00
2025-11-26 14:10:00-05:00,329.44,329.85,329.17,329.81,5240.00
2025-11-26 14:15:00-05:00,329.86,330.03,329.53,329.57,2274.00
2025-11-26 14:20:00-05:00,329.69,329.86,329.49,329.77,9331.00
2025-11-26 14:25:00-05:00,329.69,329.78,329.43,329.7499,9902.00
2025-11-26 14:30:00-05:00,329.46,329.79,329.381,329.39,8178.00
2025-11-26 14:35:00-05:00,329.37,329.92,328.93,329.855,20032.00
2025-11-26 14:40:00-05:00,329.675,329.8617,329.22,329.3325,8934.00
2025-11-26 14:45:00-05:00,329.24,329.43,329.05,329.1,10673.00
2025-11-26 14:50:00-05:00,329.23,329.6,329.1,329.39,8588.00
2025-11-26 14:55:00-05:00,329.36,329.82,329.27,329.77,9607.00
2025-11-26 15:00:00-05:00,329.76,329.86,329.51,329.61,11642.00
2025-11-26 15:05:00-05:00,329.61,329.69,328.47,329.45,38178.00
2025-11-26 15:10:00-05:00,329.73,330.15,329.565,329.88,9524.00
2025-11-26 15:15:00-05:00,330.04,330.11,328.83,329.035,14015.00
2025-11-26 15:20:00-05:00,328.86,329.14,328.33,328.34,12585.00
2025-11-26 15:25:00-05:00,328.33,328.87,327.79,327.79,24431.00
2025-11-26 15:30:00-05:00,327.77,328.02,327.5,327.775,28226.00
2025-11-26 15:35:00-05:00,327.77,328.365,327.5,328.195,21875.00
2025-11-26 15:40:00-05:00,328.195,328.1975,327.2,327.51,18343.00
2025-11-26 15:45:00-05:00,327.35,327.625,326.75,326.76,18648.00
2025-11-26 15:50:00-05:00,326.75,327.85,326.47,326.675,85743.00
2025-11-26 15:55:00-05:00,327,327.15,326.09,326.25,138132.00
2025-11-28 09:30:00-05:00,330.505,336,330.505,331.8,67364.00
2025-11-28 09:35:00-05:00,331.91,331.91,330.57,331.355,20928.00
2025-11-28 09:40:00-05:00,331.48,333.435,330.89,333.435,30272.00
2025-11-28 09:45:00-05:00,333.809,333.88,332.16,332.74,36578.00
2025-11-28 09:50:00-05:00,332.645,334.47,332.645,333.475,28642.00
2025-11-28 09:55:00-05:00,333.475,334.29,332.85,333.15,26045.00
2025-11-28 10:00:00-05:00,333.43,334,332.17,332.35,25734.00
2025-11-28 10:05:00-05:00,332.08,332.73,331.85,332.655,27776.00
2025-11-28 10:10:00-05:00,332.81,332.93,331.62,332.0975,14027.00
2025-11-28 10:15:00-05:00,332.115,332.7,331.91,332.395,12144.00
2025-11-28 10:20:00-05:00,332.71,333.54,332.37,332.54,18267.00
2025-11-28 10:25:00-05:00,332.44,333.46,332.44,333.32,8350.00
2025-11-28 10:30:00-05:00,333.32,333.65,332.18,333.65,11105.00
2025-11-28 10:35:00-05:00,333.5,334.45,333.175,333.56,12528.00
2025-11-28 10:40:00-05:00,333.55,333.83,333.09,333.415,16241.00
2025-11-28 10:45:00-05:00,333.4195,333.91,333.13,333.748,32546.00
2025-11-28 10:50:00-05:00,333.91,334.27,333.73,334.265,15569.00
2025-11-28 10:55:00-05:00,334.265,334.44,333.97,334.285,35915.00
2025-11-28 11:00:00-05:00,334.285,335.635,334.25,335.635,20089.00
2025-11-28 11:05:00-05:00,335.635,336.2,335.33,336.01,14904.00
2025-11-28 11:10:00-05:00,335.86,335.88,335.1101,335.585,9678.00
2025-11-28 11:15:00-05:00,335.65,335.84,335.3,335.735,15702.00
2025-11-28 11:20:00-05:00,335.8,335.89,335.19,335.87,19449.00
2025-11-28 11:25:00-05:00,335.735,335.86,335.19,335.7104,23679.00
2025-11-28 11:30:00-05:00,335.84,335.94,335.39,335.8375,15409.00
2025-11-28 11:35:00-05:00,335.72,336.24,335.54,335.54,22901.00
2025-11-28 11:40:00-05:00,335.54,335.73,334.92,335.62,22339.00
2025-11-28 11:45:00-05:00,335.62,335.8,335.26,335.61,11354.00
2025-11-28 11:50:00-05:00,335.55,335.8,335.23,335.505,13776.00
2025-11-28 11:55:00-05:00,335.45,335.53,334.6,334.69,21785.00
2025-11-28 12:00:00-05:00,334.62,334.71,333.7001,334.395,33228.00
2025-11-28 12:05:00-05:00,334.4,334.79,334.24,334.505,16486.00
2025-11-28 12:10:00-05:00,334.515,334.81,333.83,334.15,25575.00
2025-11-28 12:15:00-05:00,334.15,334.46,333.67,333.75,14307.00
2025-11-28 12:20:00-05:00,333.54,333.8144,333.24,333.24,16329.00
2025-11-28 12:25:00-05:00,333.275,334.33,333.11,333.445,28496.00
2025-11-28 12:30:00-05:00,333.27,333.28,331.855,331.855,23578.00
2025-11-28 12:35:00-05:00,331.86,332.49,331.54,331.6,19793.00
2025-11-28 12:40:00-05:00,331.66,332.19,331.435,331.79,22149.00
2025-11-28 12:45:00-05:00,331.68,332.08,331.64,331.855,21206.00
2025-11-28 12:50:00-05:00,331.855,332.4599,330.645,330.965,49130.00
2025-11-28 12:55:00-05:00,331.2,332.785,331.18,332.69,80497.00
2025-11-28 13:00:00-05:00,332.37,332.37,332.37,332.37,82885.00
2025-12-01 09:30:00-05:00,326.43,327.76,321.2593,324,146535.00
2025-12-01 09:35:00-05:00,324,328.87,324,326.5,49527.00
2025-12-01 09:40:00-05:00,326.79,328,325.85,327.055,31745.00
2025-12-01 09:45:00-05:00,326.81,330,326.2315,329.3025,44362.00
2025-12-01 09:50:00-05:00,329.3375,330.2,328.905,330.2,34272.00
2025-12-01 09:55:00-05:00,330.22,332.11,330.22,331.53,39591.00
2025-12-01 10:00:00-05:00,331.75,332.09,330.62,331.37,34889.00
2025-12-01 10:05:00-05:00,331.67,331.67,329.69,329.91,24119.00
2025-12-01 10:10:00-05:00,329.985,331.09,329.71,329.93,40106.00
2025-12-01 10:15:00-05:00,330.125,330.42,328.165,328.18,42141.00
2025-12-01 10:20:00-05:00,328.09,328.1375,327.255,327.42,26688.00
2025-12-01 10:25:00-05:00,327.3,327.62,326.79,327.335,25775.00
2025-12-01 10:30:00-05:00,327.33,327.8906,326.71,326.71,29118.00
2025-12-01 10:35:00-05:00,326.93,328.5499,326.62,328.16,28246.00
2025-12-01 10:40:00-05:00,328.5,329.29,328.245,328.64,17597.00
2025-12-01 10:45:00-05:00,328.64,329.05,328.22,328.8484,19722.00
2025-12-01 10:50:00-05:00,329.16,331.2,328.88,330.85,22079.00
2025-12-01 10:55:00-05:00,330.853,331.25,330.36,331.135,28371.00
2025-12-01 11:00:00-05:00,331.135,332.05,331.03,332.0099,19772.00
2025-12-01 11:05:00-05:00,331.78,332.0499,330.4601,330.94,24611.00
2025-12-01 11:10:00-05:00,330.86,331.28,330.35,330.645,29475.00
2025-12-01 11:15:00-05:00,330.645,330.84,329.91,330.05,21463.00
2025-12-01 11:20:00-05:00,330.05,331.0999,329.965,330.765,35374.00
2025-12-01 11:25:00-05:00,330.93,331.1,330.61,331.1,26214.00
2025-12-01 11:30:00-05:00,331.09,331.99,331.09,331.715,16730.00
2025-12-01 11:35:00-05:00,331.63,332.04,331.62,332.04,12066.00
2025-12-01 11:40:00-05:00,332.015,332.5,331.7,332.1,30947.00
2025-12-01 11:45:00-05:00,332.01,332.8099,332,332.51,18391.00
2025-12-01 11:50:00-05:00,332.49,332.81,332.15,332.195,29395.00
2025-12-01 11:55:00-05:00,332.13,332.7,331.675,332.47,18192.00
2025-12-01 12:00:00-05:00,332.47,333.1399,332.14,332.43,21667.00
2025-12-01 12:05:00-05:00,332.325,332.5,331.9753,332.09,9636.00
2025-12-01 12:10:00-05:00,332.09,332.74,331.38,331.94,15287.00
2025-12-01 12:15:00-05:00,331.6268,332.4,331.57,332.03,18815.00
2025-12-01 12:20:00-05:00,332.205,333.09,331.98,333.09,33105.00
2025-12-01 12:25:00-05:00,333.09,334.05,333.09,333.6945,17688.00
2025-12-01 12:30:00-05:00,333.8,334.56,333.46,334.35,43844.00
2025-12-01 12:35:00-05:00,334.35,334.92,334.23,334.56,28384.00
2025-12-01 12:40:00-05:00,334.56,334.92,334.375,334.74,35013.00
2025-12-01 12:45:00-05:00,334.7465,335.9199,334.7465,335.88,19076.00
2025-12-01 12:50:00-05:00,335.7323,335.7323,334.9,335.24,25959.00
2025-12-01 12:55:00-05:00,335.2136,335.54,334.835,334.835,18890.00
2025-12-01 13:00:00-05:00,334.63,335.27,334.34,334.66,22487.00
2025-12-01 13:05:00-05:00,334.69,335.16,334.6301,335.1399,14857.00
2025-12-01 13:10:00-05:00,335.035,335.24,334.61,334.73,23703.00
2025-12-01 13:15:00-05:00,334.7,334.93,334.34,334.7,21499.00
2025-12-01 13:20:00-05:00,334.695,334.695,333.8325,334.21,27057.00
2025-12-01 13:25:00-05:00,334.37,334.66,334,334.45,21256.00
2025-12-01 13:30:00-05:00,334.55,335.14,334.33,334.795,25442.00
2025-12-01 13:35:00-05:00,334.755,334.755,333.8,334.14,27231.00
2025-12-01 13:40:00-05:00,334.14,334.34,333.8001,334.075,25163.00
2025-12-01 13:45:00-05:00,334.14,334.3,333.35,334.073,32635.00
2025-12-01 13:50:00-05:00,334.015,334.25,333.73,333.99,23756.00
2025-12-01 13:55:00-05:00,333.995,334.51,333.98,334.39,26342.00
2025-12-01 14:00:00-05:00,334.42,334.44,333.14,333.64,24268.00
2025-12-01 14:05:00-05:00,333.47,333.72,333.24,333.71,20224.00
2025-12-01 14:10:00-05:00,333.68,333.9,333.45,333.7993,25687.00
2025-12-01 14:15:00-05:00,333.72,333.78,332.72,332.75,30721.00
2025-12-01 14:20:00-05:00,332.89,333.28,332.03,332.175,32139.00
2025-12-01 14:25:00-05:00,332.175,332.2,331.505,331.5529,30319.00
2025-12-01 14:30:00-05:00,331.68,332.01,331.12,331.85,25493.00
2025-12-01 14:35:00-05:00,332.01,332.85,331.465,331.55,43824.00
2025-12-01 14:40:00-05:00,331.55,331.85,331.22,331.295,34669.00
2025-12-01 14:45:00-05:00,331.34,331.78,331.11,331.39,25744.00
2025-12-01 14:50:00-05:00,331.39,332.005,331.325,331.71,22509.00
2025-12-01 14:55:00-05:00,331.685,331.685,330.5978,330.93,37758.00
2025-12-01 15:00:00-05:00,330.965,331.34,330.5278,331.2099,34930.00
2025-12-01 15:05:00-05:00,331.17,331.46,329.47,329.755,43845.00
2025-12-01 15:10:00-05:00,329.82,330.09,329.14,329.54,38861.00
2025-12-01 15:15:00-05:00,329.3967,330.28,329.3,330.1,38990.00
2025-12-01 15:20:00-05:00,330.08,330.23,329.53,329.66,41840.00
2025-12-01 15:25:00-05:00,329.535,329.66,328.4,328.58,36068.00
2025-12-01 15:30:00-05:00,328.326,328.61,326.67,327.1728,94833.00
2025-12-01 15:35:00-05:00,327.25,327.35,326.01,327,89477.00
2025-12-01 15:40:00-05:00,327,328.83,326.46,328.82,81893.00
2025-12-01 15:45:00-05:00,328.78,329.08,327.01,327.19,120524.00
2025-12-01 15:50:00-05:00,327,328.77,326.68,328.595,194228.00
2025-12-01 15:55:00-05:00,328.58,329.52,327.02,328.85,338047.00
2025-12-02 09:30:00-05:00,406.82,413.34,399.51,409,1115131.00
2025-12-02 09:35:00-05:00,409.32,414.73,409.01,413.52,450286.00
2025-12-02 09:40:00-05:00,413.7831,419.5,412.81,419.3605,419505.00
2025-12-02 09:45:00-05:00,419.035,419.4699,414.05,415.5,277262.00
2025-12-02 09:50:00-05:00,415.5,418.8,415.025,416.12,222240.00
2025-12-02 09:55:00-05:00,416.31,416.8,413.75,414.78,186829.00
2025-12-02 10:00:00-05:00,414.7,415,410.11,411.04,197786.00
2025-12-02 10:05:00-05:00,411.115,412.74,409.42,410.4,193068.00
2025-12-02 10:10:00-05:00,410.5,412.8,407.21,412.67,265901.00
2025-12-02 10:15:00-05:00,412.67,412.8,408.69,410,128174.00
2025-12-02 10:20:00-05:00,410.075,413.2,409.5401,411.8,112698.00
2025-12-02 10:25:00-05:00,411.905,412.18,409.89,410.845,143235.00
2025-12-02 10:30:00-05:00,410.845,415.24,410.57,413.64,176138.00
2025-12-02 10:35:00-05:00,413.37,413.37,410.3,410.59,139583.00
2025-12-02 10:40:00-05:00,410.6,411.5,409.64,411.2425,142529.00
2025-12-02 10:45:00-05:00,411.1008,411.625,408.87,411.255,98280.00
2025-12-02 10:50:00-05:00,411.24,411.9799,408.2158,410.015,116677.00
2025-12-02 10:55:00-05:00,409.73,410.95,409.1,410.95,71890.00
2025-12-02 11:00:00-05:00,411,411.97,409.1,409.1,85451.00
2025-12-02 11:05:00-05:00,409.09,409.93,407.3301,409.93,92164.00
2025-12-02 11:10:00-05:00,409.62,410.39,407,407.6401,87823.00
2025-12-02 11:15:00-05:00,407.93,408.22,405.34,406.05,75270.00
2025-12-02 11:20:00-05:00,405.92,407.02,405.18,406.49,88260.00
2025-12-02 11:25:00-05:00,406.495,406.89,404.17,404.41,125624.00
2025-12-02 11:30:00-05:00,404.405,405.4,403.4,404.65,97521.00
2025-12-02 11:35:00-05:00,404.584,405.605,402.42,402.5389,121469.00
2025-12-02 11:40:00-05:00,402.71,406.24,401.9,405.7,120576.00
2025-12-02 11:45:00-05:00,405.45,407.57,404.8,405.52,91130.00
2025-12-02 11:50:00-05:00,405.48,406.3589,404.83,405.75,54168.00
2025-12-02 11:55:00-05:00,405.7981,406,403,405.71,111156.00
2025-12-02 12:00:00-05:00,405.77,408.7,405.64,407.13,107016.00
2025-12-02 12:05:00-05:00,407.235,407.6,404.2901,404.5,61227.00
2025-12-02 12:10:00-05:00,404.5,405.73,403.41,405.455,49418.00
2025-12-02 12:15:00-05:00,405.55,406.61,405.2,406.61,46869.00
2025-12-02 12:20:00-05:00,406.605,407.305,405.9001,406.345,42067.00
2025-12-02 12:25:00-05:00,406.3451,407.5,405.8001,406.48,28398.00
2025-12-02 12:30:00-05:00,406.5055,407.29,405.22,406.19,26026.00
2025-12-02 12:35:00-05:00,406.19,406.7,405,406.21,33318.00
2025-12-02 12:40:00-05:00,405.38,406.25,404.85,405.2253,31074.00
2025-12-02 12:45:00-05:00,405.41,405.78,404.34,405.5917,55449.00
2025-12-02 12:50:00-05:00,405.505,405.6599,404.81,404.96,29526.00
2025-12-02 12:55:00-05:00,404.88,406,404.66,405.7,33349.00
2025-12-02 13:00:00-05:00,405.54,406.8174,405.2501,406.38,33009.00
2025-12-02 13:05:00-05:00,406.23,409.27,406.23,408.4,64058.00
2025-12-02 13:10:00-05:00,408.31,408.53,405.8001,407.39,69173.00
2025-12-02 13:15:00-05:00,407.2389,408.085,406.7701,407.605,29975.00
2025-12-02 13:20:00-05:00,407.68,408.045,406.8,407.315,40924.00
2025-12-02 13:25:00-05:00,407.285,407.56,406.74,406.84,35103.00
2025-12-02 13:30:00-05:00,407,407.19,405,405.705,55920.00
2025-12-02 13:35:00-05:00,405.88,406.66,405.22,405.93,31729.00
2025-12-02 13:40:00-05:00,406.09,406.86,405.57,406.15,26322.00
2025-12-02 13:45:00-05:00,406.15,407,405.45,406.745,25569.00
2025-12-02 13:50:00-05:00,406.75,408.7,406.26,408.7,40188.00
2025-12-02 13:55:00-05:00,408.655,408.78,407.089,407.3529,33958.00
2025-12-02 14:00:00-05:00,407.09,408.75,406.51,407.515,54048.00
2025-12-02 14:05:00-05:00,407.51,409.91,406.2301,409.735,57102.00
2025-12-02 14:10:00-05:00,409.63,410.7999,409.37,409.91,76407.00
2025-12-02 14:15:00-05:00,409.86,410.0799,408.61,409.09,43070.00
2025-12-02 14:20:00-05:00,409.1999,409.1999,407.6473,408.785,35063.00
2025-12-02 14:25:00-05:00,408.9136,409.4492,408.51,408.76,25285.00
2025-12-02 14:30:00-05:00,408.9599,408.9599,407.55,407.96,32182.00
2025-12-02 14:35:00-05:00,408.165,408.57,407.1299,407.249,27163.00
2025-12-02 14:40:00-05:00,407.15,407.28,405.1101,405.305,39470.00
2025-12-02 14:45:00-05:00,405.15,405.46,404.07,404.0874,55819.00
2025-12-02 14:50:00-05:00,404.265,404.95,403.66,404.03,54548.00
2025-12-02 14:55:00-05:00,404.21,404.84,403.06,404.02,57293.00
2025-12-02 15:00:00-05:00,404.25,404.9569,403.26,404.3,59839.00
2025-12-02 15:05:00-05:00,404.27,404.73,403.33,404.2473,47349.00
2025-12-02 15:10:00-05:00,404.5389,404.5389,401.86,402.335,62895.00
2025-12-02 15:15:00-05:00,402.16,402.9,401.8701,402.4009,44693.00
2025-12-02 15:20:00-05:00,402.58,403.9799,402.19,403.01,57363.00
2025-12-02 15:25:00-05:00,403.01,403.76,401.6554,401.98,68501.00
2025-12-02 15:30:00-05:00,401.97,402.3099,400.93,401.875,74268.00
2025-12-02 15:35:00-05:00,401.8649,403.07,401.38,401.46,89638.00
2025-12-02 15:40:00-05:00,401.42,403.09,400.61,402.91,93984.00
2025-12-02 15:45:00-05:00,402.91,403.57,401.0401,401.88,145587.00
2025-12-02 15:50:00-05:00,401.89,404.8,401.51,402.12,226834.00
2025-12-02 15:55:00-05:00,402.185,404,401.12,402,356900.00
2025-12-03 09:30:00-05:00,404.785,411.45,402.95,408.975,178992.00
2025-12-03 09:35:00-05:00,408.57,408.59,396.37,399.355,147410.00
2025-12-03 09:40:00-05:00,399.35,402.8699,398,402.255,56157.00
2025-12-03 09:45:00-05:00,402.1533,405,401.1,404.3436,47994.00
2025-12-03 09:50:00-05:00,404.322,405.35,402.6166,404.62,23161.00
2025-12-03 09:55:00-05:00,404.2,404.5177,401.82,402.29,23732.00
2025-12-03 10:00:00-05:00,401.88,402.83,400.26,402.295,30661.00
2025-12-03 10:05:00-05:00,402.3,402.3675,399.96,401.205,35486.00
2025-12-03 10:10:00-05:00,401.205,404,401.205,402.86,24015.00
2025-12-03 10:15:00-05:00,403.16,403.79,402.02,403.79,22391.00
2025-12-03 10:20:00-05:00,403.495,403.495,401.35,402.41,22816.00
2025-12-03 10:25:00-05:00,402.41,402.41,400.13,401.095,27541.00
2025-12-03 10:30:00-05:00,401.81,405,401.42,405,19189.00
2025-12-03 10:35:00-05:00,404.545,406.3599,404.445,404.445,58367.00
2025-12-03 10:40:00-05:00,404.535,405.81,403.8701,405.81,14759.00
2025-12-03 10:45:00-05:00,405.71,407.22,404.59,406.645,30084.00
2025-12-03 10:50:00-05:00,406.68,407.1499,405.99,406.19,11053.00
2025-12-03 10:55:00-05:00,406.06,406.97,405.5775,405.5775,20749.00
2025-12-03 11:00:00-05:00,405.6,406.17,403.55,404.38,29171.00
2025-12-03 11:05:00-05:00,404.02,404.42,402.16,403.165,19409.00
2025-12-03 11:10:00-05:00,403.23,404.85,403.23,403.73,16624.00
2025-12-03 11:15:00-05:00,403.965,403.965,402.5,403.235,20813.00
2025-12-03 11:20:00-05:00,403.01,403.01,399.61,400.7,22518.00
2025-12-03 11:25:00-05:00,400.13,401.39,399.5,400.25,34229.00
2025-12-03 11:30:00-05:00,400.485,402.241,400.17,402.0829,19573.00
2025-12-03 11:35:00-05:00,402.12,402.73,401.41,401.73,18264.00
2025-12-03 11:40:00-05:00,401.4,402,400.81,401.32,16915.00
2025-12-03 11:45:00-05:00,401.66,402,401.12,401.29,10387.00
2025-12-03 11:50:00-05:00,401.03,401.7599,400.1,401.54,16488.00
2025-12-03 11:55:00-05:00,401.51,401.87,401,401.32,14029.00
2025-12-03 12:00:00-05:00,401.07,403.205,401.07,403.08,15195.00
2025-12-03 12:05:00-05:00,403.09,403.36,401.35,402.51,9302.00
2025-12-03 12:10:00-05:00,402.34,403.45,402,403.05,12193.00
2025-12-03 12:15:00-05:00,402.85,403.72,402.8,403.36,7000.00
2025-12-03 12:20:00-05:00,403.68,404.32,403.0001,403.93,19805.00
2025-12-03 12:25:00-05:00,403.96,404.795,402.9,403.21,18394.00
2025-12-03 12:30:00-05:00,403.165,403.22,401.92,401.92,6241.00
2025-12-03 12:35:00-05:00,402.07,403.04,402.07,402.76,3135.00
2025-12-03 12:40:00-05:00,402.97,402.97,401.04,401.545,10931.00
2025-12-03 12:45:00-05:00,401.485,402.78,401.29,402.78,11195.00
2025-12-03 12:50:00-05:00,402.4681,403.84,402.26,403.291,22504.00
2025-12-03 12:55:00-05:00,403.7089,404.12,403.21,403.475,7650.00
2025-12-03 13:00:00-05:00,403.23,404.06,403.23,403.735,9862.00
2025-12-03 13:05:00-05:00,403.54,403.56,402.42,402.525,10337.00
2025-12-03 13:10:00-05:00,402.525,403.24,402.28,402.969,17479.00
2025-12-03 13:15:00-05:00,402.94,404.23,402.8615,404.02,16377.00
2025-12-03 13:20:00-05:00,403.955,404.52,403.21,403.6308,14271.00
2025-12-03 13:25:00-05:00,403.615,404.1,403.21,403.98,8388.00
2025-12-03 13:30:00-05:00,404,404.89,403.99,404.215,15834.00
2025-12-03 13:35:00-05:00,403.94,404.9,403.94,404.635,8922.00
2025-12-03 13:40:00-05:00,404.645,405.09,403.68,403.9137,13350.00
2025-12-03 13:45:00-05:00,403.66,403.73,402.78,402.78,11893.00
2025-12-03 13:50:00-05:00,403.025,403.27,401.82,402.125,17150.00
2025-12-03 13:55:00-05:00,402.1225,402.97,401.81,402.97,10994.00
2025-12-03 14:00:00-05:00,402.3739,404.42,402.3739,404.11,16723.00
2025-12-03 14:05:00-05:00,404.055,404.6799,403.81,404.4,11252.00
2025-12-03 14:10:00-05:00,404.245,404.255,403.3019,404.08,11209.00
2025-12-03 14:15:00-05:00,404.07,405.14,403.46,404.14,23542.00
2025-12-03 14:20:00-05:00,404.2503,405.18,404.2503,405,15939.00
2025-12-03 14:25:00-05:00,405,406.86,405,406.01,70524.00
2025-12-03 14:30:00-05:00,405.84,406,404.3,404.73,28724.00
2025-12-03 14:35:00-05:00,404.52,404.635,403.85,404.34,20318.00
2025-12-03 14:40:00-05:00,404.4,404.75,404.16,404.45,21592.00
2025-12-03 14:45:00-05:00,404.6,404.66,404.19,404.33,18454.00
2025-12-03 14:50:00-05:00,404.27,404.83,404.14,404.21,28790.00
2025-12-03 14:55:00-05:00,404.26,404.88,403.4892,404.6318,32762.00
2025-12-03 15:00:00-05:00,404.89,405.66,404.45,405.62,30545.00
2025-12-03 15:05:00-05:00,405.29,405.61,404.06,405.52,23870.00
2025-12-03 15:10:00-05:00,405.52,405.82,405.19,405.405,20241.00
2025-12-03 15:15:00-05:00,405.31,406.99,405.31,406.79,31578.00
2025-12-03 15:20:00-05:00,406.99,408.21,406.87,407.09,29707.00
2025-12-03 15:25:00-05:00,407.08,407.22,405.81,406.995,39063.00
2025-12-03 15:30:00-05:00,406.995,407.71,406.77,407.584,36844.00
2025-12-03 15:35:00-05:00,407.45,407.49,406.78,407.06,38836.00
2025-12-03 15:40:00-05:00,407.32,407.71,406.62,406.95,32907.00
2025-12-03 15:45:00-05:00,406.805,407.69,406.8,407.02,63528.00
2025-12-03 15:50:00-05:00,407.015,407.22,405.45,405.905,111013.00
2025-12-03 15:55:00-05:00,405.93,407.25,405,405.94,218375.00
2025-12-04 09:30:00-05:00,405.62,405.62,400.08,404.8,105106.00
2025-12-04 09:35:00-05:00,404.67,407.52,404.34,407.05,64114.00
2025-12-04 09:40:00-05:00,407.05,407.29,403,404.3,34194.00
2025-12-04 09:45:00-05:00,404.385,405,402.6845,404.51,20700.00
2025-12-04 09:50:00-05:00,404.03,405.48,403.6705,404.93,31176.00
2025-12-04 09:55:00-05:00,404.93,404.95,402.27,403.48,28243.00
2025-12-04 10:00:00-05:00,403.27,403.5058,400.12,401.14,29725.00
2025-12-04 10:05:00-05:00,401.83,401.84,399.7709,401.26,39480.00
2025-12-04 10:10:00-05:00,401,401.91,400.45,401.08,25693.00
2025-12-04 10:15:00-05:00,401.375,401.94,400.31,401.9023,48707.00
2025-12-04 10:20:00-05:00,401.68,403.2148,401.55,401.6253,45458.00
2025-12-04 10:25:00-05:00,401.59,403.42,400.64,403.34,40001.00
2025-12-04 10:30:00-05:00,403.235,403.5,401.74,402.31,19388.00
2025-12-04 10:35:00-05:00,402.29,402.47,401.06,402.18,37030.00
2025-12-04 10:40:00-05:00,402.23,402.85,402.01,402.7,14549.00
2025-12-04 10:45:00-05:00,402.56,403.825,401.92,403.825,17745.00
2025-12-04 10:50:00-05:00,403.966,404.375,403.34,403.65,16575.00
2025-12-04 10:55:00-05:00,403.6104,403.65,402.76,403.0874,21327.00
2025-12-04 11:00:00-05:00,403.25,403.53,402,402.095,19708.00
2025-12-04 11:05:00-05:00,401.89,402.41,401,402.285,14320.00
2025-12-04 11:10:00-05:00,402.3,402.84,401.435,402.195,16960.00
2025-12-04 11:15:00-05:00,402.19,403.105,401.79,403.105,16304.00
2025-12-04 11:20:00-05:00,403.0033,403.21,402.08,402.38,12284.00
2025-12-04 11:25:00-05:00,402.58,404.35,401.9,404.31,22370.00
2025-12-04 11:30:00-05:00,404.115,404.35,402.5378,402.6765,19069.00
2025-12-04 11:35:00-05:00,402.336,403.52,401.8096,402.76,16878.00
2025-12-04 11:40:00-05:00,402.65,402.8,401.99,402.33,16195.00
2025-12-04 11:45:00-05:00,402.51,405,402.12,404.69,16062.00
2025-12-04 11:50:00-05:00,404.73,405.4399,404.46,404.46,21269.00
2025-12-04 11:55:00-05:00,404.39,405.3932,404.23,404.76,12129.00
2025-12-04 12:00:00-05:00,404.74,405.4099,404.65,404.83,12997.00
2025-12-04 12:05:00-05:00,404.775,405.215,404.33,404.6,11672.00
2025-12-04 12:10:00-05:00,404.56,405.1,404.26,404.8,13477.00
2025-12-04 12:15:00-05:00,404.8,404.97,404.09,404.195,10495.00
2025-12-04 12:20:00-05:00,404.19,404.605,403.54,403.69,17437.00
2025-12-04 12:25:00-05:00,403.7,404.36,403.5,403.5,11606.00
2025-12-04 12:30:00-05:00,403.42,403.56,402.76,402.86,14921.00
2025-12-04 12:35:00-05:00,402.92,403.38,401.97,401.97,11452.00
2025-12-04 12:40:00-05:00,401.97,402.2669,400.51,401.93,28344.00
2025-12-04 12:45:00-05:00,402,402,401.31,401.45,12222.00
2025-12-04 12:50:00-05:00,401.47,402.13,401.36,402.13,8318.00
2025-12-04 12:55:00-05:00,402.13,402.33,401.5,401.5443,23026.00
2025-12-04 13:00:00-05:00,401.47,401.865,401,401.06,18271.00
2025-12-04 13:05:00-05:00,401.18,401.43,399.6001,400.611,34309.00
2025-12-04 13:10:00-05:00,400.38,400.8,399.84,400.595,12636.00
2025-12-04 13:15:00-05:00,400.72,401.12,400.05,400.05,14108.00
2025-12-04 13:20:00-05:00,400.145,400.145,398.58,399.1189,35091.00
2025-12-04 13:25:00-05:00,399.12,399.2578,397,398.375,34601.00
2025-12-04 13:30:00-05:00,398.14,398.59,397.7,397.955,19375.00
2025-12-04 13:35:00-05:00,397.95,397.955,396.87,397.46,16083.00
2025-12-04 13:40:00-05:00,397.17,398.491,397.1,398.15,19965.00
2025-12-04 13:45:00-05:00,398.1,399.1,394,398.24,85151.00
2025-12-04 13:50:00-05:00,398.09,399.84,397.77,399.71,26348.00
2025-12-04 13:55:00-05:00,399.71,400.61,399.5,400.025,30318.00
2025-12-04 14:00:00-05:00,400.025,400.86,399.86,400.17,26294.00
2025-12-04 14:05:00-05:00,400.165,400.53,398.86,399.71,34090.00
2025-12-04 14:10:00-05:00,399.71,399.71,399.15,399.64,9969.00
2025-12-04 14:15:00-05:00,399.65,399.93,399.07,399.305,9144.00
2025-12-04 14:20:00-05:00,399.305,399.79,398.53,398.985,14979.00
2025-12-04 14:25:00-05:00,398.98,399.2,398.64,398.83,13002.00
2025-12-04 14:30:00-05:00,398.83,400.48,398.54,399.64,20840.00
2025-12-04 14:35:00-05:00,399.36,400.21,398.8,398.8,26984.00
2025-12-04 14:40:00-05:00,398.77,398.91,398.37,398.38,16709.00
2025-12-04 14:45:00-05:00,398.34,398.34,397.27,398.215,28919.00
2025-12-04 14:50:00-05:00,398.36,398.36,397.23,397.53,38334.00
2025-12-04 14:55:00-05:00,397.545,397.7199,396.59,396.94,32359.00
2025-12-04 15:00:00-05:00,396.96,397.72,396.96,397.18,31343.00
2025-12-04 15:05:00-05:00,397,397.448,396.31,397.205,26544.00
2025-12-04 15:10:00-05:00,397.205,399.28,397.1,399.045,38246.00
2025-12-04 15:15:00-05:00,399.16,399.3,397.8,398.035,25928.00
2025-12-04 15:20:00-05:00,397.84,397.84,396.6553,396.71,26123.00
2025-12-04 15:25:00-05:00,396.91,396.91,395.83,395.83,32150.00
2025-12-04 15:30:00-05:00,395.81,395.81,394.6,395.34,32856.00
2025-12-04 15:35:00-05:00,395.34,396.27,395.1401,396.03,34031.00
2025-12-04 15:40:00-05:00,396.1204,397.0892,396,397,54347.00
2025-12-04 15:45:00-05:00,397,398,396.81,396.88,61697.00
2025-12-04 15:50:00-05:00,396.94,397.54,396.06,396.695,105681.00
2025-12-04 15:55:00-05:00,396.66,397.08,395.99,396.72,178532.00
2025-12-05 09:30:00-05:00,397.39,399.05,393.81,394.83,53216.00
2025-12-05 09:35:00-05:00,395.16,397.49,393.53,397.0207,22023.00
2025-12-05 09:40:00-05:00,397.115,398.809,395.72,398.19,13825.00
2025-12-05 09:45:00-05:00,398.81,398.9886,395.2085,395.72,31202.00
2025-12-05 09:50:00-05:00,395.725,396.98,394.597,396.48,11302.00
2025-12-05 09:55:00-05:00,396.01,396.9597,395.17,395.75,15585.00
2025-12-05 10:00:00-05:00,395.88,402,395.7,401.925,40155.00
2025-12-05 10:05:00-05:00,402.025,404.86,401.843,404.5,45219.00
2025-12-05 10:10:00-05:00,404.43,407.97,404.31,407.035,81255.00
2025-12-05 10:15:00-05:00,407.0825,407.0825,404.419,404.55,51118.00
2025-12-05 10:20:00-05:00,404.665,405.82,404.27,405.46,24008.00
2025-12-05 10:25:00-05:00,405.33,405.9899,404.63,405.8959,20367.00
2025-12-05 10:30:00-05:00,405.9516,406.26,403.45,403.4601,23463.00
2025-12-05 10:35:00-05:00,403.72,403.95,402.26,402.49,18341.00
2025-12-05 10:40:00-05:00,402.58,402.58,401.6,401.93,17652.00
2025-12-05 10:45:00-05:00,401.925,402.74,401.3315,401.985,35873.00
2025-12-05 10:50:00-05:00,401.59,402.14,401.27,401.985,22300.00
2025-12-05 10:55:00-05:00,401.56,401.56,400.25,401.155,28805.00
2025-12-05 11:00:00-05:00,400.945,402.605,400.945,401.99,18554.00
2025-12-05 11:05:00-05:00,401.99,403.5603,400.61,400.69,15384.00
2025-12-05 11:10:00-05:00,400.78,401.705,400.38,400.935,14397.00
2025-12-05 11:15:00-05:00,400.69,402.32,400.4472,402.32,10187.00
2025-12-05 11:20:00-05:00,402.45,403.92,402.22,403.61,15210.00
2025-12-05 11:25:00-05:00,403.61,404.96,403.61,404.035,22498.00
2025-12-05 11:30:00-05:00,403.89,404.4935,402.5,404.06,19941.00
2025-12-05 11:35:00-05:00,404.06,404.4499,402.25,403.235,21098.00
2025-12-05 11:40:00-05:00,403.23,403.66,403.01,403.57,13180.00
2025-12-05 11:45:00-05:00,403.365,403.89,402.87,402.9474,11764.00
2025-12-05 11:50:00-05:00,403.01,403.25,402.21,402.22,9511.00
2025-12-05 11:55:00-05:00,402.26,402.84,401.86,402.42,14245.00
2025-12-05 12:00:00-05:00,402.17,404.4999,402,404.23,17884.00
2025-12-05 12:05:00-05:00,403.97,404.15,403.49,403.6,9848.00
2025-12-05 12:10:00-05:00,403.52,403.52,402.145,402.74,11304.00
2025-12-05 12:15:00-05:00,402.445,402.7,401.891,401.891,8797.00
2025-12-05 12:20:00-05:00,401.97,402.61,401.68,402.61,8014.00
2025-12-05 12:25:00-05:00,402.61,402.69,402.01,402.01,9404.00
2025-12-05 12:30:00-05:00,401.94,402.38,401.49,402.38,11156.00
2025-12-05 12:35:00-05:00,402.38,403.37,402.03,402.91,9898.00
2025-12-05 12:40:00-05:00,402.9,402.929,401.98,402.929,14745.00
2025-12-05 12:45:00-05:00,402.51,402.87,402.3845,402.54,6767.00
2025-12-05 12:50:00-05:00,402.43,404.4699,402.43,404.2601,19142.00
2025-12-05 12:55:00-05:00,404.26,404.85,404,404.85,14333.00
2025-12-05 13:00:00-05:00,404.75,405,404.11,404.8,17376.00
2025-12-05 13:05:00-05:00,404.65,405.17,404.55,404.93,14626.00
2025-12-05 13:10:00-05:00,404.89,404.905,404.34,404.495,11725.00
2025-12-05 13:15:00-05:00,404.47,405.9,404.29,405.3025,17737.00
2025-12-05 13:20:00-05:00,405.285,406.34,404.92,406.2744,10617.00
2025-12-05 13:25:00-05:00,406.0501,406.3799,405.85,405.88,11879.00
2025-12-05 13:30:00-05:00,406.005,407.38,405.985,407.275,27101.00
2025-12-05 13:35:00-05:00,407.275,407.95,407.07,407.47,36496.00
2025-12-05 13:40:00-05:00,407.47,408.15,407.46,407.9,33363.00
2025-12-05 13:45:00-05:00,407.895,408,407.28,407.68,34236.00
2025-12-05 13:50:00-05:00,407.69,407.88,406.3,406.94,37143.00
2025-12-05 13:55:00-05:00,407.05,408.03,406.73,407.755,16885.00
2025-12-05 14:00:00-05:00,407.81,407.96,407.36,407.8666,22234.00
2025-12-05 14:05:00-05:00,407.915,410.49,407.71,410.46,34515.00
2025-12-05 14:10:00-05:00,410.38,411.24,409.8101,410.51,57782.00
2025-12-05 14:15:00-05:00,410.51,410.915,409.7201,410.3,47756.00
2025-12-05 14:20:00-05:00,410.3,410.55,408.5839,409.35,36956.00
2025-12-05 14:25:00-05:00,409.32,410.01,408.52,408.79,25626.00
2025-12-05 14:30:00-05:00,408.79,408.93,407.82,407.9191,17949.00
2025-12-05 14:35:00-05:00,407.945,408.18,407.44,408.18,18299.00
2025-12-05 14:40:00-05:00,408.3,408.5007,407.435,407.58,18077.00
2025-12-05 14:45:00-05:00,407.72,407.72,407.08,407.705,15217.00
2025-12-05 14:50:00-05:00,407.705,408.84,407.5419,408.665,14179.00
2025-12-05 14:55:00-05:00,408.56,409.27,408.5,409.18,13633.00
2025-12-05 15:00:00-05:00,409.18,409.18,408.18,408.545,19083.00
2025-12-05 15:05:00-05:00,408.535,408.81,408.15,408.205,16304.00
2025-12-05 15:10:00-05:00,408.06,408.06,407.2213,407.49,19880.00
2025-12-05 15:15:00-05:00,407.515,408.6945,407.515,408.62,21943.00
2025-12-05 15:20:00-05:00,408.67,408.94,407.13,407.3064,27983.00
2025-12-05 15:25:00-05:00,407.31,407.6275,406.9,407.22,35092.00
2025-12-05 15:30:00-05:00,407.22,407.7699,406.89,407.275,19733.00
2025-12-05 15:35:00-05:00,407.275,408.3632,406.97,408.245,29043.00
2025-12-05 15:40:00-05:00,408.25,408.88,407.77,408.58,33892.00
2025-12-05 15:45:00-05:00,408.5707,408.65,407.685,407.8899,49428.00
2025-12-05 15:50:00-05:00,407.89,409.7366,407.78,409.485,77193.00
2025-12-05 15:55:00-05:00,409.36,409.7,408.85,409.47,147449.00
2025-12-08 09:30:00-05:00,413,422,413,420.215,140905.00
2025-12-08 09:35:00-05:00,420.25,424.235,420,422.88,69813.00
2025-12-08 09:40:00-05:00,423.08,424.64,421.15,423,71148.00
2025-12-08 09:45:00-05:00,422.57,422.57,418.9,420.39,72930.00
2025-12-08 09:50:00-05:00,420.1,420.48,418,418.515,35476.00
2025-12-08 09:55:00-05:00,418.515,418.6964,416,416.56,42729.00
2025-12-08 10:00:00-05:00,416.56,419,415.93,418.03,70665.00
2025-12-08 10:05:00-05:00,418.0521,419.2,416.96,417.46,35086.00
2025-12-08 10:10:00-05:00,417.67,417.91,415.49,415.77,47766.00
2025-12-08 10:15:00-05:00,415.975,419.37,415.975,417.965,41758.00
2025-12-08 10:20:00-05:00,418.32,419.3002,416.31,416.32,21844.00
2025-12-08 10:25:00-05:00,416.4,416.4,415.04,415.79,22795.00
2025-12-08 10:30:00-05:00,415.5,415.81,414.88,415.15,23162.00
2025-12-08 10:35:00-05:00,415.2,417.9,414.94,417.39,45496.00
2025-12-08 10:40:00-05:00,417.365,418.17,416.79,416.91,19431.00
2025-12-08 10:45:00-05:00,416.965,417.97,416.7,417.14,22302.00
2025-12-08 10:50:00-05:00,417.28,417.32,416.03,416.31,17021.00
2025-12-08 10:55:00-05:00,416.31,417.26,415.87,416.845,21646.00
2025-12-08 11:00:00-05:00,416.72,417.0229,416.04,416.34,22052.00
2025-12-08 11:05:00-05:00,416.345,418.3,416.18,418.245,30263.00
2025-12-08 11:10:00-05:00,418.38,418.905,417.9006,417.9006,12275.00
2025-12-08 11:15:00-05:00,418.1,418.1464,417.08,417.67,16051.00
2025-12-08 11:20:00-05:00,417.38,417.96,417.15,417.74,13403.00
2025-12-08 11:25:00-05:00,417.62,417.85,417.27,417.54,14541.00
2025-12-08 11:30:00-05:00,417.4,417.43,416.18,416.595,12050.00
2025-12-08 11:35:00-05:00,416.62,417.02,416.27,416.47,9316.00
2025-12-08 11:40:00-05:00,416.47,416.85,416.225,416.74,13283.00
2025-12-08 11:45:00-05:00,416.87,417.04,415.84,416.91,22688.00
2025-12-08 11:50:00-05:00,417,417.19,416.37,416.7,9190.00
2025-12-08 11:55:00-05:00,416.53,417.56,416.53,417.56,9183.00
2025-12-08 12:00:00-05:00,417.37,417.59,416.32,416.51,12635.00
2025-12-08 12:05:00-05:00,416.6,416.95,416.2823,416.2823,9677.00
2025-12-08 12:10:00-05:00,416.27,416.9,416.02,416.69,43342.00
2025-12-08 12:15:00-05:00,416.69,417.41,416.0575,416.44,33980.00
2025-12-08 12:20:00-05:00,416.23,416.355,414.8,416.24,70533.00
2025-12-08 12:25:00-05:00,416.23,416.47,415.95,416.32,5867.00
2025-12-08 12:30:00-05:00,416.32,416.44,415.72,416.235,12397.00
2025-12-08 12:35:00-05:00,416.235,416.81,415.99,416.555,16944.00
2025-12-08 12:40:00-05:00,416.555,417.57,416.5094,417.57,24863.00
2025-12-08 12:45:00-05:00,417.57,417.82,417.06,417.14,13919.00
2025-12-08 12:50:00-05:00,417.14,417.51,416.81,417.22,15737.00
2025-12-08 12:55:00-05:00,417.21,417.53,416.84,417.08,7535.00
2025-12-08 13:00:00-05:00,417.145,417.79,416.7,417.04,14949.00
2025-12-08 13:05:00-05:00,417.04,417.46,416.81,417.165,11456.00
2025-12-08 13:10:00-05:00,417.0825,417.4,416.43,416.43,7959.00
2025-12-08 13:15:00-05:00,416.6163,417.25,415.6,416.75,25371.00
2025-12-08 13:20:00-05:00,416.745,416.76,416.4991,416.755,8797.00
2025-12-08 13:25:00-05:00,416.41,416.61,415.12,415.24,16040.00
2025-12-08 13:30:00-05:00,415.39,416.02,415.16,415.77,12729.00
2025-12-08 13:35:00-05:00,415.775,417.93,415.765,417.83,13215.00
2025-12-08 13:40:00-05:00,417.9,418.52,417.7525,417.93,17391.00
2025-12-08 13:45:00-05:00,418.1799,418.1799,416.755,417,8751.00
2025-12-08 13:50:00-05:00,416.805,416.88,416.41,416.55,7084.00
2025-12-08 13:55:00-05:00,416.55,416.55,415.53,416.1827,23133.00
2025-12-08 14:00:00-05:00,416.09,416.4,415.68,416.07,10605.00
2025-12-08 14:05:00-05:00,416.125,416.2,415.73,415.975,10834.00
2025-12-08 14:10:00-05:00,415.975,416.28,415.81,416.235,8262.00
2025-12-08 14:15:00-05:00,416.27,416.675,416.18,416.59,11594.00
2025-12-08 14:20:00-05:00,416.59,416.82,416.31,416.625,12530.00
2025-12-08 14:25:00-05:00,416.5,416.75,415.97,415.97,19864.00
2025-12-08 14:30:00-05:00,416.0246,417.85,415.81,417.755,16359.00
2025-12-08 14:35:00-05:00,417.94,418.59,417.8458,418.2218,8489.00
2025-12-08 14:40:00-05:00,418.31,418.88,418.23,418.57,11151.00
2025-12-08 14:45:00-05:00,418.575,418.74,418.23,418.485,15502.00
2025-12-08 14:50:00-05:00,418.49,418.75,418.13,418.315,7192.00
2025-12-08 14:55:00-05:00,418.14,418.42,417.97,418.23,8493.00
2025-12-08 15:00:00-05:00,418.42,418.76,418.05,418.07,11719.00
2025-12-08 15:05:00-05:00,418.14,418.46,418.05,418.36,16202.00
2025-12-08 15:10:00-05:00,418.36,418.49,417.88,418.0625,14523.00
2025-12-08 15:15:00-05:00,418.0275,418.0275,417.18,417.26,17375.00
2025-12-08 15:20:00-05:00,417.26,417.98,417.26,417.83,18141.00
2025-12-08 15:25:00-05:00,417.98,418.15,417.67,417.85,16446.00
2025-12-08 15:30:00-05:00,417.94,418.12,417.43,417.605,20291.00
2025-12-08 15:35:00-05:00,417.77,418.09,417.08,417.59,25234.00
2025-12-08 15:40:00-05:00,417.61,417.64,416.34,417,39262.00
2025-12-08 15:45:00-05:00,416.81,417.055,415.47,415.98,60151.00
2025-12-08 15:50:00-05:00,416.11,418.435,416,417.35,81198.00
2025-12-08 15:55:00-05:00,417.46,418.75,417.46,418.71,152273.00
2025-12-09 09:30:00-05:00,416.36,418.5,415.28,416.27,29550.00
2025-12-09 09:35:00-05:00,416.265,419.99,416.265,419.5,13734.00
2025-12-09 09:40:00-05:00,419.5,419.5,416.86,418.245,12963.00
2025-12-09 09:45:00-05:00,418.155,418.36,416.92,417.235,18219.00
2025-12-09 09:50:00-05:00,417.24,417.24,415.93,416.965,13548.00
2025-12-09 09:55:00-05:00,417.28,418.03,416.37,417.94,10322.00
2025-12-09 10:00:00-05:00,418.3,418.475,416.8,417.74,18226.00
2025-12-09 10:05:00-05:00,418.065,418.2,417.38,417.965,10345.00
2025-12-09 10:10:00-05:00,417.965,419.6999,417.965,418.935,21001.00
2025-12-09 10:15:00-05:00,418.935,419.5113,418.69,418.965,9073.00
2025-12-09 10:20:00-05:00,418.75,419.02,417.85,418.085,8565.00
2025-12-09 10:25:00-05:00,418.02,418.73,417.76,418.545,9521.00
2025-12-09 10:30:00-05:00,418.34,418.54,416.89,417.34,9073.00
2025-12-09 10:35:00-05:00,417.31,418.4,416.88,418.24,14276.00
2025-12-09 10:40:00-05:00,417.85,417.85,417.05,417.415,8817.00
2025-12-09 10:45:00-05:00,417.56,418.11,415.3401,415.67,21155.00
2025-12-09 10:50:00-05:00,415.66,416.55,415.4201,416.55,8950.00
2025-12-09 10:55:00-05:00,416.775,417.74,416.75,417.74,7336.00
2025-12-09 11:00:00-05:00,417.97,418.1,416.65,416.745,11959.00
2025-12-09 11:05:00-05:00,416.5,417.13,416.15,416.85,10028.00
2025-12-09 11:10:00-05:00,417.18,418.01,416.9402,418,7485.00
2025-12-09 11:15:00-05:00,418.015,418.29,417.45,417.965,11162.00
2025-12-09 11:20:00-05:00,418.13,418.8,417.7,418.79,15205.00
2025-12-09 11:25:00-05:00,418.79,418.85,417.9,418.07,9270.00
2025-12-09 11:30:00-05:00,417.97,418.36,417.74,418.1387,8317.00
2025-12-09 11:35:00-05:00,418.28,418.28,417.74,417.74,5520.00
2025-12-09 11:40:00-05:00,417.885,417.885,417.39,417.69,4248.00
2025-12-09 11:45:00-05:00,417.83,417.83,417.64,417.665,1992.00
2025-12-09 11:50:00-05:00,417.88,417.99,417.44,417.8,3570.00
2025-12-09 11:55:00-05:00,418.12,418.4,417.71,417.75,6434.00
2025-12-09 12:00:00-05:00,417.82,418.28,417.62,417.89,5531.00
2025-12-09 12:05:00-05:00,417.75,417.9,417.44,417.53,4659.00
2025-12-09 12:10:00-05:00,417.71,418.31,417.64,418.225,8788.00
2025-12-09 12:15:00-05:00,418.16,418.16,417.47,417.47,4630.00
2025-12-09 12:20:00-05:00,417.785,417.8154,417.12,417.45,4181.00
2025-12-09 12:25:00-05:00,417.4655,417.78,417.18,417.33,7962.00
2025-12-09 12:30:00-05:00,417.52,417.54,416.26,416.4206,9506.00
2025-12-09 12:35:00-05:00,416.26,416.265,415.43,416.01,7212.00
2025-12-09 12:40:00-05:00,415.93,416.34,415.618,416.34,6762.00
2025-12-09 12:45:00-05:00,416.51,417.43,416.46,417.2,33119.00
2025-12-09 12:50:00-05:00,417.075,418.76,417.075,418.35,9658.00
2025-12-09 12:55:00-05:00,418.35,418.69,418.09,418.69,9783.00
2025-12-09 13:00:00-05:00,418.73,418.815,418.13,418.44,8379.00
2025-12-09 13:05:00-05:00,418.365,418.365,417.68,418.29,6768.00
2025-12-09 13:10:00-05:00,418.3525,418.3525,417.88,418.05,5620.00
2025-12-09 13:15:00-05:00,418.015,418.22,417.68,418.12,4637.00
2025-12-09 13:20:00-05:00,418.11,418.11,417.57,418,6068.00
2025-12-09 13:25:00-05:00,418,418.83,417.98,418.765,6441.00
2025-12-09 13:30:00-05:00,418.75,418.75,417.91,418.36,8479.00
2025-12-09 13:35:00-05:00,418.25,418.25,417.54,417.8,9602.00
2025-12-09 13:40:00-05:00,417.65,417.66,417.22,417.22,4578.00
2025-12-09 13:45:00-05:00,417.16,418.18,416.74,418.07,8640.00
2025-12-09 13:50:00-05:00,418.0148,418.07,417.17,417.29,6464.00
2025-12-09 13:55:00-05:00,417.355,417.355,416.58,416.65,6054.00
2025-12-09 14:00:00-05:00,416.57,416.67,415.27,415.625,27579.00
2025-12-09 14:05:00-05:00,415.625,416.3,415.27,416.055,9016.00
2025-12-09 14:10:00-05:00,415.77,416.13,415,416.09,11251.00
2025-12-09 14:15:00-05:00,416.45,416.74,415.58,416.05,17103.00
2025-12-09 14:20:00-05:00,416.05,416.145,415.14,415.23,5881.00
2025-12-09 14:25:00-05:00,415.33,415.55,414.69,414.78,10325.00
2025-12-09 14:30:00-05:00,414.6975,415.14,414.14,414.37,14217.00
2025-12-09 14:35:00-05:00,414.56,414.9361,414,414.469,8244.00
2025-12-09 14:40:00-05:00,414.25,414.37,413.6,413.82,21165.00
2025-12-09 14:45:00-05:00,413.81,414.06,413.45,413.9361,6586.00
2025-12-09 14:50:00-05:00,414.06,414.38,413.85,414.18,8731.00
2025-12-09 14:55:00-05:00,414.18,414.59,414.16,414.25,9655.00
2025-12-09 15:00:00-05:00,414.19,414.7,414,414.595,7773.00
2025-12-09 15:05:00-05:00,414.61,414.61,413.64,413.93,8020.00
2025-12-09 15:10:00-05:00,413.64,414.51,413.64,414.345,11246.00
2025-12-09 15:15:00-05:00,414.51,414.51,413.99,414.33,17004.00
2025-12-09 15:20:00-05:00,414.33,414.59,413.79,413.95,13965.00
2025-12-09 15:25:00-05:00,413.79,413.95,412.75,413.22,17446.00
2025-12-09 15:30:00-05:00,413.13,413.825,413.02,413.41,19003.00
2025-12-09 15:35:00-05:00,413.405,414.68,413.405,414.14,24396.00
2025-12-09 15:40:00-05:00,414.14,414.835,414.14,414.675,21147.00
2025-12-09 15:45:00-05:00,414.675,414.97,414.2,414.7934,19419.00
2025-12-09 15:50:00-05:00,414.95,415.49,414.55,414.95,48648.00
2025-12-09 15:55:00-05:00,414.62,414.649,413.41,413.99,74024.00
2025-12-10 09:30:00-05:00,412.76,415.53,411.922,414.83,15956.00
2025-12-10 09:35:00-05:00,414.83,414.83,413.09,413.9,6968.00
2025-12-10 09:40:00-05:00,413.6545,415,412.8501,413.39,6347.00
2025-12-10 09:45:00-05:00,413.42,414.63,412.75,413.95,10534.00
2025-12-10 09:50:00-05:00,413.875,414.66,412.93,414.105,13042.00
2025-12-10 09:55:00-05:00,414.2,414.52,412.57,413,8270.00
2025-12-10 10:00:00-05:00,412.945,414.0851,412.945,414.0851,8997.00
2025-12-10 10:05:00-05:00,413.96,413.96,413.17,413.4369,5196.00
2025-12-10 10:10:00-05:00,413.535,414.5,413.2601,413.905,7841.00
2025-12-10 10:15:00-05:00,414.17,414.71,413.5095,414.615,9141.00
2025-12-10 10:20:00-05:00,414.565,414.89,414.21,414.52,11857.00
2025-12-10 10:25:00-05:00,414.515,415.51,413.2752,415.03,9173.00
2025-12-10 10:30:00-05:00,415.445,415.45,412.78,412.9268,9559.00
2025-12-10 10:35:00-05:00,412.99,414.12,412.9675,413.61,5316.00
2025-12-10 10:40:00-05:00,413.6,413.7,412.69,412.69,8225.00
2025-12-10 10:45:00-05:00,413.06,414.48,412.92,414.26,7548.00
2025-12-10 10:50:00-05:00,414.255,414.255,413.58,413.67,11311.00
2025-12-10 10:55:00-05:00,413.67,414.1074,412.17,413.96,11201.00
2025-12-10 11:00:00-05:00,413.475,415,413.34,415,5858.00
2025-12-10 11:05:00-05:00,414.99,415.21,413.66,413.66,7276.00
2025-12-10 11:10:00-05:00,413.5,414.5,413.01,414.5,6995.00
2025-12-10 11:15:00-05:00,414.55,415.1,414.02,415.09,11654.00
2025-12-10 11:20:00-05:00,415.1,415.1,414.11,414.12,8955.00
2025-12-10 11:25:00-05:00,414.12,415.985,414.12,415.205,27349.00
2025-12-10 11:30:00-05:00,415.21,415.44,414.22,415.035,5946.00
2025-12-10 11:35:00-05:00,415.14,415.88,414.82,415.88,4504.00
2025-12-10 11:40:00-05:00,415.6,416.14,415.24,415.88,6627.00
2025-12-10 11:45:00-05:00,415.62,416.28,415.37,416.05,8776.00
2025-12-10 11:50:00-05:00,416.34,416.61,416.15,416.355,4780.00
2025-12-10 11:55:00-05:00,416.09,416.23,415.77,416.085,6288.00
2025-12-10 12:00:00-05:00,415.985,416.18,415.43,415.965,5642.00
2025-12-10 12:05:00-05:00,415.965,416.1732,415.24,415.505,10615.00
2025-12-10 12:10:00-05:00,415.505,415.505,414.41,414.605,9192.00
2025-12-10 12:15:00-05:00,414.605,414.81,414.2625,414.72,25858.00
2025-12-10 12:20:00-05:00,414.72,414.72,413.75,413.88,15506.00
2025-12-10 12:25:00-05:00,413.72,414.2,413.31,413.92,6831.00
2025-12-10 12:30:00-05:00,413.645,413.645,413.23,413.49,3633.00
2025-12-10 12:35:00-05:00,413.455,414.21,413.2,414.21,30301.00
2025-12-10 12:40:00-05:00,413.765,414.21,413.37,413.87,10277.00
2025-12-10 12:45:00-05:00,413.885,417.095,413.815,417.095,71001.00
2025-12-10 12:50:00-05:00,416.81,418.6,416.81,418.455,7712.00
2025-12-10 12:55:00-05:00,418.15,418.6537,417.87,418.32,4664.00
2025-12-10 13:00:00-05:00,417.95,418.4,417.4,417.6953,12929.00
2025-12-10 13:05:00-05:00,417.505,418.2094,417.35,417.3975,8676.00
2025-12-10 13:10:00-05:00,417.4,419.5,417.31,419.42,10318.00
2025-12-10 13:15:00-05:00,419.49,419.71,418.71,418.9375,9709.00
2025-12-10 13:20:00-05:00,418.62,418.63,418,418.13,10091.00
2025-12-10 13:25:00-05:00,417.9,418.9899,417.6815,418.465,9894.00
2025-12-10 13:30:00-05:00,418.04,418.47,417.84,417.85,4495.00
2025-12-10 13:35:00-05:00,417.965,419,417.65,418.38,13367.00
2025-12-10 13:40:00-05:00,418.38,418.49,417.62,417.63,8942.00
2025-12-10 13:45:00-05:00,417.975,418,416.39,418,15390.00
2025-12-10 13:50:00-05:00,417.735,417.845,417.24,417.61,4904.00
2025-12-10 13:55:00-05:00,417.32,417.61,416.5,417.48,6895.00
2025-12-10 14:00:00-05:00,417.12,420.32,417.12,418.17,36035.00
2025-12-10 14:05:00-05:00,418.69,420.8418,418.05,419.9271,21824.00
2025-12-10 14:10:00-05:00,420.43,420.9799,419.63,420.23,43592.00
2025-12-10 14:15:00-05:00,420.55,421.32,420,420.66,18671.00
2025-12-10 14:20:00-05:00,420.6,421,419.62,419.74,15910.00
2025-12-10 14:25:00-05:00,420.065,420.1554,418.91,419.935,39290.00
2025-12-10 14:30:00-05:00,420.08,422.98,420.08,422.98,15470.00
2025-12-10 14:35:00-05:00,422.64,423.64,421.32,422.65,16913.00
2025-12-10 14:40:00-05:00,422.21,422.8,420.88,422.26,14487.00
2025-12-10 14:45:00-05:00,422.255,423.87,422.255,423.2,15100.00
2025-12-10 14:50:00-05:00,423.02,425.71,422.96,425.71,32779.00
2025-12-10 14:55:00-05:00,425.77,428.69,425.77,428.55,57764.00
2025-12-10 15:00:00-05:00,428.61,428.76,427.0801,427.83,38761.00
2025-12-10 15:05:00-05:00,428.14,428.2081,427.18,427.54,19200.00
2025-12-10 15:10:00-05:00,427.555,428.15,426.44,427.475,39119.00
2025-12-10 15:15:00-05:00,427.7099,429.29,427.27,429.01,48521.00
2025-12-10 15:20:00-05:00,429.01,429.85,428.41,428.54,42257.00
2025-12-10 15:25:00-05:00,428.57,429.505,428.14,428.16,22412.00
2025-12-10 15:30:00-05:00,428.15,428.66,427.08,427.9,34739.00
2025-12-10 15:35:00-05:00,427.895,428.14,426.19,427.445,24029.00
2025-12-10 15:40:00-05:00,427.6522,427.6522,426.58,426.76,27995.00
2025-12-10 15:45:00-05:00,426.49,427.1035,425.5,426.68,29591.00
2025-12-10 15:50:00-05:00,426.92,428.5,425.6895,427.965,61391.00
2025-12-10 15:55:00-05:00,428.45,429,426.69,427.41,125266.00
2025-12-11 09:30:00-05:00,423.18,426.9,423.18,425.185,20107.00
2025-12-11 09:35:00-05:00,425.93,431.4204,425.775,430.52,48757.00
2025-12-11 09:40:00-05:00,430.505,432.34,429.97,431.035,46664.00
2025-12-11 09:45:00-05:00,431.035,432.55,430.33,430.56,27900.00
2025-12-11 09:50:00-05:00,430.27,430.6301,427.785,428.95,40546.00
2025-12-11 09:55:00-05:00,428.3,428.625,425.2101,426.4,19709.00
2025-12-11 10:00:00-05:00,426.63,428.95,424.56,428.515,23842.00
2025-12-11 10:05:00-05:00,428.67,431.47,428.515,431.47,19150.00
2025-12-11 10:10:00-05:00,431.26,432.01,430.56,431.46,22560.00
2025-12-11 10:15:00-05:00,431.25,431.54,429.34,430.115,17164.00
2025-12-11 10:20:00-05:00,430.115,431.7599,429.6921,431.4,14577.00
2025-12-11 10:25:00-05:00,431.393,431.4,430.2146,430.43,9410.00
2025-12-11 10:30:00-05:00,430.25,430.78,427.0085,427.435,18707.00
2025-12-11 10:35:00-05:00,427.23,428.775,427.02,428.19,12149.00
2025-12-11 10:40:00-05:00,428.05,428.61,426.23,426.72,6364.00
2025-12-11 10:45:00-05:00,426.72,427.28,425.665,425.93,13510.00
2025-12-11 10:50:00-05:00,425.875,427.14,425.38,426.04,20850.00
2025-12-11 10:55:00-05:00,426.14,427.475,425.58,426.8,6924.00
2025-12-11 11:00:00-05:00,427.02,427.39,424.4,425.125,14661.00
2025-12-11 11:05:00-05:00,425.125,425.26,424.58,425.205,5867.00
2025-12-11 11:10:00-05:00,425.205,425.63,424.63,425.01,7384.00
2025-12-11 11:15:00-05:00,425.3,425.46,424.46,424.955,9235.00
2025-12-11 11:20:00-05:00,424.955,425.83,424.6,425.24,11072.00
2025-12-11 11:25:00-05:00,425.02,425.5825,424.58,424.86,7354.00
2025-12-11 11:30:00-05:00,424.86,425.69,424.73,425.69,9157.00
2025-12-11 11:35:00-05:00,425.81,426.09,425.12,425.425,7057.00
2025-12-11 11:40:00-05:00,425.435,426.6,425.1401,426.01,12392.00
2025-12-11 11:45:00-05:00,426,426.67,425.44,426.01,20531.00
2025-12-11 11:50:00-05:00,425.83,426.1399,423.72,424.37,15030.00
2025-12-11 11:55:00-05:00,424.605,424.82,423.99,424.82,6870.00
2025-12-11 12:00:00-05:00,424.86,425.83,424.86,425.505,7852.00
2025-12-11 12:05:00-05:00,425.285,425.29,424.28,424.736,5641.00
2025-12-11 12:10:00-05:00,424.85,425.57,424.35,425.57,10105.00
2025-12-11 12:15:00-05:00,425.295,425.96,425.295,425.745,6254.00
2025-12-11 12:20:00-05:00,425.745,426.58,425.745,426.58,13464.00
2025-12-11 12:25:00-05:00,426.65,426.85,425.92,426.215,10241.00
2025-12-11 12:30:00-05:00,426.69,428.06,426.13,427.46,15224.00
2025-12-11 12:35:00-05:00,428.11,428.15,427.46,427.742,19011.00
2025-12-11 12:40:00-05:00,428.08,428.11,426.72,427.055,11989.00
2025-12-11 12:45:00-05:00,426.885,427.19,426.23,426.51,3480.00
2025-12-11 12:50:00-05:00,426,426.712,425.66,426.44,4355.00
2025-12-11 12:55:00-05:00,426.44,426.71,426.03,426.5,6507.00
2025-12-11 13:00:00-05:00,426.47,426.72,425.72,426.44,8516.00
2025-12-11 13:05:00-05:00,426.3949,426.9629,426.245,426.5,5761.00
2025-12-11 13:10:00-05:00,426.5595,426.5595,425.7,425.82,12894.00
2025-12-11 13:15:00-05:00,425.835,425.835,424.8801,424.8801,4651.00
2025-12-11 13:20:00-05:00,425.075,425.32,424.68,424.93,4079.00
2025-12-11 13:25:00-05:00,425.15,425.34,424.11,424.465,4580.00
2025-12-11 13:30:00-05:00,424.17,424.88,424.15,424.41,4284.00
2025-12-11 13:35:00-05:00,424.41,424.92,424.31,424.3893,5831.00
2025-12-11 13:40:00-05:00,424.84,424.95,423.82,424.105,7715.00
2025-12-11 13:45:00-05:00,423.89,424.17,423.52,423.91,6414.00
2025-12-11 13:50:00-05:00,424.19,424.2899,423.39,423.63,8152.00
2025-12-11 13:55:00-05:00,423.63,423.89,423.4,423.65,5730.00
2025-12-11 14:00:00-05:00,423.63,424.41,423.63,424.02,7030.00
2025-12-11 14:05:00-05:00,424.145,424.1943,423.61,423.885,4156.00
2025-12-11 14:10:00-05:00,423.875,424.32,423.875,424.1278,9113.00
2025-12-11 14:15:00-05:00,424.31,424.45,423.95,424.17,6103.00
2025-12-11 14:20:00-05:00,424.275,424.6299,423.9,424.32,6354.00
2025-12-11 14:25:00-05:00,424.12,424.46,424.03,424.4,6681.00
2025-12-11 14:30:00-05:00,424.61,425.5288,423.73,425.345,21592.00
2025-12-11 14:35:00-05:00,425.58,426.97,425.52,425.74,29807.00
2025-12-11 14:40:00-05:00,425.7102,426.54,425.05,426.25,13318.00
2025-12-11 14:45:00-05:00,426.53,426.53,425.24,425.24,12956.00
2025-12-11 14:50:00-05:00,425.34,425.775,424.61,425.135,12433.00
2025-12-11 14:55:00-05:00,425.135,425.44,424.06,424.06,11465.00
2025-12-11 15:00:00-05:00,424.35,424.35,423.46,423.56,9394.00
2025-12-11 15:05:00-05:00,423.41,423.72,422.8,422.95,11516.00
2025-12-11 15:10:00-05:00,422.955,423.9,422.81,423.12,15213.00
2025-12-11 15:15:00-05:00,423.05,423.165,421.76,421.76,13912.00
2025-12-11 15:20:00-05:00,421.935,422.58,421.39,421.51,25276.00
2025-12-11 15:25:00-05:00,421.24,421.33,420.64,420.83,13832.00
2025-12-11 15:30:00-05:00,420.73,420.73,418.64,419.77,20133.00
2025-12-11 15:35:00-05:00,419.77,420.575,419.46,420.575,20641.00
2025-12-11 15:40:00-05:00,420.77,422.56,420.575,422.56,19252.00
2025-12-11 15:45:00-05:00,422.135,423.17,422.01,422.48,35423.00
2025-12-11 15:50:00-05:00,422.76,423.04,421.43,421.665,45307.00
2025-12-11 15:55:00-05:00,421.24,421.28,419.52,420.57,71475.00
2025-12-12 09:30:00-05:00,417.79,420.51,416.62,418.42,27417.00
2025-12-12 09:35:00-05:00,419.0464,420.4609,418.35,420.4609,6173.00
2025-12-12 09:40:00-05:00,419.798,421.54,419,419.44,7497.00
2025-12-12 09:45:00-05:00,419.43,419.99,417.5,418.03,11060.00
2025-12-12 09:50:00-05:00,418.33,420.25,417.78,419.65,6824.00
2025-12-12 09:55:00-05:00,419.66,419.66,418.795,418.795,6647.00
2025-12-12 10:00:00-05:00,419,419.27,416.33,416.3344,15694.00
2025-12-12 10:05:00-05:00,416.795,416.795,414.0001,414.915,25420.00
2025-12-12 10:10:00-05:00,414.915,417,414.915,415.89,11542.00
2025-12-12 10:15:00-05:00,416.24,417,415.2737,416.396,7292.00
2025-12-12 10:20:00-05:00,416,416.5085,414.56,414.56,7053.00
2025-12-12 10:25:00-05:00,415.1,415.1,413.46,413.495,7852.00
2025-12-12 10:30:00-05:00,413.22,414.58,413.1,414.44,16956.00
2025-12-12 10:35:00-05:00,414.5,415.78,413.78,415.145,16169.00
2025-12-12 10:40:00-05:00,414.94,416.175,414.36,415.77,11683.00
2025-12-12 10:45:00-05:00,416.24,417.44,416.12,416.765,20683.00
2025-12-12 10:50:00-05:00,416.76,416.9091,414.91,414.91,12367.00
2025-12-12 10:55:00-05:00,414.8,415.75,413.81,414.2601,9751.00
2025-12-12 11:00:00-05:00,414.92,416.02,412.61,412.61,10486.00
2025-12-12 11:05:00-05:00,413.075,413.94,412.795,412.81,11591.00
2025-12-12 11:10:00-05:00,412.79,413.98,412.02,413.61,19450.00
2025-12-12 11:15:00-05:00,413.275,413.88,412.91,413.5,8772.00
2025-12-12 11:20:00-05:00,413.5,413.52,411.28,412.2745,14861.00
2025-12-12 11:25:00-05:00,412.745,414.38,412.665,414.38,9444.00
2025-12-12 11:30:00-05:00,414.095,414.56,413,414,8310.00
2025-12-12 11:35:00-05:00,414.005,414.005,412.24,412.77,15287.00
2025-12-12 11:40:00-05:00,412.695,414.79,412.695,414.79,6780.00
2025-12-12 11:45:00-05:00,414.63,416.195,414.2,416.125,16173.00
2025-12-12 11:50:00-05:00,416,416.45,415.63,416.1204,7748.00
2025-12-12 11:55:00-05:00,416.54,416.93,416.16,416.8,10162.00
2025-12-12 12:00:00-05:00,416.68,419.31,416.68,418.74,20878.00
2025-12-12 12:05:00-05:00,418.73,419.9799,418.51,418.86,21929.00
2025-12-12 12:10:00-05:00,419.2,419.7,418.95,419.3966,7388.00
2025-12-12 12:15:00-05:00,419.165,419.99,419.07,419.685,7264.00
2025-12-12 12:20:00-05:00,419.69,419.8529,418.82,419,6862.00
2025-12-12 12:25:00-05:00,418.56,418.745,416.86,417.29,9471.00
2025-12-12 12:30:00-05:00,417.45,418.44,416.86,418.32,7633.00
2025-12-12 12:35:00-05:00,418.175,418.97,417.74,418.97,6332.00
2025-12-12 12:40:00-05:00,419.02,419.3194,418.56,418.79,6398.00
2025-12-12 12:45:00-05:00,418.8916,419.555,418.88,419.36,5932.00
2025-12-12 12:50:00-05:00,419.56,419.56,418.57,418.854,3540.00
2025-12-12 12:55:00-05:00,418.665,419.22,418.37,418.95,4294.00
2025-12-12 13:00:00-05:00,418.96,418.96,418.62,418.945,4115.00
2025-12-12 13:05:00-05:00,418.9,419.01,418.43,418.685,6960.00
2025-12-12 13:10:00-05:00,418.605,419.97,418.59,419.12,12653.00
2025-12-12 13:15:00-05:00,419.11,420.39,419.11,420,13748.00
2025-12-12 13:20:00-05:00,420,420.31,419.45,419.685,10448.00
2025-12-12 13:25:00-05:00,419.69,419.69,419,419.325,9217.00
2025-12-12 13:30:00-05:00,419.32,419.48,418.6,418.71,5831.00
2025-12-12 13:35:00-05:00,418.7,418.97,418.15,418.92,7716.00
2025-12-12 13:40:00-05:00,418.875,418.875,418.13,418.27,7196.00
2025-12-12 13:45:00-05:00,418.42,418.48,417.97,418.29,10475.00
2025-12-12 13:50:00-05:00,418.175,418.72,418.12,418.595,6593.00
2025-12-12 13:55:00-05:00,418.63,418.72,417.6277,417.76,10834.00
2025-12-12 14:00:00-05:00,417.735,417.7495,417.13,417.72,14199.00
2025-12-12 14:05:00-05:00,417.76,418.11,417.276,417.45,5838.00
2025-12-12 14:10:00-05:00,417.615,417.81,417.16,417.34,6218.00
2025-12-12 14:15:00-05:00,417.14,417.65,417.14,417.46,3196.00
2025-12-12 14:20:00-05:00,417.46,417.78,416.87,417.53,10613.00
2025-12-12 14:25:00-05:00,417.4,417.4,416.82,416.96,5366.00
2025-12-12 14:30:00-05:00,417.09,417.57,417.0275,417.285,5286.00
2025-12-12 14:35:00-05:00,417.285,417.9999,416.91,416.91,8516.00
2025-12-12 14:40:00-05:00,417.015,417.87,417,417,4865.00
2025-12-12 14:45:00-05:00,416.9943,417.47,416.9943,417.4,3297.00
2025-12-12 14:50:00-05:00,417.28,417.56,417.05,417.3699,9798.00
2025-12-12 14:55:00-05:00,417.05,417.2,416.65,417.05,8424.00
2025-12-12 15:00:00-05:00,417.16,418.33,416.36,418.085,12267.00
2025-12-12 15:05:00-05:00,418.105,418.61,417.89,418.61,20218.00
2025-12-12 15:10:00-05:00,418.5,418.94,418.2515,418.41,15596.00
2025-12-12 15:15:00-05:00,418.415,419.08,418.415,418.79,13109.00
2025-12-12 15:20:00-05:00,418.7,418.96,418.24,418.32,21663.00
2025-12-12 15:25:00-05:00,418.32,418.57,417.51,417.6215,20388.00
2025-12-12 15:30:00-05:00,417.47,417.48,416.49,417.04,19430.00
2025-12-12 15:35:00-05:00,417.03,417.04,415.43,415.62,18361.00
2025-12-12 15:40:00-05:00,415.77,417.76,415.77,417.41,19847.00
2025-12-12 15:45:00-05:00,417.26,418.45,416.84,418.42,28496.00
2025-12-12 15:50:00-05:00,418.52,419.32,417.714,418.81,69189.00
2025-12-12 15:55:00-05:00,419,419.345,418.49,419.01,118923.00
2025-12-15 09:30:00-05:00,420.79,420.86,416.95,419.06,24376.00
2025-12-15 09:35:00-05:00,419.05,419.555,415.811,416.8004,14893.00
2025-12-15 09:40:00-05:00,417.55,418,415.911,415.911,13918.00
2025-12-15 09:45:00-05:00,415.91,417.39,414.32,417.39,29590.00
2025-12-15 09:50:00-05:00,417.46,417.98,414.19,414.73,15555.00
2025-12-15 09:55:00-05:00,414.855,415.52,413.84,414.29,17366.00
2025-12-15 10:00:00-05:00,414.11,415.405,413.9861,414.895,28417.00
2025-12-15 10:05:00-05:00,414.915,417.29,414.915,416.34,26712.00
2025-12-15 10:10:00-05:00,416.34,416.4102,413.62,415.02,30512.00
2025-12-15 10:15:00-05:00,414.88,415.25,413.14,413.73,9757.00
2025-12-15 10:20:00-05:00,413.425,414.43,413,413.2475,10413.00
2025-12-15 10:25:00-05:00,413.275,415,413.22,414.98,9500.00
2025-12-15 10:30:00-05:00,415.02,417,414.66,415.34,18200.00
2025-12-15 10:35:00-05:00,415.71,416.2,414.73,415.25,9065.00
2025-12-15 10:40:00-05:00,415.25,416.36,414.6,416.36,19428.00
2025-12-15 10:45:00-05:00,416.3,417.31,416.2,417.27,11253.00
2025-12-15 10:50:00-05:00,417.19,417.34,415.935,417.12,14209.00
2025-12-15 10:55:00-05:00,417.13,417.23,415.95,416.7,13131.00
2025-12-15 11:00:00-05:00,416.7,416.92,416.28,416.725,9338.00
2025-12-15 11:05:00-05:00,417.03,417.57,416.65,417.57,7689.00
2025-12-15 11:10:00-05:00,417.69,417.69,416.15,416.565,19688.00
2025-12-15 11:15:00-05:00,416.565,419.21,416.565,418.84,23912.00
2025-12-15 11:20:00-05:00,418.91,418.94,417.71,418.55,14098.00
2025-12-15 11:25:00-05:00,418.515,419.29,418.45,418.94,9533.00
2025-12-15 11:30:00-05:00,419.11,419.5,417.5,417.75,23532.00
2025-12-15 11:35:00-05:00,417.755,417.81,417,417.37,14114.00
2025-12-15 11:40:00-05:00,417,417.74,416.4601,416.5,11013.00
2025-12-15 11:45:00-05:00,416.5,416.9,415.76,416.74,18826.00
2025-12-15 11:50:00-05:00,416.645,418.22,416.645,417.9,8259.00
2025-12-15 11:55:00-05:00,417.94,418.22,417.4378,417.4378,4830.00
2025-12-15 12:00:00-05:00,417.51,418.33,417.35,417.52,8564.00
2025-12-15 12:05:00-05:00,417.5,418.13,417.33,418.03,4706.00
2025-12-15 12:10:00-05:00,418.03,418.06,416.81,416.98,7523.00
2025-12-15 12:15:00-05:00,416.84,417.23,416.48,416.92,6657.00
2025-12-15 12:20:00-05:00,417.15,417.665,416.73,417.41,6704.00
2025-12-15 12:25:00-05:00,417.41,418.04,417.29,417.845,7323.00
2025-12-15 12:30:00-05:00,417.845,418.51,416.92,417.17,7786.00
2025-12-15 12:35:00-05:00,417.46,418.0797,417.41,417.57,6242.00
2025-12-15 12:40:00-05:00,417.84,418.23,417.5001,417.79,6192.00
2025-12-15 12:45:00-05:00,417.79,417.79,416.83,417.115,4195.00
2025-12-15 12:50:00-05:00,417.105,417.105,415.74,416.44,6023.00
2025-12-15 12:55:00-05:00,416.7,417.82,416.46,417.82,5883.00
2025-12-15 13:00:00-05:00,417.84,418.39,417.72,418.21,8820.00
2025-12-15 13:05:00-05:00,418.4,419.87,418.4,419.835,8580.00
2025-12-15 13:10:00-05:00,419.79,420.72,419.32,419.465,15232.00
2025-12-15 13:15:00-05:00,419.46,419.46,418.82,419.09,10422.00
2025-12-15 13:20:00-05:00,418.88,419.125,418.35,418.3825,17924.00
2025-12-15 13:25:00-05:00,418.23,418.5399,417.66,418.355,7797.00
2025-12-15 13:30:00-05:00,418.53,419.13,418.29,418.5075,13903.00
2025-12-15 13:35:00-05:00,418.545,418.88,418.29,418.29,8399.00
2025-12-15 13:40:00-05:00,418.315,418.45,417.13,417.365,8254.00
2025-12-15 13:45:00-05:00,417.08,417.71,416.88,417.52,11933.00
2025-12-15 13:50:00-05:00,417.71,418.5499,417.71,418.5499,15247.00
2025-12-15 13:55:00-05:00,418.415,418.89,417.96,417.97,15240.00
2025-12-15 14:00:00-05:00,417.9,418.23,417.64,418.125,23600.00
2025-12-15 14:05:00-05:00,418.12,418.82,417.96,418.515,12896.00
2025-12-15 14:10:00-05:00,418.48,418.86,418.26,418.535,19954.00
2025-12-15 14:15:00-05:00,418.36,419.09,418.33,418.69,24971.00
2025-12-15 14:20:00-05:00,418.7,419.07,417.73,418.02,22413.00
2025-12-15 14:25:00-05:00,418.21,418.47,417.9,418.31,12171.00
2025-12-15 14:30:00-05:00,418.49,418.54,416.7,416.75,21069.00
2025-12-15 14:35:00-05:00,416.89,417.14,416.075,416.84,19861.00
2025-12-15 14:40:00-05:00,417.1,417.14,416.02,416.23,13607.00
2025-12-15 14:45:00-05:00,416.14,416.23,415.85,416.15,8468.00
2025-12-15 14:50:00-05:00,416.15,416.385,415.37,416.33,10642.00
2025-12-15 14:55:00-05:00,416.255,417.34,416.255,417.26,12257.00
2025-12-15 15:00:00-05:00,417.285,417.285,416.15,416.65,9369.00
2025-12-15 15:05:00-05:00,416.52,417.25,416.47,417.25,9645.00
2025-12-15 15:10:00-05:00,417.25,417.58,416.89,416.9,9373.00
2025-12-15 15:15:00-05:00,417.005,417.02,415.17,415.52,17065.00
2025-12-15 15:20:00-05:00,415.52,415.71,414.71,415.3925,19476.00
2025-12-15 15:25:00-05:00,415.395,415.48,413.935,414.65,14984.00
2025-12-15 15:30:00-05:00,414.65,414.65,413.275,413.49,15958.00
2025-12-15 15:35:00-05:00,413.52,414.75,413.23,414.715,23554.00
2025-12-15 15:40:00-05:00,414.62,414.78,413.81,413.935,19855.00
2025-12-15 15:45:00-05:00,413.955,414.515,413.76,414.28,28743.00
2025-12-15 15:50:00-05:00,414.18,417,411,414.96,123561.00
2025-12-15 15:55:00-05:00,414.89,416.39,414.19,416.26,147050.00
2025-12-16 09:30:00-05:00,410.03,415.05,408,414.45,57568.00
2025-12-16 09:35:00-05:00,413.725,420.5,413.725,420.43,28532.00
2025-12-16 09:40:00-05:00,419.93,420.795,418.765,419.915,23914.00
2025-12-16 09:45:00-05:00,420.5,420.5,418.322,419.9,21467.00
2025-12-16 09:50:00-05:00,419.68,423,419.65,421.87,26109.00
2025-12-16 09:55:00-05:00,421.85,424.98,421.56,424.355,34243.00
2025-12-16 10:00:00-05:00,424.4,424.67,421.8,423.37,22615.00
2025-12-16 10:05:00-05:00,423.37,425.48,423.27,423.795,22122.00
2025-12-16 10:10:00-05:00,423.45,424.12,422.4414,422.855,24556.00
2025-12-16 10:15:00-05:00,422.63,423.08,421.806,422.79,33830.00
2025-12-16 10:20:00-05:00,422.79,423.965,422.79,423.0025,19748.00
2025-12-16 10:25:00-05:00,422.985,423.22,420.13,421.9,32025.00
2025-12-16 10:30:00-05:00,421.9,423.1,421.24,422.94,23304.00
2025-12-16 10:35:00-05:00,423.01,423.35,421.27,422.995,17172.00
2025-12-16 10:40:00-05:00,422.85,423.01,421.63,422.515,14472.00
2025-12-16 10:45:00-05:00,422.85,424.7,422.85,423.95,10720.00
2025-12-16 10:50:00-05:00,423.955,424.9,422.79,424.7,16607.00
2025-12-16 10:55:00-05:00,424.35,425,423.8,424.21,15472.00
2025-12-16 11:00:00-05:00,424.32,424.57,423.56,423.735,14809.00
2025-12-16 11:05:00-05:00,423.52,423.93,423.25,423.36,9352.00
2025-12-16 11:10:00-05:00,423.51,423.69,422.47,422.6064,18803.00
2025-12-16 11:15:00-05:00,422.6797,423.865,422.56,423.67,23614.00
2025-12-16 11:20:00-05:00,423.51,424.52,423.215,423.25,11917.00
2025-12-16 11:25:00-05:00,423.445,424.18,423.04,423.48,19332.00
2025-12-16 11:30:00-05:00,423.61,424.48,423,424.13,24668.00
2025-12-16 11:35:00-05:00,424.22,424.39,422.32,423.49,15217.00
2025-12-16 11:40:00-05:00,423.45,423.63,422.65,422.795,16759.00
2025-12-16 11:45:00-05:00,422.855,423.43,422.49,423.015,6826.00
2025-12-16 11:50:00-05:00,423.015,423.52,422.05,422.41,13418.00
2025-12-16 11:55:00-05:00,422.16,422.66,421.99,422.3,11450.00
2025-12-16 12:00:00-05:00,422.36,422.65,421.4741,421.625,14052.00
2025-12-16 12:05:00-05:00,421.57,421.93,421.07,421.2148,12918.00
2025-12-16 12:10:00-05:00,421.03,421.9,420.8316,421.66,9067.00
2025-12-16 12:15:00-05:00,421.67,421.82,421.18,421.49,9796.00
2025-12-16 12:20:00-05:00,421.495,421.5,420.25,420.455,10049.00
2025-12-16 12:25:00-05:00,420.455,420.455,419,419.82,8756.00
2025-12-16 12:30:00-05:00,419.635,420.27,419.55,419.91,11264.00
2025-12-16 12:35:00-05:00,420.12,420.64,419.22,419.59,11826.00
2025-12-16 12:40:00-05:00,419.59,419.785,419.12,419.4,11788.00
2025-12-16 12:45:00-05:00,419.405,420.34,419.405,419.94,8270.00
2025-12-16 12:50:00-05:00,419.83,420.02,419.339,419.645,11474.00
2025-12-16 12:55:00-05:00,419.37,419.9,418.8,419.04,8601.00
2025-12-16 13:00:00-05:00,418.95,419.35,418.01,418.505,13268.00
2025-12-16 13:05:00-05:00,419.01,419.18,417.45,418.475,8063.00
2025-12-16 13:10:00-05:00,418.27,418.8,417.47,418.4999,6401.00
2025-12-16 13:15:00-05:00,418.49,418.555,417.52,417.56,8166.00
2025-12-16 13:20:00-05:00,417.745,417.9,417.28,417.665,9390.00
2025-12-16 13:25:00-05:00,417.6,417.83,417.1,417.11,10019.00
2025-12-16 13:30:00-05:00,417.37,417.86,416.58,417.215,23153.00
2025-12-16 13:35:00-05:00,417.37,418.7,417.2,418.13,10345.00
2025-12-16 13:40:00-05:00,418.285,418.82,417.56,418.82,10664.00
2025-12-16 13:45:00-05:00,419.01,419.48,418.47,418.685,7878.00
2025-12-16 13:50:00-05:00,418.685,419.23,417.96,419.175,37110.00
2025-12-16 13:55:00-05:00,419,419.56,418.48,419.56,33000.00
2025-12-16 14:00:00-05:00,419.46,419.7,417.69,417.89,22728.00
2025-12-16 14:05:00-05:00,417.89,418.56,417.12,417.17,8449.00
2025-12-16 14:10:00-05:00,417.585,417.585,416.61,416.71,9027.00
2025-12-16 14:15:00-05:00,416.805,417.09,416.51,416.66,8264.00
2025-12-16 14:20:00-05:00,416.74,418.34,416.6,418.035,5465.00
2025-12-16 14:25:00-05:00,418.11,419.89,417.84,419.47,9344.00
2025-12-16 14:30:00-05:00,419.73,421.05,419.6733,420.705,10836.00
2025-12-16 14:35:00-05:00,420.68,421.08,419.94,420.41,7932.00
2025-12-16 14:40:00-05:00,420.42,421.6614,420.42,421.4125,7632.00
2025-12-16 14:45:00-05:00,421.415,421.69,420.7622,421.16,7238.00
2025-12-16 14:50:00-05:00,421.16,421.791,420.62,420.62,6610.00
2025-12-16 14:55:00-05:00,420.92,421.1,420.61,420.88,3919.00
2025-12-16 15:00:00-05:00,420.87,421.265,420.62,421.015,8950.00
2025-12-16 15:05:00-05:00,420.945,421.55,420.89,421.385,10185.00
2025-12-16 15:10:00-05:00,421.66,421.66,421.35,421.36,5976.00
2025-12-16 15:15:00-05:00,421.36,422.1699,421.13,421.9682,12425.00
2025-12-16 15:20:00-05:00,421.95,422.43,421.3,422.3495,13711.00
2025-12-16 15:25:00-05:00,422.37,422.37,421.75,422.015,14554.00
2025-12-16 15:30:00-05:00,422.05,422.2,420.92,421.48,33984.00
2025-12-16 15:35:00-05:00,421.48,422.6,421.48,421.91,21105.00
2025-12-16 15:40:00-05:00,421.98,422.72,421.512,421.512,21452.00
2025-12-16 15:45:00-05:00,421.49,421.75,421.21,421.61,22443.00
2025-12-16 15:50:00-05:00,421.5,421.5,420.34,421.3,48451.00
2025-12-16 15:55:00-05:00,421.31,421.9,420.7101,421.535,94915.00
2025-12-17 09:30:00-05:00,421.85,426.26,421.415,422.6858,37324.00
2025-12-17 09:35:00-05:00,424.1,425.31,423.35,423.715,21750.00
2025-12-17 09:40:00-05:00,423.725,423.725,421.74,423.57,15713.00
2025-12-17 09:45:00-05:00,423.58,425.74,423.08,425.255,21016.00
2025-12-17 09:50:00-05:00,425.54,428.1725,425.02,425.575,44104.00
2025-12-17 09:55:00-05:00,425.27,427.65,425.02,427.08,10844.00
2025-12-17 10:00:00-05:00,427.08,428.53,425.82,427.605,26027.00
2025-12-17 10:05:00-05:00,427.75,428.25,426.43,426.825,10932.00
2025-12-17 10:10:00-05:00,427.35,427.82,425.5101,426.67,13447.00
2025-12-17 10:15:00-05:00,426.52,426.545,422.61,423.51,15868.00
2025-12-17 10:20:00-05:00,424.32,426.4609,422.94,426.115,17475.00
2025-12-17 10:25:00-05:00,426.115,426.235,425.15,425.825,7935.00
2025-12-17 10:30:00-05:00,425.525,425.89,425.15,425.55,8884.00
2025-12-17 10:35:00-05:00,425.2,425.69,423.2301,423.86,11507.00
2025-12-17 10:40:00-05:00,423.605,424.17,421.84,423.17,14240.00
2025-12-17 10:45:00-05:00,422.63,423.67,421.52,422.54,11243.00
2025-12-17 10:50:00-05:00,422.055,422.345,420.5,421.16,8831.00
2025-12-17 10:55:00-05:00,420.975,421.75,420.5,421.75,10721.00
2025-12-17 11:00:00-05:00,422.145,422.57,421.55,422.07,7389.00
2025-12-17 11:05:00-05:00,422.075,423.2435,421.95,422.945,10201.00
2025-12-17 11:10:00-05:00,422.945,423.025,420,420.11,8515.00
2025-12-17 11:15:00-05:00,420,421,419.735,420.985,10663.00
2025-12-17 11:20:00-05:00,420.85,421.9,420.56,421.2875,9449.00
2025-12-17 11:25:00-05:00,421.16,422.06,421.16,421.37,7719.00
2025-12-17 11:30:00-05:00,421,421,420,420.3075,7771.00
2025-12-17 11:35:00-05:00,420.49,421.72,420.07,421.06,5362.00
2025-12-17 11:40:00-05:00,420.97,421.51,420.56,421.34,8166.00
2025-12-17 11:45:00-05:00,421.36,421.95,420.64,421.2,15291.00
2025-12-17 11:50:00-05:00,421.24,421.25,420.165,420.93,5916.00
2025-12-17 11:55:00-05:00,421.14,421.75,420.63,421.5,7365.00
2025-12-17 12:00:00-05:00,421.74,422.015,420.39,420.95,8459.00
2025-12-17 12:05:00-05:00,421.1,421.8,419.925,419.925,20568.00
2025-12-17 12:10:00-05:00,419.925,421.65,419.925,420.5923,12525.00
2025-12-17 12:15:00-05:00,420.65,421.83,420.61,421.66,8507.00
2025-12-17 12:20:00-05:00,421.58,423.015,421.48,422.9675,10131.00
2025-12-17 12:25:00-05:00,423.07,423.32,422.25,422.46,7443.00
2025-12-17 12:30:00-05:00,422.335,422.97,422.2,422.2,6172.00
2025-12-17 12:35:00-05:00,422,422.67,421.96,422.14,9121.00
2025-12-17 12:40:00-05:00,422,422.23,421.13,421.14,19340.00
2025-12-17 12:45:00-05:00,421.1301,421.44,420.87,420.91,6532.00
2025-12-17 12:50:00-05:00,421.09,421.29,420.1,420.1,5970.00
2025-12-17 12:55:00-05:00,420.19,421.07,420.19,420.78,6657.00
2025-12-17 13:00:00-05:00,420.83,421.05,420.31,420.67,3741.00
2025-12-17 13:05:00-05:00,420.46,420.81,419.65,419.76,10904.00
2025-12-17 13:10:00-05:00,419.83,420.46,419.81,420.11,4087.00
2025-12-17 13:15:00-05:00,419.78,419.97,418.99,419.22,9351.00
2025-12-17 13:20:00-05:00,419,419.19,418.67,418.7975,7007.00
2025-12-17 13:25:00-05:00,418.9,419.21,418.68,418.81,4408.00
2025-12-17 13:30:00-05:00,418.79,419.095,418.3601,418.88,11354.00
2025-12-17 13:35:00-05:00,419,419.17,418.26,418.26,10754.00
2025-12-17 13:40:00-05:00,418.375,418.53,417.47,418.41,7791.00
2025-12-17 13:45:00-05:00,418.405,418.65,417.7,417.7875,7790.00
2025-12-17 13:50:00-05:00,417.72,417.89,416.12,416.26,21736.00
2025-12-17 13:55:00-05:00,416.27,416.51,415.49,416.51,12166.00
2025-12-17 14:00:00-05:00,416.68,416.68,415.71,416.09,9655.00
2025-12-17 14:05:00-05:00,416.26,416.71,415.73,415.875,6165.00
2025-12-17 14:10:00-05:00,415.71,416.61,415.51,416.47,9361.00
2025-12-17 14:15:00-05:00,416.365,416.815,415.92,416.365,5630.00
2025-12-17 14:20:00-05:00,416.77,416.93,416.28,416.49,8280.00
2025-12-17 14:25:00-05:00,416.49,416.69,416.09,416.16,5367.00
2025-12-17 14:30:00-05:00,416.1601,416.82,416.12,416.58,7612.00
2025-12-17 14:35:00-05:00,416.445,416.45,414.76,415.315,41322.00
2025-12-17 14:40:00-05:00,415.315,416.46,415.285,416.19,21588.00
2025-12-17 14:45:00-05:00,415.99,416.19,414.5,415.02,12651.00
2025-12-17 14:50:00-05:00,414.735,415.77,414.49,415.44,10025.00
2025-12-17 14:55:00-05:00,415.72,416,415.37,415.91,7006.00
2025-12-17 15:00:00-05:00,416.06,416.06,414.37,414.4,12616.00
2025-12-17 15:05:00-05:00,414.7,414.88,414.025,414.3,11131.00
2025-12-17 15:10:00-05:00,414.31,414.72,413.87,414.67,8784.00
2025-12-17 15:15:00-05:00,414.665,415.55,414.665,415.35,14840.00
2025-12-17 15:20:00-05:00,415.35,415.67,414.14,414.4,19872.00
2025-12-17 15:25:00-05:00,414.48,414.49,413.32,413.485,21150.00
2025-12-17 15:30:00-05:00,413.465,415.04,413.25,415.04,28300.00
2025-12-17 15:35:00-05:00,414.88,414.88,413.52,414.42,21122.00
2025-12-17 15:40:00-05:00,414.5,415.76,414.46,415.76,16064.00
2025-12-17 15:45:00-05:00,415.79,415.9565,414.65,415.72,33678.00
2025-12-17 15:50:00-05:00,415.72,416,413.8,414.87,34058.00
2025-12-17 15:55:00-05:00,414.59,414.595,411.76,412.38,99765.00
2025-12-18 09:30:00-05:00,420,423,419.149,419.81,46283.00
2025-12-18 09:35:00-05:00,419.815,421.24,418.32,420.524,22388.00
2025-12-18 09:40:00-05:00,420.29,421.27,417.395,417.64,19134.00
2025-12-18 09:45:00-05:00,417.6,418.87,415.5,415.73,24314.00
2025-12-18 09:50:00-05:00,415.8,418.49,415.6782,418.255,14954.00
2025-12-18 09:55:00-05:00,418.55,420.18,418.17,419.68,22698.00
2025-12-18 10:00:00-05:00,420.6,421.575,420.14,421.575,12929.00
2025-12-18 10:05:00-05:00,421.16,421.72,420.57,421.1,15783.00
2025-12-18 10:10:00-05:00,420.89,420.89,418.205,418.44,15197.00
2025-12-18 10:15:00-05:00,418.88,421.18,418.68,421.18,16944.00
2025-12-18 10:20:00-05:00,421.02,423.61,420.505,423.5,17750.00
2025-12-18 10:25:00-05:00,423.105,423.61,422,422.75,22065.00
2025-12-18 10:30:00-05:00,422.855,423.142,421.49,422.41,26090.00
2025-12-18 10:35:00-05:00,422.44,423.4499,422.34,422.45,22051.00
2025-12-18 10:40:00-05:00,422.45,422.82,420.91,421.235,20523.00
2025-12-18 10:45:00-05:00,421.1148,421.68,420.87,421.02,16950.00
2025-12-18 10:50:00-05:00,420.82,422.615,420.5,422.615,18619.00
2025-12-18 10:55:00-05:00,422.64,422.64,421.49,422.3,10834.00
2025-12-18 11:00:00-05:00,422.29,424.57,422.29,424.57,23166.00
2025-12-18 11:05:00-05:00,424.56,425.94,424.4873,425.225,23114.00
2025-12-18 11:10:00-05:00,425.225,425.62,424.13,424.53,22303.00
2025-12-18 11:15:00-05:00,424.53,424.99,424.24,424.25,12725.00
2025-12-18 11:20:00-05:00,424.44,424.98,423.81,423.92,11769.00
2025-12-18 11:25:00-05:00,424.3,424.53,421.88,422.95,24185.00
2025-12-18 11:30:00-05:00,423.34,423.72,422.96,423.65,9004.00
2025-12-18 11:35:00-05:00,423.645,424.85,423.54,424.33,17725.00
2025-12-18 11:40:00-05:00,424.33,424.94,423.13,423.56,28117.00
2025-12-18 11:45:00-05:00,423.725,424.8785,423.41,424.87,6867.00
2025-12-18 11:50:00-05:00,424.87,424.95,424.32,424.375,12815.00
2025-12-18 11:55:00-05:00,424.305,424.96,424.3,424.94,8885.00
2025-12-18 12:00:00-05:00,424.93,424.93,423.89,424.1,31445.00
2025-12-18 12:05:00-05:00,424.1,424.34,422.65,423.18,14340.00
2025-12-18 12:10:00-05:00,423.27,423.81,422.87,423.2802,19660.00
2025-12-18 12:15:00-05:00,423.63,423.63,422.04,422.665,31141.00
2025-12-18 12:20:00-05:00,422.32,423.83,422.31,422.74,15504.00
2025-12-18 12:25:00-05:00,422.77,424.25,422.4001,424.25,12030.00
2025-12-18 12:30:00-05:00,423.85,425.72,423.85,425.72,33632.00
2025-12-18 12:35:00-05:00,425.8338,426.45,424.88,424.88,30190.00
2025-12-18 12:40:00-05:00,424.98,425.52,424.45,425.23,9827.00
2025-12-18 12:45:00-05:00,425.49,426.0499,425.215,425.65,13737.00
2025-12-18 12:50:00-05:00,425.27,425.65,424.87,425.55,13734.00
2025-12-18 12:55:00-05:00,425.65,426.5,424.62,426.26,18196.00
2025-12-18 13:00:00-05:00,426.26,427,426.01,426.58,30032.00
2025-12-18 13:05:00-05:00,426.685,427,426.44,427,11660.00
2025-12-18 13:10:00-05:00,426.97,427.18,426.11,426.72,25819.00
2025-12-18 13:15:00-05:00,426.93,428.285,426.93,427.5,20999.00
2025-12-18 13:20:00-05:00,427.55,428.56,427.55,428.5,14018.00
2025-12-18 13:25:00-05:00,428.4257,428.56,427.39,427.73,22381.00
2025-12-18 13:30:00-05:00,427.72,428.076,427.17,427.59,16594.00
2025-12-18 13:35:00-05:00,427.93,428.02,427.21,427.5,23913.00
2025-12-18 13:40:00-05:00,427.505,427.505,425.42,425.6075,13062.00
2025-12-18 13:45:00-05:00,425.9799,426.93,425.69,426.65,12940.00
2025-12-18 13:50:00-05:00,426.43,427.32,426.3,426.65,11637.00
2025-12-18 13:55:00-05:00,426.745,427.01,426.34,426.645,9547.00
2025-12-18 14:00:00-05:00,426.7,426.93,426,426.18,19428.00
2025-12-18 14:05:00-05:00,426,427.05,425.684,427.01,21475.00
2025-12-18 14:10:00-05:00,426.88,427.59,426.3605,426.445,23353.00
2025-12-18 14:15:00-05:00,426.36,426.36,424.85,425.33,8838.00
2025-12-18 14:20:00-05:00,425.32,426,425.205,425.735,6634.00
2025-12-18 14:25:00-05:00,425.92,426,425.144,425.72,10739.00
2025-12-18 14:30:00-05:00,425.54,426.03,424.57,424.8,12646.00
2025-12-18 14:35:00-05:00,424.86,426.11,424.86,425.6225,12338.00
2025-12-18 14:40:00-05:00,425.53,426.21,425.21,425.617,10331.00
2025-12-18 14:45:00-05:00,425.47,425.78,425.1,425.75,12007.00
2025-12-18 14:50:00-05:00,425.88,426.05,425,425.285,10650.00
2025-12-18 14:55:00-05:00,425.285,426.22,424.89,425.76,17351.00
2025-12-18 15:00:00-05:00,425.78,425.98,424.8475,425.3539,16618.00
2025-12-18 15:05:00-05:00,425.435,426.07,424.93,425.18,29854.00
2025-12-18 15:10:00-05:00,425.41,426.05,425.37,426.05,8960.00
2025-12-18 15:15:00-05:00,426.03,426.67,425.955,426.53,26840.00
2025-12-18 15:20:00-05:00,426.35,426.47,425.86,426.065,11511.00
2025-12-18 15:25:00-05:00,426.07,427.01,425.87,426.66,21856.00
2025-12-18 15:30:00-05:00,426.51,426.9,426.03,426.2,39628.00
2025-12-18 15:35:00-05:00,426.1975,426.56,425.19,425.19,39492.00
2025-12-18 15:40:00-05:00,425.08,425.625,424.44,424.91,23133.00
2025-12-18 15:45:00-05:00,424.63,425.3,423.91,424.4801,48584.00
2025-12-18 15:50:00-05:00,425.13,425.85,423.8101,425.37,61312.00
2025-12-18 15:55:00-05:00,425.07,425.57,424.27,425.33,123985.00
2025-12-19 09:30:00-05:00,429,430.3475,427.02,428.145,33520.00
2025-12-19 09:35:00-05:00,427.92,428.57,426.79,428.01,12040.00
2025-12-19 09:40:00-05:00,428.04,430.02,427.76,430.02,18326.00
2025-12-19 09:45:00-05:00,430.19,430.9,428.87,428.87,25756.00
2025-12-19 09:50:00-05:00,429.8493,429.8493,428.095,428.23,9770.00
2025-12-19 09:55:00-05:00,428.03,428.5,426.4072,426.455,12466.00
2025-12-19 10:00:00-05:00,426.02,427.3,426.02,427.105,13136.00
2025-12-19 10:05:00-05:00,427.105,427.105,425.31,426.155,10782.00
2025-12-19 10:10:00-05:00,426.16,427.62,425.96,427.272,5133.00
2025-12-19 10:15:00-05:00,427.33,428.08,427.02,427.85,6034.00
2025-12-19 10:20:00-05:00,427.76,427.89,426.58,427.15,7792.00
2025-12-19 10:25:00-05:00,427.38,428.005,426.57,427.875,9485.00
2025-12-19 10:30:00-05:00,427.875,429.23,427.05,428,11028.00
2025-12-19 10:35:00-05:00,427.875,428.46,427.38,427.575,7990.00
2025-12-19 10:40:00-05:00,427.575,427.6,426.1937,426.47,4987.00
2025-12-19 10:45:00-05:00,426.45,426.9,426.1,426.27,9386.00
2025-12-19 10:50:00-05:00,426.34,427.43,426.34,427.085,3959.00
2025-12-19 10:55:00-05:00,426.885,426.885,424.25,424.75,21756.00
2025-12-19 11:00:00-05:00,424.71,424.71,423.25,423.69,14724.00
2025-12-19 11:05:00-05:00,423.58,424.99,423.258,424.895,15177.00
2025-12-19 11:10:00-05:00,424.895,426.46,424.895,426.165,26560.00
2025-12-19 11:15:00-05:00,426.17,426.8,425.43,425.43,5605.00
2025-12-19 11:20:00-05:00,426.2663,426.2663,425.5,425.915,4660.00
2025-12-19 11:25:00-05:00,426.195,426.27,424.88,426.23,13200.00
2025-12-19 11:30:00-05:00,426.2,426.87,426.0901,426.66,5452.00
2025-12-19 11:35:00-05:00,426.73,427.12,426.48,427.04,3879.00
2025-12-19 11:40:00-05:00,426.97,427.925,426.64,427.615,9050.00
2025-12-19 11:45:00-05:00,427.615,428.14,427.615,427.98,6427.00
2025-12-19 11:50:00-05:00,427.77,427.77,427.09,427.2825,8888.00
2025-12-19 11:55:00-05:00,427.285,427.86,426.99,427.76,6380.00
2025-12-19 12:00:00-05:00,427.75,429.05,427.75,428.84,6497.00
2025-12-19 12:05:00-05:00,428.9,430.18,428.83,428.86,17387.00
2025-12-19 12:10:00-05:00,428.81,429.1,428.1,428.72,4500.00
2025-12-19 12:15:00-05:00,428.805,429.65,428.805,429.385,5784.00
2025-12-19 12:20:00-05:00,429.22,429.35,428.67,429.005,8582.00
2025-12-19 12:25:00-05:00,429.21,429.881,429.0825,429.61,5471.00
2025-12-19 12:30:00-05:00,429.615,429.615,428.73,428.99,9882.00
2025-12-19 12:35:00-05:00,428.99,429.7,428.65,429.635,9626.00
2025-12-19 12:40:00-05:00,429.48,429.48,428.74,428.98,6704.00
2025-12-19 12:45:00-05:00,429.25,430,429.1,429.96,7530.00
2025-12-19 12:50:00-05:00,429.96,430.1799,429.92,430.085,4960.00
2025-12-19 12:55:00-05:00,430.04,430.085,429.23,429.23,6362.00
2025-12-19 13:00:00-05:00,429.19,429.395,429.02,429.225,9210.00
2025-12-19 13:05:00-05:00,429.33,429.99,429.33,429.405,8066.00
2025-12-19 13:10:00-05:00,429.41,430,429.1801,429.92,5067.00
2025-12-19 13:15:00-05:00,429.78,430.3,429.78,430.3,5986.00
2025-12-19 13:20:00-05:00,430.325,430.325,429.7,429.7,5588.00
2025-12-19 13:25:00-05:00,429.98,430.375,429.8449,430.375,5970.00
2025-12-19 13:30:00-05:00,430.37,430.37,429.795,430.05,4077.00
2025-12-19 13:35:00-05:00,430.09,430.255,429.86,430.165,6000.00
2025-12-19 13:40:00-05:00,430.085,430.085,429.7,429.85,8538.00
2025-12-19 13:45:00-05:00,429.845,430.245,429.77,430.245,4073.00
2025-12-19 13:50:00-05:00,430.01,430.081,429.8,429.835,3019.00
2025-12-19 13:55:00-05:00,430.11,430.23,429.78,429.955,3632.00
2025-12-19 14:00:00-05:00,429.98,430.5,429.7701,430.5,7566.00
2025-12-19 14:05:00-05:00,430.445,430.72,430.26,430.71,2915.00
2025-12-19 14:10:00-05:00,430.59,431.3619,430.59,431.205,11047.00
2025-12-19 14:15:00-05:00,431.2,431.245,430.535,430.98,6115.00
2025-12-19 14:20:00-05:00,431.2699,431.31,430.86,431.14,4316.00
2025-12-19 14:25:00-05:00,431.14,431.28,430.85,431.23,6348.00
2025-12-19 14:30:00-05:00,431.225,431.42,430.795,430.9,4081.00
2025-12-19 14:35:00-05:00,430.83,430.905,430.59,430.755,3016.00
2025-12-19 14:40:00-05:00,430.755,430.755,430.2,430.57,7019.00
2025-12-19 14:45:00-05:00,430.62,430.625,430.23,430.435,4093.00
2025-12-19 14:50:00-05:00,430.4104,430.45,429.75,429.92,8912.00
2025-12-19 14:55:00-05:00,429.75,430.65,429.7,429.81,8775.00
2025-12-19 15:00:00-05:00,430.01,430.23,429.76,429.78,7479.00
2025-12-19 15:05:00-05:00,429.8086,429.87,429.5,429.725,6475.00
2025-12-19 15:10:00-05:00,429.68,430.14,429.52,430.125,6506.00
2025-12-19 15:15:00-05:00,430.12,430.34,429.95,430.025,9009.00
2025-12-19 15:20:00-05:00,429.9991,430.61,429.9991,430.32,11871.00
2025-12-19 15:25:00-05:00,430.42,430.73,430.105,430.435,13799.00
2025-12-19 15:30:00-05:00,430.435,430.435,429.82,430,9489.00
2025-12-19 15:35:00-05:00,430,430.15,429.26,429.445,15423.00
2025-12-19 15:40:00-05:00,429.45,429.66,429.16,429.61,16658.00
2025-12-19 15:45:00-05:00,429.425,429.81,429.3,429.54,24507.00
2025-12-19 15:50:00-05:00,429.29,430.72,428.05,430.72,61642.00
2025-12-19 15:55:00-05:00,431,431.56,429.84,430.51,102387.00
2025-12-22 09:30:00-05:00,433,434.6,431,433.91,35936.00
2025-12-22 09:35:00-05:00,434.21,436.88,434.18,435.925,23969.00
2025-12-22 09:40:00-05:00,435.5,437.31,435.43,435.93,20405.00
2025-12-22 09:45:00-05:00,435.93,436.339,434.34,435.565,16724.00
2025-12-22 09:50:00-05:00,435.565,436.29,435.12,436.16,10641.00
2025-12-22 09:55:00-05:00,436.2,437.97,436.2,437.318,17185.00
2025-12-22 10:00:00-05:00,437.52,437.66,434.8,434.81,21038.00
2025-12-22 10:05:00-05:00,434.81,436.62,433.75,436.425,29802.00
2025-12-22 10:10:00-05:00,436.425,437.76,435.87,437.5918,17886.00
2025-12-22 10:15:00-05:00,437.545,439.0799,437.19,437.51,24249.00
2025-12-22 10:20:00-05:00,437.5,438,434.55,434.79,18108.00
2025-12-22 10:25:00-05:00,434.975,435.59,433.51,433.9,23091.00
2025-12-22 10:30:00-05:00,434.4426,434.87,433.4925,434.21,17510.00
2025-12-22 10:35:00-05:00,433.86,434.88,433.42,434.505,7746.00
2025-12-22 10:40:00-05:00,434.0101,435.7,434.0101,435.7,14258.00
2025-12-22 10:45:00-05:00,435.8,436.54,434.95,436.35,15379.00
2025-12-22 10:50:00-05:00,436.315,437.49,436.07,437.19,7509.00
2025-12-22 10:55:00-05:00,437.19,437.39,435.86,436.375,17695.00
2025-12-22 11:00:00-05:00,436.34,436.87,436.18,436.72,8857.00
2025-12-22 11:05:00-05:00,436.495,436.84,436.22,436.57,11949.00
2025-12-22 11:10:00-05:00,436.405,437.3,435.86,436.995,11212.00
2025-12-22 11:15:00-05:00,436.995,437.8599,436.995,437.695,15073.00
2025-12-22 11:20:00-05:00,437.69,438.81,437.54,438.52,73464.00
2025-12-22 11:25:00-05:00,438.51,439.5,438.3,438.47,37397.00
2025-12-22 11:30:00-05:00,438.46,438.85,438.13,438.42,10793.00
2025-12-22 11:35:00-05:00,438.42,438.63,437.0286,438.175,16602.00
2025-12-22 11:40:00-05:00,438.175,438.64,437.6,437.8,8028.00
2025-12-22 11:45:00-05:00,437.78,437.78,437.3,437.62,5946.00
2025-12-22 11:50:00-05:00,437.62,437.85,437.33,437.575,18243.00
2025-12-22 11:55:00-05:00,437.36,438.28,437.15,438.02,13925.00
2025-12-22 12:00:00-05:00,437.78,437.86,436.67,437.31,10473.00
2025-12-22 12:05:00-05:00,437.26,437.44,436.81,437.025,10539.00
2025-12-22 12:10:00-05:00,437.025,437.39,436.96,437.16,5486.00
2025-12-22 12:15:00-05:00,437.165,437.6393,436.75,437.26,11216.00
2025-12-22 12:20:00-05:00,437.235,437.52,437.05,437.11,9561.00
2025-12-22 12:25:00-05:00,437.14,437.28,436.76,436.8652,6153.00
2025-12-22 12:30:00-05:00,436.975,437.18,436.79,437.04,9037.00
2025-12-22 12:35:00-05:00,437.0889,437.21,436.63,437.11,12731.00
2025-12-22 12:40:00-05:00,437.39,437.6,437.195,437.37,7715.00
2025-12-22 12:45:00-05:00,437.53,437.874,437.32,437.725,6988.00
2025-12-22 12:50:00-05:00,437.725,438.3,437.56,438.04,7145.00
2025-12-22 12:55:00-05:00,438.035,438.035,437.04,437.25,8901.00
2025-12-22 13:00:00-05:00,437.25,437.73,437.24,437.71,4194.00
2025-12-22 13:05:00-05:00,437.49,437.73,437.29,437.495,5443.00
2025-12-22 13:10:00-05:00,437.495,437.5999,437.24,437.34,7885.00
2025-12-22 13:15:00-05:00,437.235,437.6,437.07,437.49,7046.00
2025-12-22 13:20:00-05:00,437.31,437.31,436.99,437.115,5354.00
2025-12-22 13:25:00-05:00,436.97,437.68,436.83,437.66,7529.00
2025-12-22 13:30:00-05:00,437.35,437.64,436.845,436.935,13503.00
2025-12-22 13:35:00-05:00,436.935,437.58,436.64,437.51,8619.00
2025-12-22 13:40:00-05:00,437.49,437.61,437.34,437.5,5602.00
2025-12-22 13:45:00-05:00,437.52,437.74,437.52,437.665,4746.00
2025-12-22 13:50:00-05:00,437.665,437.77,437.42,437.575,9502.00
2025-12-22 13:55:00-05:00,437.36,437.875,437.36,437.85,6480.00
2025-12-22 14:00:00-05:00,437.92,438.02,437.48,437.48,6628.00
2025-12-22 14:05:00-05:00,437.54,437.56,437.22,437.39,8067.00
2025-12-22 14:10:00-05:00,437.39,437.59,436.69,437.36,10167.00
2025-12-22 14:15:00-05:00,437.36,438.02,437.16,437.86,8351.00
2025-12-22 14:20:00-05:00,437.98,438.23,437.7,437.97,6538.00
2025-12-22 14:25:00-05:00,437.97,438.24,437.86,438.025,6832.00
2025-12-22 14:30:00-05:00,438.025,438.34,438.006,438.19,9930.00
2025-12-22 14:35:00-05:00,438.16,438.685,438.126,438.56,8610.00
2025-12-22 14:40:00-05:00,438.56,438.635,438.04,438.04,8287.00
2025-12-22 14:45:00-05:00,438.04,438.73,438,438.14,7687.00
2025-12-22 14:50:00-05:00,438.125,438.51,437.94,438.08,9873.00
2025-12-22 14:55:00-05:00,438.1,438.3,437.92,438.205,11477.00
2025-12-22 15:00:00-05:00,438.21,438.5,437.93,438.14,14542.00
2025-12-22 15:05:00-05:00,438.14,438.165,437.89,438,7674.00
2025-12-22 15:10:00-05:00,437.89,438.28,437.487,437.487,16055.00
2025-12-22 15:15:00-05:00,437.46,438.68,437.375,438.49,13140.00
2025-12-22 15:20:00-05:00,438.49,438.6799,437.78,438.32,14696.00
2025-12-22 15:25:00-05:00,438.4,438.58,438.23,438.525,14025.00
2025-12-22 15:30:00-05:00,438.525,438.5375,437.76,438.2,18754.00
2025-12-22 15:35:00-05:00,438.26,438.97,438.15,438.9,16691.00
2025-12-22 15:40:00-05:00,438.75,440.67,438.75,440.28,60741.00
2025-12-22 15:45:00-05:00,440.385,440.5613,439.12,439.295,30664.00
2025-12-22 15:50:00-05:00,439.4699,439.4699,438.34,439.09,42629.00
2025-12-22 15:55:00-05:00,439.13,440.1799,439.12,439.68,119463.00
2025-12-23 09:30:00-05:00,439,439.02,435.49,436.635,24814.00
2025-12-23 09:35:00-05:00,436.11,438.1799,434.75,437.47,13948.00
2025-12-23 09:40:00-05:00,437.47,437.565,436.08,436.75,8457.00
2025-12-23 09:45:00-05:00,436.76,438.985,436.61,438.16,11185.00
2025-12-23 09:50:00-05:00,438.5,438.98,436.56,437,8587.00
2025-12-23 09:55:00-05:00,437.025,437.72,435.93,436.72,9691.00
2025-12-23 10:00:00-05:00,436.25,436.92,433.3,434.27,24978.00
2025-12-23 10:05:00-05:00,434.22,435.27,433.48,435.27,13767.00
2025-12-23 10:10:00-05:00,435.02,435.27,433.84,434.7,6907.00
2025-12-23 10:15:00-05:00,434.72,434.72,433.7,434.12,9319.00
2025-12-23 10:20:00-05:00,434.12,435.21,434,434,6279.00
2025-12-23 10:25:00-05:00,434.05,434.82,434.04,434.25,4481.00
2025-12-23 10:30:00-05:00,434.08,434.88,433.97,434.78,8291.00
2025-12-23 10:35:00-05:00,434.78,435.21,434.33,434.625,5568.00
2025-12-23 10:40:00-05:00,434.62,435.63,434.62,435.005,4443.00
2025-12-23 10:45:00-05:00,434.81,434.8438,432.5,432.5,10719.00
2025-12-23 10:50:00-05:00,432.67,434.43,432.67,433.905,9925.00
2025-12-23 10:55:00-05:00,434.16,435.26,433.58,435.11,6554.00
2025-12-23 11:00:00-05:00,435.1,435.52,434.72,435.37,5507.00
2025-12-23 11:05:00-05:00,435.405,435.85,435.1024,435.14,11408.00
2025-12-23 11:10:00-05:00,435.24,435.24,434.85,434.86,3812.00
2025-12-23 11:15:00-05:00,435.09,435.28,434.94,435.205,4280.00
2025-12-23 11:20:00-05:00,435.215,435.25,434.81,434.84,4986.00
2025-12-23 11:25:00-05:00,434.94,435,434.66,434.855,3662.00
2025-12-23 11:30:00-05:00,434.855,435,434.35,434.92,4404.00
2025-12-23 11:35:00-05:00,434.95,437.695,434.94,437.395,19901.00
2025-12-23 11:40:00-05:00,437.395,437.82,436.93,437.66,8036.00
2025-12-23 11:45:00-05:00,437.85,437.96,436.91,437.27,7194.00
2025-12-23 11:50:00-05:00,437.27,437.91,437.11,437.84,4122.00
2025-12-23 11:55:00-05:00,437.7275,438.18,437.725,438.18,2893.00
2025-12-23 12:00:00-05:00,438.04,438.41,437.79,438.35,4931.00
2025-12-23 12:05:00-05:00,438.3675,438.56,438.12,438.52,8855.00
2025-12-23 12:10:00-05:00,438.37,438.75,438.1,438.5,3670.00
2025-12-23 12:15:00-05:00,438.4667,438.64,437.75,438.51,6774.00
2025-12-23 12:20:00-05:00,438.385,438.73,437.74,437.74,3522.00
2025-12-23 12:25:00-05:00,437.74,437.748,437.32,437.32,5742.00
2025-12-23 12:30:00-05:00,437.315,437.67,437.09,437.2,8753.00
2025-12-23 12:35:00-05:00,437.07,437.37,436.84,436.84,7633.00
2025-12-23 12:40:00-05:00,437.14,437.14,436.44,436.51,2847.00
2025-12-23 12:45:00-05:00,436.32,436.335,435.83,435.83,5530.00
2025-12-23 12:50:00-05:00,435.6,435.725,435.29,435.29,4239.00
2025-12-23 12:55:00-05:00,435,435.35,434.94,434.95,5309.00
2025-12-23 13:00:00-05:00,435.1425,436.06,434.86,434.86,21185.00
2025-12-23 13:05:00-05:00,434.86,435.13,434.35,434.4748,10677.00
2025-12-23 13:10:00-05:00,434.425,435.23,434.19,435.125,8070.00
2025-12-23 13:15:00-05:00,435.09,435.09,434.38,434.57,3433.00
2025-12-23 13:20:00-05:00,434.575,434.77,434,434.19,8496.00
2025-12-23 13:25:00-05:00,434.195,434.195,433.66,433.736,4750.00
2025-12-23 13:30:00-05:00,433.875,433.98,432.92,433.54,14919.00
2025-12-23 13:35:00-05:00,433.55,433.99,433.33,433.545,5090.00
2025-12-23 13:40:00-05:00,433.26,434.37,433.24,434.12,4805.00
2025-12-23 13:45:00-05:00,434,434.34,433.94,434.34,2282.00
2025-12-23 13:50:00-05:00,434.115,434.34,433.37,433.975,5304.00
2025-12-23 13:55:00-05:00,434.32,436.415,434.32,436.415,4520.00
2025-12-23 14:00:00-05:00,436.21,436.86,436.195,436.84,3450.00
2025-12-23 14:05:00-05:00,436.76,437.635,436.36,437.635,5557.00
2025-12-23 14:10:00-05:00,437.45,437.48,437.16,437.24,4522.00
2025-12-23 14:15:00-05:00,437.24,437.33,436.22,436.22,6818.00
2025-12-23 14:20:00-05:00,436.485,436.59,436.33,436.55,1485.00
2025-12-23 14:25:00-05:00,436.59,436.9,435.92,436.25,6471.00
2025-12-23 14:30:00-05:00,436.3,437.4299,436.3,437.03,3662.00
2025-12-23 14:35:00-05:00,437.08,437.7469,436.92,437.7469,5306.00
2025-12-23 14:40:00-05:00,437.83,437.9,437.715,437.855,2380.00
2025-12-23 14:45:00-05:00,437.8725,438,437.1,437.365,16647.00
2025-12-23 14:50:00-05:00,437.36,437.7395,437.1,437.545,4354.00
2025-12-23 14:55:00-05:00,437.545,437.73,437.21,437.28,5248.00
2025-12-23 15:00:00-05:00,437.29,437.46,437.19,437.275,7786.00
2025-12-23 15:05:00-05:00,437.275,437.96,437.2725,437.835,13029.00
2025-12-23 15:10:00-05:00,437.835,438.75,437.68,438.6,12310.00
2025-12-23 15:15:00-05:00,438.52,438.6,437.8,438.115,15840.00
2025-12-23 15:20:00-05:00,438.13,438.88,438.13,438.505,15343.00
2025-12-23 15:25:00-05:00,438.67,438.74,438.14,438.2,16238.00
2025-12-23 15:30:00-05:00,438.1675,438.17,437.99,438.125,5292.00
2025-12-23 15:35:00-05:00,438.24,438.58,437.99,438.485,10149.00
2025-12-23 15:40:00-05:00,438.49,439.21,438.49,439.12,15621.00
2025-12-23 15:45:00-05:00,439.1,439.39,438.64,438.735,17376.00
2025-12-23 15:50:00-05:00,438.83,438.83,437.03,437.21,31450.00
2025-12-23 15:55:00-05:00,437.09,437.6,436.7,437.2,66318.00
2025-12-24 09:30:00-05:00,435.35,438.5,435,436.34,23711.00
2025-12-24 09:35:00-05:00,436.34,436.8225,434.29,435.5,14537.00
2025-12-24 09:40:00-05:00,435.99,436.99,435.1,436.19,2637.00
2025-12-24 09:45:00-05:00,436.49,437.51,435.915,437.51,7114.00
2025-12-24 09:50:00-05:00,437.235,438,436.76,438,8900.00
2025-12-24 09:55:00-05:00,437.89,437.9,436.605,437.46,8476.00
2025-12-24 10:00:00-05:00,437.325,437.325,436.44,437.03,12261.00
2025-12-24 10:05:00-05:00,437.3,438.5299,437.3,438.085,7101.00
2025-12-24 10:10:00-05:00,438.18,438.52,437.4,437.63,5446.00
2025-12-24 10:15:00-05:00,437.63,438.4,437.62,438.02,3126.00
2025-12-24 10:20:00-05:00,438,438.54,437.58,437.895,6048.00
2025-12-24 10:25:00-05:00,437.93,438.32,437.91,438.0528,3925.00
2025-12-24 10:30:00-05:00,438.42,438.98,438.34,438.38,4254.00
2025-12-24 10:35:00-05:00,438.51,438.51,437.7001,438.35,2508.00
2025-12-24 10:40:00-05:00,438.15,439.08,438.15,438.86,3713.00
2025-12-24 10:45:00-05:00,438.86,438.86,437.62,437.68,4974.00
2025-12-24 10:50:00-05:00,437.68,437.765,437.07,437.605,4161.00
2025-12-24 10:55:00-05:00,437.82,437.85,436.81,436.895,5875.00
2025-12-24 11:00:00-05:00,436.895,437.46,436.895,437.265,1682.00
2025-12-24 11:05:00-05:00,437.42,437.65,437.07,437.33,4509.00
2025-12-24 11:10:00-05:00,437.4,437.56,437.11,437.365,4032.00
2025-12-24 11:15:00-05:00,437.08,437.15,436.38,436.8,6104.00
2025-12-24 11:20:00-05:00,436.955,437.43,436.74,437.25,2969.00
2025-12-24 11:25:00-05:00,437.245,437.25,436.8448,437.125,13433.00
2025-12-24 11:30:00-05:00,437.38,437.91,437.04,437.145,4873.00
2025-12-24 11:35:00-05:00,437.145,437.86,437.075,437.83,3022.00
2025-12-24 11:40:00-05:00,437.47,437.55,437.2254,437.465,2435.00
2025-12-24 11:45:00-05:00,437.465,437.465,436.55,436.89,4882.00
2025-12-24 11:50:00-05:00,436.76,437,436.55,436.79,2193.00
2025-12-24 11:55:00-05:00,436.79,436.88,436.64,436.83,3406.00
2025-12-24 12:00:00-05:00,436.815,437,436.58,436.9,6508.00
2025-12-24 12:05:00-05:00,436.9,437.21,436.9,437,2817.00
2025-12-24 12:10:00-05:00,437.05,437.145,436.72,436.725,3999.00
2025-12-24 12:15:00-05:00,436.69,436.725,435.5743,435.87,7983.00
2025-12-24 12:20:00-05:00,435.87,436,435.615,435.94,5005.00
2025-12-24 12:25:00-05:00,435.96,436.5,435.8101,436.5,4815.00
2025-12-24 12:30:00-05:00,436.435,436.44,436.16,436.305,8707.00
2025-12-24 12:35:00-05:00,436.305,436.305,434.54,436.02,19980.00
2025-12-24 12:40:00-05:00,436.015,436.87,435.6101,435.95,9500.00
2025-12-24 12:45:00-05:00,436.1,437.02,435.95,436.37,9779.00
2025-12-24 12:50:00-05:00,436.49,436.495,435.66,435.66,11054.00
2025-12-24 12:55:00-05:00,435.63,436.13,435.51,435.51,38761.00
2025-12-24 13:00:00-05:00,435.51,435.51,435.51,435.51,20582.00
2025-12-26 09:30:00-05:00,435.56,438.49,435.05,438.49,13617.00
2025-12-26 09:35:00-05:00,438.39,439.67,437.11,437.22,11414.00
2025-12-26 09:40:00-05:00,437.17,437.2,436.5,436.725,2005.00
2025-12-26 09:45:00-05:00,436.71,438.39,436.71,438.39,3120.00
2025-12-26 09:50:00-05:00,437.88,439,437.43,437.43,7276.00
2025-12-26 09:55:00-05:00,437.34,437.57,436.83,437.41,4533.00
2025-12-26 10:00:00-05:00,437.3,437.3,435.51,435.6,7184.00
2025-12-26 10:05:00-05:00,435.6,436.27,435.51,435.9,6692.00
2025-12-26 10:10:00-05:00,436.25,436.94,435.865,436.635,4885.00
2025-12-26 10:15:00-05:00,436.44,437.8332,435.98,437.57,6120.00
2025-12-26 10:20:00-05:00,437.2,437.82,436.81,437.25,3313.00
2025-12-26 10:25:00-05:00,437.25,437.63,436.705,437.63,4573.00
2025-12-26 10:30:00-05:00,437.41,437.615,437.09,437.46,4184.00
2025-12-26 10:35:00-05:00,437.36,437.59,437.21,437.59,4332.00
2025-12-26 10:40:00-05:00,437.77,437.89,437.08,437.28,6553.00
2025-12-26 10:45:00-05:00,437.285,437.65,437.28,437.375,2333.00
2025-12-26 10:50:00-05:00,437.68,437.81,436.51,437.81,8568.00
2025-12-26 10:55:00-05:00,437.87,438.4,437.66,438.3,1898.00
2025-12-26 11:00:00-05:00,438.24,438.99,438.1549,438.738,8185.00
2025-12-26 11:05:00-05:00,438.55,438.55,438.18,438.31,4275.00
2025-12-26 11:10:00-05:00,438.11,438.12,437.07,437.58,6113.00
2025-12-26 11:15:00-05:00,437.64,437.64,437.2,437.2,1111.00
2025-12-26 11:20:00-05:00,437.4325,437.53,437.19,437.4,3024.00
2025-12-26 11:25:00-05:00,437.405,437.5,437.11,437.285,4341.00
2025-12-26 11:30:00-05:00,437.44,437.6398,437.35,437.355,4178.00
2025-12-26 11:35:00-05:00,437.51,438.3,437.35,438.0325,6969.00
2025-12-26 11:40:00-05:00,437.95,438.27,437.62,438.25,3104.00
2025-12-26 11:45:00-05:00,438.21,438.49,438.0001,438.02,4561.00
2025-12-26 11:50:00-05:00,438.03,438.1197,437.4972,437.55,4386.00
2025-12-26 11:55:00-05:00,437.545,437.79,437.42,437.59,1833.00
2025-12-26 12:00:00-05:00,437.4,437.62,437.2,437.41,4198.00
2025-12-26 12:05:00-05:00,437.26,437.655,437.2,437.53,2587.00
2025-12-26 12:10:00-05:00,437.53,437.73,437.2,437.66,4329.00
2025-12-26 12:15:00-05:00,437.66,437.92,437.53,437.7184,2191.00
2025-12-26 12:20:00-05:00,437.7,437.84,437.21,437.385,3461.00
2025-12-26 12:25:00-05:00,437.52,438.19,437.52,437.945,2978.00
2025-12-26 12:30:00-05:00,438.19,438.26,437.49,437.7,2030.00
2025-12-26 12:35:00-05:00,437.7,437.755,437.37,437.37,3477.00
2025-12-26 12:40:00-05:00,437.37,437.61,437.24,437.435,3280.00
2025-12-26 12:45:00-05:00,437.435,437.49,437.04,437.04,4743.00
2025-12-26 12:50:00-05:00,437.165,438.53,436.94,438.43,29815.00
2025-12-26 12:55:00-05:00,438.42,438.865,438,438.35,18412.00
2025-12-26 13:00:00-05:00,438.375,438.375,437.76,438.015,5232.00
2025-12-26 13:05:00-05:00,438.02,438.55,437.9924,438.185,4898.00
2025-12-26 13:10:00-05:00,438.16,438.4,438.12,438.325,2389.00
2025-12-26 13:15:00-05:00,438.22,438.2336,438.06,438.11,1566.00
2025-12-26 13:20:00-05:00,438.295,438.56,438.1,438.56,5347.00
2025-12-26 13:25:00-05:00,438.58,438.58,438.15,438.36,4612.00
2025-12-26 13:30:00-05:00,438.36,438.77,438.36,438.76,3210.00
2025-12-26 13:35:00-05:00,438.72,438.94,438.68,438.72,5511.00
2025-12-26 13:40:00-05:00,438.77,438.8,438.07,438.12,2362.00
2025-12-26 13:45:00-05:00,438.18,438.19,438,438.19,3310.00
2025-12-26 13:50:00-05:00,438.14,438.18,437.815,437.815,2343.00
2025-12-26 13:55:00-05:00,437.7,437.71,437.33,437.66,2829.00
2025-12-26 14:00:00-05:00,437.69,437.87,437.43,437.87,4789.00
2025-12-26 14:05:00-05:00,437.95,438.1675,437.58,437.585,4327.00
2025-12-26 14:10:00-05:00,437.585,437.74,437.5032,437.55,2195.00
2025-12-26 14:15:00-05:00,437.54,437.64,437.22,437.22,3475.00
2025-12-26 14:20:00-05:00,437.3,437.44,437.3,437.44,2797.00
2025-12-26 14:25:00-05:00,437.36,437.495,437.34,437.445,3713.00
2025-12-26 14:30:00-05:00,437.41,437.55,436.925,437.155,11941.00
2025-12-26 14:35:00-05:00,437.46,437.5,437.13,437.375,4203.00
2025-12-26 14:40:00-05:00,437.52,437.52,436.681,437.41,5077.00
2025-12-26 14:45:00-05:00,437.27,437.65,437.175,437.51,4280.00
2025-12-26 14:50:00-05:00,437.52,437.52,436.68,436.68,4950.00
2025-12-26 14:55:00-05:00,436.895,437.05,436.77,436.89,3336.00
2025-12-26 15:00:00-05:00,436.9125,437.18,436.72,436.92,5334.00
2025-12-26 15:05:00-05:00,436.92,436.92,436.67,436.765,4072.00
2025-12-26 15:10:00-05:00,436.765,437.17,436.765,437.06,5792.00
2025-12-26 15:15:00-05:00,437.06,437.19,436.88,437.005,3238.00
2025-12-26 15:20:00-05:00,437.005,437.51,436.92,437.51,5743.00
2025-12-26 15:25:00-05:00,437.335,437.51,437.21,437.44,4382.00
2025-12-26 15:30:00-05:00,437.305,437.305,437,437.185,6701.00
2025-12-26 15:35:00-05:00,437.18,437.5,437.085,437.26,7632.00
2025-12-26 15:40:00-05:00,437.205,437.3,436.7,436.7,11418.00
2025-12-26 15:45:00-05:00,436.685,436.79,436.325,436.405,11398.00
2025-12-26 15:50:00-05:00,436.56,436.829,435.7701,436.04,23628.00
2025-12-26 15:55:00-05:00,435.85,436.05,435.36,436.05,53326.00
2025-12-29 09:30:00-05:00,434,434.9999,425,425.02,106274.00
2025-12-29 09:35:00-05:00,425.14,429.385,424.705,426.74,36550.00
2025-12-29 09:40:00-05:00,426.82,428.11,424.33,426.175,44262.00
2025-12-29 09:45:00-05:00,426.315,427.21,425.1,426.62,23133.00
2025-12-29 09:50:00-05:00,426.535,428.24,424.16,424.56,29412.00
2025-12-29 09:55:00-05:00,424.5,425.03,423.1448,423.525,31827.00
2025-12-29 10:00:00-05:00,423.49,424.4125,422.67,423.56,39303.00
2025-12-29 10:05:00-05:00,423.56,423.815,421.11,421.11,37757.00
2025-12-29 10:10:00-05:00,421.79,422.96,420.9,422.96,36479.00
2025-12-29 10:15:00-05:00,422.77,423,421.209,421.89,31121.00
2025-12-29 10:20:00-05:00,422.1215,423.45,421.59,423.44,29159.00
2025-12-29 10:25:00-05:00,423.47,424.31,422.5601,423.33,19121.00
2025-12-29 10:30:00-05:00,423.17,425.4999,422.94,423.905,24454.00
2025-12-29 10:35:00-05:00,423.7,423.93,422.19,423.085,40204.00
2025-12-29 10:40:00-05:00,423.085,423.64,422.83,423.165,14810.00
2025-12-29 10:45:00-05:00,423.165,423.36,422.48,423.04,17664.00
2025-12-29 10:50:00-05:00,422.97,423.655,422.78,423.01,20830.00
2025-12-29 10:55:00-05:00,423.04,423.36,422.23,422.75,14269.00
2025-12-29 11:00:00-05:00,422.82,423.29,421.29,422.29,13605.00
2025-12-29 11:05:00-05:00,422.295,423.15,422.06,422.295,12229.00
2025-12-29 11:10:00-05:00,422.4,423.24,421.71,422.77,13100.00
2025-12-29 11:15:00-05:00,422.77,423.195,421.965,422.52,13685.00
2025-12-29 11:20:00-05:00,422.52,422.97,422.26,422.79,18180.00
2025-12-29 11:25:00-05:00,422.705,423.9,422.36,423.9,7686.00
2025-12-29 11:30:00-05:00,423.84,424.93,423.65,423.7232,7523.00
2025-12-29 11:35:00-05:00,423.53,423.53,422.69,422.95,13905.00
2025-12-29 11:40:00-05:00,423.03,423.371,422.4501,422.71,13591.00
2025-12-29 11:45:00-05:00,422.6,422.99,422.52,422.7775,7432.00
2025-12-29 11:50:00-05:00,422.755,423.35,422.755,423.025,8419.00
2025-12-29 11:55:00-05:00,422.9675,423.775,422.9675,423.775,6472.00
2025-12-29 12:00:00-05:00,423.65,423.775,423.09,423.28,7895.00
2025-12-29 12:05:00-05:00,423.35,423.45,423.08,423.15,6035.00
2025-12-29 12:10:00-05:00,423.3,423.41,422.1901,423,9601.00
2025-12-29 12:15:00-05:00,422.7501,423.34,422.7501,422.87,6944.00
2025-12-29 12:20:00-05:00,422.87,422.94,422.46,422.71,8195.00
2025-12-29 12:25:00-05:00,422.65,422.93,422.39,422.4,5279.00
2025-12-29 12:30:00-05:00,422.665,423.59,422.46,422.46,7400.00
2025-12-29 12:35:00-05:00,422.46,423.22,422.46,422.865,8630.00
2025-12-29 12:40:00-05:00,422.9,423.64,422.6,422.99,9552.00
2025-12-29 12:45:00-05:00,422.86,423.09,422.685,422.845,4513.00
2025-12-29 12:50:00-05:00,422.75,423.3499,422.75,422.955,4503.00
2025-12-29 12:55:00-05:00,422.955,423.52,422.955,422.9901,5448.00
2025-12-29 13:00:00-05:00,423.255,423.255,422.73,422.85,7703.00
2025-12-29 13:05:00-05:00,422.865,423.22,422.775,422.775,5631.00
2025-12-29 13:10:00-05:00,422.7,422.79,422.1,422.19,8473.00
2025-12-29 13:15:00-05:00,422.18,422.985,422.18,422.815,6798.00
2025-12-29 13:20:00-05:00,422.77,423.02,422.74,423.02,4003.00
2025-12-29 13:25:00-05:00,422.79,423.2,422.73,423.04,7083.00
2025-12-29 13:30:00-05:00,423.03,423.045,422.81,423.02,4765.00
2025-12-29 13:35:00-05:00,422.985,423.19,422.87,423.005,10236.00
2025-12-29 13:40:00-05:00,423.005,423.51,422.91,423.26,11383.00
2025-12-29 13:45:00-05:00,423.255,423.61,422.95,422.965,7093.00
2025-12-29 13:50:00-05:00,422.94,423.28,422.8,422.99,7543.00
2025-12-29 13:55:00-05:00,423.16,423.68,422.81,423.15,10166.00
2025-12-29 14:00:00-05:00,423.41,424.01,422.891,423.085,7765.00
2025-12-29 14:05:00-05:00,423.085,423.58,423.085,423.25,3601.00
2025-12-29 14:10:00-05:00,423.26,423.84,422.9,423.545,8007.00
2025-12-29 14:15:00-05:00,423.64,424.7,423.54,424.7,5623.00
2025-12-29 14:20:00-05:00,424.51,425.1099,424.51,424.6,9258.00
2025-12-29 14:25:00-05:00,424.61,425.86,424.61,425.39,13084.00
2025-12-29 14:30:00-05:00,425.32,425.54,425.1,425.5,11531.00
2025-12-29 14:35:00-05:00,425.505,425.86,424.97,425.86,6298.00
2025-12-29 14:40:00-05:00,425.86,426.19,425.26,425.28,8655.00
2025-12-29 14:45:00-05:00,425.27,425.54,425,425.14,12369.00
2025-12-29 14:50:00-05:00,425.11,425.645,425.03,425.645,5971.00
2025-12-29 14:55:00-05:00,425.65,426.19,425.65,425.93,4621.00
2025-12-29 15:00:00-05:00,425.92,426.555,425.92,426.22,8434.00
2025-12-29 15:05:00-05:00,426.22,426.45,426.1,426.2895,5648.00
2025-12-29 15:10:00-05:00,426.19,426.45,425.04,425.725,19329.00
2025-12-29 15:15:00-05:00,425.825,425.825,424.8,425.02,17076.00
2025-12-29 15:20:00-05:00,425.02,425.17,423.95,423.95,14366.00
2025-12-29 15:25:00-05:00,423.81,424.35,423.71,424.195,28890.00
2025-12-29 15:30:00-05:00,424.21,424.65,423.94,424.425,9441.00
2025-12-29 15:35:00-05:00,424.66,424.85,423.66,423.68,20176.00
2025-12-29 15:40:00-05:00,423.68,423.95,423.52,423.69,25607.00
2025-12-29 15:45:00-05:00,423.69,424.25,423.41,423.58,24894.00
2025-12-29 15:50:00-05:00,423.58,424.05,423.1075,423.36,43760.00
2025-12-29 15:55:00-05:00,423.33,423.84,422.91,423.07,84970.00
2025-12-30 09:30:00-05:00,425.49,425.66,421.9,422.59,20316.00
2025-12-30 09:35:00-05:00,422.585,425.66,422.54,424.44,21634.00
2025-12-30 09:40:00-05:00,424.01,424.01,422.22,422.475,7852.00
2025-12-30 09:45:00-05:00,423.4575,425.66,422.46,425.6259,24229.00
2025-12-30 09:50:00-05:00,424.92,425.98,424.07,425.11,8720.00
2025-12-30 09:55:00-05:00,425.4,428.65,425.4,428.11,28763.00
2025-12-30 10:00:00-05:00,427.83,428.35,426.14,426.8573,10630.00
2025-12-30 10:05:00-05:00,426.87,427.5,426.3701,426.82,10004.00
2025-12-30 10:10:00-05:00,426.82,427.16,425.36,425.38,19705.00
2025-12-30 10:15:00-05:00,425.68,426.43,425.23,425.42,5527.00
2025-12-30 10:20:00-05:00,425.92,426.13,425.465,425.82,5803.00
2025-12-30 10:25:00-05:00,426.09,426.46,425.8275,426.145,12227.00
2025-12-30 10:30:00-05:00,426.45,426.72,425.711,426.16,17730.00
2025-12-30 10:35:00-05:00,425.92,426.5,425.82,425.83,8218.00
2025-12-30 10:40:00-05:00,425.82,426.81,425.69,426.81,7742.00
2025-12-30 10:45:00-05:00,427,427.11,426.04,426.05,9026.00
2025-12-30 10:50:00-05:00,425.99,426.665,425.8,426.43,4591.00
2025-12-30 10:55:00-05:00,426.76,426.96,426.38,426.38,4762.00
2025-12-30 11:00:00-05:00,426.22,426.96,426.21,426.68,6119.00
2025-12-30 11:05:00-05:00,426.78,427.08,426.58,426.58,5356.00
2025-12-30 11:10:00-05:00,426.6975,426.89,426.57,426.74,3445.00
2025-12-30 11:15:00-05:00,426.8387,426.96,426.28,426.66,8127.00
2025-12-30 11:20:00-05:00,426.66,427.19,426.48,426.95,2761.00
2025-12-30 11:25:00-05:00,427.14,427.2,426.94,426.98,2112.00
2025-12-30 11:30:00-05:00,427.08,427.39,426.2801,426.52,7263.00
2025-12-30 11:35:00-05:00,426.47,426.57,426.04,426.31,5151.00
2025-12-30 11:40:00-05:00,426.18,426.64,426,426.16,3603.00
2025-12-30 11:45:00-05:00,426.16,426.28,425.93,426.17,3766.00
2025-12-30 11:50:00-05:00,426.22,426.41,425.85,425.85,4072.00
2025-12-30 11:55:00-05:00,426.055,426.12,425.79,426,2912.00
2025-12-30 12:00:00-05:00,425.82,426.36,425.268,425.435,7506.00
2025-12-30 12:05:00-05:00,425.396,425.7,425.396,425.5447,3904.00
2025-12-30 12:10:00-05:00,425.76,425.98,425.335,425.335,5284.00
2025-12-30 12:15:00-05:00,425.33,425.62,425.3075,425.42,2270.00
2025-12-30 12:20:00-05:00,425.365,425.78,425.31,425.485,3316.00
2025-12-30 12:25:00-05:00,425.48,425.65,425.24,425.415,3481.00
2025-12-30 12:30:00-05:00,425.36,425.73,425.1724,425.505,4987.00
2025-12-30 12:35:00-05:00,425.555,425.555,425.19,425.46,4004.00
2025-12-30 12:40:00-05:00,425.24,425.57,425.19,425.3,5619.00
2025-12-30 12:45:00-05:00,425.31,425.385,424.8,424.82,4444.00
2025-12-30 12:50:00-05:00,424.81,424.97,424.62,424.62,3462.00
2025-12-30 12:55:00-05:00,424.55,425.12,424.52,425.12,4119.00
2025-12-30 13:00:00-05:00,425.06,425.08,424.5,424.5,4703.00
2025-12-30 13:05:00-05:00,424.5,424.63,423.89,424,8629.00
2025-12-30 13:10:00-05:00,424,424.49,423.44,423.825,15855.00
2025-12-30 13:15:00-05:00,424.05,424.635,423.995,424.635,7691.00
2025-12-30 13:20:00-05:00,424.635,424.635,424.03,424.155,4433.00
2025-12-30 13:25:00-05:00,424.155,424.42,423.955,424.16,2481.00
2025-12-30 13:30:00-05:00,424.11,424.28,423.9,423.92,3568.00
2025-12-30 13:35:00-05:00,424.03,424.38,423.9,424.25,4854.00
2025-12-30 13:40:00-05:00,424.2,424.26,423.87,424.02,4868.00
2025-12-30 13:45:00-05:00,424.025,424.1975,423.97,424.12,2499.00
2025-12-30 13:50:00-05:00,424.02,424.15,423.83,423.85,3733.00
2025-12-30 13:55:00-05:00,423.85,424.3,423.74,424.3,4295.00
2025-12-30 14:00:00-05:00,424.18,424.32,423.91,424,12367.00
2025-12-30 14:05:00-05:00,423.99,424.39,423.9,424.35,4757.00
2025-12-30 14:10:00-05:00,424.3,425.22,424.29,425.22,16336.00
2025-12-30 14:15:00-05:00,425.2,425.55,424.45,424.93,6664.00
2025-12-30 14:20:00-05:00,424.74,425.035,424.74,424.94,3267.00
2025-12-30 14:25:00-05:00,424.9401,425.06,424.66,424.66,4729.00
2025-12-30 14:30:00-05:00,424.56,424.7,424.29,424.39,4128.00
2025-12-30 14:35:00-05:00,424.41,424.51,424.21,424.45,4699.00
2025-12-30 14:40:00-05:00,424.45,424.675,424.45,424.45,3326.00
2025-12-30 14:45:00-05:00,424.49,424.63,424.2801,424.425,8465.00
2025-12-30 14:50:00-05:00,424.425,424.66,424.285,424.535,10022.00
2025-12-30 14:55:00-05:00,424.47,424.75,424.29,424.635,5629.00
2025-12-30 15:00:00-05:00,424.68,424.685,424.24,424.58,7502.00
2025-12-30 15:05:00-05:00,424.5,424.5,423.04,423.18,16945.00
2025-12-30 15:10:00-05:00,423.04,423.48,423,423.41,5962.00
2025-12-30 15:15:00-05:00,423.31,423.6599,423.31,423.505,5663.00
2025-12-30 15:20:00-05:00,423.61,423.65,423.36,423.525,7518.00
2025-12-30 15:25:00-05:00,423.525,423.61,422.77,422.88,12761.00
2025-12-30 15:30:00-05:00,422.745,422.88,421.4,421.44,18486.00
2025-12-30 15:35:00-05:00,421.42,422.42,421.3005,422.25,26891.00
2025-12-30 15:40:00-05:00,422.255,422.69,422.11,422.245,12078.00
2025-12-30 15:45:00-05:00,422.315,422.4399,421.89,421.89,12443.00
2025-12-30 15:50:00-05:00,421.89,422.14,421.07,421.15,39727.00
2025-12-30 15:55:00-05:00,421.07,421.67,420.91,421.67,83633.00
2025-12-31 09:30:00-05:00,421.38,424.16,420.0001,423.56,16521.00
2025-12-31 09:35:00-05:00,423.375,424.48,422.75,423.855,6357.00
2025-12-31 09:40:00-05:00,424.34,424.5,422.17,422.915,8520.00
2025-12-31 09:45:00-05:00,422.83,422.9,422,422.345,7331.00
2025-12-31 09:50:00-05:00,422.59,423.86,422.59,423.85,5086.00
2025-12-31 09:55:00-05:00,423.85,425,423.4,424.68,4960.00
2025-12-31 10:00:00-05:00,424.37,425.8,423.82,424.84,12580.00
2025-12-31 10:05:00-05:00,424.745,425.262,423.81,424.04,14879.00
2025-12-31 10:10:00-05:00,424.54,424.581,423.64,424.581,7193.00
2025-12-31 10:15:00-05:00,424.4,424.475,423.07,423.26,7805.00
2025-12-31 10:20:00-05:00,423.51,424.66,423.01,423.95,22827.00
2025-12-31 10:25:00-05:00,423.9826,425.355,423.955,425.355,6558.00
2025-12-31 10:30:00-05:00,425.2,425.2,424.22,424.59,7309.00
2025-12-31 10:35:00-05:00,424.6,425.01,423.91,423.944,6679.00
2025-12-31 10:40:00-05:00,423.93,424.22,423.62,423.7992,7717.00
2025-12-31 10:45:00-05:00,423.69,424.245,423.63,424.14,6540.00
2025-12-31 10:50:00-05:00,424.14,424.24,423.78,423.99,4037.00
2025-12-31 10:55:00-05:00,423.79,424,423.44,424,2815.00
2025-12-31 11:00:00-05:00,423.97,424.395,423.7501,424.395,6298.00
2025-12-31 11:05:00-05:00,424.2,424.301,422.805,423.1,14790.00
2025-12-31 11:10:00-05:00,423,423.1,422,422.475,14012.00
2025-12-31 11:15:00-05:00,422.4239,423.23,422.3,423.14,20400.00
2025-12-31 11:20:00-05:00,423.105,423.22,422.68,422.86,6444.00
2025-12-31 11:25:00-05:00,422.7716,423.34,422.55,422.85,8487.00
2025-12-31 11:30:00-05:00,422.95,423.4499,422.771,423.44,13132.00
2025-12-31 11:35:00-05:00,423.45,423.55,422.77,423.075,8448.00
2025-12-31 11:40:00-05:00,423.065,423.065,422.7134,422.945,6334.00
2025-12-31 11:45:00-05:00,422.85,422.95,422.48,422.91,2958.00
2025-12-31 11:50:00-05:00,422.98,423.18,422.85,423,2236.00
2025-12-31 11:55:00-05:00,423.145,423.64,422.67,422.955,10249.00
2025-12-31 12:00:00-05:00,422.91,422.98,422.48,422.72,2958.00
2025-12-31 12:05:00-05:00,422.56,422.56,422.13,422.215,4459.00
2025-12-31 12:10:00-05:00,422.13,422.9,421.86,422.79,9605.00
2025-12-31 12:15:00-05:00,422.72,422.935,422.61,422.845,3359.00
2025-12-31 12:20:00-05:00,423.02,423.02,421.96,421.96,7277.00
2025-12-31 12:25:00-05:00,422.195,422.225,422.195,422.225,1855.00
2025-12-31 12:30:00-05:00,422.225,422.8495,422.22,422.8495,5254.00
2025-12-31 12:35:00-05:00,422.825,422.835,422.169,422.25,4635.00
2025-12-31 12:40:00-05:00,422.23,422.515,422.23,422.365,5419.00
2025-12-31 12:45:00-05:00,422.375,422.375,421.86,421.89,4840.00
2025-12-31 12:50:00-05:00,421.8,421.855,421.54,421.765,2553.00
2025-12-31 12:55:00-05:00,421.765,421.765,421.16,421.26,4434.00
2025-12-31 13:00:00-05:00,421.26,421.58,420.985,421.46,8946.00
2025-12-31 13:05:00-05:00,421.46,421.64,421.25,421.32,4213.00
2025-12-31 13:10:00-05:00,421.35,421.57,421.28,421.57,7705.00
2025-12-31 13:15:00-05:00,421.43,421.43,420.42,420.615,4729.00
2025-12-31 13:20:00-05:00,420.615,420.71,420.46,420.65,2251.00
2025-12-31 13:25:00-05:00,420.65,420.845,420.64,420.755,5005.00
2025-12-31 13:30:00-05:00,420.76,421,420.57,420.84,4078.00
2025-12-31 13:35:00-05:00,420.85,421.1,420.49,420.675,10371.00
2025-12-31 13:40:00-05:00,420.6775,420.83,420.49,420.8,2855.00
2025-12-31 13:45:00-05:00,420.64,420.85,420.45,420.635,4736.00
2025-12-31 13:50:00-05:00,420.43,420.64,420.33,420.49,3334.00
2025-12-31 13:55:00-05:00,420.49,421.14,420.13,420.745,9113.00
2025-12-31 14:00:00-05:00,421.07,421.97,420.745,421.6099,13134.00
2025-12-31 14:05:00-05:00,421.74,422.32,421.18,422.32,7940.00
2025-12-31 14:10:00-05:00,422.0628,422.325,421.32,421.53,2646.00
2025-12-31 14:15:00-05:00,421.53,421.53,420.7301,420.76,5600.00
2025-12-31 14:20:00-05:00,420.965,420.965,420.21,420.45,7529.00
2025-12-31 14:25:00-05:00,420.36,420.545,420.28,420.545,2427.00
2025-12-31 14:30:00-05:00,420.38,420.55,420.09,420.235,6037.00
2025-12-31 14:35:00-05:00,420.1,421.58,420.1,421.25,5709.00
2025-12-31 14:40:00-05:00,421.25,422.5699,420.79,420.91,5862.00
2025-12-31 14:45:00-05:00,420.835,420.835,420.49,420.685,3686.00
2025-12-31 14:50:00-05:00,420.685,420.75,420.29,420.34,4909.00
2025-12-31 14:55:00-05:00,420.5,420.66,419.61,419.64,8854.00
2025-12-31 15:00:00-05:00,419.71,419.975,419.5,419.975,4897.00
2025-12-31 15:05:00-05:00,419.91,420.17,419.53,419.9,24304.00
2025-12-31 15:10:00-05:00,419.77,420.505,419.5,420.385,9162.00
2025-12-31 15:15:00-05:00,420.38,420.51,420.14,420.4,6295.00
2025-12-31 15:20:00-05:00,420.34,420.58,420.11,420.275,5284.00
2025-12-31 15:25:00-05:00,420.25,420.475,420,420.39,20250.00
2025-12-31 15:30:00-05:00,420.31,420.86,419.96,420.21,20671.00
2025-12-31 15:35:00-05:00,420.21,420.23,419.71,419.825,12117.00
2025-12-31 15:40:00-05:00,419.825,420.34,419.79,420.18,10294.00
2025-12-31 15:45:00-05:00,420.055,420.49,420.055,420.145,13107.00
2025-12-31 15:50:00-05:00,420.13,420.43,419.01,419.105,38946.00
2025-12-31 15:55:00-05:00,418.92,419.99,418.69,419.84,66179.00
2026-01-02 09:30:00-05:00,422.5,423.5,417.5,417.53,112218.00
2026-01-02 09:35:00-05:00,418.0382,418.48,414.48,414.7279,38769.00
2026-01-02 09:40:00-05:00,414.83,416.5,413.68,413.68,28229.00
2026-01-02 09:45:00-05:00,414.2,416.1,413.65,415.58,18159.00
2026-01-02 09:50:00-05:00,415.95,417.79,415.29,415.84,16096.00
2026-01-02 09:55:00-05:00,415.96,415.96,411.3,411.4,26516.00
2026-01-02 10:00:00-05:00,411.395,414.14,410.82,411.36,27476.00
2026-01-02 10:05:00-05:00,411.535,411.535,407.39,408.06,39212.00
2026-01-02 10:10:00-05:00,408.635,408.635,402.8,404.21,48175.00
2026-01-02 10:15:00-05:00,404.21,404.6,402.31,403.19,30174.00
2026-01-02 10:20:00-05:00,402.81,403.75,401.51,402,33502.00
2026-01-02 10:25:00-05:00,401.59,402.3,400.55,402.3,71022.00
2026-01-02 10:30:00-05:00,402.15,404.32,401.1301,403.01,41459.00
2026-01-02 10:35:00-05:00,403.01,404.54,402.03,402.935,46145.00
2026-01-02 10:40:00-05:00,402.935,404.65,402.75,403.11,21484.00
2026-01-02 10:45:00-05:00,402.9,403.9499,401.53,401.875,18526.00
2026-01-02 10:50:00-05:00,401.48,402.21,399,400.3901,36526.00
2026-01-02 10:55:00-05:00,400.63,400.65,398.38,399.085,30013.00
2026-01-02 11:00:00-05:00,399.29,399.7,397.94,398.5107,31785.00
2026-01-02 11:05:00-05:00,398.545,399.77,398.1,398.565,22071.00
2026-01-02 11:10:00-05:00,398.48,398.98,397.87,398.61,14656.00
2026-01-02 11:15:00-05:00,398.5,400.98,398.5,400.6,21196.00
2026-01-02 11:20:00-05:00,400.6,404.125,400.6,403.6568,21336.00
2026-01-02 11:25:00-05:00,403.715,403.9651,402.92,403.115,12124.00
2026-01-02 11:30:00-05:00,402.89,404.52,402.8,404.401,12484.00
2026-01-02 11:35:00-05:00,404.51,404.51,401.76,402,23087.00
2026-01-02 11:40:00-05:00,401.81,401.81,400.8001,401.2,15926.00
2026-01-02 11:45:00-05:00,401.155,401.35,400.2401,400.55,31026.00
2026-01-02 11:50:00-05:00,400.55,401.45,399.74,399.89,25131.00
2026-01-02 11:55:00-05:00,399.895,400.2,398.75,400.1,20683.00
2026-01-02 12:00:00-05:00,399.785,399.785,397.72,397.8001,21106.00
2026-01-02 12:05:00-05:00,398.29,398.76,397.265,398.03,23158.00
2026-01-02 12:10:00-05:00,398.07,399.2,397.66,397.71,29387.00
2026-01-02 12:15:00-05:00,398.07,399.27,397.622,398.89,19192.00
2026-01-02 12:20:00-05:00,398.89,399.23,397.91,398.3675,23299.00
2026-01-02 12:25:00-05:00,398.42,399.09,398.2,398.615,16622.00
2026-01-02 12:30:00-05:00,399.01,399.14,398,398.25,15545.00
2026-01-02 12:35:00-05:00,398,398.07,396.82,397.4,17315.00
2026-01-02 12:40:00-05:00,397.4,397.7799,396.673,397.57,18494.00
2026-01-02 12:45:00-05:00,397.57,397.75,396.2901,396.82,14712.00
2026-01-02 12:50:00-05:00,396.6,397.05,396.22,396.285,17568.00
2026-01-02 12:55:00-05:00,396.44,396.79,396.11,396.29,16124.00
2026-01-02 13:00:00-05:00,396.29,396.44,395.62,396,15163.00
2026-01-02 13:05:00-05:00,396.09,396.71,395.35,396.23,36237.00
2026-01-02 13:10:00-05:00,396.28,397.125,395.8906,396.36,41319.00
2026-01-02 13:15:00-05:00,396.64,397.15,396.345,396.685,30233.00
2026-01-02 13:20:00-05:00,396.685,397.99,395.815,395.815,26301.00
2026-01-02 13:25:00-05:00,395.63,395.63,393.7201,393.995,25785.00
2026-01-02 13:30:00-05:00,393.73,393.86,392.5001,393.65,41170.00
2026-01-02 13:35:00-05:00,393.75,393.94,393.29,393.32,17153.00
2026-01-02 13:40:00-05:00,393.3101,394.2,393.3101,393.7,24275.00
2026-01-02 13:45:00-05:00,393.89,394.89,393.33,393.855,24336.00
2026-01-02 13:50:00-05:00,393.855,394.64,393.3,394.4751,13212.00
2026-01-02 13:55:00-05:00,394.435,395.07,393.88,394.96,15062.00
2026-01-02 14:00:00-05:00,395.07,395.24,394.67,395.22,20697.00
2026-01-02 14:05:00-05:00,395.08,396.51,395,396.4,23468.00
2026-01-02 14:10:00-05:00,396.45,399.39,396.35,399.31,22427.00
2026-01-02 14:15:00-05:00,399.38,399.52,397.94,398.85,36698.00
2026-01-02 14:20:00-05:00,398.755,400,398.755,400,22548.00
2026-01-02 14:25:00-05:00,399.99,400.31,399.5,399.825,37966.00
2026-01-02 14:30:00-05:00,399.825,400.235,398.8,399.35,31000.00
2026-01-02 14:35:00-05:00,399.35,400.22,398.8,399.7,32671.00
2026-01-02 14:40:00-05:00,399.7,400.3,399.3,399.3,24089.00
2026-01-02 14:45:00-05:00,399.255,399.72,399,399.245,17043.00
2026-01-02 14:50:00-05:00,399.245,399.55,398.96,399.54,17990.00
2026-01-02 14:55:00-05:00,399.445,399.68,398.5323,399.52,20863.00
2026-01-02 15:00:00-05:00,399.52,399.82,399.2053,399.59,17272.00
2026-01-02 15:05:00-05:00,399.3401,399.545,398.615,399.48,20832.00
2026-01-02 15:10:00-05:00,399.55,399.61,399.02,399.61,14084.00
2026-01-02 15:15:00-05:00,399.49,402.63,399.11,402.58,46578.00
2026-01-02 15:20:00-05:00,402.54,402.93,401.5372,402.08,22738.00
2026-01-02 15:25:00-05:00,402.06,402.08,401.5,401.66,23416.00
2026-01-02 15:30:00-05:00,401.59,401.635,400.05,400.51,28953.00
2026-01-02 15:35:00-05:00,400.51,400.515,399.49,399.59,36617.00
2026-01-02 15:40:00-05:00,399.59,400.08,399.04,399.57,47002.00
2026-01-02 15:45:00-05:00,399.57,400.58,399.16,400.4352,57408.00
2026-01-02 15:50:00-05:00,400.59,401.55,399.31,400.16,100280.00
2026-01-02 15:55:00-05:00,400.24,400.3,398.3,399.45,151740.00
2026-01-05 09:30:00-05:00,404.01,406.19,402.13,402.58,62806.00
2026-01-05 09:35:00-05:00,402.58,405.9999,400.86,404.07,39033.00
2026-01-05 09:40:00-05:00,404.07,411.96,404.07,411.49,21598.00
2026-01-05 09:45:00-05:00,412,413.87,411.9,413.1025,38011.00
2026-01-05 09:50:00-05:00,413.49,414.83,411.84,412,23780.00
2026-01-05 09:55:00-05:00,412.2,416.6075,412.07,415.08,28845.00
2026-01-05 10:00:00-05:00,415.39,418,414.67,416.44,27112.00
2026-01-05 10:05:00-05:00,416.32,416.5469,414.0701,414.56,18177.00
2026-01-05 10:10:00-05:00,414.72,416.29,414.31,416,17231.00
2026-01-05 10:15:00-05:00,416,418.25,415.8647,418.21,21386.00
2026-01-05 10:20:00-05:00,418.325,420.67,417.6101,420.53,30395.00
2026-01-05 10:25:00-05:00,420.565,421.17,419.9,420.77,28170.00
2026-01-05 10:30:00-05:00,421.19,421.9,420.15,421.47,41789.00
2026-01-05 10:35:00-05:00,421.455,422.865,421.455,422.27,20687.00
2026-01-05 10:40:00-05:00,422.3,422.98,422,422.98,19529.00
2026-01-05 10:45:00-05:00,422.89,423.71,422.21,422.71,20422.00
2026-01-05 10:50:00-05:00,422.76,422.8,421.94,422.3,21527.00
2026-01-05 10:55:00-05:00,422.46,422.47,420.77,420.85,22667.00
2026-01-05 11:00:00-05:00,421.04,421.19,418.7905,418.7905,19379.00
2026-01-05 11:05:00-05:00,418.7001,420.9,417.81,420.8,27119.00
2026-01-05 11:10:00-05:00,420.8112,421.905,420.8112,421.7,16978.00
2026-01-05 11:15:00-05:00,421.84,421.8899,420.9701,421.415,19018.00
2026-01-05 11:20:00-05:00,421.56,421.56,418.96,419.13,26536.00
2026-01-05 11:25:00-05:00,418.96,419.96,418.4155,419.31,16641.00
2026-01-05 11:30:00-05:00,418.4001,418.88,417.12,417.955,18190.00
2026-01-05 11:35:00-05:00,418.2,419.58,417.8801,418.96,9583.00
2026-01-05 11:40:00-05:00,418.78,419.68,418.73,419.095,12674.00
2026-01-05 11:45:00-05:00,419.0975,419.83,418.94,419.66,9234.00
2026-01-05 11:50:00-05:00,419.66,419.98,417.625,417.625,11580.00
2026-01-05 11:55:00-05:00,417.48,417.789,417.11,417.475,7253.00
2026-01-05 12:00:00-05:00,417.475,418.1699,417.475,417.905,6394.00
2026-01-05 12:05:00-05:00,417.65,417.72,417.12,417.4886,7903.00
2026-01-05 12:10:00-05:00,417.46,417.55,416.94,417.345,8154.00
2026-01-05 12:15:00-05:00,417.18,417.38,416.725,417.34,8504.00
2026-01-05 12:20:00-05:00,417.345,417.35,416.62,416.625,10686.00
2026-01-05 12:25:00-05:00,416.8381,416.8381,416.33,416.805,8350.00
2026-01-05 12:30:00-05:00,416.895,417.25,415,417.1878,15399.00
2026-01-05 12:35:00-05:00,416.91,417.075,416,416,9989.00
2026-01-05 12:40:00-05:00,416.25,416.4999,415.51,415.9995,7747.00
2026-01-05 12:45:00-05:00,415.75,416.529,415.56,416.475,15439.00
2026-01-05 12:50:00-05:00,416.485,416.485,415.8301,416.205,6949.00
2026-01-05 12:55:00-05:00,416.1916,417.4,416.06,416.43,13025.00
2026-01-05 13:00:00-05:00,416.745,417.139,416.3,416.855,6672.00
2026-01-05 13:05:00-05:00,416.82,417,416.1301,416.24,6158.00
2026-01-05 13:10:00-05:00,416.3864,416.72,416.19,416.405,6033.00
2026-01-05 13:15:00-05:00,416.415,416.72,415.57,415.835,7682.00
2026-01-05 13:20:00-05:00,415.8155,416.42,415.58,416.42,12647.00
2026-01-05 13:25:00-05:00,416.425,416.455,415.68,415.7501,6862.00
2026-01-05 13:30:00-05:00,415.87,416.08,415,415.735,10222.00
2026-01-05 13:35:00-05:00,415.99,416.99,415.77,416.69,7724.00
2026-01-05 13:40:00-05:00,416.88,417.24,416.58,417.12,8320.00
2026-01-05 13:45:00-05:00,417.26,418.17,417.16,417.48,8903.00
2026-01-05 13:50:00-05:00,417.51,417.99,417.1,417.83,8078.00
2026-01-05 13:55:00-05:00,417.64,417.9399,417.36,417.44,9359.00
2026-01-05 14:00:00-05:00,417.63,418.155,417.29,417.57,11169.00
2026-01-05 14:05:00-05:00,417.17,417.58,416.83,417.25,10420.00
2026-01-05 14:10:00-05:00,417.26,417.5499,416.94,417.26,7370.00
2026-01-05 14:15:00-05:00,417.1,417.185,415.63,416.085,14630.00
2026-01-05 14:20:00-05:00,416.49,417.4899,416.49,417.29,8821.00
2026-01-05 14:25:00-05:00,417.145,418.275,417.145,417.555,14779.00
2026-01-05 14:30:00-05:00,417.38,418.4199,417.38,418.025,10401.00
2026-01-05 14:35:00-05:00,417.65,418.025,417.09,417.335,13338.00
2026-01-05 14:40:00-05:00,417.335,417.56,416.6701,417.35,11929.00
2026-01-05 14:45:00-05:00,417.235,417.7899,416.92,416.96,17454.00
2026-01-05 14:50:00-05:00,417.17,417.92,416.9128,417.28,12588.00
2026-01-05 14:55:00-05:00,417.27,417.88,417.1,417.765,18465.00
2026-01-05 15:00:00-05:00,417.69,419.32,417.38,419.13,17330.00
2026-01-05 15:05:00-05:00,419.155,419.81,418.92,419.6,20471.00
2026-01-05 15:10:00-05:00,419.765,420.15,419.5901,420.02,23952.00
2026-01-05 15:15:00-05:00,419.965,420.9999,419.68,420.92,22309.00
2026-01-05 15:20:00-05:00,420.76,421,420.55,420.76,26920.00
2026-01-05 15:25:00-05:00,420.76,420.76,419.84,419.88,24029.00
2026-01-05 15:30:00-05:00,419.84,420.79,419.67,420.715,14728.00
2026-01-05 15:35:00-05:00,420.71,421.66,420.61,421.66,28067.00
2026-01-05 15:40:00-05:00,421.66,421.98,420.69,420.76,60247.00
2026-01-05 15:45:00-05:00,420.895,421.81,420.77,421.8,34788.00
2026-01-05 15:50:00-05:00,421.45,421.6,419.34,420.47,69899.00
2026-01-05 15:55:00-05:00,420.4,421.12,420.2075,420.82,124363.00
2026-01-06 09:30:00-05:00,420.52,427.295,420.52,426,58461.00
2026-01-06 09:35:00-05:00,425.015,427.48,424.03,427.05,11907.00
2026-01-06 09:40:00-05:00,427.04,428.71,426.51,427.24,20488.00
2026-01-06 09:45:00-05:00,428,429,426.97,427.28,9901.00
2026-01-06 09:50:00-05:00,427.49,427.49,420.56,421.185,25916.00
2026-01-06 09:55:00-05:00,420.69,422.88,418.94,421.92,33567.00
2026-01-06 10:00:00-05:00,422.795,423.59,422,422.915,11882.00
2026-01-06 10:05:00-05:00,423.6,425.55,423.365,424.9,18876.00
2026-01-06 10:10:00-05:00,425,425.87,423.92,424.2,9614.00
2026-01-06 10:15:00-05:00,425.03,425.9999,423.78,424.04,9156.00
2026-01-06 10:20:00-05:00,424.04,424.68,423.63,424.55,8491.00
2026-01-06 10:25:00-05:00,424.615,426.19,424.03,425.295,18740.00
2026-01-06 10:30:00-05:00,425.3025,425.44,424.055,424.45,6892.00
2026-01-06 10:35:00-05:00,424.1733,424.385,422.93,423.65,10905.00
2026-01-06 10:40:00-05:00,423.7361,423.8,422.535,423.33,10970.00
2026-01-06 10:45:00-05:00,423.16,424.4,423.1,424.4,6247.00
2026-01-06 10:50:00-05:00,424.97,425.63,424.02,424.02,10950.00
2026-01-06 10:55:00-05:00,423.87,424.51,423.35,423.93,9782.00
2026-01-06 11:00:00-05:00,423.94,425.03,422.95,422.95,5453.00
2026-01-06 11:05:00-05:00,423.245,423.83,422.52,423.71,7004.00
2026-01-06 11:10:00-05:00,424.23,425.86,424.2,424.85,16302.00
2026-01-06 11:15:00-05:00,424.85,425.23,424.61,424.945,7803.00
2026-01-06 11:20:00-05:00,424.945,425.34,424.24,425.23,9080.00
2026-01-06 11:25:00-05:00,425.235,425.54,424.62,424.905,27052.00
2026-01-06 11:30:00-05:00,424.905,426.87,424.905,426.535,8787.00
2026-01-06 11:35:00-05:00,426.535,427,426.22,426.88,8524.00
2026-01-06 11:40:00-05:00,426.2823,427.07,426.2823,426.88,3614.00
2026-01-06 11:45:00-05:00,426.875,427,426.56,426.82,6275.00
2026-01-06 11:50:00-05:00,426.72,427,425.95,426.5,14308.00
2026-01-06 11:55:00-05:00,426.14,427.25,425.5901,427.02,21818.00
2026-01-06 12:00:00-05:00,426.835,427.25,426.63,426.95,10492.00
2026-01-06 12:05:00-05:00,426.95,429.48,426.9222,428.88,41164.00
2026-01-06 12:10:00-05:00,428.88,430.88,428.625,429.5375,31447.00
2026-01-06 12:15:00-05:00,429.74,429.74,427.58,427.58,20762.00
2026-01-06 12:20:00-05:00,427.765,428.44,427.73,427.95,12461.00
2026-01-06 12:25:00-05:00,428.24,428.565,426.84,427.1671,13345.00
2026-01-06 12:30:00-05:00,427.27,428.52,427.15,427.87,11201.00
2026-01-06 12:35:00-05:00,427.87,427.9999,427.17,427.9999,18257.00
2026-01-06 12:40:00-05:00,427.43,429.25,427.43,428.6801,21966.00
2026-01-06 12:45:00-05:00,429.16,429.165,428.4,428.65,5416.00
2026-01-06 12:50:00-05:00,428.61,430.48,428.4,429.99,12525.00
2026-01-06 12:55:00-05:00,429.96,430.08,429.24,429.37,5809.00
2026-01-06 13:00:00-05:00,429.4874,430.67,429.05,430.56,21216.00
2026-01-06 13:05:00-05:00,430.63,431,430.31,430.66,14019.00
2026-01-06 13:10:00-05:00,430.836,431.05,430.22,430.75,3065.00
2026-01-06 13:15:00-05:00,430.48,431.06,430.01,430.01,6997.00
2026-01-06 13:20:00-05:00,430.22,430.3582,429.59,430,8206.00
2026-01-06 13:25:00-05:00,430.295,430.58,429.56,430.3,4878.00
2026-01-06 13:30:00-05:00,430.18,430.58,430.04,430.41,12069.00
2026-01-06 13:35:00-05:00,430.41,430.58,429.76,430.17,12900.00
2026-01-06 13:40:00-05:00,430.19,431.99,429.98,431.99,9597.00
2026-01-06 13:45:00-05:00,431.99,433.065,431.61,433.065,26710.00
2026-01-06 13:50:00-05:00,432.76,432.77,431.87,432.17,18218.00
2026-01-06 13:55:00-05:00,432.17,432.81,431.91,432.495,15409.00
2026-01-06 14:00:00-05:00,432.78,433.18,432.3,432.3,7555.00
2026-01-06 14:05:00-05:00,432.52,433.4,431.63,431.63,9943.00
2026-01-06 14:10:00-05:00,431.64,431.87,431.149,431.85,16079.00
2026-01-06 14:15:00-05:00,431.525,431.85,431.01,431.45,10299.00
2026-01-06 14:20:00-05:00,431.455,431.95,431.31,431.77,6412.00
2026-01-06 14:25:00-05:00,431.77,432.37,431.77,432.15,9411.00
2026-01-06 14:30:00-05:00,432.16,433.29,432.16,432.86,22334.00
2026-01-06 14:35:00-05:00,432.92,433.7,432.86,432.88,15916.00
2026-01-06 14:40:00-05:00,432.93,433.65,432.886,433.565,10839.00
2026-01-06 14:45:00-05:00,433.565,433.7,433.1,433.615,9604.00
2026-01-06 14:50:00-05:00,433.6,434.28,433.35,433.88,11501.00
2026-01-06 14:55:00-05:00,433.89,434.14,433.4,433.57,17101.00
2026-01-06 15:00:00-05:00,433.57,434.54,433.42,433.97,23407.00
2026-01-06 15:05:00-05:00,433.92,434.11,433.56,433.79,8478.00
2026-01-06 15:10:00-05:00,433.86,434.23,433.49,433.6665,37876.00
2026-01-06 15:15:00-05:00,433.765,434.469,433.5,434.38,14912.00
2026-01-06 15:20:00-05:00,434.37,434.48,433.5198,433.5198,25610.00
2026-01-06 15:25:00-05:00,433.705,433.9725,432.83,432.83,18339.00
2026-01-06 15:30:00-05:00,432.83,433.01,431.64,431.64,27067.00
2026-01-06 15:35:00-05:00,431.64,431.74,430.76,431.15,23400.00
2026-01-06 15:40:00-05:00,431.085,432.47,430.86,432.04,30669.00
2026-01-06 15:45:00-05:00,431.99,433.09,431.55,431.55,30657.00
2026-01-06 15:50:00-05:00,431.99,434.515,431.9,434.515,68186.00
2026-01-06 15:55:00-05:00,434.52,436.42,433.99,435.97,228089.00
2026-01-07 09:30:00-05:00,435.01,439.01,433.635,436.32,30813.00
2026-01-07 09:35:00-05:00,436.32,436.865,434.341,435.18,11363.00
2026-01-07 09:40:00-05:00,434.61,435.79,433.05,433.785,7886.00
2026-01-07 09:45:00-05:00,434.19,435.09,433.01,435.09,9136.00
2026-01-07 09:50:00-05:00,435.09,437.09,434.38,434.69,29892.00
2026-01-07 09:55:00-05:00,435.06,435.285,433.27,433.29,13129.00
2026-01-07 10:00:00-05:00,433.28,435,433.16,434.475,16606.00
2026-01-07 10:05:00-05:00,434.54,436.57,434.51,436.08,7188.00
2026-01-07 10:10:00-05:00,436.79,436.79,436,436.34,7569.00
2026-01-07 10:15:00-05:00,436.34,438.43,435.94,437.985,14232.00
2026-01-07 10:20:00-05:00,438,439,436.84,437.43,9118.00
2026-01-07 10:25:00-05:00,437.76,437.77,436.535,437.25,4711.00
2026-01-07 10:30:00-05:00,437.47,438.8,437.23,438.5,12879.00
2026-01-07 10:35:00-05:00,438.28,439,437.92,438.38,14184.00
2026-01-07 10:40:00-05:00,438.29,438.93,437.99,438.9,10420.00
2026-01-07 10:45:00-05:00,438.69,440.16,438.49,440.0239,22265.00
2026-01-07 10:50:00-05:00,439.4,441,439.4,440.23,24528.00
2026-01-07 10:55:00-05:00,440.185,440.51,439.48,440.135,36261.00
2026-01-07 11:00:00-05:00,440.135,441.18,439.855,440.665,40887.00
2026-01-07 11:05:00-05:00,440.665,441.2999,440,440.58,27158.00
2026-01-07 11:10:00-05:00,440.7,440.9488,439.7201,440.21,12746.00
2026-01-07 11:15:00-05:00,439.8301,441,439.645,439.91,17596.00
2026-01-07 11:20:00-05:00,440.35,440.35,439.07,439.26,17141.00
2026-01-07 11:25:00-05:00,439.095,439.43,438.15,438.425,13716.00
2026-01-07 11:30:00-05:00,438.535,439.42,438.23,439.29,33075.00
2026-01-07 11:35:00-05:00,439.105,440.59,439.105,439.6501,13788.00
2026-01-07 11:40:00-05:00,440.05,440.34,439.64,440.17,15862.00
2026-01-07 11:45:00-05:00,440.08,440.73,439.93,440.47,27124.00
2026-01-07 11:50:00-05:00,440.63,441,439.72,439.72,12183.00
2026-01-07 11:55:00-05:00,440.06,440.08,439.585,440.015,15359.00
2026-01-07 12:00:00-05:00,440.015,440.07,439.655,439.89,14348.00
2026-01-07 12:05:00-05:00,439.85,440.39,438.93,439.61,45469.00
2026-01-07 12:10:00-05:00,439.515,440.3,439.16,440.275,18855.00
2026-01-07 12:15:00-05:00,440.275,443.55,439.69,442.72,26808.00
2026-01-07 12:20:00-05:00,443.15,443.605,442.73,443.55,9345.00
2026-01-07 12:25:00-05:00,443.8199,444.6,443.12,444.29,14125.00
2026-01-07 12:30:00-05:00,444.1,444.12,443.37,443.62,8282.00
2026-01-07 12:35:00-05:00,443.85,444,443.52,443.69,12446.00
2026-01-07 12:40:00-05:00,443.695,444.29,443.39,444.06,8480.00
2026-01-07 12:45:00-05:00,444.0115,444.36,443.345,443.475,8759.00
2026-01-07 12:50:00-05:00,443.35,443.73,442.71,443.65,27424.00
2026-01-07 12:55:00-05:00,443.65,443.77,443.27,443.515,6781.00
2026-01-07 13:00:00-05:00,443.515,444.72,443.39,443.54,16930.00
2026-01-07 13:05:00-05:00,443.53,444.48,443.26,444.32,8142.00
2026-01-07 13:10:00-05:00,444.225,444.33,443.31,443.64,7826.00
2026-01-07 13:15:00-05:00,443.6679,444.12,443.46,443.765,5989.00
2026-01-07 13:20:00-05:00,443.765,443.819,443.25,443.53,9471.00
2026-01-07 13:25:00-05:00,443.26,444.155,443.06,444.155,8321.00
2026-01-07 13:30:00-05:00,444.155,444.5,443.81,444.37,6421.00
2026-01-07 13:35:00-05:00,444.27,444.44,443.69,444.16,7291.00
2026-01-07 13:40:00-05:00,444.16,444.5,443.56,443.791,7353.00
2026-01-07 13:45:00-05:00,443.6825,443.92,443.18,443.56,9571.00
2026-01-07 13:50:00-05:00,443.56,443.56,442.475,442.475,8481.00
2026-01-07 13:55:00-05:00,442.29,443.5399,442.2309,443.36,8678.00
2026-01-07 14:00:00-05:00,443.305,443.84,442.86,443.45,6017.00
2026-01-07 14:05:00-05:00,443.59,443.6,442.76,443.1,6946.00
2026-01-07 14:10:00-05:00,443.11,443.11,442.0001,442.82,16447.00
2026-01-07 14:15:00-05:00,442.745,442.745,441.835,442.07,4459.00
2026-01-07 14:20:00-05:00,441.94,442.32,441.82,442.115,4831.00
2026-01-07 14:25:00-05:00,441.96,442.03,441.01,441.69,3844.00
2026-01-07 14:30:00-05:00,441.3,442.5999,441.3,441.73,5626.00
2026-01-07 14:35:00-05:00,442.12,442.255,441.5,441.89,6768.00
2026-01-07 14:40:00-05:00,441.725,442,441.09,441.345,8925.00
2026-01-07 14:45:00-05:00,441.87,442.78,441.8,442.58,3927.00
2026-01-07 14:50:00-05:00,442.65,443.05,441.75,442.94,16615.00
2026-01-07 14:55:00-05:00,442.88,443.19,442.75,442.76,8836.00
2026-01-07 15:00:00-05:00,442.82,442.82,441.99,442.075,8674.00
2026-01-07 15:05:00-05:00,442.075,442.615,442.075,442.475,4386.00
2026-01-07 15:10:00-05:00,442.4129,442.52,441.99,442.3,9342.00
2026-01-07 15:15:00-05:00,442.11,442.55,441.53,442.2,33120.00
2026-01-07 15:20:00-05:00,442.25,442.4,441.45,442.31,13938.00
2026-01-07 15:25:00-05:00,442.36,442.36,441.88,442.23,13689.00
2026-01-07 15:30:00-05:00,442.23,442.28,441.67,441.69,22840.00
2026-01-07 15:35:00-05:00,441.93,442.05,440.7,440.7,15732.00
2026-01-07 15:40:00-05:00,440.66,441,439.72,439.74,20328.00
2026-01-07 15:45:00-05:00,439.72,440.06,438.45,438.65,28730.00
2026-01-07 15:50:00-05:00,438.68,441.65,438.48,441.59,60814.00
2026-01-07 15:55:00-05:00,441.59,441.88,440.16,440.6,104574.00
2026-01-08 09:30:00-05:00,440.505,444,438.01,439.185,24330.00
2026-01-08 09:35:00-05:00,438.12,440.83,435.3255,435.3255,7646.00
2026-01-08 09:40:00-05:00,436.24,436.24,430.2102,433.05,13284.00
2026-01-08 09:45:00-05:00,433.05,434.23,430.8,432.125,13279.00
2026-01-08 09:50:00-05:00,432.42,432.555,429.6504,430.44,26352.00
2026-01-08 09:55:00-05:00,430.44,430.73,428.55,430.265,14615.00
2026-01-08 10:00:00-05:00,430.265,431.416,427.6963,430.145,24390.00
2026-01-08 10:05:00-05:00,430.145,432.255,429.33,430.945,14753.00
2026-01-08 10:10:00-05:00,430.945,431.47,427,427.492,18600.00
2026-01-08 10:15:00-05:00,427.44,427.615,421.35,423.51,36999.00
2026-01-08 10:20:00-05:00,423.445,426.39,422.86,425.75,12598.00
2026-01-08 10:25:00-05:00,425.64,426.31,423.4,423.5115,13043.00
2026-01-08 10:30:00-05:00,423.84,425.42,423.04,424.9175,11572.00
2026-01-08 10:35:00-05:00,424.915,425.26,423.665,423.665,12422.00
2026-01-08 10:40:00-05:00,423.665,426.345,423.665,425.976,8680.00
2026-01-08 10:45:00-05:00,425.94,426.3899,424.5,424.63,9940.00
2026-01-08 10:50:00-05:00,424.44,425.185,423.2,423.41,23244.00
2026-01-08 10:55:00-05:00,423.6,426.43,423.56,426,11946.00
2026-01-08 11:00:00-05:00,425.97,427.2999,425.51,426.4,8115.00
2026-01-08 11:05:00-05:00,427.005,427.005,424.68,424.68,7185.00
2026-01-08 11:10:00-05:00,425.19,425.58,424.07,424.07,9918.00
2026-01-08 11:15:00-05:00,424.495,424.92,423.47,423.94,11605.00
2026-01-08 11:20:00-05:00,423.945,424.33,423.56,423.675,8079.00
2026-01-08 11:25:00-05:00,423.41,423.41,421.79,422.055,16536.00
2026-01-08 11:30:00-05:00,422.055,422.24,420.46,420.575,18323.00
2026-01-08 11:35:00-05:00,420.57,421.26,419.94,420.28,15728.00
2026-01-08 11:40:00-05:00,420.44,421.705,420.345,421.44,7949.00
2026-01-08 11:45:00-05:00,421.445,421.815,420.46,421.04,6507.00
2026-01-08 11:50:00-05:00,421.04,421.04,420.39,420.74,11052.00
2026-01-08 11:55:00-05:00,420.59,421.11,420,420.745,10245.00
2026-01-08 12:00:00-05:00,420.645,420.67,418.64,418.935,6486.00
2026-01-08 12:05:00-05:00,418.88,419.26,418.87,418.875,4928.00
2026-01-08 12:10:00-05:00,419.24,419.86,419.05,419.6,11141.00
2026-01-08 12:15:00-05:00,419.5922,420.525,419.5922,420.265,6813.00
2026-01-08 12:20:00-05:00,419.97,420.285,419.05,419.365,9914.00
2026-01-08 12:25:00-05:00,419.05,419.88,418.76,418.8201,8329.00
2026-01-08 12:30:00-05:00,418.82,418.845,417.25,417.93,29733.00
2026-01-08 12:35:00-05:00,417.8,418.75,417.745,418.2,8887.00
2026-01-08 12:40:00-05:00,418.425,419.21,417.905,419.06,36741.00
2026-01-08 12:45:00-05:00,419.06,420,418.9923,419.69,6764.00
2026-01-08 12:50:00-05:00,419.92,420.98,419.47,420.58,7088.00
2026-01-08 12:55:00-05:00,420.645,420.645,419.15,419.24,7251.00
2026-01-08 13:00:00-05:00,419.595,419.595,418.46,418.57,9618.00
2026-01-08 13:05:00-05:00,419.09,419.09,418.32,418.39,5213.00
2026-01-08 13:10:00-05:00,418.36,418.82,417.9,418.165,8360.00
2026-01-08 13:15:00-05:00,418.17,418.92,417.8921,418.92,5163.00
2026-01-08 13:20:00-05:00,418.885,419.23,418.36,418.8352,4640.00
2026-01-08 13:25:00-05:00,418.85,419,418.58,418.58,3259.00
2026-01-08 13:30:00-05:00,418.81,418.985,418.27,418.27,5062.00
2026-01-08 13:35:00-05:00,418.18,418.67,418.15,418.195,7873.00
2026-01-08 13:40:00-05:00,418.2,418.2,417.26,417.33,7694.00
2026-01-08 13:45:00-05:00,417.56,417.56,416.985,416.985,7920.00
2026-01-08 13:50:00-05:00,416.65,416.69,415.585,416.34,11001.00
2026-01-08 13:55:00-05:00,416.065,416.3,413.84,414.7,13532.00
2026-01-08 14:00:00-05:00,414.5,414.85,414.2,414.44,14484.00
2026-01-08 14:05:00-05:00,414.45,414.8388,412.525,412.595,26015.00
2026-01-08 14:10:00-05:00,412.53,413.7487,411.55,413.7487,55516.00
2026-01-08 14:15:00-05:00,413.17,413.85,412.36,413.55,19240.00
2026-01-08 14:20:00-05:00,413.56,414.285,413.285,413.81,13098.00
2026-01-08 14:25:00-05:00,414.15,414.69,414.03,414.65,11504.00
2026-01-08 14:30:00-05:00,414.69,416.29,414.46,415.765,16353.00
2026-01-08 14:35:00-05:00,415.67,416.08,415.2,415.91,13866.00
2026-01-08 14:40:00-05:00,415.825,415.825,414.93,415.26,6064.00
2026-01-08 14:45:00-05:00,415.305,415.61,413.41,413.85,6868.00
2026-01-08 14:50:00-05:00,413.7375,415.28,413.6575,414.965,4948.00
2026-01-08 14:55:00-05:00,415,415,413.6,414.356,8458.00
2026-01-08 15:00:00-05:00,414.425,414.9199,414.1,414.68,7591.00
2026-01-08 15:05:00-05:00,414.69,414.69,413.27,413.62,6892.00
2026-01-08 15:10:00-05:00,413.88,415.17,413.75,415.17,12568.00
2026-01-08 15:15:00-05:00,415.18,415.485,413.6,414.03,19446.00
2026-01-08 15:20:00-05:00,414.18,414.59,413.48,414.17,11716.00
2026-01-08 15:25:00-05:00,414.49,414.77,414.12,414.49,9486.00
2026-01-08 15:30:00-05:00,414.45,415.04,414.28,415.01,17250.00
2026-01-08 15:35:00-05:00,414.95,415.41,414.07,414.87,51624.00
2026-01-08 15:40:00-05:00,414.86,414.875,413.57,414.63,22021.00
2026-01-08 15:45:00-05:00,414.66,416.13,413.92,414.77,44909.00
2026-01-08 15:50:00-05:00,415.03,415.05,413.93,414.95,55073.00
2026-01-08 15:55:00-05:00,414.65,414.65,412.41,413.53,152662.00
2026-01-09 09:30:00-05:00,414.78,416.795,413.52,414.94,18074.00
2026-01-09 09:35:00-05:00,415.72,420.795,415.18,418.66,25451.00
2026-01-09 09:40:00-05:00,419.055,419.24,417.48,417.48,16878.00
2026-01-09 09:45:00-05:00,417.28,418.07,414,414.625,24686.00
2026-01-09 09:50:00-05:00,415.08,415.71,412.3201,414.18,26190.00
2026-01-09 09:55:00-05:00,414.62,414.62,410.92,412.109,10519.00
2026-01-09 10:00:00-05:00,411.75,414.065,411.37,413.18,21363.00
2026-01-09 10:05:00-05:00,413.175,413.49,412.44,412.9135,8393.00
2026-01-09 10:10:00-05:00,413.59,414.7,412.53,413.49,9913.00
2026-01-09 10:15:00-05:00,413.94,414.38,412.72,413.21,18473.00
2026-01-09 10:20:00-05:00,413.08,413.54,410.74,411.565,18527.00
2026-01-09 10:25:00-05:00,411.55,414.72,411.55,413.985,12883.00
2026-01-09 10:30:00-05:00,414.47,416.22,413.3,416.02,14982.00
2026-01-09 10:35:00-05:00,416.02,416.47,414.14,414.57,14590.00
2026-01-09 10:40:00-05:00,414.67,414.84,413.55,413.803,14984.00
2026-01-09 10:45:00-05:00,413.55,414.63,413.055,413.73,11331.00
2026-01-09 10:50:00-05:00,413.43,413.44,412.795,413.17,6703.00
2026-01-09 10:55:00-05:00,413.76,415.69,413.115,413.485,10168.00
2026-01-09 11:00:00-05:00,413.485,414.14,412.85,413.155,5348.00
2026-01-09 11:05:00-05:00,413.155,414.7399,413.07,414.73,8339.00
2026-01-09 11:10:00-05:00,414.315,415.52,414.315,415.375,9216.00
2026-01-09 11:15:00-05:00,415.69,415.69,413.95,414.92,18449.00
2026-01-09 11:20:00-05:00,414.63,415,414.33,414.74,10247.00
2026-01-09 11:25:00-05:00,414.74,415.305,413.58,414.77,9779.00
2026-01-09 11:30:00-05:00,414.83,415.97,414.6,415.62,9576.00
2026-01-09 11:35:00-05:00,415.5,415.995,414.9,415.37,6009.00
2026-01-09 11:40:00-05:00,415.28,415.72,414.5333,415.34,5996.00
2026-01-09 11:45:00-05:00,415.74,416.62,415.63,416.16,2673.00
2026-01-09 11:50:00-05:00,416.62,416.69,416.2,416.43,5156.00
2026-01-09 11:55:00-05:00,416.43,416.925,416.29,416.615,4904.00
2026-01-09 12:00:00-05:00,416.615,416.62,414.5301,415.42,9572.00
2026-01-09 12:05:00-05:00,415.55,415.64,414.56,414.87,3480.00
2026-01-09 12:10:00-05:00,414.8468,414.8468,414.061,414.53,6455.00
2026-01-09 12:15:00-05:00,414.07,414.185,412.47,412.47,7462.00
2026-01-09 12:20:00-05:00,412.53,413.11,411,411.46,15639.00
2026-01-09 12:25:00-05:00,411.23,412.0799,410.84,411.54,12664.00
2026-01-09 12:30:00-05:00,411.37,412.0799,411.2925,411.96,3050.00
2026-01-09 12:35:00-05:00,412,412.605,410.71,410.72,8004.00
2026-01-09 12:40:00-05:00,410.71,411.31,410.43,410.715,6073.00
2026-01-09 12:45:00-05:00,410.7475,411.25,410.44,410.99,6609.00
2026-01-09 12:50:00-05:00,410.72,411.005,410.24,410.47,6390.00
2026-01-09 12:55:00-05:00,410.5,410.87,410.3,410.395,7648.00
2026-01-09 13:00:00-05:00,410.38,410.465,409.56,410.105,18789.00
2026-01-09 13:05:00-05:00,410.105,410.661,409.89,410.005,18179.00
2026-01-09 13:10:00-05:00,410.22,411.43,410.19,410.19,9501.00
2026-01-09 13:15:00-05:00,410.45,411.6299,410.45,411.29,5542.00
2026-01-09 13:20:00-05:00,411.45,411.455,410.47,410.9,6466.00
2026-01-09 13:25:00-05:00,410.47,411.08,410.44,410.945,3925.00
2026-01-09 13:30:00-05:00,410.92,411.99,410.92,411.72,10660.00
2026-01-09 13:35:00-05:00,411.715,412.9999,411.26,412.94,16823.00
2026-01-09 13:40:00-05:00,412.99,413.495,412.48,413.355,6068.00
2026-01-09 13:45:00-05:00,413.6,413.73,412.46,413.005,13985.00
2026-01-09 13:50:00-05:00,413,413.1291,412.73,412.975,4847.00
2026-01-09 13:55:00-05:00,412.69,413.23,412.69,413.03,4784.00
2026-01-09 14:00:00-05:00,413.03,413.2099,412.02,412.27,9717.00
2026-01-09 14:05:00-05:00,412.275,412.74,412.13,412.255,14426.00
2026-01-09 14:10:00-05:00,412.255,412.26,411.36,411.65,13355.00
2026-01-09 14:15:00-05:00,411.65,412.275,411.44,411.935,7480.00
2026-01-09 14:20:00-05:00,411.79,411.79,411.135,411.364,8089.00
2026-01-09 14:25:00-05:00,411.24,411.865,411.24,411.61,5896.00
2026-01-09 14:30:00-05:00,411.62,411.91,411.26,411.57,7803.00
2026-01-09 14:35:00-05:00,411.65,411.65,410.85,410.915,9972.00
2026-01-09 14:40:00-05:00,411,411.19,410.63,410.855,7806.00
2026-01-09 14:45:00-05:00,410.85,411.07,410.39,410.87,9633.00
2026-01-09 14:50:00-05:00,410.87,411.35,410.63,410.63,8309.00
2026-01-09 14:55:00-05:00,410.6,410.6,410,410.47,10245.00
2026-01-09 15:00:00-05:00,410.4,410.53,409.81,410.305,8299.00
2026-01-09 15:05:00-05:00,410.3,410.47,410,410.3799,6549.00
2026-01-09 15:10:00-05:00,410.17,410.175,409.88,410.04,11721.00
2026-01-09 15:15:00-05:00,410,410.51,409.47,410.175,17674.00
2026-01-09 15:20:00-05:00,410.2,410.97,409.98,410.88,15325.00
2026-01-09 15:25:00-05:00,410.935,411.14,410.7,410.97,12449.00
2026-01-09 15:30:00-05:00,410.97,411.37,410.65,411.235,19729.00
2026-01-09 15:35:00-05:00,411.24,411.61,410.82,411.31,9702.00
2026-01-09 15:40:00-05:00,411.31,411.435,410.5,410.695,19754.00
2026-01-09 15:45:00-05:00,410.695,411.42,410.39,410.54,22132.00
2026-01-09 15:50:00-05:00,410.37,410.42,408.43,408.44,59753.00
2026-01-09 15:55:00-05:00,408.39,408.82,407.73,408.475,126016.00
2026-01-12 09:30:00-05:00,408.12,412.445,404.6,412.445,51586.00
2026-01-12 09:35:00-05:00,413.13,414.1,411.2,413.55,32628.00
2026-01-12 09:40:00-05:00,413.09,413.09,410,410.4975,22401.00
2026-01-12 09:45:00-05:00,410.5,410.98,409.495,409.65,20432.00
2026-01-12 09:50:00-05:00,409.65,413,408.7196,411.475,28431.00
2026-01-12 09:55:00-05:00,411.88,414.92,411.88,414.92,11089.00
2026-01-12 10:00:00-05:00,414.585,415.99,413.765,413.765,17668.00
2026-01-12 10:05:00-05:00,414.33,414.35,412.19,413.055,6842.00
2026-01-12 10:10:00-05:00,412.9605,413.045,411.77,412.95,6734.00
2026-01-12 10:15:00-05:00,413.46,414.39,412.91,414.355,11004.00
2026-01-12 10:20:00-05:00,414.37,415.2199,413.94,414.755,9143.00
2026-01-12 10:25:00-05:00,414.76,415.395,414,414.32,9112.00
2026-01-12 10:30:00-05:00,414.64,415.34,414.34,414.455,8850.00
2026-01-12 10:35:00-05:00,414.455,414.7999,413.71,414.235,14315.00
2026-01-12 10:40:00-05:00,414.235,414.97,413.9,414.37,10887.00
2026-01-12 10:45:00-05:00,414.38,415.01,413.78,414.465,5481.00
2026-01-12 10:50:00-05:00,414.435,415.595,414.435,415.595,7423.00
2026-01-12 10:55:00-05:00,415.43,416.4396,415.2201,416.055,6585.00
2026-01-12 11:00:00-05:00,416.015,416.5199,415.28,415.59,9735.00
2026-01-12 11:05:00-05:00,415.334,415.97,415,415.455,20598.00
2026-01-12 11:10:00-05:00,415.19,415.85,414.41,415.64,6632.00
2026-01-12 11:15:00-05:00,415.85,416.16,415.645,415.79,5191.00
2026-01-12 11:20:00-05:00,416.45,416.565,415.83,416.025,10330.00
2026-01-12 11:25:00-05:00,416.025,417,415.77,416.68,10989.00
2026-01-12 11:30:00-05:00,417,417.4523,416.47,416.51,13541.00
2026-01-12 11:35:00-05:00,416.51,416.51,415.4,415.6,6056.00
2026-01-12 11:40:00-05:00,415.565,415.775,415.4,415.66,6583.00
2026-01-12 11:45:00-05:00,415.6601,416.19,415.255,415.98,11049.00
2026-01-12 11:50:00-05:00,415.985,416.44,415.83,415.84,7102.00
2026-01-12 11:55:00-05:00,415.8,416.065,415.52,416.065,4189.00
2026-01-12 12:00:00-05:00,415.81,416.3199,415.79,416.2,3493.00
2026-01-12 12:05:00-05:00,416.26,416.32,415.065,415.07,7560.00
2026-01-12 12:10:00-05:00,415.205,415.5399,414.5,414.515,5046.00
2026-01-12 12:15:00-05:00,414.755,415.0299,414.46,414.825,4882.00
2026-01-12 12:20:00-05:00,414.62,415.08,414.46,414.46,6161.00
2026-01-12 12:25:00-05:00,414.42,414.7,414.05,414.44,6935.00
2026-01-12 12:30:00-05:00,414.59,414.86,414.39,414.72,3690.00
2026-01-12 12:35:00-05:00,414.71,414.72,414.295,414.3,3010.00
2026-01-12 12:40:00-05:00,414.42,415.09,414.2001,414.72,3694.00
2026-01-12 12:45:00-05:00,415.07,415.725,415.07,415.65,4886.00
2026-01-12 12:50:00-05:00,415.665,416.26,415.665,416.26,3584.00
2026-01-12 12:55:00-05:00,415.955,416.3,415.7465,416.05,5918.00
2026-01-12 13:00:00-05:00,415.86,416.33,415.85,416.33,4561.00
2026-01-12 13:05:00-05:00,416.03,416.33,415.8,416.33,2334.00
2026-01-12 13:10:00-05:00,415.81,416.66,415.81,416.49,6229.00
2026-01-12 13:15:00-05:00,416.62,417.77,416.52,417.55,14569.00
2026-01-12 13:20:00-05:00,417.37,418,417.2,417.84,7378.00
2026-01-12 13:25:00-05:00,417.84,417.94,417.445,417.94,6102.00
2026-01-12 13:30:00-05:00,417.7662,417.9299,417.12,417.89,11058.00
2026-01-12 13:35:00-05:00,417.76,418.15,417.24,417.64,6853.00
2026-01-12 13:40:00-05:00,417.56,417.81,417.23,417.44,7056.00
2026-01-12 13:45:00-05:00,417.26,417.78,417,417.4475,6054.00
2026-01-12 13:50:00-05:00,417.445,417.49,417.1101,417.21,5091.00
2026-01-12 13:55:00-05:00,417.22,418.03,417.22,418.03,6151.00
2026-01-12 14:00:00-05:00,418.16,418.195,417.67,417.67,11419.00
2026-01-12 14:05:00-05:00,417.925,418.22,417.5,417.815,8570.00
2026-01-12 14:10:00-05:00,417.61,417.9125,417.08,417.335,5697.00
2026-01-12 14:15:00-05:00,417.1,417.92,417.05,417.77,4809.00
2026-01-12 14:20:00-05:00,417.77,417.9478,417.45,417.56,3091.00
2026-01-12 14:25:00-05:00,417.76,417.87,417.21,417.77,7825.00
2026-01-12 14:30:00-05:00,417.99,418.67,417.845,418.42,8238.00
2026-01-12 14:35:00-05:00,418.245,418.25,417.63,417.78,13426.00
2026-01-12 14:40:00-05:00,417.74,418.03,417.5449,417.89,3673.00
2026-01-12 14:45:00-05:00,417.875,418.585,417.63,418.395,8175.00
2026-01-12 14:50:00-05:00,418.395,418.62,417.8572,417.945,5754.00
2026-01-12 14:55:00-05:00,418.1399,418.1399,417.655,417.89,6314.00
2026-01-12 15:00:00-05:00,417.98,418.24,417.91,418.05,10897.00
2026-01-12 15:05:00-05:00,417.9,418.005,417.295,417.415,9216.00
2026-01-12 15:10:00-05:00,417.47,417.47,416.54,416.57,6792.00
2026-01-12 15:15:00-05:00,416.66,416.85,416.29,416.29,16137.00
2026-01-12 15:20:00-05:00,416.56,416.56,415.6,415.83,8790.00
2026-01-12 15:25:00-05:00,415.83,416.93,415.83,416.02,20816.00
2026-01-12 15:30:00-05:00,415.53,415.96,414.9157,415.9,10706.00
2026-01-12 15:35:00-05:00,415.655,416.33,415.53,416.13,13346.00
2026-01-12 15:40:00-05:00,416.09,417.26,416.055,417.26,13369.00
2026-01-12 15:45:00-05:00,417.245,418.385,417.245,418.1,18228.00
2026-01-12 15:50:00-05:00,417.96,419.27,417.71,419.08,47540.00
2026-01-12 15:55:00-05:00,419,419.26,417.97,418.12,83999.00
2026-01-13 09:30:00-05:00,417.73,419.7,415.37,418.45,29927.00
2026-01-13 09:35:00-05:00,418.74,421.62,418.34,420.3,10966.00
2026-01-13 09:40:00-05:00,420.1795,421.4,419.67,420.385,8668.00
2026-01-13 09:45:00-05:00,420.75,423.1,419.605,419.835,16472.00
2026-01-13 09:50:00-05:00,420.2,420.61,417.1375,418.775,18409.00
2026-01-13 09:55:00-05:00,419.1425,420.115,417.98,418.035,8533.00
2026-01-13 10:00:00-05:00,417.98,417.98,415.6425,416.54,9114.00
2026-01-13 10:05:00-05:00,416.5351,418.15,415.815,416.4,13429.00
2026-01-13 10:10:00-05:00,416.965,417.59,413.8125,414.7,20576.00
2026-01-13 10:15:00-05:00,414.72,414.76,411.56,411.75,11241.00
2026-01-13 10:20:00-05:00,412.93,413.57,410.95,412.93,15767.00
2026-01-13 10:25:00-05:00,412.92,412.92,409.7,410.86,13019.00
2026-01-13 10:30:00-05:00,410.865,413.565,410.46,413.195,16829.00
2026-01-13 10:35:00-05:00,413.285,415.46,412.5401,414.19,33226.00
2026-01-13 10:40:00-05:00,414.2,415.34,413.34,413.94,14185.00
2026-01-13 10:45:00-05:00,413.71,414.23,413,413.59,4280.00
2026-01-13 10:50:00-05:00,412.64,415.31,412.64,415.31,8167.00
2026-01-13 10:55:00-05:00,415.44,416.94,414.97,415.9375,25034.00
2026-01-13 11:00:00-05:00,415.965,415.975,414.175,415.45,6618.00
2026-01-13 11:05:00-05:00,415.52,416.76,415.31,416.21,4673.00
2026-01-13 11:10:00-05:00,416.42,417,415.61,416.3556,14286.00
2026-01-13 11:15:00-05:00,416.55,417.77,416.33,417.08,34921.00
2026-01-13 11:20:00-05:00,417.86,418.76,417.23,418.51,26685.00
2026-01-13 11:25:00-05:00,418.12,419.5,417.88,419.07,8738.00
2026-01-13 11:30:00-05:00,418.64,419.57,418.43,419.355,9612.00
2026-01-13 11:35:00-05:00,419.355,420.65,418.82,419.95,12138.00
2026-01-13 11:40:00-05:00,420,421.205,419.9125,421.11,5940.00
2026-01-13 11:45:00-05:00,421.48,423.92,421.48,422.6,14543.00
2026-01-13 11:50:00-05:00,422.955,423.82,422.64,423.71,10648.00
2026-01-13 11:55:00-05:00,423.72,424.23,421.25,421.58,13364.00
2026-01-13 12:00:00-05:00,421.585,422.02,421.285,421.85,6959.00
2026-01-13 12:05:00-05:00,421.71,422.12,420.97,421.625,15177.00
2026-01-13 12:10:00-05:00,421.625,422.62,421.1401,422.37,8423.00
2026-01-13 12:15:00-05:00,422.11,422.2,420.72,421.054,14391.00
2026-01-13 12:20:00-05:00,422,422.89,421.515,422.6,11918.00
2026-01-13 12:25:00-05:00,422.65,422.8,421.94,422.59,10003.00
2026-01-13 12:30:00-05:00,423,423.4,422.59,422.94,15441.00
2026-01-13 12:35:00-05:00,422.85,422.875,420.923,421.25,14694.00
2026-01-13 12:40:00-05:00,421.25,421.68,419.24,419.75,10862.00
2026-01-13 12:45:00-05:00,419.93,420.2399,419.17,419.285,19069.00
2026-01-13 12:50:00-05:00,419.04,419.04,417.19,417.745,5946.00
2026-01-13 12:55:00-05:00,417.745,417.745,415.79,416.385,6539.00
2026-01-13 13:00:00-05:00,416.06,417.25,416.06,416.47,7648.00
2026-01-13 13:05:00-05:00,416.88,417.43,415.355,415.745,8376.00
2026-01-13 13:10:00-05:00,415.49,416.5474,414.5701,416.5474,6435.00
2026-01-13 13:15:00-05:00,416.51,416.92,415.9755,416.11,4910.00
2026-01-13 13:20:00-05:00,416.39,416.71,416.08,416.58,6062.00
2026-01-13 13:25:00-05:00,416.33,417.07,416.075,416.075,5651.00
2026-01-13 13:30:00-05:00,416.21,416.21,414.03,414.07,17891.00
2026-01-13 13:35:00-05:00,414.04,415.0399,414,414.51,10262.00
2026-01-13 13:40:00-05:00,414.68,414.86,413.23,413.74,13626.00
2026-01-13 13:45:00-05:00,413.555,413.97,413.25,413.34,7150.00
2026-01-13 13:50:00-05:00,413.08,414.11,413.03,413.57,6066.00
2026-01-13 13:55:00-05:00,413.58,414.41,413.54,414.36,6137.00
2026-01-13 14:00:00-05:00,414.36,415.1839,414.17,415.1839,7070.00
2026-01-13 14:05:00-05:00,415.34,415.66,414.7,414.7,6359.00
2026-01-13 14:10:00-05:00,414.73,415.165,413.77,414.435,9893.00
2026-01-13 14:15:00-05:00,414.71,414.94,413.75,414.2,5396.00
2026-01-13 14:20:00-05:00,414.32,415,414.32,414.745,4163.00
2026-01-13 14:25:00-05:00,415,415.18,414.6,414.945,5736.00
2026-01-13 14:30:00-05:00,414.66,415.18,414.52,414.54,5599.00
2026-01-13 14:35:00-05:00,414.6,415.485,414.58,415,7166.00
2026-01-13 14:40:00-05:00,415.005,415.675,414.64,415.12,4990.00
2026-01-13 14:45:00-05:00,415.2399,415.6,414.7,414.92,6543.00
2026-01-13 14:50:00-05:00,414.62,415.45,414.53,414.73,11619.00
2026-01-13 14:55:00-05:00,414.51,414.64,414,414.265,18389.00
2026-01-13 15:00:00-05:00,414.265,414.45,413.83,414.24,18499.00
2026-01-13 15:05:00-05:00,414.3325,414.3325,412.76,413.23,12581.00
2026-01-13 15:10:00-05:00,412.995,414,412.735,413.73,21241.00
2026-01-13 15:15:00-05:00,413.42,414.39,413.15,414.285,27591.00
2026-01-13 15:20:00-05:00,414.24,414.44,413.445,413.785,15329.00
2026-01-13 15:25:00-05:00,413.785,414.02,412.68,413.385,17391.00
2026-01-13 15:30:00-05:00,413.19,413.75,412.96,413.26,20454.00
2026-01-13 15:35:00-05:00,413.25,413.39,412.49,413.225,24991.00
2026-01-13 15:40:00-05:00,413.254,413.47,412,412.01,24308.00
2026-01-13 15:45:00-05:00,412.01,412.04,410.52,410.74,30827.00
2026-01-13 15:50:00-05:00,410.735,412.12,410.725,411.58,56229.00
2026-01-13 15:55:00-05:00,411.56,411.61,410.73,411.06,130771.00
2026-01-14 09:30:00-05:00,409.36,410.36,404.8,406.32,33720.00
2026-01-14 09:35:00-05:00,406.71,406.71,402.2,402.74,18534.00
2026-01-14 09:40:00-05:00,403.03,405.06,401.23,401.44,22754.00
2026-01-14 09:45:00-05:00,401.73,403.8861,400.78,403.07,14567.00
2026-01-14 09:50:00-05:00,403.32,404.08,402.01,402.92,8068.00
2026-01-14 09:55:00-05:00,402.73,403.7699,402.375,402.79,7773.00
2026-01-14 10:00:00-05:00,402.11,402.11,398.14,400.43,34671.00
2026-01-14 10:05:00-05:00,400.2159,403.91,399.42,403.6925,21691.00
2026-01-14 10:10:00-05:00,403.37,407.31,402.845,407.31,14123.00
2026-01-14 10:15:00-05:00,407,407.16,405.31,406.25,18870.00
2026-01-14 10:20:00-05:00,405.68,407.6,404.93,406.51,13211.00
2026-01-14 10:25:00-05:00,406.495,407.2,405.67,406.635,13335.00
2026-01-14 10:30:00-05:00,406.635,408.185,406.08,407.67,9325.00
2026-01-14 10:35:00-05:00,407.375,408.91,406.95,408.47,9985.00
2026-01-14 10:40:00-05:00,408.01,408.29,405.89,406.54,11824.00
2026-01-14 10:45:00-05:00,406.39,407.31,405.5,406.135,8126.00
2026-01-14 10:50:00-05:00,406.31,408.09,406.31,408.09,9019.00
2026-01-14 10:55:00-05:00,408.0075,408.51,404.34,404.855,18733.00
2026-01-14 11:00:00-05:00,404.22,404.855,403.06,404.855,10113.00
2026-01-14 11:05:00-05:00,404.2,404.545,401.42,402,8882.00
2026-01-14 11:10:00-05:00,401.92,402.71,401.25,402.31,13049.00
2026-01-14 11:15:00-05:00,402.89,402.89,402.09,402.315,6181.00
2026-01-14 11:20:00-05:00,402.9813,404.66,402.32,404.44,13876.00
2026-01-14 11:25:00-05:00,404.35,404.445,403.415,403.705,5484.00
2026-01-14 11:30:00-05:00,403.885,404.09,401.59,402.6672,21514.00
2026-01-14 11:35:00-05:00,402.655,402.7,402.02,402.67,4155.00
2026-01-14 11:40:00-05:00,402.57,402.67,400.37,400.765,16120.00
2026-01-14 11:45:00-05:00,400.765,401.15,400.38,400.745,5101.00
2026-01-14 11:50:00-05:00,400.74,400.79,399.62,399.91,8331.00
2026-01-14 11:55:00-05:00,400.11,400.84,399.55,400.67,6744.00
2026-01-14 12:00:00-05:00,400.52,401.82,400.3,401.82,7237.00
2026-01-14 12:05:00-05:00,402.18,402.34,401.77,402.245,4249.00
2026-01-14 12:10:00-05:00,402.3,403.8,402.235,403.76,6426.00
2026-01-14 12:15:00-05:00,403.6,403.99,401.535,401.5444,11899.00
2026-01-14 12:20:00-05:00,402.4601,402.79,401.07,402.79,4708.00
2026-01-14 12:25:00-05:00,402.256,403.6,402.256,402.63,28238.00
2026-01-14 12:30:00-05:00,403,403.16,401.875,401.875,7569.00
2026-01-14 12:35:00-05:00,402.25,403.11,402.12,402.685,3948.00
2026-01-14 12:40:00-05:00,402.735,404,402.272,403.385,5947.00
2026-01-14 12:45:00-05:00,403.65,403.935,403.02,403.32,4577.00
2026-01-14 12:50:00-05:00,403.03,403.13,402,402.87,4044.00
2026-01-14 12:55:00-05:00,402.67,403.4,401.71,401.8175,4837.00
2026-01-14 13:00:00-05:00,401.86,402.56,401.73,402.36,5450.00
2026-01-14 13:05:00-05:00,401.81,401.875,400.62,401.02,7714.00
2026-01-14 13:10:00-05:00,400.76,400.76,399.1,399.1,6272.00
2026-01-14 13:15:00-05:00,399.265,399.43,397.85,397.86,19266.00
2026-01-14 13:20:00-05:00,397.85,398.162,396.07,396.48,11373.00
2026-01-14 13:25:00-05:00,396.12,397.065,395.57,397.005,15186.00
2026-01-14 13:30:00-05:00,397.025,397.67,394.82,395.4415,30986.00
2026-01-14 13:35:00-05:00,395.27,395.27,393.55,394.375,21626.00
2026-01-14 13:40:00-05:00,394.375,395.515,394.375,395,10683.00
2026-01-14 13:45:00-05:00,395,395.65,393.7,393.705,18499.00
2026-01-14 13:50:00-05:00,394.01,396.26,393.505,395.95,16655.00
2026-01-14 13:55:00-05:00,395.95,396.6,395.91,395.91,9584.00
2026-01-14 14:00:00-05:00,395.8,395.8,393.725,393.78,13119.00
2026-01-14 14:05:00-05:00,393.86,395.34,393.46,395.34,9516.00
2026-01-14 14:10:00-05:00,395.89,395.89,394.51,394.52,8266.00
2026-01-14 14:15:00-05:00,394.43,394.87,394.03,394.32,9029.00
2026-01-14 14:20:00-05:00,394.42,394.7499,393.33,394.01,8451.00
2026-01-14 14:25:00-05:00,393.095,393.495,391.22,391.32,13687.00
2026-01-14 14:30:00-05:00,391.2,392.19,388.75,389.49,37417.00
2026-01-14 14:35:00-05:00,389.48,390.235,389.3,389.3,29144.00
2026-01-14 14:40:00-05:00,389.28,390.7975,389.14,389.92,14459.00
2026-01-14 14:45:00-05:00,389.89,390.1633,389.01,389.975,11431.00
2026-01-14 14:50:00-05:00,389.92,391,389.92,390.75,14180.00
2026-01-14 14:55:00-05:00,390.75,390.75,389.78,389.955,10318.00
2026-01-14 15:00:00-05:00,389.955,390.01,388.2,389.45,22715.00
2026-01-14 15:05:00-05:00,389.465,391.05,389.03,390.65,10566.00
2026-01-14 15:10:00-05:00,390.535,391.44,390.38,390.82,13412.00
2026-01-14 15:15:00-05:00,391.125,391.125,389.155,389.46,23762.00
2026-01-14 15:20:00-05:00,389.66,390.685,388.88,389.145,23846.00
2026-01-14 15:25:00-05:00,389.145,390.55,388.95,390.545,25237.00
2026-01-14 15:30:00-05:00,390.25,390.65,389.54,389.605,24973.00
2026-01-14 15:35:00-05:00,389.84,390.31,387.85,388.16,32206.00
2026-01-14 15:40:00-05:00,388.16,388.39,387.37,387.576,39338.00
2026-01-14 15:45:00-05:00,387.35,387.52,385.45,387.015,70478.00
2026-01-14 15:50:00-05:00,386.89,387.745,385.7001,386.56,95667.00
2026-01-14 15:55:00-05:00,385.87,387.19,385.85,386.78,223489.00
2026-01-15 09:30:00-05:00,388.31,389.9,384.5,386.39,55702.00
2026-01-15 09:35:00-05:00,386.395,387.77,384.68,385.75,18294.00
2026-01-15 09:40:00-05:00,385.75,386.9799,384.501,385.21,5949.00
2026-01-15 09:45:00-05:00,385.49,386.98,385.49,386.225,12334.00
2026-01-15 09:50:00-05:00,386.225,387.5,384.98,387.425,14853.00
2026-01-15 09:55:00-05:00,388.11,388.6,386.93,387,11187.00
2026-01-15 10:00:00-05:00,387.3,389.97,387.3,389.25,13397.00
2026-01-15 10:05:00-05:00,388.9,388.94,386.5,386.6,7204.00
2026-01-15 10:10:00-05:00,387.605,389.8,386.6201,389.24,21749.00
2026-01-15 10:15:00-05:00,388.98,390.04,388.63,388.97,12649.00
2026-01-15 10:20:00-05:00,388.825,389.36,388.05,389.355,8786.00
2026-01-15 10:25:00-05:00,389.35,389.8625,387.46,388.38,10765.00
2026-01-15 10:30:00-05:00,388.805,389.73,388.785,389.075,7001.00
2026-01-15 10:35:00-05:00,389.075,389.88,387.8134,387.82,10128.00
2026-01-15 10:40:00-05:00,387.905,389.24,387.705,388.124,7100.00
2026-01-15 10:45:00-05:00,387.89,388.29,387.5,387.77,4223.00
2026-01-15 10:50:00-05:00,387.6,388.26,387.21,388.15,8699.00
2026-01-15 10:55:00-05:00,387.98,389,387.5901,388.53,6691.00
2026-01-15 11:00:00-05:00,388.53,389.13,387,387.37,16225.00
2026-01-15 11:05:00-05:00,387.38,388.11,386.65,386.81,31940.00
2026-01-15 11:10:00-05:00,386.57,387.09,386.08,386.65,9725.00
2026-01-15 11:15:00-05:00,386.9,387.49,386.869,387.205,4233.00
2026-01-15 11:20:00-05:00,387.205,387.85,386.875,387.33,10066.00
2026-01-15 11:25:00-05:00,387.26,387.26,385.38,385.38,7353.00
2026-01-15 11:30:00-05:00,385.38,385.69,384.67,384.97,10696.00
2026-01-15 11:35:00-05:00,384.9032,385.14,384,385.14,13348.00
2026-01-15 11:40:00-05:00,385.16,385.59,384.97,385.575,13282.00
2026-01-15 11:45:00-05:00,385.6,385.9,385.03,385.85,20040.00
2026-01-15 11:50:00-05:00,385.625,385.625,384.2601,384.82,8825.00
2026-01-15 11:55:00-05:00,384.79,384.79,384.14,384.525,9450.00
2026-01-15 12:00:00-05:00,384.4,385.5,384.25,384.815,5811.00
2026-01-15 12:05:00-05:00,384.72,385.66,384.58,385.4672,4159.00
2026-01-15 12:10:00-05:00,385.15,386.02,384.22,384.74,15200.00
2026-01-15 12:15:00-05:00,385.32,385.32,384.58,384.905,5176.00
2026-01-15 12:20:00-05:00,384.905,385.45,384.69,385.245,6105.00
2026-01-15 12:25:00-05:00,385.25,385.4,384.96,385.2385,7975.00
2026-01-15 12:30:00-05:00,385.23,385.27,384.78,384.985,8076.00
2026-01-15 12:35:00-05:00,385.04,386.25,384.87,386.165,7588.00
2026-01-15 12:40:00-05:00,386.16,386.22,385.96,386.165,11863.00
2026-01-15 12:45:00-05:00,386.165,387.5,386.165,387.045,17153.00
2026-01-15 12:50:00-05:00,387.37,387.79,386.13,386.445,12232.00
2026-01-15 12:55:00-05:00,386.445,386.445,384.71,384.96,4736.00
2026-01-15 13:00:00-05:00,385.0325,385.64,384.93,385.25,3623.00
2026-01-15 13:05:00-05:00,385.25,386.51,384.69,386.32,11262.00
2026-01-15 13:10:00-05:00,386.32,386.32,384.891,385.58,2196.00
2026-01-15 13:15:00-05:00,385.575,398.6694,385.455,398,109075.00
2026-01-15 13:20:00-05:00,395.0201,405,395.0201,404.17,191744.00
2026-01-15 13:25:00-05:00,404.17,410.74,402.11,408.24,194863.00
2026-01-15 13:30:00-05:00,407.4,408.43,403.68,404.6593,114202.00
2026-01-15 13:35:00-05:00,405.05,405.05,395.75,397.48,108951.00
2026-01-15 13:40:00-05:00,397.065,398.46,392.4829,394.15,69065.00
2026-01-15 13:45:00-05:00,393.87,396.21,392.83,392.83,40680.00
2026-01-15 13:50:00-05:00,393.165,394.26,392.1117,392.7,40408.00
2026-01-15 13:55:00-05:00,392.7,396.12,391.98,395.33,33913.00
2026-01-15 14:00:00-05:00,395.65,397,394.2613,395.01,24962.00
2026-01-15 14:05:00-05:00,394.66,395.01,392.72,393.4,12065.00
2026-01-15 14:10:00-05:00,393.14,395.27,392.82,394.545,11923.00
2026-01-15 14:15:00-05:00,394.11,394.12,392.66,393.065,14731.00
2026-01-15 14:20:00-05:00,393.065,393.8199,392.62,393.18,13521.00
2026-01-15 14:25:00-05:00,392.98,393.22,392.57,392.655,12859.00
2026-01-15 14:30:00-05:00,392.31,393.4999,390.78,392.72,21304.00
2026-01-15 14:35:00-05:00,392.54,393.9999,392.46,393.21,12823.00
2026-01-15 14:40:00-05:00,393.21,393.51,391.07,392.075,24980.00
2026-01-15 14:45:00-05:00,391.86,393.99,391.82,393.5781,24087.00
2026-01-15 14:50:00-05:00,393.635,393.97,392.03,392.48,16820.00
2026-01-15 14:55:00-05:00,392.465,392.66,391.19,392.36,11098.00
2026-01-15 15:00:00-05:00,392,392.63,390.37,392.4875,16356.00
2026-01-15 15:05:00-05:00,392.07,393.05,391.4,392.495,14289.00
2026-01-15 15:10:00-05:00,392.19,392.76,391.59,392.415,21161.00
2026-01-15 15:15:00-05:00,392.415,393.215,390.62,390.97,19445.00
2026-01-15 15:20:00-05:00,390.39,391.45,389.63,390.01,36553.00
2026-01-15 15:25:00-05:00,390.32,390.5399,389.5401,390.03,25461.00
2026-01-15 15:30:00-05:00,389.8968,390.04,388.425,388.99,26223.00
2026-01-15 15:35:00-05:00,388.96,389.18,387.39,388.54,62875.00
2026-01-15 15:40:00-05:00,388.54,389.84,387.95,388.8,32124.00
2026-01-15 15:45:00-05:00,388.965,389.475,387.05,387.47,40202.00
2026-01-15 15:50:00-05:00,387.54,390.06,387.54,389.47,69474.00
2026-01-15 15:55:00-05:00,389.925,389.925,388.05,389.2,121203.00
2026-01-16 09:30:00-05:00,390.64,392.7,386.75,391.76,55666.00
2026-01-16 09:35:00-05:00,391.0001,395.409,390.17,395,20021.00
2026-01-16 09:40:00-05:00,394.3301,395.25,391.85,392.9,30759.00
2026-01-16 09:45:00-05:00,392.65,394.92,390.9889,393.74,30839.00
2026-01-16 09:50:00-05:00,393.97,394.52,389.73,390.795,33467.00
2026-01-16 09:55:00-05:00,391.51,393.12,391.06,392.59,13486.00
2026-01-16 10:00:00-05:00,392.45,394.71,392.255,393.68,15149.00
2026-01-16 10:05:00-05:00,393.67,397.95,393.315,397.57,31468.00
2026-01-16 10:10:00-05:00,397.26,399.32,396.701,399.3,35834.00
2026-01-16 10:15:00-05:00,399.13,400.3599,398.49,399,43606.00
2026-01-16 10:20:00-05:00,398.97,403.52,398.915,403.43,23977.00
2026-01-16 10:25:00-05:00,403.125,407.64,402.92,407.055,50535.00
2026-01-16 10:30:00-05:00,407.055,408.365,402.79,403.33,71033.00
2026-01-16 10:35:00-05:00,403,404.48,400.6203,403.61,24990.00
2026-01-16 10:40:00-05:00,403.512,405.22,403.2,405.005,21114.00
2026-01-16 10:45:00-05:00,405.005,406,403.97,405.12,27769.00
2026-01-16 10:50:00-05:00,404.72,406.3,403.695,405.86,21009.00
2026-01-16 10:55:00-05:00,406.08,407.345,405.62,406.86,15781.00
2026-01-16 11:00:00-05:00,407.25,407.63,405.965,406.7131,27354.00
2026-01-16 11:05:00-05:00,406.67,408.878,406.3701,408.255,19555.00
2026-01-16 11:10:00-05:00,408.37,409.03,407.2,408.305,21456.00
2026-01-16 11:15:00-05:00,407.99,409.3,407.43,409.18,15887.00
2026-01-16 11:20:00-05:00,408.93,409.7,408.51,408.755,20115.00
2026-01-16 11:25:00-05:00,408.705,409.895,408.58,409.305,11514.00
2026-01-16 11:30:00-05:00,409,409.99,408.97,409.21,10595.00
2026-01-16 11:35:00-05:00,409.36,411.36,409.36,410.37,30883.00
2026-01-16 11:40:00-05:00,410.24,411.47,410.0972,411.08,20222.00
2026-01-16 11:45:00-05:00,411.185,411.86,410.0958,410.655,12338.00
2026-01-16 11:50:00-05:00,410.915,410.915,409.1662,409.655,13724.00
2026-01-16 11:55:00-05:00,410.08,412.62,409.46,412.51,23989.00
2026-01-16 12:00:00-05:00,412.22,412.96,411.33,412.48,18109.00
2026-01-16 12:05:00-05:00,412.19,413.15,411.0101,411.421,18075.00
2026-01-16 12:10:00-05:00,411.35,412.6,411.01,412.22,19237.00
2026-01-16 12:15:00-05:00,412.44,412.47,411.31,411.81,40706.00
2026-01-16 12:20:00-05:00,412.34,413.35,411.82,413.1799,25916.00
2026-01-16 12:25:00-05:00,412.89,413.72,412.225,412.24,27858.00
2026-01-16 12:30:00-05:00,412.34,412.34,409.7001,410.125,42630.00
2026-01-16 12:35:00-05:00,410.44,411,409.18,409.54,32281.00
2026-01-16 12:40:00-05:00,409.54,409.77,407.9,408.93,23191.00
2026-01-16 12:45:00-05:00,408.925,411.21,408.52,410.84,24440.00
2026-01-16 12:50:00-05:00,410.72,410.847,408.711,410.2,11712.00
2026-01-16 12:55:00-05:00,410.08,411.12,409.87,411.11,5540.00
2026-01-16 13:00:00-05:00,410.77,412.485,410.75,411.78,10812.00
2026-01-16 13:05:00-05:00,412.2999,412.2999,409.56,409.685,9694.00
2026-01-16 13:10:00-05:00,409.43,409.84,408.35,409.02,5263.00
2026-01-16 13:15:00-05:00,409.02,409.2625,408.045,409.04,12445.00
2026-01-16 13:20:00-05:00,409.04,409.67,408.44,408.44,14201.00
2026-01-16 13:25:00-05:00,408.59,408.6,407.9342,408.07,8750.00
2026-01-16 13:30:00-05:00,408,409.03,408,409.03,14209.00
2026-01-16 13:35:00-05:00,408.815,408.815,407.87,408.03,16357.00
2026-01-16 13:40:00-05:00,408.2,408.71,408,408.71,8096.00
2026-01-16 13:45:00-05:00,408.71,408.79,408,408.06,6820.00
2026-01-16 13:50:00-05:00,408.09,408.09,407.245,407.415,15098.00
2026-01-16 13:55:00-05:00,407.68,407.68,406.7731,407.245,8371.00
2026-01-16 14:00:00-05:00,407.245,407.44,406.1,406.809,6455.00
2026-01-16 14:05:00-05:00,406.425,407.095,405.7,405.7,17529.00
2026-01-16 14:10:00-05:00,405.95,406.37,405.67,406.015,11418.00
2026-01-16 14:15:00-05:00,406.0175,406.34,405.67,406.12,7091.00
2026-01-16 14:20:00-05:00,406.12,406.81,406.02,406.81,5188.00
2026-01-16 14:25:00-05:00,406.57,407,406.41,406.899,6242.00
2026-01-16 14:30:00-05:00,406.85,406.9999,405.64,406.07,10099.00
2026-01-16 14:35:00-05:00,406.07,406.8605,405.455,406.58,3225.00
2026-01-16 14:40:00-05:00,406.6,407.35,406.06,407,24048.00
2026-01-16 14:45:00-05:00,407.15,407.46,405.8,405.8,14353.00
2026-01-16 14:50:00-05:00,406.13,407,405.6,406.37,23993.00
2026-01-16 14:55:00-05:00,406.37,406.62,405.1301,406.6,12148.00
2026-01-16 15:00:00-05:00,406.26,407.845,406,406.96,11729.00
2026-01-16 15:05:00-05:00,406.93,407.51,406.9,407.46,5547.00
2026-01-16 15:10:00-05:00,407.46,408.68,407.03,408.62,62386.00
2026-01-16 15:15:00-05:00,408.62,408.9499,407.88,408.45,18951.00
2026-01-16 15:20:00-05:00,408.61,408.69,406.48,406.48,28104.00
2026-01-16 15:25:00-05:00,406.48,406.865,406.03,406.25,17109.00
2026-01-16 15:30:00-05:00,406.2,406.325,402.23,402.6598,23373.00
2026-01-16 15:35:00-05:00,402.65,403.375,401.2542,402.845,34538.00
2026-01-16 15:40:00-05:00,402.85,403.68,401.21,401.53,37526.00
2026-01-16 15:45:00-05:00,401.22,401.88,400.08,400.31,25284.00
2026-01-16 15:50:00-05:00,400.25,401.3443,399,399.59,59694.00
2026-01-16 15:55:00-05:00,399.54,400.525,398.905,399.9,154409.00
2026-01-20 09:30:00-05:00,389.87,398,389.01,397.99,49740.00
2026-01-20 09:35:00-05:00,398.85,400.915,395.37,398.4545,28604.00
2026-01-20 09:40:00-05:00,398.49,398.88,395.9301,398.03,17098.00
2026-01-20 09:45:00-05:00,397.92,397.92,393,395.12,15769.00
2026-01-20 09:50:00-05:00,395.17,397.9,393.99,397.43,14091.00
2026-01-20 09:55:00-05:00,397.435,398.63,396.28,396.28,11169.00
2026-01-20 10:00:00-05:00,396.28,397.01,392.12,392.31,32381.00
2026-01-20 10:05:00-05:00,392.31,392.66,390.655,392.24,35085.00
2026-01-20 10:10:00-05:00,392.235,394.39,391.01,392.465,23625.00
2026-01-20 10:15:00-05:00,392.31,392.86,391.5,392.34,26005.00
2026-01-20 10:20:00-05:00,392.34,395.06,392.34,393.14,16367.00
2026-01-20 10:25:00-05:00,393.14,394.1,392.36,393.1,10653.00
2026-01-20 10:30:00-05:00,393.179,394.9202,393.179,394.64,16856.00
2026-01-20 10:35:00-05:00,394.64,396.18,394.02,395.94,20287.00
2026-01-20 10:40:00-05:00,395.94,397.99,394.99,394.99,32499.00
2026-01-20 10:45:00-05:00,394.99,395.09,394.27,394.58,4361.00
2026-01-20 10:50:00-05:00,394.58,394.71,393.535,394.57,9804.00
2026-01-20 10:55:00-05:00,394.37,394.37,393.395,393.84,6484.00
2026-01-20 11:00:00-05:00,394,395.18,392.67,392.805,16358.00
2026-01-20 11:05:00-05:00,392.805,393.65,392.29,393.56,8109.00
2026-01-20 11:10:00-05:00,393.65,394.99,392.995,392.995,3805.00
2026-01-20 11:15:00-05:00,392.69,393.68,392.68,393.28,23614.00
2026-01-20 11:20:00-05:00,393.285,393.91,393,393.155,4782.00
2026-01-20 11:25:00-05:00,393.155,394.611,392.89,393.8,7923.00
2026-01-20 11:30:00-05:00,394.42,394.87,393.92,393.9925,6744.00
2026-01-20 11:35:00-05:00,393.98,394.67,388.1001,389.32,73960.00
2026-01-20 11:40:00-05:00,389.3,389.9,388.565,389.44,12830.00
2026-01-20 11:45:00-05:00,389.16,389.265,387.5,388.105,12249.00
2026-01-20 11:50:00-05:00,388.36,389.7599,387.93,388.0488,5542.00
2026-01-20 11:55:00-05:00,387.76,388.27,386.9,388.27,18565.00
2026-01-20 12:00:00-05:00,387.61,388.0014,385.51,385.51,15072.00
2026-01-20 12:05:00-05:00,385.55,387,385.41,385.88,5543.00
2026-01-20 12:10:00-05:00,386.3866,386.3866,385.34,385.65,8050.00
2026-01-20 12:15:00-05:00,385.34,386.07,384.38,384.99,28394.00
2026-01-20 12:20:00-05:00,384.52,384.81,384.01,384.28,8736.00
2026-01-20 12:25:00-05:00,384.2,384.497,383.19,383.92,12188.00
2026-01-20 12:30:00-05:00,383.895,384.34,383,383.02,8661.00
2026-01-20 12:35:00-05:00,382.79,383.05,382,382.36,14355.00
2026-01-20 12:40:00-05:00,382.12,382.74,381.25,381.63,25824.00
2026-01-20 12:45:00-05:00,381.54,381.595,380.25,380.39,13540.00
2026-01-20 12:50:00-05:00,380.6,381.91,380.36,381.755,14077.00
2026-01-20 12:55:00-05:00,381.53,382.81,381.45,381.52,6992.00
2026-01-20 13:00:00-05:00,382.11,383.52,381.66,382.995,23082.00
2026-01-20 13:05:00-05:00,383.6199,383.6199,382.38,382.725,15474.00
2026-01-20 13:10:00-05:00,382.72,383.405,382.1735,382.67,19788.00
2026-01-20 13:15:00-05:00,382.522,383.0225,382.47,383.005,5246.00
2026-01-20 13:20:00-05:00,383.015,383.415,381.58,383.415,16479.00
2026-01-20 13:25:00-05:00,383.415,383.42,383.12,383.325,3718.00
2026-01-20 13:30:00-05:00,383.325,383.59,381.05,381.66,10778.00
2026-01-20 13:35:00-05:00,381.6992,381.97,381.332,381.7,3821.00
2026-01-20 13:40:00-05:00,381.24,382.07,381.01,381.265,11507.00
2026-01-20 13:45:00-05:00,381.255,383.52,381.255,383.225,16270.00
2026-01-20 13:50:00-05:00,383.22,384.5897,382.83,384.39,16841.00
2026-01-20 13:55:00-05:00,384.7,385.16,384.23,384.71,6355.00
2026-01-20 14:00:00-05:00,384.78,384.91,383.68,384.39,10475.00
2026-01-20 14:05:00-05:00,384.055,384.44,383.69,384.23,5271.00
2026-01-20 14:10:00-05:00,384.005,384.6,383.935,384.6,3304.00
2026-01-20 14:15:00-05:00,384.5,384.63,383.15,383.85,6559.00
2026-01-20 14:20:00-05:00,383.85,383.85,382.86,382.88,5695.00
2026-01-20 14:25:00-05:00,383.025,383.83,382.8,383.545,11831.00
2026-01-20 14:30:00-05:00,383.55,384.18,383.27,384.01,6964.00
2026-01-20 14:35:00-05:00,384.01,384.78,382.78,384.7,43723.00
2026-01-20 14:40:00-05:00,385.8,385.8,381.35,381.35,19051.00
2026-01-20 14:45:00-05:00,381.8,381.8,380.75,381.105,6258.00
2026-01-20 14:50:00-05:00,381.03,382.821,381.03,382.581,6145.00
2026-01-20 14:55:00-05:00,382.265,382.405,381.185,382.405,7648.00
2026-01-20 15:00:00-05:00,382.305,382.305,381.05,381.315,8206.00
2026-01-20 15:05:00-05:00,381.32,382.16,381.32,381.97,6199.00
2026-01-20 15:10:00-05:00,382.14,382.175,380.8035,381.74,6893.00
2026-01-20 15:15:00-05:00,381.36,382.22,380.6801,382.22,18656.00
2026-01-20 15:20:00-05:00,382,382.5763,380.92,381.32,18272.00
2026-01-20 15:25:00-05:00,381.32,381.63,380.5,380.85,15020.00
2026-01-20 15:30:00-05:00,380.51,383.09,380.42,382.435,18866.00
2026-01-20 15:35:00-05:00,382.07,382.57,381.02,381.245,27111.00
2026-01-20 15:40:00-05:00,381.42,382.9,381.245,382.895,15280.00
2026-01-20 15:45:00-05:00,382.88,384,382.51,383.87,18859.00
2026-01-20 15:50:00-05:00,383.93,385.18,383.618,385.06,38315.00
2026-01-20 15:55:00-05:00,385.07,385.19,384.17,384.8,110996.00
2026-01-21 09:30:00-05:00,387.22,388.6675,381.56,382.74,27359.00
2026-01-21 09:35:00-05:00,382,384.735,381.15,384.735,10010.00
2026-01-21 09:40:00-05:00,383.93,384.51,381.03,382.29,19288.00
2026-01-21 09:45:00-05:00,382,383.51,381.5925,383.0723,7144.00
2026-01-21 09:50:00-05:00,383.25,383.58,382.57,383.3,9718.00
2026-01-21 09:55:00-05:00,383.31,384.85,383.26,383.92,21340.00
2026-01-21 10:00:00-05:00,383.37,384.44,382,384.29,15545.00
2026-01-21 10:05:00-05:00,384.29,387.3,384.225,386.93,13951.00
2026-01-21 10:10:00-05:00,387.4284,387.49,386.05,387.14,9896.00
2026-01-21 10:15:00-05:00,386.97,387.66,385.41,385.5,13027.00
2026-01-21 10:20:00-05:00,385.41,386.29,384.72,385.905,7744.00
2026-01-21 10:25:00-05:00,386.19,387.19,385.8,387.19,10463.00
2026-01-21 10:30:00-05:00,387.18,387.18,385.92,386.545,9374.00
2026-01-21 10:35:00-05:00,386.53,387.61,386.25,387.265,25585.00
2026-01-21 10:40:00-05:00,387.27,388.77,386.99,388.4814,13562.00
2026-01-21 10:45:00-05:00,388.5,389.38,388.29,389.1,9033.00
2026-01-21 10:50:00-05:00,389.12,390.25,389.12,389.41,10784.00
2026-01-21 10:55:00-05:00,389.61,390.28,389,390.095,7528.00
2026-01-21 11:00:00-05:00,389.92,390.885,389.09,389.47,105488.00
2026-01-21 11:05:00-05:00,389.0438,389.365,387.37,387.88,6971.00
2026-01-21 11:10:00-05:00,388.061,389.5399,387.4086,387.91,8359.00
2026-01-21 11:15:00-05:00,387.625,388.41,387.55,387.94,4455.00
2026-01-21 11:20:00-05:00,387.965,388.72,387.71,388.43,5279.00
2026-01-21 11:25:00-05:00,388.43,388.88,387.94,388.4701,6998.00
2026-01-21 11:30:00-05:00,388.47,388.57,388.11,388.41,3782.00
2026-01-21 11:35:00-05:00,388.12,388.215,385.63,385.63,8987.00
2026-01-21 11:40:00-05:00,385.42,386.41,385,385.02,6529.00
2026-01-21 11:45:00-05:00,385.02,385.48,384,384.61,5065.00
2026-01-21 11:50:00-05:00,384.07,384.34,382.98,383.15,7928.00
2026-01-21 11:55:00-05:00,382.97,383.54,382.07,382.7,9818.00
2026-01-21 12:00:00-05:00,383.04,383.305,381.22,381.3325,6930.00
2026-01-21 12:05:00-05:00,381.11,382.04,380.785,381.84,12372.00
2026-01-21 12:10:00-05:00,382.11,382.11,380.754,381.13,6228.00
2026-01-21 12:15:00-05:00,381.338,382.1699,381.22,381.39,8360.00
2026-01-21 12:20:00-05:00,381.26,381.855,380.19,381.675,15279.00
2026-01-21 12:25:00-05:00,381.75,382,380.78,381.85,14337.00
2026-01-21 12:30:00-05:00,381.7,381.7,380.33,381.34,14187.00
2026-01-21 12:35:00-05:00,381.34,381.71,380.251,381.39,4573.00
2026-01-21 12:40:00-05:00,381.46,381.7599,381.05,381.32,2686.00
2026-01-21 12:45:00-05:00,381.53,381.8799,381.01,381.78,7882.00
2026-01-21 12:50:00-05:00,381.605,382.04,380.91,381.82,7398.00
2026-01-21 12:55:00-05:00,381.64,382.9999,381.44,382.89,6586.00
2026-01-21 13:00:00-05:00,382.785,382.785,380.345,380.99,4905.00
2026-01-21 13:05:00-05:00,381.18,382.1799,380.96,382.1799,5376.00
2026-01-21 13:10:00-05:00,381.94,382.8299,381.94,382.04,2887.00
2026-01-21 13:15:00-05:00,382.305,383.2499,381.56,382.44,5515.00
2026-01-21 13:20:00-05:00,382.33,382.33,381.39,381.39,3229.00
2026-01-21 13:25:00-05:00,381.28,382.405,381.28,382.405,3648.00
2026-01-21 13:30:00-05:00,382.405,382.62,382.03,382.35,3072.00
2026-01-21 13:35:00-05:00,382.44,382.5,382.03,382.41,5757.00
2026-01-21 13:40:00-05:00,382.415,383.04,382.24,382.29,9440.00
2026-01-21 13:45:00-05:00,382.009,383.27,382,383.27,4436.00
2026-01-21 13:50:00-05:00,383.34,384.6599,383.115,384.24,7121.00
2026-01-21 13:55:00-05:00,383.99,384.61,383.31,384.61,7412.00
2026-01-21 14:00:00-05:00,384.215,384.25,382.93,383.05,6240.00
2026-01-21 14:05:00-05:00,382.6,382.6,380.62,380.78,9796.00
2026-01-21 14:10:00-05:00,380.76,381.8299,380.5,381.45,5462.00
2026-01-21 14:15:00-05:00,381.38,381.98,381.06,381.705,5733.00
2026-01-21 14:20:00-05:00,381.705,381.8999,381.34,381.34,4161.00
2026-01-21 14:25:00-05:00,381.3,386.47,381.18,386,20475.00
2026-01-21 14:30:00-05:00,386,387.5,384.295,385.255,19631.00
2026-01-21 14:35:00-05:00,384.67,387.5099,384.67,386.8,12438.00
2026-01-21 14:40:00-05:00,386.92,388.2599,386.45,387.09,29534.00
2026-01-21 14:45:00-05:00,387.54,388.26,386.41,387.685,11471.00
2026-01-21 14:50:00-05:00,388.05,388.23,386.46,386.46,8089.00
2026-01-21 14:55:00-05:00,386.9075,387.72,386.365,387.48,9234.00
2026-01-21 15:00:00-05:00,387.48,387.5,386.25,386.775,8141.00
2026-01-21 15:05:00-05:00,386.775,387.16,386.2918,387.04,6708.00
2026-01-21 15:10:00-05:00,387.14,387.8199,386.73,386.8,7642.00
2026-01-21 15:15:00-05:00,387.0125,387.25,385.2832,385.515,17412.00
2026-01-21 15:20:00-05:00,385.09,385.76,385.02,385.02,10652.00
2026-01-21 15:25:00-05:00,385.03,385.03,383.58,383.58,8572.00
2026-01-21 15:30:00-05:00,383.27,383.62,382.5,383.325,19477.00
2026-01-21 15:35:00-05:00,383.59,385.315,383.565,385.16,15372.00
2026-01-21 15:40:00-05:00,385.01,385.01,383.38,383.42,12940.00
2026-01-21 15:45:00-05:00,383.495,383.57,382.475,382.475,19858.00
2026-01-21 15:50:00-05:00,382.47,383.26,381.725,382.39,34939.00
2026-01-21 15:55:00-05:00,382.08,382.27,381.05,381.31,97057.00
2026-01-22 09:30:00-05:00,387.6,393.6399,387.143,389.4,19194.00
2026-01-22 09:35:00-05:00,389.375,394.78,389.37,393.89,18806.00
2026-01-22 09:40:00-05:00,394.37,395.7,390.64,392.91,11087.00
2026-01-22 09:45:00-05:00,393.28,394.33,390.78,391,11942.00
2026-01-22 09:50:00-05:00,390.905,393.51,389.585,393.5,9820.00
2026-01-22 09:55:00-05:00,392.68,393.82,392.13,392.745,7971.00
2026-01-22 10:00:00-05:00,393.499,393.57,391.25,393.48,14439.00
2026-01-22 10:05:00-05:00,393.52,393.64,392.51,393.235,11292.00
2026-01-22 10:10:00-05:00,393.235,393.95,392,392.2,7099.00
2026-01-22 10:15:00-05:00,392.215,392.9253,390.62,391.7693,12488.00
2026-01-22 10:20:00-05:00,391.505,392.99,391.01,391.47,9189.00
2026-01-22 10:25:00-05:00,391,393.76,391,393.145,10068.00
2026-01-22 10:30:00-05:00,392.6,394.07,392.49,394.07,6986.00
2026-01-22 10:35:00-05:00,394.07,395,393.81,394.56,17219.00
2026-01-22 10:40:00-05:00,394.33,395.34,394.065,395.105,5821.00
2026-01-22 10:45:00-05:00,395.15,395.5,392.67,392.67,7972.00
2026-01-22 10:50:00-05:00,392.585,393.59,392.35,393.01,7910.00
2026-01-22 10:55:00-05:00,393.01,393.31,392.33,392.35,4253.00
2026-01-22 11:00:00-05:00,392.3,393.89,392.3,393.27,8694.00
2026-01-22 11:05:00-05:00,393.36,393.36,392.0001,392.525,4951.00
2026-01-22 11:10:00-05:00,392.28,393.04,392.28,392.6075,5684.00
2026-01-22 11:15:00-05:00,392.545,392.92,391.73,392,7292.00
2026-01-22 11:20:00-05:00,392,392.64,391.62,391.92,8315.00
2026-01-22 11:25:00-05:00,392.18,392.9799,391.6755,392.85,6272.00
2026-01-22 11:30:00-05:00,392.47,393.48,392.47,392.94,8687.00
2026-01-22 11:35:00-05:00,392.945,393.53,392.6,393.08,5101.00
2026-01-22 11:40:00-05:00,393.32,393.55,392.525,393.02,8835.00
2026-01-22 11:45:00-05:00,393.04,393.12,392.64,392.715,6157.00
2026-01-22 11:50:00-05:00,392.71,393.28,392.71,392.96,5119.00
2026-01-22 11:55:00-05:00,392.955,393.43,392.95,393.08,4595.00
2026-01-22 12:00:00-05:00,393.05,393.58,392.71,393.58,4302.00
2026-01-22 12:05:00-05:00,393.55,394.055,393.0622,393.805,4937.00
2026-01-22 12:10:00-05:00,393.91,393.97,393.51,393.82,2933.00
2026-01-22 12:15:00-05:00,393.97,394.63,393.51,394.63,7883.00
2026-01-22 12:20:00-05:00,394.35,395,394.35,394.91,5349.00
2026-01-22 12:25:00-05:00,394.9,395.45,394.865,395.45,5256.00
2026-01-22 12:30:00-05:00,395.3419,396.5,395.34,396.23,18286.00
2026-01-22 12:35:00-05:00,396.23,396.33,395.6,396.33,14638.00
2026-01-22 12:40:00-05:00,396.33,396.74,396.02,396.465,9942.00
2026-01-22 12:45:00-05:00,396.465,396.58,395.8,395.97,8193.00
2026-01-22 12:50:00-05:00,395.795,396.47,395.795,396.11,5621.00
2026-01-22 12:55:00-05:00,396.23,396.96,395.79,396.43,12041.00
2026-01-22 13:00:00-05:00,396.46,396.79,396.1801,396.56,7790.00
2026-01-22 13:05:00-05:00,396.72,396.72,395.95,396.5,7874.00
2026-01-22 13:10:00-05:00,396.18,396.72,395.44,395.77,15192.00
2026-01-22 13:15:00-05:00,395.55,397.12,395.3801,396.91,11049.00
2026-01-22 13:20:00-05:00,396.96,397.77,396.92,397.169,9816.00
2026-01-22 13:25:00-05:00,397.22,397.9,397.13,397.88,4995.00
2026-01-22 13:30:00-05:00,397.755,398.21,397.65,397.95,7492.00
2026-01-22 13:35:00-05:00,397.93,398.4999,397.64,398.17,6827.00
2026-01-22 13:40:00-05:00,398.185,398.3612,397.245,397.245,20883.00
2026-01-22 13:45:00-05:00,397.55,397.93,397.2318,397.315,7431.00
2026-01-22 13:50:00-05:00,397.45,397.47,396.04,396.04,8173.00
2026-01-22 13:55:00-05:00,396.05,396.34,395.44,395.93,7659.00
2026-01-22 14:00:00-05:00,395.985,396.15,394.61,395.41,17467.00
2026-01-22 14:05:00-05:00,395.365,395.975,395.04,395.975,7489.00
2026-01-22 14:10:00-05:00,395.975,396.935,395.95,396.6,11600.00
2026-01-22 14:15:00-05:00,396.47,396.47,395.76,396.1275,3893.00
2026-01-22 14:20:00-05:00,395.87,396.14,395.69,395.98,6830.00
2026-01-22 14:25:00-05:00,396.15,396.27,395.78,396.115,5188.00
2026-01-22 14:30:00-05:00,396.12,396.67,396.115,396.545,7808.00
2026-01-22 14:35:00-05:00,396.545,396.545,396.07,396.3,4343.00
2026-01-22 14:40:00-05:00,396.34,396.47,396.11,396.26,7508.00
2026-01-22 14:45:00-05:00,396.26,396.41,396.01,396.11,7167.00
2026-01-22 14:50:00-05:00,396.11,396.72,396,396.55,8884.00
2026-01-22 14:55:00-05:00,396.545,397.22,396.525,397.03,8906.00
2026-01-22 15:00:00-05:00,396.96,398.92,396.74,398.47,15534.00
2026-01-22 15:05:00-05:00,398.54,399.005,397.29,397.82,13787.00
2026-01-22 15:10:00-05:00,397.7475,398.99,397.4401,398.99,8904.00
2026-01-22 15:15:00-05:00,398.87,399.65,398.7201,399.48,15204.00
2026-01-22 15:20:00-05:00,399.64,399.65,398.92,399.105,14434.00
2026-01-22 15:25:00-05:00,399.11,399.36,398.58,398.58,15719.00
2026-01-22 15:30:00-05:00,398.45,400.32,398.45,400.31,18285.00
2026-01-22 15:35:00-05:00,400.31,401.875,400.14,401.2,26947.00
2026-01-22 15:40:00-05:00,401.2,401.98,400.485,401.39,38215.00
2026-01-22 15:45:00-05:00,401.39,402.42,400.75,402.42,24198.00
2026-01-22 15:50:00-05:00,402.41,403.61,402.01,402.76,57238.00
2026-01-22 15:55:00-05:00,402.76,404.99,402.76,404.8,144991.00
2026-01-23 09:30:00-05:00,406.61,407.99,403.915,405.13,26912.00
2026-01-23 09:35:00-05:00,405.08,406.3098,405,406.07,11789.00
2026-01-23 09:40:00-05:00,405.9909,408.215,404.86,406.87,27581.00
2026-01-23 09:45:00-05:00,407.73,407.74,402.15,404.05,34876.00
2026-01-23 09:50:00-05:00,404.11,404.13,401.84,402.83,10330.00
2026-01-23 09:55:00-05:00,402.83,404.11,402.55,403.765,9420.00
2026-01-23 10:00:00-05:00,403.64,406.14,403.625,405.64,11937.00
2026-01-23 10:05:00-05:00,405.82,406.48,405.09,405.11,18391.00
2026-01-23 10:10:00-05:00,405.11,406.1,400.875,401.545,33190.00
2026-01-23 10:15:00-05:00,401.6425,402.2899,397.25,398,18826.00
2026-01-23 10:20:00-05:00,397.455,401.4,397.261,401.215,20460.00
2026-01-23 10:25:00-05:00,400.76,401.22,400.21,400.9051,5499.00
2026-01-23 10:30:00-05:00,400.905,401.81,400.02,400.99,11863.00
2026-01-23 10:35:00-05:00,400.84,400.845,397.8177,400.0375,43511.00
2026-01-23 10:40:00-05:00,399.985,400.37,399.05,399.065,7368.00
2026-01-23 10:45:00-05:00,399.065,400.06,398.83,399.84,7976.00
2026-01-23 10:50:00-05:00,400.09,401.085,399.621,400.815,12147.00
2026-01-23 10:55:00-05:00,400.87,401.33,400.68,401.145,8452.00
2026-01-23 11:00:00-05:00,401.33,403.36,400.6,403.36,32485.00
2026-01-23 11:05:00-05:00,403.51,403.745,402.24,402.455,5341.00
2026-01-23 11:10:00-05:00,402.81,403.09,400.365,400.47,18621.00
2026-01-23 11:15:00-05:00,400.38,401.96,399.77,401.96,20875.00
2026-01-23 11:20:00-05:00,401.6,402.05,400.67,400.735,26058.00
2026-01-23 11:25:00-05:00,400.735,401.19,399.54,399.945,10149.00
2026-01-23 11:30:00-05:00,400.23,400.81,400.14,400.475,6767.00
2026-01-23 11:35:00-05:00,400.6,401.46,400.6,401.4,6956.00
2026-01-23 11:40:00-05:00,401.4,401.771,401.11,401.24,4737.00
2026-01-23 11:45:00-05:00,401.28,401.58,400.575,400.73,13567.00
2026-01-23 11:50:00-05:00,400.73,401.89,400.73,400.785,9229.00
2026-01-23 11:55:00-05:00,401.2,401.49,400.7,400.955,5058.00
2026-01-23 12:00:00-05:00,401.005,402,400.71,401.79,4968.00
2026-01-23 12:05:00-05:00,401.6,401.6,400.23,400.435,6446.00
2026-01-23 12:10:00-05:00,400.51,401.22,400.32,400.7362,4975.00
2026-01-23 12:15:00-05:00,401.11,401.43,400.725,401.36,3326.00
2026-01-23 12:20:00-05:00,401.045,401.46,400.515,400.515,3688.00
2026-01-23 12:25:00-05:00,400.655,401.45,400.655,401.06,4943.00
2026-01-23 12:30:00-05:00,400.63,401.08,400.27,400.76,14564.00
2026-01-23 12:35:00-05:00,400.98,401.06,400.585,400.635,3563.00
2026-01-23 12:40:00-05:00,400.635,400.635,399.0227,399.0227,8212.00
2026-01-23 12:45:00-05:00,399.38,400.385,399.37,399.965,14269.00
2026-01-23 12:50:00-05:00,399.965,399.965,398.84,398.925,15615.00
2026-01-23 12:55:00-05:00,399.09,399.35,398.925,399.16,5861.00
2026-01-23 13:00:00-05:00,399.185,399.95,398.97,399.95,8895.00
2026-01-23 13:05:00-05:00,399.74,400.71,399.54,400.71,6987.00
2026-01-23 13:10:00-05:00,400.8,401.03,400.31,400.32,4699.00
2026-01-23 13:15:00-05:00,400.21,400.78,399.46,399.46,3813.00
2026-01-23 13:20:00-05:00,399.5,400.05,398.86,400,8777.00
2026-01-23 13:25:00-05:00,399.97,400.24,399.4,399.56,3013.00
2026-01-23 13:30:00-05:00,399.555,399.58,398.5,398.5,7658.00
2026-01-23 13:35:00-05:00,398.79,400.09,398.75,399.8299,20050.00
2026-01-23 13:40:00-05:00,399.33,400.45,399.13,400.45,6941.00
2026-01-23 13:45:00-05:00,399.82,400.09,399.065,399.08,4813.00
2026-01-23 13:50:00-05:00,399.35,400.08,398.79,399.045,7436.00
2026-01-23 13:55:00-05:00,399.045,399.54,399.045,399.33,4520.00
2026-01-23 14:00:00-05:00,399.335,400.22,399.08,400.22,8102.00
2026-01-23 14:05:00-05:00,399.91,400.52,399.8,400.205,4755.00
2026-01-23 14:10:00-05:00,400.2,400.32,399.02,399.02,8427.00
2026-01-23 14:15:00-05:00,398.955,399.38,398.8,399.18,6539.00
2026-01-23 14:20:00-05:00,399.18,399.18,398.64,398.82,6033.00
2026-01-23 14:25:00-05:00,398.82,398.97,398.385,398.77,8013.00
2026-01-23 14:30:00-05:00,399.11,399.54,399.055,399.46,6592.00
2026-01-23 14:35:00-05:00,399.39,399.5,399.045,399.18,8936.00
2026-01-23 14:40:00-05:00,399.16,399.54,398.535,399.315,9846.00
2026-01-23 14:45:00-05:00,399.31,399.32,398.38,398.48,4168.00
2026-01-23 14:50:00-05:00,398.19,398.5399,398.0001,398.405,4456.00
2026-01-23 14:55:00-05:00,398.12,399.07,397.81,399.07,10992.00
2026-01-23 15:00:00-05:00,398.86,399.03,398.365,398.895,7216.00
2026-01-23 15:05:00-05:00,398.895,398.895,397.093,397.515,6975.00
2026-01-23 15:10:00-05:00,397.515,398.66,397.475,398.19,14970.00
2026-01-23 15:15:00-05:00,398.075,398.6,398.075,398.32,7927.00
2026-01-23 15:20:00-05:00,398.305,398.67,397,397.195,7180.00
2026-01-23 15:25:00-05:00,397.195,397.57,396.885,397.56,7020.00
2026-01-23 15:30:00-05:00,397.385,397.67,397.13,397.48,9460.00
2026-01-23 15:35:00-05:00,397.45,397.6,397.11,397.14,9133.00
2026-01-23 15:40:00-05:00,397.23,398.1252,397.23,397.86,13582.00
2026-01-23 15:45:00-05:00,397.85,398.27,397.43,397.455,13874.00
2026-01-23 15:50:00-05:00,397.44,398.83,397.38,398.605,37019.00
2026-01-23 15:55:00-05:00,398.83,398.91,397.905,398.91,90638.00
2026-01-26 09:30:00-05:00,401.845,407.5421,399.83,403.39,22116.00
2026-01-26 09:35:00-05:00,404.7494,404.9999,401.75,404.41,6959.00
2026-01-26 09:40:00-05:00,404.76,406.77,403.9016,404.51,7292.00
2026-01-26 09:45:00-05:00,405.07,406.81,403.9601,405.98,9575.00
2026-01-26 09:50:00-05:00,405.98,409.5,405.47,408.965,17793.00
2026-01-26 09:55:00-05:00,408.9651,409.36,407.3,407.68,8442.00
2026-01-26 10:00:00-05:00,408,408,405.77,407.1,8253.00
2026-01-26 10:05:00-05:00,406.729,407.48,405.57,405.66,5408.00
2026-01-26 10:10:00-05:00,406.015,406.3,405.33,405.765,3267.00
2026-01-26 10:15:00-05:00,405.92,407.78,405.1201,407.78,8809.00
2026-01-26 10:20:00-05:00,407.57,408.13,407.105,407.64,4546.00
2026-01-26 10:25:00-05:00,407.74,408.31,407.29,407.5,5763.00
2026-01-26 10:30:00-05:00,407.5,407.51,406.11,406.88,22508.00
2026-01-26 10:35:00-05:00,406.89,406.95,405.659,405.659,4093.00
2026-01-26 10:40:00-05:00,405.72,405.72,404.69,404.91,4187.00
2026-01-26 10:45:00-05:00,404.91,405.54,404.5,405.4,7002.00
2026-01-26 10:50:00-05:00,405.71,406.02,405,405.26,6460.00
2026-01-26 10:55:00-05:00,405.375,406.465,405.1,405.115,12158.00
2026-01-26 11:00:00-05:00,405.47,405.53,405,405.31,4832.00
2026-01-26 11:05:00-05:00,405.425,405.605,404.44,405.605,9290.00
2026-01-26 11:10:00-05:00,405.6,408.411,405.565,407.8,11564.00
2026-01-26 11:15:00-05:00,408.38,409.84,408.09,408.7,13273.00
2026-01-26 11:20:00-05:00,408.49,408.49,407.12,407.325,5448.00
2026-01-26 11:25:00-05:00,407.1,407.55,406.72,407.09,10639.00
2026-01-26 11:30:00-05:00,407.33,407.84,405.901,405.901,7545.00
2026-01-26 11:35:00-05:00,406.695,407.38,406.57,407.03,2407.00
2026-01-26 11:40:00-05:00,407.37,408.03,407.32,407.605,4581.00
2026-01-26 11:45:00-05:00,407.45,407.69,406.43,407.42,11105.00
2026-01-26 11:50:00-05:00,407.425,409.3,407.282,409.18,19731.00
2026-01-26 11:55:00-05:00,409.3,409.3,408.36,408.83,7482.00
2026-01-26 12:00:00-05:00,408.65,408.875,408.155,408.67,4202.00
2026-01-26 12:05:00-05:00,408.4,408.7799,408.39,408.48,4022.00
2026-01-26 12:10:00-05:00,408.49,408.7499,408.01,408.135,2487.00
2026-01-26 12:15:00-05:00,408.35,408.64,408.12,408.39,2430.00
2026-01-26 12:20:00-05:00,408.385,410,408.385,409.5425,14018.00
2026-01-26 12:25:00-05:00,409.545,410,409.2,409.7555,4748.00
2026-01-26 12:30:00-05:00,409.6,411.73,409.21,411.49,10100.00
2026-01-26 12:35:00-05:00,411.49,413.29,411.26,412.99,34123.00
2026-01-26 12:40:00-05:00,412.98,413.58,411.26,411.915,14432.00
2026-01-26 12:45:00-05:00,411.62,412.46,410.8483,410.87,7020.00
2026-01-26 12:50:00-05:00,410.83,411.35,410.46,410.7,5645.00
2026-01-26 12:55:00-05:00,410.98,410.98,410.2101,410.3875,8196.00
2026-01-26 13:00:00-05:00,410.0001,410.395,409.5,409.5,3813.00
2026-01-26 13:05:00-05:00,409.2101,409.9,409.09,409.195,16801.00
2026-01-26 13:10:00-05:00,409.0601,409.765,408.95,408.95,3322.00
2026-01-26 13:15:00-05:00,408.79,409.73,408.79,409.44,3039.00
2026-01-26 13:20:00-05:00,408.9801,410.545,408.9801,410.545,12071.00
2026-01-26 13:25:00-05:00,410.1401,410.56,410.14,410.55,2152.00
2026-01-26 13:30:00-05:00,410.35,410.83,409.985,409.985,7948.00
2026-01-26 13:35:00-05:00,409.9301,410.31,409.74,410.31,2635.00
2026-01-26 13:40:00-05:00,409.93,410.1974,409.5501,409.71,4511.00
2026-01-26 13:45:00-05:00,409.5501,410.15,409.48,409.96,5111.00
2026-01-26 13:50:00-05:00,409.6201,410.645,409.6201,410.165,5319.00
2026-01-26 13:55:00-05:00,410.165,410.37,409.9601,410.345,2816.00
2026-01-26 14:00:00-05:00,410.165,411.44,410.15,411.22,24313.00
2026-01-26 14:05:00-05:00,410.8725,411.53,410.5801,411.46,4201.00
2026-01-26 14:10:00-05:00,410.8501,411.66,410.65,411.455,11090.00
2026-01-26 14:15:00-05:00,411.455,411.455,410.6601,411.1228,5407.00
2026-01-26 14:20:00-05:00,411.12,411.3199,410.6801,411.3,2535.00
2026-01-26 14:25:00-05:00,411.155,411.71,411.155,411.53,8359.00
2026-01-26 14:30:00-05:00,411.53,412,410.8,411.21,20278.00
2026-01-26 14:35:00-05:00,410.6501,411.45,410.6501,411.125,10982.00
2026-01-26 14:40:00-05:00,411.2488,411.71,410.9801,411.42,3895.00
2026-01-26 14:45:00-05:00,411.379,411.536,410.66,411.0548,12349.00
2026-01-26 14:50:00-05:00,411.035,412.2,410.7501,412.19,6991.00
2026-01-26 14:55:00-05:00,412.18,413,411.37,411.37,14424.00
2026-01-26 15:00:00-05:00,411.16,412.3,410.66,412.103,7085.00
2026-01-26 15:05:00-05:00,412.4,412.99,412.0301,412.96,5688.00
2026-01-26 15:10:00-05:00,412.51,412.66,412.095,412.66,8102.00
2026-01-26 15:15:00-05:00,412.7,412.77,410.6,410.86,10261.00
2026-01-26 15:20:00-05:00,411.78,411.87,410.5,411.005,24185.00
2026-01-26 15:25:00-05:00,410.7601,411.56,410.7601,411.515,8136.00
2026-01-26 15:30:00-05:00,411.45,411.56,410.615,410.96,10801.00
2026-01-26 15:35:00-05:00,410.76,411.01,410.31,410.68,6605.00
2026-01-26 15:40:00-05:00,410.58,411.2,410.37,410.76,16393.00
2026-01-26 15:45:00-05:00,410.82,411.59,410.76,411.475,16994.00
2026-01-26 15:50:00-05:00,411.78,412.09,410.52,411.03,34841.00
2026-01-26 15:55:00-05:00,410.84,411.53,410.52,411.25,85273.00
2026-01-27 09:30:00-05:00,420,423.48,418,418.285,38160.00
2026-01-27 09:35:00-05:00,417.2,418.825,413.54,416.53,22782.00
2026-01-27 09:40:00-05:00,416.475,416.82,411.06,412.075,20308.00
2026-01-27 09:45:00-05:00,411.75,412.8599,410.21,411.565,9020.00
2026-01-27 09:50:00-05:00,411.565,414.28,410.935,412.515,15248.00
2026-01-27 09:55:00-05:00,412.4825,413.465,411.4,413.37,6438.00
2026-01-27 10:00:00-05:00,413.165,414.13,412.035,412.83,9664.00
2026-01-27 10:05:00-05:00,413.43,414.78,412.6,414.57,6247.00
2026-01-27 10:10:00-05:00,414.485,416.91,414.485,416.33,13194.00
2026-01-27 10:15:00-05:00,416.32,416.33,414.99,415.785,8566.00
2026-01-27 10:20:00-05:00,415.54,416.575,415.54,415.94,9660.00
2026-01-27 10:25:00-05:00,415.63,415.94,414.82,414.95,6552.00
2026-01-27 10:30:00-05:00,414.9,415.73,412.43,412.52,12757.00
2026-01-27 10:35:00-05:00,412.475,413.78,412.3,413.57,6479.00
2026-01-27 10:40:00-05:00,413.58,414.43,412.985,413.555,5804.00
2026-01-27 10:45:00-05:00,412.92,415.08,412.81,414.8,7553.00
2026-01-27 10:50:00-05:00,414.68,415.09,414.34,414.44,3728.00
2026-01-27 10:55:00-05:00,414.28,416.53,414.175,416.37,5288.00
2026-01-27 11:00:00-05:00,415.26,416.35,414.435,415.38,7764.00
2026-01-27 11:05:00-05:00,415.16,415.38,414.41,414.645,8322.00
2026-01-27 11:10:00-05:00,414.8368,415.16,414.0801,414.68,12729.00
2026-01-27 11:15:00-05:00,414.8182,416.02,414.785,415.72,3839.00
2026-01-27 11:20:00-05:00,415.515,415.98,415.17,415.98,4181.00
2026-01-27 11:25:00-05:00,415.725,416.23,415.685,415.79,6365.00
2026-01-27 11:30:00-05:00,415.79,416.84,415.79,416.465,7597.00
2026-01-27 11:35:00-05:00,416.455,416.78,415.92,416.65,2555.00
2026-01-27 11:40:00-05:00,416.45,416.6928,416.01,416.155,6269.00
2026-01-27 11:45:00-05:00,416.46,416.91,416.3,416.88,7728.00
2026-01-27 11:50:00-05:00,416.565,416.565,416.17,416.5,2090.00
2026-01-27 11:55:00-05:00,416.47,416.88,416.47,416.5,2786.00
2026-01-27 12:00:00-05:00,416.53,416.79,416.045,416.62,5491.00
2026-01-27 12:05:00-05:00,416.625,416.9,416.1,416.14,5541.00
2026-01-27 12:10:00-05:00,416.315,416.315,414.5176,414.62,8297.00
2026-01-27 12:15:00-05:00,414.935,415.25,414.69,415.11,4260.00
2026-01-27 12:20:00-05:00,415.055,415.22,414.36,414.46,3067.00
2026-01-27 12:25:00-05:00,414.62,415.2,414.47,414.88,2775.00
2026-01-27 12:30:00-05:00,414.61,414.62,413.89,414.29,2527.00
2026-01-27 12:35:00-05:00,414.56,414.56,413.75,413.97,4397.00
2026-01-27 12:40:00-05:00,414.23,414.31,413.91,413.955,2982.00
2026-01-27 12:45:00-05:00,413.9245,414.32,413.9245,414.21,6456.00
2026-01-27 12:50:00-05:00,414.43,415.54,413.93,414.19,18796.00
2026-01-27 12:55:00-05:00,414.09,414.09,413.17,413.17,3900.00
2026-01-27 13:00:00-05:00,413.485,413.73,412.8,412.89,5328.00
2026-01-27 13:05:00-05:00,412.89,413.23,412.57,412.85,7881.00
2026-01-27 13:10:00-05:00,412.9,412.95,412.3025,412.72,4255.00
2026-01-27 13:15:00-05:00,412.72,412.8,412.31,412.75,2568.00
2026-01-27 13:20:00-05:00,412.75,412.75,411.58,411.995,4750.00
2026-01-27 13:25:00-05:00,411.995,412.09,411.5901,412.014,968.00
2026-01-27 13:30:00-05:00,412.5,413.03,412.142,413.03,3937.00
2026-01-27 13:35:00-05:00,412.84,413.05,412.5,412.95,2485.00
2026-01-27 13:40:00-05:00,412.85,413.895,412.49,413.8775,3474.00
2026-01-27 13:45:00-05:00,413.8675,414.33,412.66,412.825,5707.00
2026-01-27 13:50:00-05:00,413.29,413.29,412.37,412.83,1788.00
2026-01-27 13:55:00-05:00,413.28,413.52,412.88,413.19,4756.00
2026-01-27 14:00:00-05:00,412.87,413.1899,412.3601,412.78,4273.00
2026-01-27 14:05:00-05:00,412.665,412.79,412.06,412.265,4276.00
2026-01-27 14:10:00-05:00,412.265,412.6,412.07,412.6,4202.00
2026-01-27 14:15:00-05:00,412.64,412.72,412.15,412.47,3224.00
2026-01-27 14:20:00-05:00,412.38,412.69,412.38,412.625,4057.00
2026-01-27 14:25:00-05:00,412.41,413.06,412.41,412.895,2187.00
2026-01-27 14:30:00-05:00,413.055,413.2,412.89,412.96,3762.00
2026-01-27 14:35:00-05:00,413.095,413.095,412.23,412.25,13298.00
2026-01-27 14:40:00-05:00,412.35,412.47,411.4,412.28,5495.00
2026-01-27 14:45:00-05:00,412.145,412.32,411.54,412.25,3249.00
2026-01-27 14:50:00-05:00,412.04,412.75,412.04,412.73,13224.00
2026-01-27 14:55:00-05:00,412.73,413.4717,412.73,413.4,2485.00
2026-01-27 15:00:00-05:00,413.24,413.81,413.02,413.07,3687.00
2026-01-27 15:05:00-05:00,413.115,413.32,412.54,413.245,5210.00
2026-01-27 15:10:00-05:00,412.99,413.18,412.1,412.1,3227.00
2026-01-27 15:15:00-05:00,411.91,412.46,411.91,411.96,4752.00
2026-01-27 15:20:00-05:00,412.27,413.1,412.055,413.07,5454.00
2026-01-27 15:25:00-05:00,412.8,413.64,412.34,413.235,7923.00
2026-01-27 15:30:00-05:00,413.03,413.03,412.31,412.91,6224.00
2026-01-27 15:35:00-05:00,412.84,413.04,412.76,412.905,6201.00
2026-01-27 15:40:00-05:00,412.99,413.04,412.675,412.815,5131.00
2026-01-27 15:45:00-05:00,412.815,412.93,412.1866,412.205,13490.00
2026-01-27 15:50:00-05:00,412.205,413.33,411.69,411.69,32618.00
2026-01-27 15:55:00-05:00,411.5,412.08,410.745,412,60900.00
2026-01-28 09:30:00-05:00,417.07,420.45,414.45,418.74,28296.00
2026-01-28 09:35:00-05:00,418.365,419.93,417.73,419.22,17211.00
2026-01-28 09:40:00-05:00,419.93,421.87,419.43,420.775,31611.00
2026-01-28 09:45:00-05:00,421.47,423,420.81,422.145,15988.00
2026-01-28 09:50:00-05:00,422.4,426.32,422.145,424.52,21083.00
2026-01-28 09:55:00-05:00,424.66,426.2,423.48,425.235,23478.00
2026-01-28 10:00:00-05:00,424.815,425.55,421.46,423.585,16968.00
2026-01-28 10:05:00-05:00,423.585,424.78,422.01,422.37,11275.00
2026-01-28 10:10:00-05:00,422.37,423.45,422.13,422.775,23794.00
2026-01-28 10:15:00-05:00,422.9,424.607,422.9,424.22,7952.00
2026-01-28 10:20:00-05:00,423.8918,424.71,423.67,424.3,9391.00
2026-01-28 10:25:00-05:00,424.195,424.29,421.41,421.99,11608.00
2026-01-28 10:30:00-05:00,421.52,422.29,418.5441,418.59,7552.00
2026-01-28 10:35:00-05:00,418.9,419.49,418,418.92,14541.00
2026-01-28 10:40:00-05:00,418.2475,418.92,416.72,416.855,8349.00
2026-01-28 10:45:00-05:00,416.855,416.86,415.45,416.04,23844.00
2026-01-28 10:50:00-05:00,417.26,417.4,416.14,417.38,4805.00
2026-01-28 10:55:00-05:00,417.39,417.39,413.23,414.68,21549.00
2026-01-28 11:00:00-05:00,414.3825,414.81,413.755,414.12,11134.00
2026-01-28 11:05:00-05:00,414.11,414.49,413.8,414.375,4758.00
2026-01-28 11:10:00-05:00,414.375,416.44,414.16,415.965,6225.00
2026-01-28 11:15:00-05:00,415.96,415.96,415.22,415.22,3927.00
2026-01-28 11:20:00-05:00,415.575,416.1799,415.38,415.751,5701.00
2026-01-28 11:25:00-05:00,415.675,416.87,414.945,416.575,7537.00
2026-01-28 11:30:00-05:00,416.575,416.84,416.05,416.56,5798.00
2026-01-28 11:35:00-05:00,416.645,416.645,414.7,415.165,8190.00
2026-01-28 11:40:00-05:00,415.16,415.64,413.3,413.8,4178.00
2026-01-28 11:45:00-05:00,413.795,415.4,413.41,413.78,16364.00
2026-01-28 11:50:00-05:00,413.72,415.31,413.4001,414.86,8918.00
2026-01-28 11:55:00-05:00,414.59,415.31,414.3,414.34,6196.00
2026-01-28 12:00:00-05:00,414.21,414.91,414.18,414.34,4179.00
2026-01-28 12:05:00-05:00,414.3,415.12,414.1,414.2436,13346.00
2026-01-28 12:10:00-05:00,414.83,415.1199,414.56,414.78,5344.00
2026-01-28 12:15:00-05:00,414.65,414.71,413.715,414.03,4778.00
2026-01-28 12:20:00-05:00,414.05,414.37,412.26,412.8,5147.00
2026-01-28 12:25:00-05:00,412.17,412.705,411.63,412.15,6236.00
2026-01-28 12:30:00-05:00,412.11,412.11,411.355,411.475,2595.00
2026-01-28 12:35:00-05:00,411.3236,412.58,410.85,411.89,14646.00
2026-01-28 12:40:00-05:00,411.8,412.5299,411.8,412.1772,1091.00
2026-01-28 12:45:00-05:00,412.11,412.54,411.9,412.47,3597.00
2026-01-28 12:50:00-05:00,412.405,414.08,412.405,413.86,3882.00
2026-01-28 12:55:00-05:00,413.85,414.48,413.82,414.09,4092.00
2026-01-28 13:00:00-05:00,414.07,414.33,412.63,413.45,2357.00
2026-01-28 13:05:00-05:00,412.46,413.66,412.46,413.04,1215.00
2026-01-28 13:10:00-05:00,413.45,414.8499,413.4,414.265,7345.00
2026-01-28 13:15:00-05:00,414.08,414.385,413.54,413.99,5316.00
2026-01-28 13:20:00-05:00,414.07,414.8399,413.51,414.8399,7158.00
2026-01-28 13:25:00-05:00,414.84,414.9775,414.51,414.61,2285.00
2026-01-28 13:30:00-05:00,414.57,415.48,414.36,415.2798,6864.00
2026-01-28 13:35:00-05:00,415.37,416.4,415.32,416.4,3009.00
2026-01-28 13:40:00-05:00,416.255,416.57,415.71,415.85,5877.00
2026-01-28 13:45:00-05:00,415.71,416.26,415.29,415.45,2405.00
2026-01-28 13:50:00-05:00,415.47,416.0099,415.28,415.645,2543.00
2026-01-28 13:55:00-05:00,415.64,416.24,415.28,415.735,5108.00
2026-01-28 14:00:00-05:00,415.63,416.26,414.68,414.905,5986.00
2026-01-28 14:05:00-05:00,414.7,415.72,414.39,415.56,3451.00
2026-01-28 14:10:00-05:00,415.55,416.04,414,414.16,4083.00
2026-01-28 14:15:00-05:00,414.48,414.58,414.305,414.3075,2903.00
2026-01-28 14:20:00-05:00,414,414.9699,413,413.92,8441.00
2026-01-28 14:25:00-05:00,413.8,414.28,412.105,412.505,21791.00
2026-01-28 14:30:00-05:00,412.505,415.72,410.05,412.84,15908.00
2026-01-28 14:35:00-05:00,413.15,415.38,413.08,414.83,4663.00
2026-01-28 14:40:00-05:00,414.64,415.28,414.34,414.645,6666.00
2026-01-28 14:45:00-05:00,414.645,416.441,414.64,416.15,8684.00
2026-01-28 14:50:00-05:00,416.44,417.22,415.74,416.03,9083.00
2026-01-28 14:55:00-05:00,415.34,415.525,413.55,413.705,8945.00
2026-01-28 15:00:00-05:00,413.24,414.53,413.03,413.98,4476.00
2026-01-28 15:05:00-05:00,413.86,414.44,413.55,413.55,6573.00
2026-01-28 15:10:00-05:00,413.995,414.54,413.035,413.065,11581.00
2026-01-28 15:15:00-05:00,412.55,412.67,411.3701,411.3701,10359.00
2026-01-28 15:20:00-05:00,411.37,411.55,410.06,410.94,14884.00
2026-01-28 15:25:00-05:00,410.94,410.9825,410.01,410.355,7907.00
2026-01-28 15:30:00-05:00,410.02,410.7,409.84,409.85,8565.00
2026-01-28 15:35:00-05:00,409.87,411.41,409.44,411.23,12358.00
2026-01-28 15:40:00-05:00,411.225,411.95,411.04,411.4,10824.00
2026-01-28 15:45:00-05:00,411.4,411.94,411.39,411.39,15138.00
2026-01-28 15:50:00-05:00,411.33,412.23,410.39,411.18,17977.00
2026-01-28 15:55:00-05:00,411.49,412.01,410.42,410.82,50606.00
2026-01-29 09:30:00-05:00,395.4,398,379.45,384.7136,116366.00
2026-01-29 09:35:00-05:00,384.98,390.375,381.98,388.11,64793.00
2026-01-29 09:40:00-05:00,388.39,389.12,376.15,376.15,66865.00
2026-01-29 09:45:00-05:00,376.5,387.205,374.225,385.7925,47395.00
2026-01-29 09:50:00-05:00,385.81,388.56,381.79,382.145,51911.00
2026-01-29 09:55:00-05:00,381.85,382.3,376.485,376.795,90565.00
2026-01-29 10:00:00-05:00,376.34,377.03,371.1,371.94,110401.00
2026-01-29 10:05:00-05:00,372.185,375.02,371.19,373.97,115809.00
2026-01-29 10:10:00-05:00,373.9925,375.3675,371.78,373.02,35421.00
2026-01-29 10:15:00-05:00,373.17,374.54,370.38,371.17,33857.00
2026-01-29 10:20:00-05:00,370.82,372.17,370.41,371.7225,29252.00
2026-01-29 10:25:00-05:00,371.82,372.17,369.14,369.261,54800.00
2026-01-29 10:30:00-05:00,369.27,369.6173,367.77,368.135,78965.00
2026-01-29 10:35:00-05:00,368.0925,368.47,367.11,368.345,58375.00
2026-01-29 10:40:00-05:00,368,369.4,367.311,368.57,76443.00
2026-01-29 10:45:00-05:00,368.57,368.57,365.98,366.02,52636.00
2026-01-29 10:50:00-05:00,366.02,366.17,364.2,364.5,46788.00
2026-01-29 10:55:00-05:00,364.12,368.67,362.9,366.97,78348.00
2026-01-29 11:00:00-05:00,366.94,367.9599,365.81,366.61,26928.00
2026-01-29 11:05:00-05:00,366.79,369.31,365.3401,368.45,35769.00
2026-01-29 11:10:00-05:00,368.34,372.13,367.26,370.36,59014.00
2026-01-29 11:15:00-05:00,370.36,371.48,369,370.92,33158.00
2026-01-29 11:20:00-05:00,370.67,371.67,369.91,370.04,22295.00
2026-01-29 11:25:00-05:00,369.92,371.6499,369.275,370.65,26843.00
2026-01-29 11:30:00-05:00,370.6275,371.2,369.01,370.705,17668.00
2026-01-29 11:35:00-05:00,370.5,370.65,369.525,369.895,22988.00
2026-01-29 11:40:00-05:00,369.79,372.28,369.5,371.59,28774.00
2026-01-29 11:45:00-05:00,371.86,372.27,370.6101,371,13403.00
2026-01-29 11:50:00-05:00,371.19,371.87,370.46,371.48,8241.00
2026-01-29 11:55:00-05:00,371.505,372.31,371.02,371.9,7821.00
2026-01-29 12:00:00-05:00,371.88,374.77,371.55,373.815,23677.00
2026-01-29 12:05:00-05:00,373.865,374.5653,372.73,373.295,18917.00
2026-01-29 12:10:00-05:00,373.47,373.62,372.5101,372.85,7227.00
2026-01-29 12:15:00-05:00,373.165,374.41,372.97,373.405,18288.00
2026-01-29 12:20:00-05:00,373.405,374.53,373.405,374.245,11051.00
2026-01-29 12:25:00-05:00,374.1,374.6,373.57,374.37,18119.00
2026-01-29 12:30:00-05:00,374.365,374.825,373.03,374.825,20179.00
2026-01-29 12:35:00-05:00,374.825,376.43,373.01,373.255,95091.00
2026-01-29 12:40:00-05:00,373.255,373.255,370.78,371.775,35860.00
2026-01-29 12:45:00-05:00,371.83,372.2,370.6,371.69,12196.00
2026-01-29 12:50:00-05:00,371.77,373.415,371.67,372.11,31802.00
2026-01-29 12:55:00-05:00,371.91,372.21,370.81,371.46,14366.00
2026-01-29 13:00:00-05:00,371.46,372,371.01,371.735,11481.00
2026-01-29 13:05:00-05:00,372.03,373.03,370.94,371.235,27753.00
2026-01-29 13:10:00-05:00,371.255,373.23,371.255,373.19,23328.00
2026-01-29 13:15:00-05:00,373.19,373.2,371.16,371.8664,8280.00
2026-01-29 13:20:00-05:00,371.89,372.8,371.685,372.55,17444.00
2026-01-29 13:25:00-05:00,372.6,373.39,372.37,373.14,22844.00
2026-01-29 13:30:00-05:00,372.8,372.835,370.8,371.125,7020.00
2026-01-29 13:35:00-05:00,371.63,372.945,371.195,372.945,6103.00
2026-01-29 13:40:00-05:00,372.97,373.895,371.59,371.59,14449.00
2026-01-29 13:45:00-05:00,371.59,372.02,371.3,371.97,6167.00
2026-01-29 13:50:00-05:00,371.77,372.03,371,371,6403.00
2026-01-29 13:55:00-05:00,371.17,371.37,370.69,370.925,14789.00
2026-01-29 14:00:00-05:00,370.79,370.85,369.56,369.975,16016.00
2026-01-29 14:05:00-05:00,369.975,371.8,369.975,371.73,10650.00
2026-01-29 14:10:00-05:00,371.69,371.99,370.89,371.25,11484.00
2026-01-29 14:15:00-05:00,371.375,372,371.22,371.55,9317.00
2026-01-29 14:20:00-05:00,371.65,372.44,371.27,372.13,6410.00
2026-01-29 14:25:00-05:00,372.315,372.315,371.5,372.15,9095.00
2026-01-29 14:30:00-05:00,372.15,372.33,369.95,370.29,31215.00
2026-01-29 14:35:00-05:00,370.29,371.32,369.93,371.08,14880.00
2026-01-29 14:40:00-05:00,371.13,371.48,370.85,371.2,12075.00
2026-01-29 14:45:00-05:00,371.275,371.315,369.97,370.62,15569.00
2026-01-29 14:50:00-05:00,370.62,370.65,369.572,370.49,10444.00
2026-01-29 14:55:00-05:00,370.455,371.44,370.07,371.275,12869.00
2026-01-29 15:00:00-05:00,371.1275,372.1974,370.97,371.79,16477.00
2026-01-29 15:05:00-05:00,371.79,371.97,371.2,371.57,9970.00
2026-01-29 15:10:00-05:00,371.565,371.7,371,371.1948,18450.00
2026-01-29 15:15:00-05:00,371.195,371.47,369.6835,369.77,15711.00
2026-01-29 15:20:00-05:00,369.77,369.8,369.02,369.19,17229.00
2026-01-29 15:25:00-05:00,369.16,369.4399,368.48,368.7,15720.00
2026-01-29 15:30:00-05:00,368.665,368.665,366.66,367.28,29565.00
2026-01-29 15:35:00-05:00,367.28,368.9,367.19,368.59,28520.00
2026-01-29 15:40:00-05:00,368.7,370.23,368.11,369.2875,57732.00
2026-01-29 15:45:00-05:00,369.53,371.2644,369.42,370.46,36870.00
2026-01-29 15:50:00-05:00,370.47,372.88,370.12,372.69,54247.00
2026-01-29 15:55:00-05:00,372.54,374.81,372.29,373.57,159185.00
2026-01-30 09:30:00-05:00,375.82,381.83,373,381,46373.00
2026-01-30 09:35:00-05:00,381.22,381.56,378.33,380.315,43244.00
2026-01-30 09:40:00-05:00,380.1122,381.3,378.36,380.13,14411.00
2026-01-30 09:45:00-05:00,379.15,379.99,374.01,374.18,71379.00
2026-01-30 09:50:00-05:00,374.18,375.3,371.81,372.12,60480.00
2026-01-30 09:55:00-05:00,371.6,372.2941,370.59,371.13,15865.00
2026-01-30 10:00:00-05:00,371.2,371.96,368.24,369.55,47229.00
2026-01-30 10:05:00-05:00,369.5925,375.005,369.555,373.77,23315.00
2026-01-30 10:10:00-05:00,373.77,376.17,373.63,375.4,12878.00
2026-01-30 10:15:00-05:00,375.76,376.16,375.3,376.1,10767.00
2026-01-30 10:20:00-05:00,375.83,376.925,375.36,375.95,13031.00
2026-01-30 10:25:00-05:00,376,376.44,375.06,375.715,13203.00
2026-01-30 10:30:00-05:00,375.72,377.03,375.5,375.975,15241.00
2026-01-30 10:35:00-05:00,375.975,379.04,375.975,378.02,6753.00
2026-01-30 10:40:00-05:00,378.205,379.44,377.48,378.06,19041.00
2026-01-30 10:45:00-05:00,378.42,379.29,377.235,377.83,10024.00
2026-01-30 10:50:00-05:00,377.845,379.33,377.845,378.89,9323.00
2026-01-30 10:55:00-05:00,378.84,379.26,378.21,378.955,5521.00
2026-01-30 11:00:00-05:00,379.28,379.28,378.15,378.525,9660.00
2026-01-30 11:05:00-05:00,378.36,379.9,378.16,378.51,17010.00
2026-01-30 11:10:00-05:00,378.51,380.2977,378.51,380.145,7118.00
2026-01-30 11:15:00-05:00,380.145,380.5,379.05,379.515,14760.00
2026-01-30 11:20:00-05:00,379.52,379.52,378.07,378.41,32905.00
2026-01-30 11:25:00-05:00,378.41,380.28,378.41,380.135,7456.00
2026-01-30 11:30:00-05:00,379.8,380.99,379.45,380.625,7924.00
2026-01-30 11:35:00-05:00,380.7994,380.99,380.07,380.07,11668.00
2026-01-30 11:40:00-05:00,380.07,381.5,379.975,381.27,9735.00
2026-01-30 11:45:00-05:00,381.27,381.27,379.78,380,4724.00
2026-01-30 11:50:00-05:00,380,380.19,379.39,379.71,3957.00
2026-01-30 11:55:00-05:00,379.64,379.87,379.13,379.445,5545.00
2026-01-30 12:00:00-05:00,379.445,379.63,378.945,379.385,6323.00
2026-01-30 12:05:00-05:00,379.01,380.07,378.465,379.12,18761.00
2026-01-30 12:10:00-05:00,379.05,380.03,379.05,380.03,6680.00
2026-01-30 12:15:00-05:00,379.65,380.0569,379.22,380.02,5755.00
2026-01-30 12:20:00-05:00,380.02,381.05,379.775,379.775,13124.00
2026-01-30 12:25:00-05:00,379.78,380.79,379.66,380.13,5845.00
2026-01-30 12:30:00-05:00,379.84,380.23,379.235,379.51,5953.00
2026-01-30 12:35:00-05:00,379.51,379.775,378.7,379.775,10402.00
2026-01-30 12:40:00-05:00,380.065,380.44,379.6,380.435,2733.00
2026-01-30 12:45:00-05:00,380.61,380.975,379.87,379.87,4243.00
2026-01-30 12:50:00-05:00,379.92,380.4,379.77,380.0805,4292.00
2026-01-30 12:55:00-05:00,380.43,381.14,380.15,381.14,3770.00
2026-01-30 13:00:00-05:00,380.51,380.905,379.7601,379.96,5912.00
2026-01-30 13:05:00-05:00,379.79,380.14,379.54,379.54,5527.00
2026-01-30 13:10:00-05:00,379.6,379.6,379,379.185,6550.00
2026-01-30 13:15:00-05:00,379.01,379.01,378.1,378.435,9512.00
2026-01-30 13:20:00-05:00,378.435,378.9,376.61,378.04,31280.00
2026-01-30 13:25:00-05:00,378.25,379.39,377.5,379.055,18173.00
2026-01-30 13:30:00-05:00,379.29,379.95,378.83,378.9,5932.00
2026-01-30 13:35:00-05:00,379.055,379.055,378.065,378.19,5658.00
2026-01-30 13:40:00-05:00,378.185,378.44,376.58,376.685,10693.00
2026-01-30 13:45:00-05:00,376.8,377.585,376,376,10240.00
2026-01-30 13:50:00-05:00,376.0375,378,376.0375,378,12128.00
2026-01-30 13:55:00-05:00,377.99,379.21,377.22,378.805,7439.00
2026-01-30 14:00:00-05:00,378.805,379.38,378.21,379.065,12303.00
2026-01-30 14:05:00-05:00,378.975,380,378.55,378.55,12203.00
2026-01-30 14:10:00-05:00,378.77,378.77,377.6784,377.835,9606.00
2026-01-30 14:15:00-05:00,377.83,378.34,377.5,377.93,4365.00
2026-01-30 14:20:00-05:00,377.905,379.035,377.5001,378.45,6605.00
2026-01-30 14:25:00-05:00,378.605,378.955,377.25,377.25,15643.00
2026-01-30 14:30:00-05:00,377.25,377.25,374.505,375.465,25249.00
2026-01-30 14:35:00-05:00,375.32,376.26,374.655,375.655,17287.00
2026-01-30 14:40:00-05:00,375.655,376.53,375.4,376.53,7629.00
2026-01-30 14:45:00-05:00,376.2119,376.33,375.24,375.32,10958.00
2026-01-30 14:50:00-05:00,375.265,375.3,374.01,374.12,25268.00
2026-01-30 14:55:00-05:00,374.275,374.53,372.4761,372.4761,33905.00
2026-01-30 15:00:00-05:00,372.45,372.84,371.87,372.675,25222.00
2026-01-30 15:05:00-05:00,372.675,372.8,371.62,372.75,13413.00
2026-01-30 15:10:00-05:00,372.705,373.36,372.37,373.19,7595.00
2026-01-30 15:15:00-05:00,372.8,373.0683,372.3,372.695,20167.00
2026-01-30 15:20:00-05:00,372.64,373.6,372.17,373.1785,14391.00
2026-01-30 15:25:00-05:00,372.915,373.41,371.735,371.865,21896.00
2026-01-30 15:30:00-05:00,371.61,372.67,371.61,371.88,20097.00
2026-01-30 15:35:00-05:00,372.065,373.43,371.07,372.4,33221.00
2026-01-30 15:40:00-05:00,372.5935,372.7,371.03,371.42,37534.00
2026-01-30 15:45:00-05:00,371.415,372.465,371,372.46,35561.00
2026-01-30 15:50:00-05:00,372.32,372.5,371.01,371.325,48982.00
2026-01-30 15:55:00-05:00,371.12,372.625,370.86,371.22,148961.00
2026-02-02 09:30:00-05:00,369.75,370.73,359.95,364.75,56227.00
2026-02-02 09:35:00-05:00,364.75,373.3975,364.75,371.365,32817.00
2026-02-02 09:40:00-05:00,371.735,374.08,369.855,373.84,23824.00
2026-02-02 09:45:00-05:00,373.48,375.36,372.39,374.94,25116.00
2026-02-02 09:50:00-05:00,374.765,375.06,373.41,374.6325,14092.00
2026-02-02 09:55:00-05:00,374.2651,376.01,372.405,373.8,17665.00
2026-02-02 10:00:00-05:00,373.64,375.005,372.3687,375.005,11658.00
2026-02-02 10:05:00-05:00,375.055,375.9,374.225,375.71,7695.00
2026-02-02 10:10:00-05:00,375.43,377.825,374.87,377.78,13608.00
2026-02-02 10:15:00-05:00,377.62,379.04,377.58,378.71,11828.00
2026-02-02 10:20:00-05:00,378.71,379.225,378.15,378.71,24037.00
2026-02-02 10:25:00-05:00,379.2,379.2,377.9992,378.3,6870.00
2026-02-02 10:30:00-05:00,378.13,379.7,377.33,377.565,14804.00
2026-02-02 10:35:00-05:00,377.62,381,377.62,380.53,12699.00
2026-02-02 10:40:00-05:00,380.53,380.53,378.205,378.55,7330.00
2026-02-02 10:45:00-05:00,378.34,378.545,377.23,377.835,7197.00
2026-02-02 10:50:00-05:00,377.835,378.39,377.09,377.305,6326.00
2026-02-02 10:55:00-05:00,377.47,378.74,377.47,378.01,22490.00
2026-02-02 11:00:00-05:00,378.1,378.46,377.71,378.22,11038.00
2026-02-02 11:05:00-05:00,378.46,378.7,378,378.48,8756.00
2026-02-02 11:10:00-05:00,378.48,378.81,378.07,378.425,4192.00
2026-02-02 11:15:00-05:00,378.3375,378.3375,376.73,376.76,6676.00
2026-02-02 11:20:00-05:00,376.765,377.57,376.325,376.75,6253.00
2026-02-02 11:25:00-05:00,376.34,377.0539,375.97,376.49,2556.00
2026-02-02 11:30:00-05:00,376.57,377.15,376.32,376.775,7520.00
2026-02-02 11:35:00-05:00,376.77,376.775,375.92,375.93,6650.00
2026-02-02 11:40:00-05:00,375.86,376.47,375.68,376.135,6345.00
2026-02-02 11:45:00-05:00,376.135,376.3306,375.52,375.64,4375.00
2026-02-02 11:50:00-05:00,375.74,376.09,375.4501,375.77,3517.00
2026-02-02 11:55:00-05:00,376.11,376.92,376.05,376.28,5421.00
2026-02-02 12:00:00-05:00,376.3775,376.87,376.29,376.87,4899.00
2026-02-02 12:05:00-05:00,376.7,376.76,375.59,376.0197,15821.00
2026-02-02 12:10:00-05:00,376.26,376.57,375.845,376.245,2462.00
2026-02-02 12:15:00-05:00,376.245,377.09,375.84,376.635,3897.00
2026-02-02 12:20:00-05:00,376.63,376.8517,376.16,376.3,5774.00
2026-02-02 12:25:00-05:00,376.15,376.5357,375.02,375.295,7275.00
2026-02-02 12:30:00-05:00,375.54,375.55,374.85,375.185,3714.00
2026-02-02 12:35:00-05:00,374.97,375.08,374.72,374.94,2159.00
2026-02-02 12:40:00-05:00,374.59,375.1,374.58,374.94,4288.00
2026-02-02 12:45:00-05:00,374.94,375.18,374.57,375.01,7268.00
2026-02-02 12:50:00-05:00,374.955,375.64,374.83,375.44,10134.00
2026-02-02 12:55:00-05:00,375.56,376.221,375.56,376.005,2894.00
2026-02-02 13:00:00-05:00,375.78,376.325,375.63,375.9469,3176.00
2026-02-02 13:05:00-05:00,375.63,375.725,375.005,375.2,7573.00
2026-02-02 13:10:00-05:00,375.43,375.59,375.01,375.01,4133.00
2026-02-02 13:15:00-05:00,375.03,375.36,374.6,375.155,9670.00
2026-02-02 13:20:00-05:00,374.66,374.985,374.03,374.44,5974.00
2026-02-02 13:25:00-05:00,374.46,374.8,374.39,374.485,2370.00
2026-02-02 13:30:00-05:00,374.3567,374.765,374.05,374.465,10504.00
2026-02-02 13:35:00-05:00,374.465,374.5,373.12,373.425,5017.00
2026-02-02 13:40:00-05:00,373.12,373.4349,372.6,372.6,3946.00
2026-02-02 13:45:00-05:00,372.59,372.97,372.07,372.74,6443.00
2026-02-02 13:50:00-05:00,372.74,372.75,372.3501,372.745,5041.00
2026-02-02 13:55:00-05:00,372.745,372.745,372.36,372.44,5012.00
2026-02-02 14:00:00-05:00,372.37,372.94,372.2,372.73,12400.00
2026-02-02 14:05:00-05:00,372.82,373.73,372.69,373.17,9277.00
2026-02-02 14:10:00-05:00,373.12,373.5512,372.85,372.88,6959.00
2026-02-02 14:15:00-05:00,372.83,373.31,372.66,372.9,14235.00
2026-02-02 14:20:00-05:00,372.91,373.67,372.81,373.255,4637.00
2026-02-02 14:25:00-05:00,373.24,373.365,372.47,372.57,13316.00
2026-02-02 14:30:00-05:00,372.57,372.57,371.5,371.835,5415.00
2026-02-02 14:35:00-05:00,371.83,372.43,371.72,371.91,9377.00
2026-02-02 14:40:00-05:00,371.95,372.49,371.95,372.21,6120.00
2026-02-02 14:45:00-05:00,372.215,372.62,372.12,372.2,8855.00
2026-02-02 14:50:00-05:00,372.19,372.19,371.4101,371.7,9100.00
2026-02-02 14:55:00-05:00,371.7,374.14,368.865,369.205,37018.00
2026-02-02 15:00:00-05:00,369.2,371.23,367.71,370.345,34947.00
2026-02-02 15:05:00-05:00,370.35,371.46,370,371.46,9836.00
2026-02-02 15:10:00-05:00,371.76,372.125,370.09,370.11,11845.00
2026-02-02 15:15:00-05:00,370.09,370.87,369.84,370.23,14587.00
2026-02-02 15:20:00-05:00,370.23,371.225,370.09,370.595,8428.00
2026-02-02 15:25:00-05:00,370.65,370.85,369.9675,370.3215,8291.00
2026-02-02 15:30:00-05:00,370.47,370.71,370.01,370.31,14606.00
2026-02-02 15:35:00-05:00,370.19,370.8599,370.19,370.52,17833.00
2026-02-02 15:40:00-05:00,370.51,370.64,370.16,370.555,11804.00
2026-02-02 15:45:00-05:00,370.55,370.86,370.26,370.465,19119.00
2026-02-02 15:50:00-05:00,370.465,371.93,370.46,371.28,35941.00
2026-02-02 15:55:00-05:00,371.84,372.86,371.79,372.62,91847.00
2026-02-03 09:30:00-05:00,371.365,372.815,363.8632,364,32982.00
2026-02-03 09:35:00-05:00,364.43,364.59,359.75,360.05,35766.00
2026-02-03 09:40:00-05:00,360.1345,360.975,356.81,357.6,34503.00
2026-02-03 09:45:00-05:00,358.06,359.46,354.41,355.17,38989.00
2026-02-03 09:50:00-05:00,355.17,355.77,351,351.01,26040.00
2026-02-03 09:55:00-05:00,350.88,350.88,347.27,347.38,34823.00
2026-02-03 10:00:00-05:00,347.28,351.605,346,350.82,62955.00
2026-02-03 10:05:00-05:00,351.17,351.26,347.45,347.875,29352.00
2026-02-03 10:10:00-05:00,348.08,349.28,346.0001,348.375,19435.00
2026-02-03 10:15:00-05:00,348,349.3,346.97,348.465,24621.00
2026-02-03 10:20:00-05:00,348.47,350.1332,345.09,345.09,16637.00
2026-02-03 10:25:00-05:00,345.19,347.155,345.11,345.33,18988.00
2026-02-03 10:30:00-05:00,345.2,346.96,344.67,345.84,22562.00
2026-02-03 10:35:00-05:00,345.78,345.84,344.01,344.4501,33392.00
2026-02-03 10:40:00-05:00,345,345.95,344.01,345.0139,34975.00
2026-02-03 10:45:00-05:00,345.01,347.36,344.39,347.11,32156.00
2026-02-03 10:50:00-05:00,346.78,347.36,344.8,345.2,19701.00
2026-02-03 10:55:00-05:00,345.56,345.695,344.4,344.4,13884.00
2026-02-03 11:00:00-05:00,344.39,344.775,343.95,344.07,9372.00
2026-02-03 11:05:00-05:00,344.2999,345.47,343.96,345.43,9360.00
2026-02-03 11:10:00-05:00,344.81,345.39,344.11,344.4211,9046.00
2026-02-03 11:15:00-05:00,344.11,344.11,341.45,342.115,23939.00
2026-02-03 11:20:00-05:00,342.115,342.38,341.47,341.63,12933.00
2026-02-03 11:25:00-05:00,341.63,343.0652,341.59,342.23,16778.00
2026-02-03 11:30:00-05:00,341.91,342.2485,341,341.7801,17288.00
2026-02-03 11:35:00-05:00,341.78,341.99,340.61,340.71,11449.00
2026-02-03 11:40:00-05:00,341.15,341.41,339.325,340.01,10434.00
2026-02-03 11:45:00-05:00,339.4801,340.65,339.4801,340.285,35491.00
2026-02-03 11:50:00-05:00,340.285,340.65,339.59,340.025,11529.00
2026-02-03 11:55:00-05:00,340.025,340.31,339.72,340.025,13282.00
2026-02-03 12:00:00-05:00,339.9825,340.32,338.6,339.37,26269.00
2026-02-03 12:05:00-05:00,339.07,339.07,338.11,338.545,19309.00
2026-02-03 12:10:00-05:00,338.29,338.69,336.5,337.665,84176.00
2026-02-03 12:15:00-05:00,337.61,338.27,336.92,338.01,22708.00
2026-02-03 12:20:00-05:00,338,339.46,336.95,339,30613.00
2026-02-03 12:25:00-05:00,338.83,339.48,336,336.67,35849.00
2026-02-03 12:30:00-05:00,336.67,336.67,335.33,335.48,31966.00
2026-02-03 12:35:00-05:00,335.82,336.595,335.17,336.595,29509.00
2026-02-03 12:40:00-05:00,336.55,337.67,336.02,337.67,18249.00
2026-02-03 12:45:00-05:00,337.59,338.58,337.59,338.405,16151.00
2026-02-03 12:50:00-05:00,338.415,338.78,337.41,338.08,16227.00
2026-02-03 12:55:00-05:00,338.69,338.69,337.48,337.51,7535.00
2026-02-03 13:00:00-05:00,337.695,338.875,336.572,336.572,14679.00
2026-02-03 13:05:00-05:00,336.59,337.43,336.32,337.11,9257.00
2026-02-03 13:10:00-05:00,337.115,337.115,335.25,335.25,5055.00
2026-02-03 13:15:00-05:00,335.655,336.57,335.22,336.56,10059.00
2026-02-03 13:20:00-05:00,336.56,336.56,335.6301,336.1,8166.00
2026-02-03 13:25:00-05:00,336.2,336.92,335.8001,336.92,14175.00
2026-02-03 13:30:00-05:00,336.925,336.925,335.12,335.575,11957.00
2026-02-03 13:35:00-05:00,335.575,335.575,333.86,334.1,17428.00
2026-02-03 13:40:00-05:00,334.105,334.48,333.625,333.625,19328.00
2026-02-03 13:45:00-05:00,334.01,334.36,333.59,333.9938,19482.00
2026-02-03 13:50:00-05:00,333.805,334.91,333.17,334.745,18384.00
2026-02-03 13:55:00-05:00,334.87,337.035,334.745,336.78,14207.00
2026-02-03 14:00:00-05:00,336.5,336.6298,335.39,335.51,10054.00
2026-02-03 14:05:00-05:00,335.45,335.8507,334.7801,335.66,20996.00
2026-02-03 14:10:00-05:00,335.58,337.5591,335.58,337.415,14771.00
2026-02-03 14:15:00-05:00,337.31,338.4,336.4,337.86,20764.00
2026-02-03 14:20:00-05:00,337.86,338.1,337.41,337.755,16283.00
2026-02-03 14:25:00-05:00,337.52,337.52,335.37,335.37,16067.00
2026-02-03 14:30:00-05:00,335.37,336.83,335,336.045,13070.00
2026-02-03 14:35:00-05:00,336.39,338.12,336.065,337.925,18296.00
2026-02-03 14:40:00-05:00,337.77,338.33,337.45,338.28,12123.00
2026-02-03 14:45:00-05:00,338.24,339.19,337.69,338.85,9927.00
2026-02-03 14:50:00-05:00,338.855,340.86,338.61,340.6275,14699.00
2026-02-03 14:55:00-05:00,341.31,342.85,341.2,342.395,15008.00
2026-02-03 15:00:00-05:00,342.54,342.99,342.15,342.52,17294.00
2026-02-03 15:05:00-05:00,342.63,342.9,340.95,341.06,16066.00
2026-02-03 15:10:00-05:00,341.045,342.2651,341.03,341.57,11253.00
2026-02-03 15:15:00-05:00,341.86,342.97,341.37,342.45,17786.00
2026-02-03 15:20:00-05:00,342.46,342.46,341.715,341.715,14200.00
2026-02-03 15:25:00-05:00,341.7175,342.07,341.61,341.79,9904.00
2026-02-03 15:30:00-05:00,341.81,343.37,341.79,343.18,21882.00
2026-02-03 15:35:00-05:00,343.18,344.26,342.91,344.145,19490.00
2026-02-03 15:40:00-05:00,344.25,344.51,343.54,344.265,23198.00
2026-02-03 15:45:00-05:00,344.25,345.96,344.22,345.84,76037.00
2026-02-03 15:50:00-05:00,345.84,346.23,345.2,345.23,71783.00
2026-02-03 15:55:00-05:00,345.205,347.0275,345.205,346.09,130681.00
2026-02-04 09:30:00-05:00,339.16,339.715,330,334.27,54853.00
2026-02-04 09:35:00-05:00,333.23,336.3,330.9122,333.305,25266.00
2026-02-04 09:40:00-05:00,333.9,335.8032,328.77,328.77,23896.00
2026-02-04 09:45:00-05:00,328.8671,329.175,324.19,327.04,89191.00
2026-02-04 09:50:00-05:00,327.09,327.77,323.68,325.7,45926.00
2026-02-04 09:55:00-05:00,325.7,326.59,320.56,321.03,58772.00
2026-02-04 10:00:00-05:00,320.81,323.3599,318.92,322.685,66268.00
2026-02-04 10:05:00-05:00,322.82,327.32,322.71,326.01,73122.00
2026-02-04 10:10:00-05:00,325.98,332.16,325.64,331.43,58650.00
2026-02-04 10:15:00-05:00,331.64,334.84,330.58,334.53,43852.00
2026-02-04 10:20:00-05:00,334.19,339.455,333.62,337.35,46821.00
2026-02-04 10:25:00-05:00,337.35,340.1,336.63,337.71,45911.00
2026-02-04 10:30:00-05:00,337.93,338.33,333.99,336.095,55515.00
2026-02-04 10:35:00-05:00,336.37,341.79,333.95,338.42,48352.00
2026-02-04 10:40:00-05:00,338.24,342.81,336.95,337.52,23905.00
2026-02-04 10:45:00-05:00,337.18,337.61,332.97,334.64,27175.00
2026-02-04 10:50:00-05:00,334.835,335.66,334.02,335.13,21704.00
2026-02-04 10:55:00-05:00,334.86,335.26,331.12,333.71,29257.00
2026-02-04 11:00:00-05:00,334.07,334.525,330.75,332.505,23929.00
2026-02-04 11:05:00-05:00,331.98,333.7,331.39,332.255,19139.00
2026-02-04 11:10:00-05:00,332,334.9,332,334.54,21118.00
2026-02-04 11:15:00-05:00,334.645,335.43,331.98,332.12,23150.00
2026-02-04 11:20:00-05:00,332.12,333.81,331.44,333.14,14315.00
2026-02-04 11:25:00-05:00,333.61,333.98,332.9,333.98,18793.00
2026-02-04 11:30:00-05:00,333.82,334.32,332.55,332.55,14040.00
2026-02-04 11:35:00-05:00,332.84,333.095,332.18,333.05,10652.00
2026-02-04 11:40:00-05:00,332.97,332.97,330,330.62,19047.00
2026-02-04 11:45:00-05:00,330.62,331.15,329,329.965,21851.00
2026-02-04 11:50:00-05:00,329.63,330.14,328.9501,330.01,20942.00
2026-02-04 11:55:00-05:00,330.06,332.45,329.665,331.135,21291.00
2026-02-04 12:00:00-05:00,331.135,331.2,329.55,330.07,20009.00
2026-02-04 12:05:00-05:00,330.13,330.13,328.84,328.87,11541.00
2026-02-04 12:10:00-05:00,328.895,331.54,328.26,330.75,12472.00
2026-02-04 12:15:00-05:00,330.76,331.64,328.89,328.91,23792.00
2026-02-04 12:20:00-05:00,328.94,329.06,327.22,327.77,27886.00
2026-02-04 12:25:00-05:00,327.4183,328.1722,326,326.6025,16937.00
2026-02-04 12:30:00-05:00,326.4,327.28,325.0048,325.97,17887.00
2026-02-04 12:35:00-05:00,325.2778,326.7154,324.21,324.64,14684.00
2026-02-04 12:40:00-05:00,324.64,325.4,323.6401,325.235,20751.00
2026-02-04 12:45:00-05:00,325.245,325.7512,324.55,324.94,7442.00
2026-02-04 12:50:00-05:00,324.805,324.805,321.53,321.98,118740.00
2026-02-04 12:55:00-05:00,321.89,322.31,320.75,321.54,43386.00
2026-02-04 13:00:00-05:00,321.54,323.4199,320.46,322.835,45735.00
2026-02-04 13:05:00-05:00,322.7,326,322.26,323.97,62081.00
2026-02-04 13:10:00-05:00,323.79,324.64,321.2,321.21,25237.00
2026-02-04 13:15:00-05:00,321.395,322.01,320.85,321.03,88778.00
2026-02-04 13:20:00-05:00,321.03,323.22,320.5501,323.22,101140.00
2026-02-04 13:25:00-05:00,323.23,326.75,323.23,326.645,12659.00
2026-02-04 13:30:00-05:00,326.73,326.73,324.09,324.58,13311.00
2026-02-04 13:35:00-05:00,324.86,325.44,323.09,323.635,18180.00
2026-02-04 13:40:00-05:00,323.57,325.95,323.57,325.72,5753.00
2026-02-04 13:45:00-05:00,325.6,325.91,324.666,325.5,5688.00
2026-02-04 13:50:00-05:00,325.07,325.67,323.5,325.67,15538.00
2026-02-04 13:55:00-05:00,325.685,328.15,325.25,327.38,19179.00
2026-02-04 14:00:00-05:00,326.82,327.625,326.03,326.88,12104.00
2026-02-04 14:05:00-05:00,326.54,328.13,325.81,327.575,9764.00
2026-02-04 14:10:00-05:00,328.04,328.27,326.5,327.985,14490.00
2026-02-04 14:15:00-05:00,327.99,328.94,327.57,328.48,21967.00
2026-02-04 14:20:00-05:00,328.52,330.95,328.26,330.555,18351.00
2026-02-04 14:25:00-05:00,330.57,331.14,328.81,329.3,9507.00
2026-02-04 14:30:00-05:00,329.63,331.77,329.495,331.7534,22931.00
2026-02-04 14:35:00-05:00,331.4301,332.21,330.63,331.335,17960.00
2026-02-04 14:40:00-05:00,331.7099,333.07,331.29,332.8699,15287.00
2026-02-04 14:45:00-05:00,332.76,335.8245,332.04,335.175,28135.00
2026-02-04 14:50:00-05:00,334.76,335.99,334.37,335.7,12002.00
2026-02-04 14:55:00-05:00,335.575,338,335.3617,336.95,26039.00
2026-02-04 15:00:00-05:00,337.01,337.48,336.26,337.205,14527.00
2026-02-04 15:05:00-05:00,337.21,338.38,336.76,338.38,14264.00
2026-02-04 15:10:00-05:00,338.38,338.52,336.075,336.665,16399.00
2026-02-04 15:15:00-05:00,336.665,336.97,335.35,336.47,17999.00
2026-02-04 15:20:00-05:00,336.63,337.13,336.01,336.81,17224.00
2026-02-04 15:25:00-05:00,336.81,336.81,335.89,336.605,20803.00
2026-02-04 15:30:00-05:00,336.77,337,335.975,336.99,32401.00
2026-02-04 15:35:00-05:00,336.99,338.3,336.96,337.45,23611.00
2026-02-04 15:40:00-05:00,337.34,338.94,336.995,338.565,29890.00
2026-02-04 15:45:00-05:00,338.32,339.1,337.72,338.44,33426.00
2026-02-04 15:50:00-05:00,338.61,338.61,335.94,336.205,56022.00
2026-02-04 15:55:00-05:00,336.205,337.93,336.1,337.69,121426.00
2026-02-05 09:30:00-05:00,331.82,337.24,330.86,335.19,48796.00
2026-02-05 09:35:00-05:00,336.04,338.27,331,337.56,32162.00
2026-02-05 09:40:00-05:00,337.6,338.35,334.155,336.33,17142.00
2026-02-05 09:45:00-05:00,335.68,336.73,332.5,336.57,22020.00
2026-02-05 09:50:00-05:00,336.045,337.58,331.36,333.42,25953.00
2026-02-05 09:55:00-05:00,333.38,333.85,331.31,331.875,21611.00
2026-02-05 10:00:00-05:00,332.64,332.74,328.2,328.9,33417.00
2026-02-05 10:05:00-05:00,329.165,331.25,328.545,329.595,23275.00
2026-02-05 10:10:00-05:00,329.595,331.56,328.2,328.6148,13858.00
2026-02-05 10:15:00-05:00,328.43,332.63,328.215,331.6001,12786.00
2026-02-05 10:20:00-05:00,332.15,333.76,331.55,332.615,13872.00
2026-02-05 10:25:00-05:00,333,334.67,331.16,332.4,12488.00
2026-02-05 10:30:00-05:00,332.21,333.04,330.96,331.965,12559.00
2026-02-05 10:35:00-05:00,331.43,334.22,330.98,333.91,7906.00
2026-02-05 10:40:00-05:00,334.04,336.1824,333.6,335.84,11915.00
2026-02-05 10:45:00-05:00,335.83,336.44,331.5,331.93,13186.00
2026-02-05 10:50:00-05:00,333.325,333.74,331.5,332.07,18331.00
2026-02-05 10:55:00-05:00,331.81,333.26,331.5,333.26,10396.00
2026-02-05 11:00:00-05:00,333.51,334,331.81,331.88,10225.00
2026-02-05 11:05:00-05:00,332.22,332.4618,329.5,330.14,15579.00
2026-02-05 11:10:00-05:00,330.9,331.47,330.115,330.55,9738.00
2026-02-05 11:15:00-05:00,330.55,333.61,330.55,332.6499,11261.00
2026-02-05 11:20:00-05:00,332.65,334.94,332.02,333.605,8468.00
2026-02-05 11:25:00-05:00,334.01,334.73,332.99,334.35,8971.00
2026-02-05 11:30:00-05:00,334.92,337.05,334.3325,336.71,14953.00
2026-02-05 11:35:00-05:00,336.14,338.71,336.14,337.8,50047.00
2026-02-05 11:40:00-05:00,337.92,338.81,337.42,337.65,10975.00
2026-02-05 11:45:00-05:00,337.92,337.92,336.705,337.35,8059.00
2026-02-05 11:50:00-05:00,337.85,338.89,337.65,338.57,7572.00
2026-02-05 11:55:00-05:00,338.66,339.59,337.52,339.54,13849.00
2026-02-05 12:00:00-05:00,339.41,339.54,337.56,338.79,21439.00
2026-02-05 12:05:00-05:00,338.79,339.61,338.3113,339.1,6849.00
2026-02-05 12:10:00-05:00,339.31,340.2,338.42,339.8,8689.00
2026-02-05 12:15:00-05:00,339.86,339.99,338,338.06,9008.00
2026-02-05 12:20:00-05:00,338.61,339.57,336.631,339.57,7903.00
2026-02-05 12:25:00-05:00,339.47,341,339.4,340.16,9172.00
2026-02-05 12:30:00-05:00,339.9392,341.47,339.455,339.455,59757.00
2026-02-05 12:35:00-05:00,339.6394,340.76,339.6394,340.32,7243.00
2026-02-05 12:40:00-05:00,340.32,342.14,340.18,340.37,16380.00
2026-02-05 12:45:00-05:00,340.37,341.19,338.11,338.485,9568.00
2026-02-05 12:50:00-05:00,338.03,338.74,336.62,337.08,24142.00
2026-02-05 12:55:00-05:00,337.075,337.75,335.42,335.74,11893.00
2026-02-05 13:00:00-05:00,335.74,337.37,335.74,336.07,7603.00
2026-02-05 13:05:00-05:00,336.08,337.16,335.05,336.235,10147.00
2026-02-05 13:10:00-05:00,336.87,337.89,336.03,337.54,14782.00
2026-02-05 13:15:00-05:00,337.47,337.89,335.56,336.9,9497.00
2026-02-05 13:20:00-05:00,336.35,337.04,335.37,335.71,10820.00
2026-02-05 13:25:00-05:00,335.56,336.98,335.04,336.63,15224.00
2026-02-05 13:30:00-05:00,336.18,337.88,336.18,336.285,16498.00
2026-02-05 13:35:00-05:00,336.33,337.34,336.285,336.595,6571.00
2026-02-05 13:40:00-05:00,336.89,338.1,336.48,336.66,24278.00
2026-02-05 13:45:00-05:00,337.27,337.27,335.3678,336.08,30797.00
2026-02-05 13:50:00-05:00,335.59,336.13,333.5201,334.4,23773.00
2026-02-05 13:55:00-05:00,334.4,334.46,333.12,333.795,17540.00
2026-02-05 14:00:00-05:00,333.795,335.12,333.575,334.245,10531.00
2026-02-05 14:05:00-05:00,334.245,335.64,334.245,335.53,12249.00
2026-02-05 14:10:00-05:00,335.53,336.65,334.935,335.71,6856.00
2026-02-05 14:15:00-05:00,335.32,336.09,334.77,334.95,12597.00
2026-02-05 14:20:00-05:00,334.955,335.41,334.22,334.22,11369.00
2026-02-05 14:25:00-05:00,334.285,334.285,332.825,333.07,6838.00
2026-02-05 14:30:00-05:00,332.77,332.77,331.09,331.5625,13924.00
2026-02-05 14:35:00-05:00,331.495,332.9499,330.75,332.37,19291.00
2026-02-05 14:40:00-05:00,332.39,332.52,331.33,331.395,11434.00
2026-02-05 14:45:00-05:00,331.4,332.17,331.27,331.75,9059.00
2026-02-05 14:50:00-05:00,331.75,331.97,330.9,331.2,13485.00
2026-02-05 14:55:00-05:00,331.49,331.97,331.095,331.615,14757.00
2026-02-05 15:00:00-05:00,331.44,332.79,331.16,332.09,17229.00
2026-02-05 15:05:00-05:00,332.32,333.69,331.15,333.3275,20728.00
2026-02-05 15:10:00-05:00,333.56,334.025,332.12,332.15,16459.00
2026-02-05 15:15:00-05:00,332.16,332.54,331.1,331.32,21026.00
2026-02-05 15:20:00-05:00,331.02,331.44,328.93,328.98,34639.00
2026-02-05 15:25:00-05:00,329.04,329.16,327.68,328.52,23355.00
2026-02-05 15:30:00-05:00,328.28,328.32,326.9,326.92,39042.00
2026-02-05 15:35:00-05:00,326.92,327.8599,326.46,326.99,39372.00
2026-02-05 15:40:00-05:00,327.14,327.39,325.27,325.88,36967.00
2026-02-05 15:45:00-05:00,325.67,325.86,325.26,325.58,34291.00
2026-02-05 15:50:00-05:00,325.45,325.45,324.18,325.18,62729.00
2026-02-05 15:55:00-05:00,325.08,326.55,325.08,326.27,112007.00
2026-02-06 09:30:00-05:00,339.84,342,334.65,339.22,99188.00
2026-02-06 09:35:00-05:00,340,342.18,334.6,340.63,75337.00
2026-02-06 09:40:00-05:00,340.715,340.94,335,336.595,44415.00
2026-02-06 09:45:00-05:00,337.12,338.87,334.6,336.39,38540.00
2026-02-06 09:50:00-05:00,336.45,338.5,333.33,334.94,61552.00
2026-02-06 09:55:00-05:00,334.295,334.295,328.6476,329.5,59790.00
2026-02-06 10:00:00-05:00,329.46,329.46,323,323.875,50940.00
2026-02-06 10:05:00-05:00,324.68,325.85,319.3,320.715,51776.00
2026-02-06 10:10:00-05:00,320.715,324.1,320.251,322.42,64201.00
2026-02-06 10:15:00-05:00,321.46,326.105,320.7433,326.105,22217.00
2026-02-06 10:20:00-05:00,326.25,329.0599,321.76,323.09,27928.00
2026-02-06 10:25:00-05:00,323.32,328.38,322.53,328.38,17787.00
2026-02-06 10:30:00-05:00,327.86,329,325.29,329,30902.00
2026-02-06 10:35:00-05:00,329.49,330.51,328.715,328.93,13561.00
2026-02-06 10:40:00-05:00,329.62,331.31,328.815,331,9779.00
2026-02-06 10:45:00-05:00,331.43,332.46,329.73,329.73,10510.00
2026-02-06 10:50:00-05:00,329.87,330.18,327.655,328.86,13473.00
2026-02-06 10:55:00-05:00,328.915,332.36,328.8301,332.05,15507.00
2026-02-06 11:00:00-05:00,332.05,333.41,331.55,333.05,26595.00
2026-02-06 11:05:00-05:00,333.105,335.41,333.1,335.11,33006.00
2026-02-06 11:10:00-05:00,335.29,337.96,335.03,336.2079,42451.00
2026-02-06 11:15:00-05:00,336.44,337.03,335.12,336.0001,15383.00
2026-02-06 11:20:00-05:00,336.61,338.16,336.445,337.84,15844.00
2026-02-06 11:25:00-05:00,337.3815,337.82,335.36,335.9225,11826.00
2026-02-06 11:30:00-05:00,336.17,338.5,336,338.04,9135.00
2026-02-06 11:35:00-05:00,337.9,338.38,337.44,337.5,10032.00
2026-02-06 11:40:00-05:00,337.65,338.1999,336.48,336.56,8522.00
2026-02-06 11:45:00-05:00,336.962,337.23,336.44,336.625,6625.00
2026-02-06 11:50:00-05:00,336.625,338.74,335.809,338.74,24575.00
2026-02-06 11:55:00-05:00,338.78,338.92,337.85,338.33,32958.00
2026-02-06 12:00:00-05:00,338.92,338.92,337.52,337.98,23596.00
2026-02-06 12:05:00-05:00,338.02,338.76,338.02,338.295,9547.00
2026-02-06 12:10:00-05:00,338.7,339.7,338.7,339.48,11423.00
2026-02-06 12:15:00-05:00,339.28,339.81,338.7,339.345,7711.00
2026-02-06 12:20:00-05:00,339.015,339.14,338.08,338.245,8517.00
2026-02-06 12:25:00-05:00,338.37,339.83,338.246,339.535,8388.00
2026-02-06 12:30:00-05:00,339.74,343.14,339.71,342.44,28825.00
2026-02-06 12:35:00-05:00,342.4706,342.63,341.04,341.57,16184.00
2026-02-06 12:40:00-05:00,341.405,342.22,340.4615,340.75,14003.00
2026-02-06 12:45:00-05:00,340.69,341.95,340.65,341.15,10652.00
2026-02-06 12:50:00-05:00,341.15,341.29,340.82,341.27,7478.00
2026-02-06 12:55:00-05:00,341.1,341.495,340.72,341.495,9334.00
2026-02-06 13:00:00-05:00,341.495,342.06,341.1961,341.54,9001.00
2026-02-06 13:05:00-05:00,341.54,342.54,341.2425,341.385,7443.00
2026-02-06 13:10:00-05:00,341.385,341.66,341.275,341.33,5175.00
2026-02-06 13:15:00-05:00,341.335,342.16,341.33,342,12461.00
2026-02-06 13:20:00-05:00,341.99,342.55,341.605,342.17,10858.00
2026-02-06 13:25:00-05:00,342.045,342.46,341.83,342.31,10634.00
2026-02-06 13:30:00-05:00,342.3,343,342.01,342.5225,10247.00
2026-02-06 13:35:00-05:00,342.53,343.28,342.4,342.59,7868.00
2026-02-06 13:40:00-05:00,342.805,343.03,340.53,340.53,16020.00
2026-02-06 13:45:00-05:00,340.72,341.695,340.07,341.29,12354.00
2026-02-06 13:50:00-05:00,340.85,341.54,339.509,339.509,7170.00
2026-02-06 13:55:00-05:00,339.7,340.955,339.63,340.15,25251.00
2026-02-06 14:00:00-05:00,340.15,340.15,339.16,339.595,9591.00
2026-02-06 14:05:00-05:00,339.595,341.09,339.38,340.28,8343.00
2026-02-06 14:10:00-05:00,340.86,340.87,340.29,340.29,3839.00
2026-02-06 14:15:00-05:00,340.72,340.73,340,340.31,10777.00
2026-02-06 14:20:00-05:00,340.31,342,340.31,341.99,9981.00
2026-02-06 14:25:00-05:00,341.5836,342.32,341.56,342,8351.00
2026-02-06 14:30:00-05:00,341.72,341.72,340.97,340.97,8025.00
2026-02-06 14:35:00-05:00,341.105,342.36,341.105,342.36,12285.00
2026-02-06 14:40:00-05:00,342.095,342.27,341.365,341.96,11872.00
2026-02-06 14:45:00-05:00,341.96,342.66,341.96,342.305,8610.00
2026-02-06 14:50:00-05:00,341.98,342.0525,341.29,341.68,14570.00
2026-02-06 14:55:00-05:00,341.685,342.2,339.09,339.45,57799.00
2026-02-06 15:00:00-05:00,339.08,341.19,338.375,339.99,23573.00
2026-02-06 15:05:00-05:00,340.94,341.66,340.55,341.535,4193.00
2026-02-06 15:10:00-05:00,341.32,341.8,340.9,341.59,8744.00
2026-02-06 15:15:00-05:00,341.74,341.77,341.15,341.255,11169.00
2026-02-06 15:20:00-05:00,341.27,341.74,340.68,341.39,12098.00
2026-02-06 15:25:00-05:00,341.36,341.63,341.08,341.08,10656.00
2026-02-06 15:30:00-05:00,341.08,343.01,340.76,343.01,18714.00
2026-02-06 15:35:00-05:00,342.945,343.03,341.48,341.52,22196.00
2026-02-06 15:40:00-05:00,341.79,342.56,341.2,342.04,26548.00
2026-02-06 15:45:00-05:00,342.14,342.985,342.14,342.705,20028.00
2026-02-06 15:50:00-05:00,342.68,343.99,342.09,343.535,41781.00
2026-02-06 15:55:00-05:00,343.565,344.66,342.975,344.53,128487.00
2026-02-09 09:30:00-05:00,346.07,355,343.59,353.72,66347.00
2026-02-09 09:35:00-05:00,353.33,358,352.13,357.87,28091.00
2026-02-09 09:40:00-05:00,358,359.8,355.47,357.19,34629.00
2026-02-09 09:45:00-05:00,356.855,360.885,356.32,358.71,30395.00
2026-02-09 09:50:00-05:00,360,360,350.14,352,34362.00
2026-02-09 09:55:00-05:00,352.55,352.7799,350.83,351.735,28285.00
2026-02-09 10:00:00-05:00,352.06,353.59,351.58,353.36,19611.00
2026-02-09 10:05:00-05:00,353.37,356.5,353.37,355.97,14083.00
2026-02-09 10:10:00-05:00,356.63,357.07,353.65,355.5,19782.00
2026-02-09 10:15:00-05:00,356.37,358.73,356.36,357.58,8541.00
2026-02-09 10:20:00-05:00,357.53,358.36,355.54,355.6125,9982.00
2026-02-09 10:25:00-05:00,355.94,356.35,354.12,355.35,17969.00
2026-02-09 10:30:00-05:00,355,355.2875,353.41,355,24645.00
2026-02-09 10:35:00-05:00,355.07,356.65,354.795,355.88,11041.00
2026-02-09 10:40:00-05:00,356.045,357.44,356.045,357.095,17117.00
2026-02-09 10:45:00-05:00,357.1,358.4,355.8544,356.74,13986.00
2026-02-09 10:50:00-05:00,356.51,359.53,356.51,359.53,9830.00
2026-02-09 10:55:00-05:00,359.49,360.68,358.48,360.525,22014.00
2026-02-09 11:00:00-05:00,360.99,361.7305,359.4,359.725,14825.00
2026-02-09 11:05:00-05:00,359.93,360.63,359.26,359.93,10752.00
2026-02-09 11:10:00-05:00,360.03,360.59,359.25,359.97,7987.00
2026-02-09 11:15:00-05:00,359.96,361.92,359.6901,360.12,17903.00
2026-02-09 11:20:00-05:00,359.94,361.07,359.8295,360.98,10154.00
2026-02-09 11:25:00-05:00,360.885,362.03,360.65,361.805,18097.00
2026-02-09 11:30:00-05:00,361.795,361.84,361.18,361.32,10487.00
2026-02-09 11:35:00-05:00,361.32,362.33,360.55,361.72,41560.00
2026-02-09 11:40:00-05:00,361.645,361.88,361.11,361.795,15523.00
2026-02-09 11:45:00-05:00,362,363.07,361.835,361.84,19055.00
2026-02-09 11:50:00-05:00,361.735,362.45,361.33,361.7,10450.00
2026-02-09 11:55:00-05:00,361.585,361.585,360.65,361.13,7908.00
2026-02-09 12:00:00-05:00,361.13,361.66,360.415,360.415,21141.00
2026-02-09 12:05:00-05:00,360.35,361.95,360,360.575,20918.00
2026-02-09 12:10:00-05:00,360.2,361.21,359.99,360.57,6959.00
2026-02-09 12:15:00-05:00,360.58,361.11,360.14,360.315,12006.00
2026-02-09 12:20:00-05:00,360.315,360.8,359.03,359.465,23856.00
2026-02-09 12:25:00-05:00,359.47,359.54,358.57,358.84,7478.00
2026-02-09 12:30:00-05:00,358.87,359.68,358.595,358.96,8107.00
2026-02-09 12:35:00-05:00,358.91,360,358.825,359.615,17269.00
2026-02-09 12:40:00-05:00,359.99,359.99,358.39,359.23,10144.00
2026-02-09 12:45:00-05:00,359.23,359.58,359.185,359.57,6157.00
2026-02-09 12:50:00-05:00,359.57,359.62,358.48,358.7,7737.00
2026-02-09 12:55:00-05:00,358.9,359.01,358.26,358.51,19453.00
2026-02-09 13:00:00-05:00,358.325,358.96,358.2,358.2,13652.00
2026-02-09 13:05:00-05:00,358.18,359,357.96,358.92,27241.00
2026-02-09 13:10:00-05:00,358.92,359.6,358.66,359.035,4307.00
2026-02-09 13:15:00-05:00,359.26,359.64,358.85,359.13,8399.00
2026-02-09 13:20:00-05:00,359.39,359.59,356.87,359.29,20152.00
2026-02-09 13:25:00-05:00,358.95,359.15,358.18,358.75,6463.00
2026-02-09 13:30:00-05:00,358.73,359.93,358.03,358.69,9853.00
2026-02-09 13:35:00-05:00,358.97,359.2099,358.17,359.18,7164.00
2026-02-09 13:40:00-05:00,359.025,359.75,358.83,359.75,9503.00
2026-02-09 13:45:00-05:00,359.75,359.86,358.56,358.56,13159.00
2026-02-09 13:50:00-05:00,358.49,359.2,358.485,358.86,7082.00
2026-02-09 13:55:00-05:00,358.78,359.35,358.53,359.065,7308.00
2026-02-09 14:00:00-05:00,359.37,360.61,359.17,360.26,10167.00
2026-02-09 14:05:00-05:00,360.45,360.7299,358.535,358.82,6660.00
2026-02-09 14:10:00-05:00,358.76,359.059,358.2,359.059,21643.00
2026-02-09 14:15:00-05:00,358.94,359.475,358.07,358.695,19299.00
2026-02-09 14:20:00-05:00,358.685,359.45,358.16,359.45,5670.00
2026-02-09 14:25:00-05:00,359.335,360.61,359.22,360.6,6973.00
2026-02-09 14:30:00-05:00,360.63,360.94,360.075,360.65,6779.00
2026-02-09 14:35:00-05:00,360.55,361.29,360.4036,360.6209,7350.00
2026-02-09 14:40:00-05:00,360.71,360.88,360,360.04,14272.00
2026-02-09 14:45:00-05:00,359.97,360.043,359.01,359.41,7898.00
2026-02-09 14:50:00-05:00,359.205,359.47,358.79,358.85,5830.00
2026-02-09 14:55:00-05:00,358.85,358.91,357.34,357.52,7038.00
2026-02-09 15:00:00-05:00,357.525,358.11,356.84,357.77,12576.00
2026-02-09 15:05:00-05:00,357.75,358.98,357.7,358.96,11787.00
2026-02-09 15:10:00-05:00,358.87,359.845,358.87,359.72,9779.00
2026-02-09 15:15:00-05:00,359.69,360,358.475,358.56,15029.00
2026-02-09 15:20:00-05:00,358.55,358.58,357.51,357.74,7995.00
2026-02-09 15:25:00-05:00,357.62,358.79,357.41,358.79,24452.00
2026-02-09 15:30:00-05:00,358.415,358.79,358.08,358.08,7467.00
2026-02-09 15:35:00-05:00,358.24,359.25,358.24,359.07,13029.00
2026-02-09 15:40:00-05:00,359.37,359.44,358.55,359.045,25540.00
2026-02-09 15:45:00-05:00,358.87,359.16,358.255,358.42,20239.00
2026-02-09 15:50:00-05:00,358.69,359.24,358.4801,358.705,33955.00
2026-02-09 15:55:00-05:00,358.37,358.61,356.81,357.77,130363.00
2026-02-10 09:30:00-05:00,383.3,388,375.49,378.335,195123.00
2026-02-10 09:35:00-05:00,377.42,379.77,371.07,371.58,67140.00
2026-02-10 09:40:00-05:00,372.3,373.87,366.95,371.485,60717.00
2026-02-10 09:45:00-05:00,371.73,373.9,369.06,372.2675,31023.00
2026-02-10 09:50:00-05:00,372.385,376.83,371.66,375.78,45634.00
2026-02-10 09:55:00-05:00,375.78,383.175,375.78,381.8,59450.00
2026-02-10 10:00:00-05:00,381.02,383.94,380.59,383.93,42851.00
2026-02-10 10:05:00-05:00,383.91,385.21,382.145,384.86,63231.00
2026-02-10 10:10:00-05:00,384.96,385.06,378.6,379.0525,45366.00
2026-02-10 10:15:00-05:00,379.045,379.401,374.48,374.9075,36314.00
2026-02-10 10:20:00-05:00,374.905,377.95,374.76,376.26,26804.00
2026-02-10 10:25:00-05:00,376.425,379.35,375.75,378.32,29761.00
2026-02-10 10:30:00-05:00,378.32,380.5,378.315,379.525,19514.00
2026-02-10 10:35:00-05:00,379.525,381.86,377.8186,379.305,24210.00
2026-02-10 10:40:00-05:00,379.305,380.42,376.65,379.255,27447.00
2026-02-10 10:45:00-05:00,379.2525,380.2,377.41,377.86,28471.00
2026-02-10 10:50:00-05:00,378.29,379.43,377.61,378.77,19438.00
2026-02-10 10:55:00-05:00,378.74,379.92,377.28,377.45,15987.00
2026-02-10 11:00:00-05:00,377.25,380.22,376.8,380.16,18162.00
2026-02-10 11:05:00-05:00,379.6642,380.49,378.1461,378.345,47710.00
2026-02-10 11:10:00-05:00,378.18,380.06,378.06,378.06,20090.00
2026-02-10 11:15:00-05:00,378.675,379.5,377.64,378.285,13621.00
2026-02-10 11:20:00-05:00,378.285,378.285,376,376.45,13501.00
2026-02-10 11:25:00-05:00,376.45,376.7,375,375.34,18144.00
2026-02-10 11:30:00-05:00,375.16,377.07,374.64,376.94,11940.00
2026-02-10 11:35:00-05:00,376.97,378.55,376.53,376.53,11639.00
2026-02-10 11:40:00-05:00,376.755,377.29,375.54,375.54,9848.00
2026-02-10 11:45:00-05:00,375.725,376.94,375.5,375.81,13140.00
2026-02-10 11:50:00-05:00,375.62,375.62,374.48,374.9,11802.00
2026-02-10 11:55:00-05:00,374.87,375.46,373.02,375.46,20704.00
2026-02-10 12:00:00-05:00,375.53,376.9104,375.52,376.005,20532.00
2026-02-10 12:05:00-05:00,375.73,377.19,375.57,377,11516.00
2026-02-10 12:10:00-05:00,376.985,378.78,376.985,378.0025,20840.00
2026-02-10 12:15:00-05:00,378.51,380.93,377.945,379.285,28790.00
2026-02-10 12:20:00-05:00,379.52,379.69,378.26,378.72,18698.00
2026-02-10 12:25:00-05:00,378.71,379.34,378.26,378.9,22042.00
2026-02-10 12:30:00-05:00,378.93,379.775,378.6,379.32,14542.00
2026-02-10 12:35:00-05:00,379.32,379.57,377.7,378.36,16883.00
2026-02-10 12:40:00-05:00,378.91,380.295,378.735,379.99,13881.00
2026-02-10 12:45:00-05:00,380.245,381,380,380.61,6793.00
2026-02-10 12:50:00-05:00,380.61,382.12,380.6,381.5,24972.00
2026-02-10 12:55:00-05:00,381.67,382.44,380.23,380.905,27059.00
2026-02-10 13:00:00-05:00,381.17,381.97,380.7,381.22,13120.00
2026-02-10 13:05:00-05:00,381.535,381.85,380,380.96,8921.00
2026-02-10 13:10:00-05:00,380.565,380.57,379.37,380.265,28817.00
2026-02-10 13:15:00-05:00,380.3,380.89,379.71,380.5,37860.00
2026-02-10 13:20:00-05:00,380.84,380.84,379.4001,379.645,13770.00
2026-02-10 13:25:00-05:00,379.415,379.89,378.23,378.46,17981.00
2026-02-10 13:30:00-05:00,378.65,380.0325,377.96,378.59,17810.00
2026-02-10 13:35:00-05:00,378.56,379.81,378.3,379.27,13550.00
2026-02-10 13:40:00-05:00,379.36,379.52,378.64,379.0775,8304.00
2026-02-10 13:45:00-05:00,378.75,379.42,378.22,378.65,11973.00
2026-02-10 13:50:00-05:00,378.62,379.025,377.71,378.355,16997.00
2026-02-10 13:55:00-05:00,378.355,379.215,378.0001,378.95,12238.00
2026-02-10 14:00:00-05:00,378.76,380.37,378.735,379.48,9989.00
2026-02-10 14:05:00-05:00,379.48,379.9675,379.11,379.72,14607.00
2026-02-10 14:10:00-05:00,379.725,380.23,379.64,379.9,7757.00
2026-02-10 14:15:00-05:00,379.85,380.51,379.5,379.735,19168.00
2026-02-10 14:20:00-05:00,379.735,380.4,379.735,380.005,11483.00
2026-02-10 14:25:00-05:00,380.005,380.005,379,379.205,12568.00
2026-02-10 14:30:00-05:00,379.69,379.69,378.26,378.96,14400.00
2026-02-10 14:35:00-05:00,378.95,379.54,378.58,378.97,14217.00
2026-02-10 14:40:00-05:00,378.97,379.605,378.88,379.155,12914.00
2026-02-10 14:45:00-05:00,379.31,380.02,379.22,379.71,12996.00
2026-02-10 14:50:00-05:00,379.705,379.705,379.06,379.465,13412.00
2026-02-10 14:55:00-05:00,379.46,380.125,379.15,379.805,14773.00
2026-02-10 15:00:00-05:00,380.03,380.991,379.71,380.815,16205.00
2026-02-10 15:05:00-05:00,380.815,381.2432,380.33,380.475,18441.00
2026-02-10 15:10:00-05:00,380.415,380.68,379.9,380.17,26557.00
2026-02-10 15:15:00-05:00,380.165,380.405,379.34,380.02,16422.00
2026-02-10 15:20:00-05:00,380.075,380.635,379.38,379.54,19478.00
2026-02-10 15:25:00-05:00,379.39,380.27,379.09,379.755,18828.00
2026-02-10 15:30:00-05:00,379.745,380.25,379.46,379.85,27557.00
2026-02-10 15:35:00-05:00,380.03,380.4,378.39,378.6,38383.00
2026-02-10 15:40:00-05:00,378.595,379.15,377.11,378.575,26062.00
2026-02-10 15:45:00-05:00,378.575,379.38,375.8201,376.22,31928.00
2026-02-10 15:50:00-05:00,376.62,377.2,375.18,375.75,50390.00
2026-02-10 15:55:00-05:00,375.86,377.925,375.415,377.26,132685.00
2026-02-11 09:30:00-05:00,382.08,386.65,376.99,377.39,40291.00
2026-02-11 09:35:00-05:00,376.1,376.1,371.88,372.86,40006.00
2026-02-11 09:40:00-05:00,372.915,376.945,369.79,376.01,44706.00
2026-02-11 09:45:00-05:00,375.61,375.69,365.05,370,61489.00
2026-02-11 09:50:00-05:00,369.935,372.65,365.66,366.99,31081.00
2026-02-11 09:55:00-05:00,366.245,367.8,365,366.55,38207.00
2026-02-11 10:00:00-05:00,366.55,366.8,364.07,365.6,36503.00
2026-02-11 10:05:00-05:00,365.4498,366.12,362.28,362.92,22970.00
2026-02-11 10:10:00-05:00,362.55,363.18,359.29,361.05,40908.00
2026-02-11 10:15:00-05:00,361.05,362,359.14,359.15,34537.00
2026-02-11 10:20:00-05:00,359.575,360.75,356.9,357.445,31565.00
2026-02-11 10:25:00-05:00,356.95,358.15,355.74,356.99,41701.00
2026-02-11 10:30:00-05:00,356.8,358.11,355.29,357.6117,14035.00
2026-02-11 10:35:00-05:00,357.46,359,356.21,356.47,17899.00
2026-02-11 10:40:00-05:00,356.44,356.99,355.69,356.625,15275.00
2026-02-11 10:45:00-05:00,356.63,356.92,354.0001,354.435,11835.00
2026-02-11 10:50:00-05:00,354.63,358.7199,354.43,358.43,16703.00
2026-02-11 10:55:00-05:00,358.42,359.5,357.74,358.56,21154.00
2026-02-11 11:00:00-05:00,358.54,359.2,357.5,358.34,12632.00
2026-02-11 11:05:00-05:00,358.135,358.79,356.35,356.405,17898.00
2026-02-11 11:10:00-05:00,356.405,358.7015,356.05,358.1675,11576.00
2026-02-11 11:15:00-05:00,357.9,358.15,356.56,357.275,17549.00
2026-02-11 11:20:00-05:00,357.44,358.385,356.88,357.085,9951.00
2026-02-11 11:25:00-05:00,357.085,357.45,354.13,354.46,18892.00
2026-02-11 11:30:00-05:00,354.04,354.82,352.96,353.595,13712.00
2026-02-11 11:35:00-05:00,353.595,354.16,352.35,354.07,11826.00
2026-02-11 11:40:00-05:00,354.205,355.58,354.18,354.51,5541.00
2026-02-11 11:45:00-05:00,354.76,354.9599,353.56,353.75,13012.00
2026-02-11 11:50:00-05:00,353.5,356.24,353.5,355.79,11180.00
2026-02-11 11:55:00-05:00,355.73,356.32,354.93,355.92,12854.00
2026-02-11 12:00:00-05:00,355.92,356.37,355.28,355.355,26168.00
2026-02-11 12:05:00-05:00,355.16,356.35,355,356.35,12921.00
2026-02-11 12:10:00-05:00,356.32,357.27,355.82,356.69,10486.00
2026-02-11 12:15:00-05:00,356.85,357.74,356.035,356.445,13307.00
2026-02-11 12:20:00-05:00,356.42,357.34,355.8,356.755,11716.00
2026-02-11 12:25:00-05:00,357.17,358.655,356.58,357.7,25370.00
2026-02-11 12:30:00-05:00,358.08,358.28,357.16,357.795,13590.00
2026-02-11 12:35:00-05:00,358,358.6,357.39,358.405,8130.00
2026-02-11 12:40:00-05:00,358.37,359.98,358.22,359.615,16525.00
2026-02-11 12:45:00-05:00,359.62,360.36,359.4,360.13,21455.00
2026-02-11 12:50:00-05:00,360.27,360.58,358.73,358.96,13831.00
2026-02-11 12:55:00-05:00,359.09,359.34,357.17,357.72,11984.00
2026-02-11 13:00:00-05:00,357.45,358.21,356.33,358.115,14703.00
2026-02-11 13:05:00-05:00,357.905,359.34,357.709,358,12638.00
2026-02-11 13:10:00-05:00,358.15,358.44,357.54,357.85,9957.00
2026-02-11 13:15:00-05:00,358.15,358.97,357.995,358.38,8006.00
2026-02-11 13:20:00-05:00,358.6,359.81,358.51,359.385,12088.00
2026-02-11 13:25:00-05:00,359.385,359.385,358.39,358.73,11859.00
2026-02-11 13:30:00-05:00,359.13,359.34,358.03,358.48,13257.00
2026-02-11 13:35:00-05:00,358.37,359.53,358,359.245,21778.00
2026-02-11 13:40:00-05:00,359.22,359.59,358.6,359.54,12750.00
2026-02-11 13:45:00-05:00,359.55,361.18,359.425,361.18,18241.00
2026-02-11 13:50:00-05:00,361.26,361.7,358.38,360.385,21876.00
2026-02-11 13:55:00-05:00,360.385,361.34,359.77,361.035,25354.00
2026-02-11 14:00:00-05:00,361.29,362.01,360.49,361.45,9964.00
2026-02-11 14:05:00-05:00,360.9975,361.99,360.15,361.4075,14968.00
2026-02-11 14:10:00-05:00,361.5,363.69,361.31,363.69,5725.00
2026-02-11 14:15:00-05:00,363.227,363.9199,362.75,363.2,9627.00
2026-02-11 14:20:00-05:00,363.47,363.68,362.73,363.63,12805.00
2026-02-11 14:25:00-05:00,363.32,363.79,362.9,363.55,11013.00
2026-02-11 14:30:00-05:00,363.19,363.77,362.78,363.73,7797.00
2026-02-11 14:35:00-05:00,363.79,364.36,363.56,363.56,11916.00
2026-02-11 14:40:00-05:00,363.36,363.36,362.7,362.7,3951.00
2026-02-11 14:45:00-05:00,362.905,363.2,361.56,362.56,20457.00
2026-02-11 14:50:00-05:00,362.39,363.66,362.12,362.735,12347.00
2026-02-11 14:55:00-05:00,362.735,363.18,362.3,362.38,6566.00
2026-02-11 15:00:00-05:00,362.38,362.39,361.97,362.37,10064.00
2026-02-11 15:05:00-05:00,362.3625,362.365,361.57,361.75,10084.00
2026-02-11 15:10:00-05:00,361.63,362.72,361.63,362.485,9261.00
2026-02-11 15:15:00-05:00,362.36,363.61,362.27,363.58,19749.00
2026-02-11 15:20:00-05:00,363.58,364.33,362.35,362.35,19804.00
2026-02-11 15:25:00-05:00,362.8,362.98,361.76,361.89,9649.00
2026-02-11 15:30:00-05:00,361.73,362.28,361.52,361.6975,13365.00
2026-02-11 15:35:00-05:00,361.82,362.79,361.36,362.79,12265.00
2026-02-11 15:40:00-05:00,362.72,363.2999,362.27,362.7,15151.00
2026-02-11 15:45:00-05:00,362.595,364.16,362.595,363.9,21788.00
2026-02-11 15:50:00-05:00,363.715,364.69,362.97,364.37,50479.00
2026-02-11 15:55:00-05:00,364.16,364.68,363.52,364.68,77332.00
2026-02-12 09:30:00-05:00,364.5,369.97,362.91,369.76,23561.00
2026-02-12 09:35:00-05:00,368.625,372.58,367,368.39,28448.00
2026-02-12 09:40:00-05:00,367.201,370,362,365.07,16081.00
2026-02-12 09:45:00-05:00,363.535,363.535,358.05,358.05,14750.00
2026-02-12 09:50:00-05:00,358,362.31,356.15,361.74,11289.00
2026-02-12 09:55:00-05:00,360.57,360.87,356.3,356.925,11417.00
2026-02-12 10:00:00-05:00,357.52,364.46,356.32,362.35,13178.00
2026-02-12 10:05:00-05:00,362.68,367.79,362.68,363.18,9032.00
2026-02-12 10:10:00-05:00,362.86,364.93,362.2,364.51,9180.00
2026-02-12 10:15:00-05:00,363.9034,367.08,363.57,364.7475,9054.00
2026-02-12 10:20:00-05:00,364.695,366.09,363.66,365.2503,14759.00
2026-02-12 10:25:00-05:00,364.9,365.93,362,363.2,9670.00
2026-02-12 10:30:00-05:00,362.745,365.31,361.47,361.925,9612.00
2026-02-12 10:35:00-05:00,362.36,362.8,360.11,360.59,9943.00
2026-02-12 10:40:00-05:00,360.11,360.11,358,359.02,18230.00
2026-02-12 10:45:00-05:00,359.03,359.99,358.705,359.44,9221.00
2026-02-12 10:50:00-05:00,359.4,360.42,356.59,356.65,23978.00
2026-02-12 10:55:00-05:00,356.64,357,352.37,352.54,53345.00
2026-02-12 11:00:00-05:00,352.87,355.55,352.34,354.735,49779.00
2026-02-12 11:05:00-05:00,354.84,355.54,353.06,353.85,9637.00
2026-02-12 11:10:00-05:00,353.8,353.9733,352.35,353.44,8576.00
2026-02-12 11:15:00-05:00,353.44,353.67,350,350.11,16246.00
2026-02-12 11:20:00-05:00,350.6,351.38,349.41,350.0501,15629.00
2026-02-12 11:25:00-05:00,350.13,350.855,348.01,348.22,18610.00
2026-02-12 11:30:00-05:00,348.32,349.4779,346.85,348.435,15811.00
2026-02-12 11:35:00-05:00,349.07,351.705,348.28,351.02,27466.00
2026-02-12 11:40:00-05:00,351.06,351.27,349.71,350.58,13706.00
2026-02-12 11:45:00-05:00,350.735,351,349.02,349.74,9842.00
2026-02-12 11:50:00-05:00,349.88,349.9,348.73,349.445,6868.00
2026-02-12 11:55:00-05:00,349.445,350.26,348.67,349.74,8300.00
2026-02-12 12:00:00-05:00,349.225,349.4634,347.79,349.15,7842.00
2026-02-12 12:05:00-05:00,349.15,349.63,347.76,348.645,43153.00
2026-02-12 12:10:00-05:00,348.35,348.35,346.71,346.935,19045.00
2026-02-12 12:15:00-05:00,347.1551,348.365,346.935,347.505,19277.00
2026-02-12 12:20:00-05:00,347.5,348.67,347.1,348.49,28817.00
2026-02-12 12:25:00-05:00,348.37,350.82,348.235,348.95,54280.00
2026-02-12 12:30:00-05:00,349.96,350,348.9,349.58,5426.00
2026-02-12 12:35:00-05:00,349.58,351.72,348.91,348.91,16366.00
2026-02-12 12:40:00-05:00,348.75,349.45,347.54,348.565,9787.00
2026-02-12 12:45:00-05:00,348.565,348.74,347.19,348.38,24050.00
2026-02-12 12:50:00-05:00,348.54,349.59,347.93,348.265,20506.00
2026-02-12 12:55:00-05:00,348.49,348.81,347.72,348.305,10520.00
2026-02-12 13:00:00-05:00,348.305,349.08,347.31,347.82,17585.00
2026-02-12 13:05:00-05:00,347.71,349.3625,347.2,348.86,8665.00
2026-02-12 13:10:00-05:00,348.23,348.47,347.29,348.095,16492.00
2026-02-12 13:15:00-05:00,348.1,348.3373,347.02,347.155,9371.00
2026-02-12 13:20:00-05:00,347.155,350.04,347.155,349.265,17538.00
2026-02-12 13:25:00-05:00,349.62,349.72,345,346.74,32711.00
2026-02-12 13:30:00-05:00,346.73,346.8119,345.39,346,13698.00
2026-02-12 13:35:00-05:00,345.89,348.74,345.83,347.35,23862.00
2026-02-12 13:40:00-05:00,347.495,351.24,347.03,351.24,17742.00
2026-02-12 13:45:00-05:00,350.77,352.27,349.45,349.45,14784.00
2026-02-12 13:50:00-05:00,349.29,350.78,349.065,350.42,28299.00
2026-02-12 13:55:00-05:00,349.77,350.42,347.15,347.63,35655.00
2026-02-12 14:00:00-05:00,347.635,348.97,347.635,348.44,10166.00
2026-02-12 14:05:00-05:00,348.78,350.535,348.2983,350.52,19022.00
2026-02-12 14:10:00-05:00,351.055,351.24,348.72,350.12,7050.00
2026-02-12 14:15:00-05:00,350.12,351.04,350.11,350.86,6407.00
2026-02-12 14:20:00-05:00,350.86,351.66,349.83,351.41,8053.00
2026-02-12 14:25:00-05:00,351.8,352.25,349.686,350.17,9985.00
2026-02-12 14:30:00-05:00,350.295,352.24,350.295,351.855,5557.00
2026-02-12 14:35:00-05:00,351.855,353.9615,351.855,353.9615,7389.00
2026-02-12 14:40:00-05:00,353.99,354.68,353.44,354.005,10931.00
2026-02-12 14:45:00-05:00,353.96,354.43,353.32,354.17,8674.00
2026-02-12 14:50:00-05:00,354.16,354.54,353.77,354.06,7237.00
2026-02-12 14:55:00-05:00,354.06,355.68,351.3,352.45,19090.00
2026-02-12 15:00:00-05:00,352.91,354.14,352.765,354.14,10082.00
2026-02-12 15:05:00-05:00,354.57,355.55,353.99,354.9356,11630.00
2026-02-12 15:10:00-05:00,354.73,354.82,351.595,353.6,12932.00
2026-02-12 15:15:00-05:00,353.6,354.42,353.58,354.105,4530.00
2026-02-12 15:20:00-05:00,354.91,357,354.09,356.2,15995.00
2026-02-12 15:25:00-05:00,356.41,357.02,355.9901,356.95,12813.00
2026-02-12 15:30:00-05:00,356.91,356.99,355.49,356.94,15304.00
2026-02-12 15:35:00-05:00,357,358.19,356.55,357.97,17957.00
2026-02-12 15:40:00-05:00,357.92,358.81,357.43,358.525,29995.00
2026-02-12 15:45:00-05:00,358.76,359.03,357.79,358.77,38587.00
2026-02-12 15:50:00-05:00,358.22,358.81,356.87,358.81,60485.00
2026-02-12 15:55:00-05:00,358.285,358.65,356.37,356.59,136137.00
2026-02-13 09:30:00-05:00,353.5,360.17,350,356.73,46415.00
2026-02-13 09:35:00-05:00,356.745,360.09,352.9,358.79,18062.00
2026-02-13 09:40:00-05:00,358.18,360.25,352.54,358.17,27622.00
2026-02-13 09:45:00-05:00,357.66,367.3999,357.65,363.455,24563.00
2026-02-13 09:50:00-05:00,363.45,363.455,360.17,362.015,19914.00
2026-02-13 09:55:00-05:00,362.23,366.42,360.535,361.485,14864.00
2026-02-13 10:00:00-05:00,361.61,365.08,361.38,363.92,14784.00
2026-02-13 10:05:00-05:00,363.735,363.735,359.45,360.835,11781.00
2026-02-13 10:10:00-05:00,360.835,364.9,359.7,359.71,9883.00
2026-02-13 10:15:00-05:00,360.13,362,358.88,361.665,19618.00
2026-02-13 10:20:00-05:00,361.67,363.68,360.79,363.47,12611.00
2026-02-13 10:25:00-05:00,363.83,364.8799,363.02,364.07,10539.00
2026-02-13 10:30:00-05:00,364.5,365.3,363.06,363.59,10022.00
2026-02-13 10:35:00-05:00,364,364.61,361.36,361.505,8079.00
2026-02-13 10:40:00-05:00,361.5,361.63,357.8,358.17,15106.00
2026-02-13 10:45:00-05:00,358.16,359.02,356.7001,358.365,9063.00
2026-02-13 10:50:00-05:00,359,360.66,358.89,360.66,18592.00
2026-02-13 10:55:00-05:00,360.78,361.04,359.88,360.28,3271.00
2026-02-13 11:00:00-05:00,360.93,361.99,360.28,361.86,4610.00
2026-02-13 11:05:00-05:00,361.565,362.9,361,362.055,10634.00
2026-02-13 11:10:00-05:00,362.055,362.055,359.89,360.585,4929.00
2026-02-13 11:15:00-05:00,360.585,361.51,360.06,360.06,4168.00
2026-02-13 11:20:00-05:00,360.32,360.73,358.96,359.39,29981.00
2026-02-13 11:25:00-05:00,359.45,361.66,359.31,361.65,11183.00
2026-02-13 11:30:00-05:00,361.545,363.0499,360.71,362.05,13148.00
2026-02-13 11:35:00-05:00,362.14,362.85,361.55,361.98,7122.00
2026-02-13 11:40:00-05:00,362.04,364.965,361.64,364.965,21573.00
2026-02-13 11:45:00-05:00,364.99,365.125,363.98,364.16,5423.00
2026-02-13 11:50:00-05:00,364.76,365.19,364.028,364.93,3539.00
2026-02-13 11:55:00-05:00,364.93,365.97,364.17,364.17,8175.00
2026-02-13 12:00:00-05:00,364.26,365.5965,363.95,364.205,7409.00
2026-02-13 12:05:00-05:00,363.88,364.74,363.34,363.75,6044.00
2026-02-13 12:10:00-05:00,364.13,366.92,364.13,366.275,15073.00
2026-02-13 12:15:00-05:00,366.1125,367.24,365.56,367.24,24389.00
2026-02-13 12:20:00-05:00,367.24,367.71,366.65,367.705,18021.00
2026-02-13 12:25:00-05:00,367.86,368.32,366.9,368.195,20542.00
2026-02-13 12:30:00-05:00,367.9,369.9,367.74,369.165,17035.00
2026-02-13 12:35:00-05:00,369.15,369.36,368.03,368.53,5623.00
2026-02-13 12:40:00-05:00,368.76,371.45,368.685,370.3,33207.00
2026-02-13 12:45:00-05:00,370,371.43,370,371.25,11496.00
2026-02-13 12:50:00-05:00,371.25,371.55,370.37,370.845,16444.00
2026-02-13 12:55:00-05:00,370.845,371.03,369.05,369.34,20423.00
2026-02-13 13:00:00-05:00,369.325,369.44,367.38,368.79,13746.00
2026-02-13 13:05:00-05:00,367.805,368.72,367.805,368.72,3150.00
2026-02-13 13:10:00-05:00,368.16,369.77,367.88,368.36,8202.00
2026-02-13 13:15:00-05:00,368.51,369.44,367.825,368.8,12257.00
2026-02-13 13:20:00-05:00,368.79,369.89,368.32,369.3175,4066.00
2026-02-13 13:25:00-05:00,369.3225,369.325,366.73,366.95,10235.00
2026-02-13 13:30:00-05:00,366.49,369.35,366.46,369.055,5628.00
2026-02-13 13:35:00-05:00,369.055,369.055,368.65,368.81,2053.00
2026-02-13 13:40:00-05:00,368.855,369.59,368.35,369.38,7276.00
2026-02-13 13:45:00-05:00,369.21,370.42,369.18,370.07,13731.00
2026-02-13 13:50:00-05:00,370.065,371.54,369.88,371.27,32012.00
2026-02-13 13:55:00-05:00,371.265,371.86,370.59,370.95,15835.00
2026-02-13 14:00:00-05:00,370.98,371.675,370.98,371.445,9207.00
2026-02-13 14:05:00-05:00,371.7,372.48,371.165,371.6792,16564.00
2026-02-13 14:10:00-05:00,371.3587,371.93,370.62,371.6699,13355.00
2026-02-13 14:15:00-05:00,371.05,371.93,370.97,371.71,2611.00
2026-02-13 14:20:00-05:00,371.59,372.44,371.03,372.44,11811.00
2026-02-13 14:25:00-05:00,372.085,372.5,368.49,368.49,18790.00
2026-02-13 14:30:00-05:00,369.18,370.98,368.61,370.525,8548.00
2026-02-13 14:35:00-05:00,370.82,372.8,370.525,370.82,46590.00
2026-02-13 14:40:00-05:00,371.37,371.7899,370.115,370.205,11106.00
2026-02-13 14:45:00-05:00,370.77,372.51,370.41,370.89,23114.00
2026-02-13 14:50:00-05:00,371.195,371.33,370.12,370.12,6574.00
2026-02-13 14:55:00-05:00,370.38,370.69,367.85,368.4,14676.00
2026-02-13 15:00:00-05:00,368.4,369.56,368.4,369.39,10564.00
2026-02-13 15:05:00-05:00,369.39,369.42,368.17,368.26,6629.00
2026-02-13 15:10:00-05:00,368.26,368.44,367.54,368.12,8911.00
2026-02-13 15:15:00-05:00,367.8,368.78,367.41,368.63,13463.00
2026-02-13 15:20:00-05:00,369.1,369.825,368.27,369.02,10004.00
2026-02-13 15:25:00-05:00,369,369.28,367.22,367.6,14317.00
2026-02-13 15:30:00-05:00,367.59,368.09,367.46,367.9793,14133.00
2026-02-13 15:35:00-05:00,368.1,368.99,367.5589,368.3001,23131.00
2026-02-13 15:40:00-05:00,368.655,369.61,366.28,366.69,32218.00
2026-02-13 15:45:00-05:00,366.575,367.04,364.56,365.375,26400.00
2026-02-13 15:50:00-05:00,365.65,368.5499,365.0101,367.91,30987.00
2026-02-13 15:55:00-05:00,368.54,368.99,367.2701,368.43,106714.00
2026-02-17 09:30:00-05:00,364.755,364.755,352.95,358.495,66540.00
2026-02-17 09:35:00-05:00,357.71,363.45,355.63,359.43,39950.00
2026-02-17 09:40:00-05:00,360.562,360.6699,355.38,357.55,25095.00
2026-02-17 09:45:00-05:00,356.61,357.55,351.26,353.575,30426.00
2026-02-17 09:50:00-05:00,353.65,353.65,347,349.405,34557.00
2026-02-17 09:55:00-05:00,349.405,349.405,345.8,346.5,38135.00
2026-02-17 10:00:00-05:00,345.82,348.1,344.5,345.9,38990.00
2026-02-17 10:05:00-05:00,345.525,346.54,342.85,343.12,49458.00
2026-02-17 10:10:00-05:00,343.43,344.27,341.47,343.685,50483.00
2026-02-17 10:15:00-05:00,343.68,348.745,343.275,347.75,41573.00
2026-02-17 10:20:00-05:00,347.745,347.745,342,342.67,26713.00
2026-02-17 10:25:00-05:00,342.41,343.23,341,342.16,46864.00
2026-02-17 10:30:00-05:00,342.16,342.16,340.4,341.3,18103.00
2026-02-17 10:35:00-05:00,341.43,343.69,340.5,342.245,38046.00
2026-02-17 10:40:00-05:00,342.49,343.55,341.01,343.46,16517.00
2026-02-17 10:45:00-05:00,343.455,345.08,343.455,344.67,14978.00
2026-02-17 10:50:00-05:00,344.39,346.14,344,345.9624,18280.00
2026-02-17 10:55:00-05:00,346.18,346.3099,343.545,345.035,19387.00
2026-02-17 11:00:00-05:00,345.33,347.28,344.785,346.26,19855.00
2026-02-17 11:05:00-05:00,346.26,349.16,346.26,349.055,15080.00
2026-02-17 11:10:00-05:00,349.05,349.87,348.345,349.11,6093.00
2026-02-17 11:15:00-05:00,348.35,349.99,347.72,349.97,9000.00
2026-02-17 11:20:00-05:00,349.26,350.83,348.27,350.62,20980.00
2026-02-17 11:25:00-05:00,350.225,352.06,350.03,350.605,20286.00
2026-02-17 11:30:00-05:00,350.61,350.7046,348.77,349.875,42664.00
2026-02-17 11:35:00-05:00,349.965,350.734,348.4945,349.63,22349.00
2026-02-17 11:40:00-05:00,348.7,349.17,347.225,347.48,28717.00
2026-02-17 11:45:00-05:00,347.775,348.707,346.54,346.54,7577.00
2026-02-17 11:50:00-05:00,346.54,348.5,346.27,348.5,13191.00
2026-02-17 11:55:00-05:00,348.5,349.19,347.47,348.225,9170.00
2026-02-17 12:00:00-05:00,348.79,349.09,347.05,348.55,10440.00
2026-02-17 12:05:00-05:00,348.4,349.2,348.03,348.63,12531.00
2026-02-17 12:10:00-05:00,348.269,348.269,346.69,347.36,7655.00
2026-02-17 12:15:00-05:00,347.64,348.13,346.485,347.895,10766.00
2026-02-17 12:20:00-05:00,347.8904,347.8904,346.3,347.17,5161.00
2026-02-17 12:25:00-05:00,347.68,349.8,347.53,349.71,9207.00
2026-02-17 12:30:00-05:00,349.765,349.765,347.3,348.43,18859.00
2026-02-17 12:35:00-05:00,348.62,348.77,347.66,347.695,3818.00
2026-02-17 12:40:00-05:00,347.26,347.31,344.22,346.355,19448.00
2026-02-17 12:45:00-05:00,345.9,346.95,345.73,346.355,8614.00
2026-02-17 12:50:00-05:00,346.355,347.425,345.28,345.56,9426.00
2026-02-17 12:55:00-05:00,346.13,347.45,345.645,347.37,6104.00
2026-02-17 13:00:00-05:00,347.52,347.52,346.1965,346.575,3902.00
2026-02-17 13:05:00-05:00,346.44,347.49,345.97,347.16,4234.00
2026-02-17 13:10:00-05:00,346.82,348.17,346.36,347.14,9433.00
2026-02-17 13:15:00-05:00,347.435,347.435,346.39,346.44,3036.00
2026-02-17 13:20:00-05:00,346.43,349.94,346.43,349.37,11855.00
2026-02-17 13:25:00-05:00,349.36,350.135,348.165,349.64,18512.00
2026-02-17 13:30:00-05:00,349.695,350.19,348.885,350.19,8695.00
2026-02-17 13:35:00-05:00,349.65,350.62,348.9,350.62,8338.00
2026-02-17 13:40:00-05:00,350.84,352.0499,350.5179,350.66,6746.00
2026-02-17 13:45:00-05:00,350.885,351.4,349.76,350.365,6765.00
2026-02-17 13:50:00-05:00,350.365,351.18,349.545,349.995,8403.00
2026-02-17 13:55:00-05:00,350.025,350.84,349.96,350.08,10467.00
2026-02-17 14:00:00-05:00,349.88,350.24,349.315,350.05,7796.00
2026-02-17 14:05:00-05:00,349.78,351.02,349.45,349.71,7068.00
2026-02-17 14:10:00-05:00,349.705,349.89,348.7,349.76,7729.00
2026-02-17 14:15:00-05:00,349.67,350.265,349.18,349.57,17446.00
2026-02-17 14:20:00-05:00,349.865,350.71,349.47,350.595,8087.00
2026-02-17 14:25:00-05:00,350.26,351.04,350.03,350.4,13724.00
2026-02-17 14:30:00-05:00,350.5,350.87,349.93,350.27,7334.00
2026-02-17 14:35:00-05:00,350.12,350.95,350.01,350.65,15792.00
2026-02-17 14:40:00-05:00,350.325,350.89,349.92,350.025,7620.00
2026-02-17 14:45:00-05:00,350.03,350.03,348.5,349.17,9974.00
2026-02-17 14:50:00-05:00,349.105,349.25,347.63,348.46,9082.00
2026-02-17 14:55:00-05:00,348.54,349.141,348.2,348.5,6889.00
2026-02-17 15:00:00-05:00,348.2,349.28,348.06,349.28,14636.00
2026-02-17 15:05:00-05:00,349.71,349.87,349.07,349.55,8188.00
2026-02-17 15:10:00-05:00,349.565,349.65,349.15,349.475,7431.00
2026-02-17 15:15:00-05:00,349.64,350.1699,349.17,349.26,6661.00
2026-02-17 15:20:00-05:00,349.31,350.75,349.06,350.75,29639.00
2026-02-17 15:25:00-05:00,350.98,352.19,350.72,352.18,15618.00
2026-02-17 15:30:00-05:00,351.56,353.18,351.2,353.18,25635.00
2026-02-17 15:35:00-05:00,352.99,353.42,352.62,352.85,13002.00
2026-02-17 15:40:00-05:00,353.06,354.93,352.43,354.5,20453.00
2026-02-17 15:45:00-05:00,354.67,354.88,353.45,354.75,19667.00
2026-02-17 15:50:00-05:00,354.82,354.8699,353.2101,353.955,40510.00
2026-02-17 15:55:00-05:00,354.3,354.86,353.36,354.33,138851.00
2026-02-18 09:30:00-05:00,354.02,354.02,347.16,347.72,27093.00
2026-02-18 09:35:00-05:00,347.47,351.9999,347.34,347.4125,22025.00
2026-02-18 09:40:00-05:00,348.195,350.74,346.63,349.9275,18434.00
2026-02-18 09:45:00-05:00,350.68,353.27,349,350.145,18092.00
2026-02-18 09:50:00-05:00,349.37,353.32,348.79,352.76,10033.00
2026-02-18 09:55:00-05:00,352.87,357.9,352.81,356.845,16074.00
2026-02-18 10:00:00-05:00,357.47,360.45,356.6225,360.45,20466.00
2026-02-18 10:05:00-05:00,360.45,361.24,359.2,359.42,12651.00
2026-02-18 10:10:00-05:00,358.91,361.97,358.6901,361.1146,22111.00
2026-02-18 10:15:00-05:00,360.86,362.76,360.78,361.1,16186.00
2026-02-18 10:20:00-05:00,361.075,362.74,360.885,361.55,10499.00
2026-02-18 10:25:00-05:00,362.02,363.34,361.69,362.04,12434.00
2026-02-18 10:30:00-05:00,362.24,362.24,361.1,361.74,8020.00
2026-02-18 10:35:00-05:00,361.595,363.56,361.08,362.83,9591.00
2026-02-18 10:40:00-05:00,362.94,363.75,362.045,362.0525,8005.00
2026-02-18 10:45:00-05:00,362.21,362.21,360.71,361.135,16653.00
2026-02-18 10:50:00-05:00,360.935,362.2,360.01,361.3029,12680.00
2026-02-18 10:55:00-05:00,362.2,363.24,361.485,363.24,14088.00
2026-02-18 11:00:00-05:00,363.52,364.72,363.03,364.43,12381.00
2026-02-18 11:05:00-05:00,364.72,364.99,362.92,363.01,6186.00
2026-02-18 11:10:00-05:00,363.505,364.46,362.83,364.4,7343.00
2026-02-18 11:15:00-05:00,364.46,364.89,363.3525,363.685,11914.00
2026-02-18 11:20:00-05:00,363.695,364.14,363.15,363.89,15337.00
2026-02-18 11:25:00-05:00,363.93,364.98,363.55,363.92,12286.00
2026-02-18 11:30:00-05:00,363.92,365,363.37,364.475,9635.00
2026-02-18 11:35:00-05:00,364.495,364.79,363.59,363.59,8316.00
2026-02-18 11:40:00-05:00,363.785,364.55,363.39,364.4,10848.00
2026-02-18 11:45:00-05:00,363.97,364.06,363.175,363.59,5578.00
2026-02-18 11:50:00-05:00,363.35,363.73,362.91,363.44,4615.00
2026-02-18 11:55:00-05:00,363.5,363.66,362.12,362.13,5719.00
2026-02-18 12:00:00-05:00,362.46,363.92,362.435,363.6325,8210.00
2026-02-18 12:05:00-05:00,363.74,364.5,363.52,363.67,7401.00
2026-02-18 12:10:00-05:00,363.52,364.07,363.03,363.81,4214.00
2026-02-18 12:15:00-05:00,363.95,364.66,363.44,364.46,5883.00
2026-02-18 12:20:00-05:00,364.445,365.26,363.64,363.64,9580.00
2026-02-18 12:25:00-05:00,363.34,364.49,363.34,364.41,5998.00
2026-02-18 12:30:00-05:00,364.77,365.52,364.41,364.86,4649.00
2026-02-18 12:35:00-05:00,364.815,365.64,364.7001,365.3325,15498.00
2026-02-18 12:40:00-05:00,365.62,366.01,365.02,366,10437.00
2026-02-18 12:45:00-05:00,365.71,366,365.39,365.685,6370.00
2026-02-18 12:50:00-05:00,365.68,366.4499,365.68,366.4,4129.00
2026-02-18 12:55:00-05:00,366.4,366.53,365.39,365.59,5713.00
2026-02-18 13:00:00-05:00,365.37,365.84,364.93,365.05,5785.00
2026-02-18 13:05:00-05:00,365.22,365.4,364.63,364.93,4957.00
2026-02-18 13:10:00-05:00,364.8,365.4,364.71,365.14,3796.00
2026-02-18 13:15:00-05:00,365.05,365.29,364.74,364.76,5446.00
2026-02-18 13:20:00-05:00,364.95,365.06,364.35,364.735,2965.00
2026-02-18 13:25:00-05:00,364.395,365,364.395,364.735,2649.00
2026-02-18 13:30:00-05:00,364.83,365.39,364.75,365.39,6597.00
2026-02-18 13:35:00-05:00,365.075,365.87,365.055,365.31,7862.00
2026-02-18 13:40:00-05:00,365.565,365.565,364.38,364.72,5872.00
2026-02-18 13:45:00-05:00,364.72,365.56,364.555,364.865,3147.00
2026-02-18 13:50:00-05:00,364.865,364.865,363.85,364.25,4954.00
2026-02-18 13:55:00-05:00,364,364.81,363.48,364.135,14562.00
2026-02-18 14:00:00-05:00,364.125,364.79,364.12,364.615,1769.00
2026-02-18 14:05:00-05:00,364.17,365.25,363.6119,364.835,3430.00
2026-02-18 14:10:00-05:00,365.03,365.58,364.84,365.32,3745.00
2026-02-18 14:15:00-05:00,365.165,365.29,364.42,364.73,5989.00
2026-02-18 14:20:00-05:00,364.77,365.88,364.59,365.2,5608.00
2026-02-18 14:25:00-05:00,365.2,365.595,364.53,364.7,6633.00
2026-02-18 14:30:00-05:00,364.9,365.06,364.0401,364.54,5887.00
2026-02-18 14:35:00-05:00,364.92,365,363.66,363.92,13300.00
2026-02-18 14:40:00-05:00,364.07,364.07,363.355,363.445,9630.00
2026-02-18 14:45:00-05:00,363.445,363.445,362.7,362.93,6600.00
2026-02-18 14:50:00-05:00,362.9,362.91,361.3,361.46,8665.00
2026-02-18 14:55:00-05:00,361.52,361.85,360.36,360.49,13632.00
2026-02-18 15:00:00-05:00,360.785,362.635,360.505,362.415,9066.00
2026-02-18 15:05:00-05:00,362.42,362.74,361.585,361.585,4581.00
2026-02-18 15:10:00-05:00,361.585,361.72,360.755,361.1,6643.00
2026-02-18 15:15:00-05:00,361.27,361.58,360.22,361.46,4677.00
2026-02-18 15:20:00-05:00,361.12,361.18,360.51,360.915,4644.00
2026-02-18 15:25:00-05:00,360.795,361.495,360.46,361.3,7667.00
2026-02-18 15:30:00-05:00,360.98,362.23,360.95,361.995,6290.00
2026-02-18 15:35:00-05:00,362.12,362.79,362.12,362.71,5592.00
2026-02-18 15:40:00-05:00,362.72,363.13,362.54,362.75,8185.00
2026-02-18 15:45:00-05:00,362.55,363.325,362.455,363.185,13243.00
2026-02-18 15:50:00-05:00,363.12,363.72,362.52,363.08,32775.00
2026-02-18 15:55:00-05:00,363.3,363.61,362.7601,363.11,75875.00
2026-02-19 09:30:00-05:00,362.175,363.58,357,357.01,18519.00
2026-02-19 09:35:00-05:00,357,359.12,354.68,354.975,23251.00
2026-02-19 09:40:00-05:00,355.1066,358.78,353.5,357.72,19786.00
2026-02-19 09:45:00-05:00,358.86,361.05,356.505,360.31,14892.00
2026-02-19 09:50:00-05:00,360.31,361.56,358.6,360.72,19762.00
2026-02-19 09:55:00-05:00,360.72,362.76,359.78,359.88,13672.00
2026-02-19 10:00:00-05:00,359.79,361,357.5,360.72,20774.00
2026-02-19 10:05:00-05:00,360.102,360.19,358.78,359.14,18388.00
2026-02-19 10:10:00-05:00,359.28,360.1,357.115,357.395,36240.00
2026-02-19 10:15:00-05:00,357.395,358.62,356.68,357.27,13336.00
2026-02-19 10:20:00-05:00,357.08,358.8,356.59,358.64,9934.00
2026-02-19 10:25:00-05:00,358.525,358.525,356.26,356.95,9696.00
2026-02-19 10:30:00-05:00,356.95,360.02,356.94,359.6519,7946.00
2026-02-19 10:35:00-05:00,359.62,360.02,358.99,358.99,4682.00
2026-02-19 10:40:00-05:00,358.69,358.69,357.68,358.6,6231.00
2026-02-19 10:45:00-05:00,358.475,359.42,358,358.66,6833.00
2026-02-19 10:50:00-05:00,358.655,358.9,356.545,356.86,10212.00
2026-02-19 10:55:00-05:00,356.87,358.45,356.615,357.6283,5341.00
2026-02-19 11:00:00-05:00,357.88,358.042,356.5,357.015,3719.00
2026-02-19 11:05:00-05:00,357.015,358.67,356.4401,358.67,6449.00
2026-02-19 11:10:00-05:00,358.91,359.33,357.5676,358.45,9305.00
2026-02-19 11:15:00-05:00,358.45,360.16,358.45,359.4,8885.00
2026-02-19 11:20:00-05:00,359.495,360.12,358.195,358.51,9429.00
2026-02-19 11:25:00-05:00,358.51,358.51,357.04,357.48,5907.00
2026-02-19 11:30:00-05:00,357.945,358.81,357.17,358.81,4626.00
2026-02-19 11:35:00-05:00,358.65,359.11,357.55,358.725,7909.00
2026-02-19 11:40:00-05:00,358.5069,358.58,356.73,356.73,8552.00
2026-02-19 11:45:00-05:00,356.8,357.81,356.74,357.36,3699.00
2026-02-19 11:50:00-05:00,357.74,358.39,356.91,358.145,3246.00
2026-02-19 11:55:00-05:00,358.145,358.145,357.06,357.34,8077.00
2026-02-19 12:00:00-05:00,357.395,357.4,356.61,356.75,3612.00
2026-02-19 12:05:00-05:00,356.61,357.1,356.41,356.88,7194.00
2026-02-19 12:10:00-05:00,356.8,356.885,356.55,356.55,3315.00
2026-02-19 12:15:00-05:00,356.51,358.93,356.1,358.42,11384.00
2026-02-19 12:20:00-05:00,358.31,359.28,358.29,358.69,3834.00
2026-02-19 12:25:00-05:00,358.23,358.23,357.13,357.365,1842.00
2026-02-19 12:30:00-05:00,357.365,357.72,356.82,356.82,5232.00
2026-02-19 12:35:00-05:00,356.74,357.52,356.4001,357.52,2938.00
2026-02-19 12:40:00-05:00,357.085,357.65,356.98,357.31,6486.00
2026-02-19 12:45:00-05:00,357.38,357.38,355.55,355.63,5532.00
2026-02-19 12:50:00-05:00,356.05,357.54,355.88,357.53,8749.00
2026-02-19 12:55:00-05:00,357.5,357.71,356.495,356.935,3128.00
2026-02-19 13:00:00-05:00,356.93,356.96,356.03,356.31,2817.00
2026-02-19 13:05:00-05:00,356,356.42,355.23,355.524,12739.00
2026-02-19 13:10:00-05:00,355.33,355.97,354.58,355.445,13214.00
2026-02-19 13:15:00-05:00,355.2405,355.9799,354.26,354.415,6113.00
2026-02-19 13:20:00-05:00,354.26,355.29,354,354.01,23994.00
2026-02-19 13:25:00-05:00,354.6,355.47,354.01,355.47,7874.00
2026-02-19 13:30:00-05:00,355.295,355.84,353.96,353.965,9006.00
2026-02-19 13:35:00-05:00,354.08,355.36,354.08,355.25,9827.00
2026-02-19 13:40:00-05:00,355.54,355.59,354.955,355.055,7119.00
2026-02-19 13:45:00-05:00,355.09,355.84,355.025,355.84,5279.00
2026-02-19 13:50:00-05:00,355.6,356.34,355.3701,355.66,7941.00
2026-02-19 13:55:00-05:00,355.65,356.185,355.4,355.76,6116.00
2026-02-19 14:00:00-05:00,356.14,356.3,354.9701,355.66,7709.00
2026-02-19 14:05:00-05:00,355.665,356.23,355.43,355.705,5672.00
2026-02-19 14:10:00-05:00,355.41,355.7,355.07,355.415,4704.00
2026-02-19 14:15:00-05:00,355.415,355.84,355.06,355.84,5831.00
2026-02-19 14:20:00-05:00,355.97,356.22,355.35,356.04,4560.00
2026-02-19 14:25:00-05:00,356.04,356.5,354.535,354.91,16083.00
2026-02-19 14:30:00-05:00,355.08,355.58,355,355.17,7578.00
2026-02-19 14:35:00-05:00,355.55,355.68,354.63,354.82,6830.00
2026-02-19 14:40:00-05:00,354.85,355.825,354.83,355.185,6968.00
2026-02-19 14:45:00-05:00,355.19,355.71,354.41,355.69,5285.00
2026-02-19 14:50:00-05:00,355.26,356.22,354.75,356,11043.00
2026-02-19 14:55:00-05:00,355.73,355.945,355.16,355.535,4920.00
2026-02-19 15:00:00-05:00,355.535,355.81,355.12,355.15,4933.00
2026-02-19 15:05:00-05:00,355.14,355.4595,354.695,354.9,10855.00
2026-02-19 15:10:00-05:00,355.0785,355.24,354.51,355.24,6736.00
2026-02-19 15:15:00-05:00,355.245,355.74,354.36,355.6,12837.00
2026-02-19 15:20:00-05:00,355.86,355.86,355.14,355.455,5687.00
2026-02-19 15:25:00-05:00,355.34,355.87,355.13,355.165,4422.00
2026-02-19 15:30:00-05:00,354.99,356.42,354.79,356.42,12516.00
2026-02-19 15:35:00-05:00,356.585,356.8799,355.47,355.47,7631.00
2026-02-19 15:40:00-05:00,355.11,355.67,354.92,355.67,10946.00
2026-02-19 15:45:00-05:00,355.54,356.48,355.54,356.18,17540.00
2026-02-19 15:50:00-05:00,356.185,356.4099,355.04,355.185,28143.00
2026-02-19 15:55:00-05:00,355.185,356.32,355,355.85,82111.00
2026-02-20 09:30:00-05:00,348.53,353.2013,347.3,351.83,30873.00
2026-02-20 09:35:00-05:00,350.82,355.106,350.305,351.625,15675.00
2026-02-20 09:40:00-05:00,353.18,357.45,353.18,356.52,16389.00
2026-02-20 09:45:00-05:00,357.45,358.02,356.44,357.05,13882.00
2026-02-20 09:50:00-05:00,357.77,357.95,355.475,355.475,9718.00
2026-02-20 09:55:00-05:00,356.04,358.5,355.43,357.45,9893.00
2026-02-20 10:00:00-05:00,357.195,363.21,356.995,362.1777,14737.00
2026-02-20 10:05:00-05:00,362.35,362.35,358.99,359.345,6969.00
2026-02-20 10:10:00-05:00,359.72,361.7499,358.78,359.59,6293.00
2026-02-20 10:15:00-05:00,359.18,360.81,356.21,360.3899,17632.00
2026-02-20 10:20:00-05:00,359.085,361.43,359.085,359.935,11766.00
2026-02-20 10:25:00-05:00,360.22,362.0599,359.57,359.89,18377.00
2026-02-20 10:30:00-05:00,360.69,361.34,357.61,358.84,6039.00
2026-02-20 10:35:00-05:00,358.49,358.745,357.7658,357.7658,3907.00
2026-02-20 10:40:00-05:00,357.88,359.59,356.79,358.985,7911.00
2026-02-20 10:45:00-05:00,359.44,359.44,358.2,358.955,3235.00
2026-02-20 10:50:00-05:00,358.955,360.58,358.4666,359.85,5562.00
2026-02-20 10:55:00-05:00,359.765,360.66,359.57,360.66,4404.00
2026-02-20 11:00:00-05:00,360.21,361.77,360.2,361.565,6398.00
2026-02-20 11:05:00-05:00,361.605,362.37,360.55,360.72,3240.00
2026-02-20 11:10:00-05:00,361.255,361.255,359.43,359.43,4298.00
2026-02-20 11:15:00-05:00,359.91,359.91,358.64,358.88,4240.00
2026-02-20 11:20:00-05:00,358.61,359.05,357.665,358.44,4501.00
2026-02-20 11:25:00-05:00,358.06,358.85,357.205,357.205,8616.00
2026-02-20 11:30:00-05:00,357.205,358.3,357.0101,358.21,3040.00
2026-02-20 11:35:00-05:00,358.33,358.83,358.33,358.815,3459.00
2026-02-20 11:40:00-05:00,358.69,359.9299,358.3546,359.34,6261.00
2026-02-20 11:45:00-05:00,359.34,359.365,358.71,359.095,2965.00
2026-02-20 11:50:00-05:00,358.64,359.14,358.37,359.04,4837.00
2026-02-20 11:55:00-05:00,358.805,359.61,358.69,358.69,5198.00
2026-02-20 12:00:00-05:00,358.725,358.88,358.01,358.13,2688.00
2026-02-20 12:05:00-05:00,358.38,358.38,357.62,357.62,2273.00
2026-02-20 12:10:00-05:00,357.46,357.46,356.61,357.13,7173.00
2026-02-20 12:15:00-05:00,357.02,357.02,355.73,356.18,8476.00
2026-02-20 12:20:00-05:00,356.11,356.11,354.29,354.98,6167.00
2026-02-20 12:25:00-05:00,354.35,355.5,354,355.405,4190.00
2026-02-20 12:30:00-05:00,355.81,357.09,355.24,356.06,17495.00
2026-02-20 12:35:00-05:00,356.235,356.265,354.5,355.78,5872.00
2026-02-20 12:40:00-05:00,355.55,355.57,353,353.72,20837.00
2026-02-20 12:45:00-05:00,354.1,354.27,352.62,353.785,8952.00
2026-02-20 12:50:00-05:00,353.795,354.32,353.3,353.3,14921.00
2026-02-20 12:55:00-05:00,353.32,353.73,351.7,353.43,20254.00
2026-02-20 13:00:00-05:00,353.55,353.8499,351.5,351.51,17656.00
2026-02-20 13:05:00-05:00,351.38,351.99,350.25,351.08,10694.00
2026-02-20 13:10:00-05:00,351.08,351.6,347.585,348.2499,13508.00
2026-02-20 13:15:00-05:00,347.5,347.5,341.43,341.43,25744.00
2026-02-20 13:20:00-05:00,341.36,341.875,338.85,340.665,70952.00
2026-02-20 13:25:00-05:00,341.48,344.655,341.21,344.32,50719.00
2026-02-20 13:30:00-05:00,344.655,349.8599,343.3,348.86,25690.00
2026-02-20 13:35:00-05:00,348.935,352.88,345.72,351.025,25775.00
2026-02-20 13:40:00-05:00,350.85,351.335,348.41,349.985,12062.00
2026-02-20 13:45:00-05:00,349.99,351.81,349.99,350.48,4689.00
2026-02-20 13:50:00-05:00,349.83,350.83,348.75,350.8,5441.00
2026-02-20 13:55:00-05:00,350.025,350.41,348.75,349.255,4069.00
2026-02-20 14:00:00-05:00,348.76,349.65,347.725,347.7375,11310.00
2026-02-20 14:05:00-05:00,347.8275,349.55,347.66,348.67,11983.00
2026-02-20 14:10:00-05:00,349,349.835,347.97,348.2825,3745.00
2026-02-20 14:15:00-05:00,347.01,347.13,345.68,346.18,7835.00
2026-02-20 14:20:00-05:00,345.96,346.24,344.57,345.0896,15810.00
2026-02-20 14:25:00-05:00,344.72,345.01,343.125,343.37,15498.00
2026-02-20 14:30:00-05:00,343.68,344.4699,343,344.1725,17117.00
2026-02-20 14:35:00-05:00,344.18,345.46,343.21,345.415,21648.00
2026-02-20 14:40:00-05:00,345.415,345.86,345.26,345.735,7537.00
2026-02-20 14:45:00-05:00,345.64,345.78,345.23,345.5275,7600.00
2026-02-20 14:50:00-05:00,345.56,345.96,343.92,344.3513,11430.00
2026-02-20 14:55:00-05:00,344.02,344.33,342.92,343.205,9293.00
2026-02-20 15:00:00-05:00,343.205,344.66,342.635,344.33,30045.00
2026-02-20 15:05:00-05:00,344.91,345.65,344.36,345.08,10745.00
2026-02-20 15:10:00-05:00,344.645,344.675,343.39,343.635,9223.00
2026-02-20 15:15:00-05:00,343.78,345.01,343.63,345.01,16795.00
2026-02-20 15:20:00-05:00,345.22,346.2699,344.2675,344.5,10520.00
2026-02-20 15:25:00-05:00,344.69,344.75,343.81,344.11,12354.00
2026-02-20 15:30:00-05:00,344.25,344.63,343.07,343.805,10233.00
2026-02-20 15:35:00-05:00,343.805,344.64,342.79,342.86,34226.00
2026-02-20 15:40:00-05:00,342.52,342.52,340.67,341.825,108870.00
2026-02-20 15:45:00-05:00,341.86,342.1899,340.93,341.1,36678.00
2026-02-20 15:50:00-05:00,340.82,342.9299,340.22,342.51,53935.00
2026-02-20 15:55:00-05:00,342.57,344.86,342.57,344.56,130258.00
2026-02-23 09:30:00-05:00,337.65,337.95,327,331.4,53498.86
2026-02-23 09:35:00-05:00,333.4499,333.4499,327.06,327.6836,36103.83
2026-02-23 09:40:00-05:00,327.47,329.67,324.3,324.59,40122.50
2026-02-23 09:45:00-05:00,324.73,326.315,323.75,326.23,44506.56
2026-02-23 09:50:00-05:00,326.23,326.505,322.805,323.455,39192.96
2026-02-23 09:55:00-05:00,322.87,323.455,319.2475,319.445,69745.32
2026-02-23 10:00:00-05:00,319.92,320.83,318.28,318.28,46922.99
2026-02-23 10:05:00-05:00,318.635,318.645,316.4416,317.15,76573.45
2026-02-23 10:10:00-05:00,317.34,318.55,317.16,317.76,38066.23
2026-02-23 10:15:00-05:00,317.46,317.82,316.21,316.5,31853.24
2026-02-23 10:20:00-05:00,316.635,318.14,316.18,316.755,42874.60
2026-02-23 10:25:00-05:00,316.31,316.77,314.13,314.44,32796.16
2026-02-23 10:30:00-05:00,314.72,315.99,314.13,314.13,31489.98
2026-02-23 10:35:00-05:00,314.05,315.57,313.2,315.345,32366.04
2026-02-23 10:40:00-05:00,315.345,316.3,314.6013,314.74,21482.06
2026-02-23 10:45:00-05:00,315.145,317.2899,313.85,316.04,86414.52
2026-02-23 10:50:00-05:00,316.275,316.7599,314.79,315.42,24537.33
2026-02-23 10:55:00-05:00,315.1,315.92,314.7864,315.66,18768.76
2026-02-23 11:00:00-05:00,315.645,316.19,314.2,315.065,26124.87
2026-02-23 11:05:00-05:00,314.82,315.49,314.07,315.09,25589.84
2026-02-23 11:10:00-05:00,315.1,316.66,314.65,315.94,14732.45
2026-02-23 11:15:00-05:00,316.4278,316.58,315.36,315.69,9400.74
2026-02-23 11:20:00-05:00,315.765,316.2,314.55,315.035,14925.99
2026-02-23 11:25:00-05:00,314.98,316.76,314.54,316.145,21164.12
2026-02-23 11:30:00-05:00,316.3,316.3,314.8,315.265,13884.07
2026-02-23 11:35:00-05:00,315.265,316.91,315.0594,316.34,19796.39
2026-02-23 11:40:00-05:00,316.26,316.8223,315.11,316.39,16172.20
2026-02-23 11:45:00-05:00,316.4,316.7599,314.6,315.01,29830.01
2026-02-23 11:50:00-05:00,314.805,315.03,313.52,313.745,15664.82
2026-02-23 11:55:00-05:00,313.5,313.9084,312.46,312.83,27101.27
2026-02-23 12:00:00-05:00,312.48,313.27,312.12,312.55,15425.78
2026-02-23 12:05:00-05:00,312.365,312.38,310.56,310.56,22560.81
2026-02-23 12:10:00-05:00,310.51,311.41,310.25,310.775,21912.67
2026-02-23 12:15:00-05:00,310.68,311.6278,310.02,310.89,26207.01
2026-02-23 12:20:00-05:00,310.89,311.09,310.43,310.51,14011.20
2026-02-23 12:25:00-05:00,310.86,311.58,310.01,310.17,16633.07
2026-02-23 12:30:00-05:00,310.28,310.4062,308.81,309.24,41763.23
2026-02-23 12:35:00-05:00,309.25,309.25,307.81,308.215,25943.41
2026-02-23 12:40:00-05:00,308,308.54,307.315,307.695,19630.22
2026-02-23 12:45:00-05:00,307.995,308.9099,307.76,308.125,20387.24
2026-02-23 12:50:00-05:00,308.2,308.96,308.1,308.305,41187.33
2026-02-23 12:55:00-05:00,308.305,308.36,307.21,307.21,50958.96
2026-02-23 13:00:00-05:00,307.21,307.73,306.53,306.655,43885.86
2026-02-23 13:05:00-05:00,306.655,307.7272,306.15,306.56,34242.03
2026-02-23 13:10:00-05:00,306.685,308.3,306.09,308.3,31698.99
2026-02-23 13:15:00-05:00,308.235,308.235,306.63,306.85,21611.37
2026-02-23 13:20:00-05:00,306.72,308.13,306.72,307.765,27328.15
2026-02-23 13:25:00-05:00,307.7325,307.83,306.31,306.63,32359.11
2026-02-23 13:30:00-05:00,306.63,307.46,306,306.985,18583.71
2026-02-23 13:35:00-05:00,306.985,307.25,306.28,306.485,17917.31
2026-02-23 13:40:00-05:00,306.485,306.495,305.4,305.69,28555.26
2026-02-23 13:45:00-05:00,305.4,306.74,305.38,306.4,24406.70
2026-02-23 13:50:00-05:00,306.53,306.53,304.01,304.29,31684.13
2026-02-23 13:55:00-05:00,304.215,304.215,302.23,302.565,52016.59
2026-02-23 14:00:00-05:00,302.565,303.5699,302.23,302.26,27020.81
2026-02-23 14:05:00-05:00,302.4563,302.98,302,302.645,41903.96
2026-02-23 14:10:00-05:00,302.645,303.98,302.37,303.41,47191.72
2026-02-23 14:15:00-05:00,303.41,304.1,302.11,302.5116,40549.09
2026-02-23 14:20:00-05:00,302.585,302.7699,301.33,301.5,29128.18
2026-02-23 14:25:00-05:00,301.645,302.24,301.41,301.41,26793.63
2026-02-23 14:30:00-05:00,301.625,302.258,301.14,302.258,29490.61
2026-02-23 14:35:00-05:00,301.95,302.0635,300.01,300.3475,33331.66
2026-02-23 14:40:00-05:00,300.42,301.4525,300.17,301.32,28721.40
2026-02-23 14:45:00-05:00,301.55,302.45,301.16,302.005,27790.21
2026-02-23 14:50:00-05:00,302.25,302.6,301.945,302.35,15628.51
2026-02-23 14:55:00-05:00,302.2,303.06,300.12,300.325,30800.53
2026-02-23 15:00:00-05:00,300.325,301,300.295,300.725,32070.05
2026-02-23 15:05:00-05:00,300.725,301.76,300.53,300.54,25039.73
2026-02-23 15:10:00-05:00,300.5,300.51,299.13,299.455,55002.29
2026-02-23 15:15:00-05:00,299.455,300.98,299.33,300.1801,38323.51
2026-02-23 15:20:00-05:00,300.53,300.53,299.055,299.38,30201.02
2026-02-23 15:25:00-05:00,299.62,300.79,298,298.53,41878.15
2026-02-23 15:30:00-05:00,298.445,301.34,298.4201,301.085,46342.45
2026-02-23 15:35:00-05:00,301.1732,301.1732,298.74,300.445,60955.48
2026-02-23 15:40:00-05:00,300.74,302.14,300.33,301.695,48876.61
2026-02-23 15:45:00-05:00,301.695,302.7563,301.09,301.475,67709.30
2026-02-23 15:50:00-05:00,301.62,303,301.19,302.49,97242.91
2026-02-23 15:55:00-05:00,302.51,305.38,302.505,305.37,192649.06
2026-02-24 09:30:00-05:00,304.02,304.06,292.53,300.97,160941.77
2026-02-24 09:35:00-05:00,302.055,312,298.34,311.375,95529.99
2026-02-24 09:40:00-05:00,311.97,317,310.34,315.08,112994.98
2026-02-24 09:45:00-05:00,314.47,318,311.5856,316.92,92263.75
2026-02-24 09:50:00-05:00,316.78,318.87,314.45,314.62,71861.99
2026-02-24 09:55:00-05:00,315.04,315.56,311.51,311.52,59514.93
2026-02-24 10:00:00-05:00,311.51,312.66,308.48,311.225,46568.26
2026-02-24 10:05:00-05:00,310.97,314.19,310.22,313.88,38465.67
2026-02-24 10:10:00-05:00,313.65,314.13,310.66,312.19,34276.37
2026-02-24 10:15:00-05:00,312.24,316.89,311.96,316.485,57081.74
2026-02-24 10:20:00-05:00,316.07,316.96,314.68,315.46,24246.91
2026-02-24 10:25:00-05:00,315.77,318.64,314.09,318.38,36106.16
2026-02-24 10:30:00-05:00,318.07,319.19,315.711,316.95,35061.09
2026-02-24 10:35:00-05:00,316.34,318.85,315.6,318.04,23296.26
2026-02-24 10:40:00-05:00,318.17,319.51,317.29,319.205,23135.10
2026-02-24 10:45:00-05:00,318.72,318.84,316.89,318.27,18842.03
2026-02-24 10:50:00-05:00,318.58,318.66,317.04,317.1,21785.13
2026-02-24 10:55:00-05:00,317.19,318.22,316.77,317.785,30559.39
2026-02-24 11:00:00-05:00,317.93,319.72,317.64,318.61,26104.61
2026-02-24 11:05:00-05:00,318.685,319.325,315.3,315.4052,36260.63
2026-02-24 11:10:00-05:00,315.27,315.94,314.26,315.38,47850.27
2026-02-24 11:15:00-05:00,315.52,316.13,314.69,314.69,27481.28
2026-02-24 11:20:00-05:00,315,316.3399,314.87,315.95,25988.60
2026-02-24 11:25:00-05:00,315.95,317.93,315.95,317.71,19003.25
2026-02-24 11:30:00-05:00,317.8225,317.8225,315.21,315.27,17555.08
2026-02-24 11:35:00-05:00,315.265,316.38,315.13,315.61,30267.62
2026-02-24 11:40:00-05:00,315.7,317.15,315.59,316.5375,14183.10
2026-02-24 11:45:00-05:00,316.535,316.8,315.9,315.93,10080.18
2026-02-24 11:50:00-05:00,315.8,316.06,314.945,315.79,18561.12
2026-02-24 11:55:00-05:00,315.73,315.85,315.05,315.685,11030.00
2026-02-24 12:00:00-05:00,315.685,315.96,315.105,315.55,14169.19
2026-02-24 12:05:00-05:00,315.68,315.76,314.7279,315.47,14274.06
2026-02-24 12:10:00-05:00,315.56,315.91,315.47,315.81,10726.97
2026-02-24 12:15:00-05:00,315.83,315.83,314.64,314.925,21156.00
2026-02-24 12:20:00-05:00,314.76,315.56,314.64,315.31,14177.53
2026-02-24 12:25:00-05:00,315.37,315.46,314.8,314.875,9912.05
2026-02-24 12:30:00-05:00,314.835,315.14,314,314.66,15885.35
2026-02-24 12:35:00-05:00,314.69,315.01,313.6,314.06,18754.11
2026-02-24 12:40:00-05:00,314.105,315.92,313.8677,315.92,26980.61
2026-02-24 12:45:00-05:00,315.505,316.62,315.36,316.36,14298.18
2026-02-24 12:50:00-05:00,316.36,317.1,315.74,315.765,31190.29
2026-02-24 12:55:00-05:00,315.56,316.55,315.43,315.5197,12436.71
2026-02-24 13:00:00-05:00,315.575,316.22,315.27,315.815,7577.68
2026-02-24 13:05:00-05:00,315.77,315.93,315.21,315.21,10669.77
2026-02-24 13:10:00-05:00,315.33,315.52,314.89,315.52,11968.97
2026-02-24 13:15:00-05:00,315.32,316,314.75,314.75,13103.75
2026-02-24 13:20:00-05:00,314.74,314.93,314.29,314.551,9662.55
2026-02-24 13:25:00-05:00,314.38,314.67,314.01,314.48,11979.27
2026-02-24 13:30:00-05:00,314.335,315.64,314.335,315.61,9665.13
2026-02-24 13:35:00-05:00,315.43,316.27,315.15,315.285,10411.13
2026-02-24 13:40:00-05:00,315.33,315.35,314.21,314.39,11263.54
2026-02-24 13:45:00-05:00,314.29,315.54,314.03,315.54,13777.41
2026-02-24 13:50:00-05:00,315.34,316.1,315.0701,315.91,16328.52
2026-02-24 13:55:00-05:00,315.925,316.09,315.24,315.75,12737.28
2026-02-24 14:00:00-05:00,315.75,316.45,315.41,316.225,12014.01
2026-02-24 14:05:00-05:00,316.225,317.1035,315.855,316.015,13397.35
2026-02-24 14:10:00-05:00,315.83,316.04,315.13,315.775,8826.89
2026-02-24 14:15:00-05:00,315.97,316.33,315.07,315.42,14168.93
2026-02-24 14:20:00-05:00,315.26,316.6599,315.26,316.5276,14651.01
2026-02-24 14:25:00-05:00,316.11,317.36,316.095,316.9375,12540.10
2026-02-24 14:30:00-05:00,317.03,317.3742,316.71,316.76,9619.31
2026-02-24 14:35:00-05:00,316.95,317.19,316.505,317.025,14577.33
2026-02-24 14:40:00-05:00,317.21,317.49,316.83,316.945,12627.16
2026-02-24 14:45:00-05:00,316.95,317.195,316.145,316.915,11931.53
2026-02-24 14:50:00-05:00,316.91,317.93,316.76,317.15,12105.97
2026-02-24 14:55:00-05:00,317.145,317.145,316.19,316.59,19248.28
2026-02-24 15:00:00-05:00,316.41,316.56,315.86,316.035,19038.02
2026-02-24 15:05:00-05:00,316.33,316.755,316.09,316.415,16155.90
2026-02-24 15:10:00-05:00,316.415,316.5599,316.05,316.21,14811.33
2026-02-24 15:15:00-05:00,316.25,316.3,314.42,314.6747,18878.65
2026-02-24 15:20:00-05:00,314.535,314.8399,314.015,314.015,22623.71
2026-02-24 15:25:00-05:00,314.015,314.025,313.18,313.365,20430.81
2026-02-24 15:30:00-05:00,313.355,314.84,313.18,314.41,27034.77
2026-02-24 15:35:00-05:00,314.5925,314.94,313.72,313.77,21413.69
2026-02-24 15:40:00-05:00,313.875,314.42,313.39,314.03,63519.29
2026-02-24 15:45:00-05:00,313.88,314.37,313.66,313.805,34243.10
2026-02-24 15:50:00-05:00,313.805,314.12,312.0137,312.1475,68300.15
2026-02-24 15:55:00-05:00,312.01,312.625,311.64,312.48,134584.84
2026-02-25 09:30:00-05:00,311.29,316,307.23,308.835,30608.31
2026-02-25 09:35:00-05:00,308.755,312.37,305.75,306.59,24055.65
2026-02-25 09:40:00-05:00,306.36,309.6235,306,306.53,23446.02
2026-02-25 09:45:00-05:00,306.22,314.0999,305.88,312.92,27656.89
2026-02-25 09:50:00-05:00,312,315.05,312,314.8,12589.70
2026-02-25 09:55:00-05:00,314.8,317.01,314.3401,315.47,18872.13
2026-02-25 10:00:00-05:00,315.465,319.186,315,317.505,23067.61
2026-02-25 10:05:00-05:00,317.02,318.3025,315.7163,317.47,27094.79
2026-02-25 10:10:00-05:00,317.89,319,317.5901,318,9863.98
2026-02-25 10:15:00-05:00,318.13,318.36,315.58,316.05,13352.21
2026-02-25 10:20:00-05:00,316.1,316.84,314.15,315.68,15764.81
2026-02-25 10:25:00-05:00,315.235,316.89,314.97,316.535,19261.38
2026-02-25 10:30:00-05:00,316.28,316.535,312.5,312.55,45131.04
2026-02-25 10:35:00-05:00,313.095,313.7,311.01,313.25,27609.93
2026-02-25 10:40:00-05:00,312.66,315.6399,312.66,313.98,22783.79
2026-02-25 10:45:00-05:00,313.99,316.215,313.2,313.28,20949.73
2026-02-25 10:50:00-05:00,314.005,315.74,313.06,313.55,18404.62
2026-02-25 10:55:00-05:00,313.575,315.195,312.55,315.195,24047.77
2026-02-25 11:00:00-05:00,314.59,315.03,313.17,313.17,7993.73
2026-02-25 11:05:00-05:00,313.17,313.98,312.56,312.585,13899.25
2026-02-25 11:10:00-05:00,312.585,313.17,311.55,311.745,12656.78
2026-02-25 11:15:00-05:00,311.74,312.64,311.63,311.835,12610.54
2026-02-25 11:20:00-05:00,311.835,312.68,311.76,312.33,9793.14
2026-02-25 11:25:00-05:00,312.48,313.8,311.82,313.57,13004.62
2026-02-25 11:30:00-05:00,313.8965,313.8965,312.76,312.885,8957.71
2026-02-25 11:35:00-05:00,312.8401,313.16,311.955,311.955,5598.06
2026-02-25 11:40:00-05:00,312.05,312.66,311.75,312.505,15607.14
2026-02-25 11:45:00-05:00,312.5,313.02,311.88,312.665,9707.92
2026-02-25 11:50:00-05:00,312.46,313.79,312.46,313.56,14480.34
2026-02-25 11:55:00-05:00,313.57,314.03,313.06,313.35,16706.47
2026-02-25 12:00:00-05:00,313.345,313.4243,312.27,312.93,38595.91
2026-02-25 12:05:00-05:00,313.07,313.71,312.62,313.06,15447.67
2026-02-25 12:10:00-05:00,313.055,314.36,313.05,313.915,11677.32
2026-02-25 12:15:00-05:00,313.915,313.915,312.27,312.8575,38283.15
2026-02-25 12:20:00-05:00,312.86,313.4,312.31,313.21,15809.49
2026-02-25 12:25:00-05:00,313.1,313.64,312.49,312.49,9277.90
2026-02-25 12:30:00-05:00,312.485,312.86,311.33,311.7,11516.36
2026-02-25 12:35:00-05:00,311.73,312.35,310.03,310.94,14301.95
2026-02-25 12:40:00-05:00,311.09,311.44,310.2918,310.475,11272.77
2026-02-25 12:45:00-05:00,310.475,310.7,309.79,309.985,18954.07
2026-02-25 12:50:00-05:00,310.1,310.45,309.71,309.78,14036.19
2026-02-25 12:55:00-05:00,309.78,310.7765,309.42,310.65,14215.78
2026-02-25 13:00:00-05:00,310.615,311.38,310.2286,310.655,12458.56
2026-02-25 13:05:00-05:00,310.8,311.165,310.29,310.735,14985.56
2026-02-25 13:10:00-05:00,310.96,311.9,310.3775,311.485,16477.50
2026-02-25 13:15:00-05:00,311.48,311.92,311.1,311.29,11580.56
2026-02-25 13:20:00-05:00,311.46,311.63,310.99,311.18,22741.54
2026-02-25 13:25:00-05:00,311.18,311.425,310.7001,311.37,13962.62
2026-02-25 13:30:00-05:00,311.29,311.57,310.6,310.6,18807.22
2026-02-25 13:35:00-05:00,310.75,310.8825,310.07,310.1701,18041.46
2026-02-25 13:40:00-05:00,310.405,311.37,310.405,311.3275,18178.34
2026-02-25 13:45:00-05:00,311.3525,311.48,311.16,311.16,7466.10
2026-02-25 13:50:00-05:00,311.31,312.01,310.66,312.01,27637.93
2026-02-25 13:55:00-05:00,311.945,312.41,311.52,312.055,25652.22
2026-02-25 14:00:00-05:00,312.05,312.76,311.42,311.42,20067.05
2026-02-25 14:05:00-05:00,311.42,312.0899,311.42,311.77,21237.75
2026-02-25 14:10:00-05:00,311.77,312.48,311.16,312.2738,16405.00
2026-02-25 14:15:00-05:00,311.72,312.62,311.655,312.2425,14002.72
2026-02-25 14:20:00-05:00,312.16,312.17,311,311.17,11350.63
2026-02-25 14:25:00-05:00,311.19,312.28,311.04,312.28,5378.69
2026-02-25 14:30:00-05:00,311.99,313.01,311.99,312.31,12413.93
2026-02-25 14:35:00-05:00,312.3,312.5,311.66,311.835,12083.06
2026-02-25 14:40:00-05:00,311.99,313.815,311.8,313.805,28953.62
2026-02-25 14:45:00-05:00,313.54,313.765,312.99,313.035,15706.65
2026-02-25 14:50:00-05:00,313.42,313.42,312.31,312.73,14576.35
2026-02-25 14:55:00-05:00,312.73,313.8125,312.52,313.445,21941.63
2026-02-25 15:00:00-05:00,313.39,314.64,313.3511,313.81,21583.45
2026-02-25 15:05:00-05:00,313.7,313.8,312.265,312.78,17788.80
2026-02-25 15:10:00-05:00,312.87,313.38,312.86,312.92,12219.41
2026-02-25 15:15:00-05:00,312.995,313.93,312.59,313.66,17911.44
2026-02-25 15:20:00-05:00,313.5,313.7,312.3801,312.6,18225.00
2026-02-25 15:25:00-05:00,312.6,313.04,312.19,312.82,26858.32
2026-02-25 15:30:00-05:00,312.82,314.635,312.71,314.12,32768.04
2026-02-25 15:35:00-05:00,314.1,314.73,313.56,314.435,22437.00
2026-02-25 15:40:00-05:00,314.4,314.74,313.76,313.88,19517.06
2026-02-25 15:45:00-05:00,313.75,314.153,313.31,313.47,16617.62
2026-02-25 15:50:00-05:00,313.47,316.18,312.39,315.95,77169.57
2026-02-25 15:55:00-05:00,315.59,315.95,313.4901,314.69,182035.11
2026-02-26 09:30:00-05:00,321.85,327.7,320,321.8462,49990.26
2026-02-26 09:35:00-05:00,322.645,324.295,318.25,322.84,25734.69
2026-02-26 09:40:00-05:00,322.84,327,321.95,325.52,22750.28
2026-02-26 09:45:00-05:00,324.64,328.42,323.0001,328.42,65360.33
2026-02-26 09:50:00-05:00,328.51,332.96,328.04,332.095,62602.96
2026-02-26 09:55:00-05:00,332.29,334.7099,329.4,331.065,35035.15
2026-02-26 10:00:00-05:00,331.065,331.17,327.69,330.75,27514.24
2026-02-26 10:05:00-05:00,330.245,333.33,329.03,332.505,28973.49
2026-02-26 10:10:00-05:00,332.505,334.27,331.18,333.34,23536.86
2026-02-26 10:15:00-05:00,333.17,333.28,329.35,329.375,36514.59
2026-02-26 10:20:00-05:00,329.37,331.41,328.55,329.94,28299.59
2026-02-26 10:25:00-05:00,330,331.27,329,331.2,18895.92
2026-02-26 10:30:00-05:00,331.0675,331.84,328.73,329.57,29422.91
2026-02-26 10:35:00-05:00,329.66,332.22,329.66,331.49,18613.24
2026-02-26 10:40:00-05:00,332.04,334.8,331.15,334.04,28387.05
2026-02-26 10:45:00-05:00,334.16,335.24,333.37,334.0325,25218.81
2026-02-26 10:50:00-05:00,333.985,334.8799,333.2,333.85,22569.51
2026-02-26 10:55:00-05:00,334.08,335.5,332.93,334.08,51420.01
2026-02-26 11:00:00-05:00,334.17,335.07,332.27,333.145,50137.96
2026-02-26 11:05:00-05:00,333.25,334.88,333.14,334.21,25424.15
2026-02-26 11:10:00-05:00,334.34,337.0127,334.205,336.76,57065.46
2026-02-26 11:15:00-05:00,336.7854,338.515,335.81,336.13,52105.74
2026-02-26 11:20:00-05:00,336.145,337.09,334.96,335.18,23407.14
2026-02-26 11:25:00-05:00,334.91,335.47,334.5,334.7,23555.21
2026-02-26 11:30:00-05:00,334.705,334.88,333.68,333.965,26862.04
2026-02-26 11:35:00-05:00,334.5,334.735,333.2,333.91,24856.42
2026-02-26 11:40:00-05:00,333.89,334.76,332.59,332.74,28099.61
2026-02-26 11:45:00-05:00,332.735,333.2999,331.93,332.66,22237.11
2026-02-26 11:50:00-05:00,332.655,333.23,330.74,331.7499,19954.63
2026-02-26 11:55:00-05:00,331.15,331.3,329.53,329.87,14357.51
2026-02-26 12:00:00-05:00,329.69,330.69,329.26,330.1,11633.42
2026-02-26 12:05:00-05:00,330.09,330.15,328.19,328.45,13170.35
2026-02-26 12:10:00-05:00,328.58,328.84,327.15,327.73,12365.83
2026-02-26 12:15:00-05:00,327.905,329.12,327.53,328.87,19107.26
2026-02-26 12:20:00-05:00,328.76,329.19,328.23,328.88,11027.17
2026-02-26 12:25:00-05:00,328.875,329.2,327.55,328.2689,17182.21
2026-02-26 12:30:00-05:00,328.065,329.47,327.36,329.47,8668.26
2026-02-26 12:35:00-05:00,329.55,329.55,328.09,328.09,7869.20
2026-02-26 12:40:00-05:00,328.13,328.8499,327.07,327.36,5885.16
2026-02-26 12:45:00-05:00,327.36,329.17,327.14,328.705,14080.41
2026-02-26 12:50:00-05:00,328.705,330.32,328.705,329.99,12099.41
2026-02-26 12:55:00-05:00,329.59,329.59,328.42,329.38,9798.69
2026-02-26 13:00:00-05:00,329.19,329.67,328.09,328.385,11736.34
2026-02-26 13:05:00-05:00,328.385,328.385,327.08,327.2,8322.59
2026-02-26 13:10:00-05:00,327.59,327.63,326.08,326.65,9873.94
2026-02-26 13:15:00-05:00,326.5,327.99,326.39,327.99,11070.39
2026-02-26 13:20:00-05:00,328.13,328.55,327.09,328.39,12263.39
2026-02-26 13:25:00-05:00,328.5,329.155,328.08,328.6,6647.11
2026-02-26 13:30:00-05:00,328.605,331.57,328.605,331.33,13116.97
2026-02-26 13:35:00-05:00,331.2,331.86,330.79,331.45,14017.41
2026-02-26 13:40:00-05:00,331.16,331.79,330.8,331.2,9034.59
2026-02-26 13:45:00-05:00,330.94,331.71,330.66,331.06,11148.28
2026-02-26 13:50:00-05:00,331.23,331.73,330.85,331.61,18521.90
2026-02-26 13:55:00-05:00,331.71,332.1975,330.84,331,18597.32
2026-02-26 14:00:00-05:00,330.84,331.93,330.83,331.645,9795.41
2026-02-26 14:05:00-05:00,331.81,332.78,331.28,332.59,11218.26
2026-02-26 14:10:00-05:00,332.7,333.61,332.53,333.4,15167.81
2026-02-26 14:15:00-05:00,333.39,333.7,329.36,329.88,38515.80
2026-02-26 14:20:00-05:00,330.14,331.53,329.51,330.73,21964.04
2026-02-26 14:25:00-05:00,330.37,332.21,329.5,329.51,19164.65
2026-02-26 14:30:00-05:00,329.84,331.51,329.03,330.22,14844.61
2026-02-26 14:35:00-05:00,330.86,331.46,330.22,330.955,28977.58
2026-02-26 14:40:00-05:00,331.16,331.17,330.11,330.12,15163.60
2026-02-26 14:45:00-05:00,330.33,332.17,329.59,331.81,19927.95
2026-02-26 14:50:00-05:00,331.87,332.3999,330.33,332.33,20676.56
2026-02-26 14:55:00-05:00,332.3,332.57,331.35,331.935,34965.60
2026-02-26 15:00:00-05:00,332.105,332.44,331.34,332.185,16900.47
2026-02-26 15:05:00-05:00,332.1825,332.61,331.745,332.075,22694.09
2026-02-26 15:10:00-05:00,332.29,333.68,331.7,333.33,24886.46
2026-02-26 15:15:00-05:00,333.13,333.6,332.45,333.08,17200.46
2026-02-26 15:20:00-05:00,333.08,333.47,331.84,332.155,21469.52
2026-02-26 15:25:00-05:00,332.155,333.55,332.155,333.01,29535.08
2026-02-26 15:30:00-05:00,332.8,334.45,332.49,333.55,36511.87
2026-02-26 15:35:00-05:00,333.82,334.45,333.19,334.33,31668.13
2026-02-26 15:40:00-05:00,334.36,334.91,333.54,334.5,40920.68
2026-02-26 15:45:00-05:00,334.5,335.71,334.415,335.12,38973.63
2026-02-26 15:50:00-05:00,335.11,335.78,334.92,335.745,78614.38
2026-02-26 15:55:00-05:00,335.745,337,335.72,336.61,173654.80
2026-02-27 09:30:00-05:00,328.785,331.3,324,326.655,56384.33
2026-02-27 09:35:00-05:00,327.34,327.6999,322.12,322.12,28464.85
2026-02-27 09:40:00-05:00,322.12,322.6,319.57,321.9899,22467.05
2026-02-27 09:45:00-05:00,321,321.99,319.5,321.18,27549.53
2026-02-27 09:50:00-05:00,320.6,322.44,319.81,322.015,20510.70
2026-02-27 09:55:00-05:00,321.895,322.22,320.575,321.5,21806.91
2026-02-27 10:00:00-05:00,321.07,326.0499,320.42,324.9,14174.55
2026-02-27 10:05:00-05:00,324,327,324,325.785,21530.20
2026-02-27 10:10:00-05:00,325.785,328.49,325.78,327.38,15521.26
2026-02-27 10:15:00-05:00,327.74,328.45,326,327.095,31116.04
2026-02-27 10:20:00-05:00,327.04,327.64,325.98,326.28,16079.39
2026-02-27 10:25:00-05:00,326.3,327.35,325.28,327.005,15160.56
2026-02-27 10:30:00-05:00,327.005,327.8299,325.24,326.95,23764.48
2026-02-27 10:35:00-05:00,326.93,327.3216,325,325.24,13509.83
2026-02-27 10:40:00-05:00,325.31,325.94,324.58,325.7314,10010.90
2026-02-27 10:45:00-05:00,325.43,325.53,323.27,324.37,14052.14
2026-02-27 10:50:00-05:00,324.415,324.415,322.92,323.48,9293.17
2026-02-27 10:55:00-05:00,323.27,324,322.72,323.65,20425.07
2026-02-27 11:00:00-05:00,323.65,324.15,322.87,323.48,13177.40
2026-02-27 11:05:00-05:00,323.47,323.47,320.81,321,16423.12
2026-02-27 11:10:00-05:00,320.995,322.36,320.77,322.04,23086.83
2026-02-27 11:15:00-05:00,322.05,322.41,321.17,321.82,11342.32
2026-02-27 11:20:00-05:00,321.48,322.0759,319.6,321.03,24901.40
2026-02-27 11:25:00-05:00,321.03,322.39,320.42,320.965,12260.94
2026-02-27 11:30:00-05:00,321.51,321.71,320.73,321.71,10153.00
2026-02-27 11:35:00-05:00,321.7245,321.7245,320.59,320.92,5944.55
2026-02-27 11:40:00-05:00,320.815,323.44,320.6,322.82,32158.24
2026-02-27 11:45:00-05:00,322.73,323.91,322.73,323.65,16425.71
2026-02-27 11:50:00-05:00,323.665,324.38,323.36,323.63,19686.42
2026-02-27 11:55:00-05:00,323.94,324.82,323.895,324.405,16047.73
2026-02-27 12:00:00-05:00,324.405,324.97,323.82,323.82,13812.78
2026-02-27 12:05:00-05:00,323.65,324.09,323.19,323.5,7688.82
2026-02-27 12:10:00-05:00,323.515,323.85,322.54,322.76,7092.64
2026-02-27 12:15:00-05:00,322.75,322.75,322.0373,322.11,5520.62
2026-02-27 12:20:00-05:00,322.22,322.3226,321.16,322.3226,11740.36
2026-02-27 12:25:00-05:00,322.21,322.75,321.85,321.87,9836.49
2026-02-27 12:30:00-05:00,322.395,322.96,321.4,322.325,11258.71
2026-02-27 12:35:00-05:00,322.325,323.09,321.77,321.77,8952.61
2026-02-27 12:40:00-05:00,322.26,322.37,320.89,321.4,7753.17
2026-02-27 12:45:00-05:00,321.4,321.85,321.08,321.42,6151.41
2026-02-27 12:50:00-05:00,321.405,321.67,320.94,320.94,5751.66
2026-02-27 12:55:00-05:00,320.925,321.51,320.8,320.95,15282.44
2026-02-27 13:00:00-05:00,320.78,320.89,319.865,320.04,16638.27
2026-02-27 13:05:00-05:00,320.29,321.79,320.26,321.54,8631.08
2026-02-27 13:10:00-05:00,321.54,321.72,320.64,320.65,5119.80
2026-02-27 13:15:00-05:00,320.65,320.97,319.66,319.66,16071.45
2026-02-27 13:20:00-05:00,319.74,320.29,319.21,320.17,32976.08
2026-02-27 13:25:00-05:00,319.98,321.14,319.67,321.13,14318.34
2026-02-27 13:30:00-05:00,321.125,321.68,320.96,321.58,10027.95
2026-02-27 13:35:00-05:00,321.58,321.69,320.98,321.165,5940.32
2026-02-27 13:40:00-05:00,321.22,321.72,321.02,321.55,8231.02
2026-02-27 13:45:00-05:00,321.7,321.72,321.14,321.35,12628.18
2026-02-27 13:50:00-05:00,321.31,321.93,320.86,321.895,14229.81
2026-02-27 13:55:00-05:00,322.0028,322.15,321.33,321.885,15948.54
2026-02-27 14:00:00-05:00,322,322.36,321.03,321.37,11142.73
2026-02-27 14:05:00-05:00,321.435,321.955,320.81,321.215,8973.85
2026-02-27 14:10:00-05:00,321.52,321.73,321.1101,321.485,5674.74
2026-02-27 14:15:00-05:00,321.31,321.37,320.485,320.645,18401.09
2026-02-27 14:20:00-05:00,320.82,321.41,320.64,321.365,12304.18
2026-02-27 14:25:00-05:00,321.36,322.34,321.14,321.14,14398.88
2026-02-27 14:30:00-05:00,321.3576,322.06,320.96,321.615,11993.19
2026-02-27 14:35:00-05:00,321.525,322.12,320.36,322.07,25283.99
2026-02-27 14:40:00-05:00,322.08,322.19,321.515,322.19,9863.31
2026-02-27 14:45:00-05:00,322.35,322.62,321.835,321.875,9180.17
2026-02-27 14:50:00-05:00,321.69,322.25,321.3,322.25,10865.52
2026-02-27 14:55:00-05:00,322.09,322.73,321.27,321.615,14073.00
2026-02-27 15:00:00-05:00,321.61,322.32,321.61,321.73,10945.35
2026-02-27 15:05:00-05:00,321.85,322.49,321.46,322.426,11803.29
2026-02-27 15:10:00-05:00,322.3054,323.41,322.03,323.35,21907.51
2026-02-27 15:15:00-05:00,323.29,324.24,322.8001,323.245,24842.60
2026-02-27 15:20:00-05:00,323.235,323.37,322.47,323.155,17507.50
2026-02-27 15:25:00-05:00,323.155,323.4,322.3341,322.395,15799.10
2026-02-27 15:30:00-05:00,322.395,323.25,322.22,322.765,29304.84
2026-02-27 15:35:00-05:00,322.755,322.755,321.96,322.315,25539.47
2026-02-27 15:40:00-05:00,322.315,323.07,322.295,322.54,44289.96
2026-02-27 15:45:00-05:00,322.87,324.08,322.49,323.935,46502.55
2026-02-27 15:50:00-05:00,324.09,326.3,324.08,326.07,73835.42
2026-02-27 15:55:00-05:00,326.21,328.69,326.07,328.49,184032.06
