timestamp,open,high,low,close,volume
2025-11-25 09:30:00-05:00,174.29,174.94,173.72,174.28,63329.00
2025-11-25 09:35:00-05:00,174.505,174.97,174.335,174.84,12609.00
2025-11-25 09:40:00-05:00,174.84,174.86,173.68,173.85,24665.00
2025-11-25 09:45:00-05:00,173.845,174.44,173.845,173.865,40862.00
2025-11-25 09:50:00-05:00,173.865,174.21,173.5,174.09,24092.00
2025-11-25 09:55:00-05:00,174.19,174.5,173.87,174.5,26089.00
2025-11-25 10:00:00-05:00,174.39,174.82,174.01,174.42,24907.00
2025-11-25 10:05:00-05:00,174.57,175.3,174.505,175.08,24944.00
2025-11-25 10:10:00-05:00,175.12,175.57,174.72,174.825,29135.00
2025-11-25 10:15:00-05:00,174.72,175.38,174.645,175.27,26012.00
2025-11-25 10:20:00-05:00,175.23,175.72,175.11,175.55,36236.00
2025-11-25 10:25:00-05:00,175.55,175.94,175.44,175.44,28971.00
2025-11-25 10:30:00-05:00,175.52,175.96,175.505,175.8325,35020.00
2025-11-25 10:35:00-05:00,175.89,176.08,175.76,176.05,30558.00
2025-11-25 10:40:00-05:00,176.07,176.39,176.07,176.325,28575.00
2025-11-25 10:45:00-05:00,176.33,176.68,176.33,176.58,34293.00
2025-11-25 10:50:00-05:00,176.5675,176.5675,175.696,175.9,21621.00
2025-11-25 10:55:00-05:00,175.89,175.98,175.53,175.53,32705.00
2025-11-25 11:00:00-05:00,175.66,175.68,175.4,175.66,18795.00
2025-11-25 11:05:00-05:00,175.66,176.17,175.622,176.08,27058.00
2025-11-25 11:10:00-05:00,176.08,176.11,175.86,175.89,28504.00
2025-11-25 11:15:00-05:00,175.89,176.1,175.83,176.08,15159.00
2025-11-25 11:20:00-05:00,176.11,176.45,176.1,176.445,27156.00
2025-11-25 11:25:00-05:00,176.47,176.47,176.15,176.4,22080.00
2025-11-25 11:30:00-05:00,176.42,176.45,176.31,176.385,13593.00
2025-11-25 11:35:00-05:00,176.39,176.84,176.34,176.84,31796.00
2025-11-25 11:40:00-05:00,176.83,177,176.7614,176.885,22340.00
2025-11-25 11:45:00-05:00,176.885,177.02,176.73,176.96,22970.00
2025-11-25 11:50:00-05:00,177,177.32,176.92,177.32,25309.00
2025-11-25 11:55:00-05:00,177.325,177.325,177.06,177.09,23310.00
2025-11-25 12:00:00-05:00,177.11,177.3,177.05,177.16,21751.00
2025-11-25 12:05:00-05:00,177.2,177.22,176.73,176.95,18369.00
2025-11-25 12:10:00-05:00,176.885,176.99,176.6,176.6,15876.00
2025-11-25 12:15:00-05:00,176.69,176.75,176.32,176.32,23819.00
2025-11-25 12:20:00-05:00,176.32,176.38,176.11,176.18,17299.00
2025-11-25 12:25:00-05:00,176.23,176.42,176.19,176.41,18592.00
2025-11-25 12:30:00-05:00,176.3775,176.3775,175.89,176.08,20906.00
2025-11-25 12:35:00-05:00,176.01,176.15,175.94,175.94,21723.00
2025-11-25 12:40:00-05:00,175.935,176.1,175.86,176,17517.00
2025-11-25 12:45:00-05:00,176,176.03,175.86,175.92,25502.00
2025-11-25 12:50:00-05:00,175.9,176.12,175.9,176.12,25390.00
2025-11-25 12:55:00-05:00,176.115,176.15,175.92,176.12,32393.00
2025-11-25 13:00:00-05:00,176.15,176.16,175.99,176.07,18433.00
2025-11-25 13:05:00-05:00,176.08,176.35,176.02,176.21,49379.00
2025-11-25 13:10:00-05:00,176.22,176.3,176.03,176.091,33232.00
2025-11-25 13:15:00-05:00,176.135,176.26,175.96,176.15,36604.00
2025-11-25 13:20:00-05:00,176.19,176.31,176.11,176.1101,26584.00
2025-11-25 13:25:00-05:00,176.1525,176.3,176.11,176.23,28341.00
2025-11-25 13:30:00-05:00,176.195,176.44,176.14,176.42,30540.00
2025-11-25 13:35:00-05:00,176.395,176.5,176.3,176.44,20345.00
2025-11-25 13:40:00-05:00,176.4101,176.57,176.19,176.44,42536.00
2025-11-25 13:45:00-05:00,176.415,176.52,176.245,176.42,68120.00
2025-11-25 13:50:00-05:00,176.37,176.48,176.32,176.42,22477.00
2025-11-25 13:55:00-05:00,176.44,176.48,176.17,176.35,29509.00
2025-11-25 14:00:00-05:00,176.34,176.47,176.27,176.39,59432.00
2025-11-25 14:05:00-05:00,176.39,176.42,175.93,175.94,31136.00
2025-11-25 14:10:00-05:00,175.835,176.22,175.79,176.17,89718.00
2025-11-25 14:15:00-05:00,176.21,176.23,176.02,176.09,38067.00
2025-11-25 14:20:00-05:00,176.09,176.15,176.03,176.135,22848.00
2025-11-25 14:25:00-05:00,176.14,176.19,175.79,175.79,51431.00
2025-11-25 14:30:00-05:00,175.795,176.09,175.795,176.05,24625.00
2025-11-25 14:35:00-05:00,175.98,176.23,175.955,176.13,25443.00
2025-11-25 14:40:00-05:00,176.11,176.21,176.03,176.135,51709.00
2025-11-25 14:45:00-05:00,176.135,176.135,175.6,175.89,89792.00
2025-11-25 14:50:00-05:00,175.9425,176.09,175.92,175.99,21516.00
2025-11-25 14:55:00-05:00,176.01,176.18,175.89,176.145,47432.00
2025-11-25 15:00:00-05:00,176.1,176.23,175.9905,176.13,66038.00
2025-11-25 15:05:00-05:00,176.1,176.29,176.02,176.21,58483.00
2025-11-25 15:10:00-05:00,176.21,176.28,175.81,175.885,34907.00
2025-11-25 15:15:00-05:00,175.89,176.04,175.78,175.845,91471.00
2025-11-25 15:20:00-05:00,175.845,176.09,175.6,175.865,133336.00
2025-11-25 15:25:00-05:00,175.865,176,175.725,175.86,120359.00
2025-11-25 15:30:00-05:00,175.85,176.08,175.77,176.035,143360.00
2025-11-25 15:35:00-05:00,176.05,176.51,176.02,176.37,86552.00
2025-11-25 15:40:00-05:00,176.425,176.51,176.09,176.17,41458.00
2025-11-25 15:45:00-05:00,176.17,176.68,176.17,176.65,54479.00
2025-11-25 15:50:00-05:00,176.62,177.09,176.3,176.985,144274.00
2025-11-25 15:55:00-05:00,177.02,177.19,176.46,176.49,465093.00
2025-11-26 09:30:00-05:00,176.23,176.45,175.53,175.775,31850.00
2025-11-26 09:35:00-05:00,175.775,176.28,175.47,176.175,30760.00
2025-11-26 09:40:00-05:00,176.4,176.5,175.93,176.18,17556.00
2025-11-26 09:45:00-05:00,176.025,176.47,175.84,176.285,19401.00
2025-11-26 09:50:00-05:00,176.2851,176.66,176.17,176.515,10123.00
2025-11-26 09:55:00-05:00,176.555,176.95,176.33,176.875,38714.00
2025-11-26 10:00:00-05:00,176.68,176.78,176.305,176.57,27540.00
2025-11-26 10:05:00-05:00,176.37,176.56,176.22,176.525,17713.00
2025-11-26 10:10:00-05:00,176.5,176.62,176.26,176.35,18530.00
2025-11-26 10:15:00-05:00,176.35,176.6,176.2,176.49,19084.00
2025-11-26 10:20:00-05:00,176.52,176.76,176.43,176.76,13531.00
2025-11-26 10:25:00-05:00,176.71,176.88,176.62,176.67,13947.00
2025-11-26 10:30:00-05:00,176.74,176.85,176.57,176.67,17925.00
2025-11-26 10:35:00-05:00,176.59,176.6,176.24,176.44,38161.00
2025-11-26 10:40:00-05:00,176.37,176.385,175.95,176.285,58326.00
2025-11-26 10:45:00-05:00,176.2925,176.52,176.22,176.45,54099.00
2025-11-26 10:50:00-05:00,176.45,176.54,176.295,176.5,40200.00
2025-11-26 10:55:00-05:00,176.48,176.63,176.37,176.44,56493.00
2025-11-26 11:00:00-05:00,176.465,176.64,176.33,176.43,60016.00
2025-11-26 11:05:00-05:00,176.47,176.91,176.47,176.8975,30985.00
2025-11-26 11:10:00-05:00,176.88,177.23,176.88,177.18,21994.00
2025-11-26 11:15:00-05:00,177.18,177.25,177.05,177.25,15523.00
2025-11-26 11:20:00-05:00,177.225,177.37,177.185,177.37,15299.00
2025-11-26 11:25:00-05:00,177.2505,177.39,177.09,177.14,12506.00
2025-11-26 11:30:00-05:00,177.08,177.35,177.04,177.27,13010.00
2025-11-26 11:35:00-05:00,177.37,177.48,177.28,177.455,8759.00
2025-11-26 11:40:00-05:00,177.525,177.57,177.47,177.48,8187.00
2025-11-26 11:45:00-05:00,177.53,177.74,177.48,177.67,11483.00
2025-11-26 11:50:00-05:00,177.67,177.69,177.54,177.64,8432.00
2025-11-26 11:55:00-05:00,177.69,177.97,177.69,177.81,10691.00
2025-11-26 12:00:00-05:00,177.765,177.82,177.685,177.82,15587.00
2025-11-26 12:05:00-05:00,177.87,178,177.86,178,13644.00
2025-11-26 12:10:00-05:00,178,178.09,177.78,177.83,15782.00
2025-11-26 12:15:00-05:00,177.825,177.88,177.64,177.83,36556.00
2025-11-26 12:20:00-05:00,177.835,177.9,177.8,177.875,5413.00
2025-11-26 12:25:00-05:00,177.81,177.97,177.77,177.92,7720.00
2025-11-26 12:30:00-05:00,177.935,178,177.8,177.9,12413.00
2025-11-26 12:35:00-05:00,177.918,178,177.58,177.875,23094.00
2025-11-26 12:40:00-05:00,177.85,177.85,177.54,177.54,18007.00
2025-11-26 12:45:00-05:00,177.63,177.76,177.41,177.72,16217.00
2025-11-26 12:50:00-05:00,177.71,177.785,177.67,177.7,6812.00
2025-11-26 12:55:00-05:00,177.66,177.82,177.65,177.68,10420.00
2025-11-26 13:00:00-05:00,177.61,177.69,177.5901,177.65,9392.00
2025-11-26 13:05:00-05:00,177.63,177.75,177.33,177.46,22315.00
2025-11-26 13:10:00-05:00,177.475,177.475,177.12,177.46,37391.00
2025-11-26 13:15:00-05:00,177.41,177.54,177.41,177.45,8653.00
2025-11-26 13:20:00-05:00,177.45,177.63,177.43,177.625,9334.00
2025-11-26 13:25:00-05:00,177.6115,177.65,177.51,177.56,9556.00
2025-11-26 13:30:00-05:00,177.51,177.58,177.48,177.545,11084.00
2025-11-26 13:35:00-05:00,177.5,177.72,177.5,177.665,8523.00
2025-11-26 13:40:00-05:00,177.61,177.6799,177.48,177.48,12559.00
2025-11-26 13:45:00-05:00,177.51,177.66,177.42,177.6454,9362.00
2025-11-26 13:50:00-05:00,177.64,177.7,177.59,177.59,5677.00
2025-11-26 13:55:00-05:00,177.69,177.69,177.5,177.535,9069.00
2025-11-26 14:00:00-05:00,177.59,177.64,177.56,177.56,9594.00
2025-11-26 14:05:00-05:00,177.62,177.74,177.55,177.74,9131.00
2025-11-26 14:10:00-05:00,177.7299,177.7299,177.6084,177.675,14401.00
2025-11-26 14:15:00-05:00,177.65,177.7,177.58,177.62,24253.00
2025-11-26 14:20:00-05:00,177.5875,177.77,177.57,177.72,9364.00
2025-11-26 14:25:00-05:00,177.68,177.9,177.62,177.88,25188.00
2025-11-26 14:30:00-05:00,177.835,177.9,177.835,177.855,15812.00
2025-11-26 14:35:00-05:00,177.86,177.96,177.7,177.7,19300.00
2025-11-26 14:40:00-05:00,177.7,177.73,177.605,177.665,10778.00
2025-11-26 14:45:00-05:00,177.66,177.66,177.53,177.59,9363.00
2025-11-26 14:50:00-05:00,177.59,177.65,177.49,177.595,15117.00
2025-11-26 14:55:00-05:00,177.63,177.64,177.4501,177.49,9603.00
2025-11-26 15:00:00-05:00,177.5,177.6,177.41,177.46,13568.00
2025-11-26 15:05:00-05:00,177.44,177.465,177.36,177.43,12402.00
2025-11-26 15:10:00-05:00,177.39,177.4025,177.28,177.305,8378.00
2025-11-26 15:15:00-05:00,177.3,177.5,177.25,177.42,17310.00
2025-11-26 15:20:00-05:00,177.47,177.62,177.44,177.59,18035.00
2025-11-26 15:25:00-05:00,177.56,177.76,177.55,177.75,27200.00
2025-11-26 15:30:00-05:00,177.7675,177.97,177.7475,177.97,28041.00
2025-11-26 15:35:00-05:00,177.98,178.005,177.77,177.85,48422.00
2025-11-26 15:40:00-05:00,177.85,177.94,177.82,177.87,50025.00
2025-11-26 15:45:00-05:00,177.87,178.02,177.78,177.78,30817.00
2025-11-26 15:50:00-05:00,177.75,177.93,177.64,177.875,75264.00
2025-11-26 15:55:00-05:00,177.82,177.93,177.65,177.67,203375.00
2025-11-28 09:30:00-05:00,177.31,178.1899,176.95,177.5599,19586.00
2025-11-28 09:35:00-05:00,177.47,177.47,176.84,176.84,4169.00
2025-11-28 09:40:00-05:00,177.1871,177.26,176.6475,176.865,20260.00
2025-11-28 09:45:00-05:00,176.865,177.21,176.865,177.21,7414.00
2025-11-28 09:50:00-05:00,177.25,177.395,177.085,177.2,7798.00
2025-11-28 09:55:00-05:00,177.17,177.79,177.03,177.52,19500.00
2025-11-28 10:00:00-05:00,177.46,177.46,176.95,176.95,8688.00
2025-11-28 10:05:00-05:00,177.045,177.36,176.995,177.24,24230.00
2025-11-28 10:10:00-05:00,177.265,177.36,177.07,177.07,12903.00
2025-11-28 10:15:00-05:00,177.07,177.29,176.95,177.17,14989.00
2025-11-28 10:20:00-05:00,177.115,177.42,177.11,177.28,17273.00
2025-11-28 10:25:00-05:00,177.24,177.26,177.1,177.215,10213.00
2025-11-28 10:30:00-05:00,177.11,177.44,177.04,177.44,17895.00
2025-11-28 10:35:00-05:00,177.385,177.4,177.06,177.06,13596.00
2025-11-28 10:40:00-05:00,177.06,177.06,176.9,177,14366.00
2025-11-28 10:45:00-05:00,177,177.07,176.25,176.25,23039.00
2025-11-28 10:50:00-05:00,176.25,176.52,176.25,176.4444,12734.00
2025-11-28 10:55:00-05:00,176.47,177.07,176.47,176.99,16325.00
2025-11-28 11:00:00-05:00,176.985,177.33,176.985,177.33,16470.00
2025-11-28 11:05:00-05:00,177.265,177.27,176.94,176.94,12437.00
2025-11-28 11:10:00-05:00,176.935,177.11,176.87,177.075,11602.00
2025-11-28 11:15:00-05:00,177.075,177.13,176.98,177.05,9356.00
2025-11-28 11:20:00-05:00,177.07,177.17,177,177.15,10414.00
2025-11-28 11:25:00-05:00,177.15,177.15,176.94,176.975,14881.00
2025-11-28 11:30:00-05:00,176.95,177.11,176.92,176.97,16727.00
2025-11-28 11:35:00-05:00,176.9,177.045,176.89,177.045,7472.00
2025-11-28 11:40:00-05:00,177.04,177.12,176.96,177.08,11524.00
2025-11-28 11:45:00-05:00,177.08,177.08,176.96,177.05,10394.00
2025-11-28 11:50:00-05:00,176.98,177.03,176.87,176.875,12784.00
2025-11-28 11:55:00-05:00,176.86,176.91,176.705,176.7475,11424.00
2025-11-28 12:00:00-05:00,176.72,176.8,176.6,176.71,11473.00
2025-11-28 12:05:00-05:00,176.71,176.77,176.66,176.755,9380.00
2025-11-28 12:10:00-05:00,176.7475,176.85,176.6,176.64,18353.00
2025-11-28 12:15:00-05:00,176.635,176.74,176.52,176.52,14335.00
2025-11-28 12:20:00-05:00,176.53,176.65,176.32,176.32,12127.00
2025-11-28 12:25:00-05:00,176.42,176.44,176.245,176.3,12565.00
2025-11-28 12:30:00-05:00,176.26,176.32,176.18,176.3,17431.00
2025-11-28 12:35:00-05:00,176.32,176.44,176.29,176.3,14769.00
2025-11-28 12:40:00-05:00,176.3,176.45,176.26,176.36,28900.00
2025-11-28 12:45:00-05:00,176.33,176.48,176.29,176.46,31733.00
2025-11-28 12:50:00-05:00,176.435,176.47,176.29,176.45,51281.00
2025-11-28 12:55:00-05:00,176.49,176.74,176.28,176.32,116446.00
2025-11-28 13:00:00-05:00,176.36,176.36,176.29,176.29,186480.00
2025-12-01 09:30:00-05:00,175.49,176.1,174.88,176.09,53364.00
2025-12-01 09:35:00-05:00,175.9,176.435,175.7,176.1138,27816.00
2025-12-01 09:40:00-05:00,176.13,176.47,176.125,176.26,19544.00
2025-12-01 09:45:00-05:00,176.38,176.54,176.21,176.52,28529.00
2025-12-01 09:50:00-05:00,176.745,176.97,176.68,176.77,33026.00
2025-12-01 09:55:00-05:00,176.815,177.35,176.815,177.15,19697.00
2025-12-01 10:00:00-05:00,177.25,177.45,176.94,177.275,31195.00
2025-12-01 10:05:00-05:00,177.17,177.445,177.07,177.07,16658.00
2025-12-01 10:10:00-05:00,177.02,177.22,176.81,177.22,14246.00
2025-12-01 10:15:00-05:00,177.13,177.38,176.91,177.38,15193.00
2025-12-01 10:20:00-05:00,177.43,177.46,177.2,177.435,20628.00
2025-12-01 10:25:00-05:00,177.45,177.59,177.35,177.585,14074.00
2025-12-01 10:30:00-05:00,177.5,177.695,177.37,177.575,17032.00
2025-12-01 10:35:00-05:00,177.53,177.54,177.29,177.29,18124.00
2025-12-01 10:40:00-05:00,177.3075,177.63,177.3075,177.495,16685.00
2025-12-01 10:45:00-05:00,177.55,177.685,177.445,177.645,8975.00
2025-12-01 10:50:00-05:00,177.66,177.96,177.59,177.89,17003.00
2025-12-01 10:55:00-05:00,177.9425,178.06,177.91,178.01,13362.00
2025-12-01 11:00:00-05:00,178.01,178.08,177.93,178.04,8936.00
2025-12-01 11:05:00-05:00,178.04,178.075,177.93,178.04,45121.00
2025-12-01 11:10:00-05:00,178.09,178.12,177.98,178.05,11759.00
2025-12-01 11:15:00-05:00,178,178.12,177.93,178.05,25076.00
2025-12-01 11:20:00-05:00,177.99,178.14,177.89,177.985,20202.00
2025-12-01 11:25:00-05:00,178.05,178.13,177.98,178.04,16160.00
2025-12-01 11:30:00-05:00,178.11,178.14,178.02,178.105,15658.00
2025-12-01 11:35:00-05:00,178.1075,178.14,177.97,178.1,21887.00
2025-12-01 11:40:00-05:00,178.1,178.34,178.1,178.18,18319.00
2025-12-01 11:45:00-05:00,178.18,178.24,178.16,178.19,4192.00
2025-12-01 11:50:00-05:00,178.16,178.16,178.045,178.12,20798.00
2025-12-01 11:55:00-05:00,178.12,178.345,178.1,178.345,17533.00
2025-12-01 12:00:00-05:00,178.27,178.405,178.245,178.295,16849.00
2025-12-01 12:05:00-05:00,178.34,178.59,178.335,178.56,54826.00
2025-12-01 12:10:00-05:00,178.575,178.69,178.39,178.635,66011.00
2025-12-01 12:15:00-05:00,178.58,178.61,178.315,178.34,17449.00
2025-12-01 12:20:00-05:00,178.29,178.35,178.22,178.345,11757.00
2025-12-01 12:25:00-05:00,178.27,178.38,178.24,178.34,11206.00
2025-12-01 12:30:00-05:00,178.325,178.41,178.305,178.305,9196.00
2025-12-01 12:35:00-05:00,178.31,178.4,178.26,178.32,13356.00
2025-12-01 12:40:00-05:00,178.32,178.485,178.32,178.425,8110.00
2025-12-01 12:45:00-05:00,178.45,178.48,178.33,178.3995,19535.00
2025-12-01 12:50:00-05:00,178.41,178.5,178.34,178.4412,12864.00
2025-12-01 12:55:00-05:00,178.455,178.5,178.34,178.44,15373.00
2025-12-01 13:00:00-05:00,178.51,178.52,178.36,178.52,11160.00
2025-12-01 13:05:00-05:00,178.51,178.695,178.51,178.67,7563.00
2025-12-01 13:10:00-05:00,178.655,178.68,178.54,178.675,12722.00
2025-12-01 13:15:00-05:00,178.68,178.71,178.61,178.645,10279.00
2025-12-01 13:20:00-05:00,178.68,178.71,178.63,178.6725,8297.00
2025-12-01 13:25:00-05:00,178.71,178.8,178.67,178.75,16938.00
2025-12-01 13:30:00-05:00,178.75,178.75,178.67,178.67,8825.00
2025-12-01 13:35:00-05:00,178.68,178.68,178.485,178.5,13015.00
2025-12-01 13:40:00-05:00,178.485,178.49,178.415,178.415,6769.00
2025-12-01 13:45:00-05:00,178.41,178.46,178.29,178.29,11499.00
2025-12-01 13:50:00-05:00,178.2851,178.37,178.28,178.28,16648.00
2025-12-01 13:55:00-05:00,178.33,178.35,178.21,178.29,16269.00
2025-12-01 14:00:00-05:00,178.26,178.3299,178.16,178.25,12476.00
2025-12-01 14:05:00-05:00,178.245,178.245,178.1,178.11,11150.00
2025-12-01 14:10:00-05:00,178.11,178.14,177.945,177.945,8570.00
2025-12-01 14:15:00-05:00,178,178.03,177.825,177.825,16500.00
2025-12-01 14:20:00-05:00,177.82,177.82,177.43,177.48,23988.00
2025-12-01 14:25:00-05:00,177.45,177.58,177.38,177.43,19237.00
2025-12-01 14:30:00-05:00,177.38,177.49,177.38,177.45,14872.00
2025-12-01 14:35:00-05:00,177.445,177.615,177.445,177.615,16910.00
2025-12-01 14:40:00-05:00,177.555,177.6,177.49,177.565,13291.00
2025-12-01 14:45:00-05:00,177.62,177.735,177.57,177.69,17001.00
2025-12-01 14:50:00-05:00,177.6601,177.72,177.475,177.63,19813.00
2025-12-01 14:55:00-05:00,177.57,177.655,177.55,177.635,9467.00
2025-12-01 15:00:00-05:00,177.635,177.725,177.61,177.705,17770.00
2025-12-01 15:05:00-05:00,177.675,177.72,177.435,177.4991,19723.00
2025-12-01 15:10:00-05:00,177.56,177.56,177.47,177.5,11030.00
2025-12-01 15:15:00-05:00,177.525,177.525,177.191,177.25,23404.00
2025-12-01 15:20:00-05:00,177.215,177.3141,177.215,177.265,18794.00
2025-12-01 15:25:00-05:00,177.27,177.82,177.27,177.755,45215.00
2025-12-01 15:30:00-05:00,177.84,177.87,177.395,177.435,42989.00
2025-12-01 15:35:00-05:00,177.4,177.59,177.39,177.555,35053.00
2025-12-01 15:40:00-05:00,177.55,177.56,177.38,177.405,33098.00
2025-12-01 15:45:00-05:00,177.3625,177.505,177.36,177.43,43593.00
2025-12-01 15:50:00-05:00,177.44,177.86,177.44,177.56,99193.00
2025-12-01 15:55:00-05:00,177.43,177.54,177.29,177.51,242381.00
2025-12-02 09:30:00-05:00,177.72,177.94,176.39,176.39,26525.00
2025-12-02 09:35:00-05:00,176.57,176.78,176.26,176.46,15883.00
2025-12-02 09:40:00-05:00,176.55,176.695,176.08,176.48,17828.00
2025-12-02 09:45:00-05:00,176.425,176.635,176.3,176.535,8507.00
2025-12-02 09:50:00-05:00,176.555,176.82,176.4,176.69,17642.00
2025-12-02 09:55:00-05:00,176.595,176.81,176.4525,176.57,17611.00
2025-12-02 10:00:00-05:00,176.64,176.93,176.56,176.58,22443.00
2025-12-02 10:05:00-05:00,176.57,176.93,176.495,176.93,18897.00
2025-12-02 10:10:00-05:00,177.01,177.01,176.74,176.95,17702.00
2025-12-02 10:15:00-05:00,177.01,177.11,176.81,176.82,18124.00
2025-12-02 10:20:00-05:00,176.82,176.93,176.63,176.8925,13700.00
2025-12-02 10:25:00-05:00,176.97,176.97,176.65,176.67,18375.00
2025-12-02 10:30:00-05:00,176.67,176.72,176.5,176.69,20404.00
2025-12-02 10:35:00-05:00,176.8,177.125,176.77,177.125,12606.00
2025-12-02 10:40:00-05:00,177.13,177.27,177.01,177.23,13370.00
2025-12-02 10:45:00-05:00,177.225,177.36,177.02,177.02,10810.00
2025-12-02 10:50:00-05:00,177.065,177.4,177.06,177.4,8578.00
2025-12-02 10:55:00-05:00,177.35,177.58,177.35,177.47,12626.00
2025-12-02 11:00:00-05:00,177.51,177.97,177.455,177.95,23072.00
2025-12-02 11:05:00-05:00,177.925,178.03,177.88,177.935,35934.00
2025-12-02 11:10:00-05:00,177.92,177.935,177.375,177.49,54688.00
2025-12-02 11:15:00-05:00,177.485,177.6,177.425,177.52,13103.00
2025-12-02 11:20:00-05:00,177.59,177.59,177.33,177.35,9876.00
2025-12-02 11:25:00-05:00,177.33,177.365,177.23,177.235,10789.00
2025-12-02 11:30:00-05:00,177.2182,177.39,177.19,177.39,14206.00
2025-12-02 11:35:00-05:00,177.48,177.48,177.19,177.31,10970.00
2025-12-02 11:40:00-05:00,177.39,177.4,177.18,177.2179,6619.00
2025-12-02 11:45:00-05:00,177.2,177.255,177.1,177.185,15114.00
2025-12-02 11:50:00-05:00,177.195,177.52,177.19,177.36,14393.00
2025-12-02 11:55:00-05:00,177.39,177.42,177.28,177.28,7546.00
2025-12-02 12:00:00-05:00,177.295,177.46,177.295,177.45,5438.00
2025-12-02 12:05:00-05:00,177.41,177.41,177.15,177.27,9962.00
2025-12-02 12:10:00-05:00,177.265,177.39,177.265,177.33,6991.00
2025-12-02 12:15:00-05:00,177.355,177.73,177.33,177.72,15315.00
2025-12-02 12:20:00-05:00,177.7,177.71,177.58,177.58,8778.00
2025-12-02 12:25:00-05:00,177.57,177.75,177.57,177.72,10185.00
2025-12-02 12:30:00-05:00,177.71,177.76,177.69,177.725,4739.00
2025-12-02 12:35:00-05:00,177.68,177.75,177.535,177.55,14298.00
2025-12-02 12:40:00-05:00,177.575,177.71,177.52,177.685,6712.00
2025-12-02 12:45:00-05:00,177.69,177.6919,177.55,177.62,10730.00
2025-12-02 12:50:00-05:00,177.57,177.57,177.385,177.385,12819.00
2025-12-02 12:55:00-05:00,177.39,177.425,177.3,177.3,12761.00
2025-12-02 13:00:00-05:00,177.28,177.445,177.28,177.42,12420.00
2025-12-02 13:05:00-05:00,177.43,177.535,177.36,177.41,15847.00
2025-12-02 13:10:00-05:00,177.39,177.45,177.335,177.35,7138.00
2025-12-02 13:15:00-05:00,177.3725,177.49,177.3725,177.49,9750.00
2025-12-02 13:20:00-05:00,177.5,177.69,177.46,177.65,10800.00
2025-12-02 13:25:00-05:00,177.61,177.615,177.555,177.61,7638.00
2025-12-02 13:30:00-05:00,177.64,177.67,177.47,177.47,12174.00
2025-12-02 13:35:00-05:00,177.525,177.61,177.525,177.55,5941.00
2025-12-02 13:40:00-05:00,177.55,177.63,177.5,177.625,8886.00
2025-12-02 13:45:00-05:00,177.59,177.76,177.57,177.68,11843.00
2025-12-02 13:50:00-05:00,177.67,177.71,177.6,177.7,10448.00
2025-12-02 13:55:00-05:00,177.7,177.73,177.58,177.645,24702.00
2025-12-02 14:00:00-05:00,177.65,177.745,177.61,177.725,8521.00
2025-12-02 14:05:00-05:00,177.68,177.71,177.62,177.7,11412.00
2025-12-02 14:10:00-05:00,177.6501,177.75,177.5,177.575,31422.00
2025-12-02 14:15:00-05:00,177.6,177.825,177.58,177.77,13157.00
2025-12-02 14:20:00-05:00,177.85,177.85,177.67,177.75,9016.00
2025-12-02 14:25:00-05:00,177.75,177.82,177.7156,177.8,10966.00
2025-12-02 14:30:00-05:00,177.79,177.9,177.79,177.875,12675.00
2025-12-02 14:35:00-05:00,177.91,177.95,177.84,177.93,11238.00
2025-12-02 14:40:00-05:00,177.97,177.98,177.92,177.955,11326.00
2025-12-02 14:45:00-05:00,177.98,178.07,177.98,178.01,9691.00
2025-12-02 14:50:00-05:00,178.01,178.15,178.01,178.11,7111.00
2025-12-02 14:55:00-05:00,178.13,178.22,178.0558,178.16,23257.00
2025-12-02 15:00:00-05:00,178.17,178.23,178.15,178.18,11672.00
2025-12-02 15:05:00-05:00,178.175,178.24,178.16,178.16,18873.00
2025-12-02 15:10:00-05:00,178.19,178.19,177.97,178.025,20265.00
2025-12-02 15:15:00-05:00,178.054,178.285,178.054,178.2,16588.00
2025-12-02 15:20:00-05:00,178.22,178.34,178.18,178.33,16709.00
2025-12-02 15:25:00-05:00,178.32,178.41,178.28,178.31,17922.00
2025-12-02 15:30:00-05:00,178.3,178.38,178.27,178.29,20381.00
2025-12-02 15:35:00-05:00,178.285,178.38,178.24,178.35,27480.00
2025-12-02 15:40:00-05:00,178.31,178.515,178.3,178.3,35129.00
2025-12-02 15:45:00-05:00,178.285,178.48,178.285,178.435,44118.00
2025-12-02 15:50:00-05:00,178.49,178.53,178.02,178.16,93475.00
2025-12-02 15:55:00-05:00,178.12,178.12,177.57,177.57,297880.00
2025-12-03 09:30:00-05:00,178.37,178.64,177.85,178.11,39020.00
2025-12-03 09:35:00-05:00,178.115,178.38,177.8,178.35,12321.00
2025-12-03 09:40:00-05:00,178.26,178.45,178.125,178.27,18314.00
2025-12-03 09:45:00-05:00,178.2058,178.47,178,178.15,10407.00
2025-12-03 09:50:00-05:00,178.09,178.24,177.6367,177.8676,8204.00
2025-12-03 09:55:00-05:00,177.745,177.9,177.515,177.78,27324.00
2025-12-03 10:00:00-05:00,177.78,178.17,177.54,177.54,18010.00
2025-12-03 10:05:00-05:00,177.535,177.75,177.29,177.655,11294.00
2025-12-03 10:10:00-05:00,177.675,177.96,177.66,177.81,16870.00
2025-12-03 10:15:00-05:00,177.865,178.12,177.865,178.04,11431.00
2025-12-03 10:20:00-05:00,178.02,178.02,177.64,177.645,14455.00
2025-12-03 10:25:00-05:00,177.74,177.88,177.62,177.62,8994.00
2025-12-03 10:30:00-05:00,177.59,177.73,177.46,177.52,28781.00
2025-12-03 10:35:00-05:00,177.495,177.58,177.32,177.325,13288.00
2025-12-03 10:40:00-05:00,177.325,177.41,177.12,177.27,17158.00
2025-12-03 10:45:00-05:00,177.24,177.34,177.24,177.275,5727.00
2025-12-03 10:50:00-05:00,177.28,177.34,177.17,177.27,7127.00
2025-12-03 10:55:00-05:00,177.22,177.49,177.22,177.32,9913.00
2025-12-03 11:00:00-05:00,177.395,177.55,177.33,177.545,4315.00
2025-12-03 11:05:00-05:00,177.555,177.61,177.32,177.41,28378.00
2025-12-03 11:10:00-05:00,177.44,177.88,177.4,177.88,18357.00
2025-12-03 11:15:00-05:00,177.87,178,177.7771,177.98,6451.00
2025-12-03 11:20:00-05:00,177.99,178.06,177.75,177.81,23997.00
2025-12-03 11:25:00-05:00,177.9,177.95,177.74,177.95,11718.00
2025-12-03 11:30:00-05:00,177.9,177.93,177.76,177.93,16250.00
2025-12-03 11:35:00-05:00,177.95,178.02,177.9,177.9,11098.00
2025-12-03 11:40:00-05:00,177.92,178.13,177.89,178.055,8519.00
2025-12-03 11:45:00-05:00,178.05,178.15,177.95,177.97,33855.00
2025-12-03 11:50:00-05:00,177.94,177.94,177.78,177.805,3569.00
2025-12-03 11:55:00-05:00,177.755,177.82,177.69,177.8025,5467.00
2025-12-03 12:00:00-05:00,177.795,177.91,177.795,177.9,7088.00
2025-12-03 12:05:00-05:00,177.89,177.96,177.88,177.895,4878.00
2025-12-03 12:10:00-05:00,177.9355,178.15,177.93,178.15,31388.00
2025-12-03 12:15:00-05:00,178.17,178.21,178.13,178.18,3156.00
2025-12-03 12:20:00-05:00,178.14,178.18,177.74,177.78,28860.00
2025-12-03 12:25:00-05:00,177.795,177.875,177.795,177.87,9851.00
2025-12-03 12:30:00-05:00,177.855,177.91,177.73,177.75,15622.00
2025-12-03 12:35:00-05:00,177.7,177.895,177.7,177.86,18245.00
2025-12-03 12:40:00-05:00,177.88,177.94,177.665,177.75,14281.00
2025-12-03 12:45:00-05:00,177.75,177.77,177.66,177.75,6586.00
2025-12-03 12:50:00-05:00,177.71,177.77,177.61,177.715,7400.00
2025-12-03 12:55:00-05:00,177.63,177.69,177.525,177.58,10061.00
2025-12-03 13:00:00-05:00,177.593,177.68,177.593,177.64,5020.00
2025-12-03 13:05:00-05:00,177.59,177.83,177.58,177.8,35138.00
2025-12-03 13:10:00-05:00,177.83,178,177.74,177.8851,21733.00
2025-12-03 13:15:00-05:00,177.95,177.96,177.89,177.905,4504.00
2025-12-03 13:20:00-05:00,177.905,177.94,177.76,177.8212,8357.00
2025-12-03 13:25:00-05:00,177.72,177.8199,177.65,177.66,20080.00
2025-12-03 13:30:00-05:00,177.675,177.755,177.63,177.695,7925.00
2025-12-03 13:35:00-05:00,177.64,177.69,177.57,177.69,8230.00
2025-12-03 13:40:00-05:00,177.7,177.7,177.63,177.65,3896.00
2025-12-03 13:45:00-05:00,177.68,177.964,177.59,177.96,47198.00
2025-12-03 13:50:00-05:00,177.91,177.93,177.84,177.885,5041.00
2025-12-03 13:55:00-05:00,177.84,177.89,177.63,177.82,26600.00
2025-12-03 14:00:00-05:00,177.805,178,177.805,177.91,9518.00
2025-12-03 14:05:00-05:00,177.87,177.87,177.81,177.86,3894.00
2025-12-03 14:10:00-05:00,177.85,177.86,177.71,177.7475,9946.00
2025-12-03 14:15:00-05:00,177.73,177.73,177.61,177.62,13623.00
2025-12-03 14:20:00-05:00,177.69,177.69,177.61,177.63,5812.00
2025-12-03 14:25:00-05:00,177.63,177.7,177.57,177.655,21922.00
2025-12-03 14:30:00-05:00,177.69,177.76,177.58,177.6222,14971.00
2025-12-03 14:35:00-05:00,177.64,177.74,177.64,177.705,9267.00
2025-12-03 14:40:00-05:00,177.72,177.72,177.59,177.615,9287.00
2025-12-03 14:45:00-05:00,177.615,177.7895,177.615,177.7895,11191.00
2025-12-03 14:50:00-05:00,177.79,177.81,177.75,177.75,5265.00
2025-12-03 14:55:00-05:00,177.765,177.77,177.62,177.635,19155.00
2025-12-03 15:00:00-05:00,177.64,177.87,177.64,177.87,26248.00
2025-12-03 15:05:00-05:00,177.9,177.9,177.75,177.83,10251.00
2025-12-03 15:10:00-05:00,177.88,177.96,177.88,177.88,14228.00
2025-12-03 15:15:00-05:00,177.92,177.99,177.8,177.8,30755.00
2025-12-03 15:20:00-05:00,177.85,177.98,177.85,177.97,18280.00
2025-12-03 15:25:00-05:00,177.98,178.025,177.9075,178.01,21359.00
2025-12-03 15:30:00-05:00,178.015,178.06,177.97,178,20555.00
2025-12-03 15:35:00-05:00,178,178.06,177.95,178.025,36128.00
2025-12-03 15:40:00-05:00,178.05,178.205,178.03,178.065,49610.00
2025-12-03 15:45:00-05:00,178.065,178.1,177.87,177.9,20846.00
2025-12-03 15:50:00-05:00,177.95,178.49,177.94,178.26,78699.00
2025-12-03 15:55:00-05:00,178.24,178.25,177.91,178.01,147878.00
2025-12-04 09:30:00-05:00,178.67,179.05,178.05,178.0757,41117.00
2025-12-04 09:35:00-05:00,177.9,177.9,177.405,177.535,36036.00
2025-12-04 09:40:00-05:00,177.535,177.82,177.38,177.82,15825.00
2025-12-04 09:45:00-05:00,177.695,177.7025,177.34,177.4258,11075.00
2025-12-04 09:50:00-05:00,177.26,177.28,176.86,177.0451,18027.00
2025-12-04 09:55:00-05:00,177.09,177.32,177.02,177.11,15748.00
2025-12-04 10:00:00-05:00,177.15,177.215,176.885,176.966,30710.00
2025-12-04 10:05:00-05:00,177.02,177.085,176.65,176.68,45316.00
2025-12-04 10:10:00-05:00,176.66,176.8925,176.62,176.89,40510.00
2025-12-04 10:15:00-05:00,176.89,177.16,176.89,177.015,11857.00
2025-12-04 10:20:00-05:00,177.055,177.11,176.89,177.1,10766.00
2025-12-04 10:25:00-05:00,177.09,177.235,176.92,177.15,16574.00
2025-12-04 10:30:00-05:00,177.175,177.69,177.13,177.69,10759.00
2025-12-04 10:35:00-05:00,177.595,177.85,177.595,177.72,15088.00
2025-12-04 10:40:00-05:00,177.73,177.73,177.5246,177.5246,8525.00
2025-12-04 10:45:00-05:00,177.47,177.74,177.47,177.71,23238.00
2025-12-04 10:50:00-05:00,177.66,177.75,177.545,177.73,7186.00
2025-12-04 10:55:00-05:00,177.69,178.03,177.67,177.925,16557.00
2025-12-04 11:00:00-05:00,177.925,178.1,177.91,178.03,12826.00
2025-12-04 11:05:00-05:00,178.025,178.26,177.91,178.26,10772.00
2025-12-04 11:10:00-05:00,178.2,178.28,178.18,178.23,8173.00
2025-12-04 11:15:00-05:00,178.235,178.31,178.12,178.12,8401.00
2025-12-04 11:20:00-05:00,178.125,178.125,177.875,177.875,6666.00
2025-12-04 11:25:00-05:00,177.86,177.93,177.66,177.91,9468.00
2025-12-04 11:30:00-05:00,177.93,178.04,177.83,177.955,12486.00
2025-12-04 11:35:00-05:00,178.06,178.06,177.935,177.935,4522.00
2025-12-04 11:40:00-05:00,177.925,178.09,177.88,178.0445,10908.00
2025-12-04 11:45:00-05:00,178.1,178.2,178.1,178.2,2436.00
2025-12-04 11:50:00-05:00,178.22,178.33,178.21,178.2204,9712.00
2025-12-04 11:55:00-05:00,178.29,178.36,178.255,178.26,6802.00
2025-12-04 12:00:00-05:00,178.25,178.32,178.14,178.15,6592.00
2025-12-04 12:05:00-05:00,178.18,178.2,178.02,178.02,6154.00
2025-12-04 12:10:00-05:00,177.98,177.99,177.925,177.925,5316.00
2025-12-04 12:15:00-05:00,177.98,178.03,177.8,177.84,9364.00
2025-12-04 12:20:00-05:00,177.835,177.94,177.825,177.94,8016.00
2025-12-04 12:25:00-05:00,177.93,177.94,177.8349,177.94,5593.00
2025-12-04 12:30:00-05:00,177.89,178.01,177.865,177.98,9417.00
2025-12-04 12:35:00-05:00,178.02,178.15,178.02,178.11,9956.00
2025-12-04 12:40:00-05:00,178.12,178.33,178.08,178.285,11142.00
2025-12-04 12:45:00-05:00,178.29,178.3,178.2,178.2138,16092.00
2025-12-04 12:50:00-05:00,178.205,178.205,178.02,178.08,15747.00
2025-12-04 12:55:00-05:00,178.08,178.115,178.0201,178.06,4541.00
2025-12-04 13:00:00-05:00,178.03,178.055,177.94,177.97,13200.00
2025-12-04 13:05:00-05:00,177.97,178,177.82,177.93,23036.00
2025-12-04 13:10:00-05:00,177.88,177.88,177.76,177.88,6855.00
2025-12-04 13:15:00-05:00,177.9075,177.985,177.895,177.93,7773.00
2025-12-04 13:20:00-05:00,177.93,178.09,177.93,178.02,3276.00
2025-12-04 13:25:00-05:00,178.01,178.145,178.01,178.12,4829.00
2025-12-04 13:30:00-05:00,178.12,178.12,178,178.12,9755.00
2025-12-04 13:35:00-05:00,178.12,178.16,178.09,178.16,3556.00
2025-12-04 13:40:00-05:00,178.155,178.165,178.05,178.085,6120.00
2025-12-04 13:45:00-05:00,178.12,178.1645,178.105,178.1645,6058.00
2025-12-04 13:50:00-05:00,178.12,178.15,178.08,178.115,4262.00
2025-12-04 13:55:00-05:00,178.08,178.085,177.87,177.915,9561.00
2025-12-04 14:00:00-05:00,177.8858,177.96,177.81,177.87,7854.00
2025-12-04 14:05:00-05:00,177.835,177.93,177.81,177.905,8729.00
2025-12-04 14:10:00-05:00,177.9,177.9,177.77,177.7825,9600.00
2025-12-04 14:15:00-05:00,177.775,177.91,177.32,177.32,39211.00
2025-12-04 14:20:00-05:00,177.33,177.33,177.1,177.23,13191.00
2025-12-04 14:25:00-05:00,177.27,177.44,177.1725,177.37,29681.00
2025-12-04 14:30:00-05:00,177.37,177.45,177.296,177.435,6943.00
2025-12-04 14:35:00-05:00,177.47,177.56,177.41,177.44,9983.00
2025-12-04 14:40:00-05:00,177.45,177.5,177.38,177.38,8440.00
2025-12-04 14:45:00-05:00,177.41,177.46,177.285,177.285,13019.00
2025-12-04 14:50:00-05:00,177.3,177.34,177.25,177.33,12717.00
2025-12-04 14:55:00-05:00,177.322,177.51,177.295,177.305,21661.00
2025-12-04 15:00:00-05:00,177.28,177.33,177.23,177.23,9888.00
2025-12-04 15:05:00-05:00,177.18,177.18,177.005,177.13,18317.00
2025-12-04 15:10:00-05:00,177.16,177.24,177.09,177.215,16882.00
2025-12-04 15:15:00-05:00,177.225,177.44,177.225,177.4021,13434.00
2025-12-04 15:20:00-05:00,177.4,177.4,177.185,177.19,24685.00
2025-12-04 15:25:00-05:00,177.2,177.23,177.13,177.23,24894.00
2025-12-04 15:30:00-05:00,177.18,177.34,177.165,177.275,40633.00
2025-12-04 15:35:00-05:00,177.275,177.4,177.03,177.17,58490.00
2025-12-04 15:40:00-05:00,177.17,177.37,177.08,177.29,44287.00
2025-12-04 15:45:00-05:00,177.3307,177.3307,176.84,176.85,67197.00
2025-12-04 15:50:00-05:00,176.88,177.015,176.01,176.87,139095.00
2025-12-04 15:55:00-05:00,176.89,177.14,176.83,177.1,287545.00
2025-12-05 09:30:00-05:00,177.48,177.63,176.82,177.065,25088.00
2025-12-05 09:35:00-05:00,176.94,177.12,176.665,176.935,25109.00
2025-12-05 09:40:00-05:00,176.9516,177.33,176.945,177.205,15965.00
2025-12-05 09:45:00-05:00,177.01,177.05,176.4701,177.0375,26412.00
2025-12-05 09:50:00-05:00,177,177.02,176.49,176.57,31730.00
2025-12-05 09:55:00-05:00,176.565,176.8,176.12,176.255,21334.00
2025-12-05 10:00:00-05:00,176.33,176.45,176.24,176.31,50339.00
2025-12-05 10:05:00-05:00,176.31,176.81,176.31,176.77,32472.00
2025-12-05 10:10:00-05:00,176.69,176.69,176.35,176.365,33423.00
2025-12-05 10:15:00-05:00,176.32,176.65,176.185,176.63,17102.00
2025-12-05 10:20:00-05:00,176.68,176.84,176.515,176.66,29683.00
2025-12-05 10:25:00-05:00,176.7236,176.7236,176.59,176.63,12910.00
2025-12-05 10:30:00-05:00,176.635,176.635,176.03,176.175,21674.00
2025-12-05 10:35:00-05:00,176.25,176.54,176.14,176.49,50551.00
2025-12-05 10:40:00-05:00,176.49,176.53,176.1501,176.1501,20735.00
2025-12-05 10:45:00-05:00,176.25,176.525,176.165,176.44,28532.00
2025-12-05 10:50:00-05:00,176.495,176.78,176.48,176.76,20418.00
2025-12-05 10:55:00-05:00,176.7,176.8,176.4425,176.63,46733.00
2025-12-05 11:00:00-05:00,176.7,176.98,176.58,176.63,15749.00
2025-12-05 11:05:00-05:00,176.63,176.68,176.43,176.45,19551.00
2025-12-05 11:10:00-05:00,176.44,176.71,176.44,176.65,13098.00
2025-12-05 11:15:00-05:00,176.645,176.84,176.505,176.52,22187.00
2025-12-05 11:20:00-05:00,176.525,176.77,176.49,176.77,18613.00
2025-12-05 11:25:00-05:00,176.79,177.0551,176.79,177,11095.00
2025-12-05 11:30:00-05:00,176.975,177.34,176.975,177.34,14452.00
2025-12-05 11:35:00-05:00,177.39,177.435,177.3,177.41,12960.00
2025-12-05 11:40:00-05:00,177.385,177.39,177.125,177.14,12050.00
2025-12-05 11:45:00-05:00,177.2,177.29,177.03,177.1051,14057.00
2025-12-05 11:50:00-05:00,177.105,177.15,176.97,177.06,35612.00
2025-12-05 11:55:00-05:00,177.07,177.33,176.96,176.96,30154.00
2025-12-05 12:00:00-05:00,176.87,176.98,176.87,176.94,13859.00
2025-12-05 12:05:00-05:00,176.92,177.065,176.88,176.98,16845.00
2025-12-05 12:10:00-05:00,176.94,176.97,176.69,176.76,21116.00
2025-12-05 12:15:00-05:00,176.76,176.95,176.745,176.855,33363.00
2025-12-05 12:20:00-05:00,176.9,177.09,176.83,176.83,44109.00
2025-12-05 12:25:00-05:00,176.9,176.96,176.84,176.91,10126.00
2025-12-05 12:30:00-05:00,176.9,176.95,176.78,176.78,22176.00
2025-12-05 12:35:00-05:00,176.77,176.86,176.7425,176.8,12393.00
2025-12-05 12:40:00-05:00,176.79,176.96,176.65,176.96,33950.00
2025-12-05 12:45:00-05:00,176.9,176.92,176.66,176.66,13946.00
2025-12-05 12:50:00-05:00,176.685,176.95,176.61,176.95,22841.00
2025-12-05 12:55:00-05:00,176.95,177.14,176.95,177.11,9789.00
2025-12-05 13:00:00-05:00,177.08,177.12,176.86,176.86,20416.00
2025-12-05 13:05:00-05:00,176.85,177.04,176.85,176.95,16523.00
2025-12-05 13:10:00-05:00,176.95,176.9668,176.83,176.89,15628.00
2025-12-05 13:15:00-05:00,176.9,176.9,176.72,176.72,12016.00
2025-12-05 13:20:00-05:00,176.72,176.92,176.625,176.92,20264.00
2025-12-05 13:25:00-05:00,176.93,177.27,176.925,177.27,22475.00
2025-12-05 13:30:00-05:00,177.31,177.64,177.31,177.57,32196.00
2025-12-05 13:35:00-05:00,177.58,177.66,177.54,177.56,11527.00
2025-12-05 13:40:00-05:00,177.54,177.73,177.48,177.66,65697.00
2025-12-05 13:45:00-05:00,177.63,177.63,177.5,177.5,9094.00
2025-12-05 13:50:00-05:00,177.49,177.5002,177.335,177.46,15726.00
2025-12-05 13:55:00-05:00,177.51,177.69,177.45,177.68,14533.00
2025-12-05 14:00:00-05:00,177.69,177.86,177.65,177.86,19677.00
2025-12-05 14:05:00-05:00,177.81,177.93,177.76,177.875,15251.00
2025-12-05 14:10:00-05:00,177.875,177.88,177.45,177.45,21595.00
2025-12-05 14:15:00-05:00,177.5088,177.6,177.4201,177.45,11341.00
2025-12-05 14:20:00-05:00,177.49,177.5779,177.44,177.51,20738.00
2025-12-05 14:25:00-05:00,177.5,177.68,177.47,177.55,25211.00
2025-12-05 14:30:00-05:00,177.6,177.705,177.6,177.66,20722.00
2025-12-05 14:35:00-05:00,177.61,177.61,177.49,177.58,9340.00
2025-12-05 14:40:00-05:00,177.58,177.6,177.35,177.37,17522.00
2025-12-05 14:45:00-05:00,177.31,177.51,177.25,177.41,15029.00
2025-12-05 14:50:00-05:00,177.36,177.41,177.28,177.33,13895.00
2025-12-05 14:55:00-05:00,177.28,177.305,177.09,177.215,27437.00
2025-12-05 15:00:00-05:00,177.27,177.44,177.26,177.38,16632.00
2025-12-05 15:05:00-05:00,177.365,177.4,177.3,177.35,17613.00
2025-12-05 15:10:00-05:00,177.35,177.44,177.27,177.44,25803.00
2025-12-05 15:15:00-05:00,177.445,177.53,177.42,177.49,24039.00
2025-12-05 15:20:00-05:00,177.4715,177.4715,177.25,177.33,28651.00
2025-12-05 15:25:00-05:00,177.35,177.46,177.14,177.175,26250.00
2025-12-05 15:30:00-05:00,177.19,177.33,177.15,177.21,45942.00
2025-12-05 15:35:00-05:00,177.18,177.41,177.13,177.2,51426.00
2025-12-05 15:40:00-05:00,177.21,177.58,177.21,177.58,32214.00
2025-12-05 15:45:00-05:00,177.53,177.55,177.19,177.275,42338.00
2025-12-05 15:50:00-05:00,177.31,177.63,177.27,177.565,90359.00
2025-12-05 15:55:00-05:00,177.605,177.94,177.56,177.87,285561.00
2025-12-08 09:30:00-05:00,178.34,179.421,178.34,178.83,53600.00
2025-12-08 09:35:00-05:00,178.84,178.875,178.22,178.28,26465.00
2025-12-08 09:40:00-05:00,178.43,178.74,178.34,178.43,21528.00
2025-12-08 09:45:00-05:00,178.37,178.43,177.61,177.61,69086.00
2025-12-08 09:50:00-05:00,177.7,178.23,177.55,178.21,26202.00
2025-12-08 09:55:00-05:00,178.25,178.4517,178.13,178.22,17640.00
2025-12-08 10:00:00-05:00,178.21,178.33,178.15,178.2258,24159.00
2025-12-08 10:05:00-05:00,178.285,178.7,178.19,178.69,22108.00
2025-12-08 10:10:00-05:00,178.72,178.93,178.48,178.51,23908.00
2025-12-08 10:15:00-05:00,178.6,178.74,178.42,178.74,15576.00
2025-12-08 10:20:00-05:00,178.71,178.72,178.49,178.54,9344.00
2025-12-08 10:25:00-05:00,178.55,178.69,178.45,178.6,20369.00
2025-12-08 10:30:00-05:00,178.65,178.77,178.53,178.77,13264.00
2025-12-08 10:35:00-05:00,178.725,178.785,178.39,178.71,16506.00
2025-12-08 10:40:00-05:00,178.6845,178.7335,178.48,178.6125,13243.00
2025-12-08 10:45:00-05:00,178.64,178.67,178.51,178.545,11187.00
2025-12-08 10:50:00-05:00,178.59,178.6,178.47,178.515,10349.00
2025-12-08 10:55:00-05:00,178.56,178.59,178.21,178.29,27500.00
2025-12-08 11:00:00-05:00,178.3,178.655,178.23,178.655,14172.00
2025-12-08 11:05:00-05:00,178.71,178.775,178.09,178.09,37765.00
2025-12-08 11:10:00-05:00,178.01,178.41,177.95,177.99,39908.00
2025-12-08 11:15:00-05:00,178.055,178.245,177.99,178.075,21920.00
2025-12-08 11:20:00-05:00,178.075,178.25,178.01,178.155,17569.00
2025-12-08 11:25:00-05:00,178.13,178.32,178.02,178.32,37509.00
2025-12-08 11:30:00-05:00,178.315,178.32,178.06,178.17,20713.00
2025-12-08 11:35:00-05:00,178.185,178.34,178.04,178.085,18240.00
2025-12-08 11:40:00-05:00,178.04,178.43,178.04,178.41,22028.00
2025-12-08 11:45:00-05:00,178.49,178.49,178.32,178.45,12810.00
2025-12-08 11:50:00-05:00,178.44,178.63,178.32,178.4,15530.00
2025-12-08 11:55:00-05:00,178.42,178.5,178.29,178.29,14254.00
2025-12-08 12:00:00-05:00,178.25,178.26,177.95,178.01,15626.00
2025-12-08 12:05:00-05:00,178.04,178.15,178.002,178.11,10332.00
2025-12-08 12:10:00-05:00,178.05,178.2125,178.05,178.09,16529.00
2025-12-08 12:15:00-05:00,178.085,178.12,177.975,178.07,12086.00
2025-12-08 12:20:00-05:00,178.09,178.165,178.03,178.07,18542.00
2025-12-08 12:25:00-05:00,178.105,178.195,178.085,178.17,12339.00
2025-12-08 12:30:00-05:00,178.17,178.17,178.02,178.14,17710.00
2025-12-08 12:35:00-05:00,178.13,178.22,178.07,178.105,15794.00
2025-12-08 12:40:00-05:00,178.1,178.34,178.1,178.275,14831.00
2025-12-08 12:45:00-05:00,178.27,178.41,178.27,178.37,6083.00
2025-12-08 12:50:00-05:00,178.37,178.41,178.33,178.41,9954.00
2025-12-08 12:55:00-05:00,178.38,178.4281,178.075,178.14,16738.00
2025-12-08 13:00:00-05:00,178.11,178.11,177.87,177.91,22982.00
2025-12-08 13:05:00-05:00,177.87,177.98,177.79,177.79,12177.00
2025-12-08 13:10:00-05:00,177.82,178.1,177.77,178.1,36630.00
2025-12-08 13:15:00-05:00,178.09,178.27,178.04,178.24,5910.00
2025-12-08 13:20:00-05:00,178.19,178.42,178.145,178.3599,24007.00
2025-12-08 13:25:00-05:00,178.28,178.37,178.17,178.17,14086.00
2025-12-08 13:30:00-05:00,178.18,178.34,178.1048,178.325,17833.00
2025-12-08 13:35:00-05:00,178.31,178.53,178.25,178.38,22340.00
2025-12-08 13:40:00-05:00,178.4,178.58,178.36,178.53,14639.00
2025-12-08 13:45:00-05:00,178.62,178.67,178.43,178.44,19706.00
2025-12-08 13:50:00-05:00,178.39,178.59,178.39,178.55,12900.00
2025-12-08 13:55:00-05:00,178.59,178.61,178.44,178.47,15904.00
2025-12-08 14:00:00-05:00,178.42,178.79,178.37,178.79,18684.00
2025-12-08 14:05:00-05:00,178.78,178.78,178.59,178.69,16953.00
2025-12-08 14:10:00-05:00,178.67,178.67,178.57,178.6183,16797.00
2025-12-08 14:15:00-05:00,178.63,178.825,178.63,178.825,18066.00
2025-12-08 14:20:00-05:00,178.79,178.79,178.41,178.535,19907.00
2025-12-08 14:25:00-05:00,178.48,178.61,178.41,178.6,10903.00
2025-12-08 14:30:00-05:00,178.61,178.62,178.55,178.55,10631.00
2025-12-08 14:35:00-05:00,178.58,178.7,178.58,178.7,10127.00
2025-12-08 14:40:00-05:00,178.72,178.8,178.68,178.68,13225.00
2025-12-08 14:45:00-05:00,178.7028,178.72,178.55,178.55,14802.00
2025-12-08 14:50:00-05:00,178.55,178.56,178.239,178.29,17803.00
2025-12-08 14:55:00-05:00,178.23,178.28,178.175,178.28,24809.00
2025-12-08 15:00:00-05:00,178.28,178.33,178.01,178.01,20107.00
2025-12-08 15:05:00-05:00,177.99,178.03,177.74,177.89,30400.00
2025-12-08 15:10:00-05:00,177.895,178.1,177.86,177.99,18661.00
2025-12-08 15:15:00-05:00,177.98,178,177.86,177.99,35540.00
2025-12-08 15:20:00-05:00,177.975,178.1,177.95,178.03,16978.00
2025-12-08 15:25:00-05:00,178.03,178.04,177.92,177.95,29543.00
2025-12-08 15:30:00-05:00,177.88,178.16,177.77,178.14,29415.00
2025-12-08 15:35:00-05:00,178.12,178.12,177.954,178.06,24658.00
2025-12-08 15:40:00-05:00,178.09,178.16,178.06,178.09,32174.00
2025-12-08 15:45:00-05:00,178.085,178.11,177.98,178.02,44132.00
2025-12-08 15:50:00-05:00,178.06,178.45,177.98,178.06,117217.00
2025-12-08 15:55:00-05:00,178.045,178.2,178,178.17,201033.00
2025-12-09 09:30:00-05:00,177.31,177.645,176.19,176.3,75775.00
2025-12-09 09:35:00-05:00,176.2766,176.2766,175.64,175.95,47982.00
2025-12-09 09:40:00-05:00,176.085,176.615,175.92,175.92,21711.00
2025-12-09 09:45:00-05:00,175.92,176.45,175.6775,176.37,23043.00
2025-12-09 09:50:00-05:00,176.37,176.65,176.37,176.52,29551.00
2025-12-09 09:55:00-05:00,176.52,176.845,176.41,176.815,9946.00
2025-12-09 10:00:00-05:00,176.685,176.685,176.02,176.23,35884.00
2025-12-09 10:05:00-05:00,176.215,176.3,175.945,176.13,23838.00
2025-12-09 10:10:00-05:00,176.22,176.84,176.21,176.84,9863.00
2025-12-09 10:15:00-05:00,176.7201,177.02,176.705,177.01,10391.00
2025-12-09 10:20:00-05:00,177.01,177.18,176.99,177.125,9656.00
2025-12-09 10:25:00-05:00,177.2,177.2,177.03,177.17,10441.00
2025-12-09 10:30:00-05:00,177.14,177.24,177.015,177.11,17852.00
2025-12-09 10:35:00-05:00,177.11,177.14,177,177,10053.00
2025-12-09 10:40:00-05:00,176.98,177.14,176.955,177.045,7490.00
2025-12-09 10:45:00-05:00,177.08,177.18,177.03,177.0455,18034.00
2025-12-09 10:50:00-05:00,177.065,177.19,177.065,177.115,12917.00
2025-12-09 10:55:00-05:00,177.18,177.19,177.05,177.05,14933.00
2025-12-09 11:00:00-05:00,176.88,176.94,176.79,176.895,13970.00
2025-12-09 11:05:00-05:00,176.89,176.96,176.88,176.93,11737.00
2025-12-09 11:10:00-05:00,176.95,177.125,176.95,177.1,12453.00
2025-12-09 11:15:00-05:00,177.115,177.19,177.045,177.115,26697.00
2025-12-09 11:20:00-05:00,177.13,177.3,177.13,177.28,17834.00
2025-12-09 11:25:00-05:00,177.285,177.285,176.96,176.98,9771.00
2025-12-09 11:30:00-05:00,176.98,177.14,176.91,177.11,16682.00
2025-12-09 11:35:00-05:00,177.105,177.19,177.06,177.06,10474.00
2025-12-09 11:40:00-05:00,177.06,177.1,176.98,177.1,12145.00
2025-12-09 11:45:00-05:00,177.1,177.1,177.01,177.025,9330.00
2025-12-09 11:50:00-05:00,177.02,177.2,176.99,177.16,17326.00
2025-12-09 11:55:00-05:00,177.18,177.18,176.94,177.017,14948.00
2025-12-09 12:00:00-05:00,177.05,177.15,177.03,177.105,13457.00
2025-12-09 12:05:00-05:00,177.105,177.105,176.93,176.955,10764.00
2025-12-09 12:10:00-05:00,176.955,177.06,176.89,176.9525,18802.00
2025-12-09 12:15:00-05:00,176.965,176.99,176.88,176.99,12387.00
2025-12-09 12:20:00-05:00,177,177.02,176.8636,177,16916.00
2025-12-09 12:25:00-05:00,177,177.005,176.915,176.955,7042.00
2025-12-09 12:30:00-05:00,176.955,177,176.94,176.95,8832.00
2025-12-09 12:35:00-05:00,176.98,177.29,176.95,177.25,19999.00
2025-12-09 12:40:00-05:00,177.265,177.335,177.14,177.14,20998.00
2025-12-09 12:45:00-05:00,177.175,177.22,176.9,176.905,14815.00
2025-12-09 12:50:00-05:00,176.91,177.27,176.91,177.27,26921.00
2025-12-09 12:55:00-05:00,177.3,177.355,177.25,177.35,21425.00
2025-12-09 13:00:00-05:00,177.3598,177.67,177.32,177.67,15306.00
2025-12-09 13:05:00-05:00,177.67,177.67,177.37,177.515,20721.00
2025-12-09 13:10:00-05:00,177.52,177.56,177.47,177.47,14916.00
2025-12-09 13:15:00-05:00,177.5,177.67,177.5,177.63,15230.00
2025-12-09 13:20:00-05:00,177.6225,177.64,177.565,177.62,8111.00
2025-12-09 13:25:00-05:00,177.61,177.69,177.57,177.6699,15230.00
2025-12-09 13:30:00-05:00,177.64,177.68,177.57,177.57,12234.00
2025-12-09 13:35:00-05:00,177.6,177.615,177.395,177.395,7960.00
2025-12-09 13:40:00-05:00,177.37,177.43,177.33,177.36,10025.00
2025-12-09 13:45:00-05:00,177.33,177.45,177.32,177.43,9342.00
2025-12-09 13:50:00-05:00,177.36,177.41,177.19,177.39,57114.00
2025-12-09 13:55:00-05:00,177.35,177.42,177.14,177.37,19170.00
2025-12-09 14:00:00-05:00,177.33,177.42,177.3049,177.32,17674.00
2025-12-09 14:05:00-05:00,177.315,177.34,177.23,177.26,14966.00
2025-12-09 14:10:00-05:00,177.23,177.31,176.99,177.05,37961.00
2025-12-09 14:15:00-05:00,177.035,177.08,177,177.06,18625.00
2025-12-09 14:20:00-05:00,177.055,177.06,176.95,177.06,12555.00
2025-12-09 14:25:00-05:00,177.015,177.02,176.81,176.84,17986.00
2025-12-09 14:30:00-05:00,176.86,176.95,176.85,176.935,24023.00
2025-12-09 14:35:00-05:00,176.94,177.175,176.9,177.04,24071.00
2025-12-09 14:40:00-05:00,177.04,177.14,176.98,177.14,15938.00
2025-12-09 14:45:00-05:00,177.12,177.14,177.055,177.12,12173.00
2025-12-09 14:50:00-05:00,177.14,177.18,177.05,177.08,14431.00
2025-12-09 14:55:00-05:00,177.09,177.215,177.0401,177.08,15128.00
2025-12-09 15:00:00-05:00,177.085,177.15,176.985,176.985,7322.00
2025-12-09 15:05:00-05:00,176.985,177.075,176.86,177.05,27122.00
2025-12-09 15:10:00-05:00,177.06,177.06,176.97,177.01,6500.00
2025-12-09 15:15:00-05:00,177.01,177.13,177.01,177.1111,12598.00
2025-12-09 15:20:00-05:00,177.1,177.15,177.05,177.135,17072.00
2025-12-09 15:25:00-05:00,177.13,177.26,177.0801,177.125,17452.00
2025-12-09 15:30:00-05:00,177.09,177.15,177.01,177.01,15929.00
2025-12-09 15:35:00-05:00,177.02,177.09,177.02,177.07,18006.00
2025-12-09 15:40:00-05:00,177.08,177.27,177.08,177.16,19782.00
2025-12-09 15:45:00-05:00,177.19,177.249,177.08,177.15,28388.00
2025-12-09 15:50:00-05:00,177.25,177.56,177.1,177.245,68839.00
2025-12-09 15:55:00-05:00,177.2,177.33,176.96,176.99,194367.00
2025-12-10 09:30:00-05:00,178.14,178.94,178.14,178.47,75363.00
2025-12-10 09:35:00-05:00,178.55,179.02,178.38,178.46,52243.00
2025-12-10 09:40:00-05:00,178.46,179.04,178.12,178.9976,36359.00
2025-12-10 09:45:00-05:00,179.06,179.97,178.87,179.97,29920.00
2025-12-10 09:50:00-05:00,179.97,179.97,179.51,179.76,20556.00
2025-12-10 09:55:00-05:00,179.84,180.33,179.84,180.11,36829.00
2025-12-10 10:00:00-05:00,180.1792,180.1792,179.818,179.98,19783.00
2025-12-10 10:05:00-05:00,179.885,180.315,179.71,180.31,32267.00
2025-12-10 10:10:00-05:00,180.31,180.52,180.2,180.44,20126.00
2025-12-10 10:15:00-05:00,180.44,180.44,179.9501,180.22,19202.00
2025-12-10 10:20:00-05:00,180.23,180.29,180.14,180.29,14474.00
2025-12-10 10:25:00-05:00,180.25,180.43,180.08,180.17,21822.00
2025-12-10 10:30:00-05:00,180.17,180.19,179.64,179.69,24920.00
2025-12-10 10:35:00-05:00,179.72,180.08,179.705,180.08,33735.00
2025-12-10 10:40:00-05:00,180.05,180.39,180.04,180.155,27292.00
2025-12-10 10:45:00-05:00,180.15,180.34,179.89,180.34,35077.00
2025-12-10 10:50:00-05:00,180.37,180.53,180.27,180.47,24779.00
2025-12-10 10:55:00-05:00,180.465,180.47,180.185,180.185,26724.00
2025-12-10 11:00:00-05:00,180.18,180.32,180.05,180.14,21813.00
2025-12-10 11:05:00-05:00,180.135,180.23,180.12,180.18,12834.00
2025-12-10 11:10:00-05:00,180.13,180.37,180.13,180.34,21951.00
2025-12-10 11:15:00-05:00,180.43,180.5,180.32,180.5,64974.00
2025-12-10 11:20:00-05:00,180.5,180.61,180.3,180.36,19156.00
2025-12-10 11:25:00-05:00,180.4099,180.4099,180.2501,180.26,11102.00
2025-12-10 11:30:00-05:00,180.29,180.29,180.09,180.19,16970.00
2025-12-10 11:35:00-05:00,180.22,180.22,180.1,180.22,19632.00
2025-12-10 11:40:00-05:00,180.18,180.48,180.09,180.44,15875.00
2025-12-10 11:45:00-05:00,180.45,180.49,180.2901,180.31,12625.00
2025-12-10 11:50:00-05:00,180.3,180.47,180.19,180.47,14411.00
2025-12-10 11:55:00-05:00,180.495,180.82,180.495,180.78,15121.00
2025-12-10 12:00:00-05:00,180.83,180.83,180.51,180.51,20272.00
2025-12-10 12:05:00-05:00,180.51,180.51,180.42,180.445,12321.00
2025-12-10 12:10:00-05:00,180.44,180.47,180.23,180.2474,19586.00
2025-12-10 12:15:00-05:00,180.24,180.3,180.06,180.0968,18897.00
2025-12-10 12:20:00-05:00,180.1,180.38,180.1,180.33,23305.00
2025-12-10 12:25:00-05:00,180.34,180.44,180.29,180.4,14429.00
2025-12-10 12:30:00-05:00,180.43,180.495,180.39,180.495,9290.00
2025-12-10 12:35:00-05:00,180.44,180.51,180.35,180.38,21877.00
2025-12-10 12:40:00-05:00,180.39,180.43,180.29,180.33,14539.00
2025-12-10 12:45:00-05:00,180.305,180.435,180.25,180.435,14920.00
2025-12-10 12:50:00-05:00,180.46,180.48,180.32,180.42,13797.00
2025-12-10 12:55:00-05:00,180.44,180.5,180.41,180.445,17898.00
2025-12-10 13:00:00-05:00,180.42,180.635,180.41,180.49,32274.00
2025-12-10 13:05:00-05:00,180.51,180.58,180.44,180.485,9050.00
2025-12-10 13:10:00-05:00,180.51,180.72,180.5,180.66,19262.00
2025-12-10 13:15:00-05:00,180.665,180.71,180.44,180.48,18165.00
2025-12-10 13:20:00-05:00,180.48,180.51,180.36,180.43,10029.00
2025-12-10 13:25:00-05:00,180.41,180.62,180.27,180.525,56676.00
2025-12-10 13:30:00-05:00,180.46,180.725,180.438,180.66,25567.00
2025-12-10 13:35:00-05:00,180.66,180.73,180.58,180.615,14002.00
2025-12-10 13:40:00-05:00,180.61,180.62,180.5,180.585,14302.00
2025-12-10 13:45:00-05:00,180.58,180.74,180.515,180.56,28252.00
2025-12-10 13:50:00-05:00,180.53,180.725,180.42,180.725,41085.00
2025-12-10 13:55:00-05:00,180.725,180.95,180.69,180.92,26186.00
2025-12-10 14:00:00-05:00,180.93,181.5,180.92,181.36,55362.00
2025-12-10 14:05:00-05:00,181.365,181.5,181.03,181.245,42643.00
2025-12-10 14:10:00-05:00,181.3,181.35,181.06,181.09,35816.00
2025-12-10 14:15:00-05:00,181.09,181.33,180.99,180.99,31621.00
2025-12-10 14:20:00-05:00,180.98,180.98,180.637,180.69,22859.00
2025-12-10 14:25:00-05:00,180.69,180.9,180.6,180.88,27807.00
2025-12-10 14:30:00-05:00,180.885,181.36,180.885,181.35,40196.00
2025-12-10 14:35:00-05:00,181.35,181.565,181.26,181.565,33380.00
2025-12-10 14:40:00-05:00,181.5,181.5,180.88,180.92,41631.00
2025-12-10 14:45:00-05:00,180.92,181.34,180.915,181.26,26498.00
2025-12-10 14:50:00-05:00,181.21,181.55,181.21,181.44,58758.00
2025-12-10 14:55:00-05:00,181.49,181.69,181.49,181.69,38295.00
2025-12-10 15:00:00-05:00,181.625,181.625,181.29,181.525,34575.00
2025-12-10 15:05:00-05:00,181.525,181.63,181.29,181.31,33708.00
2025-12-10 15:10:00-05:00,181.27,181.36,181.15,181.36,50024.00
2025-12-10 15:15:00-05:00,181.38,181.4,181.03,181.075,29679.00
2025-12-10 15:20:00-05:00,181.075,181.11,180.76,180.775,47317.00
2025-12-10 15:25:00-05:00,180.73,180.86,180.66,180.795,30971.00
2025-12-10 15:30:00-05:00,180.77,181.305,180.695,181.305,44796.00
2025-12-10 15:35:00-05:00,181.285,181.43,181.19,181.35,44583.00
2025-12-10 15:40:00-05:00,181.325,181.35,181.13,181.3,37162.00
2025-12-10 15:45:00-05:00,181.23,181.425,181.23,181.31,55994.00
2025-12-10 15:50:00-05:00,181.31,182.18,181.31,182.125,166977.00
2025-12-10 15:55:00-05:00,182.19,182.52,181.685,181.791,517714.00
2025-12-11 09:30:00-05:00,182.13,182.67,181.465,182.55,45721.00
2025-12-11 09:35:00-05:00,182.55,183.29,182.55,183.1,14976.00
2025-12-11 09:40:00-05:00,183.26,183.78,183.23,183.55,31930.00
2025-12-11 09:45:00-05:00,183.7,183.74,182.7,182.7,26657.00
2025-12-11 09:50:00-05:00,182.7,182.77,182.47,182.535,10384.00
2025-12-11 09:55:00-05:00,182.4,182.7,182.35,182.66,12969.00
2025-12-11 10:00:00-05:00,182.7,182.9,182.61,182.635,25433.00
2025-12-11 10:05:00-05:00,182.635,182.93,182.635,182.93,17632.00
2025-12-11 10:10:00-05:00,182.93,183.12,182.92,183.115,16066.00
2025-12-11 10:15:00-05:00,183.02,183.5399,183.02,183.21,16138.00
2025-12-11 10:20:00-05:00,183.35,183.57,183.3,183.525,12818.00
2025-12-11 10:25:00-05:00,183.68,183.89,183.615,183.89,20260.00
2025-12-11 10:30:00-05:00,183.89,183.89,183.7,183.7,22082.00
2025-12-11 10:35:00-05:00,183.715,183.84,183.55,183.82,15197.00
2025-12-11 10:40:00-05:00,183.83,183.83,183.63,183.78,10507.00
2025-12-11 10:45:00-05:00,183.79,183.85,183.46,183.52,14776.00
2025-12-11 10:50:00-05:00,183.48,183.66,183.35,183.66,15273.00
2025-12-11 10:55:00-05:00,183.675,183.85,183.6,183.84,9434.00
2025-12-11 11:00:00-05:00,183.83,183.87,183.7,183.775,26067.00
2025-12-11 11:05:00-05:00,183.82,183.83,183.49,183.525,19373.00
2025-12-11 11:10:00-05:00,183.525,183.9,183.525,183.725,21419.00
2025-12-11 11:15:00-05:00,183.68,183.695,183.43,183.535,20630.00
2025-12-11 11:20:00-05:00,183.525,183.8729,183.48,183.8729,16113.00
2025-12-11 11:25:00-05:00,183.83,183.83,183.44,183.475,12897.00
2025-12-11 11:30:00-05:00,183.46,183.52,183.03,183.1875,21764.00
2025-12-11 11:35:00-05:00,183.2199,183.2199,182.85,182.91,50537.00
2025-12-11 11:40:00-05:00,182.83,183.005,182.82,182.82,12291.00
2025-12-11 11:45:00-05:00,182.8,182.84,182.54,182.685,13798.00
2025-12-11 11:50:00-05:00,182.62,182.62,182.19,182.19,16041.00
2025-12-11 11:55:00-05:00,182.15,182.28,181.99,182.1375,33034.00
2025-12-11 12:00:00-05:00,182.19,182.24,181.8,181.8,24400.00
2025-12-11 12:05:00-05:00,181.87,181.955,181.83,181.83,17268.00
2025-12-11 12:10:00-05:00,181.835,182.46,181.835,182.44,14338.00
2025-12-11 12:15:00-05:00,182.4704,182.53,182.205,182.26,9012.00
2025-12-11 12:20:00-05:00,182.235,182.6,182.18,182.59,9442.00
2025-12-11 12:25:00-05:00,182.61,183.03,182.61,182.9,25297.00
2025-12-11 12:30:00-05:00,182.95,183.003,182.77,182.77,10235.00
2025-12-11 12:35:00-05:00,182.77,182.91,182.67,182.83,27798.00
2025-12-11 12:40:00-05:00,182.83,182.9,182.75,182.9,6628.00
2025-12-11 12:45:00-05:00,182.95,182.97,182.77,182.77,14103.00
2025-12-11 12:50:00-05:00,182.8,182.845,182.695,182.845,16619.00
2025-12-11 12:55:00-05:00,182.89,183.03,182.88,182.9,21654.00
2025-12-11 13:00:00-05:00,182.9,182.9,182.72,182.8,21029.00
2025-12-11 13:05:00-05:00,182.89,182.9,182.67,182.815,28454.00
2025-12-11 13:10:00-05:00,182.81,182.965,182.7,182.85,26897.00
2025-12-11 13:15:00-05:00,182.84,182.9,182.77,182.79,24443.00
2025-12-11 13:20:00-05:00,182.79,182.9099,182.78,182.85,17145.00
2025-12-11 13:25:00-05:00,182.9,182.91,182.75,182.82,13129.00
2025-12-11 13:30:00-05:00,182.82,182.82,182.69,182.8,13940.00
2025-12-11 13:35:00-05:00,182.79,182.89,182.57,182.8,33936.00
2025-12-11 13:40:00-05:00,182.86,182.9,182.325,182.39,65673.00
2025-12-11 13:45:00-05:00,182.32,182.53,182.28,182.53,11655.00
2025-12-11 13:50:00-05:00,182.515,182.63,182.38,182.62,9540.00
2025-12-11 13:55:00-05:00,182.615,182.615,182.48,182.52,8614.00
2025-12-11 14:00:00-05:00,182.505,182.9,182.505,182.815,17168.00
2025-12-11 14:05:00-05:00,182.815,182.825,182.41,182.56,18068.00
2025-12-11 14:10:00-05:00,182.5897,182.5897,182.32,182.35,6940.00
2025-12-11 14:15:00-05:00,182.35,182.64,182.32,182.53,49920.00
2025-12-11 14:20:00-05:00,182.53,182.66,182.475,182.66,7010.00
2025-12-11 14:25:00-05:00,182.6675,182.71,182.6,182.6,11250.00
2025-12-11 14:30:00-05:00,182.635,182.68,182.57,182.67,29281.00
2025-12-11 14:35:00-05:00,182.67,182.7,182.4,182.49,21626.00
2025-12-11 14:40:00-05:00,182.4904,182.61,182.46,182.58,8220.00
2025-12-11 14:45:00-05:00,182.605,182.64,182.51,182.56,12219.00
2025-12-11 14:50:00-05:00,182.56,182.62,182.49,182.57,12802.00
2025-12-11 14:55:00-05:00,182.53,182.535,182.39,182.42,13569.00
2025-12-11 15:00:00-05:00,182.42,182.67,182.35,182.665,21468.00
2025-12-11 15:05:00-05:00,182.64,182.65,182.54,182.64,14847.00
2025-12-11 15:10:00-05:00,182.655,182.74,182.6173,182.74,13397.00
2025-12-11 15:15:00-05:00,182.73,182.82,182.585,182.82,20689.00
2025-12-11 15:20:00-05:00,182.82,182.82,182.57,182.58,22288.00
2025-12-11 15:25:00-05:00,182.54,182.72,182.4,182.68,27514.00
2025-12-11 15:30:00-05:00,182.68,182.76,182.68,182.695,18422.00
2025-12-11 15:35:00-05:00,182.6401,182.78,182.6401,182.745,34160.00
2025-12-11 15:40:00-05:00,182.745,182.76,182.37,182.725,88508.00
2025-12-11 15:45:00-05:00,182.73,182.82,182.62,182.82,30834.00
2025-12-11 15:50:00-05:00,182.82,183.41,182.45,182.86,124231.00
2025-12-11 15:55:00-05:00,182.93,183.21,182.82,183.15,281677.00
2025-12-12 09:30:00-05:00,184.14,185,183.51,183.9,33805.00
2025-12-12 09:35:00-05:00,183.79,184.18,183.605,183.755,29200.00
2025-12-12 09:40:00-05:00,183.835,183.9697,183.65,183.68,20532.00
2025-12-12 09:45:00-05:00,183.785,183.785,183.34,183.7,11156.00
2025-12-12 09:50:00-05:00,183.625,183.86,183.52,183.765,35917.00
2025-12-12 09:55:00-05:00,183.65,184.11,183.65,183.835,15458.00
2025-12-12 10:00:00-05:00,183.805,183.84,183.38,183.755,17835.00
2025-12-12 10:05:00-05:00,183.88,183.88,183.31,183.31,15527.00
2025-12-12 10:10:00-05:00,183.33,183.33,182.96,183.1,53729.00
2025-12-12 10:15:00-05:00,183.105,183.32,182.92,183.075,15289.00
2025-12-12 10:20:00-05:00,183.075,183.16,182.87,182.905,19075.00
2025-12-12 10:25:00-05:00,182.895,182.96,182.8,182.89,13439.00
2025-12-12 10:30:00-05:00,182.89,183.03,182.77,182.985,14392.00
2025-12-12 10:35:00-05:00,182.975,183.23,182.975,183.095,12477.00
2025-12-12 10:40:00-05:00,183.03,183.32,182.98,183.32,9905.00
2025-12-12 10:45:00-05:00,183.265,183.45,183.22,183.45,10754.00
2025-12-12 10:50:00-05:00,183.51,183.51,183.07,183.2,14871.00
2025-12-12 10:55:00-05:00,183.14,183.21,182.865,182.95,34153.00
2025-12-12 11:00:00-05:00,182.94,183.125,182.85,183.125,9878.00
2025-12-12 11:05:00-05:00,183.04,183.14,182.94,183.105,13302.00
2025-12-12 11:10:00-05:00,183.105,183.48,183.06,183.46,14402.00
2025-12-12 11:15:00-05:00,183.435,183.5,183.36,183.45,13859.00
2025-12-12 11:20:00-05:00,183.465,183.49,183.18,183.355,17182.00
2025-12-12 11:25:00-05:00,183.36,183.84,183.33,183.84,17650.00
2025-12-12 11:30:00-05:00,183.835,183.835,183.6,183.73,12957.00
2025-12-12 11:35:00-05:00,183.725,183.75,183.44,183.56,14023.00
2025-12-12 11:40:00-05:00,183.535,183.635,183.46,183.635,9717.00
2025-12-12 11:45:00-05:00,183.54,183.64,183.36,183.615,10310.00
2025-12-12 11:50:00-05:00,183.6,183.6,183.1,183.195,15684.00
2025-12-12 11:55:00-05:00,183.195,183.73,183.195,183.73,23535.00
2025-12-12 12:00:00-05:00,183.74,183.85,183.66,183.84,7005.00
2025-12-12 12:05:00-05:00,183.84,183.93,183.82,183.88,6445.00
2025-12-12 12:10:00-05:00,183.86,183.89,183.83,183.85,5915.00
2025-12-12 12:15:00-05:00,183.8516,184,183.85,183.935,12675.00
2025-12-12 12:20:00-05:00,183.93,184.025,183.72,183.81,33121.00
2025-12-12 12:25:00-05:00,183.74,183.74,183.6,183.605,5184.00
2025-12-12 12:30:00-05:00,183.66,183.85,183.6,183.85,7180.00
2025-12-12 12:35:00-05:00,183.7201,183.74,183.59,183.69,7046.00
2025-12-12 12:40:00-05:00,183.74,183.79,183.66,183.79,9214.00
2025-12-12 12:45:00-05:00,183.7425,183.9,183.72,183.9,8954.00
2025-12-12 12:50:00-05:00,183.93,183.9399,183.84,183.87,7458.00
2025-12-12 12:55:00-05:00,183.9054,183.95,183.855,183.855,6329.00
2025-12-12 13:00:00-05:00,183.85,183.85,183.7,183.75,4145.00
2025-12-12 13:05:00-05:00,183.71,183.7536,183.615,183.665,6499.00
2025-12-12 13:10:00-05:00,183.665,183.88,183.56,183.76,28662.00
2025-12-12 13:15:00-05:00,183.84,183.88,183.7,183.7,5110.00
2025-12-12 13:20:00-05:00,183.695,183.695,183.47,183.54,11914.00
2025-12-12 13:25:00-05:00,183.5388,183.67,183.51,183.67,4872.00
2025-12-12 13:30:00-05:00,183.625,183.625,183.41,183.41,6380.00
2025-12-12 13:35:00-05:00,183.41,183.51,183.29,183.36,4836.00
2025-12-12 13:40:00-05:00,183.37,183.4099,183.3,183.31,5852.00
2025-12-12 13:45:00-05:00,183.31,183.36,183.295,183.36,5354.00
2025-12-12 13:50:00-05:00,183.37,183.44,183.3,183.39,16954.00
2025-12-12 13:55:00-05:00,183.43,183.64,183.36,183.395,17604.00
2025-12-12 14:00:00-05:00,183.39,183.7,183.22,183.7,24279.00
2025-12-12 14:05:00-05:00,183.7,183.7,183.0136,183.105,20559.00
2025-12-12 14:10:00-05:00,183.2,183.2,183.09,183.09,14919.00
2025-12-12 14:15:00-05:00,183.08,183.29,183.07,183.29,9392.00
2025-12-12 14:20:00-05:00,183.3,183.31,183.16,183.22,12849.00
2025-12-12 14:25:00-05:00,183.22,183.26,182.82,182.82,22097.00
2025-12-12 14:30:00-05:00,182.855,182.9,182.48,182.5725,23609.00
2025-12-12 14:35:00-05:00,182.565,182.76,182.485,182.485,21659.00
2025-12-12 14:40:00-05:00,182.495,182.6,182.495,182.501,19999.00
2025-12-12 14:45:00-05:00,182.55,182.61,182.51,182.55,7181.00
2025-12-12 14:50:00-05:00,182.56,182.76,182.5,182.705,20730.00
2025-12-12 14:55:00-05:00,182.715,182.715,182.5,182.585,17841.00
2025-12-12 15:00:00-05:00,182.585,182.63,182.46,182.475,14327.00
2025-12-12 15:05:00-05:00,182.52,182.96,182.52,182.94,17144.00
2025-12-12 15:10:00-05:00,182.94,183.14,182.865,182.99,11276.00
2025-12-12 15:15:00-05:00,183.0899,183.0899,182.39,182.455,26217.00
2025-12-12 15:20:00-05:00,182.435,182.44,182.08,182.36,38942.00
2025-12-12 15:25:00-05:00,182.405,182.405,182.21,182.21,44318.00
2025-12-12 15:30:00-05:00,182.18,182.19,181.905,182.155,32826.00
2025-12-12 15:35:00-05:00,182.18,182.19,181.86,181.86,39782.00
2025-12-12 15:40:00-05:00,181.88,182.16,181.84,182.16,54797.00
2025-12-12 15:45:00-05:00,182.2,182.43,182.07,182.19,53615.00
2025-12-12 15:50:00-05:00,182.23,182.23,181.29,181.74,114875.00
2025-12-12 15:55:00-05:00,181.79,182.1,181.79,182.089,206928.00
2025-12-15 09:30:00-05:00,183.16,183.335,182.5,182.615,59151.00
2025-12-15 09:35:00-05:00,182.4729,183.21,182.4729,183.19,18254.00
2025-12-15 09:40:00-05:00,183.2608,183.67,183.2608,183.65,16234.00
2025-12-15 09:45:00-05:00,183.615,184.19,183.33,183.92,34638.00
2025-12-15 09:50:00-05:00,183.78,183.78,182.785,182.9125,29621.00
2025-12-15 09:55:00-05:00,182.89,183.16,182.6,183.16,30375.00
2025-12-15 10:00:00-05:00,183.18,183.66,183.12,183.14,47346.00
2025-12-15 10:05:00-05:00,183.17,183.41,183.11,183.25,16239.00
2025-12-15 10:10:00-05:00,183.23,183.24,182.88,182.94,18624.00
2025-12-15 10:15:00-05:00,182.94,183.175,182.87,183.105,27347.00
2025-12-15 10:20:00-05:00,183.055,183.055,182.68,182.68,12300.00
2025-12-15 10:25:00-05:00,182.69,182.69,182.48,182.51,10723.00
2025-12-15 10:30:00-05:00,182.46,182.47,182.205,182.205,17740.00
2025-12-15 10:35:00-05:00,182.26,182.44,181.98,182.04,21983.00
2025-12-15 10:40:00-05:00,182.03,182.34,182.02,182.07,30408.00
2025-12-15 10:45:00-05:00,182.26,182.54,182.13,182.505,33277.00
2025-12-15 10:50:00-05:00,182.51,182.73,182.42,182.73,30663.00
2025-12-15 10:55:00-05:00,182.73,182.8,182.57,182.7,21604.00
2025-12-15 11:00:00-05:00,182.75,182.75,182.52,182.57,15110.00
2025-12-15 11:05:00-05:00,182.635,182.83,182.61,182.665,41915.00
2025-12-15 11:10:00-05:00,182.69,182.8,182.58,182.8,14429.00
2025-12-15 11:15:00-05:00,182.78,182.85,182.53,182.57,23313.00
2025-12-15 11:20:00-05:00,182.56,182.59,182.49,182.58,6882.00
2025-12-15 11:25:00-05:00,182.53,182.56,182.42,182.495,9207.00
2025-12-15 11:30:00-05:00,182.505,182.505,182.32,182.425,9254.00
2025-12-15 11:35:00-05:00,182.37,182.38,182.09,182.1,16557.00
2025-12-15 11:40:00-05:00,182.17,182.32,182.09,182.26,6557.00
2025-12-15 11:45:00-05:00,182.26,182.26,182.15,182.165,6209.00
2025-12-15 11:50:00-05:00,182.155,182.34,182.12,182.34,9397.00
2025-12-15 11:55:00-05:00,182.3112,182.37,182.17,182.175,7604.00
2025-12-15 12:00:00-05:00,182.175,182.3,181.92,182,17029.00
2025-12-15 12:05:00-05:00,182,182.08,181.91,182.07,9087.00
2025-12-15 12:10:00-05:00,182.075,182.22,182.0501,182.17,7436.00
2025-12-15 12:15:00-05:00,182.12,182.145,181.92,181.92,14396.00
2025-12-15 12:20:00-05:00,181.96,182.01,181.77,182.01,25031.00
2025-12-15 12:25:00-05:00,181.965,182.16,181.93,182.09,25078.00
2025-12-15 12:30:00-05:00,182.1,182.22,182.07,182.135,6234.00
2025-12-15 12:35:00-05:00,182.15,182.33,182.15,182.33,14450.00
2025-12-15 12:40:00-05:00,182.36,182.43,182.2,182.21,18994.00
2025-12-15 12:45:00-05:00,182.26,182.33,182.16,182.29,7444.00
2025-12-15 12:50:00-05:00,182.2,182.55,182.15,182.5,21507.00
2025-12-15 12:55:00-05:00,182.5,182.58,182.49,182.57,11855.00
2025-12-15 13:00:00-05:00,182.58,182.61,182.495,182.525,13907.00
2025-12-15 13:05:00-05:00,182.57,182.58,182.47,182.51,8977.00
2025-12-15 13:10:00-05:00,182.52,182.59,182.49,182.53,10490.00
2025-12-15 13:15:00-05:00,182.47,182.5799,182.47,182.495,5423.00
2025-12-15 13:20:00-05:00,182.44,182.51,182.35,182.37,8611.00
2025-12-15 13:25:00-05:00,182.31,182.5,182.31,182.49,9343.00
2025-12-15 13:30:00-05:00,182.49,183.03,182.49,183.015,91811.00
2025-12-15 13:35:00-05:00,183.01,183.215,182.98,183.19,34879.00
2025-12-15 13:40:00-05:00,183.21,183.24,183.147,183.19,12978.00
2025-12-15 13:45:00-05:00,183.205,183.2273,183.07,183.105,10298.00
2025-12-15 13:50:00-05:00,183.17,183.27,183.155,183.22,12649.00
2025-12-15 13:55:00-05:00,183.23,183.355,183.22,183.265,22024.00
2025-12-15 14:00:00-05:00,183.265,183.32,183.16,183.31,23582.00
2025-12-15 14:05:00-05:00,183.31,183.44,183.21,183.255,37924.00
2025-12-15 14:10:00-05:00,183.27,183.27,183.09,183.1,15921.00
2025-12-15 14:15:00-05:00,183.11,183.16,183.02,183.105,15438.00
2025-12-15 14:20:00-05:00,183.12,183.125,183.01,183.065,10679.00
2025-12-15 14:25:00-05:00,183.04,183.48,183.04,183.48,21219.00
2025-12-15 14:30:00-05:00,183.5,183.5,183.33,183.365,14196.00
2025-12-15 14:35:00-05:00,183.365,183.41,183.17,183.215,12101.00
2025-12-15 14:40:00-05:00,183.215,183.26,183.1,183.26,14773.00
2025-12-15 14:45:00-05:00,183.3,183.56,183.3,183.45,20038.00
2025-12-15 14:50:00-05:00,183.45,183.69,183.45,183.53,51702.00
2025-12-15 14:55:00-05:00,183.53,183.76,183.48,183.67,59877.00
2025-12-15 15:00:00-05:00,183.66,183.96,183.66,183.91,47624.00
2025-12-15 15:05:00-05:00,183.95,184.1,183.93,184.015,18313.00
2025-12-15 15:10:00-05:00,183.99,184.12,183.88,183.88,21938.00
2025-12-15 15:15:00-05:00,183.86,183.96,183.86,183.96,19408.00
2025-12-15 15:20:00-05:00,183.9699,184.19,183.89,184.158,22194.00
2025-12-15 15:25:00-05:00,184.16,184.16,183.95,184.03,36449.00
2025-12-15 15:30:00-05:00,184.04,184.17,184,184.1,41586.00
2025-12-15 15:35:00-05:00,184.07,184.37,184.0361,184.255,43672.00
2025-12-15 15:40:00-05:00,184.28,184.305,184.21,184.26,26717.00
2025-12-15 15:45:00-05:00,184.26,184.3899,184.18,184.26,55273.00
2025-12-15 15:50:00-05:00,184.21,184.75,183.72,183.91,147938.00
2025-12-15 15:55:00-05:00,184.06,184.33,183.995,184.21,225237.00
2025-12-16 09:30:00-05:00,184.81,185.85,184.6475,185.31,44360.00
2025-12-16 09:35:00-05:00,185.23,185.68,184.97,185.135,61363.00
2025-12-16 09:40:00-05:00,185.1422,185.16,184.6,184.83,30228.00
2025-12-16 09:45:00-05:00,184.97,185.3,184.97,185.08,94647.00
2025-12-16 09:50:00-05:00,185.03,185.1,184.16,184.23,26462.00
2025-12-16 09:55:00-05:00,184.19,184.23,183.94,184.18,11377.00
2025-12-16 10:00:00-05:00,184.23,184.23,183.575,183.855,10912.00
2025-12-16 10:05:00-05:00,183.845,184.19,183.74,183.975,11772.00
2025-12-16 10:10:00-05:00,183.88,183.88,183.54,183.77,12884.00
2025-12-16 10:15:00-05:00,183.79,183.83,183.57,183.69,17233.00
2025-12-16 10:20:00-05:00,183.54,183.555,183.3,183.53,8729.00
2025-12-16 10:25:00-05:00,183.48,183.48,183.16,183.36,15027.00
2025-12-16 10:30:00-05:00,183.385,183.84,183.385,183.735,13002.00
2025-12-16 10:35:00-05:00,183.76,184.02,183.7,184.01,16585.00
2025-12-16 10:40:00-05:00,183.9575,184.09,183.79,184.09,43133.00
2025-12-16 10:45:00-05:00,184.095,184.19,183.995,184.01,34680.00
2025-12-16 10:50:00-05:00,183.97,184.05,183.66,184.01,10008.00
2025-12-16 10:55:00-05:00,184.05,184.05,183.685,183.685,31902.00
2025-12-16 11:00:00-05:00,183.7,183.82,183.601,183.67,24965.00
2025-12-16 11:05:00-05:00,183.61,183.84,183.5415,183.58,17698.00
2025-12-16 11:10:00-05:00,183.595,183.595,183.13,183.205,15286.00
2025-12-16 11:15:00-05:00,183.18,183.21,182.93,183.11,15010.00
2025-12-16 11:20:00-05:00,183.06,183.06,182.53,182.66,38665.00
2025-12-16 11:25:00-05:00,182.66,182.67,182.35,182.45,34178.00
2025-12-16 11:30:00-05:00,182.395,182.655,182.34,182.59,16320.00
2025-12-16 11:35:00-05:00,182.59,182.75,182.47,182.7,24545.00
2025-12-16 11:40:00-05:00,182.68,182.7999,182.55,182.64,26210.00
2025-12-16 11:45:00-05:00,182.675,183.1,182.57,183.1,40517.00
2025-12-16 11:50:00-05:00,183.195,183.24,183.09,183.12,15013.00
2025-12-16 11:55:00-05:00,183.12,183.14,182.92,183.08,13017.00
2025-12-16 12:00:00-05:00,183.05,183.24,183,183.13,11855.00
2025-12-16 12:05:00-05:00,183.13,183.26,183,183,12664.00
2025-12-16 12:10:00-05:00,183,183.14,182.88,182.99,17557.00
2025-12-16 12:15:00-05:00,183.07,183.12,182.9,183.05,18144.00
2025-12-16 12:20:00-05:00,183.02,183.11,182.77,182.77,11213.00
2025-12-16 12:25:00-05:00,182.855,182.87,182.64,182.785,12752.00
2025-12-16 12:30:00-05:00,182.87,182.87,182.63,182.76,14324.00
2025-12-16 12:35:00-05:00,182.75,182.97,182.74,182.85,17889.00
2025-12-16 12:40:00-05:00,182.825,183.02,182.77,182.96,10196.00
2025-12-16 12:45:00-05:00,182.94,183.02,182.85,182.99,8969.00
2025-12-16 12:50:00-05:00,182.91,183.03,182.875,183.025,11949.00
2025-12-16 12:55:00-05:00,183.005,183.005,182.86,182.935,10354.00
2025-12-16 13:00:00-05:00,182.84,182.895,182.7,182.83,22383.00
2025-12-16 13:05:00-05:00,182.805,182.84,182.64,182.75,15404.00
2025-12-16 13:10:00-05:00,182.78,182.83,182.61,182.74,12320.00
2025-12-16 13:15:00-05:00,182.6,182.72,182.5,182.5,30401.00
2025-12-16 13:20:00-05:00,182.55,182.66,182.55,182.65,6431.00
2025-12-16 13:25:00-05:00,182.645,182.69,182.57,182.57,14366.00
2025-12-16 13:30:00-05:00,182.61,182.67,182.41,182.61,22342.00
2025-12-16 13:35:00-05:00,182.595,182.64,182.53,182.635,6646.00
2025-12-16 13:40:00-05:00,182.64,182.71,182.49,182.57,19496.00
2025-12-16 13:45:00-05:00,182.64,182.71,182.59,182.6248,8310.00
2025-12-16 13:50:00-05:00,182.65,182.88,182.4,182.43,81215.00
2025-12-16 13:55:00-05:00,182.43,182.66,182.37,182.66,19662.00
2025-12-16 14:00:00-05:00,182.52,182.655,182.38,182.41,80783.00
2025-12-16 14:05:00-05:00,182.385,182.48,182.36,182.405,13640.00
2025-12-16 14:10:00-05:00,182.45,182.49,182.28,182.45,21390.00
2025-12-16 14:15:00-05:00,182.45,182.48,182.3313,182.4,23152.00
2025-12-16 14:20:00-05:00,182.4,182.575,182.4,182.46,13833.00
2025-12-16 14:25:00-05:00,182.485,182.6,182.31,182.6,17856.00
2025-12-16 14:30:00-05:00,182.58,182.6,182.51,182.53,13593.00
2025-12-16 14:35:00-05:00,182.53,182.58,182.47,182.5,10733.00
2025-12-16 14:40:00-05:00,182.55,182.6,182.45,182.5239,11338.00
2025-12-16 14:45:00-05:00,182.535,182.61,182.51,182.55,10603.00
2025-12-16 14:50:00-05:00,182.51,182.67,182.5,182.51,14628.00
2025-12-16 14:55:00-05:00,182.49,182.515,182.415,182.515,5450.00
2025-12-16 15:00:00-05:00,182.495,182.65,182.49,182.59,12175.00
2025-12-16 15:05:00-05:00,182.6,182.67,182.6,182.64,12323.00
2025-12-16 15:10:00-05:00,182.64,182.67,182.49,182.5,40923.00
2025-12-16 15:15:00-05:00,182.54,182.6,182.47,182.585,12187.00
2025-12-16 15:20:00-05:00,182.6,182.67,182.57,182.61,18462.00
2025-12-16 15:25:00-05:00,182.63,182.79,182.57,182.6,90280.00
2025-12-16 15:30:00-05:00,182.56,182.72,182.53,182.66,25411.00
2025-12-16 15:35:00-05:00,182.63,182.78,182.6,182.695,23395.00
2025-12-16 15:40:00-05:00,182.67,182.77,182.67,182.7,33731.00
2025-12-16 15:45:00-05:00,182.7,182.75,182.61,182.61,38088.00
2025-12-16 15:50:00-05:00,182.68,183.01,182.04,182.2,64480.00
2025-12-16 15:55:00-05:00,182.25,182.55,182.11,182.41,194044.00
2025-12-17 09:30:00-05:00,182.535,183.3,181.59,181.84,40266.00
2025-12-17 09:35:00-05:00,181.83,182.62,181.83,182.62,17355.00
2025-12-17 09:40:00-05:00,182.6148,183.165,182.6148,182.79,18173.00
2025-12-17 09:45:00-05:00,182.69,182.825,182.535,182.75,11424.00
2025-12-17 09:50:00-05:00,182.65,182.895,182.125,182.19,17206.00
2025-12-17 09:55:00-05:00,182.13,182.31,181.79,181.79,13344.00
2025-12-17 10:00:00-05:00,181.92,182.03,181.64,181.89,18518.00
2025-12-17 10:05:00-05:00,181.89,182.33,181.88,182.33,22579.00
2025-12-17 10:10:00-05:00,182.15,182.49,182.15,182.35,10873.00
2025-12-17 10:15:00-05:00,182.18,182.18,181.89,182.1,15985.00
2025-12-17 10:20:00-05:00,182.11,182.31,182.04,182.295,27048.00
2025-12-17 10:25:00-05:00,182.28,182.34,182.12,182.19,20885.00
2025-12-17 10:30:00-05:00,182.225,182.29,181.9,182.07,19605.00
2025-12-17 10:35:00-05:00,182.03,182.04,181.7,182.04,14727.00
2025-12-17 10:40:00-05:00,182.07,182.115,181.8,181.9,12297.00
2025-12-17 10:45:00-05:00,181.9,181.99,181.77,181.99,11431.00
2025-12-17 10:50:00-05:00,182.04,182.09,181.94,181.97,11275.00
2025-12-17 10:55:00-05:00,181.89,182.085,181.8,181.94,12023.00
2025-12-17 11:00:00-05:00,181.87,182.32,181.83,182.185,8406.00
2025-12-17 11:05:00-05:00,182.18,182.26,181.87,181.895,12254.00
2025-12-17 11:10:00-05:00,181.88,181.91,181.675,181.795,11605.00
2025-12-17 11:15:00-05:00,181.69,182.23,181.69,182.23,13884.00
2025-12-17 11:20:00-05:00,182.17,182.385,182.13,182.14,12837.00
2025-12-17 11:25:00-05:00,182.135,182.49,182.135,182.43,11414.00
2025-12-17 11:30:00-05:00,182.415,182.65,182.35,182.605,15579.00
2025-12-17 11:35:00-05:00,182.595,182.8,182.44,182.69,11877.00
2025-12-17 11:40:00-05:00,182.71,183.03,182.705,182.9,17529.00
2025-12-17 11:45:00-05:00,182.89,182.94,182.565,182.65,12539.00
2025-12-17 11:50:00-05:00,182.71,182.71,182.3,182.3,9299.00
2025-12-17 11:55:00-05:00,182.24,182.49,182.145,182.49,10044.00
2025-12-17 12:00:00-05:00,182.5299,182.5299,182.155,182.16,8279.00
2025-12-17 12:05:00-05:00,182.1625,182.353,182.155,182.2935,8300.00
2025-12-17 12:10:00-05:00,182.25,182.39,182.22,182.25,7024.00
2025-12-17 12:15:00-05:00,182.17,182.3,182.16,182.2651,5777.00
2025-12-17 12:20:00-05:00,182.265,182.48,182.25,182.48,8801.00
2025-12-17 12:25:00-05:00,182.4899,182.4899,182.31,182.31,6804.00
2025-12-17 12:30:00-05:00,182.34,182.46,182.31,182.33,8425.00
2025-12-17 12:35:00-05:00,182.31,182.31,182.22,182.22,6153.00
2025-12-17 12:40:00-05:00,182.18,182.3399,182.15,182.27,10796.00
2025-12-17 12:45:00-05:00,182.22,182.28,182.18,182.235,7135.00
2025-12-17 12:50:00-05:00,182.235,182.4,182.19,182.39,9678.00
2025-12-17 12:55:00-05:00,182.398,182.52,182.34,182.48,10115.00
2025-12-17 13:00:00-05:00,182.51,182.65,182.325,182.42,10342.00
2025-12-17 13:05:00-05:00,182.33,182.38,182.22,182.23,5854.00
2025-12-17 13:10:00-05:00,182.21,182.28,182.19,182.27,4995.00
2025-12-17 13:15:00-05:00,182.28,182.34,182.17,182.18,6992.00
2025-12-17 13:20:00-05:00,182.12,182.17,182.06,182.1,4475.00
2025-12-17 13:25:00-05:00,182.1,182.1,181.93,181.93,13812.00
2025-12-17 13:30:00-05:00,181.93,182.03,181.84,181.94,9931.00
2025-12-17 13:35:00-05:00,182.05,182.21,182.05,182.1,7800.00
2025-12-17 13:40:00-05:00,182.03,182.26,181.96,182.26,9923.00
2025-12-17 13:45:00-05:00,182.24,182.38,182.21,182.38,8277.00
2025-12-17 13:50:00-05:00,182.38,182.465,182.3,182.45,10073.00
2025-12-17 13:55:00-05:00,182.35,182.48,182.34,182.4675,7182.00
2025-12-17 14:00:00-05:00,182.48,182.575,182.44,182.575,11701.00
2025-12-17 14:05:00-05:00,182.62,182.62,182.44,182.44,6894.00
2025-12-17 14:10:00-05:00,182.46,182.485,182.37,182.485,8777.00
2025-12-17 14:15:00-05:00,182.44,182.62,182.44,182.5,11256.00
2025-12-17 14:20:00-05:00,182.47,182.52,182.4,182.51,8165.00
2025-12-17 14:25:00-05:00,182.52,182.61,182.52,182.58,11567.00
2025-12-17 14:30:00-05:00,182.55,182.665,182.54,182.615,13130.00
2025-12-17 14:35:00-05:00,182.57,182.72,182.52,182.72,9347.00
2025-12-17 14:40:00-05:00,182.71,182.83,182.6825,182.81,11048.00
2025-12-17 14:45:00-05:00,182.81,182.89,182.61,182.725,15831.00
2025-12-17 14:50:00-05:00,182.75,182.75,182.52,182.62,17030.00
2025-12-17 14:55:00-05:00,182.62,182.64,182.52,182.6,15711.00
2025-12-17 15:00:00-05:00,182.63,182.7,182.51,182.7,12189.00
2025-12-17 15:05:00-05:00,182.72,182.76,182.615,182.685,11856.00
2025-12-17 15:10:00-05:00,182.65,182.75,182.61,182.75,11071.00
2025-12-17 15:15:00-05:00,182.75,183.18,182.7,182.88,45176.00
2025-12-17 15:20:00-05:00,182.83,182.83,182.56,182.56,13017.00
2025-12-17 15:25:00-05:00,182.6,182.62,182.44,182.5,22024.00
2025-12-17 15:30:00-05:00,182.5,182.63,182.48,182.63,17744.00
2025-12-17 15:35:00-05:00,182.615,182.615,182.46,182.525,15211.00
2025-12-17 15:40:00-05:00,182.555,182.7,182.43,182.43,29481.00
2025-12-17 15:45:00-05:00,182.38,182.54,182.21,182.54,31083.00
2025-12-17 15:50:00-05:00,182.805,182.88,182.48,182.8,49187.00
2025-12-17 15:55:00-05:00,182.71,182.9,182.59,182.71,228264.00
2025-12-18 09:30:00-05:00,183.5,183.9799,183.36,183.62,25564.00
2025-12-18 09:35:00-05:00,183.63,184.16,183.63,183.91,31514.00
2025-12-18 09:40:00-05:00,184.07,184.48,183.695,183.715,17478.00
2025-12-18 09:45:00-05:00,183.84,183.9,183.7,183.7,12577.00
2025-12-18 09:50:00-05:00,183.64,184.016,183.5,183.94,10941.00
2025-12-18 09:55:00-05:00,183.98,184.33,183.92,184.33,8803.00
2025-12-18 10:00:00-05:00,184.32,184.355,184.14,184.22,18778.00
2025-12-18 10:05:00-05:00,184.26,184.5,184.225,184.225,8217.00
2025-12-18 10:10:00-05:00,184.255,184.47,184.04,184.155,12717.00
2025-12-18 10:15:00-05:00,184.08,184.17,183.96,184,10831.00
2025-12-18 10:20:00-05:00,183.95,184.25,183.915,184.234,10429.00
2025-12-18 10:25:00-05:00,184.1525,184.24,183.88,184.07,12847.00
2025-12-18 10:30:00-05:00,184.04,184.42,184.01,184.33,19986.00
2025-12-18 10:35:00-05:00,184.42,184.48,184.13,184.13,14442.00
2025-12-18 10:40:00-05:00,184.13,184.24,184.13,184.15,10893.00
2025-12-18 10:45:00-05:00,184.23,184.325,184.15,184.235,13395.00
2025-12-18 10:50:00-05:00,184.17,184.19,183.93,184.025,11867.00
2025-12-18 10:55:00-05:00,184.08,184.12,183.88,183.98,9939.00
2025-12-18 11:00:00-05:00,183.935,184.2,183.87,184.03,17621.00
2025-12-18 11:05:00-05:00,184.02,184.17,183.9,184.16,20901.00
2025-12-18 11:10:00-05:00,184.16,184.42,184.16,184.19,11474.00
2025-12-18 11:15:00-05:00,184.13,184.185,183.595,183.66,17455.00
2025-12-18 11:20:00-05:00,183.59,183.85,183.47,183.59,19038.00
2025-12-18 11:25:00-05:00,183.695,183.87,183.48,183.65,13774.00
2025-12-18 11:30:00-05:00,183.64,183.71,183.58,183.58,4062.00
2025-12-18 11:35:00-05:00,183.66,183.81,183.63,183.795,5634.00
2025-12-18 11:40:00-05:00,183.765,183.765,183.54,183.58,7794.00
2025-12-18 11:45:00-05:00,183.5,183.525,183.39,183.45,5248.00
2025-12-18 11:50:00-05:00,183.44,183.44,183.33,183.36,10070.00
2025-12-18 11:55:00-05:00,183.32,183.33,183.16,183.2,13805.00
2025-12-18 12:00:00-05:00,183.155,183.21,182.98,183.08,22940.00
2025-12-18 12:05:00-05:00,183.085,183.085,182.75,182.84,6341.00
2025-12-18 12:10:00-05:00,182.84,182.84,182.5601,182.69,7376.00
2025-12-18 12:15:00-05:00,182.685,182.72,182.54,182.665,21281.00
2025-12-18 12:20:00-05:00,182.67,182.79,182.4701,182.5,13727.00
2025-12-18 12:25:00-05:00,182.555,182.9,182.48,182.9,22588.00
2025-12-18 12:30:00-05:00,182.845,183.14,182.84,183.095,19994.00
2025-12-18 12:35:00-05:00,183.05,183.08,182.73,182.91,19063.00
2025-12-18 12:40:00-05:00,182.93,183.05,182.76,183,33760.00
2025-12-18 12:45:00-05:00,183.04,183.08,182.75,182.75,6272.00
2025-12-18 12:50:00-05:00,182.745,182.78,182.576,182.67,10808.00
2025-12-18 12:55:00-05:00,182.58,182.78,182.555,182.78,8701.00
2025-12-18 13:00:00-05:00,182.77,182.848,182.54,182.58,9755.00
2025-12-18 13:05:00-05:00,182.59,182.705,182.59,182.68,6329.00
2025-12-18 13:10:00-05:00,182.75,182.925,182.73,182.85,12582.00
2025-12-18 13:15:00-05:00,182.78,182.89,182.77,182.82,13212.00
2025-12-18 13:20:00-05:00,182.86,182.87,182.72,182.755,10674.00
2025-12-18 13:25:00-05:00,182.76,182.8,182.7,182.8,8482.00
2025-12-18 13:30:00-05:00,182.83,183.065,182.83,183.035,7956.00
2025-12-18 13:35:00-05:00,183.1,183.12,183.025,183.06,6267.00
2025-12-18 13:40:00-05:00,183.065,183.1,182.91,182.91,5723.00
2025-12-18 13:45:00-05:00,182.91,182.97,182.76,182.7825,14254.00
2025-12-18 13:50:00-05:00,182.815,182.815,182.69,182.73,8553.00
2025-12-18 13:55:00-05:00,182.78,182.92,182.78,182.82,8329.00
2025-12-18 14:00:00-05:00,182.81,182.81,182.48,182.51,11954.00
2025-12-18 14:05:00-05:00,182.565,182.565,182.2,182.26,40190.00
2025-12-18 14:10:00-05:00,182.32,182.53,182.11,182.115,38117.00
2025-12-18 14:15:00-05:00,182.17,182.3,182.08,182.08,20120.00
2025-12-18 14:20:00-05:00,182.08,182.1,181.87,182.055,21327.00
2025-12-18 14:25:00-05:00,182.08,182.235,181.953,182.1,23519.00
2025-12-18 14:30:00-05:00,182.05,182.07,181.85,181.945,9710.00
2025-12-18 14:35:00-05:00,181.85,182,181.85,181.9,13373.00
2025-12-18 14:40:00-05:00,181.9,182.06,181.76,181.76,36998.00
2025-12-18 14:45:00-05:00,181.77,181.88,181.76,181.82,20211.00
2025-12-18 14:50:00-05:00,181.88,182.14,181.81,181.885,28343.00
2025-12-18 14:55:00-05:00,181.82,181.92,181.79,181.92,10340.00
2025-12-18 15:00:00-05:00,181.97,182.17,181.88,182.17,13147.00
2025-12-18 15:05:00-05:00,182.205,182.48,182.12,182.48,26800.00
2025-12-18 15:10:00-05:00,182.45,182.6,182.44,182.515,13053.00
2025-12-18 15:15:00-05:00,182.54,182.62,182.32,182.47,14149.00
2025-12-18 15:20:00-05:00,182.48,182.52,182.4,182.485,7980.00
2025-12-18 15:25:00-05:00,182.44,182.455,182.385,182.45,11097.00
2025-12-18 15:30:00-05:00,182.45,182.93,182.45,182.87,17804.00
2025-12-18 15:35:00-05:00,182.875,182.92,182.62,182.62,18395.00
2025-12-18 15:40:00-05:00,182.61,182.76,182.61,182.75,21189.00
2025-12-18 15:45:00-05:00,182.72,182.78,182.625,182.73,24552.00
2025-12-18 15:50:00-05:00,182.77,182.94,182.41,182.58,44291.00
2025-12-18 15:55:00-05:00,182.58,182.85,182.48,182.56,267825.00
2025-12-19 09:30:00-05:00,182.9,182.9,182.28,182.32,468621.00
2025-12-19 09:35:00-05:00,182.32,182.5425,182.225,182.24,10671.00
2025-12-19 09:40:00-05:00,182.515,182.87,182.165,182.36,22911.00
2025-12-19 09:45:00-05:00,182.28,182.705,182.28,182.575,10745.00
2025-12-19 09:50:00-05:00,182.46,182.94,182.46,182.84,12284.00
2025-12-19 09:55:00-05:00,182.98,182.98,182.6,182.705,16050.00
2025-12-19 10:00:00-05:00,182.7,183.1725,182.64,183.165,25937.00
2025-12-19 10:05:00-05:00,183.165,183.165,182.51,182.61,14573.00
2025-12-19 10:10:00-05:00,182.52,182.67,182.51,182.615,8086.00
2025-12-19 10:15:00-05:00,182.61,183.025,182.61,182.96,14378.00
2025-12-19 10:20:00-05:00,182.96,183.08,182.78,182.885,18069.00
2025-12-19 10:25:00-05:00,182.85,182.94,182.725,182.83,9280.00
2025-12-19 10:30:00-05:00,182.74,182.9,182.56,182.746,9029.00
2025-12-19 10:35:00-05:00,182.82,182.87,182.665,182.79,12233.00
2025-12-19 10:40:00-05:00,182.78,182.8837,182.68,182.725,7965.00
2025-12-19 10:45:00-05:00,182.74,182.755,182.25,182.28,9297.00
2025-12-19 10:50:00-05:00,182.31,182.59,182.305,182.355,13109.00
2025-12-19 10:55:00-05:00,182.43,182.46,182.18,182.25,9953.00
2025-12-19 11:00:00-05:00,182.24,182.26,181.945,182.03,9919.00
2025-12-19 11:05:00-05:00,182.01,182.315,182.01,182.28,15297.00
2025-12-19 11:10:00-05:00,182.28,182.28,182.1,182.2,6115.00
2025-12-19 11:15:00-05:00,182.255,182.3,182.18,182.2875,5489.00
2025-12-19 11:20:00-05:00,182.34,182.34,182.16,182.24,5513.00
2025-12-19 11:25:00-05:00,182.23,182.34,182.2,182.31,9217.00
2025-12-19 11:30:00-05:00,182.35,182.43,182.29,182.3,8021.00
2025-12-19 11:35:00-05:00,182.25,182.25,181.83,181.89,24232.00
2025-12-19 11:40:00-05:00,181.89,182,181.84,181.88,15830.00
2025-12-19 11:45:00-05:00,181.865,181.865,181.595,181.65,31217.00
2025-12-19 11:50:00-05:00,181.79,181.82,181.695,181.755,12752.00
2025-12-19 11:55:00-05:00,181.7512,181.8644,181.66,181.78,22907.00
2025-12-19 12:00:00-05:00,181.79,181.83,181.51,181.595,27078.00
2025-12-19 12:05:00-05:00,181.595,181.61,181.32,181.4,21667.00
2025-12-19 12:10:00-05:00,181.4,181.705,181.315,181.62,11068.00
2025-12-19 12:15:00-05:00,181.68,181.725,181.465,181.49,8732.00
2025-12-19 12:20:00-05:00,181.58,181.8699,181.58,181.655,8528.00
2025-12-19 12:25:00-05:00,181.75,181.77,181.7,181.7,6494.00
2025-12-19 12:30:00-05:00,181.68,181.8,181.58,181.625,6765.00
2025-12-19 12:35:00-05:00,181.65,181.66,181.51,181.57,9011.00
2025-12-19 12:40:00-05:00,181.588,181.64,181.52,181.59,6618.00
2025-12-19 12:45:00-05:00,181.64,181.72,181.59,181.717,8346.00
2025-12-19 12:50:00-05:00,181.72,181.98,181.695,181.93,12806.00
2025-12-19 12:55:00-05:00,181.89,181.9,181.86,181.895,4851.00
2025-12-19 13:00:00-05:00,181.87,181.97,181.87,181.97,7507.00
2025-12-19 13:05:00-05:00,181.91,181.91,181.82,181.895,7980.00
2025-12-19 13:10:00-05:00,181.96,182.223,181.96,182.223,9151.00
2025-12-19 13:15:00-05:00,182.195,182.29,182.1901,182.1901,5631.00
2025-12-19 13:20:00-05:00,182.19,182.32,182.14,182.18,15450.00
2025-12-19 13:25:00-05:00,182.2498,182.33,182.185,182.33,15949.00
2025-12-19 13:30:00-05:00,182.29,182.3,182.11,182.24,20753.00
2025-12-19 13:35:00-05:00,182.235,182.235,182.02,182.085,5847.00
2025-12-19 13:40:00-05:00,182.1,182.15,182.03,182.08,11669.00
2025-12-19 13:45:00-05:00,182.02,182.09,181.935,181.935,10877.00
2025-12-19 13:50:00-05:00,181.91,181.925,181.88,181.92,6925.00
2025-12-19 13:55:00-05:00,181.89,181.89,181.75,181.8,12858.00
2025-12-19 14:00:00-05:00,181.805,182.02,181.77,181.94,21825.00
2025-12-19 14:05:00-05:00,181.925,181.95,181.82,181.875,9320.00
2025-12-19 14:10:00-05:00,181.83,182.0299,181.76,181.975,8335.00
2025-12-19 14:15:00-05:00,181.93,181.93,181.63,181.801,19783.00
2025-12-19 14:20:00-05:00,181.88,181.88,181.75,181.77,3642.00
2025-12-19 14:25:00-05:00,181.725,181.85,181.725,181.85,9602.00
2025-12-19 14:30:00-05:00,181.85,181.85,181.78,181.83,4978.00
2025-12-19 14:35:00-05:00,181.83,181.89,181.775,181.775,9890.00
2025-12-19 14:40:00-05:00,181.835,181.9,181.8,181.855,9773.00
2025-12-19 14:45:00-05:00,181.935,181.975,181.86,181.93,9098.00
2025-12-19 14:50:00-05:00,181.97,182.06,181.92,182.03,14163.00
2025-12-19 14:55:00-05:00,182.075,182.155,182.03,182.14,13432.00
2025-12-19 15:00:00-05:00,182.175,182.23,181.84,181.84,14153.00
2025-12-19 15:05:00-05:00,181.82,181.84,181.72,181.76,14019.00
2025-12-19 15:10:00-05:00,181.76,181.814,181.64,181.77,12790.00
2025-12-19 15:15:00-05:00,181.785,181.81,181.54,181.72,22723.00
2025-12-19 15:20:00-05:00,181.79,181.815,181.621,181.72,13831.00
2025-12-19 15:25:00-05:00,181.8,181.99,181.585,181.66,32273.00
2025-12-19 15:30:00-05:00,181.715,181.87,181.7,181.771,21281.00
2025-12-19 15:35:00-05:00,181.795,181.965,181.763,181.815,27557.00
2025-12-19 15:40:00-05:00,181.81,181.91,181.611,181.645,27268.00
2025-12-19 15:45:00-05:00,181.645,181.975,181.63,181.855,44256.00
2025-12-19 15:50:00-05:00,181.82,182.03,181.39,182,76251.00
2025-12-19 15:55:00-05:00,182.09,182.56,182.0899,182.39,279590.00
2025-12-22 09:30:00-05:00,183.51,183.75,182.49,182.665,38997.00
2025-12-22 09:35:00-05:00,182.665,183.285,182.4,183.26,14373.00
2025-12-22 09:40:00-05:00,183.02,183.22,182.75,183.03,15549.00
2025-12-22 09:45:00-05:00,182.995,183,182.56,182.56,16467.00
2025-12-22 09:50:00-05:00,182.585,182.69,181.88,182.13,28689.00
2025-12-22 09:55:00-05:00,182.22,182.23,181.81,182.2,15026.00
2025-12-22 10:00:00-05:00,182.145,182.34,182.11,182.11,22231.00
2025-12-22 10:05:00-05:00,182.1,182.1,181.08,181.41,30851.00
2025-12-22 10:10:00-05:00,181.36,181.72,181.3,181.39,18947.00
2025-12-22 10:15:00-05:00,181.39,181.48,180.49,180.69,55330.00
2025-12-22 10:20:00-05:00,180.7,180.93,180.7,180.74,19989.00
2025-12-22 10:25:00-05:00,180.74,180.935,180.63,180.8693,24338.00
2025-12-22 10:30:00-05:00,180.8,180.96,180.61,180.75,11560.00
2025-12-22 10:35:00-05:00,180.6,180.97,180.58,180.81,16842.00
2025-12-22 10:40:00-05:00,180.97,181.21,180.89,181.155,18689.00
2025-12-22 10:45:00-05:00,181.15,181.7,181.15,181.59,38399.00
2025-12-22 10:50:00-05:00,181.55,181.79,181.53,181.7,9525.00
2025-12-22 10:55:00-05:00,181.71,181.9699,181.685,181.9475,13629.00
2025-12-22 11:00:00-05:00,181.96,182,181.62,181.68,13531.00
2025-12-22 11:05:00-05:00,181.71,181.71,181.41,181.44,10916.00
2025-12-22 11:10:00-05:00,181.4,181.82,181.4,181.82,14315.00
2025-12-22 11:15:00-05:00,181.81,181.83,181.42,181.42,15072.00
2025-12-22 11:20:00-05:00,181.465,181.74,181.42,181.51,19668.00
2025-12-22 11:25:00-05:00,181.515,181.73,181.515,181.68,13781.00
2025-12-22 11:30:00-05:00,181.75,181.79,181.61,181.655,11855.00
2025-12-22 11:35:00-05:00,181.59,181.64,181.48,181.53,16689.00
2025-12-22 11:40:00-05:00,181.47,181.605,181.45,181.55,9626.00
2025-12-22 11:45:00-05:00,181.59,181.65,181.52,181.52,9604.00
2025-12-22 11:50:00-05:00,181.555,181.575,181.49,181.575,10451.00
2025-12-22 11:55:00-05:00,181.58,181.82,181.575,181.735,28260.00
2025-12-22 12:00:00-05:00,181.75,181.92,181.65,181.665,20607.00
2025-12-22 12:05:00-05:00,181.665,181.75,181.58,181.75,6546.00
2025-12-22 12:10:00-05:00,181.73,181.76,181.66,181.735,6626.00
2025-12-22 12:15:00-05:00,181.72,181.86,181.68,181.71,13726.00
2025-12-22 12:20:00-05:00,181.715,181.79,181.6,181.75,18554.00
2025-12-22 12:25:00-05:00,181.79,181.97,181.75,181.92,11150.00
2025-12-22 12:30:00-05:00,181.86,181.97,181.85,181.87,7120.00
2025-12-22 12:35:00-05:00,181.87,182.0501,181.87,182.03,5684.00
2025-12-22 12:40:00-05:00,182.005,182.15,181.94,182.15,7430.00
2025-12-22 12:45:00-05:00,182.1575,182.212,182.07,182.135,12802.00
2025-12-22 12:50:00-05:00,182.1,182.17,182.06,182.17,6551.00
2025-12-22 12:55:00-05:00,182.14,182.335,182.14,182.265,7239.00
2025-12-22 13:00:00-05:00,182.23,182.2899,182.16,182.16,6790.00
2025-12-22 13:05:00-05:00,182.16,182.16,181.89,181.945,11581.00
2025-12-22 13:10:00-05:00,181.9,181.9,181.79,181.79,3930.00
2025-12-22 13:15:00-05:00,181.825,181.825,181.68,181.705,7790.00
2025-12-22 13:20:00-05:00,181.74,181.75,181.57,181.7,11189.00
2025-12-22 13:25:00-05:00,181.6,181.65,181.6,181.6,4448.00
2025-12-22 13:30:00-05:00,181.6,181.72,181.19,181.72,31732.00
2025-12-22 13:35:00-05:00,181.58,181.605,181.365,181.365,10732.00
2025-12-22 13:40:00-05:00,181.38,181.45,181.305,181.375,22359.00
2025-12-22 13:45:00-05:00,181.35,181.38,181.25,181.31,8593.00
2025-12-22 13:50:00-05:00,181.28,181.29,181.16,181.2,5417.00
2025-12-22 13:55:00-05:00,181.2,181.2,180.81,180.83,18929.00
2025-12-22 14:00:00-05:00,180.8155,180.87,180.55,180.55,21570.00
2025-12-22 14:05:00-05:00,180.585,180.773,180.53,180.773,11611.00
2025-12-22 14:10:00-05:00,180.795,181.01,180.795,181,11466.00
2025-12-22 14:15:00-05:00,181,181.035,180.73,180.925,18650.00
2025-12-22 14:20:00-05:00,180.94,181.1,180.85,181.1,10566.00
2025-12-22 14:25:00-05:00,181.17,181.275,181.1,181.21,9273.00
2025-12-22 14:30:00-05:00,181.21,181.21,181.005,181.16,25697.00
2025-12-22 14:35:00-05:00,181.16,181.215,180.58,180.81,55601.00
2025-12-22 14:40:00-05:00,180.81,180.89,180.71,180.8,19296.00
2025-12-22 14:45:00-05:00,180.82,180.84,180.7101,180.84,14032.00
2025-12-22 14:50:00-05:00,180.845,180.98,180.8,180.94,18663.00
2025-12-22 14:55:00-05:00,180.975,181.02,180.77,180.87,15096.00
2025-12-22 15:00:00-05:00,180.865,180.9,180.73,180.73,13132.00
2025-12-22 15:05:00-05:00,180.7,180.89,180.635,180.79,16245.00
2025-12-22 15:10:00-05:00,180.77,180.8,180.69,180.71,15476.00
2025-12-22 15:15:00-05:00,180.69,180.88,180.62,180.67,24695.00
2025-12-22 15:20:00-05:00,180.69,180.69,180.43,180.57,27322.00
2025-12-22 15:25:00-05:00,180.55,180.565,180.27,180.53,48686.00
2025-12-22 15:30:00-05:00,180.505,180.585,180.17,180.205,48008.00
2025-12-22 15:35:00-05:00,180.225,180.26,179.87,180.01,46169.00
2025-12-22 15:40:00-05:00,179.9875,180.39,179.94,180.335,60220.00
2025-12-22 15:45:00-05:00,180.3375,180.47,180.22,180.305,58291.00
2025-12-22 15:50:00-05:00,180.22,180.8,180.19,180.63,80171.00
2025-12-22 15:55:00-05:00,180.57,180.7,180.43,180.66,224569.00
2025-12-23 09:30:00-05:00,180.79,181.14,180.675,180.915,37846.00
2025-12-23 09:35:00-05:00,180.885,180.885,180.165,180.165,7303.00
2025-12-23 09:40:00-05:00,180.09,180.28,179.84,179.97,25295.00
2025-12-23 09:45:00-05:00,179.89,179.95,179.39,179.75,26828.00
2025-12-23 09:50:00-05:00,179.82,179.82,179.37,179.44,14679.00
2025-12-23 09:55:00-05:00,179.57,179.6,178.88,179,58407.00
2025-12-23 10:00:00-05:00,179,179.43,178.955,179.4,15475.00
2025-12-23 10:05:00-05:00,179.4,179.47,179.32,179.45,8779.00
2025-12-23 10:10:00-05:00,179.51,179.74,179.45,179.6,8702.00
2025-12-23 10:15:00-05:00,179.565,179.92,179.46,179.81,11085.00
2025-12-23 10:20:00-05:00,179.8975,179.8975,179.58,179.68,8118.00
2025-12-23 10:25:00-05:00,179.68,179.915,179.63,179.91,9416.00
2025-12-23 10:30:00-05:00,179.925,180.36,179.88,180.12,12905.00
2025-12-23 10:35:00-05:00,180.155,180.22,180.06,180.14,9510.00
2025-12-23 10:40:00-05:00,180.08,180.2,179.95,180.18,10249.00
2025-12-23 10:45:00-05:00,180.17,180.22,180.06,180.22,4626.00
2025-12-23 10:50:00-05:00,180.225,180.3,180.11,180.11,8746.00
2025-12-23 10:55:00-05:00,180.16,180.18,179.97,179.97,9798.00
2025-12-23 11:00:00-05:00,179.95,180.28,179.93,180.14,16246.00
2025-12-23 11:05:00-05:00,180.17,180.27,180.115,180.115,10176.00
2025-12-23 11:10:00-05:00,180.07,180.115,179.93,180.03,5918.00
2025-12-23 11:15:00-05:00,180.02,180.1199,179.92,180,11904.00
2025-12-23 11:20:00-05:00,179.85,179.97,179.83,179.83,5867.00
2025-12-23 11:25:00-05:00,179.76,179.83,179.675,179.77,8900.00
2025-12-23 11:30:00-05:00,179.715,179.99,179.715,179.99,7580.00
2025-12-23 11:35:00-05:00,179.97,180.03,179.88,179.98,9205.00
2025-12-23 11:40:00-05:00,180.03,180.15,179.985,180.065,14828.00
2025-12-23 11:45:00-05:00,180.11,180.12,179.98,179.98,5139.00
2025-12-23 11:50:00-05:00,180.08,180.09,179.97,179.99,15401.00
2025-12-23 11:55:00-05:00,179.97,180.1,179.97,180.07,8590.00
2025-12-23 12:00:00-05:00,180.105,180.12,180.0473,180.11,5354.00
2025-12-23 12:05:00-05:00,180.07,180.24,180.06,180.185,8016.00
2025-12-23 12:10:00-05:00,180.185,180.185,179.98,180.1,13056.00
2025-12-23 12:15:00-05:00,180.07,180.07,179.97,180.05,5145.00
2025-12-23 12:20:00-05:00,180.08,180.25,180.08,180.23,6224.00
2025-12-23 12:25:00-05:00,180.25,180.26,180.1906,180.2008,5831.00
2025-12-23 12:30:00-05:00,180.27,180.27,180.15,180.195,3036.00
2025-12-23 12:35:00-05:00,180.195,180.29,180.17,180.255,5610.00
2025-12-23 12:40:00-05:00,180.25,180.28,180.17,180.215,5499.00
2025-12-23 12:45:00-05:00,180.18,180.23,180.1,180.11,8781.00
2025-12-23 12:50:00-05:00,180.08,180.09,180.035,180.06,7480.00
2025-12-23 12:55:00-05:00,180.02,180.1,179.96,180.09,5781.00
2025-12-23 13:00:00-05:00,180.125,180.13,180.08,180.095,2830.00
2025-12-23 13:05:00-05:00,180.095,180.21,180.095,180.095,9707.00
2025-12-23 13:10:00-05:00,180.075,180.2351,180.075,180.18,6209.00
2025-12-23 13:15:00-05:00,180.18,180.2,180.145,180.19,5275.00
2025-12-23 13:20:00-05:00,180.2105,180.28,180.15,180.23,7087.00
2025-12-23 13:25:00-05:00,180.255,180.36,180.255,180.32,4786.00
2025-12-23 13:30:00-05:00,180.3005,180.33,180.16,180.1656,12116.00
2025-12-23 13:35:00-05:00,180.22,180.35,180.17,180.34,7999.00
2025-12-23 13:40:00-05:00,180.345,180.345,179.96,180.13,16006.00
2025-12-23 13:45:00-05:00,180.14,180.2,180.057,180.057,3611.00
2025-12-23 13:50:00-05:00,180.08,180.18,180.06,180.18,2737.00
2025-12-23 13:55:00-05:00,180.17,180.17,179.95,179.99,8266.00
2025-12-23 14:00:00-05:00,179.9985,180.06,179.97,180.02,7308.00
2025-12-23 14:05:00-05:00,180.07,180.12,180.06,180.095,9756.00
2025-12-23 14:10:00-05:00,180.12,180.22,180.11,180.185,9072.00
2025-12-23 14:15:00-05:00,180.16,180.31,180.16,180.265,11774.00
2025-12-23 14:20:00-05:00,180.28,180.28,180.2,180.28,8124.00
2025-12-23 14:25:00-05:00,180.265,180.34,180.22,180.22,9834.00
2025-12-23 14:30:00-05:00,180.22,180.28,180.22,180.26,6231.00
2025-12-23 14:35:00-05:00,180.28,180.3,180.23,180.245,6275.00
2025-12-23 14:40:00-05:00,180.29,180.29,180.205,180.28,11347.00
2025-12-23 14:45:00-05:00,180.29,180.31,180.2001,180.29,13319.00
2025-12-23 14:50:00-05:00,180.3,180.4,180.265,180.375,5925.00
2025-12-23 14:55:00-05:00,180.41,180.41,180.26,180.2601,12499.00
2025-12-23 15:00:00-05:00,180.315,180.45,180.3,180.345,11383.00
2025-12-23 15:05:00-05:00,180.345,180.46,180.23,180.46,12332.00
2025-12-23 15:10:00-05:00,180.47,180.47,180.37,180.47,9191.00
2025-12-23 15:15:00-05:00,180.415,180.45,180.37,180.42,8925.00
2025-12-23 15:20:00-05:00,180.435,180.45,180.18,180.2,14666.00
2025-12-23 15:25:00-05:00,180.19,180.28,180.17,180.28,13886.00
2025-12-23 15:30:00-05:00,180.29,180.39,180.28,180.39,24922.00
2025-12-23 15:35:00-05:00,180.375,180.47,180.36,180.37,17287.00
2025-12-23 15:40:00-05:00,180.34,180.37,180.28,180.28,13005.00
2025-12-23 15:45:00-05:00,180.32,180.57,180.32,180.49,25173.00
2025-12-23 15:50:00-05:00,180.49,180.7,180.48,180.57,37155.00
2025-12-23 15:55:00-05:00,180.545,180.67,180.49,180.6,145354.00
2025-12-24 09:30:00-05:00,181.08,181.11,180.26,180.26,23211.00
2025-12-24 09:35:00-05:00,180.48,180.565,180.11,180.565,2793.00
2025-12-24 09:40:00-05:00,180.595,180.64,180.5224,180.5224,4407.00
2025-12-24 09:45:00-05:00,180.545,180.8962,180.48,180.8962,7770.00
2025-12-24 09:50:00-05:00,180.87,181.12,180.87,181.08,5641.00
2025-12-24 09:55:00-05:00,181.04,181.279,180.95,181.24,13934.00
2025-12-24 10:00:00-05:00,181.29,181.42,180.99,181.04,6631.00
2025-12-24 10:05:00-05:00,181.14,181.22,181.1,181.2,4964.00
2025-12-24 10:10:00-05:00,181.2,181.25,181.2,181.25,3124.00
2025-12-24 10:15:00-05:00,181.25,181.25,181.085,181.15,3401.00
2025-12-24 10:20:00-05:00,181.15,181.26,181.04,181.0825,13721.00
2025-12-24 10:25:00-05:00,181.18,181.3999,181.17,181.3999,6412.00
2025-12-24 10:30:00-05:00,181.25,181.275,181.25,181.27,2466.00
2025-12-24 10:35:00-05:00,181.235,181.235,181.04,181.04,11471.00
2025-12-24 10:40:00-05:00,181.07,181.07,180.905,181.03,7635.00
2025-12-24 10:45:00-05:00,181.09,181.14,181.04,181.065,6891.00
2025-12-24 10:50:00-05:00,181.06,181.29,181.01,181.2,11476.00
2025-12-24 10:55:00-05:00,181.26,181.6,181.26,181.45,11000.00
2025-12-24 11:00:00-05:00,181.45,181.45,181.07,181.13,9524.00
2025-12-24 11:05:00-05:00,181.0685,181.385,181.0685,181.385,7385.00
2025-12-24 11:10:00-05:00,181.375,181.375,181.13,181.14,13113.00
2025-12-24 11:15:00-05:00,181.14,181.32,181.14,181.32,3461.00
2025-12-24 11:20:00-05:00,181.34,181.46,181.33,181.43,5477.00
2025-12-24 11:25:00-05:00,181.45,181.53,181.43,181.53,5130.00
2025-12-24 11:30:00-05:00,181.53,181.54,181.45,181.45,3765.00
2025-12-24 11:35:00-05:00,181.465,181.65,181.465,181.595,3881.00
2025-12-24 11:40:00-05:00,181.63,181.63,181.48,181.535,4018.00
2025-12-24 11:45:00-05:00,181.56,181.59,181.56,181.59,1417.00
2025-12-24 11:50:00-05:00,181.54,181.655,181.53,181.655,3717.00
2025-12-24 11:55:00-05:00,181.69,181.69,181.49,181.49,11734.00
2025-12-24 12:00:00-05:00,181.36,181.41,181.24,181.41,9669.00
2025-12-24 12:05:00-05:00,181.428,181.5,181.4,181.4,5405.00
2025-12-24 12:10:00-05:00,181.5,181.71,181.455,181.71,7022.00
2025-12-24 12:15:00-05:00,181.6655,181.77,181.61,181.76,5461.00
2025-12-24 12:20:00-05:00,181.8,181.87,181.7214,181.8,8383.00
2025-12-24 12:25:00-05:00,181.86,182.11,181.85,182.01,12673.00
2025-12-24 12:30:00-05:00,182.11,182.42,182.11,182.32,23754.00
2025-12-24 12:35:00-05:00,182.27,182.38,182.07,182.085,9508.00
2025-12-24 12:40:00-05:00,182.085,182.17,182.035,182.035,8113.00
2025-12-24 12:45:00-05:00,182.1,182.16,181.965,182.0425,8969.00
2025-12-24 12:50:00-05:00,182.09,182.3,182.01,182.01,49016.00
2025-12-24 12:55:00-05:00,182,182.05,181.63,181.63,62989.00
2025-12-24 13:00:00-05:00,181.68,181.68,181.68,181.68,128067.00
2025-12-26 09:30:00-05:00,180.46,181.1,180.155,180.86,16784.00
2025-12-26 09:35:00-05:00,180.81,180.95,180.5,180.5,14354.00
2025-12-26 09:40:00-05:00,180.63,180.69,180.34,180.63,5507.00
2025-12-26 09:45:00-05:00,180.63,181.14,180.62,180.89,12889.00
2025-12-26 09:50:00-05:00,181.005,181.43,180.87,181.4,9832.00
2025-12-26 09:55:00-05:00,181.42,181.65,181.24,181.3,8750.00
2025-12-26 10:00:00-05:00,181.59,181.78,181.37,181.39,11200.00
2025-12-26 10:05:00-05:00,181.395,181.46,181.055,181.34,24670.00
2025-12-26 10:10:00-05:00,181.4,181.43,181.235,181.295,5886.00
2025-12-26 10:15:00-05:00,181.29,181.37,181.16,181.34,9295.00
2025-12-26 10:20:00-05:00,181.3053,181.4096,181.21,181.34,18444.00
2025-12-26 10:25:00-05:00,181.31,181.37,181.18,181.315,11681.00
2025-12-26 10:30:00-05:00,181.3203,181.5,181.3203,181.425,15367.00
2025-12-26 10:35:00-05:00,181.51,181.53,181.4275,181.48,9459.00
2025-12-26 10:40:00-05:00,181.48,181.5,181.31,181.3725,9218.00
2025-12-26 10:45:00-05:00,181.36,181.48,181.32,181.48,5614.00
2025-12-26 10:50:00-05:00,181.48,181.49,181.25,181.31,11598.00
2025-12-26 10:55:00-05:00,181.33,181.44,181.33,181.34,5357.00
2025-12-26 11:00:00-05:00,181.35,181.41,181.33,181.37,2740.00
2025-12-26 11:05:00-05:00,181.4299,181.5,181.26,181.26,8017.00
2025-12-26 11:10:00-05:00,181.205,181.27,181.13,181.15,18289.00
2025-12-26 11:15:00-05:00,181.01,181.07,180.895,181,8355.00
2025-12-26 11:20:00-05:00,181.01,181.085,181,181,2089.00
2025-12-26 11:25:00-05:00,181.015,181.075,180.985,181.075,3367.00
2025-12-26 11:30:00-05:00,180.97,181.075,180.9,180.91,4735.00
2025-12-26 11:35:00-05:00,180.935,180.94,180.935,180.94,898.00
2025-12-26 11:40:00-05:00,180.94,181.005,180.89,181.005,4719.00
2025-12-26 11:45:00-05:00,180.95,180.95,180.79,180.86,6799.00
2025-12-26 11:50:00-05:00,180.86,180.86,180.6302,180.77,21551.00
2025-12-26 11:55:00-05:00,180.83,180.94,180.79,180.93,4826.00
2025-12-26 12:00:00-05:00,180.97,181.025,180.91,181.025,3579.00
2025-12-26 12:05:00-05:00,180.995,181.025,180.92,180.93,3553.00
2025-12-26 12:10:00-05:00,180.93,181.155,180.93,181.14,5275.00
2025-12-26 12:15:00-05:00,181.08,181.08,180.98,180.995,3946.00
2025-12-26 12:20:00-05:00,181.045,181.045,180.865,180.885,5395.00
2025-12-26 12:25:00-05:00,180.915,181.04,180.915,181.035,4848.00
2025-12-26 12:30:00-05:00,181.07,181.07,180.84,180.84,5226.00
2025-12-26 12:35:00-05:00,180.8725,180.8725,180.78,180.82,2924.00
2025-12-26 12:40:00-05:00,180.8,180.83,180.76,180.76,1530.00
2025-12-26 12:45:00-05:00,180.825,180.825,180.77,180.77,3493.00
2025-12-26 12:50:00-05:00,180.77,180.87,180.76,180.82,7030.00
2025-12-26 12:55:00-05:00,180.855,180.86,180.82,180.845,2391.00
2025-12-26 13:00:00-05:00,180.92,180.92,180.77,180.77,2759.00
2025-12-26 13:05:00-05:00,180.71,180.73,180.695,180.695,1431.00
2025-12-26 13:10:00-05:00,180.61,180.65,180.61,180.65,2621.00
2025-12-26 13:15:00-05:00,180.63,180.65,180.61,180.62,6463.00
2025-12-26 13:20:00-05:00,180.61,180.68,180.555,180.57,8273.00
2025-12-26 13:25:00-05:00,180.575,180.695,180.575,180.65,3822.00
2025-12-26 13:30:00-05:00,180.67,180.72,180.67,180.68,1301.00
2025-12-26 13:35:00-05:00,180.72,180.75,180.67,180.695,2960.00
2025-12-26 13:40:00-05:00,180.665,180.67,180.6,180.63,4180.00
2025-12-26 13:45:00-05:00,180.655,180.745,180.61,180.69,2351.00
2025-12-26 13:50:00-05:00,180.735,180.735,180.7,180.7299,2120.00
2025-12-26 13:55:00-05:00,180.79,180.79,180.67,180.695,5603.00
2025-12-26 14:00:00-05:00,180.71,180.73,180.71,180.71,2318.00
2025-12-26 14:05:00-05:00,180.74,180.77,180.72,180.72,4790.00
2025-12-26 14:10:00-05:00,180.71,180.71,180.565,180.565,9403.00
2025-12-26 14:15:00-05:00,180.59,180.76,180.57,180.57,8321.00
2025-12-26 14:20:00-05:00,180.57,180.6,180.525,180.6,2659.00
2025-12-26 14:25:00-05:00,180.57,180.7,180.54,180.68,6322.00
2025-12-26 14:30:00-05:00,180.69,180.8,180.67,180.78,5800.00
2025-12-26 14:35:00-05:00,180.76,180.76,180.695,180.695,3986.00
2025-12-26 14:40:00-05:00,180.77,180.82,180.76,180.76,4780.00
2025-12-26 14:45:00-05:00,180.75,180.84,180.7,180.82,8606.00
2025-12-26 14:50:00-05:00,180.87,180.89,180.82,180.865,5027.00
2025-12-26 14:55:00-05:00,180.89,180.91,180.85,180.9,6713.00
2025-12-26 15:00:00-05:00,180.89,181.065,180.89,180.99,7603.00
2025-12-26 15:05:00-05:00,181.02,181.13,181.02,181.04,5925.00
2025-12-26 15:10:00-05:00,181.085,181.11,180.96,181.085,8289.00
2025-12-26 15:15:00-05:00,181.06,181.11,180.97,181.05,7388.00
2025-12-26 15:20:00-05:00,181.07,181.09,181.02,181.025,5658.00
2025-12-26 15:25:00-05:00,181.05,181.13,181.03,181.115,10276.00
2025-12-26 15:30:00-05:00,181.126,181.126,181.035,181.085,9184.00
2025-12-26 15:35:00-05:00,181.11,181.21,181.11,181.21,7134.00
2025-12-26 15:40:00-05:00,181.18,181.25,181.178,181.23,10142.00
2025-12-26 15:45:00-05:00,181.24,181.35,181.21,181.26,15782.00
2025-12-26 15:50:00-05:00,181.28,181.46,181.15,181.17,29010.00
2025-12-26 15:55:00-05:00,181.18,181.18,180.965,181.091,108299.00
2025-12-29 09:30:00-05:00,180.21,181.075,180.075,180.58,49655.00
2025-12-29 09:35:00-05:00,180.495,180.93,180.36,180.715,27803.00
2025-12-29 09:40:00-05:00,180.715,180.93,180.26,180.26,25538.00
2025-12-29 09:45:00-05:00,180.31,181.11,180.285,181.11,12923.00
2025-12-29 09:50:00-05:00,181,181.74,180.96,181.63,24819.00
2025-12-29 09:55:00-05:00,181.62,181.69,181.24,181.69,17303.00
2025-12-29 10:00:00-05:00,181.76,181.86,181.5825,181.63,9306.00
2025-12-29 10:05:00-05:00,181.63,181.63,181.1073,181.25,14560.00
2025-12-29 10:10:00-05:00,181.13,181.16,180.97,180.99,9391.00
2025-12-29 10:15:00-05:00,180.97,181.2925,180.97,181.135,14673.00
2025-12-29 10:20:00-05:00,181.175,181.23,180.99,181.23,8413.00
2025-12-29 10:25:00-05:00,181.23,181.23,181.065,181.1,17265.00
2025-12-29 10:30:00-05:00,181.13,181.145,180.9,180.98,11383.00
2025-12-29 10:35:00-05:00,181.005,181.14,181.005,181.05,7450.00
2025-12-29 10:40:00-05:00,181.045,181.045,180.87,180.89,9480.00
2025-12-29 10:45:00-05:00,180.88,180.88,180.715,180.715,6736.00
2025-12-29 10:50:00-05:00,180.76,180.76,180.4,180.46,9189.00
2025-12-29 10:55:00-05:00,180.47,180.63,180.47,180.575,9534.00
2025-12-29 11:00:00-05:00,180.58,180.69,180.41,180.64,11848.00
2025-12-29 11:05:00-05:00,180.55,180.66,180.41,180.41,11874.00
2025-12-29 11:10:00-05:00,180.47,180.51,180.28,180.28,14205.00
2025-12-29 11:15:00-05:00,180.27,180.37,180.09,180.245,18193.00
2025-12-29 11:20:00-05:00,180.2814,180.43,180.1,180.1,15389.00
2025-12-29 11:25:00-05:00,180.14,180.2,179.995,180.2,13871.00
2025-12-29 11:30:00-05:00,180.23,180.31,180.07,180.07,9800.00
2025-12-29 11:35:00-05:00,180.1,180.11,179.95,179.955,12855.00
2025-12-29 11:40:00-05:00,179.98,180.03,179.96,179.99,12876.00
2025-12-29 11:45:00-05:00,180.04,180.04,179.93,179.99,15373.00
2025-12-29 11:50:00-05:00,179.98,180.14,179.97,180.03,10575.00
2025-12-29 11:55:00-05:00,180.06,180.09,179.99,179.99,7403.00
2025-12-29 12:00:00-05:00,180.025,180.22,179.97,180.14,10843.00
2025-12-29 12:05:00-05:00,180.0801,180.125,180,180.09,7172.00
2025-12-29 12:10:00-05:00,180.17,180.215,180.17,180.21,3065.00
2025-12-29 12:15:00-05:00,180.21,180.2499,180.12,180.2499,9741.00
2025-12-29 12:20:00-05:00,180.25,180.25,180.14,180.14,3300.00
2025-12-29 12:25:00-05:00,180.18,180.2,180.08,180.18,7957.00
2025-12-29 12:30:00-05:00,180.22,180.24,180.195,180.22,4038.00
2025-12-29 12:35:00-05:00,180.23,180.67,180.23,180.63,17696.00
2025-12-29 12:40:00-05:00,180.65,180.7,180.4855,180.5583,8211.00
2025-12-29 12:45:00-05:00,180.58,180.8,180.55,180.65,8611.00
2025-12-29 12:50:00-05:00,180.71,180.76,180.6717,180.75,7254.00
2025-12-29 12:55:00-05:00,180.695,180.7,180.58,180.58,7628.00
2025-12-29 13:00:00-05:00,180.57,180.6,180.505,180.515,4758.00
2025-12-29 13:05:00-05:00,180.46,180.57,180.44,180.49,7355.00
2025-12-29 13:10:00-05:00,180.44,180.47,180.31,180.47,13458.00
2025-12-29 13:15:00-05:00,180.42,180.48,180.42,180.46,7556.00
2025-12-29 13:20:00-05:00,180.46,180.515,180.44,180.47,9142.00
2025-12-29 13:25:00-05:00,180.485,180.505,180.46,180.46,4820.00
2025-12-29 13:30:00-05:00,180.45,180.56,180.45,180.56,15388.00
2025-12-29 13:35:00-05:00,180.6,180.61,180.46,180.49,11821.00
2025-12-29 13:40:00-05:00,180.47,180.47,180.37,180.43,7361.00
2025-12-29 13:45:00-05:00,180.4,180.44,180.35,180.42,7957.00
2025-12-29 13:50:00-05:00,180.4,180.48,180.38,180.43,11127.00
2025-12-29 13:55:00-05:00,180.445,180.445,180.31,180.38,6386.00
2025-12-29 14:00:00-05:00,180.38,180.4,179.98,180.09,22708.00
2025-12-29 14:05:00-05:00,180.04,180.19,179.98,180.085,17352.00
2025-12-29 14:10:00-05:00,180.085,180.25,180.08,180.205,11255.00
2025-12-29 14:15:00-05:00,180.2,180.2,180.085,180.12,12789.00
2025-12-29 14:20:00-05:00,180.07,180.17,180.07,180.15,13668.00
2025-12-29 14:25:00-05:00,180.135,180.29,180.135,180.29,27715.00
2025-12-29 14:30:00-05:00,180.26,180.27,180.19,180.19,15621.00
2025-12-29 14:35:00-05:00,180.207,180.3999,180.207,180.29,11572.00
2025-12-29 14:40:00-05:00,180.27,180.42,180.24,180.42,8303.00
2025-12-29 14:45:00-05:00,180.4025,180.42,180.33,180.35,9633.00
2025-12-29 14:50:00-05:00,180.31,180.54,180.3,180.47,16406.00
2025-12-29 14:55:00-05:00,180.45,180.595,180.45,180.595,7288.00
2025-12-29 15:00:00-05:00,180.555,180.675,180.48,180.65,10603.00
2025-12-29 15:05:00-05:00,180.63,180.73,180.58,180.73,11020.00
2025-12-29 15:10:00-05:00,180.75,180.83,180.725,180.82,7966.00
2025-12-29 15:15:00-05:00,180.84,180.88,180.79,180.81,7734.00
2025-12-29 15:20:00-05:00,180.805,180.83,180.74,180.82,9629.00
2025-12-29 15:25:00-05:00,180.8,180.85,180.73,180.76,20595.00
2025-12-29 15:30:00-05:00,180.78,180.895,180.742,180.76,14263.00
2025-12-29 15:35:00-05:00,180.84,180.98,180.83,180.935,20604.00
2025-12-29 15:40:00-05:00,180.8975,180.9,180.74,180.8,20266.00
2025-12-29 15:45:00-05:00,180.81,180.82,180.69,180.7348,25361.00
2025-12-29 15:50:00-05:00,180.76,181.12,180.725,180.875,75535.00
2025-12-29 15:55:00-05:00,180.84,180.91,180.655,180.761,169215.00
2025-12-30 09:30:00-05:00,180.72,181.59,180.23,180.98,16465.00
2025-12-30 09:35:00-05:00,180.68,181.36,180.4255,181.36,12447.00
2025-12-30 09:40:00-05:00,181.24,181.58,181.17,181.41,28832.00
2025-12-30 09:45:00-05:00,181.38,181.38,181.085,181.3699,11125.00
2025-12-30 09:50:00-05:00,181.215,181.37,181.06,181.215,10556.00
2025-12-30 09:55:00-05:00,181.215,181.35,181.02,181.13,14057.00
2025-12-30 10:00:00-05:00,181.085,181.155,180.83,180.96,18809.00
2025-12-30 10:05:00-05:00,180.84,181.05,180.81,180.87,10159.00
2025-12-30 10:10:00-05:00,180.9,180.98,180.8,180.85,14139.00
2025-12-30 10:15:00-05:00,180.85,181.065,180.69,180.85,21543.00
2025-12-30 10:20:00-05:00,180.89,181.03,180.84,181.02,18297.00
2025-12-30 10:25:00-05:00,181.03,181.29,180.865,181.1801,13127.00
2025-12-30 10:30:00-05:00,181.31,181.35,181.13,181.14,17041.00
2025-12-30 10:35:00-05:00,181.28,181.33,180.95,181.09,11956.00
2025-12-30 10:40:00-05:00,181.055,181.055,180.77,180.92,6298.00
2025-12-30 10:45:00-05:00,180.93,180.98,180.73,180.76,15937.00
2025-12-30 10:50:00-05:00,180.76,181.01,180.72,181.01,14153.00
2025-12-30 10:55:00-05:00,181,181.13,180.92,180.92,10522.00
2025-12-30 11:00:00-05:00,180.96,181.01,180.79,180.96,15881.00
2025-12-30 11:05:00-05:00,180.93,181.07,180.91,181.02,15052.00
2025-12-30 11:10:00-05:00,181.02,181.02,180.82,180.915,19238.00
2025-12-30 11:15:00-05:00,180.86,181,180.86,180.98,8758.00
2025-12-30 11:20:00-05:00,181,181.06,180.88,180.88,5889.00
2025-12-30 11:25:00-05:00,180.92,181.2,180.92,181.17,7474.00
2025-12-30 11:30:00-05:00,181.2,181.2,180.98,181.05,6809.00
2025-12-30 11:35:00-05:00,181.055,181.13,180.99,181.125,6481.00
2025-12-30 11:40:00-05:00,181.125,181.135,181.08,181.09,4709.00
2025-12-30 11:45:00-05:00,181.09,181.125,181.01,181.07,6831.00
2025-12-30 11:50:00-05:00,181.04,181.1,180.93,180.93,10370.00
2025-12-30 11:55:00-05:00,180.96,180.96,180.79,180.925,6956.00
2025-12-30 12:00:00-05:00,180.88,180.95,180.865,180.885,2872.00
2025-12-30 12:05:00-05:00,180.885,181,180.79,181,7877.00
2025-12-30 12:10:00-05:00,181.03,181.14,180.98,181.1072,8109.00
2025-12-30 12:15:00-05:00,181.05,181.06,180.96,181.02,4311.00
2025-12-30 12:20:00-05:00,181.06,181.07,181,181.065,4615.00
2025-12-30 12:25:00-05:00,181.02,181.06,181,181.06,2858.00
2025-12-30 12:30:00-05:00,181.01,181.11,181.01,181.09,4470.00
2025-12-30 12:35:00-05:00,181.14,181.15,181.04,181.04,7567.00
2025-12-30 12:40:00-05:00,181.09,181.1099,181.05,181.06,3616.00
2025-12-30 12:45:00-05:00,181.065,181.17,181.04,181.16,8251.00
2025-12-30 12:50:00-05:00,181.16,181.29,181.145,181.16,10321.00
2025-12-30 12:55:00-05:00,181.18,181.19,181.08,181.08,6666.00
2025-12-30 13:00:00-05:00,181.19,181.19,181.135,181.145,4602.00
2025-12-30 13:05:00-05:00,181.1,181.19,181.09,181.141,5843.00
2025-12-30 13:10:00-05:00,181.18,181.3,181.165,181.3,3976.00
2025-12-30 13:15:00-05:00,181.29,181.31,181.22,181.31,5253.00
2025-12-30 13:20:00-05:00,181.26,181.26,181.19,181.24,7586.00
2025-12-30 13:25:00-05:00,181.25,181.27,181.22,181.225,5933.00
2025-12-30 13:30:00-05:00,181.19,181.23,181.15,181.23,7815.00
2025-12-30 13:35:00-05:00,181.1837,181.3,181.1837,181.27,5617.00
2025-12-30 13:40:00-05:00,181.26,181.3,181.22,181.2752,7559.00
2025-12-30 13:45:00-05:00,181.32,181.345,181.29,181.33,5118.00
2025-12-30 13:50:00-05:00,181.3,181.32,181.3,181.31,2599.00
2025-12-30 13:55:00-05:00,181.29,181.31,181.24,181.27,9851.00
2025-12-30 14:00:00-05:00,181.27,181.335,181.27,181.32,8279.00
2025-12-30 14:05:00-05:00,181.25,181.34,181.2335,181.33,5639.00
2025-12-30 14:10:00-05:00,181.3,181.47,181.3,181.47,6986.00
2025-12-30 14:15:00-05:00,181.46,181.57,181.38,181.57,10251.00
2025-12-30 14:20:00-05:00,181.54,181.54,181.46,181.46,6499.00
2025-12-30 14:25:00-05:00,181.46,181.5,181.445,181.5,5716.00
2025-12-30 14:30:00-05:00,181.455,181.5,181.4,181.49,9968.00
2025-12-30 14:35:00-05:00,181.53,181.59,181.53,181.575,6590.00
2025-12-30 14:40:00-05:00,181.57,181.695,181.57,181.645,9051.00
2025-12-30 14:45:00-05:00,181.645,181.645,181.55,181.55,8115.00
2025-12-30 14:50:00-05:00,181.54,181.57,181.51,181.51,7265.00
2025-12-30 14:55:00-05:00,181.5,181.57,181.48,181.56,8072.00
2025-12-30 15:00:00-05:00,181.57,181.645,181.57,181.62,5749.00
2025-12-30 15:05:00-05:00,181.625,181.625,181.51,181.55,12137.00
2025-12-30 15:10:00-05:00,181.58,181.585,181.4408,181.45,7442.00
2025-12-30 15:15:00-05:00,181.445,181.53,181.445,181.49,8867.00
2025-12-30 15:20:00-05:00,181.52,181.52,181.44,181.5,11926.00
2025-12-30 15:25:00-05:00,181.53,181.6,181.47,181.55,25360.00
2025-12-30 15:30:00-05:00,181.56,181.64,181.54,181.56,15719.00
2025-12-30 15:35:00-05:00,181.545,181.59,181.4618,181.57,16923.00
2025-12-30 15:40:00-05:00,181.57,181.6,181.49,181.54,15050.00
2025-12-30 15:45:00-05:00,181.55,181.56,181.4,181.41,19867.00
2025-12-30 15:50:00-05:00,181.43,181.62,181.36,181.44,53603.00
2025-12-30 15:55:00-05:00,181.47,181.58,181.4,181.44,146027.00
2025-12-31 09:30:00-05:00,181.25,181.82,180.87,181.42,28630.00
2025-12-31 09:35:00-05:00,181.41,181.445,181.41,181.44,837.00
2025-12-31 09:40:00-05:00,181.445,181.445,181.1701,181.1701,1913.00
2025-12-31 09:45:00-05:00,181.49,181.57,181.39,181.41,5902.00
2025-12-31 09:50:00-05:00,181.405,181.5,181.19,181.5,12520.00
2025-12-31 09:55:00-05:00,181.42,181.43,181.36,181.365,2500.00
2025-12-31 10:00:00-05:00,181.48,181.5,181.3,181.3,10233.00
2025-12-31 10:05:00-05:00,181.25,181.25,181.09,181.175,7118.00
2025-12-31 10:10:00-05:00,181.26,181.3925,181.08,181.185,11010.00
2025-12-31 10:15:00-05:00,181.185,181.22,181.13,181.21,6703.00
2025-12-31 10:20:00-05:00,181.155,181.22,180.931,181.1,13609.00
2025-12-31 10:25:00-05:00,181.11,181.12,181.01,181.01,3026.00
2025-12-31 10:30:00-05:00,181,181.105,181,181.07,4732.00
2025-12-31 10:35:00-05:00,181.11,181.14,180.96,180.96,6447.00
2025-12-31 10:40:00-05:00,181.02,181.04,180.91,180.91,4441.00
2025-12-31 10:45:00-05:00,180.91,180.92,180.865,180.865,2760.00
2025-12-31 10:50:00-05:00,180.95,181.02,180.8475,180.8475,8620.00
2025-12-31 10:55:00-05:00,180.9,180.93,180.855,180.9,3492.00
2025-12-31 11:00:00-05:00,180.87,180.905,180.77,180.84,12640.00
2025-12-31 11:05:00-05:00,180.79,180.8596,180.76,180.84,5885.00
2025-12-31 11:10:00-05:00,180.89,180.89,180.56,180.75,9799.00
2025-12-31 11:15:00-05:00,180.77,180.91,180.77,180.85,6660.00
2025-12-31 11:20:00-05:00,180.85,180.93,180.72,180.895,5589.00
2025-12-31 11:25:00-05:00,180.9699,180.99,180.88,180.91,6023.00
2025-12-31 11:30:00-05:00,180.88,180.88,180.8,180.84,3702.00
2025-12-31 11:35:00-05:00,180.7851,180.83,180.75,180.795,6741.00
2025-12-31 11:40:00-05:00,180.75,180.84,180.75,180.82,3175.00
2025-12-31 11:45:00-05:00,180.77,180.88,180.76,180.88,5122.00
2025-12-31 11:50:00-05:00,180.89,180.99,180.89,180.96,5623.00
2025-12-31 11:55:00-05:00,180.955,181,180.91,180.925,4540.00
2025-12-31 12:00:00-05:00,180.905,180.98,180.88,180.98,4017.00
2025-12-31 12:05:00-05:00,181.014,181.014,180.86,180.86,4024.00
2025-12-31 12:10:00-05:00,180.825,180.92,180.825,180.875,6381.00
2025-12-31 12:15:00-05:00,180.92,180.99,180.92,180.99,3343.00
2025-12-31 12:20:00-05:00,180.955,180.98,180.955,180.97,1561.00
2025-12-31 12:25:00-05:00,181.08,181.08,180.95,180.95,6816.00
2025-12-31 12:30:00-05:00,180.94,180.99,180.92,180.92,4082.00
2025-12-31 12:35:00-05:00,180.955,180.955,180.87,180.88,3457.00
2025-12-31 12:40:00-05:00,180.86,180.885,180.795,180.86,6551.00
2025-12-31 12:45:00-05:00,180.87,180.94,180.87,180.9,3926.00
2025-12-31 12:50:00-05:00,180.93,180.96,180.905,180.96,5468.00
2025-12-31 12:55:00-05:00,180.95,180.95,180.87,180.87,3224.00
2025-12-31 13:00:00-05:00,180.89,180.94,180.84,180.93,3920.00
2025-12-31 13:05:00-05:00,180.92,180.92,180.85,180.865,4030.00
2025-12-31 13:10:00-05:00,180.89,181.04,180.89,181.04,5235.00
2025-12-31 13:15:00-05:00,180.99,181.04,180.87,180.87,7632.00
2025-12-31 13:20:00-05:00,180.91,180.93,180.89,180.93,2072.00
2025-12-31 13:25:00-05:00,180.895,180.98,180.895,180.97,5601.00
2025-12-31 13:30:00-05:00,181.01,181.06,180.97,181.06,5605.00
2025-12-31 13:35:00-05:00,181.1,181.22,181.1,181.17,14138.00
2025-12-31 13:40:00-05:00,181.14,181.22,181.12,181.22,5353.00
2025-12-31 13:45:00-05:00,181.22,181.31,181.11,181.285,7761.00
2025-12-31 13:50:00-05:00,181.29,181.33,181.27,181.3275,6590.00
2025-12-31 13:55:00-05:00,181.31,181.36,181.19,181.19,7245.00
2025-12-31 14:00:00-05:00,181.175,181.26,181.175,181.21,4020.00
2025-12-31 14:05:00-05:00,181.21,181.34,181.21,181.34,7307.00
2025-12-31 14:10:00-05:00,181.34,181.3625,181.32,181.345,5100.00
2025-12-31 14:15:00-05:00,181.33,181.33,181.18,181.18,6086.00
2025-12-31 14:20:00-05:00,181.22,181.32,181.22,181.29,2172.00
2025-12-31 14:25:00-05:00,181.28,181.3,181.215,181.225,6247.00
2025-12-31 14:30:00-05:00,181.225,181.225,181.17,181.17,1961.00
2025-12-31 14:35:00-05:00,181.2,181.24,181.12,181.12,8222.00
2025-12-31 14:40:00-05:00,181.14,181.15,181.1,181.1,2549.00
2025-12-31 14:45:00-05:00,181.09,181.09,180.96,180.98,11449.00
2025-12-31 14:50:00-05:00,180.97,181.05,180.93,181.05,5975.00
2025-12-31 14:55:00-05:00,181.055,181.08,180.98,180.98,5840.00
2025-12-31 15:00:00-05:00,180.98,181.08,180.93,181.08,7904.00
2025-12-31 15:05:00-05:00,181.08,181.14,181.02,181.06,8561.00
2025-12-31 15:10:00-05:00,181.035,181.035,180.96,180.97,8351.00
2025-12-31 15:15:00-05:00,180.98,181.11,180.94,181.07,15468.00
2025-12-31 15:20:00-05:00,181.09,181.09,180.95,180.985,12991.00
2025-12-31 15:25:00-05:00,180.985,180.985,180.81,180.89,16030.00
2025-12-31 15:30:00-05:00,180.9,181.095,180.865,181.095,20129.00
2025-12-31 15:35:00-05:00,181.07,181.16,181.001,181.001,11588.00
2025-12-31 15:40:00-05:00,181.045,181.11,180.97,181.065,14036.00
2025-12-31 15:45:00-05:00,181.09,181.09,180.94,180.95,15832.00
2025-12-31 15:50:00-05:00,180.93,180.93,180.37,180.392,54203.00
2025-12-31 15:55:00-05:00,180.4,180.42,180.05,180.15,223485.00
2026-01-02 09:30:00-05:00,180.59,180.99,180.065,180.29,38792.00
2026-01-02 09:35:00-05:00,180.29,180.29,179.8875,179.975,7185.00
2026-01-02 09:40:00-05:00,179.9538,180.12,179.71,179.95,12931.00
2026-01-02 09:45:00-05:00,180.01,180.24,180.005,180.09,9142.00
2026-01-02 09:50:00-05:00,180.17,180.49,180.16,180.415,10665.00
2026-01-02 09:55:00-05:00,180.45,180.84,180.42,180.685,9506.00
2026-01-02 10:00:00-05:00,180.685,180.79,180.25,180.44,22233.00
2026-01-02 10:05:00-05:00,180.53,180.53,179.56,179.56,15689.00
2026-01-02 10:10:00-05:00,179.56,179.965,179.355,179.4,10249.00
2026-01-02 10:15:00-05:00,179.385,179.48,179.13,179.305,17875.00
2026-01-02 10:20:00-05:00,179.27,179.37,179.02,179.135,13623.00
2026-01-02 10:25:00-05:00,179.135,179.53,179.12,179.53,22050.00
2026-01-02 10:30:00-05:00,179.53,180.26,179.53,180.26,31656.00
2026-01-02 10:35:00-05:00,180.3,180.49,179.644,179.705,22356.00
2026-01-02 10:40:00-05:00,179.74,179.93,179.62,179.62,7719.00
2026-01-02 10:45:00-05:00,179.75,180.42,179.74,180.22,24297.00
2026-01-02 10:50:00-05:00,180.22,180.265,179.77,180.07,15490.00
2026-01-02 10:55:00-05:00,180.07,180.37,179.89,179.925,13903.00
2026-01-02 11:00:00-05:00,179.91,180.06,179.62,179.65,14863.00
2026-01-02 11:05:00-05:00,179.68,179.73,179.51,179.68,13548.00
2026-01-02 11:10:00-05:00,179.78,180.41,179.78,180.24,21601.00
2026-01-02 11:15:00-05:00,180.32,180.54,180.27,180.345,11525.00
2026-01-02 11:20:00-05:00,180.195,180.575,180.15,180.575,7371.00
2026-01-02 11:25:00-05:00,180.56,180.67,180.5,180.5,11370.00
2026-01-02 11:30:00-05:00,180.46,180.57,180.41,180.56,11906.00
2026-01-02 11:35:00-05:00,180.505,180.64,180.41,180.45,16676.00
2026-01-02 11:40:00-05:00,180.41,180.83,180.3,180.8,35929.00
2026-01-02 11:45:00-05:00,180.705,180.82,180.655,180.66,12384.00
2026-01-02 11:50:00-05:00,180.61,180.85,180.56,180.76,18875.00
2026-01-02 11:55:00-05:00,180.805,181.2,180.68,181.2,22051.00
2026-01-02 12:00:00-05:00,181.14,181.265,180.82,180.82,47405.00
2026-01-02 12:05:00-05:00,180.94,181.131,180.93,180.995,6448.00
2026-01-02 12:10:00-05:00,181.07,181.45,181.06,181.405,13707.00
2026-01-02 12:15:00-05:00,181.36,181.69,181.3401,181.645,13963.00
2026-01-02 12:20:00-05:00,181.655,181.7025,181.44,181.49,26047.00
2026-01-02 12:25:00-05:00,181.43,181.51,181.3,181.39,10957.00
2026-01-02 12:30:00-05:00,181.39,181.53,181.35,181.35,11294.00
2026-01-02 12:35:00-05:00,181.35,181.39,181.26,181.29,8313.00
2026-01-02 12:40:00-05:00,181.25,181.41,181.23,181.33,10178.00
2026-01-02 12:45:00-05:00,181.33,181.44,181.15,181.15,22814.00
2026-01-02 12:50:00-05:00,181.1,181.41,180.925,181.02,15730.00
2026-01-02 12:55:00-05:00,181.03,181.07,180.895,180.92,10765.00
2026-01-02 13:00:00-05:00,180.94,180.985,180.85,180.9,12828.00
2026-01-02 13:05:00-05:00,180.89,180.9,180.79,180.81,7863.00
2026-01-02 13:10:00-05:00,180.875,180.985,180.85,180.96,6651.00
2026-01-02 13:15:00-05:00,180.94,181,180.88,180.97,9016.00
2026-01-02 13:20:00-05:00,180.96,181.045,180.83,180.83,10302.00
2026-01-02 13:25:00-05:00,180.8,180.85,180.66,180.715,8663.00
2026-01-02 13:30:00-05:00,180.64,180.64,180.45,180.49,6966.00
2026-01-02 13:35:00-05:00,180.49,180.65,180.49,180.55,10282.00
2026-01-02 13:40:00-05:00,180.56,181.08,180.45,180.705,16404.00
2026-01-02 13:45:00-05:00,180.74,181.04,180.535,180.6,16178.00
2026-01-02 13:50:00-05:00,180.51,180.73,180.5,180.73,10032.00
2026-01-02 13:55:00-05:00,180.73,180.86,180.665,180.81,12074.00
2026-01-02 14:00:00-05:00,180.88,181.08,180.88,181.05,28859.00
2026-01-02 14:05:00-05:00,181.09,181.41,181.09,181.3,23138.00
2026-01-02 14:10:00-05:00,181.24,181.65,181.22,181.65,16104.00
2026-01-02 14:15:00-05:00,181.7,181.86,181.58,181.8,14091.00
2026-01-02 14:20:00-05:00,181.76,181.92,181.71,181.92,10918.00
2026-01-02 14:25:00-05:00,181.94,182.01,181.91,182.01,13733.00
2026-01-02 14:30:00-05:00,182.03,182.13,182,182.08,12823.00
2026-01-02 14:35:00-05:00,182.0001,182.14,181.96,181.96,17457.00
2026-01-02 14:40:00-05:00,181.99,182.07,181.96,182.03,9754.00
2026-01-02 14:45:00-05:00,182.07,182.11,181.95,182.03,17499.00
2026-01-02 14:50:00-05:00,182.04,182.09,181.91,181.92,13954.00
2026-01-02 14:55:00-05:00,181.93,181.93,181.72,181.91,17507.00
2026-01-02 15:00:00-05:00,181.875,182.085,181.83,182.02,16070.00
2026-01-02 15:05:00-05:00,181.99,182.15,181.89,182.06,12808.00
2026-01-02 15:10:00-05:00,182.055,182.2,182.045,182.045,13312.00
2026-01-02 15:15:00-05:00,181.98,182.16,181.94,182.16,13110.00
2026-01-02 15:20:00-05:00,182.16,182.2,182.06,182.105,18912.00
2026-01-02 15:25:00-05:00,182.06,182.29,182.06,182.19,19461.00
2026-01-02 15:30:00-05:00,182.17,182.33,182.13,182.2,22001.00
2026-01-02 15:35:00-05:00,182.2,182.36,182.13,182.13,26448.00
2026-01-02 15:40:00-05:00,182.195,182.31,182.105,182.215,37294.00
2026-01-02 15:45:00-05:00,182.17,182.19,181.99,182.06,29816.00
2026-01-02 15:50:00-05:00,182.07,182.53,182.07,182.53,72675.00
2026-01-02 15:55:00-05:00,182.48,182.77,182.41,182.7,228113.00
2026-01-05 09:30:00-05:00,182.9,184.17,182.9,184,42425.00
2026-01-05 09:35:00-05:00,184.02,184.46,183.55,183.76,30899.00
2026-01-05 09:40:00-05:00,184.02,184.11,183.385,183.56,19310.00
2026-01-05 09:45:00-05:00,183.68,184.4,183.68,184.38,14806.00
2026-01-05 09:50:00-05:00,184.225,184.225,183.7629,183.7629,13579.00
2026-01-05 09:55:00-05:00,183.84,184.54,183.84,184.54,13186.00
2026-01-05 10:00:00-05:00,184.55,184.9899,184.33,184.43,15543.00
2026-01-05 10:05:00-05:00,184.39,184.39,183.89,183.89,27336.00
2026-01-05 10:10:00-05:00,183.92,183.92,183.64,183.67,17590.00
2026-01-05 10:15:00-05:00,183.63,183.91,183.59,183.76,4973.00
2026-01-05 10:20:00-05:00,183.7651,183.95,183.76,183.95,8464.00
2026-01-05 10:25:00-05:00,183.9,184.13,183.8545,184.08,13713.00
2026-01-05 10:30:00-05:00,184.1,184.29,183.93,183.93,19308.00
2026-01-05 10:35:00-05:00,184.1,184.56,184.0775,184.49,20691.00
2026-01-05 10:40:00-05:00,184.5085,184.73,184.5,184.7,21950.00
2026-01-05 10:45:00-05:00,184.94,185.085,184.79,184.79,33232.00
2026-01-05 10:50:00-05:00,184.8,184.91,184.56,184.625,11650.00
2026-01-05 10:55:00-05:00,184.58,184.85,184.51,184.575,23373.00
2026-01-05 11:00:00-05:00,184.62,184.93,184.61,184.92,21096.00
2026-01-05 11:05:00-05:00,184.99,185.07,184.81,185.0625,8610.00
2026-01-05 11:10:00-05:00,185.075,185.075,184.74,184.925,12752.00
2026-01-05 11:15:00-05:00,184.925,185.02,184.69,184.895,13731.00
2026-01-05 11:20:00-05:00,184.86,185.195,184.86,185.195,12630.00
2026-01-05 11:25:00-05:00,185.1629,185.22,184.82,184.8425,14663.00
2026-01-05 11:30:00-05:00,184.85,185.03,184.72,184.72,22046.00
2026-01-05 11:35:00-05:00,184.64,184.72,184.5101,184.675,5835.00
2026-01-05 11:40:00-05:00,184.67,184.87,184.65,184.87,9707.00
2026-01-05 11:45:00-05:00,184.79,184.88,184.64,184.88,9532.00
2026-01-05 11:50:00-05:00,184.935,185.095,184.8401,185.08,7144.00
2026-01-05 11:55:00-05:00,185.08,185.2,185.02,185.13,9965.00
2026-01-05 12:00:00-05:00,185.2,185.48,185.2,185.325,20415.00
2026-01-05 12:05:00-05:00,185.325,185.37,185.1925,185.2,9783.00
2026-01-05 12:10:00-05:00,185.19,185.26,185.09,185.12,13202.00
2026-01-05 12:15:00-05:00,185.115,185.31,185.095,185.28,6169.00
2026-01-05 12:20:00-05:00,185.28,185.68,185.25,185.57,10481.00
2026-01-05 12:25:00-05:00,185.64,185.75,185.46,185.53,18352.00
2026-01-05 12:30:00-05:00,185.465,185.665,185.465,185.605,5246.00
2026-01-05 12:35:00-05:00,185.56,185.56,185.39,185.39,12451.00
2026-01-05 12:40:00-05:00,185.39,185.4599,185.21,185.275,18885.00
2026-01-05 12:45:00-05:00,185.21,185.34,185.2,185.32,11142.00
2026-01-05 12:50:00-05:00,185.34,185.44,185.31,185.35,14263.00
2026-01-05 12:55:00-05:00,185.35,185.455,185.31,185.35,12135.00
2026-01-05 13:00:00-05:00,185.37,185.75,185.35,185.58,15787.00
2026-01-05 13:05:00-05:00,185.51,185.51,185.31,185.3491,9353.00
2026-01-05 13:10:00-05:00,185.39,185.6,185.375,185.475,9816.00
2026-01-05 13:15:00-05:00,185.55,185.55,185.37,185.39,8905.00
2026-01-05 13:20:00-05:00,185.39,185.47,185.2101,185.41,15411.00
2026-01-05 13:25:00-05:00,185.41,185.51,185.32,185.36,43238.00
2026-01-05 13:30:00-05:00,185.3,185.35,185.17,185.205,18219.00
2026-01-05 13:35:00-05:00,185.14,185.28,185.01,185.21,23061.00
2026-01-05 13:40:00-05:00,185.21,185.32,185.21,185.25,11943.00
2026-01-05 13:45:00-05:00,185.28,185.405,185.22,185.36,15614.00
2026-01-05 13:50:00-05:00,185.335,185.5,185.3068,185.49,14092.00
2026-01-05 13:55:00-05:00,185.45,185.54,185.3726,185.41,31566.00
2026-01-05 14:00:00-05:00,185.455,185.6,185.35,185.55,19706.00
2026-01-05 14:05:00-05:00,185.545,185.66,185.49,185.62,12339.00
2026-01-05 14:10:00-05:00,185.575,185.69,185.53,185.69,16927.00
2026-01-05 14:15:00-05:00,185.69,185.7,185.445,185.4775,26435.00
2026-01-05 14:20:00-05:00,185.505,185.59,185.485,185.55,12234.00
2026-01-05 14:25:00-05:00,185.56,185.66,185.54,185.62,12414.00
2026-01-05 14:30:00-05:00,185.625,185.76,185.625,185.68,22171.00
2026-01-05 14:35:00-05:00,185.615,185.66,185.505,185.505,17640.00
2026-01-05 14:40:00-05:00,185.52,185.67,185.51,185.6,19983.00
2026-01-05 14:45:00-05:00,185.6,185.85,185.57,185.815,18278.00
2026-01-05 14:50:00-05:00,185.815,186.135,185.815,186.095,13825.00
2026-01-05 14:55:00-05:00,186.0954,186.31,186.09,186.26,21217.00
2026-01-05 15:00:00-05:00,186.3,186.365,186.26,186.34,25602.00
2026-01-05 15:05:00-05:00,186.33,186.645,186.3,186.55,31753.00
2026-01-05 15:10:00-05:00,186.555,186.755,186.53,186.645,20647.00
2026-01-05 15:15:00-05:00,186.65,186.65,186.4,186.4,23367.00
2026-01-05 15:20:00-05:00,186.43,186.63,186.43,186.54,22255.00
2026-01-05 15:25:00-05:00,186.6,186.67,186.54,186.56,33245.00
2026-01-05 15:30:00-05:00,186.55,186.67,186.465,186.59,34944.00
2026-01-05 15:35:00-05:00,186.59,186.68,186.52,186.53,37788.00
2026-01-05 15:40:00-05:00,186.52,186.56,186.4,186.44,37616.00
2026-01-05 15:45:00-05:00,186.44,186.57,186.4,186.53,45325.00
2026-01-05 15:50:00-05:00,186.52,186.78,186.34,186.745,121508.00
2026-01-05 15:55:00-05:00,186.7,186.75,186.51,186.68,272699.00
2026-01-06 09:30:00-05:00,185.88,186.53,185.37,185.88,44163.00
2026-01-06 09:35:00-05:00,186.15,186.41,185.78,186.38,15500.00
2026-01-06 09:40:00-05:00,186.3443,186.955,186.22,186.9,13931.00
2026-01-06 09:45:00-05:00,186.77,187.41,186.5675,187.31,24518.00
2026-01-06 09:50:00-05:00,187.23,187.23,186.395,186.715,21621.00
2026-01-06 09:55:00-05:00,186.715,186.725,186.14,186.31,28369.00
2026-01-06 10:00:00-05:00,186.265,186.265,185.495,185.605,34008.00
2026-01-06 10:05:00-05:00,185.61,186.07,185.54,186,28317.00
2026-01-06 10:10:00-05:00,186.0075,186.31,185.93,186.22,21962.00
2026-01-06 10:15:00-05:00,186.21,186.84,186.2,186.72,25181.00
2026-01-06 10:20:00-05:00,186.695,186.84,186.57,186.745,9372.00
2026-01-06 10:25:00-05:00,186.83,187.2,186.83,187.07,24494.00
2026-01-06 10:30:00-05:00,187.04,187.655,187.04,187.635,14955.00
2026-01-06 10:35:00-05:00,187.58,187.75,187.31,187.33,22834.00
2026-01-06 10:40:00-05:00,187.365,187.395,186.86,186.885,10759.00
2026-01-06 10:45:00-05:00,186.86,187.185,186.845,187.025,16395.00
2026-01-06 10:50:00-05:00,187.09,187.09,186.87,186.94,11624.00
2026-01-06 10:55:00-05:00,186.86,187.1,186.7,186.79,17232.00
2026-01-06 11:00:00-05:00,186.79,187.335,186.79,187.18,19550.00
2026-01-06 11:05:00-05:00,187.23,187.24,186.8,187.19,29767.00
2026-01-06 11:10:00-05:00,187.24,187.58,187.185,187.56,21606.00
2026-01-06 11:15:00-05:00,187.5,187.58,187.39,187.435,12553.00
2026-01-06 11:20:00-05:00,187.435,187.61,187.38,187.61,18070.00
2026-01-06 11:25:00-05:00,187.61,187.61,187.35,187.35,17506.00
2026-01-06 11:30:00-05:00,187.41,187.51,187.35,187.45,11980.00
2026-01-06 11:35:00-05:00,187.41,187.495,187.3101,187.41,11739.00
2026-01-06 11:40:00-05:00,187.47,187.49,187.27,187.315,16561.00
2026-01-06 11:45:00-05:00,187.325,187.8,187.325,187.77,18937.00
2026-01-06 11:50:00-05:00,187.73,187.73,187.5701,187.69,12173.00
2026-01-06 11:55:00-05:00,187.72,187.8,187.69,187.795,18292.00
2026-01-06 12:00:00-05:00,187.83,188.38,187.83,188.345,42176.00
2026-01-06 12:05:00-05:00,188.37,188.6705,188.345,188.57,18469.00
2026-01-06 12:10:00-05:00,188.57,188.7,188.24,188.29,34538.00
2026-01-06 12:15:00-05:00,188.295,188.495,188.245,188.425,11056.00
2026-01-06 12:20:00-05:00,188.425,188.65,188.38,188.65,14200.00
2026-01-06 12:25:00-05:00,188.66,188.83,188.63,188.83,23501.00
2026-01-06 12:30:00-05:00,188.83,189.07,188.79,189.04,15507.00
2026-01-06 12:35:00-05:00,189.07,189.24,188.9801,189.025,54628.00
2026-01-06 12:40:00-05:00,188.98,189.06,188.9322,188.975,12889.00
2026-01-06 12:45:00-05:00,188.975,189.2899,188.93,189.18,32769.00
2026-01-06 12:50:00-05:00,189.18,189.28,189.18,189.22,9030.00
2026-01-06 12:55:00-05:00,189.24,189.41,189.24,189.35,13425.00
2026-01-06 13:00:00-05:00,189.423,189.58,189.282,189.31,17417.00
2026-01-06 13:05:00-05:00,189.295,189.35,189.26,189.305,10613.00
2026-01-06 13:10:00-05:00,189.37,189.38,189.1412,189.175,29023.00
2026-01-06 13:15:00-05:00,189.175,189.27,188.97,189.045,14311.00
2026-01-06 13:20:00-05:00,188.96,189.09,188.895,189.08,14774.00
2026-01-06 13:25:00-05:00,189.0445,189.085,188.96,189.03,8854.00
2026-01-06 13:30:00-05:00,189.1,189.29,189.04,189.19,57259.00
2026-01-06 13:35:00-05:00,189.105,189.21,189.055,189.055,16264.00
2026-01-06 13:40:00-05:00,189.055,189.225,189,189.105,11629.00
2026-01-06 13:45:00-05:00,189.09,189.16,189,189,11449.00
2026-01-06 13:50:00-05:00,188.98,189.13,188.98,189.085,12291.00
2026-01-06 13:55:00-05:00,189.09,189.14,188.86,188.875,25070.00
2026-01-06 14:00:00-05:00,188.875,189.1,188.82,188.86,22422.00
2026-01-06 14:05:00-05:00,188.88,189.02,188.82,188.825,12880.00
2026-01-06 14:10:00-05:00,188.825,188.92,188.76,188.76,11552.00
2026-01-06 14:15:00-05:00,188.755,188.93,188.67,188.91,16173.00
2026-01-06 14:20:00-05:00,189.01,189.02,188.64,188.64,14824.00
2026-01-06 14:25:00-05:00,188.635,188.88,188.62,188.855,27956.00
2026-01-06 14:30:00-05:00,188.855,189,188.795,188.95,13579.00
2026-01-06 14:35:00-05:00,188.955,189.03,188.86,188.86,15598.00
2026-01-06 14:40:00-05:00,188.908,188.95,188.73,188.78,11329.00
2026-01-06 14:45:00-05:00,188.72,189.03,188.72,188.98,16332.00
2026-01-06 14:50:00-05:00,188.985,189.04,188.92,189.02,12365.00
2026-01-06 14:55:00-05:00,189.01,189.01,188.87,188.89,19806.00
2026-01-06 15:00:00-05:00,188.89,188.96,188.73,188.73,20045.00
2026-01-06 15:05:00-05:00,188.8,188.83,188.65,188.7725,26232.00
2026-01-06 15:10:00-05:00,188.75,188.785,188.55,188.71,20729.00
2026-01-06 15:15:00-05:00,188.75,188.77,188.49,188.49,30086.00
2026-01-06 15:20:00-05:00,188.485,188.485,188.26,188.26,12370.00
2026-01-06 15:25:00-05:00,188.26,188.57,188.26,188.51,30738.00
2026-01-06 15:30:00-05:00,188.495,188.5,187.44,187.65,63813.00
2026-01-06 15:35:00-05:00,187.665,187.825,187.51,187.51,31463.00
2026-01-06 15:40:00-05:00,187.555,187.695,187.47,187.58,34366.00
2026-01-06 15:45:00-05:00,187.62,187.62,187.31,187.375,70839.00
2026-01-06 15:50:00-05:00,187.35,187.86,187.285,187.5,98996.00
2026-01-06 15:55:00-05:00,187.49,187.81,187.44,187.5,285047.00
2026-01-07 09:30:00-05:00,187.41,187.65,187.04,187.36,25584.00
2026-01-07 09:35:00-05:00,187.51,187.51,186.8,186.87,12299.00
2026-01-07 09:40:00-05:00,186.8487,187.035,186.16,186.24,23926.00
2026-01-07 09:45:00-05:00,186.25,186.62,186.06,186.525,25700.00
2026-01-07 09:50:00-05:00,186.5,186.67,186.3,186.425,17636.00
2026-01-07 09:55:00-05:00,186.46,186.59,186.21,186.385,11963.00
2026-01-07 10:00:00-05:00,186.53,186.78,186.22,186.355,20197.00
2026-01-07 10:05:00-05:00,186.36,186.5,185.74,186.43,29491.00
2026-01-07 10:10:00-05:00,186.425,186.74,186.42,186.615,11664.00
2026-01-07 10:15:00-05:00,186.54,186.65,186.18,186.33,14507.00
2026-01-07 10:20:00-05:00,186.3475,186.6,186.2755,186.53,22725.00
2026-01-07 10:25:00-05:00,186.53,186.85,186.53,186.655,12859.00
2026-01-07 10:30:00-05:00,186.75,186.99,186.69,186.905,14399.00
2026-01-07 10:35:00-05:00,186.91,186.92,186.7,186.9,18048.00
2026-01-07 10:40:00-05:00,186.895,187.015,186.66,186.69,23264.00
2026-01-07 10:45:00-05:00,186.63,186.74,186.44,186.5,15161.00
2026-01-07 10:50:00-05:00,186.43,186.505,186.41,186.505,9238.00
2026-01-07 10:55:00-05:00,186.52,186.65,186.4225,186.445,15162.00
2026-01-07 11:00:00-05:00,186.435,186.46,186.31,186.31,9847.00
2026-01-07 11:05:00-05:00,186.285,186.41,186.22,186.37,13682.00
2026-01-07 11:10:00-05:00,186.41,186.49,186.37,186.405,10982.00
2026-01-07 11:15:00-05:00,186.45,186.55,186.38,186.45,12103.00
2026-01-07 11:20:00-05:00,186.38,186.54,186.36,186.54,14739.00
2026-01-07 11:25:00-05:00,186.54,186.5879,186.37,186.42,12283.00
2026-01-07 11:30:00-05:00,186.405,186.52,186.2202,186.46,22521.00
2026-01-07 11:35:00-05:00,186.485,186.67,186.485,186.6,17824.00
2026-01-07 11:40:00-05:00,186.6219,186.84,186.6219,186.713,18507.00
2026-01-07 11:45:00-05:00,186.74,186.855,186.6609,186.735,10427.00
2026-01-07 11:50:00-05:00,186.78,186.905,186.59,186.89,13352.00
2026-01-07 11:55:00-05:00,186.895,187.08,186.83,187.05,8485.00
2026-01-07 12:00:00-05:00,187.1,187.21,187.1,187.125,12052.00
2026-01-07 12:05:00-05:00,187.125,187.125,187,187.115,7130.00
2026-01-07 12:10:00-05:00,187.115,187.26,187.03,187.07,23201.00
2026-01-07 12:15:00-05:00,187.035,187.035,186.9401,187,16827.00
2026-01-07 12:20:00-05:00,187.02,187.215,187,187.215,28894.00
2026-01-07 12:25:00-05:00,187.215,187.3,187.175,187.27,15760.00
2026-01-07 12:30:00-05:00,187.27,187.27,187.135,187.14,14778.00
2026-01-07 12:35:00-05:00,187.15,187.17,186.96,187.005,10372.00
2026-01-07 12:40:00-05:00,187,187.155,186.99,187.0752,24806.00
2026-01-07 12:45:00-05:00,187.075,187.095,186.93,186.98,15908.00
2026-01-07 12:50:00-05:00,187,187,186.83,186.955,30467.00
2026-01-07 12:55:00-05:00,186.93,187.155,186.81,187,33688.00
2026-01-07 13:00:00-05:00,187,187.05,186.92,187.05,16905.00
2026-01-07 13:05:00-05:00,187.08,187.1225,186.85,187.04,21552.00
2026-01-07 13:10:00-05:00,187.02,187.03,186.83,186.83,9462.00
2026-01-07 13:15:00-05:00,186.82,186.82,186.6,186.67,9077.00
2026-01-07 13:20:00-05:00,186.7,186.86,186.67,186.86,7204.00
2026-01-07 13:25:00-05:00,186.87,186.91,186.8204,186.8204,11763.00
2026-01-07 13:30:00-05:00,186.92,187.15,186.87,187.14,19831.00
2026-01-07 13:35:00-05:00,187.15,187.25,186.94,187.01,16562.00
2026-01-07 13:40:00-05:00,187.01,187.01,186.9,186.935,6908.00
2026-01-07 13:45:00-05:00,186.935,187.02,186.91,186.955,14939.00
2026-01-07 13:50:00-05:00,186.96,187.15,186.84,187.02,59703.00
2026-01-07 13:55:00-05:00,187.02,187.1,186.98,187.015,33673.00
2026-01-07 14:00:00-05:00,187.035,187.17,186.97,187.16,57265.00
2026-01-07 14:05:00-05:00,187.14,187.14,186.97,187.095,28168.00
2026-01-07 14:10:00-05:00,187.1,187.1,186.89,186.9821,31169.00
2026-01-07 14:15:00-05:00,186.965,186.965,186.82,186.865,9046.00
2026-01-07 14:20:00-05:00,186.8783,186.8783,186.55,186.5779,10795.00
2026-01-07 14:25:00-05:00,186.55,186.815,186.55,186.78,14038.00
2026-01-07 14:30:00-05:00,186.76,186.96,186.75,186.955,12706.00
2026-01-07 14:35:00-05:00,186.97,187,186.83,186.88,9021.00
2026-01-07 14:40:00-05:00,186.86,187,186.85,186.9201,12610.00
2026-01-07 14:45:00-05:00,186.96,186.96,186.71,186.73,19822.00
2026-01-07 14:50:00-05:00,186.75,186.91,186.7201,186.91,10659.00
2026-01-07 14:55:00-05:00,186.895,187,186.85,186.955,16755.00
2026-01-07 15:00:00-05:00,186.94,186.955,186.79,186.915,12947.00
2026-01-07 15:05:00-05:00,186.88,186.895,186.75,186.815,13232.00
2026-01-07 15:10:00-05:00,186.78,186.845,186.7486,186.79,10047.00
2026-01-07 15:15:00-05:00,186.75,186.87,186.72,186.87,15434.00
2026-01-07 15:20:00-05:00,186.87,186.94,186.84,186.87,13369.00
2026-01-07 15:25:00-05:00,186.87,186.87,186.735,186.86,18207.00
2026-01-07 15:30:00-05:00,186.82,186.985,186.73,186.94,29591.00
2026-01-07 15:35:00-05:00,186.945,187,186.7,186.7,39136.00
2026-01-07 15:40:00-05:00,186.73,186.93,186.73,186.81,22615.00
2026-01-07 15:45:00-05:00,186.82,186.94,186.76,186.91,35527.00
2026-01-07 15:50:00-05:00,186.88,187.14,186.81,186.92,91754.00
2026-01-07 15:55:00-05:00,186.94,187,186.855,186.95,196059.00
2026-01-08 09:30:00-05:00,186.99,187.66,186.42,187.15,57060.00
2026-01-08 09:35:00-05:00,187.08,187.18,186.9,187.105,29495.00
2026-01-08 09:40:00-05:00,187.09,188.18,187.09,187.95,21805.00
2026-01-08 09:45:00-05:00,187.93,188.6,187.71,188.34,39959.00
2026-01-08 09:50:00-05:00,188.34,188.925,188.27,188.8,27275.00
2026-01-08 09:55:00-05:00,188.74,189.375,188.66,189.24,11013.00
2026-01-08 10:00:00-05:00,189.235,189.235,188.64,188.98,17315.00
2026-01-08 10:05:00-05:00,188.99,189.535,188.98,189.355,14417.00
2026-01-08 10:10:00-05:00,189.355,189.38,188.91,189.06,15664.00
2026-01-08 10:15:00-05:00,189.125,189.39,188.98,189.16,34762.00
2026-01-08 10:20:00-05:00,189.16,189.27,189,189.18,35796.00
2026-01-08 10:25:00-05:00,189.185,189.6375,189.185,189.48,20051.00
2026-01-08 10:30:00-05:00,189.4,189.595,189.37,189.59,11974.00
2026-01-08 10:35:00-05:00,189.59,189.69,189.49,189.6287,14435.00
2026-01-08 10:40:00-05:00,189.62,189.8292,189.5,189.5545,16133.00
2026-01-08 10:45:00-05:00,189.54,189.54,189.21,189.3,24971.00
2026-01-08 10:50:00-05:00,189.37,189.54,189.19,189.3,38648.00
2026-01-08 10:55:00-05:00,189.295,189.57,189.295,189.53,15717.00
2026-01-08 11:00:00-05:00,189.58,189.74,189.5,189.695,13994.00
2026-01-08 11:05:00-05:00,189.695,189.8,189.38,189.545,11732.00
2026-01-08 11:10:00-05:00,189.55,189.87,189.47,189.815,14457.00
2026-01-08 11:15:00-05:00,189.87,190.01,189.71,189.87,18835.00
2026-01-08 11:20:00-05:00,189.895,190.4945,189.85,190.37,22380.00
2026-01-08 11:25:00-05:00,190.41,190.72,190.34,190.63,14296.00
2026-01-08 11:30:00-05:00,190.63,190.94,190.58,190.73,10075.00
2026-01-08 11:35:00-05:00,190.75,191.1325,190.75,191.13,17220.00
2026-01-08 11:40:00-05:00,191.1058,191.22,190.79,190.8,9435.00
2026-01-08 11:45:00-05:00,190.69,190.745,190.31,190.31,18781.00
2026-01-08 11:50:00-05:00,190.32,190.385,190.01,190.01,10179.00
2026-01-08 11:55:00-05:00,190.06,190.26,189.71,189.815,14028.00
2026-01-08 12:00:00-05:00,189.815,190.07,189.815,189.9,16638.00
2026-01-08 12:05:00-05:00,189.93,190,189.67,189.695,8722.00
2026-01-08 12:10:00-05:00,189.775,190.025,189.775,190.025,13133.00
2026-01-08 12:15:00-05:00,190.025,190.07,189.91,190.02,16765.00
2026-01-08 12:20:00-05:00,189.94,190.11,189.92,190.005,14040.00
2026-01-08 12:25:00-05:00,190.005,190.08,189.98,190.08,8894.00
2026-01-08 12:30:00-05:00,190.075,190.595,190.075,190.4725,28963.00
2026-01-08 12:35:00-05:00,190.42,190.48,190.37,190.465,6250.00
2026-01-08 12:40:00-05:00,190.46,190.46,190.33,190.455,17399.00
2026-01-08 12:45:00-05:00,190.4913,190.4913,190.27,190.28,6655.00
2026-01-08 12:50:00-05:00,190.33,190.37,190.23,190.23,9389.00
2026-01-08 12:55:00-05:00,190.28,190.31,190.22,190.255,5124.00
2026-01-08 13:00:00-05:00,190.22,190.28,190.06,190.23,16885.00
2026-01-08 13:05:00-05:00,190.25,190.2987,190.08,190.08,8513.00
2026-01-08 13:10:00-05:00,190.16,190.28,190.1,190.18,6682.00
2026-01-08 13:15:00-05:00,190.18,190.35,190.18,190.34,12105.00
2026-01-08 13:20:00-05:00,190.38,190.38,190.16,190.225,8044.00
2026-01-08 13:25:00-05:00,190.28,190.38,190.12,190.18,8846.00
2026-01-08 13:30:00-05:00,190.23,190.38,190.23,190.32,9939.00
2026-01-08 13:35:00-05:00,190.34,190.445,190.29,190.315,12694.00
2026-01-08 13:40:00-05:00,190.25,190.315,190.23,190.25,6621.00
2026-01-08 13:45:00-05:00,190.27,190.47,190.27,190.4,10901.00
2026-01-08 13:50:00-05:00,190.405,190.415,190.12,190.12,9889.00
2026-01-08 13:55:00-05:00,190.17,190.275,190.1,190.1,6130.00
2026-01-08 14:00:00-05:00,190.11,190.185,190.065,190.17,17680.00
2026-01-08 14:05:00-05:00,190.205,190.26,190.03,190.03,10625.00
2026-01-08 14:10:00-05:00,190.04,190.1,190.03,190.085,5812.00
2026-01-08 14:15:00-05:00,190.02,190.07,189.87,190.04,16330.00
2026-01-08 14:20:00-05:00,190.04,190.08,189.99,189.99,9219.00
2026-01-08 14:25:00-05:00,189.98,190.06,189.95,190.02,10444.00
2026-01-08 14:30:00-05:00,190.02,190.145,190,190.065,11875.00
2026-01-08 14:35:00-05:00,190.0509,190.1257,189.97,190.04,11308.00
2026-01-08 14:40:00-05:00,190,190.07,189.95,189.985,8313.00
2026-01-08 14:45:00-05:00,189.9601,190.12,189.91,189.91,10112.00
2026-01-08 14:50:00-05:00,189.95,189.95,189.84,189.86,5041.00
2026-01-08 14:55:00-05:00,189.82,189.92,189.79,189.83,12018.00
2026-01-08 15:00:00-05:00,189.81,189.94,189.54,189.57,18042.00
2026-01-08 15:05:00-05:00,189.56,189.745,189.56,189.69,11578.00
2026-01-08 15:10:00-05:00,189.685,189.835,189.61,189.835,9025.00
2026-01-08 15:15:00-05:00,189.86,189.89,189.72,189.77,16212.00
2026-01-08 15:20:00-05:00,189.77,189.82,189.65,189.71,10899.00
2026-01-08 15:25:00-05:00,189.66,189.67,189.53,189.58,18027.00
2026-01-08 15:30:00-05:00,189.6,189.705,189.535,189.66,14386.00
2026-01-08 15:35:00-05:00,189.66,189.705,189.5,189.5,15045.00
2026-01-08 15:40:00-05:00,189.5,189.54,189.37,189.48,13532.00
2026-01-08 15:45:00-05:00,189.475,189.51,189.245,189.3589,19853.00
2026-01-08 15:50:00-05:00,189,189.57,188.61,189.37,121058.00
2026-01-08 15:55:00-05:00,189.31,189.51,189.18,189.28,136958.00
2026-01-09 09:30:00-05:00,189.27,191.62,189.27,191.035,38350.00
2026-01-09 09:35:00-05:00,191.01,191.01,190.16,190.4,37920.00
2026-01-09 09:40:00-05:00,190.5232,191,190.3,190.95,20264.00
2026-01-09 09:45:00-05:00,190.725,191.2,190.68,191.085,28602.00
2026-01-09 09:50:00-05:00,190.975,191.81,190.79,191.635,33347.00
2026-01-09 09:55:00-05:00,191.66,192.005,191.185,191.185,37907.00
2026-01-09 10:00:00-05:00,191.34,191.34,189.38,189.72,27985.00
2026-01-09 10:05:00-05:00,189.645,189.95,188.915,189.6835,19831.00
2026-01-09 10:10:00-05:00,189.67,190.23,189.61,190.23,11978.00
2026-01-09 10:15:00-05:00,190.45,191.11,190.22,191.085,23873.00
2026-01-09 10:20:00-05:00,191.206,191.6499,191.03,191.63,26109.00
2026-01-09 10:25:00-05:00,191.58,192.2,191.415,192.145,45264.00
2026-01-09 10:30:00-05:00,192.19,192.255,191.42,191.42,15124.00
2026-01-09 10:35:00-05:00,191.5,191.745,191.48,191.605,15696.00
2026-01-09 10:40:00-05:00,191.6,191.6,191.21,191.21,28065.00
2026-01-09 10:45:00-05:00,191.2,191.38,191.16,191.38,20736.00
2026-01-09 10:50:00-05:00,191.42,191.53,191.25,191.335,13904.00
2026-01-09 10:55:00-05:00,191.315,191.41,191.14,191.375,13897.00
2026-01-09 11:00:00-05:00,191.3925,191.41,191.08,191.2,18410.00
2026-01-09 11:05:00-05:00,191.2,191.2,191.02,191.12,25070.00
2026-01-09 11:10:00-05:00,191.18,191.57,191.15,191.54,43145.00
2026-01-09 11:15:00-05:00,191.52,191.74,191.4,191.4,11268.00
2026-01-09 11:20:00-05:00,191.44,191.73,191.33,191.47,52843.00
2026-01-09 11:25:00-05:00,191.465,191.55,191.37,191.38,7578.00
2026-01-09 11:30:00-05:00,191.42,191.445,191.3,191.385,28837.00
2026-01-09 11:35:00-05:00,191.385,191.84,191.385,191.67,16826.00
2026-01-09 11:40:00-05:00,191.6734,191.75,191.6,191.6,9031.00
2026-01-09 11:45:00-05:00,191.62,191.91,191.61,191.905,7987.00
2026-01-09 11:50:00-05:00,191.92,192.0051,191.82,191.865,10510.00
2026-01-09 11:55:00-05:00,191.9,191.94,191.76,191.79,8477.00
2026-01-09 12:00:00-05:00,191.85,191.85,191.55,191.6,14977.00
2026-01-09 12:05:00-05:00,191.6,191.63,191.3,191.3,18348.00
2026-01-09 12:10:00-05:00,191.25,191.35,191.22,191.27,30752.00
2026-01-09 12:15:00-05:00,191.325,191.39,191.1506,191.39,18232.00
2026-01-09 12:20:00-05:00,191.39,191.465,191.33,191.375,10578.00
2026-01-09 12:25:00-05:00,191.43,191.505,191.4,191.4,12475.00
2026-01-09 12:30:00-05:00,191.32,191.325,191.27,191.325,5583.00
2026-01-09 12:35:00-05:00,191.325,191.395,191.26,191.29,17327.00
2026-01-09 12:40:00-05:00,191.315,191.4,191.181,191.305,54726.00
2026-01-09 12:45:00-05:00,191.305,191.4,191.305,191.385,6179.00
2026-01-09 12:50:00-05:00,191.4,191.4,191.13,191.15,9513.00
2026-01-09 12:55:00-05:00,191.215,191.25,191.125,191.15,16832.00
2026-01-09 13:00:00-05:00,191.1,191.24,191.1,191.24,7081.00
2026-01-09 13:05:00-05:00,191.22,191.32,191.18,191.235,7128.00
2026-01-09 13:10:00-05:00,191.22,191.3,191.14,191.23,13665.00
2026-01-09 13:15:00-05:00,191.235,191.235,191.11,191.175,8372.00
2026-01-09 13:20:00-05:00,191.175,191.185,191.02,191.02,12303.00
2026-01-09 13:25:00-05:00,191.07,191.225,191.04,191.225,10040.00
2026-01-09 13:30:00-05:00,191.25,191.305,191.14,191.27,12853.00
2026-01-09 13:35:00-05:00,191.275,191.31,191.24,191.275,11737.00
2026-01-09 13:40:00-05:00,191.275,191.275,191.22,191.23,3130.00
2026-01-09 13:45:00-05:00,191.245,191.3399,191.12,191.25,76422.00
2026-01-09 13:50:00-05:00,191.25,191.28,191.0201,191.165,27820.00
2026-01-09 13:55:00-05:00,191.12,191.145,190.9,191.085,33019.00
2026-01-09 14:00:00-05:00,191.085,191.11,191,191.02,6766.00
2026-01-09 14:05:00-05:00,191.015,191.015,190.8712,190.8712,12435.00
2026-01-09 14:10:00-05:00,190.93,191.1,190.93,191.06,10753.00
2026-01-09 14:15:00-05:00,191.065,191.165,190.97,191.15,16651.00
2026-01-09 14:20:00-05:00,191.15,191.22,191.0511,191.21,14528.00
2026-01-09 14:25:00-05:00,191.175,191.175,190.91,190.91,10818.00
2026-01-09 14:30:00-05:00,190.98,191.19,190.98,191.1,39803.00
2026-01-09 14:35:00-05:00,191.15,191.43,191.1,191.33,25457.00
2026-01-09 14:40:00-05:00,191.37,191.53,191.36,191.49,5508.00
2026-01-09 14:45:00-05:00,191.515,191.57,191.44,191.57,7223.00
2026-01-09 14:50:00-05:00,191.57,191.584,191.53,191.57,5600.00
2026-01-09 14:55:00-05:00,191.53,191.66,191.46,191.66,17352.00
2026-01-09 15:00:00-05:00,191.66,191.84,191.635,191.79,8253.00
2026-01-09 15:05:00-05:00,191.77,191.81,191.7,191.8,22738.00
2026-01-09 15:10:00-05:00,191.805,191.9,191.8,191.9,18469.00
2026-01-09 15:15:00-05:00,191.88,192.06,191.66,191.66,54643.00
2026-01-09 15:20:00-05:00,191.62,191.72,191.43,191.72,13957.00
2026-01-09 15:25:00-05:00,191.68,191.785,191.5,191.505,11117.00
2026-01-09 15:30:00-05:00,191.505,191.62,191.5,191.58,14214.00
2026-01-09 15:35:00-05:00,191.58,191.66,191.32,191.57,64165.00
2026-01-09 15:40:00-05:00,191.5976,191.64,191.48,191.615,20343.00
2026-01-09 15:45:00-05:00,191.54,191.6,191.4701,191.565,21703.00
2026-01-09 15:50:00-05:00,191.54,191.625,191.35,191.52,57611.00
2026-01-09 15:55:00-05:00,191.52,191.85,191.4,191.4,149890.00
2026-01-12 09:30:00-05:00,191,191,189.3,189.66,38322.00
2026-01-12 09:35:00-05:00,189.48,189.72,188.94,189.675,11694.00
2026-01-12 09:40:00-05:00,189.7805,190.395,189.7805,190.305,10438.00
2026-01-12 09:45:00-05:00,190.33,191.56,190.33,191.225,28271.00
2026-01-12 09:50:00-05:00,191.225,191.67,191.01,191.09,7834.00
2026-01-12 09:55:00-05:00,191.04,191.27,190.845,191.27,7898.00
2026-01-12 10:00:00-05:00,191.17,191.6175,191.105,191.53,15023.00
2026-01-12 10:05:00-05:00,191.495,191.8,191.478,191.72,15554.00
2026-01-12 10:10:00-05:00,191.62,191.76,191.26,191.54,18561.00
2026-01-12 10:15:00-05:00,191.57,191.76,191.415,191.76,6107.00
2026-01-12 10:20:00-05:00,191.645,191.8859,191.54,191.69,12279.00
2026-01-12 10:25:00-05:00,191.77,191.85,191.64,191.81,24482.00
2026-01-12 10:30:00-05:00,191.84,192.095,191.705,191.8,22638.00
2026-01-12 10:35:00-05:00,191.93,192.245,191.681,191.995,12916.00
2026-01-12 10:40:00-05:00,192.09,192.38,192.09,192.38,6389.00
2026-01-12 10:45:00-05:00,192.2,192.2,191.9,192.01,9760.00
2026-01-12 10:50:00-05:00,192.035,192.33,191.97,192.12,25222.00
2026-01-12 10:55:00-05:00,192.17,192.295,191.98,192.04,10778.00
2026-01-12 11:00:00-05:00,192,192.09,191.905,192.09,16360.00
2026-01-12 11:05:00-05:00,192.07,192.07,191.89,191.986,13752.00
2026-01-12 11:10:00-05:00,191.9571,191.9571,191.6975,191.835,35807.00
2026-01-12 11:15:00-05:00,191.85,191.88,191.61,191.78,15453.00
2026-01-12 11:20:00-05:00,191.88,192.06,191.67,192,14163.00
2026-01-12 11:25:00-05:00,191.9751,192.11,191.92,192.06,10896.00
2026-01-12 11:30:00-05:00,192.07,192.075,191.84,191.97,10821.00
2026-01-12 11:35:00-05:00,192,192.19,191.97,192,6452.00
2026-01-12 11:40:00-05:00,192,192.17,192,192.105,6993.00
2026-01-12 11:45:00-05:00,192.105,192.15,191.99,191.99,5017.00
2026-01-12 11:50:00-05:00,191.98,192.04,191.91,192.025,7134.00
2026-01-12 11:55:00-05:00,191.97,192.055,191.89,191.93,9142.00
2026-01-12 12:00:00-05:00,191.9,192.25,191.9,192.18,10135.00
2026-01-12 12:05:00-05:00,192.12,192.26,192.06,192.07,14700.00
2026-01-12 12:10:00-05:00,192.06,192.23,192.06,192.2,11099.00
2026-01-12 12:15:00-05:00,192.08,192.08,191.9012,192.005,5917.00
2026-01-12 12:20:00-05:00,191.955,192.02,191.865,191.865,21777.00
2026-01-12 12:25:00-05:00,191.865,191.94,191.72,191.72,13019.00
2026-01-12 12:30:00-05:00,191.815,191.94,191.74,191.87,9183.00
2026-01-12 12:35:00-05:00,191.825,191.915,191.695,191.76,53786.00
2026-01-12 12:40:00-05:00,191.745,192.06,191.66,191.875,38662.00
2026-01-12 12:45:00-05:00,191.875,191.875,191.78,191.78,2804.00
2026-01-12 12:50:00-05:00,191.81,191.84,191.73,191.73,5158.00
2026-01-12 12:55:00-05:00,191.78,191.88,191.7212,191.82,4945.00
2026-01-12 13:00:00-05:00,191.8,191.86,191.73,191.86,16489.00
2026-01-12 13:05:00-05:00,191.84,191.84,191.74,191.75,7991.00
2026-01-12 13:10:00-05:00,191.85,191.85,191.85,191.85,723.00
2026-01-12 13:15:00-05:00,191.795,191.955,191.75,191.815,70292.00
2026-01-12 13:20:00-05:00,191.815,192.21,191.77,192.02,16594.00
2026-01-12 13:25:00-05:00,192.08,192.32,192.07,192.32,8821.00
2026-01-12 13:30:00-05:00,192.365,192.365,192.055,192.06,3662.00
2026-01-12 13:35:00-05:00,192.06,192.06,191.87,191.915,6620.00
2026-01-12 13:40:00-05:00,191.96,192.145,191.88,192.12,31442.00
2026-01-12 13:45:00-05:00,192.12,192.27,192.07,192.26,10441.00
2026-01-12 13:50:00-05:00,192.3,192.49,192.22,192.35,12891.00
2026-01-12 13:55:00-05:00,192.35,192.355,191.95,191.955,37659.00
2026-01-12 14:00:00-05:00,191.945,192.24,191.94,192.205,12135.00
2026-01-12 14:05:00-05:00,192.25,192.36,192.14,192.16,19646.00
2026-01-12 14:10:00-05:00,192.17,192.23,192.02,192.23,17348.00
2026-01-12 14:15:00-05:00,192.25,192.25,192.12,192.195,8526.00
2026-01-12 14:20:00-05:00,192.175,192.175,192.05,192.05,11755.00
2026-01-12 14:25:00-05:00,192.05,192.155,192,192,20740.00
2026-01-12 14:30:00-05:00,191.99,192.06,191.96,191.96,7880.00
2026-01-12 14:35:00-05:00,191.96,192.09,191.92,192.09,12019.00
2026-01-12 14:40:00-05:00,192.095,192.131,192.03,192.08,13177.00
2026-01-12 14:45:00-05:00,192.075,192.1,191.97,192.03,10291.00
2026-01-12 14:50:00-05:00,192.04,192.06,191.79,191.85,30035.00
2026-01-12 14:55:00-05:00,191.845,191.95,191.8,191.8001,25722.00
2026-01-12 15:00:00-05:00,191.86,191.9,191.77,191.88,45401.00
2026-01-12 15:05:00-05:00,191.885,191.92,191.81,191.88,19346.00
2026-01-12 15:10:00-05:00,191.9,191.9,191.7065,191.74,20205.00
2026-01-12 15:15:00-05:00,191.73,191.795,191.67,191.79,29311.00
2026-01-12 15:20:00-05:00,191.76,191.81,191.69,191.79,10812.00
2026-01-12 15:25:00-05:00,191.76,191.945,191.76,191.9,16567.00
2026-01-12 15:30:00-05:00,191.87,191.97,191.85,191.97,9999.00
2026-01-12 15:35:00-05:00,191.96,192.01,191.9,192,35419.00
2026-01-12 15:40:00-05:00,192,192.17,191.91,192.14,28209.00
2026-01-12 15:45:00-05:00,192.145,192.175,192.01,192.125,17810.00
2026-01-12 15:50:00-05:00,192.07,192.175,192.01,192.16,69667.00
2026-01-12 15:55:00-05:00,192.14,192.38,192.11,192.26,149425.00
2026-01-13 09:30:00-05:00,192.23,193.0999,192.23,192.74,24280.00
2026-01-13 09:35:00-05:00,192.74,192.74,192.53,192.54,5346.00
2026-01-13 09:40:00-05:00,192.5469,192.81,192.415,192.505,10258.00
2026-01-13 09:45:00-05:00,192.505,192.505,192.1,192.31,11012.00
2026-01-13 09:50:00-05:00,192.44,192.89,192.44,192.74,11270.00
2026-01-13 09:55:00-05:00,192.68,192.86,192.5701,192.805,6679.00
2026-01-13 10:00:00-05:00,192.8,193.105,192.665,192.77,14953.00
2026-01-13 10:05:00-05:00,192.72,192.77,192.6,192.735,7187.00
2026-01-13 10:10:00-05:00,192.73,192.795,192.62,192.74,6870.00
2026-01-13 10:15:00-05:00,192.735,192.84,192.62,192.84,6509.00
2026-01-13 10:20:00-05:00,192.84,193.08,192.835,193.08,5064.00
2026-01-13 10:25:00-05:00,193.0648,193.11,192.88,193.04,14828.00
2026-01-13 10:30:00-05:00,193.07,193.07,192.9,192.92,25095.00
2026-01-13 10:35:00-05:00,192.915,193.06,192.79,192.875,25101.00
2026-01-13 10:40:00-05:00,192.875,192.96,192.81,192.83,19248.00
2026-01-13 10:45:00-05:00,192.825,192.825,192.605,192.73,16555.00
2026-01-13 10:50:00-05:00,192.775,192.775,192.6819,192.74,9413.00
2026-01-13 10:55:00-05:00,192.8,192.91,192.79,192.885,8435.00
2026-01-13 11:00:00-05:00,192.82,192.98,192.705,192.94,13049.00
2026-01-13 11:05:00-05:00,192.885,192.98,192.8025,192.98,11107.00
2026-01-13 11:10:00-05:00,193.07,193.07,192.68,192.7348,13458.00
2026-01-13 11:15:00-05:00,192.785,192.81,192.5,192.525,37723.00
2026-01-13 11:20:00-05:00,192.525,192.72,192.525,192.64,20390.00
2026-01-13 11:25:00-05:00,192.605,192.67,192.5,192.575,21163.00
2026-01-13 11:30:00-05:00,192.53,192.61,192.45,192.565,22028.00
2026-01-13 11:35:00-05:00,192.56,192.76,192.465,192.7,45269.00
2026-01-13 11:40:00-05:00,192.74,193.055,192.73,193,12408.00
2026-01-13 11:45:00-05:00,192.98,192.98,192.8,192.9201,8149.00
2026-01-13 11:50:00-05:00,193.019,193.019,192.92,192.945,8474.00
2026-01-13 11:55:00-05:00,192.86,192.915,192.782,192.782,9446.00
2026-01-13 12:00:00-05:00,192.795,192.91,192.69,192.89,12913.00
2026-01-13 12:05:00-05:00,192.95,192.95,192.815,192.83,8308.00
2026-01-13 12:10:00-05:00,192.8127,192.8888,192.78,192.84,5995.00
2026-01-13 12:15:00-05:00,192.89,193.1936,192.885,193.11,12676.00
2026-01-13 12:20:00-05:00,193.11,193.11,192.99,193.04,12247.00
2026-01-13 12:25:00-05:00,192.99,193.05,192.84,192.99,14856.00
2026-01-13 12:30:00-05:00,192.99,193.055,192.81,193.005,15304.00
2026-01-13 12:35:00-05:00,193.0051,193.045,192.91,193,5800.00
2026-01-13 12:40:00-05:00,193.045,193.05,192.91,192.965,18942.00
2026-01-13 12:45:00-05:00,193,193.01,192.89,192.99,8628.00
2026-01-13 12:50:00-05:00,192.99,193.115,192.96,193.025,12723.00
2026-01-13 12:55:00-05:00,192.95,193.055,192.94,192.985,9173.00
2026-01-13 13:00:00-05:00,192.995,193.04,192.83,192.93,19637.00
2026-01-13 13:05:00-05:00,192.93,193.005,192.91,192.91,5236.00
2026-01-13 13:10:00-05:00,192.98,193.18,192.98,193.18,11258.00
2026-01-13 13:15:00-05:00,193.16,193.26,192.95,193.005,17091.00
2026-01-13 13:20:00-05:00,193.005,193.02,192.95,193.02,7380.00
2026-01-13 13:25:00-05:00,193.02,193.03,192.93,192.96,10467.00
2026-01-13 13:30:00-05:00,192.94,192.98,192.89,192.955,14870.00
2026-01-13 13:35:00-05:00,192.99,193.09,192.96,193.005,18166.00
2026-01-13 13:40:00-05:00,193.005,193.13,192.97,193.115,15360.00
2026-01-13 13:45:00-05:00,193.115,193.425,193.085,193.34,12636.00
2026-01-13 13:50:00-05:00,193.28,193.35,193.17,193.35,9720.00
2026-01-13 13:55:00-05:00,193.33,193.49,193.33,193.48,4517.00
2026-01-13 14:00:00-05:00,193.39,193.48,193.18,193.23,11089.00
2026-01-13 14:05:00-05:00,193.19,193.325,193.155,193.155,11166.00
2026-01-13 14:10:00-05:00,193.1425,193.1425,192.9325,193.04,10394.00
2026-01-13 14:15:00-05:00,193.035,193.165,192.99,193.165,13493.00
2026-01-13 14:20:00-05:00,193.23,193.23,193.14,193.185,6848.00
2026-01-13 14:25:00-05:00,193.19,193.28,193.19,193.225,5188.00
2026-01-13 14:30:00-05:00,193.225,193.305,193.0684,193.12,21538.00
2026-01-13 14:35:00-05:00,193.15,193.15,193.05,193.075,14779.00
2026-01-13 14:40:00-05:00,193.075,193.133,192.92,192.94,9878.00
2026-01-13 14:45:00-05:00,192.965,192.965,192.825,192.9,10947.00
2026-01-13 14:50:00-05:00,192.95,193.015,192.88,193.015,11532.00
2026-01-13 14:55:00-05:00,193.025,193.06,192.95,192.98,16707.00
2026-01-13 15:00:00-05:00,192.98,193.025,192.8427,192.94,18473.00
2026-01-13 15:05:00-05:00,192.94,192.985,192.82,192.85,15683.00
2026-01-13 15:10:00-05:00,192.85,192.945,192.79,192.945,13789.00
2026-01-13 15:15:00-05:00,192.94,193,192.88,192.895,22036.00
2026-01-13 15:20:00-05:00,192.895,192.995,192.86,192.92,15426.00
2026-01-13 15:25:00-05:00,192.9,192.94,192.87,192.88,12325.00
2026-01-13 15:30:00-05:00,192.88,193.07,192.85,192.99,21950.00
2026-01-13 15:35:00-05:00,192.99,193,192.88,192.985,20809.00
2026-01-13 15:40:00-05:00,192.985,193.1,192.95,193.035,28519.00
2026-01-13 15:45:00-05:00,193.035,193.11,192.98,193.085,25244.00
2026-01-13 15:50:00-05:00,193.05,193.44,193,193.24,79770.00
2026-01-13 15:55:00-05:00,193.24,193.39,193.035,193.26,204425.00
2026-01-14 09:30:00-05:00,192.49,193.07,192.23,192.755,37036.00
2026-01-14 09:35:00-05:00,192.72,193.37,192.72,193.23,10572.00
2026-01-14 09:40:00-05:00,193.24,193.79,193.24,193.43,10637.00
2026-01-14 09:45:00-05:00,193.34,193.34,193.07,193.18,7885.00
2026-01-14 09:50:00-05:00,193.125,193.16,192.7501,192.7501,5109.00
2026-01-14 09:55:00-05:00,192.86,192.87,192.5,192.62,18546.00
2026-01-14 10:00:00-05:00,192.62,192.7985,192.51,192.51,14537.00
2026-01-14 10:05:00-05:00,192.5,192.67,192.43,192.56,24033.00
2026-01-14 10:10:00-05:00,192.63,192.7599,192.1,192.3,28612.00
2026-01-14 10:15:00-05:00,192.255,192.36,191.685,191.99,10086.00
2026-01-14 10:20:00-05:00,191.97,191.98,191.73,191.885,42851.00
2026-01-14 10:25:00-05:00,191.97,192.1,191.84,191.84,12844.00
2026-01-14 10:30:00-05:00,191.92,191.99,191.785,191.885,17771.00
2026-01-14 10:35:00-05:00,191.87,192,191.74,191.945,32578.00
2026-01-14 10:40:00-05:00,191.93,192.19,191.88,191.96,8342.00
2026-01-14 10:45:00-05:00,191.955,192.02,191.84,191.905,9277.00
2026-01-14 10:50:00-05:00,191.9,192.0514,191.88,191.995,11000.00
2026-01-14 10:55:00-05:00,192.04,192.05,191.73,191.76,21752.00
2026-01-14 11:00:00-05:00,191.76,191.8734,191.75,191.825,9936.00
2026-01-14 11:05:00-05:00,191.78,191.83,191.61,191.78,53878.00
2026-01-14 11:10:00-05:00,191.735,191.84,191.735,191.755,12156.00
2026-01-14 11:15:00-05:00,191.755,191.87,191.7,191.775,18363.00
2026-01-14 11:20:00-05:00,191.83,191.97,191.75,191.915,13825.00
2026-01-14 11:25:00-05:00,191.915,192.11,191.82,192.085,8225.00
2026-01-14 11:30:00-05:00,192.07,192.25,191.88,191.89,7484.00
2026-01-14 11:35:00-05:00,191.89,191.985,191.86,191.9,12503.00
2026-01-14 11:40:00-05:00,191.94,191.9535,191.74,191.77,19099.00
2026-01-14 11:45:00-05:00,191.67,191.785,191.31,191.55,85494.00
2026-01-14 11:50:00-05:00,191.55,191.61,191.375,191.52,30411.00
2026-01-14 11:55:00-05:00,191.5,191.565,191.36,191.465,25187.00
2026-01-14 12:00:00-05:00,191.44,191.77,191.44,191.67,15538.00
2026-01-14 12:05:00-05:00,191.68,191.89,191.56,191.56,10342.00
2026-01-14 12:10:00-05:00,191.61,191.71,191.37,191.37,7728.00
2026-01-14 12:15:00-05:00,191.425,191.53,191.37,191.44,36762.00
2026-01-14 12:20:00-05:00,191.44,191.545,191.38,191.41,10871.00
2026-01-14 12:25:00-05:00,191.51,191.625,191.51,191.55,4152.00
2026-01-14 12:30:00-05:00,191.53,191.54,191.4,191.505,8239.00
2026-01-14 12:35:00-05:00,191.58,191.64,191.4,191.4575,8249.00
2026-01-14 12:40:00-05:00,191.455,191.64,191.23,191.64,60560.00
2026-01-14 12:45:00-05:00,191.64,191.8,191.62,191.675,14080.00
2026-01-14 12:50:00-05:00,191.635,191.64,191.49,191.58,7555.00
2026-01-14 12:55:00-05:00,191.61,191.64,191.38,191.43,7894.00
2026-01-14 13:00:00-05:00,191.44,191.505,191.36,191.36,36669.00
2026-01-14 13:05:00-05:00,191.4,191.53,191.395,191.4,16530.00
2026-01-14 13:10:00-05:00,191.4,191.415,190.83,191.1,40161.00
2026-01-14 13:15:00-05:00,191.155,191.155,190.9,190.9,3383.00
2026-01-14 13:20:00-05:00,190.9,191.05,190.895,190.9,9353.00
2026-01-14 13:25:00-05:00,190.91,191.05,190.9,190.97,7825.00
2026-01-14 13:30:00-05:00,190.97,190.97,190.355,190.48,52046.00
2026-01-14 13:35:00-05:00,190.47,190.5495,190.27,190.5495,16157.00
2026-01-14 13:40:00-05:00,190.45,190.765,190.4,190.67,10516.00
2026-01-14 13:45:00-05:00,190.73,190.9,190.62,190.71,10640.00
2026-01-14 13:50:00-05:00,190.705,190.86,190.62,190.67,8494.00
2026-01-14 13:55:00-05:00,190.755,190.95,190.74,190.94,10267.00
2026-01-14 14:00:00-05:00,190.925,190.94,190.69,190.69,25272.00
2026-01-14 14:05:00-05:00,190.71,190.74,190.38,190.49,25424.00
2026-01-14 14:10:00-05:00,190.49,190.57,190.395,190.55,11922.00
2026-01-14 14:15:00-05:00,190.52,190.62,190.42,190.545,8525.00
2026-01-14 14:20:00-05:00,190.48,190.57,190.39,190.46,12801.00
2026-01-14 14:25:00-05:00,190.46,190.55,190.42,190.495,8902.00
2026-01-14 14:30:00-05:00,190.495,190.6299,190.4,190.58,15247.00
2026-01-14 14:35:00-05:00,190.46,190.525,190.4,190.5,9805.00
2026-01-14 14:40:00-05:00,190.47,190.5399,190.41,190.45,10275.00
2026-01-14 14:45:00-05:00,190.45,190.4976,190.4,190.42,10992.00
2026-01-14 14:50:00-05:00,190.41,190.52,190.41,190.47,16947.00
2026-01-14 14:55:00-05:00,190.47,190.55,190.45,190.55,17186.00
2026-01-14 15:00:00-05:00,190.51,190.67,190.31,190.64,61436.00
2026-01-14 15:05:00-05:00,190.74,191.3199,190.74,191.17,23430.00
2026-01-14 15:10:00-05:00,191.18,191.21,191.02,191.04,23605.00
2026-01-14 15:15:00-05:00,191,191.09,190.95,190.985,14915.00
2026-01-14 15:20:00-05:00,191,191.05,190.89,191.02,28975.00
2026-01-14 15:25:00-05:00,191.015,191.22,190.99,191.205,25931.00
2026-01-14 15:30:00-05:00,191.25,191.33,191.18,191.26,21570.00
2026-01-14 15:35:00-05:00,191.265,191.64,191.265,191.64,52706.00
2026-01-14 15:40:00-05:00,191.64,191.765,191.47,191.52,20752.00
2026-01-14 15:45:00-05:00,191.46,191.58,191.265,191.47,53747.00
2026-01-14 15:50:00-05:00,191.4,192.05,191.38,191.995,134925.00
2026-01-14 15:55:00-05:00,192.03,192.04,191.72,191.86,151597.00
2026-01-15 09:30:00-05:00,192.57,192.69,191.28,192.18,59148.00
2026-01-15 09:35:00-05:00,192.37,192.845,192.34,192.82,12366.00
2026-01-15 09:40:00-05:00,192.655,192.655,192.19,192.19,6454.00
2026-01-15 09:45:00-05:00,192.29,192.85,192.28,192.645,9172.00
2026-01-15 09:50:00-05:00,192.61,192.81,192.61,192.71,2561.00
2026-01-15 09:55:00-05:00,192.78,192.9,192.56,192.775,5575.00
2026-01-15 10:00:00-05:00,192.815,193.35,192.81,192.9925,63664.00
2026-01-15 10:05:00-05:00,193,193.02,192.85,193,10680.00
2026-01-15 10:10:00-05:00,193,193.145,192.8125,193.11,13079.00
2026-01-15 10:15:00-05:00,193.12,193.21,193.01,193.04,18336.00
2026-01-15 10:20:00-05:00,193.05,193.88,193.01,193.81,26319.00
2026-01-15 10:25:00-05:00,193.81,193.81,193.51,193.64,9359.00
2026-01-15 10:30:00-05:00,193.63,193.72,193.28,193.28,13113.00
2026-01-15 10:35:00-05:00,193.365,193.45,193.23,193.315,6014.00
2026-01-15 10:40:00-05:00,193.325,193.4,193.25,193.28,7265.00
2026-01-15 10:45:00-05:00,193.335,193.383,193.11,193.305,29994.00
2026-01-15 10:50:00-05:00,193.31,193.39,193.21,193.355,10356.00
2026-01-15 10:55:00-05:00,193.41,193.82,193.34,193.76,14209.00
2026-01-15 11:00:00-05:00,193.75,194,193.74,193.94,13127.00
2026-01-15 11:05:00-05:00,193.98,193.98,193.5701,193.875,11505.00
2026-01-15 11:10:00-05:00,193.81,194.08,193.78,193.78,22074.00
2026-01-15 11:15:00-05:00,193.71,194.075,193.71,194.075,9603.00
2026-01-15 11:20:00-05:00,194.075,194.095,193.96,194.035,18776.00
2026-01-15 11:25:00-05:00,194.035,194.29,193.94,194.25,14719.00
2026-01-15 11:30:00-05:00,194.35,194.49,194.27,194.4,5599.00
2026-01-15 11:35:00-05:00,194.4,194.47,194.28,194.36,5926.00
2026-01-15 11:40:00-05:00,194.25,194.25,194.0735,194.0735,9070.00
2026-01-15 11:45:00-05:00,194.085,194.085,193.98,194.06,7174.00
2026-01-15 11:50:00-05:00,194.02,194.02,193.72,193.85,12603.00
2026-01-15 11:55:00-05:00,193.8256,193.89,193.79,193.79,6551.00
2026-01-15 12:00:00-05:00,193.8129,194.2,193.8129,194.165,13685.00
2026-01-15 12:05:00-05:00,194.22,194.26,194.12,194.23,4390.00
2026-01-15 12:10:00-05:00,194.18,194.28,194.17,194.235,4165.00
2026-01-15 12:15:00-05:00,194.26,194.35,194.2,194.35,5750.00
2026-01-15 12:20:00-05:00,194.335,194.345,194.1785,194.215,14957.00
2026-01-15 12:25:00-05:00,194.215,194.3,194.02,194.02,13805.00
2026-01-15 12:30:00-05:00,194.025,194.145,194,194.12,13308.00
2026-01-15 12:35:00-05:00,194.18,194.18,193.905,194.05,6005.00
2026-01-15 12:40:00-05:00,194.005,194.21,194,194.2,7581.00
2026-01-15 12:45:00-05:00,194.14,194.2,194.105,194.105,3101.00
2026-01-15 12:50:00-05:00,194.17,194.22,194.02,194.02,7187.00
2026-01-15 12:55:00-05:00,194.02,194.0555,193.97,194.04,6368.00
2026-01-15 13:00:00-05:00,194.08,194.44,194.025,194.44,7600.00
2026-01-15 13:05:00-05:00,194.46,194.46,194,194.22,36286.00
2026-01-15 13:10:00-05:00,194.215,194.455,194.215,194.39,7143.00
2026-01-15 13:15:00-05:00,194.32,194.42,194.29,194.29,5776.00
2026-01-15 13:20:00-05:00,194.255,194.405,194.255,194.31,5513.00
2026-01-15 13:25:00-05:00,194.31,194.35,194.135,194.3205,17524.00
2026-01-15 13:30:00-05:00,194.33,194.52,194.32,194.52,12254.00
2026-01-15 13:35:00-05:00,194.505,194.505,194.33,194.33,4956.00
2026-01-15 13:40:00-05:00,194.325,194.38,194.2722,194.38,7342.00
2026-01-15 13:45:00-05:00,194.38,194.38,194.255,194.255,5152.00
2026-01-15 13:50:00-05:00,194.2488,194.28,194.15,194.205,10680.00
2026-01-15 13:55:00-05:00,194.205,194.22,194.09,194.22,9168.00
2026-01-15 14:00:00-05:00,194.13,194.185,193.935,193.985,11475.00
2026-01-15 14:05:00-05:00,193.975,194.11,193.965,194.03,13647.00
2026-01-15 14:10:00-05:00,193.9001,194.07,193.9001,194.03,11887.00
2026-01-15 14:15:00-05:00,194.03,194.08,193.94,193.945,15609.00
2026-01-15 14:20:00-05:00,193.97,194.06,193.965,193.995,15555.00
2026-01-15 14:25:00-05:00,193.995,194.02,193.88,193.895,22627.00
2026-01-15 14:30:00-05:00,193.96,194.04,193.85,193.895,29091.00
2026-01-15 14:35:00-05:00,193.895,193.94,193.83,193.94,14607.00
2026-01-15 14:40:00-05:00,193.885,193.91,193.72,193.79,11233.00
2026-01-15 14:45:00-05:00,193.79,193.925,193.79,193.9,6681.00
2026-01-15 14:50:00-05:00,193.91,193.965,193.84,193.845,8322.00
2026-01-15 14:55:00-05:00,193.85,194,193.85,193.97,9505.00
2026-01-15 15:00:00-05:00,193.94,194.03,193.91,193.99,8380.00
2026-01-15 15:05:00-05:00,193.99,194.08,193.97,194.08,26851.00
2026-01-15 15:10:00-05:00,194.09,194.24,194.09,194.14,11590.00
2026-01-15 15:15:00-05:00,194.12,194.12,193.77,193.77,24034.00
2026-01-15 15:20:00-05:00,193.82,193.9,193.74,193.74,20399.00
2026-01-15 15:25:00-05:00,193.815,193.815,193.7,193.78,23567.00
2026-01-15 15:30:00-05:00,193.78,193.79,193.67,193.76,18135.00
2026-01-15 15:35:00-05:00,193.73,193.885,193.685,193.83,20305.00
2026-01-15 15:40:00-05:00,193.85,193.87,193.57,193.59,38699.00
2026-01-15 15:45:00-05:00,193.58,193.65,193.4001,193.47,29538.00
2026-01-15 15:50:00-05:00,193.43,193.76,193.32,193.76,50273.00
2026-01-15 15:55:00-05:00,193.74,193.82,193.6,193.81,103373.00
2026-01-16 09:30:00-05:00,194.2,194.795,193.7628,193.91,138368.00
2026-01-16 09:35:00-05:00,193.91,193.91,193.27,193.48,11207.00
2026-01-16 09:40:00-05:00,193.435,193.56,193.115,193.55,13569.00
2026-01-16 09:45:00-05:00,193.44,193.98,193.27,193.62,11107.00
2026-01-16 09:50:00-05:00,193.49,193.49,193.0845,193.0845,12345.00
2026-01-16 09:55:00-05:00,193.07,193.74,193.07,193.44,16885.00
2026-01-16 10:00:00-05:00,193.44,193.74,193.35,193.4775,17101.00
2026-01-16 10:05:00-05:00,193.495,193.64,193.31,193.485,13224.00
2026-01-16 10:10:00-05:00,193.61,193.8,193.36,193.555,17658.00
2026-01-16 10:15:00-05:00,193.515,193.705,193.34,193.535,18252.00
2026-01-16 10:20:00-05:00,193.66,193.83,193.59,193.765,13162.00
2026-01-16 10:25:00-05:00,193.68,193.75,193.395,193.395,8210.00
2026-01-16 10:30:00-05:00,193.395,193.395,193.105,193.105,7977.00
2026-01-16 10:35:00-05:00,193.02,193.36,193.01,193.31,8120.00
2026-01-16 10:40:00-05:00,193.19,193.45,193.13,193.345,12107.00
2026-01-16 10:45:00-05:00,193.365,193.78,193.365,193.5,9990.00
2026-01-16 10:50:00-05:00,193.545,193.915,193.51,193.86,10659.00
2026-01-16 10:55:00-05:00,193.85,193.85,193.695,193.82,13606.00
2026-01-16 11:00:00-05:00,193.815,194.025,193.81,194.02,15433.00
2026-01-16 11:05:00-05:00,194.02,194.22,193.99,194.105,22456.00
2026-01-16 11:10:00-05:00,194.125,194.16,193.94,194.005,17435.00
2026-01-16 11:15:00-05:00,194.01,194.215,193.96,194.21,17773.00
2026-01-16 11:20:00-05:00,194.22,194.56,194.22,194.29,10896.00
2026-01-16 11:25:00-05:00,194.31,194.36,194.2,194.36,16491.00
2026-01-16 11:30:00-05:00,194.345,194.64,194.27,194.51,11522.00
2026-01-16 11:35:00-05:00,194.445,194.65,194.445,194.445,7595.00
2026-01-16 11:40:00-05:00,194.46,194.51,194.3575,194.44,7491.00
2026-01-16 11:45:00-05:00,194.44,194.53,194.41,194.5,7402.00
2026-01-16 11:50:00-05:00,194.4825,194.495,194.35,194.48,4247.00
2026-01-16 11:55:00-05:00,194.35,194.52,194.3,194.52,7499.00
2026-01-16 12:00:00-05:00,194.535,194.92,194.49,194.84,19242.00
2026-01-16 12:05:00-05:00,194.84,194.885,194.59,194.64,12977.00
2026-01-16 12:10:00-05:00,194.64,194.7,194.6,194.635,5908.00
2026-01-16 12:15:00-05:00,194.635,194.735,194.34,194.345,22427.00
2026-01-16 12:20:00-05:00,194.35,194.51,194.35,194.445,8441.00
2026-01-16 12:25:00-05:00,194.445,194.445,194.34,194.355,24500.00
2026-01-16 12:30:00-05:00,194.38,194.38,194.01,194.1,12034.00
2026-01-16 12:35:00-05:00,194.1,194.1,193.85,193.95,4386.00
2026-01-16 12:40:00-05:00,193.92,194.14,193.92,194.055,9550.00
2026-01-16 12:45:00-05:00,194.06,194.06,193.85,193.949,9476.00
2026-01-16 12:50:00-05:00,193.9499,194.04,193.93,194,5955.00
2026-01-16 12:55:00-05:00,194.0025,194.0025,193.77,193.82,9435.00
2026-01-16 13:00:00-05:00,193.73,193.8,193.71,193.795,13468.00
2026-01-16 13:05:00-05:00,193.77,193.94,193.77,193.81,6988.00
2026-01-16 13:10:00-05:00,193.77,193.82,193.72,193.78,3376.00
2026-01-16 13:15:00-05:00,193.84,193.96,193.78,193.87,7617.00
2026-01-16 13:20:00-05:00,193.9,194.17,193.77,194.145,20135.00
2026-01-16 13:25:00-05:00,194.15,194.185,194,194.09,9671.00
2026-01-16 13:30:00-05:00,194.14,194.27,194.0485,194.2,9463.00
2026-01-16 13:35:00-05:00,194.2,194.27,194.07,194.2,26473.00
2026-01-16 13:40:00-05:00,194.17,194.18,194.1,194.15,9249.00
2026-01-16 13:45:00-05:00,194.1,194.24,194.1,194.16,8229.00
2026-01-16 13:50:00-05:00,194.17,194.18,192.96,193.19,104120.00
2026-01-16 13:55:00-05:00,193.19,193.43,193.19,193.375,14908.00
2026-01-16 14:00:00-05:00,193.42,193.67,193.42,193.58,14011.00
2026-01-16 14:05:00-05:00,193.58,193.64,193.33,193.395,8321.00
2026-01-16 14:10:00-05:00,193.41,193.41,193.29,193.342,7883.00
2026-01-16 14:15:00-05:00,193.345,193.45,193.09,193.155,15347.00
2026-01-16 14:20:00-05:00,193.21,193.23,192.74,192.94,20916.00
2026-01-16 14:25:00-05:00,192.78,192.85,192.72,192.725,12719.00
2026-01-16 14:30:00-05:00,192.74,192.805,192.6,192.805,14299.00
2026-01-16 14:35:00-05:00,192.83,193.02,192.81,192.9799,11875.00
2026-01-16 14:40:00-05:00,192.905,193.06,192.85,192.87,32947.00
2026-01-16 14:45:00-05:00,192.87,193.09,192.86,193.0751,19541.00
2026-01-16 14:50:00-05:00,193.075,193.1361,192.91,192.93,11478.00
2026-01-16 14:55:00-05:00,192.93,192.93,192.465,192.59,19465.00
2026-01-16 15:00:00-05:00,192.52,192.52,192.165,192.37,19184.00
2026-01-16 15:05:00-05:00,192.37,192.5,192.185,192.465,17332.00
2026-01-16 15:10:00-05:00,192.39,192.635,192.39,192.5736,9429.00
2026-01-16 15:15:00-05:00,192.635,192.68,192.31,192.36,24619.00
2026-01-16 15:20:00-05:00,192.31,192.5,192.285,192.3188,15353.00
2026-01-16 15:25:00-05:00,192.32,192.37,192.201,192.25,15181.00
2026-01-16 15:30:00-05:00,192.24,192.4,192.1101,192.265,26501.00
2026-01-16 15:35:00-05:00,192.275,192.54,192.11,192.11,29644.00
2026-01-16 15:40:00-05:00,192.12,192.22,191.97,192.03,46409.00
2026-01-16 15:45:00-05:00,192,192.02,191.8975,191.92,39699.00
2026-01-16 15:50:00-05:00,191.97,192.045,191.78,191.98,123342.00
2026-01-16 15:55:00-05:00,191.96,192.46,191.96,192.35,193775.00
2026-01-20 09:30:00-05:00,190.54,192.185,189.255,189.465,57895.00
2026-01-20 09:35:00-05:00,189.52,190.59,189.43,190.59,22131.00
2026-01-20 09:40:00-05:00,190.4039,190.81,190.08,190.62,25943.00
2026-01-20 09:45:00-05:00,190.13,190.59,190.08,190.59,8400.00
2026-01-20 09:50:00-05:00,190.36,190.715,190.175,190.2,21029.00
2026-01-20 09:55:00-05:00,190.21,190.548,190.14,190.405,11778.00
2026-01-20 10:00:00-05:00,190.49,190.9,190.45,190.83,28385.00
2026-01-20 10:05:00-05:00,190.83,190.97,190.24,190.335,21454.00
2026-01-20 10:10:00-05:00,190.41,190.68,190.33,190.68,10520.00
2026-01-20 10:15:00-05:00,190.73,190.845,190.56,190.66,12122.00
2026-01-20 10:20:00-05:00,190.59,191.515,190.54,191.4075,25028.00
2026-01-20 10:25:00-05:00,191.385,191.47,191.18,191.21,12070.00
2026-01-20 10:30:00-05:00,191.088,191.44,191.088,191.215,17205.00
2026-01-20 10:35:00-05:00,191.23,191.23,190.65,190.695,9336.00
2026-01-20 10:40:00-05:00,190.685,190.685,190.46,190.545,7072.00
2026-01-20 10:45:00-05:00,190.515,190.52,190.25,190.31,9896.00
2026-01-20 10:50:00-05:00,190.34,190.39,190.17,190.37,9329.00
2026-01-20 10:55:00-05:00,190.24,190.605,190.24,190.605,14391.00
2026-01-20 11:00:00-05:00,190.6025,190.67,190.46,190.47,14176.00
2026-01-20 11:05:00-05:00,190.46,190.7,190.43,190.645,9961.00
2026-01-20 11:10:00-05:00,190.71,191,190.625,190.83,17063.00
2026-01-20 11:15:00-05:00,190.815,190.855,190.72,190.76,6917.00
2026-01-20 11:20:00-05:00,190.765,190.92,190.74,190.92,6521.00
2026-01-20 11:25:00-05:00,190.825,190.91,190.755,190.755,12341.00
2026-01-20 11:30:00-05:00,190.61,190.72,190.56,190.66,10697.00
2026-01-20 11:35:00-05:00,190.6,190.655,190.55,190.64,6920.00
2026-01-20 11:40:00-05:00,190.57,190.66,190.4,190.585,11881.00
2026-01-20 11:45:00-05:00,190.585,190.705,190.5201,190.63,10375.00
2026-01-20 11:50:00-05:00,190.815,190.88,190.535,190.67,16721.00
2026-01-20 11:55:00-05:00,190.64,191.23,190.64,191.11,10086.00
2026-01-20 12:00:00-05:00,191.14,191.18,190.9,190.94,10952.00
2026-01-20 12:05:00-05:00,190.93,191.1,190.91,190.92,11856.00
2026-01-20 12:10:00-05:00,190.93,191.2,190.93,191.115,9583.00
2026-01-20 12:15:00-05:00,191.175,191.175,191,191.01,7830.00
2026-01-20 12:20:00-05:00,191,191.05,190.68,190.775,20569.00
2026-01-20 12:25:00-05:00,190.71,190.83,190.65,190.81,23363.00
2026-01-20 12:30:00-05:00,190.82,190.82,190.48,190.65,24945.00
2026-01-20 12:35:00-05:00,190.65,190.84,190.58,190.58,18776.00
2026-01-20 12:40:00-05:00,190.57,190.71,190.37,190.405,9871.00
2026-01-20 12:45:00-05:00,190.36,190.36,190.04,190.13,10483.00
2026-01-20 12:50:00-05:00,190.13,190.21,189.93,190.1,25545.00
2026-01-20 12:55:00-05:00,190.1,190.21,189.81,190.02,7992.00
2026-01-20 13:00:00-05:00,190.02,190.42,190.02,190.3,12779.00
2026-01-20 13:05:00-05:00,190.3069,190.3069,190.17,190.27,5632.00
2026-01-20 13:10:00-05:00,190.27,190.435,190.27,190.355,7416.00
2026-01-20 13:15:00-05:00,190.36,190.36,190.075,190.13,8270.00
2026-01-20 13:20:00-05:00,190.08,190.19,190.03,190.09,11025.00
2026-01-20 13:25:00-05:00,190.09,190.26,190.05,190.085,16461.00
2026-01-20 13:30:00-05:00,190.11,190.155,189.9,189.98,9244.00
2026-01-20 13:35:00-05:00,189.9801,189.9801,189.84,189.93,9490.00
2026-01-20 13:40:00-05:00,189.925,190.005,189.8,189.92,10343.00
2026-01-20 13:45:00-05:00,189.8,189.91,189.8,189.91,6036.00
2026-01-20 13:50:00-05:00,189.81,189.825,189.57,189.62,12508.00
2026-01-20 13:55:00-05:00,189.67,189.77,189.49,189.62,15615.00
2026-01-20 14:00:00-05:00,189.63,189.71,189.435,189.5,32761.00
2026-01-20 14:05:00-05:00,189.56,189.56,189.41,189.49,9090.00
2026-01-20 14:10:00-05:00,189.43,189.52,189.34,189.435,18019.00
2026-01-20 14:15:00-05:00,189.37,189.4,188.94,188.95,21138.00
2026-01-20 14:20:00-05:00,189.005,189.13,188.91,189.07,11534.00
2026-01-20 14:25:00-05:00,189.02,189.23,189,189.04,72510.00
2026-01-20 14:30:00-05:00,189.085,189.22,189.08,189.165,17498.00
2026-01-20 14:35:00-05:00,189.16,189.28,189.07,189.28,13721.00
2026-01-20 14:40:00-05:00,189.28,189.39,189.23,189.325,13941.00
2026-01-20 14:45:00-05:00,189.3,189.42,189.245,189.36,16452.00
2026-01-20 14:50:00-05:00,189.33,189.365,189.24,189.34,20873.00
2026-01-20 14:55:00-05:00,189.35,189.41,189.23,189.24,17198.00
2026-01-20 15:00:00-05:00,189.23,189.25,189.15,189.205,9794.00
2026-01-20 15:05:00-05:00,189.24,189.31,189.15,189.23,14488.00
2026-01-20 15:10:00-05:00,189.235,189.25,189.02,189.25,35729.00
2026-01-20 15:15:00-05:00,189.23,189.59,189.18,189.545,21997.00
2026-01-20 15:20:00-05:00,189.48,189.6,189.44,189.6,11671.00
2026-01-20 15:25:00-05:00,189.68,189.84,189.57,189.8,16908.00
2026-01-20 15:30:00-05:00,189.8,189.89,189.685,189.765,22956.00
2026-01-20 15:35:00-05:00,189.74,189.78,189.59,189.75,31328.00
2026-01-20 15:40:00-05:00,189.77,189.88,189.42,189.42,21772.00
2026-01-20 15:45:00-05:00,189.48,189.55,189.37,189.495,28092.00
2026-01-20 15:50:00-05:00,189.44,189.44,189.05,189.235,83956.00
2026-01-20 15:55:00-05:00,189.35,189.89,189.35,189.73,141100.00
2026-01-21 09:30:00-05:00,190.94,190.95,190.18,190.27,33819.00
2026-01-21 09:35:00-05:00,190.23,190.5,190.23,190.24,6156.00
2026-01-21 09:40:00-05:00,190.255,190.775,190.205,190.7,32813.00
2026-01-21 09:45:00-05:00,190.51,191.46,190.51,191.3,28036.00
2026-01-21 09:50:00-05:00,191.345,191.345,190.7,190.75,19718.00
2026-01-21 09:55:00-05:00,190.75,191.14,190.75,190.95,17010.00
2026-01-21 10:00:00-05:00,190.955,191.24,190.9,191.02,22003.00
2026-01-21 10:05:00-05:00,190.97,191.36,190.7914,191.34,13452.00
2026-01-21 10:10:00-05:00,191.36,191.445,190.87,190.9,16759.00
2026-01-21 10:15:00-05:00,190.9,191.22,190.87,191.15,12507.00
2026-01-21 10:20:00-05:00,191.085,191.2,190.87,191.105,16150.00
2026-01-21 10:25:00-05:00,191.01,191.19,190.975,191.085,15704.00
2026-01-21 10:30:00-05:00,191.08,191.53,191.08,191.3176,15561.00
2026-01-21 10:35:00-05:00,191.35,191.51,191.1,191.155,33971.00
2026-01-21 10:40:00-05:00,191.18,191.5,191.11,191.34,15754.00
2026-01-21 10:45:00-05:00,191.405,191.41,191.19,191.22,9348.00
2026-01-21 10:50:00-05:00,191.13,191.155,190.94,190.995,13844.00
2026-01-21 10:55:00-05:00,190.87,190.96,190.725,190.95,17294.00
2026-01-21 11:00:00-05:00,190.98,191.01,190.52,190.56,17472.00
2026-01-21 11:05:00-05:00,190.69,190.76,190.65,190.76,13827.00
2026-01-21 11:10:00-05:00,190.69,190.75,190.6,190.71,9855.00
2026-01-21 11:15:00-05:00,190.6,190.77,190.48,190.57,22721.00
2026-01-21 11:20:00-05:00,190.57,190.58,190.32,190.435,26518.00
2026-01-21 11:25:00-05:00,190.44,190.72,190.335,190.65,23640.00
2026-01-21 11:30:00-05:00,190.65,190.6575,190.57,190.635,9159.00
2026-01-21 11:35:00-05:00,190.635,190.77,190.41,190.45,19694.00
2026-01-21 11:40:00-05:00,190.4,190.48,190.36,190.48,9101.00
2026-01-21 11:45:00-05:00,190.36,190.45,190.22,190.365,11799.00
2026-01-21 11:50:00-05:00,190.37,190.37,190.08,190.25,12414.00
2026-01-21 11:55:00-05:00,190.21,190.23,190.02,190.02,3649.00
2026-01-21 12:00:00-05:00,190.13,190.13,190,190.065,4399.00
2026-01-21 12:05:00-05:00,190.065,190.14,189.99,190.14,7375.00
2026-01-21 12:10:00-05:00,190.155,190.16,189.92,189.92,13765.00
2026-01-21 12:15:00-05:00,189.95,190.16,189.87,190.01,12750.00
2026-01-21 12:20:00-05:00,190.085,190.425,190.03,190.425,6618.00
2026-01-21 12:25:00-05:00,190.43,190.55,190.23,190.355,10688.00
2026-01-21 12:30:00-05:00,190.27,190.28,190.05,190.27,11810.00
2026-01-21 12:35:00-05:00,190.2,190.2,189.97,190.08,6825.00
2026-01-21 12:40:00-05:00,190.0201,190.1399,189.99,190.04,3120.00
2026-01-21 12:45:00-05:00,189.96,190.08,189.92,189.96,11581.00
2026-01-21 12:50:00-05:00,190.005,190.49,189.9,190.435,21351.00
2026-01-21 12:55:00-05:00,190.36,190.435,190.3,190.3,5284.00
2026-01-21 13:00:00-05:00,190.32,190.32,190.105,190.105,7425.00
2026-01-21 13:05:00-05:00,190.14,190.19,189.98,190.075,24189.00
2026-01-21 13:10:00-05:00,190.075,190.28,190.075,190.09,19097.00
2026-01-21 13:15:00-05:00,190.04,190.2199,189.9701,189.9701,10050.00
2026-01-21 13:20:00-05:00,189.98,190.11,189.88,189.92,7344.00
2026-01-21 13:25:00-05:00,189.92,190.26,189.92,190.22,4594.00
2026-01-21 13:30:00-05:00,190.275,190.56,190.27,190.56,8792.00
2026-01-21 13:35:00-05:00,190.52,190.54,190.28,190.345,9830.00
2026-01-21 13:40:00-05:00,190.305,190.38,190.21,190.34,8475.00
2026-01-21 13:45:00-05:00,190.24,190.55,190.23,190.55,6729.00
2026-01-21 13:50:00-05:00,190.54,190.6738,190.54,190.59,8359.00
2026-01-21 13:55:00-05:00,190.57,190.66,190.48,190.615,14852.00
2026-01-21 14:00:00-05:00,190.615,190.66,190.5601,190.6,6169.00
2026-01-21 14:05:00-05:00,190.56,190.78,190.5,190.745,14982.00
2026-01-21 14:10:00-05:00,190.825,190.9402,190.78,190.78,7668.00
2026-01-21 14:15:00-05:00,190.75,190.95,190.71,190.945,7478.00
2026-01-21 14:20:00-05:00,190.925,191.22,190.8957,191.22,7963.00
2026-01-21 14:25:00-05:00,191.23,192.02,191.1,191.98,21326.00
2026-01-21 14:30:00-05:00,191.98,192.4145,191.98,192.15,20018.00
2026-01-21 14:35:00-05:00,192.24,192.435,191.88,191.88,29694.00
2026-01-21 14:40:00-05:00,191.84,192.135,191.64,191.96,19410.00
2026-01-21 14:45:00-05:00,191.99,192.155,191.88,191.98,11672.00
2026-01-21 14:50:00-05:00,192.06,192.11,191.8001,191.8001,14021.00
2026-01-21 14:55:00-05:00,191.78,191.83,191.61,191.66,13987.00
2026-01-21 15:00:00-05:00,191.71,192.06,191.69,191.86,13055.00
2026-01-21 15:05:00-05:00,191.91,191.99,191.72,191.81,16118.00
2026-01-21 15:10:00-05:00,191.855,192.07,191.84,191.89,14793.00
2026-01-21 15:15:00-05:00,191.94,192.11,191.84,192.1,17208.00
2026-01-21 15:20:00-05:00,192.07,192.075,191.89,191.96,17192.00
2026-01-21 15:25:00-05:00,191.915,192.15,191.87,192,18514.00
2026-01-21 15:30:00-05:00,191.99,192.3,191.98,192.11,42832.00
2026-01-21 15:35:00-05:00,192.114,192.4,192.1,192.4,34431.00
2026-01-21 15:40:00-05:00,192.4,192.55,192.28,192.47,67887.00
2026-01-21 15:45:00-05:00,192.44,192.525,192.36,192.45,31067.00
2026-01-21 15:50:00-05:00,192.38,192.56,192.31,192.39,78760.00
2026-01-21 15:55:00-05:00,192.47,192.61,192.21,192.32,193115.00
2026-01-22 09:30:00-05:00,192.93,193.96,192.91,193.275,59556.00
2026-01-22 09:35:00-05:00,193.51,193.61,192.51,192.61,54565.00
2026-01-22 09:40:00-05:00,192.5227,193.06,192.385,192.43,32760.00
2026-01-22 09:45:00-05:00,192.33,192.52,191.765,191.765,22761.00
2026-01-22 09:50:00-05:00,191.765,192.09,191.62,191.665,19316.00
2026-01-22 09:55:00-05:00,191.715,191.72,190.1,190.27,52773.00
2026-01-22 10:00:00-05:00,190.39,190.57,189.81,190.13,32407.00
2026-01-22 10:05:00-05:00,189.97,190.25,189.64,190,61454.00
2026-01-22 10:10:00-05:00,189.84,190.25,189.74,190.04,69950.00
2026-01-22 10:15:00-05:00,190.11,190.25,189.35,189.95,62055.00
2026-01-22 10:20:00-05:00,190.11,190.6,190.11,190.343,17653.00
2026-01-22 10:25:00-05:00,190.3,190.85,190.245,190.73,18157.00
2026-01-22 10:30:00-05:00,190.8,190.92,190.58,190.635,24690.00
2026-01-22 10:35:00-05:00,190.6513,190.72,190.425,190.64,18894.00
2026-01-22 10:40:00-05:00,190.6,190.77,190.5,190.74,41878.00
2026-01-22 10:45:00-05:00,190.69,190.79,190.43,190.441,28767.00
2026-01-22 10:50:00-05:00,190.44,190.84,190.41,190.84,21169.00
2026-01-22 10:55:00-05:00,190.84,190.84,190.55,190.695,11665.00
2026-01-22 11:00:00-05:00,190.76,190.82,190.6045,190.6791,8479.00
2026-01-22 11:05:00-05:00,190.68,190.74,190.27,190.44,44182.00
2026-01-22 11:10:00-05:00,190.44,190.46,189.83,190.45,19479.00
2026-01-22 11:15:00-05:00,190.505,190.52,190.18,190.415,10476.00
2026-01-22 11:20:00-05:00,190.45,190.74,190.45,190.53,13751.00
2026-01-22 11:25:00-05:00,190.61,190.785,190.54,190.69,10625.00
2026-01-22 11:30:00-05:00,190.685,190.99,190.6353,190.801,10835.00
2026-01-22 11:35:00-05:00,190.81,190.81,190.42,190.46,14693.00
2026-01-22 11:40:00-05:00,190.45,190.6,190.29,190.37,25680.00
2026-01-22 11:45:00-05:00,190.335,190.335,189.95,190.06,12528.00
2026-01-22 11:50:00-05:00,190.06,190.27,190.02,190.12,25386.00
2026-01-22 11:55:00-05:00,190.03,190.25,189.925,189.96,10447.00
2026-01-22 12:00:00-05:00,189.86,190.24,189.74,190.24,10022.00
2026-01-22 12:05:00-05:00,190.29,190.37,190.16,190.37,8476.00
2026-01-22 12:10:00-05:00,190.245,190.34,190.055,190.08,6945.00
2026-01-22 12:15:00-05:00,190.16,190.28,190.03,190.03,13374.00
2026-01-22 12:20:00-05:00,190.02,190.17,189.97,190.145,16616.00
2026-01-22 12:25:00-05:00,190.12,190.2399,190.0001,190.04,9117.00
2026-01-22 12:30:00-05:00,190.125,190.125,189.54,189.595,33166.00
2026-01-22 12:35:00-05:00,189.68,190.01,189.64,189.845,49092.00
2026-01-22 12:40:00-05:00,189.845,189.86,189.55,189.55,12979.00
2026-01-22 12:45:00-05:00,189.46,189.69,189.43,189.65,17662.00
2026-01-22 12:50:00-05:00,189.65,189.905,189.65,189.815,16159.00
2026-01-22 12:55:00-05:00,189.815,189.895,189.75,189.855,33636.00
2026-01-22 13:00:00-05:00,189.84,189.94,189.555,189.635,38582.00
2026-01-22 13:05:00-05:00,189.635,189.655,189.48,189.52,13735.00
2026-01-22 13:10:00-05:00,189.555,189.59,189.24,189.52,28961.00
2026-01-22 13:15:00-05:00,189.52,189.65,189.49,189.58,10242.00
2026-01-22 13:20:00-05:00,189.58,189.675,189.5601,189.615,14121.00
2026-01-22 13:25:00-05:00,189.615,189.69,189.58,189.635,12031.00
2026-01-22 13:30:00-05:00,189.635,189.635,189.185,189.235,22253.00
2026-01-22 13:35:00-05:00,189.225,189.41,188.215,188.305,81673.00
2026-01-22 13:40:00-05:00,188.295,188.7,187.75,188.7,58326.00
2026-01-22 13:45:00-05:00,188.64,188.65,188.44,188.47,30238.00
2026-01-22 13:50:00-05:00,188.47,188.48,187.63,187.79,26927.00
2026-01-22 13:55:00-05:00,187.85,188.1,187.785,188,17765.00
2026-01-22 14:00:00-05:00,188.015,188.18,187.915,188.045,28879.00
2026-01-22 14:05:00-05:00,188.1,188.34,188.05,188.075,21129.00
2026-01-22 14:10:00-05:00,188.075,188.2,187.73,187.73,40908.00
2026-01-22 14:15:00-05:00,187.76,187.9162,187.57,187.83,18318.00
2026-01-22 14:20:00-05:00,187.86,188.19,187.84,188.13,7637.00
2026-01-22 14:25:00-05:00,188.21,188.3599,188,188.12,23117.00
2026-01-22 14:30:00-05:00,188.03,188.28,187.815,188.28,17280.00
2026-01-22 14:35:00-05:00,188.225,188.328,187.82,187.82,12030.00
2026-01-22 14:40:00-05:00,187.85,188.29,187.85,188.29,17833.00
2026-01-22 14:45:00-05:00,188.18,188.2125,188,188,9265.00
2026-01-22 14:50:00-05:00,188.13,188.18,187.88,188.01,17666.00
2026-01-22 14:55:00-05:00,188,188.14,187.96,188.06,17734.00
2026-01-22 15:00:00-05:00,188.06,188.2,187.49,187.86,55309.00
2026-01-22 15:05:00-05:00,187.96,187.96,187.57,187.64,48960.00
2026-01-22 15:10:00-05:00,187.68,188.19,187.58,188,50042.00
2026-01-22 15:15:00-05:00,187.99,188.13,187.95,188,17624.00
2026-01-22 15:20:00-05:00,188.055,188.24,187.97,188.12,27407.00
2026-01-22 15:25:00-05:00,188.2,188.47,188.04,188.17,37893.00
2026-01-22 15:30:00-05:00,188.06,188.16,187.74,187.78,42735.00
2026-01-22 15:35:00-05:00,187.72,187.82,186.96,186.97,56878.00
2026-01-22 15:40:00-05:00,186.97,187.5,186.46,187.3,112617.00
2026-01-22 15:45:00-05:00,187.3,187.58,187.12,187.27,101815.00
2026-01-22 15:50:00-05:00,187.23,187.44,187.07,187.19,115978.00
2026-01-22 15:55:00-05:00,187.29,187.36,186.73,186.98,383257.00
2026-01-23 09:30:00-05:00,186.915,187.5499,186.62,187.08,56271.00
2026-01-23 09:35:00-05:00,186.77,187.08,186.505,186.9,18763.00
2026-01-23 09:40:00-05:00,186.8547,187.22,186.4635,187.11,42209.00
2026-01-23 09:45:00-05:00,187.04,187.31,186.97,186.99,36707.00
2026-01-23 09:50:00-05:00,186.87,187.01,186.74,186.88,17834.00
2026-01-23 09:55:00-05:00,186.945,187.02,186.55,186.805,38456.00
2026-01-23 10:00:00-05:00,186.69,186.9,186.26,186.83,34196.00
2026-01-23 10:05:00-05:00,186.85,187.03,186.64,186.675,32200.00
2026-01-23 10:10:00-05:00,186.66,186.8,186.12,186.61,25910.00
2026-01-23 10:15:00-05:00,186.7099,186.7099,186.38,186.65,24920.00
2026-01-23 10:20:00-05:00,186.64,187.025,186.5225,186.895,18009.00
2026-01-23 10:25:00-05:00,186.95,187.06,186.75,186.915,12515.00
2026-01-23 10:30:00-05:00,186.915,187.12,186.75,186.9,19908.00
2026-01-23 10:35:00-05:00,186.9,187.04,186.725,186.82,9380.00
2026-01-23 10:40:00-05:00,186.85,186.98,186.74,186.98,5261.00
2026-01-23 10:45:00-05:00,187.0499,187.07,186.87,187.07,9247.00
2026-01-23 10:50:00-05:00,187.06,187.11,186.77,186.93,10333.00
2026-01-23 10:55:00-05:00,186.93,187.48,186.93,187.16,37162.00
2026-01-23 11:00:00-05:00,187.09,187.225,187.08,187.1875,9807.00
2026-01-23 11:05:00-05:00,187.2,187.33,187.075,187.28,40253.00
2026-01-23 11:10:00-05:00,187.31,187.41,187.16,187.16,14780.00
2026-01-23 11:15:00-05:00,187.17,187.4,187.17,187.37,21183.00
2026-01-23 11:20:00-05:00,187.33,187.335,187.13,187.2301,9225.00
2026-01-23 11:25:00-05:00,187.2525,187.3399,187.07,187.1,12535.00
2026-01-23 11:30:00-05:00,187.205,187.205,186.93,186.94,7140.00
2026-01-23 11:35:00-05:00,187.01,187.02,186.81,186.93,12266.00
2026-01-23 11:40:00-05:00,186.85,186.9,186.65,186.835,10276.00
2026-01-23 11:45:00-05:00,186.835,187.05,186.835,186.923,13418.00
2026-01-23 11:50:00-05:00,186.93,186.93,186.77,186.77,18706.00
2026-01-23 11:55:00-05:00,186.77,186.89,186.71,186.74,10832.00
2026-01-23 12:00:00-05:00,186.84,187.08,186.77,187.08,10203.00
2026-01-23 12:05:00-05:00,186.98,187.13,186.96,187.09,5266.00
2026-01-23 12:10:00-05:00,187.085,187.22,187.01,187.03,29775.00
2026-01-23 12:15:00-05:00,187.03,187.04,186.855,186.95,17234.00
2026-01-23 12:20:00-05:00,186.965,187.095,186.965,187.09,13012.00
2026-01-23 12:25:00-05:00,187,187.2,187,187.1675,7650.00
2026-01-23 12:30:00-05:00,187.18,187.23,187.06,187.07,7209.00
2026-01-23 12:35:00-05:00,187.065,187.08,186.93,186.985,11609.00
2026-01-23 12:40:00-05:00,186.9801,186.9801,186.685,186.9,29876.00
2026-01-23 12:45:00-05:00,186.99,187.01,186.85,186.975,6922.00
2026-01-23 12:50:00-05:00,186.9341,187.0261,186.855,186.855,4910.00
2026-01-23 12:55:00-05:00,186.855,186.96,186.745,186.93,15035.00
2026-01-23 13:00:00-05:00,186.96,187.35,186.96,187.31,8063.00
2026-01-23 13:05:00-05:00,187.35,187.53,187.24,187.425,10103.00
2026-01-23 13:10:00-05:00,187.56,187.65,187.23,187.23,20002.00
2026-01-23 13:15:00-05:00,187.24,187.4,187.23,187.355,10192.00
2026-01-23 13:20:00-05:00,187.355,187.555,187.35,187.555,10644.00
2026-01-23 13:25:00-05:00,187.55,187.68,187.53,187.68,8085.00
2026-01-23 13:30:00-05:00,187.76,187.82,187.63,187.81,13339.00
2026-01-23 13:35:00-05:00,187.81,187.88,187.64,187.64,10877.00
2026-01-23 13:40:00-05:00,187.65,187.78,187.54,187.63,13370.00
2026-01-23 13:45:00-05:00,187.615,187.615,187.45,187.48,11699.00
2026-01-23 13:50:00-05:00,187.37,187.46,187.3,187.4,13339.00
2026-01-23 13:55:00-05:00,187.4,187.405,187.31,187.405,7866.00
2026-01-23 14:00:00-05:00,187.395,187.47,187.25,187.25,16872.00
2026-01-23 14:05:00-05:00,187.32,187.39,187.25,187.25,11838.00
2026-01-23 14:10:00-05:00,187.25,187.52,187.25,187.395,18438.00
2026-01-23 14:15:00-05:00,187.395,187.54,187.36,187.3601,10850.00
2026-01-23 14:20:00-05:00,187.4,187.52,187.36,187.5,14395.00
2026-01-23 14:25:00-05:00,187.505,187.6,187.4,187.4,10364.00
2026-01-23 14:30:00-05:00,187.43,187.52,187.39,187.455,11722.00
2026-01-23 14:35:00-05:00,187.39,187.675,187.39,187.66,11962.00
2026-01-23 14:40:00-05:00,187.675,187.74,187.56,187.645,25401.00
2026-01-23 14:45:00-05:00,187.66,187.89,187.66,187.84,7891.00
2026-01-23 14:50:00-05:00,187.84,188.01,187.81,187.985,11712.00
2026-01-23 14:55:00-05:00,188,188.1,187.975,188.04,9249.00
2026-01-23 15:00:00-05:00,188.12,188.24,188.03,188.17,14170.00
2026-01-23 15:05:00-05:00,188.245,188.52,188.2,188.515,20922.00
2026-01-23 15:10:00-05:00,188.5675,188.5675,188.31,188.455,19520.00
2026-01-23 15:15:00-05:00,188.455,188.7,188.455,188.63,15404.00
2026-01-23 15:20:00-05:00,188.65,188.66,188.45,188.53,24215.00
2026-01-23 15:25:00-05:00,188.53,188.7,188.45,188.68,27952.00
2026-01-23 15:30:00-05:00,188.69,188.71,188.58,188.625,28663.00
2026-01-23 15:35:00-05:00,188.6442,188.85,188.625,188.7,28465.00
2026-01-23 15:40:00-05:00,188.7,188.83,188.52,188.57,22770.00
2026-01-23 15:45:00-05:00,188.595,188.67,188.455,188.455,22923.00
2026-01-23 15:50:00-05:00,188.31,188.685,188.21,188.495,62034.00
2026-01-23 15:55:00-05:00,188.47,188.68,188.07,188.505,199356.00
2026-01-26 09:30:00-05:00,187.61,189.4,186.98,189.25,38729.00
2026-01-26 09:35:00-05:00,188.88,189.05,188.665,188.785,6552.00
2026-01-26 09:40:00-05:00,188.6871,188.785,188.23,188.32,10977.00
2026-01-26 09:45:00-05:00,188.38,188.41,187.86,187.945,16503.00
2026-01-26 09:50:00-05:00,187.9075,188.16,187.58,187.86,29735.00
2026-01-26 09:55:00-05:00,187.8,187.8,187.265,187.43,10931.00
2026-01-26 10:00:00-05:00,187.43,187.58,187.2,187.345,14167.00
2026-01-26 10:05:00-05:00,187.365,187.58,187.31,187.39,7131.00
2026-01-26 10:10:00-05:00,187.35,187.98,187.25,187.98,11436.00
2026-01-26 10:15:00-05:00,187.98,188.44,187.76,188.43,14425.00
2026-01-26 10:20:00-05:00,188.44,188.65,188.23,188.525,32212.00
2026-01-26 10:25:00-05:00,188.43,188.435,188.17,188.225,8605.00
2026-01-26 10:30:00-05:00,188.23,188.52,188.05,188.405,7984.00
2026-01-26 10:35:00-05:00,188.44,188.65,188.38,188.63,12077.00
2026-01-26 10:40:00-05:00,188.625,188.68,188.4675,188.47,13900.00
2026-01-26 10:45:00-05:00,188.48,188.51,188.44,188.48,3335.00
2026-01-26 10:50:00-05:00,188.39,188.44,188.29,188.3,13201.00
2026-01-26 10:55:00-05:00,188.32,188.51,188.29,188.47,14115.00
2026-01-26 11:00:00-05:00,188.41,188.575,188.27,188.28,7304.00
2026-01-26 11:05:00-05:00,188.27,188.28,187.435,187.53,36246.00
2026-01-26 11:10:00-05:00,187.41,187.53,187.26,187.47,5215.00
2026-01-26 11:15:00-05:00,187.37,187.37,187,187,10967.00
2026-01-26 11:20:00-05:00,187.03,187.13,186.9585,187.09,5486.00
2026-01-26 11:25:00-05:00,187.17,187.41,187.09,187.14,24230.00
2026-01-26 11:30:00-05:00,187.24,187.28,187.23,187.235,8880.00
2026-01-26 11:35:00-05:00,187.24,187.41,186.92,186.92,53689.00
2026-01-26 11:40:00-05:00,186.91,187.28,186.72,187.25,14798.00
2026-01-26 11:45:00-05:00,187.28,187.49,187.1,187.42,13150.00
2026-01-26 11:50:00-05:00,187.43,187.43,187.13,187.275,17960.00
2026-01-26 11:55:00-05:00,187.07,187.27,187.015,187.1,9556.00
2026-01-26 12:00:00-05:00,187.09,187.14,186.99,187.03,5457.00
2026-01-26 12:05:00-05:00,187.09,187.24,187.065,187.2,5798.00
2026-01-26 12:10:00-05:00,187.2,187.36,187.13,187.3499,10693.00
2026-01-26 12:15:00-05:00,187.275,187.35,187.17,187.18,11580.00
2026-01-26 12:20:00-05:00,187.19,187.23,187.04,187.04,11687.00
2026-01-26 12:25:00-05:00,187.03,187.23,186.97,187.2,13284.00
2026-01-26 12:30:00-05:00,187.23,187.29,187.15,187.165,12343.00
2026-01-26 12:35:00-05:00,187.19,187.31,187.105,187.19,15476.00
2026-01-26 12:40:00-05:00,187.18,187.33,187,187.24,22613.00
2026-01-26 12:45:00-05:00,187.31,187.32,187.13,187.13,13246.00
2026-01-26 12:50:00-05:00,187.12,187.21,186.965,187.1,19026.00
2026-01-26 12:55:00-05:00,187.03,187.32,186.98,187.21,17645.00
2026-01-26 13:00:00-05:00,187.21,187.3,187.07,187.23,22787.00
2026-01-26 13:05:00-05:00,187.28,187.34,187.06,187.275,14201.00
2026-01-26 13:10:00-05:00,187.265,187.445,187.265,187.445,11891.00
2026-01-26 13:15:00-05:00,187.44,187.56,187.38,187.56,11789.00
2026-01-26 13:20:00-05:00,187.535,187.75,187.51,187.67,20139.00
2026-01-26 13:25:00-05:00,187.67,187.96,187.665,187.96,15554.00
2026-01-26 13:30:00-05:00,187.92,188.2,187.8969,188.18,24510.00
2026-01-26 13:35:00-05:00,188.18,188.18,187.99,188.025,16272.00
2026-01-26 13:40:00-05:00,188.07,188.24,187.99,188.15,16067.00
2026-01-26 13:45:00-05:00,188.15,188.32,188.1,188.25,17401.00
2026-01-26 13:50:00-05:00,188.2,188.57,188.2,188.415,18437.00
2026-01-26 13:55:00-05:00,188.43,188.46,188.25,188.44,16239.00
2026-01-26 14:00:00-05:00,188.43,188.62,188.27,188.28,32204.00
2026-01-26 14:05:00-05:00,188.19,188.51,188.19,188.41,27972.00
2026-01-26 14:10:00-05:00,188.455,188.59,188.325,188.45,19635.00
2026-01-26 14:15:00-05:00,188.5133,188.5133,188.03,188.03,12510.00
2026-01-26 14:20:00-05:00,188.02,188.07,187.73,187.805,9320.00
2026-01-26 14:25:00-05:00,187.795,188.06,187.795,188.05,11895.00
2026-01-26 14:30:00-05:00,188.05,188.185,187.86,187.91,13717.00
2026-01-26 14:35:00-05:00,187.83,188.04,187.7,187.7,15638.00
2026-01-26 14:40:00-05:00,187.69,187.92,187.67,187.825,7655.00
2026-01-26 14:45:00-05:00,187.81,187.94,187.76,187.9152,7528.00
2026-01-26 14:50:00-05:00,187.86,187.86,187.73,187.8,13426.00
2026-01-26 14:55:00-05:00,187.7,187.88,187.67,187.67,21094.00
2026-01-26 15:00:00-05:00,187.69,187.865,187.65,187.71,13235.00
2026-01-26 15:05:00-05:00,187.745,187.8,187.67,187.74,7824.00
2026-01-26 15:10:00-05:00,187.68,187.76,187.455,187.455,12834.00
2026-01-26 15:15:00-05:00,187.39,187.44,187.26,187.34,15377.00
2026-01-26 15:20:00-05:00,187.345,187.46,187.31,187.46,9056.00
2026-01-26 15:25:00-05:00,187.44,187.76,187.42,187.65,15150.00
2026-01-26 15:30:00-05:00,187.65,187.65,187.54,187.585,10416.00
2026-01-26 15:35:00-05:00,187.54,187.64,187.51,187.57,13847.00
2026-01-26 15:40:00-05:00,187.56,187.56,187.36,187.51,16894.00
2026-01-26 15:45:00-05:00,187.495,187.72,187.425,187.68,20289.00
2026-01-26 15:50:00-05:00,187.66,187.94,187.42,187.475,61671.00
2026-01-26 15:55:00-05:00,187.45,187.775,187.45,187.57,101891.00
2026-01-27 09:30:00-05:00,187.66,188.49,185.86,186.85,49872.00
2026-01-27 09:35:00-05:00,186.7,186.84,186.11,186.205,18663.00
2026-01-27 09:40:00-05:00,186.2051,187.07,186.2051,187.03,14237.00
2026-01-27 09:45:00-05:00,186.945,187.15,186.435,186.505,16617.00
2026-01-27 09:50:00-05:00,186.5,186.5,185.64,185.64,12410.00
2026-01-27 09:55:00-05:00,185.95,186.05,185.395,185.755,18402.00
2026-01-27 10:00:00-05:00,185.895,185.895,185.62,185.79,12899.00
2026-01-27 10:05:00-05:00,185.8,185.8,185.28,185.46,29912.00
2026-01-27 10:10:00-05:00,185.46,186.2,185.46,186,38381.00
2026-01-27 10:15:00-05:00,185.95,186.01,185.585,185.82,16557.00
2026-01-27 10:20:00-05:00,185.74,185.845,185.59,185.835,12943.00
2026-01-27 10:25:00-05:00,185.835,185.8578,185.46,185.61,9683.00
2026-01-27 10:30:00-05:00,185.61,186.11,185.49,185.89,7875.00
2026-01-27 10:35:00-05:00,186.07,186.26,186.035,186.26,32303.00
2026-01-27 10:40:00-05:00,186.285,186.435,186.11,186.26,108454.00
2026-01-27 10:45:00-05:00,186.26,186.4,186.11,186.15,36902.00
2026-01-27 10:50:00-05:00,186.09,186.4,186.08,186.32,52275.00
2026-01-27 10:55:00-05:00,186.32,186.865,186.28,186.605,20844.00
2026-01-27 11:00:00-05:00,186.575,186.75,186.49,186.52,13843.00
2026-01-27 11:05:00-05:00,186.49,186.54,186.32,186.4,7994.00
2026-01-27 11:10:00-05:00,186.35,186.485,186.345,186.43,5965.00
2026-01-27 11:15:00-05:00,186.34,186.42,186.17,186.38,13442.00
2026-01-27 11:20:00-05:00,186.365,186.42,186.24,186.25,4513.00
2026-01-27 11:25:00-05:00,186.23,186.63,186.14,186.47,13742.00
2026-01-27 11:30:00-05:00,186.48,186.63,186.42,186.5,7066.00
2026-01-27 11:35:00-05:00,186.42,186.6,186.31,186.31,7942.00
2026-01-27 11:40:00-05:00,186.38,186.395,186.07,186.12,22634.00
2026-01-27 11:45:00-05:00,186.06,186.06,185.63,185.63,10910.00
2026-01-27 11:50:00-05:00,185.655,185.68,185.55,185.57,4961.00
2026-01-27 11:55:00-05:00,185.63,185.63,185.49,185.605,6492.00
2026-01-27 12:00:00-05:00,185.555,185.61,185.41,185.555,9573.00
2026-01-27 12:05:00-05:00,185.575,185.61,185.335,185.61,11835.00
2026-01-27 12:10:00-05:00,185.59,185.6,185.28,185.28,7405.00
2026-01-27 12:15:00-05:00,185.26,185.59,185.25,185.59,15276.00
2026-01-27 12:20:00-05:00,185.475,185.65,185.4,185.4,12392.00
2026-01-27 12:25:00-05:00,185.49,185.49,185.34,185.43,8376.00
2026-01-27 12:30:00-05:00,185.43,185.46,185.12,185.13,19508.00
2026-01-27 12:35:00-05:00,185.13,185.13,184.96,184.96,13943.00
2026-01-27 12:40:00-05:00,184.96,185.04,184.86,184.87,31331.00
2026-01-27 12:45:00-05:00,184.935,185.03,184.905,184.955,16620.00
2026-01-27 12:50:00-05:00,184.97,185.095,184.93,184.955,12612.00
2026-01-27 12:55:00-05:00,184.89,185,184.84,184.94,9009.00
2026-01-27 13:00:00-05:00,184.91,184.9699,184.785,184.815,10392.00
2026-01-27 13:05:00-05:00,184.835,186,184.74,186,97930.00
2026-01-27 13:10:00-05:00,186.005,186.225,185.68,186.095,29151.00
2026-01-27 13:15:00-05:00,186.05,186.52,186.05,186.51,10952.00
2026-01-27 13:20:00-05:00,186.53,186.55,186.2528,186.415,12565.00
2026-01-27 13:25:00-05:00,186.49,186.54,186.286,186.34,14734.00
2026-01-27 13:30:00-05:00,186.325,186.42,186.095,186.15,11813.00
2026-01-27 13:35:00-05:00,186.22,186.22,185.91,185.94,6635.00
2026-01-27 13:40:00-05:00,185.995,186.08,185.9,185.995,7466.00
2026-01-27 13:45:00-05:00,186.06,186.235,185.94,186.23,14516.00
2026-01-27 13:50:00-05:00,186.225,186.225,186.06,186.07,7210.00
2026-01-27 13:55:00-05:00,186.07,186.28,186.07,186.26,7630.00
2026-01-27 14:00:00-05:00,186.2,186.215,185.91,186.01,21860.00
2026-01-27 14:05:00-05:00,186.07,186.47,185.835,186.145,136573.00
2026-01-27 14:10:00-05:00,186.145,186.205,185.98,186.095,27170.00
2026-01-27 14:15:00-05:00,186.09,186.09,185.635,185.66,43761.00
2026-01-27 14:20:00-05:00,185.74,186.4,185.675,186.32,67052.00
2026-01-27 14:25:00-05:00,186.29,186.495,186.17,186.27,23560.00
2026-01-27 14:30:00-05:00,186.32,186.375,186.2,186.25,7936.00
2026-01-27 14:35:00-05:00,186.25,186.36,186.225,186.29,13952.00
2026-01-27 14:40:00-05:00,186.335,186.52,186.29,186.3,10430.00
2026-01-27 14:45:00-05:00,186.31,186.405,186.31,186.32,5051.00
2026-01-27 14:50:00-05:00,186.405,186.5,186.29,186.29,38108.00
2026-01-27 14:55:00-05:00,186.3,186.48,186.29,186.3475,34917.00
2026-01-27 15:00:00-05:00,186.29,186.295,185.865,186.265,30467.00
2026-01-27 15:05:00-05:00,186.25,186.44,186.02,186.02,84308.00
2026-01-27 15:10:00-05:00,185.93,186.3699,185.93,186.34,13058.00
2026-01-27 15:15:00-05:00,186.34,186.38,186.26,186.345,8756.00
2026-01-27 15:20:00-05:00,186.29,186.39,186.23,186.3,11186.00
2026-01-27 15:25:00-05:00,186.25,186.31,185.8,185.84,62523.00
2026-01-27 15:30:00-05:00,185.92,186.11,185.86,186.02,45944.00
2026-01-27 15:35:00-05:00,186,186.15,185.985,186.055,36958.00
2026-01-27 15:40:00-05:00,186.055,186.12,185.81,186.065,143883.00
2026-01-27 15:45:00-05:00,186.065,186.12,185.88,185.935,36211.00
2026-01-27 15:50:00-05:00,186.02,186.48,185.93,186.07,146469.00
2026-01-27 15:55:00-05:00,186.1,186.255,185.87,185.93,497598.00
2026-01-28 09:30:00-05:00,185.97,186.55,185.3,185.54,22592.00
2026-01-28 09:35:00-05:00,185.1,185.555,184.7,185.175,14950.00
2026-01-28 09:40:00-05:00,184.9781,185.41,184.9781,185.24,6069.00
2026-01-28 09:45:00-05:00,185.32,185.64,185.27,185.64,8220.00
2026-01-28 09:50:00-05:00,185.69,186.1104,185.68,185.9,20831.00
2026-01-28 09:55:00-05:00,185.9,186.11,185.7,185.99,7419.00
2026-01-28 10:00:00-05:00,186.01,186.01,185.68,185.76,10786.00
2026-01-28 10:05:00-05:00,185.66,185.79,185.29,185.46,18880.00
2026-01-28 10:10:00-05:00,185.59,185.59,185.27,185.505,6100.00
2026-01-28 10:15:00-05:00,185.56,185.6,185.46,185.46,4782.00
2026-01-28 10:20:00-05:00,185.6799,185.6799,185.5268,185.61,11764.00
2026-01-28 10:25:00-05:00,185.61,185.84,185.5,185.685,14734.00
2026-01-28 10:30:00-05:00,185.69,185.785,185.54,185.715,13051.00
2026-01-28 10:35:00-05:00,185.63,185.835,185.6,185.77,12809.00
2026-01-28 10:40:00-05:00,185.77,185.935,185.74,185.935,6471.00
2026-01-28 10:45:00-05:00,185.935,185.94,185.755,185.8,5100.00
2026-01-28 10:50:00-05:00,185.68,186.01,185.5701,185.985,5448.00
2026-01-28 10:55:00-05:00,185.985,186.14,185.985,186.105,12498.00
2026-01-28 11:00:00-05:00,186.105,186.115,185.9358,186.115,12080.00
2026-01-28 11:05:00-05:00,186.14,186.175,185.81,185.96,9124.00
2026-01-28 11:10:00-05:00,185.915,186.075,185.9,186.04,27503.00
2026-01-28 11:15:00-05:00,186.04,186.3,186.04,186.08,23130.00
2026-01-28 11:20:00-05:00,186.13,186.16,185.9401,186.08,12788.00
2026-01-28 11:25:00-05:00,186.085,186.195,186.07,186.18,8297.00
2026-01-28 11:30:00-05:00,186.2,186.27,186,186,12910.00
2026-01-28 11:35:00-05:00,186,186.085,185.97,186.08,7144.00
2026-01-28 11:40:00-05:00,186.015,186.02,185.89,186,4282.00
2026-01-28 11:45:00-05:00,185.985,186.04,185.93,185.955,12663.00
2026-01-28 11:50:00-05:00,185.96,185.99,185.88,185.88,4697.00
2026-01-28 11:55:00-05:00,185.925,185.95,185.85,185.945,5594.00
2026-01-28 12:00:00-05:00,185.94,185.95,185.81,185.83,8392.00
2026-01-28 12:05:00-05:00,185.84,186.02,185.84,185.975,5836.00
2026-01-28 12:10:00-05:00,185.975,186.11,185.94,185.94,5841.00
2026-01-28 12:15:00-05:00,185.96,186.015,185.84,185.97,5357.00
2026-01-28 12:20:00-05:00,185.925,185.94,185.86,185.94,5578.00
2026-01-28 12:25:00-05:00,185.925,185.98,185.92,185.935,2510.00
2026-01-28 12:30:00-05:00,185.935,185.935,185.79,185.865,8529.00
2026-01-28 12:35:00-05:00,185.87,185.93,185.79,185.93,8555.00
2026-01-28 12:40:00-05:00,185.95,185.97,185.95,185.955,2932.00
2026-01-28 12:45:00-05:00,185.96,185.99,185.89,185.89,5310.00
2026-01-28 12:50:00-05:00,185.945,186.1,185.945,186.09,8617.00
2026-01-28 12:55:00-05:00,186.03,186.08,185.9725,186.04,15001.00
2026-01-28 13:00:00-05:00,185.98,186.125,185.95,186.12,12094.00
2026-01-28 13:05:00-05:00,186.13,186.24,185.97,186.01,15382.00
2026-01-28 13:10:00-05:00,186.01,186.17,185.99,186.135,12090.00
2026-01-28 13:15:00-05:00,186.135,186.135,185.99,186.035,12238.00
2026-01-28 13:20:00-05:00,186.07,186.13,186.05,186.115,11898.00
2026-01-28 13:25:00-05:00,186.07,186.275,186.05,186.23,13067.00
2026-01-28 13:30:00-05:00,186.23,186.27,186.1,186.22,11889.00
2026-01-28 13:35:00-05:00,186.19,186.225,186.11,186.11,10464.00
2026-01-28 13:40:00-05:00,186.12,186.12,186,186.0375,20206.00
2026-01-28 13:45:00-05:00,186.025,186.08,185.96,186.04,22690.00
2026-01-28 13:50:00-05:00,186,186.02,185.8001,185.9,14876.00
2026-01-28 13:55:00-05:00,185.87,186.275,185.8,186.22,44255.00
2026-01-28 14:00:00-05:00,186.28,186.28,186,186.08,20211.00
2026-01-28 14:05:00-05:00,186.045,186.185,185.98,186.185,17835.00
2026-01-28 14:10:00-05:00,186.185,186.42,186.13,186.37,23405.00
2026-01-28 14:15:00-05:00,186.34,186.34,186.19,186.275,7006.00
2026-01-28 14:20:00-05:00,186.22,186.29,186.01,186.06,13361.00
2026-01-28 14:25:00-05:00,186.12,186.26,186.12,186.12,7947.00
2026-01-28 14:30:00-05:00,186.09,186.8875,185.53,185.745,326095.00
2026-01-28 14:35:00-05:00,185.795,185.93,185.26,185.39,13212.00
2026-01-28 14:40:00-05:00,185.395,185.72,185.27,185.67,10032.00
2026-01-28 14:45:00-05:00,185.76,186.055,185.725,185.94,8197.00
2026-01-28 14:50:00-05:00,185.89,186.06,185.76,185.76,8876.00
2026-01-28 14:55:00-05:00,185.745,185.78,185.48,185.775,13554.00
2026-01-28 15:00:00-05:00,185.81,186.18,185.785,186.14,8846.00
2026-01-28 15:05:00-05:00,186.22,186.35,186.16,186.23,10885.00
2026-01-28 15:10:00-05:00,186.285,186.355,186.1901,186.265,10504.00
2026-01-28 15:15:00-05:00,186.27,186.37,186.27,186.355,7382.00
2026-01-28 15:20:00-05:00,186.35,186.51,186.31,186.385,13561.00
2026-01-28 15:25:00-05:00,186.33,186.35,186.02,186.09,28272.00
2026-01-28 15:30:00-05:00,186.02,186.16,186.01,186.02,12619.00
2026-01-28 15:35:00-05:00,186.02,186.0375,185.88,185.88,12801.00
2026-01-28 15:40:00-05:00,185.89,185.95,185.81,185.86,15713.00
2026-01-28 15:45:00-05:00,185.875,185.99,185.73,185.76,33349.00
2026-01-28 15:50:00-05:00,185.68,186.1,185.43,186.065,53505.00
2026-01-28 15:55:00-05:00,186.005,186.22,185.84,186.04,168624.00
2026-01-29 09:30:00-05:00,185.28,186,185.03,185.85,37730.00
2026-01-29 09:35:00-05:00,185.66,186.1615,185.65,185.85,13729.00
2026-01-29 09:40:00-05:00,186.2,186.3,185.27,185.575,18117.00
2026-01-29 09:45:00-05:00,185.33,185.33,184.74,184.91,9530.00
2026-01-29 09:50:00-05:00,184.91,185.52,184.69,185.5,23769.00
2026-01-29 09:55:00-05:00,185.535,185.735,185.505,185.525,7259.00
2026-01-29 10:00:00-05:00,185.525,185.845,185.41,185.595,16919.00
2026-01-29 10:05:00-05:00,185.67,185.88,185.41,185.54,17616.00
2026-01-29 10:10:00-05:00,185.46,185.61,185.38,185.56,17221.00
2026-01-29 10:15:00-05:00,185.68,185.944,185.58,185.705,30271.00
2026-01-29 10:20:00-05:00,185.73,185.83,185.53,185.77,15203.00
2026-01-29 10:25:00-05:00,185.62,185.685,185.37,185.605,7723.00
2026-01-29 10:30:00-05:00,185.66,186.13,185.66,185.94,10821.00
2026-01-29 10:35:00-05:00,185.76,185.985,185.72,185.985,8556.00
2026-01-29 10:40:00-05:00,185.99,185.99,185.72,185.75,11403.00
2026-01-29 10:45:00-05:00,185.71,185.91,185.555,185.62,13783.00
2026-01-29 10:50:00-05:00,185.66,185.84,185.61,185.77,10992.00
2026-01-29 10:55:00-05:00,185.75,186.03,185.75,185.79,28444.00
2026-01-29 11:00:00-05:00,185.81,185.81,185.64,185.66,21652.00
2026-01-29 11:05:00-05:00,185.7,185.7,185.41,185.645,14271.00
2026-01-29 11:10:00-05:00,185.56,185.85,185.5,185.77,13365.00
2026-01-29 11:15:00-05:00,185.755,185.82,185.59,185.72,10845.00
2026-01-29 11:20:00-05:00,185.63,185.86,185.36,185.46,16946.00
2026-01-29 11:25:00-05:00,185.35,185.53,185.32,185.42,6750.00
2026-01-29 11:30:00-05:00,185.32,185.61,185.32,185.4681,13144.00
2026-01-29 11:35:00-05:00,185.41,185.43,185.26,185.43,9214.00
2026-01-29 11:40:00-05:00,185.33,185.47,185.33,185.41,4751.00
2026-01-29 11:45:00-05:00,185.31,185.44,185.27,185.32,6069.00
2026-01-29 11:50:00-05:00,185.29,185.345,184.89,185.07,18285.00
2026-01-29 11:55:00-05:00,185.23,185.31,185.12,185.31,6884.00
2026-01-29 12:00:00-05:00,185.19,185.5,185.19,185.5,4421.00
2026-01-29 12:05:00-05:00,185.32,185.51,185.31,185.5,11865.00
2026-01-29 12:10:00-05:00,185.5,185.515,185.29,185.5,9994.00
2026-01-29 12:15:00-05:00,185.32,185.6,185.32,185.54,7754.00
2026-01-29 12:20:00-05:00,185.41,185.725,185.41,185.54,12079.00
2026-01-29 12:25:00-05:00,185.39,185.6,185.39,185.5,8634.00
2026-01-29 12:30:00-05:00,185.42,185.43,185.31,185.34,5238.00
2026-01-29 12:35:00-05:00,185.33,185.62,185.33,185.55,5445.00
2026-01-29 12:40:00-05:00,185.54,185.92,185.5,185.92,12335.00
2026-01-29 12:45:00-05:00,185.76,185.99,185.52,185.69,7057.00
2026-01-29 12:50:00-05:00,185.625,185.79,185.32,185.415,10289.00
2026-01-29 12:55:00-05:00,185.32,185.4407,185.18,185.18,8705.00
2026-01-29 13:00:00-05:00,185.19,185.38,185,185.23,12732.00
2026-01-29 13:05:00-05:00,185.16,185.59,185.14,185.27,8869.00
2026-01-29 13:10:00-05:00,185.16,185.79,185.16,185.68,10121.00
2026-01-29 13:15:00-05:00,185.57,185.8,185.57,185.8,10180.00
2026-01-29 13:20:00-05:00,185.825,185.92,185.69,185.89,7860.00
2026-01-29 13:25:00-05:00,185.85,185.8862,185.7,185.81,10928.00
2026-01-29 13:30:00-05:00,185.69,185.84,185.64,185.775,12253.00
2026-01-29 13:35:00-05:00,185.69,186.02,185.69,185.96,25708.00
2026-01-29 13:40:00-05:00,185.995,186.21,185.995,186.095,5437.00
2026-01-29 13:45:00-05:00,186.03,186.15,185.94,186.005,7972.00
2026-01-29 13:50:00-05:00,185.95,185.99,185.855,185.86,11146.00
2026-01-29 13:55:00-05:00,185.855,186.1,185.79,185.79,17398.00
2026-01-29 14:00:00-05:00,185.76,186.15,185.65,186.025,10913.00
2026-01-29 14:05:00-05:00,185.9,186.385,185.9,186.385,11360.00
2026-01-29 14:10:00-05:00,186.39,186.51,186.325,186.46,11755.00
2026-01-29 14:15:00-05:00,186.42,186.51,186.32,186.39,14156.00
2026-01-29 14:20:00-05:00,186.48,186.57,186.4,186.49,7402.00
2026-01-29 14:25:00-05:00,186.56,186.74,186.54,186.68,11614.00
2026-01-29 14:30:00-05:00,186.61,186.84,186.38,186.61,31924.00
2026-01-29 14:35:00-05:00,186.53,187,186.49,187,11701.00
2026-01-29 14:40:00-05:00,186.86,187.03,186.77,186.95,20884.00
2026-01-29 14:45:00-05:00,187,187.11,186.84,186.84,25654.00
2026-01-29 14:50:00-05:00,186.79,186.91,186.71,186.75,14303.00
2026-01-29 14:55:00-05:00,186.78,186.83,186.34,186.36,18367.00
2026-01-29 15:00:00-05:00,186.44,186.735,186.435,186.66,15635.00
2026-01-29 15:05:00-05:00,186.665,186.82,186.57,186.7,15367.00
2026-01-29 15:10:00-05:00,186.675,186.75,186.62,186.695,16564.00
2026-01-29 15:15:00-05:00,186.69,186.84,186.69,186.795,12036.00
2026-01-29 15:20:00-05:00,186.73,186.9,186.71,186.76,17171.00
2026-01-29 15:25:00-05:00,186.76,186.83,186.69,186.69,16045.00
2026-01-29 15:30:00-05:00,186.67,186.8747,186.67,186.74,45920.00
2026-01-29 15:35:00-05:00,186.74,186.77,186.34,186.41,68706.00
2026-01-29 15:40:00-05:00,186.38,186.46,186.22,186.22,20428.00
2026-01-29 15:45:00-05:00,186.21,186.35,186.21,186.34,25780.00
2026-01-29 15:50:00-05:00,186.36,186.74,186.2,186.55,110493.00
2026-01-29 15:55:00-05:00,186.6,186.85,186.45,186.45,284438.00
2026-01-30 09:30:00-05:00,185.66,187.04,185.66,187.02,27826.00
2026-01-30 09:35:00-05:00,187.02,187.52,186.33,186.33,18517.00
2026-01-30 09:40:00-05:00,186.3679,186.53,185.93,186.19,22908.00
2026-01-30 09:45:00-05:00,186.19,186.73,186.04,186.35,6376.00
2026-01-30 09:50:00-05:00,186.04,186.45,185.915,186.39,8962.00
2026-01-30 09:55:00-05:00,186.36,186.36,186.02,186.34,3978.00
2026-01-30 10:00:00-05:00,186.5,186.6,186.181,186.5433,10613.00
2026-01-30 10:05:00-05:00,186.49,187.3,186.49,187.185,30973.00
2026-01-30 10:10:00-05:00,187.185,187.68,187.05,187.3375,121532.00
2026-01-30 10:15:00-05:00,187.345,187.345,187.1,187.215,13294.00
2026-01-30 10:20:00-05:00,187.08,187.6,187.07,187.295,15987.00
2026-01-30 10:25:00-05:00,187.17,187.28,186.815,186.91,13455.00
2026-01-30 10:30:00-05:00,186.91,187.14,186.7309,187.085,8415.00
2026-01-30 10:35:00-05:00,187.16,187.26,187.11,187.2,9052.00
2026-01-30 10:40:00-05:00,187.2,187.34,187.2,187.27,8315.00
2026-01-30 10:45:00-05:00,187.27,187.43,187.27,187.36,30894.00
2026-01-30 10:50:00-05:00,187.4,187.42,187.19,187.21,5710.00
2026-01-30 10:55:00-05:00,187.18,187.28,187.12,187.165,12439.00
2026-01-30 11:00:00-05:00,187.09,187.19,186.87,186.89,24358.00
2026-01-30 11:05:00-05:00,186.93,187.3484,186.9195,187.17,17663.00
2026-01-30 11:10:00-05:00,187.18,187.4,187.07,187.4,13398.00
2026-01-30 11:15:00-05:00,187.43,187.44,187.27,187.35,7064.00
2026-01-30 11:20:00-05:00,187.35,187.35,187.13,187.19,27455.00
2026-01-30 11:25:00-05:00,187.13,187.24,187.09,187.12,13843.00
2026-01-30 11:30:00-05:00,187.07,187.21,186.8,186.845,21157.00
2026-01-30 11:35:00-05:00,186.86,186.96,186.575,186.69,22870.00
2026-01-30 11:40:00-05:00,186.69,186.83,186.49,186.71,11553.00
2026-01-30 11:45:00-05:00,186.715,186.91,186.71,186.91,4393.00
2026-01-30 11:50:00-05:00,186.84,187.11,186.835,187.09,8879.00
2026-01-30 11:55:00-05:00,187.09,187.2,187.06,187.135,22000.00
2026-01-30 12:00:00-05:00,187.14,187.17,186.81,186.885,22031.00
2026-01-30 12:05:00-05:00,186.875,186.875,186.61,186.79,8313.00
2026-01-30 12:10:00-05:00,186.81,186.825,186.7,186.745,5499.00
2026-01-30 12:15:00-05:00,186.74,186.95,186.74,186.87,10727.00
2026-01-30 12:20:00-05:00,186.96,187.175,186.95,186.95,10222.00
2026-01-30 12:25:00-05:00,187,187.2094,187,187.12,5606.00
2026-01-30 12:30:00-05:00,187.2,187.47,187.18,187.35,12062.00
2026-01-30 12:35:00-05:00,187.335,187.36,187.15,187.15,8385.00
2026-01-30 12:40:00-05:00,187.12,187.1975,187.04,187.11,4891.00
2026-01-30 12:45:00-05:00,187,187.06,186.96,187.01,5865.00
2026-01-30 12:50:00-05:00,187.11,187.25,186.815,186.815,17830.00
2026-01-30 12:55:00-05:00,186.88,186.98,186.69,186.69,9406.00
2026-01-30 13:00:00-05:00,186.62,186.99,186.61,186.89,5828.00
2026-01-30 13:05:00-05:00,186.95,187,186.8981,186.8981,2668.00
2026-01-30 13:10:00-05:00,186.82,186.98,186.81,186.97,12460.00
2026-01-30 13:15:00-05:00,186.98,187.09,186.92,186.92,12181.00
2026-01-30 13:20:00-05:00,186.88,187.11,186.715,187.05,20283.00
2026-01-30 13:25:00-05:00,187.04,187.36,187.01,187.25,24340.00
2026-01-30 13:30:00-05:00,187.28,187.28,187.07,187.12,6118.00
2026-01-30 13:35:00-05:00,187.17,187.505,187.17,187.44,11308.00
2026-01-30 13:40:00-05:00,187.425,187.5,187.425,187.465,7718.00
2026-01-30 13:45:00-05:00,187.465,187.71,187.465,187.71,11008.00
2026-01-30 13:50:00-05:00,187.68,187.86,187.68,187.84,15852.00
2026-01-30 13:55:00-05:00,187.815,187.9,187.32,187.405,31894.00
2026-01-30 14:00:00-05:00,187.43,187.98,187.43,187.84,13582.00
2026-01-30 14:05:00-05:00,187.8201,188.06,187.8201,187.94,11231.00
2026-01-30 14:10:00-05:00,187.9,188.1,187.78,187.91,9561.00
2026-01-30 14:15:00-05:00,187.79,187.965,187.79,187.85,11812.00
2026-01-30 14:20:00-05:00,188,188.08,187.93,187.97,9013.00
2026-01-30 14:25:00-05:00,187.97,188.13,187.71,187.71,22758.00
2026-01-30 14:30:00-05:00,187.64,188.055,187.47,188.055,21358.00
2026-01-30 14:35:00-05:00,188.16,188.26,188.02,188.09,20473.00
2026-01-30 14:40:00-05:00,188.1,188.18,187.91,187.91,15914.00
2026-01-30 14:45:00-05:00,187.935,188.07,187.93,187.98,8736.00
2026-01-30 14:50:00-05:00,187.97,188.26,187.95,188.24,13850.00
2026-01-30 14:55:00-05:00,188.28,188.31,187.89,187.89,11353.00
2026-01-30 15:00:00-05:00,188.04,188.04,187.8556,187.8556,13595.00
2026-01-30 15:05:00-05:00,187.8,188.005,187.7,187.82,18025.00
2026-01-30 15:10:00-05:00,187.85,188.0999,187.85,187.93,10511.00
2026-01-30 15:15:00-05:00,187.905,187.905,187.69,187.73,22938.00
2026-01-30 15:20:00-05:00,187.71,187.87,187.71,187.86,16681.00
2026-01-30 15:25:00-05:00,187.85,188.0542,187.85,187.95,19613.00
2026-01-30 15:30:00-05:00,187.955,188.16,187.88,188.105,19825.00
2026-01-30 15:35:00-05:00,188.11,188.15,187.98,188,20628.00
2026-01-30 15:40:00-05:00,187.99,188.19,187.97,188.13,21029.00
2026-01-30 15:45:00-05:00,188.13,188.205,188.03,188.12,25848.00
2026-01-30 15:50:00-05:00,188.17,188.46,188.145,188.4,69764.00
2026-01-30 15:55:00-05:00,188.45,188.71,188.36,188.58,225245.00
2026-02-02 09:30:00-05:00,188.65,189.69,187.8,188.875,119000.00
2026-02-02 09:35:00-05:00,188.99,189.91,188.86,189.3,21078.00
2026-02-02 09:40:00-05:00,189.2737,189.75,189.06,189.73,34214.00
2026-02-02 09:45:00-05:00,189.735,189.99,189.7,189.93,10337.00
2026-02-02 09:50:00-05:00,190,190.16,189.69,190,38386.00
2026-02-02 09:55:00-05:00,190.09,190.295,189.95,190.2792,20678.00
2026-02-02 10:00:00-05:00,190.395,190.46,190.1,190.315,29101.00
2026-02-02 10:05:00-05:00,190.37,190.57,190.34,190.41,21907.00
2026-02-02 10:10:00-05:00,190.41,190.41,190.11,190.225,12893.00
2026-02-02 10:15:00-05:00,190.23,190.4565,190.09,190.4565,20955.00
2026-02-02 10:20:00-05:00,190.315,190.48,190.3,190.435,10342.00
2026-02-02 10:25:00-05:00,190.435,190.435,190.07,190.15,12495.00
2026-02-02 10:30:00-05:00,190.15,190.31,189.98,189.98,14535.00
2026-02-02 10:35:00-05:00,190.01,190.12,189.95,189.975,24608.00
2026-02-02 10:40:00-05:00,189.97,190.075,189.92,189.98,15325.00
2026-02-02 10:45:00-05:00,190,190,189.8,189.83,13507.00
2026-02-02 10:50:00-05:00,189.8,190.33,189.8,190.1,39920.00
2026-02-02 10:55:00-05:00,190.16,190.16,190,190.13,18606.00
2026-02-02 11:00:00-05:00,190.19,190.34,189.91,190.33,33609.00
2026-02-02 11:05:00-05:00,190.39,190.52,190.27,190.5,34211.00
2026-02-02 11:10:00-05:00,190.5,190.52,190.36,190.465,6652.00
2026-02-02 11:15:00-05:00,190.4,190.41,190.245,190.32,12620.00
2026-02-02 11:20:00-05:00,190.31,190.44,190.31,190.44,9921.00
2026-02-02 11:25:00-05:00,190.54,190.54,190.32,190.42,12851.00
2026-02-02 11:30:00-05:00,190.42,190.795,190.42,190.605,17158.00
2026-02-02 11:35:00-05:00,190.67,190.67,190.45,190.53,9537.00
2026-02-02 11:40:00-05:00,190.48,190.5,190.35,190.395,7140.00
2026-02-02 11:45:00-05:00,190.42,190.54,190.17,190.53,12603.00
2026-02-02 11:50:00-05:00,190.54,190.61,190.455,190.6,8791.00
2026-02-02 11:55:00-05:00,190.605,190.675,190.6,190.6,12981.00
2026-02-02 12:00:00-05:00,190.655,190.675,190.56,190.59,16187.00
2026-02-02 12:05:00-05:00,190.62,190.785,190.58,190.77,17745.00
2026-02-02 12:10:00-05:00,190.78,190.83,190.72,190.76,19435.00
2026-02-02 12:15:00-05:00,190.76,190.935,190.69,190.93,22838.00
2026-02-02 12:20:00-05:00,190.94,190.95,190.86,190.935,9865.00
2026-02-02 12:25:00-05:00,190.8975,191.09,190.8975,191.075,7404.00
2026-02-02 12:30:00-05:00,191.17,191.19,190.92,191.04,24786.00
2026-02-02 12:35:00-05:00,191.08,191.1,190.82,191,17603.00
2026-02-02 12:40:00-05:00,190.98,191.07,190.81,190.95,13936.00
2026-02-02 12:45:00-05:00,190.915,191.03,190.915,191.03,4043.00
2026-02-02 12:50:00-05:00,191.03,191.26,191.03,191.07,10215.00
2026-02-02 12:55:00-05:00,191.06,191.17,191.015,191.015,9640.00
2026-02-02 13:00:00-05:00,191.015,191.11,190.97,191.03,6080.00
2026-02-02 13:05:00-05:00,191.03,191.03,190.8196,190.8575,13127.00
2026-02-02 13:10:00-05:00,190.82,190.93,190.79,190.83,6753.00
2026-02-02 13:15:00-05:00,190.83,190.91,190.6701,190.7,13813.00
2026-02-02 13:20:00-05:00,190.67,190.8299,190.65,190.7793,10077.00
2026-02-02 13:25:00-05:00,190.79,190.88,190.7,190.735,7135.00
2026-02-02 13:30:00-05:00,190.8,190.87,190.7314,190.87,4880.00
2026-02-02 13:35:00-05:00,190.79,190.84,190.75,190.76,4368.00
2026-02-02 13:40:00-05:00,190.71,190.87,190.71,190.8025,10728.00
2026-02-02 13:45:00-05:00,190.8,190.81,190.74,190.79,4751.00
2026-02-02 13:50:00-05:00,190.795,190.84,190.55,190.795,15844.00
2026-02-02 13:55:00-05:00,190.79,190.84,190.745,190.775,6692.00
2026-02-02 14:00:00-05:00,190.71,190.8598,190.675,190.71,14655.00
2026-02-02 14:05:00-05:00,190.705,190.77,190.56,190.6949,21247.00
2026-02-02 14:10:00-05:00,190.635,190.7199,190.51,190.615,10683.00
2026-02-02 14:15:00-05:00,190.59,190.59,190.4,190.45,11954.00
2026-02-02 14:20:00-05:00,190.45,190.61,190.45,190.5501,17056.00
2026-02-02 14:25:00-05:00,190.5375,190.56,190.5,190.515,5863.00
2026-02-02 14:30:00-05:00,190.555,190.73,190.47,190.73,11436.00
2026-02-02 14:35:00-05:00,190.76,190.8,190.705,190.755,6649.00
2026-02-02 14:40:00-05:00,190.75,190.9551,190.75,190.9551,9005.00
2026-02-02 14:45:00-05:00,190.955,191.13,190.91,191.055,11499.00
2026-02-02 14:50:00-05:00,191.055,191.055,190.78,190.78,9503.00
2026-02-02 14:55:00-05:00,190.74,190.87,190.705,190.84,18038.00
2026-02-02 15:00:00-05:00,190.76,191.08,190.71,190.99,15426.00
2026-02-02 15:05:00-05:00,190.9,190.92,190.705,190.77,17689.00
2026-02-02 15:10:00-05:00,190.78,190.8201,190.49,190.54,16219.00
2026-02-02 15:15:00-05:00,190.53,190.59,190.47,190.47,10419.00
2026-02-02 15:20:00-05:00,190.53,190.53,190.3904,190.49,12788.00
2026-02-02 15:25:00-05:00,190.47,190.47,190.34,190.38,16350.00
2026-02-02 15:30:00-05:00,190.425,190.59,190.37,190.42,23311.00
2026-02-02 15:35:00-05:00,190.43,190.44,190.32,190.34,24497.00
2026-02-02 15:40:00-05:00,190.345,190.515,190.29,190.42,22460.00
2026-02-02 15:45:00-05:00,190.4,190.45,190.235,190.39,60403.00
2026-02-02 15:50:00-05:00,190.42,190.47,190.1815,190.23,102696.00
2026-02-02 15:55:00-05:00,190.19,190.25,189.97,190.07,574862.00
2026-02-03 09:30:00-05:00,189.19,190.35,188.77,190.0932,52685.00
2026-02-03 09:35:00-05:00,189.9601,190.345,189.47,190.075,47878.00
2026-02-03 09:40:00-05:00,190.0489,191.445,190.0489,191.445,16592.00
2026-02-03 09:45:00-05:00,191.26,191.52,190.9501,191.52,39722.00
2026-02-03 09:50:00-05:00,191.6,192.035,191.5,191.79,26825.00
2026-02-03 09:55:00-05:00,191.7725,192.9,191.75,192.855,13079.00
2026-02-03 10:00:00-05:00,192.855,192.88,192.27,192.88,34407.00
2026-02-03 10:05:00-05:00,192.8275,193.135,192.6,193.11,16399.00
2026-02-03 10:10:00-05:00,193.04,193.05,192.67,192.8,15160.00
2026-02-03 10:15:00-05:00,192.815,193.58,192.815,193.06,15698.00
2026-02-03 10:20:00-05:00,193.145,193.53,192.93,192.96,31788.00
2026-02-03 10:25:00-05:00,192.97,193.44,192.91,193.115,26191.00
2026-02-03 10:30:00-05:00,193.09,193.45,193.08,193.12,50557.00
2026-02-03 10:35:00-05:00,193.12,193.2775,193,193.135,11594.00
2026-02-03 10:40:00-05:00,193.14,193.28,192.39,192.399,16862.00
2026-02-03 10:45:00-05:00,192.5,192.53,192.19,192.21,15735.00
2026-02-03 10:50:00-05:00,192.19,192.19,191.94,192.125,16867.00
2026-02-03 10:55:00-05:00,192.07,192.07,191.78,191.92,17865.00
2026-02-03 11:00:00-05:00,192.03,192.11,191.82,191.88,12310.00
2026-02-03 11:05:00-05:00,191.93,192.15,191.83,192.12,10645.00
2026-02-03 11:10:00-05:00,192.085,192.6,192.08,192.5151,7201.00
2026-02-03 11:15:00-05:00,192.53,192.66,192.12,192.16,14296.00
2026-02-03 11:20:00-05:00,192.21,192.25,191.99,192.11,12655.00
2026-02-03 11:25:00-05:00,192.16,192.28,192.16,192.1775,4728.00
2026-02-03 11:30:00-05:00,192.18,192.25,191.92,191.935,11025.00
2026-02-03 11:35:00-05:00,191.8486,191.97,191.795,191.835,10446.00
2026-02-03 11:40:00-05:00,191.75,192.06,191.75,192.06,6256.00
2026-02-03 11:45:00-05:00,191.95,192.02,191.84,191.895,9196.00
2026-02-03 11:50:00-05:00,191.885,191.94,191.71,191.92,8969.00
2026-02-03 11:55:00-05:00,191.94,192.125,191.895,192.125,7921.00
2026-02-03 12:00:00-05:00,192.25,192.305,192.12,192.29,11922.00
2026-02-03 12:05:00-05:00,192.2925,192.32,192.195,192.31,8637.00
2026-02-03 12:10:00-05:00,192.31,192.39,192.02,192.1,15681.00
2026-02-03 12:15:00-05:00,192.02,192.44,192.02,192.44,7780.00
2026-02-03 12:20:00-05:00,192.33,192.56,192.211,192.56,10919.00
2026-02-03 12:25:00-05:00,192.49,192.52,192.22,192.245,12707.00
2026-02-03 12:30:00-05:00,192.245,192.68,192.24,192.44,9458.00
2026-02-03 12:35:00-05:00,192.64,192.66,192.5001,192.58,5911.00
2026-02-03 12:40:00-05:00,192.58,192.81,192.56,192.69,4400.00
2026-02-03 12:45:00-05:00,192.6901,192.81,192.35,192.39,18514.00
2026-02-03 12:50:00-05:00,192.42,192.42,192.23,192.27,15353.00
2026-02-03 12:55:00-05:00,192.27,192.66,192.27,192.66,8769.00
2026-02-03 13:00:00-05:00,192.59,192.84,192.59,192.725,9837.00
2026-02-03 13:05:00-05:00,192.78,193.02,192.78,192.89,11516.00
2026-02-03 13:10:00-05:00,192.8359,192.94,192.33,192.39,21976.00
2026-02-03 13:15:00-05:00,192.395,192.47,192.08,192.29,14443.00
2026-02-03 13:20:00-05:00,192.33,192.465,192.3,192.36,6827.00
2026-02-03 13:25:00-05:00,192.34,192.5,192.165,192.165,9287.00
2026-02-03 13:30:00-05:00,192.04,192.205,191.725,191.725,14018.00
2026-02-03 13:35:00-05:00,191.725,191.905,191.43,191.5,36135.00
2026-02-03 13:40:00-05:00,191.475,191.5,191.2,191.265,21981.00
2026-02-03 13:45:00-05:00,191.28,191.4025,191.21,191.285,8718.00
2026-02-03 13:50:00-05:00,191.17,191.2575,191.13,191.25,7820.00
2026-02-03 13:55:00-05:00,191.16,191.27,191.035,191.04,25552.00
2026-02-03 14:00:00-05:00,191.02,191.11,190.83,190.905,15759.00
2026-02-03 14:05:00-05:00,190.82,191.1,190.73,190.93,20377.00
2026-02-03 14:10:00-05:00,191.045,191.13,190.97,191.04,19969.00
2026-02-03 14:15:00-05:00,191.04,191.32,190.92,190.92,16160.00
2026-02-03 14:20:00-05:00,191,191.105,190.9275,190.985,14632.00
2026-02-03 14:25:00-05:00,190.9812,191.02,190.83,190.94,10106.00
2026-02-03 14:30:00-05:00,191.015,191.44,191.01,191.28,14214.00
2026-02-03 14:35:00-05:00,191.34,191.77,191.24,191.76,18171.00
2026-02-03 14:40:00-05:00,191.63,191.681,191.5401,191.62,8731.00
2026-02-03 14:45:00-05:00,191.615,191.615,191.46,191.555,15243.00
2026-02-03 14:50:00-05:00,191.49,191.95,191.49,191.775,25635.00
2026-02-03 14:55:00-05:00,191.775,192,191.775,192,12879.00
2026-02-03 15:00:00-05:00,191.99,192,191.84,191.87,15188.00
2026-02-03 15:05:00-05:00,191.82,191.93,191.73,191.8,20545.00
2026-02-03 15:10:00-05:00,191.89,192,191.73,191.8,21613.00
2026-02-03 15:15:00-05:00,191.795,191.8,191.66,191.66,15206.00
2026-02-03 15:20:00-05:00,191.59,191.85,191.57,191.785,14202.00
2026-02-03 15:25:00-05:00,191.815,191.85,191.68,191.68,14337.00
2026-02-03 15:30:00-05:00,191.71,191.75,191.58,191.605,30285.00
2026-02-03 15:35:00-05:00,191.58,191.665,191.13,191.19,75867.00
2026-02-03 15:40:00-05:00,191.19,191.31,191.01,191.07,26044.00
2026-02-03 15:45:00-05:00,191.07,191.1001,190.94,190.965,27017.00
2026-02-03 15:50:00-05:00,191.01,191.17,190.86,191.025,82355.00
2026-02-03 15:55:00-05:00,190.98,191.19,190.9,191.169,154162.00
2026-02-04 09:30:00-05:00,191.83,193.89,191.83,192.82,37196.00
2026-02-04 09:35:00-05:00,192.58,192.96,191.79,192.0475,11478.00
2026-02-04 09:40:00-05:00,191.9372,192.4,191.9372,192.22,15136.00
2026-02-04 09:45:00-05:00,192.11,192.345,191.99,192.3,15852.00
2026-02-04 09:50:00-05:00,192.11,192.56,191.8625,192.5,21110.00
2026-02-04 09:55:00-05:00,192.36,192.72,192.36,192.48,22184.00
2026-02-04 10:00:00-05:00,192.44,192.84,192.29,192.69,30709.00
2026-02-04 10:05:00-05:00,192.72,192.81,192.29,192.37,25633.00
2026-02-04 10:10:00-05:00,192.37,192.82,192.3375,192.81,15380.00
2026-02-04 10:15:00-05:00,193.01,193.28,192.92,193.14,15646.00
2026-02-04 10:20:00-05:00,193.11,193.26,192.74,192.85,20924.00
2026-02-04 10:25:00-05:00,192.825,192.91,192.54,192.675,15275.00
2026-02-04 10:30:00-05:00,192.55,192.55,192.19,192.36,11625.00
2026-02-04 10:35:00-05:00,192.27,192.285,191.73,191.75,33599.00
2026-02-04 10:40:00-05:00,191.76,191.94,191.64,191.66,14517.00
2026-02-04 10:45:00-05:00,191.73,191.97,191.71,191.95,9178.00
2026-02-04 10:50:00-05:00,192,192.14,191.65,191.74,10296.00
2026-02-04 10:55:00-05:00,191.85,191.91,191.72,191.78,8493.00
2026-02-04 11:00:00-05:00,191.755,191.815,191.39,191.665,34528.00
2026-02-04 11:05:00-05:00,191.725,191.73,190.9,190.92,17668.00
2026-02-04 11:10:00-05:00,190.895,191.24,190.73,191.11,17842.00
2026-02-04 11:15:00-05:00,191.2,191.2501,190.91,191.0325,16918.00
2026-02-04 11:20:00-05:00,191.06,191.21,190.86,191.21,8797.00
2026-02-04 11:25:00-05:00,191.16,191.395,191.1,191.395,6740.00
2026-02-04 11:30:00-05:00,191.395,191.4425,191.19,191.245,9181.00
2026-02-04 11:35:00-05:00,191.285,191.39,191.1,191.2871,20420.00
2026-02-04 11:40:00-05:00,191.375,191.375,191.1,191.18,7015.00
2026-02-04 11:45:00-05:00,191.185,191.27,191.08,191.08,14222.00
2026-02-04 11:50:00-05:00,191.027,191.145,190.95,191.1,12524.00
2026-02-04 11:55:00-05:00,191.02,191.13,190.91,190.94,38614.00
2026-02-04 12:00:00-05:00,190.95,191.06,190.88,191,24212.00
2026-02-04 12:05:00-05:00,190.99,191.25,190.96,191.14,12423.00
2026-02-04 12:10:00-05:00,191.12,191.3,191.0901,191.2925,15387.00
2026-02-04 12:15:00-05:00,191.225,191.33,191.1226,191.235,13080.00
2026-02-04 12:20:00-05:00,191.1201,191.195,190.82,190.82,23772.00
2026-02-04 12:25:00-05:00,190.82,190.9,190.43,190.5375,24333.00
2026-02-04 12:30:00-05:00,190.46,190.65,190.32,190.5125,11519.00
2026-02-04 12:35:00-05:00,190.43,190.44,189.44,189.55,19041.00
2026-02-04 12:40:00-05:00,189.55,189.705,189.36,189.69,25284.00
2026-02-04 12:45:00-05:00,189.774,189.774,189.34,189.61,13117.00
2026-02-04 12:50:00-05:00,189.35,189.51,189.34,189.5,21186.00
2026-02-04 12:55:00-05:00,189.5,189.655,189.2,189.2,16792.00
2026-02-04 13:00:00-05:00,189.16,189.16,188.69,189.015,23498.00
2026-02-04 13:05:00-05:00,189.085,189.64,189.05,189.09,20537.00
2026-02-04 13:10:00-05:00,189.095,189.115,188.82,188.905,10587.00
2026-02-04 13:15:00-05:00,188.79,188.91,188.57,188.7,12929.00
2026-02-04 13:20:00-05:00,188.79,188.9337,188.7,188.725,13548.00
2026-02-04 13:25:00-05:00,188.84,189.29,188.84,189.1625,14058.00
2026-02-04 13:30:00-05:00,189.13,189.13,188.69,188.78,18702.00
2026-02-04 13:35:00-05:00,188.87,189.07,188.81,188.965,8940.00
2026-02-04 13:40:00-05:00,189,189.18,188.92,189.03,15019.00
2026-02-04 13:45:00-05:00,189.03,189.275,188.92,189.275,19496.00
2026-02-04 13:50:00-05:00,189.21,189.25,189.03,189.08,14616.00
2026-02-04 13:55:00-05:00,189.12,189.34,188.87,188.96,38525.00
2026-02-04 14:00:00-05:00,189,189.27,188.9,188.99,34530.00
2026-02-04 14:05:00-05:00,188.96,189.31,188.875,189.15,24310.00
2026-02-04 14:10:00-05:00,189.16,189.21,188.61,188.63,51584.00
2026-02-04 14:15:00-05:00,188.63,188.63,188.13,188.13,58157.00
2026-02-04 14:20:00-05:00,188.165,188.51,188.05,188.25,76318.00
2026-02-04 14:25:00-05:00,188.24,188.705,188.16,188.705,20617.00
2026-02-04 14:30:00-05:00,188.765,188.85,188.42,188.6601,29775.00
2026-02-04 14:35:00-05:00,188.665,188.88,188.55,188.825,25717.00
2026-02-04 14:40:00-05:00,188.8375,188.9,188.64,188.825,25560.00
2026-02-04 14:45:00-05:00,188.8,189.11,188.65,188.92,25719.00
2026-02-04 14:50:00-05:00,188.97,189.26,188.69,189.02,23542.00
2026-02-04 14:55:00-05:00,189.11,189.64,189.0387,189.6,37710.00
2026-02-04 15:00:00-05:00,189.54,189.63,189.27,189.485,39758.00
2026-02-04 15:05:00-05:00,189.45,189.61,189.17,189.56,29768.00
2026-02-04 15:10:00-05:00,189.56,189.57,189.16,189.32,27169.00
2026-02-04 15:15:00-05:00,189.35,189.35,188.94,189.01,34538.00
2026-02-04 15:20:00-05:00,188.99,189.17,188.81,189.02,28893.00
2026-02-04 15:25:00-05:00,189.02,189.06,188.69,188.94,48605.00
2026-02-04 15:30:00-05:00,188.9,189.24,188.66,189.15,42894.00
2026-02-04 15:35:00-05:00,189.11,189.29,188.925,188.94,43997.00
2026-02-04 15:40:00-05:00,188.94,189.02,188.735,188.76,43519.00
2026-02-04 15:45:00-05:00,188.77,189.07,188.67,189.05,54821.00
2026-02-04 15:50:00-05:00,189.17,189.3,188.83,188.91,86908.00
2026-02-04 15:55:00-05:00,188.86,189.295,188.78,189.22,161002.00
2026-02-05 09:30:00-05:00,189.37,190.92,189.21,190.725,30146.00
2026-02-05 09:35:00-05:00,191,191.095,190.405,190.405,10450.00
2026-02-05 09:40:00-05:00,190.5821,191.015,190.03,190.44,18406.00
2026-02-05 09:45:00-05:00,190.475,190.55,190.17,190.305,10490.00
2026-02-05 09:50:00-05:00,190.3,190.48,190.03,190.095,25699.00
2026-02-05 09:55:00-05:00,190.1075,190.26,189.85,190.16,19686.00
2026-02-05 10:00:00-05:00,190.075,190.26,189.89,190.21,23681.00
2026-02-05 10:05:00-05:00,190.2,190.24,189.73,189.9,21679.00
2026-02-05 10:10:00-05:00,189.805,189.91,189.38,189.77,23074.00
2026-02-05 10:15:00-05:00,189.615,189.84,189.5301,189.5301,22245.00
2026-02-05 10:20:00-05:00,189.59,189.85,189.52,189.59,19682.00
2026-02-05 10:25:00-05:00,189.71,189.71,189.15,189.295,32608.00
2026-02-05 10:30:00-05:00,189.2,189.37,188.835,189,17543.00
2026-02-05 10:35:00-05:00,188.84,188.95,188.66,188.795,12593.00
2026-02-05 10:40:00-05:00,188.8,188.8,188.26,188.425,13158.00
2026-02-05 10:45:00-05:00,188.28,188.52,187.99,188.52,10377.00
2026-02-05 10:50:00-05:00,188.72,189.05,188.69,188.98,14752.00
2026-02-05 10:55:00-05:00,189.06,189.19,188.965,189.17,8378.00
2026-02-05 11:00:00-05:00,189.17,189.28,189.04,189.155,8718.00
2026-02-05 11:05:00-05:00,189.14,189.14,188.79,188.79,11881.00
2026-02-05 11:10:00-05:00,188.98,189.1475,188.87,188.92,7339.00
2026-02-05 11:15:00-05:00,188.92,189.03,188.5,188.5,20179.00
2026-02-05 11:20:00-05:00,188.62,188.675,188.35,188.35,8895.00
2026-02-05 11:25:00-05:00,188.34,188.46,188.12,188.17,20813.00
2026-02-05 11:30:00-05:00,188.2975,188.47,188.2975,188.41,9007.00
2026-02-05 11:35:00-05:00,188.33,188.67,188.33,188.605,19081.00
2026-02-05 11:40:00-05:00,188.61,188.68,188.54,188.635,11094.00
2026-02-05 11:45:00-05:00,188.6547,188.98,188.64,188.98,8819.00
2026-02-05 11:50:00-05:00,189.02,189.42,189.01,189.3502,11974.00
2026-02-05 11:55:00-05:00,189.47,189.47,189.34,189.44,4988.00
2026-02-05 12:00:00-05:00,189.515,189.515,189.3,189.32,9778.00
2026-02-05 12:05:00-05:00,189.39,189.39,189.07,189.21,10948.00
2026-02-05 12:10:00-05:00,189.2,189.2,189.07,189.125,4770.00
2026-02-05 12:15:00-05:00,189.14,189.22,189.095,189.165,8719.00
2026-02-05 12:20:00-05:00,189.12,189.5,189.09,189.495,7780.00
2026-02-05 12:25:00-05:00,189.5,189.77,189.47,189.73,14451.00
2026-02-05 12:30:00-05:00,189.72,189.72,189.17,189.2,18994.00
2026-02-05 12:35:00-05:00,189.13,189.5,189.13,189.5,8633.00
2026-02-05 12:40:00-05:00,189.475,189.76,189.475,189.53,14756.00
2026-02-05 12:45:00-05:00,189.62,189.62,189.52,189.62,4051.00
2026-02-05 12:50:00-05:00,189.71,189.96,189.64,189.64,17955.00
2026-02-05 12:55:00-05:00,189.63,189.76,189.3,189.425,13029.00
2026-02-05 13:00:00-05:00,189.37,189.515,189.34,189.41,5831.00
2026-02-05 13:05:00-05:00,189.33,189.38,189.17,189.38,11493.00
2026-02-05 13:10:00-05:00,189.31,189.4875,189.31,189.445,5651.00
2026-02-05 13:15:00-05:00,189.37,189.54,189.27,189.485,13560.00
2026-02-05 13:20:00-05:00,189.42,189.45,189.39,189.4,3399.00
2026-02-05 13:25:00-05:00,189.4,189.4,189.23,189.325,9780.00
2026-02-05 13:30:00-05:00,189.35,189.44,189.3,189.3,5676.00
2026-02-05 13:35:00-05:00,189.28,189.46,189.28,189.445,3742.00
2026-02-05 13:40:00-05:00,189.46,189.58,189.395,189.555,7412.00
2026-02-05 13:45:00-05:00,189.55,189.69,189.46,189.555,20548.00
2026-02-05 13:50:00-05:00,189.47,189.495,189.39,189.495,9536.00
2026-02-05 13:55:00-05:00,189.54,189.75,189.5175,189.75,5585.00
2026-02-05 14:00:00-05:00,189.705,190.07,189.63,190.035,9506.00
2026-02-05 14:05:00-05:00,190.035,190.17,189.9,190.17,7972.00
2026-02-05 14:10:00-05:00,190.13,190.325,190.04,190.11,12701.00
2026-02-05 14:15:00-05:00,190.2,190.28,190.12,190.205,14288.00
2026-02-05 14:20:00-05:00,190.15,190.15,189.86,189.945,11949.00
2026-02-05 14:25:00-05:00,189.85,189.93,189.74,189.81,10267.00
2026-02-05 14:30:00-05:00,189.75,190,189.71,189.975,16925.00
2026-02-05 14:35:00-05:00,189.99,190.02,189.72,189.72,18749.00
2026-02-05 14:40:00-05:00,189.71,189.76,189.62,189.685,9620.00
2026-02-05 14:45:00-05:00,189.685,189.94,189.68,189.89,11009.00
2026-02-05 14:50:00-05:00,189.845,189.89,189.66,189.89,11682.00
2026-02-05 14:55:00-05:00,189.86,190.33,189.84,190.25,25480.00
2026-02-05 15:00:00-05:00,190.25,190.255,189.97,190,14025.00
2026-02-05 15:05:00-05:00,190.05,190.38,190.005,190.28,16375.00
2026-02-05 15:10:00-05:00,190.37,190.41,190.175,190.175,15852.00
2026-02-05 15:15:00-05:00,190.15,190.15,189.9,190.01,15032.00
2026-02-05 15:20:00-05:00,190.01,190.1,189.68,189.69,15072.00
2026-02-05 15:25:00-05:00,189.73,189.89,189.65,189.89,16935.00
2026-02-05 15:30:00-05:00,189.91,190,189.72,189.78,18999.00
2026-02-05 15:35:00-05:00,189.72,189.775,189.5,189.66,28544.00
2026-02-05 15:40:00-05:00,189.595,189.72,189.27,189.27,23805.00
2026-02-05 15:45:00-05:00,189.28,189.34,188.81,188.865,26583.00
2026-02-05 15:50:00-05:00,188.92,189.05,188.84,188.99,53395.00
2026-02-05 15:55:00-05:00,189.05,189.33,189.04,189.2,175575.00
2026-02-06 09:30:00-05:00,190.61,191.57,190.39,191.57,25369.00
2026-02-06 09:35:00-05:00,191.49,191.725,190.84,190.84,9307.00
2026-02-06 09:40:00-05:00,190.6829,191.6084,190.6829,191.0634,13487.00
2026-02-06 09:45:00-05:00,191.285,191.39,191.09,191.33,8637.00
2026-02-06 09:50:00-05:00,191.44,191.615,191.23,191.23,10517.00
2026-02-06 09:55:00-05:00,191.28,191.815,191.28,191.66,5659.00
2026-02-06 10:00:00-05:00,191.6901,191.845,191.29,191.45,18070.00
2026-02-06 10:05:00-05:00,191.29,191.53,191.1404,191.1627,8104.00
2026-02-06 10:10:00-05:00,191.47,191.47,190.87,191.0885,24682.00
2026-02-06 10:15:00-05:00,190.95,190.95,190.77,190.935,9463.00
2026-02-06 10:20:00-05:00,190.935,191.2,190.83,190.88,23789.00
2026-02-06 10:25:00-05:00,190.995,191.1872,190.97,191.0801,4037.00
2026-02-06 10:30:00-05:00,191.115,191.28,190.97,191.07,6291.00
2026-02-06 10:35:00-05:00,190.99,191.045,190.6901,190.825,8671.00
2026-02-06 10:40:00-05:00,190.71,190.78,190.33,190.33,33126.00
2026-02-06 10:45:00-05:00,190.29,190.39,189.88,190.005,32263.00
2026-02-06 10:50:00-05:00,190.01,190.02,189.72,189.81,42542.00
2026-02-06 10:55:00-05:00,189.82,190,189.82,190,21696.00
2026-02-06 11:00:00-05:00,189.99,190.2,189.97,190.07,115853.00
2026-02-06 11:05:00-05:00,190.08,190.59,190.08,190.505,102380.00
2026-02-06 11:10:00-05:00,190.5,190.61,190.11,190.37,25864.00
2026-02-06 11:15:00-05:00,190.26,190.485,190.16,190.485,15673.00
2026-02-06 11:20:00-05:00,190.4875,190.7,190.34,190.625,29183.00
2026-02-06 11:25:00-05:00,190.67,190.845,190.67,190.8,9431.00
2026-02-06 11:30:00-05:00,190.8,190.91,190.77,190.84,13158.00
2026-02-06 11:35:00-05:00,190.865,191,190.71,190.79,14927.00
2026-02-06 11:40:00-05:00,190.8,190.9,190.73,190.78,9172.00
2026-02-06 11:45:00-05:00,190.835,191.15,190.76,191.15,24261.00
2026-02-06 11:50:00-05:00,191.155,191.5243,190.99,191,47439.00
2026-02-06 11:55:00-05:00,191.13,191.13,190.79,190.79,19181.00
2026-02-06 12:00:00-05:00,190.95,191.05,190.9,190.9,11256.00
2026-02-06 12:05:00-05:00,190.9,191.09,190.9,191.02,10426.00
2026-02-06 12:10:00-05:00,191.03,191.03,190.55,190.59,31067.00
2026-02-06 12:15:00-05:00,190.52,190.86,190.4,190.86,46031.00
2026-02-06 12:20:00-05:00,190.795,191.14,190.655,191.14,13885.00
2026-02-06 12:25:00-05:00,191.18,191.29,191.1,191.1,11208.00
2026-02-06 12:30:00-05:00,191.11,191.11,190.9,190.95,12909.00
2026-02-06 12:35:00-05:00,190.89,190.925,190.86,190.925,5287.00
2026-02-06 12:40:00-05:00,190.84,190.84,190.52,190.55,21230.00
2026-02-06 12:45:00-05:00,190.55,190.785,190.55,190.725,8500.00
2026-02-06 12:50:00-05:00,190.6301,190.84,190.6301,190.775,7107.00
2026-02-06 12:55:00-05:00,190.79,191.045,190.7,190.94,19771.00
2026-02-06 13:00:00-05:00,190.99,190.99,190.76,190.795,13943.00
2026-02-06 13:05:00-05:00,190.87,190.89,190.76,190.855,7755.00
2026-02-06 13:10:00-05:00,190.79,190.915,190.79,190.89,3291.00
2026-02-06 13:15:00-05:00,190.82,190.97,190.8,190.97,4828.00
2026-02-06 13:20:00-05:00,191,191.04,190.95,191,13222.00
2026-02-06 13:25:00-05:00,190.975,191.14,190.975,191.07,5866.00
2026-02-06 13:30:00-05:00,191.11,191.36,191.11,191.35,6277.00
2026-02-06 13:35:00-05:00,191.28,191.3783,191.145,191.15,9799.00
2026-02-06 13:40:00-05:00,191.15,191.15,191.08,191.11,4066.00
2026-02-06 13:45:00-05:00,191.08,191.08,190.95,190.95,4565.00
2026-02-06 13:50:00-05:00,190.95,191.02,190.92,190.94,3380.00
2026-02-06 13:55:00-05:00,191.025,191.025,190.93,190.95,6252.00
2026-02-06 14:00:00-05:00,190.995,191.04,190.93,190.99,10128.00
2026-02-06 14:05:00-05:00,190.94,191.07,190.87,191.05,22682.00
2026-02-06 14:10:00-05:00,191.05,191.055,190.97,190.97,8569.00
2026-02-06 14:15:00-05:00,190.95,191,190.905,190.99,10025.00
2026-02-06 14:20:00-05:00,190.97,191,190.93,190.93,9809.00
2026-02-06 14:25:00-05:00,190.92,190.97,190.92,190.93,5981.00
2026-02-06 14:30:00-05:00,191,191.005,190.89,190.91,13922.00
2026-02-06 14:35:00-05:00,190.88,190.92,190.81,190.865,8845.00
2026-02-06 14:40:00-05:00,190.82,190.855,190.285,190.335,35332.00
2026-02-06 14:45:00-05:00,190.4,190.67,190.335,190.635,15984.00
2026-02-06 14:50:00-05:00,190.65,190.65,190.33,190.415,16178.00
2026-02-06 14:55:00-05:00,190.33,190.375,190.29,190.3,10863.00
2026-02-06 15:00:00-05:00,190.3225,190.37,190.21,190.255,14690.00
2026-02-06 15:05:00-05:00,190.28,190.63,190.23,190.545,26464.00
2026-02-06 15:10:00-05:00,190.46,190.4775,190.32,190.4,11683.00
2026-02-06 15:15:00-05:00,190.36,190.5,190.36,190.46,22132.00
2026-02-06 15:20:00-05:00,190.465,190.7025,190.465,190.515,25583.00
2026-02-06 15:25:00-05:00,190.5,190.57,190.48,190.48,13074.00
2026-02-06 15:30:00-05:00,190.49,190.49,190.335,190.46,16925.00
2026-02-06 15:35:00-05:00,190.43,190.43,190.21,190.24,10297.00
2026-02-06 15:40:00-05:00,190.355,190.66,190.295,190.66,20434.00
2026-02-06 15:45:00-05:00,190.57,190.72,190.5,190.6,32224.00
2026-02-06 15:50:00-05:00,190.6,191,190.6,190.67,132076.00
2026-02-06 15:55:00-05:00,190.58,190.835,190.57,190.71,160875.00
2026-02-09 09:30:00-05:00,190.66,191.78,190.36,191.18,27136.00
2026-02-09 09:35:00-05:00,190.975,191.49,190.975,191.27,6720.00
2026-02-09 09:40:00-05:00,191.14,191.18,190.36,190.39,19048.00
2026-02-09 09:45:00-05:00,190.38,190.44,190.01,190.35,10638.00
2026-02-09 09:50:00-05:00,190.4,190.64,190.27,190.605,9768.00
2026-02-09 09:55:00-05:00,190.605,190.78,190.46,190.51,7445.00
2026-02-09 10:00:00-05:00,190.625,191.035,190.49,190.86,16779.00
2026-02-09 10:05:00-05:00,190.74,191.37,190.74,191.285,9531.00
2026-02-09 10:10:00-05:00,191.285,191.29,190.97,191.065,14958.00
2026-02-09 10:15:00-05:00,191.13,191.5899,191.1,191.42,11376.00
2026-02-09 10:20:00-05:00,191.495,191.645,191.41,191.63,8442.00
2026-02-09 10:25:00-05:00,191.57,191.85,191.46,191.82,11438.00
2026-02-09 10:30:00-05:00,191.82,192.54,191.75,192.54,15779.00
2026-02-09 10:35:00-05:00,192.565,192.66,192.47,192.53,28762.00
2026-02-09 10:40:00-05:00,192.53,192.58,192.34,192.525,32632.00
2026-02-09 10:45:00-05:00,192.52,192.675,192.39,192.6,18740.00
2026-02-09 10:50:00-05:00,192.7,192.8,192.56,192.79,12629.00
2026-02-09 10:55:00-05:00,192.75,193.12,192.75,192.97,18629.00
2026-02-09 11:00:00-05:00,193.085,193.095,192.84,192.93,17381.00
2026-02-09 11:05:00-05:00,192.95,193.05,192.61,192.68,14971.00
2026-02-09 11:10:00-05:00,192.705,192.9545,192.705,192.91,11744.00
2026-02-09 11:15:00-05:00,192.91,193.085,192.84,192.875,21713.00
2026-02-09 11:20:00-05:00,192.9,193.24,192.84,193.225,9595.00
2026-02-09 11:25:00-05:00,193.16,193.37,193.1,193.36,13656.00
2026-02-09 11:30:00-05:00,193.37,193.37,193.1,193.22,15554.00
2026-02-09 11:35:00-05:00,193.13,193.13,192.76,192.86,12668.00
2026-02-09 11:40:00-05:00,192.82,193.09,192.81,192.96,5181.00
2026-02-09 11:45:00-05:00,192.86,193.0289,192.81,192.91,12350.00
2026-02-09 11:50:00-05:00,192.955,193.1099,192.86,193.015,12063.00
2026-02-09 11:55:00-05:00,192.99,193.095,192.94,193.065,12524.00
2026-02-09 12:00:00-05:00,193.12,193.38,193.065,193.15,21038.00
2026-02-09 12:05:00-05:00,193.12,193.185,193.05,193.087,10973.00
2026-02-09 12:10:00-05:00,193.08,193.2,192.98,192.98,12490.00
2026-02-09 12:15:00-05:00,193.03,193.03,192.93,192.94,12055.00
2026-02-09 12:20:00-05:00,192.98,193.025,192.9,192.97,9952.00
2026-02-09 12:25:00-05:00,193.04,193.35,192.94,193.35,6945.00
2026-02-09 12:30:00-05:00,193.32,193.49,193.29,193.29,17250.00
2026-02-09 12:35:00-05:00,193.29,193.415,193.24,193.29,8728.00
2026-02-09 12:40:00-05:00,193.285,193.485,193.23,193.45,10111.00
2026-02-09 12:45:00-05:00,193.42,193.595,193.415,193.535,7794.00
2026-02-09 12:50:00-05:00,193.535,193.57,193.285,193.29,8918.00
2026-02-09 12:55:00-05:00,193.23,193.38,193.2,193.295,6518.00
2026-02-09 13:00:00-05:00,193.2,193.29,193.2,193.275,8367.00
2026-02-09 13:05:00-05:00,193.275,193.2775,193.17,193.245,14962.00
2026-02-09 13:10:00-05:00,193.18,193.19,192.9401,193.16,13978.00
2026-02-09 13:15:00-05:00,193.27,193.5,193.27,193.38,7767.00
2026-02-09 13:20:00-05:00,193.455,193.56,193.19,193.56,12531.00
2026-02-09 13:25:00-05:00,193.49,193.56,193.32,193.35,9278.00
2026-02-09 13:30:00-05:00,193.425,193.48,193.37,193.47,8382.00
2026-02-09 13:35:00-05:00,193.52,193.665,193.52,193.65,7101.00
2026-02-09 13:40:00-05:00,193.65,193.79,193.56,193.77,16885.00
2026-02-09 13:45:00-05:00,193.685,193.79,193.685,193.735,3635.00
2026-02-09 13:50:00-05:00,193.78,194.04,193.715,194,15617.00
2026-02-09 13:55:00-05:00,193.965,193.98,193.85,193.9,16957.00
2026-02-09 14:00:00-05:00,193.96,194.04,193.885,194.01,9094.00
2026-02-09 14:05:00-05:00,194.01,194.03,193.58,193.595,27780.00
2026-02-09 14:10:00-05:00,193.59,193.66,193.38,193.469,39233.00
2026-02-09 14:15:00-05:00,193.365,193.65,193.295,193.595,13452.00
2026-02-09 14:20:00-05:00,193.665,193.75,193.55,193.57,6363.00
2026-02-09 14:25:00-05:00,193.57,193.72,193.43,193.7064,12627.00
2026-02-09 14:30:00-05:00,193.715,193.79,193.57,193.675,12640.00
2026-02-09 14:35:00-05:00,193.63,193.78,193.51,193.73,20312.00
2026-02-09 14:40:00-05:00,193.73,193.83,193.73,193.75,7886.00
2026-02-09 14:45:00-05:00,193.75,193.84,193.66,193.77,10718.00
2026-02-09 14:50:00-05:00,193.76,194.02,193.76,193.96,16114.00
2026-02-09 14:55:00-05:00,193.93,193.98,193.75,193.84,11019.00
2026-02-09 15:00:00-05:00,193.88,193.93,193.75,193.819,13105.00
2026-02-09 15:05:00-05:00,193.75,193.8065,193.56,193.625,27636.00
2026-02-09 15:10:00-05:00,193.625,193.885,193.35,193.43,21435.00
2026-02-09 15:15:00-05:00,193.51,193.52,193.29,193.52,11038.00
2026-02-09 15:20:00-05:00,193.515,193.56,193.365,193.37,16478.00
2026-02-09 15:25:00-05:00,193.375,193.47,193.3,193.45,14359.00
2026-02-09 15:30:00-05:00,193.41,193.59,193.41,193.5,15484.00
2026-02-09 15:35:00-05:00,193.475,193.65,193.38,193.65,23434.00
2026-02-09 15:40:00-05:00,193.58,193.91,193.52,193.86,29869.00
2026-02-09 15:45:00-05:00,193.96,194.17,193.91,194.03,35270.00
2026-02-09 15:50:00-05:00,194.02,194.27,193.99,194.195,84743.00
2026-02-09 15:55:00-05:00,194.31,194.76,194.24,194.45,242605.00
2026-02-10 09:30:00-05:00,193.86,194.82,193.86,194,31365.00
2026-02-10 09:35:00-05:00,194.05,194.16,193.41,193.85,35505.00
2026-02-10 09:40:00-05:00,193.89,194.615,193.66,193.66,27656.00
2026-02-10 09:45:00-05:00,193.86,193.95,193.555,193.88,32621.00
2026-02-10 09:50:00-05:00,193.7,194.36,193.7,193.96,26662.00
2026-02-10 09:55:00-05:00,193.82,194.27,193.81,194.12,11731.00
2026-02-10 10:00:00-05:00,194.06,194.19,193.75,193.82,14777.00
2026-02-10 10:05:00-05:00,193.855,194.07,193.65,193.97,27936.00
2026-02-10 10:10:00-05:00,193.915,194.02,193.57,193.73,27783.00
2026-02-10 10:15:00-05:00,193.66,193.75,193.51,193.66,30140.00
2026-02-10 10:20:00-05:00,193.69,193.78,193.56,193.66,22941.00
2026-02-10 10:25:00-05:00,193.62,193.78,193.6,193.7,36166.00
2026-02-10 10:30:00-05:00,193.73,194.01,193.65,193.65,33860.00
2026-02-10 10:35:00-05:00,193.64,193.65,192.92,193.075,20557.00
2026-02-10 10:40:00-05:00,193.11,193.45,193.075,193.415,14780.00
2026-02-10 10:45:00-05:00,193.35,193.35,193.09,193.225,11710.00
2026-02-10 10:50:00-05:00,193.19,193.19,192.94,192.98,14039.00
2026-02-10 10:55:00-05:00,193,193.1,192.87,192.91,19363.00
2026-02-10 11:00:00-05:00,192.875,192.95,192.675,192.94,16406.00
2026-02-10 11:05:00-05:00,193.06,193.18,192.995,193.09,8645.00
2026-02-10 11:10:00-05:00,193.18,193.18,193,193.03,18823.00
2026-02-10 11:15:00-05:00,193.07,193.07,192.87,192.98,13909.00
2026-02-10 11:20:00-05:00,192.94,193.016,192.78,192.84,18879.00
2026-02-10 11:25:00-05:00,192.845,193.49,192.845,193.46,10280.00
2026-02-10 11:30:00-05:00,193.56,193.56,192.99,193.01,17375.00
2026-02-10 11:35:00-05:00,193.12,193.185,193.06,193.08,6406.00
2026-02-10 11:40:00-05:00,193.115,193.27,192.95,192.9875,10715.00
2026-02-10 11:45:00-05:00,193.015,193.13,192.94,193.1,10053.00
2026-02-10 11:50:00-05:00,193.1,193.1,192.88,193.03,8362.00
2026-02-10 11:55:00-05:00,192.94,193.03,192.84,192.91,9874.00
2026-02-10 12:00:00-05:00,192.87,192.9,192.47,192.485,11089.00
2026-02-10 12:05:00-05:00,192.47,192.65,192.39,192.61,9833.00
2026-02-10 12:10:00-05:00,192.65,193.07,192.53,192.99,18720.00
2026-02-10 12:15:00-05:00,192.95,193.025,192.88,192.88,5119.00
2026-02-10 12:20:00-05:00,192.85,192.93,192.61,192.635,18827.00
2026-02-10 12:25:00-05:00,192.64,192.64,192.49,192.49,5577.00
2026-02-10 12:30:00-05:00,192.45,192.62,192.45,192.61,9778.00
2026-02-10 12:35:00-05:00,192.58,192.82,192.52,192.72,10950.00
2026-02-10 12:40:00-05:00,192.75,193.2,192.75,193.135,8689.00
2026-02-10 12:45:00-05:00,193.04,193.425,193.04,193.29,18362.00
2026-02-10 12:50:00-05:00,193.24,193.27,192.97,192.97,16764.00
2026-02-10 12:55:00-05:00,192.945,192.98,192.81,192.9,24517.00
2026-02-10 13:00:00-05:00,192.92,193.09,192.85,193.07,12543.00
2026-02-10 13:05:00-05:00,193.05,193.05,192.78,192.81,7708.00
2026-02-10 13:10:00-05:00,192.785,192.94,192.785,192.9,6193.00
2026-02-10 13:15:00-05:00,192.89,192.97,192.84,192.97,7742.00
2026-02-10 13:20:00-05:00,192.98,193.1556,192.98,193.13,8990.00
2026-02-10 13:25:00-05:00,193.13,193.13,192.85,192.86,20592.00
2026-02-10 13:30:00-05:00,192.865,192.865,192.45,192.455,8774.00
2026-02-10 13:35:00-05:00,192.48,192.59,192.36,192.59,12282.00
2026-02-10 13:40:00-05:00,192.45,192.53,192.26,192.415,9769.00
2026-02-10 13:45:00-05:00,192.3,192.32,192.05,192.07,8314.00
2026-02-10 13:50:00-05:00,192.01,192.165,192.01,192.165,7082.00
2026-02-10 13:55:00-05:00,192.14,192.36,192.09,192.36,16286.00
2026-02-10 14:00:00-05:00,192.36,192.36,192.0801,192.16,29556.00
2026-02-10 14:05:00-05:00,192.08,192.325,191.94,192.325,11166.00
2026-02-10 14:10:00-05:00,192.26,192.375,192.15,192.375,9757.00
2026-02-10 14:15:00-05:00,192.33,192.54,192.33,192.5,10111.00
2026-02-10 14:20:00-05:00,192.5,192.66,192.4612,192.605,7411.00
2026-02-10 14:25:00-05:00,192.605,192.67,192.43,192.47,8427.00
2026-02-10 14:30:00-05:00,192.54,192.54,192.33,192.33,14863.00
2026-02-10 14:35:00-05:00,192.34,192.37,192.28,192.37,9100.00
2026-02-10 14:40:00-05:00,192.28,192.37,192.27,192.29,16653.00
2026-02-10 14:45:00-05:00,192.335,192.56,192.3,192.44,9140.00
2026-02-10 14:50:00-05:00,192.56,192.64,192.56,192.63,5976.00
2026-02-10 14:55:00-05:00,192.64,192.65,192.5,192.5,15247.00
2026-02-10 15:00:00-05:00,192.49,192.63,192.34,192.495,21037.00
2026-02-10 15:05:00-05:00,192.53,192.57,192.43,192.51,13764.00
2026-02-10 15:10:00-05:00,192.49,192.71,192.43,192.63,16358.00
2026-02-10 15:15:00-05:00,192.71,192.79,192.66,192.79,16595.00
2026-02-10 15:20:00-05:00,192.875,192.9799,192.56,192.56,20809.00
2026-02-10 15:25:00-05:00,192.6,192.86,192.59,192.68,18281.00
2026-02-10 15:30:00-05:00,192.64,192.67,192.41,192.41,18786.00
2026-02-10 15:35:00-05:00,192.47,192.52,192.4,192.47,21456.00
2026-02-10 15:40:00-05:00,192.455,192.54,192.37,192.435,26449.00
2026-02-10 15:45:00-05:00,192.47,192.685,192.45,192.63,30923.00
2026-02-10 15:50:00-05:00,192.64,192.64,192.2,192.41,53986.00
2026-02-10 15:55:00-05:00,192.39,192.4,192.16,192.35,154173.00
2026-02-11 09:30:00-05:00,193.65,193.65,192.35,192.99,22541.00
2026-02-11 09:35:00-05:00,192.81,193.62,192.67,193.46,16543.00
2026-02-11 09:40:00-05:00,193.46,193.6,192.72,192.72,31358.00
2026-02-11 09:45:00-05:00,192.76,193.09,192.43,192.55,25946.00
2026-02-11 09:50:00-05:00,192.43,192.65,192.14,192.26,36970.00
2026-02-11 09:55:00-05:00,192.395,192.76,192.32,192.66,22663.00
2026-02-11 10:00:00-05:00,192.72,192.755,192.32,192.47,21180.00
2026-02-11 10:05:00-05:00,192.44,192.64,192.32,192.33,9403.00
2026-02-11 10:10:00-05:00,192.25,192.34,192.1,192.17,24349.00
2026-02-11 10:15:00-05:00,192.05,192.05,191.75,191.75,12409.00
2026-02-11 10:20:00-05:00,191.75,191.835,191.57,191.64,11140.00
2026-02-11 10:25:00-05:00,191.57,192.16,191.44,191.935,32029.00
2026-02-11 10:30:00-05:00,191.905,191.95,191.64,191.75,19823.00
2026-02-11 10:35:00-05:00,191.698,191.91,191.42,191.65,22817.00
2026-02-11 10:40:00-05:00,191.72,192.06,191.54,191.79,12565.00
2026-02-11 10:45:00-05:00,191.665,191.88,191.58,191.68,18058.00
2026-02-11 10:50:00-05:00,191.75,192.03,191.7,191.7,30408.00
2026-02-11 10:55:00-05:00,191.64,191.71,191.46,191.52,16453.00
2026-02-11 11:00:00-05:00,191.58,191.85,191.51,191.7963,14656.00
2026-02-11 11:05:00-05:00,191.79,192.06,191.7,191.765,21951.00
2026-02-11 11:10:00-05:00,191.77,191.965,191.72,191.72,15151.00
2026-02-11 11:15:00-05:00,191.68,191.834,191.63,191.63,31492.00
2026-02-11 11:20:00-05:00,191.675,191.8,191.63,191.73,18978.00
2026-02-11 11:25:00-05:00,191.79,191.79,191.46,191.52,8224.00
2026-02-11 11:30:00-05:00,191.48,191.74,191.22,191.74,41324.00
2026-02-11 11:35:00-05:00,191.68,191.74,191.29,191.54,32049.00
2026-02-11 11:40:00-05:00,191.57,192,191.55,191.97,11612.00
2026-02-11 11:45:00-05:00,191.91,192.13,191.86,191.98,7147.00
2026-02-11 11:50:00-05:00,191.94,191.985,191.79,191.89,8475.00
2026-02-11 11:55:00-05:00,191.79,191.85,191.77,191.85,1898.00
2026-02-11 12:00:00-05:00,191.85,191.9,191.73,191.9,13822.00
2026-02-11 12:05:00-05:00,191.895,192.4201,191.815,192.4201,41070.00
2026-02-11 12:10:00-05:00,192.42,192.62,192.02,192.02,25533.00
2026-02-11 12:15:00-05:00,192.03,192.03,191.95,192.0199,6124.00
2026-02-11 12:20:00-05:00,192,192.3,191.97,192.3,11808.00
2026-02-11 12:25:00-05:00,192.25,192.31,192.18,192.31,4974.00
2026-02-11 12:30:00-05:00,192.37,192.37,192.04,192.04,6033.00
2026-02-11 12:35:00-05:00,192.065,192.11,191.99,192.03,4500.00
2026-02-11 12:40:00-05:00,192.05,192.05,191.93,192.01,4217.00
2026-02-11 12:45:00-05:00,192.02,192.02,191.89,191.995,2807.00
2026-02-11 12:50:00-05:00,191.95,192.04,191.815,191.905,9204.00
2026-02-11 12:55:00-05:00,191.905,191.97,191.86,191.96,6354.00
2026-02-11 13:00:00-05:00,192.01,192.02,191.84,192.015,8336.00
2026-02-11 13:05:00-05:00,192,192,191.85,191.89,5441.00
2026-02-11 13:10:00-05:00,191.88,191.88,191.72,191.785,4917.00
2026-02-11 13:15:00-05:00,191.795,192.09,191.7,192.015,21287.00
2026-02-11 13:20:00-05:00,191.96,192.1,191.92,192.045,11382.00
2026-02-11 13:25:00-05:00,192.04,192.1,191.86,191.9,20866.00
2026-02-11 13:30:00-05:00,191.99,192.12,191.88,191.88,11720.00
2026-02-11 13:35:00-05:00,191.96,192.14,191.93,192.04,23824.00
2026-02-11 13:40:00-05:00,192,192.18,191.9417,191.97,47208.00
2026-02-11 13:45:00-05:00,192.035,192.515,192.035,192.38,24250.00
2026-02-11 13:50:00-05:00,192.4,192.515,192.225,192.3,51686.00
2026-02-11 13:55:00-05:00,192.3,192.4,192.025,192.16,25545.00
2026-02-11 14:00:00-05:00,192.16,192.74,192.16,192.63,18252.00
2026-02-11 14:05:00-05:00,192.77,193.03,192.61,192.695,25257.00
2026-02-11 14:10:00-05:00,192.695,192.79,192.57,192.765,9735.00
2026-02-11 14:15:00-05:00,192.82,192.87,192.67,192.67,12574.00
2026-02-11 14:20:00-05:00,192.76,192.92,192.65,192.74,15825.00
2026-02-11 14:25:00-05:00,192.7,192.755,192.63,192.74,7778.00
2026-02-11 14:30:00-05:00,192.69,192.84,192.67,192.84,18586.00
2026-02-11 14:35:00-05:00,192.845,192.92,192.79,192.915,11018.00
2026-02-11 14:40:00-05:00,192.915,192.95,192.84,192.85,9814.00
2026-02-11 14:45:00-05:00,192.84,193,192.777,192.8,18144.00
2026-02-11 14:50:00-05:00,192.85,192.85,192.68,192.7,9943.00
2026-02-11 14:55:00-05:00,192.64,192.69,192.56,192.6368,15573.00
2026-02-11 15:00:00-05:00,192.61,192.61,192.51,192.52,11067.00
2026-02-11 15:05:00-05:00,192.57,192.58,192.29,192.415,14887.00
2026-02-11 15:10:00-05:00,192.42,192.42,192.26,192.35,21292.00
2026-02-11 15:15:00-05:00,192.45,192.78,192.36,192.78,11680.00
2026-02-11 15:20:00-05:00,192.85,192.895,192.62,192.6775,14341.00
2026-02-11 15:25:00-05:00,192.61,192.715,192.57,192.585,11037.00
2026-02-11 15:30:00-05:00,192.6,192.61,192.45,192.5,21153.00
2026-02-11 15:35:00-05:00,192.5,192.6,192.46,192.515,20243.00
2026-02-11 15:40:00-05:00,192.57,192.68,192.47,192.61,48379.00
2026-02-11 15:45:00-05:00,192.62,192.77,192.62,192.715,24827.00
2026-02-11 15:50:00-05:00,192.73,192.81,192.53,192.76,67675.00
2026-02-11 15:55:00-05:00,192.76,193.06,192.53,192.56,301381.00
2026-02-12 09:30:00-05:00,194.54,194.88,193.86,194.435,32570.00
2026-02-12 09:35:00-05:00,194.435,195,193.66,194.73,35583.00
2026-02-12 09:40:00-05:00,194.7247,194.8,194.04,194.36,10824.00
2026-02-12 09:45:00-05:00,194.66,195.05,194.42,194.84,8692.00
2026-02-12 09:50:00-05:00,194.845,195.05,194.54,195.005,44146.00
2026-02-12 09:55:00-05:00,195,195.91,194.95,195.89,36440.00
2026-02-12 10:00:00-05:00,195.825,196.485,195.68,196.46,21804.00
2026-02-12 10:05:00-05:00,196.32,196.66,196.17,196.635,20903.00
2026-02-12 10:10:00-05:00,196.68,196.84,196.335,196.61,15415.00
2026-02-12 10:15:00-05:00,196.575,197.04,196.575,197.04,11876.00
2026-02-12 10:20:00-05:00,197.03,197.18,196.74,196.74,18145.00
2026-02-12 10:25:00-05:00,196.69,196.92,196.51,196.55,10104.00
2026-02-12 10:30:00-05:00,196.61,196.765,196.29,196.3825,9474.00
2026-02-12 10:35:00-05:00,196.415,196.64,196.295,196.56,9938.00
2026-02-12 10:40:00-05:00,196.565,196.69,196.45,196.48,10833.00
2026-02-12 10:45:00-05:00,196.44,196.565,196.31,196.52,14937.00
2026-02-12 10:50:00-05:00,196.505,197.05,196.505,196.7875,10231.00
2026-02-12 10:55:00-05:00,196.66,196.96,196.65,196.93,18473.00
2026-02-12 11:00:00-05:00,196.97,197.15,196.54,196.55,10239.00
2026-02-12 11:05:00-05:00,196.65,196.855,196.31,196.62,12366.00
2026-02-12 11:10:00-05:00,196.49,196.535,196.105,196.105,11568.00
2026-02-12 11:15:00-05:00,196.0501,196.31,195.91,195.93,12621.00
2026-02-12 11:20:00-05:00,196.1,196.28,195.78,196.07,18642.00
2026-02-12 11:25:00-05:00,195.95,195.985,195.29,195.31,23527.00
2026-02-12 11:30:00-05:00,195.43,195.66,195.26,195.52,18018.00
2026-02-12 11:35:00-05:00,195.515,195.76,195.36,195.76,12206.00
2026-02-12 11:40:00-05:00,195.75,195.89,195.64,195.64,9174.00
2026-02-12 11:45:00-05:00,195.6037,195.6037,195.165,195.165,7948.00
2026-02-12 11:50:00-05:00,195.25,195.27,194.77,194.85,21592.00
2026-02-12 11:55:00-05:00,194.87,194.985,194.81,194.82,14703.00
2026-02-12 12:00:00-05:00,194.86,195.19,194.71,195.19,19346.00
2026-02-12 12:05:00-05:00,195.26,195.3,195.05,195.23,15953.00
2026-02-12 12:10:00-05:00,195.16,195.225,195.16,195.225,3510.00
2026-02-12 12:15:00-05:00,195.39,195.49,195.255,195.49,14359.00
2026-02-12 12:20:00-05:00,195.48,195.965,195.47,195.9,23332.00
2026-02-12 12:25:00-05:00,195.83,195.83,195.255,195.255,18431.00
2026-02-12 12:30:00-05:00,195.16,195.22,194.9339,195.22,10335.00
2026-02-12 12:35:00-05:00,195.2,195.535,195.16,195.265,12631.00
2026-02-12 12:40:00-05:00,195.05,195.29,195.05,195.18,6380.00
2026-02-12 12:45:00-05:00,195.275,195.36,195.02,195.2599,8021.00
2026-02-12 12:50:00-05:00,195.155,195.43,195.1525,195.23,6784.00
2026-02-12 12:55:00-05:00,195.285,195.295,195,195.295,9710.00
2026-02-12 13:00:00-05:00,195.295,195.6,195.09,195.58,30007.00
2026-02-12 13:05:00-05:00,195.65,195.7,195.33,195.61,14658.00
2026-02-12 13:10:00-05:00,195.53,195.69,195.43,195.56,15083.00
2026-02-12 13:15:00-05:00,195.685,195.79,195.34,195.61,11950.00
2026-02-12 13:20:00-05:00,195.62,195.625,195.13,195.265,28291.00
2026-02-12 13:25:00-05:00,195.235,195.51,194.76,195.08,38535.00
2026-02-12 13:30:00-05:00,195.21,195.45,195.12,195.395,8699.00
2026-02-12 13:35:00-05:00,195.42,195.595,195.4,195.595,9531.00
2026-02-12 13:40:00-05:00,195.59,195.735,195.59,195.59,11705.00
2026-02-12 13:45:00-05:00,195.68,195.77,195.385,195.385,19174.00
2026-02-12 13:50:00-05:00,195.39,195.56,195.3,195.42,8875.00
2026-02-12 13:55:00-05:00,195.49,195.63,195.12,195.43,20237.00
2026-02-12 14:00:00-05:00,195.51,195.61,195.34,195.34,10127.00
2026-02-12 14:05:00-05:00,195.26,195.314,195.1101,195.1837,6220.00
2026-02-12 14:10:00-05:00,195.195,195.375,195.14,195.35,12742.00
2026-02-12 14:15:00-05:00,195.295,195.48,195.295,195.46,11735.00
2026-02-12 14:20:00-05:00,195.505,195.62,195.38,195.38,14189.00
2026-02-12 14:25:00-05:00,195.31,195.5099,195.23,195.46,16408.00
2026-02-12 14:30:00-05:00,195.48,195.68,195.44,195.68,9318.00
2026-02-12 14:35:00-05:00,195.96,196.18,195.93,196.18,10531.00
2026-02-12 14:40:00-05:00,196.16,196.245,196,196.14,13603.00
2026-02-12 14:45:00-05:00,196.01,196.125,195.93,196.0361,13106.00
2026-02-12 14:50:00-05:00,196.08,196.16,195.86,195.92,16481.00
2026-02-12 14:55:00-05:00,195.92,196.34,195.92,196.125,31508.00
2026-02-12 15:00:00-05:00,196.15,196.35,196.08,196.24,14255.00
2026-02-12 15:05:00-05:00,196.27,196.28,196.08,196.21,8622.00
2026-02-12 15:10:00-05:00,196.2,196.2,195.9,195.9,13628.00
2026-02-12 15:15:00-05:00,195.945,195.945,195.77,195.77,10433.00
2026-02-12 15:20:00-05:00,195.76,195.835,195.66,195.69,22091.00
2026-02-12 15:25:00-05:00,195.69,195.87,195.56,195.61,17876.00
2026-02-12 15:30:00-05:00,195.55,195.62,195.28,195.33,20341.00
2026-02-12 15:35:00-05:00,195.38,195.38,195.16,195.23,35715.00
2026-02-12 15:40:00-05:00,195.26,195.28,195.1501,195.28,17676.00
2026-02-12 15:45:00-05:00,195.215,195.215,194.85,194.965,23311.00
2026-02-12 15:50:00-05:00,195.03,195.03,194.61,194.75,75450.00
2026-02-12 15:55:00-05:00,194.84,194.9,194.73,194.8,146981.00
2026-02-13 09:30:00-05:00,194.53,195.331,193.63,194.35,37902.00
2026-02-13 09:35:00-05:00,194.56,194.68,193.6,194.49,13401.00
2026-02-13 09:40:00-05:00,194.39,194.71,193.72,194.11,12250.00
2026-02-13 09:45:00-05:00,194.25,194.25,193.41,193.55,16627.00
2026-02-13 09:50:00-05:00,193.7,194.19,193.32,194.11,22991.00
2026-02-13 09:55:00-05:00,194.235,194.235,193.4546,193.56,18730.00
2026-02-13 10:00:00-05:00,193.58,193.89,193.44,193.89,18154.00
2026-02-13 10:05:00-05:00,193.97,194.32,193.66,194.32,28241.00
2026-02-13 10:10:00-05:00,194.45,194.59,194.12,194.12,8301.00
2026-02-13 10:15:00-05:00,194.22,194.375,193.835,193.96,6721.00
2026-02-13 10:20:00-05:00,194.14,194.4,193.995,194.21,6566.00
2026-02-13 10:25:00-05:00,194.09,194.77,194.09,194.73,5377.00
2026-02-13 10:30:00-05:00,194.74,194.89,194.585,194.62,10946.00
2026-02-13 10:35:00-05:00,194.81,195.11,194.79,194.965,9031.00
2026-02-13 10:40:00-05:00,194.965,194.97,194.7,194.7,4737.00
2026-02-13 10:45:00-05:00,194.775,195.22,194.775,195.1351,9499.00
2026-02-13 10:50:00-05:00,195.45,195.455,195.33,195.455,6229.00
2026-02-13 10:55:00-05:00,195.455,195.58,195.4285,195.51,4020.00
2026-02-13 11:00:00-05:00,195.58,195.88,195.52,195.81,15157.00
2026-02-13 11:05:00-05:00,195.8561,196.12,195.8561,196.05,7301.00
2026-02-13 11:10:00-05:00,196.075,196.085,195.69,196,21555.00
2026-02-13 11:15:00-05:00,195.96,196.45,195.94,196.32,9642.00
2026-02-13 11:20:00-05:00,196.33,196.33,196.095,196.095,6124.00
2026-02-13 11:25:00-05:00,196.095,196.43,195.9801,196.42,6108.00
2026-02-13 11:30:00-05:00,196.3,196.625,196.3,196.625,7037.00
2026-02-13 11:35:00-05:00,196.63,196.63,196.29,196.29,4937.00
2026-02-13 11:40:00-05:00,196.49,196.81,196.49,196.81,8800.00
2026-02-13 11:45:00-05:00,196.79,196.93,196.72,196.86,12140.00
2026-02-13 11:50:00-05:00,196.87,196.99,196.71,196.86,20376.00
2026-02-13 11:55:00-05:00,196.805,197.04,196.56,196.57,19811.00
2026-02-13 12:00:00-05:00,196.58,196.95,196.55,196.88,9308.00
2026-02-13 12:05:00-05:00,196.89,196.98,196.67,196.74,7591.00
2026-02-13 12:10:00-05:00,196.67,196.78,196.59,196.78,9157.00
2026-02-13 12:15:00-05:00,196.76,196.84,196.67,196.7,3782.00
2026-02-13 12:20:00-05:00,196.66,196.98,196.66,196.98,4389.00
2026-02-13 12:25:00-05:00,196.79,196.93,196.74,196.74,6509.00
2026-02-13 12:30:00-05:00,196.81,197.1,196.81,197.005,4501.00
2026-02-13 12:35:00-05:00,196.995,197.005,196.8401,196.93,6945.00
2026-02-13 12:40:00-05:00,196.925,197.015,196.84,197.015,9889.00
2026-02-13 12:45:00-05:00,197,197.12,196.95,196.98,8526.00
2026-02-13 12:50:00-05:00,196.9,196.925,196.8,196.8,6344.00
2026-02-13 12:55:00-05:00,196.85,196.85,196.49,196.72,11580.00
2026-02-13 13:00:00-05:00,196.79,196.835,196.65,196.835,5721.00
2026-02-13 13:05:00-05:00,196.75,196.92,196.72,196.88,6307.00
2026-02-13 13:10:00-05:00,196.88,196.93,196.765,196.865,19042.00
2026-02-13 13:15:00-05:00,196.87,197.02,196.87,196.87,5987.00
2026-02-13 13:20:00-05:00,196.9096,196.99,196.9096,196.95,2221.00
2026-02-13 13:25:00-05:00,196.95,196.95,196.72,196.82,11051.00
2026-02-13 13:30:00-05:00,196.83,196.9799,196.79,196.9799,2191.00
2026-02-13 13:35:00-05:00,196.97,196.98,196.79,196.82,4998.00
2026-02-13 13:40:00-05:00,196.82,196.92,196.63,196.76,8730.00
2026-02-13 13:45:00-05:00,196.765,197.01,196.765,196.84,8247.00
2026-02-13 13:50:00-05:00,196.91,196.99,196.845,196.99,4192.00
2026-02-13 13:55:00-05:00,196.96,196.96,196.73,196.73,6385.00
2026-02-13 14:00:00-05:00,196.65,196.97,196.63,196.97,5863.00
2026-02-13 14:05:00-05:00,197.03,197.0949,197.025,197.045,5519.00
2026-02-13 14:10:00-05:00,197.05,197.11,196.9775,197.06,5803.00
2026-02-13 14:15:00-05:00,197.125,197.24,197.01,197.21,4502.00
2026-02-13 14:20:00-05:00,197.13,197.19,197.01,197.035,6809.00
2026-02-13 14:25:00-05:00,197.0001,197.035,196.68,196.79,10783.00
2026-02-13 14:30:00-05:00,196.84,196.9885,196.76,196.91,11487.00
2026-02-13 14:35:00-05:00,196.91,196.94,196.815,196.815,6697.00
2026-02-13 14:40:00-05:00,196.855,196.855,196.59,196.64,4622.00
2026-02-13 14:45:00-05:00,196.67,196.68,196.65,196.665,4221.00
2026-02-13 14:50:00-05:00,196.65,196.65,196.3801,196.465,5081.00
2026-02-13 14:55:00-05:00,196.45,196.49,196.1501,196.28,9319.00
2026-02-13 15:00:00-05:00,196.32,196.62,196.26,196.62,4464.00
2026-02-13 15:05:00-05:00,196.71,196.71,196.62,196.65,6740.00
2026-02-13 15:10:00-05:00,196.65,196.65,196.52,196.58,8815.00
2026-02-13 15:15:00-05:00,196.53,196.545,196.4,196.435,8328.00
2026-02-13 15:20:00-05:00,196.4,196.41,196.07,196.07,8864.00
2026-02-13 15:25:00-05:00,196.01,196.05,195.9371,196.0199,11957.00
2026-02-13 15:30:00-05:00,195.99,196.05,195.71,195.71,16328.00
2026-02-13 15:35:00-05:00,195.79,195.81,195.64,195.715,12596.00
2026-02-13 15:40:00-05:00,195.73,195.74,195.62,195.655,16788.00
2026-02-13 15:45:00-05:00,195.655,195.99,195.655,195.99,21758.00
2026-02-13 15:50:00-05:00,195.94,196.37,195.78,196.37,50277.00
2026-02-13 15:55:00-05:00,196.44,196.57,196.181,196.52,161619.00
2026-02-17 09:30:00-05:00,198.13,198.9799,197.85,198.15,39318.00
2026-02-17 09:35:00-05:00,198.215,198.215,196.78,197.27,16017.00
2026-02-17 09:40:00-05:00,197.312,198,197.06,197.18,20117.00
2026-02-17 09:45:00-05:00,197.385,198.15,197.34,197.35,30230.00
2026-02-17 09:50:00-05:00,197.45,197.636,196.67,196.795,9060.00
2026-02-17 09:55:00-05:00,196.795,196.795,196.61,196.61,11237.00
2026-02-17 10:00:00-05:00,196.5,196.72,196.17,196.21,25884.00
2026-02-17 10:05:00-05:00,196.245,196.49,195.765,195.96,27403.00
2026-02-17 10:10:00-05:00,195.85,196.1,195.74,195.955,13651.00
2026-02-17 10:15:00-05:00,195.935,196.15,195.35,196.04,40283.00
2026-02-17 10:20:00-05:00,196.045,196.34,195.68,196.27,32300.00
2026-02-17 10:25:00-05:00,196.27,196.28,195.57,196.01,14443.00
2026-02-17 10:30:00-05:00,195.935,195.99,195.6825,195.685,14159.00
2026-02-17 10:35:00-05:00,195.685,195.75,195.35,195.39,14008.00
2026-02-17 10:40:00-05:00,195.37,195.55,195.19,195.2475,20573.00
2026-02-17 10:45:00-05:00,195.245,195.48,195.245,195.41,16132.00
2026-02-17 10:50:00-05:00,195.405,195.7,195.21,195.57,36591.00
2026-02-17 10:55:00-05:00,195.475,195.62,195.4,195.505,11554.00
2026-02-17 11:00:00-05:00,195.59,196.24,195.59,196.005,17239.00
2026-02-17 11:05:00-05:00,196.01,196.27,196.01,196.18,11649.00
2026-02-17 11:10:00-05:00,196.225,196.4,195.72,196.4,61896.00
2026-02-17 11:15:00-05:00,196.4,196.88,196.4,196.62,11107.00
2026-02-17 11:20:00-05:00,196.74,196.86,196.67,196.78,8592.00
2026-02-17 11:25:00-05:00,196.87,196.87,196.18,196.18,10650.00
2026-02-17 11:30:00-05:00,196.17,196.17,195.85,195.985,15915.00
2026-02-17 11:35:00-05:00,196.08,196.535,196.01,196.41,20444.00
2026-02-17 11:40:00-05:00,196.41,196.545,196.24,196.3025,6383.00
2026-02-17 11:45:00-05:00,196.35,196.4195,196.2,196.325,11626.00
2026-02-17 11:50:00-05:00,196.33,196.445,196.3,196.435,8299.00
2026-02-17 11:55:00-05:00,196.44,196.56,196.32,196.45,9289.00
2026-02-17 12:00:00-05:00,196.45,196.465,196.295,196.295,9091.00
2026-02-17 12:05:00-05:00,196.3899,196.3899,196.2301,196.315,16404.00
2026-02-17 12:10:00-05:00,196.315,196.45,196.26,196.365,27053.00
2026-02-17 12:15:00-05:00,196.35,196.555,196.28,196.555,14420.00
2026-02-17 12:20:00-05:00,196.56,196.64,196.37,196.38,8898.00
2026-02-17 12:25:00-05:00,196.46,196.49,196.36,196.49,4433.00
2026-02-17 12:30:00-05:00,196.5,196.52,196.385,196.49,7954.00
2026-02-17 12:35:00-05:00,196.5575,196.56,196.305,196.315,12808.00
2026-02-17 12:40:00-05:00,196.32,196.63,196.1,196.45,73641.00
2026-02-17 12:45:00-05:00,196.34,196.6,196.31,196.32,32894.00
2026-02-17 12:50:00-05:00,196.23,196.35,195.925,195.935,14942.00
2026-02-17 12:55:00-05:00,195.88,196.5075,195.81,196.44,13712.00
2026-02-17 13:00:00-05:00,196.485,196.5,196.23,196.41,13746.00
2026-02-17 13:05:00-05:00,196.41,196.58,196.33,196.475,12254.00
2026-02-17 13:10:00-05:00,196.475,196.53,196.32,196.39,14538.00
2026-02-17 13:15:00-05:00,196.39,196.39,196.345,196.35,4085.00
2026-02-17 13:20:00-05:00,196.36,197.135,196.36,196.9,22349.00
2026-02-17 13:25:00-05:00,196.93,197.375,196.93,197.275,11509.00
2026-02-17 13:30:00-05:00,197.36,197.57,197.185,197.49,16228.00
2026-02-17 13:35:00-05:00,197.53,197.8099,197.53,197.7,19918.00
2026-02-17 13:40:00-05:00,197.7,197.8,197.7,197.705,4764.00
2026-02-17 13:45:00-05:00,197.78,197.895,197.63,197.87,20473.00
2026-02-17 13:50:00-05:00,197.865,197.865,197.53,197.605,13456.00
2026-02-17 13:55:00-05:00,197.54,197.54,197.23,197.23,8095.00
2026-02-17 14:00:00-05:00,197.11,197.42,197.0684,197.395,25971.00
2026-02-17 14:05:00-05:00,197.3875,197.395,196.82,196.92,7705.00
2026-02-17 14:10:00-05:00,196.86,197.28,196.86,197.07,41077.00
2026-02-17 14:15:00-05:00,197.085,197.1099,196.93,196.98,8482.00
2026-02-17 14:20:00-05:00,196.95,197.345,196.77,197.325,19452.00
2026-02-17 14:25:00-05:00,197.325,197.4,197.1,197.22,12285.00
2026-02-17 14:30:00-05:00,197.185,197.29,197.16,197.22,23392.00
2026-02-17 14:35:00-05:00,197.22,197.22,196.9,196.965,10371.00
2026-02-17 14:40:00-05:00,196.965,197.275,196.965,197.26,12945.00
2026-02-17 14:45:00-05:00,197.255,197.5,197.255,197.455,7880.00
2026-02-17 14:50:00-05:00,197.455,197.455,197.25,197.3,14080.00
2026-02-17 14:55:00-05:00,197.3,197.36,197.1769,197.185,12822.00
2026-02-17 15:00:00-05:00,197.175,197.59,197.175,197.57,23019.00
2026-02-17 15:05:00-05:00,197.58,197.58,197.495,197.55,12734.00
2026-02-17 15:10:00-05:00,197.55,197.885,197.525,197.85,21875.00
2026-02-17 15:15:00-05:00,197.85,197.95,197.74,197.83,23155.00
2026-02-17 15:20:00-05:00,197.81,198.0142,197.73,197.73,16673.00
2026-02-17 15:25:00-05:00,197.78,197.885,197.59,197.885,32267.00
2026-02-17 15:30:00-05:00,197.85,197.86,197.575,197.605,20171.00
2026-02-17 15:35:00-05:00,197.55,197.55,197.15,197.255,78755.00
2026-02-17 15:40:00-05:00,197.2,197.44,197.11,197.43,45429.00
2026-02-17 15:45:00-05:00,197.445,197.51,197.32,197.5,39120.00
2026-02-17 15:50:00-05:00,197.5,197.67,197.44,197.51,86543.00
2026-02-17 15:55:00-05:00,197.53,198.32,197.525,198.215,312905.00
2026-02-18 09:30:00-05:00,197.69,198.42,197.535,197.76,37846.00
2026-02-18 09:35:00-05:00,197.76,198.054,197.525,198.03,8131.00
2026-02-18 09:40:00-05:00,197.75,198.57,197.75,198.42,24461.00
2026-02-18 09:45:00-05:00,198.415,198.59,197.57,197.71,95243.00
2026-02-18 09:50:00-05:00,197.64,197.81,197.16,197.615,35351.00
2026-02-18 09:55:00-05:00,197.615,197.89,197.39,197.78,19730.00
2026-02-18 10:00:00-05:00,197.77,198.11,197.56,198.04,46766.00
2026-02-18 10:05:00-05:00,197.91,198.07,197.64,197.81,49228.00
2026-02-18 10:10:00-05:00,197.82,198.165,197.64,197.64,21782.00
2026-02-18 10:15:00-05:00,197.64,198.25,197.64,197.915,16193.00
2026-02-18 10:20:00-05:00,197.875,197.94,197.76,197.77,8928.00
2026-02-18 10:25:00-05:00,197.805,197.86,197.52,197.86,11855.00
2026-02-18 10:30:00-05:00,198,198.15,197.93,198.13,18402.00
2026-02-18 10:35:00-05:00,198.13,198.13,197.89,197.9,17117.00
2026-02-18 10:40:00-05:00,197.9,197.9,197.765,197.795,3759.00
2026-02-18 10:45:00-05:00,197.785,198.16,197.785,198.16,15433.00
2026-02-18 10:50:00-05:00,198.16,198.41,198.1,198.38,10735.00
2026-02-18 10:55:00-05:00,198.39,198.54,198.29,198.45,10566.00
2026-02-18 11:00:00-05:00,198.58,198.72,198.535,198.65,15421.00
2026-02-18 11:05:00-05:00,198.66,198.845,198.57,198.65,20191.00
2026-02-18 11:10:00-05:00,198.48,198.81,198.47,198.74,20647.00
2026-02-18 11:15:00-05:00,198.735,198.91,198.66,198.91,18153.00
2026-02-18 11:20:00-05:00,198.81,199.08,198.81,198.96,30161.00
2026-02-18 11:25:00-05:00,198.9601,199.16,198.87,199.04,23525.00
2026-02-18 11:30:00-05:00,199.04,199.21,199.04,199.14,16412.00
2026-02-18 11:35:00-05:00,199.11,199.14,198.985,199.06,22434.00
2026-02-18 11:40:00-05:00,199.065,199.305,199.065,199.14,13286.00
2026-02-18 11:45:00-05:00,199.1,199.1,198.859,198.975,14854.00
2026-02-18 11:50:00-05:00,198.975,199.01,198.79,198.845,33895.00
2026-02-18 11:55:00-05:00,198.845,199.03,198.8,198.895,17176.00
2026-02-18 12:00:00-05:00,198.89,199.02,198.76,198.925,36399.00
2026-02-18 12:05:00-05:00,198.925,199.11,198.905,199,12872.00
2026-02-18 12:10:00-05:00,198.97,199.01,198.885,198.93,17739.00
2026-02-18 12:15:00-05:00,198.93,199.195,198.86,199.19,15327.00
2026-02-18 12:20:00-05:00,199.16,199.205,199,199,6775.00
2026-02-18 12:25:00-05:00,198.97,199.155,198.97,199.06,7156.00
2026-02-18 12:30:00-05:00,199.045,199.05,198.98,199.02,7088.00
2026-02-18 12:35:00-05:00,199.04,199.39,198.96,199.31,22187.00
2026-02-18 12:40:00-05:00,199.29,199.56,199.26,199.465,9818.00
2026-02-18 12:45:00-05:00,199.465,199.68,199.43,199.55,6857.00
2026-02-18 12:50:00-05:00,199.65,199.72,199.57,199.72,5809.00
2026-02-18 12:55:00-05:00,199.65,199.72,199.58,199.64,10008.00
2026-02-18 13:00:00-05:00,199.66,199.73,199.38,199.39,9569.00
2026-02-18 13:05:00-05:00,199.4,199.54,199.3101,199.4,9740.00
2026-02-18 13:10:00-05:00,199.41,199.52,199.37,199.435,4434.00
2026-02-18 13:15:00-05:00,199.425,199.72,199.415,199.68,8889.00
2026-02-18 13:20:00-05:00,199.7,199.755,199.57,199.57,8791.00
2026-02-18 13:25:00-05:00,199.52,199.52,199.35,199.35,2945.00
2026-02-18 13:30:00-05:00,199.49,199.49,199.37,199.38,3623.00
2026-02-18 13:35:00-05:00,199.44,199.52,199.41,199.44,6620.00
2026-02-18 13:40:00-05:00,199.45,199.49,199.29,199.415,8557.00
2026-02-18 13:45:00-05:00,199.435,199.515,199.41,199.41,5616.00
2026-02-18 13:50:00-05:00,199.41,199.41,199.09,199.18,9783.00
2026-02-18 13:55:00-05:00,199.22,199.47,199.18,199.42,18991.00
2026-02-18 14:00:00-05:00,199.4201,199.63,199.35,199.52,8229.00
2026-02-18 14:05:00-05:00,199.535,199.545,199.095,199.095,13644.00
2026-02-18 14:10:00-05:00,199.095,199.23,198.97,198.985,9002.00
2026-02-18 14:15:00-05:00,198.985,199.07,198.98,199.03,6054.00
2026-02-18 14:20:00-05:00,199.01,199.23,199.01,199.16,11507.00
2026-02-18 14:25:00-05:00,199.2,199.309,199.19,199.26,10902.00
2026-02-18 14:30:00-05:00,199.31,199.385,199.25,199.3,11018.00
2026-02-18 14:35:00-05:00,199.27,199.27,199.09,199.2,22647.00
2026-02-18 14:40:00-05:00,199.16,199.16,199.05,199.08,4203.00
2026-02-18 14:45:00-05:00,199.07,199.13,199,199.01,7528.00
2026-02-18 14:50:00-05:00,199.08,199.1175,198.96,198.98,14038.00
2026-02-18 14:55:00-05:00,198.975,199.29,198.9,199.2604,20643.00
2026-02-18 15:00:00-05:00,199.23,199.3325,199.23,199.235,15784.00
2026-02-18 15:05:00-05:00,199.21,199.33,199.21,199.3,4480.00
2026-02-18 15:10:00-05:00,199.3,199.44,199.29,199.29,13391.00
2026-02-18 15:15:00-05:00,199.3599,199.5,199.315,199.49,6398.00
2026-02-18 15:20:00-05:00,199.47,199.5,199.42,199.42,9691.00
2026-02-18 15:25:00-05:00,199.42,199.53,199.34,199.44,15796.00
2026-02-18 15:30:00-05:00,199.43,199.82,199.43,199.82,34541.00
2026-02-18 15:35:00-05:00,199.815,199.9508,199.76,199.895,24533.00
2026-02-18 15:40:00-05:00,199.895,199.95,199.73,199.79,34547.00
2026-02-18 15:45:00-05:00,199.78,200.13,199.74,200.105,43280.00
2026-02-18 15:50:00-05:00,200.12,200.36,200.085,200.36,80001.00
2026-02-18 15:55:00-05:00,200.45,200.6,200.25,200.38,255280.00
2026-02-19 09:30:00-05:00,199.43,200,199.295,199.785,32128.00
2026-02-19 09:35:00-05:00,199.785,199.785,198.93,199.29,26776.00
2026-02-19 09:40:00-05:00,199.41,199.849,198.69,199.76,23299.00
2026-02-19 09:45:00-05:00,199.82,199.97,199.25,199.25,15742.00
2026-02-19 09:50:00-05:00,199.41,199.535,198.8502,199.19,14848.00
2026-02-19 09:55:00-05:00,199.23,199.49,199.005,199.42,28288.00
2026-02-19 10:00:00-05:00,199.27,199.47,199.1101,199.295,14047.00
2026-02-19 10:05:00-05:00,199.385,199.385,198.615,198.615,45120.00
2026-02-19 10:10:00-05:00,198.79,198.93,198.38,198.46,19329.00
2026-02-19 10:15:00-05:00,198.51,198.81,198.465,198.76,26870.00
2026-02-19 10:20:00-05:00,198.79,198.965,198.63,198.965,16277.00
2026-02-19 10:25:00-05:00,199.07,199.08,198.84,198.89,9173.00
2026-02-19 10:30:00-05:00,198.885,199.64,198.885,199.64,9006.00
2026-02-19 10:35:00-05:00,199.58,199.78,199.58,199.77,4447.00
2026-02-19 10:40:00-05:00,199.44,199.74,199.44,199.68,10763.00
2026-02-19 10:45:00-05:00,199.67,199.77,199.41,199.41,9569.00
2026-02-19 10:50:00-05:00,199.335,199.65,199.335,199.405,8244.00
2026-02-19 10:55:00-05:00,199.395,199.5,199.33,199.41,7547.00
2026-02-19 11:00:00-05:00,199.34,199.415,199.095,199.095,9832.00
2026-02-19 11:05:00-05:00,199.1,199.26,199.01,199.25,7590.00
2026-02-19 11:10:00-05:00,199.27,199.27,199.115,199.25,5889.00
2026-02-19 11:15:00-05:00,199.31,199.72,199.31,199.69,7713.00
2026-02-19 11:20:00-05:00,199.705,199.71,199.56,199.65,7890.00
2026-02-19 11:25:00-05:00,199.645,199.645,199.17,199.17,8182.00
2026-02-19 11:30:00-05:00,199.11,199.46,199.11,199.46,4511.00
2026-02-19 11:35:00-05:00,199.37,199.455,199.305,199.455,6166.00
2026-02-19 11:40:00-05:00,199.445,199.445,199.315,199.315,9829.00
2026-02-19 11:45:00-05:00,199.33,199.33,199.1,199.15,6230.00
2026-02-19 11:50:00-05:00,199.11,199.215,199.02,199.215,7939.00
2026-02-19 11:55:00-05:00,199.28,199.34,199.12,199.34,9785.00
2026-02-19 12:00:00-05:00,199.21,199.215,199,199.025,6771.00
2026-02-19 12:05:00-05:00,198.985,199.12,198.91,199.045,13414.00
2026-02-19 12:10:00-05:00,199.08,199.27,199.08,199.27,5105.00
2026-02-19 12:15:00-05:00,199.295,199.305,199.19,199.3,5491.00
2026-02-19 12:20:00-05:00,199.295,199.585,199.295,199.535,10353.00
2026-02-19 12:25:00-05:00,199.535,199.6154,199.52,199.52,2440.00
2026-02-19 12:30:00-05:00,199.64,199.92,199.64,199.92,6500.00
2026-02-19 12:35:00-05:00,199.95,199.95,199.64,199.715,6559.00
2026-02-19 12:40:00-05:00,199.71,199.91,199.71,199.785,4508.00
2026-02-19 12:45:00-05:00,199.78,199.78,199.51,199.5375,4080.00
2026-02-19 12:50:00-05:00,199.515,199.59,199.39,199.4325,3618.00
2026-02-19 12:55:00-05:00,199.45,199.62,199.45,199.51,6036.00
2026-02-19 13:00:00-05:00,199.45,199.474,199.27,199.27,4719.00
2026-02-19 13:05:00-05:00,199.26,199.4,199.22,199.355,6773.00
2026-02-19 13:10:00-05:00,199.4,199.64,199.4,199.64,6828.00
2026-02-19 13:15:00-05:00,199.665,199.665,199.405,199.41,6193.00
2026-02-19 13:20:00-05:00,199.25,199.5,199.23,199.43,7299.00
2026-02-19 13:25:00-05:00,199.425,199.625,199.425,199.535,10391.00
2026-02-19 13:30:00-05:00,199.52,199.79,199.51,199.79,7327.00
2026-02-19 13:35:00-05:00,199.83,199.94,199.77,199.87,8507.00
2026-02-19 13:40:00-05:00,199.93,200.12,199.88,200.06,28537.00
2026-02-19 13:45:00-05:00,200.12,200.13,199.99,200.02,7063.00
2026-02-19 13:50:00-05:00,200.1,200.1,200,200.005,7193.00
2026-02-19 13:55:00-05:00,199.98,200.05,199.83,200.025,14525.00
2026-02-19 14:00:00-05:00,200.03,200.25,200,200.25,19105.00
2026-02-19 14:05:00-05:00,200.28,200.57,200.28,200.49,11204.00
2026-02-19 14:10:00-05:00,200.49,200.525,200.31,200.41,15538.00
2026-02-19 14:15:00-05:00,200.41,200.41,200.28,200.32,7586.00
2026-02-19 14:20:00-05:00,200.285,200.57,200.285,200.56,16288.00
2026-02-19 14:25:00-05:00,200.52,200.555,200.145,200.26,20547.00
2026-02-19 14:30:00-05:00,200.255,200.37,200.08,200.11,7982.00
2026-02-19 14:35:00-05:00,200.02,200.05,199.53,199.53,21347.00
2026-02-19 14:40:00-05:00,199.52,199.59,199.45,199.5,5675.00
2026-02-19 14:45:00-05:00,199.58,199.63,199.48,199.48,16604.00
2026-02-19 14:50:00-05:00,199.5819,199.5819,199.36,199.36,8694.00
2026-02-19 14:55:00-05:00,199.435,199.54,199.41,199.43,9207.00
2026-02-19 15:00:00-05:00,199.56,199.81,199.56,199.765,11119.00
2026-02-19 15:05:00-05:00,199.77,199.97,199.765,199.97,8154.00
2026-02-19 15:10:00-05:00,199.99,200.14,199.97,200.1,6825.00
2026-02-19 15:15:00-05:00,200.105,200.105,199.82,199.855,9365.00
2026-02-19 15:20:00-05:00,199.82,199.875,199.53,199.605,13117.00
2026-02-19 15:25:00-05:00,199.53,199.8,199.53,199.715,15380.00
2026-02-19 15:30:00-05:00,199.77,199.85,199.675,199.705,14962.00
2026-02-19 15:35:00-05:00,199.705,200.055,199.6993,200.04,22533.00
2026-02-19 15:40:00-05:00,200.04,200.19,200.02,200.1525,23835.00
2026-02-19 15:45:00-05:00,200.17,200.35,200.16,200.29,32981.00
2026-02-19 15:50:00-05:00,200.27,200.41,200,200.39,57556.00
2026-02-19 15:55:00-05:00,200.43,200.57,200.22,200.35,171620.00
2026-02-20 09:30:00-05:00,199.4,199.68,199.14,199.605,66641.00
2026-02-20 09:35:00-05:00,199.85,200.5,199.61,200.5,9688.00
2026-02-20 09:40:00-05:00,200.2596,201.34,200.2596,200.96,13989.00
2026-02-20 09:45:00-05:00,200.53,200.61,200.16,200.54,3198.00
2026-02-20 09:50:00-05:00,200.3,200.55,200.3,200.495,2213.00
2026-02-20 09:55:00-05:00,200.495,200.93,200.49,200.9,7011.00
2026-02-20 10:00:00-05:00,200.96,203.31,200.945,202.23,42301.00
2026-02-20 10:05:00-05:00,202.23,202.24,201.72,201.73,14809.00
2026-02-20 10:10:00-05:00,201.85,202.0999,201.16,201.33,15239.00
2026-02-20 10:15:00-05:00,201.26,202.2875,201.08,202.27,16539.00
2026-02-20 10:20:00-05:00,202.275,202.335,201.91,202.26,11444.00
2026-02-20 10:25:00-05:00,202.2,202.205,201.99,202.2,9022.00
2026-02-20 10:30:00-05:00,202.24,202.385,201.56,201.57,17152.00
2026-02-20 10:35:00-05:00,201.65,201.98,201.65,201.69,7364.00
2026-02-20 10:40:00-05:00,201.715,201.72,201.06,201.19,17800.00
2026-02-20 10:45:00-05:00,201.33,201.52,201.07,201.3,12759.00
2026-02-20 10:50:00-05:00,201.305,201.52,201.14,201.4,17663.00
2026-02-20 10:55:00-05:00,201.67,201.71,201.4475,201.4475,8957.00
2026-02-20 11:00:00-05:00,201.425,201.425,201.06,201.11,3517.00
2026-02-20 11:05:00-05:00,201.11,201.11,200.6,200.64,7191.00
2026-02-20 11:10:00-05:00,200.705,200.91,200.64,200.8,11783.00
2026-02-20 11:15:00-05:00,200.82,200.83,200.16,200.24,7093.00
2026-02-20 11:20:00-05:00,200.32,200.32,199.87,200.24,18181.00
2026-02-20 11:25:00-05:00,200.19,200.19,199.79,199.79,11655.00
2026-02-20 11:30:00-05:00,199.86,200.13,199.86,200.13,5668.00
2026-02-20 11:35:00-05:00,200.02,200.065,199.88,199.93,11317.00
2026-02-20 11:40:00-05:00,200,200.37,199.95,200.195,16072.00
2026-02-20 11:45:00-05:00,200.2,200.48,200.2,200.35,15147.00
2026-02-20 11:50:00-05:00,200.33,200.36,199.83,199.89,38474.00
2026-02-20 11:55:00-05:00,199.88,199.95,199.68,199.685,6746.00
2026-02-20 12:00:00-05:00,199.725,199.745,199.515,199.64,8098.00
2026-02-20 12:05:00-05:00,199.6,199.8,199.33,199.33,24930.00
2026-02-20 12:10:00-05:00,199.44,199.54,199.22,199.42,15293.00
2026-02-20 12:15:00-05:00,199.4,199.42,199.2105,199.3,8152.00
2026-02-20 12:20:00-05:00,199.2,199.27,199.16,199.17,16303.00
2026-02-20 12:25:00-05:00,199.22,199.28,199.01,199.12,25947.00
2026-02-20 12:30:00-05:00,199.16,199.28,198.89,199.26,8688.00
2026-02-20 12:35:00-05:00,199.36,199.43,199.24,199.43,6835.00
2026-02-20 12:40:00-05:00,199.445,199.71,199.37,199.71,7970.00
2026-02-20 12:45:00-05:00,199.71,200.04,199.67,200.04,14869.00
2026-02-20 12:50:00-05:00,199.92,200.3,199.9,200.19,8189.00
2026-02-20 12:55:00-05:00,200.23,200.29,199.98,200.08,14607.00
2026-02-20 13:00:00-05:00,200.18,200.24,200.06,200.075,5942.00
2026-02-20 13:05:00-05:00,200.03,200.11,199.9,199.935,4622.00
2026-02-20 13:10:00-05:00,199.81,200,199.79,200,9354.00
2026-02-20 13:15:00-05:00,199.98,200.15,199.97,200.15,6508.00
2026-02-20 13:20:00-05:00,200.075,200.16,199.78,199.9,19597.00
2026-02-20 13:25:00-05:00,199.935,199.94,199.87,199.92,2110.00
2026-02-20 13:30:00-05:00,199.84,200.44,199.84,200.05,15507.00
2026-02-20 13:35:00-05:00,200.15,200.15,199.87,200,6871.00
2026-02-20 13:40:00-05:00,200.01,200.44,200.01,200.44,9704.00
2026-02-20 13:45:00-05:00,200.38,200.78,200.375,200.655,18144.00
2026-02-20 13:50:00-05:00,200.6,201.0448,200.51,201.0448,13625.00
2026-02-20 13:55:00-05:00,201.07,201.09,200.87,200.95,13132.00
2026-02-20 14:00:00-05:00,200.95,201.18,200.95,201.01,13495.00
2026-02-20 14:05:00-05:00,201.025,201.095,200.895,201.03,8394.00
2026-02-20 14:10:00-05:00,201.035,201.035,200.855,200.855,8435.00
2026-02-20 14:15:00-05:00,200.81,200.9,200.79,200.855,12493.00
2026-02-20 14:20:00-05:00,200.89,201.08,200.85,201.07,18405.00
2026-02-20 14:25:00-05:00,201.02,201.38,200.97,201.38,34353.00
2026-02-20 14:30:00-05:00,201.36,201.51,201.335,201.47,11244.00
2026-02-20 14:35:00-05:00,201.5,201.58,201.38,201.575,21502.00
2026-02-20 14:40:00-05:00,201.57,201.81,201.24,201.24,32224.00
2026-02-20 14:45:00-05:00,201.12,201.19,200.89,201.05,11046.00
2026-02-20 14:50:00-05:00,201.09,201.18,200.87,200.87,17197.00
2026-02-20 14:55:00-05:00,200.87,201.14,200.83,200.985,16326.00
2026-02-20 15:00:00-05:00,200.985,201.03,200.8575,200.945,15524.00
2026-02-20 15:05:00-05:00,200.8701,201.1,200.82,201.06,17724.00
2026-02-20 15:10:00-05:00,201.06,201.26,201,201.0225,17306.00
2026-02-20 15:15:00-05:00,201.09,201.15,200.94,201.015,14485.00
2026-02-20 15:20:00-05:00,200.99,201.23,200.955,201.17,15026.00
2026-02-20 15:25:00-05:00,201.19,201.24,200.9,201.22,19234.00
2026-02-20 15:30:00-05:00,201.22,201.26,201.03,201.125,12339.00
2026-02-20 15:35:00-05:00,201.1,201.275,201.095,201.21,15097.00
2026-02-20 15:40:00-05:00,201.2,201.2,200.82,201,52409.00
2026-02-20 15:45:00-05:00,200.98,201.29,200.96,201.24,29535.00
2026-02-20 15:50:00-05:00,201.29,201.5,201.16,201.41,62472.00
2026-02-20 15:55:00-05:00,201.425,201.53,201.13,201.4,185326.00
2026-02-23 09:30:00-05:00,202.05,202.78,201.46,201.78,45705.21
2026-02-23 09:35:00-05:00,201.36,201.82,200.4658,201.53,5283.58
2026-02-23 09:40:00-05:00,201.53,201.655,200.571,201.415,17002.12
2026-02-23 09:45:00-05:00,201.21,201.48,200.68,200.785,5419.39
2026-02-23 09:50:00-05:00,200.695,200.94,200.18,200.57,10751.29
2026-02-23 09:55:00-05:00,200.57,200.905,200.38,200.845,10558.22
2026-02-23 10:00:00-05:00,200.82,200.82,200.215,200.215,11050.78
2026-02-23 10:05:00-05:00,200.215,200.24,199.71,199.71,9089.30
2026-02-23 10:10:00-05:00,199.86,199.87,199.19,199.51,21858.35
2026-02-23 10:15:00-05:00,199.52,199.68,199.24,199.24,24663.67
2026-02-23 10:20:00-05:00,199.34,199.5069,198.89,198.89,22972.26
2026-02-23 10:25:00-05:00,198.89,199.205,198.77,199.17,16612.43
2026-02-23 10:30:00-05:00,199.5,199.63,199.23,199.605,8730.49
2026-02-23 10:35:00-05:00,199.605,199.605,199.315,199.42,6941.00
2026-02-23 10:40:00-05:00,199.33,199.38,198.87,198.935,17150.55
2026-02-23 10:45:00-05:00,198.93,198.93,198.38,198.38,15945.41
2026-02-23 10:50:00-05:00,198.545,199.12,198.5,198.99,16915.81
2026-02-23 10:55:00-05:00,198.88,199.19,198.75,199.07,8400.94
2026-02-23 11:00:00-05:00,199.07,199.15,198.64,198.65,13264.65
2026-02-23 11:05:00-05:00,198.715,198.715,198.27,198.285,5559.02
2026-02-23 11:10:00-05:00,198.42,198.53,198.38,198.4,11888.04
2026-02-23 11:15:00-05:00,198.485,198.74,198.4,198.69,11790.57
2026-02-23 11:20:00-05:00,198.72,198.92,198.52,198.635,12402.19
2026-02-23 11:25:00-05:00,198.77,198.78,198.5,198.64,10564.18
2026-02-23 11:30:00-05:00,198.64,198.84,198.6,198.72,7795.01
2026-02-23 11:35:00-05:00,198.76,198.83,198.63,198.72,5015.29
2026-02-23 11:40:00-05:00,198.63,198.805,198.6,198.74,11438.04
2026-02-23 11:45:00-05:00,198.82,198.88,198.72,198.72,7833.39
2026-02-23 11:50:00-05:00,198.72,198.93,198.71,198.84,12479.04
2026-02-23 11:55:00-05:00,198.86,198.9,198.62,198.9,8337.00
2026-02-23 12:00:00-05:00,198.86,199.07,198.86,198.96,12585.00
2026-02-23 12:05:00-05:00,198.96,199.19,198.8701,198.96,14985.22
2026-02-23 12:10:00-05:00,198.87,198.92,198.745,198.75,7127.05
2026-02-23 12:15:00-05:00,198.82,198.85,198.71,198.775,9633.23
2026-02-23 12:20:00-05:00,198.7,198.775,198.55,198.69,11111.02
2026-02-23 12:25:00-05:00,198.69,199.03,198.68,198.81,15255.66
2026-02-23 12:30:00-05:00,198.77,198.93,198.74,198.84,12436.14
2026-02-23 12:35:00-05:00,198.75,198.97,198.74,198.84,8704.00
2026-02-23 12:40:00-05:00,198.82,199.07,198.82,199.04,9609.05
2026-02-23 12:45:00-05:00,199.09,199.15,199.02,199.11,6784.35
2026-02-23 12:50:00-05:00,199.11,199.21,199.01,199.135,5412.45
2026-02-23 12:55:00-05:00,199.135,199.48,199.135,199.46,10537.66
2026-02-23 13:00:00-05:00,199.56,199.7,199.47,199.68,5191.15
2026-02-23 13:05:00-05:00,199.77,199.96,199.77,199.945,7441.39
2026-02-23 13:10:00-05:00,200.01,200.05,199.89,200.05,11456.01
2026-02-23 13:15:00-05:00,200.03,200.19,199.9295,200.155,7762.75
2026-02-23 13:20:00-05:00,200.18,200.57,200.135,200.57,9811.00
2026-02-23 13:25:00-05:00,200.59,200.84,200.42,200.75,10970.87
2026-02-23 13:30:00-05:00,200.84,200.91,200.73,200.91,6832.32
2026-02-23 13:35:00-05:00,200.93,200.97,200.54,200.66,17170.96
2026-02-23 13:40:00-05:00,200.57,200.6,200.24,200.36,17549.02
2026-02-23 13:45:00-05:00,200.39,200.62,200.2,200.54,33548.62
2026-02-23 13:50:00-05:00,200.55,200.75,200.395,200.48,29007.54
2026-02-23 13:55:00-05:00,200.41,200.48,200.15,200.2,14570.89
2026-02-23 14:00:00-05:00,200.31,200.525,200.235,200.46,13818.10
2026-02-23 14:05:00-05:00,200.39,200.66,200.27,200.58,15120.26
2026-02-23 14:10:00-05:00,200.65,200.85,200.65,200.82,9339.08
2026-02-23 14:15:00-05:00,200.9,200.9699,200.73,200.73,14618.14
2026-02-23 14:20:00-05:00,200.755,200.8009,200.55,200.55,7943.00
2026-02-23 14:25:00-05:00,200.55,200.795,200.49,200.7,15274.33
2026-02-23 14:30:00-05:00,200.725,201.05,200.72,201,6559.08
2026-02-23 14:35:00-05:00,200.955,201.04,200.945,201.04,10045.43
2026-02-23 14:40:00-05:00,201.05,201.17,201.01,201.17,25208.44
2026-02-23 14:45:00-05:00,201.115,201.42,201.115,201.395,12088.46
2026-02-23 14:50:00-05:00,201.395,201.395,201.24,201.335,9159.82
2026-02-23 14:55:00-05:00,201.23,201.49,201.12,201.12,22253.55
2026-02-23 15:00:00-05:00,201.125,201.19,201.0018,201.01,10022.16
2026-02-23 15:05:00-05:00,201,201.2,200.985,201.18,21754.52
2026-02-23 15:10:00-05:00,201.12,201.18,200.98,201,20650.42
2026-02-23 15:15:00-05:00,200.9214,201.01,200.85,200.91,19769.24
2026-02-23 15:20:00-05:00,200.925,200.97,200.69,200.93,27202.02
2026-02-23 15:25:00-05:00,200.9,201.18,200.9,201.18,50037.06
2026-02-23 15:30:00-05:00,201.0798,201.36,201.0798,201.34,34004.11
2026-02-23 15:35:00-05:00,201.33,201.65,201.33,201.565,21272.38
2026-02-23 15:40:00-05:00,201.565,201.77,201.565,201.72,22458.10
2026-02-23 15:45:00-05:00,201.71,201.89,201.62,201.87,30041.10
2026-02-23 15:50:00-05:00,201.95,202.145,201.41,201.53,72828.75
2026-02-23 15:55:00-05:00,201.62,201.96,201.56,201.89,185132.68
2026-02-24 09:30:00-05:00,202.1,202.31,200.855,200.855,38423.61
2026-02-24 09:35:00-05:00,200.69,200.79,199.065,200.32,39640.01
2026-02-24 09:40:00-05:00,200.515,200.5998,199.16,199.855,31177.07
2026-02-24 09:45:00-05:00,200.31,200.84,200,200.83,15649.26
2026-02-24 09:50:00-05:00,200.84,201.26,200.5,200.53,11746.84
2026-02-24 09:55:00-05:00,200.53,200.74,200,200.655,21018.55
2026-02-24 10:00:00-05:00,200.97,201.1,200.375,200.3875,10930.53
2026-02-24 10:05:00-05:00,200.4,201.07,200.4,201.07,9554.82
2026-02-24 10:10:00-05:00,201.135,201.17,200.69,200.76,6622.40
2026-02-24 10:15:00-05:00,200.8599,200.8599,200.05,200.285,10303.61
2026-02-24 10:20:00-05:00,200.285,200.33,200.035,200.035,7331.74
2026-02-24 10:25:00-05:00,200.19,200.7,200.13,200.49,13803.78
2026-02-24 10:30:00-05:00,200.49,200.86,200.49,200.725,6885.03
2026-02-24 10:35:00-05:00,200.725,200.86,200.48,200.79,8989.77
2026-02-24 10:40:00-05:00,200.7,200.88,200.535,200.765,18056.40
2026-02-24 10:45:00-05:00,200.82,200.82,200.61,200.72,12196.37
2026-02-24 10:50:00-05:00,200.72,200.72,200.355,200.355,10493.90
2026-02-24 10:55:00-05:00,200.33,200.4,199.66,200.03,27152.71
2026-02-24 11:00:00-05:00,200,200.31,199.92,199.97,23460.10
2026-02-24 11:05:00-05:00,199.8201,200.395,199.8201,200.05,46096.66
2026-02-24 11:10:00-05:00,200.1,200.39,199.92,200.39,76606.00
2026-02-24 11:15:00-05:00,200.435,200.49,199.61,200.04,15197.67
2026-02-24 11:20:00-05:00,199.98,199.98,199.82,199.86,6570.80
2026-02-24 11:25:00-05:00,199.82,199.82,199.54,199.645,18411.09
2026-02-24 11:30:00-05:00,199.73,199.78,199.38,199.585,20559.11
2026-02-24 11:35:00-05:00,199.66,199.97,199.65,199.7,12198.39
2026-02-24 11:40:00-05:00,199.715,199.85,199.605,199.78,16571.35
2026-02-24 11:45:00-05:00,199.86,199.96,199.79,199.96,15990.40
2026-02-24 11:50:00-05:00,199.96,200.08,199.87,200.08,7787.38
2026-02-24 11:55:00-05:00,200.12,200.215,199.9972,200.17,12755.12
2026-02-24 12:00:00-05:00,200.24,200.31,200.15,200.17,10200.96
2026-02-24 12:05:00-05:00,200.235,200.37,200.13,200.37,8312.58
2026-02-24 12:10:00-05:00,200.4,200.69,200.39,200.69,7581.42
2026-02-24 12:15:00-05:00,200.64,200.86,200.57,200.75,9291.15
2026-02-24 12:20:00-05:00,200.69,200.82,200.65,200.705,3670.05
2026-02-24 12:25:00-05:00,200.705,200.8,200.58,200.78,10894.41
2026-02-24 12:30:00-05:00,200.84,200.89,200.72,200.72,4246.87
2026-02-24 12:35:00-05:00,200.68,200.72,200.51,200.72,24416.00
2026-02-24 12:40:00-05:00,200.78,200.85,200.72,200.72,5045.25
2026-02-24 12:45:00-05:00,200.7,200.76,200.51,200.76,8980.30
2026-02-24 12:50:00-05:00,200.73,200.87,200.73,200.87,4020.62
2026-02-24 12:55:00-05:00,200.9,200.92,200.54,200.57,7711.51
2026-02-24 13:00:00-05:00,200.575,200.74,200.53,200.73,18752.28
2026-02-24 13:05:00-05:00,200.715,200.78,200.58,200.645,6485.26
2026-02-24 13:10:00-05:00,200.56,200.705,200.55,200.705,7060.06
2026-02-24 13:15:00-05:00,200.73,200.78,200.56,200.56,5522.71
2026-02-24 13:20:00-05:00,200.55,200.76,200.55,200.675,5717.02
2026-02-24 13:25:00-05:00,200.66,200.715,200.61,200.645,3831.02
2026-02-24 13:30:00-05:00,200.645,200.8,200.61,200.7,12878.33
2026-02-24 13:35:00-05:00,200.68,200.89,200.6,200.835,13119.36
2026-02-24 13:40:00-05:00,200.9,201.11,200.87,201.02,27454.11
2026-02-24 13:45:00-05:00,201.15,201.17,201.03,201.11,5091.72
2026-02-24 13:50:00-05:00,201.1132,201.27,201.1132,201.23,5572.28
2026-02-24 13:55:00-05:00,201.24,201.28,201.1,201.12,7814.71
2026-02-24 14:00:00-05:00,201.08,201.17,200.82,200.82,7008.40
2026-02-24 14:05:00-05:00,200.82,200.905,200.46,200.57,9231.81
2026-02-24 14:10:00-05:00,200.57,200.99,200.57,200.99,14046.01
2026-02-24 14:15:00-05:00,201,201.18,200.88,201.18,6925.16
2026-02-24 14:20:00-05:00,201.08,201.16,200.98,201.0285,1961.01
2026-02-24 14:25:00-05:00,200.98,201.36,200.77,200.855,42450.50
2026-02-24 14:30:00-05:00,200.87,201.03,200.865,200.925,9249.00
2026-02-24 14:35:00-05:00,200.81,200.91,200.61,200.68,7396.02
2026-02-24 14:40:00-05:00,200.75,200.89,200.61,200.62,7416.75
2026-02-24 14:45:00-05:00,200.62,200.7,200.33,200.6,19040.91
2026-02-24 14:50:00-05:00,200.59,200.77,200.57,200.77,9150.43
2026-02-24 14:55:00-05:00,200.79,200.9,200.66,200.66,8612.07
2026-02-24 15:00:00-05:00,200.66,200.71,200.53,200.63,33227.47
2026-02-24 15:05:00-05:00,200.71,200.76,200.61,200.63,10307.33
2026-02-24 15:10:00-05:00,200.6784,200.84,200.54,200.75,18103.04
2026-02-24 15:15:00-05:00,200.705,200.705,200.37,200.49,6933.53
2026-02-24 15:20:00-05:00,200.41,200.5,200.34,200.42,11525.02
2026-02-24 15:25:00-05:00,200.45,200.64,200.3625,200.3625,24178.91
2026-02-24 15:30:00-05:00,200.335,200.42,200.13,200.285,31634.45
2026-02-24 15:35:00-05:00,200.285,200.35,200.125,200.18,19572.89
2026-02-24 15:40:00-05:00,200.09,200.12,199.92,200.12,27857.10
2026-02-24 15:45:00-05:00,200.14,200.41,200.14,200.405,26373.76
2026-02-24 15:50:00-05:00,200.43,200.73,200.43,200.66,73814.73
2026-02-24 15:55:00-05:00,200.63,200.73,200.37,200.55,229700.22
2026-02-25 09:30:00-05:00,199.93,203.77,199.93,203.61,112255.32
2026-02-25 09:35:00-05:00,203.51,204.265,203.07,204.25,21949.34
2026-02-25 09:40:00-05:00,204.41,204.85,204.21,204.57,21762.08
2026-02-25 09:45:00-05:00,204.25,204.25,203.34,204.01,21658.88
2026-02-25 09:50:00-05:00,204.03,204.55,203.855,203.855,16565.02
2026-02-25 09:55:00-05:00,203.64,203.91,203.11,203.91,35776.34
2026-02-25 10:00:00-05:00,203.905,204.005,203.13,203.2899,17556.06
2026-02-25 10:05:00-05:00,203.14,204.15,203.14,204,43635.57
2026-02-25 10:10:00-05:00,204.1574,204.1574,203.365,203.405,9433.08
2026-02-25 10:15:00-05:00,203.23,203.61,203.1,203.265,21328.96
2026-02-25 10:20:00-05:00,203,203.25,202.94,203.09,13485.78
2026-02-25 10:25:00-05:00,203.0612,203.36,202.99,203.155,6223.41
2026-02-25 10:30:00-05:00,203.16,203.57,203.09,203.19,15179.27
2026-02-25 10:35:00-05:00,203.12,203.19,202.8,202.845,6349.83
2026-02-25 10:40:00-05:00,202.885,203.125,202.885,202.935,9320.81
2026-02-25 10:45:00-05:00,202.87,203.18,202.82,202.83,9004.02
2026-02-25 10:50:00-05:00,202.57,202.85,202.57,202.85,3957.04
2026-02-25 10:55:00-05:00,202.85,202.88,202.42,202.49,8577.05
2026-02-25 11:00:00-05:00,202.55,202.85,202.51,202.51,7667.03
2026-02-25 11:05:00-05:00,202.47,202.95,202.47,202.95,9207.92
2026-02-25 11:10:00-05:00,202.89,203.06,202.89,202.98,10639.66
2026-02-25 11:15:00-05:00,202.99,203.165,202.83,202.94,10623.15
2026-02-25 11:20:00-05:00,202.74,202.91,202.63,202.745,3504.50
2026-02-25 11:25:00-05:00,202.88,203.07,202.77,202.9412,9052.20
2026-02-25 11:30:00-05:00,203.03,203.21,202.96,203.21,3621.16
2026-02-25 11:35:00-05:00,203.2501,203.2501,202.9501,203.25,8039.56
2026-02-25 11:40:00-05:00,203.29,203.4625,203.18,203.23,8019.15
2026-02-25 11:45:00-05:00,203.215,203.4273,203.21,203.31,4629.67
2026-02-25 11:50:00-05:00,203.31,203.65,203.16,203.44,21784.59
2026-02-25 11:55:00-05:00,203.515,203.515,203.28,203.43,7170.17
2026-02-25 12:00:00-05:00,203.455,203.455,203.05,203.19,7245.66
2026-02-25 12:05:00-05:00,203.175,203.175,202.7,202.7,6324.61
2026-02-25 12:10:00-05:00,202.675,202.675,202.105,202.105,11326.47
2026-02-25 12:15:00-05:00,202,202.28,202,202.27,4435.19
2026-02-25 12:20:00-05:00,202.28,202.66,202.21,202.52,19726.05
2026-02-25 12:25:00-05:00,202.42,202.44,202.335,202.405,4726.00
2026-02-25 12:30:00-05:00,202.47,202.56,202.37,202.49,17724.62
2026-02-25 12:35:00-05:00,202.37,202.38,202.12,202.18,6882.67
2026-02-25 12:40:00-05:00,202.22,202.48,202.22,202.37,8376.18
2026-02-25 12:45:00-05:00,202.41,202.4751,202.26,202.3,5596.54
2026-02-25 12:50:00-05:00,202.24,202.43,202.18,202.325,8838.12
2026-02-25 12:55:00-05:00,202.5,202.62,202.35,202.35,1857.47
2026-02-25 13:00:00-05:00,202.32,202.59,202.32,202.55,7364.01
2026-02-25 13:05:00-05:00,202.54,202.76,202.49,202.76,10302.50
2026-02-25 13:10:00-05:00,202.715,202.72,202.62,202.67,5461.55
2026-02-25 13:15:00-05:00,202.67,202.7,202.54,202.5501,7435.24
2026-02-25 13:20:00-05:00,202.56,202.64,202.4,202.4175,8913.04
2026-02-25 13:25:00-05:00,202.35,202.52,202.31,202.44,10893.00
2026-02-25 13:30:00-05:00,202.5,202.545,202.4314,202.475,6165.72
2026-02-25 13:35:00-05:00,202.475,202.55,202.41,202.475,6462.16
2026-02-25 13:40:00-05:00,202.41,202.62,202.36,202.41,10695.00
2026-02-25 13:45:00-05:00,202.38,202.55,202.35,202.455,11231.01
2026-02-25 13:50:00-05:00,202.45,202.49,202.375,202.49,5220.19
2026-02-25 13:55:00-05:00,202.5199,202.5199,202.26,202.26,10039.31
2026-02-25 14:00:00-05:00,202.26,202.42,202.21,202.38,14067.76
2026-02-25 14:05:00-05:00,202.3808,202.44,202.265,202.44,11762.47
2026-02-25 14:10:00-05:00,202.48,202.585,202.435,202.44,8074.22
2026-02-25 14:15:00-05:00,202.39,202.41,202.165,202.2,14636.27
2026-02-25 14:20:00-05:00,202.21,202.21,202.01,202.085,8757.55
2026-02-25 14:25:00-05:00,202.095,202.16,201.98,202.08,15243.63
2026-02-25 14:30:00-05:00,202.05,202.23,202.04,202.23,11961.42
2026-02-25 14:35:00-05:00,202.23,202.32,202.02,202.08,12315.85
2026-02-25 14:40:00-05:00,202.08,202.17,201.88,201.905,13173.05
2026-02-25 14:45:00-05:00,201.9,202.05,201.895,201.99,10218.60
2026-02-25 14:50:00-05:00,202,202.23,201.94,202.09,38729.01
2026-02-25 14:55:00-05:00,202.08,202.11,201.96,201.96,9464.51
2026-02-25 15:00:00-05:00,201.96,201.96,201.7301,201.805,15438.82
2026-02-25 15:05:00-05:00,201.78,201.86,201.73,201.7951,13583.37
2026-02-25 15:10:00-05:00,201.795,201.92,201.685,201.7,18521.17
2026-02-25 15:15:00-05:00,201.75,201.84,201.5,201.58,16939.66
2026-02-25 15:20:00-05:00,201.5825,201.72,201.5825,201.6206,16931.82
2026-02-25 15:25:00-05:00,201.62,201.6457,201.21,201.44,83520.00
2026-02-25 15:30:00-05:00,201.37,201.515,201.305,201.42,18776.00
2026-02-25 15:35:00-05:00,201.4678,201.4678,201.21,201.22,38663.99
2026-02-25 15:40:00-05:00,201.22,201.4,201.1815,201.35,50194.56
2026-02-25 15:45:00-05:00,201.3774,201.3774,201.24,201.3,39668.51
2026-02-25 15:50:00-05:00,201.33,201.77,201.31,201.7,112223.88
2026-02-25 15:55:00-05:00,201.74,202.07,201.375,201.51,194038.02
2026-02-26 09:30:00-05:00,202.91,203.89,202.15,202.93,105392.20
2026-02-26 09:35:00-05:00,202.93,204.72,202.93,204.3901,47425.15
2026-02-26 09:40:00-05:00,204.6342,204.67,204.23,204.27,31496.32
2026-02-26 09:45:00-05:00,204.09,204.69,204.09,204.26,42089.03
2026-02-26 09:50:00-05:00,204.14,204.41,203.6,203.82,29288.56
2026-02-26 09:55:00-05:00,203.845,204.12,203.69,203.97,38934.03
2026-02-26 10:00:00-05:00,203.935,204.1,203.75,203.795,74279.47
2026-02-26 10:05:00-05:00,203.67,203.95,203.61,203.745,26097.03
2026-02-26 10:10:00-05:00,203.745,203.95,203.46,203.53,36873.99
2026-02-26 10:15:00-05:00,203.47,203.515,203.15,203.32,18159.36
2026-02-26 10:20:00-05:00,203.32,203.35,202.91,203.05,27227.24
2026-02-26 10:25:00-05:00,203.18,203.25,202.67,202.845,100091.24
2026-02-26 10:30:00-05:00,202.895,203.22,202.76,203.22,32633.79
2026-02-26 10:35:00-05:00,203.24,203.6,203.145,203.5,40321.15
2026-02-26 10:40:00-05:00,203.505,203.71,203.32,203.52,30638.83
2026-02-26 10:45:00-05:00,203.53,203.635,203.27,203.305,32355.34
2026-02-26 10:50:00-05:00,203.345,203.77,203.27,203.61,79023.10
2026-02-26 10:55:00-05:00,203.61,203.79,203.49,203.695,55935.45
2026-02-26 11:00:00-05:00,203.63,203.645,203.43,203.53,42033.02
2026-02-26 11:05:00-05:00,203.59,204.08,203.59,204.05,46967.51
2026-02-26 11:10:00-05:00,204.04,204.105,203.38,203.59,68302.45
2026-02-26 11:15:00-05:00,203.61,203.77,203.02,203.07,14969.99
2026-02-26 11:20:00-05:00,203.04,203.21,202.8623,202.8623,15915.92
2026-02-26 11:25:00-05:00,203.09,203.38,203.07,203.28,6757.92
2026-02-26 11:30:00-05:00,203.315,203.41,203.17,203.2,7987.03
2026-02-26 11:35:00-05:00,203.255,203.35,203.12,203.215,5223.95
2026-02-26 11:40:00-05:00,203.12,203.245,203.01,203.095,9030.70
2026-02-26 11:45:00-05:00,203.095,203.45,203.01,203.44,8445.38
2026-02-26 11:50:00-05:00,203.35,203.42,203,203.0468,11829.06
2026-02-26 11:55:00-05:00,203.13,203.54,203.105,203.425,7724.61
2026-02-26 12:00:00-05:00,203.425,203.45,203.22,203.3,8362.89
2026-02-26 12:05:00-05:00,203.38,203.38,203.14,203.31,6023.03
2026-02-26 12:10:00-05:00,203.245,203.41,203.09,203.11,7521.00
2026-02-26 12:15:00-05:00,203.095,203.265,203.07,203.265,4640.00
2026-02-26 12:20:00-05:00,203.27,203.29,203.1,203.29,5957.53
2026-02-26 12:25:00-05:00,203.235,203.235,202.915,202.92,7765.71
2026-02-26 12:30:00-05:00,202.91,203.14,202.85,203.105,11078.01
2026-02-26 12:35:00-05:00,203.1,203.1,202.755,202.85,6812.21
2026-02-26 12:40:00-05:00,202.91,202.98,202.85,202.91,5020.12
2026-02-26 12:45:00-05:00,202.96,203.07,202.91,203.06,6998.79
2026-02-26 12:50:00-05:00,203.085,203.25,202.96,203.21,8966.73
2026-02-26 12:55:00-05:00,203.13,203.24,203.04,203.135,6472.10
2026-02-26 13:00:00-05:00,203.135,203.17,203.1,203.155,4191.16
2026-02-26 13:05:00-05:00,203.24,203.29,203.18,203.27,13219.65
2026-02-26 13:10:00-05:00,203.255,203.39,203.25,203.32,14810.00
2026-02-26 13:15:00-05:00,203.36,203.4,203.22,203.345,11377.91
2026-02-26 13:20:00-05:00,203.35,203.35,203.17,203.19,10820.29
2026-02-26 13:25:00-05:00,203.17,203.25,203.066,203.17,19365.74
2026-02-26 13:30:00-05:00,203.155,203.32,203.11,203.265,18120.00
2026-02-26 13:35:00-05:00,203.26,203.605,203.2464,203.54,17029.65
2026-02-26 13:40:00-05:00,203.59,203.965,203.59,203.96,8000.79
2026-02-26 13:45:00-05:00,203.96,204.06,203.83,203.9746,11260.27
2026-02-26 13:50:00-05:00,203.8954,204.08,203.8954,203.975,6886.33
2026-02-26 13:55:00-05:00,203.91,203.98,203.84,203.94,12336.16
2026-02-26 14:00:00-05:00,203.885,204.035,203.8,204.035,10643.05
2026-02-26 14:05:00-05:00,204.035,204.035,203.87,203.87,36974.23
2026-02-26 14:10:00-05:00,203.83,204,203.83,203.965,16460.01
2026-02-26 14:15:00-05:00,203.965,204.01,203.93,204.005,51398.86
2026-02-26 14:20:00-05:00,204.005,204.06,203.8325,203.96,19494.05
2026-02-26 14:25:00-05:00,203.92,203.98,203.82,203.9758,7834.49
2026-02-26 14:30:00-05:00,203.87,204.01,203.8,204.01,10093.77
2026-02-26 14:35:00-05:00,204,204.05,203.96,204.035,11920.08
2026-02-26 14:40:00-05:00,204.035,204.04,203.97,203.98,20632.90
2026-02-26 14:45:00-05:00,204.005,204.035,203.96,204,26692.03
2026-02-26 14:50:00-05:00,204,204.06,203.94,203.975,29636.00
2026-02-26 14:55:00-05:00,203.93,203.93,203.78,203.8,9084.46
2026-02-26 15:00:00-05:00,203.805,203.87,203.69,203.87,10949.74
2026-02-26 15:05:00-05:00,203.8,203.91,203.67,203.67,11954.25
2026-02-26 15:10:00-05:00,203.675,203.74,203.47,203.54,18855.75
2026-02-26 15:15:00-05:00,203.54,203.54,203.29,203.3957,17523.27
2026-02-26 15:20:00-05:00,203.4,203.57,203.38,203.46,21465.71
2026-02-26 15:25:00-05:00,203.46,203.65,203.34,203.36,30375.00
2026-02-26 15:30:00-05:00,203.34,203.39,203.09,203.095,17094.10
2026-02-26 15:35:00-05:00,203.08,203.21,202.94,203.115,29919.89
2026-02-26 15:40:00-05:00,203.115,203.27,203.11,203.2,25951.34
2026-02-26 15:45:00-05:00,203.15,203.25,202.96,203.105,41910.93
2026-02-26 15:50:00-05:00,203.16,203.35,202.9,203.19,90383.59
2026-02-26 15:55:00-05:00,203.26,203.57,203.2599,203.5,230924.75
2026-02-27 09:30:00-05:00,202.65,203.09,202.38,202.725,37449.93
2026-02-27 09:35:00-05:00,202.515,202.94,202.515,202.94,19989.27
2026-02-27 09:40:00-05:00,202.9715,202.9715,201.28,201.51,45617.08
2026-02-27 09:45:00-05:00,201.625,202.03,201.3,201.755,56679.78
2026-02-27 09:50:00-05:00,201.75,202.54,201.75,202.26,25068.35
2026-02-27 09:55:00-05:00,202.64,202.64,202,202,6062.03
2026-02-27 10:00:00-05:00,202.11,202.42,201.955,202.38,17979.16
2026-02-27 10:05:00-05:00,202.47,202.895,202.29,202.485,43483.01
2026-02-27 10:10:00-05:00,202.34,203.06,202.33,202.945,15092.49
2026-02-27 10:15:00-05:00,203.01,203.32,202.75,202.99,24173.89
2026-02-27 10:20:00-05:00,203.03,203.36,202.7962,203.03,18290.10
2026-02-27 10:25:00-05:00,203.03,203.245,202.8401,203.23,18665.33
2026-02-27 10:30:00-05:00,203.17,203.44,202.93,203.44,20430.45
2026-02-27 10:35:00-05:00,203.5,203.53,203.4,203.49,22821.42
2026-02-27 10:40:00-05:00,203.535,203.685,203.5,203.57,14117.83
2026-02-27 10:45:00-05:00,203.6,203.8,203.23,203.4,14330.75
2026-02-27 10:50:00-05:00,203.32,203.66,203.315,203.52,23921.02
2026-02-27 10:55:00-05:00,203.605,203.875,203.57,203.735,18704.70
2026-02-27 11:00:00-05:00,203.815,203.93,203.63,203.93,40971.90
2026-02-27 11:05:00-05:00,203.93,204.5,203.93,204.48,21978.31
2026-02-27 11:10:00-05:00,204.52,204.69,204.455,204.59,26400.21
2026-02-27 11:15:00-05:00,204.555,204.65,204.41,204.41,13633.80
2026-02-27 11:20:00-05:00,204.45,204.45,204.13,204.235,20701.20
2026-02-27 11:25:00-05:00,204.16,204.355,203.93,203.95,27671.89
2026-02-27 11:30:00-05:00,204.035,204.04,203.74,203.88,23707.00
2026-02-27 11:35:00-05:00,203.895,204,203.73,203.78,12973.37
2026-02-27 11:40:00-05:00,203.78,203.87,203.77,203.825,6539.73
2026-02-27 11:45:00-05:00,203.82,203.82,203.6,203.715,28081.65
2026-02-27 11:50:00-05:00,203.73,203.89,203.73,203.82,9026.79
2026-02-27 11:55:00-05:00,203.82,203.85,203.66,203.66,30605.37
2026-02-27 12:00:00-05:00,203.65,203.935,203.59,203.93,13661.00
2026-02-27 12:05:00-05:00,203.93,204,203.8301,203.8301,8579.73
2026-02-27 12:10:00-05:00,203.9175,203.9175,203.8,203.8,8659.68
2026-02-27 12:15:00-05:00,203.79,203.83,203.32,203.42,30965.43
2026-02-27 12:20:00-05:00,203.41,203.66,203.29,203.56,8976.09
2026-02-27 12:25:00-05:00,203.59,203.75,203.56,203.61,6107.41
2026-02-27 12:30:00-05:00,203.6,203.88,203.56,203.88,12391.12
2026-02-27 12:35:00-05:00,203.84,203.905,203.71,203.795,6635.05
2026-02-27 12:40:00-05:00,203.68,203.86,203.64,203.86,9245.12
2026-02-27 12:45:00-05:00,203.82,203.875,203.74,203.805,5963.37
2026-02-27 12:50:00-05:00,203.87,203.95,203.775,203.95,7862.11
2026-02-27 12:55:00-05:00,204,204.06,203.87,204.06,5436.05
2026-02-27 13:00:00-05:00,204.06,204.06,203.96,204.03,6014.75
2026-02-27 13:05:00-05:00,204.03,204.1862,204.03,204.07,6294.21
2026-02-27 13:10:00-05:00,204.04,204.42,204.04,204.31,10587.00
2026-02-27 13:15:00-05:00,204.34,204.34,204.18,204.235,7787.51
2026-02-27 13:20:00-05:00,204.255,204.27,204.0539,204.2,7762.28
2026-02-27 13:25:00-05:00,204.2,204.31,204.2,204.27,5521.76
2026-02-27 13:30:00-05:00,204.27,204.34,204.18,204.294,8532.38
2026-02-27 13:35:00-05:00,204.32,204.51,204.28,204.495,14846.69
2026-02-27 13:40:00-05:00,204.495,204.79,204.47,204.79,7038.85
2026-02-27 13:45:00-05:00,204.73,204.875,204.62,204.675,11641.61
2026-02-27 13:50:00-05:00,204.62,204.79,204.55,204.69,6876.41
2026-02-27 13:55:00-05:00,204.65,204.65,204.44,204.56,12464.20
2026-02-27 14:00:00-05:00,204.58,204.98,204.53,204.9,23093.16
2026-02-27 14:05:00-05:00,204.94,205.09,204.925,204.975,16474.22
2026-02-27 14:10:00-05:00,204.975,205.05,204.91,204.91,12009.49
2026-02-27 14:15:00-05:00,204.91,204.9543,204.78,204.945,9857.96
2026-02-27 14:20:00-05:00,204.92,204.95,204.71,204.81,35174.81
2026-02-27 14:25:00-05:00,204.82,204.96,204.71,204.86,19306.14
2026-02-27 14:30:00-05:00,204.86,204.91,204.565,204.8675,26424.26
2026-02-27 14:35:00-05:00,204.94,205.03,204.84,205.03,22822.03
2026-02-27 14:40:00-05:00,204.99,205.0299,204.82,204.95,26600.05
2026-02-27 14:45:00-05:00,204.95,205.04,204.74,204.805,15637.46
2026-02-27 14:50:00-05:00,204.79,204.99,204.71,204.98,9884.49
2026-02-27 14:55:00-05:00,205,205.31,204.99,205.205,28543.98
2026-02-27 15:00:00-05:00,205.215,205.32,205.13,205.13,15261.06
2026-02-27 15:05:00-05:00,205.185,205.37,205.05,205.35,15730.77
2026-02-27 15:10:00-05:00,205.355,205.55,205.3,205.545,11730.19
2026-02-27 15:15:00-05:00,205.57,205.67,205.53,205.63,16398.71
2026-02-27 15:20:00-05:00,205.59,205.85,205.44,205.6613,24563.90
2026-02-27 15:25:00-05:00,205.7,205.725,205.49,205.66,20584.00
2026-02-27 15:30:00-05:00,205.66,205.85,205.55,205.68,18992.16
2026-02-27 15:35:00-05:00,205.68,205.68,205.445,205.525,22467.70
2026-02-27 15:40:00-05:00,205.48,205.685,205.4,205.545,32568.60
2026-02-27 15:45:00-05:00,205.525,205.62,205.41,205.555,26547.52
2026-02-27 15:50:00-05:00,205.59,206.4,205.27,205.73,152387.21
2026-02-27 15:55:00-05:00,205.78,205.87,205.38,205.6,263427.35
2026-03-02 09:30:00-05:00,203.09,203.745,200.53,201.515,75461.17
2026-03-02 09:35:00-05:00,201.74,201.78,200.78,201.495,24901.16
2026-03-02 09:40:00-05:00,201.5555,201.92,200.565,200.61,58842.09
2026-03-02 09:45:00-05:00,200.66,201.5999,200.66,201.52,11780.34
2026-03-02 09:50:00-05:00,201.565,202.22,201.38,201.74,41444.67
2026-03-02 09:55:00-05:00,201.77,202.08,201.74,201.74,12010.99
2026-03-02 10:00:00-05:00,201.84,202.96,201.661,202.8,30401.27
2026-03-02 10:05:00-05:00,202.95,203.3799,202.62,202.625,33341.94
2026-03-02 10:10:00-05:00,202.47,202.94,202.47,202.765,30242.06
2026-03-02 10:15:00-05:00,202.775,202.94,201.99,202.15,22134.54
2026-03-02 10:20:00-05:00,202.28,202.36,201.8565,202.2997,19561.15
2026-03-02 10:25:00-05:00,202.43,202.75,202.13,202.54,15183.84
2026-03-02 10:30:00-05:00,202.5,203.02,202.455,202.98,27381.69
2026-03-02 10:35:00-05:00,202.93,203.16,202.73,203.1386,15905.42
2026-03-02 10:40:00-05:00,203.14,203.24,202.605,202.91,27486.69
2026-03-02 10:45:00-05:00,202.92,203.14,202.78,202.86,47594.48
2026-03-02 10:50:00-05:00,202.855,203.14,202.79,202.8,25739.74
2026-03-02 10:55:00-05:00,202.6,202.95,202.49,202.95,12127.29
2026-03-02 11:00:00-05:00,202.825,203.43,202.825,203.43,20033.67
2026-03-02 11:05:00-05:00,203.36,203.36,203.0324,203.16,11173.80
2026-03-02 11:10:00-05:00,203.16,203.2999,202.93,202.96,33780.74
2026-03-02 11:15:00-05:00,202.935,203.11,202.74,202.91,22801.34
2026-03-02 11:20:00-05:00,202.86,203.01,202.635,202.78,61464.79
2026-03-02 11:25:00-05:00,202.81,202.825,202.43,202.43,25675.61
2026-03-02 11:30:00-05:00,202.4,202.67,202.16,202.34,18180.06
2026-03-02 11:35:00-05:00,202.435,202.94,202.4,202.835,28575.58
2026-03-02 11:40:00-05:00,202.835,203.47,202.835,203.47,16610.88
2026-03-02 11:45:00-05:00,203.55,203.73,203.365,203.4,20068.57
2026-03-02 11:50:00-05:00,203.23,203.44,203.18,203.38,14483.42
2026-03-02 11:55:00-05:00,203.35,203.58,203.27,203.3,12470.42
2026-03-02 12:00:00-05:00,203.39,203.48,203.23,203.4101,14755.45
2026-03-02 12:05:00-05:00,203.405,203.48,203.11,203.12,14539.72
2026-03-02 12:10:00-05:00,203.05,203.295,202.96,203.26,34087.20
2026-03-02 12:15:00-05:00,203.25,203.275,202.915,203.0325,31346.53
2026-03-02 12:20:00-05:00,203.01,203.01,202.72,202.91,26999.14
2026-03-02 12:25:00-05:00,202.97,203.18,202.9,203.055,13860.60
2026-03-02 12:30:00-05:00,203.0985,203.233,203.02,203.21,12892.62
2026-03-02 12:35:00-05:00,203.1275,203.49,203.07,203.07,26201.26
2026-03-02 12:40:00-05:00,203.05,203.3925,203.05,203.24,9875.23
2026-03-02 12:45:00-05:00,203.25,203.62,203.15,203.59,14067.00
2026-03-02 12:50:00-05:00,203.59,203.7,203.55,203.7,7519.04
2026-03-02 12:55:00-05:00,203.65,203.76,203.55,203.73,28697.07
2026-03-02 13:00:00-05:00,203.76,203.81,203.66,203.67,24741.74
2026-03-02 13:05:00-05:00,203.67,203.8884,203.67,203.79,21057.15
2026-03-02 13:10:00-05:00,203.84,203.85,203.24,203.3025,11451.03
2026-03-02 13:15:00-05:00,203.3,203.4,203.15,203.33,18008.36
2026-03-02 13:20:00-05:00,203.25,203.74,203.22,203.74,16676.09
2026-03-02 13:25:00-05:00,203.6863,204.14,203.6863,204.14,11129.09
2026-03-02 13:30:00-05:00,204.09,204.25,203.6701,203.795,31774.11
2026-03-02 13:35:00-05:00,203.81,204.07,203.63,203.8,24381.44
2026-03-02 13:40:00-05:00,203.74,204.05,203.53,203.58,42454.50
2026-03-02 13:45:00-05:00,203.6872,203.73,203.465,203.63,17052.78
2026-03-02 13:50:00-05:00,203.655,203.8,203.53,203.69,35648.43
2026-03-02 13:55:00-05:00,203.62,203.7,203.49,203.565,24406.22
2026-03-02 14:00:00-05:00,203.5,203.62,203.37,203.565,23749.05
2026-03-02 14:05:00-05:00,203.5,203.58,203.04,203.44,40858.39
2026-03-02 14:10:00-05:00,203.3835,203.51,203.34,203.465,13580.68
2026-03-02 14:15:00-05:00,203.465,203.69,203.46,203.52,21768.12
2026-03-02 14:20:00-05:00,203.53,203.76,203.5,203.605,20147.47
2026-03-02 14:25:00-05:00,203.54,203.61,203.41,203.6,13583.05
2026-03-02 14:30:00-05:00,203.68,203.78,203.56,203.56,15411.80
2026-03-02 14:35:00-05:00,203.63,204.02,203.62,203.78,15495.50
2026-03-02 14:40:00-05:00,203.78,203.84,203.66,203.785,31435.00
2026-03-02 14:45:00-05:00,203.75,203.82,203.53,203.53,14147.79
2026-03-02 14:50:00-05:00,203.47,203.57,202.84,202.91,33610.07
2026-03-02 14:55:00-05:00,202.9499,202.9499,202.76,202.875,23045.13
2026-03-02 15:00:00-05:00,202.88,203.14,202.83,202.915,33890.16
2026-03-02 15:05:00-05:00,202.9,203.18,202.58,202.7,68104.61
2026-03-02 15:10:00-05:00,202.695,202.695,202.22,202.44,38572.30
2026-03-02 15:15:00-05:00,202.39,202.87,202.3265,202.41,47512.28
2026-03-02 15:20:00-05:00,202.39,202.47,202.2,202.22,33477.97
2026-03-02 15:25:00-05:00,202.25,202.25,202,202,34244.47
2026-03-02 15:30:00-05:00,202.055,202.51,202.0369,202.38,32705.53
2026-03-02 15:35:00-05:00,202.46,202.87,202.375,202.58,44926.85
2026-03-02 15:40:00-05:00,202.65,202.77,202.49,202.73,25183.21
2026-03-02 15:45:00-05:00,202.73,202.88,202.57,202.575,32872.58
2026-03-02 15:50:00-05:00,202.55,202.84,202.4,202.51,82556.61
2026-03-02 15:55:00-05:00,202.53,202.93,202.21,202.23,308454.78
