timestamp,open,high,low,close,volume
2025-11-24 09:30:00-05:00,87.63,87.98,86.8,86.9,226945.00
2025-11-24 09:35:00-05:00,86.9699,86.9699,86.54,86.75,92587.00
2025-11-24 09:40:00-05:00,86.74,86.7915,86.02,86.02,109815.00
2025-11-24 09:45:00-05:00,86.02,86.4077,85.76,85.7871,116626.00
2025-11-24 09:50:00-05:00,85.805,85.99,85.6801,85.935,83156.00
2025-11-24 09:55:00-05:00,85.935,85.965,85.6,85.79,94440.00
2025-11-24 10:00:00-05:00,85.82,86,85.6601,85.9,468210.00
2025-11-24 10:05:00-05:00,85.8957,86.48,85.79,86.48,153727.00
2025-11-24 10:10:00-05:00,86.49,86.73,86.4801,86.58,123942.00
2025-11-24 10:15:00-05:00,86.58,86.86,86.461,86.685,118423.00
2025-11-24 10:20:00-05:00,86.68,86.85,86.37,86.3801,80690.00
2025-11-24 10:25:00-05:00,86.4369,86.61,86.33,86.5801,68378.00
2025-11-24 10:30:00-05:00,86.58,86.72,86.455,86.48,51054.00
2025-11-24 10:35:00-05:00,86.49,86.5179,86.38,86.495,46040.00
2025-11-24 10:40:00-05:00,86.495,86.549,86.36,86.465,63688.00
2025-11-24 10:45:00-05:00,86.45,86.57,86.37,86.49,50504.00
2025-11-24 10:50:00-05:00,86.48,86.48,86.34,86.35,71617.00
2025-11-24 10:55:00-05:00,86.3486,86.57,86.305,86.41,72088.00
2025-11-24 11:00:00-05:00,86.39,86.44,86.1993,86.42,66129.00
2025-11-24 11:05:00-05:00,86.42,86.62,86.36,86.53,78769.00
2025-11-24 11:10:00-05:00,86.5335,86.595,86.13,86.145,79806.00
2025-11-24 11:15:00-05:00,86.13,86.29,86.105,86.23,54065.00
2025-11-24 11:20:00-05:00,86.23,86.52,86.23,86.3982,61008.00
2025-11-24 11:25:00-05:00,86.4,86.43,86.2014,86.22,61763.00
2025-11-24 11:30:00-05:00,86.235,86.2646,86.04,86.12,100517.00
2025-11-24 11:35:00-05:00,86.14,86.35,86.055,86.32,73199.00
2025-11-24 11:40:00-05:00,86.32,86.34,86.171,86.19,80914.00
2025-11-24 11:45:00-05:00,86.17,86.337,86.15,86.24,71255.00
2025-11-24 11:50:00-05:00,86.26,86.26,86.06,86.095,92619.00
2025-11-24 11:55:00-05:00,86.095,86.2,86.035,86.08,123151.00
2025-11-24 12:00:00-05:00,86.08,86.135,85.96,85.96,76068.00
2025-11-24 12:05:00-05:00,85.9913,86.08,85.96,86.04,32500.00
2025-11-24 12:10:00-05:00,86.025,86.11,85.9,86.07,41694.00
2025-11-24 12:15:00-05:00,86.083,86.19,86,86.16,46114.00
2025-11-24 12:20:00-05:00,86.21,86.21,85.945,85.945,45655.00
2025-11-24 12:25:00-05:00,85.965,86.15,85.91,86.11,36103.00
2025-11-24 12:30:00-05:00,86.13,86.15,85.945,85.945,48568.00
2025-11-24 12:35:00-05:00,85.93,86.1,85.9,86.0722,31971.00
2025-11-24 12:40:00-05:00,86.08,86.19,86.06,86.155,35889.00
2025-11-24 12:45:00-05:00,86.14,86.16,86.04,86.11,60687.00
2025-11-24 12:50:00-05:00,86.1185,86.125,86.03,86.0579,33695.00
2025-11-24 12:55:00-05:00,86.045,86.045,85.97,86,50510.00
2025-11-24 13:00:00-05:00,86.013,86.0781,85.97,86.05,46376.00
2025-11-24 13:05:00-05:00,86.045,86.15,86.01,86.0216,78021.00
2025-11-24 13:10:00-05:00,86.0166,86.105,85.95,86.0926,77629.00
2025-11-24 13:15:00-05:00,86.08,86.12,86,86.06,67060.00
2025-11-24 13:20:00-05:00,86.06,86.1191,85.97,85.995,56095.00
2025-11-24 13:25:00-05:00,86.01,86.01,85.85,85.885,58760.00
2025-11-24 13:30:00-05:00,85.8864,85.92,85.81,85.815,45221.00
2025-11-24 13:35:00-05:00,85.8,85.84,85.74,85.765,51128.00
2025-11-24 13:40:00-05:00,85.77,85.885,85.76,85.885,36724.00
2025-11-24 13:45:00-05:00,85.87,85.8711,85.7,85.745,59752.00
2025-11-24 13:50:00-05:00,85.745,85.9825,85.745,85.82,55949.00
2025-11-24 13:55:00-05:00,85.815,85.8394,85.7,85.73,38132.00
2025-11-24 14:00:00-05:00,85.76,85.8,85.69,85.7527,47868.00
2025-11-24 14:05:00-05:00,85.75,85.8,85.6,85.6037,62113.00
2025-11-24 14:10:00-05:00,85.61,85.63,85.51,85.55,67156.00
2025-11-24 14:15:00-05:00,85.55,85.5676,85.29,85.3821,90387.00
2025-11-24 14:20:00-05:00,85.385,85.41,85.29,85.3,69863.00
2025-11-24 14:25:00-05:00,85.3,85.405,85.21,85.265,212338.00
2025-11-24 14:30:00-05:00,85.29,85.37,85.2701,85.295,79471.00
2025-11-24 14:35:00-05:00,85.2982,85.365,85.2583,85.31,48150.00
2025-11-24 14:40:00-05:00,85.3142,85.5153,85.3142,85.35,47132.00
2025-11-24 14:45:00-05:00,85.35,85.38,85.21,85.21,52429.00
2025-11-24 14:50:00-05:00,85.2,85.27,85.07,85.19,57780.00
2025-11-24 14:55:00-05:00,85.18,85.22,85.1,85.1699,73264.00
2025-11-24 15:00:00-05:00,85.145,85.19,85.08,85.1094,52011.00
2025-11-24 15:05:00-05:00,85.13,85.16,85.08,85.12,47807.00
2025-11-24 15:10:00-05:00,85.115,85.13,85.04,85.087,66074.00
2025-11-24 15:15:00-05:00,85.085,85.13,84.9109,84.935,115770.00
2025-11-24 15:20:00-05:00,84.95,85.05,84.92,84.9695,61178.00
2025-11-24 15:25:00-05:00,84.98,85.01,84.925,84.98,73784.00
2025-11-24 15:30:00-05:00,84.96,84.97,84.833,84.925,80775.00
2025-11-24 15:35:00-05:00,84.925,84.9399,84.825,84.88,109410.00
2025-11-24 15:40:00-05:00,84.8828,84.91,84.84,84.8993,86328.00
2025-11-24 15:45:00-05:00,84.9,84.924,84.725,84.74,154746.00
2025-11-24 15:50:00-05:00,84.75,84.94,84.71,84.85,234728.00
2025-11-24 15:55:00-05:00,84.84,84.96,84.52,84.53,779859.00
2025-11-25 09:30:00-05:00,84.99,85.26,84.75,85.04,273577.00
2025-11-25 09:35:00-05:00,85.03,85.2512,84.81,84.81,92904.00
2025-11-25 09:40:00-05:00,84.85,85.0099,84.8,84.87,68266.00
2025-11-25 09:45:00-05:00,84.85,85.02,84.73,84.84,90845.00
2025-11-25 09:50:00-05:00,84.84,85.2,84.725,85.0917,78677.00
2025-11-25 09:55:00-05:00,85.095,85.5438,85.07,85.375,99174.00
2025-11-25 10:00:00-05:00,85.37,85.82,85.37,85.66,130618.00
2025-11-25 10:05:00-05:00,85.68,85.87,85.6401,85.795,97501.00
2025-11-25 10:10:00-05:00,85.795,85.95,85.565,85.565,84266.00
2025-11-25 10:15:00-05:00,85.59,85.64,85.47,85.49,56989.00
2025-11-25 10:20:00-05:00,85.49,85.56,85.36,85.465,52813.00
2025-11-25 10:25:00-05:00,85.47,85.7,85.46,85.645,63503.00
2025-11-25 10:30:00-05:00,85.645,85.91,85.555,85.62,54073.00
2025-11-25 10:35:00-05:00,85.65,85.75,85.53,85.64,47233.00
2025-11-25 10:40:00-05:00,85.65,85.85,85.645,85.85,34585.00
2025-11-25 10:45:00-05:00,85.83,85.97,85.77,85.78,42983.00
2025-11-25 10:50:00-05:00,85.78,85.97,85.72,85.7536,163529.00
2025-11-25 10:55:00-05:00,85.72,85.9899,85.67,85.9,39132.00
2025-11-25 11:00:00-05:00,85.93,86.06,85.82,85.83,54954.00
2025-11-25 11:05:00-05:00,85.83,85.905,85.76,85.87,50274.00
2025-11-25 11:10:00-05:00,85.845,85.99,85.78,85.87,53477.00
2025-11-25 11:15:00-05:00,85.87,86.16,85.8301,86.155,89982.00
2025-11-25 11:20:00-05:00,86.17,86.3,86.066,86.1,59127.00
2025-11-25 11:25:00-05:00,86.09,86.09,85.94,85.975,41828.00
2025-11-25 11:30:00-05:00,85.97,86.03,85.94,85.94,41902.00
2025-11-25 11:35:00-05:00,85.9572,85.97,85.7404,85.9,38848.00
2025-11-25 11:40:00-05:00,85.865,86.01,85.8202,86.0059,43174.00
2025-11-25 11:45:00-05:00,86.005,86.1,85.93,86.0529,92756.00
2025-11-25 11:50:00-05:00,86.065,86.1842,85.97,86.1537,78385.00
2025-11-25 11:55:00-05:00,86.16,86.49,86.16,86.32,107441.00
2025-11-25 12:00:00-05:00,86.31,86.63,86.3,86.54,59128.00
2025-11-25 12:05:00-05:00,86.52,86.55,86.39,86.46,47895.00
2025-11-25 12:10:00-05:00,86.465,86.5496,86.44,86.495,52750.00
2025-11-25 12:15:00-05:00,86.48,86.59,86.3801,86.43,38864.00
2025-11-25 12:20:00-05:00,86.43,86.4824,86.31,86.3104,40524.00
2025-11-25 12:25:00-05:00,86.325,86.445,86.325,86.4425,46397.00
2025-11-25 12:30:00-05:00,86.445,86.48,86.27,86.297,55779.00
2025-11-25 12:35:00-05:00,86.3,86.3012,86.1391,86.145,43977.00
2025-11-25 12:40:00-05:00,86.15,86.265,86.12,86.21,44065.00
2025-11-25 12:45:00-05:00,86.21,86.26,86.1687,86.2001,37070.00
2025-11-25 12:50:00-05:00,86.2244,86.42,86.185,86.365,89356.00
2025-11-25 12:55:00-05:00,86.3575,86.49,86.2001,86.4,77276.00
2025-11-25 13:00:00-05:00,86.4,86.45,86.25,86.32,98084.00
2025-11-25 13:05:00-05:00,86.28,86.295,86.101,86.14,54116.00
2025-11-25 13:10:00-05:00,86.17,86.2299,86.0401,86.165,28986.00
2025-11-25 13:15:00-05:00,86.165,86.3199,86.12,86.29,36810.00
2025-11-25 13:20:00-05:00,86.29,86.42,86.245,86.31,82758.00
2025-11-25 13:25:00-05:00,86.32,86.35,86.23,86.275,75229.00
2025-11-25 13:30:00-05:00,86.31,86.3457,86.24,86.335,47877.00
2025-11-25 13:35:00-05:00,86.325,86.34,86.12,86.245,53444.00
2025-11-25 13:40:00-05:00,86.245,86.26,86.1301,86.18,35545.00
2025-11-25 13:45:00-05:00,86.16,86.23,86.151,86.175,20728.00
2025-11-25 13:50:00-05:00,86.175,86.19,86.05,86.07,38793.00
2025-11-25 13:55:00-05:00,86.07,86.07,85.9,85.98,74841.00
2025-11-25 14:00:00-05:00,85.98,86.03,85.826,85.865,53315.00
2025-11-25 14:05:00-05:00,85.88,85.955,85.88,85.93,22273.00
2025-11-25 14:10:00-05:00,85.92,85.975,85.89,85.93,43153.00
2025-11-25 14:15:00-05:00,85.9362,86.075,85.93,86.035,66443.00
2025-11-25 14:20:00-05:00,86.045,86.06,85.955,86,29519.00
2025-11-25 14:25:00-05:00,85.98,86.055,85.97,86.055,31406.00
2025-11-25 14:30:00-05:00,86.04,86.29,86.02,86.28,114057.00
2025-11-25 14:35:00-05:00,86.27,86.28,86.04,86.11,95258.00
2025-11-25 14:40:00-05:00,86.115,86.26,86.1,86.24,32324.00
2025-11-25 14:45:00-05:00,86.22,86.25,86.155,86.21,40054.00
2025-11-25 14:50:00-05:00,86.22,86.23,86.155,86.155,27655.00
2025-11-25 14:55:00-05:00,86.15,86.16,86.09,86.12,38334.00
2025-11-25 15:00:00-05:00,86.11,86.15,86.04,86.06,67689.00
2025-11-25 15:05:00-05:00,86.0692,86.15,86.0578,86.085,46136.00
2025-11-25 15:10:00-05:00,86.085,86.21,86.025,86.175,42464.00
2025-11-25 15:15:00-05:00,86.175,86.36,86.175,86.35,51771.00
2025-11-25 15:20:00-05:00,86.34,86.44,86.27,86.41,64197.00
2025-11-25 15:25:00-05:00,86.4,86.4899,86.38,86.47,69243.00
2025-11-25 15:30:00-05:00,86.46,86.51,86.4301,86.47,69914.00
2025-11-25 15:35:00-05:00,86.47,86.55,86.47,86.53,62271.00
2025-11-25 15:40:00-05:00,86.53,86.55,86.45,86.48,60174.00
2025-11-25 15:45:00-05:00,86.48,86.55,86.39,86.4,104247.00
2025-11-25 15:50:00-05:00,86.41,86.47,86.33,86.43,154990.00
2025-11-25 15:55:00-05:00,86.42,86.58,86.38,86.54,425333.00
2025-11-26 09:30:00-05:00,86.68,87.13,86.61,86.83,135031.00
2025-11-26 09:35:00-05:00,86.83,87.49,86.76,87.485,84297.00
2025-11-26 09:40:00-05:00,87.485,87.88,87.48,87.745,94894.00
2025-11-26 09:45:00-05:00,87.725,88.33,87.725,88.2332,96329.00
2025-11-26 09:50:00-05:00,88.25,88.3,88.0318,88.145,89328.00
2025-11-26 09:55:00-05:00,88.165,88.39,88.08,88.295,75339.00
2025-11-26 10:00:00-05:00,88.24,88.49,88.16,88.49,81285.00
2025-11-26 10:05:00-05:00,88.475,88.76,88.4742,88.736,108951.00
2025-11-26 10:10:00-05:00,88.73,88.87,88.65,88.755,70625.00
2025-11-26 10:15:00-05:00,88.74,89.2,88.6909,89.2,144554.00
2025-11-26 10:20:00-05:00,89.1748,89.36,89.04,89.32,189312.00
2025-11-26 10:25:00-05:00,89.3201,89.645,89.25,89.31,139928.00
2025-11-26 10:30:00-05:00,89.32,89.44,89.16,89.3388,132895.00
2025-11-26 10:35:00-05:00,89.38,89.5,89.34,89.445,52137.00
2025-11-26 10:40:00-05:00,89.445,89.445,89.24,89.305,122538.00
2025-11-26 10:45:00-05:00,89.3,89.48,89.2,89.425,76752.00
2025-11-26 10:50:00-05:00,89.46,89.675,89.37,89.63,74043.00
2025-11-26 10:55:00-05:00,89.64,89.95,89.575,89.7501,116191.00
2025-11-26 11:00:00-05:00,89.77,89.98,89.77,89.965,66829.00
2025-11-26 11:05:00-05:00,89.96,89.96,89.845,89.91,82776.00
2025-11-26 11:10:00-05:00,89.895,89.99,89.85,89.895,95209.00
2025-11-26 11:15:00-05:00,89.915,90.01,89.82,89.91,145137.00
2025-11-26 11:20:00-05:00,89.91,89.91,89.61,89.71,85516.00
2025-11-26 11:25:00-05:00,89.73,89.776,89.66,89.66,101611.00
2025-11-26 11:30:00-05:00,89.65,89.78,89.61,89.73,70320.00
2025-11-26 11:35:00-05:00,89.755,89.9799,89.73,89.84,86673.00
2025-11-26 11:40:00-05:00,89.85,89.85,89.74,89.75,57262.00
2025-11-26 11:45:00-05:00,89.75,89.83,89.72,89.75,48884.00
2025-11-26 11:50:00-05:00,89.755,89.85,89.71,89.825,42947.00
2025-11-26 11:55:00-05:00,89.8266,89.89,89.78,89.87,54021.00
2025-11-26 12:00:00-05:00,89.85,89.8762,89.76,89.85,65582.00
2025-11-26 12:05:00-05:00,89.86,89.945,89.85,89.85,59405.00
2025-11-26 12:10:00-05:00,89.865,89.875,89.75,89.75,50592.00
2025-11-26 12:15:00-05:00,89.74,89.805,89.71,89.785,40217.00
2025-11-26 12:20:00-05:00,89.77,89.81,89.63,89.67,35222.00
2025-11-26 12:25:00-05:00,89.69,89.75,89.6101,89.655,47400.00
2025-11-26 12:30:00-05:00,89.655,89.75,89.635,89.71,43070.00
2025-11-26 12:35:00-05:00,89.71,89.84,89.69,89.81,45824.00
2025-11-26 12:40:00-05:00,89.8,89.9399,89.78,89.83,95887.00
2025-11-26 12:45:00-05:00,89.83,89.86,89.8,89.84,44836.00
2025-11-26 12:50:00-05:00,89.82,89.87,89.81,89.83,36152.00
2025-11-26 12:55:00-05:00,89.84,89.925,89.82,89.825,44842.00
2025-11-26 13:00:00-05:00,89.84,89.87,89.79,89.805,31708.00
2025-11-26 13:05:00-05:00,89.805,89.98,89.41,89.57,157397.00
2025-11-26 13:10:00-05:00,89.58,89.765,89.58,89.75,40697.00
2025-11-26 13:15:00-05:00,89.75,89.8,89.72,89.77,29484.00
2025-11-26 13:20:00-05:00,89.75,89.89,89.71,89.8784,30135.00
2025-11-26 13:25:00-05:00,89.9,89.98,89.85,89.8616,45466.00
2025-11-26 13:30:00-05:00,89.86,89.895,89.79,89.86,38964.00
2025-11-26 13:35:00-05:00,89.86,89.895,89.77,89.7876,30080.00
2025-11-26 13:40:00-05:00,89.7808,89.81,89.52,89.52,57705.00
2025-11-26 13:45:00-05:00,89.54,89.56,89.45,89.56,88533.00
2025-11-26 13:50:00-05:00,89.5501,89.6199,89.45,89.45,54498.00
2025-11-26 13:55:00-05:00,89.473,89.5511,89.42,89.5,72727.00
2025-11-26 14:00:00-05:00,89.495,89.7,89.44,89.61,64407.00
2025-11-26 14:05:00-05:00,89.6,89.665,89.5701,89.64,45605.00
2025-11-26 14:10:00-05:00,89.64,89.72,89.58,89.65,44766.00
2025-11-26 14:15:00-05:00,89.65,89.79,89.64,89.74,34743.00
2025-11-26 14:20:00-05:00,89.74,89.9252,89.7359,89.9,74014.00
2025-11-26 14:25:00-05:00,89.9191,89.9409,89.8572,89.87,27832.00
2025-11-26 14:30:00-05:00,89.85,89.94,89.84,89.9,80108.00
2025-11-26 14:35:00-05:00,89.9,90.01,89.86,89.8695,122022.00
2025-11-26 14:40:00-05:00,89.85,89.93,89.8001,89.86,68106.00
2025-11-26 14:45:00-05:00,89.85,89.86,89.8,89.81,32767.00
2025-11-26 14:50:00-05:00,89.81,89.9,89.81,89.86,40788.00
2025-11-26 14:55:00-05:00,89.87,89.895,89.83,89.865,50191.00
2025-11-26 15:00:00-05:00,89.86,89.93,89.85,89.87,47300.00
2025-11-26 15:05:00-05:00,89.87,89.99,89.84,89.98,45096.00
2025-11-26 15:10:00-05:00,89.98,90.015,89.95,89.97,59933.00
2025-11-26 15:15:00-05:00,89.98,90.0728,89.94,90.05,69426.00
2025-11-26 15:20:00-05:00,90.07,90.2,90.07,90.17,75158.00
2025-11-26 15:25:00-05:00,90.18,90.23,90.16,90.2047,57722.00
2025-11-26 15:30:00-05:00,90.205,90.22,90.06,90.1,87417.00
2025-11-26 15:35:00-05:00,90.11,90.15,90.015,90.07,107923.00
2025-11-26 15:40:00-05:00,90.07,90.165,90.07,90.13,105641.00
2025-11-26 15:45:00-05:00,90.12,90.2,89.87,89.915,177088.00
2025-11-26 15:50:00-05:00,89.91,90.01,89.855,89.9,250611.00
2025-11-26 15:55:00-05:00,89.895,90.0396,89.77,89.81,732007.00
2025-11-28 09:30:00-05:00,90.275,90.3355,89.8721,90.1091,112828.00
2025-11-28 09:35:00-05:00,90.1,90.5,90.1,90.365,80185.00
2025-11-28 09:40:00-05:00,90.3897,90.6299,90.375,90.625,461691.00
2025-11-28 09:45:00-05:00,90.625,91.08,90.6,91.04,94298.00
2025-11-28 09:50:00-05:00,91.05,91.08,90.75,90.865,73633.00
2025-11-28 09:55:00-05:00,90.8501,90.8846,90.46,90.68,57716.00
2025-11-28 10:00:00-05:00,90.6827,91.04,90.68,90.96,111359.00
2025-11-28 10:05:00-05:00,90.96,91.07,90.82,91.025,95681.00
2025-11-28 10:10:00-05:00,91.04,91.24,90.81,91.19,133637.00
2025-11-28 10:15:00-05:00,91.2,91.3,91.05,91.205,89558.00
2025-11-28 10:20:00-05:00,91.2082,91.35,91.15,91.34,45098.00
2025-11-28 10:25:00-05:00,91.343,91.4338,91.31,91.36,70639.00
2025-11-28 10:30:00-05:00,91.36,91.48,91.32,91.475,67021.00
2025-11-28 10:35:00-05:00,91.46,91.49,91.37,91.42,65291.00
2025-11-28 10:40:00-05:00,91.42,91.455,91.3405,91.455,49430.00
2025-11-28 10:45:00-05:00,91.46,91.5,91.4101,91.43,49303.00
2025-11-28 10:50:00-05:00,91.41,91.45,91.3,91.3,63224.00
2025-11-28 10:55:00-05:00,91.2902,91.375,91.27,91.27,45821.00
2025-11-28 11:00:00-05:00,91.275,91.46,91.26,91.359,79279.00
2025-11-28 11:05:00-05:00,91.35,91.48,91.285,91.4,64842.00
2025-11-28 11:10:00-05:00,91.3905,91.5912,91.3905,91.57,96160.00
2025-11-28 11:15:00-05:00,91.59,91.62,91.49,91.54,124866.00
2025-11-28 11:20:00-05:00,91.54,91.6,91.45,91.525,53831.00
2025-11-28 11:25:00-05:00,91.515,91.515,91.3472,91.47,52465.00
2025-11-28 11:30:00-05:00,91.475,91.5162,91.36,91.468,44002.00
2025-11-28 11:35:00-05:00,91.46,91.485,91.34,91.35,41649.00
2025-11-28 11:40:00-05:00,91.37,91.4199,91.295,91.39,56531.00
2025-11-28 11:45:00-05:00,91.4199,91.49,91.39,91.46,36575.00
2025-11-28 11:50:00-05:00,91.47,91.7,91.45,91.55,116302.00
2025-11-28 11:55:00-05:00,91.545,91.5579,91.44,91.51,51674.00
2025-11-28 12:00:00-05:00,91.51,91.57,91.27,91.31,42049.00
2025-11-28 12:05:00-05:00,91.31,91.33,91.21,91.22,34810.00
2025-11-28 12:10:00-05:00,91.22,91.22,91.04,91.04,41839.00
2025-11-28 12:15:00-05:00,91.05,91.09,91.02,91.04,38592.00
2025-11-28 12:20:00-05:00,91.055,91.06,90.96,91,40142.00
2025-11-28 12:25:00-05:00,91.01,91.025,90.95,91.025,42589.00
2025-11-28 12:30:00-05:00,91.0286,91.075,90.9,90.925,49576.00
2025-11-28 12:35:00-05:00,90.95,91,90.9,90.935,55438.00
2025-11-28 12:40:00-05:00,90.945,90.96,90.89,90.9101,57393.00
2025-11-28 12:45:00-05:00,90.935,90.95,90.84,90.865,87872.00
2025-11-28 12:50:00-05:00,90.84,90.93,90.825,90.8509,121620.00
2025-11-28 12:55:00-05:00,90.85,90.97,90.6,90.67,323641.00
2025-11-28 13:00:00-05:00,90.62,90.62,90.62,90.62,442718.00
2025-12-01 09:30:00-05:00,90.4,90.848,90.14,90.62,275650.00
2025-12-01 09:35:00-05:00,90.59,90.76,90.42,90.72,41422.00
2025-12-01 09:40:00-05:00,90.71,91.2361,90.6309,91.08,81760.00
2025-12-01 09:45:00-05:00,91.08,91.25,90.89,90.895,196080.00
2025-12-01 09:50:00-05:00,90.93,91.2,90.8964,91.0395,162271.00
2025-12-01 09:55:00-05:00,91.0396,91.4,91.0396,91.38,215569.00
2025-12-01 10:00:00-05:00,91.35,91.55,91.19,91.245,61604.00
2025-12-01 10:05:00-05:00,91.19,91.2278,91.0461,91.195,53588.00
2025-12-01 10:10:00-05:00,91.195,91.195,90.905,91.09,80995.00
2025-12-01 10:15:00-05:00,91.09,91.14,90.69,90.84,64317.00
2025-12-01 10:20:00-05:00,90.845,90.88,90.6901,90.75,79698.00
2025-12-01 10:25:00-05:00,90.75,90.945,90.68,90.945,73917.00
2025-12-01 10:30:00-05:00,90.95,91,90.825,90.88,41421.00
2025-12-01 10:35:00-05:00,90.84,90.95,90.82,90.905,71645.00
2025-12-01 10:40:00-05:00,90.95,91.135,90.91,91.132,103318.00
2025-12-01 10:45:00-05:00,91.15,91.2,91.03,91.14,30638.00
2025-12-01 10:50:00-05:00,91.1505,91.485,91.07,91.48,38395.00
2025-12-01 10:55:00-05:00,91.5,91.68,91.37,91.64,59138.00
2025-12-01 11:00:00-05:00,91.646,91.98,91.64,91.92,75812.00
2025-12-01 11:05:00-05:00,91.9,91.99,91.86,91.96,65138.00
2025-12-01 11:10:00-05:00,91.99,92.15,91.78,92.095,73461.00
2025-12-01 11:15:00-05:00,92.04,92.65,91.965,92.4573,216098.00
2025-12-01 11:20:00-05:00,92.4899,92.84,92.42,92.78,159411.00
2025-12-01 11:25:00-05:00,92.79,92.885,92.75,92.88,87860.00
2025-12-01 11:30:00-05:00,92.88,93.11,92.87,93.005,139443.00
2025-12-01 11:35:00-05:00,93.005,93.0051,92.59,92.59,102676.00
2025-12-01 11:40:00-05:00,92.5621,92.63,92.3,92.605,44747.00
2025-12-01 11:45:00-05:00,92.605,92.81,92.5965,92.77,61009.00
2025-12-01 11:50:00-05:00,92.77,92.81,92.38,92.39,42186.00
2025-12-01 11:55:00-05:00,92.38,92.63,92.35,92.35,77885.00
2025-12-01 12:00:00-05:00,92.37,92.545,92.24,92.295,53840.00
2025-12-01 12:05:00-05:00,92.28,92.45,92.2586,92.28,47059.00
2025-12-01 12:10:00-05:00,92.31,92.42,92.3,92.395,27810.00
2025-12-01 12:15:00-05:00,92.37,92.37,92.245,92.25,40147.00
2025-12-01 12:20:00-05:00,92.245,92.2698,92.12,92.17,30074.00
2025-12-01 12:25:00-05:00,92.19,92.24,92.1,92.165,32038.00
2025-12-01 12:30:00-05:00,92.165,92.165,92.0108,92.08,42651.00
2025-12-01 12:35:00-05:00,92.08,92.17,92.05,92.08,34014.00
2025-12-01 12:40:00-05:00,92.11,92.15,92.06,92.13,35438.00
2025-12-01 12:45:00-05:00,92.13,92.22,92.06,92.197,77649.00
2025-12-01 12:50:00-05:00,92.195,92.255,92.14,92.17,33247.00
2025-12-01 12:55:00-05:00,92.17,92.27,92.12,92.225,31253.00
2025-12-01 13:00:00-05:00,92.225,92.335,92.22,92.22,32974.00
2025-12-01 13:05:00-05:00,92.23,92.26,92.02,92.05,26063.00
2025-12-01 13:10:00-05:00,92.05,92.092,91.9701,92.075,28456.00
2025-12-01 13:15:00-05:00,92.08,92.1,91.9034,91.965,37706.00
2025-12-01 13:20:00-05:00,91.96,92.2,91.95,92.1683,45069.00
2025-12-01 13:25:00-05:00,92.165,92.24,92.11,92.23,39637.00
2025-12-01 13:30:00-05:00,92.22,92.34,92.22,92.34,49822.00
2025-12-01 13:35:00-05:00,92.34,92.37,92.2,92.207,118952.00
2025-12-01 13:40:00-05:00,92.2,92.21,92.06,92.08,31037.00
2025-12-01 13:45:00-05:00,92.08,92.08,91.84,91.875,100959.00
2025-12-01 13:50:00-05:00,91.87,91.96,91.73,91.73,38582.00
2025-12-01 13:55:00-05:00,91.73,91.75,91.5501,91.6646,56693.00
2025-12-01 14:00:00-05:00,91.63,91.67,91.505,91.67,38439.00
2025-12-01 14:05:00-05:00,91.64,91.67,91.46,91.48,39164.00
2025-12-01 14:10:00-05:00,91.4827,91.49,91.33,91.37,42024.00
2025-12-01 14:15:00-05:00,91.33,91.36,91.23,91.28,55693.00
2025-12-01 14:20:00-05:00,91.3,91.33,91.21,91.3166,32835.00
2025-12-01 14:25:00-05:00,91.33,91.35,91.14,91.16,36592.00
2025-12-01 14:30:00-05:00,91.145,91.17,91.01,91.035,38863.00
2025-12-01 14:35:00-05:00,91.035,91.12,91,91.0512,46367.00
2025-12-01 14:40:00-05:00,91.05,91.09,90.935,90.935,47052.00
2025-12-01 14:45:00-05:00,90.95,91.04,90.935,91.04,35950.00
2025-12-01 14:50:00-05:00,91.015,91.04,90.96,90.9895,35792.00
2025-12-01 14:55:00-05:00,90.995,91.06,90.9601,91.01,33137.00
2025-12-01 15:00:00-05:00,91.025,91.11,91.02,91.06,43259.00
2025-12-01 15:05:00-05:00,91.07,91.1269,90.9937,90.995,38059.00
2025-12-01 15:10:00-05:00,91,91.04,90.97,91.01,34954.00
2025-12-01 15:15:00-05:00,91.015,91.1,90.9535,90.98,38607.00
2025-12-01 15:20:00-05:00,90.97,91.04,90.952,91.02,42042.00
2025-12-01 15:25:00-05:00,91.02,91.0561,91,91,36848.00
2025-12-01 15:30:00-05:00,90.995,91.025,90.95,91.02,65470.00
2025-12-01 15:35:00-05:00,91.018,91.17,91,91.12,46042.00
2025-12-01 15:40:00-05:00,91.12,91.25,91.11,91.2,59453.00
2025-12-01 15:45:00-05:00,91.19,91.26,91.12,91.165,70008.00
2025-12-01 15:50:00-05:00,91.17,91.27,90.955,90.99,138290.00
2025-12-01 15:55:00-05:00,90.99,91.36,90.9348,91.36,445684.00
2025-12-02 09:30:00-05:00,91.75,91.75,90.59,90.595,152195.00
2025-12-02 09:35:00-05:00,90.5616,90.6,89.9,89.91,131007.00
2025-12-02 09:40:00-05:00,89.91,90.09,89.7,90.09,100513.00
2025-12-02 09:45:00-05:00,90.11,90.2199,89.72,89.89,114069.00
2025-12-02 09:50:00-05:00,89.87,89.92,89.56,89.68,70112.00
2025-12-02 09:55:00-05:00,89.67,89.8,89.61,89.65,90486.00
2025-12-02 10:00:00-05:00,89.68,89.74,89.47,89.58,91094.00
2025-12-02 10:05:00-05:00,89.55,89.77,89.51,89.75,76493.00
2025-12-02 10:10:00-05:00,89.73,90.035,89.445,89.79,112659.00
2025-12-02 10:15:00-05:00,89.76,89.98,89.7272,89.9,50498.00
2025-12-02 10:20:00-05:00,89.87,89.8999,89.73,89.75,52861.00
2025-12-02 10:25:00-05:00,89.73,89.8,89.41,89.49,103141.00
2025-12-02 10:30:00-05:00,89.495,89.6,89.36,89.4091,73760.00
2025-12-02 10:35:00-05:00,89.41,89.59,89.37,89.5736,75315.00
2025-12-02 10:40:00-05:00,89.605,89.72,89.51,89.64,79589.00
2025-12-02 10:45:00-05:00,89.635,90.05,89.635,89.7945,90406.00
2025-12-02 10:50:00-05:00,89.81,90.0484,89.75,90.0484,47385.00
2025-12-02 10:55:00-05:00,90.03,90.2541,90,90.25,69742.00
2025-12-02 11:00:00-05:00,90.25,90.48,90.22,90.425,66444.00
2025-12-02 11:05:00-05:00,90.4,90.65,90.3,90.4816,69121.00
2025-12-02 11:10:00-05:00,90.485,90.65,90.28,90.34,66616.00
2025-12-02 11:15:00-05:00,90.31,90.34,90.1,90.169,34277.00
2025-12-02 11:20:00-05:00,90.15,90.23,89.96,89.96,52146.00
2025-12-02 11:25:00-05:00,89.95,90.03,89.87,89.87,28643.00
2025-12-02 11:30:00-05:00,89.87,90.09,89.87,90.09,24320.00
2025-12-02 11:35:00-05:00,90.0701,90.1114,89.85,90.02,37604.00
2025-12-02 11:40:00-05:00,90.02,90.02,89.79,89.79,47874.00
2025-12-02 11:45:00-05:00,89.79,89.835,89.58,89.68,68259.00
2025-12-02 11:50:00-05:00,89.69,89.77,89.6254,89.7,35103.00
2025-12-02 11:55:00-05:00,89.707,89.8,89.675,89.73,72382.00
2025-12-02 12:00:00-05:00,89.741,89.795,89.645,89.65,44751.00
2025-12-02 12:05:00-05:00,89.65,89.8083,89.615,89.715,72976.00
2025-12-02 12:10:00-05:00,89.705,89.7883,89.67,89.7375,30777.00
2025-12-02 12:15:00-05:00,89.75,89.85,89.71,89.815,27379.00
2025-12-02 12:20:00-05:00,89.815,89.8799,89.74,89.74,45300.00
2025-12-02 12:25:00-05:00,89.77,89.88,89.75,89.825,30716.00
2025-12-02 12:30:00-05:00,89.85,89.86,89.7592,89.7592,30213.00
2025-12-02 12:35:00-05:00,89.76,89.7919,89.64,89.69,42014.00
2025-12-02 12:40:00-05:00,89.7,89.83,89.7,89.785,34212.00
2025-12-02 12:45:00-05:00,89.77,89.78,89.69,89.76,39408.00
2025-12-02 12:50:00-05:00,89.73,89.7528,89.59,89.64,41398.00
2025-12-02 12:55:00-05:00,89.62,89.69,89.56,89.56,42770.00
2025-12-02 13:00:00-05:00,89.56,89.72,89.55,89.67,35902.00
2025-12-02 13:05:00-05:00,89.66,89.8,89.66,89.72,45225.00
2025-12-02 13:10:00-05:00,89.71,89.71,89.63,89.66,26625.00
2025-12-02 13:15:00-05:00,89.65,89.78,89.61,89.78,34288.00
2025-12-02 13:20:00-05:00,89.77,89.82,89.74,89.805,23558.00
2025-12-02 13:25:00-05:00,89.8,89.83,89.706,89.805,53873.00
2025-12-02 13:30:00-05:00,89.78,89.83,89.5,89.52,49724.00
2025-12-02 13:35:00-05:00,89.51,89.62,89.45,89.45,52085.00
2025-12-02 13:40:00-05:00,89.45,89.6,89.41,89.55,34038.00
2025-12-02 13:45:00-05:00,89.55,89.7,89.49,89.695,30457.00
2025-12-02 13:50:00-05:00,89.69,89.79,89.65,89.725,27832.00
2025-12-02 13:55:00-05:00,89.74,89.78,89.65,89.78,30766.00
2025-12-02 14:00:00-05:00,89.8,89.865,89.7,89.84,26810.00
2025-12-02 14:05:00-05:00,89.8201,89.85,89.74,89.845,36623.00
2025-12-02 14:10:00-05:00,89.845,89.9627,89.765,89.96,26437.00
2025-12-02 14:15:00-05:00,89.94,90.1,89.94,90.1,59417.00
2025-12-02 14:20:00-05:00,90.1,90.115,90.01,90.042,41332.00
2025-12-02 14:25:00-05:00,90.05,90.123,89.98,90.123,36000.00
2025-12-02 14:30:00-05:00,90.1,90.155,90.06,90.075,33853.00
2025-12-02 14:35:00-05:00,90.0645,90.1,90.01,90.09,41990.00
2025-12-02 14:40:00-05:00,90.0784,90.08,89.9601,90.02,42293.00
2025-12-02 14:45:00-05:00,90.03,90.16,90.0248,90.1,40878.00
2025-12-02 14:50:00-05:00,90.1,90.2065,90.1,90.1816,41535.00
2025-12-02 14:55:00-05:00,90.16,90.175,90.11,90.14,64114.00
2025-12-02 15:00:00-05:00,90.135,90.21,89.935,90.175,136478.00
2025-12-02 15:05:00-05:00,90.18,90.41,90.18,90.4091,116213.00
2025-12-02 15:10:00-05:00,90.41,90.5201,90.34,90.5201,66004.00
2025-12-02 15:15:00-05:00,90.56,90.63,90.51,90.56,61960.00
2025-12-02 15:20:00-05:00,90.55,90.5888,90.44,90.505,65655.00
2025-12-02 15:25:00-05:00,90.5,90.55,90.47,90.4813,64440.00
2025-12-02 15:30:00-05:00,90.49,90.58,90.49,90.545,51386.00
2025-12-02 15:35:00-05:00,90.545,90.61,90.53,90.56,71617.00
2025-12-02 15:40:00-05:00,90.555,90.62,90.52,90.575,74505.00
2025-12-02 15:45:00-05:00,90.57,90.6,90.47,90.52,86731.00
2025-12-02 15:50:00-05:00,90.52,90.63,90.425,90.44,168206.00
2025-12-02 15:55:00-05:00,90.45,90.565,90.4,90.42,438759.00
2025-12-03 09:30:00-05:00,90.67,90.98,90.6001,90.9,95832.00
2025-12-03 09:35:00-05:00,90.87,92.36,90.87,92.36,185147.00
2025-12-03 09:40:00-05:00,92.375,92.91,92.2217,92.82,216385.00
2025-12-03 09:45:00-05:00,92.825,92.85,92.5,92.61,112273.00
2025-12-03 09:50:00-05:00,92.61,92.722,92.24,92.32,85897.00
2025-12-03 09:55:00-05:00,92.325,92.37,92.167,92.37,66469.00
2025-12-03 10:00:00-05:00,92.36,92.76,92.255,92.255,109080.00
2025-12-03 10:05:00-05:00,92.29,92.44,92.085,92.17,93721.00
2025-12-03 10:10:00-05:00,92.15,92.22,92.01,92.045,84860.00
2025-12-03 10:15:00-05:00,92.0147,92.102,91.91,91.91,40143.00
2025-12-03 10:20:00-05:00,91.905,91.91,91.4544,91.565,47433.00
2025-12-03 10:25:00-05:00,91.58,91.705,91.53,91.6414,37309.00
2025-12-03 10:30:00-05:00,91.67,91.76,91.4601,91.4883,47125.00
2025-12-03 10:35:00-05:00,91.49,91.493,91.24,91.3746,42682.00
2025-12-03 10:40:00-05:00,91.36,91.525,91.235,91.245,33951.00
2025-12-03 10:45:00-05:00,91.27,91.33,91.09,91.28,46613.00
2025-12-03 10:50:00-05:00,91.29,91.41,91.2601,91.37,38611.00
2025-12-03 10:55:00-05:00,91.34,91.52,91.31,91.46,34449.00
2025-12-03 11:00:00-05:00,91.44,91.63,91.4201,91.6052,29226.00
2025-12-03 11:05:00-05:00,91.61,91.79,91.61,91.76,30658.00
2025-12-03 11:10:00-05:00,91.79,91.98,91.72,91.96,53466.00
2025-12-03 11:15:00-05:00,91.96,92,91.7907,91.825,41902.00
2025-12-03 11:20:00-05:00,91.79,91.84,91.67,91.68,49173.00
2025-12-03 11:25:00-05:00,91.67,91.73,91.52,91.605,48439.00
2025-12-03 11:30:00-05:00,91.605,91.86,91.5901,91.78,27306.00
2025-12-03 11:35:00-05:00,91.79,91.89,91.7301,91.81,53759.00
2025-12-03 11:40:00-05:00,91.79,91.89,91.73,91.89,23911.00
2025-12-03 11:45:00-05:00,91.89,92.09,91.85,92.07,56469.00
2025-12-03 11:50:00-05:00,92.075,92.09,91.95,91.9794,36734.00
2025-12-03 11:55:00-05:00,91.974,91.974,91.85,91.9,25510.00
2025-12-03 12:00:00-05:00,91.875,91.95,91.83,91.92,53545.00
2025-12-03 12:05:00-05:00,91.91,91.95,91.84,91.9201,38735.00
2025-12-03 12:10:00-05:00,91.94,91.98,91.855,91.9251,28415.00
2025-12-03 12:15:00-05:00,91.925,92,91.91,91.94,27143.00
2025-12-03 12:20:00-05:00,91.93,92.08,91.93,92.0601,63656.00
2025-12-03 12:25:00-05:00,92.1,92.17,92.05,92.165,56628.00
2025-12-03 12:30:00-05:00,92.18,92.229,92.04,92.06,49690.00
2025-12-03 12:35:00-05:00,92.07,92.16,92.05,92.09,40961.00
2025-12-03 12:40:00-05:00,92.0954,92.1763,92.05,92.1,108834.00
2025-12-03 12:45:00-05:00,92.1,92.21,91.84,92.2,176073.00
2025-12-03 12:50:00-05:00,92.22,92.25,92.15,92.17,49447.00
2025-12-03 12:55:00-05:00,92.17,92.23,92.13,92.15,29614.00
2025-12-03 13:00:00-05:00,92.16,92.2,92.12,92.2,27723.00
2025-12-03 13:05:00-05:00,92.2,92.3,92.18,92.21,39531.00
2025-12-03 13:10:00-05:00,92.2,92.22,92.09,92.164,35035.00
2025-12-03 13:15:00-05:00,92.17,92.1886,92.14,92.145,31564.00
2025-12-03 13:20:00-05:00,92.1479,92.18,92.1278,92.18,38698.00
2025-12-03 13:25:00-05:00,92.18,92.25,92.15,92.22,30276.00
2025-12-03 13:30:00-05:00,92.23,92.28,92.22,92.24,36713.00
2025-12-03 13:35:00-05:00,92.24,92.25,92.19,92.2,32679.00
2025-12-03 13:40:00-05:00,92.2,92.22,92.17,92.19,30226.00
2025-12-03 13:45:00-05:00,92.19,92.2,92.08,92.09,32685.00
2025-12-03 13:50:00-05:00,92.1127,92.17,92.07,92.07,52827.00
2025-12-03 13:55:00-05:00,92.075,92.11,92.05,92.0975,36635.00
2025-12-03 14:00:00-05:00,92.11,92.32,92.1,92.21,52200.00
2025-12-03 14:05:00-05:00,92.2,92.29,92.17,92.27,50288.00
2025-12-03 14:10:00-05:00,92.27,92.27,92.19,92.235,40489.00
2025-12-03 14:15:00-05:00,92.2316,92.25,92.1,92.2316,38607.00
2025-12-03 14:20:00-05:00,92.23,92.31,92.16,92.177,57142.00
2025-12-03 14:25:00-05:00,92.18,92.19,92.06,92.12,41958.00
2025-12-03 14:30:00-05:00,92.13,92.19,92.09,92.135,45685.00
2025-12-03 14:35:00-05:00,92.13,92.15,92.07,92.09,38200.00
2025-12-03 14:40:00-05:00,92.1,92.12,92.09,92.105,27443.00
2025-12-03 14:45:00-05:00,92.11,92.11,91.97,92.03,60778.00
2025-12-03 14:50:00-05:00,92.03,92.11,91.97,92.01,65699.00
2025-12-03 14:55:00-05:00,92.02,92.07,91.94,91.98,111178.00
2025-12-03 15:00:00-05:00,91.97,92,91.9,91.98,61788.00
2025-12-03 15:05:00-05:00,91.975,92.01,91.93,91.97,55131.00
2025-12-03 15:10:00-05:00,91.955,91.99,91.89,91.894,46182.00
2025-12-03 15:15:00-05:00,91.89,91.89,91.77,91.7813,52804.00
2025-12-03 15:20:00-05:00,91.78,91.86,91.71,91.79,145627.00
2025-12-03 15:25:00-05:00,91.78,91.78,91.67,91.695,61551.00
2025-12-03 15:30:00-05:00,91.695,91.71,91.5,91.5675,84247.00
2025-12-03 15:35:00-05:00,91.57,91.66,91.55,91.645,68536.00
2025-12-03 15:40:00-05:00,91.645,91.67,91.565,91.59,116972.00
2025-12-03 15:45:00-05:00,91.58,91.66,91.55,91.59,106820.00
2025-12-03 15:50:00-05:00,91.6,91.69,91.19,91.22,205304.00
2025-12-03 15:55:00-05:00,91.22,91.29,90.82,90.935,767830.00
2025-12-04 09:30:00-05:00,91.17,91.5899,90.92,91.11,130563.00
2025-12-04 09:35:00-05:00,91.11,91.14,90.72,90.88,80247.00
2025-12-04 09:40:00-05:00,90.88,91.0799,90.61,90.825,198333.00
2025-12-04 09:45:00-05:00,90.84,90.935,90.48,90.54,130510.00
2025-12-04 09:50:00-05:00,90.54,90.73,90.53,90.6915,74311.00
2025-12-04 09:55:00-05:00,90.73,91.005,90.73,90.77,61640.00
2025-12-04 10:00:00-05:00,90.77,90.9,90.66,90.76,101981.00
2025-12-04 10:05:00-05:00,90.78,90.84,90.3,90.525,79610.00
2025-12-04 10:10:00-05:00,90.515,90.54,90.17,90.5,89030.00
2025-12-04 10:15:00-05:00,90.495,90.7,90.495,90.6301,40908.00
2025-12-04 10:20:00-05:00,90.645,90.845,90.59,90.65,47316.00
2025-12-04 10:25:00-05:00,90.61,90.85,90.48,90.735,49487.00
2025-12-04 10:30:00-05:00,90.71,91.1366,90.71,90.95,52608.00
2025-12-04 10:35:00-05:00,90.94,90.99,90.795,90.95,29015.00
2025-12-04 10:40:00-05:00,90.97,91.045,90.83,90.85,66439.00
2025-12-04 10:45:00-05:00,90.86,90.98,90.855,90.97,36832.00
2025-12-04 10:50:00-05:00,90.98,90.98,90.82,90.89,31268.00
2025-12-04 10:55:00-05:00,90.9097,90.94,90.8,90.801,36265.00
2025-12-04 11:00:00-05:00,90.8,90.96,90.76,90.9,33160.00
2025-12-04 11:05:00-05:00,90.8986,90.98,90.7601,90.98,38160.00
2025-12-04 11:10:00-05:00,90.97,90.97,90.77,90.84,41278.00
2025-12-04 11:15:00-05:00,90.825,90.9399,90.82,90.83,32110.00
2025-12-04 11:20:00-05:00,90.85,90.85,90.675,90.73,43136.00
2025-12-04 11:25:00-05:00,90.75,90.75,90.5175,90.63,43660.00
2025-12-04 11:30:00-05:00,90.65,90.67,90.535,90.57,41601.00
2025-12-04 11:35:00-05:00,90.59,90.71,90.56,90.6735,27387.00
2025-12-04 11:40:00-05:00,90.69,90.715,90.62,90.66,24879.00
2025-12-04 11:45:00-05:00,90.6875,90.74,90.6,90.605,27041.00
2025-12-04 11:50:00-05:00,90.62,90.815,90.62,90.785,82614.00
2025-12-04 11:55:00-05:00,90.785,91,90.78,90.88,75408.00
2025-12-04 12:00:00-05:00,90.9027,90.96,90.88,90.94,29289.00
2025-12-04 12:05:00-05:00,90.925,90.95,90.84,90.865,21049.00
2025-12-04 12:10:00-05:00,90.865,90.92,90.82,90.885,26867.00
2025-12-04 12:15:00-05:00,90.8951,90.9295,90.84,90.9,26454.00
2025-12-04 12:20:00-05:00,90.91,90.96,90.9014,90.96,18456.00
2025-12-04 12:25:00-05:00,90.94,90.97,90.89,90.95,19291.00
2025-12-04 12:30:00-05:00,90.92,91.04,90.88,91.025,84102.00
2025-12-04 12:35:00-05:00,91.035,91.1,90.942,90.96,148905.00
2025-12-04 12:40:00-05:00,90.9201,91,90.87,90.92,27326.00
2025-12-04 12:45:00-05:00,90.91,91.035,90.91,91,30163.00
2025-12-04 12:50:00-05:00,91.005,91.128,91,91.053,28020.00
2025-12-04 12:55:00-05:00,91.0455,91.105,91.02,91.105,43953.00
2025-12-04 13:00:00-05:00,91.09,91.14,91.08,91.115,21664.00
2025-12-04 13:05:00-05:00,91.115,91.15,91.02,91.02,37463.00
2025-12-04 13:10:00-05:00,91.0168,91.0232,90.86,90.88,54767.00
2025-12-04 13:15:00-05:00,90.89,92.1999,90.8794,91.78,621483.00
2025-12-04 13:20:00-05:00,91.8099,91.8099,91.14,91.21,147602.00
2025-12-04 13:25:00-05:00,91.21,91.315,91.02,91.105,67980.00
2025-12-04 13:30:00-05:00,91.105,91.105,90.86,90.965,83927.00
2025-12-04 13:35:00-05:00,90.935,90.9813,90.755,90.9327,40781.00
2025-12-04 13:40:00-05:00,90.9359,90.95,90.84,90.89,30641.00
2025-12-04 13:45:00-05:00,90.87,90.93,90.78,90.8,44409.00
2025-12-04 13:50:00-05:00,90.805,90.97,90.805,90.96,55391.00
2025-12-04 13:55:00-05:00,90.97,90.97,90.83,90.83,42240.00
2025-12-04 14:00:00-05:00,90.86,90.9,90.8,90.88,31208.00
2025-12-04 14:05:00-05:00,90.905,91.07,90.88,91.0195,45943.00
2025-12-04 14:10:00-05:00,91,91,90.81,90.83,40013.00
2025-12-04 14:15:00-05:00,90.83,90.95,90.7001,90.79,56131.00
2025-12-04 14:20:00-05:00,90.78,90.945,90.712,90.94,40589.00
2025-12-04 14:25:00-05:00,90.9775,91.0793,90.881,91,57360.00
2025-12-04 14:30:00-05:00,91,91.115,90.93,91.0768,61246.00
2025-12-04 14:35:00-05:00,91.1,91.189,91.07,91.09,23901.00
2025-12-04 14:40:00-05:00,91.09,91.1884,90.99,91.1751,34246.00
2025-12-04 14:45:00-05:00,91.16,91.24,91.131,91.131,36204.00
2025-12-04 14:50:00-05:00,91.145,91.145,91.0601,91.105,36239.00
2025-12-04 14:55:00-05:00,91.1,91.16,91.08,91.1,39239.00
2025-12-04 15:00:00-05:00,91.1046,91.25,91.1,91.249,64650.00
2025-12-04 15:05:00-05:00,91.237,91.37,91.19,91.275,94029.00
2025-12-04 15:10:00-05:00,91.27,91.3,91.17,91.2388,63260.00
2025-12-04 15:15:00-05:00,91.24,91.545,91.24,91.53,62218.00
2025-12-04 15:20:00-05:00,91.54,91.65,91.48,91.5265,58096.00
2025-12-04 15:25:00-05:00,91.5,91.525,91.35,91.45,92500.00
2025-12-04 15:30:00-05:00,91.44,91.48,91.37,91.44,72579.00
2025-12-04 15:35:00-05:00,91.42,91.45,91.3343,91.375,64391.00
2025-12-04 15:40:00-05:00,91.375,91.4699,91.305,91.449,100051.00
2025-12-04 15:45:00-05:00,91.4487,91.49,91.39,91.435,126284.00
2025-12-04 15:50:00-05:00,91.44,91.69,91.395,91.43,190481.00
2025-12-04 15:55:00-05:00,91.44,91.63,91.44,91.59,602125.00
2025-12-05 09:30:00-05:00,91.55,91.55,90.85,91.1,100283.00
2025-12-05 09:35:00-05:00,91.12,91.28,90.9882,91.09,49522.00
2025-12-05 09:40:00-05:00,91.13,91.61,90.99,91.43,74420.00
2025-12-05 09:45:00-05:00,91.4,91.49,91.2,91.45,70318.00
2025-12-05 09:50:00-05:00,91.405,91.59,91.3354,91.56,70912.00
2025-12-05 09:55:00-05:00,91.555,92.144,91.5401,92.1,82327.00
2025-12-05 10:00:00-05:00,92.105,92.42,92.06,92.4,76006.00
2025-12-05 10:05:00-05:00,92.425,92.64,92.38,92.6,123388.00
2025-12-05 10:10:00-05:00,92.57,92.58,92.1901,92.22,88647.00
2025-12-05 10:15:00-05:00,92.225,92.3642,92.11,92.165,34506.00
2025-12-05 10:20:00-05:00,92.1651,92.365,92.03,92.355,53141.00
2025-12-05 10:25:00-05:00,92.355,92.38,91.95,92.145,124897.00
2025-12-05 10:30:00-05:00,92.16,92.35,92.11,92.12,53048.00
2025-12-05 10:35:00-05:00,92.15,92.27,92.09,92.22,36805.00
2025-12-05 10:40:00-05:00,92.215,92.24,92.0816,92.0816,38100.00
2025-12-05 10:45:00-05:00,92.11,92.205,92.07,92.12,35530.00
2025-12-05 10:50:00-05:00,92.1349,92.335,92.13,92.27,39434.00
2025-12-05 10:55:00-05:00,92.26,92.26,92.11,92.11,31539.00
2025-12-05 11:00:00-05:00,92.135,92.28,92.075,92.095,93590.00
2025-12-05 11:05:00-05:00,92.08,92.17,92.03,92.125,39940.00
2025-12-05 11:10:00-05:00,92.1085,92.25,92.045,92.0835,33564.00
2025-12-05 11:15:00-05:00,92.0776,92.2422,92.0776,92.1751,46117.00
2025-12-05 11:20:00-05:00,92.175,92.25,92.09,92.22,63639.00
2025-12-05 11:25:00-05:00,92.24,92.37,92.24,92.3275,66278.00
2025-12-05 11:30:00-05:00,92.31,92.39,92.28,92.38,40663.00
2025-12-05 11:35:00-05:00,92.39,92.445,92.27,92.27,59278.00
2025-12-05 11:40:00-05:00,92.27,92.27,91.89,91.93,83951.00
2025-12-05 11:45:00-05:00,91.93,92.165,91.8237,92.015,73667.00
2025-12-05 11:50:00-05:00,91.98,92.05,91.88,91.895,27807.00
2025-12-05 11:55:00-05:00,91.895,92.02,91.89,91.97,31758.00
2025-12-05 12:00:00-05:00,91.93,91.99,91.8013,91.8603,29288.00
2025-12-05 12:05:00-05:00,91.84,91.84,91.66,91.7927,28849.00
2025-12-05 12:10:00-05:00,91.81,91.82,91.729,91.74,43353.00
2025-12-05 12:15:00-05:00,91.73,91.91,91.73,91.805,40758.00
2025-12-05 12:20:00-05:00,91.83,91.93,91.785,91.81,33724.00
2025-12-05 12:25:00-05:00,91.82,91.855,91.77,91.7851,38275.00
2025-12-05 12:30:00-05:00,91.77,91.8,91.65,91.65,32802.00
2025-12-05 12:35:00-05:00,91.65,91.6914,91.56,91.63,47356.00
2025-12-05 12:40:00-05:00,91.63,91.6398,91.54,91.58,37192.00
2025-12-05 12:45:00-05:00,91.5868,91.62,91.5,91.52,48488.00
2025-12-05 12:50:00-05:00,91.525,91.9722,91.48,91.97,66164.00
2025-12-05 12:55:00-05:00,91.98,91.99,91.89,91.9,29805.00
2025-12-05 13:00:00-05:00,91.895,92,91.785,91.8,43285.00
2025-12-05 13:05:00-05:00,91.8,91.9685,91.79,91.955,44648.00
2025-12-05 13:10:00-05:00,91.94,91.94,91.575,91.585,71193.00
2025-12-05 13:15:00-05:00,91.6,91.66,91.325,91.36,83153.00
2025-12-05 13:20:00-05:00,91.37,91.5046,91.135,91.48,80875.00
2025-12-05 13:25:00-05:00,91.48,91.7425,91.46,91.73,93879.00
2025-12-05 13:30:00-05:00,91.7456,91.815,91.63,91.735,110560.00
2025-12-05 13:35:00-05:00,91.72,91.84,91.68,91.78,73275.00
2025-12-05 13:40:00-05:00,91.785,91.81,91.65,91.78,41984.00
2025-12-05 13:45:00-05:00,91.785,92.035,91.785,92.01,44564.00
2025-12-05 13:50:00-05:00,92,92.07,91.9,92.04,46204.00
2025-12-05 13:55:00-05:00,92.05,92.215,92.05,92.215,54778.00
2025-12-05 14:00:00-05:00,92.215,92.36,92.19,92.23,62834.00
2025-12-05 14:05:00-05:00,92.23,92.37,92.2,92.305,42658.00
2025-12-05 14:10:00-05:00,92.325,92.42,92.3,92.345,53509.00
2025-12-05 14:15:00-05:00,92.34,92.37,92.215,92.301,47894.00
2025-12-05 14:20:00-05:00,92.29,92.44,92.285,92.43,98279.00
2025-12-05 14:25:00-05:00,92.43,92.48,92.375,92.45,89555.00
2025-12-05 14:30:00-05:00,92.45,92.55,92.4,92.435,65012.00
2025-12-05 14:35:00-05:00,92.425,92.4265,92.29,92.34,30350.00
2025-12-05 14:40:00-05:00,92.325,92.37,92.2,92.26,62129.00
2025-12-05 14:45:00-05:00,92.26,92.3,92.225,92.24,33635.00
2025-12-05 14:50:00-05:00,92.24,92.295,92.21,92.25,37448.00
2025-12-05 14:55:00-05:00,92.2607,92.29,92.215,92.275,32514.00
2025-12-05 15:00:00-05:00,92.275,92.555,92.273,92.5461,152279.00
2025-12-05 15:05:00-05:00,92.56,92.655,92.54,92.65,111783.00
2025-12-05 15:10:00-05:00,92.64,92.69,92.5779,92.597,102445.00
2025-12-05 15:15:00-05:00,92.59,92.6538,92.485,92.5301,79197.00
2025-12-05 15:20:00-05:00,92.545,92.585,92.4275,92.435,72784.00
2025-12-05 15:25:00-05:00,92.435,92.448,92.1326,92.265,59761.00
2025-12-05 15:30:00-05:00,92.265,92.32,92.11,92.23,85933.00
2025-12-05 15:35:00-05:00,92.23,92.34,92.21,92.28,88889.00
2025-12-05 15:40:00-05:00,92.28,92.285,92.08,92.21,84154.00
2025-12-05 15:45:00-05:00,92.21,92.215,92.01,92.12,90501.00
2025-12-05 15:50:00-05:00,92.12,92.19,92.06,92.18,156514.00
2025-12-05 15:55:00-05:00,92.18,92.23,92.125,92.18,390333.00
2025-12-08 09:30:00-05:00,92.605,92.82,91.48,91.7186,215305.00
2025-12-08 09:35:00-05:00,91.695,91.827,90.9,90.9599,123181.00
2025-12-08 09:40:00-05:00,90.96,91.29,90.96,91.13,105874.00
2025-12-08 09:45:00-05:00,91.13,91.3869,90.94,91.19,87159.00
2025-12-08 09:50:00-05:00,91.18,91.465,91.16,91.3,313877.00
2025-12-08 09:55:00-05:00,91.335,91.43,91.22,91.36,84808.00
2025-12-08 10:00:00-05:00,91.36,91.49,91.23,91.28,142968.00
2025-12-08 10:05:00-05:00,91.28,91.41,91.14,91.24,74002.00
2025-12-08 10:10:00-05:00,91.185,91.48,91.175,91.18,60819.00
2025-12-08 10:15:00-05:00,91.21,91.65,91.21,91.65,45666.00
2025-12-08 10:20:00-05:00,91.64,92.1376,91.64,92.1305,79815.00
2025-12-08 10:25:00-05:00,92.1365,92.79,92.08,92.58,116248.00
2025-12-08 10:30:00-05:00,92.57,92.71,92.44,92.635,71011.00
2025-12-08 10:35:00-05:00,92.62,92.83,92.5666,92.79,81244.00
2025-12-08 10:40:00-05:00,92.795,92.91,92.75,92.9,144887.00
2025-12-08 10:45:00-05:00,92.91,93.17,92.91,93.07,104446.00
2025-12-08 10:50:00-05:00,93.06,93.4115,93.05,93.35,96248.00
2025-12-08 10:55:00-05:00,93.35,93.64,93.35,93.52,98890.00
2025-12-08 11:00:00-05:00,93.51,93.5341,93.195,93.39,150947.00
2025-12-08 11:05:00-05:00,93.36,93.49,93.255,93.41,61295.00
2025-12-08 11:10:00-05:00,93.39,93.47,93.23,93.255,64457.00
2025-12-08 11:15:00-05:00,93.28,93.315,92.96,93,72722.00
2025-12-08 11:20:00-05:00,93.015,93.4,92.99,93.4,112284.00
2025-12-08 11:25:00-05:00,93.39,93.68,93.2609,93.595,102155.00
2025-12-08 11:30:00-05:00,93.63,93.71,93.425,93.425,42341.00
2025-12-08 11:35:00-05:00,93.415,93.45,93.36,93.43,36264.00
2025-12-08 11:40:00-05:00,93.4104,93.55,93.3,93.53,68595.00
2025-12-08 11:45:00-05:00,93.525,93.555,93.4601,93.4825,52876.00
2025-12-08 11:50:00-05:00,93.4707,93.52,93.1,93.17,53939.00
2025-12-08 11:55:00-05:00,93.15,93.19,93.02,93.16,50473.00
2025-12-08 12:00:00-05:00,93.16,93.42,93.16,93.27,45954.00
2025-12-08 12:05:00-05:00,93.28,93.31,93.2001,93.265,30006.00
2025-12-08 12:10:00-05:00,93.2675,93.325,93.23,93.249,37234.00
2025-12-08 12:15:00-05:00,93.24,93.29,93.15,93.24,31014.00
2025-12-08 12:20:00-05:00,93.24,93.275,93.12,93.125,42695.00
2025-12-08 12:25:00-05:00,93.12,93.21,92.985,93.045,66376.00
2025-12-08 12:30:00-05:00,93.04,93.2813,93.0395,93.2201,40988.00
2025-12-08 12:35:00-05:00,93.22,93.33,93.18,93.23,36005.00
2025-12-08 12:40:00-05:00,93.23,93.49,93.23,93.41,30332.00
2025-12-08 12:45:00-05:00,93.4,93.41,93.31,93.3144,23104.00
2025-12-08 12:50:00-05:00,93.32,93.44,93.313,93.41,43337.00
2025-12-08 12:55:00-05:00,93.42,93.49,93.3382,93.44,35060.00
2025-12-08 13:00:00-05:00,93.46,93.47,93.375,93.375,49117.00
2025-12-08 13:05:00-05:00,93.3899,93.4399,93.25,93.305,33698.00
2025-12-08 13:10:00-05:00,93.305,93.435,93.18,93.39,38215.00
2025-12-08 13:15:00-05:00,93.39,93.48,93.335,93.335,45280.00
2025-12-08 13:20:00-05:00,93.36,93.38,93.15,93.3,59352.00
2025-12-08 13:25:00-05:00,93.3,93.32,93.15,93.15,25945.00
2025-12-08 13:30:00-05:00,93.16,93.23,93,93.07,56002.00
2025-12-08 13:35:00-05:00,93.065,93.065,92.81,92.9301,56648.00
2025-12-08 13:40:00-05:00,92.93,93.08,92.88,93.07,48412.00
2025-12-08 13:45:00-05:00,93.055,93.23,93.04,93.1473,38156.00
2025-12-08 13:50:00-05:00,93.15,93.19,93.0501,93.1296,48344.00
2025-12-08 13:55:00-05:00,93.13,93.2,93.095,93.19,50360.00
2025-12-08 14:00:00-05:00,93.18,93.26,93.08,93.18,38781.00
2025-12-08 14:05:00-05:00,93.185,93.22,93.12,93.18,36990.00
2025-12-08 14:10:00-05:00,93.1764,93.21,93,93,42693.00
2025-12-08 14:15:00-05:00,93.02,93.095,92.93,93.08,31214.00
2025-12-08 14:20:00-05:00,93.085,93.23,93.05,93.1195,52971.00
2025-12-08 14:25:00-05:00,93.1301,93.27,93.01,93.215,84255.00
2025-12-08 14:30:00-05:00,93.19,93.36,93.19,93.347,62213.00
2025-12-08 14:35:00-05:00,93.35,93.42,93.305,93.41,46470.00
2025-12-08 14:40:00-05:00,93.43,93.47,93.37,93.405,47263.00
2025-12-08 14:45:00-05:00,93.3999,93.4005,93.28,93.3,45402.00
2025-12-08 14:50:00-05:00,93.3,93.3,93.185,93.29,44254.00
2025-12-08 14:55:00-05:00,93.31,93.39,93.225,93.38,43181.00
2025-12-08 15:00:00-05:00,93.38,93.44,93.35,93.3812,39204.00
2025-12-08 15:05:00-05:00,93.38,93.399,93.17,93.18,49312.00
2025-12-08 15:10:00-05:00,93.18,93.31,93.18,93.24,51510.00
2025-12-08 15:15:00-05:00,93.245,93.3509,93.15,93.15,66489.00
2025-12-08 15:20:00-05:00,93.15,93.185,93.05,93.12,67908.00
2025-12-08 15:25:00-05:00,93.1,93.1215,93.015,93.02,91187.00
2025-12-08 15:30:00-05:00,93.01,93.01,92.7001,92.94,78020.00
2025-12-08 15:35:00-05:00,92.95,93.16,92.9401,93.155,119157.00
2025-12-08 15:40:00-05:00,93.14,93.145,92.99,93.03,147987.00
2025-12-08 15:45:00-05:00,92.99,93.02,92.9,93.01,93817.00
2025-12-08 15:50:00-05:00,93.04,93.07,92.86,92.875,119376.00
2025-12-08 15:55:00-05:00,92.88,93.09,92.85,93.085,378020.00
2025-12-09 09:30:00-05:00,92.51,92.93,92.31,92.7397,84052.00
2025-12-09 09:35:00-05:00,92.735,92.97,92.555,92.91,42604.00
2025-12-09 09:40:00-05:00,92.895,93,92.73,92.94,79453.00
2025-12-09 09:45:00-05:00,92.92,93.1499,92.85,93.0963,57552.00
2025-12-09 09:50:00-05:00,93.12,93.37,92.95,93.175,72335.00
2025-12-09 09:55:00-05:00,93.175,93.29,93.045,93.13,58227.00
2025-12-09 10:00:00-05:00,93.11,93.366,93.08,93.33,53299.00
2025-12-09 10:05:00-05:00,93.335,93.4,93.1115,93.385,44196.00
2025-12-09 10:10:00-05:00,93.41,93.48,93.2851,93.34,49717.00
2025-12-09 10:15:00-05:00,93.335,93.51,93.33,93.42,72580.00
2025-12-09 10:20:00-05:00,93.45,93.7,93.42,93.4468,55090.00
2025-12-09 10:25:00-05:00,93.47,93.5672,93.26,93.47,54747.00
2025-12-09 10:30:00-05:00,93.5,93.589,93.45,93.4794,28603.00
2025-12-09 10:35:00-05:00,93.485,93.667,93.485,93.61,44937.00
2025-12-09 10:40:00-05:00,93.6,93.695,93.52,93.615,59134.00
2025-12-09 10:45:00-05:00,93.6206,93.67,93.5,93.53,27376.00
2025-12-09 10:50:00-05:00,93.55,93.645,93.44,93.5707,28618.00
2025-12-09 10:55:00-05:00,93.58,93.655,93.5,93.5,39253.00
2025-12-09 11:00:00-05:00,93.49,93.5065,93.26,93.42,39289.00
2025-12-09 11:05:00-05:00,93.42,93.46,93.25,93.26,39681.00
2025-12-09 11:10:00-05:00,93.2842,93.475,93.21,93.42,43683.00
2025-12-09 11:15:00-05:00,93.43,93.58,93.39,93.48,47064.00
2025-12-09 11:20:00-05:00,93.46,93.555,93.39,93.555,38061.00
2025-12-09 11:25:00-05:00,93.5403,93.555,93.24,93.34,46369.00
2025-12-09 11:30:00-05:00,93.34,93.46,93.2,93.38,30814.00
2025-12-09 11:35:00-05:00,93.38,93.485,93.31,93.46,56130.00
2025-12-09 11:40:00-05:00,93.455,93.48,93.245,93.32,51842.00
2025-12-09 11:45:00-05:00,93.35,93.425,93.3202,93.39,22683.00
2025-12-09 11:50:00-05:00,93.39,93.462,93.39,93.4451,21727.00
2025-12-09 11:55:00-05:00,93.45,93.52,93.44,93.495,22689.00
2025-12-09 12:00:00-05:00,93.52,93.59,93.5,93.5,24567.00
2025-12-09 12:05:00-05:00,93.49,93.5527,93.36,93.425,32226.00
2025-12-09 12:10:00-05:00,93.435,93.48,93.34,93.34,20056.00
2025-12-09 12:15:00-05:00,93.34,93.355,93.23,93.23,25011.00
2025-12-09 12:20:00-05:00,93.23,93.35,93.19,93.35,28291.00
2025-12-09 12:25:00-05:00,93.38,93.42,93.2945,93.3073,43329.00
2025-12-09 12:30:00-05:00,93.305,93.36,93.225,93.36,38575.00
2025-12-09 12:35:00-05:00,93.33,93.33,93.2106,93.23,20025.00
2025-12-09 12:40:00-05:00,93.2101,93.24,93.1,93.1225,28283.00
2025-12-09 12:45:00-05:00,93.1,93.15,92.87,92.87,73467.00
2025-12-09 12:50:00-05:00,92.84,92.92,92.66,92.87,58450.00
2025-12-09 12:55:00-05:00,92.88,93.14,92.875,93.0695,39816.00
2025-12-09 13:00:00-05:00,93.065,93.165,93.02,93.1301,29994.00
2025-12-09 13:05:00-05:00,93.13,93.13,92.99,93.105,23213.00
2025-12-09 13:10:00-05:00,93.1,93.1,93.0367,93.045,24802.00
2025-12-09 13:15:00-05:00,93.045,93.13,93.01,93.1,26022.00
2025-12-09 13:20:00-05:00,93.095,93.095,93.03,93.03,31295.00
2025-12-09 13:25:00-05:00,93.03,93.1816,93.01,93.065,25606.00
2025-12-09 13:30:00-05:00,93.07,93.2,93.07,93.095,25998.00
2025-12-09 13:35:00-05:00,93.0806,93.12,93.0268,93.06,18954.00
2025-12-09 13:40:00-05:00,93.085,93.085,93,93.02,29554.00
2025-12-09 13:45:00-05:00,93.02,93.05,92.9438,93.04,18842.00
2025-12-09 13:50:00-05:00,93.04,93.055,92.98,93.01,18747.00
2025-12-09 13:55:00-05:00,93.02,93.06,92.9914,93.01,15465.00
2025-12-09 14:00:00-05:00,93.007,93.26,93.007,93.23,38736.00
2025-12-09 14:05:00-05:00,93.22,93.27,93.175,93.19,24598.00
2025-12-09 14:10:00-05:00,93.1701,93.2,93.15,93.195,16623.00
2025-12-09 14:15:00-05:00,93.19,93.25,93.105,93.115,29691.00
2025-12-09 14:20:00-05:00,93.1,93.3099,93.08,93.09,76067.00
2025-12-09 14:25:00-05:00,93.09,93.17,93.035,93.14,28753.00
2025-12-09 14:30:00-05:00,93.145,93.245,93.145,93.2,27336.00
2025-12-09 14:35:00-05:00,93.2088,93.235,93.14,93.21,29545.00
2025-12-09 14:40:00-05:00,93.23,93.445,93.12,93.35,44675.00
2025-12-09 14:45:00-05:00,93.35,93.4365,93.3,93.4365,17081.00
2025-12-09 14:50:00-05:00,93.45,93.59,93.45,93.56,40692.00
2025-12-09 14:55:00-05:00,93.575,93.64,93.54,93.59,43723.00
2025-12-09 15:00:00-05:00,93.59,93.74,93.57,93.67,93073.00
2025-12-09 15:05:00-05:00,93.69,93.7113,93.65,93.6626,28408.00
2025-12-09 15:10:00-05:00,93.665,93.69,93.54,93.6,42663.00
2025-12-09 15:15:00-05:00,93.59,93.76,93.56,93.76,87862.00
2025-12-09 15:20:00-05:00,93.765,93.88,93.73,93.78,61733.00
2025-12-09 15:25:00-05:00,93.8,93.97,93.8,93.885,59496.00
2025-12-09 15:30:00-05:00,93.87,93.98,93.81,93.955,86050.00
2025-12-09 15:35:00-05:00,93.95,93.97,93.85,93.9,85339.00
2025-12-09 15:40:00-05:00,93.89,93.965,93.881,93.95,83394.00
2025-12-09 15:45:00-05:00,93.95,93.98,93.855,93.92,90910.00
2025-12-09 15:50:00-05:00,93.91,93.91,93.65,93.67,184457.00
2025-12-09 15:55:00-05:00,93.69,93.82,93.6,93.621,367941.00
2025-12-10 09:30:00-05:00,93.87,94.05,93.75,93.84,132889.00
2025-12-10 09:35:00-05:00,93.81,93.86,93.6001,93.74,54370.00
2025-12-10 09:40:00-05:00,93.7322,93.99,93.6181,93.92,45801.00
2025-12-10 09:45:00-05:00,93.913,94.57,93.86,94.545,134399.00
2025-12-10 09:50:00-05:00,94.545,94.75,94.37,94.75,90664.00
2025-12-10 09:55:00-05:00,94.77,95.17,94.7,94.74,152678.00
2025-12-10 10:00:00-05:00,94.76,94.82,94.24,94.255,86050.00
2025-12-10 10:05:00-05:00,94.265,94.6,94.175,94.6,79584.00
2025-12-10 10:10:00-05:00,94.585,94.88,94.48,94.86,51733.00
2025-12-10 10:15:00-05:00,94.85,94.9,94.4901,94.55,48898.00
2025-12-10 10:20:00-05:00,94.53,94.53,94.225,94.2501,49895.00
2025-12-10 10:25:00-05:00,94.25,94.43,94.1901,94.37,36153.00
2025-12-10 10:30:00-05:00,94.35,94.467,94.13,94.17,44263.00
2025-12-10 10:35:00-05:00,94.17,94.26,94.12,94.13,27395.00
2025-12-10 10:40:00-05:00,94.12,94.53,94.11,94.53,78826.00
2025-12-10 10:45:00-05:00,94.53,94.6,94.41,94.45,47271.00
2025-12-10 10:50:00-05:00,94.455,94.4743,94.4,94.46,24719.00
2025-12-10 10:55:00-05:00,94.465,94.465,94.17,94.2,68437.00
2025-12-10 11:00:00-05:00,94.2,94.2095,93.95,94.085,47081.00
2025-12-10 11:05:00-05:00,94.08,94.2,94.02,94.0398,34567.00
2025-12-10 11:10:00-05:00,94.025,94.24,93.985,94.1895,28221.00
2025-12-10 11:15:00-05:00,94.185,94.2248,94.06,94.095,24704.00
2025-12-10 11:20:00-05:00,94.0717,94.1811,94.035,94.135,22720.00
2025-12-10 11:25:00-05:00,94.1461,94.17,94,94,31448.00
2025-12-10 11:30:00-05:00,93.99,94.02,93.89,93.98,31888.00
2025-12-10 11:35:00-05:00,93.99,94.12,93.95,93.97,25875.00
2025-12-10 11:40:00-05:00,93.94,93.95,93.86,93.945,28512.00
2025-12-10 11:45:00-05:00,93.955,94.05,93.93,94.02,21203.00
2025-12-10 11:50:00-05:00,94,94,93.81,93.846,22079.00
2025-12-10 11:55:00-05:00,93.86,93.89,93.79,93.825,41664.00
2025-12-10 12:00:00-05:00,93.78,93.78,93.63,93.67,39100.00
2025-12-10 12:05:00-05:00,93.672,93.672,93.5001,93.55,31808.00
2025-12-10 12:10:00-05:00,93.555,93.73,93.52,93.555,128987.00
2025-12-10 12:15:00-05:00,93.54,93.59,93.48,93.49,33878.00
2025-12-10 12:20:00-05:00,93.48,93.56,93.4,93.4,31605.00
2025-12-10 12:25:00-05:00,93.43,93.537,93.4,93.4895,25678.00
2025-12-10 12:30:00-05:00,93.5,93.5,93.28,93.28,38051.00
2025-12-10 12:35:00-05:00,93.28,93.31,93.045,93.045,40655.00
2025-12-10 12:40:00-05:00,93.064,93.14,93,93.1262,52559.00
2025-12-10 12:45:00-05:00,93.14,93.23,93.07,93.22,47628.00
2025-12-10 12:50:00-05:00,93.22,93.33,93.2,93.21,46027.00
2025-12-10 12:55:00-05:00,93.22,93.23,93.15,93.1936,29764.00
2025-12-10 13:00:00-05:00,93.2,93.21,93.03,93.11,27910.00
2025-12-10 13:05:00-05:00,93.115,93.14,93,93.08,73671.00
2025-12-10 13:10:00-05:00,93.085,93.18,92.9908,93.0876,55882.00
2025-12-10 13:15:00-05:00,93.09,93.16,93.0323,93.042,59148.00
2025-12-10 13:20:00-05:00,93.05,93.1199,92.94,93.06,140881.00
2025-12-10 13:25:00-05:00,93.085,93.68,93.085,93.66,179882.00
2025-12-10 13:30:00-05:00,93.68,93.78,93.44,93.49,38806.00
2025-12-10 13:35:00-05:00,93.5,93.55,93.42,93.45,40138.00
2025-12-10 13:40:00-05:00,93.4464,93.46,93.06,93.0975,57002.00
2025-12-10 13:45:00-05:00,93.089,93.31,93.089,93.19,88592.00
2025-12-10 13:50:00-05:00,93.19,93.325,93.15,93.29,147935.00
2025-12-10 13:55:00-05:00,93.31,93.315,93.215,93.31,34173.00
2025-12-10 14:00:00-05:00,93.33,93.615,93.31,93.4359,146270.00
2025-12-10 14:05:00-05:00,93.46,93.695,93.2875,93.695,45353.00
2025-12-10 14:10:00-05:00,93.69,93.72,93.57,93.63,38586.00
2025-12-10 14:15:00-05:00,93.62,93.765,93.61,93.6501,49911.00
2025-12-10 14:20:00-05:00,93.65,93.65,93.365,93.365,36520.00
2025-12-10 14:25:00-05:00,93.375,93.5,93.265,93.5,37073.00
2025-12-10 14:30:00-05:00,93.5,94.095,93.4675,94.05,83112.00
2025-12-10 14:35:00-05:00,94.05,94.31,93.94,94.22,67087.00
2025-12-10 14:40:00-05:00,94.22,94.22,93.67,93.78,62024.00
2025-12-10 14:45:00-05:00,93.78,94.165,93.78,94.06,33726.00
2025-12-10 14:50:00-05:00,94.03,94.25,93.9,94.21,108141.00
2025-12-10 14:55:00-05:00,94.22,94.6195,94.11,94.6,160092.00
2025-12-10 15:00:00-05:00,94.57,94.75,94.3124,94.735,89787.00
2025-12-10 15:05:00-05:00,94.75,94.98,94.741,94.91,114787.00
2025-12-10 15:10:00-05:00,94.911,95.28,94.8446,95.28,184151.00
2025-12-10 15:15:00-05:00,95.27,95.3,95.05,95.105,83397.00
2025-12-10 15:20:00-05:00,95.115,95.4,95.03,95.13,105931.00
2025-12-10 15:25:00-05:00,95.11,95.25,95.03,95.2,69763.00
2025-12-10 15:30:00-05:00,95.17,95.18,95.035,95.075,98415.00
2025-12-10 15:35:00-05:00,95.09,95.175,94.91,95.01,126415.00
2025-12-10 15:40:00-05:00,95.02,95.035,94.78,94.86,105410.00
2025-12-10 15:45:00-05:00,94.86,94.9,94.6,94.69,130596.00
2025-12-10 15:50:00-05:00,94.7,94.87,94.61,94.72,203475.00
2025-12-10 15:55:00-05:00,94.72,94.735,94.51,94.62,512034.00
2025-12-11 09:30:00-05:00,94.78,95.24,94.78,94.96,151084.00
2025-12-11 09:35:00-05:00,95.005,95.5,94.9,95.39,81873.00
2025-12-11 09:40:00-05:00,95.4,96.38,95.4,96.215,338945.00
2025-12-11 09:45:00-05:00,96.2607,96.44,96.1306,96.35,163098.00
2025-12-11 09:50:00-05:00,96.375,96.49,95.85,95.89,100098.00
2025-12-11 09:55:00-05:00,95.885,96.791,95.885,96.7884,179701.00
2025-12-11 10:00:00-05:00,96.8,96.87,96.385,96.68,186460.00
2025-12-11 10:05:00-05:00,96.66,96.86,96.245,96.435,101336.00
2025-12-11 10:10:00-05:00,96.435,96.44,96.16,96.17,54701.00
2025-12-11 10:15:00-05:00,96.17,96.345,96.0477,96.345,58866.00
2025-12-11 10:20:00-05:00,96.3,96.35,96.04,96.06,45934.00
2025-12-11 10:25:00-05:00,96.07,96.39,96.02,96.32,64788.00
2025-12-11 10:30:00-05:00,96.3,96.32,96.1,96.12,27880.00
2025-12-11 10:35:00-05:00,96.1227,96.25,96.035,96.201,36234.00
2025-12-11 10:40:00-05:00,96.21,96.34,96.13,96.19,41447.00
2025-12-11 10:45:00-05:00,96.2,96.39,96.02,96.03,102352.00
2025-12-11 10:50:00-05:00,96.0101,96.3675,95.93,96.31,110191.00
2025-12-11 10:55:00-05:00,96.32,96.69,96.32,96.6715,70363.00
2025-12-11 11:00:00-05:00,96.675,96.72,96.54,96.55,63588.00
2025-12-11 11:05:00-05:00,96.55,96.91,96.55,96.7344,56296.00
2025-12-11 11:10:00-05:00,96.72,96.93,96.7126,96.905,98771.00
2025-12-11 11:15:00-05:00,96.9038,97.05,96.8701,96.9,153023.00
2025-12-11 11:20:00-05:00,96.89,96.97,96.78,96.86,41656.00
2025-12-11 11:25:00-05:00,96.89,96.99,96.83,96.915,44064.00
2025-12-11 11:30:00-05:00,96.92,97.05,96.906,96.94,68991.00
2025-12-11 11:35:00-05:00,96.98,97.055,96.8976,96.8976,129979.00
2025-12-11 11:40:00-05:00,96.88,97.15,96.86,97.01,131770.00
2025-12-11 11:45:00-05:00,96.98,96.985,96.83,96.88,28859.00
2025-12-11 11:50:00-05:00,96.885,96.89,96.645,96.6816,34786.00
2025-12-11 11:55:00-05:00,96.685,96.89,96.61,96.875,36636.00
2025-12-11 12:00:00-05:00,96.875,96.925,96.7,96.75,24832.00
2025-12-11 12:05:00-05:00,96.76,96.85,96.6901,96.73,36748.00
2025-12-11 12:10:00-05:00,96.79,97.18,96.79,97.06,181931.00
2025-12-11 12:15:00-05:00,97.045,97.1,96.945,96.95,47743.00
2025-12-11 12:20:00-05:00,96.9551,96.985,96.8901,96.95,40837.00
2025-12-11 12:25:00-05:00,96.95,97.035,96.945,96.995,20997.00
2025-12-11 12:30:00-05:00,96.993,97.06,96.95,97.01,38250.00
2025-12-11 12:35:00-05:00,97.005,97.005,96.74,96.76,29207.00
2025-12-11 12:40:00-05:00,96.8199,96.93,96.7,96.85,30662.00
2025-12-11 12:45:00-05:00,96.88,96.91,96.65,96.69,35991.00
2025-12-11 12:50:00-05:00,96.63,96.77,96.56,96.7,48435.00
2025-12-11 12:55:00-05:00,96.7,96.93,96.68,96.89,40623.00
2025-12-11 13:00:00-05:00,96.895,96.92,96.81,96.81,18369.00
2025-12-11 13:05:00-05:00,96.83,96.98,96.8101,96.94,36353.00
2025-12-11 13:10:00-05:00,96.94,96.98,96.9101,96.93,27501.00
2025-12-11 13:15:00-05:00,96.92,96.96,96.8332,96.8332,57399.00
2025-12-11 13:20:00-05:00,96.82,97.055,96.81,97.04,43364.00
2025-12-11 13:25:00-05:00,97.04,97.15,96.94,96.96,60285.00
2025-12-11 13:30:00-05:00,96.96,97,96.889,97,33720.00
2025-12-11 13:35:00-05:00,97,97.05,96.84,96.89,43791.00
2025-12-11 13:40:00-05:00,96.89,96.92,96.76,96.8,41725.00
2025-12-11 13:45:00-05:00,96.8,96.81,96.63,96.64,41632.00
2025-12-11 13:50:00-05:00,96.66,96.699,96.5,96.615,45311.00
2025-12-11 13:55:00-05:00,96.61,96.66,96.53,96.605,37261.00
2025-12-11 14:00:00-05:00,96.58,96.71,96.58,96.6,48446.00
2025-12-11 14:05:00-05:00,96.605,96.605,96.29,96.32,43897.00
2025-12-11 14:10:00-05:00,96.33,96.36,96.2,96.235,45584.00
2025-12-11 14:15:00-05:00,96.25,96.38,96.21,96.38,38896.00
2025-12-11 14:20:00-05:00,96.41,96.44,96.36,96.405,28055.00
2025-12-11 14:25:00-05:00,96.4,96.51,96.3898,96.49,24435.00
2025-12-11 14:30:00-05:00,96.48,96.575,96.46,96.54,28927.00
2025-12-11 14:35:00-05:00,96.525,96.5701,96.37,96.5701,37160.00
2025-12-11 14:40:00-05:00,96.5767,96.64,96.56,96.64,35843.00
2025-12-11 14:45:00-05:00,96.6286,96.72,96.6,96.71,30711.00
2025-12-11 14:50:00-05:00,96.71,96.79,96.64,96.77,54947.00
2025-12-11 14:55:00-05:00,96.76,96.785,96.68,96.745,43932.00
2025-12-11 15:00:00-05:00,96.745,96.84,96.73,96.79,40801.00
2025-12-11 15:05:00-05:00,96.79,96.92,96.76,96.92,42065.00
2025-12-11 15:10:00-05:00,96.915,96.915,96.84,96.8735,61524.00
2025-12-11 15:15:00-05:00,96.881,96.9,96.8,96.83,57760.00
2025-12-11 15:20:00-05:00,96.831,96.94,96.83,96.86,56175.00
2025-12-11 15:25:00-05:00,96.855,96.855,96.77,96.8013,61199.00
2025-12-11 15:30:00-05:00,96.81,96.99,96.81,96.92,59848.00
2025-12-11 15:35:00-05:00,96.935,96.95,96.86,96.93,49845.00
2025-12-11 15:40:00-05:00,96.93,96.98,96.82,96.87,66325.00
2025-12-11 15:45:00-05:00,96.87,96.97,96.73,96.785,116500.00
2025-12-11 15:50:00-05:00,96.8,96.96,96.8,96.87,150756.00
2025-12-11 15:55:00-05:00,96.86,96.97,96.75,96.97,344487.00
2025-12-12 09:30:00-05:00,97.25,97.9,97.25,97.72,220403.00
2025-12-12 09:35:00-05:00,97.75,98,97.632,97.8675,177278.00
2025-12-12 09:40:00-05:00,97.84,98.1,97.76,98.05,137508.00
2025-12-12 09:45:00-05:00,98.08,98.2,97.93,97.93,223532.00
2025-12-12 09:50:00-05:00,97.93,97.99,97.6959,97.8148,79127.00
2025-12-12 09:55:00-05:00,97.78,97.91,97.7,97.72,61684.00
2025-12-12 10:00:00-05:00,97.7248,97.87,97.6726,97.75,76511.00
2025-12-12 10:05:00-05:00,97.83,97.9099,97.68,97.9044,66224.00
2025-12-12 10:10:00-05:00,97.86,97.92,97.54,97.56,45809.00
2025-12-12 10:15:00-05:00,97.6283,97.77,97.6,97.62,38897.00
2025-12-12 10:20:00-05:00,97.65,97.71,97.52,97.55,47107.00
2025-12-12 10:25:00-05:00,97.54,97.735,97.46,97.69,81586.00
2025-12-12 10:30:00-05:00,97.66,97.74,97.51,97.65,45118.00
2025-12-12 10:35:00-05:00,97.611,97.77,97.5601,97.595,35979.00
2025-12-12 10:40:00-05:00,97.5799,97.5799,97.14,97.14,48006.00
2025-12-12 10:45:00-05:00,97.09,97.15,96.9,97.13,108886.00
2025-12-12 10:50:00-05:00,97.05,97.07,96.78,96.815,36997.00
2025-12-12 10:55:00-05:00,96.79,96.7943,96.574,96.64,76575.00
2025-12-12 11:00:00-05:00,96.64,96.81,96.53,96.53,130673.00
2025-12-12 11:05:00-05:00,96.5,96.69,96.43,96.64,61581.00
2025-12-12 11:10:00-05:00,96.62,96.68,96.47,96.66,108158.00
2025-12-12 11:15:00-05:00,96.71,96.71,96.4401,96.535,62129.00
2025-12-12 11:20:00-05:00,96.55,96.58,96.37,96.53,46375.00
2025-12-12 11:25:00-05:00,96.55,96.7244,96.51,96.7019,21171.00
2025-12-12 11:30:00-05:00,96.6801,96.685,96.53,96.62,65327.00
2025-12-12 11:35:00-05:00,96.59,96.68,96.41,96.5,51023.00
2025-12-12 11:40:00-05:00,96.48,96.58,96.41,96.55,37762.00
2025-12-12 11:45:00-05:00,96.56,96.56,96.43,96.435,40315.00
2025-12-12 11:50:00-05:00,96.41,96.46,96.25,96.43,58460.00
2025-12-12 11:55:00-05:00,96.39,96.51,96.33,96.51,27367.00
2025-12-12 12:00:00-05:00,96.57,96.61,96.4,96.5,21526.00
2025-12-12 12:05:00-05:00,96.5,96.585,96.43,96.49,25354.00
2025-12-12 12:10:00-05:00,96.53,96.54,96.45,96.5298,20234.00
2025-12-12 12:15:00-05:00,96.53,96.7,96.51,96.68,39148.00
2025-12-12 12:20:00-05:00,96.6819,96.71,96.59,96.59,33130.00
2025-12-12 12:25:00-05:00,96.59,96.59,96.385,96.46,22907.00
2025-12-12 12:30:00-05:00,96.485,96.63,96.45,96.535,12961.00
2025-12-12 12:35:00-05:00,96.49,96.63,96.49,96.63,15960.00
2025-12-12 12:40:00-05:00,96.62,96.6308,96.49,96.53,13490.00
2025-12-12 12:45:00-05:00,96.5,96.58,96.44,96.52,27759.00
2025-12-12 12:50:00-05:00,96.54,96.54,96.44,96.4698,26562.00
2025-12-12 12:55:00-05:00,96.47,96.58,96.45,96.545,32790.00
2025-12-12 13:00:00-05:00,96.54,96.67,96.5,96.55,38213.00
2025-12-12 13:05:00-05:00,96.55,96.63,96.5473,96.63,13765.00
2025-12-12 13:10:00-05:00,96.61,96.75,96.5717,96.69,23075.00
2025-12-12 13:15:00-05:00,96.705,96.785,96.675,96.72,32861.00
2025-12-12 13:20:00-05:00,96.7175,96.75,96.528,96.555,40634.00
2025-12-12 13:25:00-05:00,96.6,96.66,96.56,96.61,12135.00
2025-12-12 13:30:00-05:00,96.61,96.64,96.5325,96.565,20468.00
2025-12-12 13:35:00-05:00,96.59,96.6072,96.51,96.555,32884.00
2025-12-12 13:40:00-05:00,96.553,96.68,96.545,96.635,23601.00
2025-12-12 13:45:00-05:00,96.645,96.77,96.62,96.77,28310.00
2025-12-12 13:50:00-05:00,96.75,96.85,96.72,96.85,21114.00
2025-12-12 13:55:00-05:00,96.84,96.8984,96.7,96.74,36924.00
2025-12-12 14:00:00-05:00,96.7373,96.8,96.69,96.78,23343.00
2025-12-12 14:05:00-05:00,96.79,96.8,96.68,96.695,40840.00
2025-12-12 14:10:00-05:00,96.695,96.75,96.63,96.75,24548.00
2025-12-12 14:15:00-05:00,96.77,97.07,96.77,97.03,48293.00
2025-12-12 14:20:00-05:00,97.045,97.1008,96.97,97.1008,46094.00
2025-12-12 14:25:00-05:00,97.11,97.28,97.1,97.2619,58088.00
2025-12-12 14:30:00-05:00,97.3,97.37,97.06,97.095,51204.00
2025-12-12 14:35:00-05:00,97.087,97.25,97.071,97.15,30342.00
2025-12-12 14:40:00-05:00,97.15,97.19,97.08,97.14,45185.00
2025-12-12 14:45:00-05:00,97.13,97.23,97.13,97.18,30728.00
2025-12-12 14:50:00-05:00,97.19,97.259,97.1651,97.21,42723.00
2025-12-12 14:55:00-05:00,97.215,97.24,97.15,97.24,33118.00
2025-12-12 15:00:00-05:00,97.25,97.335,97.21,97.21,60378.00
2025-12-12 15:05:00-05:00,97.2,97.24,97.14,97.16,43769.00
2025-12-12 15:10:00-05:00,97.17,97.25,97.155,97.185,46303.00
2025-12-12 15:15:00-05:00,97.18,97.195,97.09,97.135,43293.00
2025-12-12 15:20:00-05:00,97.12,97.279,97.108,97.24,46629.00
2025-12-12 15:25:00-05:00,97.23,97.235,97.02,97.04,57513.00
2025-12-12 15:30:00-05:00,97.04,97.06,96.9,96.9502,50219.00
2025-12-12 15:35:00-05:00,96.96,96.97,96.92,96.93,43730.00
2025-12-12 15:40:00-05:00,96.95,97.035,96.95,97,105271.00
2025-12-12 15:45:00-05:00,97.01,97.06,96.965,97.01,91520.00
2025-12-12 15:50:00-05:00,97.02,97.05,96.9301,97.01,199701.00
2025-12-12 15:55:00-05:00,97.01,97.19,96.99,97.09,412519.00
2025-12-15 09:30:00-05:00,97.56,97.8,96.995,97.28,157076.00
2025-12-15 09:35:00-05:00,97.35,97.4,97.09,97.27,118592.00
2025-12-15 09:40:00-05:00,97.275,97.73,97.275,97.6,132232.00
2025-12-15 09:45:00-05:00,97.61,97.65,97.037,97.04,94098.00
2025-12-15 09:50:00-05:00,97.11,97.16,96.32,96.37,105793.00
2025-12-15 09:55:00-05:00,96.36,96.88,96.31,96.77,103589.00
2025-12-15 10:00:00-05:00,96.8,97.15,96.69,96.77,88395.00
2025-12-15 10:05:00-05:00,96.8,97.11,96.7986,97.0704,49072.00
2025-12-15 10:10:00-05:00,97.06,97.13,96.796,96.925,65986.00
2025-12-15 10:15:00-05:00,96.925,97.11,96.75,97.05,49471.00
2025-12-15 10:20:00-05:00,97,97.08,96.88,96.995,50467.00
2025-12-15 10:25:00-05:00,96.99,97.01,96.81,96.821,70932.00
2025-12-15 10:30:00-05:00,96.86,97.05,96.82,96.8601,84411.00
2025-12-15 10:35:00-05:00,96.89,96.93,96.72,96.785,39310.00
2025-12-15 10:40:00-05:00,96.75,96.97,96.695,96.84,33328.00
2025-12-15 10:45:00-05:00,96.84,97.08,96.75,96.93,91443.00
2025-12-15 10:50:00-05:00,96.95,97.0799,96.725,96.82,40930.00
2025-12-15 10:55:00-05:00,96.805,96.8848,96.731,96.86,26614.00
2025-12-15 11:00:00-05:00,96.88,97.055,96.84,97.02,65895.00
2025-12-15 11:05:00-05:00,97.04,97.07,96.915,97.07,42398.00
2025-12-15 11:10:00-05:00,97.07,97.2863,96.98,97.11,44379.00
2025-12-15 11:15:00-05:00,97.095,97.362,97.06,97.265,39250.00
2025-12-15 11:20:00-05:00,97.26,97.3651,97.14,97.21,40184.00
2025-12-15 11:25:00-05:00,97.19,97.38,97.16,97.32,31838.00
2025-12-15 11:30:00-05:00,97.315,97.34,97.11,97.15,30985.00
2025-12-15 11:35:00-05:00,97.07,97.24,96.9785,97.225,38379.00
2025-12-15 11:40:00-05:00,97.2251,97.31,97.13,97.25,42960.00
2025-12-15 11:45:00-05:00,97.22,97.22,97.05,97.115,36228.00
2025-12-15 11:50:00-05:00,97.1,97.28,96.96,97.175,45818.00
2025-12-15 11:55:00-05:00,97.16,97.23,97.012,97.14,44790.00
2025-12-15 12:00:00-05:00,97.18,97.24,97.12,97.19,31130.00
2025-12-15 12:05:00-05:00,97.21,97.38,97.2,97.34,38510.00
2025-12-15 12:10:00-05:00,97.36,97.4,97.25,97.3145,58912.00
2025-12-15 12:15:00-05:00,97.3099,97.3099,97.22,97.28,33646.00
2025-12-15 12:20:00-05:00,97.275,97.365,97.23,97.32,37518.00
2025-12-15 12:25:00-05:00,97.325,97.405,97.265,97.27,24842.00
2025-12-15 12:30:00-05:00,97.2767,97.3279,97.15,97.17,32538.00
2025-12-15 12:35:00-05:00,97.185,97.35,97.185,97.34,22229.00
2025-12-15 12:40:00-05:00,97.345,97.42,97.33,97.3601,28169.00
2025-12-15 12:45:00-05:00,97.4,97.42,97.2201,97.27,41164.00
2025-12-15 12:50:00-05:00,97.26,97.2901,97.0801,97.29,27359.00
2025-12-15 12:55:00-05:00,97.26,97.445,97.17,97.445,66742.00
2025-12-15 13:00:00-05:00,97.445,97.6639,97.4,97.53,44452.00
2025-12-15 13:05:00-05:00,97.55,97.655,97.55,97.5851,25909.00
2025-12-15 13:10:00-05:00,97.63,97.72,97.6,97.631,37956.00
2025-12-15 13:15:00-05:00,97.64,97.73,97.61,97.61,29558.00
2025-12-15 13:20:00-05:00,97.61,97.61,97.49,97.5003,31879.00
2025-12-15 13:25:00-05:00,97.5,97.63,97.49,97.63,24581.00
2025-12-15 13:30:00-05:00,97.63,97.65,97.51,97.52,27257.00
2025-12-15 13:35:00-05:00,97.51,97.62,97.44,97.56,39914.00
2025-12-15 13:40:00-05:00,97.56,97.65,97.5487,97.64,34067.00
2025-12-15 13:45:00-05:00,97.63,97.69,97.595,97.65,29177.00
2025-12-15 13:50:00-05:00,97.65,97.69,97.62,97.62,34520.00
2025-12-15 13:55:00-05:00,97.62,97.7,97.62,97.64,27905.00
2025-12-15 14:00:00-05:00,97.65,97.72,97.62,97.7006,33947.00
2025-12-15 14:05:00-05:00,97.7168,97.83,97.715,97.73,102683.00
2025-12-15 14:10:00-05:00,97.73,97.775,97.56,97.63,55772.00
2025-12-15 14:15:00-05:00,97.64,97.78,97.62,97.68,46261.00
2025-12-15 14:20:00-05:00,97.675,97.69,97.59,97.62,39427.00
2025-12-15 14:25:00-05:00,97.61,97.68,97.605,97.63,29655.00
2025-12-15 14:30:00-05:00,97.65,97.685,97.57,97.62,40285.00
2025-12-15 14:35:00-05:00,97.62,97.63,97.56,97.56,32590.00
2025-12-15 14:40:00-05:00,97.57,97.6,97.545,97.56,32448.00
2025-12-15 14:45:00-05:00,97.57,97.62,97.57,97.61,32576.00
2025-12-15 14:50:00-05:00,97.61,97.67,97.581,97.67,45437.00
2025-12-15 14:55:00-05:00,97.675,97.69,97.585,97.69,49630.00
2025-12-15 15:00:00-05:00,97.69,97.77,97.57,97.6499,39500.00
2025-12-15 15:05:00-05:00,97.64,97.72,97.58,97.58,41332.00
2025-12-15 15:10:00-05:00,97.575,97.67,97.57,97.63,48056.00
2025-12-15 15:15:00-05:00,97.63,97.665,97.56,97.6,67936.00
2025-12-15 15:20:00-05:00,97.62,97.65,97.565,97.6135,53118.00
2025-12-15 15:25:00-05:00,97.615,97.7,97.57,97.685,53966.00
2025-12-15 15:30:00-05:00,97.67,97.7,97.635,97.665,58965.00
2025-12-15 15:35:00-05:00,97.67,97.79,97.63,97.745,84648.00
2025-12-15 15:40:00-05:00,97.76,97.86,97.75,97.815,75512.00
2025-12-15 15:45:00-05:00,97.815,97.93,97.8,97.875,165352.00
2025-12-15 15:50:00-05:00,97.86,97.8632,97.73,97.73,214846.00
2025-12-15 15:55:00-05:00,97.74,97.79,97.56,97.58,494016.00
2025-12-16 09:30:00-05:00,97.89,98.505,97.8,98.225,285830.00
2025-12-16 09:35:00-05:00,98.207,98.45,98.1201,98.425,42837.00
2025-12-16 09:40:00-05:00,98.4,98.4499,98.1117,98.1494,64378.00
2025-12-16 09:45:00-05:00,98.24,98.35,98.18,98.29,50242.00
2025-12-16 09:50:00-05:00,98.25,98.42,98.01,98.02,40417.00
2025-12-16 09:55:00-05:00,98,98.12,97.76,97.8425,35099.00
2025-12-16 10:00:00-05:00,97.845,97.89,97.29,97.425,65702.00
2025-12-16 10:05:00-05:00,97.4,97.6675,97.4,97.48,45440.00
2025-12-16 10:10:00-05:00,97.3901,97.51,97.1601,97.495,29611.00
2025-12-16 10:15:00-05:00,97.495,97.51,97.2903,97.47,29197.00
2025-12-16 10:20:00-05:00,97.45,97.49,97.21,97.2113,20033.00
2025-12-16 10:25:00-05:00,97.28,97.49,97.05,97.22,35799.00
2025-12-16 10:30:00-05:00,97.195,97.5,97.195,97.38,31166.00
2025-12-16 10:35:00-05:00,97.4,97.82,97.22,97.82,116923.00
2025-12-16 10:40:00-05:00,97.86,98.17,97.79,98.15,65925.00
2025-12-16 10:45:00-05:00,98.16,98.41,98.16,98.37,28793.00
2025-12-16 10:50:00-05:00,98.37,98.45,98.23,98.45,41469.00
2025-12-16 10:55:00-05:00,98.46,98.49,98.35,98.35,46261.00
2025-12-16 11:00:00-05:00,98.375,98.39,98.22,98.235,29631.00
2025-12-16 11:05:00-05:00,98.22,98.28,98.14,98.27,41172.00
2025-12-16 11:10:00-05:00,98.25,98.28,98.14,98.17,22843.00
2025-12-16 11:15:00-05:00,98.16,98.37,98.16,98.3264,35836.00
2025-12-16 11:20:00-05:00,98.33,98.33,98.12,98.1317,36155.00
2025-12-16 11:25:00-05:00,98.13,98.33,98.035,98.33,31027.00
2025-12-16 11:30:00-05:00,98.33,98.52,98.23,98.41,60994.00
2025-12-16 11:35:00-05:00,98.39,98.43,98.28,98.315,23116.00
2025-12-16 11:40:00-05:00,98.31,98.325,98.12,98.23,79215.00
2025-12-16 11:45:00-05:00,98.24,98.2899,98.19,98.2899,18672.00
2025-12-16 11:50:00-05:00,98.29,98.34,97.92,98.015,27686.00
2025-12-16 11:55:00-05:00,98.015,98.07,97.94,97.965,26210.00
2025-12-16 12:00:00-05:00,97.93,98.06,97.86,97.885,21166.00
2025-12-16 12:05:00-05:00,97.9,98.1,97.885,97.95,43099.00
2025-12-16 12:10:00-05:00,97.965,98.16,97.8701,98.04,23138.00
2025-12-16 12:15:00-05:00,98.021,98.2179,98.021,98.19,17261.00
2025-12-16 12:20:00-05:00,98.16,98.1625,98,98.03,15087.00
2025-12-16 12:25:00-05:00,98.015,98.06,97.96,98,18424.00
2025-12-16 12:30:00-05:00,98.0048,98.05,97.875,97.95,20586.00
2025-12-16 12:35:00-05:00,97.9,97.9,97.64,97.6816,33601.00
2025-12-16 12:40:00-05:00,97.68,97.7,97.4701,97.55,58500.00
2025-12-16 12:45:00-05:00,97.545,97.664,97.48,97.664,27343.00
2025-12-16 12:50:00-05:00,97.65,97.86,97.56,97.815,34741.00
2025-12-16 12:55:00-05:00,97.83,97.835,97.49,97.57,24633.00
2025-12-16 13:00:00-05:00,97.585,97.585,97.34,97.49,55689.00
2025-12-16 13:05:00-05:00,97.51,97.525,97.4101,97.495,24574.00
2025-12-16 13:10:00-05:00,97.495,97.52,97.29,97.29,25763.00
2025-12-16 13:15:00-05:00,97.32,97.365,97.25,97.355,100596.00
2025-12-16 13:20:00-05:00,97.35,97.42,97.26,97.42,18941.00
2025-12-16 13:25:00-05:00,97.44,97.47,97.3007,97.3871,20190.00
2025-12-16 13:30:00-05:00,97.4,97.5021,97.39,97.435,36909.00
2025-12-16 13:35:00-05:00,97.44,97.598,97.435,97.575,31179.00
2025-12-16 13:40:00-05:00,97.575,97.65,97.55,97.595,22779.00
2025-12-16 13:45:00-05:00,97.575,97.65,97.5201,97.63,15774.00
2025-12-16 13:50:00-05:00,97.63,97.685,97.5211,97.5211,97703.00
2025-12-16 13:55:00-05:00,97.52,97.52,97.436,97.495,17302.00
2025-12-16 14:00:00-05:00,97.48,97.48,97.34,97.34,44281.00
2025-12-16 14:05:00-05:00,97.3,97.36,97.275,97.315,42444.00
2025-12-16 14:10:00-05:00,97.3,97.38,97.26,97.35,26616.00
2025-12-16 14:15:00-05:00,97.375,97.375,97.27,97.33,49146.00
2025-12-16 14:20:00-05:00,97.32,97.51,97.32,97.48,30177.00
2025-12-16 14:25:00-05:00,97.46,97.6,97.4,97.59,33954.00
2025-12-16 14:30:00-05:00,97.6,97.64,97.51,97.582,29272.00
2025-12-16 14:35:00-05:00,97.58,97.6,97.46,97.51,34022.00
2025-12-16 14:40:00-05:00,97.52,97.6782,97.495,97.6439,26405.00
2025-12-16 14:45:00-05:00,97.62,97.69,97.54,97.6415,20545.00
2025-12-16 14:50:00-05:00,97.64,97.67,97.56,97.57,34005.00
2025-12-16 14:55:00-05:00,97.57,97.59,97.51,97.53,22414.00
2025-12-16 15:00:00-05:00,97.52,97.6,97.5,97.59,29510.00
2025-12-16 15:05:00-05:00,97.5793,97.68,97.5793,97.65,28516.00
2025-12-16 15:10:00-05:00,97.66,97.725,97.555,97.59,34283.00
2025-12-16 15:15:00-05:00,97.57,97.72,97.555,97.71,33856.00
2025-12-16 15:20:00-05:00,97.715,97.77,97.69,97.76,36284.00
2025-12-16 15:25:00-05:00,97.75,97.8,97.6612,97.785,40766.00
2025-12-16 15:30:00-05:00,97.77,97.97,97.741,97.89,95659.00
2025-12-16 15:35:00-05:00,97.8999,97.92,97.76,97.805,100132.00
2025-12-16 15:40:00-05:00,97.78,97.86,97.78,97.785,47687.00
2025-12-16 15:45:00-05:00,97.78,97.81,97.62,97.67,74771.00
2025-12-16 15:50:00-05:00,97.68,97.82,97.615,97.64,114261.00
2025-12-16 15:55:00-05:00,97.64,97.81,97.585,97.66,362539.00
2025-12-17 09:30:00-05:00,97,97.245,96.05,96.13,228976.00
2025-12-17 09:35:00-05:00,96.145,96.353,95.69,96.0285,155304.00
2025-12-17 09:40:00-05:00,96.045,96.055,95.57,95.63,72419.00
2025-12-17 09:45:00-05:00,95.6002,96.365,95.3828,96.365,119685.00
2025-12-17 09:50:00-05:00,96.365,96.405,95.36,95.36,94647.00
2025-12-17 09:55:00-05:00,95.33,95.455,95.145,95.305,66119.00
2025-12-17 10:00:00-05:00,95.33,95.895,95.16,95.72,62207.00
2025-12-17 10:05:00-05:00,95.715,96.205,95.66,95.8,91050.00
2025-12-17 10:10:00-05:00,95.8,96.035,95.72,95.875,57050.00
2025-12-17 10:15:00-05:00,95.855,95.985,95.695,95.79,43849.00
2025-12-17 10:20:00-05:00,95.79,96,95.7,95.79,63853.00
2025-12-17 10:25:00-05:00,95.75,95.89,95.71,95.79,55894.00
2025-12-17 10:30:00-05:00,95.83,96.065,95.83,95.99,43509.00
2025-12-17 10:35:00-05:00,95.99,96.38,95.99,96.24,72761.00
2025-12-17 10:40:00-05:00,96.19,96.19,95.84,96.0345,51868.00
2025-12-17 10:45:00-05:00,96.01,96.02,95.77,95.93,41615.00
2025-12-17 10:50:00-05:00,95.935,96.19,95.935,96.05,60557.00
2025-12-17 10:55:00-05:00,96.065,96.27,95.84,96.235,56319.00
2025-12-17 11:00:00-05:00,96.235,96.33,96.12,96.14,27940.00
2025-12-17 11:05:00-05:00,96.15,96.26,96.08,96.15,36394.00
2025-12-17 11:10:00-05:00,96.14,96.52,96.14,96.39,48217.00
2025-12-17 11:15:00-05:00,96.39,96.605,96.34,96.535,37082.00
2025-12-17 11:20:00-05:00,96.53,96.78,96.5,96.78,51723.00
2025-12-17 11:25:00-05:00,96.76,96.93,96.71,96.91,109623.00
2025-12-17 11:30:00-05:00,96.9,97.16,96.9,97.1,78916.00
2025-12-17 11:35:00-05:00,97.12,97.49,97.0911,97.46,71937.00
2025-12-17 11:40:00-05:00,97.42,97.719,97.42,97.565,69985.00
2025-12-17 11:45:00-05:00,97.56,97.645,97.23,97.2701,58687.00
2025-12-17 11:50:00-05:00,97.22,97.47,97.1935,97.42,42010.00
2025-12-17 11:55:00-05:00,97.43,97.6,97.355,97.6,33823.00
2025-12-17 12:00:00-05:00,97.605,97.83,97.57,97.765,101848.00
2025-12-17 12:05:00-05:00,97.765,98.18,97.7555,98.04,145607.00
2025-12-17 12:10:00-05:00,98.04,98.18,97.995,98.035,59928.00
2025-12-17 12:15:00-05:00,98.03,98.05,97.86,97.9,73426.00
2025-12-17 12:20:00-05:00,97.805,97.96,97.7684,97.9576,28169.00
2025-12-17 12:25:00-05:00,97.97,98.09,97.895,97.995,76472.00
2025-12-17 12:30:00-05:00,97.99,98.15,97.98,98.04,32185.00
2025-12-17 12:35:00-05:00,98,98.03,97.7514,97.855,26388.00
2025-12-17 12:40:00-05:00,97.85,97.925,97.63,97.63,56763.00
2025-12-17 12:45:00-05:00,97.64,97.695,97.37,97.67,50253.00
2025-12-17 12:50:00-05:00,97.68,97.74,97.52,97.58,58086.00
2025-12-17 12:55:00-05:00,97.5765,97.64,97.5259,97.5927,18121.00
2025-12-17 13:00:00-05:00,97.63,97.71,97.46,97.5,28331.00
2025-12-17 13:05:00-05:00,97.5,97.665,97.5,97.61,36876.00
2025-12-17 13:10:00-05:00,97.64,97.645,97.545,97.55,15267.00
2025-12-17 13:15:00-05:00,97.51,97.66,97.51,97.625,30599.00
2025-12-17 13:20:00-05:00,97.625,97.77,97.62,97.65,22611.00
2025-12-17 13:25:00-05:00,97.67,97.69,97.595,97.62,27077.00
2025-12-17 13:30:00-05:00,97.6,97.715,97.58,97.645,18673.00
2025-12-17 13:35:00-05:00,97.63,98.02,97.63,97.85,48927.00
2025-12-17 13:40:00-05:00,97.8699,97.97,97.84,97.94,38255.00
2025-12-17 13:45:00-05:00,97.935,98.05,97.935,98.035,39061.00
2025-12-17 13:50:00-05:00,98.04,98.07,97.93,98.06,43535.00
2025-12-17 13:55:00-05:00,98.0401,98.115,97.97,98.11,32577.00
2025-12-17 14:00:00-05:00,98.1,98.185,98.01,98.0101,20742.00
2025-12-17 14:05:00-05:00,98.0816,98.15,97.995,98.015,19673.00
2025-12-17 14:10:00-05:00,98.03,98.12,97.971,98.105,37994.00
2025-12-17 14:15:00-05:00,98.105,98.1999,98.03,98.08,52615.00
2025-12-17 14:20:00-05:00,98.115,98.18,98.01,98.0799,36081.00
2025-12-17 14:25:00-05:00,98.085,98.12,98.015,98.09,36157.00
2025-12-17 14:30:00-05:00,98.08,98.17,98.08,98.15,24666.00
2025-12-17 14:35:00-05:00,98.155,98.1601,98.065,98.1069,36826.00
2025-12-17 14:40:00-05:00,98.0948,98.16,98.075,98.11,30691.00
2025-12-17 14:45:00-05:00,98.07,98.17,98.05,98.16,28691.00
2025-12-17 14:50:00-05:00,98.16,98.16,98.035,98.0783,32912.00
2025-12-17 14:55:00-05:00,98.055,98.165,98,98.15,112427.00
2025-12-17 15:00:00-05:00,98.131,98.145,98,98.08,36535.00
2025-12-17 15:05:00-05:00,98.075,98.135,97.995,98.09,61154.00
2025-12-17 15:10:00-05:00,98.11,98.2865,98.08,98.2826,50249.00
2025-12-17 15:15:00-05:00,98.27,98.275,98.195,98.245,30250.00
2025-12-17 15:20:00-05:00,98.245,98.26,98.135,98.21,47990.00
2025-12-17 15:25:00-05:00,98.2,98.2201,98.141,98.2,88145.00
2025-12-17 15:30:00-05:00,98.2,98.275,98.1,98.225,86597.00
2025-12-17 15:35:00-05:00,98.225,98.25,98.13,98.19,65777.00
2025-12-17 15:40:00-05:00,98.195,98.27,98.06,98.195,111166.00
2025-12-17 15:45:00-05:00,98.195,98.325,98.16,98.32,96427.00
2025-12-17 15:50:00-05:00,98.31,98.31,98.1,98.235,170803.00
2025-12-17 15:55:00-05:00,98.25,98.615,98.1516,98.59,574365.00
2025-12-18 09:30:00-05:00,98.6,99.97,98.56,99.915,368855.00
2025-12-18 09:35:00-05:00,99.87,100.16,99.5615,100.03,216068.00
2025-12-18 09:40:00-05:00,100.03,100.21,99.278,99.39,130102.00
2025-12-18 09:45:00-05:00,99.46,99.98,99.46,99.66,62107.00
2025-12-18 09:50:00-05:00,99.6796,99.97,99.57,99.9339,48355.00
2025-12-18 09:55:00-05:00,99.925,100.15,99.7701,100.04,50978.00
2025-12-18 10:00:00-05:00,100.0401,100.48,99.95,100.355,158422.00
2025-12-18 10:05:00-05:00,100.365,100.77,100.28,100.7299,160129.00
2025-12-18 10:10:00-05:00,100.725,101.34,100.71,100.945,257765.00
2025-12-18 10:15:00-05:00,100.92,101.39,100.781,101.29,288805.00
2025-12-18 10:20:00-05:00,101.31,101.465,101.0709,101.355,115471.00
2025-12-18 10:25:00-05:00,101.38,101.65,101.35,101.6472,139980.00
2025-12-18 10:30:00-05:00,101.67,101.69,101.335,101.48,118999.00
2025-12-18 10:35:00-05:00,101.47,101.53,100.93,101.06,243505.00
2025-12-18 10:40:00-05:00,101.08,101.66,101,101.66,215130.00
2025-12-18 10:45:00-05:00,101.6328,101.7,101.5,101.62,140209.00
2025-12-18 10:50:00-05:00,101.62,101.665,101.22,101.275,127488.00
2025-12-18 10:55:00-05:00,101.29,101.49,101.09,101.425,119335.00
2025-12-18 11:00:00-05:00,101.425,101.69,101.28,101.43,160841.00
2025-12-18 11:05:00-05:00,101.42,101.8,101.365,101.784,103362.00
2025-12-18 11:10:00-05:00,101.79,101.99,101.64,101.64,123322.00
2025-12-18 11:15:00-05:00,101.635,101.72,101.43,101.545,71285.00
2025-12-18 11:20:00-05:00,101.53,101.63,101.455,101.55,510121.00
2025-12-18 11:25:00-05:00,101.57,101.57,101.34,101.485,69224.00
2025-12-18 11:30:00-05:00,101.485,101.62,101.36,101.5,53368.00
2025-12-18 11:35:00-05:00,101.49,101.51,101.3,101.365,53418.00
2025-12-18 11:40:00-05:00,101.36,101.45,101.23,101.23,63393.00
2025-12-18 11:45:00-05:00,101.19,101.19,100.85,100.935,73667.00
2025-12-18 11:50:00-05:00,100.935,101.02,100.75,101.015,76515.00
2025-12-18 11:55:00-05:00,101.015,101.0599,100.751,100.9,63418.00
2025-12-18 12:00:00-05:00,100.9,101,100.76,100.95,57477.00
2025-12-18 12:05:00-05:00,100.9462,100.97,100.4,100.52,84226.00
2025-12-18 12:10:00-05:00,100.505,100.63,100.437,100.437,47578.00
2025-12-18 12:15:00-05:00,100.44,100.65,100.435,100.605,50128.00
2025-12-18 12:20:00-05:00,100.6,100.86,100.57,100.57,74492.00
2025-12-18 12:25:00-05:00,100.55,100.69,100.3,100.69,46738.00
2025-12-18 12:30:00-05:00,100.655,100.76,100.56,100.76,47370.00
2025-12-18 12:35:00-05:00,100.75,100.82,100.63,100.82,52186.00
2025-12-18 12:40:00-05:00,100.83,101.1,100.81,101.06,56741.00
2025-12-18 12:45:00-05:00,101.09,101.19,100.99,101.04,39057.00
2025-12-18 12:50:00-05:00,101.03,101.07,100.9464,101.02,40108.00
2025-12-18 12:55:00-05:00,101,101.11,100.94,101.075,33736.00
2025-12-18 13:00:00-05:00,101.06,101.09,100.975,100.995,48736.00
2025-12-18 13:05:00-05:00,100.97,101.1,100.95,101.06,45310.00
2025-12-18 13:10:00-05:00,101.07,101.1868,101.04,101.18,47937.00
2025-12-18 13:15:00-05:00,101.16,101.3,101.065,101.115,43258.00
2025-12-18 13:20:00-05:00,101.115,101.3,101.09,101.3,34503.00
2025-12-18 13:25:00-05:00,101.2907,101.45,101.23,101.42,41415.00
2025-12-18 13:30:00-05:00,101.42,101.445,101.28,101.36,83613.00
2025-12-18 13:35:00-05:00,101.351,101.53,101.335,101.44,82518.00
2025-12-18 13:40:00-05:00,101.44,101.47,101.255,101.3,56580.00
2025-12-18 13:45:00-05:00,101.2652,101.325,101.1,101.2099,47346.00
2025-12-18 13:50:00-05:00,101.17,101.25,101.1001,101.1199,39374.00
2025-12-18 13:55:00-05:00,101.13,101.2199,101.02,101.0851,35124.00
2025-12-18 14:00:00-05:00,101.08,101.08,100.91,100.92,44626.00
2025-12-18 14:05:00-05:00,100.94,101.03,100.9175,101.03,62499.00
2025-12-18 14:10:00-05:00,101.02,101.05,100.93,100.97,64064.00
2025-12-18 14:15:00-05:00,100.96,100.97,100.85,100.885,59708.00
2025-12-18 14:20:00-05:00,100.89,100.97,100.85,100.89,57595.00
2025-12-18 14:25:00-05:00,100.89,100.985,100.86,100.945,57724.00
2025-12-18 14:30:00-05:00,100.93,100.96,100.8,100.8,49107.00
2025-12-18 14:35:00-05:00,100.79,100.91,100.77,100.87,88743.00
2025-12-18 14:40:00-05:00,100.87,100.92,100.56,100.57,62123.00
2025-12-18 14:45:00-05:00,100.57,100.62,100.51,100.57,55798.00
2025-12-18 14:50:00-05:00,100.58,100.63,100.345,100.47,94574.00
2025-12-18 14:55:00-05:00,100.44,100.545,100.33,100.455,96775.00
2025-12-18 15:00:00-05:00,100.47,100.5413,100.33,100.485,84174.00
2025-12-18 15:05:00-05:00,100.5,100.54,100.09,100.36,94983.00
2025-12-18 15:10:00-05:00,100.345,100.485,100.24,100.4694,66221.00
2025-12-18 15:15:00-05:00,100.465,100.51,100.38,100.475,97647.00
2025-12-18 15:20:00-05:00,100.475,100.49,100.03,100.0446,63331.00
2025-12-18 15:25:00-05:00,100.05,100.06,99.74,99.77,84689.00
2025-12-18 15:30:00-05:00,99.77,99.97,99.77,99.865,82741.00
2025-12-18 15:35:00-05:00,99.88,100.1,99.76,99.76,99753.00
2025-12-18 15:40:00-05:00,99.74,99.805,99.67,99.72,91471.00
2025-12-18 15:45:00-05:00,99.73,99.805,99.5498,99.7162,139612.00
2025-12-18 15:50:00-05:00,99.72,99.74,99.34,99.37,220565.00
2025-12-18 15:55:00-05:00,99.37,99.41,99.01,99.06,626007.00
2025-12-19 09:30:00-05:00,98.9,99.45,98.87,99.015,728094.00
2025-12-19 09:35:00-05:00,98.92,99.065,98.0104,98.03,138187.00
2025-12-19 09:40:00-05:00,98.0101,98.2,97.6033,97.925,161431.00
2025-12-19 09:45:00-05:00,97.88,98.2,97.51,97.535,103118.00
2025-12-19 09:50:00-05:00,97.5,97.8799,97.37,97.46,124223.00
2025-12-19 09:55:00-05:00,97.46,97.54,96.95,96.95,157502.00
2025-12-19 10:00:00-05:00,96.945,97.3,96.8,97.25,129372.00
2025-12-19 10:05:00-05:00,97.28,97.3,96.6801,96.7083,122599.00
2025-12-19 10:10:00-05:00,96.71,97.05,96.561,97.025,132000.00
2025-12-19 10:15:00-05:00,97.01,97.25,96.9622,97.03,71283.00
2025-12-19 10:20:00-05:00,97.04,97.48,97.04,97.3201,72100.00
2025-12-19 10:25:00-05:00,97.364,97.4991,97.28,97.28,98471.00
2025-12-19 10:30:00-05:00,97.28,97.463,97.1357,97.295,62160.00
2025-12-19 10:35:00-05:00,97.32,97.33,96.9527,96.99,70611.00
2025-12-19 10:40:00-05:00,96.9572,97.02,96.84,96.955,67146.00
2025-12-19 10:45:00-05:00,97.02,97.115,96.95,96.95,63743.00
2025-12-19 10:50:00-05:00,96.91,97.08,96.9,97.01,75455.00
2025-12-19 10:55:00-05:00,97.04,97.05,96.856,96.97,82487.00
2025-12-19 11:00:00-05:00,96.955,97,96.7501,96.78,59701.00
2025-12-19 11:05:00-05:00,96.8,96.86,96.5893,96.6082,68240.00
2025-12-19 11:10:00-05:00,96.62,96.955,96.545,96.81,104526.00
2025-12-19 11:15:00-05:00,96.785,96.95,96.66,96.745,74924.00
2025-12-19 11:20:00-05:00,96.74,96.845,96.675,96.7925,86698.00
2025-12-19 11:25:00-05:00,96.77,96.8925,96.66,96.88,67573.00
2025-12-19 11:30:00-05:00,96.86,96.9,96.695,96.695,92528.00
2025-12-19 11:35:00-05:00,96.705,96.8,96.5875,96.68,58608.00
2025-12-19 11:40:00-05:00,96.67,96.965,96.64,96.95,50020.00
2025-12-19 11:45:00-05:00,96.93,97.1,96.8106,97.06,41592.00
2025-12-19 11:50:00-05:00,97.05,97.29,97.05,97.27,61163.00
2025-12-19 11:55:00-05:00,97.265,97.32,97.18,97.275,31726.00
2025-12-19 12:00:00-05:00,97.25,97.29,96.91,96.965,63725.00
2025-12-19 12:05:00-05:00,96.965,96.99,96.81,96.91,39828.00
2025-12-19 12:10:00-05:00,96.8995,96.92,96.83,96.84,27622.00
2025-12-19 12:15:00-05:00,96.8101,96.96,96.8101,96.885,49322.00
2025-12-19 12:20:00-05:00,96.877,96.98,96.877,96.92,24367.00
2025-12-19 12:25:00-05:00,96.92,96.97,96.865,96.89,30317.00
2025-12-19 12:30:00-05:00,96.885,96.94,96.77,96.83,54620.00
2025-12-19 12:35:00-05:00,96.85,96.87,96.73,96.82,43717.00
2025-12-19 12:40:00-05:00,96.83,96.91,96.78,96.8,40867.00
2025-12-19 12:45:00-05:00,96.81,96.82,96.76,96.8,45962.00
2025-12-19 12:50:00-05:00,96.8,96.97,96.76,96.895,57020.00
2025-12-19 12:55:00-05:00,96.895,97.04,96.88,96.965,59658.00
2025-12-19 13:00:00-05:00,96.965,97.07,96.81,97.05,58777.00
2025-12-19 13:05:00-05:00,97.04,97.045,96.875,97.01,38750.00
2025-12-19 13:10:00-05:00,97,97.19,97,97.1,50669.00
2025-12-19 13:15:00-05:00,97.081,97.19,97.01,97.06,55690.00
2025-12-19 13:20:00-05:00,97.05,97.08,96.965,97.005,32462.00
2025-12-19 13:25:00-05:00,97.01,97.1,96.96,97.1,42180.00
2025-12-19 13:30:00-05:00,97.1014,97.1014,96.9457,96.975,29981.00
2025-12-19 13:35:00-05:00,96.96,97.16,96.95,97.1001,36337.00
2025-12-19 13:40:00-05:00,97.1,97.11,97.03,97.06,38231.00
2025-12-19 13:45:00-05:00,97.06,97.225,97.02,97.19,56098.00
2025-12-19 13:50:00-05:00,97.17,97.21,96.87,96.94,103597.00
2025-12-19 13:55:00-05:00,96.94,97.04,96.87,96.99,98363.00
2025-12-19 14:00:00-05:00,96.96,97.11,96.92,97.1074,64856.00
2025-12-19 14:05:00-05:00,97.115,97.155,96.9701,97.04,31760.00
2025-12-19 14:10:00-05:00,97.05,97.14,97.04,97.08,36018.00
2025-12-19 14:15:00-05:00,97.1,97.31,97.08,97.26,55102.00
2025-12-19 14:20:00-05:00,97.26,97.2755,97.08,97.13,57143.00
2025-12-19 14:25:00-05:00,97.14,97.18,97.1,97.15,27644.00
2025-12-19 14:30:00-05:00,97.17,97.18,97.1,97.14,32382.00
2025-12-19 14:35:00-05:00,97.14,97.18,97.03,97.065,66648.00
2025-12-19 14:40:00-05:00,97.05,97.41,97.05,97.41,146602.00
2025-12-19 14:45:00-05:00,97.4,97.6295,97.36,97.38,62124.00
2025-12-19 14:50:00-05:00,97.3801,97.5,97.3509,97.375,73326.00
2025-12-19 14:55:00-05:00,97.365,97.4,97.195,97.27,39514.00
2025-12-19 15:00:00-05:00,97.31,97.33,97.165,97.175,35940.00
2025-12-19 15:05:00-05:00,97.175,97.19,97.09,97.101,37862.00
2025-12-19 15:10:00-05:00,97.1,97.3,97.045,97.29,169639.00
2025-12-19 15:15:00-05:00,97.29,97.31,97.15,97.285,53725.00
2025-12-19 15:20:00-05:00,97.27,97.37,97.14,97.2,55792.00
2025-12-19 15:25:00-05:00,97.18,97.259,97.11,97.225,70868.00
2025-12-19 15:30:00-05:00,97.235,97.33,97.165,97.33,73810.00
2025-12-19 15:35:00-05:00,97.35,97.489,97.32,97.38,80443.00
2025-12-19 15:40:00-05:00,97.38,97.475,97.305,97.34,89126.00
2025-12-19 15:45:00-05:00,97.35,97.56,97.24,97.54,155666.00
2025-12-19 15:50:00-05:00,97.52,97.85,97.31,97.795,242782.00
2025-12-19 15:55:00-05:00,97.82,98.01,97.78,97.99,596776.00
2025-12-22 09:30:00-05:00,97.95,98.34,97.4169,97.495,136880.00
2025-12-22 09:35:00-05:00,97.48,97.72,97.18,97.49,102002.00
2025-12-22 09:40:00-05:00,97.53,97.5412,96.97,97.21,89516.00
2025-12-22 09:45:00-05:00,97.25,97.25,96.281,96.281,114525.00
2025-12-22 09:50:00-05:00,96.34,96.41,95.971,96.18,168205.00
2025-12-22 09:55:00-05:00,96.3,96.51,96.18,96.25,95008.00
2025-12-22 10:00:00-05:00,96.25,96.44,96.1,96.1015,122750.00
2025-12-22 10:05:00-05:00,96.1028,96.41,96.09,96.3,109541.00
2025-12-22 10:10:00-05:00,96.3,96.77,96.3,96.51,106471.00
2025-12-22 10:15:00-05:00,96.49,96.73,96.37,96.505,140848.00
2025-12-22 10:20:00-05:00,96.505,96.72,96.49,96.51,57864.00
2025-12-22 10:25:00-05:00,96.48,96.485,96.27,96.27,65842.00
2025-12-22 10:30:00-05:00,96.26,96.78,96.2,96.69,122729.00
2025-12-22 10:35:00-05:00,96.68,96.77,96.48,96.607,63449.00
2025-12-22 10:40:00-05:00,96.6,96.945,96.6,96.64,87424.00
2025-12-22 10:45:00-05:00,96.635,96.86,96.635,96.655,38515.00
2025-12-22 10:50:00-05:00,96.67,96.97,96.645,96.65,60087.00
2025-12-22 10:55:00-05:00,96.655,96.67,96.4701,96.59,49043.00
2025-12-22 11:00:00-05:00,96.55,96.553,96.37,96.5,58707.00
2025-12-22 11:05:00-05:00,96.48,96.48,96.26,96.27,39269.00
2025-12-22 11:10:00-05:00,96.27,96.36,96.15,96.3,76460.00
2025-12-22 11:15:00-05:00,96.3,96.41,96.18,96.26,74905.00
2025-12-22 11:20:00-05:00,96.2599,96.46,96.2599,96.375,42029.00
2025-12-22 11:25:00-05:00,96.35,96.3699,96.22,96.29,50258.00
2025-12-22 11:30:00-05:00,96.2709,96.36,96.15,96.195,97538.00
2025-12-22 11:35:00-05:00,96.193,96.21,96.09,96.15,101889.00
2025-12-22 11:40:00-05:00,96.17,96.25,96.11,96.165,71303.00
2025-12-22 11:45:00-05:00,96.165,96.267,96.1201,96.19,73135.00
2025-12-22 11:50:00-05:00,96.19,96.275,96.13,96.1575,48868.00
2025-12-22 11:55:00-05:00,96.155,96.27,96.12,96.18,61992.00
2025-12-22 12:00:00-05:00,96.19,96.23,96.05,96.18,104067.00
2025-12-22 12:05:00-05:00,96.16,96.31,96.1,96.23,42952.00
2025-12-22 12:10:00-05:00,96.22,96.255,96.07,96.1104,56615.00
2025-12-22 12:15:00-05:00,96.125,96.125,95.8729,95.895,175533.00
2025-12-22 12:20:00-05:00,95.895,95.98,95.88,95.88,75830.00
2025-12-22 12:25:00-05:00,95.8813,96.02,95.84,95.915,46688.00
2025-12-22 12:30:00-05:00,95.93,96.01,95.87,95.88,67664.00
2025-12-22 12:35:00-05:00,95.88,95.88,95.752,95.81,82666.00
2025-12-22 12:40:00-05:00,95.81,96.0328,95.81,95.955,49427.00
2025-12-22 12:45:00-05:00,95.946,96.06,95.946,95.995,39730.00
2025-12-22 12:50:00-05:00,96,96.057,95.94,95.94,45858.00
2025-12-22 12:55:00-05:00,95.94,95.97,95.83,95.83,28568.00
2025-12-22 13:00:00-05:00,95.8527,95.87,95.72,95.73,49636.00
2025-12-22 13:05:00-05:00,95.735,95.8,95.585,95.645,167291.00
2025-12-22 13:10:00-05:00,95.645,95.785,95.5573,95.715,105839.00
2025-12-22 13:15:00-05:00,95.715,95.75,95.58,95.58,80826.00
2025-12-22 13:20:00-05:00,95.5872,95.65,95.52,95.547,53432.00
2025-12-22 13:25:00-05:00,95.545,95.545,95.4,95.41,46325.00
2025-12-22 13:30:00-05:00,95.42,95.4432,95.27,95.275,64285.00
2025-12-22 13:35:00-05:00,95.28,95.37,95.25,95.355,37695.00
2025-12-22 13:40:00-05:00,95.3587,95.37,95.26,95.29,26708.00
2025-12-22 13:45:00-05:00,95.28,95.35,95.27,95.3001,40361.00
2025-12-22 13:50:00-05:00,95.3,95.3,95.17,95.185,49612.00
2025-12-22 13:55:00-05:00,95.19,95.21,95.08,95.105,38449.00
2025-12-22 14:00:00-05:00,95.11,95.22,94.93,94.95,118431.00
2025-12-22 14:05:00-05:00,94.97,94.9927,94.87,94.97,62872.00
2025-12-22 14:10:00-05:00,94.95,95.1,94.94,94.98,50673.00
2025-12-22 14:15:00-05:00,94.975,94.975,94.78,94.875,59599.00
2025-12-22 14:20:00-05:00,94.87,94.96,94.825,94.96,58028.00
2025-12-22 14:25:00-05:00,94.95,94.9699,94.82,94.88,172794.00
2025-12-22 14:30:00-05:00,94.88,94.96,94.7782,94.9523,59471.00
2025-12-22 14:35:00-05:00,94.945,95.195,94.945,95.1573,63318.00
2025-12-22 14:40:00-05:00,95.16,95.205,95.08,95.115,43437.00
2025-12-22 14:45:00-05:00,95.123,95.21,95.06,95.2,38644.00
2025-12-22 14:50:00-05:00,95.2,95.22,95.101,95.137,43970.00
2025-12-22 14:55:00-05:00,95.12,95.16,95.02,95.135,44012.00
2025-12-22 15:00:00-05:00,95.12,95.28,95.1,95.235,53028.00
2025-12-22 15:05:00-05:00,95.235,95.3,95.17,95.19,65982.00
2025-12-22 15:10:00-05:00,95.195,95.25,95.1,95.1,43491.00
2025-12-22 15:15:00-05:00,95.12,95.28,95.075,95.21,78772.00
2025-12-22 15:20:00-05:00,95.217,95.3,95.17,95.2,56283.00
2025-12-22 15:25:00-05:00,95.185,95.36,95.16,95.28,99589.00
2025-12-22 15:30:00-05:00,95.285,95.29,95.12,95.1925,85915.00
2025-12-22 15:35:00-05:00,95.195,95.2,95.1,95.13,77830.00
2025-12-22 15:40:00-05:00,95.14,95.1685,95.1,95.135,92203.00
2025-12-22 15:45:00-05:00,95.14,95.155,95.02,95.13,114899.00
2025-12-22 15:50:00-05:00,95.12,95.19,94.88,94.95,384537.00
2025-12-22 15:55:00-05:00,94.95,95.16,94.91,95.16,644958.00
2025-12-23 09:30:00-05:00,95.25,95.3765,94.513,94.68,176192.00
2025-12-23 09:35:00-05:00,94.635,94.655,94.09,94.225,99523.00
2025-12-23 09:40:00-05:00,94.24,94.31,93.9,94.03,68756.00
2025-12-23 09:45:00-05:00,94.06,94.4199,94.015,94.3514,67635.00
2025-12-23 09:50:00-05:00,94.39,94.43,93.92,93.96,85083.00
2025-12-23 09:55:00-05:00,93.96,93.985,93.77,93.825,103782.00
2025-12-23 10:00:00-05:00,93.825,93.97,93.815,93.9101,95752.00
2025-12-23 10:05:00-05:00,93.91,94,93.81,93.96,81142.00
2025-12-23 10:10:00-05:00,93.96,94.26,93.94,94.115,82401.00
2025-12-23 10:15:00-05:00,94.125,94.18,94.05,94.07,39542.00
2025-12-23 10:20:00-05:00,94.07,94.1132,93.96,93.975,58795.00
2025-12-23 10:25:00-05:00,93.975,94.14,93.94,94.03,60254.00
2025-12-23 10:30:00-05:00,94.015,94.25,93.95,94.145,63708.00
2025-12-23 10:35:00-05:00,94.145,94.43,94.1,94.186,62638.00
2025-12-23 10:40:00-05:00,94.153,94.275,94.145,94.22,39778.00
2025-12-23 10:45:00-05:00,94.225,94.245,94.04,94.1974,50656.00
2025-12-23 10:50:00-05:00,94.21,94.4185,94.1173,94.415,59548.00
2025-12-23 10:55:00-05:00,94.39,94.39,94.26,94.39,52930.00
2025-12-23 11:00:00-05:00,94.38,94.477,94.22,94.33,57107.00
2025-12-23 11:05:00-05:00,94.32,94.415,94.215,94.27,30714.00
2025-12-23 11:10:00-05:00,94.25,94.49,94.22,94.465,45703.00
2025-12-23 11:15:00-05:00,94.4616,94.55,94.33,94.435,44273.00
2025-12-23 11:20:00-05:00,94.46,94.46,94.2798,94.34,31436.00
2025-12-23 11:25:00-05:00,94.31,94.565,94.304,94.43,46049.00
2025-12-23 11:30:00-05:00,94.415,94.5455,94.39,94.495,70870.00
2025-12-23 11:35:00-05:00,94.48,94.56,94.41,94.45,37381.00
2025-12-23 11:40:00-05:00,94.41,94.52,94.33,94.4503,45028.00
2025-12-23 11:45:00-05:00,94.42,94.455,94.3702,94.39,38992.00
2025-12-23 11:50:00-05:00,94.365,94.411,94.2325,94.31,41775.00
2025-12-23 11:55:00-05:00,94.33,94.4,94.2701,94.335,26854.00
2025-12-23 12:00:00-05:00,94.33,94.37,94.28,94.29,35578.00
2025-12-23 12:05:00-05:00,94.3,94.3,94.2,94.225,22108.00
2025-12-23 12:10:00-05:00,94.225,94.24,94.16,94.22,26533.00
2025-12-23 12:15:00-05:00,94.215,94.28,94.18,94.23,33546.00
2025-12-23 12:20:00-05:00,94.2286,94.33,94.22,94.295,38840.00
2025-12-23 12:25:00-05:00,94.29,94.63,94.28,94.545,52287.00
2025-12-23 12:30:00-05:00,94.545,94.59,94.365,94.4601,27828.00
2025-12-23 12:35:00-05:00,94.46,94.63,94.46,94.61,49783.00
2025-12-23 12:40:00-05:00,94.61,94.61,94.53,94.53,38163.00
2025-12-23 12:45:00-05:00,94.51,94.535,94.38,94.395,56190.00
2025-12-23 12:50:00-05:00,94.395,94.43,94.35,94.39,56561.00
2025-12-23 12:55:00-05:00,94.38,94.43,94.375,94.4212,40410.00
2025-12-23 13:00:00-05:00,94.42,94.47,94.38,94.41,152407.00
2025-12-23 13:05:00-05:00,94.41,94.47,94.36,94.38,66466.00
2025-12-23 13:10:00-05:00,94.37,94.405,94.32,94.325,36189.00
2025-12-23 13:15:00-05:00,94.32,94.385,94.25,94.3,40516.00
2025-12-23 13:20:00-05:00,94.3,94.405,94.23,94.37,74832.00
2025-12-23 13:25:00-05:00,94.35,94.47,94.35,94.37,39021.00
2025-12-23 13:30:00-05:00,94.3856,94.3856,94.19,94.19,60774.00
2025-12-23 13:35:00-05:00,94.1901,94.27,94.17,94.243,49273.00
2025-12-23 13:40:00-05:00,94.245,94.25,94.16,94.1605,38540.00
2025-12-23 13:45:00-05:00,94.17,94.215,94.09,94.21,43763.00
2025-12-23 13:50:00-05:00,94.21,94.31,94.18,94.25,50268.00
2025-12-23 13:55:00-05:00,94.2513,94.27,94.18,94.22,36730.00
2025-12-23 14:00:00-05:00,94.22,94.3275,94.2,94.3275,78249.00
2025-12-23 14:05:00-05:00,94.33,94.33,94.22,94.26,38526.00
2025-12-23 14:10:00-05:00,94.25,94.25,94.12,94.12,39038.00
2025-12-23 14:15:00-05:00,94.12,94.415,94.11,94.4016,112921.00
2025-12-23 14:20:00-05:00,94.396,94.396,94.325,94.34,38339.00
2025-12-23 14:25:00-05:00,94.3342,94.42,94.3342,94.42,53745.00
2025-12-23 14:30:00-05:00,94.43,94.43,94.36,94.37,44912.00
2025-12-23 14:35:00-05:00,94.37,94.44,94.32,94.39,57574.00
2025-12-23 14:40:00-05:00,94.39,94.4,94.32,94.32,54241.00
2025-12-23 14:45:00-05:00,94.32,94.35,94.22,94.22,48730.00
2025-12-23 14:50:00-05:00,94.22,94.3802,94.22,94.265,96567.00
2025-12-23 14:55:00-05:00,94.2792,94.32,94.2406,94.295,60219.00
2025-12-23 15:00:00-05:00,94.295,94.3,94.16,94.16,51525.00
2025-12-23 15:05:00-05:00,94.1501,94.23,94.12,94.18,51848.00
2025-12-23 15:10:00-05:00,94.185,94.33,94.17,94.195,64334.00
2025-12-23 15:15:00-05:00,94.2,94.23,94.02,94.1099,66915.00
2025-12-23 15:20:00-05:00,94.09,94.11,94.02,94.07,71397.00
2025-12-23 15:25:00-05:00,94.0764,94.335,94.061,94.19,169343.00
2025-12-23 15:30:00-05:00,94.18,94.2,94.065,94.065,83742.00
2025-12-23 15:35:00-05:00,94.06,94.09,94.015,94.055,85026.00
2025-12-23 15:40:00-05:00,94.055,94.11,94.01,94.09,77994.00
2025-12-23 15:45:00-05:00,94.09,94.24,94.09,94.185,102169.00
2025-12-23 15:50:00-05:00,94.19,94.23,93.99,94.22,288706.00
2025-12-23 15:55:00-05:00,94.22,94.315,94.11,94.27,481670.00
2025-12-24 09:30:00-05:00,94.61,94.61,94.18,94.4,84827.00
2025-12-24 09:35:00-05:00,94.44,94.79,94.41,94.52,44584.00
2025-12-24 09:40:00-05:00,94.55,94.7,94.39,94.625,32532.00
2025-12-24 09:45:00-05:00,94.62,94.9698,94.62,94.89,63122.00
2025-12-24 09:50:00-05:00,94.8883,95.091,94.79,95.06,52846.00
2025-12-24 09:55:00-05:00,95.07,95.12,94.885,95.12,37781.00
2025-12-24 10:00:00-05:00,95.115,95.26,95.09,95.1399,57630.00
2025-12-24 10:05:00-05:00,95.12,95.2,94.995,95.09,27647.00
2025-12-24 10:10:00-05:00,95.03,95.18,95.0215,95.145,18913.00
2025-12-24 10:15:00-05:00,95.135,95.33,95.095,95.33,44724.00
2025-12-24 10:20:00-05:00,95.33,95.34,95.25,95.3383,25770.00
2025-12-24 10:25:00-05:00,95.32,95.7517,95.3173,95.6901,95478.00
2025-12-24 10:30:00-05:00,95.69,95.84,95.615,95.84,67985.00
2025-12-24 10:35:00-05:00,95.84,95.85,95.6,95.68,58951.00
2025-12-24 10:40:00-05:00,95.6676,95.84,95.57,95.795,55696.00
2025-12-24 10:45:00-05:00,95.81,95.8748,95.71,95.7427,76732.00
2025-12-24 10:50:00-05:00,95.74,96.065,95.7056,96.055,71614.00
2025-12-24 10:55:00-05:00,96.055,96.08,95.88,95.915,67593.00
2025-12-24 11:00:00-05:00,95.9153,96.14,95.902,96.14,44251.00
2025-12-24 11:05:00-05:00,96.1418,96.16,96.02,96.02,53962.00
2025-12-24 11:10:00-05:00,96.04,96.09,96.01,96.03,56605.00
2025-12-24 11:15:00-05:00,96.03,96.08,95.985,96.029,43700.00
2025-12-24 11:20:00-05:00,96.02,96.12,95.9401,96.115,50116.00
2025-12-24 11:25:00-05:00,96.08,96.24,96.03,96.13,52970.00
2025-12-24 11:30:00-05:00,96.13,96.22,96.09,96.175,39739.00
2025-12-24 11:35:00-05:00,96.17,96.355,96.17,96.3,45748.00
2025-12-24 11:40:00-05:00,96.29,96.366,96.26,96.275,46994.00
2025-12-24 11:45:00-05:00,96.275,96.34,96.26,96.265,46473.00
2025-12-24 11:50:00-05:00,96.27,96.36,96.25,96.33,40317.00
2025-12-24 11:55:00-05:00,96.33,96.35,96.19,96.19,50276.00
2025-12-24 12:00:00-05:00,96.215,96.36,96.13,96.35,64385.00
2025-12-24 12:05:00-05:00,96.33,96.36,96.235,96.36,39128.00
2025-12-24 12:10:00-05:00,96.365,96.365,96.25,96.31,46521.00
2025-12-24 12:15:00-05:00,96.32,96.33,96.21,96.2625,49082.00
2025-12-24 12:20:00-05:00,96.27,96.37,96.23,96.33,89169.00
2025-12-24 12:25:00-05:00,96.325,96.367,96.285,96.367,50136.00
2025-12-24 12:30:00-05:00,96.37,96.4855,96.315,96.32,119246.00
2025-12-24 12:35:00-05:00,96.32,96.55,96.315,96.4332,119406.00
2025-12-24 12:40:00-05:00,96.43,96.6,96.39,96.39,90074.00
2025-12-24 12:45:00-05:00,96.39,96.49,96.275,96.39,96466.00
2025-12-24 12:50:00-05:00,96.38,96.41,96.28,96.34,103760.00
2025-12-24 12:55:00-05:00,96.34,96.5,96.3,96.44,251883.00
2025-12-24 13:00:00-05:00,96.53,96.53,96.53,96.53,298782.00
2025-12-26 09:30:00-05:00,96.58,97.74,96.54,97.6,110330.00
2025-12-26 09:35:00-05:00,97.61,98.64,97.6,98.46,470298.00
2025-12-26 09:40:00-05:00,98.5,98.71,97.7201,98.38,265410.00
2025-12-26 09:45:00-05:00,98.38,99.065,98.27,98.85,184099.00
2025-12-26 09:50:00-05:00,98.89,98.946,98.6,98.81,115335.00
2025-12-26 09:55:00-05:00,98.76,98.96,98.5868,98.92,84884.00
2025-12-26 10:00:00-05:00,98.9376,103.03,98.9,99.9016,1372129.00
2025-12-26 10:05:00-05:00,99.916,100.03,99.2,99.725,318864.00
2025-12-26 10:10:00-05:00,99.74,100.4,99.35,100.2799,427957.00
2025-12-26 10:15:00-05:00,100.21,100.54,99.27,99.37,346236.00
2025-12-26 10:20:00-05:00,99.46,99.63,99.22,99.4438,198957.00
2025-12-26 10:25:00-05:00,99.455,99.455,98.89,99.13,153726.00
2025-12-26 10:30:00-05:00,99.1304,99.27,98.43,98.565,159880.00
2025-12-26 10:35:00-05:00,98.56,98.915,98.5,98.78,148512.00
2025-12-26 10:40:00-05:00,98.78,98.78,98.26,98.32,116162.00
2025-12-26 10:45:00-05:00,98.32,98.4637,97.89,98.07,204860.00
2025-12-26 10:50:00-05:00,98.1099,98.17,97.79,97.84,124562.00
2025-12-26 10:55:00-05:00,97.84,98.02,97.75,97.815,104743.00
2025-12-26 11:00:00-05:00,97.83,98.076,97.83,98.02,107285.00
2025-12-26 11:05:00-05:00,98.0262,98.2299,97.85,97.93,92060.00
2025-12-26 11:10:00-05:00,97.93,98.11,97.925,98.045,68850.00
2025-12-26 11:15:00-05:00,98.02,98.0601,97.85,97.94,56356.00
2025-12-26 11:20:00-05:00,97.895,97.97,97.79,97.88,51612.00
2025-12-26 11:25:00-05:00,97.89,97.97,97.81,97.8399,41707.00
2025-12-26 11:30:00-05:00,97.82,97.94,97.77,97.775,49439.00
2025-12-26 11:35:00-05:00,97.77,98.13,97.7501,98.05,88238.00
2025-12-26 11:40:00-05:00,98.05,98.21,97.99,98.19,68759.00
2025-12-26 11:45:00-05:00,98.21,98.27,98.115,98.135,79483.00
2025-12-26 11:50:00-05:00,98.135,98.39,98.12,98.39,94518.00
2025-12-26 11:55:00-05:00,98.4,98.6,98.37,98.485,141089.00
2025-12-26 12:00:00-05:00,98.485,98.56,98.386,98.425,67246.00
2025-12-26 12:05:00-05:00,98.41,98.41,98.25,98.3,59481.00
2025-12-26 12:10:00-05:00,98.29,98.4,98.26,98.38,56278.00
2025-12-26 12:15:00-05:00,98.38,98.57,98.31,98.51,56564.00
2025-12-26 12:20:00-05:00,98.53,98.575,98.38,98.475,40957.00
2025-12-26 12:25:00-05:00,98.49,98.62,98.48,98.5424,44412.00
2025-12-26 12:30:00-05:00,98.57,98.64,98.54,98.55,70504.00
2025-12-26 12:35:00-05:00,98.545,98.58,98.4102,98.52,91214.00
2025-12-26 12:40:00-05:00,98.515,98.57,98.461,98.502,41753.00
2025-12-26 12:45:00-05:00,98.505,98.52,98.335,98.4275,59244.00
2025-12-26 12:50:00-05:00,98.41,98.6,98.41,98.5658,52574.00
2025-12-26 12:55:00-05:00,98.5899,98.67,98.55,98.57,53858.00
2025-12-26 13:00:00-05:00,98.5505,98.61,98.5088,98.53,45796.00
2025-12-26 13:05:00-05:00,98.514,98.52,98.31,98.34,61561.00
2025-12-26 13:10:00-05:00,98.33,98.45,98.32,98.45,32763.00
2025-12-26 13:15:00-05:00,98.46,98.52,98.4,98.43,41083.00
2025-12-26 13:20:00-05:00,98.42,98.505,98.41,98.44,42473.00
2025-12-26 13:25:00-05:00,98.4508,98.46,98.35,98.42,35242.00
2025-12-26 13:30:00-05:00,98.41,98.575,98.39,98.52,37500.00
2025-12-26 13:35:00-05:00,98.53,98.66,98.525,98.555,41939.00
2025-12-26 13:40:00-05:00,98.5582,98.74,98.5582,98.7,47559.00
2025-12-26 13:45:00-05:00,98.6963,98.81,98.6,98.79,73248.00
2025-12-26 13:50:00-05:00,98.78,98.81,98.7,98.8084,46445.00
2025-12-26 13:55:00-05:00,98.81,98.82,98.7001,98.74,48622.00
2025-12-26 14:00:00-05:00,98.73,99.11,98.73,99.08,82979.00
2025-12-26 14:05:00-05:00,99.09,99.09,98.855,98.91,89907.00
2025-12-26 14:10:00-05:00,98.91,98.9301,98.85,98.89,54835.00
2025-12-26 14:15:00-05:00,98.9,98.91,98.78,98.84,52350.00
2025-12-26 14:20:00-05:00,98.84,98.93,98.83,98.86,42927.00
2025-12-26 14:25:00-05:00,98.85,98.94,98.77,98.79,52870.00
2025-12-26 14:30:00-05:00,98.77,98.82,98.62,98.7447,68945.00
2025-12-26 14:35:00-05:00,98.7599,98.765,98.6,98.66,41023.00
2025-12-26 14:40:00-05:00,98.65,98.71,98.6244,98.67,34713.00
2025-12-26 14:45:00-05:00,98.67,98.67,98.5701,98.62,37156.00
2025-12-26 14:50:00-05:00,98.6224,98.63,98.52,98.59,47035.00
2025-12-26 14:55:00-05:00,98.575,98.6799,98.56,98.655,52034.00
2025-12-26 15:00:00-05:00,98.65,99.18,98.63,99.175,106026.00
2025-12-26 15:05:00-05:00,99.17,99.175,98.95,99.0799,113561.00
2025-12-26 15:10:00-05:00,99.08,99.1158,98.98,99.07,65134.00
2025-12-26 15:15:00-05:00,99.06,99.11,99,99.095,71019.00
2025-12-26 15:20:00-05:00,99.08,99.13,99.01,99.09,114569.00
2025-12-26 15:25:00-05:00,99.1,99.13,99.03,99.065,84503.00
2025-12-26 15:30:00-05:00,99.065,99.13,98.99,99.0734,105060.00
2025-12-26 15:35:00-05:00,99.07,99.19,99.04,99.1798,106665.00
2025-12-26 15:40:00-05:00,99.16,99.2491,99.115,99.18,122610.00
2025-12-26 15:45:00-05:00,99.17,99.2,99.04,99.178,180760.00
2025-12-26 15:50:00-05:00,99.17,99.38,99.155,99.31,295273.00
2025-12-26 15:55:00-05:00,99.3199,99.57,99.29,99.56,586889.00
2025-12-29 09:30:00-05:00,99.46,99.95,98.9,99.9499,263421.00
2025-12-29 09:35:00-05:00,99.92,99.92,99.47,99.77,155644.00
2025-12-29 09:40:00-05:00,99.7448,99.95,99.535,99.7456,89784.00
2025-12-29 09:45:00-05:00,99.7,100.14,99.4,99.98,113211.00
2025-12-29 09:50:00-05:00,99.9525,100.2424,99.6533,99.771,146861.00
2025-12-29 09:55:00-05:00,99.765,99.765,99.35,99.545,43720.00
2025-12-29 10:00:00-05:00,99.606,99.73,99.385,99.485,63665.00
2025-12-29 10:05:00-05:00,99.485,99.59,99.04,99.1548,86517.00
2025-12-29 10:10:00-05:00,99.14,99.295,98.95,99.065,73317.00
2025-12-29 10:15:00-05:00,99.065,99.42,99.03,99.3,57483.00
2025-12-29 10:20:00-05:00,99.29,99.315,99.06,99.261,41743.00
2025-12-29 10:25:00-05:00,99.24,99.2675,99.01,99.0351,50943.00
2025-12-29 10:30:00-05:00,99.035,99.112,98.92,98.99,93389.00
2025-12-29 10:35:00-05:00,98.98,99.02,98.7,98.71,52021.00
2025-12-29 10:40:00-05:00,98.67,98.71,98.545,98.65,47276.00
2025-12-29 10:45:00-05:00,98.6685,98.735,98.5,98.55,56905.00
2025-12-29 10:50:00-05:00,98.53,98.6562,98.408,98.64,49286.00
2025-12-29 10:55:00-05:00,98.63,98.99,98.61,98.87,60216.00
2025-12-29 11:00:00-05:00,98.8651,98.8651,98.58,98.7,49529.00
2025-12-29 11:05:00-05:00,98.71,98.82,98.63,98.81,34638.00
2025-12-29 11:10:00-05:00,98.8,98.82,98.63,98.685,56054.00
2025-12-29 11:15:00-05:00,98.67,98.79,98.65,98.77,36710.00
2025-12-29 11:20:00-05:00,98.7999,98.85,98.61,98.61,34748.00
2025-12-29 11:25:00-05:00,98.64,98.75,98.635,98.73,29307.00
2025-12-29 11:30:00-05:00,98.7,98.86,98.67,98.68,42373.00
2025-12-29 11:35:00-05:00,98.66,98.75,98.6253,98.6253,29602.00
2025-12-29 11:40:00-05:00,98.63,98.7,98.59,98.6951,30645.00
2025-12-29 11:45:00-05:00,98.69,98.8,98.685,98.77,24841.00
2025-12-29 11:50:00-05:00,98.76,98.8,98.55,98.6312,44804.00
2025-12-29 11:55:00-05:00,98.62,98.645,98.54,98.615,55278.00
2025-12-29 12:00:00-05:00,98.6,98.7,98.6,98.6435,30483.00
2025-12-29 12:05:00-05:00,98.665,98.77,98.63,98.765,40945.00
2025-12-29 12:10:00-05:00,98.76,98.8,98.68,98.765,51376.00
2025-12-29 12:15:00-05:00,98.73,98.75,98.675,98.7431,39678.00
2025-12-29 12:20:00-05:00,98.72,98.75,98.57,98.64,69851.00
2025-12-29 12:25:00-05:00,98.66,98.66,98.495,98.565,102112.00
2025-12-29 12:30:00-05:00,98.565,98.728,98.55,98.72,80260.00
2025-12-29 12:35:00-05:00,98.73,98.755,98.5861,98.59,43412.00
2025-12-29 12:40:00-05:00,98.59,98.64,98.4814,98.52,35765.00
2025-12-29 12:45:00-05:00,98.525,98.66,98.525,98.58,29508.00
2025-12-29 12:50:00-05:00,98.5801,98.75,98.5801,98.73,33443.00
2025-12-29 12:55:00-05:00,98.735,98.77,98.65,98.65,30509.00
2025-12-29 13:00:00-05:00,98.65,98.82,98.625,98.77,27971.00
2025-12-29 13:05:00-05:00,98.74,98.775,98.55,98.55,32153.00
2025-12-29 13:10:00-05:00,98.56,98.57,98.4101,98.43,49070.00
2025-12-29 13:15:00-05:00,98.45,98.55,98.4101,98.53,34111.00
2025-12-29 13:20:00-05:00,98.53,98.54,98.38,98.4,45144.00
2025-12-29 13:25:00-05:00,98.38,98.5,98.38,98.5,39605.00
2025-12-29 13:30:00-05:00,98.48,98.4998,98.21,98.31,60993.00
2025-12-29 13:35:00-05:00,98.305,98.32,97.99,98.015,47397.00
2025-12-29 13:40:00-05:00,98.03,98.11,97.9792,98.11,40489.00
2025-12-29 13:45:00-05:00,98.105,98.1675,98.04,98.1,42626.00
2025-12-29 13:50:00-05:00,98.105,98.3,98.09,98.25,45898.00
2025-12-29 13:55:00-05:00,98.26,98.3,98.16,98.21,56364.00
2025-12-29 14:00:00-05:00,98.21,98.24,98.1053,98.115,34011.00
2025-12-29 14:05:00-05:00,98.115,98.14,97.99,98.035,71517.00
2025-12-29 14:10:00-05:00,98.035,98.26,97.93,98.22,59469.00
2025-12-29 14:15:00-05:00,98.22,98.39,98.21,98.3,59747.00
2025-12-29 14:20:00-05:00,98.29,98.3,98.13,98.13,29638.00
2025-12-29 14:25:00-05:00,98.13,98.14,97.95,97.965,42626.00
2025-12-29 14:30:00-05:00,97.96,98.01,97.76,97.86,60658.00
2025-12-29 14:35:00-05:00,97.87,97.98,97.82,97.9,63381.00
2025-12-29 14:40:00-05:00,97.92,98.01,97.845,97.865,61261.00
2025-12-29 14:45:00-05:00,97.87,97.91,97.82,97.85,44336.00
2025-12-29 14:50:00-05:00,97.85,97.86,97.77,97.86,64184.00
2025-12-29 14:55:00-05:00,97.8644,97.925,97.71,97.755,127938.00
2025-12-29 15:00:00-05:00,97.7675,97.95,97.71,97.92,59373.00
2025-12-29 15:05:00-05:00,97.92,97.97,97.86,97.89,70322.00
2025-12-29 15:10:00-05:00,97.895,98,97.86,97.99,73354.00
2025-12-29 15:15:00-05:00,97.99,98.05,97.97,97.98,39403.00
2025-12-29 15:20:00-05:00,97.98,98.02,97.9,98.005,50481.00
2025-12-29 15:25:00-05:00,98,98.15,97.98,98.15,75211.00
2025-12-29 15:30:00-05:00,98.1597,98.22,98.15,98.19,45048.00
2025-12-29 15:35:00-05:00,98.19,98.355,98.19,98.2,91725.00
2025-12-29 15:40:00-05:00,98.23,98.2993,98.1,98.1,76694.00
2025-12-29 15:45:00-05:00,98.0996,98.26,98.08,98.255,191354.00
2025-12-29 15:50:00-05:00,98.2799,98.28,97.98,98.07,193002.00
2025-12-29 15:55:00-05:00,98.075,98.16,97.98,98.12,376165.00
2025-12-30 09:30:00-05:00,97.875,97.99,97.06,97.1975,108179.00
2025-12-30 09:35:00-05:00,97.19,97.528,97.15,97.49,100158.00
2025-12-30 09:40:00-05:00,97.46,97.535,97.28,97.535,70515.00
2025-12-30 09:45:00-05:00,97.535,97.6236,97.3688,97.5,40264.00
2025-12-30 09:50:00-05:00,97.4948,97.67,97.43,97.6133,55268.00
2025-12-30 09:55:00-05:00,97.61,97.78,97.581,97.645,38384.00
2025-12-30 10:00:00-05:00,97.68,97.7176,97.5127,97.5799,35329.00
2025-12-30 10:05:00-05:00,97.54,97.7104,97.54,97.61,33092.00
2025-12-30 10:10:00-05:00,97.615,97.66,97.51,97.555,20453.00
2025-12-30 10:15:00-05:00,97.555,97.6744,97.51,97.53,23448.00
2025-12-30 10:20:00-05:00,97.535,97.56,97.44,97.52,31207.00
2025-12-30 10:25:00-05:00,97.56,97.61,97.52,97.565,29031.00
2025-12-30 10:30:00-05:00,97.59,97.59,97.26,97.26,45190.00
2025-12-30 10:35:00-05:00,97.315,97.47,97.315,97.44,22891.00
2025-12-30 10:40:00-05:00,97.45,97.51,97.385,97.41,47436.00
2025-12-30 10:45:00-05:00,97.415,97.415,97.3301,97.375,23779.00
2025-12-30 10:50:00-05:00,97.375,97.4499,97.34,97.43,27257.00
2025-12-30 10:55:00-05:00,97.426,97.56,97.426,97.495,32707.00
2025-12-30 11:00:00-05:00,97.495,97.595,97.325,97.353,37654.00
2025-12-30 11:05:00-05:00,97.35,97.3698,97.25,97.285,25220.00
2025-12-30 11:10:00-05:00,97.3,97.41,97.3,97.38,21325.00
2025-12-30 11:15:00-05:00,97.38,97.4523,97.35,97.4,21650.00
2025-12-30 11:20:00-05:00,97.4001,97.432,97.37,97.39,18012.00
2025-12-30 11:25:00-05:00,97.4,97.55,97.4,97.53,27681.00
2025-12-30 11:30:00-05:00,97.535,97.55,97.3801,97.425,23111.00
2025-12-30 11:35:00-05:00,97.45,97.47,97.36,97.39,21065.00
2025-12-30 11:40:00-05:00,97.38,97.38,97.265,97.32,23213.00
2025-12-30 11:45:00-05:00,97.315,97.33,97.29,97.3299,10431.00
2025-12-30 11:50:00-05:00,97.3,97.35,97.21,97.28,33347.00
2025-12-30 11:55:00-05:00,97.28,97.294,97.23,97.25,17359.00
2025-12-30 12:00:00-05:00,97.24,97.32,97.24,97.27,16837.00
2025-12-30 12:05:00-05:00,97.27,97.285,97.22,97.24,35830.00
2025-12-30 12:10:00-05:00,97.25,97.28,97.22,97.27,30686.00
2025-12-30 12:15:00-05:00,97.27,97.3423,97.2262,97.275,26231.00
2025-12-30 12:20:00-05:00,97.26,97.43,97.22,97.37,51931.00
2025-12-30 12:25:00-05:00,97.375,97.47,97.3671,97.42,46189.00
2025-12-30 12:30:00-05:00,97.415,97.49,97.4,97.4831,19494.00
2025-12-30 12:35:00-05:00,97.49,97.49,97.415,97.4664,25972.00
2025-12-30 12:40:00-05:00,97.4707,97.4799,97.38,97.38,18161.00
2025-12-30 12:45:00-05:00,97.3734,97.395,97.36,97.39,17648.00
2025-12-30 12:50:00-05:00,97.3801,97.48,97.3801,97.42,30865.00
2025-12-30 12:55:00-05:00,97.41,97.48,97.4,97.42,41038.00
2025-12-30 13:00:00-05:00,97.44,97.47,97.41,97.45,26115.00
2025-12-30 13:05:00-05:00,97.455,97.48,97.4,97.437,30474.00
2025-12-30 13:10:00-05:00,97.43,97.47,97.42,97.45,17181.00
2025-12-30 13:15:00-05:00,97.4699,97.4699,97.36,97.435,25913.00
2025-12-30 13:20:00-05:00,97.435,97.585,97.41,97.565,75495.00
2025-12-30 13:25:00-05:00,97.578,97.6827,97.55,97.635,41373.00
2025-12-30 13:30:00-05:00,97.63,97.76,97.57,97.71,38269.00
2025-12-30 13:35:00-05:00,97.69,97.74,97.69,97.7287,25220.00
2025-12-30 13:40:00-05:00,97.73,97.74,97.62,97.66,35349.00
2025-12-30 13:45:00-05:00,97.68,97.8,97.675,97.76,27963.00
2025-12-30 13:50:00-05:00,97.765,97.81,97.725,97.79,22165.00
2025-12-30 13:55:00-05:00,97.785,97.84,97.75,97.79,22541.00
2025-12-30 14:00:00-05:00,97.76,97.835,97.75,97.82,18979.00
2025-12-30 14:05:00-05:00,97.83,97.8396,97.66,97.66,22340.00
2025-12-30 14:10:00-05:00,97.66,97.6998,97.61,97.69,18918.00
2025-12-30 14:15:00-05:00,97.68,97.69,97.58,97.63,30268.00
2025-12-30 14:20:00-05:00,97.6258,97.6258,97.555,97.59,25719.00
2025-12-30 14:25:00-05:00,97.5929,97.68,97.59,97.68,25661.00
2025-12-30 14:30:00-05:00,97.69,97.79,97.68,97.76,56880.00
2025-12-30 14:35:00-05:00,97.7776,97.8799,97.7776,97.8501,47863.00
2025-12-30 14:40:00-05:00,97.846,97.87,97.73,97.74,23516.00
2025-12-30 14:45:00-05:00,97.735,97.8,97.69,97.78,30792.00
2025-12-30 14:50:00-05:00,97.76,97.823,97.7164,97.82,37945.00
2025-12-30 14:55:00-05:00,97.8233,97.83,97.76,97.76,43159.00
2025-12-30 15:00:00-05:00,97.775,97.79,97.54,97.54,38539.00
2025-12-30 15:05:00-05:00,97.52,97.5213,97.32,97.43,50358.00
2025-12-30 15:10:00-05:00,97.47,97.52,97.393,97.495,32092.00
2025-12-30 15:15:00-05:00,97.51,97.57,97.5,97.55,38649.00
2025-12-30 15:20:00-05:00,97.55,97.68,97.54,97.58,40809.00
2025-12-30 15:25:00-05:00,97.59,97.6399,97.57,97.59,27971.00
2025-12-30 15:30:00-05:00,97.61,97.68,97.58,97.59,33894.00
2025-12-30 15:35:00-05:00,97.61,97.62,97.54,97.57,47976.00
2025-12-30 15:40:00-05:00,97.58,97.6,97.52,97.535,54858.00
2025-12-30 15:45:00-05:00,97.55,97.65,97.535,97.65,80735.00
2025-12-30 15:50:00-05:00,97.67,97.8,97.57,97.6,141404.00
2025-12-30 15:55:00-05:00,97.6,97.61,97.41,97.45,300224.00
2025-12-31 09:30:00-05:00,97.41,97.67,97.2,97.6596,86386.00
2025-12-31 09:35:00-05:00,97.65,97.93,97.56,97.82,73298.00
2025-12-31 09:40:00-05:00,97.845,98.34,97.8,98.24,145600.00
2025-12-31 09:45:00-05:00,98.3433,98.44,98.175,98.175,73097.00
2025-12-31 09:50:00-05:00,98.16,98.23,97.88,98.09,47515.00
2025-12-31 09:55:00-05:00,98.1,98.13,97.81,97.8268,46931.00
2025-12-31 10:00:00-05:00,97.85,97.872,97.46,97.5719,57549.00
2025-12-31 10:05:00-05:00,97.54,97.66,97.49,97.65,64019.00
2025-12-31 10:10:00-05:00,97.655,97.69,97.5201,97.56,27747.00
2025-12-31 10:15:00-05:00,97.5515,97.6225,97.49,97.5201,28566.00
2025-12-31 10:20:00-05:00,97.52,97.55,97.435,97.49,32420.00
2025-12-31 10:25:00-05:00,97.51,97.53,97.4442,97.485,36938.00
2025-12-31 10:30:00-05:00,97.485,97.4925,97.38,97.4673,29523.00
2025-12-31 10:35:00-05:00,97.48,97.66,97.45,97.4614,49458.00
2025-12-31 10:40:00-05:00,97.465,97.73,97.453,97.605,102899.00
2025-12-31 10:45:00-05:00,97.605,97.605,97.5,97.56,29086.00
2025-12-31 10:50:00-05:00,97.565,97.71,97.565,97.683,32087.00
2025-12-31 10:55:00-05:00,97.69,97.75,97.595,97.642,30247.00
2025-12-31 11:00:00-05:00,97.63,97.68,97.545,97.5763,29601.00
2025-12-31 11:05:00-05:00,97.565,97.72,97.5401,97.655,36962.00
2025-12-31 11:10:00-05:00,97.655,97.67,97.569,97.605,38382.00
2025-12-31 11:15:00-05:00,97.605,97.75,97.605,97.69,84406.00
2025-12-31 11:20:00-05:00,97.7101,97.772,97.645,97.74,52462.00
2025-12-31 11:25:00-05:00,97.737,97.7999,97.7245,97.795,27367.00
2025-12-31 11:30:00-05:00,97.8,97.855,97.71,97.81,38091.00
2025-12-31 11:35:00-05:00,97.82,97.885,97.77,97.81,34582.00
2025-12-31 11:40:00-05:00,97.81,97.905,97.7243,97.83,57386.00
2025-12-31 11:45:00-05:00,97.8503,97.885,97.78,97.83,35591.00
2025-12-31 11:50:00-05:00,97.82,97.881,97.8101,97.88,40587.00
2025-12-31 11:55:00-05:00,97.88,97.89,97.785,97.8567,30617.00
2025-12-31 12:00:00-05:00,97.85,97.92,97.82,97.9,31498.00
2025-12-31 12:05:00-05:00,97.905,97.93,97.87,97.88,23716.00
2025-12-31 12:10:00-05:00,97.88,97.9,97.82,97.88,37297.00
2025-12-31 12:15:00-05:00,97.88,97.89,97.83,97.84,24990.00
2025-12-31 12:20:00-05:00,97.841,97.92,97.84,97.905,38762.00
2025-12-31 12:25:00-05:00,97.905,97.93,97.83,97.835,31456.00
2025-12-31 12:30:00-05:00,97.83,97.93,97.8244,97.905,40624.00
2025-12-31 12:35:00-05:00,97.905,98.02,97.905,97.92,62810.00
2025-12-31 12:40:00-05:00,97.93,97.958,97.9004,97.958,22335.00
2025-12-31 12:45:00-05:00,97.955,97.98,97.855,97.89,28378.00
2025-12-31 12:50:00-05:00,97.89,97.9,97.73,97.89,99270.00
2025-12-31 12:55:00-05:00,97.905,97.91,97.78,97.83,27350.00
2025-12-31 13:00:00-05:00,97.825,97.92,97.825,97.87,23682.00
2025-12-31 13:05:00-05:00,97.85,97.86,97.79,97.805,15862.00
2025-12-31 13:10:00-05:00,97.82,97.92,97.8,97.92,29032.00
2025-12-31 13:15:00-05:00,97.91,97.9193,97.81,97.8965,21283.00
2025-12-31 13:20:00-05:00,97.89,97.93,97.86,97.9,15810.00
2025-12-31 13:25:00-05:00,97.8926,97.91,97.87,97.895,34148.00
2025-12-31 13:30:00-05:00,97.895,98.015,97.89,98.015,29591.00
2025-12-31 13:35:00-05:00,98.0001,98.0001,97.88,97.94,24339.00
2025-12-31 13:40:00-05:00,97.925,98.015,97.91,98.015,27852.00
2025-12-31 13:45:00-05:00,98.02,98.12,97.98,98.06,52242.00
2025-12-31 13:50:00-05:00,98.065,98.14,98.05,98.1,44540.00
2025-12-31 13:55:00-05:00,98.1,98.2299,98.07,98.2001,34032.00
2025-12-31 14:00:00-05:00,98.22,98.24,98.17,98.18,32663.00
2025-12-31 14:05:00-05:00,98.197,98.275,98.19,98.22,28773.00
2025-12-31 14:10:00-05:00,98.24,98.2699,98.22,98.25,22231.00
2025-12-31 14:15:00-05:00,98.25,98.26,98.19,98.21,29235.00
2025-12-31 14:20:00-05:00,98.22,98.2551,98.1601,98.18,28591.00
2025-12-31 14:25:00-05:00,98.17,98.175,98.07,98.1,24393.00
2025-12-31 14:30:00-05:00,98.1,98.11,98.05,98.08,36106.00
2025-12-31 14:35:00-05:00,98.085,98.125,98.04,98.07,29159.00
2025-12-31 14:40:00-05:00,98.0606,98.11,98.04,98.0771,17519.00
2025-12-31 14:45:00-05:00,98.0799,98.0902,98.06,98.07,27119.00
2025-12-31 14:50:00-05:00,98.065,98.08,98.02,98.06,37628.00
2025-12-31 14:55:00-05:00,98.05,98.06,97.975,97.99,22163.00
2025-12-31 15:00:00-05:00,97.991,97.991,97.92,97.94,26203.00
2025-12-31 15:05:00-05:00,97.94,97.96,97.8813,97.93,24324.00
2025-12-31 15:10:00-05:00,97.93,97.93,97.8346,97.875,24023.00
2025-12-31 15:15:00-05:00,97.87,97.96,97.87,97.95,37975.00
2025-12-31 15:20:00-05:00,97.95,97.96,97.8803,97.9,41883.00
2025-12-31 15:25:00-05:00,97.9,97.93,97.87,97.88,36811.00
2025-12-31 15:30:00-05:00,97.87,98,97.85,97.98,45447.00
2025-12-31 15:35:00-05:00,97.975,98.04,97.9101,97.925,41571.00
2025-12-31 15:40:00-05:00,97.93,97.95,97.89,97.95,54432.00
2025-12-31 15:45:00-05:00,97.95,97.965,97.865,97.865,70187.00
2025-12-31 15:50:00-05:00,97.86,98,97.835,97.855,121740.00
2025-12-31 15:55:00-05:00,97.855,97.93,97.73,97.76,331099.00
2026-01-02 09:30:00-05:00,97.91,98.22,97.07,98.18,160953.00
2026-01-02 09:35:00-05:00,98.18,98.99,98.02,98.96,125774.00
2026-01-02 09:40:00-05:00,98.96,99.405,98.8901,99.09,154908.00
2026-01-02 09:45:00-05:00,99.1,99.11,98.53,98.68,104448.00
2026-01-02 09:50:00-05:00,98.7,98.71,98.3,98.4,111436.00
2026-01-02 09:55:00-05:00,98.43,98.89,98.42,98.86,63970.00
2026-01-02 10:00:00-05:00,98.9,98.99,98.51,98.705,73005.00
2026-01-02 10:05:00-05:00,98.7599,98.7599,98.53,98.57,66333.00
2026-01-02 10:10:00-05:00,98.57,98.63,98.4191,98.53,45042.00
2026-01-02 10:15:00-05:00,98.52,98.93,98.43,98.87,75701.00
2026-01-02 10:20:00-05:00,98.87,99.08,98.77,98.99,102243.00
2026-01-02 10:25:00-05:00,98.95,99.02,98.82,98.92,69383.00
2026-01-02 10:30:00-05:00,98.915,99.07,98.9,99.07,68099.00
2026-01-02 10:35:00-05:00,99.05,99.09,98.845,98.92,58696.00
2026-01-02 10:40:00-05:00,98.93,99.11,98.85,99.05,72045.00
2026-01-02 10:45:00-05:00,99.08,99.2,98.99,99.005,77509.00
2026-01-02 10:50:00-05:00,99.01,99.08,98.87,99.08,61369.00
2026-01-02 10:55:00-05:00,99.08,99.19,98.92,99.15,86911.00
2026-01-02 11:00:00-05:00,99.15,99.51,99.12,99.285,162237.00
2026-01-02 11:05:00-05:00,99.285,99.59,99.225,99.555,61861.00
2026-01-02 11:10:00-05:00,99.57,99.8399,99.53,99.68,99199.00
2026-01-02 11:15:00-05:00,99.68,100.005,99.6601,99.89,104956.00
2026-01-02 11:20:00-05:00,99.9,100.0171,99.8,100,63857.00
2026-01-02 11:25:00-05:00,99.99,101,99.92,100.005,110239.00
2026-01-02 11:30:00-05:00,100.01,100.15,99.98,100.065,54902.00
2026-01-02 11:35:00-05:00,100.065,100.1899,100.03,100.14,71305.00
2026-01-02 11:40:00-05:00,100.15,100.21,100.05,100.08,59151.00
2026-01-02 11:45:00-05:00,100.06,100.07,99.9428,100.02,50985.00
2026-01-02 11:50:00-05:00,100.02,100.135,99.95,100.105,41701.00
2026-01-02 11:55:00-05:00,100.103,100.16,100,100.15,64808.00
2026-01-02 12:00:00-05:00,100.155,100.19,99.97,99.98,42891.00
2026-01-02 12:05:00-05:00,100,100.03,99.83,99.94,73571.00
2026-01-02 12:10:00-05:00,99.945,100.12,99.91,100.07,34291.00
2026-01-02 12:15:00-05:00,100.06,100.175,100.04,100.08,40563.00
2026-01-02 12:20:00-05:00,100.1,100.17,99.91,99.945,66752.00
2026-01-02 12:25:00-05:00,99.92,99.92,99.76,99.85,35367.00
2026-01-02 12:30:00-05:00,99.86,99.96,99.775,99.775,55482.00
2026-01-02 12:35:00-05:00,99.78,99.81,99.58,99.61,38470.00
2026-01-02 12:40:00-05:00,99.61,99.62,99.47,99.51,34096.00
2026-01-02 12:45:00-05:00,99.515,99.64,99.5,99.59,29047.00
2026-01-02 12:50:00-05:00,99.57,99.6634,99.5412,99.575,28502.00
2026-01-02 12:55:00-05:00,99.57,99.6502,99.51,99.5593,37982.00
2026-01-02 13:00:00-05:00,99.535,99.6,99.48,99.525,30088.00
2026-01-02 13:05:00-05:00,99.5,99.52,99.4101,99.52,29964.00
2026-01-02 13:10:00-05:00,99.505,99.69,99.48,99.69,25871.00
2026-01-02 13:15:00-05:00,99.69,100.01,99.63,100,43710.00
2026-01-02 13:20:00-05:00,99.99,100.1014,99.93,100.0867,59841.00
2026-01-02 13:25:00-05:00,100.075,100.075,99.96,99.96,44484.00
2026-01-02 13:30:00-05:00,99.9899,100.05,99.95,99.955,32292.00
2026-01-02 13:35:00-05:00,99.94,100,99.9,99.98,30162.00
2026-01-02 13:40:00-05:00,99.96,100.06,99.96,100.025,37818.00
2026-01-02 13:45:00-05:00,100.025,100.0265,99.9273,99.93,41703.00
2026-01-02 13:50:00-05:00,99.93,100.11,99.905,100.1,26197.00
2026-01-02 13:55:00-05:00,100.0805,100.14,100.06,100.1387,27265.00
2026-01-02 14:00:00-05:00,100.14,100.325,100.1089,100.32,68073.00
2026-01-02 14:05:00-05:00,100.3,100.37,100.255,100.33,47162.00
2026-01-02 14:10:00-05:00,100.34,100.53,100.2423,100.4901,49557.00
2026-01-02 14:15:00-05:00,100.51,100.6,100.42,100.45,44053.00
2026-01-02 14:20:00-05:00,100.465,100.5373,100.3975,100.49,36397.00
2026-01-02 14:25:00-05:00,100.48,100.4995,100.33,100.375,32650.00
2026-01-02 14:30:00-05:00,100.35,100.39,100.3,100.345,27627.00
2026-01-02 14:35:00-05:00,100.34,100.54,100.325,100.49,67091.00
2026-01-02 14:40:00-05:00,100.5,100.57,100.5,100.51,53916.00
2026-01-02 14:45:00-05:00,100.51,100.5375,100.475,100.53,41610.00
2026-01-02 14:50:00-05:00,100.525,100.67,100.525,100.655,28673.00
2026-01-02 14:55:00-05:00,100.65,100.75,100.63,100.67,65548.00
2026-01-02 15:00:00-05:00,100.67,100.795,100.66,100.73,55298.00
2026-01-02 15:05:00-05:00,100.7264,100.905,100.72,100.89,44892.00
2026-01-02 15:10:00-05:00,100.8908,100.96,100.75,100.76,81742.00
2026-01-02 15:15:00-05:00,100.76,100.82,100.71,100.7529,75756.00
2026-01-02 15:20:00-05:00,100.73,100.8,100.67,100.69,53615.00
2026-01-02 15:25:00-05:00,100.69,100.69,100.54,100.54,75873.00
2026-01-02 15:30:00-05:00,100.54,100.64,100.485,100.555,80744.00
2026-01-02 15:35:00-05:00,100.56,100.6478,100.55,100.5587,84705.00
2026-01-02 15:40:00-05:00,100.5658,100.625,100.44,100.44,86693.00
2026-01-02 15:45:00-05:00,100.44,100.455,100.24,100.38,120079.00
2026-01-02 15:50:00-05:00,100.37,100.61,100.35,100.43,261903.00
2026-01-02 15:55:00-05:00,100.42,100.51,100.32,100.5,570015.00
2026-01-05 09:30:00-05:00,100.4,101.19,99.9,100.53,177765.00
2026-01-05 09:35:00-05:00,100.58,101.25,100.538,101.14,82070.00
2026-01-05 09:40:00-05:00,101.15,101.42,101.12,101.38,67652.00
2026-01-05 09:45:00-05:00,101.3755,101.93,101.23,101.81,98578.00
2026-01-05 09:50:00-05:00,101.7852,101.87,100.985,101.26,155921.00
2026-01-05 09:55:00-05:00,101.155,101.35,100.82,101.01,84372.00
2026-01-05 10:00:00-05:00,101.02,101.335,100.5536,100.77,75629.00
2026-01-05 10:05:00-05:00,100.755,101.17,100.58,101.04,51334.00
2026-01-05 10:10:00-05:00,101.025,101.24,100.995,101.06,51516.00
2026-01-05 10:15:00-05:00,101.03,101.325,101.01,101.21,52260.00
2026-01-05 10:20:00-05:00,101.21,101.53,101.21,101.235,53647.00
2026-01-05 10:25:00-05:00,101.22,101.49,101.105,101.465,67001.00
2026-01-05 10:30:00-05:00,101.465,101.5499,100.76,100.7625,92762.00
2026-01-05 10:35:00-05:00,100.735,100.9,100.5562,100.5562,53874.00
2026-01-05 10:40:00-05:00,100.57,100.94,100.5,100.9119,85362.00
2026-01-05 10:45:00-05:00,100.93,101.13,100.87,100.925,68512.00
2026-01-05 10:50:00-05:00,100.925,101.08,100.78,100.87,55622.00
2026-01-05 10:55:00-05:00,100.845,100.98,100.73,100.81,49283.00
2026-01-05 11:00:00-05:00,100.85,100.99,100.83,100.97,62982.00
2026-01-05 11:05:00-05:00,100.965,100.98,100.74,100.835,74437.00
2026-01-05 11:10:00-05:00,100.83,100.92,100.7605,100.88,44875.00
2026-01-05 11:15:00-05:00,100.88,101.015,100.85,100.94,44991.00
2026-01-05 11:20:00-05:00,100.94,101.2,100.92,101.18,43187.00
2026-01-05 11:25:00-05:00,101.18,101.2,100.99,100.995,35079.00
2026-01-05 11:30:00-05:00,101,101.31,100.985,101.22,48843.00
2026-01-05 11:35:00-05:00,101.23,101.4751,101.14,101.46,34805.00
2026-01-05 11:40:00-05:00,101.46,101.56,101.39,101.56,54059.00
2026-01-05 11:45:00-05:00,101.56,101.69,101.4801,101.63,78590.00
2026-01-05 11:50:00-05:00,101.65,101.77,101.6261,101.765,50034.00
2026-01-05 11:55:00-05:00,101.76,101.99,101.76,101.885,68347.00
2026-01-05 12:00:00-05:00,101.9,102.06,101.8755,101.97,123664.00
2026-01-05 12:05:00-05:00,101.97,102.26,101.97,102.085,129973.00
2026-01-05 12:10:00-05:00,102.085,102.2,102,102.175,82759.00
2026-01-05 12:15:00-05:00,102.1696,102.2025,102.05,102.085,52038.00
2026-01-05 12:20:00-05:00,102.09,102.3833,102.07,102.3833,56602.00
2026-01-05 12:25:00-05:00,102.39,102.44,102.24,102.265,78217.00
2026-01-05 12:30:00-05:00,102.28,102.38,102.155,102.365,95553.00
2026-01-05 12:35:00-05:00,102.365,102.53,102.35,102.37,104205.00
2026-01-05 12:40:00-05:00,102.35,102.53,102.34,102.3402,101405.00
2026-01-05 12:45:00-05:00,102.36,102.42,102.32,102.38,59185.00
2026-01-05 12:50:00-05:00,102.36,102.39,102.32,102.335,35772.00
2026-01-05 12:55:00-05:00,102.33,102.39,102.2315,102.34,57549.00
2026-01-05 13:00:00-05:00,102.325,102.5,102.325,102.395,51991.00
2026-01-05 13:05:00-05:00,102.39,102.44,102.25,102.3,40203.00
2026-01-05 13:10:00-05:00,102.32,102.48,102.32,102.48,62949.00
2026-01-05 13:15:00-05:00,102.48,102.52,102.38,102.485,61217.00
2026-01-05 13:20:00-05:00,102.485,102.665,102.424,102.58,82470.00
2026-01-05 13:25:00-05:00,102.6099,102.66,102.545,102.585,62170.00
2026-01-05 13:30:00-05:00,102.58,102.6,102.43,102.5193,36309.00
2026-01-05 13:35:00-05:00,102.525,102.65,102.48,102.5,41412.00
2026-01-05 13:40:00-05:00,102.495,102.71,102.48,102.65,45355.00
2026-01-05 13:45:00-05:00,102.67,102.78,102.53,102.78,57203.00
2026-01-05 13:50:00-05:00,102.774,102.85,102.72,102.85,53514.00
2026-01-05 13:55:00-05:00,102.86,103.03,102.83,102.935,121485.00
2026-01-05 14:00:00-05:00,102.935,103.22,102.935,103.2,107928.00
2026-01-05 14:05:00-05:00,103.22,103.26,102.93,102.93,197460.00
2026-01-05 14:10:00-05:00,102.92,102.925,102.785,102.875,70719.00
2026-01-05 14:15:00-05:00,102.88,103.02,102.86,102.95,106834.00
2026-01-05 14:20:00-05:00,102.95,102.975,102.84,102.88,54794.00
2026-01-05 14:25:00-05:00,102.865,102.98,102.845,102.92,73831.00
2026-01-05 14:30:00-05:00,102.915,102.94,102.75,102.7799,51725.00
2026-01-05 14:35:00-05:00,102.755,102.78,102.5,102.55,60223.00
2026-01-05 14:40:00-05:00,102.53,102.53,102.27,102.295,50093.00
2026-01-05 14:45:00-05:00,102.28,102.35,102.25,102.2668,67505.00
2026-01-05 14:50:00-05:00,102.27,102.4,102.26,102.365,54729.00
2026-01-05 14:55:00-05:00,102.365,102.42,102.27,102.28,72222.00
2026-01-05 15:00:00-05:00,102.295,102.31,102.045,102.0558,59059.00
2026-01-05 15:05:00-05:00,102.07,102.17,102.03,102.06,52357.00
2026-01-05 15:10:00-05:00,102.06,102.3,102.01,102.25,78765.00
2026-01-05 15:15:00-05:00,102.25,102.27,102.17,102.2062,75118.00
2026-01-05 15:20:00-05:00,102.2,102.22,102.05,102.075,67882.00
2026-01-05 15:25:00-05:00,102.07,102.18,102.07,102.17,73425.00
2026-01-05 15:30:00-05:00,102.17,102.29,102.13,102.16,88619.00
2026-01-05 15:35:00-05:00,102.16,102.2,102,102,88734.00
2026-01-05 15:40:00-05:00,102,102.09,101.96,101.97,96536.00
2026-01-05 15:45:00-05:00,101.96,101.99,101.805,101.9,139775.00
2026-01-05 15:50:00-05:00,101.9,102,101.85,101.9,176806.00
2026-01-05 15:55:00-05:00,101.89,102.11,101.86,102.1,510637.00
2026-01-06 09:30:00-05:00,102.1,103.34,101.5938,103.1605,117370.00
2026-01-06 09:35:00-05:00,103.18,103.235,102.55,103.2,71025.00
2026-01-06 09:40:00-05:00,103.1842,103.55,103.1336,103.275,86072.00
2026-01-06 09:45:00-05:00,103.29,103.58,103.06,103.58,49249.00
2026-01-06 09:50:00-05:00,103.555,103.645,103.18,103.2095,56680.00
2026-01-06 09:55:00-05:00,103.27,103.35,102.89,103.195,41169.00
2026-01-06 10:00:00-05:00,103.195,103.45,103.1,103.42,43309.00
2026-01-06 10:05:00-05:00,103.42,103.535,103.23,103.4,46247.00
2026-01-06 10:10:00-05:00,103.4,103.75,103.1523,103.71,60548.00
2026-01-06 10:15:00-05:00,103.71,103.8,103.5268,103.725,132657.00
2026-01-06 10:20:00-05:00,103.725,103.965,103.71,103.88,108764.00
2026-01-06 10:25:00-05:00,103.875,104.12,103.85,103.94,75062.00
2026-01-06 10:30:00-05:00,103.985,104.05,103.89,103.96,166590.00
2026-01-06 10:35:00-05:00,103.955,103.955,103.38,103.38,93563.00
2026-01-06 10:40:00-05:00,103.38,103.54,103.32,103.38,104322.00
2026-01-06 10:45:00-05:00,103.3401,103.54,103.3001,103.365,48401.00
2026-01-06 10:50:00-05:00,103.37,103.42,102.96,103.09,100696.00
2026-01-06 10:55:00-05:00,103.085,103.29,103.08,103.29,43943.00
2026-01-06 11:00:00-05:00,103.31,103.66,103.31,103.66,46043.00
2026-01-06 11:05:00-05:00,103.64,103.655,103.485,103.6301,49695.00
2026-01-06 11:10:00-05:00,103.645,103.97,103.62,103.91,94855.00
2026-01-06 11:15:00-05:00,103.92,104,103.71,103.8099,52030.00
2026-01-06 11:20:00-05:00,103.74,103.82,103.6898,103.75,53387.00
2026-01-06 11:25:00-05:00,103.715,103.855,103.6,103.755,64972.00
2026-01-06 11:30:00-05:00,103.755,103.81,103.6,103.62,82683.00
2026-01-06 11:35:00-05:00,103.65,103.74,103.6185,103.655,47293.00
2026-01-06 11:40:00-05:00,103.655,103.72,103.57,103.67,31497.00
2026-01-06 11:45:00-05:00,103.695,103.817,103.63,103.8,46592.00
2026-01-06 11:50:00-05:00,103.7801,103.98,103.77,103.93,57430.00
2026-01-06 11:55:00-05:00,103.95,103.96,103.69,103.81,91513.00
2026-01-06 12:00:00-05:00,103.83,103.87,103.75,103.84,52506.00
2026-01-06 12:05:00-05:00,103.805,103.835,103.74,103.78,40644.00
2026-01-06 12:10:00-05:00,103.78,103.8799,103.71,103.82,69831.00
2026-01-06 12:15:00-05:00,103.82,103.93,103.82,103.865,44930.00
2026-01-06 12:20:00-05:00,103.845,103.87,103.685,103.69,46045.00
2026-01-06 12:25:00-05:00,103.705,103.82,103.62,103.79,51501.00
2026-01-06 12:30:00-05:00,103.795,103.95,103.78,103.78,55354.00
2026-01-06 12:35:00-05:00,103.8,103.81,103.635,103.635,39897.00
2026-01-06 12:40:00-05:00,103.6201,103.7,103.54,103.665,55773.00
2026-01-06 12:45:00-05:00,103.665,103.82,103.58,103.765,65111.00
2026-01-06 12:50:00-05:00,103.765,103.78,103.58,103.585,31853.00
2026-01-06 12:55:00-05:00,103.57,103.76,103.56,103.755,50532.00
2026-01-06 13:00:00-05:00,103.755,103.82,103.65,103.65,50357.00
2026-01-06 13:05:00-05:00,103.665,103.74,103.62,103.73,43645.00
2026-01-06 13:10:00-05:00,103.73,103.73,103.6,103.68,50511.00
2026-01-06 13:15:00-05:00,103.68,103.77,103.66,103.7,80147.00
2026-01-06 13:20:00-05:00,103.69,103.741,103.595,103.7,65933.00
2026-01-06 13:25:00-05:00,103.72,103.78,103.7,103.75,66408.00
2026-01-06 13:30:00-05:00,103.745,103.89,103.7101,103.76,55862.00
2026-01-06 13:35:00-05:00,103.765,103.79,103.7,103.79,39035.00
2026-01-06 13:40:00-05:00,103.81,103.87,103.75,103.86,70714.00
2026-01-06 13:45:00-05:00,103.8401,103.87,103.77,103.8004,42875.00
2026-01-06 13:50:00-05:00,103.79,103.85,103.7,103.71,57487.00
2026-01-06 13:55:00-05:00,103.725,103.78,103.6843,103.73,46662.00
2026-01-06 14:00:00-05:00,103.73,103.87,103.73,103.82,52135.00
2026-01-06 14:05:00-05:00,103.825,103.8597,103.675,103.69,66629.00
2026-01-06 14:10:00-05:00,103.7,103.77,103.655,103.66,48983.00
2026-01-06 14:15:00-05:00,103.66,103.7,103.6,103.69,49122.00
2026-01-06 14:20:00-05:00,103.69,103.7,103.57,103.635,38903.00
2026-01-06 14:25:00-05:00,103.635,103.88,103.635,103.87,61226.00
2026-01-06 14:30:00-05:00,103.875,104.125,103.875,104.091,73411.00
2026-01-06 14:35:00-05:00,104.1099,104.25,104.05,104.2291,85828.00
2026-01-06 14:40:00-05:00,104.22,104.37,104.22,104.265,55543.00
2026-01-06 14:45:00-05:00,104.265,104.265,104.16,104.17,50286.00
2026-01-06 14:50:00-05:00,104.165,104.25,104.0992,104.24,40038.00
2026-01-06 14:55:00-05:00,104.25,104.45,104.25,104.44,73300.00
2026-01-06 15:00:00-05:00,104.44,104.65,104.42,104.64,83892.00
2026-01-06 15:05:00-05:00,104.64,104.85,104.6399,104.8151,91633.00
2026-01-06 15:10:00-05:00,104.815,104.82,104.54,104.57,127807.00
2026-01-06 15:15:00-05:00,104.57,104.79,104.55,104.63,160192.00
2026-01-06 15:20:00-05:00,104.64,104.64,104.405,104.475,101444.00
2026-01-06 15:25:00-05:00,104.47,104.57,104.36,104.57,103490.00
2026-01-06 15:30:00-05:00,104.561,104.59,104.425,104.48,126839.00
2026-01-06 15:35:00-05:00,104.46,104.5,104.3313,104.355,103947.00
2026-01-06 15:40:00-05:00,104.355,104.49,104.19,104.285,190389.00
2026-01-06 15:45:00-05:00,104.29,104.42,104.135,104.2,265428.00
2026-01-06 15:50:00-05:00,104.21,104.38,104.13,104.235,352054.00
2026-01-06 15:55:00-05:00,104.235,104.37,104.11,104.31,675624.00
2026-01-07 09:30:00-05:00,104.3,104.66,104.13,104.15,107191.00
2026-01-07 09:35:00-05:00,104.15,104.61,103.66,103.81,82693.00
2026-01-07 09:40:00-05:00,103.8034,103.9199,103.36,103.51,34849.00
2026-01-07 09:45:00-05:00,103.465,103.5899,103.11,103.36,35700.00
2026-01-07 09:50:00-05:00,103.385,103.385,102.78,102.97,68616.00
2026-01-07 09:55:00-05:00,103.02,103.21,102.94,103.165,66167.00
2026-01-07 10:00:00-05:00,103.17,103.17,102.7,102.935,74847.00
2026-01-07 10:05:00-05:00,102.98,103.12,102.83,102.95,49365.00
2026-01-07 10:10:00-05:00,102.95,103.0199,102.7,102.855,39351.00
2026-01-07 10:15:00-05:00,102.82,103.01,102.76,102.82,37301.00
2026-01-07 10:20:00-05:00,102.76,102.96,102.71,102.895,40142.00
2026-01-07 10:25:00-05:00,102.895,103,102.62,102.63,44910.00
2026-01-07 10:30:00-05:00,102.66,102.75,102.485,102.715,38671.00
2026-01-07 10:35:00-05:00,102.715,103,102.715,102.99,41542.00
2026-01-07 10:40:00-05:00,103,103.11,102.94,103.04,36980.00
2026-01-07 10:45:00-05:00,103.04,103.11,102.77,103.0499,101687.00
2026-01-07 10:50:00-05:00,103.005,103.16,102.8201,103.07,27149.00
2026-01-07 10:55:00-05:00,103.0651,103.5,103.0101,103.43,45232.00
2026-01-07 11:00:00-05:00,103.3801,103.54,103.32,103.54,57138.00
2026-01-07 11:05:00-05:00,103.515,103.77,103.5,103.66,44019.00
2026-01-07 11:10:00-05:00,103.71,103.9,103.71,103.894,40289.00
2026-01-07 11:15:00-05:00,103.865,104.05,103.865,103.89,36708.00
2026-01-07 11:20:00-05:00,103.87,103.9,103.77,103.83,26493.00
2026-01-07 11:25:00-05:00,103.76,103.95,103.67,103.77,68096.00
2026-01-07 11:30:00-05:00,103.76,103.84,103.645,103.795,28538.00
2026-01-07 11:35:00-05:00,103.83,103.83,103.6905,103.73,29998.00
2026-01-07 11:40:00-05:00,103.76,103.8,103.71,103.77,36375.00
2026-01-07 11:45:00-05:00,103.73,103.82,103.71,103.74,29981.00
2026-01-07 11:50:00-05:00,103.745,103.79,103.66,103.71,22163.00
2026-01-07 11:55:00-05:00,103.72,103.79,103.6008,103.64,39938.00
2026-01-07 12:00:00-05:00,103.64,103.68,103.585,103.615,19987.00
2026-01-07 12:05:00-05:00,103.615,103.71,103.61,103.695,23894.00
2026-01-07 12:10:00-05:00,103.68,103.7,103.495,103.5,43014.00
2026-01-07 12:15:00-05:00,103.49,103.72,103.4579,103.72,31221.00
2026-01-07 12:20:00-05:00,103.72,103.85,103.69,103.8,34775.00
2026-01-07 12:25:00-05:00,103.823,103.88,103.79,103.825,24617.00
2026-01-07 12:30:00-05:00,103.83,103.86,103.8,103.86,21251.00
2026-01-07 12:35:00-05:00,103.8624,103.88,103.82,103.86,14372.00
2026-01-07 12:40:00-05:00,103.86,104.26,103.84,104.26,40289.00
2026-01-07 12:45:00-05:00,104.25,104.25,103.86,103.87,42060.00
2026-01-07 12:50:00-05:00,103.895,103.93,103.755,103.8,29331.00
2026-01-07 12:55:00-05:00,103.8,103.85,103.681,103.77,23162.00
2026-01-07 13:00:00-05:00,103.75,103.76,103.655,103.67,34065.00
2026-01-07 13:05:00-05:00,103.665,103.6933,103.44,103.635,40551.00
2026-01-07 13:10:00-05:00,103.635,103.72,103.59,103.63,18914.00
2026-01-07 13:15:00-05:00,103.66,103.73,103.605,103.71,20895.00
2026-01-07 13:20:00-05:00,103.68,103.73,103.56,103.58,23601.00
2026-01-07 13:25:00-05:00,103.58,103.58,103.358,103.43,17139.00
2026-01-07 13:30:00-05:00,103.4101,103.65,103.4101,103.53,30637.00
2026-01-07 13:35:00-05:00,103.6,103.83,103.51,103.69,68120.00
2026-01-07 13:40:00-05:00,103.69,103.8,103.67,103.7768,28078.00
2026-01-07 13:45:00-05:00,103.79,103.83,103.745,103.825,26793.00
2026-01-07 13:50:00-05:00,103.83,103.875,103.8,103.8,33251.00
2026-01-07 13:55:00-05:00,103.83,103.84,103.74,103.805,43130.00
2026-01-07 14:00:00-05:00,103.8133,103.8133,103.615,103.66,46850.00
2026-01-07 14:05:00-05:00,103.65,103.765,103.6201,103.75,36607.00
2026-01-07 14:10:00-05:00,103.75,103.81,103.7001,103.79,39918.00
2026-01-07 14:15:00-05:00,103.79,103.8,103.72,103.745,36202.00
2026-01-07 14:20:00-05:00,103.7416,103.78,103.54,103.57,18979.00
2026-01-07 14:25:00-05:00,103.57,103.63,103.5,103.58,22109.00
2026-01-07 14:30:00-05:00,103.575,103.89,103.53,103.875,34793.00
2026-01-07 14:35:00-05:00,103.84,104,103.84,103.97,32215.00
2026-01-07 14:40:00-05:00,103.97,103.98,103.89,103.895,25300.00
2026-01-07 14:45:00-05:00,103.895,103.895,103.68,103.74,26916.00
2026-01-07 14:50:00-05:00,103.73,103.86,103.72,103.825,27046.00
2026-01-07 14:55:00-05:00,103.815,103.85,103.73,103.79,24866.00
2026-01-07 15:00:00-05:00,103.79,103.93,103.77,103.9,65279.00
2026-01-07 15:05:00-05:00,103.86,103.95,103.77,103.91,105296.00
2026-01-07 15:10:00-05:00,103.89,104.08,103.88,104.08,35618.00
2026-01-07 15:15:00-05:00,104.08,104.275,104.02,104.27,70265.00
2026-01-07 15:20:00-05:00,104.265,104.305,104.18,104.305,44738.00
2026-01-07 15:25:00-05:00,104.32,104.33,104.22,104.2604,53128.00
2026-01-07 15:30:00-05:00,104.25,104.26,104.01,104.01,52893.00
2026-01-07 15:35:00-05:00,104.01,104.06,103.82,103.825,143780.00
2026-01-07 15:40:00-05:00,103.83,104.12,103.8,103.85,123471.00
2026-01-07 15:45:00-05:00,103.875,103.94,103.813,103.92,61212.00
2026-01-07 15:50:00-05:00,103.93,103.95,103.8,103.86,128696.00
2026-01-07 15:55:00-05:00,103.86,103.88,103.595,103.66,366137.00
2026-01-08 09:30:00-05:00,103.13,104.105,102.68,103.72,159266.00
2026-01-08 09:35:00-05:00,103.72,104.49,103.6,104.16,64360.00
2026-01-08 09:40:00-05:00,104.195,105.5,104.1258,105.455,179862.00
2026-01-08 09:45:00-05:00,105.47,106,105.19,105.745,217745.00
2026-01-08 09:50:00-05:00,105.78,106.37,105.3871,105.89,141173.00
2026-01-08 09:55:00-05:00,105.92,106.2808,105.66,106.21,118630.00
2026-01-08 10:00:00-05:00,106.19,106.35,105.93,106.235,135136.00
2026-01-08 10:05:00-05:00,106.27,106.92,106.235,106.89,188575.00
2026-01-08 10:10:00-05:00,106.885,106.95,106.475,106.52,159212.00
2026-01-08 10:15:00-05:00,106.585,107,106.49,106.7727,119915.00
2026-01-08 10:20:00-05:00,106.75,107,106.705,106.81,116614.00
2026-01-08 10:25:00-05:00,106.82,106.98,106.67,106.81,136380.00
2026-01-08 10:30:00-05:00,106.81,106.81,106.45,106.62,87912.00
2026-01-08 10:35:00-05:00,106.62,107.18,106.59,107.0075,119732.00
2026-01-08 10:40:00-05:00,107,107.17,106.72,107.04,118334.00
2026-01-08 10:45:00-05:00,107.04,107.13,106.8,106.89,69767.00
2026-01-08 10:50:00-05:00,106.88,107.01,106.55,106.73,111012.00
2026-01-08 10:55:00-05:00,106.7085,106.89,106.58,106.58,117598.00
2026-01-08 11:00:00-05:00,106.585,106.96,106.525,106.8901,73241.00
2026-01-08 11:05:00-05:00,106.91,106.955,106.65,106.715,77320.00
2026-01-08 11:10:00-05:00,106.71,106.825,106.53,106.55,48817.00
2026-01-08 11:15:00-05:00,106.554,106.74,106.5467,106.645,58120.00
2026-01-08 11:20:00-05:00,106.66,107.21,106.5835,107.14,94192.00
2026-01-08 11:25:00-05:00,107.134,107.34,107.075,107.325,69244.00
2026-01-08 11:30:00-05:00,107.3397,107.5,107.2784,107.49,124629.00
2026-01-08 11:35:00-05:00,107.5,107.65,107.4,107.61,95557.00
2026-01-08 11:40:00-05:00,107.625,107.675,107.25,107.365,94786.00
2026-01-08 11:45:00-05:00,107.375,107.4,106.97,106.99,156597.00
2026-01-08 11:50:00-05:00,107.015,107.04,106.86,106.86,94878.00
2026-01-08 11:55:00-05:00,106.875,107.16,106.85,107.1,77369.00
2026-01-08 12:00:00-05:00,107.09,107.43,107.08,107.42,65710.00
2026-01-08 12:05:00-05:00,107.41,107.45,107.19,107.27,36848.00
2026-01-08 12:10:00-05:00,107.28,107.32,107.17,107.255,43148.00
2026-01-08 12:15:00-05:00,107.25,107.295,107.19,107.24,26377.00
2026-01-08 12:20:00-05:00,107.24,107.29,107.1,107.28,44302.00
2026-01-08 12:25:00-05:00,107.275,107.622,107.26,107.61,59119.00
2026-01-08 12:30:00-05:00,107.64,107.9,107.616,107.9,90218.00
2026-01-08 12:35:00-05:00,107.92,108.1326,107.82,108.04,109626.00
2026-01-08 12:40:00-05:00,108.06,108.23,107.9101,107.92,87739.00
2026-01-08 12:45:00-05:00,107.935,108.01,107.89,108,62871.00
2026-01-08 12:50:00-05:00,108,108.01,107.825,107.89,83646.00
2026-01-08 12:55:00-05:00,107.89,107.94,107.63,107.655,68881.00
2026-01-08 13:00:00-05:00,107.64,107.705,107.5,107.655,59435.00
2026-01-08 13:05:00-05:00,107.6625,107.71,107.4775,107.5321,43041.00
2026-01-08 13:10:00-05:00,107.52,107.52,107.34,107.34,45638.00
2026-01-08 13:15:00-05:00,107.33,107.59,107.31,107.55,44469.00
2026-01-08 13:20:00-05:00,107.54,107.585,107.49,107.585,32073.00
2026-01-08 13:25:00-05:00,107.615,107.95,107.615,107.825,47417.00
2026-01-08 13:30:00-05:00,107.825,108,107.81,107.965,69973.00
2026-01-08 13:35:00-05:00,107.98,108,107.84,107.855,38792.00
2026-01-08 13:40:00-05:00,107.87,107.905,107.716,107.865,43843.00
2026-01-08 13:45:00-05:00,107.86,108.15,107.84,108.13,73951.00
2026-01-08 13:50:00-05:00,108.15,108.3,108.13,108.26,71815.00
2026-01-08 13:55:00-05:00,108.3,108.315,108.22,108.29,46445.00
2026-01-08 14:00:00-05:00,108.31,108.64,108.31,108.56,85706.00
2026-01-08 14:05:00-05:00,108.58,108.6299,108.46,108.515,53498.00
2026-01-08 14:10:00-05:00,108.51,108.56,108.46,108.56,52253.00
2026-01-08 14:15:00-05:00,108.575,108.58,108.4,108.4705,54481.00
2026-01-08 14:20:00-05:00,108.475,108.49,108.36,108.3684,45872.00
2026-01-08 14:25:00-05:00,108.38,108.43,108.21,108.28,62728.00
2026-01-08 14:30:00-05:00,108.285,108.39,108.145,108.18,111974.00
2026-01-08 14:35:00-05:00,108.18,108.23,108.105,108.13,49682.00
2026-01-08 14:40:00-05:00,108.1,108.18,107.71,107.7681,110879.00
2026-01-08 14:45:00-05:00,107.73,107.79,107.58,107.745,53312.00
2026-01-08 14:50:00-05:00,107.7478,107.95,107.646,107.835,209491.00
2026-01-08 14:55:00-05:00,107.85,108.03,107.85,107.95,84141.00
2026-01-08 15:00:00-05:00,107.89,107.97,107.81,107.81,52508.00
2026-01-08 15:05:00-05:00,107.8,107.86,107.615,107.65,65691.00
2026-01-08 15:10:00-05:00,107.67,107.68,107.48,107.53,78718.00
2026-01-08 15:15:00-05:00,107.515,107.55,107.38,107.52,125590.00
2026-01-08 15:20:00-05:00,107.53,107.59,107.4125,107.52,62336.00
2026-01-08 15:25:00-05:00,107.535,107.535,107.28,107.36,66835.00
2026-01-08 15:30:00-05:00,107.38,107.44,107.115,107.16,75843.00
2026-01-08 15:35:00-05:00,107.175,107.19,106.9289,106.945,161582.00
2026-01-08 15:40:00-05:00,106.945,106.945,106.71,106.715,148157.00
2026-01-08 15:45:00-05:00,106.715,106.77,106.52,106.655,117766.00
2026-01-08 15:50:00-05:00,106.64,106.76,106.43,106.44,249466.00
2026-01-08 15:55:00-05:00,106.44,106.52,106.23,106.31,645299.00
2026-01-09 09:30:00-05:00,105.625,106.58,105.625,106.14,279263.00
2026-01-09 09:35:00-05:00,106.19,107.13,106.14,107.11,119729.00
2026-01-09 09:40:00-05:00,107.1152,107.15,106.55,106.91,87009.00
2026-01-09 09:45:00-05:00,106.81,106.81,106.48,106.72,67550.00
2026-01-09 09:50:00-05:00,106.75,106.95,106.63,106.8,69193.00
2026-01-09 09:55:00-05:00,106.81,107.125,106.691,107.12,102239.00
2026-01-09 10:00:00-05:00,107.17,107.3,105.13,105.32,359481.00
2026-01-09 10:05:00-05:00,105.3,105.41,104.14,104.715,263666.00
2026-01-09 10:10:00-05:00,104.675,105.52,104.48,105.345,187279.00
2026-01-09 10:15:00-05:00,105.39,105.91,105.02,105.89,143180.00
2026-01-09 10:20:00-05:00,105.945,106.525,105.88,106.525,125174.00
2026-01-09 10:25:00-05:00,106.525,106.75,106.21,106.27,98295.00
2026-01-09 10:30:00-05:00,106.28,106.28,105.6601,106.06,77507.00
2026-01-09 10:35:00-05:00,106.14,106.44,106.01,106.035,52508.00
2026-01-09 10:40:00-05:00,106.035,106.1,105.77,105.87,56694.00
2026-01-09 10:45:00-05:00,105.88,106.025,105.685,105.6901,64128.00
2026-01-09 10:50:00-05:00,105.69,105.69,105.3511,105.405,45632.00
2026-01-09 10:55:00-05:00,105.405,105.72,105.16,105.35,90486.00
2026-01-09 11:00:00-05:00,105.4,105.51,104.9701,105.24,55783.00
2026-01-09 11:05:00-05:00,105.26,105.38,105.19,105.34,32845.00
2026-01-09 11:10:00-05:00,105.24,106.07,105.24,105.79,123242.00
2026-01-09 11:15:00-05:00,105.79,106.71,105.74,106.1644,168486.00
2026-01-09 11:20:00-05:00,106.2,106.2,105.81,105.87,53461.00
2026-01-09 11:25:00-05:00,105.87,106,105.77,105.9851,103509.00
2026-01-09 11:30:00-05:00,105.95,105.95,105.745,105.8,40195.00
2026-01-09 11:35:00-05:00,105.78,105.81,105.62,105.66,26288.00
2026-01-09 11:40:00-05:00,105.68,105.68,105.36,105.37,35025.00
2026-01-09 11:45:00-05:00,105.43,105.55,105.38,105.45,46429.00
2026-01-09 11:50:00-05:00,105.45,105.54,105.38,105.39,29732.00
2026-01-09 11:55:00-05:00,105.385,105.52,105.375,105.45,37479.00
2026-01-09 12:00:00-05:00,105.415,105.505,105.3716,105.43,18037.00
2026-01-09 12:05:00-05:00,105.4,105.67,105.3621,105.39,75170.00
2026-01-09 12:10:00-05:00,105.375,105.44,105.3,105.3101,24160.00
2026-01-09 12:15:00-05:00,105.36,105.455,105.28,105.44,34878.00
2026-01-09 12:20:00-05:00,105.44,105.57,105.4,105.52,28212.00
2026-01-09 12:25:00-05:00,105.535,105.545,105.3701,105.39,16521.00
2026-01-09 12:30:00-05:00,105.4225,105.56,105.4225,105.485,22850.00
2026-01-09 12:35:00-05:00,105.4999,105.565,105.3,105.3,23770.00
2026-01-09 12:40:00-05:00,105.315,105.48,105.315,105.377,22548.00
2026-01-09 12:45:00-05:00,105.365,105.52,105.34,105.51,30144.00
2026-01-09 12:50:00-05:00,105.5079,105.56,105.49,105.49,18094.00
2026-01-09 12:55:00-05:00,105.49,105.745,105.45,105.66,36134.00
2026-01-09 13:00:00-05:00,105.645,105.74,105.5401,105.65,21069.00
2026-01-09 13:05:00-05:00,105.6117,105.76,105.61,105.76,11748.00
2026-01-09 13:10:00-05:00,105.74,105.8,105.61,105.67,31914.00
2026-01-09 13:15:00-05:00,105.62,105.62,105.47,105.53,26857.00
2026-01-09 13:20:00-05:00,105.525,105.525,104.6916,105.15,383597.00
2026-01-09 13:25:00-05:00,105.15,105.3,105.09,105.15,65244.00
2026-01-09 13:30:00-05:00,105.1786,105.4701,105.1425,105.42,21429.00
2026-01-09 13:35:00-05:00,105.42,105.45,105.27,105.31,21264.00
2026-01-09 13:40:00-05:00,105.33,105.53,105.3104,105.53,27605.00
2026-01-09 13:45:00-05:00,105.53,105.62,104.75,105.31,196742.00
2026-01-09 13:50:00-05:00,105.27,105.53,105.27,105.415,38860.00
2026-01-09 13:55:00-05:00,105.41,105.5,105.3,105.5,21314.00
2026-01-09 14:00:00-05:00,105.54,105.56,105.15,105.25,75964.00
2026-01-09 14:05:00-05:00,105.25,105.25,105.095,105.135,48143.00
2026-01-09 14:10:00-05:00,105.15,105.25,105.0401,105.0625,34869.00
2026-01-09 14:15:00-05:00,105.0585,105.1,104.91,104.92,55500.00
2026-01-09 14:20:00-05:00,104.92,105.0649,104.9,105.06,35652.00
2026-01-09 14:25:00-05:00,105.0525,105.33,104.94,105.33,52098.00
2026-01-09 14:30:00-05:00,105.37,105.45,105.3359,105.3359,26964.00
2026-01-09 14:35:00-05:00,105.335,105.38,105.15,105.2,26789.00
2026-01-09 14:40:00-05:00,105.2,105.34,105.14,105.28,27330.00
2026-01-09 14:45:00-05:00,105.3,105.3692,105.26,105.3692,19255.00
2026-01-09 14:50:00-05:00,105.34,105.3784,105.225,105.225,23808.00
2026-01-09 14:55:00-05:00,105.2146,105.3372,105.145,105.28,35815.00
2026-01-09 15:00:00-05:00,105.3,105.48,105.21,105.41,25322.00
2026-01-09 15:05:00-05:00,105.4,105.42,105.28,105.29,34494.00
2026-01-09 15:10:00-05:00,105.32,105.37,105.245,105.34,31515.00
2026-01-09 15:15:00-05:00,105.34,105.34,105.2,105.29,31580.00
2026-01-09 15:20:00-05:00,105.31,105.37,105.255,105.37,34150.00
2026-01-09 15:25:00-05:00,105.3846,105.4,105.27,105.325,40479.00
2026-01-09 15:30:00-05:00,105.35,105.64,105.35,105.58,71155.00
2026-01-09 15:35:00-05:00,105.58,105.66,105.57,105.59,44401.00
2026-01-09 15:40:00-05:00,105.6062,105.66,105.5,105.5,52055.00
2026-01-09 15:45:00-05:00,105.5,105.65,105.395,105.65,78775.00
2026-01-09 15:50:00-05:00,105.655,105.84,105.64,105.84,120581.00
2026-01-09 15:55:00-05:00,105.835,105.86,105.49,105.5,377015.00
2026-01-12 09:30:00-05:00,105.58,105.58,103.5,103.6,358225.00
2026-01-12 09:35:00-05:00,103.6,104.101,103.16,104.101,193095.00
2026-01-12 09:40:00-05:00,104.1385,105.37,104.12,105.17,135204.00
2026-01-12 09:45:00-05:00,105.25,105.435,104.68,104.72,149945.00
2026-01-12 09:50:00-05:00,104.71,105.23,104.46,105.13,134934.00
2026-01-12 09:55:00-05:00,105.1018,105.59,104.97,105.54,57790.00
2026-01-12 10:00:00-05:00,105.5,105.64,105.28,105.29,151298.00
2026-01-12 10:05:00-05:00,105.295,105.425,104.955,104.955,98851.00
2026-01-12 10:10:00-05:00,104.955,105.11,104.79,104.97,96306.00
2026-01-12 10:15:00-05:00,105.005,105.2,104.845,105.15,63536.00
2026-01-12 10:20:00-05:00,105.16,105.3,104.865,105.19,71000.00
2026-01-12 10:25:00-05:00,105.16,105.41,105.03,105.35,39070.00
2026-01-12 10:30:00-05:00,105.345,105.51,105.345,105.51,41042.00
2026-01-12 10:35:00-05:00,105.465,105.58,105.3,105.45,39971.00
2026-01-12 10:40:00-05:00,105.48,105.62,105.45,105.62,28984.00
2026-01-12 10:45:00-05:00,105.645,105.65,105.5,105.62,19101.00
2026-01-12 10:50:00-05:00,105.64,105.825,105.52,105.79,53446.00
2026-01-12 10:55:00-05:00,105.795,106.1199,105.795,105.99,60270.00
2026-01-12 11:00:00-05:00,106,106.255,106,106.06,48971.00
2026-01-12 11:05:00-05:00,106.11,106.11,105.935,105.96,94927.00
2026-01-12 11:10:00-05:00,105.92,106.1,105.92,106.005,32990.00
2026-01-12 11:15:00-05:00,106,106.2072,105.95,106.15,42580.00
2026-01-12 11:20:00-05:00,106.16,106.22,106.1,106.22,27897.00
2026-01-12 11:25:00-05:00,106.1901,106.335,106.1901,106.3007,36167.00
2026-01-12 11:30:00-05:00,106.33,106.4,105.995,106.12,61648.00
2026-01-12 11:35:00-05:00,106.13,106.21,106.11,106.125,24552.00
2026-01-12 11:40:00-05:00,106.15,106.25,105.97,106.0316,48049.00
2026-01-12 11:45:00-05:00,106.035,106.095,105.9921,106.07,18354.00
2026-01-12 11:50:00-05:00,106.09,106.25,106.01,106.225,29947.00
2026-01-12 11:55:00-05:00,106.25,106.4325,106.24,106.25,42073.00
2026-01-12 12:00:00-05:00,106.25,106.4099,106.12,106.315,34447.00
2026-01-12 12:05:00-05:00,106.275,106.4299,106.275,106.39,51801.00
2026-01-12 12:10:00-05:00,106.4,106.5,106.2601,106.29,23818.00
2026-01-12 12:15:00-05:00,106.27,106.44,106.19,106.225,33000.00
2026-01-12 12:20:00-05:00,106.27,106.28,106.06,106.15,43567.00
2026-01-12 12:25:00-05:00,106.13,106.21,106.095,106.2,30984.00
2026-01-12 12:30:00-05:00,106.17,106.17,105.99,106.1,30394.00
2026-01-12 12:35:00-05:00,106.12,106.3,106.1,106.221,24889.00
2026-01-12 12:40:00-05:00,106.22,106.3899,106.1385,106.3768,25891.00
2026-01-12 12:45:00-05:00,106.39,106.53,106.37,106.48,62310.00
2026-01-12 12:50:00-05:00,106.48,106.58,106.435,106.44,56257.00
2026-01-12 12:55:00-05:00,106.445,106.445,106.265,106.2716,43208.00
2026-01-12 13:00:00-05:00,106.28,106.32,106.2,106.205,20552.00
2026-01-12 13:05:00-05:00,106.21,106.21,105.99,106.13,50010.00
2026-01-12 13:10:00-05:00,106.1,106.17,106.055,106.1059,25293.00
2026-01-12 13:15:00-05:00,106.095,106.22,106.06,106.21,30110.00
2026-01-12 13:20:00-05:00,106.17,106.29,106.16,106.23,22001.00
2026-01-12 13:25:00-05:00,106.23,106.27,106.1806,106.195,19990.00
2026-01-12 13:30:00-05:00,106.19,106.27,106.19,106.25,19681.00
2026-01-12 13:35:00-05:00,106.22,106.37,106.17,106.35,19883.00
2026-01-12 13:40:00-05:00,106.33,106.61,106.33,106.515,56082.00
2026-01-12 13:45:00-05:00,106.5133,106.69,106.5133,106.6559,40125.00
2026-01-12 13:50:00-05:00,106.69,106.84,106.69,106.735,44264.00
2026-01-12 13:55:00-05:00,106.75,106.79,106.695,106.73,49119.00
2026-01-12 14:00:00-05:00,106.725,106.84,106.7,106.7919,31344.00
2026-01-12 14:05:00-05:00,106.815,106.85,106.74,106.76,39952.00
2026-01-12 14:10:00-05:00,106.76,106.8,106.67,106.79,43560.00
2026-01-12 14:15:00-05:00,106.8,106.82,106.65,106.65,36994.00
2026-01-12 14:20:00-05:00,106.65,106.65,106.445,106.445,38547.00
2026-01-12 14:25:00-05:00,106.42,106.42,106.26,106.275,56160.00
2026-01-12 14:30:00-05:00,106.26,106.29,106.155,106.19,34672.00
2026-01-12 14:35:00-05:00,106.1515,106.165,105.98,106.05,31711.00
2026-01-12 14:40:00-05:00,106.045,106.09,105.87,105.89,48378.00
2026-01-12 14:45:00-05:00,105.88,105.9299,105.83,105.87,39783.00
2026-01-12 14:50:00-05:00,105.86,106.005,105.81,106.005,72261.00
2026-01-12 14:55:00-05:00,106.01,106.06,105.97,106.045,23385.00
2026-01-12 15:00:00-05:00,106.07,106.15,106.05,106.07,33029.00
2026-01-12 15:05:00-05:00,106.085,106.24,106.06,106.21,39674.00
2026-01-12 15:10:00-05:00,106.21,106.33,106.15,106.275,46343.00
2026-01-12 15:15:00-05:00,106.28,106.3,106.09,106.14,43278.00
2026-01-12 15:20:00-05:00,106.14,106.18,105.97,105.97,50595.00
2026-01-12 15:25:00-05:00,105.985,106.04,105.97,105.995,79950.00
2026-01-12 15:30:00-05:00,105.98,106.07,105.955,106,63393.00
2026-01-12 15:35:00-05:00,106.01,106.06,105.98,106.01,56079.00
2026-01-12 15:40:00-05:00,106.01,106.1399,105.985,106.09,68792.00
2026-01-12 15:45:00-05:00,106.11,106.15,105.975,106.12,86276.00
2026-01-12 15:50:00-05:00,106.11,106.5,106.1,106.43,183330.00
2026-01-12 15:55:00-05:00,106.41,106.54,106.075,106.15,559000.00
2026-01-13 09:30:00-05:00,108.5,109.95,108.49,109.46,332659.00
2026-01-13 09:35:00-05:00,109.505,109.505,108.879,109.155,176540.00
2026-01-13 09:40:00-05:00,109.1487,109.45,109.12,109.285,88775.00
2026-01-13 09:45:00-05:00,109.285,109.43,108.61,108.96,157898.00
2026-01-13 09:50:00-05:00,108.95,109.24,108.6,109.105,136853.00
2026-01-13 09:55:00-05:00,109.03,109.0999,108.54,108.99,113290.00
2026-01-13 10:00:00-05:00,108.99,109,108.54,108.905,79938.00
2026-01-13 10:05:00-05:00,108.83,109.38,108.83,109.1199,78385.00
2026-01-13 10:10:00-05:00,109.07,109.35,109.0401,109.135,90514.00
2026-01-13 10:15:00-05:00,109.135,109.4399,109.135,109.355,73805.00
2026-01-13 10:20:00-05:00,109.365,109.51,109.14,109.15,148020.00
2026-01-13 10:25:00-05:00,109.13,109.42,108.985,109.39,86007.00
2026-01-13 10:30:00-05:00,109.385,109.43,109.0501,109.3,67875.00
2026-01-13 10:35:00-05:00,109.34,109.44,109.08,109.42,61114.00
2026-01-13 10:40:00-05:00,109.4,109.5,108.9501,108.9501,78311.00
2026-01-13 10:45:00-05:00,108.99,108.99,108.52,108.67,66848.00
2026-01-13 10:50:00-05:00,108.7,108.82,108.17,108.185,83959.00
2026-01-13 10:55:00-05:00,108.185,108.61,108.1601,108.315,60293.00
2026-01-13 11:00:00-05:00,108.28,108.3899,108.13,108.38,45268.00
2026-01-13 11:05:00-05:00,108.37,108.39,107.955,108,51791.00
2026-01-13 11:10:00-05:00,108,108.35,107.98,108.28,58932.00
2026-01-13 11:15:00-05:00,108.255,108.65,108.255,108.625,51388.00
2026-01-13 11:20:00-05:00,108.625,108.815,108.56,108.5701,80578.00
2026-01-13 11:25:00-05:00,108.59,108.63,108.44,108.52,57716.00
2026-01-13 11:30:00-05:00,108.525,108.755,108.27,108.33,52499.00
2026-01-13 11:35:00-05:00,108.3,108.34,108.135,108.1556,51578.00
2026-01-13 11:40:00-05:00,108.1668,108.19,108.04,108.13,54867.00
2026-01-13 11:45:00-05:00,108.13,108.13,107.97,108.04,41558.00
2026-01-13 11:50:00-05:00,108.08,108.135,108,108.055,52477.00
2026-01-13 11:55:00-05:00,108.04,108.145,107.995,108.065,59889.00
2026-01-13 12:00:00-05:00,108.05,108.34,108.03,108.205,35947.00
2026-01-13 12:05:00-05:00,108.205,108.24,108.0601,108.17,51470.00
2026-01-13 12:10:00-05:00,108.14,108.49,108.065,108.44,42483.00
2026-01-13 12:15:00-05:00,108.45,108.565,108.35,108.47,43499.00
2026-01-13 12:20:00-05:00,108.47,108.5666,108.41,108.465,38769.00
2026-01-13 12:25:00-05:00,108.465,108.54,108.39,108.5,33792.00
2026-01-13 12:30:00-05:00,108.4976,108.5,108.33,108.425,46956.00
2026-01-13 12:35:00-05:00,108.41,108.44,108.22,108.33,62579.00
2026-01-13 12:40:00-05:00,108.335,108.51,108.32,108.51,25985.00
2026-01-13 12:45:00-05:00,108.46,108.66,108.44,108.53,45354.00
2026-01-13 12:50:00-05:00,108.51,108.63,108.51,108.616,37258.00
2026-01-13 12:55:00-05:00,108.61,108.78,108.56,108.645,37050.00
2026-01-13 13:00:00-05:00,108.6486,108.69,108.47,108.51,45776.00
2026-01-13 13:05:00-05:00,108.52,108.52,108.39,108.42,27479.00
2026-01-13 13:10:00-05:00,108.415,108.52,108.39,108.505,51955.00
2026-01-13 13:15:00-05:00,108.505,108.83,108.505,108.71,46483.00
2026-01-13 13:20:00-05:00,108.7098,108.7232,108.42,108.595,60085.00
2026-01-13 13:25:00-05:00,108.61,108.61,108.28,108.28,58441.00
2026-01-13 13:30:00-05:00,108.276,108.48,108.25,108.46,40397.00
2026-01-13 13:35:00-05:00,108.47,108.68,108.45,108.68,86649.00
2026-01-13 13:40:00-05:00,108.715,108.91,108.71,108.85,42213.00
2026-01-13 13:45:00-05:00,108.825,108.94,108.74,108.94,36936.00
2026-01-13 13:50:00-05:00,108.92,109.05,108.8,109.05,35042.00
2026-01-13 13:55:00-05:00,109,109.01,108.925,108.935,29959.00
2026-01-13 14:00:00-05:00,108.935,108.96,108.73,108.75,55153.00
2026-01-13 14:05:00-05:00,108.69,108.88,108.66,108.88,36376.00
2026-01-13 14:10:00-05:00,108.87,108.87,108.74,108.78,37142.00
2026-01-13 14:15:00-05:00,108.78,108.8,108.64,108.68,64373.00
2026-01-13 14:20:00-05:00,108.66,108.72,108.555,108.585,74338.00
2026-01-13 14:25:00-05:00,108.5999,108.64,108.535,108.59,45709.00
2026-01-13 14:30:00-05:00,108.62,108.75,108.58,108.59,56964.00
2026-01-13 14:35:00-05:00,108.6,108.67,108.585,108.65,38826.00
2026-01-13 14:40:00-05:00,108.65,108.745,108.6,108.68,58459.00
2026-01-13 14:45:00-05:00,108.68,108.755,108.61,108.755,46839.00
2026-01-13 14:50:00-05:00,108.75,108.81,108.7,108.76,57672.00
2026-01-13 14:55:00-05:00,108.755,108.78,108.57,108.57,41913.00
2026-01-13 15:00:00-05:00,108.58,108.65,108.46,108.565,65990.00
2026-01-13 15:05:00-05:00,108.57,108.625,108.5,108.605,54005.00
2026-01-13 15:10:00-05:00,108.591,108.76,108.5,108.75,70941.00
2026-01-13 15:15:00-05:00,108.74,108.83,108.65,108.79,54563.00
2026-01-13 15:20:00-05:00,108.785,108.86,108.74,108.81,51082.00
2026-01-13 15:25:00-05:00,108.8,108.9,108.73,108.8,63379.00
2026-01-13 15:30:00-05:00,108.8,108.8,108.59,108.59,48866.00
2026-01-13 15:35:00-05:00,108.575,108.58,108.43,108.5501,127954.00
2026-01-13 15:40:00-05:00,108.56,108.63,108.5,108.52,87261.00
2026-01-13 15:45:00-05:00,108.51,108.55,108.28,108.325,107990.00
2026-01-13 15:50:00-05:00,108.35,108.845,108.35,108.695,207562.00
2026-01-13 15:55:00-05:00,108.69,108.8,108.57,108.62,345994.00
2026-01-14 09:30:00-05:00,108.57,109.645,108.455,109.5275,132711.00
2026-01-14 09:35:00-05:00,109.48,110.22,109.3401,109.67,189711.00
2026-01-14 09:40:00-05:00,109.6201,110.54,109.59,110.505,143396.00
2026-01-14 09:45:00-05:00,110.51,110.51,110.08,110.375,154831.00
2026-01-14 09:50:00-05:00,110.3875,110.64,110.2351,110.348,101854.00
2026-01-14 09:55:00-05:00,110.36,110.39,109.9301,110.185,65039.00
2026-01-14 10:00:00-05:00,110.185,110.545,110.14,110.27,103238.00
2026-01-14 10:05:00-05:00,110.22,110.33,110,110.09,43335.00
2026-01-14 10:10:00-05:00,110.1,110.135,109.1,109.47,218600.00
2026-01-14 10:15:00-05:00,109.425,109.5107,109.09,109.42,78042.00
2026-01-14 10:20:00-05:00,109.4256,109.4675,109.1507,109.26,34187.00
2026-01-14 10:25:00-05:00,109.2,109.56,109,109.0601,59156.00
2026-01-14 10:30:00-05:00,109.01,109.1,108.84,108.8725,46487.00
2026-01-14 10:35:00-05:00,108.84,108.99,108.61,108.895,27589.00
2026-01-14 10:40:00-05:00,108.91,109.22,108.91,109.0651,76538.00
2026-01-14 10:45:00-05:00,109.065,109.16,109.01,109.035,29313.00
2026-01-14 10:50:00-05:00,109.04,109.07,108.751,108.82,38602.00
2026-01-14 10:55:00-05:00,108.82,108.95,108.66,108.74,62764.00
2026-01-14 11:00:00-05:00,108.79,108.79,108.45,108.52,36900.00
2026-01-14 11:05:00-05:00,108.53,108.54,108.2601,108.36,51719.00
2026-01-14 11:10:00-05:00,108.4196,108.6475,108.18,108.6125,51129.00
2026-01-14 11:15:00-05:00,108.585,108.675,108.52,108.645,59761.00
2026-01-14 11:20:00-05:00,108.645,109.02,108.645,108.92,48323.00
2026-01-14 11:25:00-05:00,108.91,109.3299,108.87,109.145,71547.00
2026-01-14 11:30:00-05:00,109.16,109.44,109.03,109.04,56281.00
2026-01-14 11:35:00-05:00,109.022,109.09,108.825,108.88,36406.00
2026-01-14 11:40:00-05:00,108.83,108.88,108.48,108.559,23562.00
2026-01-14 11:45:00-05:00,108.52,108.57,108.37,108.435,77778.00
2026-01-14 11:50:00-05:00,108.42,108.63,108.26,108.485,53919.00
2026-01-14 11:55:00-05:00,108.485,108.505,108.375,108.48,28257.00
2026-01-14 12:00:00-05:00,108.475,108.775,108.4712,108.775,34527.00
2026-01-14 12:05:00-05:00,108.803,108.8375,108.57,108.63,35139.00
2026-01-14 12:10:00-05:00,108.63,108.63,108.47,108.59,40025.00
2026-01-14 12:15:00-05:00,108.59,108.71,108.5,108.57,52705.00
2026-01-14 12:20:00-05:00,108.57,108.77,108.57,108.765,89070.00
2026-01-14 12:25:00-05:00,108.765,108.85,108.75,108.84,27991.00
2026-01-14 12:30:00-05:00,108.82,108.89,108.81,108.83,28964.00
2026-01-14 12:35:00-05:00,108.84,108.95,108.82,108.87,29094.00
2026-01-14 12:40:00-05:00,108.84,109.09,108.84,109.04,28479.00
2026-01-14 12:45:00-05:00,109,109.15,108.98,109.035,26135.00
2026-01-14 12:50:00-05:00,109.0351,109.31,108.915,109.27,34392.00
2026-01-14 12:55:00-05:00,109.27,109.27,109.06,109.23,28843.00
2026-01-14 13:00:00-05:00,109.26,109.3,109.1101,109.245,21791.00
2026-01-14 13:05:00-05:00,109.25,109.34,109.2102,109.24,25342.00
2026-01-14 13:10:00-05:00,109.255,109.34,109.14,109.29,28183.00
2026-01-14 13:15:00-05:00,109.285,109.36,109.18,109.32,21321.00
2026-01-14 13:20:00-05:00,109.36,109.48,109.33,109.34,30902.00
2026-01-14 13:25:00-05:00,109.335,109.42,109.291,109.38,19058.00
2026-01-14 13:30:00-05:00,109.4,109.43,109.28,109.32,21125.00
2026-01-14 13:35:00-05:00,109.32,109.32,109.16,109.17,19207.00
2026-01-14 13:40:00-05:00,109.14,109.29,109.13,109.27,23210.00
2026-01-14 13:45:00-05:00,109.2685,109.61,109.2685,109.61,33453.00
2026-01-14 13:50:00-05:00,109.63,109.94,109.62,109.91,33778.00
2026-01-14 13:55:00-05:00,109.92,110.05,109.84,110.03,42039.00
2026-01-14 14:00:00-05:00,110,110.12,109.995,110.085,46799.00
2026-01-14 14:05:00-05:00,110.11,110.15,109.96,109.98,36883.00
2026-01-14 14:10:00-05:00,109.98,110.07,109.9,110.06,38687.00
2026-01-14 14:15:00-05:00,110.0494,110.0494,109.91,109.92,32077.00
2026-01-14 14:20:00-05:00,109.92,109.92,109.78,109.79,52235.00
2026-01-14 14:25:00-05:00,109.79,109.82,109.735,109.78,34869.00
2026-01-14 14:30:00-05:00,109.785,109.84,109.6201,109.65,71364.00
2026-01-14 14:35:00-05:00,109.65,109.65,109.51,109.53,30142.00
2026-01-14 14:40:00-05:00,109.53,109.66,109.495,109.575,46190.00
2026-01-14 14:45:00-05:00,109.575,109.81,109.57,109.73,40980.00
2026-01-14 14:50:00-05:00,109.72,109.7463,109.57,109.575,32440.00
2026-01-14 14:55:00-05:00,109.56,109.575,109.35,109.42,36267.00
2026-01-14 15:00:00-05:00,109.415,109.415,109.25,109.26,51392.00
2026-01-14 15:05:00-05:00,109.31,109.6484,109.2941,109.6,46133.00
2026-01-14 15:10:00-05:00,109.57,109.6989,109.4549,109.48,35937.00
2026-01-14 15:15:00-05:00,109.49,109.578,109.39,109.54,34935.00
2026-01-14 15:20:00-05:00,109.56,109.56,109.38,109.44,48584.00
2026-01-14 15:25:00-05:00,109.4375,109.485,109.31,109.4665,43085.00
2026-01-14 15:30:00-05:00,109.4749,109.56,109.4201,109.49,60176.00
2026-01-14 15:35:00-05:00,109.5,109.625,109.4351,109.59,79221.00
2026-01-14 15:40:00-05:00,109.59,109.63,109.39,109.5,77023.00
2026-01-14 15:45:00-05:00,109.5,109.5,109.275,109.43,129904.00
2026-01-14 15:50:00-05:00,109.42,109.91,109.36,109.855,218068.00
2026-01-14 15:55:00-05:00,109.87,109.88,109.67,109.83,373392.00
2026-01-15 09:30:00-05:00,110.065,110.1,109.125,109.27,145273.00
2026-01-15 09:35:00-05:00,109.265,109.33,108.735,108.735,63924.00
2026-01-15 09:40:00-05:00,108.7353,109.01,108.4,108.51,37853.00
2026-01-15 09:45:00-05:00,108.5,109.67,108.5,109.67,116772.00
2026-01-15 09:50:00-05:00,109.74,109.8,109.15,109.15,45278.00
2026-01-15 09:55:00-05:00,109.13,109.16,108.68,108.86,59887.00
2026-01-15 10:00:00-05:00,108.95,109.145,108.83,108.985,43762.00
2026-01-15 10:05:00-05:00,108.995,109.26,108.985,109.17,32989.00
2026-01-15 10:10:00-05:00,109.195,109.555,109.12,109.1752,61565.00
2026-01-15 10:15:00-05:00,109.24,109.58,109.16,109.58,31212.00
2026-01-15 10:20:00-05:00,109.59,110,109.57,109.855,50649.00
2026-01-15 10:25:00-05:00,109.93,110.2788,109.925,110.2,63367.00
2026-01-15 10:30:00-05:00,110.24,110.3,110.0201,110.125,63641.00
2026-01-15 10:35:00-05:00,110.11,110.26,110.09,110.095,42775.00
2026-01-15 10:40:00-05:00,110.09,110.2,109.99,110.025,38861.00
2026-01-15 10:45:00-05:00,110.06,110.17,109.93,110.045,35857.00
2026-01-15 10:50:00-05:00,110.02,110.24,109.97,109.97,47471.00
2026-01-15 10:55:00-05:00,109.975,110.21,109.9,109.905,31854.00
2026-01-15 11:00:00-05:00,109.9,110.185,109.85,109.96,55604.00
2026-01-15 11:05:00-05:00,110.01,110.16,109.87,110.11,39679.00
2026-01-15 11:10:00-05:00,110.12,110.335,110.05,110.2299,32552.00
2026-01-15 11:15:00-05:00,110.2,110.4,110.19,110.385,39979.00
2026-01-15 11:20:00-05:00,110.38,110.435,110.215,110.4,58684.00
2026-01-15 11:25:00-05:00,110.42,110.46,110.23,110.315,72666.00
2026-01-15 11:30:00-05:00,110.2801,110.34,110.1814,110.1814,32333.00
2026-01-15 11:35:00-05:00,110.205,110.23,110.05,110.16,56598.00
2026-01-15 11:40:00-05:00,110.155,110.25,110.105,110.14,24912.00
2026-01-15 11:45:00-05:00,110.14,110.21,109.9701,110.02,52161.00
2026-01-15 11:50:00-05:00,110.02,110.2,110,110.075,28508.00
2026-01-15 11:55:00-05:00,110.075,110.12,110.02,110.05,25181.00
2026-01-15 12:00:00-05:00,110.045,110.38,110.02,110.24,57601.00
2026-01-15 12:05:00-05:00,110.235,110.37,110.2,110.23,37712.00
2026-01-15 12:10:00-05:00,110.22,110.34,110.08,110.34,40423.00
2026-01-15 12:15:00-05:00,110.36,110.445,110.3,110.445,49081.00
2026-01-15 12:20:00-05:00,110.448,110.5,110.345,110.3475,48005.00
2026-01-15 12:25:00-05:00,110.345,110.405,110.31,110.375,21629.00
2026-01-15 12:30:00-05:00,110.375,110.435,110.34,110.375,19720.00
2026-01-15 12:35:00-05:00,110.38,110.65,110.375,110.615,32073.00
2026-01-15 12:40:00-05:00,110.63,110.66,110.58,110.6373,20957.00
2026-01-15 12:45:00-05:00,110.65,110.75,110.57,110.62,50909.00
2026-01-15 12:50:00-05:00,110.61,110.65,110.515,110.55,16553.00
2026-01-15 12:55:00-05:00,110.57,110.58,110.38,110.395,31918.00
2026-01-15 13:00:00-05:00,110.41,110.585,110.365,110.57,20565.00
2026-01-15 13:05:00-05:00,110.6,110.68,110.5701,110.62,27550.00
2026-01-15 13:10:00-05:00,110.62,110.9,110.6,110.83,43414.00
2026-01-15 13:15:00-05:00,110.8,110.815,110.62,110.655,23366.00
2026-01-15 13:20:00-05:00,110.655,110.655,110.4601,110.48,61918.00
2026-01-15 13:25:00-05:00,110.485,110.65,110.475,110.61,33844.00
2026-01-15 13:30:00-05:00,110.6,110.65,110.57,110.621,40762.00
2026-01-15 13:35:00-05:00,110.65,110.72,110.4031,110.435,50325.00
2026-01-15 13:40:00-05:00,110.42,110.51,110.42,110.4635,30378.00
2026-01-15 13:45:00-05:00,110.5,110.55,110.45,110.465,41756.00
2026-01-15 13:50:00-05:00,110.465,110.54,110.395,110.395,28193.00
2026-01-15 13:55:00-05:00,110.4,110.59,110.3825,110.58,25635.00
2026-01-15 14:00:00-05:00,110.555,110.8,110.4301,110.795,62471.00
2026-01-15 14:05:00-05:00,110.79,110.83,110.74,110.805,32210.00
2026-01-15 14:10:00-05:00,110.81,111.1073,110.81,111.07,93720.00
2026-01-15 14:15:00-05:00,111.08,111.22,111.025,111.0535,103466.00
2026-01-15 14:20:00-05:00,111.06,111.205,111.06,111.18,54218.00
2026-01-15 14:25:00-05:00,111.185,111.28,111.1,111.17,90787.00
2026-01-15 14:30:00-05:00,111.14,111.25,111.08,111.21,54119.00
2026-01-15 14:35:00-05:00,111.223,111.38,111.188,111.36,54924.00
2026-01-15 14:40:00-05:00,111.36,111.48,111.3,111.335,72129.00
2026-01-15 14:45:00-05:00,111.35,111.54,111.35,111.5,50239.00
2026-01-15 14:50:00-05:00,111.5,111.57,111.45,111.475,55902.00
2026-01-15 14:55:00-05:00,111.49,111.52,111.33,111.455,80524.00
2026-01-15 15:00:00-05:00,111.44,111.52,111.355,111.39,41787.00
2026-01-15 15:05:00-05:00,111.39,111.58,111.36,111.545,52298.00
2026-01-15 15:10:00-05:00,111.5408,111.685,111.5,111.6,59531.00
2026-01-15 15:15:00-05:00,111.6,111.62,111.49,111.62,53474.00
2026-01-15 15:20:00-05:00,111.625,111.86,111.625,111.755,88794.00
2026-01-15 15:25:00-05:00,111.755,111.81,111.6645,111.675,62315.00
2026-01-15 15:30:00-05:00,111.66,111.77,111.61,111.74,70283.00
2026-01-15 15:35:00-05:00,111.75,111.79,111.62,111.65,87296.00
2026-01-15 15:40:00-05:00,111.665,111.665,111.44,111.44,67862.00
2026-01-15 15:45:00-05:00,111.44,111.46,111.23,111.395,147079.00
2026-01-15 15:50:00-05:00,111.39,111.56,111.38,111.48,267834.00
2026-01-15 15:55:00-05:00,111.48,111.48,111.1,111.14,620731.00
2026-01-16 09:30:00-05:00,110.84,111.75,110.81,111.24,233566.00
2026-01-16 09:35:00-05:00,111,111.23,110.52,111.115,58519.00
2026-01-16 09:40:00-05:00,111.07,111.25,110.85,111.0654,32757.00
2026-01-16 09:45:00-05:00,111.11,111.655,111,111.01,80073.00
2026-01-16 09:50:00-05:00,111.05,111.14,110.68,110.7519,60128.00
2026-01-16 09:55:00-05:00,110.745,110.81,110.59,110.6014,43479.00
2026-01-16 10:00:00-05:00,110.64,110.84,110.57,110.7,36191.00
2026-01-16 10:05:00-05:00,110.77,111.08,110.64,110.92,37604.00
2026-01-16 10:10:00-05:00,111.055,111.29,110.96,111.1,34804.00
2026-01-16 10:15:00-05:00,111,111.16,110.91,110.955,48163.00
2026-01-16 10:20:00-05:00,110.94,111.09,110.88,110.99,42862.00
2026-01-16 10:25:00-05:00,110.97,111.195,110.903,111.1101,31573.00
2026-01-16 10:30:00-05:00,111.11,111.19,110.79,110.905,35566.00
2026-01-16 10:35:00-05:00,110.89,110.96,110.84,110.91,26836.00
2026-01-16 10:40:00-05:00,110.89,111.075,110.82,111.075,42243.00
2026-01-16 10:45:00-05:00,111.08,111.1,110.915,111.1,28018.00
2026-01-16 10:50:00-05:00,111.11,111.17,110.9,110.9124,38022.00
2026-01-16 10:55:00-05:00,110.95,111.045,110.85,111.03,41325.00
2026-01-16 11:00:00-05:00,110.99,111.165,110.69,110.7,47427.00
2026-01-16 11:05:00-05:00,110.785,110.8699,110.64,110.71,37304.00
2026-01-16 11:10:00-05:00,110.7,110.8,110.6,110.62,34583.00
2026-01-16 11:15:00-05:00,110.655,110.895,110.655,110.85,36634.00
2026-01-16 11:20:00-05:00,110.89,111.12,110.83,110.93,34919.00
2026-01-16 11:25:00-05:00,110.92,110.96,110.78,110.9,28240.00
2026-01-16 11:30:00-05:00,110.935,110.935,110.82,110.86,31343.00
2026-01-16 11:35:00-05:00,110.85,110.875,110.71,110.78,33951.00
2026-01-16 11:40:00-05:00,110.765,110.82,110.68,110.78,166514.00
2026-01-16 11:45:00-05:00,110.745,110.745,110.7,110.73,18802.00
2026-01-16 11:50:00-05:00,110.73,110.98,110.66,110.82,61343.00
2026-01-16 11:55:00-05:00,110.79,110.865,110.655,110.77,28274.00
2026-01-16 12:00:00-05:00,110.76,110.76,110.65,110.7,22501.00
2026-01-16 12:05:00-05:00,110.66,110.81,110.66,110.76,18605.00
2026-01-16 12:10:00-05:00,110.76,110.76,110.62,110.625,17848.00
2026-01-16 12:15:00-05:00,110.6,110.75,110.53,110.56,29176.00
2026-01-16 12:20:00-05:00,110.555,110.6025,110.44,110.52,21393.00
2026-01-16 12:25:00-05:00,110.47,110.56,110.43,110.49,26417.00
2026-01-16 12:30:00-05:00,110.455,110.49,110.35,110.43,21829.00
2026-01-16 12:35:00-05:00,110.43,110.58,110.32,110.58,27187.00
2026-01-16 12:40:00-05:00,110.58,110.61,110.46,110.51,41281.00
2026-01-16 12:45:00-05:00,110.49,110.5,110.32,110.345,15951.00
2026-01-16 12:50:00-05:00,110.36,110.42,110.29,110.37,35600.00
2026-01-16 12:55:00-05:00,110.4032,110.43,110.23,110.2568,20056.00
2026-01-16 13:00:00-05:00,110.29,110.59,110.28,110.58,22500.00
2026-01-16 13:05:00-05:00,110.64,110.64,110.54,110.55,19503.00
2026-01-16 13:10:00-05:00,110.565,110.565,110.46,110.487,16783.00
2026-01-16 13:15:00-05:00,110.49,110.6299,110.47,110.58,20183.00
2026-01-16 13:20:00-05:00,110.57,110.58,110.44,110.46,18337.00
2026-01-16 13:25:00-05:00,110.48,110.63,110.44,110.6098,26413.00
2026-01-16 13:30:00-05:00,110.61,110.675,110.47,110.52,19889.00
2026-01-16 13:35:00-05:00,110.505,110.53,110.36,110.39,22214.00
2026-01-16 13:40:00-05:00,110.39,110.39,110.2642,110.29,16530.00
2026-01-16 13:45:00-05:00,110.33,110.33,110.18,110.24,24675.00
2026-01-16 13:50:00-05:00,110.24,110.37,110.18,110.37,30081.00
2026-01-16 13:55:00-05:00,110.35,110.49,110.3301,110.415,59348.00
2026-01-16 14:00:00-05:00,110.415,110.63,110.38,110.58,41829.00
2026-01-16 14:05:00-05:00,110.6,110.69,110.38,110.39,38846.00
2026-01-16 14:10:00-05:00,110.37,110.385,110.27,110.32,21102.00
2026-01-16 14:15:00-05:00,110.32,110.38,110.3,110.32,24136.00
2026-01-16 14:20:00-05:00,110.32,110.47,110.27,110.335,40220.00
2026-01-16 14:25:00-05:00,110.33,110.35,110.2,110.26,53949.00
2026-01-16 14:30:00-05:00,110.28,110.56,110.28,110.53,36855.00
2026-01-16 14:35:00-05:00,110.58,110.94,110.58,110.82,66517.00
2026-01-16 14:40:00-05:00,110.825,110.95,110.775,110.83,30371.00
2026-01-16 14:45:00-05:00,110.83,110.88,110.75,110.82,23025.00
2026-01-16 14:50:00-05:00,110.81,110.81,110.5,110.535,36260.00
2026-01-16 14:55:00-05:00,110.525,110.57,110.5,110.56,23134.00
2026-01-16 15:00:00-05:00,110.55,110.55,110.365,110.39,27297.00
2026-01-16 15:05:00-05:00,110.39,110.53,110.36,110.48,30963.00
2026-01-16 15:10:00-05:00,110.48,110.54,110.415,110.5,31806.00
2026-01-16 15:15:00-05:00,110.5199,110.66,110.5,110.66,28497.00
2026-01-16 15:20:00-05:00,110.6312,110.79,110.61,110.78,31862.00
2026-01-16 15:25:00-05:00,110.78,110.86,110.76,110.775,32558.00
2026-01-16 15:30:00-05:00,110.76,110.85,110.7,110.7051,44033.00
2026-01-16 15:35:00-05:00,110.73,110.8875,110.69,110.82,43172.00
2026-01-16 15:40:00-05:00,110.79,110.97,110.78,110.97,79010.00
2026-01-16 15:45:00-05:00,110.977,111,110.86,110.995,101879.00
2026-01-16 15:50:00-05:00,111.01,111.3,110.99,111.025,168258.00
2026-01-16 15:55:00-05:00,111.01,111.34,110.82,111.28,582525.00
2026-01-20 09:30:00-05:00,110.02,110.66,108.81,109.07,195259.00
2026-01-20 09:35:00-05:00,109,109.5403,108.98,109.45,69115.00
2026-01-20 09:40:00-05:00,109.45,109.52,109.1,109.25,76688.00
2026-01-20 09:45:00-05:00,109.3,109.36,108.69,109.11,114486.00
2026-01-20 09:50:00-05:00,109.135,109.175,108.65,108.655,97650.00
2026-01-20 09:55:00-05:00,108.655,108.94,108.57,108.89,172324.00
2026-01-20 10:00:00-05:00,108.94,109.373,108.91,109.12,187809.00
2026-01-20 10:05:00-05:00,109.13,109.13,108.01,108.085,257481.00
2026-01-20 10:10:00-05:00,108.01,108.61,107.91,108.605,130765.00
2026-01-20 10:15:00-05:00,108.605,108.675,108.26,108.34,87961.00
2026-01-20 10:20:00-05:00,108.28,108.63,108.14,108.51,113691.00
2026-01-20 10:25:00-05:00,108.535,108.75,108.23,108.285,114747.00
2026-01-20 10:30:00-05:00,108.33,108.3799,108.02,108.29,75727.00
2026-01-20 10:35:00-05:00,108.25,108.265,107.96,108.16,66304.00
2026-01-20 10:40:00-05:00,108.2081,108.2081,107.886,107.97,82477.00
2026-01-20 10:45:00-05:00,107.98,108.04,107.68,107.68,71791.00
2026-01-20 10:50:00-05:00,107.65,107.7468,107.62,107.65,48019.00
2026-01-20 10:55:00-05:00,107.69,107.82,107.43,107.81,90289.00
2026-01-20 11:00:00-05:00,107.76,107.9299,107.76,107.8,99830.00
2026-01-20 11:05:00-05:00,107.835,107.95,107.77,107.93,43311.00
2026-01-20 11:10:00-05:00,107.95,108.03,107.83,107.965,68086.00
2026-01-20 11:15:00-05:00,107.965,108.09,107.9,107.93,56301.00
2026-01-20 11:20:00-05:00,107.93,108.07,107.89,108.035,37996.00
2026-01-20 11:25:00-05:00,108.0275,108.1599,107.98,108.12,45277.00
2026-01-20 11:30:00-05:00,108.12,108.39,108.1,108.25,88140.00
2026-01-20 11:35:00-05:00,108.25,108.5199,108.23,108.44,61020.00
2026-01-20 11:40:00-05:00,108.415,108.62,108.38,108.425,109114.00
2026-01-20 11:45:00-05:00,108.3902,108.91,108.3902,108.9,113275.00
2026-01-20 11:50:00-05:00,108.93,108.99,108.74,108.8,47760.00
2026-01-20 11:55:00-05:00,108.81,109.12,108.81,109.01,51214.00
2026-01-20 12:00:00-05:00,109.01,109.34,108.97,109.175,41350.00
2026-01-20 12:05:00-05:00,109.205,109.5,109.19,109.4034,57009.00
2026-01-20 12:10:00-05:00,109.4,109.64,109.4,109.59,67771.00
2026-01-20 12:15:00-05:00,109.605,109.605,109.445,109.46,45664.00
2026-01-20 12:20:00-05:00,109.46,109.5188,109.29,109.3025,58736.00
2026-01-20 12:25:00-05:00,109.3299,109.5,109.2,109.5,46183.00
2026-01-20 12:30:00-05:00,109.48,109.48,109.28,109.42,35712.00
2026-01-20 12:35:00-05:00,109.46,109.49,109.34,109.45,46425.00
2026-01-20 12:40:00-05:00,109.47,109.5125,109.335,109.335,99215.00
2026-01-20 12:45:00-05:00,109.335,109.335,109.16,109.22,35936.00
2026-01-20 12:50:00-05:00,109.18,109.315,109.18,109.3,41832.00
2026-01-20 12:55:00-05:00,109.29,109.29,109.125,109.195,32603.00
2026-01-20 13:00:00-05:00,109.18,109.285,109.13,109.18,34793.00
2026-01-20 13:05:00-05:00,109.18,109.32,109.14,109.29,61588.00
2026-01-20 13:10:00-05:00,109.31,109.4706,109.31,109.42,36804.00
2026-01-20 13:15:00-05:00,109.425,109.51,109.4,109.465,33670.00
2026-01-20 13:20:00-05:00,109.465,109.74,109.44,109.72,60766.00
2026-01-20 13:25:00-05:00,109.75,109.79,109.6,109.64,46774.00
2026-01-20 13:30:00-05:00,109.67,109.765,109.52,109.56,70909.00
2026-01-20 13:35:00-05:00,109.56,109.72,109.5,109.69,60163.00
2026-01-20 13:40:00-05:00,109.71,109.92,109.68,109.72,69955.00
2026-01-20 13:45:00-05:00,109.72,109.75,109.6305,109.6305,63459.00
2026-01-20 13:50:00-05:00,109.63,109.66,109.49,109.53,79145.00
2026-01-20 13:55:00-05:00,109.55,109.7,109.55,109.656,44970.00
2026-01-20 14:00:00-05:00,109.66,109.82,109.605,109.65,62545.00
2026-01-20 14:05:00-05:00,109.65,109.66,109.46,109.51,76428.00
2026-01-20 14:10:00-05:00,109.52,109.65,109.46,109.63,84630.00
2026-01-20 14:15:00-05:00,109.625,109.625,109.395,109.455,53775.00
2026-01-20 14:20:00-05:00,109.455,109.51,109.3,109.415,41192.00
2026-01-20 14:25:00-05:00,109.415,109.425,109.22,109.38,44001.00
2026-01-20 14:30:00-05:00,109.38,109.385,108.985,109.025,48656.00
2026-01-20 14:35:00-05:00,109.025,109.27,108.995,109.2499,54520.00
2026-01-20 14:40:00-05:00,109.25,109.385,109.18,109.28,60441.00
2026-01-20 14:45:00-05:00,109.28,109.325,109.03,109.1,73807.00
2026-01-20 14:50:00-05:00,109.085,109.14,109.0445,109.12,73725.00
2026-01-20 14:55:00-05:00,109.12,109.12,108.98,109.06,57882.00
2026-01-20 15:00:00-05:00,109.06,109.09,108.61,109.085,93678.00
2026-01-20 15:05:00-05:00,109.085,109.195,109,109.17,67129.00
2026-01-20 15:10:00-05:00,109.17,109.3,109.17,109.19,44417.00
2026-01-20 15:15:00-05:00,109.2,109.34,109.1902,109.29,74401.00
2026-01-20 15:20:00-05:00,109.31,109.36,109.16,109.25,85297.00
2026-01-20 15:25:00-05:00,109.27,109.575,109.18,109.49,120964.00
2026-01-20 15:30:00-05:00,109.5,109.5488,109.32,109.52,115392.00
2026-01-20 15:35:00-05:00,109.5,109.57,109.395,109.44,98216.00
2026-01-20 15:40:00-05:00,109.45,109.49,109.26,109.34,94726.00
2026-01-20 15:45:00-05:00,109.35,109.56,109.35,109.395,153542.00
2026-01-20 15:50:00-05:00,109.41,109.515,109.375,109.46,184417.00
2026-01-20 15:55:00-05:00,109.45,109.6,109.21,109.35,823663.00
2026-01-21 09:30:00-05:00,108.61,110.05,108.5033,109.86,149544.00
2026-01-21 09:35:00-05:00,109.71,110.14,109.58,110.03,90183.00
2026-01-21 09:40:00-05:00,110.03,110.25,109.7476,109.935,60581.00
2026-01-21 09:45:00-05:00,109.94,110.18,109.72,109.915,59555.00
2026-01-21 09:50:00-05:00,109.85,109.895,109.24,109.2925,79622.00
2026-01-21 09:55:00-05:00,109.32,109.45,108.94,109.02,63556.00
2026-01-21 10:00:00-05:00,108.948,109.435,108.94,109.27,58371.00
2026-01-21 10:05:00-05:00,109.25,109.43,109.1501,109.375,70625.00
2026-01-21 10:10:00-05:00,109.3351,109.52,109.24,109.25,30082.00
2026-01-21 10:15:00-05:00,109.21,109.54,109,109.11,66098.00
2026-01-21 10:20:00-05:00,109.095,109.21,108.74,108.83,60972.00
2026-01-21 10:25:00-05:00,108.91,108.96,108.72,108.875,27511.00
2026-01-21 10:30:00-05:00,108.855,109.16,108.854,109.065,36077.00
2026-01-21 10:35:00-05:00,109.01,109.06,108.715,108.755,24249.00
2026-01-21 10:40:00-05:00,108.755,108.91,108.67,108.88,25732.00
2026-01-21 10:45:00-05:00,108.88,109.1186,108.77,108.91,56522.00
2026-01-21 10:50:00-05:00,108.9275,108.98,108.68,108.7,43963.00
2026-01-21 10:55:00-05:00,108.705,108.88,108.585,108.71,47973.00
2026-01-21 11:00:00-05:00,108.7,108.775,108.54,108.565,47019.00
2026-01-21 11:05:00-05:00,108.54,108.63,108.51,108.53,25841.00
2026-01-21 11:10:00-05:00,108.55,108.56,108.345,108.375,38695.00
2026-01-21 11:15:00-05:00,108.415,108.415,108.14,108.345,43873.00
2026-01-21 11:20:00-05:00,108.345,108.3451,108,108.055,40766.00
2026-01-21 11:25:00-05:00,108.01,108.12,107.94,108.08,70346.00
2026-01-21 11:30:00-05:00,108.05,108.13,107.9101,107.985,39701.00
2026-01-21 11:35:00-05:00,108.0079,108.04,107.54,107.54,34770.00
2026-01-21 11:40:00-05:00,107.53,107.8299,107.51,107.63,66841.00
2026-01-21 11:45:00-05:00,107.64,107.645,107.3101,107.53,61882.00
2026-01-21 11:50:00-05:00,107.53,107.58,107.275,107.41,27891.00
2026-01-21 11:55:00-05:00,107.36,107.42,107.1401,107.35,41713.00
2026-01-21 12:00:00-05:00,107.36,107.53,107.21,107.32,32221.00
2026-01-21 12:05:00-05:00,107.33,107.46,107.17,107.26,48470.00
2026-01-21 12:10:00-05:00,107.24,107.34,107.05,107.225,34320.00
2026-01-21 12:15:00-05:00,107.28,107.345,107.095,107.32,41481.00
2026-01-21 12:20:00-05:00,107.37,107.41,107.22,107.22,30042.00
2026-01-21 12:25:00-05:00,107.25,107.2997,107.115,107.24,44947.00
2026-01-21 12:30:00-05:00,107.235,107.235,106.92,107.07,55138.00
2026-01-21 12:35:00-05:00,107.02,107.18,107,107.08,20262.00
2026-01-21 12:40:00-05:00,107.1045,107.14,106.86,106.925,44769.00
2026-01-21 12:45:00-05:00,106.925,107.03,106.44,106.48,159402.00
2026-01-21 12:50:00-05:00,106.49,106.8151,106.47,106.635,131327.00
2026-01-21 12:55:00-05:00,106.63,106.67,105.745,105.835,177358.00
2026-01-21 13:00:00-05:00,105.79,105.79,104.89,104.995,265383.00
2026-01-21 13:05:00-05:00,104.995,105.44,104.95,105.26,201659.00
2026-01-21 13:10:00-05:00,105.3,105.56,105.26,105.375,94229.00
2026-01-21 13:15:00-05:00,105.39,105.7499,105.36,105.46,116227.00
2026-01-21 13:20:00-05:00,105.48,105.53,105.0201,105.15,88588.00
2026-01-21 13:25:00-05:00,105.11,105.35,105.095,105.245,48832.00
2026-01-21 13:30:00-05:00,105.24,105.42,105.23,105.23,31126.00
2026-01-21 13:35:00-05:00,105.23,105.39,105.07,105.07,57229.00
2026-01-21 13:40:00-05:00,105.085,105.27,105.02,105.22,38958.00
2026-01-21 13:45:00-05:00,105.2,105.55,105.11,105.48,44719.00
2026-01-21 13:50:00-05:00,105.48,105.5,105.29,105.29,40841.00
2026-01-21 13:55:00-05:00,105.28,105.44,105.01,105.05,60557.00
2026-01-21 14:00:00-05:00,105.075,105.305,104.97,105.26,90084.00
2026-01-21 14:05:00-05:00,105.24,105.39,105.04,105.375,39485.00
2026-01-21 14:10:00-05:00,105.36,105.51,105.335,105.39,46524.00
2026-01-21 14:15:00-05:00,105.37,105.51,105.2601,105.47,56540.00
2026-01-21 14:20:00-05:00,105.47,106.015,105.47,105.9,67540.00
2026-01-21 14:25:00-05:00,105.91,106.61,105.7301,106.5,68060.00
2026-01-21 14:30:00-05:00,106.53,106.5595,106.3,106.37,65724.00
2026-01-21 14:35:00-05:00,106.365,106.875,105.97,106.42,91588.00
2026-01-21 14:40:00-05:00,106.415,106.87,106.13,106.75,58044.00
2026-01-21 14:45:00-05:00,106.86,106.92,106.6824,106.835,46321.00
2026-01-21 14:50:00-05:00,106.825,106.87,106.26,106.34,110667.00
2026-01-21 14:55:00-05:00,106.35,106.5051,106.29,106.4,38970.00
2026-01-21 15:00:00-05:00,106.37,106.5,106.22,106.225,48576.00
2026-01-21 15:05:00-05:00,106.25,106.365,106.1,106.13,35866.00
2026-01-21 15:10:00-05:00,106.13,106.4361,106.13,106.355,38398.00
2026-01-21 15:15:00-05:00,106.355,106.4143,106.1096,106.35,36883.00
2026-01-21 15:20:00-05:00,106.355,106.355,106.14,106.21,47879.00
2026-01-21 15:25:00-05:00,106.2387,106.34,106.14,106.31,51541.00
2026-01-21 15:30:00-05:00,106.28,106.34,106.175,106.25,46690.00
2026-01-21 15:35:00-05:00,106.22,106.43,106.22,106.4,50309.00
2026-01-21 15:40:00-05:00,106.395,106.49,106.31,106.39,69280.00
2026-01-21 15:45:00-05:00,106.37,106.64,106.305,106.46,100037.00
2026-01-21 15:50:00-05:00,106.4,106.54,106.02,106.04,147218.00
2026-01-21 15:55:00-05:00,106.02,106.26,105.99,106.04,412023.00
2026-01-22 09:30:00-05:00,106.58,106.58,105.6,106.37,99323.00
2026-01-22 09:35:00-05:00,106.425,106.81,106.141,106.33,66193.00
2026-01-22 09:40:00-05:00,106.395,106.48,105.8301,105.97,62740.00
2026-01-22 09:45:00-05:00,105.965,106.29,105.87,105.98,61765.00
2026-01-22 09:50:00-05:00,105.93,106,105.6,105.77,65194.00
2026-01-22 09:55:00-05:00,105.775,105.9,105.5,105.645,67995.00
2026-01-22 10:00:00-05:00,105.7125,105.75,104.8,105.16,79720.00
2026-01-22 10:05:00-05:00,105.22,105.325,105,105.31,97519.00
2026-01-22 10:10:00-05:00,105.32,105.68,105.25,105.655,81766.00
2026-01-22 10:15:00-05:00,105.62,105.73,105.33,105.705,43773.00
2026-01-22 10:20:00-05:00,105.705,106.02,105.68,105.8801,41298.00
2026-01-22 10:25:00-05:00,105.89,106.04,105.85,105.925,22510.00
2026-01-22 10:30:00-05:00,105.93,106.02,105.7,105.72,27131.00
2026-01-22 10:35:00-05:00,105.77,105.78,105.53,105.765,33675.00
2026-01-22 10:40:00-05:00,105.71,105.83,105.68,105.79,23756.00
2026-01-22 10:45:00-05:00,105.77,105.92,105.69,105.82,30356.00
2026-01-22 10:50:00-05:00,105.79,105.89,105.57,105.685,31609.00
2026-01-22 10:55:00-05:00,105.7,105.7,105.52,105.605,26187.00
2026-01-22 11:00:00-05:00,105.57,105.79,105.5459,105.61,33588.00
2026-01-22 11:05:00-05:00,105.57,105.6593,105.42,105.6,20309.00
2026-01-22 11:10:00-05:00,105.605,105.77,105.49,105.75,30138.00
2026-01-22 11:15:00-05:00,105.78,105.85,105.625,105.72,23491.00
2026-01-22 11:20:00-05:00,105.725,105.74,105.6,105.6,19116.00
2026-01-22 11:25:00-05:00,105.61,105.6399,105.53,105.605,25308.00
2026-01-22 11:30:00-05:00,105.605,105.77,105.46,105.6265,78613.00
2026-01-22 11:35:00-05:00,105.625,105.78,105.59,105.78,24553.00
2026-01-22 11:40:00-05:00,105.785,105.85,105.55,105.63,28429.00
2026-01-22 11:45:00-05:00,105.62,105.69,105.47,105.6,23611.00
2026-01-22 11:50:00-05:00,105.63,105.69,105.4701,105.48,20818.00
2026-01-22 11:55:00-05:00,105.52,105.52,105.36,105.5,47867.00
2026-01-22 12:00:00-05:00,105.48,105.54,105.29,105.33,23355.00
2026-01-22 12:05:00-05:00,105.36,105.37,105.19,105.3245,35606.00
2026-01-22 12:10:00-05:00,105.35,105.37,105.28,105.36,12984.00
2026-01-22 12:15:00-05:00,105.37,105.4,105.265,105.275,20760.00
2026-01-22 12:20:00-05:00,105.275,105.37,105.275,105.325,19981.00
2026-01-22 12:25:00-05:00,105.3,105.4595,105.3,105.4,49494.00
2026-01-22 12:30:00-05:00,105.4,105.59,105.38,105.5755,41194.00
2026-01-22 12:35:00-05:00,105.57,105.61,105.48,105.61,20538.00
2026-01-22 12:40:00-05:00,105.61,105.67,105.53,105.58,520227.00
2026-01-22 12:45:00-05:00,105.585,105.6693,105.54,105.6183,23440.00
2026-01-22 12:50:00-05:00,105.615,105.86,105.615,105.7568,39149.00
2026-01-22 12:55:00-05:00,105.765,105.765,105.68,105.69,20198.00
2026-01-22 13:00:00-05:00,105.68,105.72,105.59,105.6799,20078.00
2026-01-22 13:05:00-05:00,105.68,105.68,105.475,105.51,37564.00
2026-01-22 13:10:00-05:00,105.5,105.5593,105.37,105.52,26390.00
2026-01-22 13:15:00-05:00,105.515,105.6299,105.505,105.575,29628.00
2026-01-22 13:20:00-05:00,105.59,105.64,105.45,105.49,18919.00
2026-01-22 13:25:00-05:00,105.46,105.535,105.42,105.525,24080.00
2026-01-22 13:30:00-05:00,105.54,105.72,105.54,105.62,36442.00
2026-01-22 13:35:00-05:00,105.6,105.63,105.515,105.61,15683.00
2026-01-22 13:40:00-05:00,105.59,105.62,105.52,105.56,18038.00
2026-01-22 13:45:00-05:00,105.54,105.59,105.5,105.54,23551.00
2026-01-22 13:50:00-05:00,105.54,105.56,105.44,105.5099,17608.00
2026-01-22 13:55:00-05:00,105.495,105.58,105.495,105.55,31527.00
2026-01-22 14:00:00-05:00,105.53,105.6,105.42,105.42,108073.00
2026-01-22 14:05:00-05:00,105.445,105.4685,105.31,105.39,35463.00
2026-01-22 14:10:00-05:00,105.4,105.5,105.35,105.385,31170.00
2026-01-22 14:15:00-05:00,105.39,105.43,105.28,105.34,27306.00
2026-01-22 14:20:00-05:00,105.33,105.34,105.245,105.34,20845.00
2026-01-22 14:25:00-05:00,105.34,105.525,105.33,105.5,64279.00
2026-01-22 14:30:00-05:00,105.48,105.56,105.35,105.53,69101.00
2026-01-22 14:35:00-05:00,105.54,105.57,105.48,105.5,28851.00
2026-01-22 14:40:00-05:00,105.5,105.52,105.44,105.5199,37653.00
2026-01-22 14:45:00-05:00,105.505,105.75,105.475,105.65,26212.00
2026-01-22 14:50:00-05:00,105.645,105.71,105.58,105.61,19251.00
2026-01-22 14:55:00-05:00,105.6138,105.665,105.555,105.59,26575.00
2026-01-22 15:00:00-05:00,105.57,105.8,105.48,105.7,67475.00
2026-01-22 15:05:00-05:00,105.695,105.79,105.69,105.75,25407.00
2026-01-22 15:10:00-05:00,105.78,106.1395,105.77,106.0799,49217.00
2026-01-22 15:15:00-05:00,106.06,106.11,105.99,106.015,31545.00
2026-01-22 15:20:00-05:00,106.015,106.05,105.96,105.96,31653.00
2026-01-22 15:25:00-05:00,105.96,106.03,105.96,106.01,37420.00
2026-01-22 15:30:00-05:00,106,106.04,105.95,105.98,54549.00
2026-01-22 15:35:00-05:00,105.9773,105.99,105.86,105.94,64109.00
2026-01-22 15:40:00-05:00,105.94,106.05,105.92,106.05,80256.00
2026-01-22 15:45:00-05:00,106.05,106.225,106.03,106.18,79583.00
2026-01-22 15:50:00-05:00,106.19,106.4,106.14,106.39,189933.00
2026-01-22 15:55:00-05:00,106.38,106.61,106.35,106.45,442879.00
2026-01-23 09:30:00-05:00,106.36,107.5,106.1,107.22,125268.00
2026-01-23 09:35:00-05:00,107.16,107.4783,106.94,107.27,110332.00
2026-01-23 09:40:00-05:00,107.27,107.665,107.21,107.49,52191.00
2026-01-23 09:45:00-05:00,107.49,107.7055,106.89,107.02,56342.00
2026-01-23 09:50:00-05:00,107.035,107.1918,106.865,107.1,43588.00
2026-01-23 09:55:00-05:00,107.145,107.7,107.09,107.6762,45256.00
2026-01-23 10:00:00-05:00,107.68,108.03,107.62,107.995,44883.00
2026-01-23 10:05:00-05:00,108.1,108.115,107.631,107.69,62790.00
2026-01-23 10:10:00-05:00,107.67,107.8,107.585,107.75,33800.00
2026-01-23 10:15:00-05:00,107.705,107.71,107.46,107.57,37956.00
2026-01-23 10:20:00-05:00,107.59,107.72,107.54,107.61,47290.00
2026-01-23 10:25:00-05:00,107.67,107.73,107.535,107.615,22317.00
2026-01-23 10:30:00-05:00,107.615,107.79,107.615,107.7,25813.00
2026-01-23 10:35:00-05:00,107.725,107.88,107.67,107.69,34725.00
2026-01-23 10:40:00-05:00,107.69,107.79,107.51,107.55,40582.00
2026-01-23 10:45:00-05:00,107.52,107.725,107.52,107.7013,30917.00
2026-01-23 10:50:00-05:00,107.73,107.84,107.64,107.84,22681.00
2026-01-23 10:55:00-05:00,107.86,108.135,107.86,107.995,47216.00
2026-01-23 11:00:00-05:00,108,108.09,107.9031,107.99,30892.00
2026-01-23 11:05:00-05:00,108,108.32,107.95,108.16,55962.00
2026-01-23 11:10:00-05:00,108.17,108.2,108,108.015,21377.00
2026-01-23 11:15:00-05:00,107.9942,108.2,107.9942,108.1,35831.00
2026-01-23 11:20:00-05:00,108.09,108.09,107.72,107.77,64231.00
2026-01-23 11:25:00-05:00,107.79,107.805,107.61,107.615,28613.00
2026-01-23 11:30:00-05:00,107.6,107.62,107.47,107.56,92735.00
2026-01-23 11:35:00-05:00,107.57,107.8,107.565,107.74,29076.00
2026-01-23 11:40:00-05:00,107.76,107.81,107.62,107.78,21732.00
2026-01-23 11:45:00-05:00,107.8,108.02,107.74,107.945,26351.00
2026-01-23 11:50:00-05:00,107.93,107.93,107.81,107.81,20977.00
2026-01-23 11:55:00-05:00,107.835,108.055,107.78,107.97,28824.00
2026-01-23 12:00:00-05:00,107.95,107.97,107.8,107.85,26432.00
2026-01-23 12:05:00-05:00,107.85,108,107.78,107.78,44835.00
2026-01-23 12:10:00-05:00,107.765,107.96,107.72,107.77,75089.00
2026-01-23 12:15:00-05:00,107.82,107.86,107.72,107.76,34356.00
2026-01-23 12:20:00-05:00,107.76,107.89,107.74,107.815,47705.00
2026-01-23 12:25:00-05:00,107.8,107.975,107.7,107.94,55773.00
2026-01-23 12:30:00-05:00,107.9599,108,107.86,107.93,42704.00
2026-01-23 12:35:00-05:00,107.95,108.02,107.89,107.9,62241.00
2026-01-23 12:40:00-05:00,107.91,108.03,107.855,108.005,38543.00
2026-01-23 12:45:00-05:00,108.02,108.15,107.97,107.985,61337.00
2026-01-23 12:50:00-05:00,107.985,108.33,107.97,108.135,66961.00
2026-01-23 12:55:00-05:00,108.15,108.16,107.8845,107.97,48899.00
2026-01-23 13:00:00-05:00,107.975,108.06,107.67,107.71,49293.00
2026-01-23 13:05:00-05:00,107.71,107.85,107.65,107.8,26643.00
2026-01-23 13:10:00-05:00,107.815,107.83,107.62,107.63,26666.00
2026-01-23 13:15:00-05:00,107.655,107.67,107.5525,107.66,31216.00
2026-01-23 13:20:00-05:00,107.64,107.74,107.57,107.67,48573.00
2026-01-23 13:25:00-05:00,107.66,107.86,107.66,107.81,32876.00
2026-01-23 13:30:00-05:00,107.83,107.87,107.67,107.69,48310.00
2026-01-23 13:35:00-05:00,107.69,107.8,107.67,107.68,33476.00
2026-01-23 13:40:00-05:00,107.675,107.83,107.66,107.8,21176.00
2026-01-23 13:45:00-05:00,107.78,107.83,107.67,107.7409,30493.00
2026-01-23 13:50:00-05:00,107.74,107.84,107.693,107.693,22985.00
2026-01-23 13:55:00-05:00,107.67,107.68,107.58,107.605,22655.00
2026-01-23 14:00:00-05:00,107.605,107.63,107.51,107.53,28497.00
2026-01-23 14:05:00-05:00,107.55,107.57,107.41,107.485,26741.00
2026-01-23 14:10:00-05:00,107.5,107.51,107.34,107.4,30171.00
2026-01-23 14:15:00-05:00,107.395,107.495,107.35,107.48,30499.00
2026-01-23 14:20:00-05:00,107.455,107.6,107.455,107.52,19777.00
2026-01-23 14:25:00-05:00,107.523,107.595,107.44,107.464,18460.00
2026-01-23 14:30:00-05:00,107.47,107.54,107.42,107.43,27982.00
2026-01-23 14:35:00-05:00,107.44,107.535,107.43,107.48,26629.00
2026-01-23 14:40:00-05:00,107.48,107.54,107.43,107.5199,20727.00
2026-01-23 14:45:00-05:00,107.5,107.65,107.415,107.65,23264.00
2026-01-23 14:50:00-05:00,107.62,107.675,107.58,107.625,18995.00
2026-01-23 14:55:00-05:00,107.61,107.78,107.61,107.68,24945.00
2026-01-23 15:00:00-05:00,107.67,107.68,107.53,107.64,21818.00
2026-01-23 15:05:00-05:00,107.635,107.92,107.635,107.905,39457.00
2026-01-23 15:10:00-05:00,107.905,107.98,107.81,107.94,56627.00
2026-01-23 15:15:00-05:00,107.99,108.13,107.96,107.975,37876.00
2026-01-23 15:20:00-05:00,107.99,108.03,107.9,108,34446.00
2026-01-23 15:25:00-05:00,107.99,108.005,107.95,107.98,39718.00
2026-01-23 15:30:00-05:00,107.96,107.9798,107.84,107.88,46436.00
2026-01-23 15:35:00-05:00,107.88,107.955,107.84,107.925,61320.00
2026-01-23 15:40:00-05:00,107.925,107.99,107.84,107.89,86787.00
2026-01-23 15:45:00-05:00,107.89,108.01,107.87,107.91,91609.00
2026-01-23 15:50:00-05:00,107.91,108.29,107.89,108.23,177641.00
2026-01-23 15:55:00-05:00,108.22,108.25,108.02,108.1,370932.00
2026-01-26 09:30:00-05:00,108.03,108.49,106.9301,107.096,124773.00
2026-01-26 09:35:00-05:00,107.085,107.1,105.8,105.92,164112.00
2026-01-26 09:40:00-05:00,105.965,106.22,105.12,105.33,161786.00
2026-01-26 09:45:00-05:00,105.2501,105.81,105.2501,105.69,221840.00
2026-01-26 09:50:00-05:00,105.7,105.7,104.445,104.52,149687.00
2026-01-26 09:55:00-05:00,104.5051,104.655,103.61,103.82,240697.00
2026-01-26 10:00:00-05:00,103.85,104.5,103.74,104.21,235548.00
2026-01-26 10:05:00-05:00,104.2514,104.94,104.155,104.65,159084.00
2026-01-26 10:10:00-05:00,104.66,105.45,104.5,105.04,182056.00
2026-01-26 10:15:00-05:00,105.05,105.41,104.87,105.33,102706.00
2026-01-26 10:20:00-05:00,105.2801,105.315,104.9,105.0196,71104.00
2026-01-26 10:25:00-05:00,104.94,105.12,104.85,104.85,64860.00
2026-01-26 10:30:00-05:00,104.86,105.01,104.75,104.95,47906.00
2026-01-26 10:35:00-05:00,104.95,105.05,104.86,104.96,54359.00
2026-01-26 10:40:00-05:00,104.9875,104.9875,104.738,104.74,65967.00
2026-01-26 10:45:00-05:00,104.77,105.13,104.6698,105.05,51030.00
2026-01-26 10:50:00-05:00,105.05,105.05,104.73,104.765,37243.00
2026-01-26 10:55:00-05:00,104.765,104.77,104.49,104.54,86612.00
2026-01-26 11:00:00-05:00,104.56,104.71,104.5,104.605,44770.00
2026-01-26 11:05:00-05:00,104.5763,104.7999,104.3968,104.775,61274.00
2026-01-26 11:10:00-05:00,104.7898,104.87,104.67,104.745,33976.00
2026-01-26 11:15:00-05:00,104.74,104.78,104.6022,104.675,32653.00
2026-01-26 11:20:00-05:00,104.675,104.74,104.58,104.735,42407.00
2026-01-26 11:25:00-05:00,104.73,104.9585,104.72,104.88,29472.00
2026-01-26 11:30:00-05:00,104.91,104.91,104.63,104.66,28477.00
2026-01-26 11:35:00-05:00,104.685,104.7999,104.66,104.69,30492.00
2026-01-26 11:40:00-05:00,104.65,104.6585,104.39,104.43,33463.00
2026-01-26 11:45:00-05:00,104.43,104.5925,104.39,104.46,42009.00
2026-01-26 11:50:00-05:00,104.45,104.47,104.27,104.27,67010.00
2026-01-26 11:55:00-05:00,104.2997,104.38,104.17,104.19,38778.00
2026-01-26 12:00:00-05:00,104.17,104.31,104.13,104.27,45103.00
2026-01-26 12:05:00-05:00,104.27,104.31,104.11,104.11,33227.00
2026-01-26 12:10:00-05:00,104.09,104.41,104.048,104.225,65858.00
2026-01-26 12:15:00-05:00,104.19,104.1982,104.065,104.115,37113.00
2026-01-26 12:20:00-05:00,104.115,104.19,104.05,104.1,33549.00
2026-01-26 12:25:00-05:00,104.12,104.26,104.095,104.125,28496.00
2026-01-26 12:30:00-05:00,104.13,104.26,104.12,104.135,24113.00
2026-01-26 12:35:00-05:00,104.1335,104.27,104.11,104.14,40811.00
2026-01-26 12:40:00-05:00,104.135,104.135,104.0301,104.09,34234.00
2026-01-26 12:45:00-05:00,104.11,104.15,104.05,104.125,30070.00
2026-01-26 12:50:00-05:00,104.13,104.135,103.84,103.855,72863.00
2026-01-26 12:55:00-05:00,103.855,103.98,103.68,103.965,50011.00
2026-01-26 13:00:00-05:00,103.94,103.94,103.805,103.84,31276.00
2026-01-26 13:05:00-05:00,103.84,104.06,103.8,103.99,50557.00
2026-01-26 13:10:00-05:00,104.02,104.05,103.88,103.98,36960.00
2026-01-26 13:15:00-05:00,103.985,104.056,103.88,103.895,37091.00
2026-01-26 13:20:00-05:00,103.895,103.93,103.76,103.78,28609.00
2026-01-26 13:25:00-05:00,103.778,103.88,103.7396,103.87,27204.00
2026-01-26 13:30:00-05:00,103.85,103.89,103.645,103.6568,69829.00
2026-01-26 13:35:00-05:00,103.66,103.78,103.62,103.675,51744.00
2026-01-26 13:40:00-05:00,103.65,103.82,103.64,103.81,40326.00
2026-01-26 13:45:00-05:00,103.8199,103.85,103.76,103.8,29841.00
2026-01-26 13:50:00-05:00,103.8291,104.04,103.825,104.025,43099.00
2026-01-26 13:55:00-05:00,104.035,104.15,104.01,104.125,44855.00
2026-01-26 14:00:00-05:00,104.125,104.125,103.98,103.98,25489.00
2026-01-26 14:05:00-05:00,103.985,104.14,103.93,104.02,35626.00
2026-01-26 14:10:00-05:00,104.02,104.15,103.96,104.085,53219.00
2026-01-26 14:15:00-05:00,104.08,104.3784,104.05,104.25,78088.00
2026-01-26 14:20:00-05:00,104.2799,104.3,104.12,104.22,46110.00
2026-01-26 14:25:00-05:00,104.22,104.24,103.93,104.07,51340.00
2026-01-26 14:30:00-05:00,104.0827,104.26,104.065,104.26,38786.00
2026-01-26 14:35:00-05:00,104.22,104.3467,104.04,104.325,91608.00
2026-01-26 14:40:00-05:00,104.34,104.49,104.29,104.49,29614.00
2026-01-26 14:45:00-05:00,104.48,104.775,104.46,104.765,64319.00
2026-01-26 14:50:00-05:00,104.75,104.84,104.65,104.6505,59617.00
2026-01-26 14:55:00-05:00,104.66,104.73,104.53,104.57,48194.00
2026-01-26 15:00:00-05:00,104.57,104.5925,104.456,104.515,33833.00
2026-01-26 15:05:00-05:00,104.5,104.54,104.378,104.475,54512.00
2026-01-26 15:10:00-05:00,104.475,104.7527,104.475,104.72,33593.00
2026-01-26 15:15:00-05:00,104.74,104.79,104.65,104.75,36240.00
2026-01-26 15:20:00-05:00,104.76,104.87,104.71,104.755,31621.00
2026-01-26 15:25:00-05:00,104.72,104.77,104.62,104.63,81359.00
2026-01-26 15:30:00-05:00,104.68,104.73,104.45,104.685,100444.00
2026-01-26 15:35:00-05:00,104.69,104.77,104.57,104.57,60618.00
2026-01-26 15:40:00-05:00,104.57,104.68,104.57,104.68,50402.00
2026-01-26 15:45:00-05:00,104.71,104.83,104.64,104.77,103576.00
2026-01-26 15:50:00-05:00,104.75,104.83,104.33,104.33,162034.00
2026-01-26 15:55:00-05:00,104.33,104.34,103.97,103.97,563323.00
2026-01-27 09:30:00-05:00,104.35,104.65,103.94,104.11,147835.00
2026-01-27 09:35:00-05:00,104.2,104.27,103.781,103.845,58036.00
2026-01-27 09:40:00-05:00,103.845,104.54,103.78,104.26,64230.00
2026-01-27 09:45:00-05:00,104.215,104.7,104.215,104.69,80314.00
2026-01-27 09:50:00-05:00,104.7,104.82,104.38,104.41,44165.00
2026-01-27 09:55:00-05:00,104.42,104.7,104.4,104.56,41004.00
2026-01-27 10:00:00-05:00,104.63,104.7,104.19,104.455,103789.00
2026-01-27 10:05:00-05:00,104.45,104.45,103.88,103.94,54863.00
2026-01-27 10:10:00-05:00,104,104.09,103.57,104.04,107036.00
2026-01-27 10:15:00-05:00,104.025,104.05,103.81,103.96,54006.00
2026-01-27 10:20:00-05:00,103.9,103.94,103.61,103.73,40929.00
2026-01-27 10:25:00-05:00,103.671,103.85,103.5,103.575,46114.00
2026-01-27 10:30:00-05:00,103.575,103.9251,103.575,103.925,40908.00
2026-01-27 10:35:00-05:00,103.9,104.0099,103.79,103.97,34605.00
2026-01-27 10:40:00-05:00,103.97,104.15,103.91,104.1401,54775.00
2026-01-27 10:45:00-05:00,104.195,104.61,104.175,104.48,66110.00
2026-01-27 10:50:00-05:00,104.48,104.48,104.24,104.24,71877.00
2026-01-27 10:55:00-05:00,104.21,104.23,104.105,104.17,19364.00
2026-01-27 11:00:00-05:00,104.12,104.335,104.09,104.315,22167.00
2026-01-27 11:05:00-05:00,104.305,104.39,104.21,104.28,20203.00
2026-01-27 11:10:00-05:00,104.265,104.29,103.79,103.795,61749.00
2026-01-27 11:15:00-05:00,103.8,103.865,103.68,103.865,48461.00
2026-01-27 11:20:00-05:00,103.895,103.955,103.755,103.82,36276.00
2026-01-27 11:25:00-05:00,103.82,103.845,103.71,103.77,37481.00
2026-01-27 11:30:00-05:00,103.79,103.955,103.7,103.955,37984.00
2026-01-27 11:35:00-05:00,103.989,104.035,103.78,103.78,39955.00
2026-01-27 11:40:00-05:00,103.78,103.8,103.605,103.65,32803.00
2026-01-27 11:45:00-05:00,103.65,103.7,103.53,103.7,42355.00
2026-01-27 11:50:00-05:00,103.71,103.81,103.69,103.72,23385.00
2026-01-27 11:55:00-05:00,103.705,103.78,103.68,103.72,16651.00
2026-01-27 12:00:00-05:00,103.7,103.79,103.62,103.735,25333.00
2026-01-27 12:05:00-05:00,103.73,103.8296,103.6901,103.81,21929.00
2026-01-27 12:10:00-05:00,103.7702,103.81,103.695,103.75,25256.00
2026-01-27 12:15:00-05:00,103.75,103.76,103.635,103.655,17408.00
2026-01-27 12:20:00-05:00,103.68,103.74,103.375,103.375,42374.00
2026-01-27 12:25:00-05:00,103.379,103.51,103.19,103.51,58584.00
2026-01-27 12:30:00-05:00,103.48,103.485,103.32,103.37,22758.00
2026-01-27 12:35:00-05:00,103.36,103.41,103.27,103.335,23890.00
2026-01-27 12:40:00-05:00,103.33,103.42,103.29,103.395,19981.00
2026-01-27 12:45:00-05:00,103.41,103.53,103.395,103.51,16488.00
2026-01-27 12:50:00-05:00,103.5142,103.55,103.46,103.48,17107.00
2026-01-27 12:55:00-05:00,103.45,103.54,103.43,103.495,25100.00
2026-01-27 13:00:00-05:00,103.495,103.57,103.48,103.5,25585.00
2026-01-27 13:05:00-05:00,103.5,103.55,103.45,103.515,17927.00
2026-01-27 13:10:00-05:00,103.515,103.565,103.42,103.555,19641.00
2026-01-27 13:15:00-05:00,103.564,103.61,103.52,103.57,13563.00
2026-01-27 13:20:00-05:00,103.58,103.6,103.51,103.585,34614.00
2026-01-27 13:25:00-05:00,103.585,103.67,103.52,103.67,20264.00
2026-01-27 13:30:00-05:00,103.67,103.765,103.66,103.665,14447.00
2026-01-27 13:35:00-05:00,103.63,103.6799,103.56,103.56,13165.00
2026-01-27 13:40:00-05:00,103.5799,103.61,103.52,103.56,18214.00
2026-01-27 13:45:00-05:00,103.585,103.665,103.55,103.665,15111.00
2026-01-27 13:50:00-05:00,103.6572,103.805,103.6572,103.78,17384.00
2026-01-27 13:55:00-05:00,103.79,103.79,103.6724,103.7145,25929.00
2026-01-27 14:00:00-05:00,103.69,103.885,103.68,103.885,24515.00
2026-01-27 14:05:00-05:00,103.9082,103.975,103.85,103.92,23938.00
2026-01-27 14:10:00-05:00,103.92,104.095,103.92,104.025,26401.00
2026-01-27 14:15:00-05:00,104.025,104.11,104.025,104.095,22647.00
2026-01-27 14:20:00-05:00,104.095,104.27,104.095,104.2,45279.00
2026-01-27 14:25:00-05:00,104.1701,104.22,104.145,104.205,22976.00
2026-01-27 14:30:00-05:00,104.22,104.37,104.22,104.26,27570.00
2026-01-27 14:35:00-05:00,104.25,104.3,104.23,104.26,21086.00
2026-01-27 14:40:00-05:00,104.2559,104.285,104.0325,104.275,67884.00
2026-01-27 14:45:00-05:00,104.285,104.36,104.24,104.3,51374.00
2026-01-27 14:50:00-05:00,104.305,104.305,104.1801,104.28,23882.00
2026-01-27 14:55:00-05:00,104.2899,104.3,104.19,104.23,32449.00
2026-01-27 15:00:00-05:00,104.21,104.27,104.165,104.2499,35690.00
2026-01-27 15:05:00-05:00,104.2215,104.3399,104.18,104.245,31407.00
2026-01-27 15:10:00-05:00,104.245,104.33,104.23,104.275,30519.00
2026-01-27 15:15:00-05:00,104.27,104.32,104.26,104.28,19260.00
2026-01-27 15:20:00-05:00,104.295,104.31,104.19,104.21,23959.00
2026-01-27 15:25:00-05:00,104.19,104.21,104.15,104.195,34492.00
2026-01-27 15:30:00-05:00,104.195,104.29,104.07,104.27,61498.00
2026-01-27 15:35:00-05:00,104.25,104.265,104.14,104.17,47565.00
2026-01-27 15:40:00-05:00,104.17,104.35,104.15,104.305,46991.00
2026-01-27 15:45:00-05:00,104.32,104.39,104.25,104.3,98348.00
2026-01-27 15:50:00-05:00,104.29,104.38,104.24,104.3,111683.00
2026-01-27 15:55:00-05:00,104.3,104.3,104.07,104.1,279169.00
2026-01-28 09:30:00-05:00,104,104.18,103.21,103.79,129193.00
2026-01-28 09:35:00-05:00,103.785,103.9414,103.01,103.19,80700.00
2026-01-28 09:40:00-05:00,103.1463,103.31,103.05,103.3,47979.00
2026-01-28 09:45:00-05:00,103.315,103.55,103.17,103.54,28570.00
2026-01-28 09:50:00-05:00,103.48,103.54,102.74,102.74,77930.00
2026-01-28 09:55:00-05:00,102.755,102.81,102.53,102.6476,109482.00
2026-01-28 10:00:00-05:00,102.645,102.92,102.63,102.88,63291.00
2026-01-28 10:05:00-05:00,102.88,102.88,102.59,102.665,44138.00
2026-01-28 10:10:00-05:00,102.665,103.03,102.665,103.03,51414.00
2026-01-28 10:15:00-05:00,103.01,103.135,102.8866,103.08,44768.00
2026-01-28 10:20:00-05:00,103.08,103.165,102.99,103.075,21874.00
2026-01-28 10:25:00-05:00,103.07,103.13,102.99,103.065,15547.00
2026-01-28 10:30:00-05:00,103.13,103.35,103.05,103.3319,29494.00
2026-01-28 10:35:00-05:00,103.4,103.55,103.26,103.27,29466.00
2026-01-28 10:40:00-05:00,103.26,103.32,103.2,103.23,22130.00
2026-01-28 10:45:00-05:00,103.21,103.27,103.135,103.15,19780.00
2026-01-28 10:50:00-05:00,103.15,103.155,102.85,102.96,57403.00
2026-01-28 10:55:00-05:00,102.96,103.0051,102.89,102.89,22155.00
2026-01-28 11:00:00-05:00,102.88,102.9,102.695,102.79,34136.00
2026-01-28 11:05:00-05:00,102.8,102.81,102.67,102.7,30643.00
2026-01-28 11:10:00-05:00,102.71,102.75,102.645,102.68,23290.00
2026-01-28 11:15:00-05:00,102.66,102.665,102.53,102.54,50654.00
2026-01-28 11:20:00-05:00,102.53,102.65,102.53,102.61,33926.00
2026-01-28 11:25:00-05:00,102.595,102.69,102.55,102.61,36732.00
2026-01-28 11:30:00-05:00,102.62,102.62,102.31,102.335,106484.00
2026-01-28 11:35:00-05:00,102.33,102.45,102.3,102.34,38367.00
2026-01-28 11:40:00-05:00,102.32,102.33,102.26,102.285,38231.00
2026-01-28 11:45:00-05:00,102.285,102.45,102.21,102.225,41287.00
2026-01-28 11:50:00-05:00,102.24,102.28,102.13,102.25,44306.00
2026-01-28 11:55:00-05:00,102.24,102.27,102.23,102.26,18489.00
2026-01-28 12:00:00-05:00,102.26,102.285,102.12,102.17,32261.00
2026-01-28 12:05:00-05:00,102.175,102.25,102.13,102.18,31596.00
2026-01-28 12:10:00-05:00,102.2,102.3794,102.19,102.32,105228.00
2026-01-28 12:15:00-05:00,102.34,102.42,102.2561,102.28,33523.00
2026-01-28 12:20:00-05:00,102.26,102.4,102.26,102.285,29123.00
2026-01-28 12:25:00-05:00,102.275,102.28,102.12,102.25,32109.00
2026-01-28 12:30:00-05:00,102.23,102.23,102.1,102.135,23337.00
2026-01-28 12:35:00-05:00,102.14,102.2599,102.1001,102.13,21147.00
2026-01-28 12:40:00-05:00,102.13,102.1558,102.1,102.11,14544.00
2026-01-28 12:45:00-05:00,102.1,102.1,102.01,102.06,22507.00
2026-01-28 12:50:00-05:00,102.07,102.125,102.02,102.04,38317.00
2026-01-28 12:55:00-05:00,102.02,102.03,101.751,101.7994,59348.00
2026-01-28 13:00:00-05:00,101.775,101.9,101.775,101.9,21804.00
2026-01-28 13:05:00-05:00,101.87,102,101.78,101.995,28540.00
2026-01-28 13:10:00-05:00,101.9975,102.2,101.98,102.05,27387.00
2026-01-28 13:15:00-05:00,102.05,102.0524,101.91,101.94,20304.00
2026-01-28 13:20:00-05:00,101.945,102.02,101.91,101.94,22049.00
2026-01-28 13:25:00-05:00,101.92,101.98,101.9,101.9675,18536.00
2026-01-28 13:30:00-05:00,101.97,101.98,101.86,101.86,26063.00
2026-01-28 13:35:00-05:00,101.88,101.9588,101.8,101.88,23801.00
2026-01-28 13:40:00-05:00,101.865,102.03,101.845,102.0002,20723.00
2026-01-28 13:45:00-05:00,102,102.05,101.905,102.05,31517.00
2026-01-28 13:50:00-05:00,102.04,102.04,101.795,101.82,22802.00
2026-01-28 13:55:00-05:00,101.8,101.9499,101.79,101.91,33358.00
2026-01-28 14:00:00-05:00,101.91,101.945,101.76,101.93,43403.00
2026-01-28 14:05:00-05:00,101.95,101.985,101.825,101.89,39576.00
2026-01-28 14:10:00-05:00,101.88,101.94,101.845,101.875,39330.00
2026-01-28 14:15:00-05:00,101.86,101.98,101.77,101.975,66068.00
2026-01-28 14:20:00-05:00,101.97,102.05,101.89,101.895,31131.00
2026-01-28 14:25:00-05:00,101.89,101.9,101.68,101.71,92570.00
2026-01-28 14:30:00-05:00,101.685,102.47,101.41,101.8299,142922.00
2026-01-28 14:35:00-05:00,101.7301,101.83,100.92,100.94,152814.00
2026-01-28 14:40:00-05:00,100.98,101.09,100.89,100.96,87698.00
2026-01-28 14:45:00-05:00,100.97,101.21,100.88,101.155,79353.00
2026-01-28 14:50:00-05:00,101.15,101.39,101.11,101.13,70154.00
2026-01-28 14:55:00-05:00,101.125,101.125,100.91,101.0899,54071.00
2026-01-28 15:00:00-05:00,101.065,101.4599,101.05,101.3508,70212.00
2026-01-28 15:05:00-05:00,101.39,101.45,101.35,101.3951,41354.00
2026-01-28 15:10:00-05:00,101.39,101.5,101.26,101.27,39557.00
2026-01-28 15:15:00-05:00,101.26,101.46,101.22,101.335,43373.00
2026-01-28 15:20:00-05:00,101.32,101.51,101.285,101.47,37844.00
2026-01-28 15:25:00-05:00,101.47,101.72,101.36,101.58,55676.00
2026-01-28 15:30:00-05:00,101.57,101.83,101.57,101.8,67547.00
2026-01-28 15:35:00-05:00,101.8,101.87,101.745,101.805,64326.00
2026-01-28 15:40:00-05:00,101.805,101.85,101.75,101.79,101075.00
2026-01-28 15:45:00-05:00,101.78,101.91,101.73,101.77,118703.00
2026-01-28 15:50:00-05:00,101.76,101.95,101.755,101.83,153467.00
2026-01-28 15:55:00-05:00,101.84,101.9,101.68,101.73,313460.00
2026-01-29 09:30:00-05:00,102.41,102.89,102.115,102.89,87528.00
2026-01-29 09:35:00-05:00,102.79,103.25,102.7291,102.98,73281.00
2026-01-29 09:40:00-05:00,102.9676,103.1,101.77,101.96,69913.00
2026-01-29 09:45:00-05:00,101.885,102.115,101.38,101.43,109707.00
2026-01-29 09:50:00-05:00,101.35,101.95,101.315,101.94,86449.00
2026-01-29 09:55:00-05:00,101.91,102.03,101.5,101.511,64818.00
2026-01-29 10:00:00-05:00,101.5,102.17,101.44,102.08,69701.00
2026-01-29 10:05:00-05:00,102.08,102.16,101.885,101.92,63904.00
2026-01-29 10:10:00-05:00,101.93,101.96,101.42,101.65,55723.00
2026-01-29 10:15:00-05:00,101.71,102.14,101.655,101.96,54810.00
2026-01-29 10:20:00-05:00,101.94,102.1799,101.86,101.9,129211.00
2026-01-29 10:25:00-05:00,101.895,102.15,101.805,101.81,136835.00
2026-01-29 10:30:00-05:00,101.805,102.415,101.72,102.35,79655.00
2026-01-29 10:35:00-05:00,102.35,102.589,102.25,102.554,39743.00
2026-01-29 10:40:00-05:00,102.545,102.64,102.33,102.5,42309.00
2026-01-29 10:45:00-05:00,102.5148,102.61,102.4,102.475,48317.00
2026-01-29 10:50:00-05:00,102.4401,102.52,102.24,102.4,44034.00
2026-01-29 10:55:00-05:00,102.39,102.6,102.36,102.59,42479.00
2026-01-29 11:00:00-05:00,102.55,102.55,102.36,102.37,30749.00
2026-01-29 11:05:00-05:00,102.41,102.4499,102.27,102.43,35092.00
2026-01-29 11:10:00-05:00,102.41,102.9,102.38,102.9,44130.00
2026-01-29 11:15:00-05:00,102.83,102.95,102.62,102.8156,75254.00
2026-01-29 11:20:00-05:00,102.74,102.79,102.55,102.67,45842.00
2026-01-29 11:25:00-05:00,102.63,102.71,102.55,102.61,20096.00
2026-01-29 11:30:00-05:00,102.57,102.87,102.57,102.715,25089.00
2026-01-29 11:35:00-05:00,102.67,102.86,102.67,102.85,23369.00
2026-01-29 11:40:00-05:00,102.865,102.95,102.82,102.9,26068.00
2026-01-29 11:45:00-05:00,102.85,102.915,102.73,102.915,27606.00
2026-01-29 11:50:00-05:00,102.915,102.915,102.72,102.825,25490.00
2026-01-29 11:55:00-05:00,102.79,102.95,102.79,102.87,25194.00
2026-01-29 12:00:00-05:00,102.89,103,102.89,102.96,31134.00
2026-01-29 12:05:00-05:00,102.96,103.01,102.82,102.9375,27321.00
2026-01-29 12:10:00-05:00,102.92,103,102.83,102.95,21527.00
2026-01-29 12:15:00-05:00,102.94,103.21,102.94,103.16,35524.00
2026-01-29 12:20:00-05:00,103.16,103.27,103.05,103.1159,35820.00
2026-01-29 12:25:00-05:00,103.12,103.2,102.98,103.14,26399.00
2026-01-29 12:30:00-05:00,103.13,103.165,103,103.05,26733.00
2026-01-29 12:35:00-05:00,103.07,103.095,103.02,103.06,24266.00
2026-01-29 12:40:00-05:00,103.08,103.18,103.05,103.14,25262.00
2026-01-29 12:45:00-05:00,103.11,103.15,102.965,103.07,28306.00
2026-01-29 12:50:00-05:00,103.06,103.13,102.78,102.855,21840.00
2026-01-29 12:55:00-05:00,102.81,102.935,102.72,102.72,21567.00
2026-01-29 13:00:00-05:00,102.71,102.86,102.445,102.725,70085.00
2026-01-29 13:05:00-05:00,102.69,102.97,102.69,102.82,39828.00
2026-01-29 13:10:00-05:00,102.825,103,102.79,102.85,24939.00
2026-01-29 13:15:00-05:00,102.87,103.01,102.87,103,22553.00
2026-01-29 13:20:00-05:00,102.98,103.02,102.76,102.935,37077.00
2026-01-29 13:25:00-05:00,102.905,103,102.77,103,26370.00
2026-01-29 13:30:00-05:00,102.97,102.985,102.69,102.765,37209.00
2026-01-29 13:35:00-05:00,102.77,103.02,102.765,103.02,24809.00
2026-01-29 13:40:00-05:00,103.04,103.12,102.97,102.99,34146.00
2026-01-29 13:45:00-05:00,102.97,103.0399,102.885,102.93,31174.00
2026-01-29 13:50:00-05:00,102.95,102.97,102.87,102.91,23480.00
2026-01-29 13:55:00-05:00,102.87,103.059,102.78,102.78,30259.00
2026-01-29 14:00:00-05:00,102.785,103.09,102.74,103,33036.00
2026-01-29 14:05:00-05:00,102.95,103.08,102.92,102.96,15063.00
2026-01-29 14:10:00-05:00,102.98,103.06,102.94,102.95,33955.00
2026-01-29 14:15:00-05:00,102.92,103.03,102.9,103,24501.00
2026-01-29 14:20:00-05:00,102.985,103.0903,102.97,103.08,27122.00
2026-01-29 14:25:00-05:00,103.06,103.24,103.005,103.225,31242.00
2026-01-29 14:30:00-05:00,103.24,103.25,102.75,102.775,56089.00
2026-01-29 14:35:00-05:00,102.74,103.14,102.74,103.04,47591.00
2026-01-29 14:40:00-05:00,103.045,103.135,102.95,103.055,55528.00
2026-01-29 14:45:00-05:00,103.055,103.1099,103.01,103.0401,29800.00
2026-01-29 14:50:00-05:00,103.04,103.0799,102.9,102.99,33620.00
2026-01-29 14:55:00-05:00,102.96,103.03,102.48,102.52,64623.00
2026-01-29 15:00:00-05:00,102.535,102.86,102.535,102.82,50354.00
2026-01-29 15:05:00-05:00,102.83,102.89,102.755,102.755,58055.00
2026-01-29 15:10:00-05:00,102.755,102.895,102.56,102.56,88583.00
2026-01-29 15:15:00-05:00,102.57,102.585,102.435,102.435,80388.00
2026-01-29 15:20:00-05:00,102.4,102.565,102.385,102.405,60016.00
2026-01-29 15:25:00-05:00,102.37,102.6,102.37,102.56,59185.00
2026-01-29 15:30:00-05:00,102.54,102.72,102.54,102.65,87035.00
2026-01-29 15:35:00-05:00,102.66,102.72,102.57,102.66,67190.00
2026-01-29 15:40:00-05:00,102.66,102.77,102.52,102.52,73956.00
2026-01-29 15:45:00-05:00,102.54,102.83,102.47,102.785,135108.00
2026-01-29 15:50:00-05:00,102.8,102.9,102.58,102.735,181430.00
2026-01-29 15:55:00-05:00,102.735,103.02,102.69,102.84,438574.00
2026-01-30 09:30:00-05:00,102.84,104.08,102.55,104.08,88183.00
2026-01-30 09:35:00-05:00,104.02,104.02,102.5,102.69,53901.00
2026-01-30 09:40:00-05:00,102.6161,102.69,102.3601,102.61,28837.00
2026-01-30 09:45:00-05:00,102.5,103.257,102.4607,103.16,38255.00
2026-01-30 09:50:00-05:00,103.16,103.16,102.4,102.86,65203.00
2026-01-30 09:55:00-05:00,102.865,103.08,102.795,102.895,21526.00
2026-01-30 10:00:00-05:00,103.04,103.23,102.88,103.03,37150.00
2026-01-30 10:05:00-05:00,103.105,103.5,103.105,103.275,46611.00
2026-01-30 10:10:00-05:00,103.27,103.58,103.19,103.58,74066.00
2026-01-30 10:15:00-05:00,103.58,103.93,103.53,103.79,58731.00
2026-01-30 10:20:00-05:00,103.775,104.1,103.69,104.06,75626.00
2026-01-30 10:25:00-05:00,104.08,104.28,103.79,104.08,78777.00
2026-01-30 10:30:00-05:00,104.03,104.37,104,104.33,58969.00
2026-01-30 10:35:00-05:00,104.34,104.845,104.34,104.63,97961.00
2026-01-30 10:40:00-05:00,104.605,104.73,104.43,104.57,109227.00
2026-01-30 10:45:00-05:00,104.5,104.61,104.46,104.555,50345.00
2026-01-30 10:50:00-05:00,104.5487,104.61,104.345,104.45,47895.00
2026-01-30 10:55:00-05:00,104.44,104.73,104.43,104.67,75880.00
2026-01-30 11:00:00-05:00,104.68,104.7012,104.52,104.58,47200.00
2026-01-30 11:05:00-05:00,104.57,104.74,104.53,104.555,62301.00
2026-01-30 11:10:00-05:00,104.5,104.58,104.39,104.515,35630.00
2026-01-30 11:15:00-05:00,104.515,104.89,104.475,104.73,110361.00
2026-01-30 11:20:00-05:00,104.78,104.81,104.65,104.675,50930.00
2026-01-30 11:25:00-05:00,104.63,104.77,104.57,104.735,78512.00
2026-01-30 11:30:00-05:00,104.75,104.81,104.57,104.6,46053.00
2026-01-30 11:35:00-05:00,104.62,104.66,104.37,104.505,72296.00
2026-01-30 11:40:00-05:00,104.51,104.56,104.4,104.475,30770.00
2026-01-30 11:45:00-05:00,104.49,104.6299,104.47,104.59,26247.00
2026-01-30 11:50:00-05:00,104.6,104.6,104.225,104.37,65551.00
2026-01-30 11:55:00-05:00,104.3525,104.43,104.34,104.41,25871.00
2026-01-30 12:00:00-05:00,104.41,104.54,104.19,104.19,54044.00
2026-01-30 12:05:00-05:00,104.19,104.22,103.9228,104.11,59213.00
2026-01-30 12:10:00-05:00,104.11,104.18,103.945,103.96,31675.00
2026-01-30 12:15:00-05:00,103.94,104.02,103.8,103.995,43742.00
2026-01-30 12:20:00-05:00,104.02,104.15,103.945,104.07,46498.00
2026-01-30 12:25:00-05:00,104.05,104.26,104.04,104.21,27420.00
2026-01-30 12:30:00-05:00,104.19,104.355,104.105,104.105,26883.00
2026-01-30 12:35:00-05:00,104.07,104.11,103.985,104.02,24666.00
2026-01-30 12:40:00-05:00,104,104.15,103.99,104.06,24741.00
2026-01-30 12:45:00-05:00,104.1096,104.15,103.935,104.05,22909.00
2026-01-30 12:50:00-05:00,104.02,104.16,103.98,104,21442.00
2026-01-30 12:55:00-05:00,103.96,104.03,103.82,103.845,27761.00
2026-01-30 13:00:00-05:00,103.83,104.0807,103.82,104.075,19224.00
2026-01-30 13:05:00-05:00,104.09,104.21,104.09,104.095,29341.00
2026-01-30 13:10:00-05:00,104.07,104.1,103.97,104.065,17274.00
2026-01-30 13:15:00-05:00,104.07,104.14,104.05,104.07,16564.00
2026-01-30 13:20:00-05:00,104.05,104.1,103.94,104.1,34010.00
2026-01-30 13:25:00-05:00,104.12,104.42,104.09,104.42,32060.00
2026-01-30 13:30:00-05:00,104.4,104.4,103.97,104.0075,25834.00
2026-01-30 13:35:00-05:00,104,104.37,104,104.37,32748.00
2026-01-30 13:40:00-05:00,104.38,104.41,104.265,104.3223,27038.00
2026-01-30 13:45:00-05:00,104.32,104.65,104.31,104.65,36624.00
2026-01-30 13:50:00-05:00,104.6,104.69,104.5,104.68,38840.00
2026-01-30 13:55:00-05:00,104.66,104.73,104.55,104.575,30462.00
2026-01-30 14:00:00-05:00,104.5807,104.97,104.5807,104.815,59709.00
2026-01-30 14:05:00-05:00,104.79,104.88,104.7543,104.8,24725.00
2026-01-30 14:10:00-05:00,104.83,104.91,104.71,104.77,27016.00
2026-01-30 14:15:00-05:00,104.75,104.79,104.66,104.69,50398.00
2026-01-30 14:20:00-05:00,104.71,104.79,104.705,104.77,29671.00
2026-01-30 14:25:00-05:00,104.79,104.86,104.35,104.35,66332.00
2026-01-30 14:30:00-05:00,104.38,104.69,104.27,104.665,83295.00
2026-01-30 14:35:00-05:00,104.7,104.85,104.6,104.68,41647.00
2026-01-30 14:40:00-05:00,104.64,104.805,104.6,104.73,32035.00
2026-01-30 14:45:00-05:00,104.71,104.83,104.7,104.82,38680.00
2026-01-30 14:50:00-05:00,104.82,104.9,104.685,104.895,37896.00
2026-01-30 14:55:00-05:00,104.91,104.96,104.725,104.725,42087.00
2026-01-30 15:00:00-05:00,104.725,104.83,104.69,104.83,24384.00
2026-01-30 15:05:00-05:00,104.805,104.98,104.77,104.95,40269.00
2026-01-30 15:10:00-05:00,104.92,105.03,104.87,104.885,47948.00
2026-01-30 15:15:00-05:00,104.885,104.9,104.715,104.74,55990.00
2026-01-30 15:20:00-05:00,104.74,104.88,104.725,104.86,34447.00
2026-01-30 15:25:00-05:00,104.88,104.97,104.715,104.715,60219.00
2026-01-30 15:30:00-05:00,104.71,104.81,104.58,104.68,113356.00
2026-01-30 15:35:00-05:00,104.67,104.71,104.47,104.515,81749.00
2026-01-30 15:40:00-05:00,104.51,104.53,104.421,104.47,70249.00
2026-01-30 15:45:00-05:00,104.46,104.89,104.46,104.89,96788.00
2026-01-30 15:50:00-05:00,104.9,105.17,104.9,105.115,171559.00
2026-01-30 15:55:00-05:00,105.118,105.51,105.105,105.5,442460.00
2026-02-02 09:30:00-05:00,104.93,105.81,103.68,105.62,196929.00
2026-02-02 09:35:00-05:00,105.66,106.51,105.52,106.26,123921.00
2026-02-02 09:40:00-05:00,106.275,106.37,105.84,106.35,86511.00
2026-02-02 09:45:00-05:00,106.35,106.38,105.5601,105.865,54811.00
2026-02-02 09:50:00-05:00,105.91,106.1,105.4801,105.8361,68478.00
2026-02-02 09:55:00-05:00,105.8,105.83,105.48,105.52,42944.00
2026-02-02 10:00:00-05:00,105.5101,105.82,105.37,105.8199,69592.00
2026-02-02 10:05:00-05:00,105.72,106.12,105.72,105.985,64330.00
2026-02-02 10:10:00-05:00,106.02,106.165,105.78,106.1088,56588.00
2026-02-02 10:15:00-05:00,106.17,106.425,106.17,106.28,70904.00
2026-02-02 10:20:00-05:00,106.3625,106.5,106.26,106.45,55390.00
2026-02-02 10:25:00-05:00,106.44,106.52,106.18,106.505,80624.00
2026-02-02 10:30:00-05:00,106.56,106.935,106.54,106.86,95585.00
2026-02-02 10:35:00-05:00,106.82,107.35,106.79,107.105,181345.00
2026-02-02 10:40:00-05:00,107.105,107.33,107.0501,107.13,70057.00
2026-02-02 10:45:00-05:00,107.13,107.29,106.9201,107.18,102946.00
2026-02-02 10:50:00-05:00,107.175,107.32,107.14,107.2201,46627.00
2026-02-02 10:55:00-05:00,107.25,107.56,107.2,107.48,96835.00
2026-02-02 11:00:00-05:00,107.5,107.5825,107.2,107.44,71247.00
2026-02-02 11:05:00-05:00,107.478,107.51,107.33,107.455,47286.00
2026-02-02 11:10:00-05:00,107.45,107.58,107.35,107.49,85495.00
2026-02-02 11:15:00-05:00,107.535,107.689,107.52,107.655,41124.00
2026-02-02 11:20:00-05:00,107.6431,107.79,107.6431,107.76,47530.00
2026-02-02 11:25:00-05:00,107.72,107.96,107.62,107.925,97073.00
2026-02-02 11:30:00-05:00,107.94,107.97,107.58,107.74,65670.00
2026-02-02 11:35:00-05:00,107.71,107.81,107.6726,107.775,37203.00
2026-02-02 11:40:00-05:00,107.81,108.06,107.81,107.9901,59765.00
2026-02-02 11:45:00-05:00,108.035,108.1,108,108.088,57427.00
2026-02-02 11:50:00-05:00,108.085,108.415,108.085,108.3737,50255.00
2026-02-02 11:55:00-05:00,108.403,108.715,108.403,108.715,64890.00
2026-02-02 12:00:00-05:00,108.715,108.72,108.55,108.69,79300.00
2026-02-02 12:05:00-05:00,108.72,108.825,108.69,108.77,83788.00
2026-02-02 12:10:00-05:00,108.77,108.95,108.75,108.77,59442.00
2026-02-02 12:15:00-05:00,108.77,108.88,108.74,108.815,81917.00
2026-02-02 12:20:00-05:00,108.815,108.914,108.72,108.825,82549.00
2026-02-02 12:25:00-05:00,108.83,109.0888,108.79,109.06,52223.00
2026-02-02 12:30:00-05:00,109.06,109.1699,109,109.15,55218.00
2026-02-02 12:35:00-05:00,109.12,109.2,109.11,109.19,56992.00
2026-02-02 12:40:00-05:00,109.19,109.2,109.1,109.1,52326.00
2026-02-02 12:45:00-05:00,109.105,109.3697,109.105,109.31,62364.00
2026-02-02 12:50:00-05:00,109.34,109.42,109.32,109.39,59112.00
2026-02-02 12:55:00-05:00,109.4,109.48,109.39,109.415,71556.00
2026-02-02 13:00:00-05:00,109.4,109.415,109.35,109.355,51138.00
2026-02-02 13:05:00-05:00,109.37,109.42,109.34,109.4,45780.00
2026-02-02 13:10:00-05:00,109.38,109.48,109.32,109.37,43268.00
2026-02-02 13:15:00-05:00,109.38,109.4,109.3,109.37,46215.00
2026-02-02 13:20:00-05:00,109.365,109.365,109.23,109.28,81094.00
2026-02-02 13:25:00-05:00,109.275,109.42,109.2642,109.42,40609.00
2026-02-02 13:30:00-05:00,109.45,109.6,109.3401,109.5,87362.00
2026-02-02 13:35:00-05:00,109.49,109.545,109.3875,109.405,35252.00
2026-02-02 13:40:00-05:00,109.42,109.555,109.42,109.504,50407.00
2026-02-02 13:45:00-05:00,109.51,109.69,109.415,109.67,145663.00
2026-02-02 13:50:00-05:00,109.6911,109.6911,109.445,109.5191,82646.00
2026-02-02 13:55:00-05:00,109.505,109.54,109.46,109.47,38274.00
2026-02-02 14:00:00-05:00,109.47,109.59,109.42,109.58,51976.00
2026-02-02 14:05:00-05:00,109.5868,109.89,109.57,109.75,72396.00
2026-02-02 14:10:00-05:00,109.74,109.91,109.73,109.8123,54610.00
2026-02-02 14:15:00-05:00,109.8241,109.8241,109.64,109.64,100480.00
2026-02-02 14:20:00-05:00,109.64,109.65,109.45,109.48,44571.00
2026-02-02 14:25:00-05:00,109.48,109.66,109.45,109.66,51067.00
2026-02-02 14:30:00-05:00,109.6473,109.66,109.4101,109.52,48103.00
2026-02-02 14:35:00-05:00,109.5,109.56,109.31,109.515,43129.00
2026-02-02 14:40:00-05:00,109.52,109.6,109.5,109.54,36110.00
2026-02-02 14:45:00-05:00,109.555,109.69,109.555,109.585,46528.00
2026-02-02 14:50:00-05:00,109.59,109.67,109.58,109.585,42202.00
2026-02-02 14:55:00-05:00,109.585,109.74,109.42,109.45,76619.00
2026-02-02 15:00:00-05:00,109.45,109.69,109.32,109.64,85471.00
2026-02-02 15:05:00-05:00,109.67,109.73,109.33,109.33,67841.00
2026-02-02 15:10:00-05:00,109.345,109.495,109.22,109.275,84251.00
2026-02-02 15:15:00-05:00,109.26,109.31,109.18,109.1801,53723.00
2026-02-02 15:20:00-05:00,109.18,109.3,109.125,109.165,61692.00
2026-02-02 15:25:00-05:00,109.165,109.435,109.165,109.33,75124.00
2026-02-02 15:30:00-05:00,109.34,109.4,109.31,109.4,72720.00
2026-02-02 15:35:00-05:00,109.36,109.38,109.255,109.255,92459.00
2026-02-02 15:40:00-05:00,109.275,109.345,109.26,109.2601,83389.00
2026-02-02 15:45:00-05:00,109.2601,109.525,109.2601,109.5,288876.00
2026-02-02 15:50:00-05:00,109.51,109.75,109.23,109.64,346477.00
2026-02-02 15:55:00-05:00,109.64,109.82,109.53,109.63,681685.00
2026-02-03 09:30:00-05:00,109.89,112.2,109.59,112.01,281537.00
2026-02-03 09:35:00-05:00,112.02,112.34,111.58,112.2877,205706.00
2026-02-03 09:40:00-05:00,112.31,112.95,112.31,112.67,143688.00
2026-02-03 09:45:00-05:00,112.64,112.96,111.69,111.96,147911.00
2026-02-03 09:50:00-05:00,111.955,112.09,111.54,111.93,114829.00
2026-02-03 09:55:00-05:00,111.9941,112.143,111.9,112.04,133481.00
2026-02-03 10:00:00-05:00,112.05,112.36,111.94,112.0759,121980.00
2026-02-03 10:05:00-05:00,112.02,112.11,111.74,112.06,97222.00
2026-02-03 10:10:00-05:00,112.08,112.17,111.94,112.095,75967.00
2026-02-03 10:15:00-05:00,112.095,112.75,112.05,112.61,143450.00
2026-02-03 10:20:00-05:00,112.63,112.71,112.34,112.38,178310.00
2026-02-03 10:25:00-05:00,112.35,112.59,112.28,112.48,110541.00
2026-02-03 10:30:00-05:00,112.47,112.62,112.365,112.435,88133.00
2026-02-03 10:35:00-05:00,112.45,112.47,112.09,112.38,63726.00
2026-02-03 10:40:00-05:00,112.345,112.41,111.92,111.93,53750.00
2026-02-03 10:45:00-05:00,111.9,111.95,111.62,111.71,83153.00
2026-02-03 10:50:00-05:00,111.71,111.73,111.375,111.67,119645.00
2026-02-03 10:55:00-05:00,111.69,111.94,111.69,111.9,107877.00
2026-02-03 11:00:00-05:00,111.895,112.12,111.875,112.11,279961.00
2026-02-03 11:05:00-05:00,112.105,112.23,111.92,112.08,66311.00
2026-02-03 11:10:00-05:00,112.07,112.22,111.91,111.945,56408.00
2026-02-03 11:15:00-05:00,111.93,111.975,111.75,111.8,66461.00
2026-02-03 11:20:00-05:00,111.77,111.83,111.515,111.645,52316.00
2026-02-03 11:25:00-05:00,111.645,111.89,111.59,111.675,74347.00
2026-02-03 11:30:00-05:00,111.67,111.68,111.2852,111.31,56808.00
2026-02-03 11:35:00-05:00,111.31,111.3999,111.2,111.2,54439.00
2026-02-03 11:40:00-05:00,111.18,111.3,111.0301,111.26,51549.00
2026-02-03 11:45:00-05:00,111.285,111.34,111.23,111.255,54267.00
2026-02-03 11:50:00-05:00,111.22,111.22,110.99,111.21,63498.00
2026-02-03 11:55:00-05:00,111.205,111.3,111.085,111.285,39607.00
2026-02-03 12:00:00-05:00,111.27,111.39,111.23,111.38,79028.00
2026-02-03 12:05:00-05:00,111.38,111.4239,111.24,111.3,48175.00
2026-02-03 12:10:00-05:00,111.27,111.31,111,111.165,86847.00
2026-02-03 12:15:00-05:00,111.165,111.39,111.09,111.34,69230.00
2026-02-03 12:20:00-05:00,111.33,111.37,111.2,111.275,52397.00
2026-02-03 12:25:00-05:00,111.28,111.39,111.145,111.15,48610.00
2026-02-03 12:30:00-05:00,111.12,111.22,111.03,111.14,55793.00
2026-02-03 12:35:00-05:00,111.14,111.21,111.03,111.175,56943.00
2026-02-03 12:40:00-05:00,111.175,111.33,111.15,111.19,67133.00
2026-02-03 12:45:00-05:00,111.19,111.3,111.16,111.2,54338.00
2026-02-03 12:50:00-05:00,111.18,111.26,111.0801,111.23,59476.00
2026-02-03 12:55:00-05:00,111.24,111.38,111.22,111.27,66149.00
2026-02-03 13:00:00-05:00,111.25,111.31,111.175,111.275,48515.00
2026-02-03 13:05:00-05:00,111.29,111.3,111.16,111.175,57817.00
2026-02-03 13:10:00-05:00,111.16,111.19,110.8,110.97,66865.00
2026-02-03 13:15:00-05:00,110.98,110.98,110.6,110.77,97756.00
2026-02-03 13:20:00-05:00,110.765,110.87,110.675,110.86,61611.00
2026-02-03 13:25:00-05:00,110.86,110.9899,110.5146,110.5146,86800.00
2026-02-03 13:30:00-05:00,110.6,110.76,110.53,110.61,83215.00
2026-02-03 13:35:00-05:00,110.56,111.02,110.56,111.02,89490.00
2026-02-03 13:40:00-05:00,111,111.0199,110.79,110.821,63591.00
2026-02-03 13:45:00-05:00,110.82,110.82,110.66,110.695,62684.00
2026-02-03 13:50:00-05:00,110.66,110.83,110.615,110.69,54352.00
2026-02-03 13:55:00-05:00,110.7,110.86,110.62,110.63,77909.00
2026-02-03 14:00:00-05:00,110.67,110.79,110.52,110.62,107911.00
2026-02-03 14:05:00-05:00,110.56,110.61,110.36,110.43,78797.00
2026-02-03 14:10:00-05:00,110.405,110.5,110.35,110.49,59442.00
2026-02-03 14:15:00-05:00,110.46,110.55,110.33,110.33,52791.00
2026-02-03 14:20:00-05:00,110.37,110.56,110.195,110.545,73544.00
2026-02-03 14:25:00-05:00,110.555,110.66,110.28,110.345,59387.00
2026-02-03 14:30:00-05:00,110.345,110.715,110.28,110.54,52239.00
2026-02-03 14:35:00-05:00,110.56,110.88,110.5176,110.8425,38195.00
2026-02-03 14:40:00-05:00,110.82,111.2,110.79,111.175,73569.00
2026-02-03 14:45:00-05:00,111.18,111.23,111,111.05,48123.00
2026-02-03 14:50:00-05:00,111.07,111.29,111.06,111.1,64300.00
2026-02-03 14:55:00-05:00,111.1,111.26,111.03,111.15,57259.00
2026-02-03 15:00:00-05:00,111.12,111.34,111.101,111.31,46252.00
2026-02-03 15:05:00-05:00,111.3,111.405,111.26,111.4,42715.00
2026-02-03 15:10:00-05:00,111.39,111.5058,111.371,111.49,74963.00
2026-02-03 15:15:00-05:00,111.48,111.52,111.16,111.24,99086.00
2026-02-03 15:20:00-05:00,111.2625,111.4799,111.09,111.37,89853.00
2026-02-03 15:25:00-05:00,111.35,111.78,111.35,111.625,98055.00
2026-02-03 15:30:00-05:00,111.61,111.655,111.21,111.22,107807.00
2026-02-03 15:35:00-05:00,111.235,111.34,111.135,111.145,133628.00
2026-02-03 15:40:00-05:00,111.145,111.39,111.05,111.17,194336.00
2026-02-03 15:45:00-05:00,111.175,111.4,111.175,111.35,147945.00
2026-02-03 15:50:00-05:00,111.4,111.48,111.09,111.14,240747.00
2026-02-03 15:55:00-05:00,111.15,111.34,111.015,111.29,519584.00
2026-02-04 09:30:00-05:00,112.55,113.96,112.27,113.92,228249.00
2026-02-04 09:35:00-05:00,113.87,114.5,113.0982,113.615,145716.00
2026-02-04 09:40:00-05:00,113.615,114.6,113.615,114.28,88905.00
2026-02-04 09:45:00-05:00,114.22,114.31,113.78,114.28,136630.00
2026-02-04 09:50:00-05:00,114.2584,114.88,114.1,114.465,172820.00
2026-02-04 09:55:00-05:00,114.43,114.52,113.83,113.92,174577.00
2026-02-04 10:00:00-05:00,113.9,114.03,113.51,113.6112,73317.00
2026-02-04 10:05:00-05:00,113.665,113.75,113.4,113.4,92587.00
2026-02-04 10:10:00-05:00,113.475,113.6899,113.25,113.34,82432.00
2026-02-04 10:15:00-05:00,113.36,113.93,113.2,113.67,149159.00
2026-02-04 10:20:00-05:00,113.67,114,113.6,113.759,49472.00
2026-02-04 10:25:00-05:00,113.745,113.9799,113.5201,113.771,78006.00
2026-02-04 10:30:00-05:00,113.77,114,113.61,113.725,94017.00
2026-02-04 10:35:00-05:00,113.69,114.11,113.6,113.95,90698.00
2026-02-04 10:40:00-05:00,114,114.1537,113.81,113.93,55132.00
2026-02-04 10:45:00-05:00,113.88,113.915,113.65,113.84,42703.00
2026-02-04 10:50:00-05:00,113.92,113.9602,113.42,113.465,55907.00
2026-02-04 10:55:00-05:00,113.52,113.8,113.41,113.8,45498.00
2026-02-04 11:00:00-05:00,113.88,114.33,113.8267,113.95,81879.00
2026-02-04 11:05:00-05:00,113.91,113.92,113.625,113.64,53902.00
2026-02-04 11:10:00-05:00,113.67,114.11,113.67,113.94,65073.00
2026-02-04 11:15:00-05:00,113.93,114.06,113.74,113.93,58643.00
2026-02-04 11:20:00-05:00,113.9,114.0501,113.71,114.035,53439.00
2026-02-04 11:25:00-05:00,114,114.13,113.82,114,64236.00
2026-02-04 11:30:00-05:00,113.98,114.25,113.98,114.2,44724.00
2026-02-04 11:35:00-05:00,114.195,114.45,114.12,114.45,229092.00
2026-02-04 11:40:00-05:00,114.41,114.49,114.28,114.43,48064.00
2026-02-04 11:45:00-05:00,114.45,114.6099,114.3,114.43,78662.00
2026-02-04 11:50:00-05:00,114.405,114.525,114.0869,114.14,65757.00
2026-02-04 11:55:00-05:00,114.137,114.27,113.84,113.8536,78181.00
2026-02-04 12:00:00-05:00,113.835,113.94,113.74,113.8596,69379.00
2026-02-04 12:05:00-05:00,113.87,114.25,113.86,114.1099,60003.00
2026-02-04 12:10:00-05:00,114.1,114.4,114.07,114.2699,111359.00
2026-02-04 12:15:00-05:00,114.26,114.33,114.09,114.12,41644.00
2026-02-04 12:20:00-05:00,114.09,114.19,114.01,114.13,50394.00
2026-02-04 12:25:00-05:00,114.14,114.155,113.72,113.77,72501.00
2026-02-04 12:30:00-05:00,113.73,113.8999,113.62,113.72,51209.00
2026-02-04 12:35:00-05:00,113.64,113.72,113.49,113.645,335031.00
2026-02-04 12:40:00-05:00,113.62,113.84,113.48,113.84,125075.00
2026-02-04 12:45:00-05:00,113.82,114.065,113.65,113.685,85425.00
2026-02-04 12:50:00-05:00,113.64,113.71,113.48,113.65,56917.00
2026-02-04 12:55:00-05:00,113.72,113.8354,113.69,113.83,571482.00
2026-02-04 13:00:00-05:00,113.815,114.09,113.6501,114.08,288020.00
2026-02-04 13:05:00-05:00,114.05,114.2,113.76,113.805,67259.00
2026-02-04 13:10:00-05:00,113.805,113.935,113.78,113.91,58039.00
2026-02-04 13:15:00-05:00,113.9325,114.02,113.4,113.43,69282.00
2026-02-04 13:20:00-05:00,113.43,113.54,113.13,113.4437,97667.00
2026-02-04 13:25:00-05:00,113.47,113.5797,113.19,113.265,64989.00
2026-02-04 13:30:00-05:00,113.2495,113.28,113.09,113.22,69213.00
2026-02-04 13:35:00-05:00,113.23,113.3684,113.1,113.3,55693.00
2026-02-04 13:40:00-05:00,113.28,113.3699,113.1301,113.26,42927.00
2026-02-04 13:45:00-05:00,113.23,113.255,112.97,113,51438.00
2026-02-04 13:50:00-05:00,112.9999,113.18,112.88,113.115,67724.00
2026-02-04 13:55:00-05:00,113.13,113.45,113.115,113.27,64063.00
2026-02-04 14:00:00-05:00,113.27,113.42,113.12,113.255,68107.00
2026-02-04 14:05:00-05:00,113.26,113.5,113.195,113.46,58229.00
2026-02-04 14:10:00-05:00,113.48,113.74,113.41,113.55,47870.00
2026-02-04 14:15:00-05:00,113.59,113.72,113.4816,113.655,79318.00
2026-02-04 14:20:00-05:00,113.685,113.77,113.55,113.72,75623.00
2026-02-04 14:25:00-05:00,113.69,113.76,113.6211,113.76,47820.00
2026-02-04 14:30:00-05:00,113.76,113.855,113.55,113.5584,73378.00
2026-02-04 14:35:00-05:00,113.565,113.62,113.4,113.56,49499.00
2026-02-04 14:40:00-05:00,113.6,113.695,113.56,113.56,61647.00
2026-02-04 14:45:00-05:00,113.55,113.75,113.435,113.73,66643.00
2026-02-04 14:50:00-05:00,113.67,113.87,113.6,113.78,68289.00
2026-02-04 14:55:00-05:00,113.75,114.11,113.74,114.11,78251.00
2026-02-04 15:00:00-05:00,114.125,114.58,114.045,114.49,72161.00
2026-02-04 15:05:00-05:00,114.49,114.52,114.075,114.27,164075.00
2026-02-04 15:10:00-05:00,114.275,114.36,114.14,114.36,156542.00
2026-02-04 15:15:00-05:00,114.365,114.39,114.0201,114.345,82675.00
2026-02-04 15:20:00-05:00,114.35,114.49,114.22,114.23,84600.00
2026-02-04 15:25:00-05:00,114.2,114.5,114.18,114.425,109880.00
2026-02-04 15:30:00-05:00,114.47,114.52,114.16,114.365,95721.00
2026-02-04 15:35:00-05:00,114.365,114.365,114.15,114.17,111157.00
2026-02-04 15:40:00-05:00,114.16,114.16,113.97,114.07,153201.00
2026-02-04 15:45:00-05:00,114.08,114.2,114.045,114.19,141054.00
2026-02-04 15:50:00-05:00,114.21,114.31,114.08,114.12,231928.00
2026-02-04 15:55:00-05:00,114.11,114.22,113.91,114.13,630776.00
2026-02-05 09:30:00-05:00,114.13,114.77,113.65,113.7,162573.00
2026-02-05 09:35:00-05:00,113.78,114,112.8601,112.8601,107082.00
2026-02-05 09:40:00-05:00,113.002,113.002,112.47,112.81,48859.00
2026-02-05 09:45:00-05:00,112.855,113.2568,112.6,113.005,70981.00
2026-02-05 09:50:00-05:00,112.95,113.13,112.4,112.87,61344.00
2026-02-05 09:55:00-05:00,112.92,113.258,112.785,113.258,67026.00
2026-02-05 10:00:00-05:00,113.18,113.36,112.54,112.825,82441.00
2026-02-05 10:05:00-05:00,112.82,112.98,112.7,112.94,53579.00
2026-02-05 10:10:00-05:00,112.93,112.93,112.48,112.7339,45776.00
2026-02-05 10:15:00-05:00,112.6247,113,112.58,112.9088,61519.00
2026-02-05 10:20:00-05:00,112.86,112.92,112.49,112.58,50152.00
2026-02-05 10:25:00-05:00,112.58,112.77,112.5755,112.77,38327.00
2026-02-05 10:30:00-05:00,112.705,112.86,112.34,112.365,70032.00
2026-02-05 10:35:00-05:00,112.395,112.52,112.08,112.16,72210.00
2026-02-05 10:40:00-05:00,112.14,112.44,112.03,112.08,45533.00
2026-02-05 10:45:00-05:00,112.08,112.41,111.94,112.3301,70472.00
2026-02-05 10:50:00-05:00,112.33,112.585,112.2401,112.39,59905.00
2026-02-05 10:55:00-05:00,112.35,112.48,112.26,112.42,46881.00
2026-02-05 11:00:00-05:00,112.38,112.52,112.2118,112.27,29848.00
2026-02-05 11:05:00-05:00,112.23,112.415,112.14,112.41,24982.00
2026-02-05 11:10:00-05:00,112.41,112.69,112.235,112.2375,53027.00
2026-02-05 11:15:00-05:00,112.21,112.365,112.03,112.06,41429.00
2026-02-05 11:20:00-05:00,112.11,112.16,111.79,112.025,59793.00
2026-02-05 11:25:00-05:00,112.025,112.095,111.69,111.82,96367.00
2026-02-05 11:30:00-05:00,111.87,111.93,111.25,111.25,87043.00
2026-02-05 11:35:00-05:00,111.23,111.36,110.93,111.02,81077.00
2026-02-05 11:40:00-05:00,111,111.08,110.83,110.87,54939.00
2026-02-05 11:45:00-05:00,110.905,111.2666,110.87,111.2666,56513.00
2026-02-05 11:50:00-05:00,111.21,111.4,111.133,111.33,48431.00
2026-02-05 11:55:00-05:00,111.31,111.6575,111.305,111.62,56156.00
2026-02-05 12:00:00-05:00,111.66,111.7288,111.44,111.53,34907.00
2026-02-05 12:05:00-05:00,111.54,111.54,111.16,111.28,58547.00
2026-02-05 12:10:00-05:00,111.27,111.34,111.06,111.15,52767.00
2026-02-05 12:15:00-05:00,111.1556,111.29,111.07,111.07,28713.00
2026-02-05 12:20:00-05:00,111.055,111.19,110.98,111.19,65251.00
2026-02-05 12:25:00-05:00,111.19,111.4,111.19,111.23,36327.00
2026-02-05 12:30:00-05:00,111.2419,111.31,110.74,110.92,55884.00
2026-02-05 12:35:00-05:00,110.87,111.096,110.85,110.94,49938.00
2026-02-05 12:40:00-05:00,110.89,111.015,110.71,110.72,39385.00
2026-02-05 12:45:00-05:00,110.78,111.17,110.78,111.0684,39915.00
2026-02-05 12:50:00-05:00,111.05,111.22,110.93,110.94,66237.00
2026-02-05 12:55:00-05:00,110.89,110.96,110.83,110.93,39851.00
2026-02-05 13:00:00-05:00,110.935,110.935,110.69,110.81,36070.00
2026-02-05 13:05:00-05:00,110.87,110.875,110.61,110.7859,34146.00
2026-02-05 13:10:00-05:00,110.79,110.92,110.7,110.81,29797.00
2026-02-05 13:15:00-05:00,110.79,110.84,110.66,110.72,26266.00
2026-02-05 13:20:00-05:00,110.72,110.74,110.62,110.64,38766.00
2026-02-05 13:25:00-05:00,110.64,110.8,110.55,110.705,52228.00
2026-02-05 13:30:00-05:00,110.7051,110.775,110.5789,110.59,48807.00
2026-02-05 13:35:00-05:00,110.6059,110.65,110.44,110.4851,54428.00
2026-02-05 13:40:00-05:00,110.46,110.52,110.335,110.505,30833.00
2026-02-05 13:45:00-05:00,110.54,110.68,110.505,110.64,33019.00
2026-02-05 13:50:00-05:00,110.66,110.8,110.61,110.78,46935.00
2026-02-05 13:55:00-05:00,110.79,110.95,110.7301,110.93,32285.00
2026-02-05 14:00:00-05:00,110.925,111.16,110.88,111.07,42648.00
2026-02-05 14:05:00-05:00,111.085,111.185,110.97,111.11,29562.00
2026-02-05 14:10:00-05:00,111.135,111.21,111.1,111.105,29933.00
2026-02-05 14:15:00-05:00,111.1,111.14,111.06,111.12,29936.00
2026-02-05 14:20:00-05:00,111.12,111.24,111.085,111.14,35882.00
2026-02-05 14:25:00-05:00,111.12,111.22,111.08,111.22,30679.00
2026-02-05 14:30:00-05:00,111.22,111.235,111.0197,111.235,63879.00
2026-02-05 14:35:00-05:00,111.235,111.34,111.17,111.27,55579.00
2026-02-05 14:40:00-05:00,111.22,111.3,111.1,111.1,31129.00
2026-02-05 14:45:00-05:00,111.12,111.26,111.12,111.175,34284.00
2026-02-05 14:50:00-05:00,111.175,111.31,111.13,111.31,49215.00
2026-02-05 14:55:00-05:00,111.32,111.5,111.28,111.4997,44433.00
2026-02-05 15:00:00-05:00,111.465,111.54,111.3617,111.42,45481.00
2026-02-05 15:05:00-05:00,111.43,111.7,111.42,111.67,50054.00
2026-02-05 15:10:00-05:00,111.69,111.815,111.66,111.72,38813.00
2026-02-05 15:15:00-05:00,111.7,111.77,111.5801,111.62,42020.00
2026-02-05 15:20:00-05:00,111.65,111.69,111.5,111.5,37159.00
2026-02-05 15:25:00-05:00,111.49,111.635,111.49,111.556,52840.00
2026-02-05 15:30:00-05:00,111.58,111.67,111.42,111.5,52324.00
2026-02-05 15:35:00-05:00,111.51,111.525,111.29,111.33,58717.00
2026-02-05 15:40:00-05:00,111.34,111.34,111.18,111.2,68810.00
2026-02-05 15:45:00-05:00,111.2,111.22,110.99,111.09,89643.00
2026-02-05 15:50:00-05:00,111.13,111.19,110.74,110.855,212816.00
2026-02-05 15:55:00-05:00,110.855,111.07,110.65,110.92,632359.00
2026-02-06 09:30:00-05:00,111.57,113.91,111.57,113.32,228185.00
2026-02-06 09:35:00-05:00,113.32,113.7575,112.92,113.29,149046.00
2026-02-06 09:40:00-05:00,113.2747,113.8134,113.13,113.42,78719.00
2026-02-06 09:45:00-05:00,113.39,113.61,112.94,113.185,66139.00
2026-02-06 09:50:00-05:00,113.1895,113.8,113.11,113.695,63594.00
2026-02-06 09:55:00-05:00,113.78,114.315,113.59,114.17,96816.00
2026-02-06 10:00:00-05:00,114.17,114.4399,114.0501,114.39,123730.00
2026-02-06 10:05:00-05:00,114.365,114.65,114.31,114.5,110486.00
2026-02-06 10:10:00-05:00,114.52,114.785,114.46,114.71,109472.00
2026-02-06 10:15:00-05:00,114.7,114.87,114.36,114.41,90014.00
2026-02-06 10:20:00-05:00,114.41,114.52,114.26,114.445,54716.00
2026-02-06 10:25:00-05:00,114.41,114.65,114.31,114.375,49806.00
2026-02-06 10:30:00-05:00,114.35,114.54,114.16,114.215,42585.00
2026-02-06 10:35:00-05:00,114.215,114.6183,114.16,114.5646,39319.00
2026-02-06 10:40:00-05:00,114.52,114.6799,114.515,114.6,28028.00
2026-02-06 10:45:00-05:00,114.57,114.8,114.5144,114.545,45600.00
2026-02-06 10:50:00-05:00,114.51,114.7499,114.46,114.6425,31941.00
2026-02-06 10:55:00-05:00,114.63,114.75,114.62,114.75,34033.00
2026-02-06 11:00:00-05:00,114.74,114.88,114.68,114.68,36595.00
2026-02-06 11:05:00-05:00,114.71,114.84,114.4,114.49,44123.00
2026-02-06 11:10:00-05:00,114.49,114.61,114.36,114.445,42271.00
2026-02-06 11:15:00-05:00,114.43,114.595,114.35,114.45,74349.00
2026-02-06 11:20:00-05:00,114.44,114.66,114.42,114.63,38679.00
2026-02-06 11:25:00-05:00,114.61,114.76,114.59,114.735,51388.00
2026-02-06 11:30:00-05:00,114.72,114.815,114.64,114.71,30224.00
2026-02-06 11:35:00-05:00,114.72,115.19,114.7,115.085,141430.00
2026-02-06 11:40:00-05:00,115.09,115.282,115.0651,115.18,57620.00
2026-02-06 11:45:00-05:00,115.18,115.43,115.0801,115.4,61096.00
2026-02-06 11:50:00-05:00,115.39,115.6,115.385,115.52,57036.00
2026-02-06 11:55:00-05:00,115.48,115.52,115.3,115.46,43304.00
2026-02-06 12:00:00-05:00,115.47,115.75,115.41,115.495,86559.00
2026-02-06 12:05:00-05:00,115.49,115.53,115.35,115.44,46210.00
2026-02-06 12:10:00-05:00,115.5,115.535,115.29,115.35,52827.00
2026-02-06 12:15:00-05:00,115.4,115.4,115.13,115.245,55331.00
2026-02-06 12:20:00-05:00,115.245,115.535,115.245,115.46,135041.00
2026-02-06 12:25:00-05:00,115.48,115.59,115.2901,115.37,36679.00
2026-02-06 12:30:00-05:00,115.38,115.385,115.14,115.26,30480.00
2026-02-06 12:35:00-05:00,115.26,115.385,115.15,115.38,30229.00
2026-02-06 12:40:00-05:00,115.4,115.54,115.31,115.335,69270.00
2026-02-06 12:45:00-05:00,115.39,115.66,115.38,115.52,75058.00
2026-02-06 12:50:00-05:00,115.57,115.65,115.4101,115.45,34640.00
2026-02-06 12:55:00-05:00,115.41,115.57,115.36,115.57,48410.00
2026-02-06 13:00:00-05:00,115.59,115.68,115.55,115.56,46732.00
2026-02-06 13:05:00-05:00,115.595,115.82,115.56,115.69,47285.00
2026-02-06 13:10:00-05:00,115.69,115.8,115.41,115.44,48452.00
2026-02-06 13:15:00-05:00,115.49,115.615,115.45,115.59,40422.00
2026-02-06 13:20:00-05:00,115.56,115.65,115.26,115.31,54832.00
2026-02-06 13:25:00-05:00,115.34,115.39,115.21,115.29,37854.00
2026-02-06 13:30:00-05:00,115.28,115.29,115.04,115.055,38998.00
2026-02-06 13:35:00-05:00,115.055,115.18,115,115.17,44083.00
2026-02-06 13:40:00-05:00,115.14,115.295,115.1,115.215,38947.00
2026-02-06 13:45:00-05:00,115.2,115.35,115.11,115.275,77698.00
2026-02-06 13:50:00-05:00,115.285,115.36,115.16,115.195,38206.00
2026-02-06 13:55:00-05:00,115.18,115.25,115.04,115.155,44442.00
2026-02-06 14:00:00-05:00,115.155,115.195,115.055,115.09,32762.00
2026-02-06 14:05:00-05:00,115.09,115.375,115.07,115.16,42118.00
2026-02-06 14:10:00-05:00,115.185,115.36,115.14,115.345,43244.00
2026-02-06 14:15:00-05:00,115.345,115.434,115.16,115.21,38803.00
2026-02-06 14:20:00-05:00,115.19,115.25,115.16,115.17,34443.00
2026-02-06 14:25:00-05:00,115.185,115.25,115.13,115.2,30745.00
2026-02-06 14:30:00-05:00,115.2,115.2039,115.13,115.1601,35942.00
2026-02-06 14:35:00-05:00,115.18,115.33,115.16,115.2125,36758.00
2026-02-06 14:40:00-05:00,115.225,115.38,115.16,115.365,47478.00
2026-02-06 14:45:00-05:00,115.365,115.42,115.04,115.42,92631.00
2026-02-06 14:50:00-05:00,115.41,115.46,115.27,115.44,54071.00
2026-02-06 14:55:00-05:00,115.435,115.4375,115.34,115.36,44368.00
2026-02-06 15:00:00-05:00,115.34,115.475,115.305,115.35,65870.00
2026-02-06 15:05:00-05:00,115.34,115.4,115.29,115.31,45468.00
2026-02-06 15:10:00-05:00,115.305,115.38,115.23,115.32,53289.00
2026-02-06 15:15:00-05:00,115.335,115.4699,115.28,115.39,63651.00
2026-02-06 15:20:00-05:00,115.385,115.425,115.25,115.36,47888.00
2026-02-06 15:25:00-05:00,115.36,115.42,115.28,115.37,81142.00
2026-02-06 15:30:00-05:00,115.36,115.48,115.26,115.48,107221.00
2026-02-06 15:35:00-05:00,115.48,115.48,115.29,115.38,822267.00
2026-02-06 15:40:00-05:00,115.41,115.545,115.39,115.53,118662.00
2026-02-06 15:45:00-05:00,115.51,115.68,115.5,115.63,145269.00
2026-02-06 15:50:00-05:00,115.63,115.75,115.56,115.658,227558.00
2026-02-06 15:55:00-05:00,115.66,115.6701,115.39,115.54,506456.00
2026-02-09 09:30:00-05:00,115.27,116.2,115.0001,115.3201,240004.00
2026-02-09 09:35:00-05:00,115.38,115.53,114.72,114.72,55655.00
2026-02-09 09:40:00-05:00,114.73,114.845,113.845,114.08,73858.00
2026-02-09 09:45:00-05:00,114.08,114.255,113.8,114.21,40049.00
2026-02-09 09:50:00-05:00,114.21,114.59,113.73,114.59,61965.00
2026-02-09 09:55:00-05:00,114.64,115.1,114.5,114.89,46072.00
2026-02-09 10:00:00-05:00,114.89,115.179,114.8,115.065,44475.00
2026-02-09 10:05:00-05:00,114.99,115.06,114.712,114.865,44829.00
2026-02-09 10:10:00-05:00,114.865,115,114.73,114.89,63347.00
2026-02-09 10:15:00-05:00,114.89,115,114.64,114.64,44529.00
2026-02-09 10:20:00-05:00,114.63,115.105,114.63,115.01,31783.00
2026-02-09 10:25:00-05:00,114.97,115.22,114.92,115.13,31496.00
2026-02-09 10:30:00-05:00,115.14,115.5,115.09,115.4,51122.00
2026-02-09 10:35:00-05:00,115.39,115.49,115.28,115.48,42988.00
2026-02-09 10:40:00-05:00,115.435,115.47,115.23,115.345,22496.00
2026-02-09 10:45:00-05:00,115.31,115.4,115.175,115.2,29502.00
2026-02-09 10:50:00-05:00,115.22,115.33,115.09,115.11,39388.00
2026-02-09 10:55:00-05:00,115.1201,115.195,114.96,115,30168.00
2026-02-09 11:00:00-05:00,115,115.06,114.85,114.955,27091.00
2026-02-09 11:05:00-05:00,114.91,114.92,114.6,114.675,44106.00
2026-02-09 11:10:00-05:00,114.66,114.675,114.53,114.595,35525.00
2026-02-09 11:15:00-05:00,114.5745,114.64,114.38,114.39,29486.00
2026-02-09 11:20:00-05:00,114.45,114.57,114.355,114.445,39994.00
2026-02-09 11:25:00-05:00,114.45,114.5,114.36,114.425,22589.00
2026-02-09 11:30:00-05:00,114.4,114.49,114.37,114.45,23603.00
2026-02-09 11:35:00-05:00,114.46,114.51,114.36,114.36,34794.00
2026-02-09 11:40:00-05:00,114.3601,114.6,114.3601,114.4886,36419.00
2026-02-09 11:45:00-05:00,114.475,114.64,114.41,114.42,44332.00
2026-02-09 11:50:00-05:00,114.455,114.47,114.35,114.47,20129.00
2026-02-09 11:55:00-05:00,114.47,114.475,114.3,114.3,21970.00
2026-02-09 12:00:00-05:00,114.32,114.5,114.31,114.43,23969.00
2026-02-09 12:05:00-05:00,114.43,114.43,114.24,114.31,28142.00
2026-02-09 12:10:00-05:00,114.34,114.36,114.225,114.225,23440.00
2026-02-09 12:15:00-05:00,114.225,114.25,114.1,114.125,33289.00
2026-02-09 12:20:00-05:00,114.125,114.125,113.87,113.88,40796.00
2026-02-09 12:25:00-05:00,113.9,113.98,113.89,113.95,26197.00
2026-02-09 12:30:00-05:00,113.95,114.04,113.93,114,28353.00
2026-02-09 12:35:00-05:00,114.025,114.26,113.96,114.205,43251.00
2026-02-09 12:40:00-05:00,114.17,114.4209,114.12,114.39,42309.00
2026-02-09 12:45:00-05:00,114.38,114.4499,114.245,114.31,24915.00
2026-02-09 12:50:00-05:00,114.31,114.39,114.2,114.38,35506.00
2026-02-09 12:55:00-05:00,114.38,114.47,114.27,114.31,36650.00
2026-02-09 13:00:00-05:00,114.31,114.37,114.17,114.225,25248.00
2026-02-09 13:05:00-05:00,114.17,114.4,114.17,114.4,24909.00
2026-02-09 13:10:00-05:00,114.433,114.495,114.39,114.49,19113.00
2026-02-09 13:15:00-05:00,114.5,114.77,114.5,114.77,34742.00
2026-02-09 13:20:00-05:00,114.75,114.82,114.57,114.805,31724.00
2026-02-09 13:25:00-05:00,114.83,114.84,114.73,114.8124,22542.00
2026-02-09 13:30:00-05:00,114.82,114.87,114.75,114.81,26559.00
2026-02-09 13:35:00-05:00,114.88,115.17,114.84,115.16,36784.00
2026-02-09 13:40:00-05:00,115.18,115.2599,115.11,115.17,26909.00
2026-02-09 13:45:00-05:00,115.17,115.22,115.12,115.19,17365.00
2026-02-09 13:50:00-05:00,115.2,115.24,115.1188,115.2,17616.00
2026-02-09 13:55:00-05:00,115.16,115.22,115.07,115.18,20327.00
2026-02-09 14:00:00-05:00,115.14,115.14,115.07,115.13,21319.00
2026-02-09 14:05:00-05:00,115.11,115.1199,114.88,114.92,85252.00
2026-02-09 14:10:00-05:00,114.91,115.13,114.91,115.01,28601.00
2026-02-09 14:15:00-05:00,114.97,115.005,114.87,114.92,25637.00
2026-02-09 14:20:00-05:00,114.895,114.965,114.84,114.89,32304.00
2026-02-09 14:25:00-05:00,114.87,114.91,114.85,114.89,18828.00
2026-02-09 14:30:00-05:00,114.895,114.95,114.87,114.905,23983.00
2026-02-09 14:35:00-05:00,114.9,114.905,114.82,114.9,20698.00
2026-02-09 14:40:00-05:00,114.885,115.07,114.8838,115,25604.00
2026-02-09 14:45:00-05:00,115.02,115.1,114.99,115.04,29706.00
2026-02-09 14:50:00-05:00,115.04,115.06,114.94,114.995,19782.00
2026-02-09 14:55:00-05:00,115.005,115.08,114.98,115.025,31839.00
2026-02-09 15:00:00-05:00,115.015,115.105,114.9801,115.1,24236.00
2026-02-09 15:05:00-05:00,115.1,115.23,115.05,115.09,39316.00
2026-02-09 15:10:00-05:00,115.09,115.1558,115.05,115.1399,32867.00
2026-02-09 15:15:00-05:00,115.115,115.25,115.01,115.24,51750.00
2026-02-09 15:20:00-05:00,115.23,115.2999,115.2,115.275,61869.00
2026-02-09 15:25:00-05:00,115.3,115.69,115.3,115.63,92644.00
2026-02-09 15:30:00-05:00,115.6,115.63,115.4925,115.55,58325.00
2026-02-09 15:35:00-05:00,115.55,115.76,115.5301,115.685,98426.00
2026-02-09 15:40:00-05:00,115.69,115.715,115.56,115.615,80175.00
2026-02-09 15:45:00-05:00,115.615,115.64,115.5,115.61,103212.00
2026-02-09 15:50:00-05:00,115.61,115.74,115.55,115.595,172244.00
2026-02-09 15:55:00-05:00,115.595,115.67,115.4,115.52,404608.00
2026-02-10 09:30:00-05:00,115.5,116.49,115.5,116.385,144658.00
2026-02-10 09:35:00-05:00,116.385,116.415,115.61,116.14,100152.00
2026-02-10 09:40:00-05:00,116.19,117.17,116.18,117.02,113220.00
2026-02-10 09:45:00-05:00,117.06,117.16,116.48,116.655,94668.00
2026-02-10 09:50:00-05:00,116.62,116.79,116.34,116.44,60089.00
2026-02-10 09:55:00-05:00,116.4274,116.44,116.02,116.265,72435.00
2026-02-10 10:00:00-05:00,116.255,116.29,115.81,115.81,80993.00
2026-02-10 10:05:00-05:00,115.84,115.93,115.26,115.3475,80745.00
2026-02-10 10:10:00-05:00,115.33,115.33,114.76,114.8,96088.00
2026-02-10 10:15:00-05:00,114.77,114.96,114.46,114.905,120985.00
2026-02-10 10:20:00-05:00,114.9489,115,114.7701,114.8,48771.00
2026-02-10 10:25:00-05:00,114.77,114.94,114.66,114.84,47278.00
2026-02-10 10:30:00-05:00,114.83,114.855,114.355,114.515,64053.00
2026-02-10 10:35:00-05:00,114.48,114.58,114.315,114.4342,54293.00
2026-02-10 10:40:00-05:00,114.43,114.68,114.19,114.24,85921.00
2026-02-10 10:45:00-05:00,114.26,114.51,114.19,114.41,74814.00
2026-02-10 10:50:00-05:00,114.42,114.43,114.22,114.24,56260.00
2026-02-10 10:55:00-05:00,114.23,114.32,114.105,114.18,73279.00
2026-02-10 11:00:00-05:00,114.145,114.2275,114,114.1,64824.00
2026-02-10 11:05:00-05:00,114.1,114.305,114.02,114.26,51037.00
2026-02-10 11:10:00-05:00,114.275,114.3199,114.16,114.16,50671.00
2026-02-10 11:15:00-05:00,114.16,114.45,114.16,114.35,40895.00
2026-02-10 11:20:00-05:00,114.3581,114.4,114.275,114.335,23184.00
2026-02-10 11:25:00-05:00,114.335,114.63,114.335,114.57,51685.00
2026-02-10 11:30:00-05:00,114.54,114.57,114.14,114.18,32990.00
2026-02-10 11:35:00-05:00,114.175,114.275,114.145,114.205,32607.00
2026-02-10 11:40:00-05:00,114.195,114.37,114.195,114.36,36502.00
2026-02-10 11:45:00-05:00,114.35,114.47,114.33,114.36,21565.00
2026-02-10 11:50:00-05:00,114.36,114.48,114.26,114.265,46792.00
2026-02-10 11:55:00-05:00,114.25,114.305,114.22,114.3,34688.00
2026-02-10 12:00:00-05:00,114.3,114.32,114.06,114.2,43100.00
2026-02-10 12:05:00-05:00,114.24,114.26,114.135,114.157,27545.00
2026-02-10 12:10:00-05:00,114.15,114.25,114.13,114.23,36726.00
2026-02-10 12:15:00-05:00,114.26,114.26,113.94,113.985,29538.00
2026-02-10 12:20:00-05:00,113.96,113.96,113.73,113.7701,23491.00
2026-02-10 12:25:00-05:00,113.77,113.83,113.65,113.755,33997.00
2026-02-10 12:30:00-05:00,113.79,113.84,113.73,113.76,22882.00
2026-02-10 12:35:00-05:00,113.805,113.8824,113.69,113.79,88717.00
2026-02-10 12:40:00-05:00,113.75,114.07,113.75,113.99,25118.00
2026-02-10 12:45:00-05:00,113.97,114.07,113.9,114.02,26471.00
2026-02-10 12:50:00-05:00,114,114,113.77,113.8562,24606.00
2026-02-10 12:55:00-05:00,113.85,113.94,113.775,113.8601,36807.00
2026-02-10 13:00:00-05:00,113.86,113.94,113.78,113.82,30942.00
2026-02-10 13:05:00-05:00,113.845,113.86,113.68,113.77,36442.00
2026-02-10 13:10:00-05:00,113.775,113.83,113.75,113.82,28869.00
2026-02-10 13:15:00-05:00,113.8302,113.85,113.75,113.785,27592.00
2026-02-10 13:20:00-05:00,113.76,113.84,113.71,113.84,37861.00
2026-02-10 13:25:00-05:00,113.85,113.85,113.7,113.72,18083.00
2026-02-10 13:30:00-05:00,113.73,113.915,113.73,113.875,47640.00
2026-02-10 13:35:00-05:00,113.89,113.98,113.815,113.85,36575.00
2026-02-10 13:40:00-05:00,113.865,113.89,113.79,113.83,35951.00
2026-02-10 13:45:00-05:00,113.83,113.895,113.69,113.735,28776.00
2026-02-10 13:50:00-05:00,113.72,113.755,113.665,113.675,47694.00
2026-02-10 13:55:00-05:00,113.66,113.795,113.64,113.76,42393.00
2026-02-10 14:00:00-05:00,113.78,113.92,113.7608,113.78,35576.00
2026-02-10 14:05:00-05:00,113.78,113.83,113.73,113.77,20234.00
2026-02-10 14:10:00-05:00,113.765,113.8,113.7,113.715,22843.00
2026-02-10 14:15:00-05:00,113.71,113.775,113.64,113.645,36819.00
2026-02-10 14:20:00-05:00,113.62,113.8,113.62,113.74,40895.00
2026-02-10 14:25:00-05:00,113.73,113.795,113.68,113.71,29885.00
2026-02-10 14:30:00-05:00,113.72,113.72,113.59,113.6,52742.00
2026-02-10 14:35:00-05:00,113.62,113.67,113.55,113.64,30093.00
2026-02-10 14:40:00-05:00,113.62,113.63,113.52,113.59,36330.00
2026-02-10 14:45:00-05:00,113.595,113.7403,113.565,113.72,34908.00
2026-02-10 14:50:00-05:00,113.735,113.75,113.57,113.57,23204.00
2026-02-10 14:55:00-05:00,113.575,113.62,113.52,113.595,40981.00
2026-02-10 15:00:00-05:00,113.61,113.65,113.525,113.54,30072.00
2026-02-10 15:05:00-05:00,113.52,113.57,113.445,113.48,71135.00
2026-02-10 15:10:00-05:00,113.49,113.59,113.42,113.55,31927.00
2026-02-10 15:15:00-05:00,113.57,113.6,113.39,113.405,30936.00
2026-02-10 15:20:00-05:00,113.405,113.53,113.39,113.48,50783.00
2026-02-10 15:25:00-05:00,113.48,113.49,113.325,113.325,45134.00
2026-02-10 15:30:00-05:00,113.32,113.32,113.22,113.31,42203.00
2026-02-10 15:35:00-05:00,113.315,113.4199,113.29,113.32,49504.00
2026-02-10 15:40:00-05:00,113.31,113.41,113.275,113.275,40319.00
2026-02-10 15:45:00-05:00,113.28,113.3,113.1575,113.27,74422.00
2026-02-10 15:50:00-05:00,113.28,113.445,113.245,113.385,173283.00
2026-02-10 15:55:00-05:00,113.37,113.37,113.15,113.23,395702.00
2026-02-11 09:30:00-05:00,112.94,113.2,112.4123,112.86,145869.00
2026-02-11 09:35:00-05:00,112.86,113.38,112.8,113.38,95984.00
2026-02-11 09:40:00-05:00,113.3471,113.875,113.22,113.62,115941.00
2026-02-11 09:45:00-05:00,113.58,113.605,113.03,113.0488,73649.00
2026-02-11 09:50:00-05:00,113.01,113.58,112.87,113.445,90263.00
2026-02-11 09:55:00-05:00,113.4,113.71,113.2601,113.57,47170.00
2026-02-11 10:00:00-05:00,113.595,113.62,112.81,112.93,58019.00
2026-02-11 10:05:00-05:00,113.01,113.36,113.01,113.17,50171.00
2026-02-11 10:10:00-05:00,113.17,113.175,112.92,113,50562.00
2026-02-11 10:15:00-05:00,112.995,113.05,112.605,112.645,62521.00
2026-02-11 10:20:00-05:00,112.59,112.73,112.31,112.49,52303.00
2026-02-11 10:25:00-05:00,112.455,112.75,112.42,112.685,47300.00
2026-02-11 10:30:00-05:00,112.61,112.715,112.4914,112.685,83747.00
2026-02-11 10:35:00-05:00,112.685,112.79,112.61,112.76,53159.00
2026-02-11 10:40:00-05:00,112.765,112.94,112.7,112.8,41266.00
2026-02-11 10:45:00-05:00,112.8,113.05,112.8,112.85,56408.00
2026-02-11 10:50:00-05:00,112.825,112.93,112.62,112.64,33436.00
2026-02-11 10:55:00-05:00,112.6274,112.9399,112.58,112.875,40028.00
2026-02-11 11:00:00-05:00,112.8702,113.07,112.76,112.85,50273.00
2026-02-11 11:05:00-05:00,112.88,113.07,112.84,112.895,47775.00
2026-02-11 11:10:00-05:00,112.92,113.03,112.84,112.885,41841.00
2026-02-11 11:15:00-05:00,112.895,113.08,112.875,113.04,63334.00
2026-02-11 11:20:00-05:00,113.06,113.345,113.02,113.345,55599.00
2026-02-11 11:25:00-05:00,113.345,113.37,113.19,113.21,38976.00
2026-02-11 11:30:00-05:00,113.2225,113.51,113.19,113.51,58474.00
2026-02-11 11:35:00-05:00,113.52,113.73,113.42,113.715,50313.00
2026-02-11 11:40:00-05:00,113.75,113.92,113.72,113.765,74182.00
2026-02-11 11:45:00-05:00,113.755,114.02,113.75,114.02,78162.00
2026-02-11 11:50:00-05:00,114.01,114.405,114.01,114.3184,74576.00
2026-02-11 11:55:00-05:00,114.3117,114.33,114.2,114.215,27002.00
2026-02-11 12:00:00-05:00,114.215,114.23,113.925,114.07,44408.00
2026-02-11 12:05:00-05:00,114.04,114.04,113.83,113.94,49614.00
2026-02-11 12:10:00-05:00,113.94,113.9726,113.77,113.79,18847.00
2026-02-11 12:15:00-05:00,113.8,113.86,113.7,113.83,37852.00
2026-02-11 12:20:00-05:00,113.84,113.92,113.61,113.7,42700.00
2026-02-11 12:25:00-05:00,113.7,113.705,113.51,113.57,34067.00
2026-02-11 12:30:00-05:00,113.57,113.73,113.53,113.73,51283.00
2026-02-11 12:35:00-05:00,113.73,113.85,113.73,113.84,35456.00
2026-02-11 12:40:00-05:00,113.825,113.915,113.73,113.7475,29945.00
2026-02-11 12:45:00-05:00,113.77,113.775,113.61,113.68,52588.00
2026-02-11 12:50:00-05:00,113.75,113.79,113.65,113.675,22291.00
2026-02-11 12:55:00-05:00,113.68,113.68,113.45,113.5031,37758.00
2026-02-11 13:00:00-05:00,113.51,113.65,113.48,113.545,28177.00
2026-02-11 13:05:00-05:00,113.51,113.595,113.34,113.41,28551.00
2026-02-11 13:10:00-05:00,113.41,113.425,113.24,113.3,33201.00
2026-02-11 13:15:00-05:00,113.3,113.34,113.22,113.275,40852.00
2026-02-11 13:20:00-05:00,113.25,113.25,112.91,112.915,33244.00
2026-02-11 13:25:00-05:00,112.89,112.94,112.82,112.88,28241.00
2026-02-11 13:30:00-05:00,112.92,112.97,112.75,112.78,77421.00
2026-02-11 13:35:00-05:00,112.75,112.82,112.675,112.8,24151.00
2026-02-11 13:40:00-05:00,112.78,112.825,112.6901,112.78,40111.00
2026-02-11 13:45:00-05:00,112.78,112.9288,112.75,112.9202,61742.00
2026-02-11 13:50:00-05:00,112.895,112.93,112.7,112.72,39391.00
2026-02-11 13:55:00-05:00,112.72,112.815,112.58,112.61,31453.00
2026-02-11 14:00:00-05:00,112.61,112.66,112.55,112.64,41144.00
2026-02-11 14:05:00-05:00,112.65,113.015,112.63,112.85,151021.00
2026-02-11 14:10:00-05:00,112.85,113.0746,112.79,113.0746,37595.00
2026-02-11 14:15:00-05:00,113.055,113.24,113.05,113.12,35620.00
2026-02-11 14:20:00-05:00,113.16,113.33,113.145,113.175,64654.00
2026-02-11 14:25:00-05:00,113.19,113.35,113.19,113.35,44589.00
2026-02-11 14:30:00-05:00,113.36,113.49,113.27,113.4201,32844.00
2026-02-11 14:35:00-05:00,113.445,113.52,113.2812,113.465,59466.00
2026-02-11 14:40:00-05:00,113.475,113.675,113.44,113.575,55886.00
2026-02-11 14:45:00-05:00,113.575,113.875,113.54,113.8,49972.00
2026-02-11 14:50:00-05:00,113.8,113.92,113.76,113.85,53045.00
2026-02-11 14:55:00-05:00,113.82,113.98,113.8,113.98,55310.00
2026-02-11 15:00:00-05:00,113.96,114.1,113.95,114.06,62092.00
2026-02-11 15:05:00-05:00,114.0866,114.1,113.9401,114.05,59947.00
2026-02-11 15:10:00-05:00,114.04,114.16,113.93,114.1,62607.00
2026-02-11 15:15:00-05:00,114.15,114.26,114.115,114.25,157785.00
2026-02-11 15:20:00-05:00,114.24,114.395,114.21,114.27,72961.00
2026-02-11 15:25:00-05:00,114.29,114.31,114.16,114.25,76655.00
2026-02-11 15:30:00-05:00,114.245,114.335,114.1656,114.24,105614.00
2026-02-11 15:35:00-05:00,114.2444,114.39,114.16,114.37,155215.00
2026-02-11 15:40:00-05:00,114.35,114.59,114.35,114.51,156831.00
2026-02-11 15:45:00-05:00,114.49,114.65,114.4207,114.61,190313.00
2026-02-11 15:50:00-05:00,114.65,114.73,114.32,114.68,267458.00
2026-02-11 15:55:00-05:00,114.67,114.78,114.45,114.61,509402.00
2026-02-12 09:30:00-05:00,114.98,116.12,114.74,115.835,130847.00
2026-02-12 09:35:00-05:00,115.91,116.37,115.27,116.03,82320.00
2026-02-12 09:40:00-05:00,115.95,116,115.06,115.235,90681.00
2026-02-12 09:45:00-05:00,115.17,115.4374,115.05,115.24,39948.00
2026-02-12 09:50:00-05:00,115.3,115.3,114.63,114.86,58375.00
2026-02-12 09:55:00-05:00,114.905,115.05,114.67,115.005,58319.00
2026-02-12 10:00:00-05:00,115.005,115.2,114.91,115.09,57295.00
2026-02-12 10:05:00-05:00,115.1101,115.1899,114.58,115.04,65274.00
2026-02-12 10:10:00-05:00,115.04,115.04,114.805,115,56108.00
2026-02-12 10:15:00-05:00,114.9215,114.97,114.67,114.87,58907.00
2026-02-12 10:20:00-05:00,114.86,114.9299,114.6,114.62,36910.00
2026-02-12 10:25:00-05:00,114.61,114.75,114.41,114.67,61136.00
2026-02-12 10:30:00-05:00,114.7051,114.7051,114.4201,114.44,42353.00
2026-02-12 10:35:00-05:00,114.46,114.69,114.46,114.68,44961.00
2026-02-12 10:40:00-05:00,114.71,114.95,114.53,114.895,44641.00
2026-02-12 10:45:00-05:00,114.87,115.045,114.6701,114.735,207878.00
2026-02-12 10:50:00-05:00,114.73,114.75,114.47,114.69,45166.00
2026-02-12 10:55:00-05:00,114.67,114.7,114.51,114.58,34182.00
2026-02-12 11:00:00-05:00,114.58,114.58,114.26,114.29,53635.00
2026-02-12 11:05:00-05:00,114.31,114.58,114.26,114.32,67930.00
2026-02-12 11:10:00-05:00,114.27,114.32,114.04,114.135,71423.00
2026-02-12 11:15:00-05:00,114.14,114.16,113.77,113.82,58890.00
2026-02-12 11:20:00-05:00,113.82,113.89,113.57,113.7011,65380.00
2026-02-12 11:25:00-05:00,113.58,113.58,113.35,113.42,44322.00
2026-02-12 11:30:00-05:00,113.45,113.7173,113.34,113.46,49230.00
2026-02-12 11:35:00-05:00,113.45,113.64,113.29,113.56,53337.00
2026-02-12 11:40:00-05:00,113.59,113.7,113.44,113.48,29426.00
2026-02-12 11:45:00-05:00,113.48,113.49,113.18,113.21,33684.00
2026-02-12 11:50:00-05:00,113.1809,113.27,112.9,112.98,76903.00
2026-02-12 11:55:00-05:00,112.965,113.11,112.95,113.06,50003.00
2026-02-12 12:00:00-05:00,113.06,113.1081,112.71,112.75,39422.00
2026-02-12 12:05:00-05:00,112.7469,112.764,112.57,112.71,38848.00
2026-02-12 12:10:00-05:00,112.7,112.79,112.45,112.59,32333.00
2026-02-12 12:15:00-05:00,112.61,112.69,112.46,112.5111,44567.00
2026-02-12 12:20:00-05:00,112.5,112.69,112.47,112.66,43328.00
2026-02-12 12:25:00-05:00,112.6485,112.6485,112.045,112.2,64286.00
2026-02-12 12:30:00-05:00,112.23,112.37,112.14,112.37,55257.00
2026-02-12 12:35:00-05:00,112.36,112.5458,112.21,112.2301,51009.00
2026-02-12 12:40:00-05:00,112.28,112.3762,112.15,112.2873,37742.00
2026-02-12 12:45:00-05:00,112.3186,112.4,112.02,112.0488,35336.00
2026-02-12 12:50:00-05:00,112.06,112.14,111.92,112,47065.00
2026-02-12 12:55:00-05:00,112.02,112.12,111.89,111.95,64187.00
2026-02-12 13:00:00-05:00,111.92,112.17,111.86,112.16,77384.00
2026-02-12 13:05:00-05:00,112.16,112.24,112.01,112.14,64892.00
2026-02-12 13:10:00-05:00,112.13,112.22,112.03,112.12,52099.00
2026-02-12 13:15:00-05:00,112.09,112.53,112.05,112.48,47192.00
2026-02-12 13:20:00-05:00,112.48,112.57,112.39,112.57,66243.00
2026-02-12 13:25:00-05:00,112.58,112.775,112.12,112.445,132614.00
2026-02-12 13:30:00-05:00,112.39,112.52,112,112.375,96448.00
2026-02-12 13:35:00-05:00,112.387,112.47,112.36,112.425,29067.00
2026-02-12 13:40:00-05:00,112.41,112.82,112.28,112.78,46747.00
2026-02-12 13:45:00-05:00,112.8,112.9799,112.7,112.805,48807.00
2026-02-12 13:50:00-05:00,112.84,112.9399,112.69,112.765,35367.00
2026-02-12 13:55:00-05:00,112.79,112.91,112.33,112.56,113007.00
2026-02-12 14:00:00-05:00,112.56,112.755,112.51,112.56,45812.00
2026-02-12 14:05:00-05:00,112.55,112.73,112.42,112.42,39782.00
2026-02-12 14:10:00-05:00,112.42,112.63,112.37,112.585,43975.00
2026-02-12 14:15:00-05:00,112.56,112.7,112.47,112.615,46790.00
2026-02-12 14:20:00-05:00,112.615,112.69,112.38,112.43,50797.00
2026-02-12 14:25:00-05:00,112.43,112.46,112.09,112.29,73087.00
2026-02-12 14:30:00-05:00,112.28,112.47,112.26,112.46,43296.00
2026-02-12 14:35:00-05:00,112.5,112.84,112.47,112.815,39218.00
2026-02-12 14:40:00-05:00,112.79,112.84,112.68,112.765,52651.00
2026-02-12 14:45:00-05:00,112.77,112.84,112.65,112.835,35586.00
2026-02-12 14:50:00-05:00,112.82,112.92,112.63,112.65,35539.00
2026-02-12 14:55:00-05:00,112.61,112.84,112.61,112.78,32508.00
2026-02-12 15:00:00-05:00,112.83,112.84,112.73,112.815,27147.00
2026-02-12 15:05:00-05:00,112.8,112.84,112.705,112.815,35147.00
2026-02-12 15:10:00-05:00,112.81,112.9225,112.74,112.83,44339.00
2026-02-12 15:15:00-05:00,112.85,113.2075,112.84,113.19,54275.00
2026-02-12 15:20:00-05:00,113.19,113.19,113,113.06,56945.00
2026-02-12 15:25:00-05:00,113.07,113.08,112.885,113.02,46814.00
2026-02-12 15:30:00-05:00,113.05,113.1,112.96,113.05,56149.00
2026-02-12 15:35:00-05:00,113.05,113.14,112.99,113.14,67039.00
2026-02-12 15:40:00-05:00,113.15,113.15,113,113.125,63717.00
2026-02-12 15:45:00-05:00,113.13,113.135,112.8359,112.8973,118513.00
2026-02-12 15:50:00-05:00,112.88,112.92,112.63,112.72,141756.00
2026-02-12 15:55:00-05:00,112.73,112.73,112.55,112.69,301343.00
2026-02-13 09:30:00-05:00,113.41,114.53,113.13,114.275,145861.00
2026-02-13 09:35:00-05:00,114.32,114.32,113.81,113.835,43429.00
2026-02-13 09:40:00-05:00,113.8322,113.84,113.23,113.35,57205.00
2026-02-13 09:45:00-05:00,113.42,113.55,112.62,112.675,62750.00
2026-02-13 09:50:00-05:00,112.675,113.595,112.64,113.16,75401.00
2026-02-13 09:55:00-05:00,113.27,113.3,112.915,113.235,53309.00
2026-02-13 10:00:00-05:00,113.23,114.2,113.23,114.18,77265.00
2026-02-13 10:05:00-05:00,114.14,114.78,114.05,114.71,82399.00
2026-02-13 10:10:00-05:00,114.7115,114.735,114.19,114.225,108956.00
2026-02-13 10:15:00-05:00,114.23,114.44,113.99,114.06,79539.00
2026-02-13 10:20:00-05:00,114.06,114.395,114.06,114.3125,43726.00
2026-02-13 10:25:00-05:00,114.251,115.065,114.251,114.99,87978.00
2026-02-13 10:30:00-05:00,114.96,115.265,114.94,115.13,95267.00
2026-02-13 10:35:00-05:00,115.14,115.5,115.045,115.415,57668.00
2026-02-13 10:40:00-05:00,115.415,115.5475,114.88,115.01,68941.00
2026-02-13 10:45:00-05:00,115.02,115.29,114.93,115.25,50714.00
2026-02-13 10:50:00-05:00,115.34,115.46,115.23,115.32,47550.00
2026-02-13 10:55:00-05:00,115.32,115.4,115.25,115.29,50875.00
2026-02-13 11:00:00-05:00,115.36,115.62,115.36,115.51,52240.00
2026-02-13 11:05:00-05:00,115.53,115.775,115.48,115.62,64448.00
2026-02-13 11:10:00-05:00,115.6255,115.75,115.49,115.54,43684.00
2026-02-13 11:15:00-05:00,115.54,115.74,115.5114,115.61,42528.00
2026-02-13 11:20:00-05:00,115.635,115.7099,115.29,115.3,41289.00
2026-02-13 11:25:00-05:00,115.3,115.305,115.05,115.235,61854.00
2026-02-13 11:30:00-05:00,115.235,115.3,115.06,115.26,71278.00
2026-02-13 11:35:00-05:00,115.285,115.285,114.94,115.01,60799.00
2026-02-13 11:40:00-05:00,115.015,115.05,114.91,114.91,49297.00
2026-02-13 11:45:00-05:00,114.83,114.965,114.69,114.82,52521.00
2026-02-13 11:50:00-05:00,114.858,115.16,114.79,114.93,51081.00
2026-02-13 11:55:00-05:00,114.94,114.965,114.74,114.78,40207.00
2026-02-13 12:00:00-05:00,114.79,114.97,114.7791,114.935,46900.00
2026-02-13 12:05:00-05:00,114.935,115.14,114.935,115.11,39055.00
2026-02-13 12:10:00-05:00,115.1,115.21,115.08,115.155,46205.00
2026-02-13 12:15:00-05:00,115.14,115.16,114.965,114.995,32741.00
2026-02-13 12:20:00-05:00,115,115.47,114.995,115.3,52787.00
2026-02-13 12:25:00-05:00,115.345,115.39,115.2001,115.22,29149.00
2026-02-13 12:30:00-05:00,115.255,115.55,115.2415,115.46,29471.00
2026-02-13 12:35:00-05:00,115.42,115.53,115.41,115.5,31188.00
2026-02-13 12:40:00-05:00,115.52,115.635,115.5,115.615,32410.00
2026-02-13 12:45:00-05:00,115.6,115.675,115.41,115.57,43588.00
2026-02-13 12:50:00-05:00,115.55,115.87,115.55,115.82,70986.00
2026-02-13 12:55:00-05:00,115.81,115.87,115.51,115.595,46631.00
2026-02-13 13:00:00-05:00,115.58,115.65,115.47,115.59,52699.00
2026-02-13 13:05:00-05:00,115.59,115.775,115.57,115.71,46343.00
2026-02-13 13:10:00-05:00,115.74,115.94,115.74,115.92,43929.00
2026-02-13 13:15:00-05:00,115.94,115.94,115.64,115.7,63493.00
2026-02-13 13:20:00-05:00,115.64,115.84,115.63,115.73,31766.00
2026-02-13 13:25:00-05:00,115.72,115.925,115.61,115.74,87261.00
2026-02-13 13:30:00-05:00,115.7725,115.87,115.71,115.8441,36076.00
2026-02-13 13:35:00-05:00,115.845,115.89,115.76,115.8201,52063.00
2026-02-13 13:40:00-05:00,115.84,115.8899,115.705,115.7886,35102.00
2026-02-13 13:45:00-05:00,115.76,115.8714,115.74,115.85,36649.00
2026-02-13 13:50:00-05:00,115.835,115.94,115.77,115.94,36205.00
2026-02-13 13:55:00-05:00,115.91,115.92,115.7,115.86,53469.00
2026-02-13 14:00:00-05:00,115.8151,116.1,115.675,116.035,57812.00
2026-02-13 14:05:00-05:00,116.0799,116.11,116.02,116.06,31124.00
2026-02-13 14:10:00-05:00,116.08,116.15,116.03,116.09,46190.00
2026-02-13 14:15:00-05:00,116.1,116.1,116.04,116.06,38876.00
2026-02-13 14:20:00-05:00,116.045,116.14,115.66,115.84,58776.00
2026-02-13 14:25:00-05:00,115.84,115.87,115.58,115.66,33344.00
2026-02-13 14:30:00-05:00,115.7,115.865,115.68,115.78,43495.00
2026-02-13 14:35:00-05:00,115.8,115.97,115.8,115.87,31938.00
2026-02-13 14:40:00-05:00,115.875,115.94,115.7,115.7831,39509.00
2026-02-13 14:45:00-05:00,115.795,115.88,115.71,115.745,34280.00
2026-02-13 14:50:00-05:00,115.72,115.735,115.48,115.53,30359.00
2026-02-13 14:55:00-05:00,115.55,115.625,115.43,115.505,38194.00
2026-02-13 15:00:00-05:00,115.53,115.75,115.52,115.605,77114.00
2026-02-13 15:05:00-05:00,115.57,115.705,115.55,115.64,53005.00
2026-02-13 15:10:00-05:00,115.63,115.72,115.51,115.565,79774.00
2026-02-13 15:15:00-05:00,115.56,115.67,115.47,115.47,61902.00
2026-02-13 15:20:00-05:00,115.48,115.57,115.355,115.522,57660.00
2026-02-13 15:25:00-05:00,115.555,115.66,115.395,115.55,50627.00
2026-02-13 15:30:00-05:00,115.58,115.645,115.49,115.53,84489.00
2026-02-13 15:35:00-05:00,115.55,115.72,115.52,115.71,73399.00
2026-02-13 15:40:00-05:00,115.7,115.725,115.43,115.68,126038.00
2026-02-13 15:45:00-05:00,115.675,115.99,115.675,115.9709,111870.00
2026-02-13 15:50:00-05:00,115.97,116.06,115.8701,116.035,211327.00
2026-02-13 15:55:00-05:00,116.02,116.03,115.41,115.73,474208.00
2026-02-17 09:30:00-05:00,116.9,118.38,116.33,117.22,335221.00
2026-02-17 09:35:00-05:00,117.1111,117.44,116.67,116.68,221651.00
2026-02-17 09:40:00-05:00,116.71,116.77,115.99,116.435,52063.00
2026-02-17 09:45:00-05:00,116.435,116.9299,116.0201,116.67,115574.00
2026-02-17 09:50:00-05:00,116.67,117.0913,116.49,116.6799,89345.00
2026-02-17 09:55:00-05:00,116.5718,116.72,115.92,116.15,79683.00
2026-02-17 10:00:00-05:00,116.03,116.45,115.935,116.45,75398.00
2026-02-17 10:05:00-05:00,116.425,116.55,115.83,115.84,66997.00
2026-02-17 10:10:00-05:00,115.895,115.895,115.13,115.385,68976.00
2026-02-17 10:15:00-05:00,115.4225,115.75,115.24,115.678,66775.00
2026-02-17 10:20:00-05:00,115.75,115.81,115.49,115.49,52910.00
2026-02-17 10:25:00-05:00,115.51,115.58,114.81,115.18,52000.00
2026-02-17 10:30:00-05:00,115.13,115.13,114.62,114.74,50034.00
2026-02-17 10:35:00-05:00,114.67,114.7999,114.32,114.39,35018.00
2026-02-17 10:40:00-05:00,114.405,114.53,114.19,114.275,40725.00
2026-02-17 10:45:00-05:00,114.25,114.8,114.25,114.775,36766.00
2026-02-17 10:50:00-05:00,114.73,114.81,114.54,114.805,36005.00
2026-02-17 10:55:00-05:00,114.82,114.92,114.69,114.855,45833.00
2026-02-17 11:00:00-05:00,114.82,115.055,114.69,114.94,42164.00
2026-02-17 11:05:00-05:00,114.98,115.04,114.81,114.94,34196.00
2026-02-17 11:10:00-05:00,114.99,115.2,114.93,115.2,45672.00
2026-02-17 11:15:00-05:00,115.17,115.25,114.99,115.09,46381.00
2026-02-17 11:20:00-05:00,115.13,115.5,115.08,115.32,41957.00
2026-02-17 11:25:00-05:00,115.28,115.445,115.03,115.055,41683.00
2026-02-17 11:30:00-05:00,115.055,115.14,114.76,115.12,46532.00
2026-02-17 11:35:00-05:00,115.12,115.54,115.12,115.5307,42448.00
2026-02-17 11:40:00-05:00,115.48,115.58,115.195,115.225,53557.00
2026-02-17 11:45:00-05:00,115.24,115.31,115.02,115.085,42476.00
2026-02-17 11:50:00-05:00,115.105,115.29,115.1,115.275,33568.00
2026-02-17 11:55:00-05:00,115.31,115.36,115.1,115.24,40803.00
2026-02-17 12:00:00-05:00,115.265,115.265,114.76,114.76,35427.00
2026-02-17 12:05:00-05:00,114.75,114.86,114.6744,114.68,46182.00
2026-02-17 12:10:00-05:00,114.705,114.86,114.6601,114.835,33960.00
2026-02-17 12:15:00-05:00,114.835,114.99,114.8,114.93,32398.00
2026-02-17 12:20:00-05:00,114.92,114.98,114.7,114.76,31305.00
2026-02-17 12:25:00-05:00,114.765,115,114.76,115,39069.00
2026-02-17 12:30:00-05:00,114.975,115.035,114.73,114.9701,35287.00
2026-02-17 12:35:00-05:00,114.97,115.03,114.89,114.97,28948.00
2026-02-17 12:40:00-05:00,114.93,115.02,114.76,114.76,28070.00
2026-02-17 12:45:00-05:00,114.8,115,114.6347,114.9479,35238.00
2026-02-17 12:50:00-05:00,114.945,114.945,114.62,114.68,29394.00
2026-02-17 12:55:00-05:00,114.68,114.85,114.58,114.845,31225.00
2026-02-17 13:00:00-05:00,114.845,114.99,114.76,114.84,29661.00
2026-02-17 13:05:00-05:00,114.835,114.98,114.82,114.84,28412.00
2026-02-17 13:10:00-05:00,114.84,114.84,114.68,114.75,24302.00
2026-02-17 13:15:00-05:00,114.74,114.77,114.53,114.6103,27028.00
2026-02-17 13:20:00-05:00,114.67,114.965,114.61,114.795,34149.00
2026-02-17 13:25:00-05:00,114.78,114.98,114.75,114.955,127409.00
2026-02-17 13:30:00-05:00,114.97,115.19,114.96,115.14,33741.00
2026-02-17 13:35:00-05:00,115.155,115.7,115.12,115.7,78186.00
2026-02-17 13:40:00-05:00,115.7,115.8627,115.42,115.495,93825.00
2026-02-17 13:45:00-05:00,115.49,115.71,115.35,115.71,102553.00
2026-02-17 13:50:00-05:00,115.71,115.8417,115.57,115.59,57753.00
2026-02-17 13:55:00-05:00,115.57,115.78,115.45,115.48,45985.00
2026-02-17 14:00:00-05:00,115.44,115.59,115.34,115.42,44078.00
2026-02-17 14:05:00-05:00,115.43,115.51,115.32,115.4,37576.00
2026-02-17 14:10:00-05:00,115.4,115.73,115.32,115.73,48238.00
2026-02-17 14:15:00-05:00,115.691,115.79,115.65,115.79,30668.00
2026-02-17 14:20:00-05:00,115.76,115.885,115.71,115.86,39037.00
2026-02-17 14:25:00-05:00,115.86,115.97,115.76,115.86,42050.00
2026-02-17 14:30:00-05:00,115.865,115.93,115.69,115.7351,29281.00
2026-02-17 14:35:00-05:00,115.735,115.85,115.5,115.605,42926.00
2026-02-17 14:40:00-05:00,115.615,115.83,115.57,115.8,28710.00
2026-02-17 14:45:00-05:00,115.835,115.87,115.715,115.76,38232.00
2026-02-17 14:50:00-05:00,115.7,115.7,115.49,115.6,27865.00
2026-02-17 14:55:00-05:00,115.57,115.72,115.45,115.48,28972.00
2026-02-17 15:00:00-05:00,115.52,115.81,115.44,115.81,45737.00
2026-02-17 15:05:00-05:00,115.785,115.81,115.68,115.78,31656.00
2026-02-17 15:10:00-05:00,115.75,115.865,115.72,115.85,37509.00
2026-02-17 15:15:00-05:00,115.84,116,115.83,115.98,57934.00
2026-02-17 15:20:00-05:00,115.98,116,115.84,115.98,44938.00
2026-02-17 15:25:00-05:00,115.98,116.1,115.87,116.04,53630.00
2026-02-17 15:30:00-05:00,116.045,116.13,115.965,116.08,73906.00
2026-02-17 15:35:00-05:00,116.1,116.22,116.02,116.105,59312.00
2026-02-17 15:40:00-05:00,116.105,116.365,116.105,116.265,97900.00
2026-02-17 15:45:00-05:00,116.265,116.51,116.18,116.495,89186.00
2026-02-17 15:50:00-05:00,116.51,116.63,116.4,116.415,213876.00
2026-02-17 15:55:00-05:00,116.43,116.59,116.25,116.55,444346.00
2026-02-18 09:30:00-05:00,115.75,116,114.75,115.7984,114089.00
2026-02-18 09:35:00-05:00,115.96,116.09,115.215,115.6467,87982.00
2026-02-18 09:40:00-05:00,115.625,116.69,115.57,116.48,68420.00
2026-02-18 09:45:00-05:00,116.4,116.52,115.665,115.71,65966.00
2026-02-18 09:50:00-05:00,115.69,116.25,115.59,116.08,53103.00
2026-02-18 09:55:00-05:00,116.15,116.3,115.81,115.96,67958.00
2026-02-18 10:00:00-05:00,115.915,116.37,115.915,116.37,84301.00
2026-02-18 10:05:00-05:00,116.33,116.5,116.23,116.49,59598.00
2026-02-18 10:10:00-05:00,116.495,116.547,116.26,116.34,44867.00
2026-02-18 10:15:00-05:00,116.305,116.68,116.3,116.48,35963.00
2026-02-18 10:20:00-05:00,116.48,116.65,116.08,116.08,44717.00
2026-02-18 10:25:00-05:00,116.165,116.45,116.03,116.44,42785.00
2026-02-18 10:30:00-05:00,116.45,116.5,116.29,116.375,39105.00
2026-02-18 10:35:00-05:00,116.395,116.44,116.25,116.34,52206.00
2026-02-18 10:40:00-05:00,116.36,116.43,116.21,116.21,53423.00
2026-02-18 10:45:00-05:00,116.28,116.38,116.25,116.3,27721.00
2026-02-18 10:50:00-05:00,116.315,116.315,115.98,116.06,44202.00
2026-02-18 10:55:00-05:00,116.05,116.25,116.02,116.12,53853.00
2026-02-18 11:00:00-05:00,116.13,116.17,115.81,115.97,52328.00
2026-02-18 11:05:00-05:00,115.94,116.15,115.9,116.03,39993.00
2026-02-18 11:10:00-05:00,116,116.18,116,116.11,35864.00
2026-02-18 11:15:00-05:00,116.2,116.3,116.095,116.195,25417.00
2026-02-18 11:20:00-05:00,116.195,116.2,116.01,116.04,28545.00
2026-02-18 11:25:00-05:00,116.085,116.13,115.96,116.11,25882.00
2026-02-18 11:30:00-05:00,116.11,116.24,116.03,116.12,33818.00
2026-02-18 11:35:00-05:00,116.11,116.11,115.92,115.9701,27149.00
2026-02-18 11:40:00-05:00,115.97,116.175,115.94,116.16,36766.00
2026-02-18 11:45:00-05:00,116.18,116.28,116.08,116.24,27953.00
2026-02-18 11:50:00-05:00,116.27,116.34,116.135,116.29,47046.00
2026-02-18 11:55:00-05:00,116.27,116.375,116.195,116.32,33770.00
2026-02-18 12:00:00-05:00,116.28,116.43,116.2001,116.37,36133.00
2026-02-18 12:05:00-05:00,116.37,116.45,116.3,116.4,23543.00
2026-02-18 12:10:00-05:00,116.4,116.6,116.39,116.55,33786.00
2026-02-18 12:15:00-05:00,116.59,116.63,116.48,116.61,38418.00
2026-02-18 12:20:00-05:00,116.59,116.67,116.485,116.64,31388.00
2026-02-18 12:25:00-05:00,116.66,116.74,116.48,116.56,43243.00
2026-02-18 12:30:00-05:00,116.57,116.64,116.36,116.41,42080.00
2026-02-18 12:35:00-05:00,116.41,116.52,116.35,116.35,32372.00
2026-02-18 12:40:00-05:00,116.35,116.42,116.31,116.36,27111.00
2026-02-18 12:45:00-05:00,116.36,116.45,116.28,116.4,24576.00
2026-02-18 12:50:00-05:00,116.4,116.48,116.37,116.41,29197.00
2026-02-18 12:55:00-05:00,116.41,116.445,116.185,116.26,26312.00
2026-02-18 13:00:00-05:00,116.26,116.37,116.18,116.25,28237.00
2026-02-18 13:05:00-05:00,116.225,116.515,116.17,116.48,40869.00
2026-02-18 13:10:00-05:00,116.49,116.7,116.43,116.54,42549.00
2026-02-18 13:15:00-05:00,116.54,116.75,116.47,116.68,52049.00
2026-02-18 13:20:00-05:00,116.68,116.72,116.6,116.63,38723.00
2026-02-18 13:25:00-05:00,116.63,116.64,116.41,116.49,43584.00
2026-02-18 13:30:00-05:00,116.5,116.53,116.39,116.51,31177.00
2026-02-18 13:35:00-05:00,116.52,116.65,116.52,116.62,28232.00
2026-02-18 13:40:00-05:00,116.62,116.68,116.51,116.56,32959.00
2026-02-18 13:45:00-05:00,116.58,116.83,116.49,116.49,109976.00
2026-02-18 13:50:00-05:00,116.47,116.49,116.17,116.25,39218.00
2026-02-18 13:55:00-05:00,116.245,116.27,116.11,116.17,36573.00
2026-02-18 14:00:00-05:00,116.17,116.29,116.04,116.13,37809.00
2026-02-18 14:05:00-05:00,116.14,116.25,115.87,115.8916,37281.00
2026-02-18 14:10:00-05:00,115.915,116.01,115.66,115.66,33804.00
2026-02-18 14:15:00-05:00,115.66,115.7,115.56,115.59,55671.00
2026-02-18 14:20:00-05:00,115.615,115.79,115.59,115.79,35193.00
2026-02-18 14:25:00-05:00,115.75,115.84,115.68,115.83,46203.00
2026-02-18 14:30:00-05:00,115.82,115.83,115.64,115.7,50451.00
2026-02-18 14:35:00-05:00,115.708,115.708,115.44,115.52,65724.00
2026-02-18 14:40:00-05:00,115.515,115.67,115.5,115.59,42700.00
2026-02-18 14:45:00-05:00,115.59,115.79,115.59,115.69,37920.00
2026-02-18 14:50:00-05:00,115.73,115.818,115.58,115.62,32685.00
2026-02-18 14:55:00-05:00,115.625,115.78,115.54,115.75,42079.00
2026-02-18 15:00:00-05:00,115.75,115.855,115.38,115.39,90988.00
2026-02-18 15:05:00-05:00,115.37,115.45,115.26,115.325,77396.00
2026-02-18 15:10:00-05:00,115.34,115.49,115.33,115.39,50441.00
2026-02-18 15:15:00-05:00,115.4333,115.645,115.39,115.52,75508.00
2026-02-18 15:20:00-05:00,115.525,115.7484,115.43,115.7484,91984.00
2026-02-18 15:25:00-05:00,115.77,115.85,115.65,115.71,116720.00
2026-02-18 15:30:00-05:00,115.73,115.96,115.65,115.96,110063.00
2026-02-18 15:35:00-05:00,115.98,116,115.61,115.75,107860.00
2026-02-18 15:40:00-05:00,115.75,115.875,115.74,115.82,69956.00
2026-02-18 15:45:00-05:00,115.79,115.88,115.65,115.8,149118.00
2026-02-18 15:50:00-05:00,115.8,115.94,115.69,115.82,234065.00
2026-02-18 15:55:00-05:00,115.83,115.835,115.34,115.64,712324.00
2026-02-19 09:30:00-05:00,115.2,115.895,114.62,115.67,144513.00
2026-02-19 09:35:00-05:00,115.85,115.85,114.98,115.17,46121.00
2026-02-19 09:40:00-05:00,115.09,116.1292,114.9463,116.125,47969.00
2026-02-19 09:45:00-05:00,116.05,116.05,115.4695,115.54,35008.00
2026-02-19 09:50:00-05:00,115.54,115.785,115.29,115.77,24716.00
2026-02-19 09:55:00-05:00,115.71,115.8899,115.55,115.62,26016.00
2026-02-19 10:00:00-05:00,115.62,116,115.4901,115.83,41501.00
2026-02-19 10:05:00-05:00,115.865,115.98,115.24,115.4175,41588.00
2026-02-19 10:10:00-05:00,115.47,115.525,115.145,115.145,27786.00
2026-02-19 10:15:00-05:00,115.14,115.495,115.14,115.465,26428.00
2026-02-19 10:20:00-05:00,115.4308,115.705,115.37,115.705,24424.00
2026-02-19 10:25:00-05:00,115.67,115.75,115.54,115.5658,35202.00
2026-02-19 10:30:00-05:00,115.59,115.965,115.56,115.93,26860.00
2026-02-19 10:35:00-05:00,115.97,116.13,115.9,115.97,32780.00
2026-02-19 10:40:00-05:00,115.96,116.1,115.75,115.9,23366.00
2026-02-19 10:45:00-05:00,115.89,115.9,115.66,115.695,19486.00
2026-02-19 10:50:00-05:00,115.73,115.79,115.49,115.54,36740.00
2026-02-19 10:55:00-05:00,115.59,115.81,115.58,115.62,18100.00
2026-02-19 11:00:00-05:00,115.6102,115.7,115.46,115.56,16608.00
2026-02-19 11:05:00-05:00,115.56,115.83,115.52,115.65,33884.00
2026-02-19 11:10:00-05:00,115.71,115.725,115.6,115.68,17620.00
2026-02-19 11:15:00-05:00,115.7,115.899,115.68,115.755,23799.00
2026-02-19 11:20:00-05:00,115.72,115.745,115.53,115.56,23535.00
2026-02-19 11:25:00-05:00,115.555,115.555,115.08,115.11,27622.00
2026-02-19 11:30:00-05:00,115.07,115.31,115.05,115.26,25879.00
2026-02-19 11:35:00-05:00,115.31,115.34,115.19,115.324,17938.00
2026-02-19 11:40:00-05:00,115.3,115.36,115.1901,115.3,22491.00
2026-02-19 11:45:00-05:00,115.33,115.42,115.24,115.25,18962.00
2026-02-19 11:50:00-05:00,115.24,115.615,115.22,115.59,33711.00
2026-02-19 11:55:00-05:00,115.6,115.69,115.54,115.6,27740.00
2026-02-19 12:00:00-05:00,115.57,115.6,115.4,115.446,18386.00
2026-02-19 12:05:00-05:00,115.475,115.485,115.32,115.35,21769.00
2026-02-19 12:10:00-05:00,115.39,115.5,115.36,115.475,21266.00
2026-02-19 12:15:00-05:00,115.55,115.81,115.48,115.81,23766.00
2026-02-19 12:20:00-05:00,115.8,115.9,115.75,115.84,23213.00
2026-02-19 12:25:00-05:00,115.76,115.865,115.7,115.775,37408.00
2026-02-19 12:30:00-05:00,115.795,115.835,115.69,115.73,16837.00
2026-02-19 12:35:00-05:00,115.72,115.795,115.625,115.73,30844.00
2026-02-19 12:40:00-05:00,115.75,115.955,115.75,115.87,28518.00
2026-02-19 12:45:00-05:00,115.87,115.92,115.76,115.92,31118.00
2026-02-19 12:50:00-05:00,115.94,116.06,115.8087,116.0599,43970.00
2026-02-19 12:55:00-05:00,116.06,116.21,116,116.085,29562.00
2026-02-19 13:00:00-05:00,116.07,116.09,115.9,116.05,31381.00
2026-02-19 13:05:00-05:00,116.02,116.08,115.98,116.05,30220.00
2026-02-19 13:10:00-05:00,116.05,116.055,115.93,115.99,29706.00
2026-02-19 13:15:00-05:00,115.97,115.97,115.5326,115.58,35765.00
2026-02-19 13:20:00-05:00,115.53,115.64,115.4095,115.64,41796.00
2026-02-19 13:25:00-05:00,115.64,115.69,115.47,115.505,30922.00
2026-02-19 13:30:00-05:00,115.53,115.695,115.515,115.67,27735.00
2026-02-19 13:35:00-05:00,115.68,115.78,115.59,115.77,36268.00
2026-02-19 13:40:00-05:00,115.74,115.83,115.71,115.8073,22609.00
2026-02-19 13:45:00-05:00,115.82,115.98,115.82,115.94,36895.00
2026-02-19 13:50:00-05:00,115.92,115.97,115.88,115.95,15854.00
2026-02-19 13:55:00-05:00,115.945,115.945,115.77,115.865,19663.00
2026-02-19 14:00:00-05:00,115.89,116.115,115.89,116.06,43671.00
2026-02-19 14:05:00-05:00,116.06,116.26,116.02,116.14,62806.00
2026-02-19 14:10:00-05:00,116.175,116.175,115.83,115.86,52446.00
2026-02-19 14:15:00-05:00,115.87,115.885,115.63,115.685,40663.00
2026-02-19 14:20:00-05:00,115.685,115.84,115.55,115.55,53069.00
2026-02-19 14:25:00-05:00,115.58,115.595,115.435,115.46,29678.00
2026-02-19 14:30:00-05:00,115.4515,115.61,115.44,115.47,30384.00
2026-02-19 14:35:00-05:00,115.46,115.46,115.17,115.195,40481.00
2026-02-19 14:40:00-05:00,115.19,115.45,115.16,115.44,24752.00
2026-02-19 14:45:00-05:00,115.44,115.5457,115.385,115.545,24687.00
2026-02-19 14:50:00-05:00,115.545,115.6439,115.42,115.425,37999.00
2026-02-19 14:55:00-05:00,115.4,115.47,115.35,115.4,30593.00
2026-02-19 15:00:00-05:00,115.41,115.62,115.41,115.605,44284.00
2026-02-19 15:05:00-05:00,115.58,115.74,115.58,115.67,33879.00
2026-02-19 15:10:00-05:00,115.675,115.79,115.59,115.785,44522.00
2026-02-19 15:15:00-05:00,115.785,115.785,115.655,115.69,31861.00
2026-02-19 15:20:00-05:00,115.71,115.72,115.57,115.605,26261.00
2026-02-19 15:25:00-05:00,115.59,115.72,115.55,115.71,41623.00
2026-02-19 15:30:00-05:00,115.73,115.79,115.54,115.55,47948.00
2026-02-19 15:35:00-05:00,115.545,115.615,115.45,115.61,42412.00
2026-02-19 15:40:00-05:00,115.62,115.64,115.51,115.61,58602.00
2026-02-19 15:45:00-05:00,115.625,115.76,115.625,115.68,67904.00
2026-02-19 15:50:00-05:00,115.68,115.68,115.38,115.555,100921.00
2026-02-19 15:55:00-05:00,115.57,115.8,115.54,115.64,285402.00
2026-02-20 09:30:00-05:00,115.27,115.915,115.25,115.565,143695.00
2026-02-20 09:35:00-05:00,115.57,116.36,115.5328,115.95,57484.00
2026-02-20 09:40:00-05:00,116.02,116.61,115.6817,116.47,65718.00
2026-02-20 09:45:00-05:00,116.37,116.55,115.93,115.98,53289.00
2026-02-20 09:50:00-05:00,115.98,116.525,115.93,116.2,90845.00
2026-02-20 09:55:00-05:00,116.21,116.215,115.78,115.94,543084.00
2026-02-20 10:00:00-05:00,116,118.605,116,117.73,355844.00
2026-02-20 10:05:00-05:00,117.6101,118.9,117.36,118.695,247220.00
2026-02-20 10:10:00-05:00,118.76,118.98,117.68,117.785,283702.00
2026-02-20 10:15:00-05:00,117.785,118,117.565,117.885,88776.00
2026-02-20 10:20:00-05:00,117.885,118.31,117.81,118.04,72948.00
2026-02-20 10:25:00-05:00,118.05,118.11,117.42,117.52,299876.00
2026-02-20 10:30:00-05:00,117.52,117.81,116.835,116.87,100937.00
2026-02-20 10:35:00-05:00,116.821,117.12,116.79,116.885,55263.00
2026-02-20 10:40:00-05:00,116.885,116.885,116.19,116.27,62307.00
2026-02-20 10:45:00-05:00,116.285,116.5551,116.18,116.2,63415.00
2026-02-20 10:50:00-05:00,116.18,116.21,115.68,116.05,42005.00
2026-02-20 10:55:00-05:00,116.05,116.2099,115.77,115.87,34120.00
2026-02-20 11:00:00-05:00,115.82,115.82,115.625,115.8,24407.00
2026-02-20 11:05:00-05:00,115.82,115.905,115.57,115.705,23633.00
2026-02-20 11:10:00-05:00,115.705,115.98,115.705,115.85,22456.00
2026-02-20 11:15:00-05:00,115.85,115.935,115.42,115.64,36877.00
2026-02-20 11:20:00-05:00,115.64,115.68,115.4,115.4,31811.00
2026-02-20 11:25:00-05:00,115.4,115.595,115.27,115.27,36883.00
2026-02-20 11:30:00-05:00,115.28,115.35,115.13,115.32,46494.00
2026-02-20 11:35:00-05:00,115.35,115.49,115.21,115.34,30692.00
2026-02-20 11:40:00-05:00,115.34,115.4499,115.17,115.34,25212.00
2026-02-20 11:45:00-05:00,115.3,115.3787,115.06,115.06,49416.00
2026-02-20 11:50:00-05:00,115.0305,115.17,114.95,115.04,43243.00
2026-02-20 11:55:00-05:00,115.05,115.14,114.795,114.795,29820.00
2026-02-20 12:00:00-05:00,114.795,114.97,114.67,114.69,40675.00
2026-02-20 12:05:00-05:00,114.76,114.88,114.67,114.795,35503.00
2026-02-20 12:10:00-05:00,114.76,115.092,114.65,115,34105.00
2026-02-20 12:15:00-05:00,115.015,115.02,114.86,114.97,31509.00
2026-02-20 12:20:00-05:00,114.97,115.07,114.88,114.88,19632.00
2026-02-20 12:25:00-05:00,114.92,115,114.64,114.74,24754.00
2026-02-20 12:30:00-05:00,114.69,114.74,114.49,114.61,28045.00
2026-02-20 12:35:00-05:00,114.65,114.71,114.45,114.71,25035.00
2026-02-20 12:40:00-05:00,114.65,114.965,114.61,114.91,39860.00
2026-02-20 12:45:00-05:00,114.92,115.18,114.9,115.17,42476.00
2026-02-20 12:50:00-05:00,115.14,115.47,115.06,115.395,37649.00
2026-02-20 12:55:00-05:00,115.425,115.425,115.15,115.16,33266.00
2026-02-20 13:00:00-05:00,115.12,115.22,115.05,115.195,17751.00
2026-02-20 13:05:00-05:00,115.195,115.195,114.995,114.995,12090.00
2026-02-20 13:10:00-05:00,114.99,115.35,114.9704,115.31,25058.00
2026-02-20 13:15:00-05:00,115.37,115.44,115.17,115.4,53480.00
2026-02-20 13:20:00-05:00,115.39,115.39,114.97,115.21,56644.00
2026-02-20 13:25:00-05:00,115.215,115.22,115.02,115.06,18140.00
2026-02-20 13:30:00-05:00,115.04,115.48,115.01,115.23,37695.00
2026-02-20 13:35:00-05:00,115.2075,115.26,114.94,115.07,29954.00
2026-02-20 13:40:00-05:00,115.06,115.31,115.02,115.275,24582.00
2026-02-20 13:45:00-05:00,115.285,115.515,115.23,115.48,35955.00
2026-02-20 13:50:00-05:00,115.47,116.22,115.32,116.22,103404.00
2026-02-20 13:55:00-05:00,116.24,116.42,116.22,116.3489,59506.00
2026-02-20 14:00:00-05:00,116.41,116.47,116.121,116.1601,72693.00
2026-02-20 14:05:00-05:00,116.2,116.3,116.073,116.195,40949.00
2026-02-20 14:10:00-05:00,116.195,116.195,116.035,116.07,34066.00
2026-02-20 14:15:00-05:00,116.045,116.17,115.94,115.95,43096.00
2026-02-20 14:20:00-05:00,116,116.08,115.91,115.94,41734.00
2026-02-20 14:25:00-05:00,115.94,116.03,115.83,115.95,48471.00
2026-02-20 14:30:00-05:00,115.96,116.0585,115.94,115.97,39044.00
2026-02-20 14:35:00-05:00,115.98,116.12,115.95,116.03,45144.00
2026-02-20 14:40:00-05:00,116.0614,116.09,115.79,115.79,24498.00
2026-02-20 14:45:00-05:00,115.79,115.79,115.64,115.71,58793.00
2026-02-20 14:50:00-05:00,115.69,116.015,115.69,115.95,46741.00
2026-02-20 14:55:00-05:00,115.925,116.04,115.875,116.001,39657.00
2026-02-20 15:00:00-05:00,116.01,116.14,116.01,116.11,35642.00
2026-02-20 15:05:00-05:00,116.12,116.22,116.05,116.09,39268.00
2026-02-20 15:10:00-05:00,116.1,116.23,116.04,116.23,33096.00
2026-02-20 15:15:00-05:00,116.21,116.22,116.1,116.13,45866.00
2026-02-20 15:20:00-05:00,116.1215,116.25,116.0912,116.25,32996.00
2026-02-20 15:25:00-05:00,116.25,116.27,116.1696,116.17,39963.00
2026-02-20 15:30:00-05:00,116.19,116.39,116.19,116.37,66569.00
2026-02-20 15:35:00-05:00,116.38,116.46,116.35,116.39,67304.00
2026-02-20 15:40:00-05:00,116.385,116.42,116.26,116.39,74087.00
2026-02-20 15:45:00-05:00,116.38,116.535,116.315,116.5,84474.00
2026-02-20 15:50:00-05:00,116.5,116.66,116.48,116.64,130141.00
2026-02-20 15:55:00-05:00,116.65,116.7,116.52,116.68,409766.00
2026-02-23 09:30:00-05:00,116.08,116.715,115.81,115.91,90908.02
2026-02-23 09:35:00-05:00,115.92,115.92,115.18,115.45,94574.41
2026-02-23 09:40:00-05:00,115.5,115.535,115.065,115.28,39648.01
2026-02-23 09:45:00-05:00,115.18,115.29,114.51,114.635,69710.41
2026-02-23 09:50:00-05:00,114.76,114.77,114.3,114.635,60701.48
2026-02-23 09:55:00-05:00,114.62,114.87,114.58,114.58,32148.82
2026-02-23 10:00:00-05:00,114.55,114.605,114.2,114.35,64791.35
2026-02-23 10:05:00-05:00,114.36,114.97,114.31,114.46,52304.82
2026-02-23 10:10:00-05:00,114.525,114.68,113.93,114.1025,75207.83
2026-02-23 10:15:00-05:00,114.1,114.17,113.67,113.8124,54336.66
2026-02-23 10:20:00-05:00,113.88,114.0999,113.79,113.7901,49034.01
2026-02-23 10:25:00-05:00,113.86,114.05,113.685,114.05,47322.03
2026-02-23 10:30:00-05:00,114.05,114.38,113.92,114.19,63125.80
2026-02-23 10:35:00-05:00,114.22,114.27,114.015,114.18,47576.57
2026-02-23 10:40:00-05:00,114.17,114.32,114.0775,114.27,25963.58
2026-02-23 10:45:00-05:00,114.27,114.38,114.21,114.3,26384.74
2026-02-23 10:50:00-05:00,114.2408,114.46,114.16,114.27,31581.59
2026-02-23 10:55:00-05:00,114.265,114.5,114.17,114.215,25553.67
2026-02-23 11:00:00-05:00,114.23,114.37,113.945,114.02,30151.00
2026-02-23 11:05:00-05:00,114.06,114.145,113.69,113.755,99990.77
2026-02-23 11:10:00-05:00,113.755,113.83,113.4,113.555,77538.09
2026-02-23 11:15:00-05:00,113.54,113.69,113.4,113.69,60038.51
2026-02-23 11:20:00-05:00,113.64,113.8,113.6,113.65,58336.60
2026-02-23 11:25:00-05:00,113.64,113.65,113.47,113.59,55079.91
2026-02-23 11:30:00-05:00,113.625,113.67,113.455,113.565,41875.41
2026-02-23 11:35:00-05:00,113.53,113.61,113.4401,113.475,38111.53
2026-02-23 11:40:00-05:00,113.45,113.465,113.31,113.365,32043.11
2026-02-23 11:45:00-05:00,113.365,113.385,113.26,113.295,47762.74
2026-02-23 11:50:00-05:00,113.295,113.42,113.19,113.235,96425.36
2026-02-23 11:55:00-05:00,113.2,113.41,113.1501,113.37,31198.95
2026-02-23 12:00:00-05:00,113.36,113.3849,113.21,113.34,55930.57
2026-02-23 12:05:00-05:00,113.345,113.345,113.16,113.16,29962.76
2026-02-23 12:10:00-05:00,113.1682,113.17,112.99,113.045,63892.07
2026-02-23 12:15:00-05:00,113.03,113.07,112.9,112.97,48549.85
2026-02-23 12:20:00-05:00,112.9884,112.9884,112.84,112.8501,32567.01
2026-02-23 12:25:00-05:00,112.85,113.03,112.84,112.925,39453.29
2026-02-23 12:30:00-05:00,112.95,113.06,112.805,112.96,38305.97
2026-02-23 12:35:00-05:00,112.95,113.21,112.95,113.18,24544.56
2026-02-23 12:40:00-05:00,113.185,113.26,113.02,113.02,48518.25
2026-02-23 12:45:00-05:00,113.04,113.155,112.985,113.13,19059.29
2026-02-23 12:50:00-05:00,113.12,113.16,113.01,113.12,25440.06
2026-02-23 12:55:00-05:00,113.08,113.15,113.045,113.055,25543.04
2026-02-23 13:00:00-05:00,113.055,113.215,113.03,113.05,53514.38
2026-02-23 13:05:00-05:00,113.075,113.39,113.0501,113.34,108146.12
2026-02-23 13:10:00-05:00,113.34,113.55,113.33,113.54,91550.04
2026-02-23 13:15:00-05:00,113.52,113.77,113.495,113.7,45997.86
2026-02-23 13:20:00-05:00,113.685,113.85,113.65,113.8101,53937.67
2026-02-23 13:25:00-05:00,113.81,114.068,113.81,114,51532.96
2026-02-23 13:30:00-05:00,114,114.205,113.87,114.15,63972.82
2026-02-23 13:35:00-05:00,114.15,114.315,114.15,114.28,30939.62
2026-02-23 13:40:00-05:00,114.34,114.38,114.26,114.3,22734.56
2026-02-23 13:45:00-05:00,114.3,114.3,114.1,114.27,67013.42
2026-02-23 13:50:00-05:00,114.26,114.295,114.16,114.21,56957.42
2026-02-23 13:55:00-05:00,114.22,114.25,114.05,114.17,57664.56
2026-02-23 14:00:00-05:00,114.2,114.22,114.02,114.02,42777.81
2026-02-23 14:05:00-05:00,114.02,114.05,113.93,114.01,40309.75
2026-02-23 14:10:00-05:00,114.02,114.02,113.92,113.945,22694.84
2026-02-23 14:15:00-05:00,113.95,114.03,113.85,113.86,33544.23
2026-02-23 14:20:00-05:00,113.85,113.88,113.73,113.73,26407.87
2026-02-23 14:25:00-05:00,113.73,113.8,113.6001,113.63,43409.17
2026-02-23 14:30:00-05:00,113.66,113.72,113.61,113.63,23760.57
2026-02-23 14:35:00-05:00,113.64,113.76,113.64,113.74,53656.18
2026-02-23 14:40:00-05:00,113.745,113.775,113.7,113.7,51518.84
2026-02-23 14:45:00-05:00,113.715,114.005,113.7,113.98,61160.00
2026-02-23 14:50:00-05:00,114,114.045,113.86,113.87,67021.18
2026-02-23 14:55:00-05:00,113.86,113.89,113.61,113.64,72258.59
2026-02-23 15:00:00-05:00,113.65,113.765,113.58,113.7,52533.22
2026-02-23 15:05:00-05:00,113.7,113.73,113.66,113.66,32015.27
2026-02-23 15:10:00-05:00,113.67,113.725,113.39,113.39,64010.77
2026-02-23 15:15:00-05:00,113.41,113.57,113.41,113.42,52320.51
2026-02-23 15:20:00-05:00,113.4251,113.44,113.1903,113.215,51571.53
2026-02-23 15:25:00-05:00,113.215,113.325,113.2,113.31,46749.40
2026-02-23 15:30:00-05:00,113.31,113.535,113.3,113.53,67315.19
2026-02-23 15:35:00-05:00,113.53,113.675,113.5204,113.61,63765.72
2026-02-23 15:40:00-05:00,113.61,113.655,113.49,113.63,60340.17
2026-02-23 15:45:00-05:00,113.63,113.81,113.59,113.69,98334.56
2026-02-23 15:50:00-05:00,113.7,113.73,113.34,113.35,208637.64
2026-02-23 15:55:00-05:00,113.36,113.42,112.99,113.335,580260.45
2026-02-24 09:30:00-05:00,113.4,115.57,113.4,115.32,166339.11
2026-02-24 09:35:00-05:00,115.32,115.4,114.28,114.58,163681.21
2026-02-24 09:40:00-05:00,114.54,114.55,113.88,113.89,78624.38
2026-02-24 09:45:00-05:00,113.96,114.51,113.8,114.51,77527.86
2026-02-24 09:50:00-05:00,114.44,114.72,114.44,114.49,66539.23
2026-02-24 09:55:00-05:00,114.565,115.29,114.565,115.185,55106.00
2026-02-24 10:00:00-05:00,115.23,115.41,114.935,114.935,70374.84
2026-02-24 10:05:00-05:00,114.99,115.23,114.96,115.155,57729.51
2026-02-24 10:10:00-05:00,115.1901,115.25,114.9,115.04,52846.59
2026-02-24 10:15:00-05:00,115.08,115.205,114.921,115.13,31169.82
2026-02-24 10:20:00-05:00,115.12,115.3,115.06,115.24,50355.58
2026-02-24 10:25:00-05:00,115.28,115.47,115.11,115.2,55696.69
2026-02-24 10:30:00-05:00,115.19,115.2875,114.94,115.01,26920.46
2026-02-24 10:35:00-05:00,115.09,115.19,114.99,115.07,43795.50
2026-02-24 10:40:00-05:00,115.065,115.34,114.98,115.155,33724.70
2026-02-24 10:45:00-05:00,115.16,115.21,115.06,115.1213,27061.07
2026-02-24 10:50:00-05:00,115.105,115.195,114.94,114.95,27853.42
2026-02-24 10:55:00-05:00,114.91,115.07,114.87,114.94,21271.43
2026-02-24 11:00:00-05:00,114.86,114.99,114.68,114.84,35523.89
2026-02-24 11:05:00-05:00,114.855,115.195,114.81,115.04,31789.40
2026-02-24 11:10:00-05:00,115.05,115.13,114.99,115.055,42410.90
2026-02-24 11:15:00-05:00,115.0797,115.19,115.03,115.18,27313.17
2026-02-24 11:20:00-05:00,115.17,115.49,115.03,115.41,76873.22
2026-02-24 11:25:00-05:00,115.38,115.445,114.91,114.955,52874.83
2026-02-24 11:30:00-05:00,114.96,115.02,114.79,114.92,25662.53
2026-02-24 11:35:00-05:00,114.88,114.98,114.78,114.81,25801.18
2026-02-24 11:40:00-05:00,114.83,114.94,114.83,114.92,16614.33
2026-02-24 11:45:00-05:00,114.95,115.005,114.79,114.79,37543.89
2026-02-24 11:50:00-05:00,114.89,114.96,114.79,114.7901,16377.36
2026-02-24 11:55:00-05:00,114.85,115.15,114.85,115.08,42504.44
2026-02-24 12:00:00-05:00,115.15,115.185,115,115,23917.05
2026-02-24 12:05:00-05:00,115.07,115.1299,114.86,114.995,26670.38
2026-02-24 12:10:00-05:00,115.05,115.0893,114.99,115.085,21173.13
2026-02-24 12:15:00-05:00,115.09,115.1835,114.97,115.14,30467.16
2026-02-24 12:20:00-05:00,115.155,115.17,115.02,115.085,21967.01
2026-02-24 12:25:00-05:00,115.095,115.15,114.99,115,20014.32
2026-02-24 12:30:00-05:00,115,115.11,115,115.02,21195.31
2026-02-24 12:35:00-05:00,115.015,115.072,114.95,115.035,18814.65
2026-02-24 12:40:00-05:00,115.04,115.07,114.91,114.91,25080.94
2026-02-24 12:45:00-05:00,114.925,115.085,114.8601,115.085,19798.15
2026-02-24 12:50:00-05:00,115.04,115.1,115.02,115.0282,15190.01
2026-02-24 12:55:00-05:00,115.035,115.04,114.935,114.97,20376.31
2026-02-24 13:00:00-05:00,114.97,115.045,114.93,115.03,14752.81
2026-02-24 13:05:00-05:00,115,115.09,114.97,114.98,35935.14
2026-02-24 13:10:00-05:00,114.98,115.095,114.95,115.01,20420.14
2026-02-24 13:15:00-05:00,115.0394,115.12,115.01,115.045,22876.74
2026-02-24 13:20:00-05:00,115.045,115.075,115.01,115.07,17181.07
2026-02-24 13:25:00-05:00,115.12,115.185,115.0401,115.145,19422.54
2026-02-24 13:30:00-05:00,115.145,115.2302,115.105,115.105,17772.61
2026-02-24 13:35:00-05:00,115.08,115.17,115.08,115.09,14538.69
2026-02-24 13:40:00-05:00,115.11,115.22,115.11,115.2,19525.61
2026-02-24 13:45:00-05:00,115.23,115.3286,115.22,115.3286,13100.99
2026-02-24 13:50:00-05:00,115.32,115.415,115.26,115.32,23235.53
2026-02-24 13:55:00-05:00,115.34,115.37,115.25,115.275,18532.23
2026-02-24 14:00:00-05:00,115.275,115.325,115.26,115.325,19589.23
2026-02-24 14:05:00-05:00,115.325,115.35,115.13,115.195,28973.34
2026-02-24 14:10:00-05:00,115.17,115.21,115.04,115.04,20697.23
2026-02-24 14:15:00-05:00,115.02,115.09,114.81,114.945,38668.47
2026-02-24 14:20:00-05:00,114.96,114.9625,114.78,114.91,14797.88
2026-02-24 14:25:00-05:00,114.95,114.99,114.87,114.87,24878.06
2026-02-24 14:30:00-05:00,114.89,115.09,114.89,115.025,18903.43
2026-02-24 14:35:00-05:00,115.03,115.04,114.94,114.975,23322.65
2026-02-24 14:40:00-05:00,114.975,114.975,114.86,114.915,39637.09
2026-02-24 14:45:00-05:00,114.9,114.93,114.83,114.855,36264.27
2026-02-24 14:50:00-05:00,114.855,115.1,114.8447,115.01,30755.40
2026-02-24 14:55:00-05:00,115.035,115.2,115.035,115.15,39253.30
2026-02-24 15:00:00-05:00,115.12,115.18,115.08,115.16,33656.28
2026-02-24 15:05:00-05:00,115.16,115.16,114.94,114.96,24502.26
2026-02-24 15:10:00-05:00,114.96,115.145,114.9104,115.06,33970.25
2026-02-24 15:15:00-05:00,115.0625,115.095,114.9701,115.015,33965.65
2026-02-24 15:20:00-05:00,115.02,115.06,114.93,114.945,51465.99
2026-02-24 15:25:00-05:00,114.945,115.075,114.93,114.97,45674.64
2026-02-24 15:30:00-05:00,114.965,115.105,114.96,115.105,62314.75
2026-02-24 15:35:00-05:00,115.09,115.14,115.05,115.07,80206.45
2026-02-24 15:40:00-05:00,115.075,115.115,114.98,115.06,60753.27
2026-02-24 15:45:00-05:00,115.045,115.19,115.029,115.175,91449.77
2026-02-24 15:50:00-05:00,115.18,115.41,115.1,115.17,209542.14
2026-02-24 15:55:00-05:00,115.17,115.58,115.04,115.51,405926.92
2026-02-25 09:30:00-05:00,115.75,116,115.04,115.12,74135.69
2026-02-25 09:35:00-05:00,115.115,115.6455,114.8939,115.34,63732.78
2026-02-25 09:40:00-05:00,115.385,115.44,115,115.205,46558.31
2026-02-25 09:45:00-05:00,115.12,115.16,114.65,114.89,59207.86
2026-02-25 09:50:00-05:00,114.95,115.25,114.825,115,43615.88
2026-02-25 09:55:00-05:00,114.95,114.95,114.66,114.82,56408.31
2026-02-25 10:00:00-05:00,114.82,115.055,114.61,114.795,71864.22
2026-02-25 10:05:00-05:00,114.8,114.94,114.7,114.895,33069.72
2026-02-25 10:10:00-05:00,114.86,114.95,114.68,114.74,41625.47
2026-02-25 10:15:00-05:00,114.82,114.95,114.69,114.715,36692.53
2026-02-25 10:20:00-05:00,114.6944,114.935,114.68,114.825,26757.65
2026-02-25 10:25:00-05:00,114.78,115.02,114.77,114.92,31201.09
2026-02-25 10:30:00-05:00,114.94,115.09,114.9,114.95,30458.90
2026-02-25 10:35:00-05:00,114.96,115.11,114.9201,115.01,36230.88
2026-02-25 10:40:00-05:00,115.02,115.05,114.88,114.9851,34456.23
2026-02-25 10:45:00-05:00,114.985,115.04,114.89,114.925,29236.51
2026-02-25 10:50:00-05:00,114.96,115.065,114.91,115.065,31527.92
2026-02-25 10:55:00-05:00,115.05,115.0651,114.955,114.955,26066.88
2026-02-25 11:00:00-05:00,114.95,115.115,114.95,115.03,30781.31
2026-02-25 11:05:00-05:00,115.02,115.44,115.02,115.35,75778.53
2026-02-25 11:10:00-05:00,115.405,115.5697,115.34,115.455,49578.00
2026-02-25 11:15:00-05:00,115.46,115.51,115.3201,115.43,43471.59
2026-02-25 11:20:00-05:00,115.46,115.495,115.41,115.475,46722.21
2026-02-25 11:25:00-05:00,115.5,115.5,115.2675,115.39,56573.85
2026-02-25 11:30:00-05:00,115.405,115.44,115.33,115.35,34566.07
2026-02-25 11:35:00-05:00,115.35,115.4099,115.255,115.36,43924.42
2026-02-25 11:40:00-05:00,115.36,115.395,115.2007,115.34,64735.73
2026-02-25 11:45:00-05:00,115.33,115.605,115.325,115.51,71538.17
2026-02-25 11:50:00-05:00,115.515,115.6423,115.46,115.55,81650.87
2026-02-25 11:55:00-05:00,115.53,115.66,115.4801,115.66,27915.63
2026-02-25 12:00:00-05:00,115.68,115.835,115.64,115.69,41525.34
2026-02-25 12:05:00-05:00,115.675,115.9,115.64,115.845,44995.07
2026-02-25 12:10:00-05:00,115.89,115.96,115.81,115.875,45628.93
2026-02-25 12:15:00-05:00,115.9,115.955,115.8,115.84,46968.95
2026-02-25 12:20:00-05:00,115.845,115.96,115.68,115.71,29200.76
2026-02-25 12:25:00-05:00,115.715,115.715,115.59,115.63,25902.48
2026-02-25 12:30:00-05:00,115.655,115.72,115.6,115.665,27581.56
2026-02-25 12:35:00-05:00,115.66,115.745,115.63,115.745,21380.45
2026-02-25 12:40:00-05:00,115.75,115.91,115.75,115.88,20935.59
2026-02-25 12:45:00-05:00,115.9,115.94,115.6433,115.69,42367.03
2026-02-25 12:50:00-05:00,115.71,115.85,115.71,115.83,41555.07
2026-02-25 12:55:00-05:00,115.85,115.89,115.83,115.845,21098.41
2026-02-25 13:00:00-05:00,115.8201,115.87,115.81,115.85,24897.45
2026-02-25 13:05:00-05:00,115.83,115.9,115.82,115.83,20791.51
2026-02-25 13:10:00-05:00,115.85,115.8582,115.65,115.69,39358.97
2026-02-25 13:15:00-05:00,115.7,115.7399,115.64,115.71,301447.59
2026-02-25 13:20:00-05:00,115.705,115.745,115.685,115.7126,19125.98
2026-02-25 13:25:00-05:00,115.715,115.78,115.68,115.78,23836.82
2026-02-25 13:30:00-05:00,115.78,115.985,115.76,115.9,37181.82
2026-02-25 13:35:00-05:00,115.905,115.98,115.905,115.96,24308.93
2026-02-25 13:40:00-05:00,115.96,116.04,115.94,116.03,44117.76
2026-02-25 13:45:00-05:00,116.03,116.06,115.99,115.99,33000.34
2026-02-25 13:50:00-05:00,116.01,116.025,115.93,116,38319.17
2026-02-25 13:55:00-05:00,116,116.015,115.86,115.98,68158.23
2026-02-25 14:00:00-05:00,116.005,116.04,115.93,115.99,37567.16
2026-02-25 14:05:00-05:00,116,116.035,115.94,115.995,32854.39
2026-02-25 14:10:00-05:00,115.995,115.995,115.75,115.78,47105.15
2026-02-25 14:15:00-05:00,115.8,115.9,115.78,115.895,37216.52
2026-02-25 14:20:00-05:00,115.895,115.96,115.87,115.96,21762.54
2026-02-25 14:25:00-05:00,115.965,115.97,115.795,115.84,24946.86
2026-02-25 14:30:00-05:00,115.86,115.97,115.83,115.97,23890.50
2026-02-25 14:35:00-05:00,115.99,116.11,115.98,116.05,56567.88
2026-02-25 14:40:00-05:00,116.07,116.15,115.91,115.945,83002.96
2026-02-25 14:45:00-05:00,115.96,115.975,115.91,115.91,20396.53
2026-02-25 14:50:00-05:00,115.92,116.01,115.86,115.86,35445.77
2026-02-25 14:55:00-05:00,115.865,115.865,115.74,115.74,25669.94
2026-02-25 15:00:00-05:00,115.745,115.81,115.695,115.77,27341.62
2026-02-25 15:05:00-05:00,115.79,115.82,115.66,115.69,21733.53
2026-02-25 15:10:00-05:00,115.69,115.875,115.67,115.8725,37004.52
2026-02-25 15:15:00-05:00,115.85,115.89,115.72,115.785,83950.87
2026-02-25 15:20:00-05:00,115.785,115.9,115.78,115.9,23235.17
2026-02-25 15:25:00-05:00,115.895,115.91,115.72,115.72,70520.43
2026-02-25 15:30:00-05:00,115.735,115.805,115.7,115.78,33801.35
2026-02-25 15:35:00-05:00,115.81,115.89,115.77,115.83,41262.29
2026-02-25 15:40:00-05:00,115.81,115.885,115.8,115.88,36947.40
2026-02-25 15:45:00-05:00,115.88,116.09,115.88,116.075,48966.66
2026-02-25 15:50:00-05:00,116.08,116.46,116.065,116.31,147188.20
2026-02-25 15:55:00-05:00,116.3,116.48,116.26,116.42,257408.48
2026-02-26 09:30:00-05:00,117.48,118.7,117.42,118.3,244079.50
2026-02-26 09:35:00-05:00,118.33,118.405,117.35,117.39,66984.85
2026-02-26 09:40:00-05:00,117.44,117.575,116.9501,117.24,41659.40
2026-02-26 09:45:00-05:00,117.27,117.495,116.99,117.05,51176.54
2026-02-26 09:50:00-05:00,117.05,117.39,116.84,116.93,55189.72
2026-02-26 09:55:00-05:00,116.91,117.03,116.5,116.585,38932.53
2026-02-26 10:00:00-05:00,116.585,116.865,116.44,116.555,60974.72
2026-02-26 10:05:00-05:00,116.49,116.69,116.4,116.63,68727.22
2026-02-26 10:10:00-05:00,116.545,116.64,116.26,116.28,62791.71
2026-02-26 10:15:00-05:00,116.25,116.36,115.9404,116.01,93770.74
2026-02-26 10:20:00-05:00,116.055,116.0567,115.67,115.67,55279.18
2026-02-26 10:25:00-05:00,115.71,115.71,115.27,115.42,57379.95
2026-02-26 10:30:00-05:00,115.38,115.405,115.02,115.34,66497.89
2026-02-26 10:35:00-05:00,115.34,115.42,115.1,115.21,29756.97
2026-02-26 10:40:00-05:00,115.22,115.31,114.81,114.865,48526.52
2026-02-26 10:45:00-05:00,114.83,115.165,114.83,115.11,32369.45
2026-02-26 10:50:00-05:00,115.1,115.655,115.1,115.51,72968.04
2026-02-26 10:55:00-05:00,115.48,115.63,115.39,115.39,16651.28
2026-02-26 11:00:00-05:00,115.4,115.52,115.27,115.28,24076.22
2026-02-26 11:05:00-05:00,115.28,115.28,115.15,115.15,20966.72
2026-02-26 11:10:00-05:00,115.13,115.13,114.75,114.89,24685.78
2026-02-26 11:15:00-05:00,114.875,114.89,114.57,114.6,48226.96
2026-02-26 11:20:00-05:00,114.66,114.83,114.625,114.66,50490.85
2026-02-26 11:25:00-05:00,114.68,114.75,114.59,114.7188,38478.55
2026-02-26 11:30:00-05:00,114.75,114.83,114.39,114.53,56122.23
2026-02-26 11:35:00-05:00,114.53,114.71,114.42,114.43,43616.24
2026-02-26 11:40:00-05:00,114.39,114.7,114.385,114.63,41639.92
2026-02-26 11:45:00-05:00,114.61,114.81,114.55,114.69,38707.33
2026-02-26 11:50:00-05:00,114.65,114.84,114.63,114.75,23861.77
2026-02-26 11:55:00-05:00,114.79,114.95,114.7201,114.7387,28259.03
2026-02-26 12:00:00-05:00,114.76,114.8,114.6092,114.61,27662.29
2026-02-26 12:05:00-05:00,114.61,114.74,114.53,114.55,23888.67
2026-02-26 12:10:00-05:00,114.55,114.76,114.53,114.55,43775.32
2026-02-26 12:15:00-05:00,114.52,114.5999,114.36,114.49,35770.36
2026-02-26 12:20:00-05:00,114.49,114.55,114.31,114.33,31971.09
2026-02-26 12:25:00-05:00,114.34,114.43,114.19,114.3075,31169.78
2026-02-26 12:30:00-05:00,114.29,114.375,114.22,114.37,19983.03
2026-02-26 12:35:00-05:00,114.375,114.41,114.16,114.29,19486.02
2026-02-26 12:40:00-05:00,114.27,114.29,114.16,114.2,22054.68
2026-02-26 12:45:00-05:00,114.2104,114.28,114.17,114.24,25441.65
2026-02-26 12:50:00-05:00,114.23,114.41,114.22,114.37,22268.71
2026-02-26 12:55:00-05:00,114.34,114.355,114.15,114.15,21236.35
2026-02-26 13:00:00-05:00,114.15,114.17,113.96,114.01,34222.37
2026-02-26 13:05:00-05:00,114.01,114.06,113.96,114.045,18794.06
2026-02-26 13:10:00-05:00,114.045,114.22,114.03,114.22,38987.14
2026-02-26 13:15:00-05:00,114.198,114.24,114.05,114.21,26443.82
2026-02-26 13:20:00-05:00,114.18,114.2199,114.0759,114.09,19879.23
2026-02-26 13:25:00-05:00,114.105,114.26,114.07,114.23,33199.20
2026-02-26 13:30:00-05:00,114.23,114.47,114.2,114.46,25895.67
2026-02-26 13:35:00-05:00,114.47,114.67,114.4,114.665,30052.45
2026-02-26 13:40:00-05:00,114.63,114.715,114.56,114.63,22152.12
2026-02-26 13:45:00-05:00,114.66,114.72,114.51,114.69,26958.76
2026-02-26 13:50:00-05:00,114.7,114.8485,114.65,114.82,18528.11
2026-02-26 13:55:00-05:00,114.8,114.85,114.76,114.785,24828.77
2026-02-26 14:00:00-05:00,114.79,114.79,114.72,114.77,25872.85
2026-02-26 14:05:00-05:00,114.79,114.81,114.69,114.7599,26503.62
2026-02-26 14:10:00-05:00,114.74,114.8678,114.72,114.8,21487.93
2026-02-26 14:15:00-05:00,114.83,114.97,114.81,114.925,32581.89
2026-02-26 14:20:00-05:00,114.9,115.1,114.87,115.08,31585.33
2026-02-26 14:25:00-05:00,115.07,115.1099,114.9,114.9,23387.34
2026-02-26 14:30:00-05:00,114.92,115.06,114.91,115.035,26742.95
2026-02-26 14:35:00-05:00,115.06,115.13,114.97,115.015,35328.18
2026-02-26 14:40:00-05:00,115,115.04,114.72,114.72,36493.46
2026-02-26 14:45:00-05:00,114.73,114.73,114.51,114.68,23019.48
2026-02-26 14:50:00-05:00,114.7,114.71,114.53,114.533,25089.17
2026-02-26 14:55:00-05:00,114.53,114.5585,114.46,114.51,29858.58
2026-02-26 15:00:00-05:00,114.49,114.58,114.47,114.58,26682.64
2026-02-26 15:05:00-05:00,114.58,114.765,114.57,114.74,73083.11
2026-02-26 15:10:00-05:00,114.72,114.86,114.67,114.76,39071.96
2026-02-26 15:15:00-05:00,114.77,114.78,114.4701,114.72,96200.73
2026-02-26 15:20:00-05:00,114.735,114.8,114.67,114.74,39832.18
2026-02-26 15:25:00-05:00,114.73,114.86,114.65,114.86,47607.27
2026-02-26 15:30:00-05:00,114.88,114.88,114.6904,114.72,65163.64
2026-02-26 15:35:00-05:00,114.74,114.82,114.69,114.69,44826.16
2026-02-26 15:40:00-05:00,114.69,114.79,114.665,114.74,38215.74
2026-02-26 15:45:00-05:00,114.74,114.775,114.57,114.59,59260.64
2026-02-26 15:50:00-05:00,114.59,114.64,114.42,114.64,103654.78
2026-02-26 15:55:00-05:00,114.65,114.835,114.64,114.8,266033.48
2026-02-27 09:30:00-05:00,113,113.6825,111.11,111.51,316724.32
2026-02-27 09:35:00-05:00,111.7,112.43,111.13,112.28,166126.02
2026-02-27 09:40:00-05:00,112.3311,112.44,111.945,112.13,110146.15
2026-02-27 09:45:00-05:00,112.17,113.17,111.97,113.15,94311.03
2026-02-27 09:50:00-05:00,113.14,113.34,112.94,113.34,55748.53
2026-02-27 09:55:00-05:00,113.29,113.5,112.63,112.66,94113.15
2026-02-27 10:00:00-05:00,112.62,113.45,112.52,113.3,82243.39
2026-02-27 10:05:00-05:00,113.29,113.295,112.91,113.095,49487.71
2026-02-27 10:10:00-05:00,113.095,113.25,112.84,112.88,46996.78
2026-02-27 10:15:00-05:00,112.88,112.895,112.61,112.83,36788.40
2026-02-27 10:20:00-05:00,112.83,113.14,112.83,112.96,82710.28
2026-02-27 10:25:00-05:00,112.94,113.1099,112.91,112.92,60832.38
2026-02-27 10:30:00-05:00,112.94,113.09,112.87,113.06,89251.99
2026-02-27 10:35:00-05:00,113.06,113.34,113,113.2,64576.53
2026-02-27 10:40:00-05:00,113.21,113.48,113.19,113.38,52537.96
2026-02-27 10:45:00-05:00,113.395,113.49,113.24,113.3,36091.11
2026-02-27 10:50:00-05:00,113.295,113.375,113.18,113.18,45025.83
2026-02-27 10:55:00-05:00,113.1,113.2,112.95,113.015,45706.67
2026-02-27 11:00:00-05:00,113.015,113.48,112.97,113.27,81608.00
2026-02-27 11:05:00-05:00,113.21,113.435,113.21,113.28,25393.27
2026-02-27 11:10:00-05:00,113.27,113.375,113.14,113.28,37154.04
2026-02-27 11:15:00-05:00,113.26,113.4297,113.21,113.39,18804.27
2026-02-27 11:20:00-05:00,113.37,113.58,113.33,113.57,30063.91
2026-02-27 11:25:00-05:00,113.56,113.71,113.55,113.555,41148.04
2026-02-27 11:30:00-05:00,113.555,113.7,113.483,113.68,38943.86
2026-02-27 11:35:00-05:00,113.69,113.75,113.59,113.6341,31037.93
2026-02-27 11:40:00-05:00,113.6,113.64,113.49,113.63,25788.87
2026-02-27 11:45:00-05:00,113.61,113.645,113.37,113.42,25379.97
2026-02-27 11:50:00-05:00,113.42,113.535,113.39,113.51,24405.16
2026-02-27 11:55:00-05:00,113.52,113.61,113.35,113.37,19373.09
2026-02-27 12:00:00-05:00,113.39,113.49,113.29,113.46,43090.16
2026-02-27 12:05:00-05:00,113.47,113.6,113.47,113.54,31885.61
2026-02-27 12:10:00-05:00,113.53,113.59,113.49,113.51,21290.78
2026-02-27 12:15:00-05:00,113.5,113.5195,113.3,113.3,104955.38
2026-02-27 12:20:00-05:00,113.29,113.395,113.195,113.395,30510.48
2026-02-27 12:25:00-05:00,113.39,113.565,113.37,113.4,34708.16
2026-02-27 12:30:00-05:00,113.38,113.38,113.05,113.19,29798.41
2026-02-27 12:35:00-05:00,113.185,113.27,113,113.02,30452.23
2026-02-27 12:40:00-05:00,113.045,113.09,112.85,112.85,47925.76
2026-02-27 12:45:00-05:00,112.84,112.86,112.65,112.67,59450.49
2026-02-27 12:50:00-05:00,112.685,113.04,112.65,113.02,52746.85
2026-02-27 12:55:00-05:00,113,113.12,112.98,113.11,25873.05
2026-02-27 13:00:00-05:00,113.11,113.15,113.08,113.09,28275.19
2026-02-27 13:05:00-05:00,113.08,113.15,113.04,113.1,22145.24
2026-02-27 13:10:00-05:00,113.085,113.222,113.07,113.2,19538.59
2026-02-27 13:15:00-05:00,113.2,113.255,113.14,113.14,26069.93
2026-02-27 13:20:00-05:00,113.155,113.2486,113.09,113.14,30454.91
2026-02-27 13:25:00-05:00,113.16,113.22,113.07,113.07,28146.71
2026-02-27 13:30:00-05:00,113.07,113.07,112.85,112.95,45804.15
2026-02-27 13:35:00-05:00,112.95,113.01,112.85,112.96,32989.27
2026-02-27 13:40:00-05:00,112.98,113.15,112.98,113.12,21371.45
2026-02-27 13:45:00-05:00,113.08,113.085,112.99,113,19211.46
2026-02-27 13:50:00-05:00,113.005,113.08,112.97,113.02,17329.98
2026-02-27 13:55:00-05:00,113.01,113.04,112.83,112.87,30031.17
2026-02-27 14:00:00-05:00,112.84,113.11,112.84,113.09,30162.18
2026-02-27 14:05:00-05:00,113.07,113.07,112.94,112.98,25276.12
2026-02-27 14:10:00-05:00,112.98,113.09,112.96,113.07,32780.79
2026-02-27 14:15:00-05:00,113.06,113.1,112.9,112.92,29031.28
2026-02-27 14:20:00-05:00,112.9,112.97,112.86,112.87,25125.79
2026-02-27 14:25:00-05:00,112.89,113.01,112.85,112.88,45888.93
2026-02-27 14:30:00-05:00,112.88,112.9,112.74,112.83,28202.91
2026-02-27 14:35:00-05:00,112.845,113.01,112.845,113.01,28292.92
2026-02-27 14:40:00-05:00,112.99,113.065,112.9,113.065,38810.57
2026-02-27 14:45:00-05:00,113.08,113.26,112.98,112.99,42235.65
2026-02-27 14:50:00-05:00,112.98,112.99,112.81,112.81,20409.37
2026-02-27 14:55:00-05:00,112.815,112.83,112.671,112.71,32352.00
2026-02-27 15:00:00-05:00,112.72,112.98,112.72,112.96,42719.40
2026-02-27 15:05:00-05:00,112.9791,113.045,112.91,112.91,30553.38
2026-02-27 15:10:00-05:00,112.89,113.219,112.88,113.2,51010.28
2026-02-27 15:15:00-05:00,113.21,113.45,113.21,113.41,41523.61
2026-02-27 15:20:00-05:00,113.4,113.505,113.3,113.41,49435.83
2026-02-27 15:25:00-05:00,113.41,113.46,113.37,113.38,44813.25
2026-02-27 15:30:00-05:00,113.38,113.53,113.32,113.44,69488.44
2026-02-27 15:35:00-05:00,113.435,113.435,113.13,113.2,65926.53
2026-02-27 15:40:00-05:00,113.21,113.42,113.17,113.381,259029.15
2026-02-27 15:45:00-05:00,113.4,113.55,113.3,113.53,98676.52
2026-02-27 15:50:00-05:00,113.53,113.88,113.415,113.58,178823.15
2026-02-27 15:55:00-05:00,113.6,113.81,113.5101,113.77,421807.65
